timestamp,pm25,temperature,humidity,pressure,wind_speed,wind_direction,rainfall,hour,day_of_week,month,pm25_lag_1,pm25_lag_3,pm25_lag_6,pm25_lag_12,pm25_lag_24,pm25_lag_48,pm25_rolling_mean_6,pm25_rolling_mean_12,pm25_rolling_mean_24
2026-02-26 00:00:00,12.0,19.5,62,949.2,4.5,247,0.0,0,3,2,12.0,12.0,34.4,52.8,16.5,31.3,24.03333333333333,33.44166666666667,37.55
2026-02-26 01:00:00,12.0,19.0,64,949.6,2.8,235,0.0,1,3,2,12.0,20.7,23.6,31.4,12.0,39.3,20.3,30.041666666666668,37.3625
2026-02-26 02:00:00,16.1,19.5,62,950.4,4.3,237,0.0,2,3,2,12.0,12.0,41.5,52.8,22.7,28.8,18.366666666666667,28.425,37.3625
2026-02-26 03:00:00,33.7,22.1,51,951.4,3.7,256,0.0,3,3,2,16.1,12.0,12.0,24.7,33.5,26.4,14.133333333333333,25.36666666666667,37.0875
2026-02-26 04:00:00,34.2,25.4,36,952.3,4.4,291,0.0,4,3,2,33.7,12.0,20.7,31.6,48.4,22.6,17.75,26.11666666666667,37.09583333333333
2026-02-26 05:00:00,22.6,27.9,26,952.1,6.6,303,0.0,5,3,2,34.2,16.1,12.0,63.8,44.0,40.7,20.0,26.333333333333332,36.50416666666666
2026-02-26 06:00:00,56.8,29.2,21,951.6,5.6,297,0.0,6,3,2,22.6,33.7,12.0,34.4,43.5,24.7,21.766666666666666,22.900000000000002,35.6125
2026-02-26 07:00:00,50.8,31.0,18,950.7,6.6,283,0.0,7,3,2,56.8,34.2,12.0,23.6,62.9,27.5,29.233333333333334,24.766666666666666,36.166666666666664
2026-02-26 08:00:00,51.6,31.8,18,949.6,8.7,278,0.0,8,3,2,50.8,22.6,16.1,41.5,58.8,61.6,35.699999999999996,27.03333333333333,35.6625
2026-02-26 09:00:00,55.6,31.9,19,948.6,11.1,287,0.0,9,3,2,51.6,56.8,33.7,12.0,79.9,77.1,41.61666666666667,27.875,35.362500000000004
2026-02-26 10:00:00,58.9,31.5,22,948.0,13.7,297,0.0,10,3,2,55.6,50.8,34.2,20.7,44.7,93.0,45.26666666666667,31.50833333333333,34.35
2026-02-26 11:00:00,32.6,30.9,24,947.7,13.8,296,0.0,11,3,2,58.9,51.6,22.6,12.0,33.0,67.7,49.38333333333333,34.69166666666667,34.94166666666667
2026-02-26 12:00:00,46.0,29.7,25,947.5,14.9,285,0.0,12,3,2,32.6,55.6,56.8,12.0,52.8,92.6,51.04999999999999,36.40833333333333,34.925000000000004
2026-02-26 13:00:00,46.4,28.0,30,947.8,14.6,284,0.0,13,3,2,46.0,58.9,50.8,12.0,31.4,87.1,49.25,39.24166666666667,34.64166666666667
2026-02-26 14:00:00,33.0,26.2,39,948.3,14.5,281,0.0,14,3,2,46.4,32.6,51.6,16.1,52.8,74.6,48.51666666666667,42.108333333333334,35.266666666666666
2026-02-26 15:00:00,34.1,24.7,47,948.9,11.6,265,0.0,15,3,2,33.0,46.0,55.6,33.7,24.7,44.8,45.416666666666664,43.51666666666666,34.44166666666667
2026-02-26 16:00:00,59.0,23.3,56,949.5,10.3,248,0.0,16,3,2,34.1,46.4,58.9,34.2,31.6,40.7,41.833333333333336,43.550000000000004,34.833333333333336
2026-02-26 17:00:00,34.9,22.1,66,949.0,10.7,258,0.0,17,3,2,59.0,33.0,32.6,22.6,63.8,44.6,41.85,45.61666666666667,35.975
2026-02-26 18:00:00,21.7,21.0,75,949.0,9.5,256,0.0,18,3,2,34.9,34.1,46.0,56.8,34.4,35.3,42.23333333333333,46.64166666666666,34.770833333333336
2026-02-26 19:00:00,30.0,20.4,79,948.1,9.9,251,0.0,19,3,2,21.7,59.0,46.4,50.8,23.6,47.2,38.18333333333333,43.71666666666667,34.24166666666667
2026-02-26 20:00:00,40.4,19.9,78,947.6,10.1,254,0.0,20,3,2,30.0,34.9,33.0,51.6,41.5,27.3,35.449999999999996,41.983333333333334,34.50833333333333
2026-02-26 21:00:00,18.6,19.4,74,946.9,9.3,255,0.0,21,3,2,40.4,21.7,34.1,55.6,12.0,32.9,36.68333333333333,41.05,34.4625
2026-02-26 22:00:00,12.0,18.9,72,946.5,7.9,257,0.0,22,3,2,18.6,30.0,59.0,58.9,20.7,26.8,34.1,37.96666666666667,34.7375
2026-02-26 23:00:00,12.0,18.4,69,946.4,7.2,252,0.0,23,3,2,12.0,40.4,34.9,32.6,12.0,15.8,26.266666666666666,34.05833333333333,34.375
2026-02-27 00:00:00,12.0,18.3,68,946.8,7.6,256,0.0,0,4,2,12.0,18.6,21.7,46.0,12.0,16.5,22.45,32.34166666666667,34.375
2026-02-27 01:00:00,12.0,18.1,66,947.3,6.7,264,0.0,1,4,2,12.0,12.0,30.0,46.4,12.0,12.0,20.833333333333332,29.508333333333336,34.375
2026-02-27 02:00:00,12.0,18.2,64,948.1,7.6,256,0.0,2,4,2,12.0,12.0,40.4,33.0,16.1,22.7,17.833333333333332,26.641666666666666,34.375
2026-02-27 03:00:00,12.0,20.5,53,949.4,6.7,268,0.0,3,4,2,12.0,12.0,18.6,34.1,33.7,33.5,13.1,24.891666666666666,34.204166666666666
2026-02-27 04:00:00,22.3,23.4,42,950.1,8.5,282,0.0,4,4,2,12.0,12.0,12.0,59.0,34.2,48.4,12.0,23.05,33.3
2026-02-27 05:00:00,16.2,26.3,35,950.4,9.9,286,0.0,5,4,2,22.3,12.0,12.0,34.9,22.6,44.0,13.716666666666667,19.991666666666664,32.80416666666667
2026-02-27 06:00:00,21.9,28.5,28,950.1,13.3,283,0.0,6,4,2,16.2,12.0,12.0,21.7,56.8,43.5,14.416666666666666,18.433333333333334,32.5375
2026-02-27 07:00:00,28.4,30.2,23,949.1,14.4,278,0.0,7,4,2,21.9,22.3,12.0,30.0,50.8,62.9,16.066666666666666,18.45,31.083333333333332
2026-02-27 08:00:00,20.8,31.1,21,948.2,14.8,269,0.0,8,4,2,28.4,16.2,12.0,40.4,51.6,58.8,18.8,18.316666666666666,30.150000000000002
2026-02-27 09:00:00,37.1,31.2,21,947.3,15.9,264,0.0,9,4,2,20.8,21.9,12.0,18.6,55.6,79.9,20.266666666666666,16.683333333333334,28.866666666666664
2026-02-27 10:00:00,50.8,30.9,22,946.6,15.7,268,0.0,10,4,2,37.1,28.4,22.3,12.0,58.9,44.7,24.45,18.224999999999998,28.09583333333333
2026-02-27 11:00:00,49.6,30.0,24,946.4,15.5,269,0.0,11,4,2,50.8,20.8,16.2,12.0,32.6,33.0,29.2,21.458333333333332,27.75833333333333
2026-02-27 12:00:00,44.2,28.7,25,946.3,14.6,273,0.0,12,4,2,49.6,37.1,21.9,12.0,46.0,52.8,34.76666666666667,24.591666666666665,28.466666666666665
2026-02-27 13:00:00,46.8,26.9,27,946.6,14.8,280,0.0,13,4,2,44.2,50.8,28.4,12.0,46.4,31.4,38.483333333333334,27.275000000000002,28.391666666666666
2026-02-27 14:00:00,64.2,25.0,33,947.1,14.0,282,0.0,14,4,2,46.8,49.6,20.8,12.0,33.0,52.8,41.550000000000004,30.174999999999997,28.40833333333333
2026-02-27 15:00:00,48.9,23.6,40,947.6,11.2,276,0.0,15,4,2,64.2,44.2,37.1,12.0,34.1,24.7,48.78333333333333,34.525,29.708333333333332
2026-02-27 16:00:00,42.0,22.4,45,948.0,9.1,263,0.0,16,4,2,48.9,46.8,50.8,22.3,59.0,31.6,50.75,37.6,30.325
2026-02-27 17:00:00,41.4,21.3,51,947.7,8.3,269,0.0,17,4,2,42.0,64.2,49.6,16.2,34.9,63.8,49.28333333333333,39.24166666666667,29.616666666666664
2026-02-27 18:00:00,31.6,20.4,56,947.2,8.9,262,0.0,18,4,2,41.4,48.9,44.2,21.9,21.7,34.4,47.916666666666664,41.34166666666666,29.8875
2026-02-27 19:00:00,43.1,19.8,60,947.0,7.1,260,0.0,19,4,2,31.6,42.0,46.8,28.4,30.0,23.6,45.81666666666666,42.15,30.3
2026-02-27 20:00:00,26.8,19.1,61,946.5,5.6,263,0.0,20,4,2,43.1,41.4,64.2,20.8,40.4,41.5,45.199999999999996,43.375,30.845833333333335
2026-02-27 21:00:00,25.8,18.5,63,946.0,4.5,272,0.0,21,4,2,26.8,31.6,48.9,37.1,18.6,12.0,38.96666666666667,43.875,30.279166666666665
2026-02-27 22:00:00,12.0,18.0,63,945.6,6.1,275,0.0,22,4,2,25.8,43.1,42.0,50.8,12.0,20.7,35.11666666666667,42.93333333333334,30.57916666666667
2026-02-27 23:00:00,13.1,17.4,63,945.4,6.7,273,0.0,23,4,2,12.0,26.8,41.4,49.6,12.0,12.0,30.116666666666664,39.699999999999996,30.57916666666667
2026-02-28 00:00:00,12.0,16.9,73,945.4,6.5,267,0.0,0,5,2,13.1,25.8,31.6,44.2,12.0,12.0,25.400000000000002,36.65833333333334,30.625
2026-02-28 01:00:00,12.0,16.8,74,945.8,6.5,256,0.0,1,5,2,12.0,12.0,43.1,46.8,12.0,12.0,22.13333333333333,33.975,30.625
2026-02-28 02:00:00,19.0,17.2,73,946.7,7.0,249,0.0,2,5,2,12.0,13.1,26.8,64.2,12.0,16.1,16.95,31.075000000000003,30.625
2026-02-28 03:00:00,27.9,19.7,62,948.3,3.8,265,0.0,3,5,2,19.0,12.0,25.8,48.9,12.0,33.7,15.65,27.308333333333337,30.916666666666668
2026-02-28 04:00:00,38.4,22.5,47,949.2,5.6,292,0.0,4,5,2,27.9,12.0,12.0,42.0,22.3,34.2,16.0,25.558333333333334,31.57916666666667
2026-02-28 05:00:00,34.3,25.0,39,949.5,6.3,294,0.0,5,5,2,38.4,19.0,13.1,41.4,16.2,22.6,20.4,25.258333333333336,32.25
2026-02-28 06:00:00,40.5,27.2,31,949.2,8.5,274,0.0,6,5,2,34.3,27.9,12.0,31.6,21.9,56.8,23.933333333333334,24.666666666666668,33.00416666666667
2026-02-28 07:00:00,27.7,29.7,21,948.4,9.6,264,0.0,7,5,2,40.5,38.4,12.0,43.1,28.4,50.8,28.683333333333334,25.40833333333333,33.77916666666666
2026-02-28 08:00:00,45.0,30.9,18,947.5,10.9,251,0.0,8,5,2,27.7,34.3,19.0,26.8,20.8,51.6,31.299999999999997,24.124999999999996,33.75
2026-02-28 09:00:00,52.2,31.4,19,946.8,12.8,244,0.0,9,5,2,45.0,40.5,27.9,25.8,37.1,55.6,35.63333333333333,25.64166666666667,34.75833333333333
2026-02-28 10:00:00,69.7,31.2,21,946.3,13.4,246,0.0,10,5,2,52.2,27.7,38.4,12.0,50.8,58.9,39.68333333333333,27.84166666666667,35.387499999999996
2026-02-28 11:00:00,57.3,30.3,24,946.1,14.1,249,0.0,11,5,2,69.7,45.0,34.3,13.1,49.6,32.6,44.9,32.65,36.175000000000004
2026-02-28 12:00:00,55.9,29.3,27,946.0,13.6,242,0.0,12,5,2,57.3,52.2,40.5,12.0,44.2,46.0,48.73333333333333,36.333333333333336,36.49583333333333
2026-02-28 13:00:00,65.5,27.9,32,946.3,11.8,246,0.0,13,5,2,55.9,69.7,27.7,12.0,46.8,46.4,51.300000000000004,39.99166666666667,36.983333333333334
2026-02-28 14:00:00,71.2,26.3,40,946.9,11.7,261,0.0,14,5,2,65.5,57.3,45.0,19.0,64.2,33.0,57.6,44.449999999999996,37.762499999999996
2026-02-28 15:00:00,56.8,24.0,55,947.7,12.4,273,0.0,15,5,2,71.2,55.9,52.2,27.9,48.9,34.1,61.96666666666667,48.800000000000004,38.05416666666667
2026-02-28 16:00:00,29.1,22.3,62,948.4,11.6,277,0.0,16,5,2,56.8,65.5,69.7,38.4,42.0,59.0,62.73333333333334,51.208333333333336,38.38333333333333
2026-02-28 17:00:00,44.0,21.2,67,948.5,9.6,276,0.0,17,5,2,29.1,71.2,57.3,34.3,41.4,34.9,55.96666666666667,50.43333333333334,37.84583333333333
2026-02-28 18:00:00,49.8,20.4,72,948.6,7.6,271,0.0,18,5,2,44.0,56.8,55.9,40.5,31.6,21.7,53.75,51.24166666666667,37.954166666666666
2026-02-28 19:00:00,34.6,19.8,76,948.3,5.4,268,0.0,19,5,2,49.8,29.1,65.5,27.7,43.1,30.0,52.73333333333333,52.01666666666666,38.7125
2026-02-28 20:00:00,30.1,19.3,79,947.6,3.5,242,0.0,20,5,2,34.6,44.0,71.2,45.0,26.8,40.4,47.583333333333336,52.59166666666667,38.35833333333333
2026-02-28 21:00:00,22.4,18.9,80,947.1,3.1,234,0.0,21,5,2,30.1,49.8,56.8,52.2,25.8,18.6,40.733333333333334,51.35,38.49583333333333
2026-02-28 22:00:00,12.0,18.5,83,946.5,3.7,235,0.0,22,5,2,22.4,34.6,29.1,69.7,12.0,12.0,35.0,48.86666666666667,38.354166666666664
2026-02-28 23:00:00,14.2,17.9,86,946.3,5.4,244,0.0,23,5,2,12.0,30.1,44.0,57.3,13.1,12.0,32.15,44.05833333333334,38.354166666666664
2026-03-01 00:00:00,12.0,17.4,89,946.2,5.8,248,0.0,0,6,3,14.2,22.4,49.8,55.9,12.0,12.0,27.183333333333334,40.46666666666666,38.4
2026-03-01 01:00:00,12.0,17.2,88,946.8,5.0,251,0.0,1,6,3,12.0,12.0,34.6,65.5,12.0,12.0,20.883333333333333,36.80833333333333,38.4
2026-03-01 02:00:00,29.3,17.4,85,947.7,4.7,247,0.0,2,6,3,12.0,14.2,30.1,71.2,19.0,12.0,17.116666666666667,32.35,38.4
2026-03-01 03:00:00,42.0,19.9,66,949.1,2.6,282,0.0,3,6,3,29.3,12.0,22.4,56.8,27.9,12.0,16.98333333333333,28.858333333333334,38.82916666666667
2026-03-01 04:00:00,37.8,23.0,48,950.3,3.0,327,0.0,4,6,3,42.0,12.0,12.0,29.1,38.4,22.3,20.25,27.625,39.416666666666664
2026-03-01 05:00:00,37.5,26.1,35,950.7,3.5,345,0.0,5,6,3,37.8,29.3,14.2,44.0,34.3,16.2,24.55,28.349999999999998,39.391666666666666
2026-03-01 06:00:00,48.3,27.9,30,950.0,1.9,338,0.0,6,6,3,37.5,42.0,12.0,49.8,40.5,21.9,28.433333333333337,27.808333333333334,39.525
2026-03-01 07:00:00,73.7,30.6,25,949.6,3.3,283,0.0,7,6,3,48.3,37.8,12.0,34.6,27.7,28.4,34.483333333333334,27.683333333333337,39.85
2026-03-01 08:00:00,61.3,32.1,24,948.6,5.4,278,0.0,8,6,3,73.7,37.5,29.3,30.1,45.0,20.8,44.76666666666667,30.941666666666666,41.766666666666666
2026-03-01 09:00:00,62.3,33.5,21,947.6,8.1,276,0.0,9,6,3,61.3,48.3,42.0,22.4,52.2,37.1,50.1,33.541666666666664,42.44583333333333
2026-03-01 10:00:00,91.7,33.6,19,947.0,12.3,262,0.0,10,6,3,62.3,73.7,37.8,12.0,69.7,50.8,53.48333333333333,36.86666666666667,42.86666666666667
2026-03-01 11:00:00,57.0,32.7,20,946.8,13.5,258,0.0,11,6,3,91.7,61.3,37.5,14.2,57.3,49.6,62.46666666666666,43.50833333333333,43.78333333333333
2026-03-01 12:00:00,55.9,31.5,23,946.8,12.9,257,0.0,12,6,3,57.0,62.3,48.3,12.0,55.9,44.2,65.71666666666665,47.074999999999996,43.770833333333336
2026-03-01 13:00:00,71.3,29.7,31,947.2,11.7,280,0.0,13,6,3,55.9,91.7,73.7,12.0,65.5,46.8,66.98333333333333,50.73333333333333,43.770833333333336
2026-03-01 14:00:00,52.2,27.5,42,947.9,13.7,291,0.0,14,6,3,71.3,57.0,61.3,29.3,71.2,64.2,66.58333333333333,55.675000000000004,44.012499999999996
2026-03-01 15:00:00,59.3,25.8,50,948.7,9.0,275,0.0,15,6,3,52.2,55.9,62.3,42.0,56.8,48.9,65.06666666666668,57.58333333333332,43.22083333333333
2026-03-01 16:00:00,51.1,24.5,58,949.5,9.1,256,0.0,16,6,3,59.3,71.3,91.7,37.8,29.1,42.0,64.56666666666666,59.025000000000006,43.324999999999996
2026-03-01 17:00:00,32.6,23.5,63,949.6,7.2,257,0.0,17,6,3,51.1,52.2,57.0,37.5,44.0,41.4,57.79999999999999,60.13333333333333,44.24166666666667
2026-03-01 18:00:00,51.6,22.7,68,949.4,3.9,246,0.0,18,6,3,32.6,59.3,55.9,48.3,49.8,31.6,53.73333333333333,59.724999999999994,43.76666666666667
2026-03-01 19:00:00,42.5,22.0,72,949.3,6.3,250,0.0,19,6,3,51.6,51.1,71.3,73.7,34.6,43.1,53.01666666666666,60.0,43.84166666666667
2026-03-01 20:00:00,43.3,21.4,75,948.9,5.4,262,0.0,20,6,3,42.5,32.6,52.2,61.3,30.1,26.8,48.21666666666667,57.4,44.17083333333334
2026-03-01 21:00:00,12.0,20.6,78,948.2,5.1,280,0.0,21,6,3,43.3,51.6,59.3,62.3,22.4,25.8,46.73333333333334,55.900000000000006,44.72083333333333
2026-03-01 22:00:00,18.2,19.9,81,948.0,4.2,280,0.0,22,6,3,12.0,42.5,51.1,91.7,12.0,12.0,38.85,51.708333333333336,44.2875
2026-03-01 23:00:00,12.0,19.4,84,947.9,2.7,274,0.0,23,6,3,18.2,43.3,32.6,57.0,14.2,13.1,33.36666666666667,45.583333333333336,44.54583333333334
2026-03-02 00:00:00,20.6,19.0,87,948.0,1.5,249,0.0,0,0,3,12.0,12.0,51.6,55.9,12.0,12.0,29.933333333333337,41.833333333333336,44.45416666666667
2026-03-02 01:00:00,32.0,19.0,87,949.0,0.4,180,0.0,1,0,3,20.6,18.2,42.5,71.3,12.0,12.0,24.766666666666666,38.891666666666666,44.8125
2026-03-02 02:00:00,34.4,19.5,84,949.6,1.7,198,0.0,2,0,3,32.0,12.0,43.3,52.2,29.3,19.0,23.016666666666666,35.61666666666667,45.645833333333336
2026-03-02 03:00:00,37.4,22.2,66,951.0,1.6,6,0.0,3,0,3,34.4,20.6,12.0,59.3,42.0,27.9,21.53333333333333,34.13333333333333,45.85833333333334
2026-03-02 04:00:00,47.8,25.5,49,952.2,4.6,51,0.0,4,0,3,37.4,32.0,18.2,51.1,37.8,38.4,25.766666666666666,32.30833333333333,45.666666666666664
2026-03-02 05:00:00,23.3,28.5,35,952.6,7.3,59,0.0,5,0,3,47.8,34.4,12.0,32.6,37.5,34.3,30.7,32.03333333333333,46.083333333333336
2026-03-02 06:00:00,45.1,30.3,30,952.2,7.6,63,0.0,6,0,3,23.3,37.4,20.6,51.6,48.3,40.5,32.58333333333333,31.25833333333333,45.491666666666674
2026-03-02 07:00:00,65.6,32.3,26,951.5,5.6,68,0.0,7,0,3,45.1,47.8,32.0,42.5,73.7,27.7,36.666666666666664,30.71666666666667,45.35833333333333
2026-03-02 08:00:00,63.3,33.5,24,950.6,4.8,61,0.0,8,0,3,65.6,23.3,34.4,43.3,61.3,45.0,42.26666666666666,32.641666666666666,45.020833333333336
2026-03-02 09:00:00,67.9,34.3,22,949.5,6.4,43,0.0,9,0,3,63.3,45.1,37.4,12.0,62.3,52.2,47.083333333333336,34.30833333333333,45.104166666666664
2026-03-02 10:00:00,58.9,34.5,21,948.8,9.3,32,0.0,10,0,3,67.9,65.6,47.8,18.2,91.7,69.7,52.166666666666664,38.96666666666667,45.3375
2026-03-02 11:00:00,37.5,34.0,20,948.4,11.7,34,0.0,11,0,3,58.9,63.3,23.3,12.0,57.0,57.3,54.01666666666666,42.358333333333334,43.97083333333333
2026-03-02 12:00:00,75.8,33.2,19,948.4,11.1,39,0.0,12,0,3,37.5,67.9,45.1,20.6,55.9,55.9,56.383333333333326,44.48333333333333,43.15833333333333
2026-03-02 13:00:00,61.9,32.0,17,948.9,10.0,51,0.0,13,0,3,75.8,58.9,65.6,32.0,71.3,65.5,61.5,49.083333333333336,43.987500000000004
2026-03-02 14:00:00,86.5,30.7,19,949.2,3.4,32,0.0,14,0,3,61.9,37.5,63.3,34.4,52.2,71.2,60.883333333333326,51.574999999999996,43.59583333333333
2026-03-02 15:00:00,52.7,28.1,34,950.6,13.7,265,0.0,15,0,3,86.5,75.8,67.9,37.4,59.3,56.8,64.75,55.916666666666664,45.025
2026-03-02 16:00:00,42.9,25.7,55,951.4,7.5,287,0.0,16,0,3,52.7,61.9,58.9,47.8,51.1,29.1,62.21666666666667,57.19166666666667,44.75
2026-03-02 17:00:00,42.7,25.2,57,951.6,7.6,271,0.0,17,0,3,42.9,86.5,37.5,23.3,32.6,44.0,59.550000000000004,56.78333333333333,44.40833333333333
2026-03-02 18:00:00,58.0,24.4,59,951.4,6.1,236,0.0,18,0,3,42.7,52.7,75.8,45.1,51.6,49.8,60.416666666666664,58.4,44.82916666666667
2026-03-02 19:00:00,32.7,24.1,60,951.1,5.3,232,0.0,19,0,3,58.0,42.9,61.9,65.6,42.5,34.6,57.449999999999996,59.474999999999994,45.09583333333333
2026-03-02 20:00:00,31.6,23.6,61,950.5,4.2,258,0.0,20,0,3,32.7,42.7,86.5,63.3,43.3,30.1,52.58333333333334,56.73333333333333,44.6875
2026-03-02 21:00:00,46.5,22.9,63,950.0,1.3,188,0.0,21,0,3,31.6,58.0,52.7,67.9,12.0,22.4,43.43333333333334,54.09166666666667,44.199999999999996
2026-03-02 22:00:00,39.1,22.4,66,949.3,0.6,198,0.0,22,0,3,46.5,32.7,42.9,58.9,18.2,12.0,42.400000000000006,52.30833333333334,45.637499999999996
2026-03-02 23:00:00,28.0,21.9,68,949.1,0.6,162,0.0,23,0,3,39.1,31.6,42.7,37.5,12.0,14.2,41.76666666666667,50.65833333333334,46.508333333333326
2026-03-03 00:00:00,24.4,21.7,69,949.3,0.9,127,0.0,0,1,3,28.0,46.5,58.0,75.8,20.6,12.0,39.31666666666667,49.866666666666674,47.17499999999999
2026-03-03 01:00:00,12.0,21.0,69,949.9,3.3,84,0.0,1,1,3,24.4,39.1,32.7,61.9,32.0,12.0,33.71666666666667,45.583333333333336,47.333333333333336
2026-03-03 02:00:00,16.6,21.9,61,950.7,5.4,82,0.0,2,1,3,12.0,28.0,31.6,86.5,34.4,29.3,30.26666666666667,41.425000000000004,46.5
2026-03-03 03:00:00,37.0,24.3,50,952.0,5.6,68,0.0,3,1,3,16.6,24.4,46.5,52.7,37.4,42.0,27.766666666666666,35.6,45.758333333333326
2026-03-03 04:00:00,21.3,27.0,39,953.1,7.7,65,0.0,4,1,3,37.0,12.0,39.1,42.9,47.8,37.8,26.183333333333334,34.291666666666664,45.74166666666667
2026-03-03 05:00:00,31.6,29.6,32,953.6,10.0,69,0.0,5,1,3,21.3,16.6,28.0,42.7,23.3,37.5,23.21666666666667,32.49166666666667,44.63750000000001
2026-03-03 06:00:00,39.6,31.3,27,953.2,12.6,77,0.0,6,1,3,31.6,37.0,24.4,58.0,45.1,48.3,23.816666666666666,31.566666666666666,44.98333333333333
2026-03-03 07:00:00,44.7,33.0,24,952.4,11.6,78,0.0,7,1,3,39.6,21.3,12.0,32.7,65.6,73.7,26.350000000000005,30.03333333333333,44.75416666666666
2026-03-03 08:00:00,56.5,33.8,22,951.3,10.2,73,0.0,8,1,3,44.7,31.6,16.6,31.6,63.3,61.3,31.8,31.033333333333335,43.88333333333333
2026-03-03 09:00:00,71.7,34.3,22,950.5,9.1,68,0.0,9,1,3,56.5,39.6,37.0,46.5,67.9,62.3,38.45,33.108333333333334,43.6
2026-03-03 10:00:00,65.8,34.3,22,949.8,7.7,65,0.0,10,1,3,71.7,44.7,21.3,39.1,58.9,91.7,44.23333333333334,35.208333333333336,43.75833333333333
2026-03-03 11:00:00,66.8,33.9,23,949.5,7.2,76,0.0,11,1,3,65.8,56.5,31.6,28.0,37.5,57.0,51.65,37.43333333333334,44.04583333333334
2026-03-03 12:00:00,62.0,32.9,24,949.5,7.3,70,0.0,12,1,3,66.8,71.7,39.6,24.4,75.8,55.9,57.51666666666666,40.666666666666664,45.26666666666667
2026-03-03 13:00:00,92.4,32.3,25,949.9,8.3,84,0.0,13,1,3,62.0,65.8,44.7,12.0,61.9,71.3,61.25,43.800000000000004,44.69166666666666
2026-03-03 14:00:00,75.1,31.4,26,950.5,6.7,85,0.0,14,1,3,92.4,66.8,56.5,16.6,86.5,52.2,69.2,50.5,45.9625
2026-03-03 15:00:00,75.5,30.1,29,951.0,5.0,75,0.0,15,1,3,75.1,62.0,71.7,37.0,52.7,59.3,72.3,55.375,45.487500000000004
2026-03-03 16:00:00,55.1,29.0,31,951.7,10.0,60,0.0,16,1,3,75.5,92.4,65.8,21.3,42.9,51.1,72.93333333333332,58.583333333333336,46.4375
2026-03-03 17:00:00,53.1,27.4,33,951.9,7.6,94,0.0,17,1,3,55.1,75.1,66.8,31.6,42.7,32.6,71.14999999999999,61.400000000000006,46.94583333333333
2026-03-03 18:00:00,53.8,26.1,38,951.7,2.6,129,0.0,18,1,3,53.1,75.5,62.0,39.6,58.0,51.6,68.86666666666667,63.19166666666666,47.37916666666667
2026-03-03 19:00:00,70.3,25.2,39,951.3,1.2,321,0.0,19,1,3,53.8,55.1,92.4,44.7,32.7,42.5,67.5,64.375,47.20416666666667
2026-03-03 20:00:00,45.4,24.1,42,950.5,3.3,324,0.0,20,1,3,70.3,53.1,75.1,56.5,31.6,43.3,63.81666666666666,66.50833333333334,48.770833333333336
2026-03-03 21:00:00,34.7,23.2,46,950.0,3.5,351,0.0,21,1,3,45.4,53.8,75.5,71.7,46.5,12.0,58.86666666666667,65.58333333333333,49.34583333333334
2026-03-03 22:00:00,40.7,22.8,48,949.7,0.4,243,0.0,22,1,3,34.7,70.3,55.1,65.8,39.1,18.2,52.06666666666667,62.5,48.854166666666664
2026-03-03 23:00:00,22.1,22.3,48,949.6,0.8,135,0.0,23,1,3,40.7,45.4,53.1,66.8,28.0,12.0,49.666666666666664,60.40833333333334,48.92083333333333
2026-03-04 00:00:00,17.9,21.8,56,950.0,0.7,90,0.0,0,2,3,22.1,34.7,53.8,62.0,24.4,20.6,44.5,56.68333333333333,48.675000000000004
2026-03-04 01:00:00,25.8,21.2,52,950.6,1.8,53,0.0,1,2,3,17.9,40.7,70.3,92.4,12.0,32.0,38.516666666666666,53.00833333333333,48.40416666666667
2026-03-04 02:00:00,36.6,21.7,49,951.6,3.1,83,0.0,2,2,3,25.8,22.1,45.4,75.1,16.6,34.4,31.099999999999998,47.458333333333336,48.979166666666664
2026-03-04 03:00:00,13.8,24.3,40,953.1,3.5,39,0.0,3,2,3,36.6,17.9,34.7,75.5,37.0,37.4,29.633333333333336,44.25,49.8125
2026-03-04 04:00:00,16.4,27.6,31,954.2,6.1,56,0.0,4,2,3,13.8,25.8,40.7,55.1,21.3,47.8,26.150000000000002,39.10833333333333,48.84583333333333
2026-03-04 05:00:00,22.7,30.4,25,954.6,10.3,71,0.0,5,2,3,16.4,36.6,22.1,53.1,31.6,23.3,22.099999999999998,35.88333333333333,48.64166666666667
2026-03-04 06:00:00,45.8,32.1,21,954.1,13.7,79,0.0,6,2,3,22.7,13.8,17.9,53.8,39.6,45.1,22.2,33.35,48.270833333333336
2026-03-04 07:00:00,36.5,33.6,19,953.2,12.2,76,0.0,7,2,3,45.8,16.4,25.8,70.3,44.7,65.6,26.849999999999998,32.68333333333333,48.52916666666667
2026-03-04 08:00:00,59.3,34.4,18,952.4,10.0,70,0.0,8,2,3,36.5,22.7,36.6,45.4,56.5,63.3,28.633333333333336,29.86666666666667,48.1875
2026-03-04 09:00:00,30.8,34.7,17,951.4,8.0,72,0.0,9,2,3,59.3,45.8,13.8,34.7,71.7,67.9,32.416666666666664,31.024999999999995,48.30416666666667
2026-03-04 10:00:00,62.7,34.7,17,950.6,6.6,79,0.0,10,2,3,30.8,36.5,16.4,40.7,65.8,58.9,35.25,30.7,46.599999999999994
2026-03-04 11:00:00,71.3,34.7,17,950.1,7.2,84,0.0,11,2,3,62.7,59.3,22.7,22.1,66.8,37.5,42.96666666666667,32.53333333333333,46.47083333333333
2026-03-04 12:00:00,88.4,33.8,18,949.9,8.1,78,0.0,12,2,3,71.3,30.8,45.8,17.9,62.0,75.8,51.06666666666666,36.63333333333333,46.65833333333333
2026-03-04 13:00:00,72.0,32.6,19,950.2,8.2,68,0.0,13,2,3,88.4,62.7,36.5,25.8,92.4,61.9,58.166666666666664,42.50833333333333,47.75833333333333
2026-03-04 14:00:00,56.6,31.1,21,950.7,10.8,58,0.0,14,2,3,72.0,71.3,59.3,36.6,75.1,86.5,64.08333333333333,46.35833333333333,46.90833333333334
2026-03-04 15:00:00,57.3,30.2,22,951.4,10.8,66,0.0,15,2,3,56.6,88.4,30.8,13.8,75.5,52.7,63.63333333333333,48.025,46.137499999999996
2026-03-04 16:00:00,60.8,28.7,25,951.9,10.7,76,0.0,16,2,3,57.3,72.0,62.7,16.4,55.1,42.9,68.05,51.650000000000006,45.37916666666666
2026-03-04 17:00:00,35.1,27.4,27,952.0,9.1,107,0.0,17,2,3,60.8,56.6,71.3,22.7,53.1,42.7,67.73333333333333,55.35,45.61666666666667
2026-03-04 18:00:00,57.4,26.4,30,951.6,5.2,104,0.0,18,2,3,35.1,57.3,88.4,45.8,53.8,58.0,61.70000000000001,56.38333333333333,44.86666666666667
2026-03-04 19:00:00,43.1,25.2,34,951.3,1.1,360,0.0,19,2,3,57.4,60.8,72.0,36.5,70.3,32.7,56.53333333333333,57.35,45.01666666666666
2026-03-04 20:00:00,52.7,24.0,35,950.9,4.8,333,0.0,20,2,3,43.1,35.1,56.6,59.3,45.4,31.6,51.71666666666667,57.900000000000006,43.88333333333333
2026-03-04 21:00:00,46.6,22.9,40,950.2,1.3,262,0.0,21,2,3,52.7,57.4,57.3,30.8,34.7,46.5,51.06666666666666,57.349999999999994,44.1875
2026-03-04 22:00:00,22.6,22.1,42,949.6,1.9,241,0.0,22,2,3,46.6,43.1,60.8,62.7,40.7,39.1,49.28333333333333,58.666666666666664,44.68333333333334
2026-03-04 23:00:00,35.3,21.3,44,949.3,1.9,229,0.0,23,2,3,22.6,52.7,35.1,71.3,22.1,28.0,42.916666666666664,55.324999999999996,43.92916666666667
2026-03-05 00:00:00,12.0,20.6,47,949.6,2.1,218,0.0,0,3,3,35.3,46.6,57.4,88.4,17.9,24.4,42.949999999999996,52.324999999999996,44.479166666666664
2026-03-05 01:00:00,24.3,20.3,47,950.3,1.0,202,0.0,1,3,3,12.0,22.6,43.1,72.0,25.8,12.0,35.38333333333333,45.958333333333336,44.23333333333333
2026-03-05 02:00:00,19.5,21.3,44,951.1,1.3,172,0.0,2,3,3,24.3,35.3,52.7,56.6,36.6,16.6,32.25,41.983333333333334,44.17083333333333
2026-03-05 03:00:00,49.6,25.1,33,952.4,2.5,45,0.0,3,3,3,19.5,12.0,46.6,57.3,13.8,37.0,26.71666666666667,38.89166666666667,43.458333333333336
2026-03-05 04:00:00,12.0,28.3,27,953.2,5.2,46,0.0,4,3,3,49.6,24.3,22.6,60.8,16.4,21.3,27.21666666666667,38.25,44.949999999999996
2026-03-05 05:00:00,18.6,30.9,22,953.6,8.0,56,0.0,5,3,3,12.0,19.5,35.3,35.1,22.7,31.6,25.45,34.18333333333333,44.76666666666666
2026-03-05 06:00:00,34.9,32.4,18,953.6,9.7,63,0.0,6,3,3,18.6,49.6,12.0,57.4,45.8,39.6,22.666666666666668,32.80833333333334,44.59583333333334
2026-03-05 07:00:00,52.1,33.9,16,952.6,7.5,70,0.0,7,3,3,34.9,12.0,24.3,43.1,36.5,44.7,26.483333333333334,30.933333333333334,44.14166666666666
2026-03-05 08:00:00,58.8,34.8,16,951.4,6.0,65,0.0,8,3,3,52.1,18.6,19.5,52.7,59.3,56.5,31.116666666666664,31.683333333333337,44.791666666666664
2026-03-05 09:00:00,71.0,35.5,15,950.2,7.8,50,0.0,9,3,3,58.8,34.9,49.6,46.6,30.8,71.7,37.666666666666664,32.19166666666667,44.770833333333336
2026-03-05 10:00:00,60.9,35.5,14,949.4,11.2,48,0.0,10,3,3,71.0,52.1,12.0,22.6,62.7,65.8,41.233333333333334,34.225,46.44583333333333
2026-03-05 11:00:00,71.6,35.0,14,949.0,11.8,47,0.0,11,3,3,60.9,58.8,18.6,35.3,71.3,66.8,49.38333333333333,37.416666666666664,46.37083333333333
2026-03-05 12:00:00,76.4,33.9,15,949.2,10.1,51,0.0,12,3,3,71.6,71.0,34.9,12.0,88.4,62.0,58.21666666666666,40.44166666666666,46.38333333333333
2026-03-05 13:00:00,54.9,32.8,16,949.2,8.7,58,0.0,13,3,3,76.4,60.9,52.1,24.3,72.0,92.4,65.13333333333334,45.80833333333334,45.883333333333326
2026-03-05 14:00:00,56.9,31.4,18,949.2,7.0,72,0.0,14,3,3,54.9,71.6,58.8,19.5,56.6,75.1,65.6,48.35833333333334,45.17083333333333
2026-03-05 15:00:00,75.6,30.0,21,949.8,7.9,90,0.0,15,3,3,56.9,76.4,71.0,49.6,57.3,75.5,65.28333333333335,51.475,45.18333333333334
2026-03-05 16:00:00,82.6,28.6,23,950.2,5.2,112,0.0,16,3,3,75.6,54.9,60.9,12.0,60.8,55.1,66.05,53.64166666666667,45.94583333333333
2026-03-05 17:00:00,68.0,26.6,28,950.4,1.3,270,0.0,17,3,3,82.6,56.9,71.6,18.6,35.1,53.1,69.66666666666667,59.525,46.854166666666664
2026-03-05 18:00:00,54.3,25.8,29,950.7,7.6,274,0.0,18,3,3,68.0,75.6,76.4,34.9,57.4,53.8,69.06666666666666,63.64166666666666,48.224999999999994
2026-03-05 19:00:00,51.7,24.7,39,949.9,1.1,360,0.0,19,3,3,54.3,82.6,54.9,52.1,43.1,70.3,65.38333333333333,65.25833333333334,48.09583333333334
2026-03-05 20:00:00,33.3,23.5,39,949.3,2.7,274,0.0,20,3,3,51.7,68.0,56.9,58.8,52.7,45.4,64.85000000000001,65.225,48.45416666666666
2026-03-05 21:00:00,27.3,22.3,44,948.9,1.7,283,0.0,21,3,3,33.3,54.3,75.6,71.0,46.6,34.7,60.916666666666664,63.1,47.645833333333336
2026-03-05 22:00:00,36.4,21.9,45,948.1,0.6,198,0.0,22,3,3,27.3,51.7,82.6,60.9,22.6,40.7,52.86666666666667,59.458333333333336,46.84166666666667
2026-03-05 23:00:00,37.3,21.8,43,947.9,1.4,140,0.0,23,3,3,36.4,33.3,68.0,71.6,35.3,22.1,45.166666666666664,57.416666666666664,47.41666666666666
2026-03-06 00:00:00,33.6,21.4,52,948.0,0.4,207,0.0,0,4,3,37.3,27.3,54.3,76.4,12.0,17.9,40.05,54.55833333333334,47.5
2026-03-06 01:00:00,12.0,20.9,53,948.6,0.8,117,0.0,1,4,3,33.6,36.4,51.7,54.9,24.3,25.8,36.6,50.99166666666667,48.4
2026-03-06 02:00:00,47.8,21.1,53,949.5,0.6,34,0.0,2,4,3,12.0,37.3,33.3,56.9,19.5,36.6,29.98333333333333,47.416666666666664,47.887499999999996
2026-03-06 03:00:00,22.6,24.1,37,951.0,1.8,24,0.0,3,4,3,47.8,33.6,27.3,75.6,49.6,13.8,32.4,46.65833333333333,49.06666666666666
2026-03-06 04:00:00,49.5,27.6,28,952.2,3.8,31,0.0,4,4,3,22.6,12.0,36.4,82.6,12.0,16.4,31.616666666666664,42.24166666666667,47.94166666666667
2026-03-06 05:00:00,30.5,30.7,22,952.5,6.8,50,0.0,5,4,3,49.5,47.8,37.3,68.0,18.6,22.7,33.800000000000004,39.48333333333333,49.50416666666667
2026-03-06 06:00:00,44.1,32.2,17,952.4,9.0,61,0.0,6,4,3,30.5,22.6,33.6,54.3,34.9,45.8,32.666666666666664,36.35833333333333,50.0
2026-03-06 07:00:00,53.4,33.6,14,951.4,8.3,63,0.0,7,4,3,44.1,49.5,12.0,51.7,52.1,36.5,34.416666666666664,35.50833333333333,50.38333333333333
2026-03-06 08:00:00,65.9,34.4,14,950.4,7.7,66,0.0,8,4,3,53.4,30.5,47.8,33.3,58.8,59.3,41.31666666666667,35.65,50.4375
2026-03-06 09:00:00,77.6,35.0,14,949.3,6.6,69,0.0,9,4,3,65.9,44.1,22.6,27.3,71.0,30.8,44.333333333333336,38.36666666666667,50.73333333333333
2026-03-06 10:00:00,57.6,35.2,14,948.6,5.4,76,0.0,10,4,3,77.6,53.4,49.5,36.4,60.9,62.7,53.5,42.55833333333334,51.00833333333333
2026-03-06 11:00:00,78.3,35.2,14,947.9,6.8,90,0.0,11,4,3,57.6,65.9,30.5,37.3,71.6,71.3,54.85,44.324999999999996,50.87083333333334
2026-03-06 12:00:00,74.3,34.5,15,948.0,9.6,98,0.0,12,4,3,78.3,77.6,44.1,33.6,76.4,88.4,62.81666666666666,47.741666666666674,51.15
2026-03-06 13:00:00,75.1,32.9,16,948.1,4.5,124,0.0,13,4,3,74.3,57.6,53.4,12.0,54.9,72.0,67.85,51.13333333333333,51.06249999999999
2026-03-06 14:00:00,52.5,31.2,18,948.3,6.7,117,0.0,14,4,3,75.1,78.3,65.9,47.8,56.9,56.6,71.46666666666667,56.39166666666667,51.90416666666667
2026-03-06 15:00:00,86.2,29.9,23,948.9,0.2,270,0.0,15,4,3,52.5,74.3,77.6,22.6,75.6,57.3,69.23333333333333,56.78333333333334,51.72083333333333
2026-03-06 16:00:00,65.3,27.1,32,949.9,14.5,287,0.0,16,4,3,86.2,75.1,57.6,49.5,82.6,60.8,70.66666666666667,62.083333333333336,52.1625
2026-03-06 17:00:00,37.7,25.7,38,949.7,6.2,285,0.0,17,4,3,65.3,52.5,78.3,30.5,68.0,35.1,71.95,63.400000000000006,51.44166666666667
2026-03-06 18:00:00,32.0,24.8,42,949.5,9.3,233,0.0,18,4,3,37.7,86.2,74.3,44.1,54.3,57.4,65.18333333333332,64.0,50.179166666666674
2026-03-06 19:00:00,17.8,24.4,41,949.0,7.2,215,0.0,19,4,3,32.0,65.3,75.1,53.4,51.7,43.1,58.13333333333333,62.99166666666667,49.25
2026-03-06 20:00:00,25.9,23.8,42,948.6,6.9,233,0.0,20,4,3,17.8,37.7,52.5,65.9,33.3,52.7,48.583333333333336,60.025000000000006,47.837500000000006
2026-03-06 21:00:00,46.5,22.7,43,947.9,3.6,237,0.0,21,4,3,25.9,32.0,86.2,77.6,27.3,46.6,44.15,56.69166666666667,47.52916666666666
2026-03-06 22:00:00,12.0,22.4,43,947.6,3.0,213,0.0,22,4,3,46.5,17.8,65.3,57.6,36.4,22.6,37.53333333333333,54.1,48.32916666666666
2026-03-06 23:00:00,12.0,21.8,45,947.5,2.8,225,0.0,23,4,3,12.0,25.9,37.7,78.3,37.3,35.3,28.649999999999995,50.300000000000004,47.3125
2026-03-07 00:00:00,28.8,21.1,52,947.6,2.1,250,0.0,0,5,3,12.0,46.5,32.0,74.3,33.6,12.0,24.366666666666664,44.775,46.258333333333326
2026-03-07 01:00:00,14.8,20.6,53,948.4,0.8,207,0.0,1,5,3,28.8,12.0,17.8,75.1,12.0,24.3,23.833333333333332,40.983333333333334,46.05833333333334
2026-03-07 02:00:00,36.6,21.4,50,949.4,0.7,180,0.0,2,5,3,14.8,12.0,25.9,52.5,47.8,19.5,23.333333333333332,35.958333333333336,46.175000000000004
2026-03-07 03:00:00,40.9,24.4,40,950.8,1.2,51,0.0,3,5,3,36.6,28.8,46.5,86.2,22.6,49.6,25.116666666666664,34.63333333333333,45.708333333333336
2026-03-07 04:00:00,41.3,27.8,32,951.9,3.3,49,0.0,4,5,3,40.9,14.8,12.0,65.3,49.5,12.0,24.183333333333334,30.85833333333333,46.47083333333333
2026-03-07 05:00:00,28.1,30.8,24,952.4,5.9,59,0.0,5,5,3,41.3,36.6,12.0,37.7,30.5,18.6,29.066666666666666,28.858333333333334,46.12916666666666
2026-03-07 06:00:00,35.6,32.7,19,952.1,8.0,70,0.0,6,5,3,28.1,40.9,28.8,32.0,44.1,34.9,31.75,28.058333333333337,46.02916666666666
2026-03-07 07:00:00,42.8,34.5,16,951.4,10.0,76,0.0,7,5,3,35.6,41.3,14.8,17.8,53.4,52.1,32.88333333333333,28.358333333333334,45.675000000000004
2026-03-07 08:00:00,51.2,35.3,14,950.3,10.4,73,0.0,8,5,3,42.8,28.1,36.6,25.9,65.9,58.8,37.550000000000004,30.441666666666666,45.23333333333333
2026-03-07 09:00:00,82.6,35.7,13,949.3,10.2,66,0.0,9,5,3,51.2,35.6,40.9,46.5,77.6,71.0,39.98333333333333,32.55,44.62083333333334
2026-03-07 10:00:00,66.5,35.8,13,948.6,9.4,58,0.0,10,5,3,82.6,42.8,41.3,12.0,57.6,60.9,46.93333333333334,35.55833333333333,44.82916666666667
2026-03-07 11:00:00,76.5,35.6,14,948.3,9.3,58,0.0,11,5,3,66.5,51.2,28.1,12.0,78.3,71.6,51.133333333333326,40.1,45.199999999999996
2026-03-07 12:00:00,38.9,34.8,15,948.4,8.7,66,0.0,12,5,3,76.5,82.6,35.6,28.8,74.3,76.4,59.19999999999999,45.475,45.125
2026-03-07 13:00:00,88.2,33.5,23,948.6,0.7,76,0.0,13,5,3,38.9,66.5,42.8,14.8,75.1,54.9,59.75,46.31666666666667,43.65
2026-03-07 14:00:00,81.7,31.3,20,948.8,3.1,277,0.0,14,5,3,88.2,76.5,51.2,36.6,52.5,56.9,67.31666666666666,52.43333333333333,44.19583333333333
2026-03-07 15:00:00,93.3,30.4,22,949.6,0.4,180,0.0,15,5,3,81.7,38.9,82.6,40.9,86.2,75.6,72.39999999999999,56.19166666666666,45.412499999999994
2026-03-07 16:00:00,50.1,28.7,23,950.8,8.3,281,0.0,16,5,3,93.3,88.2,66.5,41.3,65.3,82.6,74.18333333333332,60.55833333333333,45.708333333333336
2026-03-07 17:00:00,54.6,26.7,37,951.0,8.6,278,0.0,17,5,3,50.1,81.7,76.5,28.1,37.7,68.0,71.45,61.291666666666664,45.07500000000001
2026-03-07 18:00:00,53.8,25.4,43,950.5,3.5,249,0.0,18,5,3,54.6,93.3,38.9,35.6,32.0,54.3,67.8,63.5,45.77916666666667
2026-03-07 19:00:00,25.4,24.7,45,950.1,6.9,239,0.0,19,5,3,53.8,50.1,88.2,42.8,17.8,51.7,70.28333333333333,65.01666666666667,46.6875
2026-03-07 20:00:00,34.2,24.1,46,949.5,4.8,236,0.0,20,5,3,25.4,54.6,81.7,51.2,25.9,33.3,59.81666666666666,63.56666666666666,47.00416666666667
2026-03-07 21:00:00,24.9,23.1,49,948.7,3.6,261,0.0,21,5,3,34.2,53.8,93.3,82.6,46.5,27.3,51.900000000000006,62.15,47.35
2026-03-07 22:00:00,30.7,22.2,52,948.2,2.9,248,0.0,22,5,3,24.9,25.4,50.1,66.5,12.0,36.4,40.5,57.34166666666667,46.449999999999996
2026-03-07 23:00:00,16.9,21.6,54,948.1,1.0,248,0.0,23,5,3,30.7,34.2,54.6,76.5,12.0,37.3,37.266666666666666,54.35833333333333,47.229166666666664
2026-03-08 00:00:00,40.2,20.7,59,948.2,1.5,263,0.0,0,6,3,16.9,24.9,53.8,38.9,28.8,33.6,30.983333333333334,49.39166666666666,47.43333333333334
2026-03-08 01:00:00,12.0,21.0,56,948.9,1.0,248,0.0,1,6,3,40.2,30.7,25.4,88.2,14.8,12.0,28.71666666666667,49.5,47.90833333333333
2026-03-08 02:00:00,30.1,22.3,52,950.0,0.8,225,0.0,2,6,3,12.0,16.9,34.2,81.7,36.6,47.8,26.48333333333333,43.150000000000006,47.791666666666664
2026-03-08 03:00:00,12.0,25.3,35,951.3,2.2,24,0.0,3,6,3,30.1,40.2,24.9,93.3,40.9,22.6,25.8,38.85,47.520833333333336
2026-03-08 04:00:00,42.0,28.6,26,952.2,4.6,51,0.0,4,6,3,12.0,12.0,30.7,50.1,41.3,49.5,23.650000000000002,32.074999999999996,46.31666666666667
2026-03-08 05:00:00,16.8,31.5,21,952.6,8.3,68,0.0,5,6,3,42.0,30.1,16.9,54.6,28.1,30.5,25.53333333333333,31.400000000000002,46.34583333333333
2026-03-08 06:00:00,31.6,33.5,17,952.4,11.3,72,0.0,6,6,3,16.8,12.0,40.2,53.8,35.6,44.1,25.516666666666666,28.25,45.875
2026-03-08 07:00:00,17.4,35.3,15,951.7,10.6,76,0.0,7,6,3,31.6,42.0,12.0,25.4,42.8,53.4,24.083333333333332,26.400000000000002,45.708333333333336
2026-03-08 08:00:00,73.2,36.1,13,950.6,10.1,80,0.0,8,6,3,17.4,16.8,30.1,34.2,51.2,65.9,24.983333333333334,25.733333333333334,44.65
2026-03-08 09:00:00,40.5,36.6,13,949.5,9.4,82,0.0,9,6,3,73.2,31.6,12.0,24.9,82.6,77.6,32.166666666666664,28.983333333333334,45.56666666666666
2026-03-08 10:00:00,64.5,36.9,12,948.6,8.9,77,0.0,10,6,3,40.5,17.4,42.0,30.7,66.5,57.6,36.916666666666664,30.28333333333333,43.8125
2026-03-08 11:00:00,70.0,36.8,11,948.0,9.8,55,0.0,11,6,3,64.5,73.2,16.8,16.9,76.5,78.3,40.666666666666664,33.1,43.729166666666664
2026-03-08 12:00:00,59.4,35.7,11,948.4,11.8,51,0.0,12,6,3,70.0,40.5,31.6,40.2,38.9,74.3,49.53333333333333,37.525,43.458333333333336
2026-03-08 13:00:00,50.8,33.9,12,948.7,14.5,59,0.0,13,6,3,59.4,64.5,17.4,12.0,88.2,75.1,54.166666666666664,39.125,44.3125
2026-03-08 14:00:00,45.7,32.1,14,949.3,11.6,82,0.0,14,6,3,50.8,70.0,73.2,30.1,81.7,52.5,59.73333333333333,42.358333333333334,42.75416666666667
2026-03-08 15:00:00,83.1,30.2,17,950.3,5.9,90,0.0,15,6,3,45.7,59.4,40.5,12.0,93.3,86.2,55.150000000000006,43.65833333333333,41.25416666666667
2026-03-08 16:00:00,91.1,28.9,19,950.8,6.0,139,0.0,16,6,3,83.1,50.8,64.5,42.0,50.1,65.3,62.25,49.583333333333336,40.82916666666667
2026-03-08 17:00:00,29.3,27.8,21,950.9,4.5,164,0.0,17,6,3,91.1,45.7,70.0,16.8,54.6,37.7,66.68333333333334,53.675000000000004,42.5375
2026-03-08 18:00:00,67.7,27.2,24,950.5,1.9,158,0.0,18,6,3,29.3,83.1,59.4,31.6,53.8,32.0,59.9,54.71666666666667,41.483333333333334
2026-03-08 19:00:00,49.3,26.2,26,950.3,2.0,10,0.0,19,6,3,67.7,91.1,50.8,17.4,25.4,17.8,61.283333333333324,57.725,42.0625
2026-03-08 20:00:00,48.2,24.6,29,949.9,2.6,12,0.0,20,6,3,49.3,29.3,45.7,73.2,34.2,25.9,61.03333333333333,60.38333333333333,43.05833333333334
2026-03-08 21:00:00,22.0,24.3,30,949.2,2.0,90,0.0,21,6,3,48.2,67.7,83.1,40.5,24.9,46.5,61.44999999999999,58.300000000000004,43.64166666666667
2026-03-08 22:00:00,19.4,23.7,30,948.7,2.1,128,0.0,22,6,3,22.0,49.3,91.1,64.5,30.7,12.0,51.26666666666667,56.75833333333333,43.520833333333336
2026-03-08 23:00:00,53.2,23.2,31,948.8,1.5,126,0.0,23,6,3,19.4,48.2,29.3,70.0,16.9,12.0,39.31666666666667,53.0,43.050000000000004
2026-03-09 00:00:00,36.6,23.0,44,948.9,0.4,297,0.0,0,0,3,53.2,22.0,67.7,59.4,40.2,28.8,43.300000000000004,51.6,44.5625
2026-03-09 01:00:00,23.3,21.9,46,949.4,0.5,225,0.0,1,0,3,36.6,19.4,49.3,50.8,12.0,14.8,38.11666666666667,49.699999999999996,44.412499999999994
2026-03-09 02:00:00,30.1,22.3,44,950.2,1.1,198,0.0,2,0,3,23.3,53.2,48.2,45.7,30.1,36.6,33.78333333333333,47.40833333333333,44.88333333333333
2026-03-09 03:00:00,26.9,25.2,33,951.6,0.6,304,0.0,3,0,3,30.1,36.6,22.0,83.1,12.0,40.9,30.766666666666666,46.10833333333334,44.88333333333333
2026-03-09 04:00:00,34.6,28.2,26,952.5,3.3,22,0.0,4,0,3,26.9,23.3,19.4,91.1,42.0,41.3,31.583333333333332,41.425000000000004,45.50416666666667
2026-03-09 05:00:00,23.9,31.1,21,953.0,5.3,45,0.0,5,0,3,34.6,30.1,53.2,29.3,16.8,28.1,34.11666666666667,36.71666666666666,45.19583333333333
2026-03-09 06:00:00,42.1,33.3,17,953.0,10.3,63,0.0,6,0,3,23.9,26.9,36.6,67.7,31.6,35.6,29.233333333333334,36.26666666666667,45.491666666666674
2026-03-09 07:00:00,44.1,34.5,15,952.1,10.1,70,0.0,7,0,3,42.1,34.6,23.3,49.3,17.4,42.8,30.150000000000006,34.13333333333333,45.92916666666667
2026-03-09 08:00:00,63.5,35.3,13,951.0,9.3,75,0.0,8,0,3,44.1,23.9,30.1,48.2,73.2,51.2,33.61666666666667,33.7,47.041666666666664
2026-03-09 09:00:00,72.1,35.7,14,950.0,9.1,80,0.0,9,0,3,63.5,42.1,26.9,22.0,40.5,82.6,39.18333333333334,34.975,46.637499999999996
2026-03-09 10:00:00,65.3,36.0,13,949.1,7.8,86,0.0,10,0,3,72.1,44.1,34.6,19.4,64.5,66.5,46.71666666666667,39.150000000000006,47.95416666666667
2026-03-09 11:00:00,68.1,36.2,12,948.4,8.8,70,0.0,11,0,3,65.3,63.5,23.9,53.2,70.0,76.5,51.833333333333336,42.975,47.987500000000004
2026-03-09 12:00:00,50.6,35.4,11,948.8,12.7,58,0.0,12,0,3,68.1,72.1,42.1,36.6,59.4,38.9,59.199999999999996,44.21666666666667,47.90833333333333
2026-03-09 13:00:00,66.2,33.5,12,949.2,15.3,60,0.0,13,0,3,50.6,65.3,44.1,23.3,50.8,88.2,60.61666666666667,45.38333333333333,47.541666666666664
2026-03-09 14:00:00,57.0,32.1,14,949.6,12.6,66,0.0,14,0,3,66.2,68.1,63.5,30.1,45.7,81.7,64.3,48.958333333333336,48.18333333333334
2026-03-09 15:00:00,41.7,30.3,17,950.2,8.6,57,0.0,15,0,3,57.0,50.6,72.1,26.9,83.1,93.3,63.21666666666667,51.199999999999996,48.65416666666667
2026-03-09 16:00:00,57.0,28.6,19,950.9,6.0,117,0.0,16,0,3,41.7,66.2,65.3,34.6,91.1,50.1,58.15,52.43333333333334,46.92916666666667
2026-03-09 17:00:00,43.6,27.9,21,951.2,5.8,146,0.0,17,0,3,57.0,57.0,68.1,23.9,29.3,54.6,56.76666666666666,54.300000000000004,45.508333333333326
2026-03-09 18:00:00,69.7,26.8,24,950.9,4.6,135,0.0,18,0,3,43.6,41.7,50.6,42.1,67.7,53.8,52.68333333333334,55.94166666666667,46.104166666666664
2026-03-09 19:00:00,24.0,26.1,26,950.6,5.8,124,0.0,19,0,3,69.7,57.0,66.2,44.1,49.3,25.4,55.86666666666667,58.24166666666667,46.1875
2026-03-09 20:00:00,23.1,24.8,30,950.0,4.5,113,0.0,20,0,3,24.0,43.6,57.0,63.5,48.2,34.2,48.833333333333336,56.56666666666666,45.13333333333333
2026-03-09 21:00:00,36.7,23.7,33,949.6,1.9,112,0.0,21,0,3,23.1,69.7,41.7,72.1,22.0,24.9,43.18333333333334,53.199999999999996,44.0875
2026-03-09 22:00:00,13.3,23.0,35,949.6,0.6,326,0.0,22,0,3,36.7,24.0,57.0,65.3,19.4,30.7,42.35,50.25,44.699999999999996
2026-03-09 23:00:00,33.6,21.9,37,949.5,3.6,315,0.0,23,0,3,13.3,23.1,43.6,68.1,53.2,16.9,35.06666666666667,45.916666666666664,44.44583333333333
2026-03-10 00:00:00,18.7,21.8,38,950.1,0.8,225,0.0,0,1,3,33.6,36.7,69.7,50.6,36.6,40.2,33.4,43.041666666666664,43.62916666666666
2026-03-10 01:00:00,17.6,21.0,41,950.8,1.8,246,0.0,1,1,3,18.7,13.3,24.0,66.2,23.3,12.0,24.900000000000002,40.38333333333333,42.88333333333333
2026-03-10 02:00:00,27.9,21.6,39,951.6,3.5,246,0.0,2,1,3,17.6,33.6,23.1,57.0,30.1,30.1,23.833333333333332,36.333333333333336,42.645833333333336
2026-03-10 03:00:00,41.4,24.2,33,953.0,1.9,331,0.0,3,1,3,27.9,18.7,36.7,41.7,26.9,12.0,24.633333333333336,33.90833333333333,42.55416666666667
2026-03-10 04:00:00,54.1,27.7,26,954.2,4.1,23,0.0,4,1,3,41.4,17.6,13.3,57.0,34.6,42.0,25.416666666666668,33.88333333333333,43.15833333333333
2026-03-10 05:00:00,38.0,30.7,24,954.4,6.6,53,0.0,5,1,3,54.1,27.9,33.6,43.6,23.9,16.8,32.21666666666667,33.641666666666666,43.97083333333333
2026-03-10 06:00:00,44.0,33.1,23,954.1,11.4,75,0.0,6,1,3,38.0,41.4,18.7,69.7,42.1,31.6,32.949999999999996,33.175000000000004,44.55833333333333
2026-03-10 07:00:00,28.0,34.8,18,953.3,16.3,76,0.0,7,1,3,44.0,54.1,17.6,24.0,44.1,17.4,37.166666666666664,31.03333333333333,44.637499999999996
2026-03-10 08:00:00,24.5,35.4,16,952.3,15.3,77,0.0,8,1,3,28.0,38.0,27.9,23.1,63.5,73.2,38.9,31.366666666666664,43.96666666666667
2026-03-10 09:00:00,44.2,35.7,16,951.5,13.4,78,0.0,9,1,3,24.5,44.0,41.4,36.7,72.1,40.5,38.333333333333336,31.483333333333334,42.34166666666666
2026-03-10 10:00:00,67.4,35.5,18,950.6,12.6,77,0.0,10,1,3,44.2,28.0,54.1,13.3,65.3,64.5,38.800000000000004,32.108333333333334,41.17916666666667
2026-03-10 11:00:00,65.6,35.6,18,950.1,9.0,84,0.0,11,1,3,67.4,24.5,38.0,33.6,68.1,70.0,41.016666666666666,36.61666666666667,41.266666666666666
2026-03-10 12:00:00,66.3,34.9,19,950.0,8.5,94,0.0,12,1,3,65.6,44.2,44.0,18.7,50.6,59.4,45.61666666666667,39.28333333333333,41.1625
2026-03-10 13:00:00,58.9,33.3,20,950.4,11.6,60,0.0,13,1,3,66.3,67.4,28.0,17.6,66.2,50.8,49.333333333333336,43.25,41.81666666666666
2026-03-10 14:00:00,70.6,31.7,23,950.8,9.3,58,0.0,14,1,3,58.9,65.6,24.5,27.9,57.0,45.7,54.48333333333333,46.69166666666666,41.5125
2026-03-10 15:00:00,93.2,30.6,25,951.3,3.6,180,0.0,15,1,3,70.6,66.3,44.2,41.4,41.7,83.1,62.166666666666664,50.25,42.079166666666666
2026-03-10 16:00:00,69.9,29.1,29,951.6,2.8,165,0.0,16,1,3,93.2,58.9,67.4,54.1,57.0,91.1,70.33333333333333,54.56666666666666,44.224999999999994
2026-03-10 17:00:00,60.0,27.8,31,951.5,3.3,41,0.0,17,1,3,69.9,70.6,65.6,38.0,43.6,29.3,70.75,55.88333333333333,44.762499999999996
2026-03-10 18:00:00,64.3,26.8,49,951.4,1.7,167,0.0,18,1,3,60.0,93.2,66.3,44.0,69.7,67.7,69.81666666666666,57.71666666666667,45.44583333333333
2026-03-10 19:00:00,52.8,25.5,48,951.0,3.5,168,0.0,19,1,3,64.3,69.9,58.9,28.0,24.0,49.3,69.48333333333333,59.40833333333333,45.22083333333333
2026-03-10 20:00:00,31.0,25.5,49,950.6,1.5,120,0.0,20,1,3,52.8,60.0,70.6,24.5,23.1,48.2,68.46666666666667,61.474999999999994,46.42083333333333
2026-03-10 21:00:00,22.5,24.7,49,950.2,1.2,153,0.0,21,1,3,31.0,64.3,93.2,44.2,36.7,22.0,61.866666666666674,62.01666666666666,46.74999999999999
2026-03-10 22:00:00,12.0,24.1,51,950.0,0.4,297,0.0,22,1,3,22.5,52.8,69.9,67.4,13.3,19.4,50.083333333333336,60.20833333333332,46.15833333333333
2026-03-10 23:00:00,12.0,22.5,56,950.0,2.2,275,0.0,23,1,3,12.0,31.0,60.0,65.6,33.6,53.2,40.43333333333334,55.59166666666666,46.10416666666666
2026-03-11 00:00:00,16.1,22.0,48,950.5,3.6,360,0.0,0,2,3,12.0,22.5,64.3,66.3,18.7,36.6,32.43333333333334,51.125,45.20416666666666
2026-03-11 01:00:00,33.7,21.6,47,951.2,1.3,146,0.0,1,2,3,16.1,12.0,52.8,58.9,17.6,23.3,24.400000000000002,46.94166666666666,45.09583333333333
2026-03-11 02:00:00,26.2,22.3,45,952.0,0.5,180,0.0,2,2,3,33.7,12.0,31.0,70.6,27.9,30.1,21.21666666666667,44.84166666666667,45.76666666666667
2026-03-11 03:00:00,31.5,24.9,38,953.3,2.5,360,0.0,3,2,3,26.2,16.1,22.5,93.2,41.4,26.9,20.416666666666668,41.141666666666666,45.695833333333326
2026-03-11 04:00:00,39.7,28.4,31,954.4,3.7,14,0.0,4,2,3,31.5,33.7,12.0,69.9,54.1,34.6,21.916666666666668,36.0,45.28333333333333
2026-03-11 05:00:00,34.4,31.6,27,954.6,3.5,24,0.0,5,2,3,39.7,26.2,12.0,60.0,38.0,23.9,26.53333333333333,33.483333333333334,44.68333333333333
2026-03-11 06:00:00,30.0,33.8,21,954.0,9.3,61,0.0,6,2,3,34.4,31.5,16.1,64.3,44.0,42.1,30.266666666666666,31.349999999999998,44.53333333333333
2026-03-11 07:00:00,27.9,34.9,18,953.5,16.0,67,0.0,7,2,3,30.0,39.7,33.7,52.8,28.0,44.1,32.583333333333336,28.491666666666664,43.949999999999996
2026-03-11 08:00:00,65.9,35.3,18,952.4,12.2,59,0.0,8,2,3,27.9,34.4,26.2,31.0,24.5,63.5,31.616666666666664,26.416666666666668,43.945833333333326
2026-03-11 09:00:00,58.7,36.3,16,951.0,9.9,48,0.0,9,2,3,65.9,30.0,31.5,22.5,44.2,72.1,38.233333333333334,29.325,45.67083333333333
2026-03-11 10:00:00,62.3,35.9,16,950.1,13.6,49,0.0,10,2,3,58.7,27.9,39.7,12.0,67.4,65.3,42.76666666666667,32.34166666666667,46.275
2026-03-11 11:00:00,63.1,35.3,17,949.7,16.4,57,0.0,11,2,3,62.3,65.9,34.4,12.0,65.6,68.1,46.53333333333334,36.53333333333333,46.0625
2026-03-11 12:00:00,56.8,34.7,18,949.7,12.6,66,0.0,12,2,3,63.1,58.7,30.0,16.1,66.3,50.6,51.31666666666667,40.791666666666664,45.958333333333336
2026-03-11 13:00:00,73.0,33.6,20,950.0,5.4,70,0.0,13,2,3,56.8,62.3,27.9,33.7,58.9,66.2,55.78333333333333,44.18333333333334,45.5625
2026-03-11 14:00:00,87.8,31.8,24,949.9,2.8,191,0.0,14,2,3,73.0,63.1,65.9,26.2,70.6,57.0,63.29999999999999,47.458333333333336,46.150000000000006
2026-03-11 15:00:00,62.4,31.0,25,950.6,7.4,180,0.0,15,2,3,87.8,56.8,58.7,31.5,93.2,41.7,66.95,52.59166666666667,46.86666666666667
2026-03-11 16:00:00,59.1,29.5,27,951.3,8.1,282,0.0,16,2,3,62.4,73.0,62.3,39.7,69.9,57.0,67.56666666666668,55.166666666666664,45.583333333333336
2026-03-11 17:00:00,42.4,27.4,43,951.4,7.9,283,0.0,17,2,3,59.1,87.8,63.1,34.4,60.0,43.6,67.03333333333333,56.78333333333333,45.13333333333333
2026-03-11 18:00:00,52.9,26.5,48,951.4,5.3,262,0.0,18,2,3,42.4,62.4,56.8,30.0,64.3,69.7,63.583333333333336,57.449999999999996,44.4
2026-03-11 19:00:00,23.2,25.8,52,950.8,6.9,231,0.0,19,2,3,52.9,59.1,73.0,27.9,52.8,24.0,62.93333333333334,59.35833333333333,43.925000000000004
2026-03-11 20:00:00,18.0,25.3,52,950.0,3.1,216,0.0,20,2,3,23.2,42.4,87.8,65.9,31.0,23.1,54.63333333333333,58.96666666666667,42.69166666666666
2026-03-11 21:00:00,12.0,24.5,55,949.5,3.9,257,0.0,21,2,3,18.0,52.9,62.4,58.7,22.5,36.7,43.0,54.974999999999994,42.15
2026-03-11 22:00:00,21.9,23.8,56,949.0,6.2,248,0.0,22,2,3,12.0,23.2,59.1,62.3,12.0,13.3,34.6,51.083333333333336,41.7125
2026-03-11 23:00:00,27.1,23.1,57,948.7,3.9,248,0.0,23,2,3,21.9,18.0,42.4,63.1,12.0,33.6,28.400000000000002,47.71666666666666,42.125
2026-03-12 00:00:00,35.9,22.8,64,949.0,0.5,45,0.0,0,3,3,27.1,12.0,52.9,56.8,16.1,18.7,25.849999999999998,44.71666666666667,42.75416666666666
2026-03-12 01:00:00,47.5,22.4,63,949.3,0.6,214,0.0,1,3,3,35.9,21.9,23.2,73.0,33.7,17.6,23.016666666666666,42.974999999999994,43.57916666666666
2026-03-12 02:00:00,28.5,23.2,59,949.8,0.7,166,0.0,2,3,3,47.5,27.1,18.0,87.8,26.2,27.9,27.066666666666663,40.849999999999994,44.15416666666667
2026-03-12 03:00:00,44.9,26.1,50,950.9,1.5,21,0.0,3,3,3,28.5,35.9,12.0,62.4,31.5,41.4,28.816666666666663,35.90833333333333,44.25
2026-03-12 04:00:00,46.7,29.8,36,951.8,2.4,36,0.0,4,3,3,44.9,47.5,21.9,59.1,39.7,54.1,34.3,34.449999999999996,44.80833333333333
2026-03-12 05:00:00,61.3,32.9,24,952.0,5.6,45,0.0,5,3,3,46.7,28.5,27.1,42.4,34.4,38.0,38.43333333333333,33.416666666666664,45.099999999999994
2026-03-12 06:00:00,53.3,34.3,18,951.7,10.4,58,0.0,6,3,3,61.3,44.9,35.9,52.9,30.0,44.0,44.13333333333333,34.99166666666667,46.22083333333333
2026-03-12 07:00:00,48.5,35.2,16,950.9,12.9,63,0.0,7,3,3,53.3,46.7,47.5,23.2,27.9,28.0,47.03333333333333,35.025,47.19166666666667
2026-03-12 08:00:00,55.5,35.8,13,949.8,11.6,71,0.0,8,3,3,48.5,61.3,28.5,18.0,65.9,24.5,47.199999999999996,37.13333333333333,48.050000000000004
2026-03-12 09:00:00,45.0,36.3,12,948.7,9.3,71,0.0,9,3,3,55.5,53.3,44.9,12.0,58.7,44.2,51.699999999999996,40.25833333333333,47.61666666666667
2026-03-12 10:00:00,78.4,36.6,12,947.9,8.3,63,0.0,10,3,3,45.0,48.5,46.7,21.9,62.3,67.4,51.71666666666666,43.00833333333333,47.04583333333334
2026-03-12 11:00:00,57.3,36.4,12,947.4,10.0,70,0.0,11,3,3,78.4,55.5,61.3,27.1,63.1,65.6,57.0,47.71666666666666,47.71666666666666
2026-03-12 12:00:00,74.1,35.8,13,947.5,8.4,74,0.0,12,3,3,57.3,45.0,53.3,35.9,56.8,66.3,56.333333333333336,50.23333333333333,47.474999999999994
2026-03-12 13:00:00,67.1,34.1,17,947.6,2.5,111,0.0,13,3,3,74.1,78.4,48.5,47.5,73.0,58.9,59.800000000000004,53.416666666666664,48.19583333333333
2026-03-12 14:00:00,78.8,31.9,18,947.7,3.1,149,0.0,14,3,3,67.1,57.3,55.5,28.5,87.8,70.6,62.900000000000006,55.04999999999999,47.949999999999996
2026-03-12 15:00:00,96.3,31.3,18,948.1,3.9,298,0.0,15,3,3,78.8,74.1,45.0,44.9,62.4,93.2,66.78333333333335,59.24166666666667,47.574999999999996
2026-03-12 16:00:00,37.8,28.7,29,949.5,10.3,264,0.0,16,3,3,96.3,67.1,78.4,46.7,59.1,69.9,75.33333333333333,63.525,48.987500000000004
2026-03-12 17:00:00,51.1,27.3,39,949.5,6.4,230,0.0,17,3,3,37.8,78.8,57.3,61.3,42.4,60.0,68.56666666666666,62.783333333333324,48.1
2026-03-12 18:00:00,45.2,26.4,44,949.1,9.3,230,0.0,18,3,3,51.1,96.3,74.1,53.3,52.9,64.3,67.53333333333333,61.93333333333333,48.4625
2026-03-12 19:00:00,29.0,26.3,40,948.7,7.4,236,0.0,19,3,3,45.2,37.8,67.1,48.5,23.2,52.8,62.71666666666667,61.25833333333333,48.14166666666666
2026-03-12 20:00:00,33.3,25.3,39,948.3,7.4,236,0.0,20,3,3,29.0,51.1,78.8,55.5,18.0,31.0,56.36666666666667,59.63333333333333,48.38333333333333
2026-03-12 21:00:00,43.5,24.7,38,947.5,5.4,236,0.0,21,3,3,33.3,45.2,96.3,45.0,12.0,22.5,48.78333333333333,57.78333333333333,49.020833333333336
2026-03-12 22:00:00,19.9,24.2,37,947.1,4.5,241,0.0,22,3,3,43.5,29.0,37.8,78.4,21.9,12.0,39.983333333333334,57.65833333333333,50.333333333333336
2026-03-12 23:00:00,25.8,23.2,41,947.0,2.6,254,0.0,23,3,3,19.9,33.3,51.1,57.3,27.1,12.0,37.0,52.78333333333334,50.25
2026-03-13 00:00:00,31.9,23.0,47,947.2,0.7,284,0.0,0,4,3,25.8,43.5,45.2,74.1,35.9,16.1,32.78333333333334,50.15833333333333,50.19583333333333
2026-03-13 01:00:00,19.7,22.0,50,947.4,1.3,352,0.0,1,4,3,31.9,19.9,29.0,67.1,47.5,33.7,30.566666666666663,46.64166666666666,50.02916666666667
2026-03-13 02:00:00,35.6,22.8,46,948.3,1.7,148,0.0,2,4,3,19.7,25.8,33.3,78.8,28.5,26.2,29.016666666666666,42.69166666666666,48.87083333333333
2026-03-13 03:00:00,27.6,26.2,35,949.9,3.4,47,0.0,3,4,3,35.6,31.9,43.5,96.3,44.9,31.5,29.400000000000002,39.09166666666667,49.166666666666664
2026-03-13 04:00:00,30.1,29.2,25,950.8,6.1,47,0.0,4,4,3,27.6,19.7,19.9,37.8,46.7,39.7,26.75,33.36666666666667,48.44583333333333
2026-03-13 05:00:00,12.0,32.2,19,951.0,9.2,57,0.0,5,4,3,30.1,35.6,25.8,51.1,61.3,34.4,28.45,32.725,47.75416666666667
2026-03-13 06:00:00,39.4,34.0,16,950.7,10.4,72,0.0,6,4,3,12.0,27.6,31.9,45.2,53.3,30.0,26.149999999999995,29.466666666666665,45.70000000000001
2026-03-13 07:00:00,65.5,35.6,13,949.8,8.8,70,0.0,7,4,3,39.4,30.1,19.7,29.0,48.5,27.9,27.400000000000002,28.983333333333334,45.12083333333333
2026-03-13 08:00:00,63.8,36.1,12,948.6,7.5,60,0.0,8,4,3,65.5,12.0,35.6,33.3,55.5,65.9,35.03333333333334,32.025,45.82916666666666
2026-03-13 09:00:00,86.3,36.5,12,947.7,7.5,53,0.0,9,4,3,63.8,39.4,27.6,43.5,45.0,58.7,39.73333333333334,34.56666666666666,46.17499999999999
2026-03-13 10:00:00,78.4,36.4,11,947.0,7.3,57,0.0,10,4,3,86.3,65.5,30.1,19.9,78.4,62.3,49.51666666666667,38.13333333333333,47.895833333333336
2026-03-13 11:00:00,59.6,35.9,11,946.6,8.4,75,0.0,11,4,3,78.4,63.8,12.0,25.8,57.3,63.1,57.56666666666666,43.00833333333333,47.895833333333336
2026-03-13 12:00:00,65.7,35.5,12,946.7,6.4,32,0.0,12,4,3,59.6,86.3,39.4,31.9,74.1,56.8,65.5,45.824999999999996,47.991666666666674
2026-03-13 13:00:00,73.6,34.2,13,946.7,4.3,28,0.0,13,4,3,65.7,78.4,65.5,19.7,67.1,73.0,69.88333333333334,48.64166666666667,47.64166666666666
2026-03-13 14:00:00,67.2,32.6,14,947.1,7.8,53,0.0,14,4,3,73.6,59.6,63.8,35.6,78.8,87.8,71.23333333333333,53.133333333333326,47.9125
2026-03-13 15:00:00,49.8,30.4,17,948.0,11.4,239,0.0,15,4,3,67.2,65.7,86.3,27.6,96.3,62.4,71.8,55.76666666666667,47.429166666666674
2026-03-13 16:00:00,35.0,28.6,29,949.1,11.9,266,0.0,16,4,3,49.8,73.6,78.4,30.1,37.8,59.1,65.71666666666665,57.616666666666674,45.49166666666667
2026-03-13 17:00:00,27.2,27.5,34,949.2,10.4,250,0.0,17,4,3,35.0,67.2,59.6,12.0,51.1,42.4,58.48333333333333,58.025,45.375
2026-03-13 18:00:00,41.3,26.8,35,949.2,8.3,270,0.0,18,4,3,27.2,49.8,65.7,39.4,45.2,52.9,53.083333333333336,59.291666666666664,44.37916666666667
2026-03-13 19:00:00,39.3,26.1,33,948.7,9.2,242,0.0,19,4,3,41.3,35.0,73.6,65.5,29.0,23.2,49.01666666666667,59.45000000000001,44.21666666666667
2026-03-13 20:00:00,32.7,25.6,32,948.5,5.5,224,0.0,20,4,3,39.3,27.2,67.2,63.8,33.3,18.0,43.300000000000004,57.26666666666667,44.645833333333336
2026-03-13 21:00:00,12.4,25.1,32,947.9,6.9,229,0.0,21,4,3,32.7,41.3,49.8,86.3,43.5,12.0,37.550000000000004,54.67499999999999,44.62083333333334
2026-03-13 22:00:00,35.9,24.7,32,947.4,8.2,248,0.0,22,4,3,12.4,39.3,35.0,78.4,19.9,21.9,31.316666666666666,48.51666666666667,43.324999999999996
2026-03-13 23:00:00,26.0,24.2,33,947.3,4.9,242,0.0,23,4,3,35.9,32.7,27.2,59.6,25.8,27.1,31.46666666666667,44.975,43.99166666666667
2026-03-14 00:00:00,12.0,24.0,35,947.8,8.8,239,0.0,0,5,3,26.0,12.4,41.3,65.7,31.9,35.9,31.26666666666667,42.175000000000004,44.0
2026-03-14 01:00:00,24.7,23.1,37,948.5,4.2,250,0.0,1,5,3,12.0,35.9,39.3,73.6,19.7,47.5,26.383333333333336,37.699999999999996,43.17083333333333
2026-03-14 02:00:00,19.3,23.9,35,949.3,4.4,238,0.0,2,5,3,24.7,26.0,32.7,67.2,35.6,28.5,23.95,33.625,43.37916666666666
2026-03-14 03:00:00,42.3,27.1,28,950.7,3.6,243,0.0,3,5,3,19.3,12.0,12.4,49.8,27.6,44.9,21.71666666666667,29.633333333333336,42.699999999999996
2026-03-14 04:00:00,73.9,30.4,21,951.8,2.2,318,0.0,4,5,3,42.3,24.7,35.9,35.0,30.1,46.7,26.7,29.008333333333336,43.3125
2026-03-14 05:00:00,54.5,32.8,17,952.2,4.2,355,0.0,5,5,3,73.9,19.3,26.0,27.2,12.0,61.3,33.03333333333333,32.25,45.137499999999996
2026-03-14 06:00:00,68.5,33.8,16,951.8,5.0,347,0.0,6,5,3,54.5,42.3,12.0,41.3,39.4,53.3,37.78333333333333,34.525,46.90833333333333
2026-03-14 07:00:00,45.9,35.4,14,951.1,3.8,335,0.0,7,5,3,68.5,73.9,24.7,39.3,65.5,48.5,47.199999999999996,36.791666666666664,48.12083333333333
2026-03-14 08:00:00,75.0,36.2,14,949.8,3.5,282,0.0,8,5,3,45.9,54.5,19.3,32.7,63.8,55.5,50.73333333333334,37.34166666666666,47.30416666666667
2026-03-14 09:00:00,74.5,35.8,14,948.8,4.2,245,0.0,9,5,3,75.0,68.5,42.3,12.4,86.3,45.0,60.01666666666667,40.86666666666667,47.770833333333336
2026-03-14 10:00:00,93.4,35.7,13,948.1,1.8,174,0.0,10,5,3,74.5,45.9,73.9,35.9,78.4,78.4,65.38333333333333,46.041666666666664,47.27916666666667
2026-03-14 11:00:00,79.0,36.0,13,947.3,3.0,17,0.0,11,5,3,93.4,75.0,54.5,26.0,59.6,57.3,68.63333333333334,50.833333333333336,47.90416666666666
2026-03-14 12:00:00,110.4,36.0,10,947.3,3.3,354,0.0,12,5,3,79.0,74.5,68.5,12.0,65.7,74.1,72.71666666666667,55.25,48.7125
2026-03-14 13:00:00,26.3,30.5,32,948.0,20.9,281,0.0,13,5,3,110.4,93.4,45.9,24.7,73.6,67.1,79.7,63.45000000000001,50.574999999999996
2026-03-14 14:00:00,49.7,29.4,30,948.9,14.1,266,0.0,14,5,3,26.3,79.0,75.0,19.3,67.2,78.8,76.43333333333332,63.583333333333336,48.604166666666664
2026-03-14 15:00:00,54.3,28.1,30,950.0,10.1,270,0.0,15,5,3,49.7,110.4,74.5,42.3,49.8,96.3,72.21666666666668,66.11666666666667,47.875
2026-03-14 16:00:00,46.9,27.4,30,950.2,10.1,268,0.0,16,5,3,54.3,26.3,93.4,73.9,35.0,37.8,68.85000000000001,67.11666666666666,48.0625
2026-03-14 17:00:00,49.3,26.9,29,950.8,7.4,247,0.0,17,5,3,46.9,49.7,79.0,54.5,27.2,51.1,61.1,64.86666666666666,48.55833333333334
2026-03-14 18:00:00,28.7,26.3,28,950.6,7.1,249,0.0,18,5,3,49.3,54.3,110.4,68.5,41.3,45.2,56.15,64.43333333333334,49.479166666666664
2026-03-14 19:00:00,33.9,25.7,26,950.0,6.3,263,0.0,19,5,3,28.7,46.9,26.3,45.9,39.3,29.0,42.53333333333333,61.11666666666667,48.95416666666667
2026-03-14 20:00:00,23.9,25.3,25,949.3,8.1,249,0.0,20,5,3,33.9,49.3,49.7,75.0,32.7,33.3,43.79999999999999,60.116666666666674,48.729166666666664
2026-03-14 21:00:00,12.2,24.8,24,948.7,9.3,246,0.0,21,5,3,23.9,28.7,54.3,74.5,12.4,43.5,39.5,55.85833333333334,48.362500000000004
2026-03-14 22:00:00,26.6,24.3,24,948.4,8.8,239,0.0,22,5,3,12.2,33.9,46.9,93.4,35.9,19.9,32.48333333333333,50.666666666666664,48.354166666666664
2026-03-14 23:00:00,12.0,23.8,25,948.2,9.0,237,0.0,23,5,3,26.6,23.9,49.3,79.0,26.0,25.8,29.099999999999998,45.099999999999994,47.96666666666667
2026-03-15 00:00:00,12.0,23.5,28,948.6,9.4,258,0.0,0,6,3,12.0,12.2,28.7,110.4,12.0,31.9,22.88333333333333,39.516666666666666,47.38333333333333
2026-03-15 01:00:00,12.0,23.0,31,949.1,8.3,254,0.0,1,6,3,12.0,26.6,33.9,26.3,24.7,19.7,20.1,31.316666666666663,47.38333333333333
2026-03-15 02:00:00,12.0,23.5,30,949.9,7.6,242,0.0,2,6,3,12.0,12.0,23.9,49.7,19.3,35.6,16.45,30.125,46.854166666666664
2026-03-15 03:00:00,35.0,26.3,25,951.5,5.6,272,0.0,3,6,3,12.0,12.0,12.2,54.3,42.3,27.6,14.466666666666669,26.98333333333333,46.550000000000004
2026-03-15 04:00:00,39.8,28.9,19,952.7,5.8,290,0.0,4,6,3,35.0,12.0,26.6,46.9,73.9,30.1,18.26666666666667,25.375,46.24583333333333
2026-03-15 05:00:00,47.3,31.2,16,953.0,5.0,296,0.0,5,6,3,39.8,12.0,12.0,49.3,54.5,12.0,20.466666666666665,24.78333333333333,44.82500000000001
2026-03-15 06:00:00,55.9,32.6,16,952.7,8.9,289,0.0,6,6,3,47.3,35.0,12.0,28.7,68.5,39.4,26.349999999999998,24.616666666666664,44.525000000000006
2026-03-15 07:00:00,43.0,34.3,14,951.7,11.0,289,0.0,7,6,3,55.9,39.8,12.0,33.9,45.9,65.5,33.666666666666664,26.883333333333336,44.0
2026-03-15 08:00:00,36.6,34.8,14,950.5,13.5,286,0.0,8,6,3,43.0,47.3,12.0,23.9,75.0,63.8,38.833333333333336,27.64166666666667,43.87916666666666
2026-03-15 09:00:00,29.4,34.7,15,949.6,15.0,286,0.0,9,6,3,36.6,55.9,35.0,12.2,74.5,86.3,42.93333333333334,28.7,42.27916666666666
2026-03-15 10:00:00,42.4,34.3,16,949.0,15.1,285,0.0,10,6,3,29.4,43.0,39.8,26.6,93.4,78.4,42.0,30.133333333333336,40.4
2026-03-15 11:00:00,44.3,34.0,17,948.7,13.6,292,0.0,11,6,3,42.4,36.6,47.3,12.0,79.0,59.6,42.43333333333333,31.45,38.275
2026-03-15 12:00:00,59.7,32.5,20,948.8,16.3,298,0.0,12,6,3,44.3,29.4,55.9,12.0,110.4,65.7,41.93333333333333,34.141666666666666,36.829166666666666
2026-03-15 13:00:00,40.3,31.1,21,948.6,15.3,290,0.0,13,6,3,59.7,42.4,43.0,12.0,26.3,73.6,42.56666666666666,38.11666666666667,34.71666666666667
2026-03-15 14:00:00,60.5,29.3,25,948.9,14.8,276,0.0,14,6,3,40.3,44.3,36.6,12.0,49.7,67.2,42.11666666666667,40.475,35.3
2026-03-15 15:00:00,40.5,27.6,33,949.2,12.5,276,0.0,15,6,3,60.5,59.7,29.4,35.0,54.3,49.8,46.1,44.51666666666666,35.75
2026-03-15 16:00:00,32.8,25.9,43,950.1,10.3,272,0.0,16,6,3,40.5,40.3,42.4,39.8,46.9,35.0,47.949999999999996,44.974999999999994,35.175
2026-03-15 17:00:00,40.7,24.5,51,950.6,8.8,259,0.0,17,6,3,32.8,60.5,44.3,47.3,49.3,27.2,46.35,44.39166666666667,34.5875
2026-03-15 18:00:00,37.6,23.5,57,950.2,8.3,246,0.0,18,6,3,40.7,40.5,59.7,55.9,28.7,41.3,45.75,43.84166666666667,34.229166666666664
2026-03-15 19:00:00,33.5,23.1,56,949.2,7.9,231,0.0,19,6,3,37.6,32.8,40.3,43.0,33.9,39.3,42.06666666666667,42.31666666666666,34.6
2026-03-15 20:00:00,15.0,22.7,53,948.2,7.7,234,0.0,20,6,3,33.5,40.7,60.5,36.6,23.9,32.7,40.93333333333333,41.525,34.583333333333336
2026-03-15 21:00:00,18.8,22.0,52,947.4,6.1,251,0.0,21,6,3,15.0,37.6,40.5,29.4,12.2,12.4,33.35,39.725,34.2125
2026-03-15 22:00:00,26.0,21.2,54,947.3,5.9,256,0.0,22,6,3,18.8,33.5,32.8,42.4,26.6,35.9,29.733333333333334,38.84166666666666,34.4875
2026-03-15 23:00:00,17.2,20.5,55,947.1,4.1,241,0.0,23,6,3,26.0,15.0,40.7,44.3,12.0,26.0,28.600000000000005,37.475,34.4625
2026-03-16 00:00:00,31.9,20.3,55,947.4,6.8,253,0.0,0,0,3,17.2,18.8,37.6,59.7,12.0,12.0,24.683333333333334,35.21666666666666,34.67916666666667
2026-03-16 01:00:00,35.3,20.1,56,948.1,4.3,237,0.0,1,0,3,31.9,26.0,33.5,40.3,12.0,24.7,23.733333333333334,32.9,35.50833333333333
2026-03-16 02:00:00,40.5,20.7,54,948.9,2.4,163,0.0,2,0,3,35.3,17.2,15.0,60.5,12.0,19.3,24.03333333333333,32.48333333333333,36.479166666666664
2026-03-16 03:00:00,45.2,23.5,44,950.5,1.9,56,0.0,3,0,3,40.5,31.9,18.8,40.5,35.0,42.3,28.28333333333333,30.816666666666663,37.666666666666664
2026-03-16 04:00:00,49.8,26.8,30,951.6,2.6,335,0.0,4,0,3,45.2,35.3,26.0,32.8,39.8,73.9,32.68333333333333,31.208333333333332,38.09166666666666
2026-03-16 05:00:00,48.9,29.4,20,951.7,5.1,324,0.0,5,0,3,49.8,40.5,17.2,40.7,47.3,54.5,36.65,32.625,38.50833333333333
2026-03-16 06:00:00,53.5,30.7,20,951.2,7.1,322,0.0,6,0,3,48.9,45.2,31.9,37.6,55.9,68.5,41.93333333333333,33.30833333333333,38.575
2026-03-16 07:00:00,31.7,32.6,18,950.4,8.6,300,0.0,7,0,3,53.5,49.8,35.3,33.5,43.0,45.9,45.53333333333333,34.63333333333333,38.475
2026-03-16 08:00:00,47.1,33.8,16,949.2,11.3,292,0.0,8,0,3,31.7,48.9,40.5,15.0,36.6,75.0,44.93333333333333,34.483333333333334,38.00416666666666
2026-03-16 09:00:00,49.5,34.1,15,948.1,14.6,291,0.0,9,0,3,47.1,53.5,45.2,18.8,29.4,74.5,46.03333333333333,37.15833333333334,38.44166666666667
2026-03-16 10:00:00,39.1,33.6,18,947.5,17.1,285,0.0,10,0,3,49.5,31.7,49.8,26.0,42.4,93.4,46.75,39.71666666666667,39.27916666666666
2026-03-16 11:00:00,41.9,32.7,20,947.4,16.8,265,0.0,11,0,3,39.1,47.1,48.9,17.2,44.3,79.0,44.96666666666667,40.80833333333333,39.141666666666666
2026-03-16 12:00:00,59.5,32.0,21,947.3,13.3,269,0.0,12,0,3,41.9,49.5,53.5,31.9,59.7,110.4,43.800000000000004,42.86666666666667,39.041666666666664
2026-03-16 13:00:00,66.1,30.5,23,947.5,12.3,282,0.0,13,0,3,59.5,39.1,31.7,35.3,40.3,26.3,44.800000000000004,45.166666666666664,39.03333333333333
2026-03-16 14:00:00,70.6,28.9,27,948.1,12.2,284,0.0,14,0,3,66.1,41.9,47.1,40.5,60.5,49.7,50.53333333333333,47.73333333333334,40.108333333333334
2026-03-16 15:00:00,42.2,27.1,36,948.6,10.8,266,0.0,15,0,3,70.6,59.5,49.5,45.2,40.5,54.3,54.45000000000001,50.24166666666667,40.52916666666667
2026-03-16 16:00:00,44.7,25.6,44,949.1,10.2,260,0.0,16,0,3,42.2,66.1,39.1,49.8,32.8,46.9,53.23333333333334,49.99166666666667,40.6
2026-03-16 17:00:00,23.0,24.3,51,949.0,9.6,265,0.0,17,0,3,44.7,70.6,41.9,48.9,40.7,49.3,54.166666666666664,49.56666666666667,41.09583333333333
2026-03-16 18:00:00,38.8,23.4,58,948.9,9.4,263,0.0,18,0,3,23.0,42.2,59.5,53.5,37.6,28.7,51.01666666666667,47.40833333333334,40.358333333333334
2026-03-16 19:00:00,47.5,22.6,64,948.7,7.9,266,0.0,19,0,3,38.8,44.7,66.1,31.7,33.5,33.9,47.56666666666666,46.18333333333334,40.40833333333333
2026-03-16 20:00:00,42.0,21.7,70,948.0,6.5,270,0.0,20,0,3,47.5,23.0,70.6,47.1,15.0,23.9,44.46666666666667,47.5,40.99166666666667
2026-03-16 21:00:00,21.6,21.0,74,947.5,5.8,268,0.0,21,0,3,42.0,38.8,42.2,49.5,18.8,12.2,39.699999999999996,47.074999999999996,42.11666666666667
2026-03-16 22:00:00,28.3,20.4,76,947.0,5.8,261,0.0,22,0,3,21.6,47.5,44.7,39.1,26.0,26.6,36.26666666666667,44.75,42.233333333333334
2026-03-16 23:00:00,16.3,19.8,76,946.7,5.5,261,0.0,23,0,3,28.3,42.0,23.0,41.9,17.2,12.0,33.53333333333333,43.85,42.329166666666666
2026-03-17 00:00:00,17.9,19.5,78,946.9,2.8,220,0.0,0,1,3,16.3,21.6,38.8,59.5,31.9,12.0,32.416666666666664,41.71666666666666,42.291666666666664
2026-03-17 01:00:00,31.8,19.5,74,947.3,2.2,204,0.0,1,1,3,17.9,28.3,47.5,66.1,35.3,12.0,28.933333333333334,38.25,41.708333333333336
2026-03-17 02:00:00,12.0,20.4,67,948.3,3.6,87,0.0,2,1,3,31.8,16.3,42.0,70.6,40.5,12.0,26.316666666666666,35.391666666666666,41.5625
2026-03-17 03:00:00,23.2,23.2,53,949.8,3.5,81,0.0,3,1,3,12.0,17.9,21.6,42.2,45.2,35.0,21.316666666666666,30.50833333333333,40.375
2026-03-17 04:00:00,67.3,26.6,34,950.8,2.8,50,0.0,4,1,3,23.2,31.8,28.3,44.7,49.8,39.8,21.583333333333332,28.925,39.458333333333336
2026-03-17 05:00:00,50.0,29.3,22,951.1,3.5,12,0.0,5,1,3,67.3,12.0,16.3,23.0,48.9,47.3,28.083333333333332,30.808333333333337,40.1875
2026-03-17 06:00:00,56.6,30.4,19,950.9,3.3,9,0.0,6,1,3,50.0,23.2,17.9,38.8,53.5,55.9,33.699999999999996,33.05833333333334,40.23333333333333
2026-03-17 07:00:00,52.6,32.6,16,950.0,4.0,328,0.0,7,1,3,56.6,67.3,31.8,47.5,31.7,43.0,40.15,34.541666666666664,40.3625
2026-03-17 08:00:00,68.2,33.7,15,948.9,5.7,305,0.0,8,1,3,52.6,50.0,12.0,42.0,47.1,36.6,43.61666666666667,34.96666666666667,41.233333333333334
2026-03-17 09:00:00,57.2,34.2,16,947.5,10.3,276,0.0,9,1,3,68.2,56.6,23.2,21.6,49.5,29.4,52.98333333333333,37.15,42.112500000000004
2026-03-17 10:00:00,46.5,34.1,17,946.9,14.5,258,0.0,10,1,3,57.2,52.6,67.3,28.3,39.1,42.4,58.650000000000006,40.11666666666667,42.43333333333333
2026-03-17 11:00:00,52.8,32.8,18,946.5,17.0,257,0.0,11,1,3,46.5,68.2,50.0,16.3,41.9,44.3,55.18333333333334,41.63333333333333,42.74166666666667
2026-03-17 12:00:00,40.9,31.6,21,946.4,16.4,266,0.0,12,1,3,52.8,57.2,56.6,17.9,59.5,59.7,55.65,44.675000000000004,43.19583333333333
2026-03-17 13:00:00,51.5,29.8,28,947.0,15.7,271,0.0,13,1,3,40.9,46.5,52.6,31.8,66.1,40.3,53.03333333333333,46.59166666666667,42.420833333333334
2026-03-17 14:00:00,28.8,27.3,49,947.7,14.8,284,0.0,14,1,3,51.5,52.8,68.2,12.0,70.6,60.5,52.85,48.23333333333333,41.8125
2026-03-17 15:00:00,54.4,25.7,59,948.2,12.1,288,0.0,15,1,3,28.8,40.9,57.2,23.2,42.2,40.5,46.28333333333333,49.63333333333333,40.07083333333333
2026-03-17 16:00:00,55.4,24.5,62,949.0,10.7,290,0.0,16,1,3,54.4,51.5,46.5,67.3,44.7,32.8,45.81666666666666,52.23333333333334,40.57916666666667
2026-03-17 17:00:00,64.7,23.5,64,949.0,6.5,283,0.0,17,1,3,55.4,28.8,52.8,50.0,23.0,40.7,47.300000000000004,51.24166666666667,41.025
2026-03-17 18:00:00,30.8,22.9,66,948.5,7.1,255,0.0,18,1,3,64.7,54.4,40.9,56.6,38.8,37.6,49.28333333333333,52.46666666666666,42.762499999999996
2026-03-17 19:00:00,17.3,22.5,68,948.4,5.4,222,0.0,19,1,3,30.8,55.4,51.5,52.6,47.5,33.5,47.599999999999994,50.31666666666666,42.42916666666667
2026-03-17 20:00:00,53.3,22.4,70,948.4,8.5,186,0.0,20,1,3,17.3,64.7,28.8,68.2,42.0,15.0,41.9,47.375,41.170833333333334
2026-03-17 21:00:00,36.7,22.1,72,947.5,3.2,270,0.0,21,1,3,53.3,30.8,54.4,57.2,21.6,18.8,45.98333333333333,46.13333333333333,41.641666666666666
2026-03-17 22:00:00,36.3,21.6,74,947.9,4.4,52,0.0,22,1,3,36.7,17.3,55.4,46.5,28.3,26.0,43.03333333333333,44.425000000000004,42.270833333333336
2026-03-17 23:00:00,13.3,21.1,75,948.2,2.1,322,0.0,23,1,3,36.3,53.3,64.7,52.8,16.3,17.2,39.85,43.574999999999996,42.604166666666664
2026-03-18 00:00:00,12.0,21.0,75,948.3,0.6,146,0.0,0,2,3,13.3,36.7,30.8,40.9,17.9,31.9,31.28333333333333,40.28333333333333,42.479166666666664
2026-03-18 01:00:00,39.6,20.9,75,948.7,2.3,108,0.0,1,2,3,12.0,36.3,17.3,51.5,31.8,35.3,28.149999999999995,37.875,42.233333333333334
2026-03-18 02:00:00,36.5,21.6,70,949.4,1.5,97,0.0,2,2,3,39.6,13.3,53.3,28.8,12.0,40.5,31.866666666666664,36.88333333333333,42.55833333333334
2026-03-18 03:00:00,35.5,23.9,57,950.4,3.5,51,0.0,3,2,3,36.5,12.0,36.7,54.4,23.2,45.2,29.066666666666663,37.525,43.57916666666667
2026-03-18 04:00:00,44.4,26.8,45,951.2,5.0,64,0.0,4,2,3,35.5,39.6,36.3,55.4,67.3,49.8,28.866666666666664,35.949999999999996,44.09166666666667
2026-03-18 05:00:00,45.7,29.7,34,951.3,3.6,72,0.0,5,2,3,44.4,36.5,13.3,64.7,50.0,48.9,30.216666666666665,35.03333333333333,43.137499999999996
2026-03-18 06:00:00,66.5,31.4,26,951.3,4.2,121,0.0,6,2,3,45.7,35.5,12.0,30.8,56.6,53.5,35.61666666666667,33.449999999999996,42.958333333333336
2026-03-18 07:00:00,52.4,33.3,21,950.7,1.8,143,0.0,7,2,3,66.5,44.4,39.6,17.3,52.6,31.7,44.70000000000001,36.425000000000004,43.37083333333334
2026-03-18 08:00:00,68.5,34.1,20,949.5,3.2,207,0.0,8,2,3,52.4,45.7,36.5,53.3,68.2,47.1,46.833333333333336,39.35,43.362500000000004
2026-03-18 09:00:00,69.6,33.7,20,948.5,6.0,260,0.0,9,2,3,68.5,66.5,35.5,36.7,57.2,49.5,52.166666666666664,40.61666666666667,43.375
2026-03-18 10:00:00,63.1,33.0,21,947.7,14.2,252,0.0,10,2,3,69.6,52.4,44.4,36.3,46.5,39.1,57.85,43.35833333333333,43.89166666666667
2026-03-18 11:00:00,52.0,29.9,25,947.9,12.8,204,0.1,11,2,3,63.1,68.5,45.7,13.3,52.8,41.9,60.96666666666667,45.59166666666667,44.583333333333336
2026-03-18 12:00:00,76.0,30.4,23,947.3,6.0,69,0.0,12,2,3,52.0,69.6,66.5,12.0,40.9,59.5,62.01666666666667,48.81666666666666,44.550000000000004
2026-03-18 13:00:00,65.1,28.9,26,947.8,10.5,110,0.0,13,2,3,76.0,63.1,52.4,39.6,51.5,66.1,63.6,54.15,46.01250000000001
2026-03-18 14:00:00,74.4,27.7,30,948.8,9.6,287,0.0,14,2,3,65.1,52.0,68.5,36.5,28.8,70.6,65.71666666666665,56.275000000000006,46.57916666666667
2026-03-18 15:00:00,57.2,25.3,55,949.7,11.4,299,0.0,15,2,3,74.4,76.0,69.6,35.5,54.4,42.2,66.7,59.43333333333334,48.479166666666664
2026-03-18 16:00:00,53.7,24.1,61,950.4,8.6,254,0.0,16,2,3,57.2,65.1,63.1,44.4,55.4,44.7,64.63333333333334,61.241666666666674,48.59583333333333
2026-03-18 17:00:00,52.1,23.6,64,950.6,8.2,255,0.0,17,2,3,53.7,74.4,52.0,45.7,64.7,23.0,63.06666666666666,62.01666666666666,48.525
2026-03-18 18:00:00,45.7,23.2,67,950.3,5.2,256,0.0,18,2,3,52.1,57.2,76.0,66.5,30.8,38.8,63.083333333333336,62.550000000000004,48.0
2026-03-18 19:00:00,51.4,22.6,70,950.1,5.7,252,0.0,19,2,3,45.7,53.7,65.1,52.4,17.3,47.5,58.03333333333333,60.81666666666667,48.62083333333333
2026-03-18 20:00:00,32.6,21.8,75,949.4,5.8,263,0.0,20,2,3,51.4,52.1,74.4,68.5,53.3,42.0,55.75000000000001,60.73333333333334,50.041666666666664
2026-03-18 21:00:00,12.0,21.1,79,948.8,6.2,248,0.0,21,2,3,32.6,45.7,57.2,69.6,36.7,21.6,48.78333333333333,57.74166666666667,49.17916666666667
2026-03-18 22:00:00,12.0,20.8,79,948.6,5.2,245,0.0,22,2,3,12.0,51.4,53.7,63.1,36.3,28.3,41.25000000000001,52.94166666666667,48.15
2026-03-18 23:00:00,12.0,20.7,77,948.8,4.5,230,0.0,23,2,3,12.0,32.6,52.1,52.0,13.3,16.3,34.300000000000004,48.68333333333334,47.137499999999996
2026-03-19 00:00:00,42.5,20.9,81,949.8,1.0,149,0.0,0,3,3,12.0,12.0,45.7,76.0,12.0,17.9,27.61666666666667,45.35,47.083333333333336
2026-03-19 01:00:00,15.0,20.8,82,950.4,0.6,342,0.0,1,3,3,42.5,12.0,51.4,65.1,39.6,31.8,27.083333333333332,42.55833333333333,48.354166666666664
2026-03-19 02:00:00,36.4,21.2,79,951.2,1.6,6,0.0,2,3,3,15.0,12.0,32.6,74.4,36.5,12.0,21.016666666666666,38.38333333333333,47.32916666666666
2026-03-19 03:00:00,57.0,23.6,66,952.4,2.1,322,0.0,3,3,3,36.4,42.5,12.0,57.2,35.5,23.2,21.650000000000002,35.21666666666667,47.324999999999996
2026-03-19 04:00:00,26.4,26.7,49,953.1,1.4,23,0.0,4,3,3,57.0,15.0,12.0,53.7,44.4,67.3,29.150000000000002,35.2,48.22083333333333
2026-03-19 05:00:00,71.1,29.3,36,953.2,1.2,39,0.0,5,3,3,26.4,36.4,12.0,52.1,45.7,50.0,31.55,32.925000000000004,47.47083333333334
2026-03-19 06:00:00,62.1,30.6,30,952.6,3.1,291,0.0,6,3,3,71.1,57.0,42.5,45.7,66.5,56.6,41.4,34.50833333333333,48.52916666666667
2026-03-19 07:00:00,46.1,32.3,25,952.0,7.1,277,0.0,7,3,3,62.1,26.4,15.0,51.4,52.4,52.6,44.666666666666664,35.875,48.34583333333333
2026-03-19 08:00:00,68.7,32.9,24,950.6,9.4,281,0.0,8,3,3,46.1,71.1,36.4,32.6,68.5,68.2,49.85,35.43333333333333,48.083333333333336
2026-03-19 09:00:00,40.4,31.8,26,949.5,14.1,276,0.1,9,3,3,68.7,62.1,57.0,12.0,69.6,57.2,55.23333333333334,38.44166666666667,48.09166666666667
2026-03-19 10:00:00,46.2,31.8,23,948.4,11.7,291,0.0,10,3,3,40.4,46.1,26.4,12.0,63.1,46.5,52.46666666666666,40.80833333333333,46.875
2026-03-19 11:00:00,49.3,30.8,25,948.0,17.1,281,0.0,11,3,3,46.2,68.7,71.1,12.0,52.0,52.8,55.76666666666667,43.65833333333333,46.17083333333333
2026-03-19 12:00:00,39.5,30.1,23,948.2,18.4,273,0.0,12,3,3,49.3,40.4,62.1,42.5,76.0,40.9,52.133333333333326,46.76666666666667,46.05833333333333
2026-03-19 13:00:00,66.6,28.3,29,948.4,14.2,267,0.0,13,3,3,39.5,46.2,46.1,15.0,65.1,51.5,48.36666666666667,46.51666666666667,44.537499999999994
2026-03-19 14:00:00,51.6,26.0,51,949.1,14.4,279,0.0,14,3,3,66.6,49.3,68.7,36.4,74.4,28.8,51.78333333333333,50.81666666666666,44.6
2026-03-19 15:00:00,31.8,24.2,66,951.0,12.6,283,0.0,15,3,3,51.6,39.5,40.4,57.0,57.2,54.4,48.93333333333334,52.083333333333336,43.650000000000006
2026-03-19 16:00:00,51.8,23.1,70,951.8,10.7,286,0.0,16,3,3,31.8,66.6,46.2,26.4,53.7,55.4,47.5,49.98333333333334,42.59166666666666
2026-03-19 17:00:00,50.6,22.2,76,951.7,8.5,282,0.0,17,3,3,51.8,51.6,49.3,71.1,52.1,64.7,48.43333333333334,52.099999999999994,42.5125
2026-03-19 18:00:00,37.6,21.6,80,951.0,8.1,273,0.0,18,3,3,50.6,31.8,39.5,62.1,45.7,30.8,48.65,50.39166666666667,42.45
2026-03-19 19:00:00,37.0,20.9,85,951.1,7.6,282,0.0,19,3,3,37.6,51.8,66.6,46.1,51.4,17.3,48.333333333333336,48.35,42.112500000000004
2026-03-19 20:00:00,43.5,20.8,87,950.8,2.1,20,0.0,20,3,3,37.0,50.6,51.6,68.7,32.6,53.3,43.4,47.59166666666667,41.512499999999996
2026-03-19 21:00:00,12.0,20.5,89,949.8,3.4,96,0.0,21,3,3,43.5,37.6,31.8,40.4,12.0,36.7,42.050000000000004,45.49166666666667,41.96666666666667
2026-03-19 22:00:00,12.0,20.2,88,949.3,4.3,132,0.0,22,3,3,12.0,37.0,51.8,46.2,12.0,36.3,38.75,43.125,41.96666666666667
2026-03-19 23:00:00,25.5,19.8,88,948.8,4.4,171,0.0,23,3,3,12.0,43.5,50.6,49.3,12.0,13.3,32.11666666666667,40.275,41.96666666666667
2026-03-20 00:00:00,27.3,19.0,91,948.6,2.8,195,0.0,0,4,3,25.5,12.0,37.6,39.5,42.5,12.0,27.933333333333334,38.291666666666664,42.52916666666667
2026-03-20 01:00:00,28.9,18.8,92,949.0,2.4,222,0.0,1,4,3,27.3,12.0,37.0,66.6,15.0,39.6,26.21666666666667,37.275,41.895833333333336
2026-03-20 02:00:00,14.9,19.1,89,949.6,2.8,220,0.0,2,4,3,28.9,25.5,43.5,51.6,36.4,36.5,24.866666666666664,34.13333333333333,42.475
2026-03-20 03:00:00,26.7,21.8,71,950.5,0.7,256,0.0,3,4,3,14.9,27.3,12.0,31.8,57.0,35.5,20.099999999999998,31.075,41.579166666666666
2026-03-20 04:00:00,24.7,25.0,53,951.5,2.0,333,0.0,4,4,3,26.7,28.9,12.0,51.8,26.4,44.4,22.55,30.650000000000002,40.31666666666667
2026-03-20 05:00:00,51.3,28.0,39,951.8,5.1,318,0.0,5,4,3,24.7,14.9,25.5,50.6,71.1,45.7,24.666666666666668,28.391666666666666,40.24583333333333
2026-03-20 06:00:00,38.7,29.7,27,951.2,5.9,301,0.0,6,4,3,51.3,26.7,27.3,37.6,62.1,66.5,28.96666666666667,28.45,39.420833333333334
2026-03-20 07:00:00,66.0,31.9,20,950.3,6.3,294,0.0,7,4,3,38.7,24.7,28.9,37.0,46.1,52.4,30.866666666666664,28.541666666666668,38.44583333333333
2026-03-20 08:00:00,47.5,32.9,17,949.1,7.3,301,0.0,8,4,3,66.0,51.3,14.9,43.5,68.7,68.5,37.050000000000004,30.958333333333332,39.275
2026-03-20 09:00:00,66.8,33.3,16,948.1,10.1,299,0.0,9,4,3,47.5,38.7,26.7,12.0,40.4,69.6,42.483333333333334,31.291666666666668,38.39166666666667
2026-03-20 10:00:00,70.5,33.4,16,946.9,12.3,300,0.0,10,4,3,66.8,66.0,24.7,12.0,46.2,63.1,49.166666666666664,35.85833333333333,39.49166666666667
2026-03-20 11:00:00,40.7,32.5,18,946.3,18.3,301,0.0,11,4,3,70.5,47.5,51.3,25.5,49.3,52.0,56.800000000000004,40.73333333333333,40.50416666666667
2026-03-20 12:00:00,56.5,31.5,21,946.7,18.3,295,0.0,12,4,3,40.7,66.8,38.7,27.3,39.5,76.0,55.03333333333333,42.0,40.145833333333336
2026-03-20 13:00:00,44.3,29.4,27,947.3,16.8,298,0.0,13,4,3,56.5,70.5,66.0,28.9,66.6,65.1,58.0,44.43333333333334,40.854166666666664
2026-03-20 14:00:00,46.5,26.9,46,948.0,14.5,284,0.0,14,4,3,44.3,40.7,47.5,14.9,51.6,74.4,54.38333333333333,45.71666666666667,39.925000000000004
2026-03-20 15:00:00,41.4,25.2,59,948.8,11.9,280,0.0,15,4,3,46.5,56.5,66.8,26.7,31.8,57.2,54.21666666666667,48.35,39.7125
2026-03-20 16:00:00,42.6,23.9,68,949.6,10.8,281,0.0,16,4,3,41.4,44.3,70.5,24.7,51.8,53.7,49.98333333333333,49.574999999999996,40.112500000000004
2026-03-20 17:00:00,32.1,22.9,74,949.9,9.8,283,0.0,17,4,3,42.6,46.5,40.7,51.3,50.6,52.1,45.333333333333336,51.06666666666667,39.729166666666664
2026-03-20 18:00:00,38.5,22.3,79,949.5,8.1,257,0.0,18,4,3,32.1,41.4,56.5,38.7,37.6,45.7,43.9,49.46666666666666,38.958333333333336
2026-03-20 19:00:00,21.4,21.8,82,948.9,7.9,259,0.0,19,4,3,38.5,42.6,44.3,66.0,37.0,51.4,40.9,49.449999999999996,38.99583333333334
2026-03-20 20:00:00,13.4,21.2,85,948.6,5.6,277,0.0,20,4,3,21.4,32.1,46.5,47.5,43.5,32.6,37.083333333333336,45.73333333333334,38.34583333333334
2026-03-20 21:00:00,47.4,20.6,87,948.5,0.8,63,0.0,21,4,3,13.4,38.5,41.4,66.8,12.0,12.0,31.566666666666666,42.89166666666667,37.09166666666666
2026-03-20 22:00:00,12.0,20.4,89,948.6,5.4,98,0.0,22,4,3,47.4,21.4,42.6,70.5,12.0,12.0,32.56666666666667,41.275,38.56666666666667
2026-03-20 23:00:00,35.2,20.2,89,948.4,2.7,143,0.0,23,4,3,12.0,13.4,32.1,40.7,25.5,12.0,27.46666666666667,36.4,38.56666666666666
2026-03-21 00:00:00,20.6,19.9,90,948.2,2.3,176,0.0,0,5,3,35.2,47.4,38.5,56.5,27.3,42.5,27.98333333333333,35.94166666666667,38.97083333333333
2026-03-21 01:00:00,22.4,19.8,89,949.0,1.1,171,0.0,1,5,3,20.6,12.0,21.4,44.3,28.9,15.0,25.0,32.949999999999996,38.69166666666667
2026-03-21 02:00:00,49.1,20.6,82,950.0,2.0,85,0.0,2,5,3,22.4,35.2,13.4,46.5,14.9,36.4,25.166666666666668,31.125,38.420833333333334
2026-03-21 03:00:00,21.8,22.8,65,951.3,3.7,67,0.0,3,5,3,49.1,20.6,47.4,41.4,26.7,57.0,31.11666666666667,31.34166666666667,39.84583333333334
2026-03-21 04:00:00,37.6,25.5,47,952.1,6.1,67,0.0,4,5,3,21.8,22.4,12.0,42.6,24.7,26.4,26.849999999999998,29.708333333333332,39.641666666666666
2026-03-21 05:00:00,19.6,28.0,33,952.2,8.1,66,0.0,5,5,3,37.6,49.1,35.2,32.1,51.3,71.1,31.116666666666664,29.291666666666668,40.17916666666667
2026-03-21 06:00:00,56.5,29.2,28,951.9,5.6,61,0.0,6,5,3,19.6,21.8,20.6,38.5,38.7,62.1,28.51666666666667,28.25,38.858333333333334
2026-03-21 07:00:00,68.0,31.2,22,951.1,2.8,63,0.0,7,5,3,56.5,37.6,22.4,21.4,66.0,46.1,34.5,29.75,39.6
2026-03-21 08:00:00,76.2,32.6,20,950.1,0.7,104,0.0,8,5,3,68.0,19.6,49.1,13.4,47.5,68.7,42.1,33.63333333333333,39.68333333333334
2026-03-21 09:00:00,87.6,33.0,19,949.2,1.3,196,0.0,9,5,3,76.2,56.5,21.8,47.4,66.8,40.4,46.61666666666667,38.86666666666667,40.87916666666667
2026-03-21 10:00:00,76.5,33.2,19,948.3,4.3,237,0.0,10,5,3,87.6,68.0,37.6,12.0,70.5,46.2,57.583333333333336,42.21666666666667,41.74583333333333
2026-03-21 11:00:00,77.4,32.8,20,947.4,7.2,243,0.0,11,5,3,76.5,76.2,19.6,35.2,40.7,49.3,64.06666666666668,47.59166666666667,41.99583333333333
2026-03-21 12:00:00,76.0,32.4,20,947.8,3.9,242,0.0,12,5,3,77.4,87.6,56.5,20.6,56.5,39.5,73.7,51.10833333333333,43.525000000000006
2026-03-21 13:00:00,82.1,31.6,21,947.9,3.9,338,0.0,13,5,3,76.0,76.5,68.0,22.4,44.3,66.6,76.95,55.725,44.337500000000006
2026-03-21 14:00:00,66.4,30.1,20,948.7,5.9,20,0.0,14,5,3,82.1,77.4,76.2,49.1,46.5,51.6,79.3,60.699999999999996,45.9125
2026-03-21 15:00:00,61.9,28.3,26,949.7,9.1,260,0.0,15,5,3,66.4,76.0,87.6,21.8,41.4,31.8,77.66666666666667,62.14166666666667,46.74166666666667
2026-03-21 16:00:00,49.7,26.3,42,950.3,8.5,272,0.0,16,5,3,61.9,82.1,76.5,37.6,42.6,51.8,73.38333333333334,65.48333333333333,47.59583333333333
2026-03-21 17:00:00,34.0,25.3,46,950.5,8.9,261,0.0,17,5,3,49.7,66.4,77.4,19.6,32.1,50.6,68.91666666666667,66.49166666666666,47.89166666666667
2026-03-21 18:00:00,78.2,24.3,50,950.3,6.7,270,0.0,18,5,3,34.0,61.9,76.0,56.5,38.5,37.6,61.68333333333334,67.69166666666668,47.97083333333334
2026-03-21 19:00:00,60.2,23.5,54,950.3,2.6,245,0.0,19,5,3,78.2,49.7,82.1,68.0,21.4,37.0,62.050000000000004,69.5,49.625
2026-03-21 20:00:00,40.0,22.8,56,949.6,2.3,238,0.0,20,5,3,60.2,34.0,66.4,76.2,13.4,43.5,58.4,68.85000000000001,51.24166666666667
2026-03-21 21:00:00,32.1,22.1,59,949.0,2.1,250,0.0,21,5,3,40.0,78.2,61.9,87.6,47.4,12.0,54.0,65.83333333333333,52.349999999999994
2026-03-21 22:00:00,47.4,21.7,61,948.8,0.5,225,0.0,22,5,3,32.1,60.2,49.7,76.5,12.0,12.0,49.03333333333333,61.208333333333336,51.712500000000006
2026-03-21 23:00:00,12.0,21.6,56,948.7,0.6,288,0.0,23,5,3,47.4,40.0,34.0,77.4,35.2,25.5,48.65,58.78333333333333,53.1875
2026-03-22 00:00:00,29.6,21.3,51,949.1,3.2,313,0.0,0,6,3,12.0,32.1,78.2,76.0,20.6,27.3,44.98333333333333,53.333333333333336,52.22083333333333
2026-03-22 01:00:00,29.1,20.8,52,950.1,1.3,286,0.0,1,6,3,29.6,47.4,60.2,82.1,22.4,28.9,36.88333333333333,49.46666666666667,52.59583333333334
2026-03-22 02:00:00,21.8,21.8,47,950.8,0.2,180,0.0,2,6,3,29.1,12.0,40.0,66.4,49.1,14.9,31.700000000000003,45.050000000000004,52.875
2026-03-22 03:00:00,41.9,24.5,37,951.9,1.5,60,0.0,3,6,3,21.8,29.6,32.1,61.9,21.8,26.7,28.666666666666668,41.333333333333336,51.737500000000004
2026-03-22 04:00:00,39.5,27.3,30,952.7,4.6,54,0.0,4,6,3,41.9,29.1,47.4,49.7,37.6,24.7,30.3,39.666666666666664,52.574999999999996
2026-03-22 05:00:00,33.0,29.6,25,952.9,7.7,65,0.0,5,6,3,39.5,21.8,12.0,34.0,19.6,51.3,28.983333333333338,38.81666666666667,52.65416666666667
2026-03-22 06:00:00,33.1,31.0,23,952.4,7.1,66,0.0,6,6,3,33.0,41.9,29.6,78.2,56.5,38.7,32.48333333333334,38.733333333333334,53.212500000000006
2026-03-22 07:00:00,52.8,32.7,20,951.6,5.7,49,0.0,7,6,3,33.1,39.5,29.1,60.2,68.0,66.0,33.06666666666667,34.975,52.237500000000004
2026-03-22 08:00:00,52.7,33.6,18,950.8,5.5,36,0.0,8,6,3,52.8,33.0,21.8,40.0,76.2,47.5,37.016666666666666,34.358333333333334,51.604166666666664
2026-03-22 09:00:00,73.5,34.3,17,949.7,6.0,39,0.0,9,6,3,52.7,33.1,41.9,32.1,87.6,66.8,42.166666666666664,35.416666666666664,50.625
2026-03-22 10:00:00,59.8,34.5,17,949.0,5.0,38,0.0,10,6,3,73.5,52.8,39.5,47.4,76.5,70.5,47.43333333333334,38.86666666666667,50.037499999999994
2026-03-22 11:00:00,69.4,34.1,17,948.6,8.0,354,0.0,11,6,3,59.8,52.7,33.0,12.0,77.4,40.7,50.81666666666667,39.9,49.34166666666666
2026-03-22 12:00:00,72.4,33.7,18,948.6,9.0,340,0.0,12,6,3,69.4,73.5,33.1,29.6,76.0,56.5,56.88333333333333,44.68333333333334,49.00833333333333
2026-03-22 13:00:00,61.8,32.2,20,948.7,8.8,337,0.0,13,6,3,72.4,59.8,52.8,29.1,82.1,44.3,63.43333333333334,48.25,48.85833333333334
2026-03-22 14:00:00,86.8,30.6,26,949.2,2.1,59,0.0,14,6,3,61.8,69.4,52.7,21.8,66.4,46.5,64.93333333333334,50.975,48.012499999999996
2026-03-22 15:00:00,82.0,29.5,24,950.4,7.9,294,0.0,15,6,3,86.8,72.4,73.5,41.9,61.9,41.4,70.61666666666666,56.39166666666667,48.862500000000004
2026-03-22 16:00:00,76.9,27.6,34,951.0,6.2,255,0.0,16,6,3,82.0,61.8,59.8,39.5,49.7,42.6,72.03333333333333,59.73333333333334,49.699999999999996
2026-03-22 17:00:00,59.9,26.6,36,951.3,8.1,225,0.0,17,6,3,76.9,86.8,69.4,33.0,34.0,32.1,74.88333333333334,62.85,50.833333333333336
2026-03-22 18:00:00,54.8,25.7,39,950.8,7.1,260,0.0,18,6,3,59.9,82.0,72.4,33.1,78.2,38.5,73.3,65.09166666666667,51.912499999999994
2026-03-22 19:00:00,41.3,25.0,42,950.7,4.0,270,0.0,19,6,3,54.8,76.9,61.8,52.8,60.2,21.4,70.36666666666666,66.9,50.9375
2026-03-22 20:00:00,19.8,24.3,44,949.9,3.1,216,0.0,20,6,3,41.3,59.9,86.8,52.7,40.0,13.4,66.95,65.94166666666666,50.150000000000006
2026-03-22 21:00:00,42.2,23.4,47,949.0,2.4,222,0.0,21,6,3,19.8,54.8,82.0,73.5,32.1,47.4,55.78333333333333,63.199999999999996,49.30833333333334
2026-03-22 22:00:00,12.8,22.9,50,948.6,1.9,248,0.0,22,6,3,42.2,41.3,76.9,59.8,47.4,12.0,49.150000000000006,60.59166666666667,49.729166666666664
2026-03-22 23:00:00,52.3,22.4,51,948.5,1.0,329,0.0,23,6,3,12.8,19.8,59.9,69.4,12.0,35.2,38.46666666666666,56.675000000000004,48.2875
2026-03-23 00:00:00,20.3,22.2,51,948.8,1.3,34,0.0,0,0,3,52.3,42.2,54.8,72.4,29.6,20.6,37.199999999999996,55.25,49.96666666666667
2026-03-23 01:00:00,23.1,21.8,52,949.4,0.9,101,0.0,1,0,3,20.3,12.8,41.3,61.8,29.1,22.4,31.45,50.90833333333333,49.57916666666666
2026-03-23 02:00:00,20.8,22.6,47,950.3,3.0,104,0.0,2,0,3,23.1,52.3,19.8,86.8,21.8,49.1,28.416666666666668,47.68333333333333,49.32916666666667
2026-03-23 03:00:00,38.8,25.0,39,951.3,2.6,56,0.0,3,0,3,20.8,20.3,42.2,82.0,41.9,21.8,28.583333333333332,42.18333333333333,49.2875
2026-03-23 04:00:00,23.8,27.8,31,951.9,4.8,42,0.0,4,0,3,38.8,23.1,12.8,76.9,39.5,37.6,28.01666666666667,38.583333333333336,49.15833333333333
2026-03-23 05:00:00,50.0,30.8,24,952.0,6.5,66,0.0,5,0,3,23.8,20.8,52.3,59.9,33.0,19.6,29.849999999999998,34.15833333333334,48.50416666666666
2026-03-23 06:00:00,57.2,32.4,21,951.7,6.2,83,0.0,6,0,3,50.0,38.8,20.3,54.8,33.1,56.5,29.46666666666667,33.333333333333336,49.2125
2026-03-23 07:00:00,63.0,34.2,19,950.9,4.1,52,0.0,7,0,3,57.2,23.8,23.1,41.3,52.8,68.0,35.61666666666667,33.53333333333334,50.21666666666667
2026-03-23 08:00:00,56.0,35.4,17,950.0,6.4,22,0.0,8,0,3,63.0,50.0,20.8,19.8,52.7,76.2,42.266666666666666,35.34166666666667,50.64166666666667
2026-03-23 09:00:00,53.9,36.2,16,948.9,9.9,351,0.0,9,0,3,56.0,57.2,38.8,42.2,73.5,87.6,48.13333333333333,38.358333333333334,50.77916666666667
2026-03-23 10:00:00,54.6,36.0,16,948.2,13.1,323,0.0,10,0,3,53.9,63.0,23.8,12.8,59.8,76.5,50.65,39.333333333333336,49.962500000000006
2026-03-23 11:00:00,49.7,35.5,16,947.9,13.2,304,0.0,11,0,3,54.6,56.0,50.0,52.3,69.4,77.4,55.78333333333333,42.81666666666666,49.74583333333334
2026-03-23 12:00:00,73.8,34.6,17,947.9,12.6,319,0.0,12,0,3,49.7,53.9,57.2,20.3,72.4,76.0,55.73333333333333,42.6,48.925000000000004
2026-03-23 13:00:00,65.0,33.4,18,948.1,10.0,296,0.0,13,0,3,73.8,54.6,63.0,23.1,61.8,82.1,58.5,47.05833333333333,48.98333333333333
2026-03-23 14:00:00,60.7,30.4,30,948.8,14.8,267,0.0,14,0,3,65.0,49.7,56.0,20.8,86.8,66.4,58.833333333333336,50.54999999999999,49.11666666666667
2026-03-23 15:00:00,44.2,28.6,33,949.5,9.9,260,0.0,15,0,3,60.7,73.8,53.9,38.8,82.0,61.9,59.61666666666667,53.875,48.02916666666667
2026-03-23 16:00:00,47.2,27.5,35,950.1,8.1,257,0.0,16,0,3,44.2,65.0,54.6,23.8,76.9,49.7,58.0,54.32500000000001,46.45416666666667
2026-03-23 17:00:00,48.7,27.0,36,950.4,8.6,254,0.0,17,0,3,47.2,60.7,49.7,50.0,59.9,34.0,56.76666666666667,56.275,45.21666666666666
2026-03-23 18:00:00,37.4,26.4,39,950.3,6.1,246,0.0,18,0,3,48.7,44.2,73.8,57.2,54.8,78.2,56.6,56.166666666666664,44.75
2026-03-23 19:00:00,21.3,25.4,44,949.8,6.1,236,0.0,19,0,3,37.4,47.2,65.0,63.0,41.3,60.2,50.53333333333333,54.51666666666667,44.025
2026-03-23 20:00:00,27.9,24.7,46,949.1,6.0,224,0.0,20,0,3,21.3,48.7,60.7,56.0,19.8,40.0,43.25,51.041666666666664,43.19166666666667
2026-03-23 21:00:00,12.0,23.8,60,948.4,2.1,218,0.0,21,0,3,27.9,37.4,44.2,53.9,42.2,32.1,37.78333333333334,48.70000000000001,43.52916666666667
2026-03-23 22:00:00,18.6,23.5,60,948.2,0.2,90,0.0,22,0,3,12.0,21.3,47.2,54.6,12.8,47.4,32.416666666666664,45.208333333333336,42.270833333333336
2026-03-23 23:00:00,32.1,22.9,61,948.0,0.3,225,0.0,23,0,3,18.6,27.9,48.7,49.7,52.3,12.0,27.650000000000002,42.208333333333336,42.512499999999996
2026-03-24 00:00:00,12.0,22.5,53,947.8,2.4,228,0.0,0,1,3,32.1,12.0,37.4,73.8,20.3,29.6,24.883333333333336,40.74166666666667,41.670833333333334
2026-03-24 01:00:00,32.2,22.6,55,948.5,0.6,198,0.0,1,1,3,12.0,18.6,21.3,65.0,23.1,29.1,20.65,35.59166666666667,41.324999999999996
2026-03-24 02:00:00,28.9,23.5,50,949.3,1.1,18,0.0,2,1,3,32.2,32.1,27.9,60.7,20.8,21.8,22.46666666666667,32.858333333333334,41.70416666666667
2026-03-24 03:00:00,49.2,26.4,41,950.6,1.0,31,0.0,3,1,3,28.9,12.0,12.0,44.2,38.8,41.9,22.633333333333336,30.208333333333332,42.041666666666664
2026-03-24 04:00:00,31.0,29.4,32,951.5,5.0,55,0.0,4,1,3,49.2,32.2,18.6,47.2,23.8,39.5,28.833333333333332,30.625,42.475
2026-03-24 05:00:00,16.2,31.7,26,951.7,8.7,63,0.0,5,1,3,31.0,28.9,32.1,48.7,50.0,33.0,30.900000000000002,29.274999999999995,42.775
2026-03-24 06:00:00,33.8,32.9,23,950.9,8.1,66,0.0,6,1,3,16.2,49.2,12.0,37.4,57.2,33.1,28.250000000000004,26.566666666666666,41.36666666666667
2026-03-24 07:00:00,46.9,34.6,20,950.2,4.4,58,0.0,7,1,3,33.8,31.0,32.2,21.3,63.0,52.8,31.88333333333333,26.266666666666666,40.391666666666666
2026-03-24 08:00:00,66.2,35.9,19,949.0,1.9,41,0.0,8,1,3,46.9,16.2,28.9,27.9,56.0,52.7,34.333333333333336,28.400000000000002,39.72083333333334
2026-03-24 09:00:00,86.9,36.4,18,948.1,3.9,323,0.0,9,1,3,66.2,33.8,49.2,12.0,53.9,73.5,40.55,31.59166666666667,40.145833333333336
2026-03-24 10:00:00,51.6,36.0,18,947.4,9.9,297,0.0,10,1,3,86.9,46.9,31.0,18.6,54.6,59.8,46.833333333333336,37.833333333333336,41.520833333333336
2026-03-24 11:00:00,72.4,35.2,19,947.0,12.1,287,0.0,11,1,3,51.6,66.2,16.2,32.1,49.7,69.4,50.26666666666667,40.583333333333336,41.395833333333336
2026-03-24 12:00:00,81.3,34.5,19,946.9,12.0,279,0.0,12,1,3,72.4,86.9,33.8,12.0,73.8,72.4,59.63333333333333,43.94166666666666,42.34166666666667
2026-03-24 13:00:00,61.3,33.4,20,946.9,9.2,269,0.0,13,1,3,81.3,51.6,46.9,32.2,65.0,61.8,67.55,49.71666666666667,42.65416666666667
2026-03-24 14:00:00,53.6,32.0,23,947.4,10.8,280,0.0,14,1,3,61.3,72.4,66.2,28.9,60.7,86.8,69.95,52.14166666666667,42.5
2026-03-24 15:00:00,52.5,29.5,33,948.1,10.6,288,0.0,15,1,3,53.6,81.3,86.9,49.2,44.2,82.0,67.85,54.199999999999996,42.204166666666666
2026-03-24 16:00:00,55.6,28.2,37,948.9,8.6,278,0.0,16,1,3,52.5,61.3,51.6,31.0,47.2,76.9,62.11666666666667,54.475,42.550000000000004
2026-03-24 17:00:00,62.0,27.5,38,949.0,4.0,249,0.0,17,1,3,55.6,53.6,72.4,16.2,48.7,59.9,62.78333333333333,56.525000000000006,42.9
2026-03-24 18:00:00,15.2,26.7,40,949.0,7.3,230,0.0,18,1,3,62.0,52.5,81.3,33.8,37.4,54.8,61.050000000000004,60.34166666666667,43.45416666666666
2026-03-24 19:00:00,43.4,26.0,40,948.6,6.9,250,0.0,19,1,3,15.2,55.6,61.3,46.9,21.3,41.3,50.03333333333333,58.791666666666664,42.52916666666666
2026-03-24 20:00:00,36.9,25.2,41,948.1,6.7,254,0.0,20,1,3,43.4,62.0,53.6,66.2,27.9,19.8,47.050000000000004,58.5,43.449999999999996
2026-03-24 21:00:00,19.6,24.7,42,947.8,7.2,248,0.0,21,1,3,36.9,15.2,52.5,86.9,12.0,42.2,44.26666666666667,56.05833333333334,43.824999999999996
2026-03-24 22:00:00,19.3,24.0,42,947.6,6.2,224,0.0,22,1,3,19.6,43.4,55.6,51.6,18.6,12.8,38.78333333333333,50.449999999999996,44.14166666666667
2026-03-24 23:00:00,13.8,23.5,43,947.6,5.0,215,0.0,23,1,3,19.3,36.9,62.0,72.4,32.1,52.3,32.73333333333333,47.75833333333333,44.17083333333333
2026-03-25 00:00:00,12.0,23.7,44,947.6,6.4,241,0.0,0,2,3,13.8,19.6,15.2,81.3,12.0,20.3,24.7,42.875,43.40833333333333
2026-03-25 01:00:00,37.0,23.3,57,948.6,0.6,304,0.0,1,2,3,12.0,19.3,43.4,61.3,32.2,23.1,24.166666666666668,37.1,43.40833333333333
2026-03-25 02:00:00,25.8,23.9,44,949.8,0.5,360,0.0,2,2,3,37.0,13.8,36.9,53.6,28.9,20.8,23.099999999999998,35.074999999999996,43.60833333333333
2026-03-25 03:00:00,15.0,26.8,35,950.8,5.3,288,0.0,3,2,3,25.8,12.0,19.6,52.5,49.2,38.8,21.25,32.75833333333333,43.479166666666664
2026-03-25 04:00:00,39.1,29.8,27,951.4,4.8,307,0.0,4,2,3,15.0,37.0,19.3,55.6,31.0,23.8,20.483333333333334,29.63333333333333,42.05416666666667
2026-03-25 05:00:00,32.3,32.4,23,951.6,4.0,352,0.0,5,2,3,39.1,25.8,13.8,62.0,16.2,50.0,23.78333333333333,28.258333333333336,42.39166666666667
2026-03-25 06:00:00,42.9,33.6,20,951.3,5.1,32,0.0,6,2,3,32.3,15.0,12.0,15.2,33.8,57.2,26.866666666666664,25.78333333333333,43.0625
2026-03-25 07:00:00,86.2,35.4,18,950.5,4.1,23,0.0,7,2,3,42.9,39.1,37.0,43.4,46.9,63.0,32.016666666666666,28.09166666666667,43.44166666666667
2026-03-25 08:00:00,51.4,36.4,17,949.3,3.8,352,0.0,8,2,3,86.2,32.3,25.8,36.9,66.2,56.0,40.21666666666666,31.65833333333333,45.07916666666666
2026-03-25 09:00:00,76.0,36.8,17,948.1,3.6,340,0.0,9,2,3,51.4,42.9,15.0,19.6,86.9,53.9,44.48333333333333,32.86666666666667,44.4625
2026-03-25 10:00:00,76.3,36.6,17,947.2,3.9,344,0.0,10,2,3,76.0,86.2,39.1,19.3,51.6,54.6,54.65,37.56666666666666,44.008333333333326
2026-03-25 11:00:00,79.9,36.1,18,946.8,7.2,347,0.0,11,2,3,76.3,51.4,32.3,13.8,72.4,49.7,60.849999999999994,42.31666666666666,45.0375
2026-03-25 12:00:00,74.1,35.2,18,946.7,11.5,8,0.0,12,2,3,79.9,76.0,42.9,12.0,81.3,73.8,68.78333333333333,47.824999999999996,45.349999999999994
2026-03-25 13:00:00,68.8,34.1,20,947.4,11.0,1,0.0,13,2,3,74.1,76.3,86.2,37.0,61.3,65.0,73.98333333333333,53.0,45.050000000000004
2026-03-25 14:00:00,33.3,33.1,21,948.0,9.9,316,0.0,14,2,3,68.8,79.9,51.4,25.8,53.6,60.7,71.08333333333333,55.65,45.362500000000004
2026-03-25 15:00:00,69.2,30.9,27,948.9,11.6,313,0.0,15,2,3,33.3,74.1,76.0,15.0,52.5,44.2,68.06666666666668,56.275,44.51666666666666
2026-03-25 16:00:00,64.0,29.8,30,949.9,5.2,284,0.0,16,2,3,69.2,68.8,76.3,39.1,55.6,47.2,66.93333333333332,60.791666666666664,45.2125
2026-03-25 17:00:00,83.2,29.1,35,950.4,1.2,207,0.0,17,2,3,64.0,33.3,79.9,32.3,62.0,48.7,64.88333333333334,62.866666666666674,45.5625
2026-03-25 18:00:00,57.0,28.4,35,950.3,5.8,272,0.0,18,2,3,83.2,69.2,74.1,42.9,15.2,37.4,65.43333333333332,67.10833333333333,46.44583333333333
2026-03-25 19:00:00,49.8,27.6,38,950.0,5.5,287,0.0,19,2,3,57.0,64.0,68.8,86.2,43.4,21.3,62.583333333333336,68.28333333333333,48.1875
2026-03-25 20:00:00,53.1,26.5,43,949.6,1.9,221,0.0,20,2,3,49.8,83.2,33.3,51.4,36.9,27.9,59.416666666666664,65.25,48.45416666666666
2026-03-25 21:00:00,37.7,25.8,44,949.1,1.9,202,0.0,21,2,3,53.1,57.0,69.2,76.0,19.6,12.0,62.71666666666667,65.39166666666667,49.12916666666667
2026-03-25 22:00:00,32.5,25.0,49,948.8,0.6,198,0.0,22,2,3,37.7,49.8,64.0,76.3,19.3,18.6,57.46666666666667,62.199999999999996,49.88333333333333
2026-03-25 23:00:00,12.3,24.5,48,949.0,3.4,72,0.0,23,2,3,32.5,53.1,83.2,79.9,13.8,32.1,52.21666666666667,58.550000000000004,50.43333333333334
2026-03-26 00:00:00,22.1,24.0,52,948.9,1.0,45,0.0,0,3,3,12.3,37.7,57.0,74.1,12.0,12.0,40.4,52.916666666666664,50.37083333333334
2026-03-26 01:00:00,12.3,23.8,51,949.7,1.4,113,0.0,1,3,3,22.1,32.5,49.8,68.8,37.0,32.2,34.583333333333336,48.583333333333336,50.791666666666664
2026-03-26 02:00:00,37.5,24.8,46,950.7,2.9,7,0.0,2,3,3,12.3,12.3,53.1,33.3,25.8,28.9,28.333333333333332,43.87500000000001,49.762499999999996
2026-03-26 03:00:00,27.7,27.4,36,952.1,3.3,45,0.0,3,3,3,37.5,22.1,37.7,69.2,15.0,49.2,25.733333333333334,44.225,50.25
2026-03-26 04:00:00,37.3,30.5,30,952.9,7.1,63,0.0,4,3,3,27.7,12.3,32.5,64.0,39.1,31.0,24.066666666666666,40.766666666666666,50.77916666666667
2026-03-26 05:00:00,35.9,33.1,25,953.0,10.8,69,0.0,5,3,3,37.3,37.5,12.3,83.2,32.3,16.2,24.866666666666664,38.541666666666664,50.70416666666666
2026-03-26 06:00:00,39.7,34.2,23,952.9,9.2,84,0.0,6,3,3,35.9,27.7,22.1,57.0,42.9,33.8,28.8,34.6,50.854166666666664
2026-03-26 07:00:00,59.4,35.7,20,951.9,7.2,87,0.0,7,3,3,39.7,37.3,12.3,49.8,86.2,46.9,31.73333333333333,33.15833333333334,50.72083333333333
2026-03-26 08:00:00,77.5,36.3,20,951.0,6.4,98,0.0,8,3,3,59.4,35.9,37.5,53.1,51.4,66.2,39.583333333333336,33.958333333333336,49.604166666666664
2026-03-26 09:00:00,71.4,36.9,19,949.8,5.6,111,0.0,9,3,3,77.5,39.7,27.7,37.7,76.0,86.9,46.25,35.99166666666667,50.69166666666666
2026-03-26 10:00:00,70.4,36.9,19,949.0,3.9,114,0.0,10,3,3,71.4,59.4,37.3,32.5,76.3,51.6,53.53333333333333,38.800000000000004,50.5
2026-03-26 11:00:00,70.7,36.6,19,948.5,3.4,115,0.0,11,3,3,70.4,77.5,35.9,12.3,79.9,72.4,59.04999999999999,41.958333333333336,50.25416666666667
2026-03-26 12:00:00,76.1,36.5,16,948.1,5.5,27,0.0,12,3,3,70.7,71.4,39.7,22.1,74.1,81.3,64.85000000000001,46.824999999999996,49.87083333333333
2026-03-26 13:00:00,75.6,35.2,18,948.8,6.7,34,0.0,13,3,3,76.1,70.4,59.4,12.3,68.8,61.3,70.91666666666667,51.324999999999996,49.95416666666667
2026-03-26 14:00:00,80.0,34.0,20,949.4,3.9,286,0.0,14,3,3,75.6,70.7,77.5,37.5,33.3,53.6,73.61666666666667,56.6,50.237500000000004
2026-03-26 15:00:00,54.9,31.9,30,950.4,12.6,253,0.0,15,3,3,80.0,76.1,71.4,27.7,69.2,52.5,74.03333333333335,60.14166666666667,52.18333333333333
2026-03-26 16:00:00,46.2,30.9,34,950.9,10.8,274,0.0,16,3,3,54.9,75.6,70.4,37.3,64.0,55.6,71.28333333333333,62.40833333333333,51.587500000000006
2026-03-26 17:00:00,39.5,29.8,39,951.2,8.5,269,0.0,17,3,3,46.2,80.0,70.7,35.9,83.2,62.0,67.24999999999999,63.15,50.84583333333334
2026-03-26 18:00:00,39.3,28.5,44,950.8,7.0,273,0.0,18,3,3,39.5,54.9,76.1,39.7,57.0,15.2,62.04999999999999,63.449999999999996,49.025000000000006
2026-03-26 19:00:00,33.4,27.6,47,950.4,6.3,252,0.0,19,3,3,39.3,46.2,75.6,59.4,49.8,43.4,55.916666666666664,63.416666666666664,48.2875
2026-03-26 20:00:00,31.7,26.9,49,949.8,5.9,243,0.0,20,3,3,33.4,39.5,80.0,77.5,53.1,36.9,48.883333333333326,61.25,47.604166666666664
2026-03-26 21:00:00,42.5,26.2,50,949.2,2.6,219,0.0,21,3,3,31.7,39.3,54.9,71.4,37.7,19.6,40.83333333333333,57.43333333333334,46.7125
2026-03-26 22:00:00,29.7,25.8,51,948.8,2.3,225,0.0,22,3,3,42.5,33.4,46.2,70.4,32.5,19.3,38.76666666666667,55.025000000000006,46.912499999999994
2026-03-26 23:00:00,12.0,25.5,53,948.7,2.1,218,0.0,23,3,3,29.7,31.7,39.5,70.7,12.3,13.8,36.016666666666666,51.63333333333333,46.79583333333333
2026-03-27 00:00:00,16.5,25.4,55,948.6,1.5,135,0.0,0,4,3,12.0,42.5,39.3,76.1,22.1,12.0,31.433333333333334,46.74166666666667,46.78333333333333
2026-03-27 01:00:00,17.4,25.1,54,949.4,2.4,99,0.0,1,4,3,16.5,29.7,33.4,75.6,12.3,37.0,27.633333333333336,41.775,46.550000000000004
2026-03-27 02:00:00,39.5,26.0,50,950.3,2.7,82,0.0,2,4,3,17.4,12.0,31.7,80.0,37.5,25.8,24.96666666666667,36.925000000000004,46.76250000000001
2026-03-27 03:00:00,41.3,28.3,40,951.2,4.7,67,0.0,3,4,3,39.5,16.5,42.5,54.9,27.7,15.0,26.266666666666666,33.550000000000004,46.84583333333334
2026-03-27 04:00:00,29.1,31.3,30,951.9,6.5,58,0.0,4,4,3,41.3,17.4,29.7,46.2,37.3,39.1,26.066666666666663,32.416666666666664,47.4125
2026-03-27 05:00:00,51.5,33.8,24,952.0,7.0,46,0.0,5,4,3,29.1,39.5,12.0,39.5,35.9,32.3,25.966666666666665,30.991666666666664,47.07083333333333
2026-03-27 06:00:00,56.7,34.3,23,951.6,4.3,48,0.0,6,4,3,51.5,41.3,16.5,39.3,39.7,42.9,32.55,31.991666666666664,47.72083333333333
2026-03-27 07:00:00,76.9,36.4,20,951.0,1.0,31,0.0,7,4,3,56.7,29.1,17.4,33.4,59.4,86.2,39.25,33.44166666666666,48.42916666666667
2026-03-27 08:00:00,54.2,37.0,19,949.7,4.5,263,0.0,8,4,3,76.9,51.5,39.5,31.7,77.5,51.4,49.166666666666664,37.06666666666667,49.15833333333334
2026-03-27 09:00:00,50.1,36.3,20,948.8,12.2,279,0.0,9,4,3,54.2,56.7,41.3,42.5,71.4,76.0,51.61666666666667,38.94166666666667,48.1875
2026-03-27 10:00:00,46.2,36.4,20,948.4,15.3,290,0.0,10,4,3,50.1,76.9,29.1,29.7,70.4,76.3,53.083333333333336,39.575,47.300000000000004
2026-03-27 11:00:00,65.9,33.0,28,948.1,8.8,12,0.0,11,4,3,46.2,54.2,51.5,12.0,70.7,79.9,55.93333333333334,40.95,46.291666666666664
2026-03-27 12:00:00,41.5,34.5,22,947.3,16.5,311,0.0,12,4,3,65.9,50.1,56.7,16.5,76.1,74.1,58.333333333333336,45.44166666666667,46.09166666666667
2026-03-27 13:00:00,47.9,32.9,25,948.0,14.5,322,0.0,13,4,3,41.5,46.2,76.9,17.4,75.6,68.8,55.80000000000001,47.525000000000006,44.65
2026-03-27 14:00:00,49.7,33.1,23,948.7,13.5,312,0.0,14,4,3,47.9,65.9,54.2,39.5,80.0,33.3,50.96666666666667,50.06666666666667,43.49583333333334
2026-03-27 15:00:00,68.4,31.5,27,949.5,9.7,286,0.0,15,4,3,49.7,41.5,50.1,41.3,54.9,69.2,50.21666666666667,50.91666666666668,42.233333333333334
2026-03-27 16:00:00,64.0,30.2,29,949.8,7.7,269,0.0,16,4,3,68.4,47.9,46.2,29.1,46.2,64.0,53.26666666666667,53.175000000000004,42.79583333333333
2026-03-27 17:00:00,40.3,29.3,30,949.9,7.1,260,0.0,17,4,3,64.0,49.7,65.9,51.5,39.5,83.2,56.23333333333333,56.083333333333336,43.5375
2026-03-27 18:00:00,54.6,28.3,33,949.4,8.7,248,0.0,18,4,3,40.3,68.4,41.5,56.7,39.3,57.0,51.96666666666667,55.15,43.57083333333333
2026-03-27 19:00:00,40.4,27.5,33,949.0,8.6,244,0.0,19,4,3,54.6,64.0,47.9,76.9,33.4,49.8,54.15,54.975,44.208333333333336
2026-03-27 20:00:00,27.3,26.7,35,948.2,8.5,258,0.0,20,4,3,40.4,40.3,49.7,54.2,31.7,53.1,52.9,51.93333333333333,44.5
2026-03-27 21:00:00,14.8,25.4,41,947.9,9.4,263,0.0,21,4,3,27.3,54.6,68.4,50.1,42.5,37.7,49.166666666666664,49.69166666666667,44.31666666666667
2026-03-27 22:00:00,12.0,24.5,45,947.5,8.5,264,0.0,22,4,3,14.8,40.4,64.0,46.2,29.7,32.5,40.233333333333334,46.75,43.1625
2026-03-27 23:00:00,22.1,23.8,48,947.4,6.8,243,0.0,23,4,3,12.0,27.3,40.3,65.9,12.0,12.3,31.566666666666666,43.9,42.425000000000004
2026-03-28 00:00:00,18.2,23.4,49,947.2,6.1,223,0.0,0,5,3,22.1,14.8,54.6,41.5,16.5,22.1,28.533333333333335,40.25,42.84583333333333
2026-03-28 01:00:00,31.4,23.6,46,947.5,5.1,198,0.0,1,5,3,18.2,12.0,40.4,47.9,17.4,12.3,22.466666666666665,38.30833333333333,42.916666666666664
2026-03-28 02:00:00,27.5,24.5,43,948.1,4.6,219,0.0,2,5,3,31.4,22.1,27.3,49.7,39.5,37.5,20.966666666666665,36.93333333333333,43.5
2026-03-28 03:00:00,35.4,27.7,31,949.4,3.1,270,0.0,3,5,3,27.5,18.2,14.8,68.4,41.3,27.7,21.0,35.083333333333336,43.0
2026-03-28 04:00:00,36.0,30.5,22,949.9,3.8,281,0.0,4,5,3,35.4,31.4,12.0,64.0,29.1,37.3,24.433333333333334,32.333333333333336,42.75416666666667
2026-03-28 05:00:00,37.3,32.9,18,950.0,4.9,287,0.0,5,5,3,36.0,27.5,22.1,40.3,51.5,35.9,28.433333333333334,30.0,43.041666666666664
2026-03-28 06:00:00,69.4,34.2,18,949.8,8.9,294,0.0,6,5,3,37.3,35.4,18.2,54.6,56.7,39.7,30.96666666666667,29.75,42.45
2026-03-28 07:00:00,12.1,35.6,17,949.0,13.8,290,0.0,7,5,3,69.4,36.0,31.4,40.4,76.9,59.4,39.5,30.983333333333334,42.979166666666664
2026-03-28 08:00:00,31.9,36.2,14,947.8,17.6,285,0.0,8,5,3,12.1,37.3,27.5,27.3,54.2,77.5,36.28333333333334,28.625,40.27916666666667
2026-03-28 09:00:00,20.1,35.6,15,946.8,20.7,283,0.0,9,5,3,31.9,69.4,35.4,14.8,50.1,71.4,37.01666666666667,29.008333333333336,39.35
2026-03-28 10:00:00,51.6,35.1,16,946.2,19.2,285,0.0,10,5,3,20.1,12.1,36.0,12.0,46.2,70.4,34.46666666666667,29.45,38.1
2026-03-28 11:00:00,28.8,34.1,18,945.6,19.2,292,0.0,11,5,3,51.6,31.9,37.3,22.1,65.9,70.7,37.06666666666667,32.75,38.325
2026-03-28 12:00:00,19.6,32.4,18,945.8,18.3,293,0.0,12,5,3,28.8,20.1,69.4,18.2,41.5,76.1,35.650000000000006,33.30833333333333,36.77916666666667
2026-03-28 13:00:00,72.8,30.3,23,946.7,15.4,287,0.0,13,5,3,19.6,51.6,12.1,31.4,47.9,75.6,27.349999999999998,33.425,35.86666666666667
2026-03-28 14:00:00,51.3,28.4,33,947.3,12.3,280,0.0,14,5,3,72.8,28.8,31.9,27.5,49.7,80.0,37.46666666666667,36.875,36.90416666666666
2026-03-28 15:00:00,55.8,26.9,40,947.9,10.2,278,0.0,15,5,3,51.3,19.6,20.1,35.4,68.4,54.9,40.7,38.858333333333334,36.97083333333334
2026-03-28 16:00:00,45.9,25.6,49,948.5,9.2,272,0.0,16,5,3,55.8,72.8,51.6,36.0,64.0,46.2,46.65,40.55833333333333,36.44583333333333
2026-03-28 17:00:00,48.1,24.5,55,948.4,8.1,252,0.0,17,5,3,45.9,51.3,28.8,37.3,40.3,39.5,45.699999999999996,41.38333333333333,35.69166666666667
2026-03-28 18:00:00,16.4,23.9,56,948.1,7.6,242,0.0,18,5,3,48.1,55.8,19.6,69.4,54.6,39.3,48.916666666666664,42.28333333333334,36.016666666666666
2026-03-28 19:00:00,36.2,23.6,53,947.4,7.8,244,0.0,19,5,3,16.4,45.9,72.8,12.1,40.4,33.4,48.38333333333333,37.86666666666667,34.425
2026-03-28 20:00:00,25.1,23.2,49,946.9,7.5,249,0.0,20,5,3,36.2,48.1,51.3,31.9,27.3,31.7,42.28333333333334,39.875,34.25
2026-03-28 21:00:00,36.4,22.5,49,946.5,8.8,272,0.0,21,5,3,25.1,16.4,55.8,20.1,14.8,42.5,37.916666666666664,39.30833333333333,34.15833333333334
2026-03-28 22:00:00,12.0,21.9,51,946.3,8.5,276,0.0,22,5,3,36.4,36.2,45.9,51.6,12.0,29.7,34.68333333333333,40.666666666666664,35.05833333333333
2026-03-28 23:00:00,12.0,21.4,54,946.1,6.7,243,0.0,23,5,3,12.0,25.1,48.1,28.8,22.1,12.0,29.033333333333335,37.36666666666667,35.05833333333333
2026-03-29 00:00:00,13.9,21.2,56,946.3,6.6,235,0.0,0,6,3,12.0,36.4,16.4,19.6,18.2,16.5,23.016666666666666,35.96666666666666,34.637499999999996
2026-03-29 01:00:00,12.0,21.0,58,947.1,6.8,241,0.0,1,6,3,13.9,12.0,36.2,72.8,31.4,17.4,22.599999999999998,35.49166666666667,34.458333333333336
2026-03-29 02:00:00,21.1,21.9,56,948.1,6.9,250,0.0,2,6,3,12.0,12.0,25.1,51.3,27.5,39.5,18.566666666666666,30.425,33.65
2026-03-29 03:00:00,25.0,24.8,47,949.7,6.1,273,0.0,3,6,3,21.1,13.9,36.4,55.8,35.4,41.3,17.900000000000002,27.90833333333333,33.38333333333333
2026-03-29 04:00:00,12.0,27.7,37,950.7,6.3,285,0.0,4,6,3,25.0,12.0,12.0,45.9,36.0,29.1,16.0,25.341666666666665,32.949999999999996
2026-03-29 05:00:00,36.5,30.3,29,951.0,6.4,299,0.0,5,6,3,12.0,21.1,12.0,48.1,37.3,51.5,16.0,22.516666666666666,31.95
2026-03-29 06:00:00,27.4,31.9,24,950.7,6.7,301,0.0,6,6,3,36.5,25.0,13.9,16.4,69.4,56.7,20.083333333333332,21.549999999999997,31.916666666666668
2026-03-29 07:00:00,45.7,33.8,21,950.1,7.2,298,0.0,7,6,3,27.4,12.0,12.0,36.2,12.1,76.9,22.333333333333332,22.46666666666667,30.166666666666668
2026-03-29 08:00:00,43.4,34.8,20,948.8,8.6,296,0.0,8,6,3,45.7,36.5,21.1,25.1,31.9,54.2,27.95,23.258333333333336,31.566666666666666
2026-03-29 09:00:00,45.7,35.3,19,947.7,10.7,293,0.0,9,6,3,43.4,27.4,25.0,36.4,20.1,50.1,31.666666666666668,24.78333333333333,32.045833333333334
2026-03-29 10:00:00,67.4,35.1,19,946.7,13.4,290,0.0,10,6,3,45.7,45.7,12.0,12.0,51.6,46.2,35.11666666666667,25.558333333333337,33.112500000000004
2026-03-29 11:00:00,42.2,34.2,21,946.2,14.6,290,0.0,11,6,3,67.4,43.4,36.5,12.0,28.8,65.9,44.35,30.175,33.770833333333336
2026-03-29 12:00:00,55.3,33.1,24,946.4,13.5,295,0.0,12,6,3,42.2,45.7,27.4,13.9,19.6,41.5,45.300000000000004,32.69166666666667,34.329166666666666
2026-03-29 13:00:00,54.6,31.3,32,946.6,14.2,300,0.0,13,6,3,55.3,67.4,45.7,12.0,72.8,47.9,49.95000000000001,36.141666666666666,35.81666666666667
2026-03-29 14:00:00,43.0,27.5,63,947.0,15.5,302,0.0,14,6,3,54.6,42.2,43.4,21.1,51.3,49.7,51.43333333333334,39.69166666666667,35.05833333333334
2026-03-29 15:00:00,53.8,26.5,67,947.2,11.2,291,0.0,15,6,3,43.0,55.3,45.7,25.0,55.8,68.4,51.36666666666667,41.51666666666667,34.7125
2026-03-29 16:00:00,73.7,25.6,72,947.8,8.9,279,0.0,16,6,3,53.8,54.6,67.4,12.0,45.9,64.0,52.71666666666667,43.916666666666664,34.62916666666667
2026-03-29 17:00:00,50.4,24.6,78,948.1,9.0,275,0.0,17,6,3,73.7,43.0,42.2,36.5,48.1,40.3,53.76666666666667,49.05833333333334,35.7875
2026-03-29 18:00:00,39.3,23.9,85,948.4,8.8,266,0.0,18,6,3,50.4,53.8,55.3,27.4,16.4,54.6,55.13333333333333,50.21666666666667,35.88333333333333
2026-03-29 19:00:00,34.5,23.3,88,947.8,7.7,258,0.0,19,6,3,39.3,73.7,54.6,45.7,36.2,40.4,52.46666666666667,51.208333333333336,36.8375
2026-03-29 20:00:00,12.0,23.0,89,946.9,6.8,259,0.0,20,6,3,34.5,50.4,43.0,43.4,25.1,27.3,49.11666666666667,50.275,36.766666666666666
2026-03-29 21:00:00,27.7,22.6,90,946.3,5.6,255,0.0,21,6,3,12.0,39.3,53.8,45.7,36.4,14.8,43.949999999999996,47.65833333333333,36.22083333333333
2026-03-29 22:00:00,12.2,22.3,91,945.8,4.5,256,0.0,22,6,3,27.7,34.5,73.7,67.4,12.0,12.0,39.6,46.15833333333333,35.858333333333334
2026-03-29 23:00:00,30.8,22.0,92,946.2,4.2,245,0.0,23,6,3,12.2,12.0,50.4,42.2,12.0,22.1,29.349999999999998,41.55833333333333,35.86666666666667
2026-03-30 00:00:00,12.0,21.9,92,946.4,3.9,214,0.0,0,0,3,30.8,27.7,39.3,55.3,13.9,18.2,26.083333333333332,40.608333333333334,36.65
2026-03-30 01:00:00,14.8,21.9,92,947.0,2.7,184,0.0,1,0,3,12.0,12.2,34.5,54.6,12.0,31.4,21.533333333333335,37.0,36.57083333333333
2026-03-30 02:00:00,29.1,22.8,86,947.5,1.8,169,0.0,2,0,3,14.8,30.8,12.0,43.0,21.1,27.5,18.25,33.68333333333333,36.6875
2026-03-30 03:00:00,39.0,25.8,67,949.0,2.1,70,0.0,3,0,3,29.1,12.0,27.7,53.8,25.0,35.4,21.1,32.525,37.020833333333336
2026-03-30 04:00:00,44.3,28.9,49,949.9,4.5,47,0.0,4,0,3,39.0,14.8,12.2,73.7,12.0,36.0,22.983333333333334,31.291666666666668,37.604166666666664
2026-03-30 05:00:00,33.2,31.5,37,950.4,7.0,64,0.0,5,0,3,44.3,29.1,30.8,50.4,36.5,37.3,28.333333333333332,28.841666666666665,38.949999999999996
2026-03-30 06:00:00,60.1,33.2,32,950.1,8.3,79,0.0,6,0,3,33.2,39.0,12.0,39.3,27.4,69.4,28.73333333333333,27.40833333333333,38.8125
2026-03-30 07:00:00,55.4,35.3,26,949.5,7.7,90,0.0,7,0,3,60.1,44.3,14.8,34.5,45.7,12.1,36.75,29.141666666666666,40.175000000000004
2026-03-30 08:00:00,55.8,36.1,23,948.3,9.6,166,0.0,8,0,3,55.4,33.2,29.1,12.0,43.4,31.9,43.51666666666667,30.88333333333333,40.579166666666666
2026-03-30 09:00:00,22.0,34.6,23,947.4,14.8,229,0.0,9,0,3,55.8,60.1,39.0,27.7,45.7,20.1,47.96666666666666,34.53333333333333,41.09583333333333
2026-03-30 10:00:00,55.5,34.4,24,947.2,13.1,241,0.0,10,0,3,22.0,55.4,44.3,12.2,67.4,51.6,45.133333333333326,34.05833333333333,40.10833333333333
2026-03-30 11:00:00,56.3,32.0,32,947.4,6.2,255,0.1,11,0,3,55.5,55.8,33.2,30.8,42.2,28.8,47.0,37.666666666666664,39.6125
2026-03-30 12:00:00,85.3,32.4,32,946.4,7.4,269,0.2,12,0,3,56.3,22.0,60.1,12.0,55.3,19.6,50.85,39.791666666666664,40.2
2026-03-30 13:00:00,68.4,30.6,42,946.9,10.0,283,0.0,13,0,3,85.3,55.5,55.4,14.8,54.6,72.8,55.04999999999999,45.9,41.449999999999996
2026-03-30 14:00:00,39.0,28.6,56,947.8,12.5,288,0.0,14,0,3,68.4,56.3,55.8,29.1,43.0,51.3,57.21666666666667,50.366666666666674,42.025
2026-03-30 15:00:00,58.2,27.6,64,948.7,8.9,277,0.0,15,0,3,39.0,85.3,22.0,39.0,53.8,55.8,54.416666666666664,51.19166666666666,41.85833333333333
2026-03-30 16:00:00,63.6,26.9,69,949.5,6.0,260,0.0,16,0,3,58.2,68.4,55.5,44.3,73.7,45.9,60.449999999999996,52.791666666666664,42.041666666666664
2026-03-30 17:00:00,51.4,26.3,73,949.7,6.7,251,0.0,17,0,3,63.6,39.0,56.3,33.2,50.4,48.1,61.800000000000004,54.400000000000006,41.62083333333333
2026-03-30 18:00:00,54.5,25.6,76,949.4,5.8,279,0.0,18,0,3,51.4,58.2,85.3,60.1,39.3,16.4,60.98333333333333,55.916666666666664,41.6625
2026-03-30 19:00:00,31.9,24.6,81,948.8,6.0,299,0.0,19,0,3,54.5,63.6,68.4,55.4,34.5,36.2,55.85,55.449999999999996,42.295833333333334
2026-03-30 20:00:00,43.6,23.9,85,948.3,2.7,262,0.0,20,0,3,31.9,51.4,39.0,55.8,12.0,25.1,49.76666666666667,53.49166666666667,42.1875
2026-03-30 21:00:00,27.9,23.6,87,948.0,0.4,207,0.0,21,0,3,43.6,54.5,58.2,22.0,27.7,36.4,50.53333333333333,52.474999999999994,43.50416666666666
2026-03-30 22:00:00,46.4,23.5,87,947.5,0.7,256,0.0,22,0,3,27.9,31.9,63.6,55.5,12.2,12.0,45.48333333333334,52.96666666666667,43.512499999999996
2026-03-30 23:00:00,21.1,23.0,89,947.6,2.2,284,0.0,23,0,3,46.4,43.6,51.4,56.3,30.8,12.0,42.61666666666667,52.208333333333336,44.9375
2026-03-31 00:00:00,38.1,23.0,88,947.8,0.4,243,0.0,0,1,3,21.1,27.9,54.5,85.3,12.0,13.9,37.56666666666667,49.275,44.53333333333333
2026-03-31 01:00:00,30.3,22.7,89,948.5,2.4,333,0.0,1,1,3,38.1,46.4,31.9,68.4,14.8,12.0,34.833333333333336,45.34166666666667,45.62083333333333
2026-03-31 02:00:00,14.8,23.0,85,949.2,2.2,9,0.0,2,1,3,30.3,21.1,43.6,39.0,29.1,21.1,34.56666666666667,42.166666666666664,46.26666666666667
2026-03-31 03:00:00,21.2,25.0,71,950.6,3.1,31,0.0,3,1,3,14.8,38.1,27.9,58.2,39.0,25.0,29.76666666666667,40.15,45.67083333333334
2026-03-31 04:00:00,21.7,27.7,54,951.3,5.5,58,0.0,4,1,3,21.2,30.3,46.4,63.6,44.3,12.0,28.650000000000002,37.06666666666667,44.929166666666674
2026-03-31 05:00:00,13.5,30.0,44,951.5,7.3,67,0.0,5,1,3,21.7,14.8,21.1,51.4,33.2,36.5,24.53333333333333,33.574999999999996,43.98749999999999
2026-03-31 06:00:00,55.7,31.1,38,951.5,6.9,67,0.0,6,1,3,13.5,21.2,38.1,54.5,60.1,27.4,23.26666666666667,30.416666666666668,43.166666666666664
2026-03-31 07:00:00,49.1,32.1,34,950.7,3.8,65,0.0,7,1,3,55.7,21.7,30.3,31.9,55.4,45.7,26.2,30.51666666666667,42.98333333333333
2026-03-31 08:00:00,65.0,32.8,31,949.8,4.1,77,0.0,8,1,3,49.1,13.5,14.8,43.6,55.8,43.4,29.333333333333332,31.95,42.72083333333333
2026-03-31 09:00:00,89.1,33.4,30,948.6,3.2,90,0.0,9,1,3,65.0,55.7,21.2,27.9,22.0,45.7,37.699999999999996,33.733333333333334,43.104166666666664
2026-03-31 10:00:00,76.1,33.7,29,947.6,1.6,297,0.0,10,1,3,89.1,49.1,21.7,46.4,55.5,67.4,49.01666666666667,38.833333333333336,45.9
2026-03-31 11:00:00,55.4,33.2,28,947.1,6.9,303,0.0,11,1,3,76.1,65.0,13.5,21.1,56.3,42.2,58.083333333333336,41.30833333333333,46.75833333333333
2026-03-31 12:00:00,84.1,33.3,27,946.7,5.0,244,0.0,12,1,3,55.4,89.1,55.7,38.1,85.3,55.3,65.06666666666666,44.166666666666664,46.72083333333333
2026-03-31 13:00:00,70.6,32.1,29,946.9,6.7,254,0.0,13,1,3,84.1,76.1,49.1,30.3,68.4,54.6,69.8,48.0,46.67083333333334
2026-03-31 14:00:00,76.2,30.4,36,947.3,3.8,287,0.0,14,1,3,70.6,55.4,65.0,14.8,39.0,43.0,73.38333333333333,51.35833333333333,46.762499999999996
2026-03-31 15:00:00,79.6,29.7,48,948.0,0.6,214,0.0,15,1,3,76.2,84.1,89.1,21.2,58.2,53.8,75.25,56.474999999999994,48.3125
2026-03-31 16:00:00,75.1,28.6,41,948.9,5.0,285,0.0,16,1,3,79.6,70.6,76.1,21.7,63.6,73.7,73.66666666666666,61.34166666666666,49.20416666666666
2026-03-31 17:00:00,46.6,26.2,63,949.6,7.7,303,0.0,17,1,3,75.1,76.2,55.4,13.5,51.4,50.4,73.5,65.79166666666667,49.68333333333334
2026-03-31 18:00:00,71.3,25.6,69,949.2,4.4,277,0.0,18,1,3,46.6,79.6,84.1,55.7,54.5,39.3,72.03333333333333,68.55,49.48333333333333
2026-03-31 19:00:00,24.9,24.8,75,948.8,6.7,261,0.0,19,1,3,71.3,75.1,70.6,49.1,31.9,34.5,69.89999999999999,69.85,50.18333333333333
2026-03-31 20:00:00,12.0,24.1,80,948.2,5.5,253,0.0,20,1,3,24.9,46.6,76.2,65.0,43.6,12.0,62.283333333333324,67.83333333333333,49.89166666666666
2026-03-31 21:00:00,27.9,23.5,85,947.8,5.8,263,0.0,21,1,3,12.0,71.3,79.6,89.1,27.9,27.7,51.58333333333332,63.416666666666664,48.574999999999996
2026-03-31 22:00:00,27.5,22.9,89,947.3,5.2,268,0.0,22,1,3,27.9,24.9,75.1,76.1,46.4,12.2,42.96666666666667,58.31666666666666,48.574999999999996
2026-03-31 23:00:00,12.0,22.5,91,947.5,6.0,275,0.0,23,1,3,27.5,12.0,46.6,55.4,21.1,30.8,35.03333333333333,54.26666666666666,47.7875
2026-04-01 00:00:00,23.8,22.4,93,947.3,3.9,248,0.0,0,2,4,12.0,27.9,71.3,84.1,38.1,12.0,29.266666666666662,50.65,47.40833333333333
2026-04-01 01:00:00,12.0,22.2,93,948.1,3.8,251,0.0,1,2,4,23.8,27.5,24.9,70.6,30.3,14.8,21.349999999999998,45.625,46.8125
2026-04-01 02:00:00,21.6,22.9,89,949.1,1.1,81,0.0,2,2,4,12.0,12.0,12.0,76.2,14.8,29.1,19.2,40.74166666666667,46.050000000000004
2026-04-01 03:00:00,32.0,26.1,70,950.1,1.5,284,0.0,3,2,4,21.6,23.8,27.9,79.6,21.2,39.0,20.8,36.19166666666666,46.333333333333336
2026-04-01 04:00:00,61.7,29.9,51,950.7,1.3,360,0.0,4,2,4,32.0,12.0,27.5,75.1,21.7,44.3,21.483333333333334,32.225,46.78333333333333
2026-04-01 05:00:00,65.0,33.0,33,950.8,0.6,18,0.0,5,2,4,61.7,21.6,12.0,46.6,13.5,33.2,27.183333333333337,31.10833333333333,48.449999999999996
2026-04-01 06:00:00,40.5,33.9,27,950.2,3.6,221,0.0,6,2,4,65.0,32.0,23.8,71.3,55.7,60.1,36.01666666666667,32.64166666666667,50.59583333333333
2026-04-01 07:00:00,65.8,35.8,23,949.7,7.8,228,0.0,7,2,4,40.5,61.7,12.0,24.9,49.1,55.4,38.800000000000004,30.075,49.9625
2026-04-01 08:00:00,44.0,36.6,21,948.6,11.3,237,0.0,8,2,4,65.8,65.0,21.6,12.0,65.0,55.8,47.76666666666667,33.483333333333334,50.65833333333333
2026-04-01 09:00:00,37.0,36.2,21,947.7,14.7,241,0.0,9,2,4,44.0,40.5,32.0,27.9,89.1,22.0,51.5,36.15,49.78333333333333
2026-04-01 10:00:00,59.2,35.4,23,946.9,14.1,260,0.0,10,2,4,37.0,65.8,61.7,27.5,76.1,55.5,52.333333333333336,36.90833333333333,47.61249999999999
2026-04-01 11:00:00,62.3,34.5,25,946.3,14.7,276,0.0,11,2,4,59.2,44.0,65.0,12.0,55.4,56.3,51.916666666666664,39.550000000000004,46.90833333333333
2026-04-01 12:00:00,33.6,33.3,28,946.6,15.1,278,0.0,12,2,4,62.3,37.0,40.5,23.8,84.1,85.3,51.46666666666666,43.74166666666667,47.19583333333333
2026-04-01 13:00:00,69.5,31.1,37,948.2,3.3,6,0.0,13,2,4,33.6,59.2,65.8,12.0,70.6,68.4,50.31666666666666,44.55833333333333,45.09166666666667
2026-04-01 14:00:00,59.7,26.2,56,948.9,6.5,60,0.7,14,2,4,69.5,62.3,44.0,21.6,76.2,39.0,50.93333333333334,49.35,45.04583333333334
2026-04-01 15:00:00,95.5,26.8,55,949.2,2.2,284,0.0,15,2,4,59.7,33.6,37.0,32.0,79.6,58.2,53.550000000000004,52.525,44.35833333333333
2026-04-01 16:00:00,72.1,26.5,56,949.9,1.4,360,0.0,16,2,4,95.5,69.5,59.2,61.7,75.1,63.6,63.300000000000004,57.81666666666666,45.020833333333336
2026-04-01 17:00:00,55.7,26.0,59,950.5,3.6,63,0.0,17,2,4,72.1,59.7,62.3,65.0,46.6,51.4,65.45,58.68333333333334,44.895833333333336
2026-04-01 18:00:00,59.8,25.8,63,950.1,4.6,79,0.0,18,2,4,55.7,95.5,33.6,40.5,71.3,54.5,64.35000000000001,57.90833333333334,45.275000000000006
2026-04-01 19:00:00,40.8,25.1,67,949.8,3.4,108,0.0,19,2,4,59.8,72.1,69.5,65.8,24.9,31.9,68.71666666666665,59.51666666666667,44.79583333333333
2026-04-01 20:00:00,32.4,24.5,69,948.8,5.5,107,0.0,20,2,4,40.8,55.7,59.7,44.0,12.0,43.6,63.93333333333333,57.43333333333333,45.458333333333336
2026-04-01 21:00:00,29.6,24.4,68,948.7,5.8,104,0.0,21,2,4,32.4,59.8,95.5,37.0,27.9,27.9,59.383333333333326,56.46666666666666,46.30833333333334
2026-04-01 22:00:00,43.0,24.4,66,948.5,5.0,92,0.0,22,2,4,29.6,40.8,72.1,59.2,27.5,46.4,48.4,55.849999999999994,46.37916666666666
2026-04-01 23:00:00,26.0,24.3,65,948.2,4.9,98,0.0,23,2,4,43.0,32.4,55.7,62.3,12.0,21.1,43.550000000000004,54.5,47.025
2026-04-02 00:00:00,27.5,23.9,77,948.7,6.7,90,0.0,0,3,4,26.0,29.6,59.8,33.6,23.8,38.1,38.6,51.474999999999994,47.60833333333333
2026-04-02 01:00:00,12.6,23.8,70,949.0,5.1,98,0.0,1,3,4,27.5,43.0,40.8,69.5,12.0,30.3,33.21666666666667,50.96666666666667,47.76250000000001
2026-04-02 02:00:00,28.1,24.4,64,949.9,3.8,82,0.0,2,3,4,12.6,26.0,32.4,59.7,21.6,14.8,28.516666666666666,46.224999999999994,47.7875
2026-04-02 03:00:00,31.1,26.2,53,950.8,5.2,92,0.0,3,3,4,28.1,27.5,29.6,95.5,32.0,21.2,27.8,43.59166666666667,48.05833333333333
2026-04-02 04:00:00,42.3,29.4,40,951.5,5.8,94,0.0,4,3,4,31.1,12.6,43.0,72.1,61.7,21.7,28.05,38.225,48.020833333333336
2026-04-02 05:00:00,22.8,31.6,34,951.5,5.5,101,0.0,5,3,4,42.3,28.1,26.0,55.7,65.0,13.5,27.933333333333334,35.74166666666667,47.212500000000006
2026-04-02 06:00:00,53.5,33.1,27,951.5,7.3,107,0.0,6,3,4,22.8,31.1,27.5,59.8,40.5,55.7,27.400000000000002,33.0,45.45416666666666
2026-04-02 07:00:00,51.2,34.6,24,951.0,6.0,134,0.0,7,3,4,53.5,42.3,12.6,40.8,65.8,49.1,31.733333333333334,32.475,45.99583333333334
2026-04-02 08:00:00,54.2,34.1,26,950.2,10.0,172,0.0,8,3,4,51.2,22.8,28.1,32.4,44.0,65.0,38.166666666666664,33.34166666666666,45.387499999999996
2026-04-02 09:00:00,35.0,26.0,57,949.7,10.9,283,1.7,9,3,4,54.2,53.5,31.1,29.6,37.0,89.1,42.516666666666666,35.15833333333333,45.8125
2026-04-02 10:00:00,46.1,30.3,42,949.4,10.1,254,0.3,10,3,4,35.0,51.2,42.3,43.0,59.2,76.1,43.166666666666664,35.60833333333333,45.729166666666664
2026-04-02 11:00:00,60.7,29.3,44,949.5,8.3,283,0.4,11,3,4,46.1,54.2,22.8,26.0,62.3,55.4,43.800000000000004,35.86666666666667,45.18333333333334
2026-04-02 12:00:00,46.2,28.7,48,949.2,11.0,281,0.0,12,3,4,60.7,35.0,53.5,27.5,33.6,84.1,50.11666666666667,38.75833333333333,45.11666666666667
2026-04-02 13:00:00,66.8,27.0,57,949.6,9.0,286,0.0,13,3,4,46.2,46.1,51.2,12.6,69.5,70.6,48.900000000000006,40.31666666666667,45.64166666666666
2026-04-02 14:00:00,63.4,26.0,64,949.8,6.3,290,0.0,14,3,4,66.8,60.7,54.2,28.1,59.7,76.2,51.5,44.833333333333336,45.52916666666666
2026-04-02 15:00:00,78.5,25.3,69,950.4,7.9,290,0.0,15,3,4,63.4,46.2,35.0,31.1,95.5,79.6,53.03333333333333,47.775,45.68333333333334
2026-04-02 16:00:00,31.3,24.2,76,951.4,11.4,301,0.0,16,3,4,78.5,66.8,46.1,42.3,72.1,75.1,60.28333333333334,51.725,44.975
2026-04-02 17:00:00,52.1,23.2,84,951.6,8.8,298,0.0,17,3,4,31.3,63.4,60.7,22.8,55.7,46.6,57.81666666666666,50.80833333333334,43.275
2026-04-02 18:00:00,32.5,22.6,86,951.4,6.0,286,0.0,18,3,4,52.1,78.5,46.2,53.5,59.8,71.3,56.38333333333333,53.25000000000001,43.125
2026-04-02 19:00:00,43.8,22.1,89,950.6,2.9,263,0.0,19,3,4,32.5,31.3,66.8,51.2,40.8,24.9,54.1,51.5,41.987500000000004
2026-04-02 20:00:00,51.7,21.8,91,949.8,1.5,240,0.0,20,3,4,43.8,52.1,63.4,54.2,32.4,12.0,50.26666666666667,50.88333333333333,42.112500000000004
2026-04-02 21:00:00,44.5,21.5,91,949.2,2.2,222,0.0,21,3,4,51.7,32.5,78.5,35.0,29.6,27.9,48.31666666666666,50.675000000000004,42.916666666666664
2026-04-02 22:00:00,32.7,21.2,93,948.5,2.6,219,0.0,22,3,4,44.5,43.8,31.3,46.1,43.0,27.5,42.65,51.46666666666667,43.5375
2026-04-02 23:00:00,36.6,20.8,95,948.3,2.1,239,0.0,23,3,4,32.7,51.7,52.1,60.7,26.0,12.0,42.88333333333333,50.349999999999994,43.10833333333334
2026-04-03 00:00:00,45.2,21.0,95,948.4,0.8,297,0.0,0,4,4,36.6,44.5,32.5,46.2,27.5,23.8,40.300000000000004,48.34166666666667,43.550000000000004
2026-04-03 01:00:00,25.0,20.7,96,948.9,3.5,125,0.0,1,4,4,45.2,32.7,43.8,66.8,12.6,12.0,42.416666666666664,48.25833333333333,44.2875
2026-04-03 02:00:00,38.8,21.4,94,949.8,0.0,270,0.0,2,4,4,25.0,36.6,51.7,63.4,28.1,21.6,39.28333333333333,44.775000000000006,44.804166666666674
2026-04-03 03:00:00,46.8,23.4,83,951.2,3.2,333,0.0,3,4,4,38.8,45.2,44.5,78.5,31.1,32.0,37.13333333333333,42.725,45.25
2026-04-03 04:00:00,46.8,26.0,68,951.8,1.6,360,0.0,4,4,4,46.8,25.0,32.7,31.3,42.3,61.7,37.516666666666666,40.083333333333336,45.90416666666667
2026-04-03 05:00:00,42.1,28.5,57,951.7,2.0,333,0.0,5,4,4,46.8,38.8,36.6,52.1,22.8,65.0,39.86666666666667,41.375,46.09166666666667
2026-04-03 06:00:00,46.1,30.2,48,951.5,2.7,293,0.0,6,4,4,42.1,46.8,45.2,32.5,53.5,40.5,40.78333333333333,40.541666666666664,46.895833333333336
2026-04-03 07:00:00,52.7,31.5,40,950.7,7.8,262,0.1,7,4,4,46.1,46.8,25.0,43.8,51.2,65.8,40.93333333333333,41.675,46.5875
2026-04-03 08:00:00,63.5,32.4,36,949.8,9.2,273,0.0,8,4,4,52.7,42.1,38.8,51.7,54.2,44.0,45.550000000000004,42.416666666666664,46.650000000000006
2026-04-03 09:00:00,47.1,32.4,32,948.9,11.9,272,0.0,9,4,4,63.5,46.1,46.8,44.5,35.0,37.0,49.666666666666664,43.4,47.0375
2026-04-03 10:00:00,72.6,32.5,30,948.2,11.7,266,0.0,10,4,4,47.1,52.7,46.8,32.7,46.1,59.2,49.71666666666667,43.61666666666667,47.541666666666664
2026-04-03 11:00:00,63.3,32.2,30,947.6,13.7,271,0.0,11,4,4,72.6,63.5,42.1,36.6,60.7,62.3,54.01666666666667,46.94166666666666,48.645833333333336
2026-04-03 12:00:00,76.8,31.2,33,947.7,12.1,280,0.2,12,4,4,63.3,47.1,46.1,45.2,46.2,33.6,57.54999999999999,49.166666666666664,48.75416666666667
2026-04-03 13:00:00,52.3,29.4,37,948.0,11.5,287,0.0,13,4,4,76.8,72.6,52.7,25.0,66.8,69.5,62.666666666666664,51.800000000000004,50.02916666666667
2026-04-03 14:00:00,55.0,26.6,44,948.7,12.3,273,0.0,14,4,4,52.3,63.3,63.5,38.8,63.4,59.7,62.6,54.074999999999996,49.425000000000004
2026-04-03 15:00:00,46.0,25.0,53,949.5,9.6,275,0.0,15,4,4,55.0,76.8,47.1,46.8,78.5,95.5,61.18333333333334,55.42499999999999,49.074999999999996
2026-04-03 16:00:00,66.1,23.8,62,950.2,7.6,270,0.0,16,4,4,46.0,52.3,72.6,46.8,31.3,72.1,61.0,55.35833333333333,47.72083333333333
2026-04-03 17:00:00,40.2,22.9,69,950.4,6.6,259,0.0,17,4,4,66.1,55.0,63.3,42.1,52.1,55.7,59.91666666666666,56.96666666666667,49.17083333333334
2026-04-03 18:00:00,45.4,22.4,75,950.2,7.3,254,0.0,18,4,4,40.2,46.0,76.8,46.1,32.5,59.8,56.06666666666666,56.80833333333334,48.67499999999999
2026-04-03 19:00:00,12.0,21.9,78,949.6,7.6,252,0.0,19,4,4,45.4,66.1,52.3,52.7,43.8,40.8,50.833333333333336,56.75,49.2125
2026-04-03 20:00:00,25.8,21.4,82,949.2,6.3,257,0.0,20,4,4,12.0,40.2,55.0,63.5,51.7,32.4,44.11666666666667,53.35833333333333,47.887499999999996
2026-04-03 21:00:00,29.1,21.0,86,948.8,5.3,262,0.0,21,4,4,25.8,45.4,46.0,47.1,44.5,29.6,39.24999999999999,50.21666666666666,46.80833333333333
2026-04-03 22:00:00,12.0,20.6,88,948.3,3.2,232,0.0,22,4,4,29.1,12.0,66.1,72.6,32.7,43.0,36.43333333333334,48.71666666666667,46.166666666666664
2026-04-03 23:00:00,24.2,20.3,90,948.1,0.9,169,0.0,23,4,4,12.0,25.8,40.2,63.3,36.6,26.0,27.416666666666668,43.666666666666664,45.30416666666667
2026-04-04 00:00:00,44.3,20.2,88,948.0,3.2,236,0.0,0,5,4,24.2,29.1,45.4,76.8,45.2,27.5,24.75,40.40833333333333,44.7875
2026-04-04 01:00:00,21.5,20.4,86,948.7,1.9,214,0.0,1,5,4,44.3,12.0,12.0,52.3,25.0,12.6,24.566666666666663,37.699999999999996,44.75
2026-04-04 02:00:00,15.0,21.6,77,949.5,1.1,90,0.0,2,5,4,21.5,24.2,25.8,55.0,38.8,28.1,26.149999999999995,35.13333333333333,44.604166666666664
2026-04-04 03:00:00,56.4,23.9,65,950.6,1.5,45,0.0,3,5,4,15.0,44.3,29.1,46.0,46.8,31.1,24.350000000000005,31.799999999999997,43.612500000000004
2026-04-04 04:00:00,51.4,26.7,50,951.5,2.3,337,0.0,4,5,4,56.4,21.5,12.0,66.1,46.8,42.3,28.900000000000002,32.666666666666664,44.012499999999996
2026-04-04 05:00:00,21.0,29.2,38,951.4,5.0,311,0.0,5,5,4,51.4,15.0,24.2,40.2,42.1,22.8,35.46666666666667,31.441666666666666,44.20416666666666
2026-04-04 06:00:00,36.7,30.5,30,951.1,5.3,303,0.0,6,5,4,21.0,56.4,44.3,45.4,46.1,53.5,34.93333333333334,29.84166666666667,43.324999999999996
2026-04-04 07:00:00,52.8,32.0,25,950.6,7.5,287,0.0,7,5,4,36.7,51.4,21.5,12.0,52.7,51.2,33.666666666666664,29.116666666666664,42.93333333333334
2026-04-04 08:00:00,63.5,32.5,24,949.5,9.3,283,0.0,8,5,4,52.8,21.0,15.0,25.8,63.5,54.2,38.88333333333333,32.516666666666666,42.9375
2026-04-04 09:00:00,74.4,33.2,25,948.4,12.0,294,0.0,9,5,4,63.5,36.7,56.4,29.1,47.1,35.0,46.96666666666667,35.65833333333333,42.9375
2026-04-04 10:00:00,50.8,32.8,26,947.4,14.9,290,0.0,10,5,4,74.4,52.8,51.4,12.0,72.6,46.1,49.96666666666667,39.43333333333334,44.074999999999996
2026-04-04 11:00:00,50.1,31.6,28,946.9,15.9,288,0.0,11,5,4,50.8,63.5,21.0,24.2,63.3,60.7,49.866666666666674,42.666666666666664,43.166666666666664
2026-04-04 12:00:00,61.9,31.1,30,947.0,14.3,288,0.0,12,5,4,50.1,74.4,36.7,44.3,76.8,46.2,54.71666666666667,44.824999999999996,42.61666666666667
2026-04-04 13:00:00,68.4,29.9,34,947.6,15.8,289,0.0,13,5,4,61.9,50.8,52.8,21.5,52.3,66.8,58.916666666666664,46.291666666666664,41.99583333333333
2026-04-04 14:00:00,58.0,26.5,55,948.1,15.4,281,0.0,14,5,4,68.4,50.1,63.5,15.0,55.0,63.4,61.51666666666667,50.199999999999996,42.666666666666664
2026-04-04 15:00:00,42.1,24.9,63,949.0,12.4,279,0.0,15,5,4,58.0,61.9,74.4,56.4,46.0,78.5,60.6,53.78333333333333,42.791666666666664
2026-04-04 16:00:00,34.2,23.8,69,949.6,11.0,269,0.0,16,5,4,42.1,68.4,50.8,51.4,66.1,31.3,55.21666666666667,52.59166666666667,42.62916666666666
2026-04-04 17:00:00,15.0,23.0,73,949.8,9.5,268,0.0,17,5,4,34.2,58.0,50.1,21.0,40.2,52.1,52.449999999999996,51.15833333333334,41.300000000000004
2026-04-04 18:00:00,39.9,22.4,77,949.2,9.2,269,0.0,18,5,4,15.0,42.1,61.9,36.7,45.4,32.5,46.6,50.65833333333334,40.25
2026-04-04 19:00:00,29.9,21.9,79,949.1,9.0,271,0.0,19,5,4,39.9,34.2,68.4,52.8,12.0,43.8,42.93333333333334,50.925000000000004,40.020833333333336
2026-04-04 20:00:00,13.4,21.6,77,948.7,10.1,269,0.0,20,5,4,29.9,15.0,58.0,63.5,25.8,51.7,36.516666666666666,49.01666666666666,40.766666666666666
2026-04-04 21:00:00,21.5,21.4,76,948.5,10.6,266,0.0,21,5,4,13.4,39.9,42.1,74.4,29.1,44.5,29.083333333333332,44.84166666666667,40.25
2026-04-04 22:00:00,12.0,21.1,77,948.1,10.8,269,0.0,22,5,4,21.5,29.9,34.2,50.8,12.0,32.7,25.650000000000002,40.43333333333333,39.93333333333334
2026-04-04 23:00:00,12.0,20.7,80,948.5,10.7,275,0.0,23,5,4,12.0,13.4,15.0,50.1,24.2,36.6,21.95,37.2,39.93333333333334
2026-04-05 00:00:00,12.0,20.5,80,948.4,8.1,273,0.0,0,6,4,12.0,21.5,39.9,61.9,44.3,45.2,21.45,34.025,39.425000000000004
2026-04-05 01:00:00,17.1,20.5,81,949.1,6.0,260,0.0,1,6,4,12.0,12.0,29.9,68.4,21.5,25.0,16.8,29.86666666666667,38.07916666666667
2026-04-05 02:00:00,12.0,21.6,72,949.8,6.2,258,0.0,2,6,4,17.1,12.0,13.4,58.0,15.0,38.8,14.666666666666666,25.591666666666665,37.895833333333336
2026-04-05 03:00:00,12.0,24.0,61,950.7,5.6,274,0.0,3,6,4,12.0,12.0,21.5,42.1,56.4,46.8,14.433333333333332,21.75833333333333,37.770833333333336
2026-04-05 04:00:00,25.5,27.2,44,951.2,7.2,288,0.0,4,6,4,12.0,17.1,12.0,34.2,51.4,46.8,12.85,19.25,35.92083333333333
2026-04-05 05:00:00,32.6,30.3,30,951.3,11.4,291,0.0,5,6,4,25.5,12.0,12.0,15.0,21.0,42.1,15.1,18.525000000000002,34.84166666666666
2026-04-05 06:00:00,12.0,31.7,24,950.9,15.5,279,0.0,6,6,4,32.6,12.0,12.0,39.9,36.7,46.1,18.533333333333335,19.991666666666667,35.324999999999996
2026-04-05 07:00:00,12.0,32.5,24,950.6,16.1,274,0.0,7,6,4,12.0,25.5,17.1,29.9,52.8,52.7,18.533333333333335,17.666666666666668,34.295833333333334
2026-04-05 08:00:00,37.8,32.8,25,949.3,16.8,276,0.0,8,6,4,12.0,32.6,12.0,13.4,63.5,63.5,17.683333333333334,16.175,32.59583333333333
2026-04-05 09:00:00,54.5,32.8,25,948.5,18.1,276,0.0,9,6,4,37.8,12.0,12.0,21.5,74.4,47.1,21.98333333333333,18.208333333333332,31.525000000000002
2026-04-05 10:00:00,32.6,32.3,24,947.8,18.7,277,0.0,10,6,4,54.5,12.0,25.5,12.0,50.8,72.6,29.066666666666663,20.958333333333332,30.695833333333336
2026-04-05 11:00:00,41.6,31.7,23,947.6,18.2,275,0.0,11,6,4,32.6,37.8,32.6,12.0,50.1,63.3,30.25,22.674999999999997,29.9375
2026-04-05 12:00:00,23.3,30.8,23,947.1,16.9,263,0.0,12,6,4,41.6,54.5,12.0,12.0,61.9,76.8,31.75,25.141666666666666,29.583333333333332
2026-04-05 13:00:00,60.7,29.1,28,947.8,14.7,259,0.0,13,6,4,23.3,32.6,12.0,17.1,68.4,52.3,33.63333333333333,26.083333333333332,27.975000000000005
2026-04-05 14:00:00,66.9,27.2,40,948.2,12.0,262,0.0,14,6,4,60.7,41.6,37.8,12.0,58.0,55.0,41.75,29.71666666666667,27.654166666666665
2026-04-05 15:00:00,74.8,25.4,54,948.8,10.3,267,0.0,15,6,4,66.9,23.3,54.5,12.0,42.1,46.0,46.6,34.291666666666664,28.024999999999995
2026-04-05 16:00:00,59.0,23.8,64,949.1,9.8,276,0.0,16,6,4,74.8,60.7,32.6,25.5,34.2,66.1,49.98333333333333,39.525,29.387500000000003
2026-04-05 17:00:00,34.4,22.6,71,949.4,9.2,274,0.0,17,6,4,59.0,66.9,41.6,32.6,15.0,40.2,54.38333333333333,42.31666666666667,30.420833333333334
2026-04-05 18:00:00,18.6,21.7,76,949.5,8.5,272,0.0,18,6,4,34.4,74.8,23.3,12.0,39.9,45.4,53.18333333333334,42.46666666666667,31.229166666666668
2026-04-05 19:00:00,38.6,21.3,78,949.1,7.8,257,0.0,19,6,4,18.6,59.0,60.7,12.0,29.9,12.0,52.4,43.01666666666667,30.34166666666667
2026-04-05 20:00:00,12.0,20.6,80,948.6,8.4,263,0.0,20,6,4,38.6,34.4,66.9,37.8,13.4,25.8,48.71666666666667,45.23333333333333,30.70416666666667
2026-04-05 21:00:00,12.0,20.0,81,948.2,9.0,273,0.0,21,6,4,12.0,18.6,74.8,54.5,21.5,29.1,39.56666666666667,43.083333333333336,30.645833333333332
2026-04-05 22:00:00,12.0,19.4,84,948.6,9.8,284,0.0,22,6,4,12.0,38.6,59.0,32.6,12.0,12.0,29.100000000000005,39.541666666666664,30.25
2026-04-05 23:00:00,31.3,19.1,87,948.7,8.6,272,0.0,23,6,4,12.0,12.0,34.4,41.6,12.0,24.2,21.266666666666666,37.825,30.25
2026-04-06 00:00:00,12.0,18.6,91,948.4,7.6,252,0.0,0,0,4,31.3,12.0,18.6,23.3,12.0,44.3,20.75,36.96666666666667,31.054166666666664
2026-04-06 01:00:00,12.0,18.7,89,949.2,7.2,264,0.0,1,0,4,12.0,12.0,38.6,60.7,17.1,21.5,19.650000000000002,36.025,31.054166666666664
2026-04-06 02:00:00,20.0,19.6,82,949.9,6.8,267,0.0,2,0,4,12.0,31.3,12.0,66.9,12.0,15.0,15.216666666666669,31.96666666666667,30.84166666666667
2026-04-06 03:00:00,12.0,21.6,69,951.1,8.4,285,0.0,3,0,4,20.0,12.0,12.0,74.8,12.0,56.4,16.55,28.058333333333337,31.175
2026-04-06 04:00:00,12.0,24.2,51,952.1,8.1,295,0.0,4,0,4,12.0,12.0,12.0,59.0,25.5,51.4,16.55,22.825000000000003,31.175
2026-04-06 05:00:00,19.6,26.6,39,952.3,8.3,303,0.0,5,0,4,12.0,20.0,31.3,34.4,32.6,21.0,16.55,18.908333333333335,30.6125
2026-04-06 06:00:00,58.9,28.2,31,952.2,7.3,300,0.0,6,0,4,19.6,12.0,12.0,18.6,12.0,36.7,14.6,17.675,30.070833333333336
2026-04-06 07:00:00,48.6,30.1,26,951.5,6.9,298,0.0,7,0,4,58.9,12.0,12.0,38.6,12.0,52.8,22.416666666666668,21.03333333333333,32.025
2026-04-06 08:00:00,54.8,31.2,24,950.5,7.9,291,0.0,8,0,4,48.6,19.6,20.0,12.0,37.8,63.5,28.516666666666666,21.866666666666664,33.550000000000004
2026-04-06 09:00:00,73.6,31.7,24,949.6,11.0,289,0.0,9,0,4,54.8,58.9,12.0,12.0,54.5,74.4,34.31666666666667,25.433333333333334,34.25833333333333
2026-04-06 10:00:00,60.7,31.6,26,948.8,12.0,286,0.0,10,0,4,73.6,48.6,12.0,12.0,32.6,50.8,44.583333333333336,30.566666666666663,35.05416666666667
2026-04-06 11:00:00,70.3,31.0,27,948.5,12.0,288,0.0,11,0,4,60.7,54.8,19.6,31.3,41.6,50.1,52.699999999999996,34.625,36.225
2026-04-06 12:00:00,56.8,30.1,28,948.3,11.6,291,0.0,12,0,4,70.3,73.6,58.9,12.0,23.3,61.9,61.15,37.875,37.420833333333334
2026-04-06 13:00:00,83.8,28.8,32,948.7,11.5,292,0.0,13,0,4,56.8,60.7,48.6,12.0,60.7,68.4,60.800000000000004,41.60833333333333,38.81666666666666
2026-04-06 14:00:00,58.3,27.4,40,949.0,12.8,292,0.0,14,0,4,83.8,70.3,54.8,20.0,66.9,58.0,66.66666666666667,47.59166666666666,39.77916666666667
2026-04-06 15:00:00,57.0,24.2,63,949.5,12.3,278,0.0,15,0,4,58.3,56.8,73.6,12.0,74.8,42.1,67.25,50.78333333333333,39.42083333333333
2026-04-06 16:00:00,55.8,23.1,68,950.0,10.2,263,0.0,16,0,4,57.0,83.8,60.7,12.0,59.0,34.2,64.48333333333333,54.53333333333333,38.67916666666667
2026-04-06 17:00:00,43.9,22.3,72,950.4,9.7,273,0.0,17,0,4,55.8,58.3,70.3,19.6,34.4,15.0,63.666666666666664,58.18333333333333,38.54583333333333
2026-04-06 18:00:00,25.7,21.9,75,950.4,9.5,269,0.0,18,0,4,43.9,57.0,56.8,58.9,18.6,39.9,59.26666666666666,60.20833333333332,38.94166666666667
2026-04-06 19:00:00,45.6,21.3,78,950.4,8.5,271,0.0,19,0,4,25.7,55.8,83.8,48.6,38.6,29.9,54.083333333333336,57.44166666666666,39.2375
2026-04-06 20:00:00,18.3,20.8,81,949.8,8.7,262,0.0,20,0,4,45.6,43.9,58.3,54.8,12.0,13.4,47.71666666666667,57.19166666666666,39.52916666666666
2026-04-06 21:00:00,12.0,20.5,83,949.6,8.5,258,0.0,21,0,4,18.3,25.7,57.0,73.6,12.0,21.5,41.05,54.15,39.791666666666664
2026-04-06 22:00:00,12.0,20.1,85,949.1,8.0,252,0.0,22,0,4,12.0,45.6,55.8,60.7,12.0,12.0,33.550000000000004,49.01666666666666,39.791666666666664
2026-04-06 23:00:00,12.0,19.8,86,948.7,8.0,242,0.0,23,0,4,12.0,18.3,43.9,70.3,31.3,12.0,26.25,44.958333333333336,39.791666666666664
2026-04-07 00:00:00,12.0,19.4,91,948.7,8.1,257,0.0,0,1,4,12.0,12.0,25.7,56.8,12.0,12.0,20.933333333333334,40.1,38.987500000000004
2026-04-07 01:00:00,12.0,19.5,91,949.4,9.2,274,0.0,1,1,4,12.0,12.0,45.6,83.8,12.0,17.1,18.650000000000002,36.36666666666667,38.987500000000004
2026-04-07 02:00:00,12.0,20.5,86,950.2,7.4,270,0.0,2,1,4,12.0,12.0,18.3,58.3,20.0,12.0,13.049999999999999,30.383333333333336,38.987500000000004
2026-04-07 03:00:00,20.8,22.9,71,951.3,7.7,271,0.0,3,1,4,12.0,12.0,12.0,57.0,12.0,12.0,12.0,26.525000000000002,38.65416666666667
2026-04-07 04:00:00,35.1,26.1,52,951.8,7.0,273,0.0,4,1,4,20.8,12.0,12.0,55.8,12.0,25.5,13.466666666666669,23.50833333333333,39.020833333333336
2026-04-07 05:00:00,63.1,29.6,36,951.9,7.2,288,0.0,5,1,4,35.1,12.0,12.0,43.9,19.6,32.6,17.316666666666666,21.78333333333333,39.983333333333334
2026-04-07 06:00:00,35.3,31.9,26,951.6,9.2,293,0.0,6,1,4,63.1,20.8,12.0,25.7,58.9,12.0,25.833333333333332,23.383333333333336,41.795833333333334
2026-04-07 07:00:00,24.1,33.6,22,951.1,12.8,302,0.0,7,1,4,35.3,35.1,12.0,45.6,48.6,12.0,29.71666666666667,24.183333333333334,40.8125
2026-04-07 08:00:00,54.3,33.7,23,950.4,15.4,304,0.0,8,1,4,24.1,63.1,12.0,18.3,54.8,37.8,31.733333333333334,22.391666666666666,39.791666666666664
2026-04-07 09:00:00,48.0,33.8,23,949.5,13.9,303,0.0,9,1,4,54.3,35.3,20.8,12.0,73.6,54.5,38.78333333333333,25.391666666666666,39.770833333333336
2026-04-07 10:00:00,43.0,33.5,24,948.9,13.5,299,0.0,10,1,4,48.0,24.1,35.1,12.0,60.7,32.6,43.31666666666666,28.391666666666666,38.704166666666666
2026-04-07 11:00:00,27.6,32.6,25,948.3,15.5,301,0.0,11,1,4,43.0,54.3,63.1,12.0,70.3,41.6,44.63333333333333,30.974999999999998,37.96666666666666
2026-04-07 12:00:00,50.4,31.4,28,948.5,15.7,309,0.0,12,1,4,27.6,48.0,35.3,12.0,56.8,23.3,38.71666666666667,32.275,36.1875
2026-04-07 13:00:00,39.1,29.7,33,948.9,13.2,294,0.0,13,1,4,50.4,43.0,24.1,12.0,83.8,60.7,41.23333333333333,35.475,35.920833333333334
2026-04-07 14:00:00,27.4,27.4,44,949.3,14.0,278,0.0,14,1,4,39.1,27.6,54.3,12.0,58.3,66.9,43.73333333333333,37.733333333333334,34.05833333333333
2026-04-07 15:00:00,49.7,25.8,52,949.6,11.6,277,0.0,15,1,4,27.4,50.4,48.0,20.8,57.0,74.8,39.25,39.016666666666666,32.770833333333336
2026-04-07 16:00:00,69.8,25.0,55,949.8,9.0,264,0.0,16,1,4,49.7,39.1,43.0,35.1,55.8,59.0,39.53333333333333,41.425000000000004,32.46666666666667
2026-04-07 17:00:00,55.3,24.2,60,950.2,9.4,268,0.0,17,1,4,69.8,27.4,27.6,63.1,43.9,34.4,44.0,44.31666666666666,33.050000000000004
2026-04-07 18:00:00,40.9,23.2,67,950.1,9.5,270,0.0,18,1,4,55.3,49.7,50.4,35.3,25.7,18.6,48.61666666666667,43.666666666666664,33.525
2026-04-07 19:00:00,20.6,22.5,76,949.6,8.9,262,0.0,19,1,4,40.9,69.8,39.1,24.1,45.6,38.6,47.03333333333333,44.13333333333333,34.15833333333334
2026-04-07 20:00:00,33.7,21.7,82,949.2,8.7,263,0.0,20,1,4,20.6,55.3,27.4,54.3,18.3,12.0,43.949999999999996,43.84166666666666,33.11666666666667
2026-04-07 21:00:00,12.0,21.4,84,948.7,8.9,263,0.0,21,1,4,33.7,40.9,49.7,48.0,12.0,12.0,45.0,42.125,33.75833333333333
2026-04-07 22:00:00,12.0,21.1,85,948.5,8.0,262,0.0,22,1,4,12.0,20.6,69.8,43.0,12.0,12.0,38.71666666666667,39.125,33.75833333333333
2026-04-07 23:00:00,24.7,20.8,87,948.1,7.4,256,0.0,23,1,4,12.0,33.7,55.3,27.6,12.0,31.3,29.083333333333332,36.541666666666664,33.75833333333333
2026-04-08 00:00:00,12.0,20.7,92,948.5,8.5,252,0.0,0,2,4,24.7,12.0,40.9,50.4,12.0,12.0,23.983333333333334,36.3,34.2875
2026-04-08 01:00:00,12.0,20.9,87,948.9,7.6,245,0.0,1,2,4,12.0,12.0,20.6,39.1,12.0,12.0,19.166666666666668,33.1,34.2875
2026-04-08 02:00:00,12.0,21.9,78,949.4,6.4,245,0.0,2,2,4,12.0,24.7,33.7,27.4,12.0,20.0,17.733333333333334,30.841666666666665,34.2875
2026-04-08 03:00:00,13.1,24.3,64,950.5,7.6,270,0.0,3,2,4,12.0,12.0,12.0,49.7,20.8,12.0,14.116666666666667,29.558333333333334,34.2875
2026-04-08 04:00:00,12.0,26.9,53,951.1,8.1,274,0.0,4,2,4,13.1,12.0,12.0,69.8,35.1,12.0,14.299999999999999,26.508333333333336,33.96666666666667
2026-04-08 05:00:00,28.5,29.5,44,951.3,9.7,280,0.0,5,2,4,12.0,12.0,24.7,55.3,63.1,19.6,14.299999999999999,21.691666666666666,33.00416666666667
2026-04-08 06:00:00,20.0,30.4,40,951.1,11.2,286,0.0,6,2,4,28.5,13.1,12.0,40.9,35.3,58.9,14.933333333333332,19.458333333333332,31.5625
2026-04-08 07:00:00,36.6,31.9,35,950.6,12.2,284,0.0,7,2,4,20.0,12.0,12.0,20.6,24.1,48.6,16.266666666666666,17.716666666666665,30.925
2026-04-08 08:00:00,15.2,32.8,32,949.8,15.0,284,0.0,8,2,4,36.6,28.5,12.0,33.7,54.3,54.8,20.366666666666664,19.05,31.44583333333333
2026-04-08 09:00:00,51.0,33.3,30,948.7,16.6,287,0.0,9,2,4,15.2,20.0,13.1,12.0,48.0,73.6,20.9,17.508333333333333,29.816666666666666
2026-04-08 10:00:00,25.4,33.0,30,948.0,18.1,291,0.0,10,2,4,51.0,36.6,12.0,12.0,43.0,60.7,27.21666666666667,20.758333333333336,29.941666666666666
2026-04-08 11:00:00,42.5,32.6,24,947.9,16.8,291,0.0,11,2,4,25.4,15.2,28.5,24.7,27.6,70.3,29.45,21.875,29.208333333333332
2026-04-08 12:00:00,33.5,31.9,22,947.8,15.3,297,0.0,12,2,4,42.5,51.0,20.0,12.0,50.4,56.8,31.78333333333333,23.358333333333334,29.829166666666666
2026-04-08 13:00:00,56.6,30.1,28,948.1,13.5,295,0.0,13,2,4,33.5,25.4,36.6,12.0,39.1,83.8,34.03333333333333,25.150000000000002,29.125
2026-04-08 14:00:00,46.1,28.2,42,948.7,10.7,283,0.0,14,2,4,56.6,42.5,15.2,12.0,27.4,58.3,37.36666666666667,28.866666666666664,29.854166666666668
2026-04-08 15:00:00,67.7,26.6,55,949.0,8.8,282,0.0,15,2,4,46.1,33.5,51.0,13.1,49.7,57.0,42.516666666666666,31.708333333333332,30.633333333333336
2026-04-08 16:00:00,45.7,25.3,64,949.4,8.2,279,0.0,16,2,4,67.7,56.6,25.4,12.0,69.8,55.8,45.300000000000004,36.25833333333333,31.38333333333333
2026-04-08 17:00:00,40.9,24.1,70,949.8,7.4,277,0.0,17,2,4,45.7,46.1,42.5,28.5,55.3,43.9,48.68333333333334,39.06666666666666,30.379166666666666
2026-04-08 18:00:00,32.3,23.4,76,949.8,6.7,268,0.0,18,2,4,40.9,67.7,33.5,20.0,40.9,25.7,48.416666666666664,40.1,29.779166666666665
2026-04-08 19:00:00,42.8,22.7,80,949.4,6.7,276,0.0,19,2,4,32.3,45.7,56.6,36.6,20.6,45.6,48.21666666666667,41.125,29.42083333333333
2026-04-08 20:00:00,25.9,22.0,84,948.9,6.5,268,0.0,20,2,4,42.8,40.9,46.1,15.2,33.7,18.3,45.916666666666664,41.641666666666666,30.345833333333335
2026-04-08 21:00:00,12.0,21.4,87,948.5,5.8,265,0.0,21,2,4,25.9,32.3,67.7,51.0,12.0,12.0,42.55,42.53333333333333,30.020833333333332
2026-04-08 22:00:00,18.2,20.9,89,948.3,5.8,254,0.0,22,2,4,12.0,42.8,45.7,25.4,12.0,12.0,33.266666666666666,39.28333333333333,30.020833333333332
2026-04-08 23:00:00,12.0,20.5,91,948.3,5.4,250,0.0,23,2,4,18.2,25.9,40.9,42.5,24.7,12.0,28.683333333333326,38.68333333333333,30.27916666666667
2026-04-09 00:00:00,12.0,20.5,93,948.6,5.3,260,0.0,0,3,4,12.0,12.0,32.3,33.5,12.0,12.0,23.866666666666664,36.141666666666666,29.75
2026-04-09 01:00:00,12.0,20.6,95,949.5,6.2,278,0.0,1,3,4,12.0,18.2,42.8,56.6,12.0,12.0,20.48333333333333,34.35,29.75
2026-04-09 02:00:00,32.6,21.2,91,950.5,6.1,267,0.0,2,3,4,12.0,12.0,25.9,46.1,12.0,12.0,15.35,30.633333333333336,29.75
2026-04-09 03:00:00,12.0,23.6,71,951.6,5.9,258,0.0,3,3,4,32.6,12.0,12.0,67.7,13.1,20.8,16.466666666666665,29.50833333333333,30.60833333333333
2026-04-09 04:00:00,27.6,27.1,48,952.3,7.6,278,0.0,4,3,4,12.0,12.0,18.2,45.7,12.0,35.1,16.466666666666665,24.866666666666664,30.562499999999996
2026-04-09 05:00:00,12.0,29.8,38,952.2,9.6,290,0.0,5,3,4,27.6,32.6,12.0,40.9,28.5,63.1,18.03333333333333,23.358333333333334,31.212499999999995
2026-04-09 06:00:00,37.2,31.6,31,952.0,10.9,287,0.0,6,3,4,12.0,12.0,12.0,32.3,20.0,35.3,18.03333333333333,20.95,30.524999999999995
2026-04-09 07:00:00,22.0,33.2,27,951.4,12.7,285,0.0,7,3,4,37.2,27.6,12.0,42.8,36.6,24.1,22.233333333333334,21.358333333333334,31.241666666666664
2026-04-09 08:00:00,48.4,33.8,27,950.7,14.0,285,0.0,8,3,4,22.0,12.0,32.6,25.9,15.2,54.3,23.900000000000002,19.625,30.633333333333336
2026-04-09 09:00:00,36.5,33.8,28,949.9,14.2,285,0.0,9,3,4,48.4,37.2,12.0,12.0,51.0,48.0,26.53333333333333,21.5,32.016666666666666
2026-04-09 10:00:00,40.7,33.5,30,949.2,14.6,289,0.0,10,3,4,36.5,22.0,27.6,18.2,25.4,43.0,30.616666666666664,23.541666666666668,31.412499999999998
2026-04-09 11:00:00,39.6,32.9,31,949.0,15.2,291,0.0,11,3,4,40.7,48.4,12.0,12.0,42.5,27.6,32.800000000000004,25.416666666666668,32.050000000000004
2026-04-09 12:00:00,66.0,31.4,35,949.1,15.0,294,0.0,12,3,4,39.6,36.5,37.2,12.0,33.5,50.4,37.4,27.71666666666667,31.929166666666664
2026-04-09 13:00:00,53.3,30.0,36,949.7,14.6,296,0.0,13,3,4,66.0,40.7,22.0,12.0,56.6,39.1,42.199999999999996,32.21666666666667,33.28333333333333
2026-04-09 14:00:00,51.0,28.7,38,950.2,13.1,297,0.0,14,3,4,53.3,39.6,48.4,32.6,46.1,27.4,47.416666666666664,35.65833333333334,33.145833333333336
2026-04-09 15:00:00,50.3,27.5,43,950.5,9.7,288,0.0,15,3,4,51.0,66.0,36.5,12.0,67.7,49.7,47.85,37.19166666666667,33.35
2026-04-09 16:00:00,34.7,26.3,49,950.9,7.6,275,0.0,16,3,4,50.3,53.3,40.7,27.6,45.7,69.8,50.15,40.38333333333333,32.625
2026-04-09 17:00:00,40.2,25.3,54,951.2,6.1,272,0.0,17,3,4,34.7,51.0,39.6,12.0,40.9,55.3,49.15,40.975,32.166666666666664
2026-04-09 18:00:00,38.6,24.6,59,951.2,6.0,261,0.0,18,3,4,40.2,50.3,66.0,37.2,32.3,40.9,49.25,43.32500000000001,32.137499999999996
2026-04-09 19:00:00,28.7,23.9,63,950.8,6.0,263,0.0,19,3,4,38.6,34.7,53.3,22.0,42.8,20.6,44.68333333333334,43.44166666666666,32.4
2026-04-09 20:00:00,50.5,23.1,67,950.2,4.1,255,0.0,20,3,4,28.7,40.2,51.0,48.4,25.9,33.7,40.583333333333336,44.0,31.8125
2026-04-09 21:00:00,60.7,22.5,71,949.9,2.1,239,0.0,21,3,4,50.5,38.6,50.3,36.5,12.0,12.0,40.5,44.175000000000004,32.8375
2026-04-09 22:00:00,17.4,22.0,73,949.6,1.9,214,0.0,22,3,4,60.7,28.7,34.7,40.7,18.2,12.0,42.233333333333334,46.19166666666666,34.86666666666667
2026-04-09 23:00:00,29.6,21.5,76,949.7,1.9,68,0.0,23,3,4,17.4,50.5,40.2,39.6,12.0,24.7,39.35,44.25,34.833333333333336
2026-04-10 00:00:00,12.0,21.5,73,949.9,0.4,207,0.0,0,4,4,29.6,60.7,38.6,66.0,12.0,12.0,37.583333333333336,43.416666666666664,35.56666666666666
2026-04-10 01:00:00,31.8,21.6,73,950.3,1.9,241,0.0,1,4,4,12.0,17.4,28.7,53.3,12.0,12.0,33.15,38.916666666666664,35.56666666666666
2026-04-10 02:00:00,12.0,22.9,67,951.7,1.9,331,0.0,2,4,4,31.8,29.6,50.5,51.0,32.6,12.0,33.666666666666664,37.125,36.391666666666666
2026-04-10 03:00:00,47.6,25.9,54,952.9,2.9,22,0.0,3,4,4,12.0,12.0,60.7,50.3,12.0,13.1,27.25,33.875,35.53333333333334
2026-04-10 04:00:00,13.8,29.2,35,953.6,6.6,57,0.0,4,4,4,47.6,31.8,17.4,34.7,27.6,12.0,25.066666666666666,33.650000000000006,37.01666666666667
2026-04-10 05:00:00,39.0,31.4,28,953.3,9.8,73,0.0,5,4,4,13.8,12.0,29.6,40.2,12.0,28.5,24.46666666666667,31.90833333333333,36.44166666666667
2026-04-10 06:00:00,66.3,32.5,26,952.8,7.9,74,0.0,6,4,4,39.0,47.6,12.0,38.6,37.2,20.0,26.03333333333333,31.808333333333334,37.56666666666667
2026-04-10 07:00:00,59.4,34.3,23,952.2,6.0,63,0.0,7,4,4,66.3,13.8,31.8,28.7,22.0,36.6,35.083333333333336,34.11666666666667,38.77916666666667
2026-04-10 08:00:00,58.9,35.6,21,951.1,6.1,47,0.0,8,4,4,59.4,39.0,12.0,50.5,48.4,15.2,39.68333333333333,36.675,40.3375
2026-04-10 09:00:00,44.9,36.5,19,950.0,7.4,26,0.0,9,4,4,58.9,66.3,47.6,60.7,36.5,51.0,47.5,37.375,40.775
2026-04-10 10:00:00,51.7,36.7,19,949.0,10.4,11,0.0,10,4,4,44.9,59.4,13.8,17.4,40.7,25.4,47.050000000000004,36.05833333333333,41.125
2026-04-10 11:00:00,71.4,36.4,17,948.7,12.3,10,0.0,11,4,4,51.7,58.9,39.0,29.6,39.6,42.5,53.36666666666667,38.916666666666664,41.583333333333336
2026-04-10 12:00:00,44.4,35.6,16,948.7,13.4,28,0.0,12,4,4,71.4,44.9,66.3,12.0,66.0,33.5,58.76666666666667,42.4,42.90833333333334
2026-04-10 13:00:00,55.9,34.4,15,948.9,15.9,46,0.0,13,4,4,44.4,51.7,59.4,31.8,53.3,56.6,55.116666666666674,45.1,42.00833333333333
2026-04-10 14:00:00,94.0,32.7,17,949.5,2.3,270,0.0,14,4,4,55.9,71.4,58.9,12.0,51.0,46.1,54.53333333333333,47.10833333333333,42.11666666666667
2026-04-10 15:00:00,34.5,30.1,40,950.3,13.4,275,0.0,15,4,4,94.0,44.4,44.9,47.6,50.3,67.7,60.38333333333333,53.94166666666666,43.90833333333333
2026-04-10 16:00:00,66.9,28.9,48,950.7,3.8,270,0.0,16,4,4,34.5,55.9,51.7,13.8,34.7,45.7,58.65,52.849999999999994,43.25
2026-04-10 17:00:00,52.2,27.9,52,951.1,5.5,243,0.0,17,4,4,66.9,94.0,71.4,39.0,40.2,40.9,61.18333333333334,57.275000000000006,44.59166666666667
2026-04-10 18:00:00,46.0,27.3,55,951.0,5.7,294,0.0,18,4,4,52.2,34.5,44.4,66.3,38.6,32.3,57.98333333333334,58.375,45.09166666666667
2026-04-10 19:00:00,51.6,26.5,58,951.0,8.6,244,0.0,19,4,4,46.0,66.9,55.9,59.4,28.7,42.8,58.25,56.68333333333334,45.400000000000006
2026-04-10 20:00:00,26.6,26.2,57,950.0,4.9,231,0.0,20,4,4,51.6,52.2,94.0,58.9,50.5,25.9,57.53333333333334,56.03333333333333,46.354166666666664
2026-04-10 21:00:00,35.1,25.2,62,949.5,2.6,258,0.0,21,4,4,26.6,46.0,34.5,44.9,60.7,12.0,46.300000000000004,53.34166666666667,45.35833333333333
2026-04-10 22:00:00,30.3,24.5,66,949.2,2.0,275,0.0,22,4,4,35.1,51.6,66.9,51.7,17.4,18.2,46.400000000000006,52.525000000000006,44.291666666666664
2026-04-10 23:00:00,27.8,24.1,66,949.0,3.2,232,0.0,23,4,4,30.3,26.6,52.2,71.4,29.6,12.0,40.3,50.74166666666667,44.82916666666667
2026-04-11 00:00:00,28.9,23.4,72,949.1,2.5,262,0.0,0,5,4,27.8,35.1,46.0,44.4,12.0,12.0,36.233333333333334,47.10833333333333,44.75416666666666
2026-04-11 01:00:00,23.7,23.5,71,949.7,2.7,278,0.0,1,5,4,28.9,30.3,51.6,55.9,31.8,12.0,33.38333333333333,45.81666666666667,45.458333333333336
2026-04-11 02:00:00,12.0,25.0,65,950.7,1.9,319,0.0,2,5,4,23.7,27.8,26.6,94.0,12.0,32.6,28.733333333333334,43.13333333333333,45.12083333333334
2026-04-11 03:00:00,49.7,28.2,48,952.0,3.6,41,0.0,3,5,4,12.0,28.9,35.1,34.5,47.6,12.0,26.3,36.300000000000004,45.12083333333334
2026-04-11 04:00:00,12.0,31.4,30,952.6,7.2,62,0.0,4,5,4,49.7,23.7,30.3,66.9,13.8,27.6,28.73333333333333,37.56666666666667,45.208333333333336
2026-04-11 05:00:00,50.3,33.9,23,952.3,8.9,72,0.0,5,5,4,12.0,12.0,27.8,52.2,39.0,12.0,25.683333333333337,32.99166666666667,45.133333333333326
2026-04-11 06:00:00,51.9,35.1,20,952.0,6.2,75,0.0,6,5,4,50.3,49.7,28.9,46.0,66.3,37.2,29.433333333333334,32.833333333333336,45.604166666666664
2026-04-11 07:00:00,60.4,37.2,17,951.3,1.7,108,0.0,7,5,4,51.9,12.0,23.7,51.6,59.4,22.0,33.266666666666666,33.325,45.00416666666666
2026-04-11 08:00:00,47.7,38.3,15,950.0,3.6,267,0.0,8,5,4,60.4,50.3,12.0,26.6,58.9,48.4,39.38333333333333,34.05833333333333,45.04583333333333
2026-04-11 09:00:00,57.1,38.9,14,948.8,6.8,292,0.0,9,5,4,47.7,51.9,49.7,35.1,44.9,36.5,45.333333333333336,35.81666666666666,44.57916666666667
2026-04-11 10:00:00,66.8,39.1,14,947.8,8.9,313,0.0,10,5,4,57.1,60.4,12.0,30.3,51.7,40.7,46.56666666666667,37.65,45.0875
2026-04-11 11:00:00,63.5,38.8,15,947.5,11.6,312,0.0,11,5,4,66.8,47.7,50.3,27.8,71.4,39.6,55.70000000000001,40.69166666666667,45.71666666666667
2026-04-11 12:00:00,51.2,36.2,25,947.4,18.9,291,0.0,12,5,4,63.5,57.1,51.9,28.9,44.4,66.0,57.9,43.666666666666664,45.387499999999996
2026-04-11 13:00:00,55.2,32.7,38,948.1,17.7,279,0.0,13,5,4,51.2,66.8,60.4,23.7,55.9,53.3,57.78333333333334,45.525000000000006,45.67083333333333
2026-04-11 14:00:00,39.5,30.6,44,948.8,14.8,280,0.0,14,5,4,55.2,63.5,47.7,12.0,94.0,51.0,56.916666666666664,48.15,45.64166666666667
2026-04-11 15:00:00,58.6,29.5,46,949.6,11.9,271,0.0,15,5,4,39.5,51.2,57.1,49.7,34.5,50.3,55.550000000000004,50.44166666666666,43.37083333333334
2026-04-11 16:00:00,27.8,28.4,49,949.6,12.7,249,0.0,16,5,4,58.6,55.2,66.8,12.0,66.9,34.7,55.800000000000004,51.18333333333334,44.375
2026-04-11 17:00:00,59.8,27.6,49,949.7,9.1,255,0.0,17,5,4,27.8,39.5,63.5,50.3,52.2,40.2,49.29999999999999,52.5,42.74583333333333
2026-04-11 18:00:00,61.4,26.8,53,949.8,5.9,268,0.0,18,5,4,59.8,58.6,51.2,51.9,46.0,38.6,48.68333333333334,53.291666666666664,43.0625
2026-04-11 19:00:00,49.9,26.3,52,949.1,6.5,262,0.0,19,5,4,61.4,27.8,55.2,60.4,51.6,28.7,50.38333333333333,54.083333333333336,43.70416666666667
2026-04-11 20:00:00,29.9,25.6,51,948.7,3.3,283,0.0,20,5,4,49.9,59.8,39.5,47.7,26.6,50.5,49.5,53.208333333333336,43.63333333333333
2026-04-11 21:00:00,28.9,24.9,54,948.2,2.1,239,0.0,21,5,4,29.9,61.4,58.6,57.1,35.1,60.7,47.9,51.724999999999994,43.770833333333336
2026-04-11 22:00:00,38.2,24.4,54,947.6,3.6,229,0.0,22,5,4,28.9,49.9,27.8,66.8,30.3,17.4,42.949999999999996,49.375,43.512499999999996
2026-04-11 23:00:00,18.9,23.9,55,947.2,3.6,237,0.0,23,5,4,38.2,29.9,59.8,63.5,27.8,29.6,44.68333333333334,46.99166666666667,43.84166666666667
2026-04-12 00:00:00,21.6,23.4,58,947.2,2.6,214,0.0,0,6,4,18.9,28.9,61.4,51.2,28.9,12.0,37.86666666666667,43.275,43.47083333333333
2026-04-12 01:00:00,48.5,23.8,56,947.5,1.0,202,0.0,1,6,4,21.6,38.2,49.9,55.2,23.7,31.8,31.233333333333334,40.80833333333334,43.166666666666664
2026-04-12 02:00:00,32.6,25.6,48,948.4,1.2,51,0.0,2,6,4,48.5,18.9,29.9,39.5,12.0,12.0,31.0,40.25,44.199999999999996
2026-04-12 03:00:00,60.0,28.7,39,949.8,2.4,54,0.0,3,6,4,32.6,21.6,28.9,58.6,49.7,47.6,31.45,39.675,45.05833333333334
2026-04-12 04:00:00,34.6,31.9,28,950.1,5.2,68,0.0,4,6,4,60.0,48.5,38.2,27.8,12.0,13.8,36.63333333333333,39.791666666666664,45.487500000000004
2026-04-12 05:00:00,46.0,34.6,21,950.0,9.5,63,0.0,5,6,4,34.6,32.6,18.9,59.8,50.3,39.0,36.03333333333333,40.358333333333334,46.42916666666667
2026-04-12 06:00:00,45.8,35.9,19,949.6,9.5,71,0.0,6,6,4,46.0,60.0,21.6,61.4,51.9,66.3,40.550000000000004,39.208333333333336,46.25
2026-04-12 07:00:00,85.0,37.7,16,948.7,5.0,69,0.0,7,6,4,45.8,34.6,48.5,49.9,60.4,59.4,44.583333333333336,37.90833333333333,45.99583333333333
2026-04-12 08:00:00,79.4,38.8,14,947.6,2.2,9,0.0,8,6,4,85.0,46.0,32.6,29.9,47.7,58.9,50.666666666666664,40.833333333333336,47.020833333333336
2026-04-12 09:00:00,65.5,39.4,12,946.7,5.7,316,0.0,9,6,4,79.4,45.8,60.0,28.9,57.1,44.9,58.46666666666666,44.958333333333336,48.34166666666667
2026-04-12 10:00:00,59.2,39.2,12,945.9,10.5,299,0.0,10,6,4,65.5,85.0,34.6,38.2,66.8,51.7,59.383333333333326,48.00833333333333,48.69166666666666
2026-04-12 11:00:00,62.0,38.5,11,945.8,11.7,295,0.0,11,6,4,59.2,79.4,46.0,18.9,63.5,71.4,63.48333333333334,49.75833333333333,48.375
2026-04-12 12:00:00,97.2,38.0,12,945.7,8.5,331,0.0,12,6,4,62.0,65.5,45.8,21.6,51.2,44.4,66.15,53.35,48.3125
2026-04-12 13:00:00,51.8,36.8,15,945.9,15.0,313,0.0,13,6,4,97.2,59.2,85.0,48.5,55.2,55.9,74.71666666666667,59.65,50.229166666666664
2026-04-12 14:00:00,36.5,32.8,35,946.7,15.0,263,0.0,14,6,4,51.8,62.0,79.4,32.6,39.5,94.0,69.18333333333334,59.925000000000004,50.087500000000006
2026-04-12 15:00:00,69.6,31.2,42,947.7,9.4,250,0.0,15,6,4,36.5,97.2,65.5,60.0,58.6,34.5,62.03333333333334,60.25,49.962500000000006
2026-04-12 16:00:00,53.0,30.2,44,948.2,4.6,288,0.0,16,6,4,69.6,51.8,59.2,34.6,27.8,66.9,62.71666666666667,61.04999999999999,50.42083333333333
2026-04-12 17:00:00,40.9,29.5,45,948.6,6.8,297,0.0,17,6,4,53.0,36.5,62.0,46.0,59.8,52.2,61.68333333333333,62.583333333333336,51.47083333333333
2026-04-12 18:00:00,32.1,28.4,49,948.8,8.5,258,0.0,18,6,4,40.9,69.6,97.2,45.8,61.4,46.0,58.166666666666664,62.15833333333334,50.68333333333334
2026-04-12 19:00:00,22.7,27.3,52,948.2,10.4,247,0.0,19,6,4,32.1,53.0,51.8,85.0,49.9,51.6,47.31666666666666,61.01666666666666,49.4625
2026-04-12 20:00:00,25.8,26.7,50,947.6,11.3,252,0.0,20,6,4,22.7,40.9,36.5,79.4,29.9,26.6,42.46666666666666,55.824999999999996,48.32916666666667
2026-04-12 21:00:00,12.0,26.2,47,947.3,10.6,255,0.0,21,6,4,25.8,32.1,69.6,65.5,28.9,35.1,40.68333333333334,51.35833333333333,48.15833333333333
2026-04-12 22:00:00,18.7,25.6,45,946.9,10.0,253,0.0,22,6,4,12.0,22.7,53.0,59.2,38.2,30.3,31.083333333333332,46.9,47.45416666666666
2026-04-12 23:00:00,12.0,25.3,42,947.0,9.0,255,0.0,23,6,4,18.7,25.8,40.9,62.0,18.9,27.8,25.366666666666664,43.525,46.64166666666667
2026-04-13 00:00:00,12.0,24.9,45,947.6,8.4,260,0.0,0,0,4,12.0,12.0,32.1,97.2,21.6,28.9,20.55,39.358333333333334,46.354166666666664
2026-04-13 01:00:00,12.0,24.5,47,948.1,7.5,260,0.0,1,0,4,12.0,18.7,22.7,51.8,48.5,23.7,17.2,32.25833333333333,45.95416666666667
2026-04-13 02:00:00,12.7,25.3,48,949.1,4.8,255,0.0,2,0,4,12.0,12.0,25.8,36.5,32.6,12.0,15.416666666666666,28.941666666666666,44.43333333333334
2026-04-13 03:00:00,24.9,27.8,42,950.1,4.0,273,0.0,3,0,4,12.7,12.0,12.0,69.6,60.0,49.7,13.233333333333334,26.958333333333332,43.604166666666664
2026-04-13 04:00:00,36.9,31.0,31,950.7,3.1,291,0.0,4,0,4,24.9,12.0,18.7,53.0,34.6,12.0,15.383333333333333,23.23333333333333,42.141666666666666
2026-04-13 05:00:00,54.4,33.8,22,950.8,4.1,304,0.0,5,0,4,36.9,12.7,12.0,40.9,46.0,50.3,18.416666666666668,21.891666666666666,42.237500000000004
2026-04-13 06:00:00,54.2,35.6,19,950.6,7.1,308,0.0,6,0,4,54.4,24.9,12.0,32.1,45.8,51.9,25.48333333333333,23.016666666666666,42.5875
2026-04-13 07:00:00,48.7,37.9,14,950.3,9.7,299,0.0,7,0,4,54.2,36.9,12.0,22.7,85.0,60.4,32.516666666666666,24.85833333333333,42.9375
2026-04-13 08:00:00,36.5,38.6,14,949.4,13.5,289,0.0,8,0,4,48.7,54.4,12.7,25.8,79.4,47.7,38.63333333333333,27.025000000000002,41.425
2026-04-13 09:00:00,46.9,38.5,15,948.6,15.7,286,0.0,9,0,4,36.5,54.2,24.9,12.0,65.5,57.1,42.6,27.916666666666668,39.637499999999996
2026-04-13 10:00:00,31.2,37.8,17,947.9,16.8,285,0.0,10,0,4,46.9,48.7,36.9,18.7,59.2,66.8,46.26666666666667,30.825,38.862500000000004
2026-04-13 11:00:00,49.3,36.8,20,947.8,16.5,281,0.0,11,0,4,31.2,36.5,54.4,12.0,62.0,63.5,45.31666666666666,31.866666666666664,37.69583333333333
2026-04-13 12:00:00,58.0,35.5,26,947.6,15.9,283,0.0,12,0,4,49.3,46.9,54.2,12.0,97.2,51.2,44.46666666666667,34.975,37.166666666666664
2026-04-13 13:00:00,19.6,32.5,39,948.0,16.5,281,0.0,13,0,4,58.0,31.2,48.7,12.0,51.8,55.2,45.1,38.80833333333333,35.53333333333333
2026-04-13 14:00:00,28.1,29.8,50,948.5,15.2,276,0.0,14,0,4,19.6,49.3,36.5,12.7,36.5,39.5,40.25,39.44166666666667,34.19166666666666
2026-04-13 15:00:00,61.0,27.9,58,949.2,11.9,270,0.0,15,0,4,28.1,58.0,46.9,24.9,69.6,58.6,38.85,40.725,33.84166666666666
2026-04-13 16:00:00,50.5,26.6,63,949.7,9.8,263,0.0,16,0,4,61.0,19.6,31.2,36.9,53.0,27.8,41.199999999999996,43.73333333333333,33.483333333333334
2026-04-13 17:00:00,55.5,25.5,69,949.8,8.5,264,0.0,17,0,4,50.5,28.1,49.3,54.4,40.9,59.8,44.416666666666664,44.86666666666667,33.37916666666667
2026-04-13 18:00:00,60.0,24.5,75,949.7,8.0,243,0.0,18,0,4,55.5,61.0,58.0,54.2,32.1,61.4,45.449999999999996,44.958333333333336,33.9875
2026-04-13 19:00:00,34.1,24.3,72,949.1,8.1,238,0.0,19,0,4,60.0,50.5,19.6,48.7,22.7,49.9,45.78333333333333,45.44166666666666,35.15
2026-04-13 20:00:00,18.5,24.5,64,948.6,7.8,247,0.0,20,0,4,34.1,55.5,28.1,36.5,25.8,29.9,48.199999999999996,44.224999999999994,35.625
2026-04-13 21:00:00,43.3,24.5,58,948.2,6.1,251,0.0,21,0,4,18.5,60.0,61.0,46.9,12.0,28.9,46.599999999999994,42.724999999999994,35.32083333333333
2026-04-13 22:00:00,12.0,23.9,59,947.9,3.2,251,0.0,22,0,4,43.3,34.1,50.5,31.2,18.7,38.2,43.65,42.425000000000004,36.625
2026-04-13 23:00:00,37.8,23.4,60,947.9,3.5,255,0.0,23,0,4,12.0,18.5,55.5,49.3,12.0,18.9,37.23333333333333,40.825,36.34583333333333
2026-04-14 00:00:00,12.0,23.1,63,948.3,6.4,241,0.0,0,1,4,37.8,43.3,60.0,58.0,12.0,21.6,34.28333333333333,39.86666666666667,37.420833333333334
2026-04-14 01:00:00,12.0,23.0,63,948.6,5.4,240,0.0,1,1,4,12.0,12.0,34.1,19.6,12.0,48.5,26.28333333333333,36.03333333333333,37.420833333333334
2026-04-14 02:00:00,15.1,24.6,57,949.6,4.2,230,0.0,2,1,4,12.0,37.8,18.5,28.1,12.7,32.6,22.599999999999998,35.4,37.420833333333334
2026-04-14 03:00:00,44.4,28.3,45,950.8,1.8,281,0.0,3,1,4,15.1,12.0,43.3,61.0,24.9,60.0,22.03333333333333,34.31666666666667,37.52083333333333
2026-04-14 04:00:00,38.3,32.0,31,951.1,3.5,339,0.0,4,1,4,44.4,12.0,12.0,50.5,36.9,34.6,22.21666666666667,32.93333333333333,38.333333333333336
2026-04-14 05:00:00,34.8,34.9,21,951.2,6.1,360,0.0,5,1,4,38.3,15.1,37.8,55.5,54.4,46.0,26.599999999999998,31.916666666666668,38.391666666666666
2026-04-14 06:00:00,64.3,36.6,17,950.8,5.0,341,0.0,6,1,4,34.8,44.4,12.0,60.0,54.2,45.8,26.099999999999998,30.191666666666666,37.574999999999996
2026-04-14 07:00:00,69.8,38.7,14,950.0,3.8,289,0.0,7,1,4,64.3,38.3,12.0,34.1,48.7,85.0,34.81666666666666,30.55,37.99583333333333
2026-04-14 08:00:00,58.4,39.7,12,948.8,5.8,261,0.0,8,1,4,69.8,34.8,15.1,18.5,36.5,79.4,44.449999999999996,33.525,38.875
2026-04-14 09:00:00,67.8,40.2,11,947.8,8.1,269,0.0,9,1,4,58.4,64.3,44.4,43.3,46.9,65.5,51.666666666666664,36.85,39.7875
2026-04-14 10:00:00,54.9,39.7,12,946.9,13.1,289,0.0,10,1,4,67.8,69.8,38.3,12.0,31.2,59.2,55.56666666666666,38.89166666666666,40.65833333333333
2026-04-14 11:00:00,64.5,38.6,13,946.6,17.7,299,0.0,11,1,4,54.9,58.4,34.8,37.8,49.3,62.0,58.333333333333336,42.46666666666666,41.645833333333336
2026-04-14 12:00:00,49.2,37.7,13,946.6,16.5,307,0.0,12,1,4,64.5,67.8,64.3,12.0,58.0,97.2,63.28333333333333,44.69166666666666,42.27916666666667
2026-04-14 13:00:00,30.3,35.8,19,946.7,16.7,310,0.0,13,1,4,49.2,54.9,69.8,12.0,19.6,51.8,60.76666666666666,47.791666666666664,41.9125
2026-04-14 14:00:00,32.6,32.5,39,947.4,16.7,295,0.0,14,1,4,30.3,64.5,58.4,15.1,28.1,36.5,54.18333333333334,49.31666666666667,42.358333333333334
2026-04-14 15:00:00,64.5,31.1,39,948.1,12.9,289,0.0,15,1,4,32.6,49.2,67.8,44.4,61.0,69.6,49.88333333333333,50.775,42.545833333333334
2026-04-14 16:00:00,73.1,30.3,34,948.7,9.7,270,0.0,16,1,4,64.5,30.3,54.9,38.3,50.5,53.0,49.333333333333336,52.449999999999996,42.69166666666666
2026-04-14 17:00:00,32.1,29.5,30,948.9,11.2,252,0.0,17,1,4,73.1,32.6,64.5,34.8,55.5,40.9,52.36666666666667,55.349999999999994,43.63333333333333
2026-04-14 18:00:00,30.7,28.9,27,948.5,10.0,257,0.0,18,1,4,32.1,64.5,49.2,64.3,60.0,32.1,46.96666666666667,55.125,42.65833333333333
2026-04-14 19:00:00,53.1,28.2,27,947.9,4.8,239,0.0,19,1,4,30.7,73.1,30.3,69.8,34.1,22.7,43.88333333333333,52.32500000000001,41.4375
2026-04-14 20:00:00,23.8,27.5,29,947.5,5.5,243,0.0,20,1,4,53.1,32.1,32.6,58.4,18.5,25.8,47.68333333333334,50.93333333333333,42.229166666666664
2026-04-14 21:00:00,23.6,27.0,30,946.8,7.9,250,0.0,21,1,4,23.8,30.7,64.5,67.8,43.3,12.0,46.21666666666667,48.050000000000004,42.449999999999996
2026-04-14 22:00:00,12.0,26.2,32,946.1,9.4,241,0.0,22,1,4,23.6,53.1,73.1,54.9,12.0,18.7,39.4,44.366666666666674,41.62916666666667
2026-04-14 23:00:00,25.9,25.6,33,946.0,9.0,237,0.0,23,1,4,12.0,23.8,32.1,64.5,37.8,12.0,29.21666666666667,40.791666666666664,41.62916666666667
2026-04-15 00:00:00,16.2,25.2,35,946.1,8.0,230,0.0,0,2,4,25.9,23.6,30.7,49.2,12.0,12.0,28.183333333333334,37.575,41.13333333333333
2026-04-15 01:00:00,13.4,24.8,35,946.7,7.1,229,0.0,1,2,4,16.2,12.0,53.1,30.3,12.0,12.0,25.76666666666667,34.825,41.30833333333333
2026-04-15 02:00:00,16.2,26.3,31,947.4,6.4,227,0.0,2,2,4,13.4,25.9,23.8,32.6,15.1,12.7,19.150000000000002,33.416666666666664,41.36666666666667
2026-04-15 03:00:00,25.3,29.8,23,948.4,4.0,260,0.0,3,2,4,16.2,16.2,23.6,64.5,44.4,24.9,17.883333333333336,32.05,41.4125
2026-04-15 04:00:00,53.3,32.9,16,948.9,5.1,287,0.0,4,2,4,25.3,13.4,12.0,73.1,38.3,36.9,18.166666666666668,28.78333333333333,40.61666666666667
2026-04-15 05:00:00,47.1,35.7,12,949.0,6.1,298,0.0,5,2,4,53.3,16.2,25.9,32.1,34.8,54.4,25.05,27.133333333333336,41.24166666666667
2026-04-15 06:00:00,63.4,37.2,12,948.7,8.8,289,0.0,6,2,4,47.1,25.3,16.2,30.7,64.3,54.2,28.583333333333332,28.383333333333336,41.75416666666667
2026-04-15 07:00:00,51.2,38.8,11,948.4,11.7,279,0.0,7,2,4,63.4,53.3,13.4,53.1,69.8,48.7,36.45,31.108333333333334,41.71666666666667
2026-04-15 08:00:00,61.5,39.1,11,947.7,14.0,279,0.0,8,2,4,51.2,47.1,16.2,23.8,58.4,36.5,42.75,30.95,40.94166666666667
2026-04-15 09:00:00,67.1,39.1,11,946.5,14.8,286,0.0,9,2,4,61.5,63.4,25.3,23.6,67.8,46.9,50.300000000000004,34.09166666666666,41.07083333333333
2026-04-15 10:00:00,72.2,38.7,13,946.0,15.7,290,0.0,10,2,4,67.1,51.2,53.3,12.0,54.9,31.2,57.26666666666666,37.71666666666667,41.041666666666664
2026-04-15 11:00:00,68.6,37.9,15,945.6,15.2,289,0.0,11,2,4,72.2,61.5,47.1,25.9,64.5,49.3,60.416666666666664,42.73333333333333,41.762499999999996
2026-04-15 12:00:00,50.3,36.8,17,945.5,15.0,293,0.0,12,2,4,68.6,67.1,63.4,16.2,49.2,58.0,64.0,46.291666666666664,41.93333333333333
2026-04-15 13:00:00,74.2,34.5,20,945.7,16.2,293,0.0,13,2,4,50.3,72.2,51.2,13.4,30.3,19.6,61.81666666666667,49.13333333333333,41.979166666666664
2026-04-15 14:00:00,35.6,31.8,30,946.4,14.3,290,0.0,14,2,4,74.2,68.6,61.5,16.2,32.6,28.1,65.64999999999999,54.199999999999996,43.80833333333334
2026-04-15 15:00:00,44.0,30.0,35,947.0,11.8,286,0.0,15,2,4,35.6,50.3,67.1,25.3,64.5,61.0,61.333333333333336,55.81666666666667,43.93333333333334
2026-04-15 16:00:00,47.7,28.4,40,947.4,9.7,271,0.0,16,2,4,44.0,74.2,72.2,53.3,73.1,50.5,57.48333333333334,57.375,43.07916666666667
2026-04-15 17:00:00,37.8,27.2,42,947.5,10.1,271,0.0,17,2,4,47.7,35.6,68.6,47.1,32.1,55.5,53.400000000000006,56.90833333333333,42.020833333333336
2026-04-15 18:00:00,49.9,26.4,42,947.5,9.3,261,0.0,18,2,4,37.8,44.0,50.3,63.4,30.7,60.0,48.26666666666667,56.13333333333333,42.25833333333333
2026-04-15 19:00:00,14.3,25.8,40,946.8,8.8,259,0.0,19,2,4,49.9,47.7,74.2,51.2,53.1,34.1,48.199999999999996,55.00833333333333,43.05833333333334
2026-04-15 20:00:00,16.3,25.2,38,946.1,8.7,252,0.0,20,2,4,14.3,37.8,35.6,61.5,23.8,18.5,38.21666666666667,51.93333333333333,41.44166666666667
2026-04-15 21:00:00,12.0,24.7,35,945.7,8.6,237,0.0,21,2,4,16.3,49.9,44.0,67.1,23.6,43.3,35.0,48.166666666666664,41.12916666666667
2026-04-15 22:00:00,23.8,24.4,33,945.3,8.9,241,0.0,22,2,4,12.0,14.3,47.7,72.2,12.0,12.0,29.666666666666668,43.574999999999996,40.645833333333336
2026-04-15 23:00:00,12.0,23.9,31,945.0,9.4,247,0.0,23,2,4,23.8,16.3,37.8,68.6,25.9,37.8,25.683333333333334,39.541666666666664,41.137499999999996
2026-04-16 00:00:00,12.0,22.9,36,945.1,9.2,249,0.0,0,3,4,12.0,12.0,49.9,50.3,16.2,12.0,21.383333333333336,34.824999999999996,40.55833333333333
2026-04-16 01:00:00,12.0,22.7,36,945.5,9.3,257,0.0,1,3,4,12.0,23.8,14.3,74.2,13.4,12.0,15.066666666666668,31.633333333333336,40.38333333333333
2026-04-16 02:00:00,12.0,24.2,32,946.5,8.4,261,0.0,2,3,4,12.0,12.0,16.3,35.6,16.2,15.1,14.683333333333335,26.45,40.324999999999996
2026-04-16 03:00:00,32.8,27.7,23,947.7,6.5,257,0.0,3,3,4,12.0,12.0,12.0,44.0,25.3,44.4,13.966666666666669,24.483333333333334,40.15
2026-04-16 04:00:00,12.0,31.8,15,948.5,8.7,283,0.0,4,3,4,32.8,12.0,23.8,47.7,53.3,38.3,17.433333333333334,23.55,40.4625
2026-04-16 05:00:00,48.0,35.4,11,948.9,5.9,297,0.0,5,3,4,12.0,12.0,12.0,37.8,47.1,34.8,15.466666666666667,20.575,38.74166666666667
2026-04-16 06:00:00,29.1,37.4,10,948.7,8.9,291,0.0,6,3,4,48.0,32.8,12.0,49.9,63.4,64.3,21.46666666666667,21.425,38.77916666666667
2026-04-16 07:00:00,30.2,38.9,9,948.4,12.4,284,0.0,7,3,4,29.1,12.0,12.0,14.3,51.2,69.8,24.316666666666666,19.691666666666666,37.35
2026-04-16 08:00:00,12.0,38.9,11,947.5,15.3,286,0.0,8,3,4,30.2,48.0,12.0,16.3,61.5,58.4,27.349999999999998,21.016666666666666,36.475
2026-04-16 09:00:00,58.3,38.5,12,946.7,16.4,289,0.0,9,3,4,12.0,29.1,32.8,12.0,67.1,67.8,27.349999999999998,20.658333333333335,34.4125
2026-04-16 10:00:00,41.3,38.0,13,946.0,17.0,293,0.0,10,3,4,58.3,30.2,12.0,23.8,72.2,54.9,31.600000000000005,24.516666666666666,34.045833333333334
2026-04-16 11:00:00,49.9,36.8,16,945.7,17.5,292,0.0,11,3,4,41.3,12.0,48.0,12.0,68.6,64.5,36.483333333333334,25.974999999999998,32.75833333333333
2026-04-16 12:00:00,54.3,35.9,16,945.3,15.5,295,0.0,12,3,4,49.9,58.3,29.1,12.0,50.3,49.2,36.8,29.13333333333333,31.979166666666668
2026-04-16 13:00:00,54.8,34.1,20,945.6,13.7,292,0.0,13,3,4,54.3,41.3,30.2,12.0,74.2,30.3,40.99999999999999,32.65833333333333,32.145833333333336
2026-04-16 14:00:00,51.5,31.7,29,946.5,13.2,275,0.0,14,3,4,54.8,49.9,12.0,12.0,35.6,32.6,45.099999999999994,36.225,31.337500000000002
2026-04-16 15:00:00,53.5,30.3,32,947.1,11.8,279,0.0,15,3,4,51.5,54.3,58.3,32.8,44.0,64.5,51.68333333333333,39.516666666666666,32.0
2026-04-16 16:00:00,68.4,28.7,39,947.6,8.2,284,0.0,16,3,4,53.5,54.8,41.3,12.0,47.7,73.1,50.883333333333326,41.24166666666667,32.395833333333336
2026-04-16 17:00:00,50.6,27.5,42,948.4,8.2,230,0.0,17,3,4,68.4,51.5,49.9,48.0,37.8,32.1,55.400000000000006,45.94166666666666,33.25833333333333
2026-04-16 18:00:00,39.7,26.8,45,948.4,8.0,247,0.0,18,3,4,50.6,53.5,54.3,29.1,49.9,30.7,55.51666666666667,46.15833333333333,33.791666666666664
2026-04-16 19:00:00,31.5,25.5,54,948.0,8.4,245,0.0,19,3,4,39.7,68.4,54.8,30.2,14.3,53.1,53.083333333333336,47.041666666666664,33.36666666666667
2026-04-16 20:00:00,27.4,24.3,62,947.5,6.9,250,0.0,20,3,4,31.5,50.6,51.5,12.0,16.3,23.8,49.20000000000001,47.150000000000006,34.083333333333336
2026-04-16 21:00:00,39.3,23.4,67,946.8,5.9,256,0.0,21,3,4,27.4,39.7,53.5,58.3,12.0,23.6,45.18333333333334,48.43333333333334,34.545833333333334
2026-04-16 22:00:00,12.0,22.6,71,946.3,6.2,255,0.0,22,3,4,39.3,31.5,68.4,41.3,23.8,12.0,42.81666666666666,46.849999999999994,35.68333333333333
2026-04-16 23:00:00,12.0,22.2,71,946.4,5.0,232,0.0,23,3,4,12.0,27.4,50.6,49.9,12.0,25.9,33.416666666666664,44.40833333333333,35.19166666666667
2026-04-17 00:00:00,16.0,22.3,69,946.6,3.8,225,0.0,0,4,4,12.0,39.3,39.7,54.3,12.0,16.2,26.983333333333334,41.25,35.19166666666667
2026-04-17 01:00:00,36.2,22.9,60,947.2,2.3,176,0.0,1,4,4,16.0,12.0,31.5,54.8,12.0,13.4,23.03333333333333,38.05833333333334,35.358333333333334
2026-04-17 02:00:00,30.6,24.8,49,948.1,1.8,90,0.0,2,4,4,36.2,12.0,27.4,51.5,12.0,16.2,23.816666666666663,36.50833333333333,36.36666666666667
2026-04-17 03:00:00,50.7,28.0,35,949.7,1.2,27,0.0,3,4,4,30.6,16.0,39.3,53.5,32.8,25.3,24.349999999999998,34.766666666666666,37.14166666666667
2026-04-17 04:00:00,41.6,31.5,25,950.6,2.7,42,0.0,4,4,4,50.7,36.2,12.0,68.4,12.0,53.3,26.25,34.53333333333334,37.887499999999996
2026-04-17 05:00:00,41.7,34.5,16,950.9,4.4,38,0.0,5,4,4,41.6,30.6,12.0,50.6,48.0,47.1,31.183333333333337,32.3,39.12083333333333
2026-04-17 06:00:00,44.4,36.0,14,950.6,4.0,10,0.0,6,4,4,41.7,50.7,16.0,39.7,29.1,63.4,36.13333333333333,31.558333333333337,38.858333333333334
2026-04-17 07:00:00,79.2,38.2,12,949.9,5.1,333,0.0,7,4,4,44.4,41.6,36.2,31.5,30.2,51.2,40.86666666666667,31.950000000000003,39.49583333333333
2026-04-17 08:00:00,68.4,39.0,11,949.0,5.0,296,0.0,8,4,4,79.2,41.7,30.6,27.4,12.0,61.5,48.03333333333333,35.925000000000004,41.5375
2026-04-17 09:00:00,65.6,39.3,10,948.0,5.4,264,0.0,9,4,4,68.4,44.4,50.7,39.3,58.3,67.1,54.333333333333336,39.34166666666667,43.887499999999996
2026-04-17 10:00:00,61.1,39.6,10,947.0,4.9,262,0.0,10,4,4,65.6,79.2,41.6,12.0,41.3,72.2,56.81666666666666,41.53333333333334,44.19166666666666
2026-04-17 11:00:00,70.8,39.0,11,946.3,9.6,291,0.0,11,4,4,61.1,68.4,41.7,12.0,49.9,68.6,60.06666666666667,45.625,45.01666666666667
2026-04-17 12:00:00,75.6,38.0,11,946.4,10.0,332,0.0,12,4,4,70.8,65.6,44.4,16.0,54.3,50.3,64.91666666666667,50.525,45.887499999999996
2026-04-17 13:00:00,59.2,34.6,23,946.7,15.0,313,0.0,13,4,4,75.6,61.1,79.2,36.2,54.8,74.2,70.11666666666666,55.49166666666667,46.775
2026-04-17 14:00:00,50.3,31.8,43,947.3,14.7,290,0.0,14,4,4,59.2,70.8,68.4,30.6,51.5,35.6,66.78333333333333,57.40833333333334,46.958333333333336
2026-04-17 15:00:00,57.4,30.1,52,948.2,9.9,266,0.0,15,4,4,50.3,75.6,65.6,50.7,53.5,44.0,63.76666666666666,59.050000000000004,46.90833333333333
2026-04-17 16:00:00,38.0,29.1,57,948.5,8.6,270,0.0,16,4,4,57.4,59.2,61.1,41.6,68.4,47.7,62.4,59.60833333333333,47.07083333333333
2026-04-17 17:00:00,45.6,28.1,63,948.6,8.2,261,0.0,17,4,4,38.0,50.3,70.8,41.7,50.6,37.8,58.54999999999999,59.30833333333333,45.80416666666667
2026-04-17 18:00:00,52.7,27.7,65,948.6,6.5,247,0.0,18,4,4,45.6,57.4,75.6,44.4,39.7,49.9,54.35,59.63333333333333,45.59583333333333
2026-04-17 19:00:00,62.4,27.3,66,948.2,2.6,56,0.0,19,4,4,52.7,38.0,59.2,79.2,31.5,14.3,50.53333333333333,60.32500000000001,46.137499999999996
2026-04-17 20:00:00,51.9,26.9,68,947.7,0.9,180,0.0,20,4,4,62.4,45.6,50.3,68.4,27.4,16.3,51.06666666666667,58.925000000000004,47.425000000000004
2026-04-17 21:00:00,37.5,26.4,70,947.2,2.1,149,0.0,21,4,4,51.9,52.7,57.4,65.6,39.3,12.0,51.333333333333336,57.550000000000004,48.44583333333333
2026-04-17 22:00:00,57.5,26.0,70,946.9,1.6,153,0.0,22,4,4,37.5,62.4,38.0,61.1,12.0,23.8,48.01666666666667,55.208333333333336,48.37083333333333
2026-04-17 23:00:00,12.0,25.7,73,946.8,0.2,90,0.0,23,4,4,57.5,51.9,45.6,70.8,12.0,12.0,51.26666666666667,54.90833333333333,50.26666666666666
2026-04-18 00:00:00,41.2,25.1,75,946.8,1.9,248,0.0,0,5,4,12.0,37.5,52.7,75.6,16.0,12.0,45.666666666666664,50.00833333333333,50.26666666666666
2026-04-18 01:00:00,13.8,25.1,74,947.3,2.3,238,0.0,1,5,4,41.2,57.5,62.4,59.2,36.2,12.0,43.75,47.14166666666667,51.31666666666666
2026-04-18 02:00:00,25.8,26.4,66,948.1,1.4,293,0.0,2,5,4,13.8,12.0,51.9,50.3,30.6,12.0,35.65,43.35833333333334,50.38333333333333
2026-04-18 03:00:00,56.6,29.5,50,949.4,2.1,31,0.0,3,5,4,25.8,41.2,37.5,57.4,50.7,32.8,31.3,41.31666666666667,50.18333333333333
2026-04-18 04:00:00,44.5,31.7,32,949.9,3.9,43,0.0,4,5,4,56.6,13.8,57.5,38.0,41.6,12.0,34.483333333333334,41.25,50.42916666666667
2026-04-18 05:00:00,44.2,33.7,24,950.0,4.5,53,0.0,5,5,4,44.5,25.8,12.0,45.6,41.7,48.0,32.31666666666667,41.791666666666664,50.550000000000004
2026-04-18 06:00:00,43.0,36.1,18,949.9,6.2,38,0.0,6,5,4,44.2,56.6,41.2,52.7,44.4,29.1,37.68333333333334,41.675000000000004,50.65416666666667
2026-04-18 07:00:00,76.5,38.0,16,949.5,4.4,71,0.0,7,5,4,43.0,44.5,13.8,62.4,79.2,30.2,37.98333333333334,40.86666666666667,50.59583333333334
2026-04-18 08:00:00,90.5,38.5,16,948.5,1.8,79,0.0,8,5,4,76.5,44.2,25.8,51.9,68.4,12.0,48.43333333333334,42.041666666666664,50.48333333333334
2026-04-18 09:00:00,97.8,38.8,16,947.8,4.8,318,0.0,9,5,4,90.5,43.0,56.6,37.5,65.6,58.3,59.21666666666667,45.25833333333333,51.40416666666667
2026-04-18 10:00:00,38.9,38.6,16,947.0,10.0,319,0.0,10,5,4,97.8,76.5,44.5,57.5,61.1,41.3,66.08333333333333,50.28333333333333,52.74583333333334
2026-04-18 11:00:00,55.0,38.1,16,946.4,8.9,299,0.0,11,5,4,38.9,90.5,44.2,12.0,70.8,49.9,65.15,48.73333333333333,51.820833333333326
2026-04-18 12:00:00,73.9,36.8,18,946.5,4.6,301,0.0,12,5,4,55.0,97.8,43.0,41.2,75.6,54.3,66.95,52.31666666666666,51.162499999999994
2026-04-18 13:00:00,52.0,35.4,23,946.8,12.2,279,0.0,13,5,4,73.9,38.9,76.5,13.8,59.2,54.8,72.10000000000001,55.041666666666664,51.09166666666667
2026-04-18 14:00:00,24.5,31.9,40,947.2,15.4,288,0.0,14,5,4,52.0,55.0,90.5,25.8,50.3,51.5,68.01666666666667,58.225,50.791666666666664
2026-04-18 15:00:00,35.6,31.2,44,948.1,11.7,283,0.0,15,5,4,24.5,73.9,97.8,56.6,57.4,53.5,57.01666666666667,58.116666666666674,49.71666666666667
2026-04-18 16:00:00,63.7,30.5,47,948.6,9.6,264,0.0,16,5,4,35.6,52.0,38.9,44.5,38.0,68.4,46.650000000000006,56.366666666666674,48.80833333333334
2026-04-18 17:00:00,52.4,29.7,48,948.9,8.0,262,0.0,17,5,4,63.7,24.5,55.0,44.2,45.6,50.6,50.78333333333333,57.96666666666667,49.87916666666666
2026-04-18 18:00:00,43.7,29.2,50,948.6,7.9,253,0.0,18,5,4,52.4,35.6,73.9,43.0,52.7,39.7,50.35,58.65,50.1625
2026-04-18 19:00:00,50.8,28.5,51,947.9,7.5,240,0.0,19,5,4,43.7,63.7,52.0,76.5,62.4,31.5,45.31666666666666,58.708333333333336,49.7875
2026-04-18 20:00:00,27.8,28.0,51,947.2,4.5,247,0.0,20,5,4,50.8,52.4,24.5,90.5,51.9,27.4,45.11666666666667,56.56666666666666,49.30416666666667
2026-04-18 21:00:00,22.0,27.4,51,946.7,5.6,255,0.0,21,5,4,27.8,43.7,35.6,97.8,37.5,39.3,45.666666666666664,51.34166666666667,48.300000000000004
2026-04-18 22:00:00,34.2,26.8,52,946.3,3.6,237,0.0,22,5,4,22.0,50.8,63.7,38.9,57.5,12.0,43.400000000000006,45.025000000000006,47.65416666666667
2026-04-18 23:00:00,12.0,26.6,53,946.2,5.1,253,0.0,23,5,4,34.2,27.8,52.4,55.0,12.0,12.0,38.48333333333333,44.63333333333333,46.68333333333334
2026-04-19 00:00:00,12.0,26.1,54,946.3,4.5,220,0.0,0,6,4,12.0,22.0,43.7,73.9,41.2,16.0,31.75,41.050000000000004,46.68333333333334
2026-04-19 01:00:00,13.2,26.0,55,946.7,3.1,234,0.0,1,6,4,12.0,34.2,50.8,52.0,13.8,36.2,26.46666666666667,35.89166666666667,45.46666666666667
2026-04-19 02:00:00,21.5,27.4,49,947.7,2.6,245,0.0,2,6,4,13.2,12.0,27.8,24.5,25.8,30.6,20.2,32.65833333333334,45.44166666666667
2026-04-19 03:00:00,26.4,30.1,40,949.1,1.8,336,0.0,3,6,4,21.5,12.0,22.0,35.6,56.6,50.7,19.150000000000002,32.40833333333333,45.26250000000001
2026-04-19 04:00:00,37.3,33.1,31,949.7,2.8,18,0.0,4,6,4,26.4,13.2,34.2,63.7,44.5,41.6,19.883333333333333,31.641666666666666,44.00416666666666
2026-04-19 05:00:00,34.1,35.7,22,949.8,6.1,40,0.0,5,6,4,37.3,21.5,12.0,52.4,44.2,41.7,20.4,29.441666666666666,43.70416666666667
2026-04-19 06:00:00,57.7,37.1,17,949.4,6.1,66,0.0,6,6,4,34.1,26.4,12.0,43.7,43.0,44.4,24.083333333333332,27.916666666666668,43.28333333333333
2026-04-19 07:00:00,77.2,38.6,16,949.0,2.2,55,0.0,7,6,4,57.7,37.3,13.2,50.8,76.5,79.2,31.7,29.083333333333332,43.895833333333336
2026-04-19 08:00:00,63.5,39.1,15,948.1,5.0,339,0.0,8,6,4,77.2,34.1,21.5,27.8,90.5,68.4,42.36666666666667,31.28333333333333,43.925000000000004
2026-04-19 09:00:00,85.1,39.8,15,946.9,7.3,344,0.0,9,6,4,63.5,57.7,26.4,22.0,97.8,65.6,49.366666666666674,34.25833333333333,42.800000000000004
2026-04-19 10:00:00,70.9,38.9,16,946.2,5.7,224,0.0,10,6,4,85.1,77.2,37.3,34.2,38.9,61.1,59.15,39.51666666666666,42.270833333333336
2026-04-19 11:00:00,62.6,36.6,19,946.3,11.3,283,0.0,11,6,4,70.9,63.5,34.1,12.0,55.0,70.8,64.75,42.574999999999996,43.604166666666664
2026-04-19 12:00:00,48.5,36.9,18,945.8,12.5,309,0.0,12,6,4,62.6,85.1,57.7,12.0,73.9,75.6,69.5,46.791666666666664,43.92083333333333
2026-04-19 13:00:00,34.3,33.8,30,946.5,15.6,291,0.0,13,6,4,48.5,70.9,77.2,13.2,52.0,59.2,67.96666666666667,49.833333333333336,42.862500000000004
2026-04-19 14:00:00,45.5,31.6,40,947.7,13.9,276,0.0,14,6,4,34.3,62.6,63.5,21.5,24.5,50.3,60.81666666666667,51.59166666666667,42.125
2026-04-19 15:00:00,33.9,30.7,42,948.2,13.1,261,0.0,15,6,4,45.5,48.5,85.1,26.4,35.6,57.4,57.81666666666666,53.59166666666667,43.0
2026-04-19 16:00:00,51.6,30.2,41,948.8,9.2,264,0.0,16,6,4,33.9,34.3,70.9,37.3,63.7,38.0,49.28333333333333,54.21666666666666,42.92916666666667
2026-04-19 17:00:00,65.3,29.7,42,949.3,7.4,269,0.0,17,6,4,51.6,45.5,62.6,34.1,52.4,45.6,46.06666666666666,55.40833333333333,42.425
2026-04-19 18:00:00,43.2,28.3,47,949.7,5.8,189,0.0,18,6,4,65.3,33.9,48.5,57.7,43.7,52.7,46.51666666666667,58.008333333333326,42.9625
2026-04-19 19:00:00,31.3,27.7,49,949.1,9.0,209,0.0,19,6,4,43.2,51.6,34.3,77.2,50.8,62.4,45.63333333333333,56.800000000000004,42.94166666666666
2026-04-19 20:00:00,22.0,27.2,49,948.6,6.7,216,0.0,20,6,4,31.3,65.3,45.5,63.5,27.8,51.9,45.13333333333333,52.975,42.12916666666667
2026-04-19 21:00:00,12.0,27.0,49,947.9,6.1,223,0.0,21,6,4,22.0,43.2,33.9,85.1,22.0,37.5,41.21666666666666,49.51666666666667,41.8875
2026-04-19 22:00:00,35.0,26.4,51,947.3,5.5,247,0.0,22,6,4,12.0,31.3,51.6,70.9,34.2,57.5,37.56666666666666,43.425000000000004,41.47083333333334
2026-04-19 23:00:00,53.6,25.9,53,947.7,0.2,90,0.0,23,6,4,35.0,22.0,65.3,62.6,12.0,12.0,34.8,40.43333333333333,41.50416666666666
2026-04-20 00:00:00,12.0,25.4,60,948.0,5.7,72,0.0,0,0,4,53.6,12.0,43.2,48.5,12.0,41.2,32.85,39.68333333333333,43.237500000000004
2026-04-20 01:00:00,14.1,25.4,60,948.7,3.9,68,0.0,1,0,4,12.0,35.0,31.3,34.3,13.2,13.8,27.649999999999995,36.641666666666666,43.237500000000004
2026-04-20 02:00:00,14.0,26.3,57,949.4,3.9,43,0.0,2,0,4,14.1,53.6,22.0,45.5,21.5,25.8,24.78333333333333,34.958333333333336,43.275
2026-04-20 03:00:00,33.1,28.3,51,949.9,4.2,78,0.0,3,0,4,14.0,12.0,12.0,33.9,26.4,56.6,23.45,32.333333333333336,42.962500000000006
2026-04-20 04:00:00,42.4,32.1,34,950.1,5.3,82,0.0,4,0,4,33.1,14.1,35.0,51.6,37.3,44.5,26.96666666666667,32.266666666666666,43.24166666666667
2026-04-20 05:00:00,43.1,35.0,23,950.0,7.5,60,0.0,5,0,4,42.4,14.0,53.6,65.3,34.1,44.2,28.2,31.5,43.45416666666667
2026-04-20 06:00:00,51.8,36.2,20,949.3,8.2,54,0.0,6,0,4,43.1,33.1,12.0,43.2,57.7,43.0,26.450000000000003,29.650000000000002,43.82916666666666
2026-04-20 07:00:00,76.0,38.1,16,948.4,4.6,51,0.0,7,0,4,51.8,42.4,14.1,31.3,77.2,76.5,33.083333333333336,30.36666666666667,43.583333333333336
2026-04-20 08:00:00,75.9,38.6,16,947.7,0.8,135,0.0,8,0,4,76.0,43.1,14.0,22.0,63.5,90.5,43.4,34.09166666666667,43.53333333333333
2026-04-20 09:00:00,73.5,38.0,17,946.7,7.1,109,0.0,9,0,4,75.9,51.8,33.1,12.0,85.1,97.8,53.71666666666667,38.583333333333336,44.050000000000004
2026-04-20 10:00:00,74.8,37.4,17,946.1,7.5,345,0.0,10,0,4,73.5,76.0,42.4,35.0,70.9,38.9,60.449999999999996,43.708333333333336,43.56666666666666
2026-04-20 11:00:00,35.4,34.6,21,945.9,15.7,318,0.0,11,0,4,74.8,75.9,43.1,53.6,62.6,55.0,65.85000000000001,47.025,43.729166666666664
2026-04-20 12:00:00,90.3,36.5,16,945.5,7.7,342,0.0,12,0,4,35.4,73.5,51.8,12.0,48.5,73.9,64.56666666666666,45.50833333333333,42.59583333333333
2026-04-20 13:00:00,71.0,36.0,16,945.7,7.8,318,0.0,13,0,4,90.3,74.8,76.0,14.1,34.3,52.0,70.98333333333333,52.03333333333333,44.3375
2026-04-20 14:00:00,59.5,31.3,37,946.5,14.6,291,0.0,14,0,4,71.0,35.4,75.9,14.0,45.5,24.5,70.14999999999999,56.775,45.86666666666667
2026-04-20 15:00:00,44.0,29.8,44,947.2,12.8,276,0.0,15,0,4,59.5,90.3,73.5,33.1,33.9,35.6,67.41666666666667,60.56666666666666,46.449999999999996
2026-04-20 16:00:00,52.4,28.7,46,947.8,10.4,252,0.0,16,0,4,44.0,71.0,74.8,42.4,51.6,63.7,62.5,61.475,46.87083333333333
2026-04-20 17:00:00,60.7,28.2,47,948.3,8.4,254,0.0,17,0,4,52.4,59.5,35.4,43.1,65.3,52.4,58.76666666666666,62.30833333333333,46.90416666666667
2026-04-20 18:00:00,42.3,27.9,44,948.1,7.1,249,0.0,18,0,4,60.7,44.0,90.3,51.8,43.2,43.7,62.98333333333334,63.775000000000006,46.712500000000006
2026-04-20 19:00:00,22.8,27.7,41,947.6,6.3,233,0.0,19,0,4,42.3,52.4,71.0,76.0,31.3,50.8,54.98333333333333,62.98333333333333,46.675000000000004
2026-04-20 20:00:00,35.0,27.4,39,947.0,5.9,252,0.0,20,0,4,22.8,60.7,59.5,75.9,22.0,27.8,46.949999999999996,58.550000000000004,46.32083333333333
2026-04-20 21:00:00,20.1,27.2,37,946.6,5.0,255,0.0,21,0,4,35.0,42.3,44.0,73.5,12.0,22.0,42.86666666666667,55.14166666666667,46.862500000000004
2026-04-20 22:00:00,28.1,26.6,38,946.3,3.1,260,0.0,22,0,4,20.1,22.8,52.4,74.8,35.0,34.2,38.88333333333333,50.69166666666666,47.199999999999996
2026-04-20 23:00:00,33.5,26.4,38,946.4,5.1,243,0.0,23,0,4,28.1,35.0,60.7,35.4,53.6,12.0,34.833333333333336,46.800000000000004,46.9125
2026-04-21 00:00:00,12.0,25.4,44,946.7,5.9,239,0.0,0,1,4,33.5,20.1,42.3,90.3,12.0,12.0,30.3,46.64166666666666,46.074999999999996
2026-04-21 01:00:00,30.0,25.4,45,947.3,1.7,229,0.0,1,1,4,12.0,28.1,22.8,71.0,14.1,13.2,25.25,40.11666666666667,46.074999999999996
2026-04-21 02:00:00,49.0,27.0,40,948.1,1.2,141,0.0,2,1,4,30.0,33.5,35.0,59.5,14.0,21.5,26.450000000000003,36.699999999999996,46.737500000000004
2026-04-21 03:00:00,27.2,29.8,34,949.5,4.7,67,0.0,3,1,4,49.0,12.0,20.1,44.0,33.1,26.4,28.78333333333333,35.824999999999996,48.19583333333333
2026-04-21 04:00:00,17.1,32.6,26,949.9,9.0,59,0.0,4,1,4,27.2,30.0,28.1,52.4,42.4,37.3,29.96666666666667,34.425000000000004,47.95000000000001
2026-04-21 05:00:00,21.3,35.1,21,949.9,12.3,65,0.0,5,1,4,17.1,49.0,33.5,60.7,43.1,34.1,28.13333333333333,31.483333333333334,46.895833333333336
2026-04-21 06:00:00,30.5,35.6,20,949.7,13.8,63,0.0,6,1,4,21.3,27.2,12.0,42.3,51.8,57.7,26.100000000000005,28.2,45.987500000000004
2026-04-21 07:00:00,37.5,37.1,18,948.9,12.1,62,0.0,7,1,4,30.5,17.1,30.0,22.8,76.0,77.2,29.183333333333337,27.21666666666667,45.099999999999994
2026-04-21 08:00:00,32.1,38.1,17,947.9,9.9,58,0.0,8,1,4,37.5,21.3,49.0,35.0,75.9,63.5,30.433333333333337,28.441666666666666,43.49583333333334
2026-04-21 09:00:00,86.6,38.6,16,946.7,7.2,72,0.0,9,1,4,32.1,30.5,27.2,20.1,73.5,85.1,27.61666666666667,28.200000000000003,41.67083333333333
2026-04-21 10:00:00,90.6,38.7,16,945.8,3.6,84,0.0,10,1,4,86.6,37.5,17.1,28.1,74.8,70.9,37.516666666666666,33.74166666666667,42.21666666666666
2026-04-21 11:00:00,102.0,37.7,17,945.2,3.1,13,0.0,11,1,4,90.6,32.1,21.3,33.5,35.4,62.6,49.76666666666667,38.949999999999996,42.875
2026-04-21 12:00:00,79.2,37.4,16,944.7,10.4,316,0.0,12,1,4,102.0,86.6,30.5,12.0,90.3,48.5,63.21666666666666,44.65833333333333,45.65
2026-04-21 13:00:00,62.0,36.1,16,945.1,10.5,335,0.0,13,1,4,79.2,90.6,37.5,30.0,71.0,34.3,71.33333333333333,50.258333333333326,45.1875
2026-04-21 14:00:00,58.6,33.5,26,946.0,12.4,280,0.0,14,1,4,62.0,102.0,32.1,49.0,59.5,45.5,75.41666666666667,52.92499999999999,44.8125
2026-04-21 15:00:00,30.5,29.9,48,946.8,10.6,273,0.0,15,1,4,58.6,79.2,86.6,27.2,44.0,33.9,79.83333333333333,53.724999999999994,44.775000000000006
2026-04-21 16:00:00,59.6,29.0,52,947.7,9.4,259,0.0,16,1,4,30.5,62.0,90.6,17.1,52.4,51.6,70.48333333333333,54.0,44.212500000000006
2026-04-21 17:00:00,46.6,28.9,52,949.0,8.9,132,0.0,17,1,4,59.6,58.6,102.0,21.3,60.7,65.3,65.31666666666666,57.541666666666664,44.512499999999996
2026-04-21 18:00:00,48.8,29.4,48,948.7,3.9,233,0.0,18,1,4,46.6,30.5,79.2,30.5,42.3,43.2,56.083333333333336,59.65,43.925000000000004
2026-04-21 19:00:00,34.1,28.4,52,948.1,4.6,206,0.0,19,1,4,48.8,59.6,62.0,37.5,22.8,31.3,51.01666666666666,61.17499999999999,44.19583333333333
2026-04-21 20:00:00,32.0,27.6,55,947.5,6.0,209,0.0,20,1,4,34.1,46.6,58.6,32.1,35.0,22.0,46.36666666666667,60.89166666666666,44.666666666666664
2026-04-21 21:00:00,47.0,27.0,57,947.5,2.5,330,0.0,21,1,4,32.0,48.8,30.5,86.6,20.1,12.0,41.93333333333333,60.88333333333333,44.541666666666664
2026-04-21 22:00:00,12.0,26.5,59,947.0,2.0,265,0.0,22,1,4,47.0,34.1,59.6,90.6,28.1,35.0,44.68333333333334,57.583333333333336,45.6625
2026-04-21 23:00:00,25.3,25.8,62,946.7,2.1,195,0.0,23,1,4,12.0,32.0,46.6,102.0,33.5,53.6,36.75,51.03333333333333,44.99166666666667
2026-04-22 00:00:00,24.9,24.9,67,947.5,2.0,225,0.0,0,2,4,25.3,47.0,48.8,79.2,12.0,12.0,33.2,44.64166666666667,44.65
2026-04-22 01:00:00,18.5,25.0,67,947.9,5.4,228,0.0,1,2,4,24.9,12.0,34.1,62.0,30.0,14.1,29.216666666666665,40.11666666666667,45.1875
2026-04-22 02:00:00,19.1,26.3,61,948.9,3.2,254,0.0,2,2,4,18.5,25.3,32.0,58.6,49.0,14.0,26.616666666666664,36.49166666666667,44.708333333333336
2026-04-22 03:00:00,30.2,29.0,49,949.8,2.6,309,0.0,3,2,4,19.1,24.9,47.0,30.5,27.2,33.1,24.46666666666667,33.199999999999996,43.4625
2026-04-22 04:00:00,27.9,31.8,37,950.2,3.8,352,0.0,4,2,4,30.2,18.5,12.0,59.6,17.1,42.4,21.666666666666668,33.175,43.587500000000006
2026-04-22 05:00:00,54.2,34.4,29,950.0,3.4,344,0.0,5,2,4,27.9,19.1,25.3,46.6,21.3,43.1,24.316666666666666,30.533333333333335,44.037499999999994
2026-04-22 06:00:00,68.2,35.1,27,949.4,2.2,305,0.0,6,2,4,54.2,30.2,24.9,48.8,30.5,51.8,29.133333333333336,31.166666666666668,45.40833333333333
2026-04-22 07:00:00,59.8,37.7,20,948.7,2.7,337,0.0,7,2,4,68.2,27.9,18.5,34.1,37.5,76.0,36.35,32.78333333333333,46.979166666666664
2026-04-22 08:00:00,58.9,38.4,18,947.4,5.6,353,0.0,8,2,4,59.8,54.2,19.1,32.0,32.1,75.9,43.23333333333333,34.925000000000004,47.90833333333333
2026-04-22 09:00:00,71.6,38.2,17,946.6,6.8,25,0.0,9,2,4,58.9,68.2,30.2,47.0,86.6,73.5,49.86666666666667,37.166666666666664,49.025000000000006
2026-04-22 10:00:00,81.5,37.1,18,946.1,2.5,270,0.0,10,2,4,71.6,59.8,27.9,12.0,90.6,74.8,56.76666666666667,39.21666666666667,48.4
2026-04-22 11:00:00,47.2,33.6,27,945.9,20.6,279,0.0,11,2,4,81.5,58.9,54.2,25.3,102.0,35.4,65.69999999999999,45.00833333333333,48.020833333333336
2026-04-22 12:00:00,64.4,35.9,19,945.2,8.9,315,0.0,12,2,4,47.2,71.6,68.2,24.9,79.2,90.3,64.53333333333333,46.83333333333332,45.737500000000004
2026-04-22 13:00:00,58.7,33.2,33,945.9,15.3,326,0.0,13,2,4,64.4,81.5,59.8,18.5,62.0,71.0,63.9,50.125,45.12083333333333
2026-04-22 14:00:00,54.0,31.5,46,946.8,11.0,295,0.0,14,2,4,58.7,47.2,58.9,19.1,58.6,59.5,63.71666666666666,53.474999999999994,44.98333333333333
2026-04-22 15:00:00,42.4,29.5,57,947.4,11.6,251,0.0,15,2,4,54.0,64.4,71.6,30.2,30.5,44.0,62.9,56.383333333333326,44.791666666666664
2026-04-22 16:00:00,25.8,28.7,59,947.9,8.1,271,0.0,16,2,4,42.4,58.7,81.5,27.9,59.6,52.4,58.03333333333333,57.4,45.2875
2026-04-22 17:00:00,23.8,28.1,60,948.0,7.3,280,0.0,17,2,4,25.8,54.0,47.2,54.2,46.6,60.7,48.75000000000001,57.225,43.87916666666666
2026-04-22 18:00:00,44.3,27.8,63,948.0,6.9,233,0.0,18,2,4,23.8,42.4,64.4,68.2,48.8,42.3,44.85,54.69166666666666,42.92916666666667
2026-04-22 19:00:00,23.3,27.3,63,947.5,6.9,255,0.0,19,2,4,44.3,25.8,58.7,59.8,34.1,22.8,41.5,52.699999999999996,42.74166666666667
2026-04-22 20:00:00,38.2,26.8,61,947.2,5.4,278,0.0,20,2,4,23.3,23.8,54.0,58.9,32.0,35.0,35.6,49.65833333333333,42.291666666666664
2026-04-22 21:00:00,34.0,26.3,62,946.9,3.8,270,0.0,21,2,4,38.2,44.3,42.4,71.6,47.0,20.1,32.96666666666667,47.93333333333334,42.550000000000004
2026-04-22 22:00:00,25.9,26.0,62,946.3,5.1,247,0.0,22,2,4,34.0,23.3,25.8,81.5,12.0,28.1,31.566666666666663,44.800000000000004,42.00833333333333
2026-04-22 23:00:00,16.8,25.5,64,946.4,4.2,250,0.0,23,2,4,25.9,38.2,23.8,47.2,25.3,33.5,31.583333333333332,40.166666666666664,42.5875
2026-04-23 00:00:00,12.0,25.1,73,946.6,4.3,255,0.0,0,3,4,16.8,34.0,44.3,64.4,24.9,12.0,30.416666666666668,37.63333333333333,42.23333333333333
2026-04-23 01:00:00,14.2,25.1,71,946.9,3.8,205,0.0,1,3,4,12.0,25.9,23.3,58.7,18.5,30.0,25.03333333333333,33.266666666666666,41.69583333333333
2026-04-23 02:00:00,42.1,27.0,60,947.9,1.3,225,0.0,2,3,4,14.2,16.8,38.2,54.0,19.1,49.0,23.516666666666666,29.558333333333337,41.516666666666666
2026-04-23 03:00:00,51.1,30.1,41,949.0,2.7,8,0.0,3,3,4,42.1,12.0,34.0,42.4,30.2,27.2,24.166666666666668,28.566666666666666,42.475
2026-04-23 04:00:00,43.0,33.0,28,949.5,5.4,30,0.0,4,3,4,51.1,14.2,25.9,25.8,27.9,17.1,27.016666666666666,29.291666666666668,43.34583333333333
2026-04-23 05:00:00,33.8,35.8,21,949.7,9.4,43,0.0,5,3,4,43.0,42.1,16.8,23.8,54.2,21.3,29.866666666666664,30.724999999999998,43.975
2026-04-23 06:00:00,50.1,36.9,19,949.1,9.6,64,0.0,6,3,4,33.8,51.1,12.0,44.3,68.2,30.5,32.7,31.558333333333334,43.125
2026-04-23 07:00:00,47.5,38.2,17,948.4,9.3,66,0.0,7,3,4,50.1,43.0,14.2,23.3,59.8,37.5,39.050000000000004,32.041666666666664,42.37083333333333
2026-04-23 08:00:00,72.7,38.5,16,947.6,10.4,70,0.0,8,3,4,47.5,33.8,42.1,38.2,58.9,32.1,44.6,34.05833333333333,41.858333333333334
2026-04-23 09:00:00,74.5,38.7,16,946.6,7.1,111,0.0,9,3,4,72.7,50.1,51.1,34.0,71.6,86.6,49.699999999999996,36.93333333333334,42.43333333333333
2026-04-23 10:00:00,48.0,38.3,16,945.7,13.8,318,0.0,10,3,4,74.5,47.5,43.0,25.9,81.5,90.6,53.6,40.30833333333334,42.55416666666667
2026-04-23 11:00:00,99.7,32.2,29,946.9,0.4,153,0.8,11,3,4,48.0,72.7,33.8,16.8,47.2,102.0,54.43333333333334,42.15,41.15833333333333
2026-04-23 12:00:00,75.6,31.8,31,945.1,11.1,257,0.0,12,3,4,99.7,74.5,50.1,12.0,64.4,79.2,65.41666666666667,49.05833333333334,43.34583333333333
2026-04-23 13:00:00,84.6,32.0,28,945.7,4.8,283,0.0,13,3,4,75.6,48.0,47.5,14.2,58.7,62.0,69.66666666666667,54.35833333333334,43.8125
2026-04-23 14:00:00,53.3,31.8,31,946.4,11.6,219,0.0,14,3,4,84.6,99.7,72.7,42.1,54.0,58.6,75.85,60.224999999999994,44.89166666666667
2026-04-23 15:00:00,49.4,31.4,29,946.9,8.8,272,0.0,15,3,4,53.3,75.6,74.5,51.1,42.4,30.5,72.61666666666666,61.15833333333333,44.862500000000004
2026-04-23 16:00:00,56.1,30.4,32,947.2,9.5,251,0.0,16,3,4,49.4,84.6,48.0,43.0,25.8,59.6,68.43333333333332,61.01666666666667,45.15416666666666
2026-04-23 17:00:00,44.2,29.7,35,947.7,6.6,279,0.0,17,3,4,56.1,53.3,99.7,33.8,23.8,46.6,69.78333333333333,62.10833333333334,46.416666666666664
2026-04-23 18:00:00,38.2,29.0,37,947.4,6.7,254,0.0,18,3,4,44.2,49.4,75.6,50.1,44.3,48.8,60.53333333333333,62.974999999999994,47.26666666666667
2026-04-23 19:00:00,47.2,28.5,38,946.8,6.1,223,0.0,19,3,4,38.2,56.1,84.6,47.5,23.3,34.1,54.300000000000004,61.98333333333333,47.01250000000001
2026-04-23 20:00:00,20.0,28.5,37,946.4,5.6,243,0.0,20,3,4,47.2,44.2,53.3,72.7,38.2,32.0,48.06666666666666,61.958333333333336,48.008333333333326
2026-04-23 21:00:00,17.0,28.0,37,945.9,5.7,252,0.0,21,3,4,20.0,38.2,49.4,74.5,34.0,47.0,42.516666666666666,57.56666666666667,47.25
2026-04-23 22:00:00,28.4,27.0,39,946.2,6.6,147,0.0,22,3,4,17.0,47.2,56.1,48.0,25.9,12.0,37.11666666666667,52.775000000000006,46.541666666666664
2026-04-23 23:00:00,41.7,26.3,40,946.2,6.3,219,0.0,23,3,4,28.4,20.0,44.2,99.7,16.8,25.3,32.50000000000001,51.14166666666667,46.645833333333336
2026-04-24 00:00:00,33.4,25.7,45,946.2,4.8,211,0.0,0,4,4,41.7,17.0,38.2,75.6,12.0,24.9,32.083333333333336,46.30833333333333,47.68333333333334
2026-04-24 01:00:00,23.6,25.6,47,947.0,2.3,247,0.0,1,4,4,33.4,28.4,47.2,84.6,14.2,18.5,31.283333333333335,42.791666666666664,48.574999999999996
2026-04-24 02:00:00,36.6,27.1,43,948.3,2.3,266,0.0,2,4,4,23.6,41.7,20.0,53.3,42.1,19.1,27.349999999999998,37.708333333333336,48.96666666666667
2026-04-24 03:00:00,44.8,29.9,35,949.6,2.5,300,0.0,3,4,4,36.6,33.4,17.0,49.4,51.1,30.2,30.116666666666664,36.31666666666667,48.737500000000004
2026-04-24 04:00:00,58.9,32.3,28,949.9,2.2,336,0.0,4,4,4,44.8,23.6,28.4,56.1,43.0,27.9,34.75,35.93333333333333,48.474999999999994
2026-04-24 05:00:00,46.9,35.5,21,949.5,5.8,36,0.0,5,4,4,58.9,36.6,41.7,44.2,33.8,54.2,39.833333333333336,36.16666666666667,49.137499999999996
2026-04-24 06:00:00,28.5,37.2,17,949.0,11.1,54,0.0,6,4,4,46.9,44.8,33.4,38.2,50.1,68.2,40.699999999999996,36.391666666666666,49.68333333333334
2026-04-24 07:00:00,42.6,38.4,15,948.1,12.3,67,0.0,7,4,4,28.5,58.9,23.6,47.2,47.5,59.8,39.88333333333333,35.583333333333336,48.78333333333334
2026-04-24 08:00:00,32.1,39.1,14,947.3,9.1,80,0.0,8,4,4,42.6,46.9,36.6,20.0,72.7,58.9,43.050000000000004,35.2,48.57916666666667
2026-04-24 09:00:00,64.6,39.7,13,946.3,10.8,88,0.0,9,4,4,32.1,28.5,44.8,17.0,74.5,71.6,42.3,36.208333333333336,46.887499999999996
2026-04-24 10:00:00,40.9,35.6,21,946.3,17.5,310,0.0,10,4,4,64.6,42.6,58.9,28.4,48.0,81.5,45.6,40.175000000000004,46.475
2026-04-24 11:00:00,55.6,35.5,19,945.6,14.3,282,0.0,11,4,4,40.9,32.1,46.9,41.7,99.7,47.2,42.6,41.21666666666666,46.17916666666667
2026-04-24 12:00:00,89.7,37.9,14,945.2,10.9,59,0.0,12,4,4,55.6,64.6,28.5,33.4,75.6,64.4,44.04999999999999,42.375,44.34166666666667
2026-04-24 13:00:00,105.2,36.3,15,946.0,4.0,328,0.0,13,4,4,89.7,40.9,42.6,23.6,84.6,58.7,54.25,47.06666666666666,44.92916666666667
2026-04-24 14:00:00,43.8,33.8,23,946.8,11.4,285,0.0,14,4,4,105.2,55.6,32.1,36.6,53.3,54.0,64.68333333333334,53.86666666666667,45.7875
2026-04-24 15:00:00,76.6,32.4,28,947.4,6.8,245,0.0,15,4,4,43.8,89.7,64.6,44.8,49.4,42.4,66.63333333333334,54.46666666666666,45.39166666666667
2026-04-24 16:00:00,67.6,31.4,32,948.1,8.3,210,0.0,16,4,4,76.6,105.2,40.9,58.9,56.1,25.8,68.63333333333334,57.11666666666667,46.525
2026-04-24 17:00:00,46.9,30.6,35,948.2,6.3,207,0.0,17,4,4,67.6,43.8,55.6,46.9,44.2,23.8,73.08333333333333,57.84166666666667,47.00416666666667
2026-04-24 18:00:00,42.3,29.6,37,948.0,3.6,237,0.0,18,4,4,46.9,76.6,89.7,28.5,38.2,44.3,71.63333333333333,57.84166666666667,47.11666666666667
2026-04-24 19:00:00,41.4,29.2,39,947.5,5.9,227,0.0,19,4,4,42.3,67.6,105.2,42.6,47.2,23.3,63.73333333333333,58.99166666666667,47.2875
2026-04-24 20:00:00,43.7,28.3,42,947.0,3.5,231,0.0,20,4,4,41.4,46.9,43.8,32.1,20.0,38.2,53.099999999999994,58.89166666666667,47.04583333333333
2026-04-24 21:00:00,31.3,28.0,43,947.0,2.7,188,0.0,21,4,4,43.7,42.3,76.6,64.6,17.0,34.0,53.083333333333336,59.85833333333333,48.03333333333333
2026-04-24 22:00:00,23.2,27.3,45,946.4,0.9,169,0.0,22,4,4,31.3,41.4,67.6,40.9,28.4,25.9,45.53333333333333,57.083333333333336,48.62916666666666
2026-04-24 23:00:00,25.7,27.0,46,946.9,0.8,297,0.0,23,4,4,23.2,43.7,46.9,55.6,41.7,16.8,38.13333333333333,55.60833333333333,48.4125
2026-04-25 00:00:00,27.8,26.7,50,946.9,0.9,11,0.0,0,5,4,25.7,31.3,42.3,89.7,33.4,12.0,34.6,53.11666666666667,47.74583333333334
2026-04-25 01:00:00,43.2,26.9,51,948.0,0.4,333,0.0,1,5,4,27.8,23.2,41.4,105.2,23.6,14.2,32.18333333333333,47.958333333333336,47.512499999999996
2026-04-25 02:00:00,25.3,27.9,45,948.3,3.0,327,0.0,2,5,4,43.2,25.7,43.7,43.8,36.6,42.1,32.48333333333333,42.791666666666664,48.32916666666667
2026-04-25 03:00:00,38.0,31.2,33,949.6,2.8,11,0.0,3,5,4,25.3,27.8,31.3,76.6,44.8,51.1,29.416666666666668,41.25,47.85833333333333
2026-04-25 04:00:00,23.0,34.5,20,950.4,5.7,37,0.0,4,5,4,38.0,43.2,23.2,67.6,58.9,43.0,30.53333333333333,38.03333333333333,47.574999999999996
2026-04-25 05:00:00,36.8,37.2,14,950.4,9.6,50,0.0,5,5,4,23.0,25.3,25.7,46.9,46.9,33.8,30.5,34.31666666666667,46.07916666666667
2026-04-25 06:00:00,46.7,38.4,13,950.1,13.6,54,0.0,6,5,4,36.8,38.0,27.8,42.3,28.5,50.1,32.35,33.475,45.65833333333333
2026-04-25 07:00:00,24.8,38.9,13,949.4,12.8,61,0.0,7,5,4,46.7,23.0,43.2,41.4,42.6,47.5,35.5,33.84166666666667,46.416666666666664
2026-04-25 08:00:00,40.8,40.0,12,948.4,11.0,62,0.0,8,5,4,24.8,36.8,25.3,43.7,32.1,72.7,32.43333333333334,32.458333333333336,45.675000000000004
2026-04-25 09:00:00,83.6,39.7,13,947.4,8.1,55,0.0,9,5,4,40.8,46.7,38.0,31.3,64.6,74.5,35.016666666666666,32.21666666666666,46.037499999999994
2026-04-25 10:00:00,74.5,38.6,14,946.7,8.9,84,0.0,10,5,4,83.6,24.8,23.0,23.2,40.9,48.0,42.61666666666667,36.574999999999996,46.82916666666667
2026-04-25 11:00:00,86.4,38.3,14,946.7,6.7,96,0.0,11,5,4,74.5,40.8,36.8,25.7,55.6,99.7,51.199999999999996,40.85,48.229166666666664
2026-04-25 12:00:00,73.2,37.8,13,946.3,10.9,74,0.0,12,5,4,86.4,83.6,46.7,27.8,89.7,75.6,59.46666666666666,45.90833333333333,49.512499999999996
2026-04-25 13:00:00,95.0,37.1,14,946.4,6.8,78,0.0,13,5,4,73.2,74.5,24.8,43.2,105.2,84.6,63.88333333333333,49.69166666666667,48.824999999999996
2026-04-25 14:00:00,103.0,35.3,19,947.0,1.5,330,0.0,14,5,4,95.0,86.4,40.8,25.3,43.8,53.3,75.58333333333333,54.00833333333333,48.4
2026-04-25 15:00:00,57.4,33.5,22,948.1,12.0,294,0.0,15,5,4,103.0,73.2,83.6,38.0,76.6,49.4,85.95,60.48333333333334,50.86666666666667
2026-04-25 16:00:00,54.5,31.7,30,948.7,10.6,212,0.0,16,5,4,57.4,95.0,74.5,23.0,67.6,56.1,81.58333333333333,62.1,50.06666666666667
2026-04-25 17:00:00,37.9,30.9,31,948.8,11.5,212,0.0,17,5,4,54.5,103.0,86.4,36.8,46.9,44.2,78.25,64.72500000000001,49.520833333333336
2026-04-25 18:00:00,25.9,30.3,31,948.5,10.2,238,0.0,18,5,4,37.9,57.4,73.2,46.7,42.3,38.2,70.16666666666667,64.81666666666666,49.145833333333336
2026-04-25 19:00:00,50.4,30.0,27,947.6,5.6,245,0.0,19,5,4,25.9,54.5,95.0,24.8,41.4,47.2,62.28333333333333,63.083333333333336,48.4625
2026-04-25 20:00:00,23.9,29.3,25,946.8,7.5,233,0.0,20,5,4,50.4,37.9,103.0,40.8,43.7,20.0,54.849999999999994,65.21666666666665,48.8375
2026-04-25 21:00:00,14.9,28.7,23,946.3,9.3,236,0.0,21,5,4,23.9,25.9,57.4,83.6,31.3,17.0,41.666666666666664,63.80833333333334,48.012499999999996
2026-04-25 22:00:00,12.8,28.3,22,946.3,7.4,229,0.0,22,5,4,14.9,50.4,54.5,74.5,23.2,28.4,34.583333333333336,58.083333333333336,47.32916666666667
2026-04-25 23:00:00,12.0,27.8,24,946.3,8.8,242,0.0,23,5,4,12.8,23.9,37.9,86.4,25.7,41.7,27.633333333333336,52.94166666666666,46.895833333333336
2026-04-26 00:00:00,32.4,26.8,34,946.4,6.1,227,0.0,0,6,4,12.0,14.9,25.9,73.2,27.8,33.4,23.316666666666666,46.74166666666667,46.324999999999996
2026-04-26 01:00:00,12.0,27.1,34,947.1,7.8,232,0.0,1,6,4,32.4,12.8,50.4,95.0,43.2,23.6,24.399999999999995,43.34166666666666,46.51666666666667
2026-04-26 02:00:00,12.0,29.1,29,948.2,7.6,242,0.0,2,6,4,12.0,12.0,23.9,103.0,25.3,36.6,18.0,36.425,45.21666666666666
2026-04-26 03:00:00,16.0,32.5,20,949.3,5.6,264,0.0,3,6,4,12.0,32.4,14.9,57.4,38.0,44.8,16.016666666666666,28.84166666666667,44.6625
2026-04-26 04:00:00,30.4,35.5,16,949.8,3.9,292,0.0,4,6,4,16.0,12.0,12.8,54.5,23.0,58.9,16.2,25.391666666666666,43.74583333333334
2026-04-26 05:00:00,58.7,37.9,14,949.6,3.8,343,0.0,5,6,4,30.4,12.0,12.0,37.9,36.8,46.9,19.133333333333336,23.38333333333333,44.05416666666667
2026-04-26 06:00:00,34.8,38.3,14,949.2,6.4,40,0.0,6,6,4,58.7,16.0,32.4,25.9,46.7,28.5,26.916666666666668,25.11666666666667,44.96666666666667
2026-04-26 07:00:00,45.4,40.1,13,948.6,5.1,42,0.0,7,6,4,34.8,30.4,12.0,50.4,24.8,42.6,27.316666666666666,25.85833333333333,44.47083333333333
2026-04-26 08:00:00,66.4,41.0,12,947.5,2.0,27,0.0,8,6,4,45.4,58.7,12.0,23.9,40.8,32.1,32.88333333333333,25.441666666666666,45.32916666666667
2026-04-26 09:00:00,81.4,40.5,12,946.5,3.7,337,0.0,9,6,4,66.4,34.8,16.0,14.9,83.6,64.6,41.949999999999996,28.983333333333334,46.395833333333336
2026-04-26 10:00:00,90.4,39.5,13,945.8,3.6,340,0.0,10,6,4,81.4,45.4,30.4,12.8,74.5,40.9,52.85,34.525,46.30416666666667
2026-04-26 11:00:00,84.8,39.6,13,945.2,7.0,10,0.0,11,6,4,90.4,66.4,58.7,12.0,86.4,55.6,62.85,40.99166666666667,46.96666666666667
2026-04-26 12:00:00,70.2,37.1,23,944.9,12.0,233,0.0,12,6,4,84.8,81.4,34.8,32.4,73.2,89.7,67.2,47.05833333333334,46.900000000000006
2026-04-26 13:00:00,46.5,34.3,28,945.3,18.5,259,0.0,13,6,4,70.2,90.4,45.4,12.0,95.0,105.2,73.10000000000001,50.208333333333336,46.775000000000006
2026-04-26 14:00:00,69.9,32.9,40,945.8,13.1,268,0.0,14,6,4,46.5,84.8,66.4,12.0,103.0,43.8,73.28333333333333,53.083333333333336,44.75416666666667
2026-04-26 15:00:00,82.0,30.7,51,946.6,10.5,253,0.0,15,6,4,69.9,70.2,81.4,16.0,57.4,76.6,73.86666666666667,57.90833333333333,43.375
2026-04-26 16:00:00,64.4,29.7,56,947.2,9.7,239,0.0,16,6,4,82.0,46.5,90.4,30.4,54.5,67.6,73.96666666666667,63.40833333333333,44.400000000000006
2026-04-26 17:00:00,26.9,28.6,60,947.4,11.1,233,0.0,17,6,4,64.4,69.9,84.8,58.7,37.9,46.9,69.63333333333334,66.24166666666667,44.8125
2026-04-26 18:00:00,26.2,28.2,62,947.1,8.1,235,0.0,18,6,4,26.9,82.0,70.2,34.8,25.9,42.3,59.98333333333334,63.59166666666667,44.354166666666664
2026-04-26 19:00:00,43.8,27.8,62,946.5,8.6,254,0.0,19,6,4,26.2,64.4,46.5,45.4,50.4,41.4,52.650000000000006,62.875,44.366666666666674
2026-04-26 20:00:00,20.3,27.3,63,945.7,10.4,249,0.0,20,6,4,43.8,26.9,69.9,66.4,23.9,43.7,52.20000000000001,62.741666666666674,44.09166666666667
2026-04-26 21:00:00,12.0,27.0,59,945.2,10.0,250,0.0,21,6,4,20.3,26.2,82.0,81.4,14.9,31.3,43.93333333333333,58.9,43.94166666666666
2026-04-26 22:00:00,27.1,26.2,62,945.0,9.4,257,0.0,22,6,4,12.0,43.8,64.4,90.4,12.8,23.2,32.266666666666666,53.11666666666667,43.82083333333333
2026-04-26 23:00:00,12.0,25.4,67,945.4,9.2,266,0.0,23,6,4,27.1,20.3,26.9,84.8,12.0,25.7,26.049999999999997,47.84166666666667,44.416666666666664
2026-04-27 00:00:00,12.0,24.6,74,945.4,10.4,250,0.0,0,0,4,12.0,12.0,26.2,70.2,32.4,27.8,23.566666666666666,41.775,44.416666666666664
2026-04-27 01:00:00,12.0,24.8,72,946.0,9.5,245,0.0,1,0,4,12.0,27.1,43.8,46.5,12.0,43.2,21.2,36.925000000000004,43.56666666666666
2026-04-27 02:00:00,19.8,26.7,60,947.0,6.9,225,0.0,2,0,4,12.0,12.0,20.3,69.9,12.0,25.3,15.9,34.050000000000004,43.56666666666666
2026-04-27 03:00:00,63.9,30.4,38,948.1,6.3,257,0.0,3,0,4,19.8,12.0,12.0,82.0,16.0,38.0,15.816666666666668,29.875,43.89166666666667
2026-04-27 04:00:00,16.3,33.4,27,948.7,6.9,287,0.0,4,0,4,63.9,12.0,27.1,64.4,30.4,23.0,24.46666666666667,28.366666666666664,45.887499999999996
2026-04-27 05:00:00,43.7,36.0,22,948.9,7.1,304,0.0,5,0,4,16.3,19.8,12.0,26.9,58.7,36.8,22.666666666666668,24.358333333333334,45.29999999999999
2026-04-27 06:00:00,54.3,37.0,20,948.3,5.5,328,0.0,6,0,4,43.7,63.9,12.0,26.2,34.8,46.7,27.95,25.75833333333333,44.675000000000004
2026-04-27 07:00:00,67.7,38.4,17,947.9,3.9,307,0.0,7,0,4,54.3,16.3,12.0,43.8,45.4,24.8,35.0,28.099999999999998,45.48749999999999
2026-04-27 08:00:00,54.6,38.8,16,947.0,4.2,280,0.0,8,0,4,67.7,43.7,19.8,20.3,66.4,40.8,44.28333333333333,30.091666666666665,46.416666666666664
2026-04-27 09:00:00,72.3,39.4,16,945.6,5.2,304,0.0,9,0,4,54.6,54.3,63.9,12.0,81.4,83.6,50.083333333333336,32.95,45.925000000000004
2026-04-27 10:00:00,76.6,39.9,15,944.9,4.3,315,0.0,10,0,4,72.3,67.7,16.3,27.1,90.4,74.5,51.48333333333333,37.975,45.54583333333333
2026-04-27 11:00:00,36.8,37.5,20,944.5,15.7,310,0.0,11,0,4,76.6,54.6,43.7,12.0,84.8,86.4,61.53333333333333,42.1,44.97083333333333
2026-04-27 12:00:00,68.7,36.2,24,944.7,15.2,287,0.0,12,0,4,36.8,72.3,54.3,12.0,70.2,73.2,60.38333333333333,44.166666666666664,42.97083333333333
2026-04-27 13:00:00,36.4,34.1,39,944.5,17.9,285,0.0,13,0,4,68.7,76.6,67.7,12.0,46.5,95.0,62.78333333333333,48.89166666666667,42.90833333333333
2026-04-27 14:00:00,26.6,31.4,55,945.2,15.0,287,0.0,14,0,4,36.4,36.8,54.6,19.8,69.9,103.0,57.56666666666666,50.925000000000004,42.487500000000004
2026-04-27 15:00:00,51.6,29.6,65,945.8,14.0,269,0.0,15,0,4,26.6,68.7,72.3,63.9,82.0,57.4,52.9,51.491666666666674,40.68333333333334
2026-04-27 16:00:00,56.0,28.6,68,946.2,8.1,274,0.0,16,0,4,51.6,36.4,76.6,16.3,64.4,54.5,49.449999999999996,50.46666666666666,39.416666666666664
2026-04-27 17:00:00,80.4,27.9,70,946.4,7.6,262,0.0,17,0,4,56.0,26.6,36.8,43.7,26.9,37.9,46.01666666666667,53.775,39.06666666666666
2026-04-27 18:00:00,23.5,27.5,71,945.7,8.8,251,0.0,18,0,4,80.4,51.6,68.7,54.3,26.2,25.9,53.28333333333333,56.833333333333336,41.29583333333333
2026-04-27 19:00:00,38.4,27.2,70,945.1,8.5,246,0.0,19,0,4,23.5,56.0,36.4,67.7,43.8,50.4,45.75,54.26666666666667,41.18333333333334
2026-04-27 20:00:00,35.5,27.0,67,944.9,9.3,248,0.0,20,0,4,38.4,80.4,26.6,54.6,20.3,23.9,46.083333333333336,51.824999999999996,40.958333333333336
2026-04-27 21:00:00,12.0,26.7,63,944.7,10.4,261,0.0,21,0,4,35.5,23.5,51.6,72.3,12.0,14.9,47.56666666666666,50.23333333333334,41.59166666666667
2026-04-27 22:00:00,12.0,26.0,65,944.8,10.7,258,0.0,22,0,4,12.0,38.4,56.0,76.6,27.1,12.8,40.96666666666667,45.208333333333336,41.59166666666667
2026-04-27 23:00:00,16.4,25.2,69,945.3,10.1,254,0.0,23,0,4,12.0,35.5,80.4,36.8,12.0,12.0,33.63333333333333,39.824999999999996,40.9625
2026-04-28 00:00:00,12.0,24.9,69,945.3,9.8,242,0.0,0,1,4,16.4,12.0,23.5,68.7,12.0,32.4,22.96666666666667,38.125,41.145833333333336
2026-04-28 01:00:00,12.0,25.0,69,946.0,10.3,247,0.0,1,1,4,12.0,12.0,38.4,36.4,12.0,12.0,21.05,33.4,41.145833333333336
2026-04-28 02:00:00,12.0,26.8,53,947.1,8.7,253,0.0,2,1,4,12.0,16.4,35.5,26.6,19.8,12.0,16.650000000000002,31.36666666666667,41.145833333333336
2026-04-28 03:00:00,12.0,29.5,40,947.8,7.6,269,0.0,3,1,4,12.0,12.0,12.0,51.6,63.9,16.0,12.733333333333334,30.150000000000002,40.82083333333333
2026-04-28 04:00:00,39.6,32.6,29,948.6,6.0,291,0.0,4,1,4,12.0,12.0,12.0,56.0,16.3,30.4,12.733333333333334,26.849999999999998,38.65833333333333
2026-04-28 05:00:00,29.8,35.4,22,948.8,5.9,310,0.0,5,1,4,39.6,12.0,16.4,80.4,43.7,58.7,17.333333333333332,25.48333333333333,39.62916666666667
2026-04-28 06:00:00,54.8,36.7,20,948.4,7.3,318,0.0,6,1,4,29.8,12.0,12.0,23.5,54.3,34.8,19.566666666666666,21.266666666666666,39.05
2026-04-28 07:00:00,60.6,38.9,16,947.9,7.5,312,0.0,7,1,4,54.8,39.6,12.0,38.4,67.7,45.4,26.7,23.875,39.07083333333333
2026-04-28 08:00:00,60.5,39.1,15,947.0,7.6,288,0.0,8,1,4,60.6,29.8,12.0,35.5,54.6,66.4,34.800000000000004,25.724999999999998,38.775
2026-04-28 09:00:00,66.0,39.1,15,946.3,12.2,287,0.0,9,1,4,60.5,54.8,12.0,12.0,72.3,81.4,42.88333333333333,27.808333333333334,39.020833333333336
2026-04-28 10:00:00,34.3,38.6,17,945.4,14.6,291,0.0,10,1,4,66.0,60.6,39.6,12.0,76.6,90.4,51.88333333333333,32.30833333333333,38.75833333333333
2026-04-28 11:00:00,37.5,37.7,19,945.0,17.1,295,0.0,11,1,4,34.3,60.5,29.8,16.4,36.8,84.8,51.0,34.166666666666664,36.99583333333333
2026-04-28 12:00:00,49.6,36.9,20,944.5,15.3,298,0.0,12,1,4,37.5,66.0,54.8,12.0,68.7,70.2,52.28333333333334,35.925000000000004,37.025
2026-04-28 13:00:00,48.8,34.7,29,944.8,16.4,299,0.0,13,1,4,49.6,34.3,60.6,12.0,36.4,46.5,51.416666666666664,39.05833333333333,36.229166666666664
2026-04-28 14:00:00,54.5,32.2,43,945.4,14.5,287,0.0,14,1,4,48.8,37.5,60.5,12.0,26.6,69.9,49.449999999999996,42.125,36.74583333333333
2026-04-28 15:00:00,52.9,30.2,51,946.2,12.0,279,0.0,15,1,4,54.5,49.6,66.0,12.0,51.6,82.0,48.449999999999996,45.666666666666664,37.90833333333333
2026-04-28 16:00:00,67.0,29.0,56,946.5,8.8,269,0.0,16,1,4,52.9,48.8,34.3,39.6,56.0,64.4,46.26666666666667,49.074999999999996,37.9625
2026-04-28 17:00:00,45.3,28.1,59,946.8,9.2,273,0.0,17,1,4,67.0,54.5,37.5,29.8,80.4,26.9,51.71666666666666,51.35833333333333,38.420833333333334
2026-04-28 18:00:00,28.6,27.3,62,946.7,8.5,264,0.0,18,1,4,45.3,52.9,49.6,54.8,23.5,26.2,53.01666666666666,52.650000000000006,36.958333333333336
2026-04-28 19:00:00,17.8,26.9,62,946.1,8.8,266,0.0,19,1,4,28.6,67.0,48.8,60.6,38.4,43.8,49.51666666666667,50.46666666666666,37.170833333333334
2026-04-28 20:00:00,12.0,26.6,56,945.5,9.0,267,0.0,20,1,4,17.8,45.3,54.5,60.5,35.5,20.3,44.35,46.9,36.3125
2026-04-28 21:00:00,12.0,26.1,53,945.4,8.3,259,0.0,21,1,4,12.0,28.6,52.9,66.0,12.0,12.0,37.266666666666666,42.85833333333333,35.333333333333336
2026-04-28 22:00:00,12.0,25.6,51,944.9,8.2,256,0.0,22,1,4,12.0,17.8,67.0,34.3,12.0,27.1,30.45,38.358333333333334,35.333333333333336
2026-04-28 23:00:00,12.0,25.2,49,945.0,8.2,256,0.0,23,1,4,12.0,12.0,45.3,37.5,16.4,12.0,21.283333333333335,36.5,35.333333333333336
2026-04-29 00:00:00,16.2,25.2,44,945.0,8.8,250,0.0,0,2,4,12.0,12.0,28.6,49.6,12.0,12.0,15.733333333333334,34.375,35.15
2026-04-29 01:00:00,15.4,25.7,38,945.8,9.2,253,0.0,1,2,4,16.2,12.0,17.8,48.8,12.0,12.0,13.666666666666666,31.59166666666667,35.324999999999996
2026-04-29 02:00:00,26.0,27.6,32,947.0,8.6,260,0.0,2,2,4,15.4,12.0,12.0,54.5,12.0,19.8,13.266666666666666,28.808333333333334,35.46666666666666
2026-04-29 03:00:00,29.5,30.5,23,948.3,9.0,273,0.0,3,2,4,26.0,16.2,12.0,52.9,12.0,63.9,15.6,26.433333333333334,36.05
2026-04-29 04:00:00,25.0,33.0,19,949.0,6.6,283,0.0,4,2,4,29.5,15.4,12.0,67.0,39.6,16.3,18.516666666666666,24.48333333333333,36.77916666666666
2026-04-29 05:00:00,40.6,35.1,18,949.2,7.4,292,0.0,5,2,4,25.0,26.0,12.0,45.3,29.8,43.7,20.683333333333334,20.983333333333334,36.17083333333333
2026-04-29 06:00:00,62.0,35.7,18,949.1,6.3,283,0.0,6,2,4,40.6,29.5,16.2,28.6,54.8,54.3,25.45,20.591666666666665,36.62083333333333
2026-04-29 07:00:00,75.9,37.7,15,948.5,7.5,280,0.0,7,2,4,62.0,25.0,15.4,17.8,60.6,67.7,33.083333333333336,23.375,36.92083333333333
2026-04-29 08:00:00,45.5,38.5,15,947.6,10.3,282,0.0,8,2,4,75.9,40.6,26.0,12.0,60.5,54.6,43.166666666666664,28.21666666666667,37.55833333333334
2026-04-29 09:00:00,53.5,38.6,16,946.4,12.7,288,0.0,9,2,4,45.5,62.0,29.5,12.0,66.0,72.3,46.416666666666664,31.008333333333336,36.93333333333334
2026-04-29 10:00:00,31.5,38.5,17,946.0,14.1,289,0.0,10,2,4,53.5,75.9,25.0,12.0,34.3,76.6,50.416666666666664,34.46666666666667,36.4125
2026-04-29 11:00:00,50.0,37.4,19,945.5,16.1,290,0.0,11,2,4,31.5,45.5,40.6,12.0,37.5,36.8,51.5,36.09166666666667,36.29583333333333
2026-04-29 12:00:00,43.9,36.7,20,945.2,14.2,296,0.0,12,2,4,50.0,53.5,62.0,16.2,49.6,68.7,53.06666666666666,39.25833333333333,36.81666666666666
2026-04-29 13:00:00,47.7,34.4,31,945.4,14.9,295,0.0,13,2,4,43.9,31.5,75.9,15.4,48.8,36.4,50.04999999999999,41.56666666666667,36.57916666666667
2026-04-29 14:00:00,63.1,31.6,47,945.9,13.9,294,0.0,14,2,4,47.7,50.0,45.5,26.0,54.5,26.6,45.35,44.25833333333333,36.53333333333333
2026-04-29 15:00:00,31.9,29.8,54,946.7,11.8,283,0.0,15,2,4,63.1,43.9,53.5,29.5,52.9,51.6,48.28333333333333,47.35,36.891666666666666
2026-04-29 16:00:00,42.0,28.7,57,947.1,9.6,276,0.0,16,2,4,31.9,47.7,31.5,25.0,67.0,56.0,44.68333333333334,47.550000000000004,36.016666666666666
2026-04-29 17:00:00,18.9,27.7,60,947.4,9.2,269,0.0,17,2,4,42.0,63.1,50.0,40.6,45.3,80.4,46.43333333333334,48.96666666666667,34.975
2026-04-29 18:00:00,17.7,26.6,64,947.2,9.6,266,0.0,18,2,4,18.9,31.9,43.9,62.0,28.6,23.5,41.25,47.15833333333333,33.875
2026-04-29 19:00:00,25.1,26.0,66,946.8,9.2,267,0.0,19,2,4,17.7,42.0,47.7,75.9,17.8,38.4,36.88333333333333,43.46666666666667,33.420833333333334
2026-04-29 20:00:00,12.0,25.3,67,946.5,9.9,269,0.0,20,2,4,25.1,18.9,63.1,45.5,12.0,35.5,33.11666666666667,39.233333333333334,33.725
2026-04-29 21:00:00,12.0,24.7,68,946.4,9.9,270,0.0,21,2,4,12.0,17.7,31.9,53.5,12.0,12.0,24.600000000000005,36.44166666666666,33.725
2026-04-29 22:00:00,16.3,24.2,66,946.0,9.7,260,0.0,22,2,4,12.0,25.1,42.0,31.5,12.0,12.0,21.283333333333335,32.98333333333333,33.725
2026-04-29 23:00:00,22.2,24.2,57,946.1,10.2,253,0.0,23,2,4,16.3,12.0,18.9,50.0,12.0,16.4,17.0,31.716666666666665,33.90416666666666
2026-04-30 00:00:00,12.0,24.6,50,946.1,10.1,250,0.0,0,3,4,22.2,12.0,17.7,43.9,16.2,12.0,17.55,29.400000000000002,34.329166666666666
2026-04-30 01:00:00,12.0,25.1,42,946.7,10.4,244,0.0,1,3,4,12.0,16.3,25.1,47.7,15.4,12.0,16.599999999999998,26.741666666666664,34.15416666666667
2026-04-30 02:00:00,12.0,27.2,34,947.6,8.4,254,0.0,2,3,4,12.0,22.2,12.0,63.1,26.0,12.0,14.416666666666666,23.766666666666666,34.0125
2026-04-30 03:00:00,22.3,30.5,24,948.9,9.2,269,0.0,3,3,4,12.0,12.0,12.0,31.9,29.5,12.0,14.416666666666666,19.508333333333333,33.42916666666667
2026-04-30 04:00:00,31.7,33.4,19,949.7,11.7,281,0.0,4,3,4,22.3,12.0,16.3,42.0,25.0,39.6,16.133333333333336,18.708333333333332,33.12916666666667
2026-04-30 05:00:00,14.7,35.5,16,949.9,14.9,285,0.0,5,3,4,31.7,12.0,22.2,18.9,40.6,29.8,18.7,17.85,33.40833333333334
2026-04-30 06:00:00,16.6,36.3,16,949.6,15.8,281,0.0,6,3,4,14.7,22.3,12.0,17.7,62.0,54.8,17.45,17.5,32.32916666666667
2026-04-30 07:00:00,25.8,37.3,16,949.2,16.7,281,0.0,7,3,4,16.6,31.7,12.0,25.1,75.9,60.6,18.21666666666667,17.408333333333335,30.4375
2026-04-30 08:00:00,24.1,37.5,17,948.4,18.3,280,0.0,8,3,4,25.8,14.7,12.0,12.0,45.5,60.5,20.51666666666667,17.466666666666665,28.349999999999998
2026-04-30 09:00:00,50.5,37.3,21,947.4,18.8,275,0.0,9,3,4,24.1,16.6,22.3,12.0,53.5,66.0,22.533333333333335,18.474999999999998,27.45833333333334
2026-04-30 10:00:00,12.0,36.8,21,947.0,20.2,274,0.0,10,3,4,50.5,25.8,31.7,16.3,31.5,34.3,27.23333333333333,21.683333333333334,27.333333333333332
2026-04-30 11:00:00,65.1,35.3,27,946.5,19.3,275,0.0,11,3,4,12.0,24.1,14.7,22.2,50.0,37.5,23.95,21.325,26.520833333333332
2026-04-30 12:00:00,29.4,33.8,31,946.6,18.6,274,0.0,12,3,4,65.1,50.5,16.6,12.0,43.9,49.6,32.35,24.899999999999995,27.149999999999995
2026-04-30 13:00:00,31.4,31.8,37,946.8,16.9,273,0.0,13,3,4,29.4,12.0,25.8,12.0,47.7,48.8,34.48333333333333,26.349999999999998,26.54583333333333
2026-04-30 14:00:00,40.1,29.7,48,947.0,14.6,271,0.0,14,3,4,31.4,65.1,24.1,12.0,63.1,54.5,35.416666666666664,27.966666666666665,25.86666666666667
2026-04-30 15:00:00,59.6,28.3,55,947.7,11.9,266,0.0,15,3,4,40.1,29.4,50.5,22.3,31.9,52.9,38.08333333333333,30.308333333333334,24.90833333333333
2026-04-30 16:00:00,72.9,27.1,60,948.2,10.2,252,0.0,16,3,4,59.6,31.4,12.0,31.7,42.0,67.0,39.6,33.416666666666664,26.0625
2026-04-30 17:00:00,38.8,26.1,66,948.5,9.1,252,0.0,17,3,4,72.9,40.1,65.1,14.7,18.9,45.3,49.75,36.85,27.350000000000005
2026-04-30 18:00:00,26.5,25.3,69,947.9,9.7,252,0.0,18,3,4,38.8,59.6,29.4,16.6,17.7,28.6,45.36666666666667,38.858333333333334,28.179166666666664
2026-04-30 19:00:00,30.6,25.0,67,947.2,9.3,251,0.0,19,3,4,26.5,72.9,31.4,25.8,25.1,17.8,44.88333333333333,39.68333333333333,28.545833333333334
2026-04-30 20:00:00,19.5,24.8,62,946.9,9.8,253,0.0,20,3,4,30.6,38.8,40.1,24.1,12.0,12.0,44.75,40.083333333333336,28.775000000000002
2026-04-30 21:00:00,16.9,24.5,58,946.6,10.3,251,0.0,21,3,4,19.5,26.5,59.6,50.5,12.0,12.0,41.31666666666667,39.699999999999996,29.087500000000002
2026-04-30 22:00:00,30.6,24.2,55,946.4,10.7,253,0.0,22,3,4,16.9,30.6,72.9,12.0,16.3,12.0,34.2,36.9,29.291666666666668
2026-04-30 23:00:00,12.0,23.6,58,946.5,10.5,251,0.0,23,3,4,30.6,19.5,38.8,65.1,22.2,12.0,27.150000000000002,38.449999999999996,29.887500000000003
2026-05-01 00:00:00,12.0,23.2,64,946.8,11.5,245,0.0,0,4,5,12.0,16.9,26.5,29.4,12.0,16.2,22.683333333333334,34.025,29.462500000000002
2026-05-01 01:00:00,12.0,23.4,67,947.4,11.6,240,0.0,1,4,5,12.0,30.6,30.6,31.4,12.0,15.4,20.266666666666666,32.574999999999996,29.462500000000002
2026-05-01 02:00:00,12.2,24.7,67,948.2,10.3,239,0.0,2,4,5,12.0,12.0,19.5,40.1,12.0,26.0,17.166666666666668,30.958333333333332,29.462500000000002
2026-05-01 03:00:00,12.0,27.3,56,949.1,11.1,245,0.0,3,4,5,12.2,12.0,16.9,59.6,22.3,29.5,15.950000000000001,28.633333333333336,29.47083333333333
2026-05-01 04:00:00,15.9,30.3,43,949.9,12.4,257,0.0,4,4,5,12.0,12.0,30.6,72.9,31.7,25.0,15.133333333333333,24.666666666666668,29.041666666666668
2026-05-01 05:00:00,12.0,32.6,34,950.2,14.9,269,0.0,5,4,5,15.9,12.2,12.0,38.8,14.7,40.6,12.683333333333332,19.916666666666668,28.38333333333333
2026-05-01 06:00:00,12.0,33.9,28,950.0,15.7,279,0.0,6,4,5,12.0,12.0,12.0,26.5,16.6,62.0,12.683333333333332,17.683333333333334,28.270833333333332
2026-05-01 07:00:00,12.0,34.9,27,949.8,17.9,280,0.0,7,4,5,12.0,15.9,12.0,30.6,25.8,75.9,12.683333333333332,16.474999999999998,28.079166666666666
2026-05-01 08:00:00,37.1,35.2,30,949.2,18.0,277,0.0,8,4,5,12.0,12.0,12.2,19.5,24.1,45.5,12.683333333333332,14.924999999999999,27.504166666666663
2026-05-01 09:00:00,38.5,35.5,29,947.7,18.3,277,0.0,9,4,5,37.1,12.0,12.0,16.9,50.5,53.5,16.833333333333332,16.391666666666666,28.04583333333333
2026-05-01 10:00:00,40.2,35.0,29,947.0,19.7,275,0.0,10,4,5,38.5,12.0,15.9,30.6,12.0,31.5,21.25,18.191666666666666,27.54583333333333
2026-05-01 11:00:00,30.0,33.9,31,946.3,20.2,278,0.0,11,4,5,40.2,37.1,12.0,12.0,65.1,50.0,25.3,18.991666666666667,28.72083333333333
2026-05-01 12:00:00,28.3,32.4,35,946.5,17.8,267,0.0,12,4,5,30.0,38.5,12.0,12.0,29.4,43.9,28.3,20.491666666666667,27.258333333333336
2026-05-01 13:00:00,38.5,30.3,43,946.6,17.4,265,0.0,13,4,5,28.3,40.2,12.0,12.0,31.4,47.7,31.01666666666667,21.849999999999998,27.212500000000002
2026-05-01 14:00:00,54.7,28.4,52,947.1,15.8,263,0.0,14,4,5,38.5,30.0,37.1,12.2,40.1,63.1,35.43333333333334,24.058333333333334,27.50833333333333
2026-05-01 15:00:00,51.6,26.7,63,947.4,13.5,262,0.0,15,4,5,54.7,28.3,38.5,12.0,59.6,31.9,38.36666666666667,27.600000000000005,28.11666666666667
2026-05-01 16:00:00,32.4,25.5,71,947.6,12.3,262,0.0,16,4,5,51.6,38.5,40.2,15.9,72.9,42.0,40.55,30.900000000000002,27.783333333333335
2026-05-01 17:00:00,38.5,24.6,78,948.0,10.7,257,0.0,17,4,5,32.4,54.7,30.0,12.0,38.8,18.9,39.25,32.275000000000006,26.095833333333335
2026-05-01 18:00:00,26.7,24.1,81,947.7,9.8,246,0.0,18,4,5,38.5,51.6,28.3,12.0,26.5,17.7,40.666666666666664,34.48333333333334,26.083333333333332
2026-05-01 19:00:00,46.7,24.0,78,947.2,8.6,254,0.0,19,4,5,26.7,32.4,38.5,12.0,30.6,25.1,40.4,35.708333333333336,26.09166666666667
2026-05-01 20:00:00,29.9,23.8,73,946.8,8.1,265,0.0,20,4,5,46.7,38.5,54.7,37.1,19.5,12.0,41.766666666666666,38.6,26.7625
2026-05-01 21:00:00,21.7,23.2,76,946.2,6.9,255,0.0,21,4,5,29.9,26.7,51.6,38.5,16.9,12.0,37.63333333333333,38.0,27.19583333333333
2026-05-01 22:00:00,23.3,22.8,76,945.5,7.3,245,0.0,22,4,5,21.7,46.7,32.4,40.2,30.6,16.3,32.65,36.6,27.395833333333332
2026-05-01 23:00:00,12.0,22.6,73,945.4,8.1,242,0.0,23,4,5,23.3,29.9,38.5,30.0,12.0,22.2,31.133333333333336,35.19166666666667,27.091666666666665
2026-05-02 00:00:00,12.0,22.7,78,945.5,9.0,247,0.0,0,5,5,12.0,21.7,26.7,28.3,12.0,12.0,26.71666666666667,33.69166666666667,27.091666666666665
2026-05-02 01:00:00,12.0,23.5,68,946.0,8.7,249,0.0,1,5,5,12.0,23.3,46.7,38.5,12.0,12.0,24.26666666666667,32.333333333333336,27.091666666666665
2026-05-02 02:00:00,13.3,25.5,57,947.1,7.3,247,0.0,2,5,5,12.0,12.0,29.9,54.7,12.2,12.0,18.483333333333334,30.125,27.091666666666665
2026-05-02 03:00:00,26.0,28.9,41,948.1,8.5,263,0.0,3,5,5,13.3,12.0,21.7,51.6,12.0,22.3,15.716666666666667,26.674999999999997,27.137500000000003
2026-05-02 04:00:00,14.7,32.1,30,948.6,11.0,270,0.0,4,5,5,26.0,12.0,23.3,32.4,15.9,31.7,16.433333333333334,24.541666666666668,27.720833333333335
2026-05-02 05:00:00,26.2,34.8,23,948.7,14.1,276,0.0,5,5,5,14.7,13.3,12.0,38.5,12.0,14.7,15.0,23.066666666666666,27.670833333333334
2026-05-02 06:00:00,18.4,35.8,20,948.4,15.2,284,0.0,6,5,5,26.2,26.0,12.0,26.7,12.0,16.6,17.366666666666667,22.041666666666668,28.262500000000003
2026-05-02 07:00:00,12.7,36.7,21,948.0,17.0,290,0.0,7,5,5,18.4,14.7,12.0,46.7,12.0,25.8,18.433333333333334,21.349999999999998,28.52916666666667
2026-05-02 08:00:00,47.3,37.0,22,947.4,17.4,292,0.0,8,5,5,12.7,26.2,13.3,29.9,37.1,24.1,18.549999999999997,18.516666666666666,28.558333333333337
2026-05-02 09:00:00,22.7,36.2,24,946.5,18.5,283,0.0,9,5,5,47.3,18.4,26.0,21.7,38.5,50.5,24.216666666666665,19.966666666666665,28.983333333333334
2026-05-02 10:00:00,46.9,35.9,25,945.6,18.9,285,0.0,10,5,5,22.7,12.7,14.7,23.3,40.2,12.0,23.666666666666668,20.05,28.325000000000003
2026-05-02 11:00:00,28.2,34.7,30,945.3,20.3,283,0.0,11,5,5,46.9,47.3,26.2,12.0,30.0,65.1,29.03333333333333,22.016666666666666,28.604166666666668
2026-05-02 12:00:00,52.5,33.5,32,945.1,17.6,278,0.0,12,5,5,28.2,22.7,18.4,12.0,28.3,29.4,29.366666666666664,23.366666666666664,28.52916666666667
2026-05-02 13:00:00,55.3,31.2,43,945.2,16.7,271,0.0,13,5,5,52.5,46.9,12.7,12.0,38.5,31.4,35.050000000000004,26.741666666666664,29.537500000000005
2026-05-02 14:00:00,54.3,28.8,56,945.7,14.7,264,0.0,14,5,5,55.3,28.2,47.3,13.3,54.7,40.1,42.15,30.349999999999998,30.2375
2026-05-02 15:00:00,39.3,27.3,62,946.3,13.1,257,0.0,15,5,5,54.3,52.5,22.7,26.0,51.6,59.6,43.31666666666666,33.766666666666666,30.22083333333333
2026-05-02 16:00:00,23.7,26.0,70,946.7,12.1,252,0.0,16,5,5,39.3,55.3,46.9,14.7,32.4,72.9,46.083333333333336,34.875,29.708333333333332
2026-05-02 17:00:00,37.7,25.0,77,947.1,10.8,255,0.0,17,5,5,23.7,54.3,28.2,26.2,38.5,38.8,42.21666666666667,35.625,29.34583333333333
2026-05-02 18:00:00,41.4,24.3,81,946.6,10.6,249,0.0,18,5,5,37.7,39.3,52.5,18.4,26.7,26.5,43.800000000000004,36.583333333333336,29.3125
2026-05-02 19:00:00,28.1,24.4,74,946.2,11.4,255,0.0,19,5,5,41.4,23.7,55.3,12.7,46.7,30.6,41.949999999999996,38.5,29.924999999999997
2026-05-02 20:00:00,16.4,23.8,76,945.9,11.2,255,0.0,20,5,5,28.1,37.7,54.3,47.3,29.9,19.5,37.416666666666664,39.78333333333333,29.150000000000002
2026-05-02 21:00:00,20.6,23.1,81,945.7,11.4,254,0.0,21,5,5,16.4,41.4,39.3,22.7,21.7,16.9,31.099999999999998,37.208333333333336,28.587500000000002
2026-05-02 22:00:00,12.0,22.5,85,945.7,11.1,257,0.0,22,5,5,20.6,28.1,23.7,46.9,23.3,30.6,27.983333333333338,37.03333333333333,28.541666666666668
2026-05-02 23:00:00,12.0,22.1,88,945.8,10.8,255,0.0,23,5,5,12.0,16.4,37.7,28.2,12.0,12.0,26.03333333333333,34.125,28.070833333333336
2026-05-03 00:00:00,12.0,21.9,90,945.9,11.1,250,0.0,0,6,5,12.0,20.6,41.4,52.5,12.0,12.0,21.75,32.775,28.070833333333336
2026-05-03 01:00:00,12.0,22.3,86,946.4,10.6,247,0.0,1,6,5,12.0,12.0,28.1,55.3,12.0,12.0,16.849999999999998,29.400000000000002,28.070833333333336
2026-05-03 02:00:00,14.5,24.0,77,947.2,8.7,249,0.0,2,6,5,12.0,12.0,16.4,54.3,13.3,12.2,14.166666666666666,25.791666666666668,28.070833333333336
2026-05-03 03:00:00,29.5,27.3,58,948.0,9.4,262,0.0,3,6,5,14.5,12.0,20.6,39.3,26.0,12.0,13.85,22.474999999999998,28.120833333333334
2026-05-03 04:00:00,17.0,30.8,41,948.7,10.0,276,0.0,4,6,5,29.5,12.0,12.0,23.7,14.7,15.9,15.333333333333334,21.65833333333333,28.266666666666666
2026-05-03 05:00:00,23.3,34.0,29,949.0,12.5,288,0.0,5,6,5,17.0,14.5,12.0,37.7,26.2,12.0,16.166666666666668,21.1,28.3625
2026-05-03 06:00:00,13.6,35.6,21,948.4,14.8,294,0.0,6,6,5,23.3,29.5,12.0,41.4,18.4,12.0,18.05,19.900000000000002,28.241666666666664
2026-05-03 07:00:00,42.5,36.8,18,948.0,16.3,291,0.0,7,6,5,13.6,17.0,12.0,28.1,12.7,12.0,18.316666666666666,17.583333333333332,28.041666666666668
2026-05-03 08:00:00,32.1,37.2,18,947.5,17.6,283,0.0,8,6,5,42.5,23.3,14.5,16.4,47.3,37.1,23.400000000000002,18.783333333333335,29.28333333333333
2026-05-03 09:00:00,55.2,36.9,19,946.6,17.8,281,0.0,9,6,5,32.1,13.6,29.5,20.6,22.7,38.5,26.333333333333332,20.091666666666665,28.650000000000002
2026-05-03 10:00:00,27.2,36.7,19,945.8,18.9,284,0.0,10,6,5,55.2,42.5,17.0,12.0,46.9,40.2,30.616666666666664,22.974999999999998,30.004166666666666
2026-05-03 11:00:00,48.6,35.8,20,945.4,20.0,284,0.0,11,6,5,27.2,32.1,23.3,12.0,28.2,30.0,32.31666666666667,24.241666666666664,29.183333333333334
2026-05-03 12:00:00,44.7,34.4,23,945.4,18.2,279,0.0,12,6,5,48.6,55.2,13.6,12.0,52.5,28.3,36.53333333333333,27.291666666666668,30.03333333333333
2026-05-03 13:00:00,41.0,32.3,29,945.6,16.8,280,0.0,13,6,5,44.7,27.2,42.5,12.0,55.3,38.5,41.71666666666667,30.016666666666666,29.708333333333332
2026-05-03 14:00:00,34.2,30.0,42,945.8,15.5,273,0.0,14,6,5,41.0,48.6,32.1,14.5,54.3,54.7,41.46666666666667,32.43333333333333,29.1125
2026-05-03 15:00:00,66.4,28.2,55,946.3,12.5,259,0.0,15,6,5,34.2,44.7,55.2,29.5,39.3,51.6,41.81666666666667,34.074999999999996,28.275000000000002
2026-05-03 16:00:00,64.6,26.6,65,947.0,11.5,240,0.0,16,6,5,66.4,41.0,27.2,17.0,23.7,32.4,43.68333333333334,37.15,29.40416666666667
2026-05-03 17:00:00,41.7,25.3,73,947.6,11.0,235,0.0,17,6,5,64.6,34.2,48.6,23.3,37.7,38.5,49.916666666666664,41.11666666666667,31.108333333333334
2026-05-03 18:00:00,29.6,24.8,72,947.3,11.4,242,0.0,18,6,5,41.7,66.4,44.7,13.6,41.4,26.7,48.76666666666667,42.65,31.275000000000002
2026-05-03 19:00:00,12.0,24.5,68,946.8,12.1,247,0.0,19,6,5,29.6,64.6,41.0,42.5,28.1,46.7,46.25,43.98333333333334,30.783333333333335
2026-05-03 20:00:00,12.0,23.8,70,946.0,12.2,250,0.0,20,6,5,12.0,41.7,34.2,32.1,16.4,29.9,41.41666666666667,41.44166666666667,30.1125
2026-05-03 21:00:00,12.7,22.9,76,945.7,11.7,249,0.0,21,6,5,12.0,29.6,66.4,55.2,20.6,21.7,37.71666666666667,39.766666666666666,29.92916666666667
2026-05-03 22:00:00,12.0,22.3,81,945.3,11.2,244,0.0,22,6,5,12.7,12.0,64.6,27.2,12.0,23.3,28.766666666666666,36.225,29.599999999999998
2026-05-03 23:00:00,16.9,21.8,86,945.3,10.6,246,0.0,23,6,5,12.0,12.0,41.7,48.6,12.0,12.0,20.0,34.958333333333336,29.599999999999998
2026-05-04 00:00:00,12.0,21.7,87,945.3,9.9,241,0.0,0,0,5,16.9,12.7,29.6,44.7,12.0,12.0,15.866666666666667,32.31666666666667,29.804166666666664
2026-05-04 01:00:00,12.0,22.3,83,946.0,10.1,246,0.0,1,0,5,12.0,12.0,12.0,41.0,12.0,12.0,12.933333333333332,29.59166666666667,29.804166666666664
2026-05-04 02:00:00,12.0,23.9,76,946.9,9.6,249,0.0,2,0,5,12.0,16.9,12.0,34.2,14.5,13.3,12.933333333333332,27.175,29.804166666666664
2026-05-04 03:00:00,12.0,26.5,62,947.6,10.3,254,0.0,3,0,5,12.0,12.0,12.7,66.4,29.5,26.0,12.933333333333332,25.325,29.7
2026-05-04 04:00:00,12.0,29.8,43,948.2,12.4,261,0.0,4,0,5,12.0,12.0,12.0,64.6,17.0,14.7,12.816666666666668,20.791666666666668,28.97083333333333
2026-05-04 05:00:00,12.1,32.6,30,948.3,15.3,273,0.0,5,0,5,12.0,12.0,16.9,41.7,23.3,26.2,12.816666666666668,16.408333333333335,28.7625
2026-05-04 06:00:00,12.0,34.1,24,948.2,17.2,284,0.0,6,0,5,12.1,12.0,12.0,29.6,13.6,18.4,12.016666666666666,13.941666666666665,28.295833333333334
2026-05-04 07:00:00,30.2,35.1,24,948.0,19.3,284,0.0,7,0,5,12.0,12.0,12.0,12.0,42.5,12.7,12.016666666666666,12.475,28.229166666666668
2026-05-04 08:00:00,20.6,35.7,22,947.4,19.3,284,0.0,8,0,5,30.2,12.1,12.0,12.0,32.1,47.3,15.049999999999999,13.991666666666665,27.71666666666667
2026-05-04 09:00:00,35.2,36.2,19,946.5,19.8,286,0.0,9,0,5,20.6,12.0,12.0,12.7,55.2,22.7,16.483333333333334,14.708333333333334,27.2375
2026-05-04 10:00:00,12.0,36.0,18,945.8,20.3,290,0.0,10,0,5,35.2,30.2,12.0,12.0,27.2,46.9,20.349999999999998,16.583333333333332,26.404166666666665
2026-05-04 11:00:00,12.9,35.0,20,945.3,19.8,289,0.0,11,0,5,12.0,20.6,12.1,16.9,48.6,28.2,20.349999999999998,16.583333333333332,25.770833333333332
2026-05-04 12:00:00,49.6,34.1,20,945.2,17.5,284,0.0,12,0,5,12.9,35.2,12.0,12.0,44.7,52.5,20.483333333333334,16.25,24.283333333333335
2026-05-04 13:00:00,55.6,31.9,32,945.4,16.2,270,0.0,13,0,5,49.6,12.0,30.2,12.0,41.0,55.3,26.75,19.383333333333333,24.487499999999997
2026-05-04 14:00:00,38.7,29.6,46,945.6,14.6,261,0.0,14,0,5,55.6,12.9,20.6,12.0,34.2,54.3,30.983333333333338,23.016666666666666,25.09583333333333
2026-05-04 15:00:00,48.4,27.7,58,946.2,12.3,255,0.0,15,0,5,38.7,49.6,35.2,12.0,66.4,39.3,34.0,25.241666666666664,25.283333333333335
2026-05-04 16:00:00,54.6,26.2,70,946.8,10.4,255,0.0,16,0,5,48.4,55.6,12.0,12.0,64.6,23.7,36.2,28.275000000000002,24.533333333333335
2026-05-04 17:00:00,44.5,25.0,79,947.5,9.0,248,0.0,17,0,5,54.6,38.7,12.9,12.1,41.7,37.7,43.300000000000004,31.825,24.11666666666667
2026-05-04 18:00:00,34.4,24.2,83,946.9,8.5,243,0.0,18,0,5,44.5,48.4,49.6,12.0,29.6,41.4,48.56666666666666,34.525,24.233333333333334
2026-05-04 19:00:00,29.0,23.8,84,946.7,9.3,254,0.0,19,0,5,34.4,54.6,55.6,30.2,12.0,28.1,46.03333333333333,36.391666666666666,24.433333333333334
2026-05-04 20:00:00,33.5,23.2,87,946.6,9.4,257,0.0,20,0,5,29.0,44.5,38.7,20.6,12.0,16.4,41.6,36.291666666666664,25.141666666666666
2026-05-04 21:00:00,12.5,22.6,89,946.6,9.1,263,0.0,21,0,5,33.5,34.4,48.4,35.2,12.7,20.6,40.733333333333334,37.36666666666667,26.037499999999998
2026-05-04 22:00:00,12.0,22.1,92,946.5,9.4,262,0.0,22,0,5,12.5,29.0,54.6,12.0,12.0,12.0,34.75,35.475,26.02916666666667
2026-05-04 23:00:00,12.0,21.7,93,946.6,9.4,262,0.0,23,0,5,12.0,33.5,44.5,12.9,16.9,12.0,27.650000000000002,35.475,26.02916666666667
2026-05-05 00:00:00,12.0,21.7,95,947.1,8.8,251,0.0,0,1,5,12.0,12.5,34.4,49.6,12.0,12.0,22.233333333333334,35.4,25.825000000000003
2026-05-05 01:00:00,12.0,22.2,91,947.6,8.2,260,0.0,1,1,5,12.0,12.0,29.0,55.6,12.0,12.0,18.5,32.266666666666666,25.825000000000003
2026-05-05 02:00:00,26.8,23.6,84,948.4,6.8,267,0.0,2,1,5,12.0,12.0,33.5,38.7,12.0,14.5,15.666666666666666,28.633333333333336,25.825000000000003
2026-05-05 03:00:00,20.5,26.5,69,949.2,7.2,276,0.0,3,1,5,26.8,12.0,12.5,48.4,12.0,29.5,14.549999999999999,27.641666666666666,26.441666666666666
2026-05-05 04:00:00,27.6,29.9,53,949.6,7.5,281,0.0,4,1,5,20.5,12.0,12.0,54.6,12.0,17.0,15.883333333333333,25.316666666666666,26.795833333333334
2026-05-05 05:00:00,18.8,33.0,37,949.8,9.4,288,0.0,5,1,5,27.6,26.8,12.0,44.5,12.1,23.3,18.483333333333334,23.066666666666666,27.445833333333336
2026-05-05 06:00:00,35.0,34.8,22,949.3,11.0,293,0.0,6,1,5,18.8,20.5,12.0,34.4,12.0,13.6,19.616666666666667,20.925,27.725000000000005
2026-05-05 07:00:00,45.2,35.8,19,948.8,11.6,292,0.0,7,1,5,35.0,27.6,12.0,29.0,30.2,42.5,23.45,20.974999999999998,28.683333333333337
2026-05-05 08:00:00,61.0,36.3,18,948.1,12.0,283,0.0,8,1,5,45.2,18.8,26.8,33.5,20.6,32.1,28.983333333333334,22.325,29.308333333333334
2026-05-05 09:00:00,62.9,36.5,18,947.5,12.5,282,0.0,9,1,5,61.0,35.0,20.5,12.5,35.2,55.2,34.68333333333333,24.616666666666664,30.991666666666664
2026-05-05 10:00:00,53.7,36.3,19,946.8,14.0,283,0.0,10,1,5,62.9,45.2,27.6,12.0,12.0,27.2,41.75,28.816666666666666,32.145833333333336
2026-05-05 11:00:00,23.2,34.3,25,946.6,18.1,283,0.0,11,1,5,53.7,61.0,18.8,12.0,12.9,48.6,46.1,32.291666666666664,33.88333333333333
2026-05-05 12:00:00,21.7,32.7,29,946.3,20.3,277,0.0,12,1,5,23.2,62.9,35.0,12.0,49.6,44.7,46.833333333333336,33.225,34.3125
2026-05-05 13:00:00,30.1,32.2,28,946.3,17.3,272,0.0,13,1,5,21.7,53.7,45.2,12.0,55.6,41.0,44.61666666666667,34.03333333333333,33.15
2026-05-05 14:00:00,56.2,29.6,47,946.9,16.6,274,0.0,14,1,5,30.1,23.2,61.0,26.8,38.7,34.2,42.1,35.541666666666664,32.0875
2026-05-05 15:00:00,37.8,27.5,66,947.2,13.9,280,0.0,15,1,5,56.2,21.7,62.9,20.5,48.4,66.4,41.300000000000004,37.99166666666667,32.81666666666667
2026-05-05 16:00:00,44.0,26.1,76,947.8,12.7,276,0.0,16,1,5,37.8,30.1,53.7,27.6,54.6,64.6,37.11666666666667,39.43333333333333,32.375
2026-05-05 17:00:00,44.3,25.1,82,948.4,11.8,281,0.0,17,1,5,44.0,56.2,23.2,18.8,44.5,41.7,35.5,40.800000000000004,31.933333333333334
2026-05-05 18:00:00,36.0,24.6,85,948.3,8.8,279,0.0,18,1,5,44.3,37.8,21.7,35.0,34.4,29.6,39.016666666666666,42.925000000000004,31.924999999999997
2026-05-05 19:00:00,30.8,24.1,86,948.0,8.6,280,0.0,19,1,5,36.0,44.0,30.1,45.2,29.0,12.0,41.4,43.00833333333333,31.991666666666664
2026-05-05 20:00:00,20.8,23.5,89,947.5,10.7,261,0.0,20,1,5,30.8,44.3,56.2,61.0,33.5,12.0,41.516666666666666,41.80833333333334,32.06666666666667
2026-05-05 21:00:00,12.0,23.0,90,947.0,12.2,253,0.0,21,1,5,20.8,36.0,37.8,62.9,12.5,12.7,35.61666666666667,38.458333333333336,31.537499999999998
2026-05-05 22:00:00,13.0,22.6,90,947.1,6.7,262,0.0,22,1,5,12.0,30.8,44.0,53.7,12.0,12.0,31.316666666666666,34.21666666666666,31.516666666666666
2026-05-05 23:00:00,22.1,22.3,92,947.5,4.1,270,0.0,23,1,5,13.0,20.8,44.3,23.2,12.0,16.9,26.150000000000002,30.825,31.558333333333334
2026-05-06 00:00:00,17.7,22.4,92,947.4,5.2,254,0.0,0,2,5,22.1,12.0,36.0,21.7,12.0,12.0,22.45,30.733333333333334,31.979166666666668
2026-05-06 01:00:00,12.0,22.5,91,948.0,5.8,274,0.0,1,2,5,17.7,13.0,30.8,30.1,12.0,12.0,19.4,30.400000000000002,32.21666666666667
2026-05-06 02:00:00,14.9,23.6,81,948.5,5.1,274,0.0,2,2,5,12.0,22.1,20.8,56.2,26.8,12.0,16.266666666666666,28.891666666666666,32.21666666666667
2026-05-06 03:00:00,57.1,26.1,62,948.9,3.7,281,0.0,3,2,5,14.9,17.7,12.0,37.8,20.5,12.0,15.283333333333333,25.450000000000003,31.720833333333335
2026-05-06 04:00:00,49.2,29.3,43,949.4,2.7,328,0.0,4,2,5,57.1,12.0,13.0,44.0,27.6,12.0,22.8,27.058333333333334,33.24583333333334
2026-05-06 05:00:00,52.3,32.4,29,949.3,3.4,18,0.0,5,2,5,49.2,14.9,22.1,44.3,18.8,12.1,28.833333333333332,27.491666666666664,34.145833333333336
2026-05-06 06:00:00,48.2,33.9,20,948.9,4.8,25,0.0,6,2,5,52.3,57.1,17.7,36.0,35.0,12.0,33.86666666666667,28.15833333333333,35.541666666666664
2026-05-06 07:00:00,78.1,35.9,18,948.0,3.0,14,0.0,7,2,5,48.2,49.2,12.0,30.8,45.2,30.2,38.949999999999996,29.175,36.09166666666666
2026-05-06 08:00:00,77.8,36.9,16,947.2,2.7,293,0.0,8,2,5,78.1,52.3,14.9,20.8,61.0,20.6,49.96666666666666,33.11666666666667,37.4625
2026-05-06 09:00:00,61.6,37.2,15,946.0,6.8,270,0.0,9,2,5,77.8,48.2,57.1,12.0,62.9,35.2,60.449999999999996,37.86666666666667,38.1625
2026-05-06 10:00:00,47.2,37.2,14,945.2,8.2,261,0.0,10,2,5,61.6,78.1,49.2,13.0,53.7,12.0,61.199999999999996,42.0,38.108333333333334
2026-05-06 11:00:00,88.9,37.2,14,944.4,5.9,203,0.0,11,2,5,47.2,77.8,52.3,22.1,23.2,12.9,60.86666666666667,44.85,37.8375
2026-05-06 12:00:00,61.0,36.5,16,943.9,11.5,293,0.0,12,2,5,88.9,61.6,48.2,17.7,21.7,49.6,66.96666666666665,50.416666666666664,40.574999999999996
2026-05-06 13:00:00,45.1,32.3,40,944.4,16.4,296,0.0,13,2,5,61.0,47.2,78.1,12.0,30.1,55.6,69.10000000000001,54.025,42.2125
2026-05-06 14:00:00,20.5,30.8,48,944.9,15.2,292,0.0,14,2,5,45.1,88.9,77.8,14.9,56.2,38.7,63.599999999999994,56.78333333333333,42.8375
2026-05-06 15:00:00,29.5,29.1,56,945.1,11.6,282,0.0,15,2,5,20.5,61.0,61.6,57.1,37.8,48.4,54.050000000000004,57.25,41.35
2026-05-06 16:00:00,55.8,27.9,64,945.6,7.0,267,0.0,16,2,5,29.5,45.1,47.2,49.2,44.0,54.6,48.699999999999996,54.949999999999996,41.00416666666667
2026-05-06 17:00:00,52.5,27.3,68,946.1,6.6,259,0.0,17,2,5,55.8,20.5,88.9,52.3,44.3,44.5,50.13333333333333,55.5,41.49583333333333
2026-05-06 18:00:00,46.8,26.6,72,946.0,5.0,255,0.0,18,2,5,52.5,29.5,61.0,48.2,36.0,34.4,44.06666666666666,55.51666666666666,41.8375
2026-05-06 19:00:00,43.2,26.4,72,945.6,3.6,250,0.0,19,2,5,46.8,55.8,45.1,78.1,30.8,29.0,41.699999999999996,55.400000000000006,42.2875
2026-05-06 20:00:00,35.2,25.9,74,945.4,5.7,246,0.0,20,2,5,43.2,52.5,20.5,77.8,20.8,33.5,41.38333333333333,52.49166666666667,42.80416666666667
2026-05-06 21:00:00,42.1,25.4,77,945.1,4.7,252,0.0,21,2,5,35.2,46.8,29.5,61.6,12.0,12.5,43.833333333333336,48.94166666666667,43.40416666666667
2026-05-06 22:00:00,15.0,24.9,80,944.7,6.4,241,0.0,22,2,5,42.1,43.2,55.8,47.2,13.0,12.0,45.93333333333334,47.31666666666667,44.65833333333333
2026-05-06 23:00:00,12.0,24.5,80,944.7,5.9,232,0.0,23,2,5,15.0,35.2,52.5,88.9,22.1,12.0,39.13333333333333,44.63333333333333,44.74166666666667
2026-05-07 00:00:00,22.8,24.6,78,944.7,5.9,247,0.0,0,3,5,12.0,42.1,46.8,61.0,17.7,12.0,32.38333333333333,38.225,44.320833333333326
2026-05-07 01:00:00,16.3,25.3,72,945.4,3.4,227,0.0,1,3,5,22.8,15.0,43.2,45.1,12.0,12.0,28.383333333333336,35.041666666666664,44.53333333333334
2026-05-07 02:00:00,42.6,27.2,62,946.7,1.3,146,0.0,2,3,5,16.3,12.0,35.2,20.5,14.9,26.8,23.900000000000002,32.641666666666666,44.712500000000006
2026-05-07 03:00:00,16.6,30.2,48,947.9,4.3,90,0.0,3,3,5,42.6,22.8,42.1,29.5,57.1,20.5,25.133333333333336,34.48333333333333,45.86666666666667
2026-05-07 04:00:00,41.3,33.0,32,948.6,9.5,71,0.0,4,3,5,16.6,16.3,15.0,55.8,49.2,27.6,20.883333333333336,33.40833333333333,44.179166666666674
2026-05-07 05:00:00,25.0,34.7,26,948.8,9.8,72,0.0,5,3,5,41.3,42.6,12.0,52.5,52.3,18.8,25.266666666666666,32.2,43.85
2026-05-07 06:00:00,41.8,35.1,23,948.6,8.9,77,0.0,6,3,5,25.0,16.6,22.8,46.8,48.2,35.0,27.433333333333334,29.908333333333335,42.7125
2026-05-07 07:00:00,61.7,36.6,19,948.0,8.6,59,0.0,7,3,5,41.8,41.3,16.3,43.2,78.1,45.2,30.599999999999998,29.49166666666667,42.44583333333333
2026-05-07 08:00:00,63.6,37.3,17,947.1,9.3,37,0.0,8,3,5,61.7,25.0,42.6,35.2,77.8,61.0,38.166666666666664,31.033333333333335,41.762499999999996
2026-05-07 09:00:00,39.1,37.2,17,946.1,13.6,11,0.0,9,3,5,63.6,41.8,16.6,42.1,61.6,62.9,41.666666666666664,33.4,41.170833333333334
2026-05-07 10:00:00,33.4,36.7,16,945.5,16.0,9,0.0,10,3,5,39.1,61.7,41.3,15.0,47.2,53.7,45.416666666666664,33.15,40.233333333333334
2026-05-07 11:00:00,67.7,36.7,15,945.0,9.1,350,0.0,11,3,5,33.4,63.6,25.0,12.0,88.9,23.2,44.1,34.68333333333334,39.65833333333333
2026-05-07 12:00:00,78.6,36.5,17,944.8,9.4,347,0.0,12,3,5,67.7,39.1,41.8,22.8,61.0,21.7,51.21666666666667,39.325,38.775
2026-05-07 13:00:00,47.2,33.8,25,945.5,15.4,297,0.0,13,3,5,78.6,33.4,61.7,16.3,45.1,30.1,57.35,43.975,39.50833333333333
2026-05-07 14:00:00,29.2,32.7,27,946.2,15.5,290,0.0,14,3,5,47.2,67.7,63.6,42.6,20.5,56.2,54.93333333333334,46.550000000000004,39.59583333333333
2026-05-07 15:00:00,47.0,32.3,28,946.8,10.3,289,0.0,15,3,5,29.2,78.6,39.1,16.6,29.5,37.8,49.199999999999996,45.43333333333333,39.958333333333336
2026-05-07 16:00:00,33.6,31.5,32,947.2,9.8,293,0.0,16,3,5,47.0,47.2,33.4,41.3,55.8,44.0,50.51666666666667,47.96666666666666,40.6875
2026-05-07 17:00:00,49.1,30.7,36,947.6,6.3,272,0.0,17,3,5,33.6,29.2,67.7,25.0,52.5,44.3,50.550000000000004,47.324999999999996,39.7625
2026-05-07 18:00:00,64.1,30.0,40,948.0,5.0,235,0.0,18,3,5,49.1,47.0,78.6,41.8,46.8,36.0,47.449999999999996,49.333333333333336,39.62083333333334
2026-05-07 19:00:00,49.2,29.3,44,947.3,6.9,186,0.0,19,3,5,64.1,33.6,47.2,61.7,43.2,30.8,45.03333333333333,51.19166666666667,40.34166666666666
2026-05-07 20:00:00,12.0,28.4,49,946.7,8.5,208,0.0,20,3,5,49.2,49.1,29.2,63.6,35.2,20.8,45.366666666666674,50.15,40.59166666666667
2026-05-07 21:00:00,21.7,28.0,54,946.4,6.5,257,0.0,21,3,5,12.0,64.1,47.0,39.1,42.1,12.0,42.5,45.849999999999994,39.625
2026-05-07 22:00:00,12.0,27.2,63,946.3,6.0,323,0.0,22,3,5,21.7,49.2,33.6,33.4,15.0,13.0,38.28333333333333,44.4,38.775
2026-05-07 23:00:00,12.0,26.7,68,946.5,3.8,295,0.0,23,3,5,12.0,12.0,49.1,67.7,12.0,22.1,34.68333333333333,42.61666666666667,38.65
2026-05-08 00:00:00,23.2,26.3,72,946.9,5.0,300,0.0,0,4,5,12.0,21.7,64.1,78.6,22.8,17.7,28.5,37.975,38.65
2026-05-08 01:00:00,18.0,26.0,75,947.2,4.6,261,0.0,1,4,5,23.2,12.0,49.2,47.2,16.3,12.0,21.683333333333334,33.358333333333334,38.666666666666664
2026-05-08 02:00:00,28.0,27.2,69,948.0,2.4,318,0.0,2,4,5,18.0,12.0,12.0,29.2,42.6,14.9,16.483333333333334,30.925,38.737500000000004
2026-05-08 03:00:00,43.4,29.5,55,948.8,2.3,356,0.0,3,4,5,28.0,23.2,21.7,47.0,16.6,57.1,19.150000000000002,30.825,38.12916666666667
2026-05-08 04:00:00,34.9,32.4,38,949.2,4.1,15,0.0,4,4,5,43.4,18.0,12.0,33.6,41.3,49.2,22.766666666666666,30.524999999999995,39.24583333333333
2026-05-08 05:00:00,45.3,34.8,24,949.4,9.6,47,0.0,5,4,5,34.9,28.0,12.0,49.1,25.0,52.3,26.583333333333332,30.633333333333336,38.979166666666664
2026-05-08 06:00:00,38.9,36.0,21,948.8,11.9,70,0.0,6,4,5,45.3,43.4,23.2,64.1,41.8,48.2,32.13333333333333,30.316666666666666,39.825
2026-05-08 07:00:00,35.6,36.1,21,948.3,15.9,68,0.0,7,4,5,38.9,34.9,18.0,49.2,61.7,78.1,34.75,28.21666666666667,39.704166666666666
2026-05-08 08:00:00,30.9,35.8,22,947.4,13.2,76,0.0,8,4,5,35.6,45.3,28.0,12.0,63.6,77.8,37.68333333333333,27.083333333333332,38.61666666666667
2026-05-08 09:00:00,71.1,37.1,19,946.9,10.3,84,0.0,9,4,5,30.9,38.9,43.4,21.7,39.1,61.6,38.166666666666664,28.65833333333333,37.25416666666667
2026-05-08 10:00:00,68.7,36.8,18,945.9,9.9,93,0.0,10,4,5,71.1,35.6,34.9,12.0,33.4,47.2,42.78333333333333,32.775,38.5875
2026-05-08 11:00:00,79.9,36.8,19,945.3,12.4,92,0.0,11,4,5,68.7,30.9,45.3,12.0,67.7,88.9,48.416666666666664,37.5,40.05833333333333
2026-05-08 12:00:00,72.9,36.3,18,945.4,10.3,94,0.0,12,4,5,79.9,71.1,38.9,23.2,78.6,61.0,54.18333333333334,43.15833333333333,40.56666666666667
2026-05-08 13:00:00,76.1,35.1,20,945.4,10.8,101,0.0,13,4,5,72.9,68.7,35.6,18.0,47.2,45.1,59.85,47.300000000000004,40.329166666666666
2026-05-08 14:00:00,83.2,34.3,25,945.7,1.9,56,0.0,14,4,5,76.1,79.9,30.9,28.0,29.2,20.5,66.60000000000001,52.14166666666667,41.53333333333334
2026-05-08 15:00:00,58.0,31.8,33,947.0,15.1,279,0.0,15,4,5,83.2,72.9,71.1,43.4,47.0,29.5,75.31666666666668,56.74166666666667,43.78333333333333
2026-05-08 16:00:00,70.4,29.9,48,947.3,8.4,245,0.0,16,4,5,58.0,76.1,68.7,34.9,33.6,55.8,73.13333333333334,57.958333333333336,44.24166666666667
2026-05-08 17:00:00,45.3,29.6,51,947.9,7.9,274,0.0,17,4,5,70.4,83.2,79.9,45.3,49.1,52.5,73.41666666666667,60.916666666666664,45.775000000000006
2026-05-08 18:00:00,21.6,29.1,53,947.6,7.9,274,0.0,18,4,5,45.3,58.0,72.9,38.9,64.1,46.8,67.64999999999999,60.916666666666664,45.61666666666667
2026-05-08 19:00:00,13.4,28.6,54,947.4,6.3,235,0.0,19,4,5,21.6,70.4,76.1,35.6,49.2,43.2,59.1,59.475,43.84583333333333
2026-05-08 20:00:00,43.1,28.0,56,947.1,5.7,208,0.0,20,4,5,13.4,45.3,83.2,30.9,12.0,35.2,48.65,57.625,42.354166666666664
2026-05-08 21:00:00,31.6,27.4,58,946.7,4.0,216,0.0,21,4,5,43.1,21.6,58.0,71.1,21.7,42.1,41.96666666666667,58.64166666666667,43.65
2026-05-08 22:00:00,18.1,27.0,59,946.6,4.6,219,0.0,22,4,5,31.6,13.4,70.4,68.7,12.0,15.0,37.56666666666667,55.35,44.0625
2026-05-08 23:00:00,37.0,26.7,59,946.8,3.6,243,0.0,23,4,5,18.1,43.1,45.3,79.9,12.0,12.0,28.849999999999998,51.13333333333333,44.31666666666666
2026-05-09 00:00:00,13.6,25.9,65,946.8,2.7,247,0.0,0,5,5,37.0,31.6,21.6,72.9,23.2,22.8,27.46666666666667,47.55833333333333,45.35833333333333
2026-05-09 01:00:00,12.0,26.3,62,947.6,3.1,294,0.0,1,5,5,13.6,18.1,13.4,76.1,18.0,16.3,26.133333333333336,42.61666666666667,44.958333333333336
2026-05-09 02:00:00,21.6,27.9,53,948.6,1.4,310,0.0,2,5,5,12.0,37.0,43.1,83.2,28.0,42.6,25.900000000000002,37.275,44.708333333333336
2026-05-09 03:00:00,43.1,30.4,43,949.5,1.8,354,0.0,3,5,5,21.6,13.6,31.6,58.0,43.4,16.6,22.316666666666666,32.14166666666667,44.44166666666666
2026-05-09 04:00:00,21.0,33.0,35,950.2,5.1,58,0.0,4,5,5,43.1,12.0,18.1,70.4,34.9,41.3,24.233333333333334,30.900000000000006,44.42916666666667
2026-05-09 05:00:00,39.6,35.2,29,950.1,6.5,92,0.0,5,5,5,21.0,21.6,37.0,45.3,45.3,25.0,24.71666666666667,26.78333333333333,43.849999999999994
2026-05-09 06:00:00,41.1,35.6,27,949.7,10.8,79,0.0,6,5,5,39.6,43.1,13.6,21.6,38.9,41.8,25.150000000000002,26.308333333333334,43.612500000000004
2026-05-09 07:00:00,44.3,36.7,24,949.3,10.4,76,0.0,7,5,5,41.1,21.0,12.0,13.4,35.6,61.7,29.733333333333338,27.933333333333337,43.70416666666667
2026-05-09 08:00:00,34.1,37.2,22,948.6,11.1,67,0.0,8,5,5,44.3,39.6,21.6,43.1,30.9,63.6,35.11666666666667,30.508333333333336,44.06666666666666
2026-05-09 09:00:00,66.9,37.3,22,947.5,9.5,71,0.0,9,5,5,34.1,41.1,43.1,31.6,71.1,39.1,37.199999999999996,29.758333333333336,44.199999999999996
2026-05-09 10:00:00,68.5,37.4,21,946.7,10.1,63,0.0,10,5,5,66.9,44.3,21.0,18.1,68.7,33.4,41.166666666666664,32.699999999999996,44.025
2026-05-09 11:00:00,43.2,37.0,20,946.1,11.1,42,0.0,11,5,5,68.5,34.1,39.6,37.0,79.9,67.7,49.083333333333336,36.9,44.01666666666667
2026-05-09 12:00:00,77.9,35.8,22,946.1,7.7,81,0.0,12,5,5,43.2,66.9,41.1,13.6,72.9,78.6,49.68333333333334,37.416666666666664,42.4875
2026-05-09 13:00:00,85.2,35.2,22,946.3,6.4,169,0.0,13,5,5,77.9,68.5,44.3,12.0,76.1,47.2,55.81666666666666,42.775000000000006,42.69583333333333
2026-05-09 14:00:00,70.8,34.3,23,946.2,8.5,192,0.0,14,5,5,85.2,43.2,34.1,21.6,83.2,29.2,62.63333333333335,48.875,43.074999999999996
2026-05-09 15:00:00,53.0,32.4,29,947.2,13.7,321,0.0,15,5,5,70.8,77.9,66.9,43.1,58.0,47.0,68.75,52.975,42.55833333333334
2026-05-09 16:00:00,41.8,30.2,46,947.7,14.0,302,0.0,16,5,5,53.0,85.2,68.5,21.0,70.4,33.6,66.43333333333334,53.800000000000004,42.35
2026-05-09 17:00:00,50.4,29.9,43,948.4,9.3,279,0.0,17,5,5,41.8,70.8,43.2,39.6,45.3,49.1,61.98333333333334,55.53333333333333,41.15833333333333
2026-05-09 18:00:00,23.6,28.9,47,948.0,8.8,253,0.0,18,5,5,50.4,53.0,77.9,41.1,21.6,64.1,63.18333333333333,56.43333333333333,41.37083333333333
2026-05-09 19:00:00,22.9,28.4,46,947.5,7.9,250,0.0,19,5,5,23.6,41.8,85.2,44.3,13.4,49.2,54.13333333333333,54.975,41.454166666666666
2026-05-09 20:00:00,20.1,28.0,45,946.7,7.0,247,0.0,20,5,5,22.9,50.4,70.8,34.1,43.1,12.0,43.75,53.19166666666666,41.85
2026-05-09 21:00:00,12.0,27.6,45,946.3,7.3,253,0.0,21,5,5,20.1,23.6,53.0,66.9,31.6,21.7,35.3,52.025,40.891666666666666
2026-05-09 22:00:00,25.3,27.1,44,946.2,6.2,249,0.0,22,5,5,12.0,22.9,41.8,68.5,18.1,12.0,28.46666666666667,47.449999999999996,40.074999999999996
2026-05-09 23:00:00,12.0,26.7,44,946.3,6.0,245,0.0,23,5,5,25.3,20.1,50.4,43.2,37.0,12.0,25.71666666666667,43.849999999999994,40.375
2026-05-10 00:00:00,18.2,26.2,47,946.5,6.9,239,0.0,0,6,5,12.0,12.0,23.6,77.9,13.6,23.2,19.316666666666666,41.25,39.333333333333336
2026-05-10 01:00:00,16.0,26.3,46,946.8,6.7,232,0.0,1,6,5,18.2,25.3,22.9,85.2,12.0,18.0,18.416666666666668,36.275,39.525
2026-05-10 02:00:00,31.9,28.9,38,947.7,3.2,218,0.0,2,6,5,16.0,12.0,20.1,70.8,21.6,28.0,17.266666666666666,30.508333333333336,39.69166666666667
2026-05-10 03:00:00,50.6,32.0,26,948.5,2.0,360,0.0,3,6,5,31.9,18.2,12.0,53.0,43.1,43.4,19.233333333333334,27.266666666666666,40.12083333333333
2026-05-10 04:00:00,37.2,34.4,21,948.9,5.2,31,0.0,4,6,5,50.6,16.0,25.3,41.8,21.0,34.9,25.666666666666668,27.066666666666666,40.43333333333333
2026-05-10 05:00:00,66.4,36.7,18,948.6,9.3,37,0.0,5,6,5,37.2,31.9,12.0,50.4,39.6,45.3,27.649999999999995,26.683333333333334,41.108333333333334
2026-05-10 06:00:00,31.9,37.8,17,948.0,8.7,43,0.0,6,6,5,66.4,50.6,18.2,23.6,41.1,38.9,36.71666666666667,28.01666666666667,42.225
2026-05-10 07:00:00,61.0,40.0,14,947.0,10.0,49,0.0,7,6,5,31.9,37.2,16.0,22.9,44.3,35.6,39.0,28.708333333333332,41.84166666666667
2026-05-10 08:00:00,43.1,40.2,13,945.8,13.3,32,0.0,8,6,5,61.0,66.4,31.9,20.1,34.1,30.9,46.5,31.883333333333336,42.5375
2026-05-10 09:00:00,54.1,38.9,14,945.0,13.8,17,0.0,9,6,5,43.1,31.9,50.6,12.0,66.9,71.1,48.36666666666667,33.800000000000004,42.912499999999994
2026-05-10 10:00:00,55.7,40.7,11,944.2,12.5,37,0.0,10,6,5,54.1,61.0,37.2,25.3,68.5,68.7,48.949999999999996,37.30833333333333,42.37916666666667
2026-05-10 11:00:00,60.4,39.0,12,943.4,14.7,41,0.0,11,6,5,55.7,43.1,66.4,12.0,43.2,79.9,52.03333333333334,39.84166666666667,41.84583333333333
2026-05-10 12:00:00,68.3,38.9,11,943.6,13.8,49,0.0,12,6,5,60.4,54.1,31.9,18.2,77.9,72.9,51.03333333333333,43.875,42.5625
2026-05-10 13:00:00,86.8,37.7,13,944.2,7.9,300,0.0,13,6,5,68.3,55.7,61.0,16.0,85.2,76.1,57.1,48.050000000000004,42.1625
2026-05-10 14:00:00,56.6,32.2,40,945.0,13.4,264,0.0,14,6,5,86.8,60.4,43.1,31.9,70.8,83.2,61.4,53.949999999999996,42.229166666666664
2026-05-10 15:00:00,53.1,32.6,39,945.6,10.5,257,0.0,15,6,5,56.6,68.3,54.1,50.6,53.0,58.0,63.65,56.00833333333333,41.637499999999996
2026-05-10 16:00:00,39.7,32.2,37,946.2,9.4,257,0.0,16,6,5,53.1,86.8,55.7,37.2,41.8,70.4,63.48333333333334,56.21666666666667,41.641666666666666
2026-05-10 17:00:00,82.3,31.8,36,946.2,8.4,263,0.0,17,6,5,39.7,56.6,60.4,66.4,50.4,45.3,60.81666666666666,56.42499999999999,41.55416666666667
2026-05-10 18:00:00,48.0,30.4,41,946.0,8.3,246,0.0,18,6,5,82.3,53.1,68.3,31.9,23.6,21.6,64.46666666666667,57.75,42.88333333333333
2026-05-10 19:00:00,58.2,30.1,41,945.1,5.6,248,0.0,19,6,5,48.0,39.7,86.8,61.0,22.9,13.4,61.083333333333336,59.09166666666667,43.9
2026-05-10 20:00:00,12.0,29.5,42,944.6,8.0,250,0.0,20,6,5,58.2,82.3,56.6,43.1,20.1,43.1,56.31666666666667,58.85833333333333,45.37083333333333
2026-05-10 21:00:00,12.0,28.7,46,944.4,10.5,253,0.0,21,6,5,12.0,48.0,53.1,54.1,12.0,31.6,48.88333333333333,56.26666666666667,45.03333333333333
2026-05-10 22:00:00,12.0,27.4,56,944.6,11.3,256,0.0,22,6,5,12.0,58.2,39.7,55.7,25.3,18.1,42.03333333333333,52.758333333333326,45.03333333333333
2026-05-10 23:00:00,33.5,26.5,63,944.8,8.7,257,0.0,23,6,5,12.0,12.0,82.3,60.4,12.0,37.0,37.416666666666664,49.116666666666674,44.479166666666664
2026-05-11 00:00:00,23.3,26.9,56,945.2,7.8,241,0.0,0,0,5,33.5,12.0,48.0,68.3,18.2,13.6,29.28333333333333,46.875,45.375
2026-05-11 01:00:00,22.8,27.7,50,946.0,6.4,225,0.0,1,0,5,23.3,12.0,58.2,86.8,16.0,12.0,25.166666666666668,43.125,45.5875
2026-05-11 02:00:00,12.0,29.4,41,947.4,3.1,220,0.0,2,0,5,22.8,33.5,12.0,56.6,31.9,21.6,19.266666666666666,37.79166666666667,45.87083333333334
2026-05-11 03:00:00,42.6,32.1,29,948.2,1.2,27,0.0,3,0,5,12.0,23.3,12.0,53.1,50.6,43.1,19.266666666666666,34.075,45.041666666666664
2026-05-11 04:00:00,56.4,34.3,26,948.5,4.2,25,0.0,4,0,5,42.6,22.8,12.0,39.7,37.2,21.0,24.366666666666664,33.199999999999996,44.708333333333336
2026-05-11 05:00:00,27.3,36.8,22,948.5,8.3,18,0.0,5,0,5,56.4,12.0,33.5,82.3,66.4,39.6,31.766666666666666,34.59166666666667,45.50833333333333
2026-05-11 06:00:00,41.9,38.3,18,948.2,9.1,25,0.0,6,0,5,27.3,42.6,23.3,48.0,31.9,41.1,30.733333333333334,30.00833333333333,43.87916666666667
2026-05-11 07:00:00,59.0,40.4,14,947.3,10.4,32,0.0,7,0,5,41.9,56.4,22.8,58.2,61.0,44.3,33.833333333333336,29.5,44.29583333333333
2026-05-11 08:00:00,48.6,40.5,13,946.2,12.6,37,0.0,8,0,5,59.0,27.3,12.0,12.0,43.1,34.1,39.86666666666667,29.566666666666666,44.2125
2026-05-11 09:00:00,68.8,41.0,12,945.3,12.5,36,0.0,9,0,5,48.6,41.9,42.6,12.0,54.1,66.9,45.96666666666667,32.61666666666667,44.44166666666666
2026-05-11 10:00:00,59.0,40.7,11,944.3,13.5,37,0.0,10,0,5,68.8,59.0,56.4,12.0,55.7,68.5,50.333333333333336,37.35,45.05416666666667
2026-05-11 11:00:00,44.3,40.0,11,944.2,13.6,334,0.0,11,0,5,59.0,48.6,27.3,33.5,60.4,43.2,50.76666666666667,41.266666666666666,45.19166666666666
2026-05-11 12:00:00,37.0,37.2,23,944.0,15.0,304,0.0,12,0,5,44.3,68.8,41.9,23.3,68.3,77.9,53.599999999999994,42.166666666666664,44.520833333333336
2026-05-11 13:00:00,35.4,33.1,34,944.8,18.5,283,0.0,13,0,5,37.0,59.0,59.0,22.8,86.8,85.2,52.78333333333333,43.30833333333333,43.21666666666667
2026-05-11 14:00:00,54.8,32.2,33,945.1,14.0,279,0.0,14,0,5,35.4,44.3,48.6,12.0,56.6,70.8,48.85,44.35833333333333,41.075
2026-05-11 15:00:00,52.8,31.2,33,945.8,11.9,273,0.0,15,0,5,54.8,37.0,68.8,42.6,53.1,53.0,49.883333333333326,47.92499999999999,41.0
2026-05-11 16:00:00,64.1,30.6,34,946.4,10.8,246,0.0,16,0,5,52.8,35.4,59.0,56.4,39.7,41.8,47.21666666666667,48.775,40.9875
2026-05-11 17:00:00,43.0,30.1,36,946.4,10.7,256,0.0,17,0,5,64.1,54.8,44.3,27.3,82.3,50.4,48.06666666666666,49.416666666666664,42.00416666666667
2026-05-11 18:00:00,35.2,29.4,35,946.0,10.4,256,0.0,18,0,5,43.0,52.8,37.0,41.9,48.0,23.6,47.849999999999994,50.725,40.36666666666667
2026-05-11 19:00:00,36.0,29.2,35,945.7,10.7,243,0.0,19,0,5,35.2,64.1,35.4,59.0,58.2,22.9,47.54999999999999,50.166666666666664,39.833333333333336
2026-05-11 20:00:00,12.0,28.4,37,945.2,10.1,251,0.0,20,0,5,36.0,43.0,54.8,48.6,12.0,20.1,47.65,48.25,38.90833333333333
2026-05-11 21:00:00,12.0,27.6,40,944.8,12.4,249,0.0,21,0,5,12.0,35.2,52.8,68.8,12.0,12.0,40.51666666666666,45.199999999999996,38.90833333333333
2026-05-11 22:00:00,12.0,26.9,44,944.6,11.3,250,0.0,22,0,5,12.0,36.0,64.1,59.0,12.0,25.3,33.71666666666667,40.46666666666666,38.90833333333333
2026-05-11 23:00:00,12.0,26.4,45,944.7,10.7,257,0.0,23,0,5,12.0,12.0,43.0,44.3,33.5,12.0,25.03333333333333,36.55,38.90833333333333
2026-05-12 00:00:00,12.0,26.2,44,944.8,12.0,251,0.0,0,1,5,12.0,12.0,35.2,37.0,23.3,18.2,19.866666666666667,33.85833333333333,38.012499999999996
2026-05-12 01:00:00,12.0,26.6,43,945.5,10.4,253,0.0,1,1,5,12.0,12.0,36.0,35.4,22.8,16.0,16.0,31.774999999999995,37.541666666666664
2026-05-12 02:00:00,12.0,28.3,38,946.3,9.0,257,0.0,2,1,5,12.0,12.0,12.0,54.8,12.0,31.9,12.0,29.825,37.09166666666667
2026-05-12 03:00:00,12.2,31.3,29,947.1,9.1,277,0.0,3,1,5,12.0,12.0,12.0,52.8,42.6,50.6,12.0,26.25833333333333,37.09166666666667
2026-05-12 04:00:00,29.6,34.4,23,947.6,8.4,298,0.0,4,1,5,12.2,12.0,12.0,64.1,56.4,37.2,12.033333333333333,22.874999999999996,35.824999999999996
2026-05-12 05:00:00,39.7,37.0,19,947.3,9.8,316,0.0,5,1,5,29.6,12.0,12.0,43.0,27.3,66.4,14.966666666666667,20.0,34.708333333333336
2026-05-12 06:00:00,50.2,39.0,16,946.5,6.9,354,0.0,6,1,5,39.7,12.2,12.0,35.2,41.9,31.9,19.583333333333332,19.724999999999998,35.225
2026-05-12 07:00:00,51.4,41.0,14,945.7,7.9,27,0.0,7,1,5,50.2,29.6,12.0,36.0,59.0,61.0,25.95,20.975,35.57083333333333
2026-05-12 08:00:00,45.1,41.8,12,944.3,11.6,54,0.0,8,1,5,51.4,39.7,12.0,12.0,48.6,43.1,32.516666666666666,22.25833333333333,35.25416666666666
2026-05-12 09:00:00,43.2,41.1,13,943.2,9.1,27,0.0,9,1,5,45.1,50.2,12.2,12.0,68.8,54.1,38.03333333333333,25.016666666666666,35.10833333333333
2026-05-12 10:00:00,61.4,40.3,14,942.5,6.2,353,0.0,10,1,5,43.2,51.4,29.6,12.0,59.0,55.7,43.20000000000001,27.616666666666664,34.041666666666664
2026-05-12 11:00:00,33.4,36.6,30,942.2,18.7,284,0.0,11,1,5,61.4,45.1,39.7,12.0,44.3,60.4,48.5,31.733333333333334,34.141666666666666
2026-05-12 12:00:00,39.8,34.8,38,942.3,20.2,288,0.0,12,1,5,33.4,43.2,50.2,12.0,37.0,68.3,47.449999999999996,33.516666666666666,33.6875
2026-05-12 13:00:00,38.5,33.8,42,942.5,17.7,303,0.0,13,1,5,39.8,61.4,51.4,12.0,35.4,86.8,45.71666666666667,35.833333333333336,33.80416666666667
2026-05-12 14:00:00,43.2,31.8,51,943.2,14.0,283,0.0,14,1,5,38.5,33.4,45.1,12.0,54.8,56.6,43.56666666666666,38.041666666666664,33.93333333333333
2026-05-12 15:00:00,66.1,30.6,53,944.0,13.2,285,0.0,15,1,5,43.2,39.8,43.2,12.2,52.8,53.1,43.25,40.641666666666666,33.449999999999996
2026-05-12 16:00:00,67.0,30.6,52,944.7,8.6,244,0.0,16,1,5,66.1,38.5,61.4,29.6,64.1,39.7,47.06666666666666,45.13333333333333,34.00416666666667
2026-05-12 17:00:00,46.2,30.6,48,945.4,9.7,251,0.0,17,1,5,67.0,43.2,33.4,39.7,43.0,82.3,48.0,48.25,34.125
2026-05-12 18:00:00,46.6,30.1,45,944.6,8.5,252,0.0,18,1,5,46.2,66.1,39.8,50.2,35.2,48.0,50.13333333333333,48.791666666666664,34.25833333333333
2026-05-12 19:00:00,23.4,29.4,47,944.2,8.4,255,0.0,19,1,5,46.6,67.0,38.5,51.4,36.0,58.2,51.26666666666667,48.49166666666667,34.73333333333333
2026-05-12 20:00:00,43.2,28.9,47,943.9,8.6,237,0.0,20,1,5,23.4,46.2,43.2,45.1,12.0,12.0,48.75,46.15833333333333,34.208333333333336
2026-05-12 21:00:00,12.0,28.4,48,943.8,7.9,240,0.0,21,1,5,43.2,46.6,66.1,43.2,12.0,12.0,48.75,46.0,35.50833333333333
2026-05-12 22:00:00,15.0,27.6,54,943.9,11.0,235,0.0,22,1,5,12.0,23.4,67.0,61.4,12.0,12.0,39.73333333333333,43.4,35.50833333333333
2026-05-12 23:00:00,22.1,26.6,65,944.0,8.7,248,0.0,23,1,5,15.0,43.2,46.2,33.4,12.0,33.5,31.066666666666663,39.53333333333333,35.63333333333333
2026-05-13 00:00:00,29.0,26.8,64,944.4,7.4,238,0.0,0,2,5,22.1,12.0,46.6,39.8,12.0,23.3,27.05,38.59166666666667,36.05416666666667
2026-05-13 01:00:00,12.0,26.2,69,944.9,6.5,236,0.0,1,2,5,29.0,15.0,23.4,38.5,12.0,22.8,24.11666666666667,37.69166666666667,36.762499999999996
2026-05-13 02:00:00,12.0,27.9,55,946.1,7.0,270,0.0,2,2,5,12.0,22.1,43.2,43.2,12.0,12.0,22.21666666666667,35.483333333333334,36.762499999999996
2026-05-13 03:00:00,20.4,30.6,40,946.5,9.0,265,0.0,3,2,5,12.0,29.0,12.0,66.1,12.2,42.6,17.016666666666666,32.88333333333333,36.762499999999996
2026-05-13 04:00:00,18.4,33.2,31,946.8,8.6,282,0.0,4,2,5,20.4,12.0,15.0,67.0,29.6,56.4,18.416666666666668,29.075,37.104166666666664
2026-05-13 05:00:00,31.6,35.9,25,946.8,8.2,302,0.0,5,2,5,18.4,12.0,22.1,46.2,39.7,27.3,18.983333333333334,25.024999999999995,36.637499999999996
2026-05-13 06:00:00,25.2,37.6,21,946.4,8.6,321,0.0,6,2,5,31.6,20.4,29.0,46.6,50.2,41.9,20.566666666666666,23.808333333333334,36.3
2026-05-13 07:00:00,46.8,38.3,20,945.5,9.6,334,0.0,7,2,5,25.2,18.4,12.0,23.4,51.4,59.0,19.933333333333334,22.025000000000002,35.25833333333333
2026-05-13 08:00:00,30.7,37.1,23,944.6,13.7,309,0.1,8,2,5,46.8,31.6,12.0,43.2,45.1,48.6,25.73333333333333,23.975000000000005,35.06666666666667
2026-05-13 09:00:00,56.2,37.9,23,943.6,13.8,287,0.1,9,2,5,30.7,25.2,20.4,12.0,43.2,68.8,28.849999999999998,22.933333333333334,34.46666666666667
2026-05-13 10:00:00,42.3,36.0,28,943.3,18.9,310,0.2,10,2,5,56.2,46.8,18.4,15.0,61.4,59.0,34.81666666666666,26.616666666666664,35.00833333333333
2026-05-13 11:00:00,42.7,34.0,39,943.3,19.3,279,0.2,11,2,5,42.3,30.7,31.6,22.1,33.4,44.3,38.800000000000004,28.891666666666666,34.2125
2026-05-13 12:00:00,49.5,33.3,49,943.0,15.3,287,0.0,12,2,5,42.7,56.2,25.2,29.0,39.8,37.0,40.65,30.60833333333333,34.6
2026-05-13 13:00:00,34.5,32.1,52,942.9,15.9,276,0.0,13,2,5,49.5,42.3,46.8,12.0,38.5,35.4,44.699999999999996,32.31666666666666,35.00416666666666
2026-05-13 14:00:00,31.3,30.9,54,943.7,14.0,269,0.0,14,2,5,34.5,42.7,30.7,12.0,43.2,54.8,42.65,34.19166666666666,34.8375
2026-05-13 15:00:00,33.3,29.7,58,944.2,13.0,250,0.0,15,2,5,31.3,49.5,56.2,20.4,66.1,52.8,42.75,35.8,34.34166666666667
2026-05-13 16:00:00,41.1,28.9,63,944.9,11.1,245,0.0,16,2,5,33.3,34.5,42.3,18.4,67.0,64.1,38.93333333333334,36.875,32.975
2026-05-13 17:00:00,58.6,27.9,70,945.4,11.7,249,0.0,17,2,5,41.1,31.3,42.7,31.6,46.2,43.0,38.733333333333334,38.76666666666667,31.895833333333332
2026-05-13 18:00:00,21.3,27.3,73,944.8,11.7,252,0.0,18,2,5,58.6,33.3,49.5,25.2,46.6,35.2,41.38333333333333,41.016666666666666,32.4125
2026-05-13 19:00:00,20.7,26.7,75,944.3,10.3,268,0.0,19,2,5,21.3,41.1,34.5,46.8,23.4,36.0,36.68333333333334,40.69166666666667,31.358333333333334
2026-05-13 20:00:00,12.0,26.2,76,943.9,10.5,274,0.0,20,2,5,20.7,58.6,31.3,30.7,43.2,12.0,34.38333333333333,38.516666666666666,31.245833333333334
2026-05-13 21:00:00,12.0,25.8,77,943.5,10.8,273,0.0,21,2,5,12.0,21.3,33.3,56.2,12.0,12.0,31.166666666666668,36.958333333333336,29.945833333333336
2026-05-13 22:00:00,12.0,25.4,75,943.2,8.8,268,0.0,22,2,5,12.0,20.7,41.1,42.3,15.0,12.0,27.616666666666664,33.275,29.945833333333336
2026-05-13 23:00:00,17.2,25.3,73,943.5,6.5,256,0.0,23,2,5,12.0,12.0,58.6,42.7,22.1,12.0,22.766666666666666,30.75,29.820833333333336
2026-05-14 00:00:00,12.0,26.0,68,943.6,7.2,264,0.0,0,3,5,17.2,12.0,21.3,49.5,29.0,12.0,15.866666666666667,28.624999999999996,29.616666666666664
2026-05-14 01:00:00,25.8,26.4,62,944.1,7.2,267,0.0,1,3,5,12.0,12.0,20.7,34.5,12.0,12.0,14.316666666666668,25.5,28.90833333333333
2026-05-14 02:00:00,43.6,27.4,58,945.2,5.8,244,0.0,2,3,5,25.8,17.2,12.0,31.3,12.0,12.0,15.166666666666666,24.775000000000002,29.483333333333334
2026-05-14 03:00:00,40.3,29.4,49,945.8,6.4,248,0.0,3,3,5,43.6,12.0,12.0,33.3,20.4,12.2,20.433333333333334,25.8,30.8
2026-05-14 04:00:00,31.1,31.4,39,946.2,5.2,256,0.0,4,3,5,40.3,25.8,12.0,41.1,18.4,29.6,25.150000000000002,26.383333333333336,31.629166666666666
2026-05-14 05:00:00,50.0,33.0,32,946.3,5.8,290,0.0,5,3,5,31.1,43.6,17.2,58.6,31.6,39.7,28.333333333333332,25.549999999999997,32.15833333333334
2026-05-14 06:00:00,63.3,34.5,28,946.0,4.4,325,0.0,6,3,5,50.0,40.3,12.0,21.3,25.2,50.2,33.800000000000004,24.833333333333332,32.925000000000004
2026-05-14 07:00:00,48.6,35.6,26,945.1,5.4,312,0.0,7,3,5,63.3,31.1,25.8,20.7,46.8,51.4,42.35,28.333333333333332,34.512499999999996
2026-05-14 08:00:00,71.4,37.3,21,944.2,8.2,289,0.0,8,3,5,48.6,50.0,43.6,12.0,30.7,45.1,46.15,30.658333333333335,34.5875
2026-05-14 09:00:00,30.1,37.8,19,943.5,14.5,291,0.0,9,3,5,71.4,63.3,40.3,12.0,56.2,43.2,50.78333333333334,35.608333333333334,36.28333333333333
2026-05-14 10:00:00,38.6,36.7,25,943.1,18.6,298,0.0,10,3,5,30.1,48.6,31.1,12.0,42.3,61.4,49.083333333333336,37.11666666666667,35.19583333333333
2026-05-14 11:00:00,50.2,36.0,29,942.6,15.7,307,0.0,11,3,5,38.6,71.4,50.0,17.2,42.7,33.4,50.333333333333336,39.333333333333336,35.041666666666664
2026-05-14 12:00:00,56.6,36.0,28,942.7,16.2,306,0.0,12,3,5,50.2,30.1,63.3,12.0,49.5,39.8,50.366666666666674,42.083333333333336,35.354166666666664
2026-05-14 13:00:00,58.9,33.3,44,942.8,17.2,295,0.0,13,3,5,56.6,38.6,48.6,25.8,34.5,38.5,49.25,45.800000000000004,35.65
2026-05-14 14:00:00,38.6,31.0,57,943.3,15.6,287,0.0,14,3,5,58.9,50.2,71.4,43.6,31.3,43.2,50.96666666666667,48.55833333333333,36.666666666666664
2026-05-14 15:00:00,43.2,30.3,58,943.9,13.5,279,0.0,15,3,5,38.6,56.6,30.1,40.3,33.3,66.1,45.5,48.14166666666667,36.97083333333333
2026-05-14 16:00:00,52.8,29.6,60,944.6,11.2,269,0.0,16,3,5,43.2,58.9,38.6,31.1,41.1,67.0,47.68333333333334,48.38333333333333,37.38333333333333
2026-05-14 17:00:00,22.6,28.8,60,945.0,13.1,270,0.0,17,3,5,52.8,38.6,50.2,50.0,58.6,46.2,50.050000000000004,50.19166666666666,37.87083333333333
2026-05-14 18:00:00,19.0,28.1,54,944.6,13.3,269,0.0,18,3,5,22.6,43.2,56.6,63.3,21.3,46.6,45.449999999999996,47.90833333333333,36.37083333333333
2026-05-14 19:00:00,20.7,27.4,50,944.2,13.3,267,0.0,19,3,5,19.0,52.8,58.9,48.6,20.7,23.4,39.18333333333334,44.21666666666667,36.275
2026-05-14 20:00:00,12.0,26.8,50,943.7,13.0,269,0.0,20,3,5,20.7,22.6,38.6,71.4,12.0,43.2,32.81666666666667,41.891666666666666,36.275
2026-05-14 21:00:00,42.6,26.3,52,943.4,11.5,266,0.0,21,3,5,12.0,19.0,43.2,30.1,12.0,12.0,28.383333333333336,36.94166666666667,36.275
2026-05-14 22:00:00,18.2,25.9,55,943.2,11.5,259,0.0,22,3,5,42.6,20.7,52.8,38.6,12.0,15.0,28.28333333333333,37.98333333333333,37.550000000000004
2026-05-14 23:00:00,12.0,25.6,57,943.5,11.2,264,0.0,23,3,5,18.2,12.0,22.6,50.2,17.2,22.1,22.516666666666666,36.28333333333334,37.80833333333333
2026-05-15 00:00:00,12.0,25.4,60,944.0,11.1,256,0.0,0,4,5,12.0,42.6,19.0,56.6,12.0,29.0,20.75,33.1,37.59166666666667
2026-05-15 01:00:00,12.0,25.6,58,945.0,9.2,254,0.0,1,4,5,12.0,18.2,20.7,58.9,25.8,12.0,19.583333333333332,29.383333333333336,37.59166666666667
2026-05-15 02:00:00,43.6,27.1,54,946.2,6.3,272,0.0,2,4,5,12.0,12.0,12.0,38.6,43.6,12.0,18.133333333333333,25.475000000000005,37.016666666666666
2026-05-15 03:00:00,34.7,29.2,46,947.2,4.9,274,0.0,3,4,5,43.6,12.0,42.6,43.2,40.3,20.4,23.399999999999995,25.891666666666666,37.016666666666666
2026-05-15 04:00:00,21.0,31.6,37,947.9,7.9,270,0.0,4,4,5,34.7,12.0,18.2,52.8,31.1,18.4,22.083333333333332,25.183333333333337,36.78333333333333
2026-05-15 05:00:00,25.9,33.7,32,948.2,10.7,286,0.0,5,4,5,21.0,43.6,12.0,22.6,50.0,31.6,22.55,22.53333333333333,36.362500000000004
2026-05-15 06:00:00,13.7,35.0,27,947.6,15.4,294,0.0,6,4,5,25.9,34.7,12.0,19.0,63.3,25.2,24.866666666666664,22.808333333333334,35.358333333333334
2026-05-15 07:00:00,13.5,35.9,24,947.1,16.8,297,0.0,7,4,5,13.7,21.0,12.0,20.7,48.6,46.8,25.150000000000002,22.366666666666664,33.291666666666664
2026-05-15 08:00:00,39.4,36.3,23,946.0,16.6,302,0.0,8,4,5,13.5,25.9,43.6,12.0,71.4,30.7,25.400000000000002,21.766666666666666,31.829166666666666
2026-05-15 09:00:00,42.1,36.3,24,945.2,16.2,304,0.0,9,4,5,39.4,13.7,34.7,42.6,30.1,56.2,24.7,24.05,30.495833333333337
2026-05-15 10:00:00,35.9,35.8,27,944.5,17.0,306,0.0,10,4,5,42.1,13.5,21.0,18.2,38.6,42.3,25.933333333333334,24.008333333333336,30.995833333333334
2026-05-15 11:00:00,53.7,34.6,32,944.0,16.1,310,0.0,11,4,5,35.9,39.4,25.9,12.0,50.2,42.7,28.416666666666668,25.483333333333334,30.883333333333336
2026-05-15 12:00:00,63.7,34.0,35,944.2,13.7,304,0.0,12,4,5,53.7,42.1,13.7,12.0,56.6,49.5,33.050000000000004,28.958333333333332,31.029166666666665
2026-05-15 13:00:00,42.8,32.1,44,944.4,14.6,292,0.0,13,4,5,63.7,35.9,13.5,12.0,58.9,34.5,41.38333333333333,33.26666666666667,31.325000000000003
2026-05-15 14:00:00,54.3,30.3,50,944.6,12.9,288,0.0,14,4,5,42.8,53.7,39.4,43.6,38.6,31.3,46.26666666666667,35.833333333333336,30.65416666666667
2026-05-15 15:00:00,48.2,29.2,55,945.2,10.9,286,0.0,15,4,5,54.3,63.7,42.1,34.7,43.2,33.3,48.75,36.725,31.308333333333337
2026-05-15 16:00:00,66.8,28.0,61,945.5,9.7,280,0.0,16,4,5,48.2,42.8,35.9,21.0,52.8,41.1,49.76666666666667,37.85,31.516666666666666
2026-05-15 17:00:00,37.0,27.1,65,945.5,10.8,270,0.0,17,4,5,66.8,54.3,53.7,25.9,22.6,58.6,54.916666666666664,41.666666666666664,32.1
2026-05-15 18:00:00,17.3,26.3,68,944.9,9.0,265,0.0,18,4,5,37.0,48.2,63.7,13.7,19.0,21.3,52.133333333333326,42.59166666666667,32.699999999999996
2026-05-15 19:00:00,21.8,25.6,71,944.6,9.2,270,0.0,19,4,5,17.3,66.8,42.8,13.5,20.7,20.7,44.4,42.89166666666666,32.62916666666667
2026-05-15 20:00:00,14.9,24.9,76,944.1,10.1,270,0.0,20,4,5,21.8,37.0,54.3,39.4,12.0,12.0,40.9,43.583333333333336,32.675
2026-05-15 21:00:00,12.0,24.3,80,943.6,11.2,270,0.0,21,4,5,14.9,17.3,48.2,42.1,42.6,12.0,34.333333333333336,41.541666666666664,32.795833333333334
2026-05-15 22:00:00,12.0,23.9,84,943.3,10.6,270,0.0,22,4,5,12.0,21.8,66.8,35.9,18.2,12.0,28.3,39.03333333333333,31.520833333333332
2026-05-15 23:00:00,12.0,23.6,85,943.7,9.4,266,0.0,23,4,5,12.0,14.9,37.0,53.7,12.0,17.2,19.166666666666668,37.041666666666664,31.262500000000003
2026-05-16 00:00:00,12.0,23.7,87,944.1,8.7,264,0.0,0,5,5,12.0,12.0,17.3,63.7,12.0,12.0,15.0,33.56666666666667,31.262500000000003
2026-05-16 01:00:00,12.0,23.7,86,944.3,9.0,268,0.0,1,5,5,12.0,12.0,21.8,42.8,12.0,25.8,14.116666666666667,29.258333333333336,31.262500000000003
2026-05-16 02:00:00,12.0,25.1,76,945.1,9.9,275,0.0,2,5,5,12.0,12.0,14.9,54.3,43.6,43.6,12.483333333333334,26.691666666666666,31.262500000000003
2026-05-16 03:00:00,12.0,27.4,63,945.7,8.6,282,0.0,3,5,5,12.0,12.0,12.0,48.2,34.7,40.3,12.0,23.166666666666668,29.945833333333336
2026-05-16 04:00:00,28.5,30.2,52,946.2,7.8,289,0.0,4,5,5,12.0,12.0,12.0,66.8,21.0,31.1,12.0,20.150000000000002,29.0
2026-05-16 05:00:00,35.5,33.4,39,946.6,8.2,299,0.0,5,5,5,28.5,12.0,12.0,37.0,25.9,50.0,14.75,16.958333333333332,29.3125
2026-05-16 06:00:00,72.9,35.2,32,946.3,6.5,312,0.0,6,5,5,35.5,12.0,12.0,17.3,13.7,63.3,18.666666666666668,16.833333333333332,29.712499999999995
2026-05-16 07:00:00,69.9,36.9,28,945.9,5.3,303,0.0,7,5,5,72.9,28.5,12.0,21.8,13.5,48.6,28.816666666666666,21.46666666666667,32.17916666666667
2026-05-16 08:00:00,75.1,38.3,23,945.3,5.6,292,0.0,8,5,5,69.9,35.5,12.0,14.9,39.4,71.4,38.46666666666667,25.475000000000005,34.52916666666667
2026-05-16 09:00:00,62.1,38.1,23,944.3,5.3,294,0.0,9,5,5,75.1,72.9,12.0,12.0,42.1,30.1,48.98333333333333,30.491666666666664,36.016666666666666
2026-05-16 10:00:00,86.5,38.8,21,943.7,5.8,330,0.0,10,5,5,62.1,69.9,28.5,12.0,35.9,38.6,57.333333333333336,34.666666666666664,36.85
2026-05-16 11:00:00,79.2,37.5,25,943.0,14.1,328,0.0,11,5,5,86.5,75.1,35.5,12.0,53.7,50.2,67.0,40.875,38.958333333333336
2026-05-16 12:00:00,43.5,36.4,28,942.7,16.7,335,0.1,12,5,5,79.2,62.1,72.9,12.0,63.7,56.6,74.28333333333333,46.474999999999994,40.020833333333336
2026-05-16 13:00:00,63.2,36.0,26,942.8,14.8,339,0.0,13,5,5,43.5,86.5,69.9,12.0,42.8,58.9,69.38333333333333,49.099999999999994,39.17916666666667
2026-05-16 14:00:00,47.9,33.0,44,943.5,15.0,303,0.0,14,5,5,63.2,79.2,75.1,12.0,54.3,38.6,68.26666666666667,53.36666666666667,40.02916666666667
2026-05-16 15:00:00,27.5,30.4,63,944.6,12.8,279,0.0,15,5,5,47.9,43.5,62.1,12.0,48.2,43.2,63.73333333333333,56.35833333333333,39.7625
2026-05-16 16:00:00,53.9,29.6,66,945.4,11.4,273,0.0,16,5,5,27.5,63.2,86.5,28.5,66.8,52.8,57.96666666666667,57.65,38.9
2026-05-16 17:00:00,58.9,29.0,69,945.8,10.1,253,0.0,17,5,5,53.9,47.9,79.2,35.5,37.0,22.6,52.53333333333333,59.76666666666666,38.3625
2026-05-16 18:00:00,66.9,28.3,73,945.6,7.6,255,0.0,18,5,5,58.9,27.5,43.5,72.9,17.3,19.0,49.150000000000006,61.71666666666667,39.275
2026-05-16 19:00:00,48.5,27.8,73,945.1,6.8,272,0.0,19,5,5,66.9,53.9,63.2,69.9,21.8,20.7,53.050000000000004,61.21666666666667,41.34166666666667
2026-05-16 20:00:00,30.5,27.3,75,944.9,6.2,280,0.0,20,5,5,48.5,58.9,47.9,75.1,14.9,12.0,50.6,59.43333333333334,42.45416666666667
2026-05-16 21:00:00,13.1,26.6,78,944.5,8.7,275,0.0,21,5,5,30.5,66.9,27.5,62.1,12.0,42.6,47.699999999999996,55.71666666666667,43.104166666666664
2026-05-16 22:00:00,18.0,25.7,83,944.4,9.2,270,0.0,22,5,5,13.1,48.5,53.9,86.5,12.0,18.2,45.300000000000004,51.63333333333333,43.15
2026-05-16 23:00:00,12.0,25.2,84,944.5,9.8,264,0.0,23,5,5,18.0,30.5,58.9,79.2,12.0,12.0,39.31666666666667,45.925000000000004,43.4
2026-05-17 00:00:00,12.0,25.0,88,944.8,10.0,253,0.0,0,6,5,12.0,13.1,66.9,43.5,12.0,12.0,31.5,40.324999999999996,43.4
2026-05-17 01:00:00,18.0,25.2,85,945.4,9.7,255,0.0,1,6,5,12.0,18.0,48.5,63.2,12.0,12.0,22.349999999999998,37.699999999999996,43.4
2026-05-17 02:00:00,30.7,26.4,76,946.5,8.5,253,0.0,2,6,5,18.0,12.0,30.5,47.9,12.0,43.6,17.266666666666666,33.93333333333333,43.65
2026-05-17 03:00:00,24.9,28.3,65,947.2,6.1,270,0.0,3,6,5,30.7,12.0,13.1,27.5,12.0,34.7,17.3,32.5,44.42916666666667
2026-05-17 04:00:00,47.4,31.0,50,947.6,5.8,284,0.0,4,6,5,24.9,18.0,18.0,53.9,28.5,21.0,19.26666666666667,32.28333333333334,44.96666666666667
2026-05-17 05:00:00,47.9,33.8,38,947.5,4.8,312,0.0,5,6,5,47.4,30.7,12.0,58.9,35.5,25.9,24.166666666666668,31.741666666666664,45.75416666666666
2026-05-17 06:00:00,57.8,35.3,32,947.4,5.4,330,0.0,6,6,5,47.9,24.9,12.0,66.9,72.9,13.7,30.149999999999995,30.825,46.270833333333336
2026-05-17 07:00:00,34.8,37.1,28,946.6,6.8,328,0.0,7,6,5,57.8,47.4,18.0,48.5,69.9,13.5,37.78333333333333,30.066666666666666,45.64166666666667
2026-05-17 08:00:00,33.9,38.2,25,945.8,8.9,322,0.0,8,6,5,34.8,47.9,30.7,30.5,75.1,39.4,40.58333333333333,28.924999999999997,44.17916666666667
2026-05-17 09:00:00,61.6,39.0,21,944.6,12.1,322,0.0,9,6,5,33.9,57.8,24.9,13.1,62.1,42.1,41.11666666666667,29.208333333333332,42.4625
2026-05-17 10:00:00,52.7,38.7,21,944.0,14.3,309,0.0,10,6,5,61.6,34.8,47.4,18.0,86.5,35.9,47.23333333333333,33.25,42.44166666666666
2026-05-17 11:00:00,64.8,37.4,23,943.7,15.3,317,0.0,11,6,5,52.7,33.9,47.9,12.0,79.2,53.7,48.11666666666667,36.141666666666666,41.03333333333333
2026-05-17 12:00:00,51.9,37.1,21,943.5,13.0,301,0.1,12,6,5,64.8,61.6,57.8,12.0,43.5,63.7,50.93333333333334,40.541666666666664,40.43333333333333
2026-05-17 13:00:00,45.0,35.8,25,943.8,16.9,297,0.0,13,6,5,51.9,52.7,34.8,18.0,63.2,42.8,49.949999999999996,43.86666666666667,40.78333333333333
2026-05-17 14:00:00,28.5,32.6,50,944.1,15.9,297,0.0,14,6,5,45.0,64.8,33.9,30.7,47.9,54.3,51.65,46.11666666666667,40.025
2026-05-17 15:00:00,42.3,30.5,65,944.8,14.3,291,0.0,15,6,5,28.5,51.9,61.6,24.9,27.5,48.2,50.75,45.93333333333333,39.21666666666666
2026-05-17 16:00:00,53.4,29.3,69,945.6,10.7,277,0.0,16,6,5,42.3,45.0,52.7,47.4,53.9,66.8,47.53333333333333,47.38333333333333,39.833333333333336
2026-05-17 17:00:00,41.5,28.7,72,945.7,7.9,258,0.0,17,6,5,53.4,28.5,64.8,47.9,58.9,37.0,47.65,47.88333333333333,39.8125
2026-05-17 18:00:00,55.3,28.0,72,945.4,8.3,254,0.0,18,6,5,41.5,42.3,51.9,57.8,66.9,17.3,43.76666666666667,47.35,39.0875
2026-05-17 19:00:00,34.1,27.6,68,944.7,7.6,258,0.0,19,6,5,55.3,53.4,45.0,34.8,48.5,21.8,44.333333333333336,47.14166666666667,38.604166666666664
2026-05-17 20:00:00,39.4,26.9,65,944.3,5.8,286,0.0,20,6,5,34.1,41.5,28.5,33.9,30.5,14.9,42.516666666666666,47.083333333333336,38.00416666666667
2026-05-17 21:00:00,27.2,26.1,67,943.7,6.5,265,0.0,21,6,5,39.4,55.3,42.3,61.6,13.1,12.0,44.333333333333336,47.541666666666664,38.37499999999999
2026-05-17 22:00:00,24.2,25.4,68,943.3,7.5,250,0.0,22,6,5,27.2,34.1,53.4,52.7,18.0,12.0,41.81666666666667,44.675000000000004,38.9625
2026-05-17 23:00:00,12.0,24.9,70,943.7,7.6,251,0.0,23,6,5,24.2,39.4,41.5,64.8,12.0,12.0,36.949999999999996,42.300000000000004,39.22083333333334
2026-05-18 00:00:00,12.0,24.8,69,944.4,9.2,225,0.0,0,0,5,12.0,27.2,55.3,51.9,12.0,12.0,32.03333333333333,37.9,39.22083333333334
2026-05-18 01:00:00,19.1,25.1,68,945.1,8.7,230,0.0,1,0,5,12.0,24.2,34.1,45.0,18.0,12.0,24.816666666666663,34.575,39.22083333333334
2026-05-18 02:00:00,13.2,26.7,64,946.2,8.9,251,0.0,2,0,5,19.1,12.0,39.4,28.5,30.7,12.0,22.316666666666663,32.416666666666664,39.266666666666666
2026-05-18 03:00:00,21.5,29.2,49,946.7,9.3,278,0.0,3,0,5,13.2,12.0,27.2,42.3,24.9,12.0,17.95,31.141666666666666,38.5375
2026-05-18 04:00:00,12.0,31.9,39,947.2,7.6,295,0.0,4,0,5,21.5,19.1,24.2,53.4,47.4,28.5,17.0,29.40833333333333,38.395833333333336
2026-05-18 05:00:00,45.7,35.0,29,947.4,6.7,314,0.0,5,0,5,12.0,13.2,12.0,41.5,47.9,35.5,14.966666666666669,25.958333333333332,36.920833333333334
2026-05-18 06:00:00,57.6,36.6,23,946.9,4.9,343,0.0,6,0,5,45.7,21.5,12.0,55.3,57.8,72.9,20.583333333333336,26.308333333333337,36.82916666666667
2026-05-18 07:00:00,69.4,38.3,19,946.2,4.3,343,0.0,7,0,5,57.6,12.0,19.1,34.1,34.8,69.9,28.183333333333334,26.5,36.82083333333333
2026-05-18 08:00:00,77.1,39.3,17,945.4,3.5,339,0.0,8,0,5,69.4,45.7,13.2,39.4,33.9,75.1,36.56666666666667,29.441666666666666,38.2625
2026-05-18 09:00:00,67.4,39.9,15,944.3,2.7,8,0.0,9,0,5,77.1,57.6,21.5,27.2,61.6,62.1,47.21666666666667,32.583333333333336,40.0625
2026-05-18 10:00:00,64.4,40.2,15,943.8,3.4,357,0.0,10,0,5,67.4,69.4,12.0,24.2,52.7,86.5,54.866666666666674,35.93333333333334,40.30416666666667
2026-05-18 11:00:00,61.6,39.1,18,943.3,13.1,324,0.0,11,0,5,64.4,77.1,45.7,12.0,64.8,79.2,63.6,39.28333333333333,40.791666666666664
2026-05-18 12:00:00,41.8,36.3,30,943.1,18.2,313,0.2,12,0,5,61.6,67.4,57.6,12.0,51.9,43.5,66.25,43.416666666666664,40.65833333333334
2026-05-18 13:00:00,40.8,33.6,47,943.7,16.5,292,0.0,13,0,5,41.8,64.4,69.4,19.1,45.0,63.2,63.61666666666667,45.9,40.237500000000004
2026-05-18 14:00:00,45.5,31.5,55,944.3,15.0,283,0.0,14,0,5,40.8,61.6,77.1,13.2,28.5,47.9,58.849999999999994,47.708333333333336,40.06250000000001
2026-05-18 15:00:00,45.5,29.9,64,944.7,13.3,283,0.0,15,0,5,45.5,41.8,67.4,21.5,42.3,27.5,53.583333333333336,50.400000000000006,40.770833333333336
2026-05-18 16:00:00,63.4,28.8,70,945.4,11.8,263,0.0,16,0,5,45.5,40.8,64.4,12.0,53.4,53.9,49.93333333333334,52.400000000000006,40.90416666666667
2026-05-18 17:00:00,47.6,28.2,72,945.8,11.2,251,0.0,17,0,5,63.4,45.5,61.6,45.7,41.5,58.9,49.76666666666667,56.68333333333334,41.32083333333333
2026-05-18 18:00:00,19.2,27.7,74,945.1,11.6,251,0.0,18,0,5,47.6,45.5,41.8,57.6,55.3,66.9,47.43333333333334,56.84166666666667,41.575
2026-05-18 19:00:00,19.7,26.9,76,944.3,12.9,254,0.0,19,0,5,19.2,63.4,40.8,69.4,34.1,48.5,43.666666666666664,53.64166666666666,40.07083333333333
2026-05-18 20:00:00,12.0,26.1,78,944.2,13.5,256,0.0,20,0,5,19.7,47.6,45.5,77.1,39.4,30.5,40.15,49.5,39.47083333333334
2026-05-18 21:00:00,12.0,25.4,80,944.3,12.5,247,0.0,21,0,5,12.0,19.2,45.5,67.4,27.2,13.1,34.56666666666667,44.074999999999996,38.32916666666667
2026-05-18 22:00:00,12.0,25.1,80,944.6,9.1,219,0.0,22,0,5,12.0,19.7,63.4,64.4,24.2,18.0,28.983333333333334,39.458333333333336,37.69583333333333
2026-05-18 23:00:00,12.0,25.0,79,944.5,11.0,238,0.0,23,0,5,12.0,12.0,47.6,61.6,12.0,12.0,20.416666666666668,35.09166666666667,37.1875
2026-05-19 00:00:00,12.0,24.9,76,944.5,9.7,248,0.0,0,1,5,12.0,12.0,19.2,41.8,12.0,12.0,14.483333333333334,30.958333333333332,37.1875
2026-05-19 01:00:00,12.0,25.1,71,945.2,8.6,241,0.0,1,1,5,12.0,12.0,19.7,40.8,19.1,18.0,13.283333333333333,28.474999999999998,37.1875
2026-05-19 02:00:00,30.2,27.1,54,946.2,6.4,254,0.0,2,1,5,12.0,12.0,12.0,45.5,13.2,30.7,12.0,26.075,36.89166666666667
2026-05-19 03:00:00,20.1,29.5,39,947.1,6.2,285,0.0,3,1,5,30.2,12.0,12.0,45.5,21.5,24.9,15.033333333333333,24.799999999999997,37.6
2026-05-19 04:00:00,45.0,31.9,32,947.4,8.6,292,0.0,4,1,5,20.1,12.0,12.0,63.4,12.0,47.4,16.383333333333333,22.683333333333334,37.541666666666664
2026-05-19 05:00:00,37.8,34.1,29,947.8,10.6,296,0.0,5,1,5,45.0,30.2,12.0,47.6,45.7,47.9,21.883333333333336,21.150000000000002,38.916666666666664
2026-05-19 06:00:00,59.6,35.6,28,947.9,11.8,295,0.0,6,1,5,37.8,20.1,12.0,19.2,57.6,57.8,26.183333333333334,20.333333333333332,38.5875
2026-05-19 07:00:00,27.3,36.0,31,947.1,14.5,295,0.0,7,1,5,59.6,45.0,12.0,19.7,69.4,34.8,34.11666666666667,23.7,38.670833333333334
2026-05-19 08:00:00,33.3,36.2,33,946.7,15.1,293,0.0,8,1,5,27.3,37.8,30.2,12.0,77.1,33.9,36.666666666666664,24.333333333333332,36.916666666666664
2026-05-19 09:00:00,24.0,35.3,34,945.6,17.0,289,0.2,9,1,5,33.3,59.6,20.1,12.0,67.4,61.6,37.18333333333334,26.108333333333334,35.09166666666667
2026-05-19 10:00:00,47.0,35.2,35,945.2,15.2,276,0.0,10,1,5,24.0,27.3,45.0,12.0,64.4,52.7,37.833333333333336,27.108333333333334,33.28333333333333
2026-05-19 11:00:00,50.9,31.9,49,944.8,15.6,296,1.4,11,1,5,47.0,33.3,37.8,12.0,61.6,64.8,38.166666666666664,30.025000000000002,32.55833333333333
2026-05-19 12:00:00,58.5,32.5,47,944.9,14.4,279,0.4,12,1,5,50.9,24.0,59.6,12.0,41.8,51.9,40.35,33.266666666666666,32.1125
2026-05-19 13:00:00,50.8,31.3,52,944.8,16.1,281,0.0,13,1,5,58.5,47.0,27.3,12.0,40.8,45.0,40.166666666666664,37.141666666666666,32.80833333333333
2026-05-19 14:00:00,27.9,29.7,58,945.6,15.9,275,0.0,14,1,5,50.8,50.9,33.3,30.2,45.5,28.5,44.083333333333336,40.375,33.225
2026-05-19 15:00:00,42.6,28.3,64,946.3,13.7,266,0.0,15,1,5,27.9,58.5,24.0,20.1,45.5,42.3,43.18333333333333,40.18333333333333,32.49166666666667
2026-05-19 16:00:00,22.9,27.3,70,946.6,14.1,257,0.0,16,1,5,42.6,50.8,47.0,45.0,63.4,53.4,46.28333333333333,42.05833333333333,32.37083333333333
2026-05-19 17:00:00,16.4,26.5,75,946.7,14.1,254,0.0,17,1,5,22.9,27.9,50.9,37.8,47.6,41.5,42.26666666666666,40.21666666666666,30.683333333333334
2026-05-19 18:00:00,36.6,26.2,76,946.5,11.5,253,0.0,18,1,5,16.4,42.6,58.5,59.6,19.2,55.3,36.516666666666666,38.43333333333333,29.38333333333333
2026-05-19 19:00:00,23.9,25.6,79,945.7,11.4,255,0.0,19,1,5,36.6,22.9,50.8,27.3,19.7,34.1,32.86666666666667,36.516666666666666,30.108333333333334
2026-05-19 20:00:00,12.0,25.1,80,945.2,9.8,263,0.0,20,1,5,23.9,16.4,27.9,33.3,12.0,39.4,28.38333333333333,36.233333333333334,30.28333333333333
2026-05-19 21:00:00,12.0,24.5,84,944.6,9.4,262,0.0,21,1,5,12.0,36.6,42.6,24.0,12.0,27.2,25.73333333333333,34.458333333333336,30.28333333333333
2026-05-19 22:00:00,12.0,24.1,86,944.6,9.8,257,0.0,22,1,5,12.0,23.9,22.9,47.0,12.0,24.2,20.63333333333333,33.458333333333336,30.28333333333333
2026-05-19 23:00:00,12.0,23.9,85,945.1,10.7,256,0.0,23,1,5,12.0,12.0,16.4,50.9,12.0,12.0,18.816666666666666,30.541666666666668,30.28333333333333
2026-05-20 00:00:00,15.1,24.0,81,945.3,11.8,261,0.0,0,2,5,12.0,12.0,36.6,58.5,12.0,12.0,18.083333333333332,27.3,30.28333333333333
2026-05-20 01:00:00,12.0,23.9,82,945.9,11.7,255,0.0,1,2,5,15.1,12.0,23.9,50.8,12.0,19.1,14.5,23.683333333333334,30.412499999999998
2026-05-20 02:00:00,12.0,25.3,75,946.8,12.1,259,0.0,2,2,5,12.0,12.0,12.0,27.9,30.2,13.2,12.516666666666666,20.45,30.412499999999998
2026-05-20 03:00:00,12.0,27.6,64,947.3,11.6,265,0.0,3,2,5,12.0,15.1,12.0,42.6,20.1,21.5,12.516666666666666,19.125,29.65416666666667
2026-05-20 04:00:00,17.3,29.6,54,947.9,11.2,274,0.0,4,2,5,12.0,12.0,12.0,22.9,45.0,12.0,12.516666666666666,16.575,29.316666666666666
2026-05-20 05:00:00,25.3,32.2,44,947.9,10.9,279,0.0,5,2,5,17.3,12.0,12.0,16.4,37.8,45.7,13.4,16.108333333333334,28.162499999999998
2026-05-20 06:00:00,32.3,33.5,40,947.8,10.0,287,0.0,6,2,5,25.3,12.0,15.1,36.6,59.6,57.6,15.616666666666667,16.85,27.641666666666666
2026-05-20 07:00:00,38.2,35.0,36,947.3,11.4,293,0.0,7,2,5,32.3,17.3,12.0,23.9,27.3,69.4,18.483333333333334,16.491666666666667,26.504166666666666
2026-05-20 08:00:00,50.7,35.9,34,946.5,12.4,287,0.0,8,2,5,38.2,25.3,12.0,12.0,33.3,77.1,22.850000000000005,17.683333333333334,26.958333333333332
2026-05-20 09:00:00,57.9,34.9,37,945.7,13.3,260,0.1,9,2,5,50.7,32.3,12.0,12.0,24.0,67.4,29.3,20.908333333333335,27.683333333333334
2026-05-20 10:00:00,57.1,31.3,51,946.0,13.4,275,1.8,10,2,5,57.9,38.2,17.3,12.0,47.0,64.4,36.95,24.733333333333334,29.09583333333333
2026-05-20 11:00:00,64.9,31.9,46,945.7,14.8,271,0.5,11,2,5,57.1,50.7,25.3,12.0,50.9,61.6,43.583333333333336,28.491666666666664,29.516666666666666
2026-05-20 12:00:00,47.5,31.8,47,945.3,12.4,257,0.0,12,2,5,64.9,57.9,32.3,15.1,58.5,41.8,50.18333333333334,32.9,30.100000000000005
2026-05-20 13:00:00,56.9,30.4,54,945.6,14.5,256,0.0,13,2,5,47.5,57.1,38.2,12.0,50.8,40.8,52.71666666666667,35.6,29.64166666666667
2026-05-20 14:00:00,39.3,28.9,61,946.0,15.8,268,0.0,14,2,5,56.9,64.9,50.7,12.0,27.9,45.5,55.833333333333336,39.34166666666666,29.895833333333332
2026-05-20 15:00:00,46.3,27.7,68,946.6,15.1,269,0.0,15,2,5,39.3,47.5,57.9,12.0,42.6,45.5,53.93333333333333,41.61666666666667,30.370833333333334
2026-05-20 16:00:00,31.6,27.0,71,947.0,12.8,269,0.0,16,2,5,46.3,56.9,57.1,17.3,22.9,63.4,52.0,44.474999999999994,30.524999999999995
2026-05-20 17:00:00,18.7,26.4,74,947.1,11.5,269,0.0,17,2,5,31.6,39.3,64.9,25.3,16.4,47.6,47.75,45.666666666666664,30.8875
2026-05-20 18:00:00,33.9,26.1,74,946.4,11.0,268,0.0,18,2,5,18.7,46.3,47.5,32.3,36.6,19.2,40.05,45.11666666666667,30.983333333333334
2026-05-20 19:00:00,12.2,25.8,75,945.6,10.7,263,0.0,19,2,5,33.9,31.6,56.9,38.2,23.9,19.7,37.78333333333333,45.25,30.870833333333334
2026-05-20 20:00:00,23.0,25.5,77,945.2,9.4,262,0.0,20,2,5,12.2,18.7,39.3,50.7,12.0,12.0,30.33333333333333,43.083333333333336,30.383333333333336
2026-05-20 21:00:00,12.0,25.1,79,945.0,8.1,266,0.0,21,2,5,23.0,33.9,46.3,57.9,12.0,12.0,27.616666666666664,40.775,30.84166666666667
2026-05-20 22:00:00,12.0,24.8,81,944.9,7.6,267,0.0,22,2,5,12.0,12.2,31.6,57.1,12.0,12.0,21.899999999999995,36.949999999999996,30.84166666666667
2026-05-20 23:00:00,12.0,24.6,82,945.4,8.4,260,0.0,23,2,5,12.0,23.0,18.7,64.9,12.0,12.0,18.633333333333333,33.19166666666666,30.84166666666667
2026-05-21 00:00:00,12.0,24.1,86,945.6,9.8,256,0.0,0,3,5,12.0,12.0,33.9,47.5,15.1,12.0,17.516666666666666,28.78333333333333,30.84166666666667
2026-05-21 01:00:00,12.0,24.3,82,946.2,10.7,262,0.0,1,3,5,12.0,12.0,12.2,56.9,12.0,12.0,13.866666666666667,25.825,30.712500000000002
2026-05-21 02:00:00,17.8,25.7,74,947.2,10.3,264,0.0,2,3,5,12.0,12.0,23.0,39.3,12.0,30.2,13.833333333333334,22.083333333333332,30.712500000000002
2026-05-21 03:00:00,16.5,27.6,66,947.6,10.1,265,0.0,3,3,5,17.8,12.0,12.0,46.3,12.0,20.1,12.966666666666667,20.291666666666668,30.954166666666666
2026-05-21 04:00:00,14.3,30.1,54,948.1,9.9,269,0.0,4,3,5,16.5,12.0,12.0,31.6,17.3,45.0,13.716666666666667,17.808333333333334,31.141666666666666
2026-05-21 05:00:00,23.8,32.6,43,948.3,9.4,277,0.0,5,3,5,14.3,17.8,12.0,18.7,25.3,37.8,14.1,16.366666666666667,31.016666666666666
2026-05-21 06:00:00,23.4,34.1,35,948.1,6.5,289,0.0,6,3,5,23.8,16.5,12.0,33.9,32.3,59.6,16.066666666666666,16.791666666666668,30.954166666666666
2026-05-21 07:00:00,29.7,35.6,31,947.3,6.2,308,0.0,7,3,5,23.4,14.3,12.0,12.2,38.2,27.3,17.966666666666665,15.916666666666666,30.583333333333332
2026-05-21 08:00:00,63.1,36.8,29,946.5,5.8,321,0.0,8,3,5,29.7,23.8,17.8,23.0,50.7,33.3,20.916666666666668,17.375,30.229166666666668
2026-05-21 09:00:00,63.7,37.5,28,945.6,6.7,322,0.0,9,3,5,63.1,23.4,16.5,12.0,57.9,24.0,28.46666666666667,20.71666666666667,30.745833333333334
2026-05-21 10:00:00,65.2,37.6,29,944.8,7.3,327,0.0,10,3,5,63.7,29.7,14.3,12.0,57.1,47.0,36.333333333333336,25.025000000000002,30.9875
2026-05-21 11:00:00,61.6,34.6,36,944.4,14.1,266,0.0,11,3,5,65.2,63.1,23.8,12.0,64.9,50.9,44.81666666666666,29.458333333333332,31.325000000000003
2026-05-21 12:00:00,43.0,34.9,35,944.6,14.8,267,0.7,12,3,5,61.6,63.7,23.4,12.0,47.5,58.5,51.11666666666667,33.59166666666667,31.1875
2026-05-21 13:00:00,27.3,31.4,49,945.1,15.2,289,0.3,13,3,5,43.0,65.2,29.7,12.0,56.9,50.8,54.383333333333326,36.175000000000004,31.0
2026-05-21 14:00:00,49.4,30.2,58,945.9,15.5,269,0.0,14,3,5,27.3,61.6,63.1,17.8,39.3,27.9,53.98333333333333,37.45,29.766666666666666
2026-05-21 15:00:00,46.6,29.0,65,946.7,14.2,272,0.0,15,3,5,49.4,43.0,63.7,16.5,46.3,42.6,51.70000000000001,40.083333333333336,30.1875
2026-05-21 16:00:00,32.6,28.2,71,947.2,13.4,262,0.0,16,3,5,46.6,27.3,65.2,14.3,31.6,22.9,48.85,42.59166666666667,30.200000000000003
2026-05-21 17:00:00,41.5,27.7,75,947.5,11.5,261,0.0,17,3,5,32.6,49.4,61.6,23.8,18.7,16.4,43.416666666666664,44.11666666666667,30.24166666666667
2026-05-21 18:00:00,40.6,27.3,78,947.1,11.8,258,0.0,18,3,5,41.5,46.6,43.0,23.4,33.9,36.6,40.06666666666666,45.59166666666667,31.191666666666666
2026-05-21 19:00:00,24.0,26.8,79,947.0,11.1,257,0.0,19,3,5,40.6,32.6,27.3,29.7,12.2,23.9,39.666666666666664,47.025,31.47083333333333
2026-05-21 20:00:00,51.0,26.4,81,946.8,10.8,270,0.0,20,3,5,24.0,41.5,49.4,63.1,23.0,12.0,39.11666666666667,46.54999999999999,31.962499999999995
2026-05-21 21:00:00,12.0,26.0,82,946.7,10.4,279,0.0,21,3,5,51.0,40.6,46.6,63.7,12.0,12.0,39.38333333333333,45.541666666666664,33.12916666666666
2026-05-21 22:00:00,24.8,25.7,83,947.1,9.6,278,0.0,22,3,5,12.0,24.0,32.6,65.2,12.0,12.0,33.61666666666667,41.233333333333334,33.12916666666666
2026-05-21 23:00:00,12.0,25.6,82,947.4,9.2,264,0.0,23,3,5,24.8,51.0,41.5,61.6,12.0,12.0,32.31666666666667,37.86666666666667,33.6625
2026-05-22 00:00:00,12.0,25.2,84,947.8,9.4,239,0.0,0,4,5,12.0,12.0,40.6,43.0,12.0,15.1,27.399999999999995,33.733333333333334,33.6625
2026-05-22 01:00:00,12.0,25.4,81,948.1,9.1,238,0.0,1,4,5,12.0,24.8,24.0,27.3,12.0,12.0,22.63333333333333,31.150000000000002,33.6625
2026-05-22 02:00:00,19.6,26.9,73,948.8,8.1,253,0.0,2,4,5,12.0,12.0,51.0,49.4,17.8,12.0,20.633333333333333,29.875,33.6625
2026-05-22 03:00:00,33.1,28.9,63,949.3,8.1,266,0.0,3,4,5,19.6,12.0,12.0,46.6,16.5,12.0,15.4,27.391666666666666,33.737500000000004
2026-05-22 04:00:00,12.0,31.8,51,950.0,7.5,278,0.0,4,4,5,33.1,12.0,24.8,32.6,14.3,17.3,18.916666666666668,26.266666666666666,34.42916666666667
2026-05-22 05:00:00,53.5,34.1,42,950.2,6.5,298,0.0,5,4,5,12.0,19.6,12.0,41.5,23.8,25.3,16.783333333333335,24.55,34.333333333333336
2026-05-22 06:00:00,68.8,35.0,37,949.9,3.7,325,0.0,6,4,5,53.5,33.1,12.0,40.6,23.4,32.3,23.7,25.55,35.57083333333333
2026-05-22 07:00:00,42.9,36.5,33,949.7,7.5,345,0.1,7,4,5,68.8,12.0,12.0,24.0,29.7,38.2,33.166666666666664,27.900000000000002,37.4625
2026-05-22 08:00:00,45.3,36.0,35,948.8,10.3,337,0.0,8,4,5,42.9,53.5,19.6,51.0,63.1,50.7,38.31666666666667,29.474999999999998,38.012499999999996
2026-05-22 09:00:00,56.2,34.6,40,947.7,11.0,294,0.6,9,4,5,45.3,68.8,33.1,12.0,63.7,57.9,42.6,29.0,37.270833333333336
2026-05-22 10:00:00,25.8,29.7,61,947.9,16.4,209,1.8,10,4,5,56.2,42.9,12.0,24.8,65.2,57.1,46.449999999999996,32.68333333333333,36.958333333333336
2026-05-22 11:00:00,59.9,30.2,59,947.8,13.1,258,0.7,11,4,5,25.8,45.3,53.5,12.0,61.6,64.9,48.75,32.766666666666666,35.31666666666666
2026-05-22 12:00:00,69.7,29.7,64,948.4,12.1,252,0.2,12,4,5,59.9,56.2,68.8,12.0,43.0,47.5,49.81666666666666,36.75833333333333,35.24583333333334
2026-05-22 13:00:00,70.3,28.5,69,948.6,12.2,257,0.0,13,4,5,69.7,25.8,42.9,12.0,27.3,56.9,49.96666666666667,41.56666666666666,36.358333333333334
2026-05-22 14:00:00,61.9,27.3,75,948.8,12.8,259,0.0,14,4,5,70.3,59.9,45.3,19.6,49.4,39.3,54.53333333333334,46.425000000000004,38.15
2026-05-22 15:00:00,68.0,26.6,79,949.4,10.9,257,0.0,15,4,5,61.9,69.7,56.2,33.1,46.6,46.3,57.300000000000004,49.949999999999996,38.670833333333334
2026-05-22 16:00:00,47.1,26.1,81,950.0,9.7,260,0.0,16,4,5,68.0,70.3,25.8,12.0,32.6,31.6,59.26666666666667,52.85833333333333,39.5625
2026-05-22 17:00:00,36.6,25.7,82,950.0,9.6,256,0.0,17,4,5,47.1,61.9,59.9,53.5,41.5,18.7,62.81666666666667,55.78333333333333,40.166666666666664
2026-05-22 18:00:00,38.8,25.7,83,949.6,9.8,252,0.0,18,4,5,36.6,68.0,69.7,68.8,40.6,33.9,58.93333333333333,54.375,39.9625
2026-05-22 19:00:00,51.6,25.3,85,949.2,8.0,262,0.0,19,4,5,38.8,47.1,70.3,42.9,24.0,12.2,53.78333333333333,51.875,39.8875
2026-05-22 20:00:00,32.7,25.0,86,948.9,7.5,260,0.0,20,4,5,51.6,36.6,61.9,45.3,51.0,23.0,50.666666666666664,52.6,41.0375
2026-05-22 21:00:00,23.6,24.9,87,948.5,7.6,267,0.0,21,4,5,32.7,38.8,68.0,56.2,12.0,12.0,45.800000000000004,51.550000000000004,40.275
2026-05-22 22:00:00,22.0,24.9,87,948.5,7.2,269,0.0,22,4,5,23.6,51.6,47.1,25.8,24.8,12.0,38.4,48.833333333333336,40.75833333333333
2026-05-22 23:00:00,12.0,24.9,88,948.6,8.0,265,0.0,23,4,5,22.0,32.7,36.6,59.9,12.0,12.0,34.21666666666667,48.51666666666667,40.641666666666666
2026-05-23 00:00:00,12.0,24.8,90,948.7,7.8,263,0.0,0,5,5,12.0,23.6,38.8,69.7,12.0,12.0,30.116666666666664,44.525,40.641666666666666
2026-05-23 01:00:00,13.2,25.0,90,949.0,7.9,259,0.0,1,5,5,12.0,22.0,51.6,70.3,12.0,12.0,25.650000000000002,39.71666666666667,40.641666666666666
2026-05-23 02:00:00,12.0,26.2,84,949.9,10.3,263,0.0,2,5,5,13.2,12.0,32.7,61.9,19.6,17.8,19.250000000000004,34.958333333333336,40.69166666666667
2026-05-23 03:00:00,12.0,27.9,74,950.4,12.1,269,0.0,3,5,5,12.0,12.0,23.6,68.0,33.1,16.5,15.800000000000002,30.799999999999997,40.375
2026-05-23 04:00:00,14.3,29.9,64,951.1,12.2,278,0.0,4,5,5,12.0,13.2,22.0,47.1,12.0,14.3,13.866666666666667,26.133333333333336,39.49583333333334
2026-05-23 05:00:00,13.9,31.5,58,951.2,12.6,275,0.0,5,5,5,14.3,12.0,12.0,36.6,53.5,23.8,12.583333333333334,23.400000000000002,39.59166666666667
2026-05-23 06:00:00,42.5,31.3,53,950.4,11.2,275,0.0,6,5,5,13.9,12.0,12.0,38.8,68.8,23.4,12.9,21.50833333333333,37.94166666666667
2026-05-23 07:00:00,57.1,32.0,51,950.6,9.6,330,0.2,7,5,5,42.5,14.3,13.2,51.6,42.9,29.7,17.983333333333334,21.816666666666666,36.84583333333333
2026-05-23 08:00:00,53.2,33.0,47,949.7,9.5,291,0.3,8,5,5,57.1,13.9,12.0,32.7,45.3,63.1,25.3,22.275000000000002,37.4375
2026-05-23 09:00:00,49.6,33.3,48,948.7,12.1,297,0.1,9,5,5,53.2,42.5,12.0,23.6,56.2,63.7,32.166666666666664,23.983333333333334,37.76666666666667
2026-05-23 10:00:00,51.0,30.2,62,948.6,13.3,278,0.7,10,5,5,49.6,57.1,14.3,22.0,25.8,65.2,38.43333333333333,26.150000000000002,37.49166666666667
2026-05-23 11:00:00,33.7,30.0,64,948.2,12.6,280,0.2,11,5,5,51.0,53.2,13.9,12.0,59.9,61.6,44.550000000000004,28.566666666666663,38.541666666666664
2026-05-23 12:00:00,52.6,28.9,68,948.2,12.1,271,0.1,12,5,5,33.7,49.6,42.5,12.0,69.7,43.0,47.85,30.375,37.449999999999996
2026-05-23 13:00:00,66.2,29.3,69,948.2,11.7,268,0.1,13,5,5,52.6,51.0,57.1,13.2,70.3,27.3,49.53333333333334,33.75833333333333,36.737500000000004
2026-05-23 14:00:00,54.3,28.5,72,948.5,13.1,261,0.0,14,5,5,66.2,33.7,53.2,12.0,61.9,49.4,51.050000000000004,38.175000000000004,36.56666666666666
2026-05-23 15:00:00,20.6,28.0,75,948.8,12.3,263,0.0,15,5,5,54.3,52.6,49.6,12.0,68.0,46.6,51.23333333333333,41.699999999999996,36.25
2026-05-23 16:00:00,45.6,27.4,79,949.3,11.2,264,0.0,16,5,5,20.6,66.2,51.0,14.3,47.1,32.6,46.4,42.416666666666664,34.275
2026-05-23 17:00:00,28.3,27.0,81,950.0,11.3,256,0.0,17,5,5,45.6,54.3,33.7,13.9,36.6,41.5,45.5,45.025000000000006,34.2125
2026-05-23 18:00:00,25.6,26.6,84,949.5,11.3,248,0.0,18,5,5,28.3,20.6,52.6,42.5,38.8,40.6,44.6,46.225,33.86666666666667
2026-05-23 19:00:00,12.0,26.4,84,949.3,12.8,256,0.0,19,5,5,25.6,45.6,66.2,57.1,51.6,24.0,40.1,44.81666666666667,33.31666666666667
2026-05-23 20:00:00,12.0,26.1,84,949.0,12.4,261,0.0,20,5,5,12.0,28.3,54.3,53.2,32.7,51.0,31.066666666666663,41.05833333333334,31.666666666666668
2026-05-23 21:00:00,12.0,25.9,85,948.7,12.1,258,0.0,21,5,5,12.0,25.6,20.6,49.6,23.6,12.0,24.016666666666666,37.625,30.80416666666667
2026-05-23 22:00:00,13.1,25.6,86,948.5,12.1,255,0.0,22,5,5,12.0,12.0,45.6,51.0,22.0,24.8,22.583333333333332,34.49166666666667,30.320833333333336
2026-05-23 23:00:00,12.0,25.4,87,948.7,11.8,263,0.0,23,5,5,13.1,12.0,28.3,33.7,12.0,12.0,17.166666666666668,31.33333333333334,29.950000000000003
2026-05-24 00:00:00,12.0,25.3,87,948.9,11.3,262,0.0,0,6,5,12.0,12.0,25.6,52.6,12.0,12.0,14.450000000000001,29.525000000000002,29.950000000000003
2026-05-24 01:00:00,12.0,25.6,85,949.2,11.9,268,0.0,1,6,5,12.0,13.1,12.0,66.2,13.2,12.0,12.183333333333332,26.14166666666667,29.950000000000003
2026-05-24 02:00:00,12.0,26.4,81,949.9,13.7,271,0.0,2,6,5,12.0,12.0,12.0,54.3,12.0,19.6,12.183333333333332,21.625,29.900000000000002
2026-05-24 03:00:00,20.5,28.1,72,950.8,13.7,265,0.0,3,6,5,12.0,12.0,12.0,20.6,12.0,33.1,12.183333333333332,18.099999999999998,29.900000000000002
2026-05-24 04:00:00,12.0,30.1,63,951.7,13.5,268,0.0,4,6,5,20.5,12.0,13.1,45.6,14.3,12.0,13.6,18.091666666666665,30.254166666666663
2026-05-24 05:00:00,12.0,31.3,58,951.8,13.6,281,0.0,5,6,5,12.0,12.0,12.0,28.3,13.9,53.5,13.416666666666666,15.291666666666666,30.15833333333333
2026-05-24 06:00:00,18.6,32.3,52,951.7,12.5,281,0.0,6,6,5,12.0,20.5,12.0,25.6,42.5,68.8,13.416666666666666,13.933333333333332,30.07916666666667
2026-05-24 07:00:00,32.2,33.6,45,950.7,11.7,288,0.0,7,6,5,18.6,12.0,12.0,12.0,57.1,42.9,14.516666666666666,13.35,29.083333333333332
2026-05-24 08:00:00,20.1,33.9,41,949.6,13.6,282,0.0,8,6,5,32.2,12.0,12.0,12.0,53.2,45.3,17.883333333333336,15.033333333333333,28.045833333333334
2026-05-24 09:00:00,15.9,30.2,64,949.1,18.4,262,1.1,9,6,5,20.1,18.6,20.5,12.0,49.6,56.2,19.233333333333334,15.708333333333334,26.666666666666668
2026-05-24 10:00:00,40.8,29.4,64,948.4,15.0,264,0.7,10,6,5,15.9,32.2,12.0,13.1,51.0,25.8,18.46666666666667,16.033333333333335,25.262500000000003
2026-05-24 11:00:00,30.9,29.8,63,948.2,15.7,271,0.9,11,6,5,40.8,20.1,12.0,12.0,33.7,59.9,23.266666666666666,18.341666666666665,24.837500000000002
2026-05-24 12:00:00,45.1,29.9,59,948.1,15.0,277,0.1,12,6,5,30.9,15.9,18.6,12.0,52.6,69.7,26.416666666666668,19.916666666666668,24.72083333333333
2026-05-24 13:00:00,59.7,28.4,67,948.5,13.9,283,0.0,13,6,5,45.1,40.8,32.2,12.0,66.2,70.3,30.833333333333332,22.675,24.40833333333333
2026-05-24 14:00:00,36.5,27.3,73,948.8,12.8,284,0.0,14,6,5,59.7,30.9,20.1,12.0,54.3,61.9,35.416666666666664,26.650000000000002,24.1375
2026-05-24 15:00:00,65.3,26.6,77,949.0,12.7,282,0.0,15,6,5,36.5,45.1,15.9,20.5,20.6,68.0,38.15,28.691666666666666,23.395833333333332
2026-05-24 16:00:00,28.5,25.9,82,949.4,12.0,279,0.0,16,6,5,65.3,59.7,40.8,12.0,45.6,47.1,46.383333333333326,32.425000000000004,25.25833333333333
2026-05-24 17:00:00,46.1,25.5,86,949.7,10.9,262,0.0,17,6,5,28.5,36.5,30.9,12.0,28.3,36.6,44.333333333333336,33.800000000000004,24.54583333333333
2026-05-24 18:00:00,17.3,25.3,88,949.1,11.1,263,0.0,18,6,5,46.1,65.3,45.1,18.6,25.6,38.8,46.86666666666667,36.641666666666666,25.287499999999998
2026-05-24 19:00:00,15.0,24.9,90,948.5,10.7,265,0.0,19,6,5,17.3,28.5,59.7,32.2,12.0,51.6,42.233333333333334,36.53333333333333,24.941666666666663
2026-05-24 20:00:00,12.0,24.6,91,948.1,9.1,261,0.0,20,6,5,15.0,46.1,36.5,20.1,12.0,32.7,34.78333333333333,35.1,25.066666666666663
2026-05-24 21:00:00,12.0,24.3,93,947.6,8.0,260,0.0,21,6,5,12.0,17.3,65.3,15.9,12.0,23.6,30.7,34.425000000000004,25.066666666666663
2026-05-24 22:00:00,12.0,24.0,95,947.8,7.6,255,0.0,22,6,5,12.0,15.0,28.5,40.8,13.1,22.0,21.816666666666666,34.1,25.066666666666663
2026-05-24 23:00:00,12.0,23.8,96,947.8,7.8,251,0.0,23,6,5,12.0,12.0,46.1,30.9,12.0,12.0,19.066666666666666,31.7,25.02083333333333
2026-05-25 00:00:00,12.0,23.7,97,947.7,8.1,252,0.0,0,0,5,12.0,12.0,17.3,45.1,12.0,12.0,13.383333333333335,30.125,25.02083333333333
2026-05-25 01:00:00,31.0,24.0,95,948.0,8.7,257,0.0,1,0,5,12.0,12.0,15.0,59.7,12.0,13.2,12.5,27.366666666666664,25.02083333333333
2026-05-25 02:00:00,12.0,25.4,86,949.1,9.4,262,0.0,2,0,5,31.0,12.0,12.0,36.5,12.0,12.0,15.166666666666666,24.974999999999998,25.812499999999996
2026-05-25 03:00:00,12.0,27.3,76,949.6,10.8,265,0.0,3,0,5,12.0,12.0,12.0,65.3,20.5,12.0,15.166666666666666,22.933333333333334,25.812499999999996
2026-05-25 04:00:00,19.1,29.6,65,950.4,12.1,269,0.0,4,0,5,12.0,31.0,12.0,28.5,12.0,14.3,15.166666666666666,18.491666666666667,25.458333333333332
2026-05-25 05:00:00,34.6,31.6,54,950.5,11.9,273,0.0,5,0,5,19.1,12.0,12.0,46.1,12.0,13.9,16.349999999999998,17.708333333333332,25.754166666666666
2026-05-25 06:00:00,24.6,33.2,48,950.0,10.2,277,0.0,6,0,5,34.6,12.0,12.0,17.3,18.6,42.5,20.116666666666667,16.75,26.69583333333333
2026-05-25 07:00:00,53.5,34.6,41,949.0,9.6,274,0.0,7,0,5,24.6,19.1,31.0,15.0,32.2,57.1,22.21666666666667,17.358333333333334,26.945833333333336
2026-05-25 08:00:00,62.5,35.3,36,948.2,9.9,279,0.0,8,0,5,53.5,34.6,12.0,12.0,20.1,53.2,25.96666666666667,20.566666666666666,27.833333333333332
2026-05-25 09:00:00,31.6,35.3,34,947.3,14.2,272,0.0,9,0,5,62.5,24.6,12.0,12.0,15.9,49.6,34.38333333333333,24.775000000000002,29.599999999999998
2026-05-25 10:00:00,35.6,31.3,52,946.9,18.1,281,1.1,10,0,5,31.6,53.5,19.1,12.0,40.8,51.0,37.65,26.40833333333333,30.254166666666666
2026-05-25 11:00:00,28.8,30.1,61,946.9,16.1,280,1.3,11,0,5,35.6,62.5,34.6,12.0,30.9,33.7,40.4,28.375,30.037500000000005
2026-05-25 12:00:00,46.5,30.8,58,946.7,15.4,277,0.0,12,0,5,28.8,31.6,24.6,12.0,45.1,52.6,39.43333333333334,29.775000000000002,29.95
2026-05-25 13:00:00,42.2,29.7,62,946.9,14.3,274,0.0,13,0,5,46.5,35.6,53.5,31.0,59.7,66.2,43.083333333333336,32.65,30.008333333333336
2026-05-25 14:00:00,35.6,28.4,69,947.5,14.1,274,0.0,14,0,5,42.2,28.8,62.5,12.0,36.5,54.3,41.199999999999996,33.583333333333336,29.27916666666667
2026-05-25 15:00:00,43.6,27.5,74,948.2,13.4,275,0.0,15,0,5,35.6,46.5,31.6,12.0,65.3,20.6,36.71666666666667,35.550000000000004,29.241666666666664
2026-05-25 16:00:00,53.2,26.8,80,948.7,11.7,269,0.0,16,0,5,43.6,42.2,35.6,19.1,28.5,45.6,38.71666666666667,38.18333333333334,28.337500000000002
2026-05-25 17:00:00,62.2,26.3,84,949.1,11.3,268,0.0,17,0,5,53.2,35.6,28.8,34.6,46.1,28.3,41.650000000000006,41.025,29.36666666666667
2026-05-25 18:00:00,23.1,25.8,86,948.9,10.8,266,0.0,18,0,5,62.2,43.6,46.5,24.6,17.3,25.6,47.21666666666667,43.32500000000001,30.037500000000005
2026-05-25 19:00:00,12.0,25.3,89,948.4,10.2,262,0.0,19,0,5,23.1,53.2,42.2,53.5,15.0,12.0,43.31666666666667,43.199999999999996,30.27916666666667
2026-05-25 20:00:00,12.0,24.8,91,948.0,10.7,258,0.0,20,0,5,12.0,62.2,35.6,62.5,12.0,12.0,38.28333333333334,39.74166666666667,30.15416666666667
2026-05-25 21:00:00,28.5,24.5,91,947.7,9.9,261,0.0,21,0,5,12.0,23.1,43.6,31.6,12.0,12.0,34.35,35.53333333333334,30.15416666666667
2026-05-25 22:00:00,12.0,24.3,91,947.6,9.2,267,0.0,22,0,5,28.5,12.0,53.2,35.6,12.0,13.1,31.833333333333332,35.275000000000006,30.84166666666667
2026-05-25 23:00:00,12.0,24.1,91,947.8,9.2,263,0.0,23,0,5,12.0,12.0,62.2,28.8,12.0,12.0,24.96666666666667,33.30833333333334,30.84166666666667
2026-05-26 00:00:00,12.0,24.3,89,948.0,8.9,261,0.0,0,1,5,12.0,28.5,23.1,46.5,12.0,12.0,16.599999999999998,31.908333333333335,30.84166666666667
2026-05-26 01:00:00,14.1,24.3,88,948.4,8.6,260,0.0,1,1,5,12.0,12.0,12.0,42.2,31.0,12.0,14.75,29.033333333333335,30.84166666666667
2026-05-26 02:00:00,18.3,25.6,81,949.2,8.8,270,0.0,2,1,5,14.1,12.0,12.0,35.6,12.0,12.0,15.100000000000001,26.691666666666666,30.137500000000003
2026-05-26 03:00:00,12.0,27.6,71,950.0,10.3,283,0.0,3,1,5,18.3,12.0,28.5,43.6,12.0,20.5,16.15,25.25,30.400000000000006
2026-05-26 04:00:00,19.7,29.7,61,950.4,10.5,282,0.0,4,1,5,12.0,14.1,12.0,53.2,19.1,12.0,13.4,22.616666666666664,30.400000000000006
2026-05-26 05:00:00,25.1,31.5,53,950.4,11.0,281,0.0,5,1,5,19.7,18.3,12.0,62.2,34.6,12.0,14.683333333333335,19.825,30.425
2026-05-26 06:00:00,32.0,32.9,47,950.0,10.7,290,0.0,6,1,5,25.1,12.0,12.0,23.1,24.6,18.6,16.866666666666664,16.733333333333334,30.02916666666667
2026-05-26 07:00:00,48.0,34.1,41,949.1,9.8,298,0.0,7,1,5,32.0,19.7,14.1,12.0,53.5,32.2,20.2,17.475,30.337500000000002
2026-05-26 08:00:00,72.8,34.7,39,948.4,10.7,300,0.0,8,1,5,48.0,25.1,18.3,12.0,62.5,20.1,25.849999999999998,20.474999999999998,30.108333333333334
2026-05-26 09:00:00,44.4,35.2,37,947.3,11.4,294,0.0,9,1,5,72.8,32.0,12.0,28.5,31.6,15.9,34.93333333333334,25.541666666666668,30.537499999999998
2026-05-26 10:00:00,68.2,35.3,36,946.9,12.6,289,0.0,10,1,5,44.4,48.0,19.7,12.0,35.6,40.8,40.333333333333336,26.866666666666664,31.07083333333333
2026-05-26 11:00:00,33.4,34.4,38,946.3,14.7,288,0.0,11,1,5,68.2,72.8,25.1,12.0,28.8,30.9,48.416666666666664,31.55,32.42916666666667
2026-05-26 12:00:00,56.2,33.6,41,946.3,13.0,287,0.0,12,1,5,33.4,44.4,32.0,12.0,46.5,45.1,49.79999999999999,33.333333333333336,32.62083333333333
2026-05-26 13:00:00,43.2,32.0,49,946.9,15.3,288,0.0,13,1,5,56.2,68.2,48.0,14.1,42.2,59.7,53.833333333333336,37.016666666666666,33.025
2026-05-26 14:00:00,52.1,30.1,58,947.3,15.4,275,0.0,14,1,5,43.2,33.4,72.8,18.3,35.6,36.5,53.03333333333333,39.44166666666666,33.06666666666666
2026-05-26 15:00:00,42.7,28.6,66,948.3,14.4,272,0.0,15,1,5,52.1,56.2,44.4,12.0,43.6,65.3,49.583333333333336,42.25833333333333,33.75416666666667
2026-05-26 16:00:00,31.6,27.3,74,949.0,13.5,273,0.0,16,1,5,42.7,43.2,68.2,19.7,53.2,28.5,49.300000000000004,44.81666666666667,33.71666666666667
2026-05-26 17:00:00,16.7,26.6,79,949.6,12.7,263,0.0,17,1,5,31.6,52.1,33.4,25.1,62.2,46.1,43.199999999999996,45.80833333333333,32.81666666666667
2026-05-26 18:00:00,41.3,26.3,81,949.1,11.9,260,0.0,18,1,5,16.7,42.7,56.2,32.0,23.1,17.3,40.416666666666664,45.10833333333333,30.920833333333334
2026-05-26 19:00:00,23.2,25.8,83,949.0,11.7,266,0.0,19,1,5,41.3,31.6,43.2,48.0,12.0,15.0,37.93333333333334,45.88333333333333,31.67916666666667
2026-05-26 20:00:00,12.0,25.3,85,948.6,11.9,267,0.0,20,1,5,23.2,16.7,52.1,72.8,12.0,12.0,34.6,43.81666666666666,32.145833333333336
2026-05-26 21:00:00,27.5,24.8,88,948.2,11.8,263,0.0,21,1,5,12.0,41.3,42.7,44.4,28.5,12.0,27.916666666666668,38.75,32.145833333333336
2026-05-26 22:00:00,12.0,24.7,88,947.9,12.4,260,0.0,22,1,5,27.5,23.2,31.6,68.2,12.0,12.0,25.38333333333333,37.34166666666667,32.104166666666664
2026-05-26 23:00:00,12.0,24.8,87,948.0,12.5,264,0.0,23,1,5,12.0,12.0,16.7,33.4,12.0,12.0,22.116666666666664,32.65833333333333,32.104166666666664
2026-05-27 00:00:00,12.0,24.2,91,947.8,11.3,256,0.0,0,2,5,12.0,27.5,41.3,56.2,12.0,12.0,21.333333333333332,30.875,32.104166666666664
2026-05-27 01:00:00,12.0,24.7,88,948.7,11.2,264,0.0,1,2,5,12.0,12.0,23.2,43.2,14.1,31.0,16.45,27.191666666666666,32.104166666666664
2026-05-27 02:00:00,15.4,26.0,79,949.9,12.3,267,0.0,2,2,5,12.0,12.0,12.0,52.1,18.3,12.0,14.583333333333334,24.59166666666667,32.016666666666666
2026-05-27 03:00:00,12.0,28.1,67,950.8,10.1,268,0.0,3,2,5,15.4,12.0,27.5,42.7,12.0,12.0,15.149999999999999,21.53333333333333,31.89583333333333
2026-05-27 04:00:00,12.0,30.3,56,951.2,10.4,278,0.0,4,2,5,12.0,12.0,12.0,31.6,19.7,19.1,12.566666666666665,18.975,31.895833333333332
2026-05-27 05:00:00,13.7,32.4,48,951.5,9.5,281,0.0,5,2,5,12.0,15.4,12.0,16.7,25.1,34.6,12.566666666666665,17.341666666666665,31.575
2026-05-27 06:00:00,57.1,34.0,42,951.4,7.4,277,0.0,6,2,5,13.7,12.0,12.0,41.3,32.0,24.6,12.85,17.091666666666665,31.099999999999998
2026-05-27 07:00:00,59.3,35.3,37,950.7,6.6,279,0.1,7,2,5,57.1,12.0,12.0,23.2,48.0,53.5,20.366666666666664,18.408333333333335,32.145833333333336
2026-05-27 08:00:00,51.9,36.5,32,949.7,7.4,277,0.0,8,2,5,59.3,13.7,15.4,12.0,72.8,62.5,28.25,21.416666666666668,32.61666666666667
2026-05-27 09:00:00,69.7,36.8,30,948.7,8.9,264,0.0,9,2,5,51.9,57.1,12.0,27.5,44.4,31.6,34.333333333333336,24.741666666666664,31.745833333333334
2026-05-27 10:00:00,57.1,35.8,32,948.3,11.2,270,0.2,10,2,5,69.7,59.3,12.0,12.0,68.2,35.6,43.949999999999996,28.258333333333336,32.800000000000004
2026-05-27 11:00:00,66.8,34.6,37,947.9,11.6,289,0.5,11,2,5,57.1,51.9,13.7,12.0,33.4,28.8,51.46666666666667,32.016666666666666,32.3375
2026-05-27 12:00:00,47.0,32.6,43,948.0,12.7,276,0.3,12,2,5,66.8,69.7,57.1,12.0,56.2,46.5,60.31666666666666,36.583333333333336,33.729166666666664
2026-05-27 13:00:00,46.6,30.8,53,948.1,13.7,275,0.2,13,2,5,47.0,57.1,59.3,12.0,43.2,42.2,58.633333333333326,39.5,33.34583333333333
2026-05-27 14:00:00,56.6,29.5,60,948.3,14.0,285,0.0,14,2,5,46.6,66.8,51.9,15.4,52.1,35.6,56.51666666666667,42.38333333333333,33.487500000000004
2026-05-27 15:00:00,37.1,28.3,68,948.6,14.5,281,0.0,15,2,5,56.6,47.0,69.7,12.0,42.7,43.6,57.300000000000004,45.81666666666667,33.675000000000004
2026-05-27 16:00:00,37.0,27.1,77,949.1,13.4,276,0.0,16,2,5,37.1,46.6,57.1,12.0,31.6,53.2,51.86666666666667,47.90833333333333,33.44166666666667
2026-05-27 17:00:00,21.2,26.5,81,949.3,12.1,275,0.0,17,2,5,37.0,56.6,66.8,13.7,16.7,62.2,48.51666666666667,49.99166666666667,33.666666666666664
2026-05-27 18:00:00,14.0,26.1,82,948.8,12.5,278,0.0,18,2,5,21.2,37.1,47.0,57.1,41.3,23.1,40.916666666666664,50.61666666666667,33.854166666666664
2026-05-27 19:00:00,12.0,25.7,83,948.7,11.5,268,0.0,19,2,5,14.0,37.0,46.6,59.3,23.2,12.0,35.416666666666664,47.025,32.71666666666666
2026-05-27 20:00:00,23.9,25.3,83,948.4,11.7,266,0.0,20,2,5,12.0,21.2,56.6,51.9,12.0,12.0,29.650000000000002,43.083333333333336,32.25
2026-05-27 21:00:00,12.0,24.8,86,948.0,12.3,265,0.0,21,2,5,23.9,14.0,37.1,69.7,27.5,28.5,24.2,40.75,32.74583333333333
2026-05-27 22:00:00,12.0,24.5,87,947.9,11.8,262,0.0,22,2,5,12.0,12.0,37.0,57.1,12.0,12.0,20.01666666666667,35.94166666666666,32.1
2026-05-27 23:00:00,16.7,24.3,88,948.2,10.5,263,0.0,23,2,5,12.0,23.9,21.2,66.8,12.0,12.0,15.85,32.18333333333333,32.1
2026-05-28 00:00:00,12.0,24.1,87,948.5,11.3,262,0.0,0,3,5,16.7,12.0,14.0,47.0,12.0,12.0,15.1,28.008333333333336,32.295833333333334
2026-05-28 01:00:00,12.0,24.5,81,949.1,12.5,265,0.0,1,3,5,12.0,12.0,12.0,46.6,12.0,14.1,14.766666666666666,25.09166666666667,32.295833333333334
2026-05-28 02:00:00,12.0,25.9,74,949.9,11.9,266,0.0,2,3,5,12.0,16.7,23.9,56.6,15.4,18.3,14.766666666666666,22.208333333333332,32.295833333333334
2026-05-28 03:00:00,12.0,28.0,63,950.6,12.3,273,0.0,3,3,5,12.0,12.0,12.0,37.1,12.0,12.0,12.783333333333331,18.491666666666664,32.15416666666667
2026-05-28 04:00:00,24.6,30.3,52,951.2,12.8,276,0.0,4,3,5,12.0,12.0,12.0,37.0,12.0,19.7,12.783333333333331,16.4,32.15416666666667
2026-05-28 05:00:00,33.9,32.4,43,951.3,12.9,279,0.0,5,3,5,24.6,12.0,16.7,21.2,13.7,25.1,14.883333333333333,15.366666666666665,32.67916666666667
2026-05-28 06:00:00,12.8,34.3,37,950.8,10.9,279,0.0,6,3,5,33.9,12.0,12.0,14.0,57.1,32.0,17.75,16.425,33.520833333333336
2026-05-28 07:00:00,44.4,35.6,33,949.9,9.7,281,0.0,7,3,5,12.8,24.6,12.0,12.0,59.3,48.0,17.883333333333333,16.325,31.674999999999997
2026-05-28 08:00:00,46.1,37.0,28,949.0,10.3,281,0.0,8,3,5,44.4,33.9,12.0,23.9,51.9,72.8,23.28333333333333,19.025000000000002,31.05416666666667
2026-05-28 09:00:00,46.4,37.2,25,947.9,13.7,286,0.0,9,3,5,46.1,12.8,12.0,12.0,69.7,44.4,28.96666666666667,20.875,30.8125
2026-05-28 10:00:00,39.9,36.3,29,947.3,17.2,286,0.0,10,3,5,46.4,44.4,24.6,12.0,57.1,68.2,34.699999999999996,23.741666666666664,29.84166666666667
2026-05-28 11:00:00,20.8,35.2,35,947.1,16.2,282,0.0,11,3,5,39.9,46.1,33.9,16.7,66.8,33.4,37.24999999999999,26.066666666666666,29.125
2026-05-28 12:00:00,30.8,34.1,42,947.0,14.9,288,0.0,12,3,5,20.8,46.4,12.8,12.0,47.0,56.2,35.06666666666667,26.40833333333333,27.208333333333332
2026-05-28 13:00:00,33.2,31.7,52,947.2,15.7,289,0.0,13,3,5,30.8,39.9,44.4,12.0,46.6,43.2,38.06666666666666,27.974999999999998,26.533333333333335
2026-05-28 14:00:00,42.8,29.5,60,947.8,16.0,282,0.0,14,3,5,33.2,20.8,46.1,12.0,56.6,52.1,36.2,29.741666666666664,25.974999999999998
2026-05-28 15:00:00,16.1,27.8,65,948.5,14.9,270,0.0,15,3,5,42.8,30.8,46.4,12.0,37.1,42.7,35.65,32.30833333333333,25.400000000000002
2026-05-28 16:00:00,47.2,26.5,72,949.1,13.2,260,0.0,16,3,5,16.1,33.2,39.9,24.6,37.0,31.6,30.600000000000005,32.65,24.524999999999995
2026-05-28 17:00:00,32.9,25.7,78,949.4,12.7,252,0.0,17,3,5,47.2,42.8,20.8,33.9,21.2,16.7,31.816666666666666,34.53333333333333,24.95
2026-05-28 18:00:00,32.0,25.3,82,949.1,12.6,253,0.0,18,3,5,32.9,16.1,30.8,12.8,14.0,41.3,33.833333333333336,34.449999999999996,25.4375
2026-05-28 19:00:00,16.1,24.6,84,948.6,12.7,258,0.0,19,3,5,32.0,47.2,33.2,44.4,12.0,23.2,34.03333333333333,36.050000000000004,26.1875
2026-05-28 20:00:00,12.0,24.4,86,948.1,12.6,261,0.0,20,3,5,16.1,32.9,42.8,46.1,23.9,12.0,31.183333333333334,33.69166666666667,26.358333333333334
2026-05-28 21:00:00,22.9,24.5,85,947.9,12.6,259,0.0,21,3,5,12.0,32.0,16.1,46.4,12.0,27.5,26.05,30.849999999999998,25.8625
2026-05-28 22:00:00,12.0,24.4,86,947.8,12.8,261,0.0,22,3,5,22.9,16.1,47.2,39.9,12.0,12.0,27.183333333333334,28.89166666666667,26.316666666666666
2026-05-28 23:00:00,12.0,24.4,85,948.2,13.2,264,0.0,23,3,5,12.0,12.0,32.9,20.8,16.7,12.0,21.316666666666666,26.566666666666663,26.316666666666666
2026-05-29 00:00:00,12.0,24.6,84,948.0,14.1,260,0.0,0,4,5,12.0,22.9,32.0,30.8,12.0,12.0,17.833333333333332,25.833333333333332,26.120833333333334
2026-05-29 01:00:00,12.0,24.9,82,948.7,12.8,256,0.0,1,4,5,12.0,12.0,16.1,33.2,12.0,12.0,14.5,24.26666666666667,26.120833333333334
2026-05-29 02:00:00,12.0,26.4,75,949.6,13.5,254,0.0,2,4,5,12.0,12.0,12.0,42.8,12.0,15.4,13.816666666666668,22.5,26.120833333333334
2026-05-29 03:00:00,12.0,28.5,63,950.1,15.6,258,0.0,3,4,5,12.0,12.0,22.9,16.1,12.0,12.0,13.816666666666668,19.933333333333334,26.120833333333334
2026-05-29 04:00:00,12.0,30.4,54,950.2,15.8,262,0.0,4,4,5,12.0,12.0,12.0,47.2,24.6,12.0,12.0,19.591666666666665,26.120833333333334
2026-05-29 05:00:00,12.0,32.5,46,950.3,16.6,269,0.0,5,4,5,12.0,12.0,12.0,32.9,33.9,13.7,12.0,16.658333333333335,25.59583333333333
2026-05-29 06:00:00,12.0,34.3,41,949.9,16.4,269,0.0,6,4,5,12.0,12.0,12.0,32.0,12.8,57.1,12.0,14.916666666666666,24.683333333333334
2026-05-29 07:00:00,27.3,34.9,40,949.0,17.8,270,0.0,7,4,5,12.0,12.0,12.0,16.1,44.4,59.3,12.0,13.25,24.650000000000002
2026-05-29 08:00:00,23.1,35.2,39,948.3,17.7,272,0.0,8,4,5,27.3,12.0,12.0,12.0,46.1,51.9,14.549999999999999,14.183333333333335,23.9375
2026-05-29 09:00:00,34.4,35.5,38,947.6,16.5,276,0.0,9,4,5,23.1,12.0,12.0,22.9,46.4,69.7,16.400000000000002,15.108333333333334,22.979166666666668
2026-05-29 10:00:00,61.7,35.3,38,947.0,17.4,281,0.0,10,4,5,34.4,27.3,12.0,12.0,39.9,57.1,20.133333333333333,16.066666666666666,22.479166666666668
2026-05-29 11:00:00,51.3,34.0,42,946.7,17.8,286,0.0,11,4,5,61.7,23.1,12.0,12.0,20.8,66.8,28.416666666666668,20.208333333333332,23.3875
2026-05-29 12:00:00,20.3,32.8,46,946.7,17.6,284,0.0,12,4,5,51.3,34.4,12.0,12.0,30.8,47.0,34.96666666666667,23.483333333333334,24.658333333333335
2026-05-29 13:00:00,65.9,31.2,50,947.0,16.1,276,0.0,13,4,5,20.3,61.7,27.3,12.0,33.2,46.6,36.35,24.175,24.22083333333333
2026-05-29 14:00:00,39.1,29.7,56,947.2,15.8,268,0.0,14,4,5,65.9,51.3,23.1,12.0,42.8,56.6,42.78333333333333,28.666666666666668,25.583333333333332
2026-05-29 15:00:00,24.3,28.3,68,947.7,16.0,258,0.0,15,4,5,39.1,20.3,34.4,12.0,16.1,37.1,45.449999999999996,30.925,25.429166666666664
2026-05-29 16:00:00,12.0,27.1,77,947.9,14.5,253,0.0,16,4,5,24.3,65.9,61.7,12.0,47.2,37.0,43.76666666666667,31.95,25.770833333333332
2026-05-29 17:00:00,29.5,26.6,80,948.4,14.9,255,0.0,17,4,5,12.0,39.1,51.3,12.0,32.9,21.2,35.483333333333334,31.95,24.304166666666664
2026-05-29 18:00:00,28.9,26.1,82,947.9,14.5,259,0.0,18,4,5,29.5,24.3,20.3,12.0,32.0,14.0,31.850000000000005,33.40833333333333,24.162499999999998
2026-05-29 19:00:00,41.0,25.8,82,947.6,14.1,260,0.0,19,4,5,28.9,12.0,65.9,27.3,16.1,12.0,33.28333333333334,34.81666666666667,24.033333333333335
2026-05-29 20:00:00,15.8,25.4,84,947.5,14.3,260,0.0,20,4,5,41.0,29.5,39.1,23.1,12.0,23.9,29.133333333333336,35.958333333333336,25.070833333333336
2026-05-29 21:00:00,12.0,25.1,86,947.2,13.3,257,0.0,21,4,5,15.8,28.9,24.3,34.4,22.9,12.0,25.25,35.35,25.229166666666668
2026-05-29 22:00:00,12.0,25.1,84,946.9,12.3,259,0.0,22,4,5,12.0,41.0,12.0,61.7,12.0,12.0,23.2,33.483333333333334,24.775000000000002
2026-05-29 23:00:00,12.0,25.1,83,946.9,13.7,260,0.0,23,4,5,12.0,15.8,29.5,51.3,12.0,16.7,23.2,29.34166666666667,24.775000000000002
2026-05-30 00:00:00,12.0,24.7,83,947.1,13.8,254,0.0,0,5,5,12.0,12.0,28.9,20.3,12.0,12.0,20.28333333333333,26.066666666666666,24.775000000000002
2026-05-30 01:00:00,12.0,25.1,80,947.7,12.8,254,0.0,1,5,5,12.0,12.0,41.0,65.9,12.0,12.0,17.466666666666665,25.375,24.775000000000002
2026-05-30 02:00:00,12.0,26.5,74,948.5,13.8,262,0.0,2,5,5,12.0,12.0,15.8,39.1,12.0,12.0,12.633333333333333,20.883333333333333,24.775000000000002
2026-05-30 03:00:00,12.0,28.5,63,949.1,14.9,268,0.0,3,5,5,12.0,12.0,12.0,24.3,12.0,12.0,12.0,18.625,24.775000000000002
2026-05-30 04:00:00,12.0,30.4,56,949.5,15.7,268,0.0,4,5,5,12.0,12.0,12.0,12.0,12.0,24.6,12.0,17.599999999999998,24.775000000000002
2026-05-30 05:00:00,12.0,32.4,48,949.6,15.5,271,0.0,5,5,5,12.0,12.0,12.0,29.5,12.0,33.9,12.0,17.599999999999998,24.775000000000002
2026-05-30 06:00:00,47.4,33.8,42,949.6,12.8,284,0.0,6,5,5,12.0,12.0,12.0,28.9,12.0,12.8,12.0,16.141666666666666,24.775000000000002
2026-05-30 07:00:00,22.1,35.0,36,949.1,12.8,287,0.0,7,5,5,47.4,12.0,12.0,41.0,27.3,44.4,17.900000000000002,17.683333333333334,26.25
2026-05-30 08:00:00,53.1,35.5,35,948.4,12.3,285,0.0,8,5,5,22.1,12.0,12.0,15.8,23.1,46.1,19.583333333333332,16.10833333333333,26.03333333333333
2026-05-30 09:00:00,45.5,36.1,33,947.4,13.7,283,0.0,9,5,5,53.1,47.4,12.0,12.0,34.4,46.4,26.433333333333337,19.21666666666667,27.283333333333335
2026-05-30 10:00:00,70.7,35.2,35,946.8,15.5,285,0.1,10,5,5,45.5,22.1,12.0,12.0,61.7,39.9,32.01666666666667,22.008333333333336,27.745833333333334
2026-05-30 11:00:00,79.9,34.7,38,946.2,15.0,280,0.0,11,5,5,70.7,53.1,12.0,12.0,51.3,20.8,41.800000000000004,26.900000000000002,28.120833333333337
2026-05-30 12:00:00,51.5,34.4,37,946.0,14.5,281,0.0,12,5,5,79.9,45.5,47.4,12.0,20.3,30.8,53.116666666666674,32.55833333333334,29.3125
2026-05-30 13:00:00,26.9,32.3,45,945.8,17.0,263,0.0,13,5,5,51.5,70.7,22.1,12.0,65.9,33.2,53.80000000000001,35.85,30.6125
2026-05-30 14:00:00,21.6,30.3,54,946.2,18.2,256,0.0,14,5,5,26.9,79.9,53.1,12.0,39.1,42.8,54.6,37.09166666666667,28.9875
2026-05-30 15:00:00,44.4,28.1,69,947.0,17.5,256,0.0,15,5,5,21.6,51.5,45.5,12.0,24.3,16.1,49.35,37.89166666666667,28.258333333333336
2026-05-30 16:00:00,38.7,27.1,73,947.6,14.6,260,0.0,16,5,5,44.4,26.9,70.7,12.0,12.0,47.2,49.166666666666664,40.59166666666667,29.095833333333335
2026-05-30 17:00:00,38.7,26.4,77,948.0,13.3,261,0.0,17,5,5,38.7,21.6,79.9,12.0,29.5,32.9,43.833333333333336,42.81666666666667,30.20833333333334
2026-05-30 18:00:00,40.7,26.1,77,948.1,14.4,262,0.0,18,5,5,38.7,44.4,51.5,47.4,28.9,32.0,36.96666666666667,45.041666666666664,30.59166666666667
2026-05-30 19:00:00,12.0,25.7,81,948.1,12.7,259,0.0,19,5,5,40.7,38.7,26.9,22.1,41.0,16.1,35.166666666666664,44.48333333333334,31.083333333333332
2026-05-30 20:00:00,12.0,25.7,82,947.8,15.8,259,0.0,20,5,5,12.0,38.7,21.6,53.1,15.8,12.0,32.68333333333333,43.64166666666667,29.875
2026-05-30 21:00:00,12.0,25.6,83,947.7,14.4,261,0.0,21,5,5,12.0,40.7,44.4,45.5,12.0,22.9,31.083333333333332,40.21666666666667,29.71666666666667
2026-05-30 22:00:00,12.0,25.3,85,947.6,13.4,265,0.0,22,5,5,12.0,12.0,38.7,70.7,12.0,12.0,25.683333333333334,37.425000000000004,29.71666666666667
2026-05-30 23:00:00,12.0,25.3,84,947.9,12.1,267,0.0,23,5,5,12.0,12.0,38.7,79.9,12.0,12.0,21.233333333333334,32.53333333333334,29.71666666666667
2026-05-31 00:00:00,13.9,25.4,86,948.1,9.6,256,0.0,0,6,5,12.0,12.0,40.7,51.5,12.0,12.0,16.78333333333333,26.875,29.71666666666667
2026-05-31 01:00:00,12.0,25.3,87,948.9,8.6,271,0.1,1,6,5,13.9,12.0,12.0,26.9,12.0,12.0,12.316666666666668,23.741666666666664,29.795833333333334
2026-05-31 02:00:00,12.0,26.4,78,949.8,7.1,279,0.1,2,6,5,12.0,12.0,12.0,21.6,12.0,12.0,12.316666666666668,22.5,29.795833333333334
2026-05-31 03:00:00,12.0,27.9,68,950.4,6.3,268,0.0,3,6,5,12.0,13.9,12.0,44.4,12.0,12.0,12.316666666666668,21.700000000000003,29.795833333333334
2026-05-31 04:00:00,12.0,30.2,54,950.8,8.2,279,0.1,4,6,5,12.0,12.0,12.0,38.7,12.0,12.0,12.316666666666668,19.0,29.795833333333334
2026-05-31 05:00:00,51.9,32.1,48,950.7,9.5,289,0.2,5,6,5,12.0,12.0,12.0,38.7,12.0,12.0,12.316666666666668,16.775000000000002,29.795833333333334
2026-05-31 06:00:00,47.3,33.6,41,950.3,8.9,298,0.0,6,6,5,51.9,12.0,13.9,40.7,47.4,12.0,18.966666666666665,17.875,31.458333333333332
2026-05-31 07:00:00,53.7,33.9,39,949.9,9.3,294,0.1,7,6,5,47.3,12.0,12.0,12.0,22.1,27.3,24.53333333333333,18.425,31.45416666666667
2026-05-31 08:00:00,38.6,34.3,38,949.3,13.4,285,0.2,8,6,5,53.7,51.9,12.0,12.0,53.1,23.1,31.48333333333333,21.900000000000002,32.770833333333336
2026-05-31 09:00:00,49.7,34.1,40,948.6,13.3,261,0.3,9,6,5,38.6,47.3,12.0,12.0,45.5,34.4,35.916666666666664,24.116666666666664,32.166666666666664
2026-05-31 10:00:00,37.8,32.5,48,947.7,14.0,300,0.4,10,6,5,49.7,53.7,12.0,12.0,70.7,61.7,42.199999999999996,27.258333333333336,32.34166666666667
2026-05-31 11:00:00,40.3,32.3,47,947.3,15.5,278,0.1,11,6,5,37.8,38.6,51.9,12.0,79.9,51.3,46.5,29.40833333333333,30.97083333333333
2026-05-31 12:00:00,51.3,31.7,48,946.6,15.7,267,0.1,12,6,5,40.3,49.7,47.3,13.9,51.5,20.3,44.56666666666667,31.766666666666666,29.32083333333333
2026-05-31 13:00:00,30.1,30.6,53,946.9,15.7,273,0.0,13,6,5,51.3,37.8,53.7,12.0,26.9,65.9,45.23333333333333,34.88333333333333,29.3125
2026-05-31 14:00:00,50.1,29.3,58,947.9,15.3,286,0.0,14,6,5,30.1,40.3,38.6,12.0,21.6,39.1,41.300000000000004,36.391666666666666,29.445833333333336
2026-05-31 15:00:00,27.0,28.0,65,948.8,14.9,285,0.0,15,6,5,50.1,51.3,49.7,12.0,44.4,24.3,43.21666666666667,39.56666666666666,30.63333333333333
2026-05-31 16:00:00,48.8,27.0,71,949.6,14.0,278,0.0,16,6,5,27.0,30.1,37.8,12.0,38.7,12.0,39.43333333333333,40.81666666666666,29.90833333333333
2026-05-31 17:00:00,36.1,26.3,77,950.0,13.2,272,0.0,17,6,5,48.8,50.1,40.3,51.9,38.7,29.5,41.266666666666666,43.883333333333326,30.329166666666666
2026-05-31 18:00:00,15.5,25.7,79,949.9,9.9,272,0.0,18,6,5,36.1,27.0,51.3,47.3,40.7,28.9,40.56666666666667,42.56666666666667,30.220833333333335
2026-05-31 19:00:00,40.5,25.6,79,949.4,10.1,275,0.0,19,6,5,15.5,48.8,30.1,53.7,12.0,41.0,34.6,39.916666666666664,29.170833333333334
2026-05-31 20:00:00,27.3,25.3,82,948.8,8.1,266,0.0,20,6,5,40.5,36.1,50.1,38.6,12.0,15.8,36.333333333333336,38.81666666666667,30.358333333333334
2026-05-31 21:00:00,12.0,24.9,85,948.2,7.6,251,0.0,21,6,5,27.3,15.5,27.0,49.7,12.0,12.0,32.53333333333334,37.875,30.995833333333334
2026-05-31 22:00:00,19.8,24.6,87,948.0,7.8,261,0.0,22,6,5,12.0,40.5,48.8,37.8,12.0,12.0,30.033333333333335,34.73333333333333,30.995833333333334
2026-05-31 23:00:00,12.0,24.4,88,948.3,8.2,256,0.0,23,6,5,19.8,27.3,36.1,40.3,12.0,12.0,25.2,33.233333333333334,31.32083333333333
2026-06-01 00:00:00,12.0,24.0,91,948.4,7.3,247,0.0,0,0,6,12.0,12.0,15.5,51.3,13.9,12.0,21.183333333333334,30.875,31.32083333333333
2026-06-01 01:00:00,34.3,24.0,91,948.7,6.7,243,0.0,1,0,6,12.0,19.8,40.5,30.1,12.0,12.0,20.599999999999998,27.599999999999998,31.241666666666664
2026-06-01 02:00:00,33.5,25.5,81,949.3,6.8,252,0.0,2,0,6,34.3,12.0,27.3,50.1,12.0,12.0,19.566666666666666,27.95,32.170833333333334
2026-06-01 03:00:00,12.0,27.8,69,949.7,7.7,270,0.0,3,0,6,33.5,12.0,12.0,27.0,12.0,12.0,20.599999999999998,26.566666666666666,33.06666666666667
2026-06-01 04:00:00,19.8,30.3,56,950.1,7.9,273,0.0,4,0,6,12.0,34.3,19.8,48.8,12.0,12.0,20.599999999999998,25.316666666666666,33.06666666666667
2026-06-01 05:00:00,59.8,32.8,43,950.2,9.1,284,0.0,5,0,6,19.8,33.5,12.0,36.1,51.9,12.0,20.599999999999998,22.900000000000002,33.391666666666666
2026-06-01 06:00:00,39.3,34.2,37,950.0,8.0,297,0.0,6,0,6,59.8,12.0,12.0,15.5,47.3,47.4,28.566666666666663,24.875,33.72083333333333
2026-06-01 07:00:00,45.1,34.5,36,949.6,9.2,286,0.0,7,0,6,39.3,19.8,34.3,40.5,53.7,22.1,33.11666666666667,26.858333333333334,33.387499999999996
2026-06-01 08:00:00,61.3,35.4,34,949.1,7.5,280,0.0,8,0,6,45.1,59.8,33.5,27.3,38.6,53.1,34.916666666666664,27.241666666666664,33.02916666666667
2026-06-01 09:00:00,93.3,36.1,31,948.0,7.9,281,0.0,9,0,6,61.3,39.3,12.0,12.0,49.7,45.5,39.550000000000004,30.075,33.975
2026-06-01 10:00:00,65.4,36.6,28,947.1,9.8,287,0.0,10,0,6,93.3,45.1,19.8,19.8,37.8,70.7,53.1,36.85,35.791666666666664
2026-06-01 11:00:00,67.4,35.5,31,946.6,15.5,274,0.0,11,0,6,65.4,61.3,59.8,12.0,40.3,79.9,60.699999999999996,40.65,36.94166666666667
2026-06-01 12:00:00,51.9,32.9,41,946.7,16.7,252,1.3,12,0,6,67.4,93.3,39.3,12.0,51.3,51.5,61.96666666666666,45.26666666666667,38.07083333333333
2026-06-01 13:00:00,38.4,31.9,47,946.6,16.8,267,0.1,13,0,6,51.9,65.4,45.1,34.3,30.1,26.9,64.06666666666668,48.59166666666667,38.09583333333333
2026-06-01 14:00:00,35.1,29.9,58,947.0,17.8,262,0.0,14,0,6,38.4,67.4,61.3,33.5,50.1,21.6,62.949999999999996,48.93333333333334,38.44166666666666
2026-06-01 15:00:00,50.8,28.3,68,948.0,17.3,266,0.0,15,0,6,35.1,51.9,93.3,12.0,27.0,44.4,58.583333333333336,49.06666666666667,37.81666666666667
2026-06-01 16:00:00,23.6,27.1,75,948.9,17.1,267,0.0,16,0,6,50.8,38.4,65.4,19.8,48.8,38.7,51.50000000000001,52.300000000000004,38.80833333333334
2026-06-01 17:00:00,45.7,26.6,76,949.4,15.5,272,0.0,17,0,6,23.6,35.1,67.4,59.8,36.1,38.7,44.53333333333333,52.61666666666667,37.75833333333333
2026-06-01 18:00:00,28.1,26.0,77,949.3,14.9,272,0.0,18,0,6,45.7,50.8,51.9,39.3,15.5,40.7,40.916666666666664,51.44166666666666,38.15833333333333
2026-06-01 19:00:00,38.4,25.6,78,948.9,13.2,277,0.0,19,0,6,28.1,23.6,38.4,45.1,40.5,12.0,36.949999999999996,50.50833333333333,38.68333333333333
2026-06-01 20:00:00,17.3,25.3,79,948.6,10.4,285,0.0,20,0,6,38.4,45.7,35.1,61.3,27.3,12.0,36.95,49.95000000000001,38.59583333333333
2026-06-01 21:00:00,12.0,25.3,78,948.9,9.4,347,0.1,21,0,6,17.3,28.1,50.8,93.3,12.0,12.0,33.983333333333334,46.28333333333333,38.17916666666667
2026-06-01 22:00:00,12.0,25.3,79,948.7,6.1,302,0.0,22,0,6,12.0,38.4,23.6,65.4,19.8,12.0,27.51666666666667,39.50833333333333,38.17916666666667
2026-06-01 23:00:00,14.6,24.9,80,949.0,5.2,311,0.0,23,0,6,12.0,17.3,45.7,67.4,12.0,12.0,25.583333333333332,35.05833333333334,37.854166666666664
2026-06-02 00:00:00,14.0,24.7,84,949.0,8.1,315,0.0,0,1,6,14.6,12.0,28.1,51.9,12.0,13.9,20.400000000000002,30.65833333333333,37.9625
2026-06-02 01:00:00,12.0,24.9,83,949.1,6.7,314,0.0,1,1,6,14.0,12.0,38.4,38.4,34.3,12.0,18.05,27.5,38.045833333333334
2026-06-02 02:00:00,31.6,25.9,77,948.9,1.5,234,0.0,2,1,6,12.0,14.6,17.3,35.1,33.5,12.0,13.65,25.299999999999997,37.11666666666667
2026-06-02 03:00:00,28.0,28.0,65,949.0,2.4,222,0.0,3,1,6,31.6,14.0,12.0,50.8,12.0,12.0,16.033333333333335,25.008333333333336,37.0375
2026-06-02 04:00:00,36.7,30.3,53,948.9,5.5,259,0.0,4,1,6,28.0,12.0,12.0,23.6,19.8,12.0,18.7,23.108333333333334,37.704166666666666
2026-06-02 05:00:00,13.4,32.4,45,948.7,7.4,256,0.0,5,1,6,36.7,31.6,14.6,45.7,59.8,51.9,22.816666666666666,24.2,38.40833333333334
2026-06-02 06:00:00,46.1,34.3,36,948.4,6.6,253,0.0,6,1,6,13.4,28.0,14.0,28.1,39.3,47.3,22.616666666666664,21.508333333333336,36.475
2026-06-02 07:00:00,52.9,34.8,34,948.2,9.0,268,0.2,7,1,6,46.1,36.7,12.0,38.4,45.1,53.7,27.96666666666667,23.008333333333336,36.75833333333333
2026-06-02 08:00:00,46.2,36.1,29,947.3,8.5,257,0.3,8,1,6,52.9,13.4,31.6,17.3,61.3,38.6,34.78333333333333,24.21666666666667,37.083333333333336
2026-06-02 09:00:00,52.1,35.8,30,945.8,14.3,252,0.2,9,1,6,46.2,46.1,28.0,12.0,93.3,49.7,37.21666666666667,26.625,36.454166666666666
2026-06-02 10:00:00,68.5,34.0,33,945.7,17.5,251,0.3,10,1,6,52.1,52.9,36.7,12.0,65.4,37.8,41.233333333333334,29.96666666666667,34.7375
2026-06-02 11:00:00,12.9,30.8,49,945.6,22.3,269,0.9,11,1,6,68.5,46.2,13.4,14.6,67.4,40.3,46.53333333333333,34.675000000000004,34.86666666666667
2026-06-02 12:00:00,56.0,29.8,57,945.8,16.4,261,0.3,12,1,6,12.9,52.1,46.1,14.0,51.9,51.3,46.449999999999996,34.53333333333334,32.59583333333333
2026-06-02 13:00:00,59.0,29.7,52,946.2,17.8,269,0.0,13,1,6,56.0,68.5,52.9,12.0,38.4,30.1,48.099999999999994,38.03333333333334,32.766666666666666
2026-06-02 14:00:00,41.1,27.7,61,946.6,16.1,266,0.0,14,1,6,59.0,12.9,46.2,31.6,35.1,50.1,49.11666666666667,41.95,33.625
2026-06-02 15:00:00,56.0,26.6,69,947.5,13.0,268,0.0,15,1,6,41.1,56.0,52.1,28.0,50.8,27.0,48.26666666666667,42.74166666666667,33.875
2026-06-02 16:00:00,47.7,26.2,74,947.9,10.5,258,0.0,16,1,6,56.0,59.0,68.5,36.7,23.6,48.8,48.916666666666664,45.074999999999996,34.09166666666666
2026-06-02 17:00:00,29.3,25.8,76,948.1,10.2,246,0.0,17,1,6,47.7,41.1,12.9,13.4,45.7,36.1,45.449999999999996,45.99166666666667,35.09583333333334
2026-06-02 18:00:00,19.6,25.6,75,947.3,10.9,243,0.0,18,1,6,29.3,56.0,56.0,46.1,28.1,15.5,48.18333333333334,47.31666666666667,34.4125
2026-06-02 19:00:00,27.8,24.9,77,946.9,10.7,254,0.0,19,1,6,19.6,47.7,59.0,52.9,38.4,40.5,42.11666666666667,45.10833333333334,34.05833333333333
2026-06-02 20:00:00,12.0,24.7,77,946.5,9.6,258,0.0,20,1,6,27.8,29.3,41.1,46.2,17.3,27.3,36.916666666666664,43.01666666666667,33.61666666666667
2026-06-02 21:00:00,43.2,24.3,80,946.0,7.9,250,0.0,21,1,6,12.0,19.6,56.0,52.1,12.0,12.0,32.06666666666667,40.166666666666664,33.395833333333336
2026-06-02 22:00:00,15.2,24.0,83,946.0,7.7,239,0.0,22,1,6,43.2,27.8,47.7,68.5,12.0,19.8,29.933333333333337,39.425,34.69583333333333
2026-06-02 23:00:00,12.0,23.7,85,945.9,7.1,246,0.0,23,1,6,15.2,12.0,29.3,12.9,14.6,12.0,24.51666666666667,34.983333333333334,34.82916666666667
2026-06-03 00:00:00,12.0,24.2,83,946.4,7.7,249,0.0,0,2,6,12.0,43.2,19.6,56.0,14.0,12.0,21.633333333333336,34.90833333333333,34.72083333333334
2026-06-03 01:00:00,12.0,24.3,83,946.7,6.9,261,0.0,1,2,6,12.0,15.2,27.8,59.0,12.0,34.3,20.366666666666667,31.241666666666664,34.6375
2026-06-03 02:00:00,47.6,25.8,73,947.5,7.5,287,0.0,2,2,6,12.0,12.0,12.0,41.1,31.6,33.5,17.733333333333334,27.325,34.6375
2026-06-03 03:00:00,21.4,27.7,63,947.9,8.6,282,0.0,3,2,6,47.6,12.0,43.2,56.0,28.0,12.0,23.666666666666668,27.866666666666664,35.30416666666667
2026-06-03 04:00:00,18.9,29.7,54,948.0,7.7,279,0.0,4,2,6,21.4,12.0,15.2,47.7,36.7,19.8,20.03333333333333,24.98333333333333,35.02916666666667
2026-06-03 05:00:00,35.3,31.7,45,947.8,5.8,277,0.0,5,2,6,18.9,47.6,12.0,29.3,13.4,59.8,20.65,22.583333333333332,34.2875
2026-06-03 06:00:00,48.7,32.7,42,947.3,5.6,248,0.0,6,2,6,35.3,21.4,12.0,19.6,46.1,39.3,24.53333333333333,23.083333333333332,35.199999999999996
2026-06-03 07:00:00,69.3,34.3,38,946.8,5.5,257,0.0,7,2,6,48.7,18.9,12.0,27.8,52.9,45.1,30.649999999999995,25.50833333333333,35.30833333333333
2026-06-03 08:00:00,62.9,35.5,34,945.8,7.4,257,0.0,8,2,6,69.3,35.3,47.6,12.0,46.2,61.3,40.199999999999996,28.966666666666665,35.99166666666667
2026-06-03 09:00:00,52.0,35.9,32,944.5,11.6,255,0.0,9,2,6,62.9,48.7,21.4,43.2,52.1,93.3,42.75,33.208333333333336,36.6875
2026-06-03 10:00:00,30.5,34.9,34,943.9,15.7,246,0.0,10,2,6,52.0,69.3,18.9,15.2,68.5,65.4,47.849999999999994,33.94166666666666,36.68333333333333
2026-06-03 11:00:00,48.5,32.6,42,943.4,15.9,254,0.1,11,2,6,30.5,62.9,35.3,12.0,12.9,67.4,49.78333333333333,35.21666666666666,35.1
2026-06-03 12:00:00,36.4,32.4,43,943.6,16.1,241,0.1,12,2,6,48.5,52.0,48.7,12.0,56.0,51.9,51.98333333333333,38.25833333333333,36.583333333333336
2026-06-03 13:00:00,33.1,30.1,52,944.6,16.9,253,0.0,13,2,6,36.4,30.5,69.3,12.0,59.0,38.4,49.93333333333334,40.291666666666664,35.76666666666667
2026-06-03 14:00:00,46.5,28.8,58,945.0,17.8,254,0.0,14,2,6,33.1,48.5,62.9,47.6,41.1,35.1,43.9,42.05,34.6875
2026-06-03 15:00:00,53.5,27.8,65,945.5,17.4,257,0.0,15,2,6,46.5,36.4,52.0,21.4,56.0,50.8,41.166666666666664,41.958333333333336,34.9125
2026-06-03 16:00:00,24.5,26.3,74,945.9,14.5,255,0.0,16,2,6,53.5,33.1,30.5,18.9,47.7,23.6,41.416666666666664,44.63333333333333,34.80833333333333
2026-06-03 17:00:00,31.8,25.8,77,946.1,13.2,258,0.0,17,2,6,24.5,46.5,48.5,35.3,29.3,45.7,40.416666666666664,45.1,33.84166666666666
2026-06-03 18:00:00,24.3,25.3,80,946.3,12.3,264,0.0,18,2,6,31.8,53.5,36.4,48.7,19.6,28.1,37.63333333333333,44.80833333333334,33.94583333333333
2026-06-03 19:00:00,12.0,24.9,80,946.0,11.6,263,0.0,19,2,6,24.3,24.5,33.1,69.3,27.8,38.4,35.61666666666667,42.775,34.141666666666666
2026-06-03 20:00:00,12.0,24.6,81,945.2,10.6,251,0.0,20,2,6,12.0,31.8,46.5,62.9,12.0,17.3,32.1,38.0,33.48333333333333
2026-06-03 21:00:00,13.1,24.4,82,944.4,9.4,241,0.0,21,2,6,12.0,24.3,53.5,52.0,43.2,12.0,26.349999999999998,33.75833333333333,33.48333333333333
2026-06-03 22:00:00,17.8,24.2,83,944.1,7.8,228,0.0,22,2,6,13.1,12.0,24.5,30.5,15.2,12.0,19.616666666666664,30.51666666666667,32.229166666666664
2026-06-03 23:00:00,29.4,24.0,83,944.4,6.2,221,0.0,23,2,6,17.8,12.0,31.8,48.5,12.0,14.6,18.5,29.458333333333332,32.3375
2026-06-04 00:00:00,27.0,24.1,84,944.7,4.3,270,0.0,0,3,6,29.4,13.1,24.3,36.4,12.0,14.0,18.099999999999998,27.86666666666667,33.0625
2026-06-04 01:00:00,21.8,24.2,84,945.2,4.4,251,0.0,1,3,6,27.0,17.8,12.0,33.1,12.0,12.0,18.55,27.083333333333332,33.6875
2026-06-04 02:00:00,13.5,25.5,77,946.1,5.4,264,0.0,2,3,6,21.8,29.4,12.0,46.5,47.6,31.6,20.183333333333334,26.14166666666667,34.09583333333333
2026-06-04 03:00:00,43.9,27.8,64,946.7,7.4,273,0.0,3,3,6,13.5,27.0,13.1,53.5,21.4,28.0,20.433333333333334,23.39166666666667,32.675000000000004
2026-06-04 04:00:00,25.1,29.8,55,946.8,6.3,268,0.0,4,3,6,43.9,21.8,17.8,24.5,18.9,36.7,25.566666666666666,22.59166666666667,33.6125
2026-06-04 05:00:00,17.4,32.2,45,947.0,5.5,261,0.0,5,3,6,25.1,13.5,29.4,31.8,35.3,13.4,26.78333333333333,22.641666666666666,33.87083333333333
2026-06-04 06:00:00,54.6,33.5,41,946.8,3.8,270,0.0,6,3,6,17.4,43.9,27.0,24.3,48.7,46.1,24.783333333333335,21.441666666666666,33.125
2026-06-04 07:00:00,68.7,35.3,35,946.1,3.0,256,0.0,7,3,6,54.6,25.1,21.8,12.0,69.3,52.9,29.383333333333336,23.96666666666667,33.37083333333333
2026-06-04 08:00:00,76.2,36.1,33,945.2,3.4,245,0.0,8,3,6,68.7,17.4,13.5,12.0,62.9,46.2,37.199999999999996,28.691666666666666,33.34583333333334
2026-06-04 09:00:00,76.5,36.5,31,944.5,4.6,249,0.0,9,3,6,76.2,54.6,43.9,13.1,52.0,52.1,47.65,34.041666666666664,33.9
2026-06-04 10:00:00,49.0,35.9,33,943.4,8.7,262,0.0,10,3,6,76.5,68.7,25.1,17.8,30.5,68.5,53.083333333333336,39.324999999999996,34.920833333333334
2026-06-04 11:00:00,30.6,32.5,44,943.1,18.4,272,0.6,11,3,6,49.0,76.2,17.4,29.4,48.5,12.9,57.06666666666666,41.925000000000004,35.69166666666667
2026-06-04 12:00:00,41.4,31.8,48,943.6,18.0,249,0.3,12,3,6,30.6,76.5,54.6,27.0,36.4,56.0,59.26666666666667,42.025,34.94583333333333
2026-06-04 13:00:00,42.2,29.8,56,943.9,18.7,256,0.1,13,3,6,41.4,49.0,68.7,21.8,33.1,59.0,57.06666666666666,43.225,35.15416666666666
2026-06-04 14:00:00,57.2,28.2,65,944.6,17.1,266,0.0,14,3,6,42.2,30.6,76.2,13.5,46.5,41.1,52.65,44.925000000000004,35.53333333333334
2026-06-04 15:00:00,31.2,26.9,73,945.3,16.8,257,0.0,15,3,6,57.2,41.4,76.5,43.9,53.5,56.0,49.48333333333334,48.56666666666666,35.97916666666667
2026-06-04 16:00:00,38.8,26.3,77,945.6,14.2,258,0.0,16,3,6,31.2,42.2,49.0,25.1,24.5,47.7,41.93333333333334,47.50833333333333,35.050000000000004
2026-06-04 17:00:00,28.8,25.8,80,945.9,13.2,266,0.0,17,3,6,38.8,57.2,30.6,17.4,31.8,29.3,40.23333333333334,48.65,35.645833333333336
2026-06-04 18:00:00,32.7,25.8,82,945.5,11.5,266,0.0,18,3,6,28.8,31.2,41.4,54.6,24.3,19.6,39.93333333333333,49.6,35.520833333333336
2026-06-04 19:00:00,17.0,25.6,83,945.2,10.7,256,0.0,19,3,6,32.7,38.8,42.2,68.7,12.0,27.8,38.48333333333333,47.775,35.87083333333334
2026-06-04 20:00:00,24.6,25.6,83,944.9,9.6,247,0.0,20,3,6,17.0,28.8,57.2,76.2,12.0,12.0,34.28333333333333,43.46666666666667,36.07916666666667
2026-06-04 21:00:00,20.3,25.3,83,944.3,9.2,247,0.0,21,3,6,24.6,32.7,31.2,76.5,13.1,43.2,28.850000000000005,39.166666666666664,36.604166666666664
2026-06-04 22:00:00,18.4,25.4,82,944.2,10.3,243,0.0,22,3,6,20.3,17.0,38.8,49.0,17.8,15.2,27.03333333333333,34.483333333333334,36.90416666666667
2026-06-04 23:00:00,15.0,25.5,81,944.3,9.6,250,0.0,23,3,6,18.4,24.6,28.8,30.6,29.4,12.0,23.633333333333336,31.933333333333337,36.92916666666667
2026-06-05 00:00:00,34.0,25.3,83,944.6,6.2,278,0.0,0,4,6,15.0,20.3,32.7,41.4,27.0,12.0,21.333333333333332,30.633333333333336,36.329166666666666
2026-06-05 01:00:00,12.0,25.5,82,945.4,5.6,270,0.0,1,4,6,34.0,18.4,17.0,42.2,21.8,12.0,21.55,30.01666666666667,36.62083333333333
2026-06-05 02:00:00,12.0,26.4,76,946.2,6.9,263,0.0,2,4,6,12.0,15.0,24.6,57.2,13.5,47.6,20.716666666666665,27.5,36.2125
2026-06-05 03:00:00,12.0,28.4,66,946.8,8.1,265,0.0,3,4,6,12.0,34.0,20.3,31.2,43.9,21.4,18.616666666666664,23.73333333333333,36.15
2026-06-05 04:00:00,27.6,30.6,56,947.0,8.3,274,0.0,4,4,6,12.0,12.0,18.4,38.8,25.1,18.9,17.23333333333333,22.133333333333336,34.82083333333333
2026-06-05 05:00:00,22.4,32.8,47,946.9,8.7,276,0.0,5,4,6,27.6,12.0,15.0,28.8,17.4,35.3,18.766666666666666,21.2,34.925000000000004
2026-06-05 06:00:00,35.7,34.2,42,946.9,7.6,271,0.0,6,4,6,22.4,12.0,34.0,32.7,54.6,48.7,20.0,20.666666666666668,35.13333333333333
2026-06-05 07:00:00,70.4,35.2,39,946.4,7.9,283,0.0,7,4,6,35.7,27.6,12.0,17.0,68.7,69.3,20.283333333333335,20.916666666666668,34.34583333333334
2026-06-05 08:00:00,47.5,35.9,36,945.4,9.9,274,0.0,8,4,6,70.4,22.4,12.0,24.6,76.2,62.9,30.01666666666667,25.36666666666667,34.416666666666664
2026-06-05 09:00:00,55.9,35.8,34,944.4,14.5,281,0.0,9,4,6,47.5,35.7,12.0,20.3,76.5,52.0,35.93333333333334,27.275000000000002,33.22083333333334
2026-06-05 10:00:00,53.3,33.0,45,943.9,14.2,271,1.0,10,4,6,55.9,70.4,27.6,18.4,49.0,30.5,43.25,30.241666666666664,32.362500000000004
2026-06-05 11:00:00,42.7,32.5,47,943.5,16.3,276,0.1,11,4,6,53.3,47.5,22.4,15.0,30.6,48.5,47.53333333333333,33.15,32.541666666666664
2026-06-05 12:00:00,29.5,32.2,46,943.3,13.6,259,0.6,12,4,6,42.7,55.9,35.7,34.0,41.4,36.4,50.916666666666664,35.458333333333336,33.045833333333334
2026-06-05 13:00:00,42.6,29.2,65,943.8,16.2,249,0.7,13,4,6,29.5,53.3,70.4,12.0,42.2,33.1,49.88333333333333,35.083333333333336,32.550000000000004
2026-06-05 14:00:00,57.5,27.8,72,944.7,13.8,258,0.0,14,4,6,42.6,42.7,47.5,12.0,57.2,46.5,45.25,37.63333333333333,32.56666666666667
2026-06-05 15:00:00,55.3,26.8,78,945.4,13.4,259,0.0,15,4,6,57.5,29.5,55.9,12.0,31.2,53.5,46.916666666666664,41.425000000000004,32.579166666666666
2026-06-05 16:00:00,27.3,26.2,80,945.8,12.1,255,0.0,16,4,6,55.3,42.6,53.3,27.6,38.8,24.5,46.81666666666666,45.03333333333333,33.583333333333336
2026-06-05 17:00:00,33.5,25.9,82,946.1,10.2,252,0.0,17,4,6,27.3,57.5,42.7,22.4,28.8,31.8,42.483333333333334,45.00833333333333,33.104166666666664
2026-06-05 18:00:00,26.5,26.0,82,945.8,11.5,262,0.0,18,4,6,33.5,55.3,29.5,35.7,32.7,24.3,40.949999999999996,45.93333333333334,33.300000000000004
2026-06-05 19:00:00,14.0,25.9,83,945.6,10.9,261,0.0,19,4,6,26.5,27.3,42.6,70.4,17.0,12.0,40.449999999999996,45.166666666666664,33.041666666666664
2026-06-05 20:00:00,12.0,25.8,83,945.1,11.7,259,0.0,20,4,6,14.0,33.5,57.5,47.5,24.6,12.0,35.68333333333333,40.46666666666666,32.916666666666664
2026-06-05 21:00:00,26.8,25.5,85,944.7,11.7,261,0.0,21,4,6,12.0,26.5,55.3,55.9,20.3,13.1,28.099999999999994,37.50833333333333,32.39166666666667
2026-06-05 22:00:00,12.0,25.7,83,944.7,12.8,267,0.0,22,4,6,26.8,14.0,27.3,53.3,18.4,17.8,23.349999999999998,35.083333333333336,32.6625
2026-06-05 23:00:00,12.0,25.7,83,944.9,11.3,269,0.0,23,4,6,12.0,12.0,33.5,42.7,15.0,29.4,20.8,31.641666666666666,32.395833333333336
2026-06-06 00:00:00,12.0,25.5,87,945.2,9.0,272,0.0,0,5,6,12.0,26.8,26.5,29.5,34.0,27.0,17.216666666666665,29.083333333333332,32.270833333333336
2026-06-06 01:00:00,12.0,25.4,87,945.8,7.6,273,0.0,1,5,6,12.0,12.0,14.0,42.6,12.0,21.8,14.799999999999999,27.625,31.354166666666668
2026-06-06 02:00:00,16.2,26.6,79,946.6,7.0,280,0.0,2,5,6,12.0,12.0,12.0,57.5,12.0,13.5,14.466666666666667,25.075,31.354166666666668
2026-06-06 03:00:00,13.1,28.4,69,947.0,7.9,282,0.0,3,5,6,16.2,12.0,26.8,55.3,12.0,43.9,15.166666666666666,21.63333333333333,31.52916666666667
2026-06-06 04:00:00,31.1,30.7,58,947.5,9.9,282,0.0,4,5,6,13.1,12.0,12.0,27.3,27.6,25.1,12.883333333333333,18.116666666666667,31.575
2026-06-06 05:00:00,37.2,32.3,51,947.5,10.1,281,0.0,5,5,6,31.1,16.2,12.0,33.5,22.4,17.4,16.066666666666666,18.433333333333334,31.72083333333333
2026-06-06 06:00:00,37.0,34.1,38,947.6,6.4,292,0.0,6,5,6,37.2,13.1,12.0,26.5,35.7,54.6,20.26666666666667,18.741666666666664,32.3375
2026-06-06 07:00:00,51.6,35.2,34,946.8,7.5,291,0.0,7,5,6,37.0,31.1,12.0,14.0,70.4,68.7,24.433333333333337,19.616666666666664,32.391666666666666
2026-06-06 08:00:00,52.0,36.3,29,946.0,8.4,305,0.0,8,5,6,51.6,37.2,16.2,12.0,47.5,76.2,31.033333333333335,22.75,31.608333333333334
2026-06-06 09:00:00,65.2,36.5,29,945.1,11.2,302,0.0,9,5,6,52.0,37.0,13.1,26.8,55.9,76.5,37.0,26.083333333333332,31.795833333333334
2026-06-06 10:00:00,54.2,34.0,39,944.9,18.8,294,0.1,10,5,6,65.2,51.6,31.1,12.0,53.3,49.0,45.68333333333334,29.28333333333333,32.18333333333333
2026-06-06 11:00:00,56.8,33.2,45,944.7,15.5,275,0.1,11,5,6,54.2,52.0,37.2,12.0,42.7,30.6,49.53333333333333,32.8,32.22083333333334
2026-06-06 12:00:00,12.0,31.0,55,944.6,18.9,277,1.2,12,5,6,56.8,65.2,37.0,12.0,29.5,41.4,52.800000000000004,36.53333333333333,32.80833333333333
2026-06-06 13:00:00,27.9,29.8,59,945.1,19.2,276,0.0,13,5,6,12.0,54.2,51.6,12.0,42.6,42.2,48.63333333333333,36.53333333333333,32.079166666666666
2026-06-06 14:00:00,44.5,28.0,70,945.6,18.2,261,0.0,14,5,6,27.9,56.8,52.0,16.2,57.5,57.2,44.68333333333333,37.85833333333333,31.466666666666665
2026-06-06 15:00:00,44.1,27.2,74,946.2,15.8,262,0.0,15,5,6,44.5,12.0,65.2,13.1,55.3,31.2,43.43333333333333,40.21666666666666,30.924999999999997
2026-06-06 16:00:00,34.1,26.7,77,947.2,13.7,272,0.0,16,5,6,44.1,27.9,54.2,31.1,27.3,38.8,39.916666666666664,42.800000000000004,30.458333333333332
2026-06-06 17:00:00,27.3,26.3,80,947.7,13.6,278,0.0,17,5,6,34.1,44.5,56.8,37.2,33.5,28.8,36.56666666666667,43.050000000000004,30.741666666666664
2026-06-06 18:00:00,24.7,25.7,83,947.6,13.9,268,0.0,18,5,6,27.3,44.1,12.0,37.0,26.5,32.7,31.650000000000002,42.225,30.48333333333333
2026-06-06 19:00:00,12.0,25.5,83,946.9,14.2,267,0.0,19,5,6,24.7,34.1,27.9,51.6,14.0,17.0,33.766666666666666,41.2,30.40833333333333
2026-06-06 20:00:00,12.0,25.3,84,946.8,12.7,263,0.0,20,5,6,12.0,27.3,44.5,52.0,12.0,24.6,31.116666666666664,37.9,30.325
2026-06-06 21:00:00,12.0,25.1,84,946.3,13.9,265,0.0,21,5,6,12.0,24.7,44.1,65.2,26.8,20.3,25.7,34.56666666666667,30.325
2026-06-06 22:00:00,12.0,25.0,85,945.9,13.1,269,0.0,22,5,6,12.0,12.0,34.1,54.2,12.0,18.4,20.349999999999998,30.133333333333336,29.708333333333332
2026-06-06 23:00:00,13.9,24.9,85,946.1,11.7,271,0.0,23,5,6,12.0,12.0,27.3,56.8,12.0,15.0,16.666666666666668,26.61666666666667,29.708333333333332
2026-06-07 00:00:00,12.0,25.6,86,946.1,10.6,268,0.0,0,6,6,13.9,12.0,24.7,12.0,12.0,34.0,14.433333333333332,23.041666666666668,29.787499999999998
2026-06-07 01:00:00,12.0,25.4,86,946.4,10.8,270,0.0,1,6,6,12.0,12.0,12.0,27.9,12.0,12.0,12.316666666666668,23.041666666666668,29.787499999999998
2026-06-07 02:00:00,13.2,26.5,79,947.6,10.2,260,0.0,2,6,6,12.0,13.9,12.0,44.5,16.2,12.0,12.316666666666668,21.71666666666667,29.787499999999998
2026-06-07 03:00:00,16.5,28.3,68,948.2,11.0,267,0.0,3,6,6,13.2,12.0,12.0,44.1,13.1,12.0,12.516666666666666,19.10833333333333,29.662499999999998
2026-06-07 04:00:00,13.3,30.4,58,948.4,12.3,277,0.0,4,6,6,16.5,12.0,12.0,34.1,31.1,27.6,13.266666666666666,16.808333333333334,29.80416666666667
2026-06-07 05:00:00,16.8,32.2,50,948.4,12.6,280,0.0,5,6,6,13.3,13.2,13.9,27.3,37.2,22.4,13.483333333333334,15.075000000000001,29.0625
2026-06-07 06:00:00,27.4,33.9,42,948.2,11.3,287,0.0,6,6,6,16.8,16.5,12.0,24.7,37.0,35.7,13.966666666666667,14.200000000000001,28.212500000000002
2026-06-07 07:00:00,23.9,34.9,38,947.6,10.7,283,0.0,7,6,6,27.4,13.3,12.0,12.0,51.6,70.4,16.53333333333333,14.425000000000002,27.8125
2026-06-07 08:00:00,45.9,35.1,37,946.9,12.6,280,0.0,8,6,6,23.9,16.8,13.2,12.0,52.0,47.5,18.516666666666666,15.416666666666666,26.65833333333333
2026-06-07 09:00:00,53.6,35.3,36,946.0,14.0,279,0.0,9,6,6,45.9,27.4,16.5,12.0,65.2,55.9,23.96666666666667,18.241666666666667,26.404166666666665
2026-06-07 10:00:00,12.6,34.5,38,945.8,15.8,277,0.0,10,6,6,53.6,23.9,13.3,12.0,54.2,53.3,30.150000000000002,21.708333333333332,25.920833333333334
2026-06-07 11:00:00,34.7,31.9,48,945.5,18.7,273,1.3,11,6,6,12.6,45.9,16.8,13.9,56.8,42.7,30.03333333333333,21.758333333333336,24.1875
2026-06-07 12:00:00,37.5,31.3,50,945.4,16.6,274,0.0,12,6,6,34.7,53.6,27.4,12.0,12.0,29.5,33.016666666666666,23.491666666666664,23.26666666666667
2026-06-07 13:00:00,37.0,29.7,57,946.0,16.9,263,0.3,13,6,6,37.5,12.6,23.9,12.0,27.9,42.6,34.7,25.616666666666664,24.32916666666667
2026-06-07 14:00:00,46.9,28.5,63,946.5,16.6,261,0.0,14,6,6,37.0,34.7,45.9,13.2,44.5,57.5,36.88333333333333,27.7,24.708333333333332
2026-06-07 15:00:00,21.5,27.3,70,947.1,14.9,255,0.0,15,6,6,46.9,37.5,53.6,16.5,44.1,55.3,37.050000000000004,30.508333333333336,24.808333333333337
2026-06-07 16:00:00,28.4,26.3,78,947.7,14.1,254,0.0,16,6,6,21.5,37.0,12.6,13.3,34.1,27.3,31.7,30.925,23.86666666666667
2026-06-07 17:00:00,50.6,25.7,82,947.9,13.5,254,0.0,17,6,6,28.4,46.9,34.7,16.8,27.3,33.5,34.333333333333336,32.18333333333333,23.629166666666666
2026-06-07 18:00:00,27.1,25.6,82,947.6,13.3,257,0.0,18,6,6,50.6,21.5,37.5,27.4,24.7,26.5,36.98333333333333,35.0,24.600000000000005
2026-06-07 19:00:00,12.0,25.2,84,947.2,12.0,258,0.0,19,6,6,27.1,28.4,37.0,23.9,12.0,14.0,35.25,34.975,24.7
2026-06-07 20:00:00,29.9,25.1,84,946.7,11.7,252,0.0,20,6,6,12.0,50.6,46.9,45.9,12.0,12.0,31.083333333333332,33.98333333333333,24.7
2026-06-07 21:00:00,12.0,24.9,84,946.3,12.8,256,0.0,21,6,6,29.9,27.1,21.5,53.6,12.0,26.8,28.25,32.65,25.445833333333336
2026-06-07 22:00:00,12.0,24.8,85,946.1,12.3,259,0.0,22,6,6,12.0,12.0,28.4,12.6,12.0,12.0,26.666666666666668,29.183333333333334,25.445833333333336
2026-06-07 23:00:00,12.0,24.5,86,946.1,12.4,257,0.0,23,6,6,12.0,29.9,50.6,34.7,13.9,12.0,23.933333333333337,29.133333333333336,25.445833333333336
2026-06-08 00:00:00,16.9,25.2,91,946.2,8.6,248,0.0,0,0,6,12.0,12.0,27.1,37.5,12.0,12.0,17.5,27.241666666666664,25.36666666666667
2026-06-08 01:00:00,12.7,25.4,88,946.3,10.6,260,0.0,1,0,6,16.9,12.0,12.0,37.0,12.0,12.0,15.800000000000002,25.524999999999995,25.570833333333336
2026-06-08 02:00:00,12.0,26.3,79,947.2,10.5,267,0.0,2,0,6,12.7,12.0,29.9,46.9,13.2,16.2,15.916666666666666,23.499999999999996,25.599999999999998
2026-06-08 03:00:00,12.0,28.1,66,947.8,14.8,274,0.0,3,0,6,12.0,16.9,12.0,21.5,16.5,13.1,12.933333333333332,20.591666666666665,25.549999999999997
2026-06-08 04:00:00,20.2,29.7,58,948.1,15.6,277,0.0,4,0,6,12.0,12.7,12.0,28.4,13.3,31.1,12.933333333333332,19.8,25.362499999999997
2026-06-08 05:00:00,12.0,31.0,55,948.2,15.5,275,0.0,5,0,6,20.2,12.0,12.0,50.6,16.8,37.2,14.299999999999999,19.116666666666664,25.650000000000002
2026-06-08 06:00:00,15.2,32.4,48,948.1,14.5,275,0.0,6,0,6,12.0,12.0,16.9,27.1,27.4,37.0,14.299999999999999,15.899999999999999,25.45
2026-06-08 07:00:00,21.3,33.1,46,947.5,14.9,278,0.1,7,0,6,15.2,20.2,12.7,12.0,23.9,51.6,14.016666666666667,14.908333333333333,24.941666666666666
2026-06-08 08:00:00,28.4,33.5,42,946.5,16.2,273,0.0,8,0,6,21.3,12.0,12.0,29.9,45.9,52.0,15.450000000000001,15.683333333333332,24.833333333333332
2026-06-08 09:00:00,17.7,33.0,44,945.9,17.6,269,0.0,9,0,6,28.4,15.2,12.0,12.0,53.6,65.2,18.183333333333334,15.558333333333332,24.104166666666668
2026-06-08 10:00:00,41.5,31.8,47,945.4,18.4,268,0.5,10,0,6,17.7,21.3,20.2,12.0,12.6,54.2,19.133333333333333,16.03333333333333,22.608333333333334
2026-06-08 11:00:00,31.1,30.1,58,945.2,20.0,266,0.6,11,0,6,41.5,28.4,12.0,12.0,34.7,56.8,22.683333333333334,18.491666666666664,23.8125
2026-06-08 12:00:00,33.8,31.6,45,944.9,18.2,274,0.3,12,0,6,31.1,17.7,15.2,16.9,37.5,12.0,25.866666666666664,20.083333333333332,23.662499999999998
2026-06-08 13:00:00,39.4,29.6,54,945.6,18.1,264,0.1,13,0,6,33.8,41.5,21.3,12.7,37.0,27.9,28.96666666666667,21.49166666666667,23.508333333333336
2026-06-08 14:00:00,38.1,27.7,66,945.9,17.8,262,0.0,14,0,6,39.4,31.1,28.4,12.0,46.9,44.5,31.98333333333333,23.71666666666667,23.608333333333334
2026-06-08 15:00:00,32.3,26.3,77,946.8,14.7,255,0.0,15,0,6,38.1,33.8,17.7,12.0,21.5,44.1,33.6,25.891666666666666,23.241666666666664
2026-06-08 16:00:00,31.4,25.7,82,947.5,13.2,260,0.0,16,0,6,32.3,39.4,41.5,20.2,28.4,34.1,36.03333333333333,27.583333333333332,23.691666666666663
2026-06-08 17:00:00,37.5,25.4,83,947.6,12.6,256,0.0,17,0,6,31.4,38.1,31.1,12.0,50.6,27.3,34.35,28.516666666666666,23.816666666666666
2026-06-08 18:00:00,30.3,25.9,84,947.3,12.3,255,0.0,18,0,6,37.5,32.3,33.8,15.2,27.1,24.7,35.416666666666664,30.641666666666666,23.270833333333332
2026-06-08 19:00:00,12.0,25.4,86,946.7,13.9,250,0.0,19,0,6,30.3,31.4,39.4,21.3,12.0,12.0,34.833333333333336,31.900000000000002,23.40416666666667
2026-06-08 20:00:00,12.0,25.0,87,946.0,13.2,248,0.0,20,0,6,12.0,37.5,38.1,28.4,29.9,12.0,30.26666666666667,31.125,23.40416666666667
2026-06-08 21:00:00,12.6,24.6,87,945.6,14.5,255,0.0,21,0,6,12.0,30.3,32.3,17.7,12.0,12.0,25.916666666666668,29.758333333333336,22.65833333333333
2026-06-08 22:00:00,12.0,24.3,88,945.5,13.0,260,0.0,22,0,6,12.6,12.0,31.4,41.5,12.0,12.0,22.633333333333336,29.333333333333332,22.683333333333334
2026-06-08 23:00:00,12.0,24.4,86,945.6,15.9,265,0.0,23,0,6,12.0,12.0,37.5,31.1,12.0,13.9,19.400000000000002,26.875,22.683333333333334
2026-06-09 00:00:00,12.0,24.7,86,945.5,13.0,260,0.0,0,1,6,12.0,12.6,30.3,33.8,16.9,12.0,15.15,25.283333333333335,22.683333333333334
2026-06-09 01:00:00,12.0,24.6,85,945.7,12.8,254,0.0,1,1,6,12.0,12.0,12.0,39.4,12.7,12.0,12.100000000000001,23.46666666666667,22.479166666666668
2026-06-09 02:00:00,12.0,25.5,80,946.5,14.2,263,0.0,2,1,6,12.0,12.0,12.0,38.1,12.0,13.2,12.100000000000001,21.183333333333334,22.450000000000003
2026-06-09 03:00:00,12.0,27.2,70,947.4,17.3,271,0.0,3,1,6,12.0,12.0,12.6,32.3,12.0,16.5,12.100000000000001,19.008333333333333,22.450000000000003
2026-06-09 04:00:00,12.0,28.7,63,947.7,16.9,270,0.0,4,1,6,12.0,12.0,12.0,31.4,20.2,13.3,12.0,17.316666666666666,22.450000000000003
2026-06-09 05:00:00,12.0,30.9,53,947.9,17.6,271,0.0,5,1,6,12.0,12.0,12.0,37.5,12.0,16.8,12.0,15.699999999999998,22.108333333333334
2026-06-09 06:00:00,35.3,32.4,45,947.6,16.4,273,0.0,6,1,6,12.0,12.0,12.0,30.3,15.2,27.4,12.0,13.574999999999998,22.108333333333334
2026-06-09 07:00:00,12.0,33.1,43,946.7,17.0,277,0.0,7,1,6,35.3,12.0,12.0,12.0,21.3,23.9,15.883333333333333,13.991666666666667,22.94583333333333
2026-06-09 08:00:00,20.2,32.9,45,946.1,18.5,271,0.0,8,1,6,12.0,12.0,12.0,12.0,28.4,45.9,15.883333333333333,13.991666666666667,22.558333333333334
2026-06-09 09:00:00,12.0,32.4,45,945.6,20.2,259,0.0,9,1,6,20.2,35.3,12.0,12.6,17.7,53.6,17.25,14.674999999999999,22.21666666666667
2026-06-09 10:00:00,41.0,30.5,56,945.2,17.7,261,1.0,10,1,6,12.0,12.0,12.0,12.0,41.5,12.6,17.25,14.625,21.979166666666668
2026-06-09 11:00:00,45.6,30.4,58,944.5,18.6,264,0.1,11,1,6,41.0,20.2,12.0,12.0,31.1,34.7,22.083333333333332,17.041666666666668,21.958333333333332
2026-06-09 12:00:00,15.4,29.3,63,944.9,17.8,261,0.0,12,1,6,45.6,12.0,35.3,12.0,33.8,37.5,27.683333333333334,19.841666666666665,22.5625
2026-06-09 13:00:00,26.2,28.3,67,945.1,18.7,263,0.0,13,1,6,15.4,41.0,12.0,12.0,39.4,37.0,24.36666666666667,20.125,21.795833333333334
2026-06-09 14:00:00,60.4,26.8,76,945.9,16.8,253,0.0,14,1,6,26.2,45.6,20.2,12.0,38.1,46.9,26.73333333333333,21.308333333333334,21.245833333333334
2026-06-09 15:00:00,42.6,26.0,82,946.5,13.4,255,0.0,15,1,6,60.4,15.4,12.0,12.0,32.3,21.5,33.43333333333333,25.34166666666667,22.175
2026-06-09 16:00:00,16.4,25.8,83,947.2,14.1,260,0.0,16,1,6,42.6,26.2,41.0,12.0,31.4,28.4,38.53333333333333,27.891666666666666,22.604166666666668
2026-06-09 17:00:00,28.5,25.6,84,947.1,15.4,256,0.0,17,1,6,16.4,60.4,45.6,12.0,37.5,50.6,34.43333333333333,28.258333333333336,21.979166666666668
2026-06-09 18:00:00,17.5,25.3,85,947.0,15.0,259,0.0,18,1,6,28.5,42.6,15.4,35.3,30.3,27.1,31.583333333333332,29.633333333333336,21.604166666666668
2026-06-09 19:00:00,12.0,25.0,84,946.7,17.2,256,0.0,19,1,6,17.5,16.4,26.2,12.0,12.0,12.0,31.933333333333334,28.150000000000002,21.070833333333333
2026-06-09 20:00:00,12.0,24.8,84,946.0,17.5,261,0.0,20,1,6,12.0,28.5,60.4,20.2,12.0,29.9,29.566666666666663,28.150000000000002,21.070833333333333
2026-06-09 21:00:00,12.0,24.7,85,945.5,18.4,262,0.0,21,1,6,12.0,17.5,42.6,12.0,12.6,12.0,21.5,27.46666666666667,21.070833333333333
2026-06-09 22:00:00,12.0,24.9,83,945.5,16.6,261,0.0,22,1,6,12.0,12.0,16.4,41.0,12.0,12.0,16.400000000000002,27.46666666666667,21.04583333333333
2026-06-09 23:00:00,12.0,24.6,85,945.8,16.3,262,0.0,23,1,6,12.0,12.0,28.5,45.6,12.0,12.0,15.666666666666666,25.05,21.04583333333333
2026-06-10 00:00:00,12.0,24.6,85,945.8,13.6,262,0.0,0,2,6,12.0,12.0,17.5,15.4,12.0,16.9,12.916666666666666,22.25,21.04583333333333
2026-06-10 01:00:00,13.4,24.5,86,946.2,11.8,263,0.0,1,2,6,12.0,12.0,12.0,26.2,12.0,12.7,12.0,21.96666666666667,21.04583333333333
2026-06-10 02:00:00,12.0,26.2,77,946.9,16.7,269,0.0,2,2,6,13.4,12.0,12.0,60.4,12.0,12.0,12.233333333333334,20.900000000000002,21.104166666666668
2026-06-10 03:00:00,12.0,27.9,68,947.6,18.2,269,0.1,3,2,6,12.0,12.0,12.0,42.6,12.0,12.0,12.233333333333334,16.866666666666667,21.104166666666668
2026-06-10 04:00:00,12.0,29.2,62,947.9,17.8,269,0.0,4,2,6,12.0,13.4,12.0,16.4,12.0,20.2,12.233333333333334,14.316666666666668,21.104166666666668
2026-06-10 05:00:00,12.0,31.2,53,948.0,17.8,269,0.0,5,2,6,12.0,12.0,12.0,28.5,12.0,12.0,12.233333333333334,13.950000000000001,21.104166666666668
2026-06-10 06:00:00,12.0,32.6,48,947.6,16.2,271,0.0,6,2,6,12.0,12.0,12.0,17.5,35.3,15.2,12.233333333333334,12.575000000000001,21.104166666666668
2026-06-10 07:00:00,18.2,33.4,43,947.0,17.3,271,0.0,7,2,6,12.0,12.0,13.4,12.0,12.0,21.3,12.233333333333334,12.116666666666667,20.133333333333336
2026-06-10 08:00:00,12.0,33.8,41,946.2,18.2,271,0.1,8,2,6,18.2,12.0,12.0,12.0,20.2,28.4,13.033333333333333,12.633333333333335,20.39166666666667
2026-06-10 09:00:00,17.5,33.8,41,945.4,19.2,265,0.0,9,2,6,12.0,12.0,12.0,12.0,12.0,17.7,13.033333333333333,12.633333333333335,20.05
2026-06-10 10:00:00,32.0,33.3,44,945.1,19.4,262,0.0,10,2,6,17.5,18.2,12.0,12.0,41.0,41.5,13.950000000000001,13.091666666666669,20.279166666666665
2026-06-10 11:00:00,39.9,32.6,46,944.8,19.0,261,0.0,11,2,6,32.0,12.0,12.0,12.0,45.6,31.1,17.283333333333335,14.758333333333335,19.90416666666667
2026-06-10 12:00:00,30.2,31.4,47,945.1,20.1,261,0.0,12,2,6,39.9,17.5,12.0,12.0,15.4,33.8,21.933333333333334,17.083333333333332,19.666666666666668
2026-06-10 13:00:00,31.8,30.0,53,945.6,20.3,262,0.0,13,2,6,30.2,32.0,18.2,13.4,26.2,39.4,24.96666666666667,18.6,20.28333333333333
2026-06-10 14:00:00,41.6,27.7,69,946.0,18.9,260,0.0,14,2,6,31.8,39.9,12.0,12.0,60.4,38.1,27.233333333333334,20.133333333333333,20.516666666666666
2026-06-10 15:00:00,21.0,26.6,76,946.5,14.5,262,0.0,15,2,6,41.6,30.2,17.5,12.0,42.6,32.3,32.166666666666664,22.599999999999998,19.733333333333334
2026-06-10 16:00:00,32.3,26.2,79,947.0,14.4,257,0.0,16,2,6,21.0,31.8,32.0,12.0,16.4,31.4,32.75,23.349999999999998,18.833333333333332
2026-06-10 17:00:00,37.2,25.7,82,947.3,13.8,256,0.0,17,2,6,32.3,41.6,39.9,12.0,28.5,37.5,32.8,25.041666666666668,19.495833333333334
2026-06-10 18:00:00,27.2,25.4,84,947.1,14.2,258,0.0,18,2,6,37.2,21.0,30.2,12.0,17.5,30.3,32.35,27.141666666666666,19.858333333333334
2026-06-10 19:00:00,21.2,25.2,84,946.8,14.2,261,0.0,19,2,6,27.2,32.3,31.8,18.2,12.0,12.0,31.849999999999998,28.40833333333333,20.2625
2026-06-10 20:00:00,13.2,24.9,86,946.1,12.6,268,0.0,20,2,6,21.2,37.2,41.6,12.0,12.0,12.0,30.083333333333332,28.658333333333335,20.645833333333332
2026-06-10 21:00:00,12.0,24.9,85,945.5,14.6,265,0.0,21,2,6,13.2,27.2,21.0,17.5,12.0,12.6,25.349999999999998,28.758333333333336,20.695833333333333
2026-06-10 22:00:00,12.0,25.1,83,945.4,15.9,267,0.0,22,2,6,12.0,21.2,32.3,32.0,12.0,12.0,23.850000000000005,28.3,20.695833333333333
2026-06-10 23:00:00,12.0,24.8,84,945.5,14.8,269,0.0,23,2,6,12.0,13.2,37.2,39.9,12.0,12.0,20.466666666666665,26.633333333333336,20.695833333333333
2026-06-11 00:00:00,12.0,24.9,85,945.1,13.3,260,0.0,0,3,6,12.0,12.0,27.2,30.2,12.0,12.0,16.266666666666666,24.308333333333334,20.695833333333333
2026-06-11 01:00:00,12.0,24.7,84,945.6,10.8,259,0.0,1,3,6,12.0,12.0,21.2,31.8,13.4,12.0,13.733333333333333,22.791666666666668,20.695833333333333
2026-06-11 02:00:00,12.0,26.2,77,946.5,15.5,265,0.0,2,3,6,12.0,12.0,13.2,41.6,12.0,12.0,12.200000000000001,21.14166666666667,20.6375
2026-06-11 03:00:00,12.6,28.0,67,946.9,13.8,264,0.0,3,3,6,12.0,12.0,12.0,21.0,12.0,12.0,12.0,18.675,20.6375
2026-06-11 04:00:00,13.2,30.2,54,947.3,14.9,271,0.0,4,3,6,12.6,12.0,12.0,32.3,12.0,12.0,12.1,17.975,20.662499999999998
2026-06-11 05:00:00,12.0,31.9,48,947.3,15.4,276,0.0,5,3,6,13.2,12.0,12.0,37.2,12.0,12.0,12.299999999999999,16.383333333333333,20.7125
2026-06-11 06:00:00,18.2,33.1,45,947.1,16.9,273,0.0,6,3,6,12.0,12.6,12.0,27.2,12.0,35.3,12.299999999999999,14.283333333333331,20.7125
2026-06-11 07:00:00,14.2,34.2,41,946.7,16.2,273,0.0,7,3,6,18.2,13.2,12.0,21.2,18.2,12.0,13.333333333333334,13.533333333333331,20.97083333333333
2026-06-11 08:00:00,36.9,34.7,40,946.1,16.0,269,0.0,8,3,6,14.2,12.0,12.0,13.2,12.0,20.2,13.699999999999998,12.950000000000001,20.804166666666664
2026-06-11 09:00:00,48.0,35.2,38,945.2,16.0,270,0.0,9,3,6,36.9,18.2,12.6,12.0,17.5,12.0,17.849999999999998,14.924999999999997,21.841666666666665
2026-06-11 10:00:00,73.6,35.0,38,944.7,17.9,274,0.0,10,3,6,48.0,14.2,13.2,12.0,32.0,41.0,23.75,17.924999999999997,23.112499999999997
2026-06-11 11:00:00,58.1,33.9,41,944.5,19.1,272,0.0,11,3,6,73.6,36.9,12.0,12.0,39.9,45.6,33.81666666666667,23.058333333333334,24.84583333333333
2026-06-11 12:00:00,43.1,32.2,48,944.8,17.5,260,0.0,12,3,6,58.1,48.0,18.2,12.0,30.2,15.4,41.5,26.899999999999995,25.604166666666668
2026-06-11 13:00:00,31.9,30.2,55,945.0,17.7,255,0.0,13,3,6,43.1,73.6,14.2,12.0,31.8,26.2,45.65,29.491666666666664,26.141666666666666
2026-06-11 14:00:00,26.1,28.6,64,945.2,18.0,249,0.0,14,3,6,31.9,58.1,36.9,12.0,41.6,60.4,48.6,31.149999999999995,26.145833333333332
2026-06-11 15:00:00,37.6,27.2,70,945.7,15.7,251,0.0,15,3,6,26.1,43.1,48.0,12.6,21.0,42.6,46.800000000000004,32.324999999999996,25.5
2026-06-11 16:00:00,46.1,26.4,76,946.4,14.4,255,0.0,16,3,6,37.6,31.9,73.6,13.2,32.3,16.4,45.06666666666666,34.40833333333334,26.191666666666666
2026-06-11 17:00:00,20.6,25.8,80,946.6,13.6,255,0.0,17,3,6,46.1,26.1,58.1,12.0,37.2,28.5,40.483333333333334,37.15,26.766666666666666
2026-06-11 18:00:00,34.0,25.5,81,946.6,13.3,251,0.0,18,3,6,20.6,37.6,43.1,18.2,27.2,17.5,34.233333333333334,37.86666666666667,26.075
2026-06-11 19:00:00,27.8,25.3,82,946.1,13.2,253,0.0,19,3,6,34.0,46.1,31.9,14.2,21.2,12.0,32.71666666666667,39.18333333333333,26.358333333333334
2026-06-11 20:00:00,12.8,25.0,84,945.6,13.1,254,0.0,20,3,6,27.8,20.6,26.1,36.9,13.2,12.0,32.03333333333334,40.31666666666667,26.633333333333336
2026-06-11 21:00:00,15.9,24.9,84,945.5,12.6,250,0.0,21,3,6,12.8,34.0,37.6,48.0,12.0,12.0,29.816666666666674,38.30833333333334,26.616666666666664
2026-06-11 22:00:00,12.0,24.7,85,945.4,12.2,250,0.0,22,3,6,15.9,27.8,46.1,73.6,12.0,12.0,26.2,35.63333333333333,26.779166666666665
2026-06-11 23:00:00,15.4,24.5,86,945.4,12.5,249,0.0,23,3,6,12.0,12.8,20.6,58.1,12.0,12.0,20.51666666666667,30.5,26.779166666666665
2026-06-12 00:00:00,12.0,25.2,86,945.5,12.7,257,0.0,0,4,6,15.4,15.9,34.0,43.1,12.0,12.0,19.65,26.941666666666666,26.92083333333333
2026-06-12 01:00:00,12.0,25.4,85,946.0,13.2,260,0.0,1,4,6,12.0,12.0,27.8,31.9,12.0,13.4,15.983333333333334,24.349999999999998,26.92083333333333
2026-06-12 02:00:00,12.0,26.6,75,946.7,14.2,258,0.0,2,4,6,12.0,15.4,12.8,26.1,12.0,12.0,13.35,22.691666666666666,26.92083333333333
2026-06-12 03:00:00,16.3,28.6,62,947.3,15.6,253,0.0,3,4,6,12.0,12.0,15.9,37.6,12.6,12.0,13.216666666666667,21.516666666666666,26.92083333333333
2026-06-12 04:00:00,12.0,30.6,55,947.8,16.8,254,0.0,4,4,6,16.3,12.0,12.0,46.1,13.2,12.0,13.283333333333333,19.741666666666667,27.075000000000003
2026-06-12 05:00:00,19.4,32.6,46,948.1,17.9,258,0.0,5,4,6,12.0,12.0,15.4,20.6,12.0,12.0,13.283333333333333,16.900000000000002,27.025000000000002
2026-06-12 06:00:00,32.1,32.8,46,948.1,15.7,267,0.0,6,4,6,19.4,16.3,12.0,34.0,18.2,12.0,13.949999999999998,16.8,27.333333333333332
2026-06-12 07:00:00,12.0,33.4,44,947.7,16.6,261,0.0,7,4,6,32.1,12.0,12.0,27.8,14.2,18.2,17.3,16.641666666666666,27.912499999999998
2026-06-12 08:00:00,36.8,33.9,45,947.4,15.0,267,0.1,8,4,6,12.0,19.4,12.0,12.8,36.9,12.0,17.3,15.325000000000001,27.820833333333336
2026-06-12 09:00:00,16.9,34.2,44,946.6,15.9,265,0.1,9,4,6,36.8,32.1,16.3,15.9,48.0,17.5,21.433333333333334,17.325,27.816666666666666
2026-06-12 10:00:00,49.5,33.1,47,946.5,15.8,262,0.2,10,4,6,16.9,12.0,12.0,12.0,73.6,32.0,21.53333333333333,17.40833333333333,26.520833333333332
2026-06-12 11:00:00,18.0,32.2,50,946.0,18.4,256,0.3,11,4,6,49.5,36.8,19.4,15.4,58.1,39.9,27.78333333333333,20.53333333333333,25.516666666666666
2026-06-12 12:00:00,42.9,32.5,47,946.1,18.3,259,0.1,12,4,6,18.0,16.9,32.1,12.0,43.1,30.2,27.549999999999997,20.75,23.84583333333333
2026-06-12 13:00:00,37.8,29.3,64,946.5,18.6,237,0.0,13,4,6,42.9,49.5,12.0,12.0,31.9,31.8,29.349999999999998,23.325,23.837500000000002
2026-06-12 14:00:00,33.3,27.5,74,946.8,17.3,245,0.0,14,4,6,37.8,18.0,36.8,12.0,26.1,41.6,33.65,25.474999999999998,24.083333333333332
2026-06-12 15:00:00,61.3,26.6,79,947.2,16.2,261,0.0,15,4,6,33.3,42.9,16.9,16.3,37.6,21.0,33.06666666666666,27.25,24.38333333333333
2026-06-12 16:00:00,19.9,26.2,81,948.0,15.4,263,0.0,16,4,6,61.3,37.8,49.5,12.0,46.1,32.3,40.46666666666667,30.999999999999996,25.370833333333334
2026-06-12 17:00:00,22.4,25.8,83,948.2,13.6,262,0.0,17,4,6,19.9,33.3,18.0,19.4,20.6,37.2,35.53333333333333,31.65833333333333,24.27916666666667
2026-06-12 18:00:00,12.0,25.7,83,947.7,14.7,262,0.0,18,4,6,22.4,61.3,42.9,32.1,34.0,27.2,36.266666666666666,31.90833333333333,24.354166666666668
2026-06-12 19:00:00,12.0,25.3,85,947.4,14.0,262,0.0,19,4,6,12.0,19.9,37.8,12.0,27.8,21.2,31.116666666666664,30.23333333333333,23.4375
2026-06-12 20:00:00,12.0,25.1,85,946.9,13.6,262,0.0,20,4,6,12.0,22.4,33.3,36.8,12.8,13.2,26.816666666666663,30.23333333333333,22.779166666666665
2026-06-12 21:00:00,13.5,25.1,85,946.7,12.4,262,0.0,21,4,6,12.0,12.0,61.3,16.9,15.9,12.0,23.266666666666666,28.166666666666668,22.745833333333334
2026-06-12 22:00:00,12.0,25.2,84,946.9,12.9,264,0.0,22,4,6,13.5,12.0,19.9,49.5,12.0,12.0,15.299999999999999,27.88333333333333,22.645833333333332
2026-06-12 23:00:00,12.0,24.9,86,947.0,13.0,260,0.0,23,4,6,12.0,12.0,22.4,18.0,15.4,12.0,13.983333333333334,24.75833333333333,22.645833333333332
2026-06-13 00:00:00,12.0,24.9,86,946.8,14.2,262,0.0,0,5,6,12.0,13.5,12.0,42.9,12.0,12.0,12.25,24.25833333333333,22.504166666666666
2026-06-13 01:00:00,12.0,24.9,86,947.5,13.7,265,0.0,1,5,6,12.0,12.0,12.0,37.8,12.0,12.0,12.25,21.683333333333334,22.504166666666666
2026-06-13 02:00:00,12.0,26.3,76,948.5,13.6,262,0.0,2,5,6,12.0,12.0,12.0,33.3,12.0,12.0,12.25,19.53333333333333,22.504166666666666
2026-06-13 03:00:00,12.0,28.4,63,949.3,14.0,261,0.0,3,5,6,12.0,12.0,13.5,61.3,16.3,12.6,12.25,17.758333333333333,22.504166666666666
2026-06-13 04:00:00,12.0,30.4,53,949.7,15.4,259,0.0,4,5,6,12.0,12.0,12.0,19.9,12.0,13.2,12.0,13.649999999999999,22.325
2026-06-13 05:00:00,25.9,32.1,44,949.7,15.2,264,0.0,5,5,6,12.0,12.0,12.0,22.4,19.4,12.0,12.0,12.991666666666665,22.325
2026-06-13 06:00:00,31.5,34.0,38,949.7,13.2,266,0.0,6,5,6,25.9,12.0,12.0,12.0,32.1,18.2,14.316666666666668,13.283333333333333,22.59583333333333
2026-06-13 07:00:00,27.2,34.2,39,949.1,16.3,275,0.0,7,5,6,31.5,12.0,12.0,12.0,12.0,14.2,17.566666666666666,14.908333333333333,22.57083333333333
2026-06-13 08:00:00,34.7,34.4,38,948.3,16.8,265,0.1,8,5,6,27.2,25.9,12.0,12.0,36.8,36.9,20.099999999999998,16.175,23.204166666666666
2026-06-13 09:00:00,18.8,33.9,38,947.7,19.6,268,1.1,9,5,6,34.7,31.5,12.0,13.5,16.9,48.0,23.883333333333336,18.066666666666666,23.116666666666664
2026-06-13 10:00:00,35.4,33.2,43,947.2,20.7,271,0.0,10,5,6,18.8,27.2,12.0,12.0,49.5,73.6,25.016666666666666,18.508333333333336,23.195833333333336
2026-06-13 11:00:00,20.1,32.2,48,946.7,21.6,272,0.0,11,5,6,35.4,34.7,25.9,12.0,18.0,58.1,28.916666666666668,20.458333333333332,22.608333333333334
2026-06-13 12:00:00,13.5,31.2,52,946.8,19.7,274,0.0,12,5,6,20.1,18.8,31.5,12.0,42.9,43.1,27.95,21.133333333333336,22.69583333333333
2026-06-13 13:00:00,35.9,29.4,59,947.0,19.6,272,0.0,13,5,6,13.5,35.4,27.2,12.0,37.8,31.9,24.95,21.258333333333336,21.47083333333333
2026-06-13 14:00:00,50.5,27.7,69,947.3,17.6,270,0.0,14,5,6,35.9,20.1,34.7,12.0,33.3,26.1,26.400000000000002,23.25,21.391666666666666
2026-06-13 15:00:00,21.6,26.7,75,947.9,16.2,267,0.0,15,5,6,50.5,13.5,18.8,12.0,61.3,37.6,29.03333333333333,26.458333333333332,22.108333333333334
2026-06-13 16:00:00,52.8,26.1,76,948.5,14.9,269,0.0,16,5,6,21.6,35.9,35.4,12.0,19.9,46.1,29.5,27.258333333333336,20.45416666666667
2026-06-13 17:00:00,44.0,25.6,81,948.9,13.6,263,0.0,17,5,6,52.8,50.5,20.1,25.9,22.4,20.6,32.4,30.658333333333335,21.825
2026-06-13 18:00:00,17.5,25.3,82,948.3,11.9,260,0.0,18,5,6,44.0,21.6,13.5,31.5,12.0,34.0,36.38333333333333,32.166666666666664,22.724999999999998
2026-06-13 19:00:00,22.0,25.1,83,947.9,12.2,262,0.0,19,5,6,17.5,52.8,35.9,27.2,12.0,27.8,37.05,31.0,22.954166666666666
2026-06-13 20:00:00,12.0,25.1,84,947.6,14.5,264,0.0,20,5,6,22.0,44.0,50.5,34.7,12.0,12.8,34.73333333333333,30.566666666666666,23.370833333333334
2026-06-13 21:00:00,12.0,24.9,84,947.2,12.4,262,0.0,21,5,6,12.0,17.5,21.6,18.8,13.5,15.9,28.316666666666663,28.675,23.370833333333334
2026-06-13 22:00:00,12.0,24.7,85,947.1,13.2,263,0.0,22,5,6,12.0,22.0,52.8,35.4,12.0,12.0,26.716666666666665,28.108333333333334,23.308333333333334
2026-06-13 23:00:00,12.0,24.9,83,947.5,13.9,269,0.0,23,5,6,12.0,12.0,44.0,20.1,12.0,15.4,19.916666666666668,26.158333333333335,23.308333333333334
2026-06-14 00:00:00,12.0,24.8,84,947.6,11.7,266,0.0,0,6,6,12.0,12.0,17.5,13.5,12.0,12.0,14.583333333333334,25.483333333333334,23.308333333333334
2026-06-14 01:00:00,13.0,25.1,82,948.1,11.6,263,0.0,1,6,6,12.0,12.0,22.0,35.9,12.0,12.0,13.666666666666666,25.358333333333334,23.308333333333334
2026-06-14 02:00:00,12.0,26.1,76,948.9,11.7,260,0.0,2,6,6,13.0,12.0,12.0,50.5,12.0,12.0,12.166666666666666,23.450000000000003,23.349999999999998
2026-06-14 03:00:00,12.0,27.4,69,949.3,14.2,268,0.1,3,6,6,12.0,12.0,12.0,21.6,12.0,16.3,12.166666666666666,20.241666666666667,23.349999999999998
2026-06-14 04:00:00,20.5,29.8,57,949.8,14.6,272,0.1,4,6,6,12.0,13.0,12.0,52.8,12.0,12.0,12.166666666666666,19.441666666666666,23.349999999999998
2026-06-14 05:00:00,12.0,31.3,50,949.9,15.7,275,0.0,5,6,6,20.5,12.0,12.0,44.0,25.9,19.4,13.583333333333334,16.75,23.704166666666666
2026-06-14 06:00:00,12.0,32.9,39,949.9,15.5,279,0.0,6,6,6,12.0,12.0,12.0,17.5,31.5,32.1,13.583333333333334,14.083333333333334,23.125
2026-06-14 07:00:00,12.0,33.5,38,949.0,15.9,276,0.3,7,6,6,12.0,20.5,13.0,22.0,27.2,12.0,13.583333333333334,13.625,22.3125
2026-06-14 08:00:00,24.5,32.5,43,948.2,15.9,275,0.2,8,6,6,12.0,12.0,12.0,12.0,34.7,36.8,13.416666666666666,12.791666666666666,21.679166666666664
2026-06-14 09:00:00,30.6,32.4,42,947.4,18.6,280,0.4,9,6,6,24.5,12.0,12.0,12.0,18.8,16.9,15.5,13.833333333333334,21.254166666666666
2026-06-14 10:00:00,39.1,33.2,38,946.8,21.7,276,0.1,10,6,6,30.6,12.0,20.5,12.0,35.4,49.5,18.599999999999998,15.383333333333335,21.745833333333334
2026-06-14 11:00:00,17.3,31.2,48,946.5,22.0,274,0.5,11,6,6,39.1,24.5,12.0,12.0,20.1,18.0,21.7,17.64166666666667,21.900000000000002
2026-06-14 12:00:00,18.4,30.5,50,946.5,20.3,269,0.4,12,6,6,17.3,30.6,12.0,12.0,13.5,42.9,22.583333333333332,18.083333333333332,21.78333333333333
2026-06-14 13:00:00,40.5,28.6,59,946.6,20.0,271,0.0,13,6,6,18.4,39.1,12.0,13.0,35.9,37.8,23.650000000000002,18.616666666666667,21.9875
2026-06-14 14:00:00,34.8,27.1,67,946.9,18.4,269,0.0,14,6,6,40.5,17.3,24.5,12.0,50.5,33.3,28.400000000000002,20.908333333333335,22.179166666666664
2026-06-14 15:00:00,23.4,26.3,73,947.5,16.6,269,0.0,15,6,6,34.8,18.4,30.6,12.0,21.6,61.3,30.116666666666664,22.808333333333334,21.525000000000002
2026-06-14 16:00:00,22.7,25.7,78,948.3,15.5,269,0.0,16,6,6,23.4,40.5,39.1,20.5,52.8,19.9,28.916666666666668,23.758333333333336,21.599999999999998
2026-06-14 17:00:00,20.5,25.3,81,948.4,14.3,266,0.0,17,6,6,22.7,34.8,17.3,12.0,44.0,22.4,26.183333333333334,23.941666666666666,20.34583333333333
2026-06-14 18:00:00,12.0,25.0,82,947.9,14.6,271,0.0,18,6,6,20.5,23.4,18.4,12.0,17.5,12.0,26.71666666666667,24.650000000000002,19.366666666666664
2026-06-14 19:00:00,17.8,24.7,83,947.4,13.3,270,0.0,19,6,6,12.0,22.7,40.5,12.0,22.0,12.0,25.650000000000002,24.650000000000002,19.1375
2026-06-14 20:00:00,13.3,24.5,85,946.9,13.0,268,0.0,20,6,6,17.8,20.5,34.8,24.5,12.0,12.0,21.866666666666664,25.133333333333336,18.9625
2026-06-14 21:00:00,12.0,24.2,86,946.5,13.0,267,0.0,21,6,6,13.3,12.0,23.4,30.6,12.0,13.5,18.283333333333335,24.2,19.016666666666666
2026-06-14 22:00:00,16.7,24.2,86,946.7,11.2,265,0.0,22,6,6,12.0,17.8,22.7,39.1,12.0,12.0,16.383333333333336,22.649999999999995,19.016666666666666
2026-06-14 23:00:00,26.5,24.0,87,947.3,7.4,264,0.0,23,6,6,16.7,13.3,20.5,17.3,12.0,12.0,15.383333333333335,20.78333333333333,19.2125
2026-06-15 00:00:00,12.0,24.2,83,947.8,8.6,258,0.0,0,0,6,26.5,12.0,12.0,18.4,12.0,12.0,16.383333333333336,21.55,19.816666666666666
2026-06-15 01:00:00,16.8,24.2,84,948.2,8.5,253,0.0,1,0,6,12.0,16.7,17.8,40.5,13.0,12.0,16.383333333333336,21.016666666666666,19.816666666666666
2026-06-15 02:00:00,12.0,25.6,76,948.8,11.5,267,0.0,2,0,6,16.8,26.5,13.3,34.8,12.0,12.0,16.216666666666665,19.041666666666668,19.974999999999998
2026-06-15 03:00:00,12.0,27.4,65,949.1,12.4,272,0.0,3,0,6,12.0,12.0,12.0,23.4,12.0,12.0,16.0,17.141666666666666,19.974999999999998
2026-06-15 04:00:00,12.0,29.6,53,949.4,13.9,276,0.0,4,0,6,12.0,16.8,16.7,22.7,20.5,12.0,16.0,16.191666666666666,19.974999999999998
2026-06-15 05:00:00,24.4,32.0,42,949.2,17.1,285,0.0,5,0,6,12.0,12.0,26.5,20.5,12.0,25.9,15.216666666666669,15.299999999999999,19.620833333333334
2026-06-15 06:00:00,14.5,32.8,39,949.1,19.9,282,0.0,6,0,6,24.4,12.0,12.0,12.0,12.0,31.5,14.866666666666667,15.625,20.1375
2026-06-15 07:00:00,28.2,32.6,43,948.4,18.7,281,0.1,7,0,6,14.5,12.0,16.8,17.8,12.0,27.2,15.283333333333331,15.833333333333334,20.241666666666664
2026-06-15 08:00:00,13.0,33.8,40,947.6,19.1,288,0.1,8,0,6,28.2,24.4,12.0,13.3,24.5,34.7,17.183333333333334,16.7,20.916666666666668
2026-06-15 09:00:00,21.6,33.7,32,947.0,21.5,275,0.3,9,0,6,13.0,14.5,12.0,12.0,30.6,18.8,17.349999999999998,16.675,20.4375
2026-06-15 10:00:00,12.0,30.7,53,946.8,19.5,274,0.5,10,0,6,21.6,28.2,12.0,16.7,39.1,35.4,18.95,17.474999999999998,20.0625
2026-06-15 11:00:00,39.9,31.1,52,946.8,18.6,282,0.4,11,0,6,12.0,13.0,24.4,26.5,17.3,20.1,18.95,17.083333333333332,18.933333333333334
2026-06-15 12:00:00,45.1,31.0,49,946.3,19.7,275,0.3,12,0,6,39.9,21.6,14.5,12.0,18.4,13.5,21.53333333333333,18.2,19.875
2026-06-15 13:00:00,37.5,29.3,54,946.7,17.5,279,0.0,13,0,6,45.1,12.0,28.2,16.8,40.5,35.9,26.633333333333336,20.958333333333332,20.9875
2026-06-15 14:00:00,33.7,27.9,61,947.3,16.5,277,0.0,14,0,6,37.5,39.9,13.0,12.0,34.8,50.5,28.183333333333337,22.683333333333334,20.8625
2026-06-15 15:00:00,37.2,26.9,68,947.8,16.0,271,0.0,15,0,6,33.7,45.1,21.6,12.0,23.4,21.6,31.633333333333336,24.491666666666664,20.816666666666666
2026-06-15 16:00:00,42.5,26.0,76,948.1,15.1,269,0.0,16,0,6,37.2,37.5,12.0,12.0,22.7,52.8,34.233333333333334,26.59166666666667,21.391666666666666
2026-06-15 17:00:00,29.1,25.4,80,948.5,13.5,266,0.0,17,0,6,42.5,33.7,39.9,24.4,20.5,44.0,39.31666666666667,29.133333333333336,22.21666666666667
2026-06-15 18:00:00,33.4,25.1,79,948.4,11.4,265,0.0,18,0,6,29.1,37.2,45.1,14.5,12.0,17.5,37.516666666666666,29.525000000000002,22.575000000000003
2026-06-15 19:00:00,12.0,24.5,82,948.2,10.5,264,0.0,19,0,6,33.4,42.5,37.5,28.2,17.8,22.0,35.56666666666667,31.100000000000005,23.46666666666667
2026-06-15 20:00:00,16.0,24.2,84,947.8,9.2,267,0.0,20,0,6,12.0,29.1,33.7,13.0,13.3,12.0,31.316666666666666,29.75,23.224999999999998
2026-06-15 21:00:00,13.8,24.0,85,947.5,7.6,265,0.0,21,0,6,16.0,33.4,37.2,21.6,12.0,12.0,28.36666666666667,30.0,23.337500000000002
2026-06-15 22:00:00,36.3,23.7,87,947.2,6.9,255,0.0,22,0,6,13.8,12.0,42.5,12.0,16.7,12.0,24.466666666666665,29.349999999999998,23.412499999999998
2026-06-15 23:00:00,28.4,23.4,88,947.2,6.4,252,0.0,23,0,6,36.3,16.0,29.1,39.9,26.5,12.0,23.433333333333334,31.375,24.229166666666668
2026-06-16 00:00:00,23.1,23.7,88,947.3,6.7,239,0.0,0,1,6,28.4,13.8,33.4,45.1,12.0,12.0,23.316666666666666,30.41666666666667,24.308333333333334
2026-06-16 01:00:00,12.0,23.9,85,947.6,8.1,252,0.0,1,1,6,23.1,36.3,12.0,37.5,16.8,13.0,21.599999999999998,28.583333333333332,24.770833333333332
2026-06-16 02:00:00,12.0,25.2,78,948.3,9.7,259,0.0,2,1,6,12.0,28.4,16.0,33.7,12.0,12.0,21.599999999999998,26.458333333333332,24.570833333333336
2026-06-16 03:00:00,12.0,27.3,66,948.7,10.5,267,0.0,3,1,6,12.0,23.1,13.8,37.2,12.0,12.0,20.933333333333334,24.650000000000002,24.570833333333336
2026-06-16 04:00:00,14.9,29.8,53,949.2,12.3,277,0.0,4,1,6,12.0,12.0,36.3,42.5,12.0,20.5,20.633333333333333,22.549999999999997,24.570833333333336
2026-06-16 05:00:00,35.8,31.5,45,949.1,13.3,279,0.0,5,1,6,14.9,12.0,28.4,29.1,24.4,12.0,17.066666666666666,20.25,24.691666666666666
2026-06-16 06:00:00,53.1,32.6,41,949.2,12.1,273,0.0,6,1,6,35.8,12.0,23.1,33.4,14.5,12.0,18.299999999999997,20.808333333333334,25.166666666666668
2026-06-16 07:00:00,45.6,33.8,36,948.6,13.7,275,0.0,7,1,6,53.1,14.9,12.0,12.0,28.2,12.0,23.3,22.45,26.775000000000002
2026-06-16 08:00:00,48.7,34.4,34,948.1,14.4,282,0.0,8,1,6,45.6,35.8,12.0,16.0,13.0,24.5,28.900000000000002,25.25,27.5
2026-06-16 09:00:00,70.0,34.5,34,947.3,13.8,277,0.0,9,1,6,48.7,53.1,12.0,13.8,21.6,30.6,35.016666666666666,27.974999999999998,28.987499999999997
2026-06-16 10:00:00,49.8,34.2,29,946.8,16.1,260,0.5,10,1,6,70.0,45.6,14.9,36.3,12.0,39.1,44.68333333333334,32.65833333333333,31.004166666666663
2026-06-16 11:00:00,25.3,32.3,38,946.8,19.8,277,0.1,11,1,6,49.8,48.7,35.8,28.4,39.9,17.3,50.5,33.78333333333333,32.579166666666666
2026-06-16 12:00:00,41.8,30.6,46,946.5,17.5,272,0.0,12,1,6,25.3,70.0,53.1,23.1,45.1,18.4,48.75,33.525,31.97083333333333
2026-06-16 13:00:00,55.2,29.6,53,946.8,17.2,275,0.0,13,1,6,41.8,49.8,45.6,12.0,37.5,40.5,46.86666666666667,35.083333333333336,31.833333333333332
2026-06-16 14:00:00,34.6,28.0,61,947.1,16.7,272,0.0,14,1,6,55.2,25.3,48.7,12.0,33.7,34.8,48.46666666666666,38.68333333333333,32.57083333333333
2026-06-16 15:00:00,24.1,26.8,70,947.6,16.4,271,0.0,15,1,6,34.6,41.8,70.0,12.0,37.2,23.4,46.11666666666667,40.56666666666667,32.608333333333334
2026-06-16 16:00:00,23.6,25.9,77,948.5,15.5,267,0.0,16,1,6,24.1,55.2,49.8,14.9,42.5,22.7,38.46666666666667,41.574999999999996,32.0625
2026-06-16 17:00:00,40.6,25.3,81,949.2,13.0,266,0.0,17,1,6,23.6,34.6,25.3,35.8,29.1,20.5,34.1,42.300000000000004,31.275000000000002
2026-06-16 18:00:00,17.4,25.1,82,948.9,11.4,266,0.0,18,1,6,40.6,24.1,41.8,53.1,33.4,12.0,36.65,42.699999999999996,31.754166666666663
2026-06-16 19:00:00,36.6,24.8,83,948.6,10.5,263,0.0,19,1,6,17.4,23.6,55.2,45.6,12.0,17.8,32.583333333333336,39.725,31.087500000000002
2026-06-16 20:00:00,25.7,24.4,85,947.8,10.5,266,0.0,20,1,6,36.6,40.6,34.6,48.7,16.0,13.3,29.483333333333334,38.975,32.112500000000004
2026-06-16 21:00:00,12.0,24.2,86,947.8,9.7,259,0.0,21,1,6,25.7,17.4,24.1,70.0,13.8,12.0,28.0,37.05833333333334,32.516666666666666
2026-06-16 22:00:00,19.3,24.1,86,947.7,9.6,258,0.0,22,1,6,12.0,36.6,23.6,49.8,36.3,16.7,25.98333333333333,32.225,32.44166666666667
2026-06-16 23:00:00,12.0,23.9,87,947.9,9.4,262,0.0,23,1,6,19.3,25.7,40.6,25.3,28.4,26.5,25.266666666666666,29.683333333333337,31.73333333333333
2026-06-17 00:00:00,18.0,24.0,88,948.3,9.4,263,0.0,0,2,6,12.0,12.0,17.4,41.8,23.1,12.0,20.5,28.575,31.05
2026-06-17 01:00:00,12.0,24.1,87,948.6,10.3,267,0.0,1,2,6,18.0,19.3,36.6,55.2,12.0,16.8,20.599999999999998,26.59166666666667,30.837499999999995
2026-06-17 02:00:00,12.0,25.5,77,949.2,10.8,268,0.0,2,2,6,12.0,12.0,25.7,34.6,12.0,12.0,16.5,22.991666666666664,30.837499999999995
2026-06-17 03:00:00,24.7,27.6,64,949.6,11.3,269,0.0,3,2,6,12.0,18.0,12.0,24.1,12.0,12.0,14.216666666666667,21.108333333333334,30.837499999999995
2026-06-17 04:00:00,20.8,29.8,54,949.8,12.7,277,0.0,4,2,6,24.7,12.0,19.3,23.6,14.9,12.0,16.333333333333332,21.15833333333333,31.366666666666664
2026-06-17 05:00:00,18.4,31.7,45,949.8,13.7,283,0.0,5,2,6,20.8,12.0,12.0,40.6,35.8,24.4,16.583333333333332,20.925,31.6125
2026-06-17 06:00:00,36.0,33.2,36,949.7,12.3,278,0.0,6,2,6,18.4,24.7,18.0,17.4,53.1,14.5,17.650000000000002,19.075,30.887500000000003
2026-06-17 07:00:00,41.7,34.2,32,948.7,11.9,274,0.0,7,2,6,36.0,20.8,12.0,36.6,45.6,28.2,20.650000000000002,20.625,30.175
2026-06-17 08:00:00,43.6,35.1,30,948.2,13.2,272,0.0,8,2,6,41.7,18.4,12.0,25.7,48.7,13.0,25.599999999999998,21.05,30.0125
2026-06-17 09:00:00,43.1,34.9,31,947.3,15.1,268,0.0,9,2,6,43.6,36.0,24.7,12.0,70.0,21.6,30.866666666666664,22.541666666666668,29.8
2026-06-17 10:00:00,50.2,34.3,31,946.8,17.6,277,0.0,10,2,6,43.1,41.7,20.8,19.3,49.8,12.0,33.93333333333334,25.133333333333336,28.67916666666667
2026-06-17 11:00:00,40.0,30.7,46,946.4,20.9,277,1.0,11,2,6,50.2,43.6,18.4,12.0,25.3,39.9,38.833333333333336,27.708333333333332,28.695833333333336
2026-06-17 12:00:00,38.7,31.0,45,946.5,17.8,270,1.8,12,2,6,40.0,43.1,36.0,18.0,41.8,45.1,42.43333333333333,30.041666666666668,29.308333333333337
2026-06-17 13:00:00,36.4,29.0,56,946.8,18.7,277,0.0,13,2,6,38.7,50.2,41.7,12.0,55.2,37.5,42.88333333333333,31.766666666666666,29.179166666666664
2026-06-17 14:00:00,29.5,27.7,63,947.8,16.4,273,0.0,14,2,6,36.4,40.0,43.6,12.0,34.6,33.7,42.0,33.800000000000004,28.395833333333332
2026-06-17 15:00:00,53.5,26.6,68,948.4,15.7,271,0.0,15,2,6,29.5,38.7,43.1,24.7,24.1,37.2,39.65,35.25833333333333,28.183333333333334
2026-06-17 16:00:00,21.9,25.7,73,948.7,15.7,271,0.0,16,2,6,53.5,36.4,50.2,20.8,23.6,42.5,41.38333333333333,37.65833333333334,29.40833333333333
2026-06-17 17:00:00,12.0,25.2,76,948.7,13.9,270,0.0,17,2,6,21.9,29.5,40.0,18.4,40.6,29.1,36.666666666666664,37.75,29.337500000000002
2026-06-17 18:00:00,38.9,24.6,78,948.8,12.4,268,0.0,18,2,6,12.0,53.5,38.7,36.0,17.4,33.4,32.0,37.21666666666667,28.145833333333332
2026-06-17 19:00:00,24.1,24.2,81,948.3,11.8,262,0.0,19,2,6,38.9,21.9,36.4,41.7,36.6,12.0,32.03333333333333,37.458333333333336,29.041666666666668
2026-06-17 20:00:00,26.4,23.9,82,948.1,12.6,259,0.0,20,2,6,24.1,12.0,29.5,43.6,25.7,16.0,29.983333333333334,35.99166666666667,28.52083333333334
2026-06-17 21:00:00,12.0,23.7,83,947.6,11.5,260,0.0,21,2,6,26.4,38.9,53.5,43.1,12.0,13.8,29.466666666666665,34.55833333333334,28.55
2026-06-17 22:00:00,12.0,23.6,84,947.6,10.9,261,0.0,22,2,6,12.0,24.1,21.9,50.2,19.3,36.3,22.55,31.96666666666667,28.55
2026-06-17 23:00:00,12.0,23.6,85,947.5,11.3,263,0.0,23,2,6,12.0,26.4,12.0,40.0,12.0,28.4,20.9,28.78333333333333,28.245833333333337
2026-06-18 00:00:00,12.0,23.7,86,947.7,11.5,261,0.0,0,3,6,12.0,12.0,38.9,38.7,18.0,23.1,20.900000000000002,26.45,28.245833333333337
2026-06-18 01:00:00,12.0,23.8,85,948.3,10.6,266,0.0,1,3,6,12.0,12.0,24.1,36.4,12.0,12.0,16.416666666666668,24.225000000000005,27.995833333333337
2026-06-18 02:00:00,12.0,25.2,76,949.0,12.4,268,0.0,2,3,6,12.0,12.0,26.4,29.5,12.0,12.0,14.4,22.191666666666663,27.995833333333337
2026-06-18 03:00:00,25.3,27.2,66,949.3,12.2,269,0.0,3,3,6,12.0,12.0,12.0,53.5,24.7,12.0,12.0,20.73333333333333,27.995833333333337
2026-06-18 04:00:00,23.2,29.5,55,949.8,12.3,267,0.0,4,3,6,25.3,12.0,12.0,21.9,20.8,14.9,14.216666666666667,18.383333333333336,28.020833333333332
2026-06-18 05:00:00,17.7,31.3,46,949.6,12.6,270,0.0,5,3,6,23.2,12.0,12.0,12.0,18.4,35.8,16.083333333333332,18.491666666666667,28.120833333333337
2026-06-18 06:00:00,25.0,33.0,38,949.2,12.0,277,0.0,6,3,6,17.7,25.3,12.0,38.9,36.0,53.1,17.033333333333335,18.966666666666665,28.091666666666665
2026-06-18 07:00:00,26.1,34.1,34,948.6,13.0,276,0.0,7,3,6,25.0,23.2,12.0,24.1,41.7,45.6,19.2,17.808333333333334,27.63333333333333
2026-06-18 08:00:00,30.1,34.0,35,947.8,16.4,268,0.0,8,3,6,26.1,17.7,12.0,26.4,43.6,48.7,21.55,17.975,26.983333333333334
2026-06-18 09:00:00,22.9,33.3,37,947.1,16.8,273,0.0,9,3,6,30.1,25.0,25.3,12.0,43.1,70.0,24.566666666666666,18.283333333333335,26.420833333333334
2026-06-18 10:00:00,64.3,32.8,37,946.5,15.8,281,0.6,10,3,6,22.9,26.1,23.2,12.0,50.2,49.8,24.166666666666668,19.191666666666666,25.579166666666666
2026-06-18 11:00:00,55.9,31.7,41,945.9,16.9,272,0.3,11,3,6,64.3,30.1,17.7,12.0,40.0,25.3,31.016666666666666,23.55,26.166666666666668
2026-06-18 12:00:00,31.2,31.0,44,946.1,14.9,277,1.4,12,3,6,55.9,22.9,25.0,12.0,38.7,41.8,37.38333333333333,27.208333333333332,26.829166666666666
2026-06-18 13:00:00,55.9,30.0,47,946.1,15.6,282,0.0,13,3,6,31.2,64.3,26.1,12.0,36.4,55.2,38.416666666666664,28.808333333333334,26.516666666666666
2026-06-18 14:00:00,41.6,28.3,52,946.5,15.7,275,0.0,14,3,6,55.9,55.9,30.1,12.0,29.5,34.6,43.383333333333326,32.46666666666667,27.32916666666667
2026-06-18 15:00:00,46.5,27.2,58,947.3,14.4,271,0.0,15,3,6,41.6,31.2,22.9,25.3,53.5,24.1,45.300000000000004,34.93333333333333,27.833333333333332
2026-06-18 16:00:00,63.5,26.2,65,948.0,12.5,264,0.0,16,3,6,46.5,55.9,64.3,23.2,21.9,23.6,49.23333333333333,36.699999999999996,27.541666666666668
2026-06-18 17:00:00,27.6,25.3,72,948.4,12.0,261,0.0,17,3,6,63.5,41.6,55.9,17.7,12.0,40.6,49.1,40.05833333333333,29.274999999999995
2026-06-18 18:00:00,19.5,24.6,77,947.9,12.4,262,0.0,18,3,6,27.6,46.5,31.2,25.0,38.9,17.4,44.38333333333333,40.88333333333333,29.924999999999997
2026-06-18 19:00:00,12.0,23.9,81,947.6,11.7,261,0.0,19,3,6,19.5,63.5,55.9,26.1,24.1,36.6,42.43333333333334,40.425000000000004,29.116666666666664
2026-06-18 20:00:00,17.6,23.5,83,947.4,11.0,260,0.0,20,3,6,12.0,27.6,41.6,30.1,26.4,25.7,35.11666666666667,39.25,28.612499999999997
2026-06-18 21:00:00,26.8,23.1,86,946.9,9.7,254,0.0,21,3,6,17.6,19.5,46.5,22.9,12.0,12.0,31.11666666666667,38.208333333333336,28.245833333333334
2026-06-18 22:00:00,12.0,23.0,81,947.0,9.5,249,0.0,22,3,6,26.8,12.0,63.5,64.3,12.0,19.3,27.833333333333332,38.53333333333333,28.862499999999997
2026-06-18 23:00:00,25.4,22.7,85,947.0,8.9,252,0.0,23,3,6,12.0,17.6,27.6,55.9,12.0,12.0,19.250000000000004,34.175000000000004,28.862499999999997
2026-06-19 00:00:00,12.0,22.9,84,946.8,10.0,255,0.0,0,4,6,25.4,26.8,19.5,31.2,12.0,18.0,18.883333333333333,31.633333333333336,29.420833333333334
2026-06-19 01:00:00,19.3,22.8,86,947.1,8.0,250,0.0,1,4,6,12.0,12.0,12.0,55.9,12.0,12.0,17.633333333333333,30.033333333333335,29.420833333333334
2026-06-19 02:00:00,23.8,24.2,78,947.9,7.2,256,0.0,2,4,6,19.3,25.4,17.6,41.6,12.0,12.0,18.849999999999998,26.98333333333333,29.724999999999998
2026-06-19 03:00:00,12.0,26.5,64,948.3,9.1,263,0.0,3,4,6,23.8,12.0,26.8,46.5,25.3,24.7,19.883333333333336,25.5,30.216666666666665
2026-06-19 04:00:00,12.0,29.2,48,948.7,11.4,267,0.0,4,4,6,12.0,19.3,12.0,63.5,23.2,20.8,17.416666666666668,22.625,29.662499999999998
2026-06-19 05:00:00,21.0,31.3,38,949.0,12.1,270,0.0,5,4,6,12.0,23.8,25.4,27.6,17.7,18.4,17.416666666666668,18.333333333333332,29.19583333333333
2026-06-19 06:00:00,34.9,32.9,33,948.8,11.5,270,0.0,6,4,6,21.0,12.0,12.0,19.5,25.0,36.0,16.683333333333334,17.78333333333333,29.333333333333332
2026-06-19 07:00:00,54.5,33.9,30,948.4,11.0,269,0.0,7,4,6,34.9,12.0,19.3,12.0,26.1,41.7,20.5,19.066666666666666,29.745833333333337
2026-06-19 08:00:00,47.5,34.0,30,947.8,13.7,256,0.0,8,4,6,54.5,21.0,23.8,17.6,30.1,43.6,26.366666666666664,22.608333333333334,30.929166666666664
2026-06-19 09:00:00,49.8,33.9,32,947.4,15.6,254,0.0,9,4,6,47.5,34.9,12.0,26.8,22.9,43.1,30.316666666666666,25.099999999999998,31.65416666666667
2026-06-19 10:00:00,32.8,32.6,37,946.8,15.1,258,0.0,10,4,6,49.8,54.5,12.0,12.0,64.3,50.2,36.61666666666667,27.016666666666666,32.775
2026-06-19 11:00:00,38.8,30.3,46,946.5,16.8,251,1.3,11,4,6,32.8,47.5,21.0,25.4,55.9,40.0,40.083333333333336,28.75,31.462499999999995
2026-06-19 12:00:00,63.2,31.8,40,946.7,14.4,252,0.3,12,4,6,38.8,49.8,34.9,12.0,31.2,38.7,43.050000000000004,29.866666666666664,30.75
2026-06-19 13:00:00,69.3,30.1,44,946.9,15.3,261,0.0,13,4,6,63.2,32.8,54.5,19.3,55.9,36.4,47.76666666666667,34.13333333333333,32.083333333333336
2026-06-19 14:00:00,52.8,28.7,50,947.3,16.2,268,0.0,14,4,6,69.3,38.8,47.5,23.8,41.6,29.5,50.23333333333333,38.3,32.641666666666666
2026-06-19 15:00:00,41.2,27.5,57,948.0,16.4,266,0.0,15,4,6,52.8,63.2,49.8,12.0,46.5,53.5,51.11666666666667,40.71666666666666,33.108333333333334
2026-06-19 16:00:00,38.0,26.6,65,948.6,14.6,268,0.0,16,4,6,41.2,69.3,32.8,12.0,63.5,21.9,49.68333333333333,43.15,32.8875
2026-06-19 17:00:00,33.4,25.8,70,949.0,12.4,270,0.0,17,4,6,38.0,52.8,38.8,21.0,27.6,12.0,50.54999999999999,45.31666666666666,31.825000000000003
2026-06-19 18:00:00,37.0,25.4,73,948.6,10.6,268,0.0,18,4,6,33.4,41.2,63.2,34.9,19.5,38.9,49.650000000000006,46.349999999999994,32.06666666666667
2026-06-19 19:00:00,12.0,24.8,75,947.9,9.6,264,0.0,19,4,6,37.0,38.0,69.3,54.5,12.0,24.1,45.28333333333333,46.525,32.795833333333334
2026-06-19 20:00:00,15.3,24.3,79,947.5,9.2,254,0.0,20,4,6,12.0,33.4,52.8,47.5,17.6,26.4,35.73333333333333,42.98333333333333,32.795833333333334
2026-06-19 21:00:00,12.0,23.8,81,947.2,9.4,252,0.0,21,4,6,15.3,37.0,41.2,49.8,26.8,12.0,29.483333333333334,40.3,32.699999999999996
2026-06-19 22:00:00,15.8,23.5,82,946.8,8.8,259,0.0,22,4,6,12.0,12.0,38.0,32.8,12.0,12.0,24.616666666666664,37.15,32.083333333333336
2026-06-19 23:00:00,12.0,23.3,84,946.9,8.0,262,0.0,23,4,6,15.8,15.3,33.4,38.8,25.4,12.0,20.916666666666668,35.733333333333334,32.24166666666667
2026-06-20 00:00:00,38.1,23.3,87,947.1,6.1,270,0.0,0,5,6,12.0,12.0,37.0,63.2,12.0,12.0,17.349999999999998,33.5,31.683333333333334
2026-06-20 01:00:00,12.0,23.5,86,947.7,6.5,256,0.0,1,5,6,38.1,15.8,12.0,69.3,19.3,12.0,17.53333333333333,31.40833333333333,32.77083333333333
2026-06-20 02:00:00,12.0,24.6,79,948.4,7.1,255,0.0,2,5,6,12.0,12.0,15.3,52.8,23.8,12.0,17.53333333333333,26.633333333333336,32.46666666666666
2026-06-20 03:00:00,40.9,26.7,65,949.0,7.7,269,0.0,3,5,6,12.0,38.1,12.0,41.2,12.0,25.3,16.983333333333334,23.233333333333334,31.974999999999998
2026-06-20 04:00:00,25.9,29.1,54,949.3,8.0,280,0.0,4,5,6,40.9,12.0,15.8,38.0,12.0,23.2,21.8,23.208333333333332,33.17916666666667
2026-06-20 05:00:00,40.6,31.4,44,949.4,8.7,283,0.0,5,5,6,25.9,12.0,12.0,33.4,21.0,17.7,23.483333333333334,22.200000000000003,33.75833333333333
2026-06-20 06:00:00,47.3,32.1,40,949.1,8.1,275,0.0,6,5,6,40.6,40.9,38.1,37.0,34.9,25.0,28.25,22.8,34.575
2026-06-20 07:00:00,33.4,33.3,37,948.5,8.8,266,0.0,7,5,6,47.3,25.9,12.0,12.0,54.5,26.1,29.78333333333333,23.65833333333333,35.09166666666667
2026-06-20 08:00:00,67.0,34.3,35,948.1,10.6,259,0.0,8,5,6,33.4,40.6,12.0,15.3,47.5,30.1,33.35,25.441666666666666,34.2125
2026-06-20 09:00:00,58.1,34.8,33,947.2,11.4,265,0.0,9,5,6,67.0,47.3,40.9,12.0,49.8,22.9,42.516666666666666,29.75,35.025
2026-06-20 10:00:00,43.1,34.6,34,946.6,13.6,275,0.0,10,5,6,58.1,33.4,25.9,15.8,32.8,64.3,45.38333333333333,33.59166666666667,35.37083333333333
2026-06-20 11:00:00,47.7,33.5,38,946.3,12.9,276,0.0,11,5,6,43.1,67.0,40.6,12.0,38.8,55.9,48.25,35.86666666666667,35.800000000000004
2026-06-20 12:00:00,24.6,33.0,39,946.2,14.1,257,0.5,12,5,6,47.7,58.1,47.3,38.1,63.2,31.2,49.43333333333334,38.84166666666667,36.17083333333333
2026-06-20 13:00:00,26.6,30.9,46,946.6,16.3,249,0.1,13,5,6,24.6,43.1,33.4,12.0,69.3,55.9,45.65,37.71666666666667,34.5625
2026-06-20 14:00:00,39.9,28.7,58,947.7,18.0,262,0.0,14,5,6,26.6,47.7,67.0,12.0,52.8,41.6,44.51666666666667,38.93333333333334,32.78333333333333
2026-06-20 15:00:00,20.4,27.4,65,948.4,15.8,262,0.0,15,5,6,39.9,24.6,58.1,40.9,41.2,46.5,40.0,41.25833333333333,32.24583333333333
2026-06-20 16:00:00,55.6,26.4,70,949.0,13.5,260,0.0,16,5,6,20.4,26.6,43.1,25.9,38.0,63.5,33.71666666666667,39.550000000000004,31.379166666666663
2026-06-20 17:00:00,38.3,25.9,73,949.3,11.2,269,0.0,17,5,6,55.6,39.9,47.7,40.6,33.4,27.6,35.8,42.025,32.1125
2026-06-20 18:00:00,26.8,25.7,75,948.7,11.1,263,0.0,18,5,6,38.3,20.4,24.6,47.3,37.0,19.5,34.233333333333334,41.833333333333336,32.31666666666667
2026-06-20 19:00:00,38.4,25.3,76,947.9,10.3,266,0.0,19,5,6,26.8,55.6,26.6,33.4,12.0,12.0,34.6,40.12500000000001,31.891666666666666
2026-06-20 20:00:00,12.0,25.2,77,947.4,10.5,267,0.0,20,5,6,38.4,38.3,39.9,67.0,15.3,17.6,36.56666666666667,40.541666666666664,32.99166666666667
2026-06-20 21:00:00,12.0,25.2,76,947.1,12.1,267,0.0,21,5,6,12.0,26.8,20.4,58.1,12.0,26.8,31.916666666666668,35.958333333333336,32.854166666666664
2026-06-20 22:00:00,12.0,25.2,76,947.1,12.6,269,0.0,22,5,6,12.0,38.4,55.6,43.1,15.8,12.0,30.516666666666666,32.11666666666667,32.854166666666664
2026-06-20 23:00:00,12.0,24.8,80,947.5,11.4,273,0.0,23,5,6,12.0,12.0,38.3,47.7,12.0,25.4,23.25,29.525000000000002,32.69583333333333
2026-06-21 00:00:00,12.0,24.5,80,947.3,9.0,272,0.0,0,6,6,12.0,12.0,26.8,24.6,38.1,12.0,18.866666666666664,26.55,32.69583333333333
2026-06-21 01:00:00,12.0,24.5,80,947.7,7.1,276,0.0,1,6,6,12.0,12.0,38.4,26.6,12.0,19.3,16.4,25.5,31.608333333333334
2026-06-21 02:00:00,14.2,25.7,73,948.2,5.6,277,0.0,2,6,6,12.0,12.0,12.0,39.9,12.0,23.8,12.0,24.28333333333333,31.608333333333334
2026-06-21 03:00:00,26.2,27.6,63,948.6,6.9,279,0.0,3,6,6,14.2,12.0,12.0,20.4,40.9,12.0,12.366666666666667,22.141666666666666,31.700000000000003
2026-06-21 04:00:00,29.0,29.7,54,948.7,8.2,278,0.0,4,6,6,26.2,12.0,12.0,55.6,25.9,12.0,14.733333333333334,22.625,31.087499999999995
2026-06-21 05:00:00,44.1,30.1,54,948.3,7.5,290,0.0,5,6,6,29.0,14.2,12.0,38.3,40.6,21.0,17.566666666666666,20.408333333333335,31.216666666666665
2026-06-21 06:00:00,42.4,32.4,45,948.0,7.0,283,0.0,6,6,6,44.1,26.2,12.0,26.8,47.3,34.9,22.916666666666668,20.891666666666666,31.362499999999997
2026-06-21 07:00:00,68.1,34.0,40,947.5,6.1,289,0.0,7,6,6,42.4,29.0,12.0,38.4,33.4,54.5,27.983333333333334,22.191666666666666,31.15833333333333
2026-06-21 08:00:00,72.8,34.7,37,946.6,6.3,275,0.0,8,6,6,68.1,44.1,14.2,12.0,67.0,47.5,37.333333333333336,24.666666666666668,32.604166666666664
2026-06-21 09:00:00,69.3,35.7,34,945.6,6.0,261,0.0,9,6,6,72.8,42.4,26.2,12.0,58.1,49.8,47.1,29.733333333333334,32.84583333333334
2026-06-21 10:00:00,27.0,29.5,57,944.7,20.0,243,0.9,10,6,6,69.3,68.1,29.0,12.0,43.1,32.8,54.28333333333334,34.50833333333333,33.3125
2026-06-21 11:00:00,60.5,29.6,59,945.1,12.4,273,1.8,11,6,6,27.0,72.8,44.1,12.0,47.7,38.8,53.95000000000001,35.75833333333333,32.641666666666666
2026-06-21 12:00:00,38.6,29.2,62,944.9,11.7,271,0.1,12,6,6,60.5,69.3,42.4,12.0,24.6,63.2,56.68333333333334,39.800000000000004,33.175000000000004
2026-06-21 13:00:00,39.9,28.2,68,945.2,11.7,267,0.0,13,6,6,38.6,27.0,68.1,12.0,26.6,69.3,56.050000000000004,42.016666666666666,33.75833333333333
2026-06-21 14:00:00,45.5,27.2,73,945.8,11.3,262,0.0,14,6,6,39.9,60.5,72.8,14.2,39.9,52.8,51.35,44.34166666666667,34.3125
2026-06-21 15:00:00,61.4,26.7,74,946.2,9.8,256,0.0,15,6,6,45.5,38.6,69.3,26.2,20.4,41.2,46.79999999999999,46.949999999999996,34.545833333333334
2026-06-21 16:00:00,44.9,26.4,76,946.6,9.3,254,0.0,16,6,6,61.4,39.9,27.0,29.0,55.6,38.0,45.48333333333333,49.88333333333333,36.25416666666667
2026-06-21 17:00:00,45.5,26.0,78,947.0,9.0,254,0.0,17,6,6,44.9,45.5,60.5,44.1,38.3,33.4,48.46666666666667,51.208333333333336,35.80833333333333
2026-06-21 18:00:00,38.2,25.9,80,946.8,8.4,255,0.0,18,6,6,45.5,61.4,38.6,42.4,26.8,37.0,45.96666666666667,51.324999999999996,36.10833333333333
2026-06-21 19:00:00,20.0,25.8,81,946.4,7.7,249,0.0,19,6,6,38.2,44.9,39.9,68.1,38.4,12.0,45.9,50.975,36.583333333333336
2026-06-21 20:00:00,35.0,25.5,81,946.1,9.3,254,0.0,20,6,6,20.0,45.5,45.5,72.8,12.0,15.3,42.583333333333336,46.96666666666667,35.81666666666667
2026-06-21 21:00:00,17.0,25.3,81,945.7,8.3,248,0.0,21,6,6,35.0,38.2,61.4,69.3,12.0,12.0,40.833333333333336,43.81666666666666,36.775
2026-06-21 22:00:00,26.6,25.1,81,945.7,7.8,244,0.0,22,6,6,17.0,20.0,44.9,27.0,12.0,15.8,33.43333333333333,39.458333333333336,36.983333333333334
2026-06-21 23:00:00,15.0,24.8,83,945.6,6.3,246,0.0,23,6,6,26.6,35.0,45.5,60.5,12.0,12.0,30.38333333333333,39.425000000000004,37.59166666666667
2026-06-22 00:00:00,12.0,24.9,83,946.1,7.7,245,0.0,0,0,6,15.0,17.0,38.2,38.6,12.0,38.1,25.3,35.63333333333333,37.71666666666667
2026-06-22 01:00:00,14.5,24.7,84,946.7,7.1,263,0.0,1,0,6,12.0,26.6,20.0,39.9,12.0,12.0,20.933333333333334,33.416666666666664,37.71666666666667
2026-06-22 02:00:00,49.3,25.8,77,947.5,5.8,250,0.0,2,0,6,14.5,15.0,35.0,45.5,14.2,12.0,20.016666666666666,31.3,37.82083333333333
2026-06-22 03:00:00,40.2,27.2,70,947.1,4.6,257,0.1,3,0,6,49.3,12.0,17.0,61.4,26.2,40.9,22.400000000000002,31.61666666666667,39.28333333333333
2026-06-22 04:00:00,26.3,29.3,60,947.9,7.1,234,0.1,4,0,6,40.2,14.5,26.6,44.9,29.0,25.9,26.266666666666666,29.849999999999998,39.86666666666667
2026-06-22 05:00:00,30.4,30.9,54,947.6,7.8,232,0.1,5,0,6,26.3,49.3,15.0,45.5,44.1,40.6,26.21666666666667,28.3,39.75416666666667
2026-06-22 06:00:00,28.5,32.4,47,947.3,11.8,236,0.0,6,0,6,30.4,40.2,12.0,38.2,42.4,47.3,28.783333333333335,27.041666666666668,39.18333333333333
2026-06-22 07:00:00,12.0,29.0,60,946.7,15.5,248,1.1,7,0,6,28.5,26.3,14.5,20.0,68.1,33.4,31.533333333333335,26.23333333333333,38.604166666666664
2026-06-22 08:00:00,28.4,31.5,53,946.5,12.0,246,0.1,8,0,6,12.0,30.4,49.3,35.0,72.8,67.0,31.11666666666667,25.566666666666663,36.266666666666666
2026-06-22 09:00:00,42.4,27.8,70,945.6,16.7,234,1.8,9,0,6,28.4,28.5,40.2,17.0,69.3,58.1,27.63333333333333,25.016666666666666,34.416666666666664
2026-06-22 10:00:00,49.8,28.1,68,945.0,15.0,259,0.8,10,0,6,42.4,12.0,26.3,26.6,27.0,43.1,28.0,27.133333333333336,33.295833333333334
2026-06-22 11:00:00,51.0,26.9,74,945.0,11.6,246,2.6,11,0,6,49.8,28.4,30.4,15.0,60.5,47.7,31.916666666666668,29.066666666666666,34.24583333333333
2026-06-22 12:00:00,34.8,27.4,70,945.0,14.8,241,0.2,12,0,6,51.0,42.4,28.5,12.0,38.6,24.6,35.349999999999994,32.06666666666667,33.85
2026-06-22 13:00:00,79.5,27.1,71,945.4,12.6,244,0.0,13,0,6,34.8,49.8,12.0,14.5,39.9,26.6,36.4,33.96666666666667,33.69166666666666
2026-06-22 14:00:00,79.4,26.0,76,945.5,11.6,235,0.0,14,0,6,79.5,51.0,28.4,49.3,45.5,39.9,47.65,39.38333333333333,35.34166666666667
2026-06-22 15:00:00,56.9,25.3,80,946.3,10.7,241,0.0,15,0,6,79.4,34.8,42.4,40.2,61.4,20.4,56.15,41.891666666666666,36.75416666666667
2026-06-22 16:00:00,29.3,25.0,82,946.7,10.1,237,0.0,16,0,6,56.9,79.5,49.8,26.3,44.9,55.6,58.56666666666667,43.28333333333333,36.56666666666667
2026-06-22 17:00:00,55.6,24.7,83,946.8,8.5,241,0.0,17,0,6,29.3,79.4,51.0,30.4,45.5,38.3,55.150000000000006,43.53333333333333,35.916666666666664
2026-06-22 18:00:00,44.2,24.7,82,946.7,9.0,232,0.0,18,0,6,55.6,56.9,34.8,28.5,38.2,26.8,55.916666666666664,45.63333333333333,36.3375
2026-06-22 19:00:00,31.7,24.3,83,946.4,7.3,226,0.0,19,0,6,44.2,29.3,79.5,12.0,20.0,38.4,57.48333333333333,46.94166666666666,36.5875
2026-06-22 20:00:00,36.1,24.0,84,945.5,6.5,204,0.0,20,0,6,31.7,55.6,79.4,28.4,35.0,12.0,49.51666666666667,48.583333333333336,37.074999999999996
2026-06-22 21:00:00,12.0,23.8,85,945.3,6.9,217,0.0,21,0,6,36.1,44.2,56.9,42.4,17.0,12.0,42.300000000000004,49.225,37.12083333333333
2026-06-22 22:00:00,12.0,23.9,85,945.2,3.8,229,0.0,22,0,6,12.0,31.7,29.3,49.8,26.6,12.0,34.81666666666666,46.69166666666666,36.9125
2026-06-22 23:00:00,34.6,23.8,86,944.8,3.7,215,0.0,23,0,6,12.0,36.1,55.6,51.0,15.0,12.0,31.933333333333337,43.541666666666664,36.30416666666667
2026-06-23 00:00:00,12.0,24.0,85,944.7,8.7,232,0.0,0,1,6,34.6,12.0,44.2,34.8,12.0,12.0,28.433333333333334,42.175,37.12083333333333
2026-06-23 01:00:00,12.0,24.1,85,945.0,8.2,229,0.0,1,1,6,12.0,12.0,31.7,79.5,14.5,12.0,23.066666666666666,40.275,37.12083333333333
2026-06-23 02:00:00,12.0,25.2,78,945.8,11.3,223,0.0,2,1,6,12.0,34.6,36.1,79.4,49.3,14.2,19.78333333333333,34.65,37.016666666666666
2026-06-23 03:00:00,12.0,25.2,79,946.1,10.2,225,0.5,3,1,6,12.0,12.0,12.0,56.9,40.2,26.2,15.766666666666666,29.03333333333333,35.4625
2026-06-23 04:00:00,41.5,24.1,89,946.2,6.0,224,1.7,4,1,6,12.0,12.0,12.0,29.3,26.3,29.0,15.766666666666666,25.291666666666668,34.2875
2026-06-23 05:00:00,28.0,25.5,79,945.8,11.6,226,0.6,5,1,6,41.5,12.0,34.6,55.6,30.4,44.1,20.683333333333334,26.308333333333334,34.920833333333334
2026-06-23 06:00:00,12.0,28.0,68,946.0,13.1,217,0.2,6,1,6,28.0,12.0,12.0,44.2,28.5,42.4,19.583333333333332,24.00833333333333,34.82083333333333
2026-06-23 07:00:00,41.2,27.5,67,945.4,17.1,215,0.0,7,1,6,12.0,41.5,12.0,31.7,12.0,68.1,19.583333333333332,21.325,34.13333333333333
2026-06-23 08:00:00,33.7,27.0,67,944.7,19.3,215,0.1,8,1,6,41.2,28.0,12.0,36.1,28.4,72.8,24.450000000000003,22.11666666666667,35.35
2026-06-23 09:00:00,45.6,25.8,76,943.9,16.1,220,0.3,9,1,6,33.7,12.0,12.0,12.0,42.4,69.3,28.066666666666666,21.916666666666668,35.57083333333333
2026-06-23 10:00:00,32.3,24.5,85,943.7,13.6,228,1.3,10,1,6,45.6,41.2,41.5,12.0,49.8,27.0,33.666666666666664,24.71666666666667,35.704166666666666
2026-06-23 11:00:00,76.2,23.7,93,943.1,9.4,241,2.5,11,1,6,32.3,33.7,28.0,34.6,51.0,60.5,32.13333333333333,26.40833333333333,34.975
2026-06-23 12:00:00,54.7,24.9,84,942.9,14.8,249,0.7,12,1,6,76.2,45.6,12.0,12.0,34.8,38.6,40.166666666666664,29.875,36.025
2026-06-23 13:00:00,43.8,23.7,91,943.2,12.5,243,1.0,13,1,6,54.7,32.3,41.2,12.0,79.5,39.9,47.28333333333334,33.43333333333334,36.854166666666664
2026-06-23 14:00:00,70.9,23.2,95,943.8,8.8,247,4.0,14,1,6,43.8,76.2,33.7,12.0,79.4,45.5,47.71666666666667,36.083333333333336,35.36666666666667
2026-06-23 15:00:00,62.6,23.3,96,944.5,8.4,277,3.7,15,1,6,70.9,54.7,45.6,12.0,56.9,61.4,53.916666666666664,40.99166666666667,35.012499999999996
2026-06-23 16:00:00,46.1,23.1,95,944.9,10.3,274,1.1,16,1,6,62.6,43.8,32.3,41.5,29.3,44.9,56.75,45.208333333333336,35.25
2026-06-23 17:00:00,35.9,22.7,95,945.3,13.4,264,1.0,17,1,6,46.1,70.9,76.2,28.0,55.6,45.5,59.05000000000001,45.59166666666667,35.95
2026-06-23 18:00:00,12.0,22.1,95,945.3,14.4,262,0.8,18,1,6,35.9,62.6,54.7,12.0,44.2,38.2,52.333333333333336,46.25,35.12916666666667
2026-06-23 19:00:00,22.3,21.9,95,944.7,12.6,268,0.7,19,1,6,12.0,46.1,43.8,41.2,31.7,20.0,45.21666666666667,46.25,33.7875
2026-06-23 20:00:00,12.0,21.9,96,944.4,12.5,258,1.3,20,1,6,22.3,35.9,70.9,33.7,36.1,35.0,41.63333333333333,44.675000000000004,33.395833333333336
2026-06-23 21:00:00,12.0,22.0,94,944.3,11.9,256,1.3,21,1,6,12.0,12.0,62.6,45.6,12.0,17.0,31.816666666666663,42.86666666666667,32.391666666666666
2026-06-23 22:00:00,12.0,22.0,93,944.1,10.8,246,0.2,22,1,6,12.0,22.3,46.1,32.3,12.0,26.6,23.38333333333333,40.06666666666666,32.391666666666666
2026-06-23 23:00:00,12.0,22.2,90,944.1,11.2,248,0.1,23,1,6,12.0,12.0,35.9,76.2,34.6,15.0,17.7,38.375,32.391666666666666
2026-06-24 00:00:00,12.0,22.5,92,944.3,9.9,270,0.1,0,2,6,12.0,12.0,12.0,54.7,12.0,12.0,13.716666666666669,33.025,31.45
2026-06-24 01:00:00,12.0,22.3,92,944.6,12.5,263,1.0,1,2,6,12.0,12.0,22.3,43.8,12.0,14.5,13.716666666666669,29.466666666666665,31.45
2026-06-24 02:00:00,12.0,22.2,93,945.3,9.6,258,1.3,2,2,6,12.0,12.0,12.0,70.9,12.0,49.3,12.0,26.816666666666663,31.45
2026-06-24 03:00:00,12.0,22.5,91,945.8,8.3,268,0.8,3,2,6,12.0,12.0,12.0,62.6,12.0,40.2,12.0,21.90833333333333,31.45
2026-06-24 04:00:00,12.0,23.4,85,946.2,9.6,261,0.1,4,2,6,12.0,12.0,12.0,46.1,41.5,26.3,12.0,17.691666666666666,31.45
2026-06-24 05:00:00,12.5,24.2,76,946.9,11.4,285,0.1,5,2,6,12.0,12.0,12.0,35.9,28.0,30.4,12.0,14.85,30.22083333333333
2026-06-24 06:00:00,51.4,23.7,85,946.4,8.7,276,0.5,6,2,6,12.5,12.0,12.0,12.0,12.0,28.5,12.083333333333334,12.9,29.575
2026-06-24 07:00:00,12.8,24.4,82,946.1,11.2,272,1.1,7,2,6,51.4,12.0,12.0,22.3,41.2,12.0,18.65,16.183333333333334,31.21666666666667
2026-06-24 08:00:00,44.9,25.4,75,945.6,12.1,273,0.1,8,2,6,12.8,12.5,12.0,12.0,33.7,28.4,18.78333333333333,15.391666666666666,30.03333333333333
2026-06-24 09:00:00,58.7,26.7,67,945.0,11.7,274,0.0,9,2,6,44.9,51.4,12.0,12.0,45.6,42.4,24.266666666666666,18.133333333333333,30.5
2026-06-24 10:00:00,25.9,27.1,64,944.6,13.7,268,0.0,10,2,6,58.7,12.8,12.0,12.0,32.3,49.8,32.050000000000004,22.025000000000002,31.045833333333334
2026-06-24 11:00:00,63.8,26.4,64,944.2,13.5,265,0.0,11,2,6,25.9,44.9,12.5,12.0,76.2,51.0,34.36666666666667,23.183333333333334,30.77916666666667
2026-06-24 12:00:00,56.9,24.9,78,944.1,11.3,256,0.0,12,2,6,63.8,58.7,51.4,12.0,54.7,34.8,42.916666666666664,27.5,30.2625
2026-06-24 13:00:00,44.0,24.4,79,944.6,11.3,243,0.0,13,2,6,56.9,25.9,12.8,12.0,43.8,79.5,43.833333333333336,31.241666666666664,30.354166666666668
2026-06-24 14:00:00,67.3,23.8,83,944.9,10.3,239,0.0,14,2,6,44.0,63.8,44.9,12.0,70.9,79.4,49.03333333333333,33.90833333333333,30.3625
2026-06-24 15:00:00,45.4,23.3,85,945.1,8.2,244,0.0,15,2,6,67.3,56.9,58.7,12.0,62.6,56.9,52.76666666666667,38.516666666666666,30.212500000000002
2026-06-24 16:00:00,50.0,23.1,86,945.6,7.1,243,0.0,16,2,6,45.4,44.0,25.9,12.0,46.1,29.3,50.550000000000004,41.3,29.495833333333334
2026-06-24 17:00:00,53.9,22.7,88,946.0,8.3,229,0.2,17,2,6,50.0,67.3,63.8,12.5,35.9,55.6,54.56666666666666,44.46666666666667,29.65833333333333
2026-06-24 18:00:00,40.1,23.0,85,946.3,10.6,235,0.1,18,2,6,53.9,45.4,56.9,51.4,12.0,44.2,52.916666666666664,47.916666666666664,30.40833333333333
2026-06-24 19:00:00,33.5,22.7,86,945.9,10.2,240,0.0,19,2,6,40.1,50.0,44.0,12.8,22.3,31.7,50.11666666666667,46.975,31.579166666666666
2026-06-24 20:00:00,12.0,22.7,86,945.1,10.5,248,0.0,20,2,6,33.5,53.9,67.3,44.9,12.0,36.1,48.36666666666667,48.699999999999996,32.045833333333334
2026-06-24 21:00:00,12.5,22.7,86,944.9,10.0,247,0.0,21,2,6,12.0,40.1,45.4,58.7,12.0,12.0,39.15,45.958333333333336,32.045833333333334
2026-06-24 22:00:00,12.0,22.9,85,944.5,10.6,249,0.0,22,2,6,12.5,33.5,50.0,25.9,12.0,12.0,33.666666666666664,42.10833333333333,32.06666666666667
2026-06-24 23:00:00,12.0,22.8,87,944.6,10.1,253,0.0,23,2,6,12.0,12.0,53.9,63.8,12.0,34.6,27.333333333333332,40.949999999999996,32.06666666666667
2026-06-25 00:00:00,12.0,23.5,89,944.9,11.0,251,0.0,0,3,6,12.0,12.5,40.1,56.9,12.0,12.0,20.349999999999998,36.63333333333333,32.06666666666667
2026-06-25 01:00:00,20.7,23.5,89,945.5,9.2,259,0.0,1,3,6,12.0,12.0,33.5,44.0,12.0,12.0,15.666666666666666,32.891666666666666,32.06666666666667
2026-06-25 02:00:00,12.0,24.1,86,945.9,10.2,252,0.0,2,3,6,20.7,12.0,12.0,67.3,12.0,12.0,13.533333333333333,30.950000000000003,32.42916666666667
2026-06-25 03:00:00,12.0,25.0,81,946.5,11.6,251,0.0,3,3,6,12.0,12.0,12.5,45.4,12.0,12.0,13.533333333333333,26.34166666666667,32.42916666666667
2026-06-25 04:00:00,15.1,25.8,76,947.1,14.3,263,0.0,4,3,6,12.0,20.7,12.0,50.0,12.0,41.5,13.450000000000001,23.558333333333337,32.42916666666667
2026-06-25 05:00:00,12.0,26.0,75,947.0,14.1,267,0.0,5,3,6,15.1,12.0,12.0,53.9,12.5,28.0,13.966666666666667,20.65,32.55833333333334
2026-06-25 06:00:00,15.4,28.4,62,946.7,13.3,283,0.0,6,3,6,12.0,12.0,12.0,40.1,51.4,12.0,13.966666666666667,17.15833333333333,32.5375
2026-06-25 07:00:00,31.3,29.2,59,946.2,13.5,283,0.0,7,3,6,15.4,15.1,20.7,33.5,12.8,41.2,14.533333333333333,15.1,31.037499999999998
2026-06-25 08:00:00,59.9,29.8,57,945.7,13.9,280,0.0,8,3,6,31.3,12.0,12.0,12.0,44.9,33.7,16.3,14.916666666666666,31.808333333333334
2026-06-25 09:00:00,45.0,29.9,57,945.2,14.6,274,0.0,9,3,6,59.9,15.4,12.0,12.5,58.7,45.6,24.28333333333333,18.90833333333333,32.43333333333333
2026-06-25 10:00:00,57.9,29.1,56,944.5,15.5,274,0.4,10,3,6,45.0,31.3,15.1,12.0,25.9,32.3,29.78333333333333,21.616666666666664,31.862499999999997
2026-06-25 11:00:00,28.3,27.9,63,944.2,16.6,279,0.4,11,3,6,57.9,59.9,12.0,12.0,63.8,76.2,36.916666666666664,25.441666666666666,33.19583333333333
2026-06-25 12:00:00,46.1,26.6,73,944.5,15.0,276,0.1,12,3,6,28.3,45.0,15.4,12.0,56.9,54.7,39.63333333333333,26.799999999999997,31.71666666666667
2026-06-25 13:00:00,35.4,26.0,76,945.0,13.5,275,0.0,13,3,6,46.1,57.9,31.3,20.7,44.0,43.8,44.75,29.641666666666666,31.266666666666666
2026-06-25 14:00:00,47.9,25.1,80,945.3,11.6,263,0.0,14,3,6,35.4,28.3,59.9,12.0,67.3,70.9,45.43333333333333,30.866666666666664,30.90833333333333
2026-06-25 15:00:00,60.5,24.5,83,946.2,11.6,249,0.0,15,3,6,47.9,46.1,45.0,12.0,45.4,62.6,43.43333333333334,33.858333333333334,30.099999999999998
2026-06-25 16:00:00,48.7,23.8,87,946.7,10.2,244,0.0,16,3,6,60.5,35.4,57.9,15.1,50.0,46.1,46.01666666666667,37.9,30.729166666666668
2026-06-25 17:00:00,64.5,23.5,88,946.8,8.5,246,0.0,17,3,6,48.7,47.9,28.3,12.0,53.9,35.9,44.48333333333333,40.699999999999996,30.675
2026-06-25 18:00:00,24.2,23.4,88,946.6,9.2,239,0.0,18,3,6,64.5,60.5,46.1,15.4,40.1,12.0,50.51666666666667,45.074999999999996,31.11666666666667
2026-06-25 19:00:00,12.0,23.1,89,946.2,8.9,238,0.0,19,3,6,24.2,48.7,35.4,31.3,33.5,22.3,46.86666666666667,45.80833333333334,30.454166666666666
2026-06-25 20:00:00,18.3,22.8,90,945.8,8.9,241,0.0,20,3,6,12.0,64.5,47.9,59.9,12.0,12.0,42.96666666666667,44.20000000000001,29.558333333333334
2026-06-25 21:00:00,29.0,22.7,91,945.3,8.9,245,0.0,21,3,6,18.3,24.2,60.5,45.0,12.5,12.0,38.03333333333334,40.733333333333334,29.820833333333336
2026-06-25 22:00:00,12.0,22.6,91,945.3,9.0,257,0.0,22,3,6,29.0,12.0,48.7,57.9,12.0,12.0,32.78333333333333,39.4,30.508333333333336
2026-06-25 23:00:00,37.5,22.7,91,945.6,9.0,248,0.0,23,3,6,12.0,18.3,64.5,28.3,12.0,12.0,26.666666666666668,35.574999999999996,30.508333333333336
2026-06-26 00:00:00,12.0,23.0,90,945.4,9.0,244,0.0,0,4,6,37.5,29.0,24.2,46.1,12.0,12.0,22.166666666666668,36.34166666666667,31.570833333333336
2026-06-26 01:00:00,12.0,23.4,87,945.9,8.3,256,0.0,1,4,6,12.0,12.0,12.0,35.4,20.7,12.0,20.133333333333333,33.5,31.570833333333336
2026-06-26 02:00:00,12.0,24.1,84,946.7,8.3,254,0.0,2,4,6,12.0,37.5,18.3,47.9,12.0,12.0,20.133333333333333,31.55,31.208333333333332
2026-06-26 03:00:00,14.1,25.0,80,947.0,9.2,267,0.0,3,4,6,12.0,12.0,29.0,60.5,12.0,12.0,19.083333333333332,28.558333333333334,31.208333333333332
2026-06-26 04:00:00,12.0,26.0,74,947.7,10.9,282,0.0,4,4,6,14.1,12.0,12.0,48.7,15.1,12.0,16.599999999999998,24.691666666666666,31.295833333333334
2026-06-26 05:00:00,26.1,26.9,70,948.1,11.3,290,0.0,5,4,6,12.0,12.0,37.5,64.5,12.0,12.5,16.599999999999998,21.633333333333336,31.166666666666668
2026-06-26 06:00:00,28.7,28.2,64,947.7,9.3,286,0.0,6,4,6,26.1,14.1,12.0,24.2,15.4,51.4,14.700000000000001,18.433333333333334,31.754166666666663
2026-06-26 07:00:00,55.6,29.0,59,947.1,8.8,282,0.0,7,4,6,28.7,12.0,12.0,12.0,31.3,12.8,17.483333333333334,18.808333333333334,32.30833333333333
2026-06-26 08:00:00,58.1,30.9,51,946.6,9.1,285,0.0,8,4,6,55.6,26.1,12.0,18.3,59.9,44.9,24.75,22.441666666666666,33.32083333333333
2026-06-26 09:00:00,51.2,31.3,47,945.4,11.8,289,0.0,9,4,6,58.1,28.7,14.1,29.0,45.0,58.7,32.43333333333333,25.758333333333336,33.24583333333334
2026-06-26 10:00:00,44.3,30.4,51,944.7,14.0,269,0.0,10,4,6,51.2,55.6,12.0,12.0,57.9,25.9,38.61666666666667,27.608333333333334,33.50416666666667
2026-06-26 11:00:00,39.9,29.5,57,944.4,13.8,263,0.0,11,4,6,44.3,58.1,26.1,37.5,28.3,63.8,44.0,30.3,32.9375
2026-06-26 12:00:00,42.4,28.5,60,944.5,15.5,269,0.1,12,4,6,39.9,51.2,28.7,12.0,46.1,56.9,46.29999999999999,30.5,33.420833333333334
2026-06-26 13:00:00,39.7,26.6,74,945.1,13.6,259,0.0,13,4,6,42.4,44.3,55.6,12.0,35.4,44.0,48.583333333333336,33.03333333333333,33.266666666666666
2026-06-26 14:00:00,61.5,25.6,79,945.9,12.0,257,0.0,14,4,6,39.7,39.9,58.1,12.0,47.9,67.3,45.93333333333334,35.34166666666667,33.44583333333333
2026-06-26 15:00:00,34.9,25.1,81,946.6,10.8,246,0.0,15,4,6,61.5,42.4,51.2,14.1,60.5,45.4,46.5,39.46666666666667,34.0125
2026-06-26 16:00:00,55.1,24.6,84,946.9,10.8,249,0.0,16,4,6,34.9,39.7,44.3,12.0,48.7,50.0,43.78333333333333,41.199999999999996,32.94583333333333
2026-06-26 17:00:00,17.9,24.3,86,947.2,11.3,248,0.0,17,4,6,55.1,61.5,39.9,26.1,64.5,53.9,45.583333333333336,44.791666666666664,33.2125
2026-06-26 18:00:00,34.2,24.3,87,946.9,9.8,246,0.0,18,4,6,17.9,34.9,42.4,28.7,24.2,40.1,41.916666666666664,44.10833333333333,31.270833333333332
2026-06-26 19:00:00,27.4,23.9,87,946.5,9.8,252,0.0,19,4,6,34.2,55.1,39.7,55.6,12.0,33.5,40.550000000000004,44.56666666666667,31.6875
2026-06-26 20:00:00,20.9,23.6,88,945.9,9.0,254,0.0,20,4,6,27.4,17.9,61.5,58.1,18.3,12.0,38.5,42.21666666666667,32.32916666666667
2026-06-26 21:00:00,12.0,23.3,90,945.4,8.6,259,0.0,21,4,6,20.9,34.2,34.9,51.2,29.0,12.5,31.733333333333334,39.11666666666667,32.4375
2026-06-26 22:00:00,12.0,23.2,90,945.1,8.7,248,0.0,22,4,6,12.0,27.4,55.1,44.3,12.0,12.0,27.916666666666668,35.85,31.729166666666668
2026-06-26 23:00:00,12.0,23.1,90,945.1,8.7,248,0.0,23,4,6,12.0,20.9,17.9,39.9,37.5,12.0,20.733333333333334,33.15833333333333,31.729166666666668
2026-06-27 00:00:00,12.0,23.2,90,945.4,6.8,248,0.0,0,5,6,12.0,12.0,34.2,42.4,12.0,12.0,19.75,30.833333333333332,30.666666666666668
2026-06-27 01:00:00,14.3,23.5,89,945.6,6.6,241,0.0,1,5,6,12.0,12.0,27.4,39.7,12.0,20.7,16.05,28.3,30.666666666666668
2026-06-27 02:00:00,19.0,24.4,83,946.2,7.1,251,0.0,2,5,6,14.3,12.0,20.9,61.5,12.0,12.0,13.866666666666667,26.183333333333334,30.7625
2026-06-27 03:00:00,29.0,26.0,76,946.8,6.7,261,0.0,3,5,6,19.0,12.0,12.0,34.9,14.1,12.0,13.549999999999999,22.641666666666666,31.054166666666664
2026-06-27 04:00:00,28.5,27.9,66,947.1,8.1,276,0.0,4,5,6,29.0,14.3,12.0,55.1,12.0,15.1,16.383333333333333,22.150000000000002,31.674999999999997
2026-06-27 05:00:00,49.1,29.4,59,947.2,7.2,283,0.0,5,5,6,28.5,19.0,12.0,17.9,26.1,12.0,19.133333333333333,19.933333333333334,32.3625
2026-06-27 06:00:00,22.8,30.4,53,947.1,7.2,292,0.1,6,5,6,49.1,29.0,12.0,34.2,28.7,15.4,25.316666666666666,22.53333333333333,33.32083333333333
2026-06-27 07:00:00,46.3,31.6,47,946.4,6.1,300,0.0,7,5,6,22.8,28.5,14.3,27.4,55.6,31.3,27.11666666666667,21.583333333333332,33.074999999999996
2026-06-27 08:00:00,57.0,32.2,45,945.6,5.5,311,0.0,8,5,6,46.3,49.1,19.0,20.9,58.1,59.9,32.449999999999996,23.15833333333333,32.6875
2026-06-27 09:00:00,65.1,32.8,44,944.4,8.1,302,0.0,9,5,6,57.0,22.8,29.0,12.0,51.2,45.0,38.78333333333333,26.166666666666668,32.641666666666666
2026-06-27 10:00:00,44.2,30.2,53,943.5,16.8,266,0.5,10,5,6,65.1,46.3,28.5,12.0,44.3,57.9,44.79999999999999,30.59166666666667,33.22083333333333
2026-06-27 11:00:00,48.4,29.3,60,943.7,13.0,265,0.6,11,5,6,44.2,57.0,49.1,12.0,39.9,28.3,47.416666666666664,33.275,33.21666666666666
2026-06-27 12:00:00,61.8,28.1,68,943.6,10.9,257,0.1,12,5,6,48.4,65.1,22.8,12.0,42.4,46.1,47.300000000000004,36.30833333333333,33.57083333333333
2026-06-27 13:00:00,72.9,27.5,72,944.0,9.1,256,0.1,13,5,6,61.8,44.2,46.3,14.3,39.7,35.4,53.79999999999999,40.458333333333336,34.37916666666667
2026-06-27 14:00:00,44.8,26.5,79,945.1,9.5,243,0.0,14,5,6,72.9,48.4,57.0,19.0,61.5,47.9,58.23333333333334,45.34166666666667,35.762499999999996
2026-06-27 15:00:00,80.5,25.7,83,945.5,9.2,258,0.0,15,5,6,44.8,61.8,65.1,29.0,34.9,60.5,56.199999999999996,47.49166666666667,35.06666666666666
2026-06-27 16:00:00,37.4,25.4,84,945.9,6.6,259,0.1,16,5,6,80.5,72.9,44.2,28.5,55.1,48.7,58.76666666666667,51.78333333333333,36.96666666666666
2026-06-27 17:00:00,38.3,25.0,86,945.8,8.3,257,0.1,17,5,6,37.4,44.8,48.4,49.1,17.9,64.5,57.63333333333333,52.525000000000006,36.229166666666664
2026-06-27 18:00:00,38.9,25.2,87,945.6,7.6,255,0.0,18,5,6,38.3,80.5,61.8,22.8,34.2,24.2,55.949999999999996,51.625,37.079166666666666
2026-06-27 19:00:00,44.1,24.7,89,945.1,7.8,247,0.0,19,5,6,38.9,37.4,72.9,46.3,27.4,12.0,52.13333333333333,52.96666666666667,37.275
2026-06-27 20:00:00,37.5,24.5,90,944.7,7.0,257,0.0,20,5,6,44.1,38.3,44.8,57.0,20.9,18.3,47.333333333333336,52.78333333333333,37.97083333333333
2026-06-27 21:00:00,13.5,24.2,92,944.3,7.2,258,0.0,21,5,6,37.5,38.9,80.5,65.1,12.0,29.0,46.11666666666667,51.15833333333333,38.6625
2026-06-27 22:00:00,12.0,24.0,92,943.9,5.7,259,0.0,22,5,6,13.5,44.1,37.4,44.2,12.0,12.0,34.949999999999996,46.85833333333333,38.725
2026-06-27 23:00:00,12.0,23.8,93,944.0,6.4,243,0.0,23,5,6,12.0,37.5,38.3,48.4,12.0,37.5,30.71666666666667,44.175000000000004,38.725
2026-06-28 00:00:00,17.6,24.4,91,944.0,6.9,255,0.0,0,6,6,12.0,13.5,38.9,61.8,12.0,12.0,26.333333333333332,41.141666666666666,38.725
2026-06-28 01:00:00,12.0,24.4,90,944.4,6.1,258,0.0,1,6,6,17.6,12.0,44.1,72.9,14.3,12.0,22.78333333333333,37.458333333333336,38.958333333333336
2026-06-28 02:00:00,12.0,25.0,86,945.0,6.0,260,0.0,2,6,6,12.0,12.0,37.5,44.8,19.0,12.0,17.433333333333334,32.38333333333333,38.862500000000004
2026-06-28 03:00:00,38.6,25.4,82,945.2,6.3,268,0.0,3,6,6,12.0,17.6,13.5,80.5,29.0,14.1,13.183333333333332,29.649999999999995,38.57083333333333
2026-06-28 04:00:00,43.3,27.3,72,945.8,6.0,275,0.0,4,6,6,38.6,12.0,12.0,37.4,28.5,12.0,17.366666666666664,26.15833333333333,38.97083333333334
2026-06-28 05:00:00,35.0,28.5,66,946.0,3.5,282,0.0,5,6,6,43.3,12.0,12.0,38.3,49.1,26.1,22.583333333333332,26.650000000000002,39.5875
2026-06-28 06:00:00,45.9,29.1,64,945.7,3.7,293,0.0,6,6,6,35.0,38.6,17.6,38.9,22.8,28.7,26.416666666666668,26.375,39.0
2026-06-28 07:00:00,71.1,30.4,60,945.0,5.0,283,0.0,7,6,6,45.9,43.3,12.0,44.1,46.3,55.6,31.133333333333336,26.958333333333332,39.9625
2026-06-28 08:00:00,69.6,31.5,56,944.0,6.2,292,0.0,8,6,6,71.1,35.0,12.0,37.5,57.0,58.1,40.98333333333333,29.208333333333332,40.99583333333333
2026-06-28 09:00:00,34.0,26.3,81,943.4,18.8,277,5.5,9,6,6,69.6,45.9,38.6,13.5,65.1,51.2,50.583333333333336,31.88333333333333,41.520833333333336
2026-06-28 10:00:00,70.8,26.3,81,943.0,11.5,260,2.1,10,6,6,34.0,71.1,43.3,12.0,44.2,44.3,49.81666666666666,33.59166666666666,40.225
2026-06-28 11:00:00,74.6,25.7,82,942.9,11.3,272,1.5,11,6,6,70.8,69.6,35.0,12.0,48.4,39.9,54.4,38.49166666666667,41.333333333333336
2026-06-28 12:00:00,62.0,25.3,86,943.1,10.7,261,0.8,12,6,6,74.6,34.0,45.9,17.6,61.8,42.4,61.0,43.708333333333336,42.425000000000004
2026-06-28 13:00:00,60.6,24.2,88,943.5,10.7,254,0.6,13,6,6,62.0,70.8,71.1,12.0,72.9,39.7,63.68333333333334,47.40833333333333,42.43333333333333
2026-06-28 14:00:00,49.7,23.8,92,944.2,11.4,242,0.4,14,6,6,60.6,74.6,69.6,12.0,44.8,61.5,61.93333333333333,51.458333333333336,41.920833333333334
2026-06-28 15:00:00,57.0,23.8,93,945.0,10.7,254,0.7,15,6,6,49.7,62.0,34.0,38.6,80.5,34.9,58.61666666666667,54.599999999999994,42.125
2026-06-28 16:00:00,67.5,23.9,94,945.3,7.7,269,0.1,16,6,6,57.0,60.6,70.8,43.3,37.4,55.1,62.449999999999996,56.133333333333326,41.145833333333336
2026-06-28 17:00:00,58.3,23.7,94,945.4,7.6,251,0.0,17,6,6,67.5,49.7,74.6,35.0,38.3,17.9,61.9,58.15,42.4
2026-06-28 18:00:00,22.3,24.1,96,945.1,8.2,255,0.0,18,6,6,58.3,57.0,62.0,45.9,38.9,34.2,59.18333333333333,60.09166666666667,43.23333333333333
2026-06-28 19:00:00,24.3,23.6,97,944.7,7.8,248,0.6,19,6,6,22.3,67.5,60.6,71.1,44.1,27.4,52.56666666666667,58.125,42.541666666666664
2026-06-28 20:00:00,15.0,23.6,96,944.3,8.2,262,0.7,20,6,6,24.3,58.3,49.7,69.6,37.5,20.9,46.51666666666667,54.224999999999994,41.71666666666666
2026-06-28 21:00:00,12.0,23.5,96,943.8,10.1,264,0.5,21,6,6,15.0,22.3,57.0,34.0,13.5,12.0,40.733333333333334,49.67499999999999,40.77916666666666
2026-06-28 22:00:00,25.5,23.3,96,943.5,8.5,271,0.1,22,6,6,12.0,24.3,67.5,70.8,12.0,12.0,33.233333333333334,47.84166666666666,40.71666666666666
2026-06-28 23:00:00,12.0,23.1,96,943.5,8.8,274,0.0,23,6,6,25.5,15.0,58.3,74.6,12.0,12.0,26.233333333333334,44.06666666666666,41.27916666666666
2026-06-29 00:00:00,12.0,23.0,96,942.9,9.2,267,0.0,0,0,6,12.0,12.0,22.3,62.0,17.6,12.0,18.516666666666666,38.85,41.27916666666666
2026-06-29 01:00:00,18.7,23.1,94,943.3,9.3,246,0.0,1,0,6,12.0,25.5,24.3,60.6,12.0,14.3,16.8,34.68333333333334,41.04583333333333
2026-06-29 02:00:00,32.9,23.8,90,944.1,9.0,250,0.0,2,0,6,18.7,12.0,15.0,49.7,12.0,19.0,15.866666666666665,31.191666666666666,41.324999999999996
2026-06-29 03:00:00,12.0,25.1,82,944.7,11.5,267,0.0,3,0,6,32.9,12.0,12.0,57.0,38.6,29.0,18.849999999999998,29.791666666666668,42.19583333333333
2026-06-29 04:00:00,12.0,26.6,75,945.5,11.5,268,0.0,4,0,6,12.0,18.7,25.5,67.5,43.3,28.5,18.849999999999998,26.041666666666668,41.0875
2026-06-29 05:00:00,14.0,27.8,70,945.6,11.0,267,0.0,5,0,6,12.0,32.9,12.0,58.3,35.0,49.1,16.599999999999998,21.416666666666668,39.78333333333333
2026-06-29 06:00:00,36.1,28.3,65,945.5,12.8,267,0.1,6,0,6,14.0,12.0,12.0,22.3,45.9,22.8,16.933333333333334,17.724999999999998,38.90833333333333
2026-06-29 07:00:00,39.5,27.8,66,945.0,13.7,279,0.5,7,0,6,36.1,12.0,18.7,24.3,71.1,46.3,20.95,18.875,38.5
2026-06-29 08:00:00,24.7,27.9,68,944.8,15.5,271,0.2,8,0,6,39.5,14.0,32.9,15.0,69.6,57.0,24.416666666666668,20.141666666666666,37.18333333333333
2026-06-29 09:00:00,45.5,27.9,67,944.2,16.2,273,0.1,9,0,6,24.7,36.1,12.0,12.0,34.0,65.1,23.05,20.95,35.3125
2026-06-29 10:00:00,62.3,26.6,72,943.5,15.7,266,0.0,10,0,6,45.5,39.5,12.0,25.5,70.8,44.2,28.633333333333336,23.741666666666664,35.791666666666664
2026-06-29 11:00:00,41.2,26.3,75,943.0,15.9,267,0.2,11,0,6,62.3,24.7,14.0,12.0,74.6,48.4,37.016666666666666,26.808333333333334,35.4375
2026-06-29 12:00:00,47.8,24.8,89,943.0,13.4,266,0.2,12,0,6,41.2,45.5,36.1,12.0,62.0,61.8,41.550000000000004,29.241666666666664,34.045833333333334
2026-06-29 13:00:00,63.9,24.5,90,943.3,11.1,263,0.5,13,0,6,47.8,62.3,39.5,18.7,60.6,72.9,43.5,32.225,33.454166666666666
2026-06-29 14:00:00,68.7,24.1,91,943.7,11.4,254,0.2,14,0,6,63.9,41.2,24.7,32.9,49.7,44.8,47.56666666666666,35.99166666666667,33.59166666666666
2026-06-29 15:00:00,45.5,23.7,91,944.3,9.6,247,0.1,15,0,6,68.7,47.8,45.5,12.0,57.0,80.5,54.9,38.975,34.38333333333333
2026-06-29 16:00:00,43.5,23.6,90,945.0,8.9,246,0.0,16,0,6,45.5,63.9,62.3,12.0,67.5,37.4,54.9,41.76666666666667,33.90416666666667
2026-06-29 17:00:00,52.6,23.4,90,945.7,10.1,246,0.0,17,0,6,43.5,68.7,41.2,14.0,58.3,38.3,51.76666666666667,44.39166666666667,32.90416666666667
2026-06-29 18:00:00,35.1,23.5,89,945.7,10.7,250,0.0,18,0,6,52.6,45.5,47.8,36.1,22.3,38.9,53.666666666666664,47.60833333333334,32.666666666666664
2026-06-29 19:00:00,12.0,23.5,88,945.2,9.8,250,0.0,19,0,6,35.1,43.5,63.9,39.5,24.3,44.1,51.550000000000004,47.525,33.199999999999996
2026-06-29 20:00:00,24.1,23.3,89,944.6,9.2,244,0.0,20,0,6,12.0,52.6,68.7,24.7,15.0,37.5,42.9,45.23333333333333,32.6875
2026-06-29 21:00:00,12.5,23.4,90,944.2,8.8,247,0.0,21,0,6,24.1,35.1,45.5,45.5,12.0,13.5,35.46666666666667,45.18333333333333,33.06666666666667
2026-06-29 22:00:00,12.0,23.5,90,943.5,8.4,245,0.0,22,0,6,12.5,12.0,43.5,62.3,25.5,12.0,29.96666666666667,42.43333333333333,33.0875
2026-06-29 23:00:00,19.1,23.6,90,943.4,9.9,249,0.0,23,0,6,12.0,24.1,52.6,41.2,12.0,12.0,24.71666666666667,38.24166666666667,32.525
2026-06-30 00:00:00,12.0,23.4,91,943.7,13.4,243,1.2,0,1,6,19.1,12.5,35.1,47.8,12.0,17.6,19.133333333333336,36.4,32.82083333333333
2026-06-30 01:00:00,12.0,23.5,90,944.2,12.5,247,0.0,1,1,6,12.0,12.0,12.0,63.9,18.7,12.0,15.283333333333333,33.416666666666664,32.82083333333333
2026-06-30 02:00:00,12.0,23.9,87,944.6,12.9,252,0.0,2,1,6,12.0,19.1,24.1,68.7,32.9,12.0,15.283333333333333,29.09166666666667,32.541666666666664
2026-06-30 03:00:00,12.0,24.8,83,945.3,16.6,247,0.0,3,1,6,12.0,12.0,12.5,45.5,12.0,38.6,13.266666666666666,24.366666666666664,31.670833333333334
2026-06-30 04:00:00,12.0,25.7,80,945.7,16.1,248,0.8,4,1,6,12.0,12.0,12.0,43.5,12.0,43.3,13.183333333333332,21.575,31.670833333333334
2026-06-30 05:00:00,12.0,26.1,77,945.8,16.2,249,0.4,5,1,6,12.0,12.0,19.1,52.6,14.0,35.0,13.183333333333332,18.95,31.670833333333334
2026-06-30 06:00:00,31.8,27.1,74,945.8,17.4,252,0.1,6,1,6,12.0,12.0,12.0,35.1,36.1,45.9,12.0,15.566666666666668,31.587500000000002
2026-06-30 07:00:00,28.6,26.9,77,945.8,15.5,250,2.1,7,1,6,31.8,12.0,12.0,12.0,39.5,71.1,15.299999999999999,15.291666666666666,31.40833333333333
2026-06-30 08:00:00,12.0,26.6,77,945.3,18.4,245,0.3,8,1,6,28.6,12.0,12.0,24.1,24.7,69.6,18.066666666666666,16.675,30.954166666666666
2026-06-30 09:00:00,34.4,25.9,80,944.5,17.3,249,0.3,9,1,6,12.0,31.8,12.0,12.5,45.5,34.0,18.066666666666666,15.666666666666666,30.424999999999997
2026-06-30 10:00:00,46.5,24.5,90,943.8,15.0,246,1.5,10,1,6,34.4,28.6,12.0,12.0,62.3,70.8,21.8,17.491666666666664,29.962499999999995
2026-06-30 11:00:00,47.3,24.4,91,943.1,13.8,248,0.9,11,1,6,46.5,12.0,12.0,19.1,41.2,74.6,27.55,20.366666666666664,29.304166666666664
2026-06-30 12:00:00,60.6,25.0,84,943.4,14.8,244,0.2,12,1,6,47.3,34.4,31.8,12.0,47.8,62.0,33.43333333333333,22.71666666666667,29.558333333333334
2026-06-30 13:00:00,46.6,24.2,90,943.5,12.4,256,1.0,13,1,6,60.6,46.5,28.6,12.0,63.9,60.6,38.23333333333333,26.766666666666666,30.09166666666667
2026-06-30 14:00:00,44.9,23.6,94,943.8,12.4,249,1.0,14,1,6,46.6,47.3,12.0,12.0,68.7,49.7,41.23333333333333,29.650000000000002,29.370833333333334
2026-06-30 15:00:00,61.9,23.6,94,944.5,14.0,247,0.5,15,1,6,44.9,60.6,34.4,12.0,45.5,57.0,46.71666666666667,32.391666666666666,28.379166666666666
2026-06-30 16:00:00,33.7,23.5,95,944.8,12.6,250,1.2,16,1,6,61.9,46.6,46.5,12.0,43.5,67.5,51.300000000000004,36.550000000000004,29.0625
2026-06-30 17:00:00,12.0,23.5,94,945.3,15.2,253,2.9,17,1,6,33.7,44.9,47.3,12.0,52.6,58.3,49.166666666666664,38.358333333333334,28.654166666666665
2026-06-30 18:00:00,12.0,23.3,94,944.9,16.9,240,4.5,18,1,6,12.0,61.9,60.6,31.8,35.1,22.3,43.28333333333333,38.358333333333334,26.962499999999995
2026-06-30 19:00:00,12.0,23.2,94,944.1,15.1,247,1.7,19,1,6,12.0,33.7,46.6,28.6,12.0,24.3,35.18333333333334,36.708333333333336,26.0
2026-06-30 20:00:00,12.0,23.2,93,943.5,16.2,253,2.0,20,1,6,12.0,12.0,44.9,12.0,24.1,15.0,29.416666666666668,35.325,26.0
2026-06-30 21:00:00,12.0,23.0,94,943.1,17.0,249,0.4,21,1,6,12.0,12.0,61.9,34.4,12.5,12.0,23.933333333333337,35.325,25.495833333333334
2026-06-30 22:00:00,12.0,23.1,91,943.1,17.7,248,0.4,22,1,6,12.0,12.0,33.7,46.5,12.0,25.5,15.616666666666667,33.458333333333336,25.474999999999998
2026-06-30 23:00:00,12.0,22.8,93,942.6,16.9,247,0.3,23,1,6,12.0,12.0,12.0,47.3,19.1,12.0,12.0,30.583333333333332,25.474999999999998
2026-07-01 00:00:00,12.0,22.9,94,942.7,15.1,250,0.5,0,2,7,12.0,12.0,12.0,60.6,12.0,12.0,12.0,27.64166666666667,25.179166666666664
2026-07-01 01:00:00,12.0,23.1,92,943.1,15.3,246,0.2,1,2,7,12.0,12.0,12.0,46.6,12.0,18.7,12.0,23.59166666666667,25.179166666666664
2026-07-01 02:00:00,12.0,23.6,91,943.4,16.1,248,0.2,2,2,7,12.0,12.0,12.0,44.9,12.0,32.9,12.0,20.708333333333332,25.179166666666664
2026-07-01 03:00:00,12.0,24.3,87,944.1,14.4,254,0.1,3,2,7,12.0,12.0,12.0,61.9,12.0,12.0,12.0,17.96666666666667,25.179166666666664
2026-07-01 04:00:00,12.0,25.2,82,944.8,15.9,254,0.1,4,2,7,12.0,12.0,12.0,33.7,12.0,12.0,12.0,13.808333333333332,25.179166666666664
2026-07-01 05:00:00,14.2,26.3,80,944.7,13.9,253,0.2,5,2,7,12.0,12.0,12.0,12.0,12.0,14.0,12.0,12.0,25.179166666666664
2026-07-01 06:00:00,12.0,27.1,71,944.5,18.5,246,0.4,6,2,7,14.2,12.0,12.0,12.0,31.8,36.1,12.366666666666667,12.183333333333335,25.270833333333332
2026-07-01 07:00:00,17.8,26.0,83,944.1,17.8,250,1.5,7,2,7,12.0,12.0,12.0,12.0,28.6,39.5,12.366666666666667,12.183333333333332,24.445833333333336
2026-07-01 08:00:00,14.5,26.0,77,943.6,18.5,251,0.6,8,2,7,17.8,14.2,12.0,12.0,12.0,24.7,13.333333333333334,12.666666666666666,23.995833333333334
2026-07-01 09:00:00,41.9,24.4,89,942.8,19.5,247,2.4,9,2,7,14.5,12.0,12.0,12.0,34.4,45.5,13.75,12.875,24.099999999999998
2026-07-01 10:00:00,18.4,24.0,92,942.4,18.9,260,3.9,10,2,7,41.9,17.8,12.0,12.0,46.5,62.3,18.733333333333334,15.366666666666665,24.412500000000005
2026-07-01 11:00:00,42.4,23.8,93,942.2,18.3,255,2.6,11,2,7,18.4,14.5,14.2,12.0,47.3,41.2,19.8,15.899999999999999,23.24166666666667
2026-07-01 12:00:00,34.5,23.9,92,942.2,19.3,246,2.8,12,2,7,42.4,41.9,12.0,12.0,60.6,47.8,24.5,18.433333333333334,23.037499999999998
2026-07-01 13:00:00,17.6,23.6,91,942.8,20.7,257,0.6,13,2,7,34.5,18.4,17.8,12.0,46.6,63.9,28.25,20.308333333333334,21.95
2026-07-01 14:00:00,45.9,23.0,94,943.2,15.8,263,1.1,14,2,7,17.6,42.4,14.5,12.0,44.9,68.7,28.216666666666665,20.775,20.741666666666664
2026-07-01 15:00:00,40.8,22.8,96,943.9,14.1,266,1.7,15,2,7,45.9,34.5,41.9,12.0,61.9,45.5,33.45,23.599999999999998,20.783333333333335
2026-07-01 16:00:00,34.3,23.1,94,944.5,14.8,257,0.9,16,2,7,40.8,17.6,18.4,12.0,33.7,43.5,33.266666666666666,26.0,19.904166666666665
2026-07-01 17:00:00,31.5,23.0,95,944.7,13.9,247,1.0,17,2,7,34.3,45.9,42.4,14.2,12.0,52.6,35.916666666666664,27.858333333333334,19.929166666666664
2026-07-01 18:00:00,12.0,22.6,94,944.7,15.5,252,1.0,18,2,7,31.5,40.8,34.5,12.0,12.0,35.1,34.1,29.3,20.741666666666664
2026-07-01 19:00:00,12.0,22.5,94,944.1,15.9,255,0.3,19,2,7,12.0,34.3,17.6,17.8,12.0,12.0,30.349999999999998,29.3,20.741666666666664
2026-07-01 20:00:00,18.8,22.5,93,944.1,13.1,252,0.0,20,2,7,12.0,31.5,45.9,14.5,12.0,24.1,29.416666666666668,28.816666666666666,20.741666666666664
2026-07-01 21:00:00,12.1,22.5,92,943.6,12.6,248,0.0,21,2,7,18.8,12.0,40.8,41.9,12.0,12.5,24.899999999999995,29.175,21.025
2026-07-01 22:00:00,12.0,22.7,92,943.2,13.9,240,0.2,22,2,7,12.1,12.0,34.3,18.4,12.0,12.0,20.116666666666667,26.691666666666663,21.029166666666665
2026-07-01 23:00:00,12.0,22.6,93,942.9,12.9,251,0.3,23,2,7,12.0,18.8,31.5,42.4,12.0,19.1,16.400000000000002,26.15833333333333,21.029166666666665
2026-07-02 00:00:00,12.0,22.9,94,943.0,15.9,245,0.3,0,3,7,12.0,12.1,12.0,34.5,12.0,12.0,13.15,23.625,21.029166666666665
2026-07-02 01:00:00,12.0,22.8,93,943.7,14.6,248,0.1,1,3,7,12.0,12.0,12.0,17.6,12.0,12.0,13.15,21.75,21.029166666666665
2026-07-02 02:00:00,12.0,23.1,90,944.1,12.1,253,0.0,2,3,7,12.0,12.0,18.8,45.9,12.0,12.0,13.15,21.283333333333335,21.029166666666665
2026-07-02 03:00:00,12.0,23.8,87,944.5,11.7,256,0.0,3,3,7,12.0,12.0,12.1,40.8,12.0,12.0,12.016666666666666,18.458333333333332,21.029166666666665
2026-07-02 04:00:00,12.0,25.4,78,945.2,17.1,263,0.0,4,3,7,12.0,12.0,12.0,34.3,12.0,12.0,12.0,16.058333333333334,21.029166666666665
2026-07-02 05:00:00,12.0,25.6,79,945.2,18.6,265,0.0,5,3,7,12.0,12.0,12.0,31.5,14.2,12.0,12.0,14.200000000000001,21.029166666666665
2026-07-02 06:00:00,13.0,25.0,86,945.2,16.4,255,0.4,6,3,7,12.0,12.0,12.0,12.0,12.0,31.8,12.0,12.575000000000001,20.9375
2026-07-02 07:00:00,24.6,23.8,90,945.1,17.6,259,0.8,7,3,7,13.0,12.0,12.0,12.0,17.8,28.6,12.166666666666666,12.658333333333333,20.979166666666668
2026-07-02 08:00:00,31.1,24.0,89,944.6,15.8,263,0.5,8,3,7,24.6,12.0,12.0,18.8,14.5,12.0,14.266666666666666,13.708333333333334,21.2625
2026-07-02 09:00:00,16.4,25.4,79,944.1,20.3,257,0.2,9,3,7,31.1,13.0,12.0,12.1,41.9,34.4,17.45,14.733333333333334,21.954166666666666
2026-07-02 10:00:00,16.4,24.4,86,943.6,18.2,250,0.8,10,3,7,16.4,24.6,12.0,12.0,18.4,46.5,18.183333333333334,15.091666666666667,20.891666666666666
2026-07-02 11:00:00,59.2,23.8,90,943.4,17.1,249,1.2,11,3,7,16.4,31.1,12.0,12.0,42.4,47.3,18.916666666666668,15.458333333333334,20.808333333333334
2026-07-02 12:00:00,35.0,24.5,90,943.0,14.0,262,0.9,12,3,7,59.2,16.4,13.0,12.0,34.5,60.6,26.78333333333333,19.391666666666666,21.508333333333336
2026-07-02 13:00:00,43.2,23.9,92,943.3,14.6,257,0.5,13,3,7,35.0,16.4,24.6,12.0,17.6,46.6,30.45,21.308333333333334,21.52916666666667
2026-07-02 14:00:00,42.2,23.4,94,943.6,14.1,254,1.1,14,3,7,43.2,59.2,31.1,12.0,45.9,44.9,33.550000000000004,23.90833333333333,22.59583333333333
2026-07-02 15:00:00,26.5,23.1,95,944.3,12.4,239,0.6,15,3,7,42.2,35.0,16.4,12.0,40.8,61.9,35.4,26.425,22.441666666666666
2026-07-02 16:00:00,34.1,23.0,94,944.8,14.0,242,0.6,16,3,7,26.5,43.2,16.4,12.0,34.3,33.7,37.083333333333336,27.633333333333336,21.84583333333333
2026-07-02 17:00:00,36.8,22.7,95,945.6,13.3,251,0.4,17,3,7,34.1,42.2,59.2,12.0,31.5,12.0,40.03333333333334,29.474999999999998,21.837500000000002
2026-07-02 18:00:00,12.4,22.7,94,945.0,14.9,252,0.2,18,3,7,36.8,26.5,35.0,13.0,12.0,12.0,36.3,31.541666666666668,22.058333333333334
2026-07-02 19:00:00,12.0,22.6,94,944.7,13.7,247,0.5,19,3,7,12.4,34.1,43.2,24.6,12.0,12.0,32.53333333333334,31.491666666666664,22.075000000000003
2026-07-02 20:00:00,18.7,22.4,95,944.4,12.1,243,1.7,20,3,7,12.0,36.8,42.2,31.1,18.8,12.0,27.333333333333332,30.441666666666666,22.075000000000003
2026-07-02 21:00:00,12.0,22.5,95,943.9,13.6,248,1.1,21,3,7,18.7,12.4,26.5,16.4,12.1,12.0,23.416666666666668,29.40833333333333,22.070833333333336
2026-07-02 22:00:00,12.1,22.5,95,943.7,12.6,256,1.8,22,3,7,12.0,12.0,34.1,16.4,12.0,12.0,21.0,29.041666666666668,22.066666666666666
2026-07-02 23:00:00,12.0,22.9,95,943.4,14.8,256,1.0,23,3,7,12.1,18.7,36.8,59.2,12.0,12.0,17.333333333333332,28.683333333333334,22.070833333333336
2026-07-03 00:00:00,12.0,23.1,94,943.5,12.9,258,2.9,0,4,7,12.0,12.0,12.4,35.0,12.0,12.0,13.199999999999998,24.75,22.070833333333336
2026-07-03 01:00:00,24.9,23.1,96,943.8,10.9,258,3.5,1,4,7,12.0,12.1,12.0,43.2,12.0,12.0,13.133333333333333,22.833333333333332,22.070833333333336
2026-07-03 02:00:00,18.1,23.4,95,943.9,17.0,264,1.3,2,4,7,24.9,12.0,18.7,42.2,12.0,12.0,15.283333333333333,21.308333333333334,22.608333333333334
2026-07-03 03:00:00,12.0,23.4,95,944.7,18.1,265,1.1,3,4,7,18.1,12.0,12.0,26.5,12.0,12.0,15.183333333333332,19.3,22.8625
2026-07-03 04:00:00,12.0,24.0,92,945.3,14.4,261,0.5,4,4,7,12.0,24.9,12.1,34.1,12.0,12.0,15.183333333333332,18.091666666666665,22.8625
2026-07-03 05:00:00,12.0,24.1,91,945.7,14.1,251,0.5,5,4,7,12.0,18.1,12.0,36.8,12.0,14.2,15.166666666666666,16.25,22.8625
2026-07-03 06:00:00,12.0,24.7,90,945.4,18.0,258,0.7,6,4,7,12.0,12.0,12.0,12.4,13.0,12.0,15.166666666666666,14.183333333333332,22.8625
2026-07-03 07:00:00,12.0,24.6,88,944.9,19.6,268,1.1,7,4,7,12.0,12.0,24.9,12.0,24.6,17.8,15.166666666666666,14.149999999999999,22.820833333333336
2026-07-03 08:00:00,21.5,24.6,86,944.6,16.6,250,0.5,8,4,7,12.0,12.0,18.1,18.7,31.1,14.5,13.016666666666666,14.149999999999999,22.295833333333334
2026-07-03 09:00:00,34.3,25.1,82,944.2,18.7,256,0.1,9,4,7,21.5,12.0,12.0,12.0,16.4,41.9,13.583333333333334,14.383333333333333,21.895833333333332
2026-07-03 10:00:00,39.8,23.2,90,943.8,15.6,243,0.5,10,4,7,34.3,12.0,12.0,12.1,16.4,18.4,17.3,16.241666666666667,22.641666666666666
2026-07-03 11:00:00,35.5,24.3,85,943.7,17.8,254,0.1,11,4,7,39.8,21.5,12.0,12.0,59.2,42.4,21.933333333333334,18.55,23.61666666666667
2026-07-03 12:00:00,40.5,23.8,91,943.3,17.3,257,0.4,12,4,7,35.5,34.3,12.0,12.0,35.0,34.5,25.849999999999998,20.508333333333333,22.629166666666666
2026-07-03 13:00:00,43.3,23.0,94,943.3,16.2,260,0.9,13,4,7,40.5,39.8,12.0,24.9,43.2,17.6,30.599999999999998,22.883333333333336,22.858333333333334
2026-07-03 14:00:00,52.0,22.8,95,943.7,14.3,260,0.8,14,4,7,43.3,35.5,21.5,18.1,42.2,45.9,35.81666666666666,24.416666666666668,22.8625
2026-07-03 15:00:00,63.4,22.7,94,944.1,14.1,251,0.8,15,4,7,52.0,40.5,34.3,12.0,26.5,40.8,40.9,27.241666666666664,23.270833333333332
2026-07-03 16:00:00,26.5,22.5,95,944.7,15.0,246,0.6,16,4,7,63.4,43.3,39.8,12.0,34.1,34.3,45.75,31.524999999999995,24.808333333333334
2026-07-03 17:00:00,21.6,22.5,95,944.9,15.3,250,0.6,17,4,7,26.5,52.0,35.5,12.0,36.8,31.5,43.53333333333333,32.73333333333333,24.491666666666664
2026-07-03 18:00:00,41.0,22.6,94,944.2,16.5,254,0.4,18,4,7,21.6,63.4,40.5,12.0,12.4,12.0,41.21666666666667,33.53333333333333,23.858333333333334
2026-07-03 19:00:00,12.0,22.3,94,943.6,19.6,259,0.6,19,4,7,41.0,26.5,43.3,12.0,12.0,12.0,41.300000000000004,35.949999999999996,25.05
2026-07-03 20:00:00,12.0,22.3,95,943.2,18.4,261,0.4,20,4,7,12.0,21.6,52.0,21.5,18.7,18.8,36.083333333333336,35.949999999999996,25.05
2026-07-03 21:00:00,25.8,22.3,95,942.6,15.9,267,0.5,21,4,7,12.0,41.0,63.4,34.3,12.0,12.1,29.416666666666668,35.15833333333333,24.770833333333332
2026-07-03 22:00:00,12.0,22.3,95,942.3,14.7,264,1.0,22,4,7,25.8,12.0,26.5,39.8,12.1,12.0,23.150000000000002,34.45,25.34583333333333
2026-07-03 23:00:00,12.0,22.2,96,942.1,13.9,253,1.4,23,4,7,12.0,12.0,21.6,35.5,12.0,12.0,20.733333333333334,32.13333333333333,25.341666666666665
2026-07-04 00:00:00,12.0,22.6,95,942.2,16.6,255,0.9,0,5,7,12.0,25.8,41.0,40.5,12.0,12.0,19.133333333333333,30.175,25.341666666666665
2026-07-04 01:00:00,12.0,22.5,95,942.8,18.6,256,1.8,1,5,7,12.0,12.0,12.0,43.3,24.9,12.0,14.299999999999999,27.8,25.341666666666665
2026-07-04 02:00:00,12.0,22.5,95,942.9,16.0,267,1.7,2,5,7,12.0,12.0,12.0,52.0,18.1,12.0,14.299999999999999,25.191666666666666,24.804166666666664
2026-07-04 03:00:00,12.0,23.2,94,943.0,15.0,260,0.7,3,5,7,12.0,12.0,25.8,63.4,12.0,12.0,14.299999999999999,21.858333333333334,24.549999999999997
2026-07-04 04:00:00,12.0,23.9,94,943.2,15.7,261,2.0,4,5,7,12.0,12.0,12.0,26.5,12.0,12.0,12.0,17.575,24.549999999999997
2026-07-04 05:00:00,12.0,23.0,95,943.2,15.1,269,2.7,5,5,7,12.0,12.0,12.0,21.6,12.0,12.0,12.0,16.366666666666664,24.549999999999997
2026-07-04 06:00:00,12.0,23.6,93,943.1,17.4,254,2.6,6,5,7,12.0,12.0,12.0,41.0,12.0,13.0,12.0,15.566666666666665,24.549999999999997
2026-07-04 07:00:00,12.0,23.7,94,942.7,20.0,249,1.9,7,5,7,12.0,12.0,12.0,12.0,12.0,24.6,12.0,13.149999999999999,24.549999999999997
2026-07-04 08:00:00,27.9,23.9,93,942.2,20.9,263,1.3,8,5,7,12.0,12.0,12.0,12.0,21.5,31.1,12.0,13.149999999999999,24.549999999999997
2026-07-04 09:00:00,32.3,24.1,92,941.7,18.7,254,1.5,9,5,7,27.9,12.0,12.0,25.8,34.3,16.4,14.65,14.475,24.816666666666663
2026-07-04 10:00:00,51.1,23.7,93,940.9,17.7,255,1.3,10,5,7,32.3,12.0,12.0,12.0,39.8,16.4,18.033333333333335,15.016666666666666,24.733333333333334
2026-07-04 11:00:00,36.5,24.2,86,940.5,18.5,252,0.7,11,5,7,51.1,27.9,12.0,12.0,35.5,59.2,24.55,18.275000000000002,25.204166666666666
2026-07-04 12:00:00,14.8,23.2,93,940.4,19.6,251,0.6,12,5,7,36.5,32.3,12.0,12.0,40.5,35.0,28.633333333333336,20.316666666666666,25.245833333333334
2026-07-04 13:00:00,16.3,23.2,94,940.3,21.6,252,0.5,13,5,7,14.8,51.1,12.0,12.0,43.3,43.2,29.099999999999998,20.55,24.175
2026-07-04 14:00:00,32.7,23.3,93,940.2,21.7,254,0.8,14,5,7,16.3,36.5,27.9,12.0,52.0,42.2,29.816666666666666,20.908333333333335,23.049999999999997
2026-07-04 15:00:00,19.3,23.3,94,940.9,19.8,263,0.5,15,5,7,32.7,14.8,32.3,12.0,63.4,26.5,30.616666666666664,22.633333333333336,22.245833333333334
2026-07-04 16:00:00,25.6,23.2,93,941.4,18.9,263,0.2,16,5,7,19.3,16.3,51.1,12.0,26.5,34.1,28.45,23.24166666666667,20.408333333333335
2026-07-04 17:00:00,44.2,22.9,94,941.7,16.1,263,0.5,17,5,7,25.6,32.7,36.5,12.0,21.6,36.8,24.2,24.375,20.370833333333334
2026-07-04 18:00:00,24.2,23.0,96,941.6,13.6,263,1.3,18,5,7,44.2,19.3,14.8,12.0,41.0,12.4,25.483333333333334,27.058333333333337,21.3125
2026-07-04 19:00:00,12.0,22.9,96,940.9,10.6,266,0.6,19,5,7,24.2,25.6,16.3,12.0,12.0,12.0,27.05,28.075000000000003,20.6125
2026-07-04 20:00:00,18.0,23.0,96,940.2,9.1,234,2.2,20,5,7,12.0,44.2,32.7,27.9,12.0,18.7,26.333333333333332,28.075000000000003,20.6125
2026-07-04 21:00:00,16.1,23.1,95,939.5,11.7,227,6.0,21,5,7,18.0,24.2,19.3,32.3,25.8,12.0,23.883333333333336,27.25,20.8625
2026-07-04 22:00:00,20.9,23.1,95,939.4,11.2,204,8.3,22,5,7,16.1,12.0,25.6,51.1,12.0,12.1,23.350000000000005,25.900000000000002,20.458333333333332
2026-07-04 23:00:00,12.0,22.7,95,939.0,14.9,255,1.8,23,5,7,20.9,18.0,44.2,36.5,12.0,12.0,22.566666666666666,23.383333333333336,20.82916666666667
2026-07-05 00:00:00,12.0,23.1,95,939.1,13.0,253,0.4,0,6,7,12.0,16.1,24.2,14.8,12.0,12.0,17.2,21.34166666666667,20.82916666666667
2026-07-05 01:00:00,17.1,23.2,95,939.4,11.2,251,9.2,1,6,7,12.0,20.9,12.0,16.3,12.0,24.9,15.166666666666666,21.108333333333334,20.82916666666667
2026-07-05 02:00:00,12.0,23.3,94,939.9,15.9,245,4.1,2,6,7,17.1,12.0,18.0,32.7,12.0,18.1,16.016666666666666,21.175,21.041666666666668
2026-07-05 03:00:00,12.0,23.3,94,940.0,17.3,246,3.8,3,6,7,12.0,12.0,16.1,19.3,12.0,12.0,15.016666666666666,19.450000000000003,21.041666666666668
2026-07-05 04:00:00,12.0,23.7,93,940.6,17.8,247,2.2,4,6,7,12.0,17.1,20.9,25.6,12.0,12.0,14.333333333333334,18.84166666666667,21.041666666666668
2026-07-05 05:00:00,12.0,24.9,91,940.5,16.6,247,1.6,5,6,7,12.0,12.0,12.0,44.2,12.0,12.0,12.85,17.708333333333336,21.041666666666668
2026-07-05 06:00:00,12.0,24.0,92,940.5,20.7,247,7.2,6,6,7,12.0,12.0,12.0,24.2,12.0,12.0,12.85,15.025,21.041666666666668
2026-07-05 07:00:00,12.0,23.7,94,939.9,19.5,246,2.5,7,6,7,12.0,12.0,17.1,12.0,12.0,12.0,12.85,14.008333333333335,21.041666666666668
2026-07-05 08:00:00,12.0,24.2,91,939.6,21.8,239,2.5,8,6,7,12.0,12.0,12.0,18.0,27.9,21.5,12.0,14.008333333333335,21.041666666666668
2026-07-05 09:00:00,12.2,24.2,92,939.3,23.5,250,1.8,9,6,7,12.0,12.0,12.0,16.1,32.3,34.3,12.0,13.508333333333335,20.379166666666666
2026-07-05 10:00:00,12.0,24.0,90,939.1,23.5,249,0.7,10,6,7,12.2,12.0,12.0,20.9,51.1,39.8,12.033333333333333,13.183333333333332,19.541666666666668
2026-07-05 11:00:00,27.9,24.4,88,938.8,22.0,248,1.0,11,6,7,12.0,12.0,12.0,12.0,36.5,35.5,12.033333333333333,12.441666666666668,17.912499999999998
2026-07-05 12:00:00,57.4,23.6,94,938.9,16.5,250,2.6,12,6,7,27.9,12.2,12.0,12.0,14.8,40.5,14.683333333333332,13.766666666666667,17.554166666666667
2026-07-05 13:00:00,25.2,23.5,94,939.4,14.9,229,7.5,13,6,7,57.4,12.0,12.0,17.1,16.3,43.3,22.25,17.55,19.329166666666666
2026-07-05 14:00:00,25.4,23.5,93,939.3,19.5,234,8.0,14,6,7,25.2,27.9,12.0,12.0,32.7,52.0,24.45,18.224999999999998,19.7
2026-07-05 15:00:00,38.7,23.2,94,940.2,19.6,245,5.3,15,6,7,25.4,57.4,12.2,12.0,19.3,63.4,26.683333333333334,19.341666666666665,19.395833333333332
2026-07-05 16:00:00,12.0,23.1,95,941.0,20.6,249,3.2,16,6,7,38.7,25.2,12.0,12.0,25.6,26.5,31.099999999999994,21.566666666666663,20.204166666666666
2026-07-05 17:00:00,12.0,23.0,94,941.4,20.7,251,2.9,17,6,7,12.0,25.4,27.9,12.0,44.2,21.6,31.099999999999994,21.566666666666663,19.6375
2026-07-05 18:00:00,12.0,23.0,94,940.4,20.3,247,2.3,18,6,7,12.0,38.7,57.4,12.0,24.2,41.0,28.45,21.566666666666663,18.295833333333334
2026-07-05 19:00:00,12.0,22.9,94,939.7,19.6,247,1.7,19,6,7,12.0,12.0,25.2,12.0,12.0,12.0,20.883333333333333,21.566666666666663,17.787499999999998
2026-07-05 20:00:00,12.0,23.2,94,939.1,20.5,259,3.2,20,6,7,12.0,12.0,25.4,12.0,18.0,12.0,18.683333333333334,21.566666666666663,17.787499999999998
2026-07-05 21:00:00,12.0,23.2,94,939.0,23.6,263,0.6,21,6,7,12.0,12.0,38.7,12.2,16.1,25.8,16.45,21.566666666666663,17.537499999999998
2026-07-05 22:00:00,12.0,23.0,95,939.3,17.5,261,0.8,22,6,7,12.0,12.0,12.0,12.0,20.9,12.0,12.0,21.55,17.366666666666667
2026-07-05 23:00:00,12.0,23.1,95,939.1,14.5,250,1.5,23,6,7,12.0,12.0,12.0,27.9,12.0,12.0,12.0,21.55,16.995833333333334
2026-07-06 00:00:00,12.0,23.4,94,938.2,15.8,249,0.7,0,0,7,12.0,12.0,12.0,57.4,12.0,12.0,12.0,20.224999999999998,16.995833333333334
2026-07-06 01:00:00,12.0,23.4,95,938.5,12.6,257,2.2,1,0,7,12.0,12.0,12.0,25.2,17.1,12.0,12.0,16.441666666666666,16.995833333333334
2026-07-06 02:00:00,12.0,23.5,96,939.5,16.3,245,2.9,2,0,7,12.0,12.0,12.0,25.4,12.0,12.0,12.0,15.341666666666667,16.783333333333335
2026-07-06 03:00:00,12.0,23.8,91,940.3,22.6,250,0.9,3,0,7,12.0,12.0,12.0,38.7,12.0,12.0,12.0,14.225,16.783333333333335
2026-07-06 04:00:00,12.0,23.8,92,940.9,21.9,254,1.2,4,0,7,12.0,12.0,12.0,12.0,12.0,12.0,12.0,12.0,16.783333333333335
2026-07-06 05:00:00,12.0,23.8,92,940.9,22.2,257,1.6,5,0,7,12.0,12.0,12.0,12.0,12.0,12.0,12.0,12.0,16.783333333333335
2026-07-06 06:00:00,12.0,24.2,91,940.0,23.6,249,0.9,6,0,7,12.0,12.0,12.0,12.0,12.0,12.0,12.0,12.0,16.783333333333335
2026-07-06 07:00:00,12.0,24.1,93,939.2,25.4,242,3.3,7,0,7,12.0,12.0,12.0,12.0,12.0,12.0,12.0,12.0,16.783333333333335
2026-07-06 08:00:00,12.0,24.1,93,939.3,25.2,244,5.7,8,0,7,12.0,12.0,12.0,12.0,12.0,27.9,12.0,12.0,16.783333333333335
2026-07-06 09:00:00,12.0,23.6,92,939.0,31.3,248,5.0,9,0,7,12.0,12.0,12.0,12.0,12.2,32.3,12.0,12.0,16.783333333333335
2026-07-06 10:00:00,12.0,23.3,93,938.9,26.9,243,3.3,10,0,7,12.0,12.0,12.0,12.0,12.0,51.1,12.0,12.0,16.775000000000002
2026-07-06 11:00:00,12.7,23.1,92,938.6,27.5,244,1.4,11,0,7,12.0,12.0,12.0,12.0,27.9,36.5,12.0,12.0,16.775000000000002
2026-07-06 12:00:00,37.0,24.0,94,938.6,20.2,245,0.9,12,0,7,12.7,12.0,12.0,12.0,57.4,14.8,12.116666666666667,12.058333333333332,16.141666666666666
2026-07-06 13:00:00,24.9,23.8,93,938.6,20.6,244,0.8,13,0,7,37.0,12.0,12.0,12.0,25.2,16.3,16.283333333333335,14.141666666666666,15.291666666666666
2026-07-06 14:00:00,19.1,23.6,93,939.1,24.5,246,1.0,14,0,7,24.9,12.7,12.0,12.0,25.4,32.7,18.433333333333334,15.216666666666667,15.279166666666669
2026-07-06 15:00:00,12.0,23.6,91,940.2,23.7,248,0.3,15,0,7,19.1,37.0,12.0,12.0,38.7,19.3,19.616666666666667,15.808333333333332,15.016666666666666
2026-07-06 16:00:00,14.0,23.3,91,941.0,21.7,251,0.2,16,0,7,12.0,24.9,12.0,12.0,12.0,25.6,19.616666666666667,15.808333333333332,13.904166666666667
2026-07-06 17:00:00,12.0,22.9,91,941.2,24.3,254,1.0,17,0,7,14.0,19.1,12.7,12.0,12.0,44.2,19.95,15.975,13.987499999999999
2026-07-06 18:00:00,15.9,23.3,94,940.4,18.3,260,3.1,18,0,7,12.0,12.0,37.0,12.0,12.0,24.2,19.833333333333332,15.975,13.987499999999999
2026-07-06 19:00:00,12.0,22.9,94,940.1,18.9,255,2.9,19,0,7,15.9,14.0,24.9,12.0,12.0,12.0,16.316666666666666,16.3,14.15
2026-07-06 20:00:00,12.0,23.1,95,939.7,19.1,270,1.0,20,0,7,12.0,12.0,19.1,12.0,12.0,18.0,14.166666666666666,16.3,14.15
2026-07-06 21:00:00,12.0,23.2,94,939.1,22.3,256,0.4,21,0,7,12.0,15.9,12.0,12.0,12.0,16.1,12.983333333333334,16.3,14.15
2026-07-06 22:00:00,12.0,23.1,94,939.2,21.4,260,0.9,22,0,7,12.0,12.0,14.0,12.0,12.0,20.9,12.983333333333334,16.3,14.15
2026-07-06 23:00:00,12.0,23.1,93,939.2,21.0,255,0.3,23,0,7,12.0,12.0,12.0,12.7,12.0,12.0,12.65,16.3,14.15
2026-07-07 00:00:00,12.0,22.9,94,939.4,21.4,262,0.2,0,1,7,12.0,12.0,15.9,37.0,12.0,12.0,12.65,16.241666666666667,14.15
2026-07-07 01:00:00,12.0,22.9,94,940.3,19.6,259,1.8,1,1,7,12.0,12.0,12.0,24.9,12.0,17.1,12.0,14.158333333333331,14.15
2026-07-07 02:00:00,12.0,23.3,94,940.6,24.8,252,1.2,2,1,7,12.0,12.0,12.0,19.1,12.0,12.0,12.0,13.083333333333334,14.15
2026-07-07 03:00:00,12.0,24.7,89,940.9,18.3,252,0.2,3,1,7,12.0,12.0,12.0,12.0,12.0,12.0,12.0,12.491666666666665,14.15
2026-07-07 04:00:00,12.0,25.0,83,941.5,25.2,249,0.1,4,1,7,12.0,12.0,12.0,14.0,12.0,12.0,12.0,12.491666666666665,14.15
2026-07-07 05:00:00,12.0,26.2,78,941.5,27.5,254,0.0,5,1,7,12.0,12.0,12.0,12.0,12.0,12.0,12.0,12.324999999999998,14.15
2026-07-07 06:00:00,12.0,25.8,77,941.7,26.9,250,0.0,6,1,7,12.0,12.0,12.0,15.9,12.0,12.0,12.0,12.324999999999998,14.15
2026-07-07 07:00:00,12.0,26.1,79,941.4,24.7,254,0.3,7,1,7,12.0,12.0,12.0,12.0,12.0,12.0,12.0,12.0,14.15
2026-07-07 08:00:00,12.0,26.6,77,940.8,26.2,250,0.7,8,1,7,12.0,12.0,12.0,12.0,12.0,12.0,12.0,12.0,14.15
2026-07-07 09:00:00,12.0,26.7,77,940.4,27.0,251,0.7,9,1,7,12.0,12.0,12.0,12.0,12.0,12.2,12.0,12.0,14.15
2026-07-07 10:00:00,12.0,25.1,83,940.4,24.3,246,0.8,10,1,7,12.0,12.0,12.0,12.0,12.0,12.0,12.0,12.0,14.15
2026-07-07 11:00:00,17.6,24.4,86,940.3,23.8,257,0.6,11,1,7,12.0,12.0,12.0,12.0,12.7,27.9,12.0,12.0,14.15
2026-07-07 12:00:00,19.7,24.7,87,939.8,19.4,243,0.3,12,1,7,17.6,12.0,12.0,12.0,37.0,57.4,12.933333333333332,12.466666666666669,14.354166666666666
2026-07-07 13:00:00,52.5,23.8,91,939.6,20.0,235,0.7,13,1,7,19.7,12.0,12.0,12.0,24.9,25.2,14.216666666666667,13.108333333333334,13.633333333333333
2026-07-07 14:00:00,15.4,23.6,91,939.8,18.4,242,0.4,14,1,7,52.5,17.6,12.0,12.0,19.1,25.4,20.966666666666665,16.483333333333334,14.783333333333331
2026-07-07 15:00:00,54.2,23.7,91,940.4,18.6,242,0.4,15,1,7,15.4,19.7,12.0,12.0,12.0,38.7,21.53333333333333,16.76666666666667,14.629166666666668
2026-07-07 16:00:00,12.0,23.8,91,941.2,19.5,256,0.2,16,1,7,54.2,52.5,12.0,12.0,14.0,12.0,28.566666666666666,20.283333333333335,16.3875
2026-07-07 17:00:00,19.4,23.5,92,941.2,17.2,252,0.1,17,1,7,12.0,15.4,17.6,12.0,12.0,12.0,28.566666666666666,20.283333333333335,16.304166666666667
2026-07-07 18:00:00,12.0,23.1,94,940.9,17.9,257,1.2,18,1,7,19.4,54.2,19.7,12.0,15.9,12.0,28.866666666666664,20.900000000000002,16.6125
2026-07-07 19:00:00,12.0,23.5,95,940.3,17.3,257,12.8,19,1,7,12.0,12.0,52.5,12.0,12.0,12.0,27.583333333333332,20.900000000000002,16.45
2026-07-07 20:00:00,12.0,23.7,93,939.7,28.2,256,12.8,20,1,7,12.0,19.4,15.4,12.0,12.0,12.0,20.833333333333332,20.900000000000002,16.45
2026-07-07 21:00:00,12.0,23.4,94,939.7,25.2,255,5.0,21,1,7,12.0,12.0,54.2,12.0,12.0,12.0,20.266666666666666,20.900000000000002,16.45
2026-07-07 22:00:00,12.0,23.3,94,940.1,21.7,259,4.7,22,1,7,12.0,12.0,12.0,12.0,12.0,12.0,13.233333333333334,20.900000000000002,16.45
2026-07-07 23:00:00,12.0,23.3,93,940.2,24.6,255,1.5,23,1,7,12.0,12.0,19.4,17.6,12.0,12.0,13.233333333333334,20.900000000000002,16.45
2026-07-08 00:00:00,12.0,23.7,91,940.8,19.6,260,0.3,0,2,7,12.0,12.0,12.0,19.7,12.0,12.0,12.0,20.433333333333334,16.45
2026-07-08 01:00:00,12.0,23.9,93,940.8,19.0,255,2.1,1,2,7,12.0,12.0,12.0,52.5,12.0,12.0,12.0,19.791666666666668,16.45
2026-07-08 02:00:00,12.0,24.2,93,941.7,23.4,260,0.8,2,2,7,12.0,12.0,12.0,15.4,12.0,12.0,12.0,16.416666666666668,16.45
2026-07-08 03:00:00,12.0,24.5,87,942.1,22.0,257,0.1,3,2,7,12.0,12.0,12.0,54.2,12.0,12.0,12.0,16.133333333333333,16.45
2026-07-08 04:00:00,12.0,25.0,85,943.2,20.6,260,0.0,4,2,7,12.0,12.0,12.0,12.0,12.0,12.0,12.0,12.616666666666667,16.45
2026-07-08 05:00:00,12.0,25.2,82,943.4,23.0,261,0.8,5,2,7,12.0,12.0,12.0,19.4,12.0,12.0,12.0,12.616666666666667,16.45
2026-07-08 06:00:00,12.0,24.6,88,943.1,24.0,289,1.2,6,2,7,12.0,12.0,12.0,12.0,12.0,12.0,12.0,12.0,16.45
2026-07-08 07:00:00,22.4,25.8,83,943.5,16.6,285,0.3,7,2,7,12.0,12.0,12.0,12.0,12.0,12.0,12.0,12.0,16.45
2026-07-08 08:00:00,21.0,24.8,84,942.8,18.4,281,0.7,8,2,7,22.4,12.0,12.0,12.0,12.0,12.0,13.733333333333334,12.866666666666667,16.883333333333333
2026-07-08 09:00:00,30.1,25.9,86,942.6,18.5,283,1.6,9,2,7,21.0,12.0,12.0,12.0,12.0,12.0,15.233333333333334,13.616666666666667,17.258333333333333
2026-07-08 10:00:00,33.9,25.6,85,942.4,18.5,271,0.2,10,2,7,30.1,22.4,12.0,12.0,12.0,12.0,18.25,15.125,18.0125
2026-07-08 11:00:00,62.1,25.0,89,942.0,17.0,274,0.2,11,2,7,33.9,21.0,12.0,12.0,17.6,12.7,21.900000000000002,16.95,18.925
2026-07-08 12:00:00,40.6,25.2,84,941.8,17.0,252,0.1,12,2,7,62.1,30.1,12.0,12.0,19.7,37.0,30.25,21.125,20.77916666666667
2026-07-08 13:00:00,63.9,24.6,88,942.2,11.6,255,0.0,13,2,7,40.6,33.9,22.4,12.0,52.5,24.9,35.016666666666666,23.508333333333336,21.650000000000002
2026-07-08 14:00:00,54.6,24.4,88,943.2,14.2,254,0.0,14,2,7,63.9,62.1,21.0,12.0,15.4,19.1,41.93333333333333,27.833333333333332,22.125
2026-07-08 15:00:00,33.3,24.2,88,943.8,15.5,250,0.0,15,2,7,54.6,40.6,30.1,12.0,54.2,12.0,47.53333333333333,31.383333333333336,23.758333333333336
2026-07-08 16:00:00,27.6,23.8,89,944.0,15.0,251,0.0,16,2,7,33.3,63.9,33.9,12.0,12.0,14.0,48.06666666666666,33.15833333333333,22.8875
2026-07-08 17:00:00,18.3,23.9,89,944.9,14.7,255,0.0,17,2,7,27.6,54.6,62.1,12.0,19.4,12.0,47.01666666666667,34.458333333333336,23.537499999999998
2026-07-08 18:00:00,12.0,24.0,89,944.6,14.7,253,0.0,18,2,7,18.3,33.3,40.6,12.0,12.0,15.9,39.71666666666667,34.983333333333334,23.49166666666667
2026-07-08 19:00:00,12.0,23.8,89,944.0,15.6,243,0.0,19,2,7,12.0,27.6,63.9,22.4,12.0,12.0,34.95,34.983333333333334,23.49166666666667
2026-07-08 20:00:00,12.0,23.5,90,943.8,15.4,243,0.0,20,2,7,12.0,18.3,54.6,21.0,12.0,12.0,26.3,34.11666666666667,23.49166666666667
2026-07-08 21:00:00,12.0,23.6,88,943.3,15.3,248,0.0,21,2,7,12.0,12.0,33.3,30.1,12.0,12.0,19.2,33.36666666666667,23.49166666666667
2026-07-08 22:00:00,12.0,23.4,89,943.2,15.1,250,0.0,22,2,7,12.0,12.0,27.6,33.9,12.0,12.0,15.65,31.858333333333334,23.49166666666667
2026-07-08 23:00:00,12.0,23.5,91,943.3,16.6,254,0.0,23,2,7,12.0,12.0,18.3,62.1,12.0,12.0,13.049999999999999,30.033333333333335,23.49166666666667
2026-07-09 00:00:00,12.0,24.1,91,943.5,16.7,262,0.0,0,3,7,12.0,12.0,12.0,40.6,12.0,12.0,12.0,25.858333333333334,23.49166666666667
2026-07-09 01:00:00,12.0,24.1,89,944.0,18.2,265,0.0,1,3,7,12.0,12.0,12.0,63.9,12.0,12.0,12.0,23.474999999999998,23.49166666666667
2026-07-09 02:00:00,12.0,24.5,88,944.8,16.5,264,0.0,2,3,7,12.0,12.0,12.0,54.6,12.0,12.0,12.0,19.150000000000002,23.49166666666667
2026-07-09 03:00:00,12.0,25.0,84,945.3,18.6,253,0.0,3,3,7,12.0,12.0,12.0,33.3,12.0,12.0,12.0,15.600000000000001,23.49166666666667
2026-07-09 04:00:00,12.0,26.1,78,945.7,21.6,252,0.1,4,3,7,12.0,12.0,12.0,27.6,12.0,12.0,12.0,13.825000000000001,23.49166666666667
2026-07-09 05:00:00,12.0,27.1,74,946.4,21.3,257,0.1,5,3,7,12.0,12.0,12.0,18.3,12.0,12.0,12.0,12.525,23.49166666666667
2026-07-09 06:00:00,12.0,27.3,73,946.6,20.0,255,0.2,6,3,7,12.0,12.0,12.0,12.0,12.0,12.0,12.0,12.0,23.49166666666667
2026-07-09 07:00:00,12.0,27.9,70,946.7,19.2,255,0.0,7,3,7,12.0,12.0,12.0,12.0,22.4,12.0,12.0,12.0,23.49166666666667
2026-07-09 08:00:00,12.0,28.3,68,946.2,21.2,261,0.1,8,3,7,12.0,12.0,12.0,12.0,21.0,12.0,12.0,12.0,23.058333333333337
2026-07-09 09:00:00,43.8,28.2,69,945.7,20.6,258,0.0,9,3,7,12.0,12.0,12.0,12.0,30.1,12.0,12.0,12.0,22.683333333333337
2026-07-09 10:00:00,12.0,27.8,71,945.3,21.0,261,0.1,10,3,7,43.8,12.0,12.0,12.0,33.9,12.0,17.3,14.649999999999999,23.254166666666666
2026-07-09 11:00:00,36.1,27.0,76,945.2,17.2,265,0.0,11,3,7,12.0,12.0,12.0,12.0,62.1,17.6,17.3,14.649999999999999,22.34166666666667
2026-07-09 12:00:00,12.0,26.4,77,945.4,17.5,261,0.0,12,3,7,36.1,43.8,12.0,12.0,40.6,19.7,21.316666666666666,16.65833333333333,21.258333333333336
2026-07-09 13:00:00,33.1,25.6,81,945.6,16.3,254,0.0,13,3,7,12.0,12.0,12.0,12.0,63.9,52.5,21.316666666666666,16.65833333333333,20.066666666666666
2026-07-09 14:00:00,42.9,24.3,86,946.2,15.7,252,0.0,14,3,7,33.1,36.1,12.0,12.0,54.6,15.4,24.833333333333332,18.416666666666668,18.783333333333335
2026-07-09 15:00:00,51.2,23.9,88,946.6,13.5,251,0.0,15,3,7,42.9,12.0,43.8,12.0,33.3,54.2,29.983333333333334,20.991666666666664,18.295833333333334
2026-07-09 16:00:00,44.0,23.8,89,947.0,13.1,252,0.0,16,3,7,51.2,33.1,12.0,12.0,27.6,12.0,31.21666666666667,24.25833333333333,19.041666666666668
2026-07-09 17:00:00,36.3,24.0,89,947.6,13.2,253,0.0,17,3,7,44.0,42.9,36.1,12.0,18.3,19.4,36.550000000000004,26.924999999999997,19.724999999999998
2026-07-09 18:00:00,19.2,23.6,90,947.1,14.1,251,0.0,18,3,7,36.3,51.2,12.0,12.0,12.0,12.0,36.583333333333336,28.95,20.475
2026-07-09 19:00:00,12.0,23.5,90,946.9,13.6,258,0.0,19,3,7,19.2,44.0,33.1,12.0,12.0,12.0,37.78333333333333,29.549999999999997,20.775000000000002
2026-07-09 20:00:00,22.1,23.6,90,946.5,13.8,258,0.0,20,3,7,12.0,36.3,42.9,12.0,12.0,12.0,34.266666666666666,29.549999999999997,20.775000000000002
2026-07-09 21:00:00,12.0,23.6,90,945.8,12.9,263,0.0,21,3,7,22.1,19.2,51.2,43.8,12.0,12.0,30.799999999999997,30.391666666666666,21.195833333333333
2026-07-09 22:00:00,12.0,23.5,90,945.8,15.4,259,0.0,22,3,7,12.0,12.0,44.0,12.0,12.0,12.0,24.266666666666666,27.741666666666664,21.195833333333333
2026-07-09 23:00:00,12.0,23.3,90,945.8,14.6,260,0.0,23,3,7,12.0,22.1,36.3,36.1,12.0,12.0,18.933333333333334,27.741666666666664,21.195833333333333
2026-07-10 00:00:00,12.0,23.6,90,945.9,15.8,262,0.0,0,4,7,12.0,12.0,19.2,12.0,12.0,12.0,14.883333333333335,25.733333333333334,21.195833333333333
2026-07-10 01:00:00,12.0,23.7,89,946.2,16.0,262,0.0,1,4,7,12.0,12.0,12.0,33.1,12.0,12.0,13.683333333333335,25.733333333333334,21.195833333333333
2026-07-10 02:00:00,12.0,24.1,87,946.7,17.7,260,0.0,2,4,7,12.0,12.0,22.1,42.9,12.0,12.0,13.683333333333335,23.974999999999998,21.195833333333333
2026-07-10 03:00:00,12.0,25.0,83,947.5,19.2,259,0.0,3,4,7,12.0,12.0,12.0,51.2,12.0,12.0,12.0,21.400000000000002,21.195833333333333
2026-07-10 04:00:00,12.0,26.6,76,948.2,18.4,264,0.0,4,4,7,12.0,12.0,12.0,44.0,12.0,12.0,12.0,18.133333333333333,21.195833333333333
2026-07-10 05:00:00,12.0,27.5,71,948.2,18.6,264,0.0,5,4,7,12.0,12.0,12.0,36.3,12.0,12.0,12.0,15.466666666666667,21.195833333333333
2026-07-10 06:00:00,12.0,28.2,65,948.4,19.3,258,0.0,6,4,7,12.0,12.0,12.0,19.2,12.0,12.0,12.0,13.441666666666668,21.195833333333333
2026-07-10 07:00:00,12.0,28.1,67,948.5,19.5,264,0.0,7,4,7,12.0,12.0,12.0,12.0,12.0,22.4,12.0,12.841666666666667,21.195833333333333
2026-07-10 08:00:00,26.5,28.9,64,948.1,19.5,259,0.0,8,4,7,12.0,12.0,12.0,22.1,12.0,21.0,12.0,12.841666666666667,21.195833333333333
2026-07-10 09:00:00,12.1,28.3,68,947.8,19.9,260,0.0,9,4,7,26.5,12.0,12.0,12.0,43.8,30.1,14.416666666666666,13.208333333333334,21.8
2026-07-10 10:00:00,24.2,27.4,71,947.3,19.4,264,0.0,10,4,7,12.1,12.0,12.0,12.0,12.0,33.9,14.433333333333332,13.216666666666667,20.479166666666668
2026-07-10 11:00:00,20.2,27.0,71,947.0,18.4,268,0.0,11,4,7,24.2,26.5,12.0,12.0,36.1,62.1,16.466666666666665,14.233333333333334,20.9875
2026-07-10 12:00:00,39.8,26.2,77,947.5,13.9,267,0.0,12,4,7,20.2,12.1,12.0,12.0,12.0,40.6,17.833333333333332,14.916666666666666,20.325
2026-07-10 13:00:00,56.5,25.4,81,947.5,13.0,265,0.0,13,4,7,39.8,24.2,12.0,12.0,33.1,63.9,22.46666666666667,17.233333333333334,21.483333333333334
2026-07-10 14:00:00,78.5,24.6,85,947.4,12.7,262,0.0,14,4,7,56.5,20.2,26.5,12.0,42.9,54.6,29.883333333333336,20.941666666666666,22.458333333333332
2026-07-10 15:00:00,46.5,24.2,87,947.8,13.1,257,0.0,15,4,7,78.5,39.8,12.1,12.0,51.2,33.3,38.550000000000004,26.483333333333334,23.941666666666666
2026-07-10 16:00:00,31.0,24.0,89,948.5,12.8,256,0.0,16,4,7,46.5,56.5,24.2,12.0,44.0,27.6,44.28333333333333,29.358333333333334,23.745833333333337
2026-07-10 17:00:00,22.4,23.9,89,948.9,12.6,253,0.0,17,4,7,31.0,78.5,20.2,12.0,36.3,18.3,45.416666666666664,30.941666666666666,23.20416666666667
2026-07-10 18:00:00,21.8,23.6,89,948.4,14.7,253,0.0,18,4,7,22.4,46.5,39.8,12.0,19.2,12.0,45.78333333333333,31.808333333333334,22.625
2026-07-10 19:00:00,12.8,23.5,90,947.7,14.5,255,0.0,19,4,7,21.8,31.0,56.5,12.0,12.0,12.0,42.78333333333333,32.625,22.733333333333334
2026-07-10 20:00:00,12.0,23.5,91,947.0,14.9,258,0.0,20,4,7,12.8,22.4,78.5,26.5,22.1,12.0,35.5,32.69166666666667,22.76666666666667
2026-07-10 21:00:00,12.0,23.6,91,946.1,14.7,258,0.0,21,4,7,12.0,21.8,46.5,12.1,12.0,12.0,24.416666666666668,31.483333333333334,22.345833333333335
2026-07-10 22:00:00,12.0,23.5,91,945.9,16.3,259,0.1,22,4,7,12.0,12.8,31.0,24.2,12.0,12.0,18.666666666666668,31.474999999999998,22.345833333333335
2026-07-10 23:00:00,12.0,23.4,92,945.7,16.2,257,0.0,23,4,7,12.0,12.0,22.4,20.2,12.0,12.0,15.5,30.458333333333332,22.345833333333335
2026-07-11 00:00:00,12.0,23.3,89,945.8,16.6,258,0.0,0,5,7,12.0,12.0,21.8,39.8,12.0,12.0,13.766666666666666,29.775000000000002,22.345833333333335
2026-07-11 01:00:00,12.0,23.4,87,946.3,16.9,255,0.0,1,5,7,12.0,12.0,12.8,56.5,12.0,12.0,12.133333333333333,27.458333333333332,22.345833333333335
2026-07-11 02:00:00,12.0,24.0,85,946.7,20.6,256,0.0,2,5,7,12.0,12.0,12.0,78.5,12.0,12.0,12.0,23.75,22.345833333333335
2026-07-11 03:00:00,12.0,25.0,79,947.3,22.5,256,0.1,3,5,7,12.0,12.0,12.0,46.5,12.0,12.0,12.0,18.208333333333332,22.345833333333335
2026-07-11 04:00:00,12.0,25.9,77,947.9,19.1,261,0.0,4,5,7,12.0,12.0,12.0,31.0,12.0,12.0,12.0,15.333333333333334,22.345833333333335
2026-07-11 05:00:00,15.4,26.4,72,948.0,19.0,260,0.0,5,5,7,12.0,12.0,12.0,22.4,12.0,12.0,12.0,13.75,22.345833333333335
2026-07-11 06:00:00,22.6,27.4,66,948.1,19.9,260,0.0,6,5,7,15.4,12.0,12.0,21.8,12.0,12.0,12.566666666666668,13.166666666666666,22.4875
2026-07-11 07:00:00,12.0,28.5,60,947.9,22.6,264,0.0,7,5,7,22.6,12.0,12.0,12.8,12.0,12.0,14.333333333333334,13.233333333333334,22.92916666666667
2026-07-11 08:00:00,12.0,28.8,59,947.4,22.8,263,0.0,8,5,7,12.0,15.4,12.0,12.0,26.5,12.0,14.333333333333334,13.166666666666666,22.92916666666667
2026-07-11 09:00:00,12.0,28.8,60,946.6,22.5,258,0.0,9,5,7,12.0,22.6,12.0,12.0,12.1,43.8,14.333333333333334,13.166666666666666,22.325000000000003
2026-07-11 10:00:00,34.5,28.2,64,946.2,21.8,261,0.0,10,5,7,12.0,12.0,12.0,12.0,24.2,12.0,14.333333333333334,13.166666666666666,22.320833333333336
2026-07-11 11:00:00,35.9,27.7,67,945.9,21.5,262,0.0,11,5,7,34.5,12.0,15.4,12.0,20.2,36.1,18.083333333333332,15.041666666666666,22.75
2026-07-11 12:00:00,41.4,26.5,72,945.7,18.0,254,0.0,12,5,7,35.9,12.0,22.6,12.0,39.8,12.0,21.5,17.03333333333333,23.404166666666665
2026-07-11 13:00:00,33.5,25.4,79,946.0,16.1,254,0.0,13,5,7,41.4,34.5,12.0,12.0,56.5,33.1,24.633333333333336,19.48333333333333,23.47083333333333
2026-07-11 14:00:00,57.6,24.5,83,946.3,14.3,255,0.0,14,5,7,33.5,35.9,12.0,12.0,78.5,42.9,28.21666666666667,21.275000000000002,22.5125
2026-07-11 15:00:00,34.8,23.9,85,946.6,13.7,253,0.0,15,5,7,57.6,41.4,12.0,12.0,46.5,51.2,35.81666666666667,25.075000000000003,21.641666666666666
2026-07-11 16:00:00,38.9,23.6,89,946.6,14.3,252,0.0,16,5,7,34.8,33.5,34.5,12.0,31.0,44.0,39.61666666666667,26.974999999999998,21.154166666666665
2026-07-11 17:00:00,12.8,23.8,89,946.6,15.0,260,0.0,17,5,7,38.9,57.6,35.9,15.4,22.4,36.3,40.35,29.21666666666667,21.483333333333334
2026-07-11 18:00:00,13.6,23.8,87,946.3,16.8,257,0.0,18,5,7,12.8,34.8,41.4,22.6,21.8,19.2,36.5,29.0,21.083333333333332
2026-07-11 19:00:00,19.3,23.4,89,945.6,15.4,259,0.0,19,5,7,13.6,38.9,33.5,12.0,12.8,12.0,31.86666666666667,28.25,20.741666666666667
2026-07-11 20:00:00,21.0,23.2,89,945.1,16.0,258,0.0,20,5,7,19.3,12.8,57.6,12.0,12.0,22.1,29.5,28.858333333333334,21.0125
2026-07-11 21:00:00,12.0,23.0,87,944.2,16.9,258,0.0,21,5,7,21.0,13.6,34.8,12.0,12.0,12.0,23.399999999999995,29.608333333333334,21.3875
2026-07-11 22:00:00,12.0,22.9,85,944.1,15.8,253,0.0,22,5,7,12.0,19.3,38.9,34.5,12.0,12.0,19.6,29.608333333333334,21.3875
2026-07-11 23:00:00,12.0,22.6,87,944.0,15.6,259,0.0,23,5,7,12.0,21.0,12.8,35.9,12.0,12.0,15.116666666666667,27.733333333333334,21.3875
2026-07-12 00:00:00,12.0,22.9,89,944.0,15.7,254,0.0,0,6,7,12.0,12.0,13.6,41.4,12.0,12.0,14.983333333333334,25.741666666666664,21.3875
2026-07-12 01:00:00,12.0,23.2,90,943.9,16.9,255,0.0,1,6,7,12.0,12.0,19.3,33.5,12.0,12.0,14.716666666666667,23.291666666666668,21.3875
2026-07-12 02:00:00,12.0,24.2,86,944.4,19.3,256,0.0,2,6,7,12.0,12.0,21.0,57.6,12.0,12.0,13.5,21.5,21.3875
2026-07-12 03:00:00,12.0,25.5,80,945.0,23.1,252,0.0,3,6,7,12.0,12.0,12.0,34.8,12.0,12.0,12.0,17.7,21.3875
2026-07-12 04:00:00,12.0,26.6,75,945.5,23.6,252,0.0,4,6,7,12.0,12.0,12.0,38.9,12.0,12.0,12.0,15.799999999999999,21.3875
2026-07-12 05:00:00,12.0,27.5,70,945.6,23.9,255,0.0,5,6,7,12.0,12.0,12.0,12.8,15.4,12.0,12.0,13.558333333333332,21.3875
2026-07-12 06:00:00,12.0,28.3,67,945.9,22.8,252,0.0,6,6,7,12.0,12.0,12.0,13.6,22.6,12.0,12.0,13.491666666666667,21.245833333333334
2026-07-12 07:00:00,12.0,29.2,61,945.7,23.4,254,0.0,7,6,7,12.0,12.0,12.0,19.3,12.0,12.0,12.0,13.358333333333334,20.804166666666667
2026-07-12 08:00:00,28.7,29.3,58,945.3,23.1,255,0.0,8,6,7,12.0,12.0,12.0,21.0,12.0,26.5,12.0,12.75,20.804166666666667
2026-07-12 09:00:00,12.0,29.5,57,944.8,24.8,257,0.0,9,6,7,28.7,12.0,12.0,12.0,12.0,12.1,14.783333333333333,13.391666666666666,21.5
2026-07-12 10:00:00,21.3,29.0,60,944.5,24.9,256,0.0,10,6,7,12.0,12.0,12.0,12.0,34.5,24.2,14.783333333333333,13.391666666666666,21.5
2026-07-12 11:00:00,21.3,28.0,68,944.2,22.5,254,0.0,11,6,7,21.3,28.7,12.0,12.0,35.9,20.2,16.333333333333332,14.166666666666666,20.95
2026-07-12 12:00:00,14.6,27.5,67,944.3,21.7,252,0.0,12,6,7,21.3,12.0,12.0,12.0,41.4,39.8,17.883333333333333,14.941666666666668,20.341666666666665
2026-07-12 13:00:00,34.1,26.0,77,944.6,16.7,251,0.0,13,6,7,14.6,21.3,12.0,12.0,33.5,56.5,18.316666666666666,15.158333333333333,19.224999999999998
2026-07-12 14:00:00,45.8,24.8,81,944.9,15.5,252,0.0,14,6,7,34.1,21.3,28.7,12.0,57.6,78.5,22.0,17.0,19.25
2026-07-12 15:00:00,40.5,24.2,85,945.4,15.4,254,0.0,15,6,7,45.8,14.6,12.0,12.0,34.8,46.5,24.849999999999998,19.816666666666666,18.758333333333333
2026-07-12 16:00:00,34.9,23.8,88,945.7,16.1,254,0.0,16,6,7,40.5,34.1,21.3,12.0,38.9,31.0,29.599999999999998,22.191666666666666,18.995833333333334
2026-07-12 17:00:00,35.8,23.8,87,945.8,16.9,256,0.0,17,6,7,34.9,45.8,21.3,12.0,12.8,22.4,31.86666666666667,24.099999999999998,18.829166666666666
2026-07-12 18:00:00,16.2,23.5,87,945.6,17.1,253,0.0,18,6,7,35.8,40.5,14.6,12.0,13.6,21.8,34.28333333333333,26.083333333333332,19.787499999999998
2026-07-12 19:00:00,12.0,23.4,87,945.2,18.6,254,0.0,19,6,7,16.2,34.9,34.1,12.0,19.3,12.8,34.550000000000004,26.433333333333334,19.895833333333332
2026-07-12 20:00:00,12.0,23.3,87,944.6,17.9,255,0.0,20,6,7,12.0,35.8,45.8,28.7,21.0,12.0,30.866666666666664,26.433333333333334,19.591666666666665
2026-07-12 21:00:00,12.0,23.1,88,944.0,16.6,258,0.0,21,6,7,12.0,16.2,40.5,12.0,12.0,12.0,25.233333333333334,25.041666666666668,19.216666666666665
2026-07-12 22:00:00,12.0,23.1,88,943.9,17.3,258,0.0,22,6,7,12.0,12.0,34.9,21.3,12.0,12.0,20.48333333333333,25.041666666666668,19.216666666666665
2026-07-12 23:00:00,12.0,23.0,88,944.2,17.4,257,0.0,23,6,7,12.0,12.0,35.8,21.3,12.0,12.0,16.666666666666668,24.266666666666666,19.216666666666665
2026-07-13 00:00:00,12.0,23.1,87,944.4,17.6,257,0.0,0,0,7,12.0,12.0,16.2,14.6,12.0,12.0,12.699999999999998,23.491666666666664,19.216666666666665
2026-07-13 01:00:00,12.0,23.3,85,944.9,17.1,255,0.0,1,0,7,12.0,12.0,12.0,34.1,12.0,12.0,12.0,23.275000000000002,19.216666666666665
2026-07-13 02:00:00,12.0,24.1,83,945.5,18.9,251,0.0,2,0,7,12.0,12.0,12.0,45.8,12.0,12.0,12.0,21.433333333333334,19.216666666666665
2026-07-13 03:00:00,12.0,25.3,78,946.0,16.9,253,0.0,3,0,7,12.0,12.0,12.0,40.5,12.0,12.0,12.0,18.616666666666664,19.216666666666665
2026-07-13 04:00:00,12.0,26.7,70,946.8,18.3,254,0.0,4,0,7,12.0,12.0,12.0,34.9,12.0,12.0,12.0,16.241666666666664,19.216666666666665
2026-07-13 05:00:00,12.0,27.9,66,947.2,19.0,253,0.0,5,0,7,12.0,12.0,12.0,35.8,12.0,15.4,12.0,14.333333333333334,19.216666666666665
2026-07-13 06:00:00,12.0,28.8,61,947.4,20.5,257,0.0,6,0,7,12.0,12.0,12.0,16.2,12.0,22.6,12.0,12.35,19.216666666666665
2026-07-13 07:00:00,34.9,28.9,60,947.2,20.3,260,0.0,7,0,7,12.0,12.0,12.0,12.0,12.0,12.0,12.0,12.0,19.216666666666665
2026-07-13 08:00:00,20.9,29.3,57,946.9,20.2,261,0.0,8,0,7,34.9,12.0,12.0,12.0,28.7,12.0,15.816666666666668,13.908333333333333,20.170833333333334
2026-07-13 09:00:00,26.2,29.2,57,946.4,21.2,260,0.0,9,0,7,20.9,12.0,12.0,12.0,12.0,12.0,17.3,14.65,19.845833333333335
2026-07-13 10:00:00,26.9,28.5,59,946.1,21.8,259,0.0,10,0,7,26.2,34.9,12.0,12.0,21.3,34.5,19.666666666666668,15.833333333333334,20.4375
2026-07-13 11:00:00,25.1,27.9,60,945.7,21.2,260,0.0,11,0,7,26.9,20.9,12.0,12.0,21.3,35.9,22.150000000000002,17.075,20.67083333333333
2026-07-13 12:00:00,19.9,27.3,63,945.6,19.3,258,0.0,12,0,7,25.1,26.2,12.0,12.0,14.6,41.4,24.333333333333332,18.166666666666668,20.829166666666666
2026-07-13 13:00:00,34.4,26.0,70,946.0,16.9,255,0.0,13,0,7,19.9,26.9,34.9,12.0,34.1,33.5,25.650000000000002,18.825,21.05
2026-07-13 14:00:00,48.7,24.7,77,946.4,13.8,249,0.0,14,0,7,34.4,25.1,20.9,12.0,45.8,57.6,25.566666666666663,20.691666666666666,21.0625
2026-07-13 15:00:00,35.7,23.8,84,947.0,11.8,253,0.0,15,0,7,48.7,19.9,26.2,12.0,40.5,34.8,30.2,23.75,21.183333333333334
2026-07-13 16:00:00,45.7,23.4,87,947.3,10.3,257,0.0,16,0,7,35.7,34.4,26.9,12.0,34.9,38.9,31.78333333333333,25.724999999999998,20.98333333333333
2026-07-13 17:00:00,34.7,23.1,88,947.7,10.3,259,0.0,17,0,7,45.7,48.7,25.1,12.0,35.8,12.8,34.916666666666664,28.53333333333333,21.433333333333334
2026-07-13 18:00:00,18.9,23.0,89,947.4,13.0,259,0.0,18,0,7,34.7,35.7,19.9,12.0,16.2,13.6,36.51666666666667,30.425,21.3875
2026-07-13 19:00:00,12.0,23.0,89,946.8,14.5,259,0.0,19,0,7,18.9,45.7,34.4,34.9,12.0,19.3,36.35,31.0,21.5
2026-07-13 20:00:00,12.0,22.9,89,946.2,15.4,259,0.0,20,0,7,12.0,34.7,48.7,20.9,12.0,21.0,32.61666666666667,29.09166666666667,21.5
2026-07-13 21:00:00,15.8,22.7,90,945.7,14.0,262,0.0,21,0,7,12.0,18.9,35.7,26.2,12.0,12.0,26.5,28.349999999999998,21.5
2026-07-13 22:00:00,12.0,22.8,89,945.3,14.2,266,0.0,22,0,7,15.8,12.0,45.7,26.9,12.0,12.0,23.183333333333334,27.483333333333334,21.65833333333333
2026-07-13 23:00:00,12.0,23.0,89,945.3,15.9,264,0.0,23,0,7,12.0,12.0,34.7,25.1,12.0,12.0,17.566666666666666,26.24166666666667,21.65833333333333
2026-07-14 00:00:00,12.0,22.6,89,945.2,14.4,261,0.0,0,1,7,12.0,15.8,18.9,19.9,12.0,12.0,13.783333333333333,25.150000000000002,21.65833333333333
2026-07-14 01:00:00,12.0,22.6,89,945.9,14.7,264,0.0,1,1,7,12.0,12.0,12.0,34.4,12.0,12.0,12.633333333333333,24.49166666666667,21.65833333333333
2026-07-14 02:00:00,12.0,23.5,85,946.7,16.0,262,0.0,2,1,7,12.0,12.0,12.0,48.7,12.0,12.0,12.633333333333333,22.625,21.65833333333333
2026-07-14 03:00:00,12.0,25.1,77,947.2,15.4,264,0.0,3,1,7,12.0,12.0,15.8,35.7,12.0,12.0,12.633333333333333,19.566666666666666,21.65833333333333
2026-07-14 04:00:00,12.0,26.9,70,947.8,17.8,263,0.0,4,1,7,12.0,12.0,12.0,45.7,12.0,12.0,12.0,17.59166666666667,21.65833333333333
2026-07-14 05:00:00,12.0,28.2,65,948.1,19.0,265,0.0,5,1,7,12.0,12.0,12.0,34.7,12.0,12.0,12.0,14.783333333333333,21.65833333333333
2026-07-14 06:00:00,12.0,28.9,60,948.2,19.6,264,0.0,6,1,7,12.0,12.0,12.0,18.9,12.0,12.0,12.0,12.891666666666666,21.65833333333333
2026-07-14 07:00:00,12.0,29.5,56,947.7,20.0,266,0.0,7,1,7,12.0,12.0,12.0,12.0,34.9,12.0,12.0,12.316666666666668,21.65833333333333
2026-07-14 08:00:00,35.1,29.9,53,947.3,18.9,267,0.0,8,1,7,12.0,12.0,12.0,12.0,20.9,28.7,12.0,12.316666666666668,20.70416666666667
2026-07-14 09:00:00,22.0,29.5,54,946.3,18.4,266,0.0,9,1,7,35.1,12.0,12.0,15.8,26.2,12.0,15.850000000000001,14.241666666666667,21.295833333333334
2026-07-14 10:00:00,21.9,29.4,54,945.9,17.3,262,0.0,10,1,7,22.0,12.0,12.0,12.0,26.9,21.3,17.51666666666667,14.758333333333333,21.120833333333334
2026-07-14 11:00:00,44.8,28.7,57,945.7,17.3,261,0.0,11,1,7,21.9,35.1,12.0,12.0,25.1,21.3,19.166666666666668,15.583333333333334,20.9125
2026-07-14 12:00:00,64.7,28.0,61,945.8,15.7,261,0.0,12,1,7,44.8,22.0,12.0,12.0,19.9,14.6,24.633333333333336,18.316666666666666,21.733333333333334
2026-07-14 13:00:00,51.4,26.7,68,946.1,16.1,264,0.0,13,1,7,64.7,21.9,12.0,12.0,34.4,34.1,33.416666666666664,22.708333333333332,23.600000000000005
2026-07-14 14:00:00,25.5,25.4,75,946.4,14.7,259,0.0,14,1,7,51.4,44.8,35.1,12.0,48.7,45.8,39.983333333333334,25.991666666666664,24.308333333333337
2026-07-14 15:00:00,63.0,24.6,80,946.9,12.9,254,0.0,15,1,7,25.5,64.7,22.0,12.0,35.7,40.5,38.38333333333333,27.116666666666664,23.34166666666667
2026-07-14 16:00:00,51.0,24.0,83,947.6,12.6,251,0.0,16,1,7,63.0,51.4,21.9,12.0,45.7,34.9,45.21666666666667,31.366666666666664,24.479166666666668
2026-07-14 17:00:00,40.7,23.5,85,947.9,11.7,252,0.0,17,1,7,51.0,25.5,44.8,12.0,34.7,35.8,50.06666666666666,34.61666666666667,24.700000000000003
2026-07-14 18:00:00,22.0,23.4,84,947.6,10.1,245,0.0,18,1,7,40.7,63.0,64.7,12.0,18.9,16.2,49.38333333333333,37.00833333333333,24.95
2026-07-14 19:00:00,26.3,23.3,86,947.3,11.3,253,0.0,19,1,7,22.0,51.0,51.4,12.0,12.0,12.0,42.266666666666666,37.84166666666667,25.079166666666666
2026-07-14 20:00:00,12.0,23.2,86,946.9,12.4,257,0.0,20,1,7,26.3,40.7,25.5,35.1,12.0,12.0,38.083333333333336,39.03333333333333,25.675
2026-07-14 21:00:00,12.0,23.0,86,946.2,11.8,250,0.0,21,1,7,12.0,22.0,63.0,22.0,15.8,12.0,35.833333333333336,37.10833333333333,25.675
2026-07-14 22:00:00,12.0,22.7,87,945.9,11.0,246,0.0,22,1,7,12.0,26.3,51.0,21.9,12.0,12.0,27.333333333333332,36.275,25.51666666666667
2026-07-14 23:00:00,12.0,22.6,88,945.8,10.8,249,0.0,23,1,7,12.0,12.0,40.7,44.8,12.0,12.0,20.833333333333332,35.449999999999996,25.51666666666667
2026-07-15 00:00:00,12.0,22.6,90,945.7,12.0,248,0.0,0,2,7,12.0,12.0,22.0,64.7,12.0,12.0,16.05,32.71666666666666,25.51666666666667
2026-07-15 01:00:00,12.0,23.0,88,946.2,11.9,250,0.0,1,2,7,12.0,12.0,26.3,51.4,12.0,12.0,14.383333333333335,28.325,25.51666666666667
2026-07-15 02:00:00,12.0,23.8,83,946.7,15.7,248,0.0,2,2,7,12.0,12.0,12.0,25.5,12.0,12.0,12.0,25.041666666666668,25.51666666666667
2026-07-15 03:00:00,12.0,25.0,76,947.2,17.7,247,0.0,3,2,7,12.0,12.0,12.0,63.0,12.0,12.0,12.0,23.916666666666668,25.51666666666667
2026-07-15 04:00:00,12.0,26.0,72,947.8,18.1,249,0.2,4,2,7,12.0,12.0,12.0,51.0,12.0,12.0,12.0,19.666666666666668,25.51666666666667
2026-07-15 05:00:00,12.0,26.6,71,948.1,19.4,249,0.6,5,2,7,12.0,12.0,12.0,40.7,12.0,12.0,12.0,16.416666666666668,25.51666666666667
2026-07-15 06:00:00,19.7,27.6,66,948.0,17.4,254,0.3,6,2,7,12.0,12.0,12.0,22.0,12.0,12.0,12.0,14.025,25.51666666666667
2026-07-15 07:00:00,16.7,28.3,62,947.7,19.6,259,0.2,7,2,7,19.7,12.0,12.0,26.3,12.0,34.9,13.283333333333331,13.833333333333334,25.837500000000002
2026-07-15 08:00:00,12.0,28.5,59,947.2,18.8,258,0.3,8,2,7,16.7,12.0,12.0,12.0,35.1,20.9,14.066666666666665,13.033333333333333,26.033333333333335
2026-07-15 09:00:00,27.4,27.6,59,946.9,21.0,257,0.5,9,2,7,12.0,19.7,12.0,12.0,22.0,26.2,14.066666666666665,13.033333333333333,25.070833333333336
2026-07-15 10:00:00,41.6,26.7,68,946.7,16.0,255,0.2,10,2,7,27.4,16.7,12.0,12.0,21.9,26.9,16.633333333333333,14.316666666666665,25.295833333333334
2026-07-15 11:00:00,51.6,26.3,69,946.5,15.7,260,0.1,11,2,7,41.6,12.0,12.0,12.0,44.8,25.1,21.566666666666663,16.78333333333333,26.11666666666667
2026-07-15 12:00:00,56.3,25.6,76,946.3,15.3,254,0.0,12,2,7,51.6,27.4,19.7,12.0,64.7,19.9,28.166666666666668,20.083333333333332,26.400000000000002
2026-07-15 13:00:00,66.4,24.9,79,946.2,11.2,252,0.0,13,2,7,56.3,41.6,16.7,12.0,51.4,34.4,34.266666666666666,23.775000000000002,26.05
2026-07-15 14:00:00,44.9,24.5,81,946.5,11.6,251,0.0,14,2,7,66.4,51.6,12.0,12.0,25.5,48.7,42.55,28.308333333333334,26.674999999999997
2026-07-15 15:00:00,45.0,24.1,84,947.2,12.9,237,0.0,15,2,7,44.9,56.3,27.4,12.0,63.0,35.7,48.03333333333333,31.049999999999997,27.48333333333333
2026-07-15 16:00:00,38.4,23.7,86,947.8,10.8,242,0.0,16,2,7,45.0,66.4,41.6,12.0,51.0,45.7,50.96666666666667,33.8,26.73333333333333
2026-07-15 17:00:00,43.4,23.6,86,947.9,10.1,243,0.0,17,2,7,38.4,44.9,51.6,12.0,40.7,34.7,50.43333333333333,36.0,26.208333333333332
2026-07-15 18:00:00,29.7,23.5,87,947.7,12.7,247,0.0,18,2,7,43.4,45.0,56.3,19.7,22.0,18.9,49.06666666666666,38.61666666666667,26.320833333333336
2026-07-15 19:00:00,49.6,23.4,87,947.2,10.8,255,0.0,19,2,7,29.7,38.4,66.4,16.7,26.3,12.0,44.63333333333333,39.449999999999996,26.641666666666666
2026-07-15 20:00:00,28.0,23.3,88,947.0,9.5,260,0.0,20,2,7,49.6,43.4,44.9,12.0,12.0,12.0,41.833333333333336,42.19166666666667,27.612499999999997
2026-07-15 21:00:00,15.3,23.3,87,946.6,10.5,254,0.0,21,2,7,28.0,29.7,45.0,27.4,12.0,15.8,39.016666666666666,43.525,28.279166666666665
2026-07-15 22:00:00,19.4,23.1,89,946.1,11.4,246,0.0,22,2,7,15.3,49.6,38.4,41.6,12.0,12.0,34.06666666666667,42.516666666666666,28.416666666666668
2026-07-15 23:00:00,12.0,23.1,87,946.3,11.1,248,0.0,23,2,7,19.4,28.0,43.4,51.6,12.0,12.0,30.899999999999995,40.666666666666664,28.724999999999998
2026-07-16 00:00:00,12.0,23.1,90,946.3,12.8,246,0.0,0,3,7,12.0,15.3,29.7,56.3,12.0,12.0,25.666666666666668,37.36666666666667,28.724999999999998
2026-07-16 01:00:00,12.0,23.3,88,946.8,11.5,250,0.0,1,3,7,12.0,19.4,49.6,66.4,12.0,12.0,22.71666666666667,33.675,28.724999999999998
2026-07-16 02:00:00,12.0,23.9,84,947.3,12.8,250,0.0,2,3,7,12.0,12.0,28.0,44.9,12.0,12.0,16.45,29.141666666666666,28.724999999999998
2026-07-16 03:00:00,12.0,25.4,75,947.6,15.0,251,0.1,3,3,7,12.0,12.0,15.3,45.0,12.0,12.0,13.783333333333333,26.400000000000002,28.724999999999998
2026-07-16 04:00:00,14.4,26.5,70,948.2,15.1,248,0.1,4,3,7,12.0,12.0,19.4,38.4,12.0,12.0,13.233333333333334,23.650000000000002,28.724999999999998
2026-07-16 05:00:00,12.0,27.3,67,948.2,13.9,247,0.4,5,3,7,14.4,12.0,12.0,43.4,12.0,12.0,12.399999999999999,21.650000000000002,28.825
2026-07-16 06:00:00,18.6,28.8,63,948.0,14.9,249,0.2,6,3,7,12.0,12.0,12.0,29.7,19.7,12.0,12.399999999999999,19.033333333333335,28.825
2026-07-16 07:00:00,28.5,29.0,60,947.4,15.4,256,0.1,7,3,7,18.6,14.4,12.0,49.6,16.7,12.0,13.5,18.108333333333334,28.77916666666667
2026-07-16 08:00:00,30.0,29.0,60,947.0,16.2,262,1.4,8,3,7,28.5,12.0,12.0,28.0,12.0,35.1,16.25,16.349999999999998,29.270833333333332
2026-07-16 09:00:00,23.8,28.4,64,946.3,18.3,260,1.1,9,3,7,30.0,18.6,12.0,15.3,27.4,22.0,19.25,16.516666666666666,30.020833333333332
2026-07-16 10:00:00,33.6,27.3,68,946.3,18.7,262,0.4,10,3,7,23.8,28.5,14.4,19.4,41.6,21.9,21.216666666666665,17.224999999999998,29.870833333333334
2026-07-16 11:00:00,12.0,27.1,67,945.8,19.0,264,0.2,11,3,7,33.6,30.0,12.0,12.0,51.6,44.8,24.416666666666668,18.408333333333335,29.537499999999998
2026-07-16 12:00:00,38.3,26.3,76,946.0,15.3,258,0.2,12,3,7,12.0,23.8,18.6,12.0,56.3,64.7,24.416666666666668,18.408333333333335,27.8875
2026-07-16 13:00:00,47.8,25.5,77,946.6,13.8,263,0.0,13,3,7,38.3,33.6,28.5,12.0,66.4,51.4,27.7,20.6,27.1375
2026-07-16 14:00:00,39.6,24.7,81,946.7,14.3,259,0.0,14,3,7,47.8,12.0,30.0,12.0,44.9,25.5,30.916666666666668,23.583333333333332,26.3625
2026-07-16 15:00:00,39.7,24.3,84,947.0,12.1,255,0.0,15,3,7,39.6,38.3,23.8,12.0,45.0,63.0,32.516666666666666,25.883333333333336,26.14166666666667
2026-07-16 16:00:00,53.6,24.1,85,947.4,9.4,259,0.0,16,3,7,39.7,47.8,33.6,14.4,38.4,51.0,35.166666666666664,28.191666666666666,25.920833333333334
2026-07-16 17:00:00,31.1,24.0,85,947.6,9.0,258,0.0,17,3,7,53.6,39.6,12.0,12.0,43.4,40.7,38.5,31.458333333333332,26.554166666666664
2026-07-16 18:00:00,23.8,24.2,86,947.2,10.9,253,0.0,18,3,7,31.1,39.7,38.3,18.6,29.7,22.0,41.68333333333333,33.05,26.041666666666668
2026-07-16 19:00:00,21.0,23.8,87,946.4,11.8,257,0.0,19,3,7,23.8,53.6,47.8,28.5,49.6,26.3,39.26666666666667,33.483333333333334,25.795833333333334
2026-07-16 20:00:00,18.2,23.8,88,946.3,11.8,259,0.0,20,3,7,21.0,31.1,39.6,30.0,28.0,12.0,34.800000000000004,32.858333333333334,24.604166666666668
2026-07-16 21:00:00,12.0,23.6,87,946.1,11.3,262,0.0,21,3,7,18.2,23.8,39.7,23.8,15.3,12.0,31.233333333333334,31.875,24.195833333333336
2026-07-16 22:00:00,12.0,23.4,88,945.9,11.0,256,0.0,22,3,7,12.0,21.0,53.6,33.6,19.4,12.0,26.616666666666664,30.891666666666666,24.058333333333334
2026-07-16 23:00:00,16.2,23.4,89,945.7,10.7,257,0.0,23,3,7,12.0,18.2,31.1,12.0,12.0,12.0,19.683333333333334,29.091666666666665,23.75
2026-07-17 00:00:00,12.0,23.7,88,945.3,12.1,263,0.0,0,4,7,16.2,12.0,23.8,38.3,12.0,12.0,17.2,29.441666666666666,23.925
2026-07-17 01:00:00,12.0,23.6,87,946.0,11.9,260,0.0,1,4,7,12.0,12.0,21.0,47.8,12.0,12.0,15.233333333333333,27.25,23.925
2026-07-17 02:00:00,12.0,24.1,84,946.7,13.6,259,0.0,2,4,7,12.0,16.2,18.2,39.6,12.0,12.0,13.733333333333333,24.26666666666667,23.925
2026-07-17 03:00:00,12.0,25.3,78,947.2,16.1,256,0.0,3,4,7,12.0,12.0,12.0,39.7,12.0,12.0,12.699999999999998,21.96666666666667,23.925
2026-07-17 04:00:00,12.0,26.2,73,947.8,15.7,259,0.1,4,4,7,12.0,12.0,12.0,53.6,14.4,12.0,12.699999999999998,19.658333333333335,23.925
2026-07-17 05:00:00,30.2,26.8,70,947.9,16.3,262,0.2,5,4,7,12.0,12.0,16.2,31.1,12.0,12.0,12.699999999999998,16.191666666666666,23.825000000000003
2026-07-17 06:00:00,18.5,28.2,67,947.6,17.3,259,0.2,6,4,7,30.2,12.0,12.0,23.8,18.6,19.7,15.033333333333333,16.116666666666664,24.583333333333332
2026-07-17 07:00:00,12.0,28.3,65,947.3,18.4,258,0.2,7,4,7,18.5,12.0,12.0,21.0,28.5,16.7,16.116666666666667,15.675000000000002,24.579166666666666
2026-07-17 08:00:00,13.8,27.9,64,946.7,19.9,261,0.8,8,4,7,12.0,30.2,12.0,18.2,30.0,12.0,16.116666666666667,14.925000000000002,23.891666666666666
2026-07-17 09:00:00,29.5,28.0,63,946.2,18.2,262,0.4,9,4,7,13.8,18.5,12.0,12.0,23.8,27.4,16.416666666666668,14.558333333333332,23.21666666666667
2026-07-17 10:00:00,12.0,27.1,66,945.8,20.8,265,0.6,10,4,7,29.5,12.0,12.0,12.0,33.6,41.6,19.333333333333332,16.016666666666666,23.45416666666667
2026-07-17 11:00:00,43.0,25.6,75,945.6,19.8,269,0.2,11,4,7,12.0,13.8,30.2,16.2,12.0,51.6,19.333333333333332,16.016666666666666,22.55416666666667
2026-07-17 12:00:00,44.2,25.6,76,946.0,18.3,264,0.2,12,4,7,43.0,29.5,18.5,12.0,38.3,56.3,21.46666666666667,18.25,23.84583333333333
2026-07-17 13:00:00,50.9,24.9,78,946.1,15.5,267,0.0,13,4,7,44.2,12.0,12.0,12.0,47.8,66.4,25.75,20.933333333333334,24.09166666666667
2026-07-17 14:00:00,36.7,24.1,83,946.5,14.8,267,0.0,14,4,7,50.9,43.0,13.8,12.0,39.6,44.9,32.233333333333334,24.175,24.22083333333333
2026-07-17 15:00:00,50.7,23.9,84,947.1,12.4,261,0.0,15,4,7,36.7,44.2,29.5,12.0,39.7,45.0,36.05,26.233333333333334,24.099999999999998
2026-07-17 16:00:00,21.7,23.8,85,947.4,11.8,264,0.0,16,4,7,50.7,50.9,12.0,12.0,53.6,38.4,39.583333333333336,29.458333333333332,24.558333333333337
2026-07-17 17:00:00,12.0,23.6,87,947.8,11.9,260,0.0,17,4,7,21.7,36.7,43.0,30.2,31.1,43.4,41.199999999999996,30.266666666666666,23.229166666666668
2026-07-17 18:00:00,24.3,23.5,86,947.3,13.2,256,0.0,18,4,7,12.0,50.7,44.2,18.5,23.8,29.7,36.03333333333333,28.75,22.433333333333334
2026-07-17 19:00:00,12.0,23.2,86,946.7,12.3,259,0.0,19,4,7,24.3,21.7,50.9,12.0,21.0,49.6,32.71666666666667,29.233333333333334,22.45416666666667
2026-07-17 20:00:00,13.1,23.1,87,946.4,11.5,260,0.0,20,4,7,12.0,12.0,36.7,13.8,18.2,28.0,26.233333333333334,29.233333333333334,22.07916666666667
2026-07-17 21:00:00,12.0,23.1,87,945.9,12.2,257,0.0,21,4,7,13.1,24.3,50.7,29.5,12.0,15.3,22.3,29.175,21.866666666666664
2026-07-17 22:00:00,12.0,23.1,87,945.6,12.5,258,0.0,22,4,7,12.0,12.0,21.7,12.0,12.0,19.4,15.85,27.71666666666667,21.866666666666664
2026-07-17 23:00:00,12.0,23.1,87,945.6,11.1,253,0.0,23,4,7,12.0,13.1,12.0,43.0,16.2,12.0,14.233333333333334,27.71666666666667,21.866666666666664
2026-07-18 00:00:00,12.0,23.3,88,945.5,12.8,259,0.0,0,5,7,12.0,12.0,24.3,44.2,12.0,12.0,14.233333333333334,25.133333333333336,21.691666666666666
2026-07-18 01:00:00,12.0,23.4,88,946.1,10.8,259,0.0,1,5,7,12.0,12.0,12.0,50.9,12.0,12.0,12.183333333333332,22.450000000000003,21.691666666666666
2026-07-18 02:00:00,12.0,24.1,85,946.6,13.0,256,0.0,2,5,7,12.0,12.0,13.1,36.7,12.0,12.0,12.183333333333332,19.208333333333332,21.691666666666666
2026-07-18 03:00:00,12.0,25.2,79,946.9,17.9,255,0.1,3,5,7,12.0,12.0,12.0,50.7,12.0,12.0,12.0,17.15,21.691666666666666
2026-07-18 04:00:00,12.0,25.8,76,947.3,17.3,261,0.0,4,5,7,12.0,12.0,12.0,21.7,12.0,14.4,12.0,13.924999999999999,21.691666666666666
2026-07-18 05:00:00,12.0,26.6,71,947.2,18.9,267,0.2,5,5,7,12.0,12.0,12.0,12.0,30.2,12.0,12.0,13.116666666666665,21.691666666666666
2026-07-18 06:00:00,14.3,26.0,74,947.1,17.6,262,0.3,6,5,7,12.0,12.0,12.0,24.3,18.5,18.6,12.0,13.116666666666665,20.933333333333334
2026-07-18 07:00:00,33.6,26.5,72,946.7,20.0,262,0.5,7,5,7,14.3,12.0,12.0,12.0,12.0,28.5,12.383333333333333,12.283333333333333,20.758333333333336
2026-07-18 08:00:00,28.4,27.9,64,946.2,20.7,270,0.1,8,5,7,33.6,12.0,12.0,13.1,13.8,30.0,15.983333333333334,14.083333333333334,21.658333333333335
2026-07-18 09:00:00,19.6,27.3,67,945.5,20.0,273,0.6,9,5,7,28.4,14.3,12.0,12.0,29.5,23.8,18.716666666666665,15.358333333333334,22.266666666666666
2026-07-18 10:00:00,58.5,27.2,66,945.2,17.5,271,0.1,10,5,7,19.6,33.6,12.0,12.0,12.0,33.6,19.983333333333334,15.991666666666667,21.854166666666668
2026-07-18 11:00:00,34.2,25.6,74,945.2,17.5,266,0.1,11,5,7,58.5,28.4,12.0,12.0,43.0,12.0,27.733333333333334,19.866666666666667,23.791666666666668
2026-07-18 12:00:00,49.3,25.5,77,945.2,14.5,253,0.1,12,5,7,34.2,19.6,14.3,12.0,44.2,38.3,31.433333333333334,21.71666666666667,23.425
2026-07-18 13:00:00,33.1,24.9,80,945.8,15.3,258,0.3,13,5,7,49.3,58.5,33.6,12.0,50.9,47.8,37.266666666666666,24.825000000000003,23.6375
2026-07-18 14:00:00,56.1,22.9,94,946.2,12.3,236,1.9,14,5,7,33.1,34.2,28.4,12.0,36.7,39.6,37.18333333333333,26.583333333333332,22.895833333333332
2026-07-18 15:00:00,64.3,22.9,95,946.6,13.3,247,0.8,15,5,7,56.1,49.3,19.6,12.0,50.7,39.7,41.8,30.258333333333336,23.70416666666667
2026-07-18 16:00:00,27.8,22.7,96,947.2,12.5,250,0.7,16,5,7,64.3,33.1,58.5,12.0,21.7,53.6,49.25,34.61666666666667,24.270833333333332
2026-07-18 17:00:00,15.0,22.7,96,947.2,11.9,265,0.7,17,5,7,27.8,56.1,34.2,12.0,12.0,31.1,44.13333333333333,35.93333333333333,24.524999999999995
2026-07-18 18:00:00,37.0,22.8,94,946.6,11.7,257,0.0,18,5,7,15.0,64.3,49.3,14.3,24.3,23.8,40.93333333333334,36.18333333333333,24.649999999999995
2026-07-18 19:00:00,12.0,22.7,93,946.3,11.1,254,0.0,19,5,7,37.0,27.8,33.1,33.6,12.0,21.0,38.88333333333333,38.074999999999996,25.179166666666664
2026-07-18 20:00:00,12.0,22.7,93,945.9,10.6,255,0.0,20,5,7,12.0,15.0,56.1,28.4,13.1,18.2,35.36666666666667,36.275,25.179166666666664
2026-07-18 21:00:00,22.0,22.8,92,945.6,10.9,253,0.0,21,5,7,12.0,37.0,64.3,19.6,12.0,12.0,28.01666666666667,34.90833333333333,25.13333333333333
2026-07-18 22:00:00,12.0,22.9,90,945.4,12.0,251,0.0,22,5,7,22.0,12.0,27.8,58.5,12.0,12.0,20.966666666666665,35.10833333333333,25.549999999999997
2026-07-18 23:00:00,12.0,22.9,90,945.2,11.9,252,0.0,23,5,7,12.0,12.0,15.0,34.2,12.0,16.2,18.333333333333332,31.23333333333333,25.549999999999997
2026-07-19 00:00:00,12.0,23.3,89,944.7,14.5,259,0.0,0,6,7,12.0,22.0,37.0,49.3,12.0,12.0,17.833333333333332,29.38333333333333,25.549999999999997
2026-07-19 01:00:00,12.0,23.1,89,945.2,14.2,266,0.1,1,6,7,12.0,12.0,12.0,33.1,12.0,12.0,13.666666666666666,26.274999999999995,25.549999999999997
2026-07-19 02:00:00,19.7,23.7,88,945.7,11.2,259,0.0,2,6,7,12.0,12.0,12.0,56.1,12.0,12.0,13.666666666666666,24.516666666666666,25.549999999999997
2026-07-19 03:00:00,12.0,24.7,82,946.0,16.3,257,0.0,3,6,7,19.7,12.0,22.0,64.3,12.0,12.0,14.950000000000001,21.48333333333333,25.870833333333334
2026-07-19 04:00:00,12.0,25.9,76,946.6,17.1,258,0.1,4,6,7,12.0,12.0,12.0,27.8,12.0,12.0,13.283333333333333,17.125,25.870833333333334
2026-07-19 05:00:00,12.0,26.2,77,946.9,18.0,263,0.2,5,6,7,12.0,19.7,12.0,15.0,12.0,30.2,13.283333333333333,15.808333333333332,25.870833333333334
2026-07-19 06:00:00,12.0,25.5,77,946.5,18.1,255,0.6,6,6,7,12.0,12.0,12.0,37.0,14.3,18.5,13.283333333333333,15.558333333333332,25.870833333333334
2026-07-19 07:00:00,31.4,25.9,76,945.8,17.9,261,0.5,7,6,7,12.0,12.0,12.0,12.0,33.6,12.0,13.283333333333333,13.475,25.775000000000002
2026-07-19 08:00:00,22.0,27.4,68,945.7,19.7,262,0.2,8,6,7,31.4,12.0,19.7,12.0,28.4,13.8,16.516666666666666,15.091666666666667,25.683333333333334
2026-07-19 09:00:00,29.4,27.3,69,945.2,19.3,258,0.1,9,6,7,22.0,12.0,12.0,22.0,19.6,29.5,16.9,15.925000000000002,25.416666666666668
2026-07-19 10:00:00,44.4,26.3,72,944.9,17.9,257,0.0,10,6,7,29.4,31.4,12.0,12.0,58.5,12.0,19.8,16.541666666666668,25.825
2026-07-19 11:00:00,27.3,25.4,77,944.5,18.4,255,0.1,11,6,7,44.4,22.0,12.0,12.0,34.2,43.0,25.2,19.241666666666667,25.2375
2026-07-19 12:00:00,47.0,25.0,82,944.7,16.8,260,0.0,12,6,7,27.3,29.4,12.0,12.0,49.3,44.2,27.75,20.516666666666666,24.95
2026-07-19 13:00:00,62.5,24.4,84,945.0,13.9,253,0.0,13,6,7,47.0,44.4,31.4,12.0,33.1,50.9,33.583333333333336,23.433333333333334,24.854166666666668
2026-07-19 14:00:00,34.5,23.7,86,945.5,15.9,255,0.0,14,6,7,62.5,27.3,22.0,19.7,56.1,36.7,38.76666666666666,27.641666666666666,26.079166666666666
2026-07-19 15:00:00,38.5,23.4,87,946.5,13.2,256,0.0,15,6,7,34.5,47.0,29.4,12.0,64.3,50.7,40.849999999999994,28.875,25.179166666666664
2026-07-19 16:00:00,31.0,23.3,88,947.0,12.0,249,0.0,16,6,7,38.5,62.5,44.4,12.0,27.8,21.7,42.36666666666667,31.083333333333332,24.104166666666668
2026-07-19 17:00:00,43.0,23.2,88,947.1,12.9,254,0.0,17,6,7,31.0,34.5,27.3,12.0,15.0,12.0,40.13333333333333,32.666666666666664,24.2375
2026-07-19 18:00:00,15.4,23.8,88,946.8,12.8,241,0.0,18,6,7,43.0,38.5,47.0,12.0,37.0,24.3,42.75,35.25,25.40416666666667
2026-07-19 19:00:00,29.2,23.4,88,946.1,11.9,245,0.1,19,6,7,15.4,31.0,62.5,31.4,12.0,12.0,37.48333333333333,35.53333333333333,24.504166666666666
2026-07-19 20:00:00,12.0,23.0,90,945.6,13.1,247,0.3,20,6,7,29.2,43.0,34.5,22.0,12.0,13.1,31.933333333333334,35.35,25.220833333333335
2026-07-19 21:00:00,12.0,22.8,90,945.1,14.3,242,0.2,21,6,7,12.0,15.4,38.5,29.4,22.0,12.0,28.183333333333337,34.516666666666666,25.220833333333335
2026-07-19 22:00:00,13.0,22.7,90,944.8,13.0,245,0.0,22,6,7,12.0,29.2,31.0,44.4,12.0,12.0,23.76666666666667,33.06666666666666,24.80416666666667
2026-07-19 23:00:00,12.0,22.7,89,944.9,13.0,246,0.0,23,6,7,13.0,12.0,43.0,27.3,12.0,12.0,20.766666666666666,30.45,24.845833333333335
2026-07-20 00:00:00,17.3,23.6,90,944.5,13.9,260,0.0,0,0,7,12.0,12.0,15.4,47.0,12.0,12.0,15.6,29.174999999999997,24.845833333333335
2026-07-20 01:00:00,12.0,23.5,89,945.1,14.9,252,0.0,1,0,7,17.3,13.0,29.2,62.5,12.0,12.0,15.916666666666666,26.7,25.066666666666666
2026-07-20 02:00:00,12.0,23.7,87,945.6,12.2,245,0.1,2,0,7,12.0,12.0,12.0,34.5,19.7,12.0,13.050000000000002,22.491666666666664,25.066666666666666
2026-07-20 03:00:00,12.0,24.1,85,945.9,14.3,246,0.0,3,0,7,12.0,17.3,12.0,38.5,12.0,12.0,13.050000000000002,20.616666666666664,24.745833333333334
2026-07-20 04:00:00,12.0,24.5,83,946.6,15.5,247,0.0,4,0,7,12.0,12.0,13.0,31.0,12.0,12.0,13.050000000000002,18.40833333333333,24.745833333333334
2026-07-20 05:00:00,12.0,25.3,80,946.7,17.2,252,0.0,5,0,7,12.0,12.0,12.0,43.0,12.0,12.0,12.883333333333335,16.825,24.745833333333334
2026-07-20 06:00:00,12.0,26.5,76,946.7,21.1,253,0.2,6,0,7,12.0,12.0,17.3,15.4,12.0,14.3,12.883333333333335,14.241666666666665,24.745833333333334
2026-07-20 07:00:00,12.0,27.1,75,946.6,20.9,257,0.1,7,0,7,12.0,12.0,12.0,29.2,31.4,33.6,12.0,13.958333333333334,24.745833333333334
2026-07-20 08:00:00,12.0,26.1,77,945.6,22.8,250,0.8,8,0,7,12.0,12.0,12.0,12.0,22.0,28.4,12.0,12.524999999999999,23.9375
2026-07-20 09:00:00,24.1,26.2,74,945.3,22.5,254,0.3,9,0,7,12.0,12.0,12.0,12.0,29.4,19.6,12.0,12.524999999999999,23.520833333333332
2026-07-20 10:00:00,45.5,25.9,75,944.8,21.3,257,0.6,10,0,7,24.1,12.0,12.0,13.0,44.4,58.5,14.016666666666666,13.533333333333333,23.3
2026-07-20 11:00:00,28.8,25.3,80,944.5,21.1,257,0.3,11,0,7,45.5,12.0,12.0,12.0,27.3,34.2,19.599999999999998,16.241666666666664,23.34583333333333
2026-07-20 12:00:00,40.5,24.4,86,944.4,19.8,258,0.1,12,0,7,28.8,24.1,12.0,17.3,47.0,49.3,22.400000000000002,17.641666666666666,23.40833333333333
2026-07-20 13:00:00,35.9,24.0,88,944.7,16.2,251,0.6,13,0,7,40.5,45.5,12.0,12.0,62.5,33.1,27.149999999999995,19.575,23.1375
2026-07-20 14:00:00,62.9,23.7,88,945.5,15.9,254,0.2,14,0,7,35.9,28.8,12.0,12.0,34.5,56.1,31.13333333333333,21.566666666666666,22.029166666666665
2026-07-20 15:00:00,48.2,23.4,90,946.1,14.6,248,0.3,15,0,7,62.9,40.5,24.1,12.0,38.5,64.3,39.61666666666667,25.808333333333334,23.212500000000002
2026-07-20 16:00:00,30.5,23.3,90,947.1,13.4,244,0.1,16,0,7,48.2,35.9,45.5,12.0,31.0,27.8,43.63333333333333,28.825,23.616666666666664
2026-07-20 17:00:00,21.6,23.2,90,947.1,15.1,252,0.1,17,0,7,30.5,62.9,28.8,12.0,43.0,15.0,41.13333333333333,30.366666666666664,23.59583333333333
2026-07-20 18:00:00,12.0,23.5,88,946.7,17.1,251,0.1,18,0,7,21.6,48.2,40.5,12.0,15.4,37.0,39.93333333333333,31.166666666666668,22.704166666666666
2026-07-20 19:00:00,12.8,23.1,89,946.2,17.5,253,0.1,19,0,7,12.0,30.5,35.9,12.0,29.2,12.0,35.18333333333334,31.166666666666668,22.5625
2026-07-20 20:00:00,12.0,23.0,89,945.6,17.1,250,0.1,20,0,7,12.8,21.6,62.9,12.0,12.0,12.0,31.333333333333332,31.233333333333334,21.879166666666663
2026-07-20 21:00:00,12.0,22.9,90,944.9,16.2,256,0.1,21,0,7,12.0,12.0,48.2,24.1,12.0,22.0,22.849999999999998,31.233333333333334,21.879166666666663
2026-07-20 22:00:00,12.0,23.0,91,944.5,16.9,255,0.1,22,0,7,12.0,12.8,30.5,45.5,13.0,12.0,16.816666666666666,30.224999999999998,21.879166666666663
2026-07-20 23:00:00,12.0,23.1,90,944.5,18.7,253,0.1,23,0,7,12.0,12.0,21.6,28.8,12.0,12.0,13.733333333333334,27.433333333333334,21.837499999999995
2026-07-21 00:00:00,12.0,22.9,90,944.3,16.7,245,0.0,0,1,7,12.0,12.0,12.0,40.5,17.3,12.0,12.133333333333333,26.03333333333333,21.837499999999995
2026-07-21 01:00:00,12.0,22.9,89,944.6,16.3,244,0.0,1,1,7,12.0,12.0,12.8,35.9,12.0,12.0,12.133333333333333,23.65833333333333,21.616666666666664
2026-07-21 02:00:00,12.0,23.5,87,945.1,14.4,248,0.1,2,1,7,12.0,12.0,12.0,62.9,12.0,19.7,12.0,21.666666666666668,21.616666666666664
2026-07-21 03:00:00,12.0,24.1,86,945.3,13.1,247,0.2,3,1,7,12.0,12.0,12.0,48.2,12.0,12.0,12.0,17.425,21.616666666666664
2026-07-21 04:00:00,12.0,24.8,84,945.7,21.8,250,0.6,4,1,7,12.0,12.0,12.0,30.5,12.0,12.0,12.0,14.408333333333333,21.616666666666664
2026-07-21 05:00:00,12.0,25.4,83,945.9,19.7,245,0.2,5,1,7,12.0,12.0,12.0,21.6,12.0,12.0,12.0,12.866666666666667,21.616666666666664
2026-07-21 06:00:00,12.0,25.9,77,945.8,25.2,249,0.5,6,1,7,12.0,12.0,12.0,12.0,12.0,12.0,12.0,12.066666666666668,21.616666666666664
2026-07-21 07:00:00,12.0,26.4,75,945.6,24.4,252,0.7,7,1,7,12.0,12.0,12.0,12.8,12.0,31.4,12.0,12.066666666666668,21.616666666666664
2026-07-21 08:00:00,12.0,26.2,77,945.1,23.7,252,0.3,8,1,7,12.0,12.0,12.0,12.0,12.0,22.0,12.0,12.0,21.616666666666664
2026-07-21 09:00:00,15.4,24.9,89,944.6,18.0,258,1.6,9,1,7,12.0,12.0,12.0,12.0,24.1,29.4,12.0,12.0,21.616666666666664
2026-07-21 10:00:00,50.1,24.1,89,944.3,17.0,253,0.4,10,1,7,15.4,12.0,12.0,12.0,45.5,44.4,12.566666666666668,12.283333333333333,21.254166666666666
2026-07-21 11:00:00,21.5,25.0,80,944.1,21.6,252,0.2,11,1,7,50.1,12.0,12.0,12.0,28.8,27.3,18.916666666666668,15.458333333333334,21.445833333333336
2026-07-21 12:00:00,29.4,24.5,85,944.2,20.3,255,0.3,12,1,7,21.5,15.4,12.0,12.0,40.5,47.0,20.5,16.25,21.141666666666666
2026-07-21 13:00:00,35.8,23.7,87,944.3,19.9,254,0.5,13,1,7,29.4,50.1,12.0,12.0,35.9,62.5,23.400000000000002,17.7,20.679166666666664
2026-07-21 14:00:00,12.0,23.1,92,944.7,19.8,251,0.9,14,1,7,35.8,21.5,12.0,12.0,62.9,34.5,27.366666666666664,19.683333333333334,20.675
2026-07-21 15:00:00,12.0,22.8,94,945.1,21.9,253,2.0,15,1,7,12.0,29.4,15.4,12.0,48.2,38.5,27.366666666666664,19.683333333333334,18.554166666666667
2026-07-21 16:00:00,14.7,22.8,94,945.6,19.5,256,1.0,16,1,7,12.0,35.8,50.1,12.0,30.5,31.0,26.8,19.683333333333334,17.045833333333334
2026-07-21 17:00:00,23.7,22.7,94,945.9,18.1,251,1.0,17,1,7,14.7,12.0,21.5,12.0,21.6,43.0,20.900000000000002,19.908333333333335,16.3875
2026-07-21 18:00:00,12.0,23.4,89,945.7,20.1,255,0.5,18,1,7,23.7,12.0,29.4,12.0,12.0,15.4,21.266666666666666,20.883333333333333,16.474999999999998
2026-07-21 19:00:00,12.0,22.9,93,944.7,20.4,252,0.7,19,1,7,12.0,14.7,35.8,12.0,12.8,29.2,18.366666666666664,20.883333333333333,16.474999999999998
2026-07-21 20:00:00,12.0,22.9,93,944.1,18.8,251,0.3,20,1,7,12.0,23.7,12.0,12.0,12.0,12.0,14.4,20.883333333333333,16.441666666666666
2026-07-21 21:00:00,12.0,22.6,94,943.6,18.2,250,0.6,21,1,7,12.0,12.0,12.0,15.4,12.0,12.0,14.4,20.883333333333333,16.441666666666666
2026-07-21 22:00:00,12.0,22.5,94,943.1,19.8,253,1.4,22,1,7,12.0,12.0,14.7,50.1,12.0,13.0,14.4,20.599999999999998,16.441666666666666
2026-07-21 23:00:00,12.0,22.6,94,943.1,22.3,247,1.1,23,1,7,12.0,12.0,23.7,21.5,12.0,12.0,13.949999999999998,17.425,16.441666666666666
2026-07-22 00:00:00,12.0,22.2,93,943.1,21.9,249,1.2,0,2,7,12.0,12.0,12.0,29.4,12.0,17.3,12.0,16.633333333333333,16.441666666666666
2026-07-22 01:00:00,12.0,22.2,93,943.6,19.9,252,0.5,1,2,7,12.0,12.0,12.0,35.8,12.0,12.0,12.0,15.183333333333332,16.441666666666666
2026-07-22 02:00:00,12.0,22.9,90,944.5,20.3,246,0.1,2,2,7,12.0,12.0,12.0,12.0,12.0,12.0,12.0,13.200000000000001,16.441666666666666
2026-07-22 03:00:00,12.0,23.3,88,944.5,20.8,250,0.1,3,2,7,12.0,12.0,12.0,12.0,12.0,12.0,12.0,13.200000000000001,16.441666666666666
2026-07-22 04:00:00,12.0,23.7,86,945.1,18.6,247,0.3,4,2,7,12.0,12.0,12.0,14.7,12.0,12.0,12.0,13.200000000000001,16.441666666666666
2026-07-22 05:00:00,12.0,24.2,84,945.1,20.7,247,0.2,5,2,7,12.0,12.0,12.0,23.7,12.0,12.0,12.0,12.975,16.441666666666666
2026-07-22 06:00:00,12.0,23.7,86,945.2,17.7,250,0.2,6,2,7,12.0,12.0,12.0,12.0,12.0,12.0,12.0,12.0,16.441666666666666
2026-07-22 07:00:00,24.5,24.0,85,944.7,19.4,239,1.0,7,2,7,12.0,12.0,12.0,12.0,12.0,12.0,12.0,12.0,16.441666666666666
2026-07-22 08:00:00,12.0,25.0,76,944.7,24.3,246,0.3,8,2,7,24.5,12.0,12.0,12.0,12.0,12.0,14.083333333333334,13.041666666666666,16.962500000000002
2026-07-22 09:00:00,12.0,24.8,81,943.8,25.1,245,0.3,9,2,7,12.0,12.0,12.0,12.0,15.4,24.1,14.083333333333334,13.041666666666666,16.962500000000002
2026-07-22 10:00:00,18.8,25.2,79,943.1,26.6,244,0.4,10,2,7,12.0,24.5,12.0,12.0,50.1,45.5,14.083333333333334,13.041666666666666,16.820833333333336
2026-07-22 11:00:00,12.0,24.3,83,942.9,24.1,241,0.4,11,2,7,18.8,12.0,12.0,12.0,21.5,28.8,15.216666666666667,13.608333333333334,15.516666666666666
2026-07-22 12:00:00,33.4,23.2,94,942.4,25.1,250,0.3,12,2,7,12.0,12.0,12.0,12.0,29.4,40.5,15.216666666666667,13.608333333333334,15.120833333333332
2026-07-22 13:00:00,12.0,23.0,91,942.9,25.0,239,0.8,13,2,7,33.4,18.8,24.5,12.0,35.8,35.9,18.783333333333335,15.391666666666666,15.287500000000001
2026-07-22 14:00:00,25.7,22.6,90,943.5,24.6,245,0.4,14,2,7,12.0,12.0,12.0,12.0,12.0,62.9,16.7,15.391666666666666,14.295833333333334
2026-07-22 15:00:00,12.0,22.5,89,944.0,24.0,240,0.2,15,2,7,25.7,33.4,12.0,12.0,12.0,48.2,18.983333333333334,16.533333333333335,14.866666666666667
2026-07-22 16:00:00,12.0,22.4,88,944.5,22.1,245,0.1,16,2,7,12.0,12.0,18.8,12.0,14.7,30.5,18.983333333333334,16.533333333333335,14.866666666666667
2026-07-22 17:00:00,13.4,22.5,88,944.7,21.9,239,0.1,17,2,7,12.0,25.7,12.0,12.0,23.7,21.6,17.85,16.533333333333335,14.754166666666668
2026-07-22 18:00:00,12.0,22.5,88,943.9,24.6,242,0.1,18,2,7,13.4,12.0,33.4,12.0,12.0,12.0,18.083333333333332,16.650000000000002,14.324999999999998
2026-07-22 19:00:00,12.0,22.4,88,943.2,24.9,240,0.2,19,2,7,12.0,12.0,12.0,24.5,12.0,12.8,14.516666666666666,16.650000000000002,14.324999999999998
2026-07-22 20:00:00,12.0,22.1,87,942.7,24.6,241,0.1,20,2,7,12.0,13.4,25.7,12.0,12.0,12.0,14.516666666666666,15.608333333333334,14.324999999999998
2026-07-22 21:00:00,12.0,22.0,88,942.5,26.3,241,0.3,21,2,7,12.0,12.0,12.0,12.0,12.0,12.0,12.233333333333333,15.608333333333334,14.324999999999998
2026-07-22 22:00:00,12.0,21.3,89,942.1,28.2,240,0.5,22,2,7,12.0,12.0,12.0,18.8,12.0,12.0,12.233333333333333,15.608333333333334,14.324999999999998
2026-07-22 23:00:00,12.0,20.7,89,941.8,28.0,233,0.9,23,2,7,12.0,12.0,13.4,12.0,12.0,12.0,12.233333333333333,15.041666666666666,14.324999999999998
2026-07-23 00:00:00,12.0,22.0,88,941.5,24.8,240,0.7,0,3,7,12.0,12.0,12.0,33.4,12.0,12.0,12.0,15.041666666666666,14.324999999999998
2026-07-23 01:00:00,12.0,22.0,86,941.9,23.3,237,0.2,1,3,7,12.0,12.0,12.0,12.0,12.0,12.0,12.0,13.258333333333335,14.324999999999998
2026-07-23 02:00:00,12.0,22.6,87,942.0,25.2,236,0.2,2,3,7,12.0,12.0,12.0,25.7,12.0,12.0,12.0,13.258333333333335,14.324999999999998
2026-07-23 03:00:00,12.0,23.1,86,942.0,27.7,236,0.3,3,3,7,12.0,12.0,12.0,12.0,12.0,12.0,12.0,12.116666666666667,14.324999999999998
2026-07-23 04:00:00,12.0,23.6,87,942.3,21.4,239,0.3,4,3,7,12.0,12.0,12.0,12.0,12.0,12.0,12.0,12.116666666666667,14.324999999999998
2026-07-23 05:00:00,12.0,24.2,85,942.3,24.0,239,0.3,5,3,7,12.0,12.0,12.0,13.4,12.0,12.0,12.0,12.116666666666667,14.324999999999998
2026-07-23 06:00:00,12.0,24.7,83,942.8,21.1,237,0.3,6,3,7,12.0,12.0,12.0,12.0,12.0,12.0,12.0,12.0,14.324999999999998
2026-07-23 07:00:00,12.0,25.3,83,942.2,23.6,236,0.4,7,3,7,12.0,12.0,12.0,12.0,24.5,12.0,12.0,12.0,14.324999999999998
2026-07-23 08:00:00,12.0,25.1,83,942.3,22.9,248,0.2,8,3,7,12.0,12.0,12.0,12.0,12.0,12.0,12.0,12.0,13.804166666666665
2026-07-23 09:00:00,12.0,24.6,87,941.7,23.3,248,0.6,9,3,7,12.0,12.0,12.0,12.0,12.0,15.4,12.0,12.0,13.804166666666665
2026-07-23 10:00:00,12.0,24.0,87,941.7,26.0,251,1.1,10,3,7,12.0,12.0,12.0,12.0,18.8,50.1,12.0,12.0,13.804166666666665
2026-07-23 11:00:00,29.6,23.8,88,941.6,22.9,249,0.5,11,3,7,12.0,12.0,12.0,12.0,12.0,21.5,12.0,12.0,13.520833333333334
2026-07-23 12:00:00,22.1,24.1,90,941.4,22.3,244,0.4,12,3,7,29.6,12.0,12.0,12.0,33.4,29.4,14.933333333333332,13.466666666666667,14.254166666666668
2026-07-23 13:00:00,12.0,23.1,94,941.6,22.1,241,2.5,13,3,7,22.1,12.0,12.0,12.0,12.0,35.8,16.616666666666667,14.308333333333332,13.783333333333333
2026-07-23 14:00:00,21.5,22.9,94,942.1,24.6,242,2.6,14,3,7,12.0,29.6,12.0,12.0,25.7,12.0,16.616666666666667,14.308333333333332,13.783333333333333
2026-07-23 15:00:00,12.0,22.7,92,942.7,24.9,245,1.6,15,3,7,21.5,22.1,12.0,12.0,12.0,12.0,18.2,15.1,13.608333333333334
2026-07-23 16:00:00,12.1,22.6,92,943.3,22.3,239,0.8,16,3,7,12.0,12.0,12.0,12.0,12.0,14.7,18.2,15.1,13.608333333333334
2026-07-23 17:00:00,12.0,22.7,91,943.6,22.6,238,0.3,17,3,7,12.1,21.5,29.6,12.0,13.4,23.7,18.216666666666665,15.108333333333333,13.612499999999999
2026-07-23 18:00:00,12.0,22.9,91,943.7,22.2,242,0.1,18,3,7,12.0,12.0,22.1,12.0,12.0,12.0,15.283333333333331,15.108333333333333,13.554166666666667
2026-07-23 19:00:00,12.0,23.0,90,943.1,19.7,239,0.1,19,3,7,12.0,12.1,12.0,12.0,12.0,12.0,13.6,15.108333333333333,13.554166666666667
2026-07-23 20:00:00,12.0,23.1,89,942.9,20.0,248,0.1,20,3,7,12.0,12.0,21.5,12.0,12.0,12.0,13.6,15.108333333333333,13.554166666666667
2026-07-23 21:00:00,12.0,22.9,89,942.2,19.9,245,0.2,21,3,7,12.0,12.0,12.0,12.0,12.0,12.0,12.016666666666666,15.108333333333333,13.554166666666667
2026-07-23 22:00:00,12.0,22.7,93,942.1,18.1,245,0.4,22,3,7,12.0,12.0,12.1,12.0,12.0,12.0,12.016666666666666,15.108333333333333,13.554166666666667
2026-07-23 23:00:00,12.0,22.8,91,942.0,18.2,237,0.2,23,3,7,12.0,12.0,12.0,29.6,12.0,12.0,12.0,15.108333333333333,13.554166666666667
2026-07-24 00:00:00,12.0,23.0,92,942.0,21.6,238,0.2,0,4,7,12.0,12.0,12.0,22.1,12.0,12.0,12.0,13.641666666666666,13.554166666666667
2026-07-24 01:00:00,12.0,22.6,93,941.9,22.2,242,1.5,1,4,7,12.0,12.0,12.0,12.0,12.0,12.0,12.0,12.799999999999999,13.554166666666667
2026-07-24 02:00:00,12.0,23.6,90,943.1,21.9,247,0.3,2,4,7,12.0,12.0,12.0,21.5,12.0,12.0,12.0,12.799999999999999,13.554166666666667
2026-07-24 03:00:00,12.0,24.2,87,943.6,19.2,241,0.4,3,4,7,12.0,12.0,12.0,12.0,12.0,12.0,12.0,12.008333333333333,13.554166666666667
2026-07-24 04:00:00,12.0,25.0,83,944.2,23.5,243,0.3,4,4,7,12.0,12.0,12.0,12.1,12.0,12.0,12.0,12.008333333333333,13.554166666666667
2026-07-24 05:00:00,12.0,26.0,77,944.4,28.2,242,0.5,5,4,7,12.0,12.0,12.0,12.0,12.0,12.0,12.0,12.0,13.554166666666667
2026-07-24 06:00:00,12.0,25.7,82,944.3,25.2,249,1.3,6,4,7,12.0,12.0,12.0,12.0,12.0,12.0,12.0,12.0,13.554166666666667
2026-07-24 07:00:00,12.0,26.2,74,943.7,26.9,248,1.0,7,4,7,12.0,12.0,12.0,12.0,12.0,24.5,12.0,12.0,13.554166666666667
2026-07-24 08:00:00,16.4,25.2,82,943.3,25.7,247,1.5,8,4,7,12.0,12.0,12.0,12.0,12.0,12.0,12.0,12.0,13.554166666666667
2026-07-24 09:00:00,31.7,25.8,83,942.9,19.9,248,0.8,9,4,7,16.4,12.0,12.0,12.0,12.0,12.0,12.733333333333334,12.366666666666667,13.737500000000002
2026-07-24 10:00:00,12.0,25.1,82,942.3,23.8,249,1.2,10,4,7,31.7,12.0,12.0,12.0,12.0,18.8,16.016666666666666,14.008333333333335,14.558333333333335
2026-07-24 11:00:00,12.0,25.3,83,941.9,25.1,241,0.6,11,4,7,12.0,16.4,12.0,12.0,29.6,12.0,16.016666666666666,14.008333333333335,14.558333333333335
2026-07-24 12:00:00,28.0,24.7,89,941.4,17.8,238,0.3,12,4,7,12.0,31.7,12.0,12.0,22.1,33.4,16.016666666666666,14.008333333333335,13.825000000000001
2026-07-24 13:00:00,19.4,23.9,89,941.9,19.6,242,0.5,13,4,7,28.0,12.0,12.0,12.0,12.0,12.0,18.683333333333334,15.341666666666669,14.070833333333333
2026-07-24 14:00:00,30.1,23.7,89,942.4,20.0,243,0.2,14,4,7,19.4,12.0,16.4,12.0,21.5,25.7,19.916666666666668,15.958333333333334,14.379166666666665
2026-07-24 15:00:00,18.3,23.3,89,943.1,20.3,245,0.1,15,4,7,30.1,28.0,31.7,12.0,12.0,12.0,22.2,17.46666666666667,14.737499999999999
2026-07-24 16:00:00,12.0,23.4,89,943.6,19.6,246,0.1,16,4,7,18.3,19.4,12.0,12.0,12.1,12.0,19.96666666666667,17.991666666666667,15.0
2026-07-24 17:00:00,12.0,23.2,89,943.7,18.1,241,0.1,17,4,7,12.0,30.1,12.0,12.0,12.0,13.4,19.96666666666667,17.991666666666667,14.995833333333335
2026-07-24 18:00:00,23.2,23.1,89,943.4,19.2,242,0.1,18,4,7,12.0,18.3,28.0,12.0,12.0,12.0,19.96666666666667,17.991666666666667,14.995833333333335
2026-07-24 19:00:00,12.0,22.9,89,943.2,18.8,246,0.0,19,4,7,23.2,12.0,19.4,12.0,12.0,12.0,19.166666666666668,18.925,15.4625
2026-07-24 20:00:00,12.0,22.7,89,943.0,17.2,247,0.0,20,4,7,12.0,12.0,30.1,16.4,12.0,12.0,17.933333333333334,18.925,15.4625
2026-07-24 21:00:00,12.0,22.5,90,942.4,16.8,246,0.2,21,4,7,12.0,23.2,18.3,31.7,12.0,12.0,14.916666666666666,18.558333333333334,15.4625
2026-07-24 22:00:00,12.0,22.4,91,942.2,16.3,242,0.2,22,4,7,12.0,12.0,12.0,12.0,12.0,12.0,13.866666666666665,16.916666666666668,15.4625
2026-07-24 23:00:00,12.0,22.4,91,942.4,18.4,241,0.1,23,4,7,12.0,12.0,12.0,12.0,12.0,12.0,13.866666666666665,16.916666666666668,15.4625
2026-07-25 00:00:00,12.0,22.9,91,942.8,15.5,250,0.1,0,5,7,12.0,12.0,23.2,28.0,12.0,12.0,13.866666666666665,16.916666666666668,15.4625
2026-07-25 01:00:00,12.0,23.3,91,943.1,16.4,249,0.0,1,5,7,12.0,12.0,12.0,19.4,12.0,12.0,12.0,15.583333333333334,15.4625
2026-07-25 02:00:00,12.0,24.1,88,943.8,14.2,250,0.1,2,5,7,12.0,12.0,12.0,30.1,12.0,12.0,12.0,14.966666666666669,15.4625
2026-07-25 03:00:00,16.5,24.6,85,944.6,15.2,253,0.3,3,5,7,12.0,12.0,12.0,18.3,12.0,12.0,12.0,13.458333333333334,15.4625
2026-07-25 04:00:00,24.8,24.8,85,945.1,15.2,246,0.3,4,5,7,16.5,12.0,12.0,12.0,12.0,12.0,12.75,13.308333333333335,15.65
2026-07-25 05:00:00,12.0,25.8,81,945.1,18.8,249,0.2,5,5,7,24.8,12.0,12.0,12.0,12.0,12.0,14.883333333333335,14.375,16.183333333333334
2026-07-25 06:00:00,12.0,26.8,74,944.6,23.4,256,0.2,6,5,7,12.0,16.5,12.0,23.2,12.0,12.0,14.883333333333335,14.375,16.183333333333334
2026-07-25 07:00:00,12.0,27.6,70,944.7,22.9,255,0.2,7,5,7,12.0,24.8,12.0,12.0,12.0,12.0,14.883333333333335,13.441666666666665,16.183333333333334
2026-07-25 08:00:00,12.0,27.3,69,944.3,21.4,258,0.6,8,5,7,12.0,12.0,12.0,12.0,16.4,12.0,14.883333333333335,13.441666666666665,16.183333333333334
2026-07-25 09:00:00,21.7,27.0,73,944.0,20.8,250,0.3,9,5,7,12.0,12.0,16.5,12.0,31.7,12.0,14.883333333333335,13.441666666666665,16.0
2026-07-25 10:00:00,15.6,26.6,76,943.5,21.7,249,0.3,10,5,7,21.7,12.0,24.8,12.0,12.0,12.0,15.75,14.25,15.583333333333334
2026-07-25 11:00:00,48.0,26.2,78,943.2,19.2,264,0.3,11,5,7,15.6,12.0,12.0,12.0,12.0,29.6,14.216666666666667,14.549999999999999,15.733333333333333
2026-07-25 12:00:00,55.8,25.6,81,943.1,17.7,243,0.3,12,5,7,48.0,21.7,12.0,12.0,28.0,22.1,20.21666666666667,17.55,17.23333333333333
2026-07-25 13:00:00,55.5,24.5,82,943.6,15.7,248,0.2,13,5,7,55.8,15.6,12.0,12.0,19.4,12.0,27.516666666666666,21.2,18.391666666666666
2026-07-25 14:00:00,70.4,23.8,88,943.9,13.1,241,0.1,14,5,7,55.5,48.0,12.0,12.0,30.1,21.5,34.766666666666666,24.825,19.895833333333332
2026-07-25 15:00:00,45.0,23.3,89,944.7,12.6,246,0.1,15,5,7,70.4,55.8,21.7,16.5,18.3,12.0,44.5,29.691666666666663,21.575
2026-07-25 16:00:00,41.7,22.7,95,945.4,8.5,272,1.0,16,5,7,45.0,55.5,15.6,24.8,12.0,12.1,48.383333333333326,32.06666666666666,22.6875
2026-07-25 17:00:00,13.7,22.9,94,945.7,11.1,241,0.1,17,5,7,41.7,70.4,48.0,12.0,12.0,12.0,52.73333333333334,33.475,23.924999999999997
2026-07-25 18:00:00,12.7,22.9,91,945.0,13.3,257,0.0,18,5,7,13.7,45.0,55.8,12.0,23.2,12.0,47.01666666666667,33.61666666666667,23.995833333333334
2026-07-25 19:00:00,45.4,22.7,92,944.6,10.9,254,0.1,19,5,7,12.7,41.7,55.5,12.0,12.0,12.0,39.833333333333336,33.675,23.558333333333337
2026-07-25 20:00:00,12.0,22.7,92,944.3,12.9,249,0.0,20,5,7,45.4,13.7,70.4,12.0,12.0,12.0,38.15,36.458333333333336,24.950000000000003
2026-07-25 21:00:00,22.0,22.9,90,943.9,14.4,247,0.0,21,5,7,12.0,12.7,45.0,21.7,12.0,12.0,28.416666666666668,36.458333333333336,24.950000000000003
2026-07-25 22:00:00,12.0,22.6,90,943.6,13.9,246,0.0,22,5,7,22.0,45.4,41.7,15.6,12.0,12.0,24.583333333333332,36.48333333333333,25.36666666666667
2026-07-25 23:00:00,12.0,22.5,92,943.9,11.4,249,0.0,23,5,7,12.0,12.0,13.7,48.0,12.0,12.0,19.633333333333333,36.18333333333334,25.36666666666667
2026-07-26 00:00:00,12.0,22.9,94,943.7,12.0,262,0.1,0,6,7,12.0,22.0,12.7,55.8,12.0,12.0,19.349999999999998,33.18333333333334,25.36666666666667
2026-07-26 01:00:00,12.0,22.8,94,943.9,14.6,257,0.1,1,6,7,12.0,12.0,45.4,55.5,12.0,12.0,19.233333333333334,29.53333333333333,25.36666666666667
2026-07-26 02:00:00,12.0,23.3,89,944.6,14.3,253,0.0,2,6,7,12.0,12.0,12.0,70.4,12.0,12.0,13.666666666666666,25.90833333333333,25.36666666666667
2026-07-26 03:00:00,12.0,24.2,84,945.2,14.9,253,0.0,3,6,7,12.0,12.0,22.0,45.0,16.5,12.0,13.666666666666666,21.041666666666668,25.36666666666667
2026-07-26 04:00:00,12.0,25.4,79,945.8,17.3,257,0.1,4,6,7,12.0,12.0,12.0,41.7,24.8,12.0,12.0,18.291666666666668,25.17916666666667
2026-07-26 05:00:00,12.0,26.5,75,945.9,16.1,264,0.2,5,6,7,12.0,12.0,12.0,13.7,12.0,12.0,12.0,15.816666666666668,24.645833333333332
2026-07-26 06:00:00,12.0,26.2,79,945.6,17.7,260,0.2,6,6,7,12.0,12.0,12.0,12.7,12.0,12.0,12.0,15.674999999999999,24.645833333333332
2026-07-26 07:00:00,15.2,27.2,69,945.3,19.1,259,0.2,7,6,7,12.0,12.0,12.0,45.4,12.0,12.0,12.0,15.616666666666667,24.645833333333332
2026-07-26 08:00:00,20.9,27.1,73,945.1,19.2,260,0.5,8,6,7,15.2,12.0,12.0,12.0,12.0,16.4,12.533333333333333,13.1,24.779166666666665
2026-07-26 09:00:00,31.2,27.8,65,944.6,22.7,255,0.2,9,6,7,20.9,12.0,12.0,22.0,21.7,31.7,14.016666666666666,13.841666666666667,25.150000000000002
2026-07-26 10:00:00,24.4,26.6,76,944.0,20.4,252,0.3,10,6,7,31.2,15.2,12.0,12.0,15.6,12.0,17.216666666666665,14.608333333333334,25.545833333333334
2026-07-26 11:00:00,35.3,26.1,77,943.8,20.4,258,0.1,11,6,7,24.4,20.9,12.0,12.0,48.0,12.0,19.28333333333333,15.641666666666666,25.912499999999998
2026-07-26 12:00:00,48.2,25.0,82,943.7,17.2,264,0.2,12,6,7,35.3,31.2,12.0,12.0,55.8,28.0,23.166666666666668,17.583333333333332,25.383333333333336
2026-07-26 13:00:00,40.8,24.4,86,944.0,15.3,258,0.1,13,6,7,48.2,24.4,15.2,12.0,55.5,19.4,29.2,20.599999999999998,25.066666666666663
2026-07-26 14:00:00,71.2,23.8,88,944.2,13.5,249,0.0,14,6,7,40.8,35.3,20.9,12.0,70.4,30.1,33.46666666666667,23.0,24.454166666666666
2026-07-26 15:00:00,36.6,23.8,87,944.6,13.5,249,0.0,15,6,7,71.2,48.2,31.2,12.0,45.0,18.3,41.85,27.933333333333334,24.487499999999997
2026-07-26 16:00:00,33.2,23.4,88,945.2,13.9,251,0.0,16,6,7,36.6,40.8,24.4,12.0,41.7,12.0,42.75,29.983333333333334,24.1375
2026-07-26 17:00:00,31.5,23.3,89,945.7,11.1,239,0.0,17,6,7,33.2,71.2,35.3,12.0,13.7,12.0,44.21666666666667,31.75,23.783333333333335
2026-07-26 18:00:00,38.1,23.7,87,945.0,12.4,240,0.0,18,6,7,31.5,36.6,48.2,12.0,12.7,23.2,43.583333333333336,33.375,24.525000000000002
2026-07-26 19:00:00,22.9,23.3,89,944.5,11.8,251,0.0,19,6,7,38.1,33.2,40.8,15.2,45.4,12.0,41.9,35.550000000000004,25.583333333333332
2026-07-26 20:00:00,24.2,23.2,90,943.7,10.7,257,0.0,20,6,7,22.9,31.5,71.2,20.9,12.0,12.0,38.916666666666664,36.19166666666667,24.645833333333332
2026-07-26 21:00:00,30.9,22.9,91,943.4,10.2,246,0.0,21,6,7,24.2,38.1,36.6,31.2,22.0,12.0,31.083333333333332,36.46666666666666,25.154166666666665
2026-07-26 22:00:00,12.0,22.8,90,943.3,10.2,244,0.0,22,6,7,30.9,22.9,33.2,24.4,12.0,12.0,30.133333333333336,36.44166666666666,25.524999999999995
2026-07-26 23:00:00,12.0,22.8,89,943.4,11.8,241,0.0,23,6,7,12.0,24.2,31.5,35.3,12.0,12.0,26.599999999999998,35.40833333333333,25.524999999999995
2026-07-27 00:00:00,12.0,23.5,90,943.2,12.9,264,0.0,0,0,7,12.0,30.9,38.1,48.2,12.0,12.0,23.349999999999998,33.46666666666666,25.524999999999995
2026-07-27 01:00:00,12.0,23.4,91,943.4,12.3,258,0.1,1,0,7,12.0,12.0,22.9,40.8,12.0,12.0,19.0,30.45,25.524999999999995
2026-07-27 02:00:00,12.0,23.9,89,943.7,12.6,253,0.1,2,0,7,12.0,12.0,24.2,71.2,12.0,12.0,17.183333333333334,28.049999999999997,25.524999999999995
2026-07-27 03:00:00,12.0,24.4,86,944.1,14.8,257,0.1,3,0,7,12.0,12.0,30.9,36.6,12.0,16.5,15.15,23.116666666666664,25.524999999999995
2026-07-27 04:00:00,12.0,25.6,81,944.4,18.9,256,0.2,4,0,7,12.0,12.0,12.0,33.2,12.0,24.8,12.0,21.066666666666666,25.524999999999995
2026-07-27 05:00:00,12.0,26.8,77,944.9,18.1,249,0.1,5,0,7,12.0,12.0,12.0,31.5,12.0,12.0,12.0,19.3,25.524999999999995
2026-07-27 06:00:00,21.9,25.7,83,944.7,17.3,268,2.1,6,0,7,12.0,12.0,12.0,38.1,12.0,12.0,12.0,17.675,25.524999999999995
2026-07-27 07:00:00,12.0,25.8,82,944.4,18.2,266,2.5,7,0,7,21.9,12.0,12.0,22.9,15.2,12.0,13.649999999999999,16.325,25.9375
2026-07-27 08:00:00,39.8,25.1,83,943.8,20.7,263,2.7,8,0,7,12.0,12.0,12.0,24.2,20.9,12.0,13.649999999999999,15.416666666666666,25.80416666666667
2026-07-27 09:00:00,25.9,26.2,77,943.4,18.5,269,0.3,9,0,7,39.8,21.9,12.0,30.9,31.2,21.7,18.28333333333333,16.716666666666665,26.591666666666665
2026-07-27 10:00:00,21.7,26.1,79,942.8,18.6,267,0.2,10,0,7,25.9,12.0,12.0,12.0,24.4,15.6,20.599999999999998,16.3,26.370833333333334
2026-07-27 11:00:00,37.6,25.2,81,942.4,19.9,261,0.6,11,0,7,21.7,39.8,12.0,12.0,35.3,48.0,22.216666666666665,17.10833333333333,26.258333333333336
2026-07-27 12:00:00,50.3,25.0,86,942.2,16.1,260,0.1,12,0,7,37.6,25.9,21.9,12.0,48.2,55.8,26.48333333333333,19.241666666666664,26.354166666666668
2026-07-27 13:00:00,64.7,24.1,88,942.4,13.1,258,0.1,13,0,7,50.3,21.7,12.0,12.0,40.8,55.5,31.216666666666665,22.433333333333334,26.441666666666666
2026-07-27 14:00:00,72.7,23.6,90,942.4,14.3,255,0.2,14,0,7,64.7,37.6,39.8,12.0,71.2,70.4,40.0,26.825,27.4375
2026-07-27 15:00:00,49.8,23.3,92,943.4,10.0,257,0.2,15,0,7,72.7,50.3,25.9,12.0,36.6,45.0,45.48333333333333,31.883333333333336,27.5
2026-07-27 16:00:00,26.7,23.4,93,944.0,9.5,251,0.1,16,0,7,49.8,64.7,21.7,12.0,33.2,41.7,49.46666666666667,35.03333333333333,28.05
2026-07-27 17:00:00,42.8,23.2,94,944.3,8.9,243,0.0,17,0,7,26.7,72.7,37.6,12.0,31.5,13.7,50.300000000000004,36.25833333333333,27.779166666666665
2026-07-27 18:00:00,59.1,23.1,94,943.7,10.4,260,0.0,18,0,7,42.8,49.8,50.3,21.9,38.1,12.7,51.166666666666664,38.824999999999996,28.25
2026-07-27 19:00:00,12.0,23.0,95,943.4,13.0,237,0.7,19,0,7,59.1,26.7,64.7,12.0,22.9,45.4,52.63333333333333,41.925000000000004,29.125
2026-07-27 20:00:00,21.7,22.7,95,943.2,11.9,239,0.2,20,0,7,12.0,42.8,72.7,39.8,24.2,12.0,43.849999999999994,41.925000000000004,28.67083333333333
2026-07-27 21:00:00,12.0,22.4,95,942.5,11.9,245,0.0,21,0,7,21.7,59.1,49.8,25.9,30.9,22.0,35.35,40.416666666666664,28.566666666666666
2026-07-27 22:00:00,12.0,22.3,95,942.2,11.1,248,0.0,22,0,7,12.0,12.0,26.7,21.7,12.0,12.0,29.05,39.25833333333333,27.77916666666667
2026-07-27 23:00:00,15.6,22.4,95,942.3,12.0,253,0.1,23,0,7,12.0,21.7,42.8,37.6,12.0,12.0,26.599999999999998,38.449999999999996,27.77916666666667
2026-07-28 00:00:00,12.0,23.1,95,941.9,14.9,257,0.4,0,1,7,15.6,12.0,59.1,50.3,12.0,12.0,22.066666666666666,36.61666666666667,27.92916666666667
2026-07-28 01:00:00,12.0,23.1,94,942.0,16.4,262,0.2,1,1,7,12.0,12.0,12.0,64.7,12.0,12.0,14.216666666666669,33.425000000000004,27.92916666666667
2026-07-28 02:00:00,12.0,23.9,92,942.8,14.7,259,0.0,2,1,7,12.0,15.6,21.7,72.7,12.0,12.0,14.216666666666669,29.033333333333335,27.92916666666667
2026-07-28 03:00:00,12.0,24.7,86,943.3,16.6,258,0.0,3,1,7,12.0,12.0,12.0,49.8,12.0,12.0,12.600000000000001,23.975000000000005,27.92916666666667
2026-07-28 04:00:00,12.0,25.8,80,944.0,18.3,260,0.0,4,1,7,12.0,12.0,12.0,26.7,12.0,12.0,12.600000000000001,20.825,27.92916666666667
2026-07-28 05:00:00,12.0,26.4,77,944.3,19.1,258,0.2,5,1,7,12.0,12.0,15.6,42.8,12.0,12.0,12.600000000000001,19.599999999999998,27.92916666666667
2026-07-28 06:00:00,12.0,27.2,73,944.0,19.3,258,0.2,6,1,7,12.0,12.0,12.0,59.1,21.9,12.0,12.0,17.03333333333333,27.92916666666667
2026-07-28 07:00:00,12.0,27.1,68,943.7,20.8,261,0.1,7,1,7,12.0,12.0,12.0,12.0,12.0,15.2,12.0,13.108333333333333,27.516666666666666
2026-07-28 08:00:00,12.0,26.1,79,943.4,19.6,267,1.0,8,1,7,12.0,12.0,12.0,21.7,39.8,20.9,12.0,13.108333333333333,27.516666666666666
2026-07-28 09:00:00,16.1,26.7,80,942.6,20.0,266,0.7,9,1,7,12.0,12.0,12.0,12.0,25.9,31.2,12.0,12.299999999999999,26.358333333333334
2026-07-28 10:00:00,27.1,26.3,72,942.2,22.9,266,0.4,10,1,7,16.1,12.0,12.0,12.0,21.7,24.4,12.683333333333332,12.641666666666666,25.950000000000003
2026-07-28 11:00:00,31.4,25.6,79,941.6,20.2,275,0.3,11,1,7,27.1,12.0,12.0,15.6,37.6,35.3,15.200000000000001,13.9,26.174999999999997
2026-07-28 12:00:00,36.6,24.7,85,942.0,18.4,260,0.3,12,1,7,31.4,16.1,12.0,12.0,50.3,48.2,18.433333333333334,15.216666666666669,25.916666666666668
2026-07-28 13:00:00,43.5,24.5,88,941.7,15.6,259,0.2,13,1,7,36.6,27.1,12.0,12.0,64.7,40.8,22.53333333333333,17.26666666666667,25.34583333333333
2026-07-28 14:00:00,20.7,23.9,88,942.4,15.4,264,0.0,14,1,7,43.5,31.4,12.0,12.0,72.7,71.2,27.78333333333333,19.89166666666667,24.462499999999995
2026-07-28 15:00:00,36.5,23.6,90,943.2,14.6,260,0.0,15,1,7,20.7,36.6,16.1,12.0,49.8,36.6,29.233333333333334,20.616666666666667,22.295833333333334
2026-07-28 16:00:00,42.3,23.5,90,943.8,14.2,261,0.0,16,1,7,36.5,43.5,27.1,12.0,26.7,33.2,32.63333333333333,22.65833333333333,21.741666666666664
2026-07-28 17:00:00,12.0,23.6,90,944.1,14.1,265,0.0,17,1,7,42.3,20.7,31.4,12.0,42.8,31.5,35.166666666666664,25.183333333333334,22.391666666666666
2026-07-28 18:00:00,24.3,23.8,89,943.6,16.3,259,0.0,18,1,7,12.0,36.5,36.6,12.0,59.1,38.1,31.933333333333337,25.183333333333334,21.108333333333334
2026-07-28 19:00:00,12.0,23.6,91,943.1,13.5,262,0.1,19,1,7,24.3,42.3,43.5,12.0,12.0,22.9,29.88333333333333,26.208333333333332,19.658333333333335
2026-07-28 20:00:00,12.0,23.6,90,942.7,15.4,260,0.0,20,1,7,12.0,12.0,20.7,12.0,21.7,24.2,24.633333333333336,26.208333333333332,19.658333333333335
2026-07-28 21:00:00,12.0,23.3,91,942.0,15.0,264,0.0,21,1,7,12.0,24.3,36.5,16.1,12.0,30.9,23.183333333333334,26.208333333333332,19.254166666666666
2026-07-28 22:00:00,12.0,23.4,90,941.4,17.6,259,0.0,22,1,7,12.0,12.0,42.3,27.1,12.0,12.0,19.099999999999998,25.866666666666664,19.254166666666666
2026-07-28 23:00:00,12.0,23.5,90,941.3,15.0,253,0.0,23,1,7,12.0,12.0,12.0,31.4,15.6,12.0,14.049999999999999,24.608333333333334,19.254166666666666
2026-07-29 00:00:00,12.0,23.8,89,941.4,17.0,260,0.0,0,2,7,12.0,12.0,24.3,36.6,12.0,12.0,14.049999999999999,22.991666666666664,19.104166666666668
2026-07-29 01:00:00,12.0,23.7,90,941.9,16.8,261,0.0,1,2,7,12.0,12.0,12.0,43.5,12.0,12.0,12.0,20.941666666666666,19.104166666666668
2026-07-29 02:00:00,12.0,23.9,90,942.6,14.6,261,0.2,2,2,7,12.0,12.0,12.0,20.7,12.0,12.0,12.0,18.316666666666666,19.104166666666668
2026-07-29 03:00:00,12.0,24.1,90,942.9,16.2,266,0.3,3,2,7,12.0,12.0,12.0,36.5,12.0,12.0,12.0,17.591666666666665,19.104166666666668
2026-07-29 04:00:00,12.0,25.8,81,943.1,21.7,265,0.5,4,2,7,12.0,12.0,12.0,42.3,12.0,12.0,12.0,15.549999999999999,19.104166666666668
2026-07-29 05:00:00,12.0,26.5,78,943.6,24.5,267,0.2,5,2,7,12.0,12.0,12.0,12.0,12.0,12.0,12.0,13.025,19.104166666666668
2026-07-29 06:00:00,12.0,25.6,79,943.4,24.4,264,0.3,6,2,7,12.0,12.0,12.0,24.3,12.0,21.9,12.0,13.025,19.104166666666668
2026-07-29 07:00:00,12.4,26.4,77,943.1,22.3,270,0.5,7,2,7,12.0,12.0,12.0,12.0,12.0,12.0,12.0,12.0,19.104166666666668
2026-07-29 08:00:00,22.7,26.7,74,942.8,25.1,263,0.7,8,2,7,12.4,12.0,12.0,12.0,12.0,39.8,12.066666666666668,12.033333333333333,19.120833333333334
2026-07-29 09:00:00,12.0,26.0,79,941.8,25.8,266,0.7,9,2,7,22.7,12.0,12.0,12.0,16.1,25.9,13.85,12.924999999999999,19.566666666666666
2026-07-29 10:00:00,12.0,25.8,78,941.5,23.1,262,0.1,10,2,7,12.0,12.4,12.0,12.0,27.1,21.7,13.85,12.924999999999999,19.395833333333332
2026-07-29 11:00:00,18.0,25.1,84,941.0,22.3,263,0.2,11,2,7,12.0,22.7,12.0,12.0,31.4,37.6,13.85,12.924999999999999,18.766666666666666
2026-07-29 12:00:00,40.4,24.9,86,941.2,15.5,266,0.1,12,2,7,18.0,12.0,12.0,12.0,36.6,50.3,14.85,13.424999999999999,18.208333333333332
2026-07-29 13:00:00,28.4,24.4,88,941.2,19.0,258,0.1,13,2,7,40.4,12.0,12.4,12.0,43.5,64.7,19.583333333333332,15.791666666666666,18.366666666666664
2026-07-29 14:00:00,33.1,23.9,88,941.4,17.5,265,0.1,14,2,7,28.4,18.0,22.7,12.0,20.7,72.7,22.25,17.158333333333335,17.7375
2026-07-29 15:00:00,12.6,23.8,90,942.1,18.0,269,0.0,15,2,7,33.1,40.4,12.0,12.0,36.5,49.8,23.983333333333334,18.916666666666668,18.254166666666666
2026-07-29 16:00:00,12.0,23.9,89,942.4,18.0,263,0.0,16,2,7,12.6,28.4,12.0,12.0,42.3,26.7,24.083333333333332,18.966666666666665,17.258333333333333
2026-07-29 17:00:00,12.0,24.0,90,942.5,18.0,262,0.0,17,2,7,12.0,33.1,18.0,12.0,12.0,42.8,24.083333333333332,18.966666666666665,15.995833333333332
2026-07-29 18:00:00,21.3,23.7,89,942.1,17.1,258,0.0,18,2,7,12.0,12.6,40.4,12.0,24.3,59.1,23.083333333333332,18.966666666666665,15.995833333333332
2026-07-29 19:00:00,12.0,23.7,90,941.3,18.8,263,0.1,19,2,7,21.3,12.0,28.4,12.4,12.0,12.0,19.900000000000002,19.741666666666667,15.870833333333332
2026-07-29 20:00:00,12.0,23.6,90,940.8,18.4,266,0.0,20,2,7,12.0,12.0,33.1,22.7,12.0,21.7,17.166666666666668,19.708333333333332,15.870833333333332
2026-07-29 21:00:00,12.0,23.4,91,940.4,16.1,266,0.0,21,2,7,12.0,21.3,12.6,12.0,12.0,12.0,13.65,18.816666666666666,15.870833333333332
2026-07-29 22:00:00,12.0,23.4,91,940.3,15.5,265,0.1,22,2,7,12.0,12.0,12.0,12.0,12.0,12.0,13.550000000000002,18.816666666666666,15.870833333333332
2026-07-29 23:00:00,12.0,23.5,90,939.9,16.2,261,0.0,23,2,7,12.0,12.0,12.0,18.0,12.0,15.6,13.550000000000002,18.816666666666666,15.870833333333332
2026-07-30 00:00:00,12.0,23.9,90,939.7,17.9,264,0.0,0,3,7,12.0,12.0,21.3,40.4,12.0,12.0,13.550000000000002,18.316666666666666,15.870833333333332
2026-07-30 01:00:00,12.0,23.7,90,940.0,17.5,266,0.0,1,3,7,12.0,12.0,12.0,28.4,12.0,12.0,12.0,15.950000000000001,15.870833333333332
2026-07-30 02:00:00,12.0,24.2,89,940.8,16.7,263,0.1,2,3,7,12.0,12.0,12.0,33.1,12.0,12.0,12.0,14.583333333333334,15.870833333333332
2026-07-30 03:00:00,12.0,24.9,85,940.9,18.6,261,0.0,3,3,7,12.0,12.0,12.0,12.6,12.0,12.0,12.0,12.825000000000001,15.870833333333332
2026-07-30 04:00:00,12.0,25.2,84,941.0,21.3,258,0.0,4,3,7,12.0,12.0,12.0,12.0,12.0,12.0,12.0,12.775,15.870833333333332
2026-07-30 05:00:00,12.0,25.6,83,941.1,20.5,271,0.1,5,3,7,12.0,12.0,12.0,12.0,12.0,12.0,12.0,12.775,15.870833333333332
2026-07-30 06:00:00,12.0,25.5,84,941.1,20.3,263,0.4,6,3,7,12.0,12.0,12.0,21.3,12.0,12.0,12.0,12.775,15.870833333333332
2026-07-30 07:00:00,12.0,25.6,82,940.8,20.7,271,0.2,7,3,7,12.0,12.0,12.0,12.0,12.4,12.0,12.0,12.0,15.870833333333332
2026-07-30 08:00:00,12.0,26.1,81,940.5,22.3,263,0.3,8,3,7,12.0,12.0,12.0,12.0,22.7,12.0,12.0,12.0,15.854166666666666
2026-07-30 09:00:00,24.3,26.1,81,939.6,23.8,267,0.2,9,3,7,12.0,12.0,12.0,12.0,12.0,16.1,12.0,12.0,15.408333333333333
2026-07-30 10:00:00,15.3,25.7,82,938.9,23.3,266,0.1,10,3,7,24.3,12.0,12.0,12.0,12.0,27.1,14.049999999999999,13.024999999999999,15.920833333333334
2026-07-30 11:00:00,19.8,25.3,85,938.4,22.0,269,0.2,11,3,7,15.3,12.0,12.0,12.0,18.0,31.4,14.6,13.299999999999999,16.058333333333334
2026-07-30 12:00:00,12.5,24.9,87,938.5,20.2,261,0.2,12,3,7,19.8,24.3,12.0,12.0,40.4,36.6,15.9,13.950000000000001,16.133333333333333
2026-07-30 13:00:00,30.4,23.8,93,938.3,22.6,261,1.3,13,3,7,12.5,15.3,12.0,12.0,28.4,43.5,15.983333333333334,13.991666666666667,14.970833333333331
2026-07-30 14:00:00,12.0,23.2,95,938.7,21.1,263,1.1,14,3,7,30.4,19.8,12.0,12.0,33.1,20.7,19.05,15.524999999999999,15.054166666666667
2026-07-30 15:00:00,12.0,23.2,95,939.4,20.1,264,0.5,15,3,7,12.0,12.5,24.3,12.0,12.6,36.5,19.05,15.524999999999999,14.175000000000002
2026-07-30 16:00:00,12.3,23.2,94,939.8,19.9,265,0.3,16,3,7,12.0,30.4,15.3,12.0,12.0,42.3,17.0,15.524999999999999,14.15
2026-07-30 17:00:00,12.0,23.2,94,940.1,19.0,265,0.3,17,3,7,12.3,12.0,19.8,12.0,12.0,12.0,16.5,15.549999999999999,14.1625
2026-07-30 18:00:00,12.8,23.3,94,939.4,20.2,265,0.3,18,3,7,12.0,12.0,12.5,12.0,21.3,24.3,15.199999999999998,15.549999999999999,14.1625
2026-07-30 19:00:00,12.0,23.0,95,938.8,18.9,267,0.5,19,3,7,12.8,12.3,30.4,12.0,12.0,12.0,15.25,15.616666666666667,13.808333333333332
2026-07-30 20:00:00,12.0,22.9,95,938.7,21.1,270,0.5,20,3,7,12.0,12.0,12.0,12.0,12.0,12.0,12.183333333333335,15.616666666666667,13.808333333333332
2026-07-30 21:00:00,12.0,22.7,95,938.0,19.6,268,1.3,21,3,7,12.0,12.8,12.0,24.3,12.0,12.0,12.183333333333335,15.616666666666667,13.808333333333332
2026-07-30 22:00:00,12.0,22.6,95,938.1,18.6,265,0.8,22,3,7,12.0,12.0,12.3,15.3,12.0,12.0,12.183333333333335,14.591666666666669,13.808333333333332
2026-07-30 23:00:00,12.0,22.7,95,937.8,19.4,260,1.1,23,3,7,12.0,12.0,12.0,19.8,12.0,12.0,12.133333333333333,14.316666666666668,13.808333333333332
2026-07-31 00:00:00,12.0,23.0,96,937.5,20.0,262,1.8,0,4,7,12.0,12.0,12.8,12.5,12.0,12.0,12.133333333333333,13.666666666666666,13.808333333333332
2026-07-31 01:00:00,12.0,23.0,95,937.8,18.9,258,0.5,1,4,7,12.0,12.0,12.0,30.4,12.0,12.0,12.0,13.625,13.808333333333332
2026-07-31 02:00:00,12.0,23.3,95,938.7,17.0,257,0.9,2,4,7,12.0,12.0,12.0,12.0,12.0,12.0,12.0,12.091666666666669,13.808333333333332
2026-07-31 03:00:00,12.0,23.6,94,939.1,18.0,258,0.9,3,4,7,12.0,12.0,12.0,12.0,12.0,12.0,12.0,12.091666666666669,13.808333333333332
2026-07-31 04:00:00,12.0,24.0,94,939.4,18.8,258,0.7,4,4,7,12.0,12.0,12.0,12.3,12.0,12.0,12.0,12.091666666666669,13.808333333333332
2026-07-31 05:00:00,12.0,25.1,89,939.2,19.2,255,0.2,5,4,7,12.0,12.0,12.0,12.0,12.0,12.0,12.0,12.066666666666668,13.808333333333332
2026-07-31 06:00:00,12.0,24.2,90,939.6,17.9,260,0.2,6,4,7,12.0,12.0,12.0,12.8,12.0,12.0,12.0,12.066666666666668,13.808333333333332
2026-07-31 07:00:00,12.0,23.9,94,939.1,18.1,265,2.4,7,4,7,12.0,12.0,12.0,12.0,12.0,12.4,12.0,12.0,13.808333333333332
2026-07-31 08:00:00,12.0,24.2,94,938.5,20.8,264,3.1,8,4,7,12.0,12.0,12.0,12.0,12.0,22.7,12.0,12.0,13.808333333333332
2026-07-31 09:00:00,25.5,24.7,92,937.9,18.9,270,0.5,9,4,7,12.0,12.0,12.0,12.0,24.3,12.0,12.0,12.0,13.808333333333332
2026-07-31 10:00:00,19.7,24.1,89,937.6,18.5,259,0.6,10,4,7,25.5,12.0,12.0,12.0,15.3,12.0,14.25,13.125,13.858333333333333
2026-07-31 11:00:00,54.3,24.4,90,937.3,18.3,260,0.5,11,4,7,19.7,12.0,12.0,12.0,19.8,18.0,15.533333333333333,13.766666666666666,14.041666666666666
2026-07-31 12:00:00,34.2,24.0,90,938.0,19.0,260,0.6,12,4,7,54.3,25.5,12.0,12.0,12.5,40.4,22.583333333333332,17.291666666666668,15.479166666666666
2026-07-31 13:00:00,52.2,23.7,89,938.2,19.4,251,0.1,13,4,7,34.2,19.7,12.0,12.0,30.4,28.4,26.28333333333333,19.141666666666666,16.383333333333336
2026-07-31 14:00:00,48.2,23.8,89,938.9,17.9,248,0.1,14,4,7,52.2,54.3,12.0,12.0,12.0,33.1,32.983333333333334,22.491666666666664,17.291666666666668
2026-07-31 15:00:00,29.9,23.9,88,939.5,18.3,249,0.0,15,4,7,48.2,34.2,25.5,12.0,12.0,12.6,39.01666666666667,25.508333333333336,18.8
2026-07-31 16:00:00,52.8,23.5,91,940.2,16.3,249,0.0,16,4,7,29.9,52.2,19.7,12.0,12.3,12.0,39.75,27.0,19.54583333333333
2026-07-31 17:00:00,12.0,23.8,90,940.6,17.6,256,0.0,17,4,7,52.8,48.2,54.3,12.0,12.0,12.0,45.26666666666667,30.400000000000002,21.23333333333333
2026-07-31 18:00:00,12.0,23.4,90,939.9,16.8,253,0.0,18,4,7,12.0,29.9,34.2,12.0,12.8,21.3,38.21666666666667,30.400000000000002,21.233333333333334
2026-07-31 19:00:00,12.0,23.4,89,939.7,16.7,253,0.0,19,4,7,12.0,52.8,52.2,12.0,12.0,12.0,34.51666666666667,30.400000000000002,21.2
2026-07-31 20:00:00,12.0,23.1,90,939.4,17.7,253,0.1,20,4,7,12.0,12.0,48.2,12.0,12.0,12.0,27.816666666666666,30.400000000000002,21.2
2026-07-31 21:00:00,12.0,23.3,90,939.4,19.2,258,0.0,21,4,7,12.0,12.0,29.9,25.5,12.0,12.0,21.78333333333333,30.400000000000002,21.2
2026-07-31 22:00:00,12.0,23.0,90,939.5,17.8,261,0.1,22,4,7,12.0,12.0,52.8,19.7,12.0,12.0,18.799999999999997,29.275000000000002,21.2
2026-07-31 23:00:00,12.0,23.0,91,939.0,18.6,257,0.1,23,4,7,12.0,12.0,12.0,54.3,12.0,12.0,12.0,28.633333333333336,21.2
2026-08-01 00:00:00,12.0,23.3,90,939.5,18.8,260,0.0,0,5,8,12.0,12.0,12.0,34.2,12.0,12.0,12.0,25.108333333333334,21.2
2026-08-01 01:00:00,12.0,23.4,91,940.2,20.7,269,0.1,1,5,8,12.0,12.0,12.0,52.2,12.0,12.0,12.0,23.258333333333336,21.2
2026-08-01 02:00:00,12.0,23.7,89,940.7,20.9,252,0.2,2,5,8,12.0,12.0,12.0,48.2,12.0,12.0,12.0,19.908333333333335,21.2
2026-08-01 03:00:00,12.0,24.7,83,941.0,23.7,255,0.1,3,5,8,12.0,12.0,12.0,29.9,12.0,12.0,12.0,16.891666666666666,21.2
2026-08-01 04:00:00,12.0,25.5,79,941.6,25.2,255,0.1,4,5,8,12.0,12.0,12.0,52.8,12.0,12.0,12.0,15.399999999999999,21.2
2026-08-01 05:00:00,12.0,26.4,74,942.0,25.6,257,0.2,5,5,8,12.0,12.0,12.0,12.0,12.0,12.0,12.0,12.0,21.2
2026-08-01 06:00:00,12.0,27.1,72,942.2,26.4,255,0.4,6,5,8,12.0,12.0,12.0,12.0,12.0,12.0,12.0,12.0,21.2
2026-08-01 07:00:00,12.0,26.6,73,941.9,26.8,249,0.5,7,5,8,12.0,12.0,12.0,12.0,12.0,12.0,12.0,12.0,21.2
2026-08-01 08:00:00,25.2,26.3,76,941.5,25.0,258,0.7,8,5,8,12.0,12.0,12.0,12.0,12.0,12.0,12.0,12.0,21.2
2026-08-01 09:00:00,12.0,26.2,78,941.1,26.2,257,0.7,9,5,8,25.2,12.0,12.0,12.0,25.5,24.3,14.200000000000001,13.100000000000001,21.75
2026-08-01 10:00:00,12.0,26.0,78,940.8,25.6,253,0.2,10,5,8,12.0,12.0,12.0,12.0,19.7,15.3,14.200000000000001,13.100000000000001,21.1875
2026-08-01 11:00:00,20.5,25.5,81,940.6,22.1,251,0.1,11,5,8,12.0,25.2,12.0,12.0,54.3,19.8,14.200000000000001,13.100000000000001,20.866666666666664
2026-08-01 12:00:00,35.4,24.9,85,941.0,20.0,253,0.1,12,5,8,20.5,12.0,12.0,12.0,34.2,12.5,15.616666666666667,13.808333333333335,19.458333333333332
2026-08-01 13:00:00,29.3,24.3,87,941.4,17.5,250,0.1,13,5,8,35.4,12.0,12.0,12.0,52.2,30.4,19.516666666666666,15.758333333333335,19.508333333333333
2026-08-01 14:00:00,12.0,24.0,87,941.9,20.4,253,0.1,14,5,8,29.3,20.5,25.2,12.0,48.2,12.0,22.400000000000002,17.2,18.554166666666667
2026-08-01 15:00:00,33.2,23.2,86,942.8,20.0,257,0.0,15,5,8,12.0,35.4,12.0,12.0,29.9,12.0,20.2,17.2,17.045833333333334
2026-08-01 16:00:00,37.1,22.8,89,943.2,16.2,256,0.5,16,5,8,33.2,29.3,12.0,12.0,52.8,12.3,23.73333333333333,18.96666666666667,17.183333333333334
2026-08-01 17:00:00,33.7,23.1,91,943.4,15.7,252,0.2,17,5,8,37.1,12.0,20.5,12.0,12.0,12.0,27.916666666666668,21.058333333333334,16.529166666666665
2026-08-01 18:00:00,27.4,23.4,90,943.4,15.9,260,0.0,18,5,8,33.7,33.2,35.4,12.0,12.0,12.8,30.116666666666664,22.86666666666667,17.433333333333334
2026-08-01 19:00:00,12.0,23.3,92,943.1,15.7,257,0.0,19,5,8,27.4,37.1,29.3,12.0,12.0,12.0,28.783333333333335,24.150000000000002,18.075
2026-08-01 20:00:00,12.0,23.4,91,942.9,17.3,260,0.1,20,5,8,12.0,33.7,12.0,25.2,12.0,12.0,25.900000000000002,24.150000000000002,18.075
2026-08-01 21:00:00,12.0,23.5,89,942.7,19.1,254,0.1,21,5,8,12.0,27.4,33.2,12.0,12.0,12.0,25.900000000000002,23.05,18.075
2026-08-01 22:00:00,12.0,23.2,91,943.0,16.7,258,0.0,22,5,8,12.0,12.0,37.1,12.0,12.0,12.0,22.366666666666664,23.05,18.075
2026-08-01 23:00:00,12.0,23.0,90,943.0,15.9,264,0.0,23,5,8,12.0,12.0,33.7,20.5,12.0,12.0,18.183333333333334,23.05,18.075
2026-08-02 00:00:00,12.0,23.1,93,942.9,16.2,258,0.0,0,6,8,12.0,12.0,27.4,35.4,12.0,12.0,14.566666666666668,22.34166666666667,18.075
2026-08-02 01:00:00,12.0,23.2,92,943.0,15.9,261,0.0,1,6,8,12.0,12.0,12.0,29.3,12.0,12.0,12.0,20.391666666666666,18.075
2026-08-02 02:00:00,12.0,23.9,90,943.7,15.6,254,0.0,2,6,8,12.0,12.0,12.0,12.0,12.0,12.0,12.0,18.95,18.075
2026-08-02 03:00:00,12.0,24.5,86,944.4,18.1,257,0.1,3,6,8,12.0,12.0,12.0,33.2,12.0,12.0,12.0,18.95,18.075
2026-08-02 04:00:00,12.0,25.6,81,944.9,20.2,261,0.1,4,6,8,12.0,12.0,12.0,37.1,12.0,12.0,12.0,17.183333333333334,18.075
2026-08-02 05:00:00,12.0,26.2,79,945.2,21.0,257,0.1,5,6,8,12.0,12.0,12.0,33.7,12.0,12.0,12.0,15.091666666666667,18.075
2026-08-02 06:00:00,12.5,26.0,81,945.1,20.4,259,0.3,6,6,8,12.0,12.0,12.0,27.4,12.0,12.0,12.0,13.283333333333333,18.075
2026-08-02 07:00:00,12.4,25.8,79,945.4,22.4,262,0.2,7,6,8,12.5,12.0,12.0,12.0,12.0,12.0,12.083333333333334,12.041666666666666,18.095833333333335
2026-08-02 08:00:00,12.0,26.1,77,944.8,20.0,266,0.2,8,6,8,12.4,12.0,12.0,12.0,25.2,12.0,12.15,12.075000000000001,18.1125
2026-08-02 09:00:00,12.0,27.2,70,944.3,21.0,264,0.1,9,6,8,12.0,12.5,12.0,12.0,12.0,25.5,12.15,12.075000000000001,17.5625
2026-08-02 10:00:00,40.5,26.0,77,943.8,19.8,268,0.6,10,6,8,12.0,12.4,12.0,12.0,12.0,19.7,12.15,12.075000000000001,17.5625
2026-08-02 11:00:00,32.5,25.9,78,943.5,22.1,260,0.2,11,6,8,40.5,12.0,12.0,12.0,20.5,54.3,16.900000000000002,14.450000000000001,18.75
2026-08-02 12:00:00,30.2,25.4,83,943.3,17.9,261,0.3,12,6,8,32.5,12.0,12.5,12.0,35.4,34.2,20.316666666666666,16.158333333333335,19.25
2026-08-02 13:00:00,44.2,24.5,87,943.7,14.2,257,0.1,13,6,8,30.2,40.5,12.4,12.0,29.3,52.2,23.266666666666666,17.675,19.033333333333335
2026-08-02 14:00:00,37.7,24.2,87,944.1,17.5,255,0.0,14,6,8,44.2,32.5,12.0,12.0,12.0,48.2,28.566666666666663,20.358333333333334,19.654166666666665
2026-08-02 15:00:00,29.0,23.7,88,944.9,15.9,258,0.0,15,6,8,37.7,30.2,12.0,12.0,33.2,29.9,32.85,22.5,20.724999999999998
2026-08-02 16:00:00,45.9,23.8,88,945.5,14.0,257,0.0,16,6,8,29.0,44.2,40.5,12.0,37.1,52.8,35.68333333333333,23.916666666666668,20.55
2026-08-02 17:00:00,29.5,23.8,89,946.1,14.5,256,0.1,17,6,8,45.9,37.7,32.5,12.0,33.7,12.0,36.583333333333336,26.741666666666664,20.916666666666668
2026-08-02 18:00:00,25.3,23.9,90,945.5,14.1,255,0.0,18,6,8,29.5,29.0,30.2,12.5,27.4,12.0,36.083333333333336,28.2,20.741666666666664
2026-08-02 19:00:00,13.8,23.6,90,945.1,14.6,254,0.1,19,6,8,25.3,45.9,44.2,12.4,12.0,12.0,35.266666666666666,29.266666666666666,20.654166666666665
2026-08-02 20:00:00,12.0,23.6,89,944.8,14.5,253,0.0,20,6,8,13.8,29.5,37.7,12.0,12.0,12.0,30.2,29.383333333333336,20.729166666666668
2026-08-02 21:00:00,12.0,23.4,90,944.4,13.9,251,0.0,21,6,8,12.0,25.3,29.0,12.0,12.0,12.0,25.916666666666668,29.383333333333336,20.729166666666668
2026-08-02 22:00:00,12.0,23.4,89,944.2,15.1,253,0.0,22,6,8,12.0,13.8,45.9,40.5,12.0,12.0,23.083333333333332,29.383333333333336,20.729166666666668
2026-08-02 23:00:00,12.0,23.4,90,944.1,13.7,261,0.0,23,6,8,12.0,12.0,29.5,32.5,12.0,12.0,17.433333333333334,27.008333333333336,20.729166666666668
2026-08-03 00:00:00,12.0,23.5,91,943.9,15.9,257,0.1,0,0,8,12.0,12.0,25.3,30.2,12.0,12.0,14.516666666666666,25.3,20.729166666666668
2026-08-03 01:00:00,12.0,23.2,92,944.3,15.3,261,0.2,1,0,8,12.0,12.0,13.8,44.2,12.0,12.0,12.299999999999999,23.78333333333333,20.729166666666668
2026-08-03 02:00:00,12.0,23.7,91,945.2,13.2,264,0.3,2,0,8,12.0,12.0,12.0,37.7,12.0,12.0,12.0,21.099999999999998,20.729166666666668
2026-08-03 03:00:00,12.0,24.3,89,945.7,15.9,265,0.4,3,0,8,12.0,12.0,12.0,29.0,12.0,12.0,12.0,18.958333333333332,20.729166666666668
2026-08-03 04:00:00,12.0,25.4,81,946.5,19.9,266,0.1,4,0,8,12.0,12.0,12.0,45.9,12.0,12.0,12.0,17.541666666666668,20.729166666666668
2026-08-03 05:00:00,12.0,25.8,79,947.0,17.7,275,0.1,5,0,8,12.0,12.0,12.0,29.5,12.0,12.0,12.0,14.716666666666667,20.729166666666668
2026-08-03 06:00:00,12.0,24.7,85,946.8,14.5,264,0.3,6,0,8,12.0,12.0,12.0,25.3,12.5,12.0,12.0,13.258333333333333,20.729166666666668
2026-08-03 07:00:00,34.5,24.5,90,946.6,15.5,274,2.0,7,0,8,12.0,12.0,12.0,13.8,12.4,12.0,12.0,12.15,20.708333333333332
2026-08-03 08:00:00,49.8,24.2,91,946.4,15.9,260,2.1,8,0,8,34.5,12.0,12.0,12.0,12.0,25.2,15.75,13.875,21.629166666666666
2026-08-03 09:00:00,36.3,24.1,91,945.5,15.9,267,1.6,9,0,8,49.8,12.0,12.0,12.0,12.0,12.0,22.05,17.025000000000002,23.204166666666666
2026-08-03 10:00:00,56.4,24.4,88,945.1,15.5,269,1.1,10,0,8,36.3,34.5,12.0,12.0,40.5,12.0,26.099999999999998,19.05,24.21666666666667
2026-08-03 11:00:00,44.2,24.2,89,944.9,16.6,267,1.7,11,0,8,56.4,49.8,12.0,12.0,32.5,20.5,33.5,22.75,24.879166666666666
2026-08-03 12:00:00,48.9,25.4,80,944.6,18.4,269,1.2,12,0,8,44.2,36.3,12.0,12.0,30.2,35.4,38.86666666666667,25.433333333333334,25.36666666666667
2026-08-03 13:00:00,24.3,24.6,85,944.8,14.7,262,0.1,13,0,8,48.9,56.4,34.5,12.0,44.2,29.3,45.01666666666667,28.508333333333336,26.145833333333332
2026-08-03 14:00:00,37.6,23.9,88,945.6,12.7,259,0.0,14,0,8,24.3,44.2,49.8,12.0,37.7,12.0,43.31666666666666,29.53333333333333,25.316666666666666
2026-08-03 15:00:00,60.8,23.6,89,946.2,12.5,265,0.0,15,0,8,37.6,48.9,36.3,12.0,29.0,33.2,41.28333333333333,31.666666666666668,25.3125
2026-08-03 16:00:00,32.4,23.4,90,946.6,11.2,270,0.0,16,0,8,60.8,24.3,56.4,12.0,45.9,37.1,45.36666666666667,35.733333333333334,26.6375
2026-08-03 17:00:00,23.1,23.2,91,947.2,9.8,262,0.0,17,0,8,32.4,37.6,44.2,12.0,29.5,33.7,41.36666666666667,37.43333333333333,26.075000000000003
2026-08-03 18:00:00,35.5,23.5,89,946.7,11.4,258,0.0,18,0,8,23.1,60.8,48.9,12.0,25.3,27.4,37.85,38.358333333333334,25.808333333333334
2026-08-03 19:00:00,12.0,23.4,90,946.4,9.2,258,0.1,19,0,8,35.5,32.4,24.3,34.5,13.8,12.0,35.61666666666667,40.31666666666667,26.23333333333333
2026-08-03 20:00:00,35.5,23.5,90,946.2,11.3,256,0.0,20,0,8,12.0,23.1,37.6,49.8,12.0,12.0,33.56666666666666,38.44166666666667,26.15833333333333
2026-08-03 21:00:00,12.0,23.3,91,945.9,11.7,257,0.1,21,0,8,35.5,35.5,60.8,36.3,12.0,12.0,33.21666666666667,37.25,27.1375
2026-08-03 22:00:00,12.0,23.1,90,945.6,11.9,260,0.0,22,0,8,12.0,12.0,32.4,56.4,12.0,12.0,25.083333333333332,35.225,27.1375
2026-08-03 23:00:00,12.0,23.0,90,945.8,11.8,258,0.0,23,0,8,12.0,35.5,23.1,44.2,12.0,12.0,21.683333333333337,31.525000000000002,27.1375
2026-08-04 00:00:00,12.0,23.2,93,945.5,12.6,267,0.0,0,1,8,12.0,12.0,35.5,48.9,12.0,12.0,19.833333333333332,28.84166666666667,27.1375
2026-08-04 01:00:00,12.0,23.2,92,945.9,10.8,260,0.1,1,1,8,12.0,12.0,12.0,24.3,12.0,12.0,15.916666666666666,25.76666666666667,27.1375
2026-08-04 02:00:00,12.0,23.6,90,946.4,12.2,253,0.1,2,1,8,12.0,12.0,35.5,37.6,12.0,12.0,15.916666666666666,24.74166666666667,27.1375
2026-08-04 03:00:00,12.0,24.3,86,946.9,16.9,267,0.1,3,1,8,12.0,12.0,12.0,60.8,12.0,12.0,12.0,22.608333333333334,27.1375
2026-08-04 04:00:00,14.6,25.4,81,947.5,16.4,268,0.2,4,1,8,12.0,12.0,12.0,32.4,12.0,12.0,12.0,18.541666666666668,27.1375
2026-08-04 05:00:00,12.0,26.6,75,947.6,17.8,270,0.2,5,1,8,14.6,12.0,12.0,23.1,12.0,12.0,12.433333333333332,17.058333333333334,27.245833333333334
2026-08-04 06:00:00,12.0,27.7,68,947.6,17.6,271,0.1,6,1,8,12.0,12.0,12.0,35.5,12.0,12.5,12.433333333333332,16.133333333333336,27.245833333333334
2026-08-04 07:00:00,33.8,27.2,72,947.2,18.4,275,0.5,7,1,8,12.0,14.6,12.0,12.0,34.5,12.4,12.433333333333332,14.175000000000002,27.245833333333334
2026-08-04 08:00:00,32.1,27.8,69,946.7,16.0,269,0.0,8,1,8,33.8,12.0,12.0,35.5,49.8,12.0,16.066666666666666,15.991666666666667,27.21666666666667
2026-08-04 09:00:00,38.2,27.8,69,946.0,17.5,268,0.2,9,1,8,32.1,12.0,12.0,12.0,36.3,12.0,19.416666666666668,15.708333333333334,26.479166666666668
2026-08-04 10:00:00,30.1,27.4,69,945.4,18.0,277,0.1,10,1,8,38.2,33.8,14.6,12.0,56.4,40.5,23.78333333333333,17.891666666666666,26.558333333333334
2026-08-04 11:00:00,34.7,25.8,79,944.7,16.3,276,0.2,11,1,8,30.1,32.1,12.0,12.0,44.2,32.5,26.36666666666667,19.4,25.462500000000002
2026-08-04 12:00:00,35.6,25.4,80,944.9,16.3,278,0.0,12,1,8,34.7,38.2,12.0,12.0,48.9,30.2,30.150000000000002,21.291666666666668,25.066666666666663
2026-08-04 13:00:00,53.8,24.6,83,945.0,14.4,270,0.1,13,1,8,35.6,30.1,33.8,12.0,24.3,44.2,34.083333333333336,23.258333333333336,24.5125
2026-08-04 14:00:00,54.0,24.0,87,945.9,11.6,264,0.0,14,1,8,53.8,34.7,32.1,12.0,37.6,37.7,37.416666666666664,26.741666666666664,25.74166666666667
2026-08-04 15:00:00,81.8,23.7,88,946.3,11.3,257,0.0,15,1,8,54.0,35.6,38.2,12.0,60.8,29.0,41.06666666666667,30.241666666666664,26.425
2026-08-04 16:00:00,12.0,23.6,89,946.8,11.2,258,0.0,16,1,8,81.8,53.8,30.1,14.6,32.4,45.9,48.333333333333336,36.05833333333333,27.3
2026-08-04 17:00:00,47.0,23.5,89,947.2,10.6,260,0.0,17,1,8,12.0,54.0,34.7,12.0,23.1,29.5,45.31666666666667,35.84166666666667,26.45
2026-08-04 18:00:00,25.0,23.6,89,946.4,11.7,256,0.0,18,1,8,47.0,81.8,35.6,12.0,35.5,25.3,47.36666666666667,38.75833333333333,27.445833333333336
2026-08-04 19:00:00,12.0,23.4,89,945.9,11.1,256,0.0,19,1,8,25.0,12.0,53.8,33.8,12.0,13.8,45.599999999999994,39.84166666666667,27.008333333333336
2026-08-04 20:00:00,33.3,23.5,89,945.3,11.9,255,0.0,20,1,8,12.0,47.0,54.0,32.1,35.5,12.0,38.63333333333333,38.025,27.008333333333336
2026-08-04 21:00:00,12.0,23.2,90,944.8,11.9,255,0.0,21,1,8,33.3,25.0,81.8,38.2,12.0,12.0,35.18333333333333,38.125,26.916666666666668
2026-08-04 22:00:00,21.0,23.2,89,944.6,12.6,256,0.0,22,1,8,12.0,12.0,12.0,30.1,12.0,12.0,23.55,35.94166666666667,26.916666666666668
2026-08-04 23:00:00,12.0,23.1,90,944.7,11.0,251,0.1,23,1,8,21.0,33.3,47.0,34.7,12.0,12.0,25.05,35.18333333333333,27.291666666666668
2026-08-05 00:00:00,12.0,23.0,94,944.3,13.7,260,0.0,0,2,8,12.0,12.0,25.0,35.6,12.0,12.0,19.216666666666665,33.291666666666664,27.291666666666668
2026-08-05 01:00:00,12.0,22.9,94,944.4,13.5,260,0.6,1,2,8,12.0,21.0,12.0,53.8,12.0,12.0,17.05,31.325,27.291666666666668
2026-08-05 02:00:00,12.0,23.2,93,945.1,14.6,256,0.3,2,2,8,12.0,12.0,33.3,54.0,12.0,12.0,17.05,27.84166666666667,27.291666666666668
2026-08-05 03:00:00,15.6,23.7,92,945.6,13.4,266,0.4,3,2,8,12.0,12.0,12.0,81.8,12.0,12.0,13.5,24.34166666666667,27.291666666666668
2026-08-05 04:00:00,30.1,23.6,92,945.9,12.0,261,0.5,4,2,8,15.6,12.0,21.0,12.0,14.6,12.0,14.1,18.825,27.441666666666666
2026-08-05 05:00:00,12.0,25.8,82,946.1,15.2,263,0.2,5,2,8,30.1,12.0,12.0,47.0,12.0,12.0,15.616666666666667,20.333333333333332,28.087500000000002
2026-08-05 06:00:00,12.0,26.2,76,945.9,17.5,266,0.0,6,2,8,12.0,15.6,12.0,25.0,12.0,12.0,15.616666666666667,17.416666666666668,28.087500000000002
2026-08-05 07:00:00,20.9,25.5,83,945.3,17.7,253,1.3,7,2,8,12.0,30.1,12.0,12.0,33.8,34.5,15.616666666666667,16.333333333333332,28.087500000000002
2026-08-05 08:00:00,13.6,26.9,71,944.7,17.7,264,0.1,8,2,8,20.9,12.0,12.0,33.3,32.1,49.8,17.099999999999998,17.075,27.549999999999997
2026-08-05 09:00:00,25.9,25.4,83,944.2,19.7,257,1.1,9,2,8,13.6,12.0,15.6,12.0,38.2,36.3,17.366666666666667,15.433333333333335,26.77916666666667
2026-08-05 10:00:00,14.9,25.4,80,943.3,18.2,268,0.4,10,2,8,25.9,20.9,30.1,21.0,30.1,56.4,19.083333333333332,16.591666666666665,26.266666666666666
2026-08-05 11:00:00,44.6,25.6,78,943.0,18.8,267,0.3,11,2,8,14.9,13.6,12.0,12.0,34.7,44.2,16.55,16.083333333333336,25.63333333333333
2026-08-05 12:00:00,47.3,25.0,82,943.5,15.3,258,0.6,12,2,8,44.6,25.9,12.0,12.0,35.6,48.9,21.983333333333334,18.8,26.045833333333334
2026-08-05 13:00:00,40.9,24.6,83,943.7,14.5,256,0.0,13,2,8,47.3,14.9,20.9,12.0,53.8,24.3,27.866666666666664,21.74166666666667,26.533333333333335
2026-08-05 14:00:00,60.7,23.9,88,944.3,11.8,261,0.0,14,2,8,40.9,44.6,13.6,12.0,54.0,37.6,31.2,24.150000000000002,25.995833333333334
2026-08-05 15:00:00,45.6,23.5,89,944.9,11.2,255,0.0,15,2,8,60.7,47.3,25.9,15.6,81.8,60.8,39.050000000000004,28.208333333333332,26.274999999999995
2026-08-05 16:00:00,41.4,23.4,90,945.3,10.1,254,0.0,16,2,8,45.6,40.9,14.9,30.1,12.0,32.4,42.333333333333336,30.708333333333332,24.766666666666666
2026-08-05 17:00:00,28.8,23.5,90,945.4,11.4,251,0.0,17,2,8,41.4,60.7,44.6,12.0,47.0,23.1,46.75,31.649999999999995,25.991666666666664
2026-08-05 18:00:00,21.6,23.4,90,944.7,11.3,250,0.0,18,2,8,28.8,45.6,47.3,12.0,25.0,35.5,44.11666666666667,33.05,25.233333333333334
2026-08-05 19:00:00,16.2,23.3,90,944.5,10.7,254,0.0,19,2,8,21.6,41.4,40.9,20.9,12.0,12.0,39.833333333333336,33.85,25.09166666666667
2026-08-05 20:00:00,27.9,23.2,91,943.9,9.9,255,0.0,20,2,8,16.2,28.8,60.7,13.6,33.3,35.5,35.71666666666667,33.458333333333336,25.266666666666666
2026-08-05 21:00:00,21.2,23.2,90,943.5,11.8,257,0.0,21,2,8,27.9,21.6,45.6,25.9,12.0,12.0,30.25,34.65,25.041666666666668
2026-08-05 22:00:00,12.0,23.0,91,943.2,11.8,261,0.0,22,2,8,21.2,16.2,41.4,14.9,21.0,12.0,26.183333333333334,34.25833333333333,25.425
2026-08-05 23:00:00,12.0,22.9,91,943.5,10.9,251,0.0,23,2,8,12.0,27.9,28.8,44.6,12.0,12.0,21.283333333333335,34.016666666666666,25.05
2026-08-06 00:00:00,12.0,23.2,91,943.2,12.5,259,0.2,0,3,8,12.0,21.2,21.6,47.3,12.0,12.0,18.483333333333334,31.299999999999997,25.05
2026-08-06 01:00:00,12.0,23.3,91,943.6,12.4,261,0.1,1,3,8,12.0,12.0,16.2,40.9,12.0,12.0,16.883333333333333,28.35833333333333,25.05
2026-08-06 02:00:00,12.0,23.4,91,944.3,9.3,255,0.0,2,3,8,12.0,12.0,27.9,60.7,12.0,12.0,16.183333333333334,25.95,25.05
2026-08-06 03:00:00,12.0,24.6,86,944.5,14.7,259,0.2,3,3,8,12.0,12.0,21.2,45.6,15.6,12.0,13.533333333333333,21.891666666666666,25.05
2026-08-06 04:00:00,12.0,25.9,80,944.9,17.2,263,0.1,4,3,8,12.0,12.0,12.0,41.4,30.1,14.6,12.0,19.091666666666665,24.900000000000002
2026-08-06 05:00:00,12.0,24.8,90,944.8,17.2,260,4.7,5,3,8,12.0,12.0,12.0,28.8,12.0,12.0,12.0,16.641666666666666,24.145833333333332
2026-08-06 06:00:00,12.0,26.2,77,945.0,20.5,260,0.2,6,3,8,12.0,12.0,12.0,21.6,12.0,12.0,12.0,15.241666666666667,24.145833333333332
2026-08-06 07:00:00,28.7,26.9,72,944.7,20.2,268,0.5,7,3,8,12.0,12.0,12.0,16.2,20.9,33.8,12.0,14.441666666666668,24.145833333333332
2026-08-06 08:00:00,12.0,25.8,80,944.4,21.4,270,1.7,8,3,8,28.7,12.0,12.0,27.9,13.6,32.1,14.783333333333331,15.483333333333333,24.470833333333335
2026-08-06 09:00:00,12.0,26.5,74,943.8,22.8,276,0.5,9,3,8,12.0,12.0,12.0,21.2,25.9,38.2,14.783333333333331,14.158333333333331,24.40416666666667
2026-08-06 10:00:00,23.9,26.7,74,943.4,22.7,274,0.1,10,3,8,12.0,28.7,12.0,12.0,14.9,30.1,14.783333333333331,13.391666666666666,23.825000000000003
2026-08-06 11:00:00,44.1,26.2,76,943.0,21.8,270,0.0,11,3,8,23.9,12.0,12.0,12.0,44.6,34.7,16.766666666666666,14.383333333333333,24.200000000000003
2026-08-06 12:00:00,12.0,25.5,79,943.5,19.1,266,0.0,12,3,8,44.1,12.0,12.0,12.0,47.3,35.6,22.116666666666664,17.058333333333334,24.17916666666667
2026-08-06 13:00:00,42.1,24.1,86,943.6,17.9,265,0.0,13,3,8,12.0,23.9,28.7,12.0,40.9,53.8,22.116666666666664,17.058333333333334,22.708333333333332
2026-08-06 14:00:00,35.7,23.8,87,944.2,17.7,261,0.0,14,3,8,42.1,44.1,12.0,12.0,60.7,54.0,24.350000000000005,19.566666666666666,22.75833333333333
2026-08-06 15:00:00,40.8,23.3,89,944.8,15.7,261,0.0,15,3,8,35.7,12.0,12.0,12.0,45.6,81.8,28.3,21.541666666666668,21.71666666666667
2026-08-06 16:00:00,12.0,23.3,89,945.2,16.6,261,0.0,16,3,8,40.8,42.1,23.9,12.0,41.4,12.0,33.1,23.941666666666666,21.516666666666666
2026-08-06 17:00:00,12.0,23.2,90,945.1,18.2,263,0.0,17,3,8,12.0,35.7,44.1,12.0,28.8,47.0,31.116666666666664,23.941666666666666,20.291666666666668
2026-08-06 18:00:00,12.0,23.5,89,944.8,18.0,263,0.0,18,3,8,12.0,40.8,12.0,12.0,21.6,25.0,25.76666666666667,23.941666666666666,19.591666666666665
2026-08-06 19:00:00,12.0,23.1,91,944.2,17.6,262,0.1,19,3,8,12.0,12.0,42.1,28.7,16.2,12.0,25.76666666666667,23.941666666666666,19.191666666666666
2026-08-06 20:00:00,12.0,23.0,90,943.9,19.9,261,0.0,20,3,8,12.0,12.0,35.7,12.0,27.9,33.3,20.75,22.55,19.01666666666667
2026-08-06 21:00:00,12.0,22.9,90,943.7,18.3,263,0.0,21,3,8,12.0,12.0,40.8,12.0,21.2,12.0,16.8,22.55,18.354166666666668
2026-08-06 22:00:00,12.0,22.6,90,943.5,18.4,267,0.0,22,3,8,12.0,12.0,12.0,23.9,12.0,21.0,12.0,22.55,17.970833333333335
2026-08-06 23:00:00,12.0,22.5,91,943.6,17.3,266,0.0,23,3,8,12.0,12.0,12.0,44.1,12.0,12.0,12.0,21.558333333333334,17.970833333333335
2026-08-07 00:00:00,12.0,22.7,91,943.5,18.1,264,0.0,0,4,8,12.0,12.0,12.0,12.0,12.0,12.0,12.0,18.883333333333336,17.970833333333335
2026-08-07 01:00:00,12.0,23.1,90,944.0,16.6,265,0.0,1,4,8,12.0,12.0,12.0,42.1,12.0,12.0,12.0,18.883333333333336,17.970833333333335
2026-08-07 02:00:00,12.0,23.4,88,944.6,15.5,260,0.0,2,4,8,12.0,12.0,12.0,35.7,12.0,12.0,12.0,16.375,17.970833333333335
2026-08-07 03:00:00,12.0,24.6,82,945.0,21.1,269,0.0,3,4,8,12.0,12.0,12.0,40.8,12.0,15.6,12.0,14.4,17.970833333333335
2026-08-07 04:00:00,12.0,25.3,80,945.3,22.1,271,0.2,4,4,8,12.0,12.0,12.0,12.0,12.0,30.1,12.0,12.0,17.970833333333335
2026-08-07 05:00:00,12.0,25.8,78,945.5,22.5,278,0.6,5,4,8,12.0,12.0,12.0,12.0,12.0,12.0,12.0,12.0,17.970833333333335
2026-08-07 06:00:00,12.0,26.0,76,945.5,24.0,273,0.3,6,4,8,12.0,12.0,12.0,12.0,12.0,12.0,12.0,12.0,17.970833333333335
2026-08-07 07:00:00,12.0,26.9,73,945.1,22.6,275,0.3,7,4,8,12.0,12.0,12.0,12.0,28.7,20.9,12.0,12.0,17.970833333333335
2026-08-07 08:00:00,12.0,26.9,73,944.9,22.8,279,0.1,8,4,8,12.0,12.0,12.0,12.0,12.0,13.6,12.0,12.0,17.275000000000002
2026-08-07 09:00:00,19.8,27.4,69,944.1,22.3,273,0.1,9,4,8,12.0,12.0,12.0,12.0,12.0,25.9,12.0,12.0,17.275000000000002
2026-08-07 10:00:00,45.7,26.6,75,943.6,22.1,277,0.1,10,4,8,19.8,12.0,12.0,12.0,23.9,14.9,13.299999999999999,12.649999999999999,17.6
2026-08-07 11:00:00,46.0,26.4,74,943.1,22.1,279,0.1,11,4,8,45.7,12.0,12.0,12.0,44.1,44.6,18.916666666666668,15.458333333333334,18.508333333333333
2026-08-07 12:00:00,14.5,25.7,77,943.4,19.3,275,0.0,12,4,8,46.0,19.8,12.0,12.0,12.0,47.3,24.583333333333332,18.291666666666668,18.587500000000002
2026-08-07 13:00:00,30.0,24.5,84,943.5,16.6,266,0.0,13,4,8,14.5,45.7,12.0,12.0,42.1,40.9,25.0,18.5,18.691666666666666
2026-08-07 14:00:00,34.7,23.7,88,944.1,14.2,271,0.0,14,4,8,30.0,46.0,12.0,12.0,35.7,60.7,28.0,20.0,18.1875
2026-08-07 15:00:00,43.5,23.5,89,944.7,12.6,271,0.0,15,4,8,34.7,14.5,19.8,12.0,40.8,45.6,31.78333333333333,21.89166666666667,18.145833333333332
2026-08-07 16:00:00,48.3,23.5,89,945.2,12.4,268,0.0,16,4,8,43.5,30.0,45.7,12.0,12.0,41.4,35.73333333333333,24.51666666666667,18.258333333333333
2026-08-07 17:00:00,13.9,23.7,89,945.4,13.7,268,0.0,17,4,8,48.3,34.7,46.0,12.0,12.0,28.8,36.166666666666664,27.541666666666668,19.770833333333332
2026-08-07 18:00:00,18.7,23.1,89,945.1,14.4,269,0.0,18,4,8,13.9,43.5,14.5,12.0,12.0,21.6,30.816666666666666,27.700000000000003,19.849999999999998
2026-08-07 19:00:00,19.9,23.0,90,944.8,13.2,265,0.0,19,4,8,18.7,48.3,30.0,12.0,12.0,16.2,31.516666666666666,28.258333333333336,20.129166666666666
2026-08-07 20:00:00,17.7,23.1,90,944.5,13.5,260,0.0,20,4,8,19.9,13.9,34.7,12.0,12.0,27.9,29.833333333333332,28.916666666666668,20.458333333333332
2026-08-07 21:00:00,12.0,22.9,90,943.8,14.8,261,0.0,21,4,8,17.7,18.7,43.5,19.8,12.0,21.2,27.0,29.391666666666666,20.695833333333333
2026-08-07 22:00:00,12.0,22.6,92,943.3,14.6,269,0.0,22,4,8,12.0,19.9,48.3,45.7,12.0,12.0,21.75,28.741666666666664,20.695833333333333
2026-08-07 23:00:00,12.0,22.6,92,943.2,13.5,267,0.0,23,4,8,12.0,17.7,13.9,46.0,12.0,12.0,15.700000000000001,25.933333333333334,20.695833333333333
2026-08-08 00:00:00,12.0,23.2,91,943.4,15.1,267,0.0,0,5,8,12.0,12.0,18.7,14.5,12.0,12.0,15.383333333333333,23.099999999999998,20.695833333333333
2026-08-08 01:00:00,12.0,23.4,89,944.0,14.0,271,0.1,1,5,8,12.0,12.0,19.9,30.0,12.0,12.0,14.266666666666666,22.891666666666666,20.695833333333333
2026-08-08 02:00:00,12.0,23.4,90,944.8,15.2,274,0.1,2,5,8,12.0,12.0,17.7,34.7,12.0,12.0,12.950000000000001,21.391666666666666,20.695833333333333
2026-08-08 03:00:00,12.0,24.5,83,945.2,19.1,272,0.1,3,5,8,12.0,12.0,12.0,43.5,12.0,12.0,12.0,19.5,20.695833333333333
2026-08-08 04:00:00,12.0,25.1,81,945.6,18.7,273,0.3,4,5,8,12.0,12.0,12.0,48.3,12.0,12.0,12.0,16.875,20.695833333333333
2026-08-08 05:00:00,12.0,26.4,73,945.7,20.4,273,0.0,5,5,8,12.0,12.0,12.0,13.9,12.0,12.0,12.0,13.85,20.695833333333333
2026-08-08 06:00:00,12.0,26.8,72,945.9,20.7,273,0.1,6,5,8,12.0,12.0,12.0,18.7,12.0,12.0,12.0,13.691666666666668,20.695833333333333
2026-08-08 07:00:00,12.0,26.8,73,945.6,20.0,272,0.4,7,5,8,12.0,12.0,12.0,19.9,12.0,28.7,12.0,13.133333333333333,20.695833333333333
2026-08-08 08:00:00,12.0,26.7,74,945.3,21.2,280,0.4,8,5,8,12.0,12.0,12.0,17.7,12.0,12.0,12.0,12.475,20.695833333333333
2026-08-08 09:00:00,26.1,27.1,70,944.6,21.4,271,0.1,9,5,8,12.0,12.0,12.0,12.0,19.8,12.0,12.0,12.0,20.695833333333333
2026-08-08 10:00:00,12.0,27.0,68,943.9,21.1,277,0.2,10,5,8,26.1,12.0,12.0,12.0,45.7,23.9,14.35,13.174999999999999,20.958333333333332
2026-08-08 11:00:00,14.3,26.5,71,943.6,19.9,276,0.2,11,5,8,12.0,12.0,12.0,12.0,46.0,44.1,14.35,13.174999999999999,19.554166666666667
2026-08-08 12:00:00,69.0,25.7,77,944.2,16.4,273,0.2,12,5,8,14.3,26.1,12.0,12.0,14.5,12.0,14.733333333333334,13.366666666666667,18.23333333333333
2026-08-08 13:00:00,41.0,24.6,82,944.1,17.0,276,0.0,13,5,8,69.0,12.0,12.0,12.0,30.0,42.1,24.233333333333334,18.116666666666667,20.504166666666666
2026-08-08 14:00:00,37.2,23.6,87,944.6,14.1,266,0.0,14,5,8,41.0,14.3,12.0,12.0,34.7,35.7,29.066666666666666,20.533333333333335,20.962500000000002
2026-08-08 15:00:00,48.4,23.1,90,945.4,12.3,262,0.0,15,5,8,37.2,69.0,26.1,12.0,43.5,40.8,33.26666666666667,22.633333333333336,21.066666666666666
2026-08-08 16:00:00,41.6,23.2,90,946.2,11.7,266,0.0,16,5,8,48.4,41.0,12.0,12.0,48.3,12.0,36.983333333333334,25.666666666666668,21.270833333333332
2026-08-08 17:00:00,39.6,23.2,92,946.4,11.9,264,0.0,17,5,8,41.6,37.2,14.3,12.0,13.9,12.0,41.916666666666664,28.133333333333336,20.991666666666667
2026-08-08 18:00:00,28.6,23.5,89,946.3,13.4,264,0.0,18,5,8,39.6,48.4,69.0,12.0,18.7,12.0,46.13333333333333,30.433333333333334,22.0625
2026-08-08 19:00:00,12.0,23.1,91,946.0,13.1,262,0.0,19,5,8,28.6,41.6,41.0,12.0,19.9,12.0,39.4,31.816666666666666,22.475000000000005
2026-08-08 20:00:00,12.0,23.1,90,945.4,14.3,266,0.0,20,5,8,12.0,39.6,37.2,12.0,17.7,12.0,34.56666666666667,31.816666666666666,22.145833333333332
2026-08-08 21:00:00,12.0,23.2,90,945.1,15.8,263,0.0,21,5,8,12.0,28.6,48.4,26.1,12.0,12.0,30.366666666666664,31.816666666666666,21.90833333333333
2026-08-08 22:00:00,12.0,22.9,90,944.7,16.2,269,0.0,22,5,8,12.0,12.0,41.6,12.0,12.0,12.0,24.3,30.641666666666666,21.90833333333333
2026-08-08 23:00:00,12.0,23.0,90,944.6,14.2,269,0.0,23,5,8,12.0,12.0,39.6,14.3,12.0,12.0,19.366666666666667,30.641666666666666,21.90833333333333
2026-08-09 00:00:00,12.0,23.0,90,944.6,15.5,267,0.0,0,6,8,12.0,12.0,28.6,69.0,12.0,12.0,14.766666666666666,30.450000000000003,21.90833333333333
2026-08-09 01:00:00,12.0,23.1,90,945.1,14.2,268,0.0,1,6,8,12.0,12.0,12.0,41.0,12.0,12.0,12.0,25.7,21.90833333333333
2026-08-09 02:00:00,13.6,23.2,90,945.9,12.5,266,0.0,2,6,8,12.0,12.0,12.0,37.2,12.0,12.0,12.0,23.28333333333333,21.90833333333333
2026-08-09 03:00:00,12.0,24.0,88,946.4,15.2,274,0.1,3,6,8,13.6,12.0,12.0,48.4,12.0,12.0,12.266666666666666,21.316666666666666,21.974999999999998
2026-08-09 04:00:00,12.0,25.1,81,946.9,17.9,276,0.2,4,6,8,12.0,12.0,12.0,41.6,12.0,12.0,12.266666666666666,18.283333333333335,21.974999999999998
2026-08-09 05:00:00,12.0,26.2,76,947.3,19.3,272,0.1,5,6,8,12.0,13.6,12.0,39.6,12.0,12.0,12.266666666666666,15.816666666666668,21.974999999999998
2026-08-09 06:00:00,12.0,27.0,70,946.9,18.7,277,0.2,6,6,8,12.0,12.0,12.0,28.6,12.0,12.0,12.266666666666666,13.516666666666666,21.974999999999998
2026-08-09 07:00:00,12.0,27.5,68,946.4,20.7,273,0.1,7,6,8,12.0,12.0,12.0,12.0,12.0,12.0,12.266666666666666,12.133333333333333,21.974999999999998
2026-08-09 08:00:00,21.6,27.6,68,945.9,20.4,275,0.1,8,6,8,12.0,12.0,13.6,12.0,12.0,12.0,12.266666666666666,12.133333333333333,21.974999999999998
2026-08-09 09:00:00,21.3,27.9,66,945.2,19.7,276,0.2,9,6,8,21.6,12.0,12.0,12.0,26.1,19.8,13.6,12.933333333333332,22.375
2026-08-09 10:00:00,23.4,27.3,69,944.9,19.5,275,0.2,10,6,8,21.3,12.0,12.0,12.0,12.0,45.7,15.15,13.708333333333334,22.175
2026-08-09 11:00:00,12.0,26.2,75,944.6,19.7,275,0.1,11,6,8,23.4,21.6,12.0,12.0,14.3,46.0,17.05,14.658333333333333,22.650000000000002
2026-08-09 12:00:00,35.1,26.0,76,945.0,16.8,275,0.0,12,6,8,12.0,21.3,12.0,12.0,69.0,14.5,17.05,14.658333333333333,22.55416666666667
2026-08-09 13:00:00,47.9,24.9,81,944.8,14.2,279,0.0,13,6,8,35.1,23.4,12.0,12.0,41.0,30.0,20.900000000000002,16.583333333333332,21.14166666666667
2026-08-09 14:00:00,65.5,24.0,85,945.3,13.5,268,0.0,14,6,8,47.9,12.0,21.6,13.6,37.2,34.7,26.883333333333336,19.575,21.429166666666664
2026-08-09 15:00:00,49.3,23.4,88,945.9,13.3,260,0.0,15,6,8,65.5,35.1,21.3,12.0,48.4,43.5,34.2,23.900000000000002,22.608333333333334
2026-08-09 16:00:00,27.1,23.4,88,946.5,11.9,260,0.0,16,6,8,49.3,47.9,23.4,12.0,41.6,48.3,38.86666666666667,27.008333333333336,22.645833333333332
2026-08-09 17:00:00,40.2,23.4,89,947.0,10.9,261,0.0,17,6,8,27.1,65.5,12.0,12.0,39.6,13.9,39.483333333333334,28.266666666666666,22.041666666666668
2026-08-09 18:00:00,15.8,23.1,88,946.3,11.6,257,0.0,18,6,8,40.2,49.3,35.1,12.0,28.6,18.7,44.18333333333334,30.61666666666667,22.066666666666666
2026-08-09 19:00:00,17.6,23.0,88,946.0,11.6,257,0.0,19,6,8,15.8,27.1,47.9,12.0,12.0,19.9,40.96666666666667,30.933333333333334,21.53333333333333
2026-08-09 20:00:00,20.7,23.0,88,945.8,11.5,261,0.0,20,6,8,17.6,40.2,65.5,21.6,12.0,17.7,35.916666666666664,31.400000000000002,21.766666666666666
2026-08-09 21:00:00,12.0,22.9,89,945.3,10.8,259,0.0,21,6,8,20.7,15.8,49.3,21.3,12.0,12.0,28.45,31.325,22.129166666666666
2026-08-09 22:00:00,12.0,22.8,91,945.0,10.4,259,0.0,22,6,8,12.0,17.6,27.1,23.4,12.0,12.0,22.233333333333334,30.549999999999997,22.129166666666666
2026-08-09 23:00:00,12.8,22.9,91,944.6,9.9,261,0.0,23,6,8,12.0,20.7,40.2,12.0,12.0,12.0,19.71666666666667,29.599999999999998,22.129166666666666
2026-08-10 00:00:00,12.0,22.9,89,944.6,12.5,264,0.0,0,0,8,12.8,12.0,15.8,35.1,12.0,12.0,15.149999999999999,29.666666666666668,22.162499999999998
2026-08-10 01:00:00,12.0,22.6,90,944.8,11.5,261,0.0,1,0,8,12.0,12.0,17.6,47.9,12.0,12.0,14.516666666666666,27.741666666666664,22.162499999999998
2026-08-10 02:00:00,12.0,23.5,87,945.3,11.0,259,0.0,2,0,8,12.0,12.8,20.7,65.5,13.6,12.0,13.583333333333334,24.75,22.162499999999998
2026-08-10 03:00:00,12.0,24.3,84,945.7,15.8,262,0.0,3,0,8,12.0,12.0,12.0,49.3,12.0,12.0,12.133333333333333,20.291666666666668,22.09583333333333
2026-08-10 04:00:00,12.0,25.3,78,946.4,16.8,266,0.0,4,0,8,12.0,12.0,12.0,27.1,12.0,12.0,12.133333333333333,17.183333333333334,22.09583333333333
2026-08-10 05:00:00,12.0,26.2,74,946.2,19.5,266,0.1,5,0,8,12.0,12.0,12.8,40.2,12.0,12.0,12.133333333333333,15.924999999999999,22.09583333333333
2026-08-10 06:00:00,12.0,27.4,68,946.1,18.9,271,0.2,6,0,8,12.0,12.0,12.0,15.8,12.0,12.0,12.0,13.575000000000001,22.09583333333333
2026-08-10 07:00:00,12.0,26.7,73,945.6,19.9,275,1.0,7,0,8,12.0,12.0,12.0,17.6,12.0,12.0,12.0,13.258333333333333,22.09583333333333
2026-08-10 08:00:00,36.0,26.1,78,945.4,17.3,272,0.4,8,0,8,12.0,12.0,12.0,20.7,21.6,12.0,12.0,12.791666666666666,22.09583333333333
2026-08-10 09:00:00,12.0,24.9,80,944.6,23.8,275,1.0,9,0,8,36.0,12.0,12.0,12.0,21.3,26.1,16.0,14.066666666666668,22.695833333333336
2026-08-10 10:00:00,21.8,25.8,75,944.1,20.8,274,1.5,10,0,8,12.0,12.0,12.0,12.0,23.4,12.0,16.0,14.066666666666668,22.308333333333334
2026-08-10 11:00:00,29.2,26.0,74,943.7,19.5,281,0.3,11,0,8,21.8,36.0,12.0,12.8,12.0,14.3,17.633333333333333,14.883333333333335,22.241666666666664
2026-08-10 12:00:00,40.0,25.3,76,943.9,15.6,278,0.1,12,0,8,29.2,12.0,12.0,12.0,35.1,69.0,20.5,16.25,22.958333333333332
2026-08-10 13:00:00,55.5,24.1,82,944.1,15.8,277,0.0,13,0,8,40.0,21.8,12.0,12.0,47.9,41.0,25.166666666666668,18.583333333333332,23.162500000000005
2026-08-10 14:00:00,23.3,23.1,87,944.7,13.5,268,0.0,14,0,8,55.5,29.2,36.0,12.0,65.5,37.2,32.416666666666664,22.208333333333332,23.479166666666668
2026-08-10 15:00:00,50.5,22.8,89,945.3,11.2,270,0.0,15,0,8,23.3,40.0,12.0,12.0,49.3,48.4,30.3,23.150000000000002,21.720833333333335
2026-08-10 16:00:00,52.5,22.5,91,945.6,10.6,269,0.0,16,0,8,50.5,55.5,21.8,12.0,27.1,41.6,36.71666666666667,26.358333333333334,21.770833333333332
2026-08-10 17:00:00,45.2,22.4,91,945.7,9.8,262,0.0,17,0,8,52.5,23.3,29.2,12.0,40.2,39.6,41.833333333333336,29.733333333333334,22.829166666666666
2026-08-10 18:00:00,40.1,22.6,89,945.0,11.2,249,0.0,18,0,8,45.2,50.5,40.0,12.0,15.8,28.6,44.5,32.5,23.037499999999998
2026-08-10 19:00:00,12.0,22.6,90,944.4,12.9,254,0.0,19,0,8,40.1,52.5,55.5,12.0,17.6,12.0,44.51666666666667,34.84166666666667,24.05
2026-08-10 20:00:00,12.0,22.6,90,943.8,13.6,259,0.0,20,0,8,12.0,45.2,23.3,36.0,20.7,12.0,37.266666666666666,34.84166666666667,23.816666666666666
2026-08-10 21:00:00,12.0,22.2,91,943.4,11.8,259,0.0,21,0,8,12.0,40.1,50.5,12.0,12.0,12.0,35.38333333333333,32.84166666666667,23.454166666666666
2026-08-10 22:00:00,12.0,22.2,91,943.6,12.0,254,0.0,22,0,8,12.0,12.0,52.5,21.8,12.0,12.0,28.96666666666667,32.84166666666667,23.454166666666666
2026-08-10 23:00:00,12.0,22.4,90,943.4,11.4,254,0.0,23,0,8,12.0,12.0,45.2,29.2,12.8,12.0,22.21666666666667,32.025,23.454166666666666
2026-08-11 00:00:00,18.5,22.7,92,943.2,11.4,254,0.0,0,1,8,12.0,12.0,40.1,40.0,12.0,12.0,16.683333333333334,30.59166666666667,23.420833333333334
2026-08-11 01:00:00,12.0,22.9,90,943.8,12.7,255,0.0,1,1,8,18.5,12.0,12.0,55.5,12.0,12.0,13.083333333333334,28.8,23.691666666666666
2026-08-11 02:00:00,25.8,23.6,87,944.3,12.5,255,0.0,2,1,8,12.0,12.0,12.0,23.3,12.0,13.6,13.083333333333334,25.175,23.691666666666666
2026-08-11 03:00:00,12.0,24.6,83,944.8,16.5,262,0.0,3,1,8,25.8,18.5,12.0,50.5,12.0,12.0,15.383333333333333,25.38333333333333,24.266666666666666
2026-08-11 04:00:00,12.0,25.3,80,945.4,16.6,260,0.1,4,1,8,12.0,12.0,12.0,52.5,12.0,12.0,15.383333333333333,22.174999999999997,24.266666666666666
2026-08-11 05:00:00,12.0,26.1,77,945.4,19.7,266,0.2,5,1,8,12.0,25.8,12.0,45.2,12.0,12.0,15.383333333333333,18.8,24.266666666666666
2026-08-11 06:00:00,20.8,27.0,72,945.2,17.3,267,0.2,6,1,8,12.0,12.0,18.5,40.1,12.0,12.0,15.383333333333333,16.033333333333335,24.266666666666666
2026-08-11 07:00:00,12.0,26.7,74,944.8,19.3,271,0.2,7,1,8,20.8,12.0,12.0,12.0,12.0,12.0,15.766666666666666,14.425000000000002,24.633333333333336
2026-08-11 08:00:00,43.7,25.8,78,944.2,18.0,272,0.2,8,1,8,12.0,12.0,25.8,12.0,36.0,21.6,15.766666666666666,14.425000000000002,24.633333333333336
2026-08-11 09:00:00,32.3,25.0,82,943.4,17.8,271,0.8,9,1,8,43.7,20.8,12.0,12.0,12.0,21.3,18.75,17.066666666666666,24.95416666666667
2026-08-11 10:00:00,30.5,23.9,89,942.8,18.2,267,0.6,10,1,8,32.3,12.0,12.0,12.0,21.8,23.4,22.133333333333336,18.758333333333336,25.8
2026-08-11 11:00:00,30.0,24.0,85,942.3,18.6,267,0.8,11,1,8,30.5,43.7,12.0,12.0,29.2,12.0,25.21666666666667,20.3,26.162499999999998
2026-08-11 12:00:00,42.4,23.9,90,942.8,16.2,267,2.6,12,1,8,30.0,32.3,20.8,18.5,40.0,35.1,28.21666666666667,21.8,26.195833333333336
2026-08-11 13:00:00,43.0,23.0,95,942.9,16.3,265,1.8,13,1,8,42.4,30.5,12.0,12.0,55.5,47.9,31.816666666666663,23.791666666666668,26.295833333333334
2026-08-11 14:00:00,33.6,22.7,95,943.5,15.0,263,3.6,14,1,8,43.0,30.0,43.7,25.8,23.3,65.5,36.98333333333333,26.375,25.775000000000002
2026-08-11 15:00:00,32.0,22.7,95,943.8,13.3,257,3.3,15,1,8,33.6,42.4,32.3,12.0,50.5,49.3,35.300000000000004,27.025000000000002,26.204166666666666
2026-08-11 16:00:00,22.7,22.6,96,944.8,13.9,251,2.7,16,1,8,32.0,43.0,30.5,12.0,52.5,27.1,35.25,28.691666666666666,25.433333333333334
2026-08-11 17:00:00,12.0,22.6,95,945.1,12.9,255,2.8,17,1,8,22.7,33.6,30.0,12.0,45.2,40.2,33.949999999999996,29.583333333333332,24.191666666666663
2026-08-11 18:00:00,31.7,22.6,94,945.1,12.4,257,1.4,18,1,8,12.0,32.0,42.4,20.8,40.1,15.8,30.95,29.583333333333332,22.808333333333334
2026-08-11 19:00:00,12.0,22.4,95,944.7,12.2,262,0.1,19,1,8,31.7,22.7,43.0,12.0,12.0,17.6,29.166666666666668,30.491666666666664,22.458333333333332
2026-08-11 20:00:00,12.0,22.5,94,944.4,13.3,261,0.0,20,1,8,12.0,12.0,33.6,43.7,12.0,20.7,24.0,30.491666666666664,22.458333333333332
2026-08-11 21:00:00,12.0,22.5,93,944.1,14.2,257,0.0,21,1,8,12.0,31.7,32.0,32.3,12.0,12.0,20.4,27.849999999999998,22.458333333333332
2026-08-11 22:00:00,17.6,22.4,92,943.7,15.8,255,0.0,22,1,8,12.0,12.0,22.7,30.5,12.0,12.0,17.066666666666666,26.15833333333333,22.458333333333332
2026-08-11 23:00:00,15.4,22.3,92,943.6,14.1,260,0.0,23,1,8,17.6,12.0,12.0,30.0,12.0,12.8,16.21666666666667,25.083333333333332,22.691666666666666
2026-08-12 00:00:00,12.0,22.5,93,943.5,13.2,259,0.0,0,2,8,15.4,12.0,31.7,42.4,18.5,12.0,16.783333333333335,23.866666666666664,22.833333333333332
2026-08-12 01:00:00,12.0,22.8,92,944.0,12.6,256,0.0,1,2,8,12.0,17.6,12.0,43.0,12.0,12.0,13.5,21.333333333333332,22.5625
2026-08-12 02:00:00,12.0,23.4,89,944.7,14.5,256,0.1,2,2,8,12.0,15.4,12.0,33.6,25.8,12.0,13.5,18.75,22.5625
2026-08-12 03:00:00,12.0,23.9,86,945.3,16.5,254,0.1,3,2,8,12.0,12.0,12.0,32.0,12.0,12.0,13.5,16.95,21.9875
2026-08-12 04:00:00,12.0,24.9,82,946.0,18.4,268,0.1,4,2,8,12.0,12.0,17.6,22.7,12.0,12.0,13.5,15.283333333333331,21.9875
2026-08-12 05:00:00,12.0,25.5,79,946.0,19.5,275,0.3,5,2,8,12.0,12.0,15.4,12.0,12.0,12.0,12.566666666666668,14.391666666666666,21.9875
2026-08-12 06:00:00,12.0,24.8,81,945.9,16.9,272,0.4,6,2,8,12.0,12.0,12.0,31.7,20.8,12.0,12.0,14.391666666666666,21.9875
2026-08-12 07:00:00,12.0,24.9,84,945.4,16.1,264,1.2,7,2,8,12.0,12.0,12.0,12.0,12.0,12.0,12.0,12.75,21.620833333333334
2026-08-12 08:00:00,22.3,24.7,88,945.4,17.1,270,3.9,8,2,8,12.0,12.0,12.0,12.0,43.7,36.0,12.0,12.75,21.620833333333334
2026-08-12 09:00:00,18.3,26.1,81,944.9,19.8,277,0.2,9,2,8,22.3,12.0,12.0,12.0,32.3,12.0,13.716666666666669,13.608333333333334,20.729166666666668
2026-08-12 10:00:00,38.2,25.6,77,944.5,18.5,278,0.3,10,2,8,18.3,12.0,12.0,17.6,30.5,21.8,14.766666666666667,14.133333333333335,20.145833333333332
2026-08-12 11:00:00,46.7,25.2,81,944.3,19.4,269,0.1,11,2,8,38.2,22.3,12.0,15.4,30.0,29.2,19.133333333333336,15.85,20.466666666666665
2026-08-12 12:00:00,35.9,25.1,80,944.8,16.6,272,0.0,12,2,8,46.7,18.3,12.0,12.0,42.4,40.0,24.916666666666668,18.458333333333332,21.162499999999998
2026-08-12 13:00:00,54.3,24.0,85,945.2,14.1,264,0.1,13,2,8,35.9,38.2,12.0,12.0,43.0,55.5,28.900000000000002,20.45,20.89166666666667
2026-08-12 14:00:00,40.6,23.3,88,945.8,12.9,264,0.0,14,2,8,54.3,46.7,22.3,12.0,33.6,23.3,35.95,23.974999999999998,21.3625
2026-08-12 15:00:00,26.0,22.9,90,946.6,11.9,256,0.0,15,2,8,40.6,35.9,18.3,12.0,32.0,50.5,39.0,26.358333333333334,21.65416666666667
2026-08-12 16:00:00,32.5,23.2,89,947.8,11.2,254,0.0,16,2,8,26.0,54.3,38.2,12.0,22.7,52.5,40.28333333333334,27.525000000000002,21.40416666666667
2026-08-12 17:00:00,46.0,22.9,89,948.1,11.3,250,0.0,17,2,8,32.5,40.6,46.7,12.0,12.0,45.2,39.333333333333336,29.233333333333334,21.8125
2026-08-12 18:00:00,22.6,23.0,89,947.6,11.8,246,0.0,18,2,8,46.0,26.0,35.9,12.0,31.7,40.1,39.21666666666667,32.06666666666667,23.229166666666668
2026-08-12 19:00:00,36.7,22.9,89,946.8,13.5,245,0.0,19,2,8,22.6,32.5,54.3,12.0,12.0,12.0,37.0,32.95,22.849999999999998
2026-08-12 20:00:00,15.8,22.6,91,946.7,12.0,252,0.0,20,2,8,36.7,46.0,40.6,22.3,12.0,12.0,34.06666666666667,35.00833333333333,23.879166666666663
2026-08-12 21:00:00,12.0,22.7,90,946.0,12.5,255,0.0,21,2,8,15.8,22.6,26.0,18.3,12.0,12.0,29.933333333333334,34.46666666666667,24.037499999999998
2026-08-12 22:00:00,12.0,22.6,90,945.4,13.4,255,0.0,22,2,8,12.0,36.7,32.5,38.2,17.6,12.0,27.599999999999998,33.94166666666667,24.037499999999998
2026-08-12 23:00:00,12.0,22.5,91,945.6,11.4,254,0.0,23,2,8,12.0,15.8,46.0,46.7,15.4,12.0,24.183333333333334,31.758333333333336,23.80416666666667
2026-08-13 00:00:00,12.0,22.9,90,945.4,11.6,266,0.0,0,3,8,12.0,12.0,22.6,35.9,12.0,18.5,18.51666666666667,28.86666666666667,23.662499999999998
2026-08-13 01:00:00,23.0,22.9,90,946.1,11.4,257,0.1,1,3,8,12.0,12.0,36.7,54.3,12.0,12.0,16.75,26.875,23.662499999999998
2026-08-13 02:00:00,12.0,23.1,89,947.1,11.3,260,0.1,2,3,8,23.0,12.0,15.8,40.6,12.0,25.8,14.466666666666667,24.26666666666667,24.120833333333334
2026-08-13 03:00:00,12.0,23.7,87,947.4,11.7,259,0.2,3,3,8,12.0,12.0,12.0,26.0,12.0,12.0,13.833333333333334,21.883333333333336,24.120833333333334
2026-08-13 04:00:00,12.0,25.2,80,947.9,17.8,264,0.2,4,3,8,12.0,23.0,12.0,32.5,12.0,12.0,13.833333333333334,20.716666666666665,24.120833333333334
2026-08-13 05:00:00,12.0,25.7,74,948.0,19.5,264,0.2,5,3,8,12.0,12.0,12.0,46.0,12.0,12.0,13.833333333333334,19.008333333333333,24.120833333333334
2026-08-13 06:00:00,12.0,26.4,73,947.8,19.2,258,0.3,6,3,8,12.0,12.0,12.0,22.6,12.0,20.8,13.833333333333334,16.175,24.120833333333334
2026-08-13 07:00:00,12.0,26.6,71,947.4,20.2,254,0.7,7,3,8,12.0,12.0,23.0,36.7,12.0,12.0,13.833333333333334,15.291666666666666,24.120833333333334
2026-08-13 08:00:00,25.5,25.1,82,946.9,18.5,262,1.0,8,3,8,12.0,12.0,12.0,15.8,22.3,43.7,12.0,13.233333333333333,24.120833333333334
2026-08-13 09:00:00,28.0,24.6,84,946.5,17.8,262,0.8,9,3,8,25.5,12.0,12.0,12.0,18.3,32.3,14.25,14.041666666666666,24.254166666666666
2026-08-13 10:00:00,36.1,25.2,81,946.1,20.9,268,0.4,10,3,8,28.0,12.0,12.0,12.0,38.2,30.5,16.916666666666668,15.375,24.658333333333335
2026-08-13 11:00:00,30.0,25.4,80,945.6,20.3,264,0.7,11,3,8,36.1,25.5,12.0,12.0,46.7,30.0,20.933333333333334,17.383333333333336,24.570833333333336
2026-08-13 12:00:00,34.9,24.4,84,946.0,17.6,269,0.0,12,3,8,30.0,28.0,12.0,12.0,35.9,42.4,23.933333333333337,18.883333333333336,23.875
2026-08-13 13:00:00,46.8,23.8,87,946.1,15.1,267,0.0,13,3,8,34.9,36.1,12.0,23.0,54.3,43.0,27.75,20.791666666666668,23.833333333333332
2026-08-13 14:00:00,51.0,23.1,90,946.5,14.1,265,0.0,14,3,8,46.8,30.0,25.5,12.0,40.6,33.6,33.550000000000004,22.775000000000002,23.520833333333332
2026-08-13 15:00:00,51.4,23.1,90,947.4,14.2,261,0.0,15,3,8,51.0,34.9,28.0,12.0,26.0,32.0,37.800000000000004,26.025000000000002,23.954166666666666
2026-08-13 16:00:00,49.4,22.9,90,947.9,12.5,264,0.0,16,3,8,51.4,46.8,36.1,12.0,32.5,22.7,41.699999999999996,29.308333333333334,25.0125
2026-08-13 17:00:00,33.4,22.9,91,947.9,11.9,265,0.1,17,3,8,49.4,51.0,30.0,12.0,46.0,12.0,43.916666666666664,32.425000000000004,25.71666666666667
2026-08-13 18:00:00,30.0,22.6,90,947.1,13.4,259,0.0,18,3,8,33.4,51.4,34.9,12.0,22.6,31.7,44.48333333333333,34.208333333333336,25.191666666666666
2026-08-13 19:00:00,12.4,22.6,90,946.5,14.1,259,0.0,19,3,8,30.0,49.4,46.8,12.0,36.7,12.0,43.666666666666664,35.708333333333336,25.5
2026-08-13 20:00:00,15.6,22.7,90,946.3,12.4,257,0.0,20,3,8,12.4,33.4,51.0,25.5,15.8,12.0,37.93333333333333,35.74166666666667,24.4875
2026-08-13 21:00:00,19.9,22.6,91,945.9,10.9,251,0.0,21,3,8,15.6,30.0,51.4,28.0,12.0,12.0,32.03333333333333,34.916666666666664,24.479166666666668
2026-08-13 22:00:00,12.0,22.7,91,945.8,10.0,242,0.0,22,3,8,19.9,12.4,49.4,36.1,12.0,17.6,26.783333333333335,34.24166666666667,24.808333333333334
2026-08-13 23:00:00,12.0,22.6,91,945.6,10.7,250,0.0,23,3,8,12.0,15.6,33.4,30.0,12.0,15.4,20.55,32.23333333333333,24.808333333333334
2026-08-14 00:00:00,12.0,22.8,90,945.7,11.6,248,0.0,0,4,8,12.0,19.9,30.0,34.9,12.0,12.0,16.983333333333334,30.73333333333333,24.808333333333334
2026-08-14 01:00:00,12.0,22.5,90,945.9,10.5,243,0.0,1,4,8,12.0,12.0,12.4,46.8,23.0,12.0,13.983333333333334,28.825,24.808333333333334
2026-08-14 02:00:00,12.0,23.1,88,946.8,10.4,247,0.1,2,4,8,12.0,12.0,15.6,51.0,12.0,12.0,13.916666666666666,25.924999999999997,24.349999999999998
2026-08-14 03:00:00,12.0,24.0,85,947.1,13.5,257,0.0,3,4,8,12.0,12.0,19.9,51.4,12.0,12.0,13.316666666666668,22.674999999999997,24.349999999999998
2026-08-14 04:00:00,12.0,25.0,80,947.9,16.1,260,0.1,4,4,8,12.0,12.0,12.0,49.4,12.0,12.0,12.0,19.39166666666667,24.349999999999998
2026-08-14 05:00:00,12.0,25.7,76,947.6,17.0,260,0.1,5,4,8,12.0,12.0,12.0,33.4,12.0,12.0,12.0,16.275000000000002,24.349999999999998
2026-08-14 06:00:00,12.0,27.0,71,947.5,19.5,273,0.2,6,4,8,12.0,12.0,12.0,30.0,12.0,12.0,12.0,14.491666666666667,24.349999999999998
2026-08-14 07:00:00,12.0,26.5,70,947.5,18.6,264,0.6,7,4,8,12.0,12.0,12.0,12.4,12.0,12.0,12.0,12.991666666666667,24.349999999999998
2026-08-14 08:00:00,16.4,26.7,73,947.4,19.4,269,1.1,8,4,8,12.0,12.0,12.0,15.6,25.5,22.3,12.0,12.958333333333334,24.349999999999998
2026-08-14 09:00:00,35.3,26.6,71,946.6,20.0,272,0.2,9,4,8,16.4,12.0,12.0,19.9,28.0,18.3,12.733333333333334,13.025,23.97083333333333
2026-08-14 10:00:00,34.2,25.9,75,946.1,20.1,264,0.2,10,4,8,35.3,12.0,12.0,12.0,36.1,38.2,16.616666666666664,14.308333333333332,24.274999999999995
2026-08-14 11:00:00,20.0,25.8,75,945.5,20.9,267,0.0,11,4,8,34.2,16.4,12.0,12.0,30.0,46.7,20.316666666666666,16.15833333333333,24.19583333333333
2026-08-14 12:00:00,42.0,25.1,78,945.9,18.3,263,0.0,12,4,8,20.0,35.3,12.0,12.0,34.9,35.9,21.650000000000002,16.825,23.779166666666665
2026-08-14 13:00:00,51.8,23.7,84,945.8,15.6,263,0.0,13,4,8,42.0,34.2,12.0,12.0,46.8,54.3,26.650000000000002,19.325,24.075
2026-08-14 14:00:00,46.6,23.1,88,946.3,13.5,261,0.0,14,4,8,51.8,20.0,16.4,12.0,51.0,40.6,33.28333333333333,22.641666666666666,24.28333333333333
2026-08-14 15:00:00,46.1,23.0,89,946.8,12.1,255,0.0,15,4,8,46.6,42.0,35.3,12.0,51.4,26.0,38.31666666666666,25.525000000000002,24.099999999999998
2026-08-14 16:00:00,41.7,23.1,88,947.1,13.9,259,0.0,16,4,8,46.1,51.8,34.2,12.0,49.4,32.5,40.11666666666667,28.366666666666664,23.879166666666666
2026-08-14 17:00:00,36.4,22.7,90,947.2,12.9,261,0.0,17,4,8,41.7,46.6,20.0,12.0,33.4,46.0,41.36666666666667,30.84166666666667,23.558333333333334
2026-08-14 18:00:00,19.9,22.9,89,946.9,13.8,264,0.0,18,4,8,36.4,46.1,42.0,12.0,30.0,22.6,44.1,32.875,23.683333333333334
2026-08-14 19:00:00,26.8,22.9,89,946.5,12.8,259,0.0,19,4,8,19.9,41.7,51.8,12.0,12.4,36.7,40.416666666666664,33.53333333333333,23.2625
2026-08-14 20:00:00,15.7,22.5,90,946.4,13.5,262,0.0,20,4,8,26.8,36.4,46.6,16.4,15.6,15.8,36.25,34.766666666666666,23.8625
2026-08-14 21:00:00,14.6,22.4,90,946.0,12.4,260,0.0,21,4,8,15.7,19.9,46.1,35.3,19.9,12.0,31.099999999999998,34.708333333333336,23.866666666666664
2026-08-14 22:00:00,12.0,22.2,91,946.0,10.7,253,0.0,22,4,8,14.6,26.8,41.7,34.2,12.0,12.0,25.849999999999998,32.983333333333334,23.645833333333332
2026-08-14 23:00:00,12.0,22.2,91,945.9,10.7,256,0.0,23,4,8,12.0,15.7,36.4,20.0,12.0,12.0,20.900000000000002,31.133333333333336,23.645833333333332
2026-08-15 00:00:00,12.0,22.3,94,946.0,10.7,248,0.0,0,5,8,12.0,14.6,19.9,42.0,12.0,12.0,16.833333333333332,30.46666666666667,23.645833333333332
2026-08-15 01:00:00,12.0,22.4,92,946.4,12.2,246,0.1,1,5,8,12.0,12.0,26.8,51.8,12.0,23.0,15.516666666666666,27.96666666666667,23.645833333333332
2026-08-15 02:00:00,12.0,22.7,90,947.0,12.3,247,0.3,2,5,8,12.0,12.0,15.7,46.6,12.0,12.0,13.049999999999999,24.650000000000002,23.645833333333332
2026-08-15 03:00:00,22.7,23.2,90,947.6,11.3,256,0.4,3,5,8,12.0,12.0,14.6,46.1,12.0,12.0,12.433333333333332,21.766666666666666,23.645833333333332
2026-08-15 04:00:00,12.0,23.8,86,947.9,14.6,257,0.1,4,5,8,22.7,12.0,12.0,41.7,12.0,12.0,13.783333333333331,19.816666666666666,24.09166666666667
2026-08-15 05:00:00,12.0,25.4,78,947.9,19.4,259,0.3,5,5,8,12.0,12.0,12.0,36.4,12.0,12.0,13.783333333333331,17.341666666666665,24.09166666666667
2026-08-15 06:00:00,12.0,26.0,75,948.1,19.7,265,0.1,6,5,8,12.0,22.7,12.0,19.9,12.0,12.0,13.783333333333331,15.308333333333332,24.09166666666667
2026-08-15 07:00:00,13.2,27.0,70,947.7,17.9,265,0.2,7,5,8,12.0,12.0,12.0,26.8,12.0,12.0,13.783333333333331,14.65,24.09166666666667
2026-08-15 08:00:00,12.0,26.4,69,947.2,19.6,262,0.1,8,5,8,13.2,12.0,12.0,15.7,16.4,25.5,13.983333333333333,13.516666666666666,24.141666666666666
2026-08-15 09:00:00,45.1,26.2,73,946.1,17.0,264,0.1,9,5,8,12.0,12.0,22.7,14.6,35.3,28.0,13.983333333333333,13.208333333333334,23.958333333333332
2026-08-15 10:00:00,14.3,25.8,79,945.8,19.7,264,0.4,10,5,8,45.1,13.2,12.0,12.0,34.2,36.1,17.71666666666667,15.75,24.36666666666667
2026-08-15 11:00:00,38.1,25.4,79,945.2,17.6,259,0.3,11,5,8,14.3,12.0,12.0,12.0,20.0,30.0,18.1,15.941666666666665,23.537499999999998
2026-08-15 12:00:00,69.9,25.3,78,945.8,16.3,265,0.0,12,5,8,38.1,45.1,12.0,12.0,42.0,34.9,22.45,18.116666666666664,24.291666666666668
2026-08-15 13:00:00,47.0,23.7,87,945.7,15.8,258,0.5,13,5,8,69.9,14.3,13.2,12.0,51.8,46.8,32.1,22.941666666666666,25.454166666666666
2026-08-15 14:00:00,42.2,23.1,90,946.3,13.6,259,0.0,14,5,8,47.0,38.1,12.0,12.0,46.6,51.0,37.73333333333334,25.858333333333334,25.254166666666663
2026-08-15 15:00:00,43.2,23.0,90,947.0,12.5,259,0.0,15,5,8,42.2,69.9,45.1,22.7,46.1,51.4,42.76666666666667,28.375,25.070833333333336
2026-08-15 16:00:00,59.1,22.9,90,947.3,11.8,259,0.0,16,5,8,43.2,47.0,14.3,12.0,41.7,49.4,42.449999999999996,30.083333333333332,24.950000000000003
2026-08-15 17:00:00,34.4,22.9,90,947.7,10.6,261,0.0,17,5,8,59.1,42.2,38.1,12.0,36.4,33.4,49.916666666666664,34.00833333333333,25.674999999999997
2026-08-15 18:00:00,34.2,22.7,90,947.0,11.9,256,0.0,18,5,8,34.4,43.2,69.9,12.0,19.9,30.0,49.300000000000004,35.875,25.59166666666667
2026-08-15 19:00:00,22.9,22.6,90,946.8,12.4,257,0.0,19,5,8,34.2,59.1,47.0,13.2,26.8,12.4,43.35,37.725,26.1875
2026-08-15 20:00:00,12.0,22.4,90,946.3,12.2,256,0.0,20,5,8,22.9,34.4,42.2,12.0,15.7,15.6,39.333333333333336,38.53333333333334,26.024999999999995
2026-08-15 21:00:00,12.0,22.2,91,945.8,11.4,254,0.0,21,5,8,12.0,34.2,43.2,45.1,14.6,19.9,34.300000000000004,38.53333333333334,25.870833333333334
2026-08-15 22:00:00,12.0,22.2,91,945.4,12.2,250,0.0,22,5,8,12.0,22.9,59.1,14.3,12.0,12.0,29.100000000000005,35.775,25.7625
2026-08-15 23:00:00,12.0,22.4,90,945.8,11.1,243,0.0,23,5,8,12.0,12.0,34.4,38.1,12.0,12.0,21.25,35.583333333333336,25.7625
2026-08-16 00:00:00,12.0,22.7,90,945.6,14.0,248,0.0,0,6,8,12.0,12.0,34.2,69.9,12.0,12.0,17.516666666666666,33.40833333333334,25.7625
2026-08-16 01:00:00,12.0,22.3,91,945.9,11.8,251,0.0,1,6,8,12.0,12.0,22.9,47.0,12.0,12.0,13.816666666666668,28.583333333333332,25.7625
2026-08-16 02:00:00,12.0,23.0,89,946.4,11.1,263,0.0,2,6,8,12.0,12.0,12.0,42.2,12.0,12.0,12.0,25.666666666666668,25.7625
2026-08-16 03:00:00,12.0,24.0,84,947.0,17.3,256,0.1,3,6,8,12.0,12.0,12.0,43.2,22.7,12.0,12.0,23.150000000000002,25.7625
2026-08-16 04:00:00,12.0,25.2,79,947.2,16.6,254,0.0,4,6,8,12.0,12.0,12.0,59.1,12.0,12.0,12.0,20.55,25.316666666666663
2026-08-16 05:00:00,12.0,26.4,73,947.3,17.9,260,0.0,5,6,8,12.0,12.0,12.0,34.4,12.0,12.0,12.0,16.625,25.316666666666663
2026-08-16 06:00:00,14.9,27.2,68,947.2,18.3,257,0.0,6,6,8,12.0,12.0,12.0,34.2,12.0,12.0,12.0,14.758333333333335,25.316666666666663
2026-08-16 07:00:00,17.0,27.2,68,946.7,17.9,257,0.1,7,6,8,14.9,12.0,12.0,22.9,13.2,12.0,12.483333333333334,13.15,25.4375
2026-08-16 08:00:00,21.5,27.7,66,946.3,19.3,258,0.1,8,6,8,17.0,12.0,12.0,12.0,12.0,16.4,13.316666666666668,12.658333333333331,25.595833333333335
2026-08-16 09:00:00,47.5,27.2,68,945.9,18.9,255,0.1,9,6,8,21.5,14.9,12.0,12.0,45.1,35.3,14.9,13.449999999999998,25.99166666666667
2026-08-16 10:00:00,41.2,26.8,71,945.6,19.2,253,0.1,10,6,8,47.5,17.0,12.0,12.0,14.3,34.2,20.816666666666666,16.40833333333333,26.09166666666667
2026-08-16 11:00:00,35.5,26.2,74,945.3,17.3,259,0.0,11,6,8,41.2,21.5,12.0,12.0,38.1,20.0,25.683333333333334,18.841666666666665,27.212500000000002
2026-08-16 12:00:00,36.7,25.7,76,945.4,17.2,254,0.2,12,6,8,35.5,47.5,14.9,12.0,69.9,42.0,29.599999999999998,20.8,27.104166666666668
2026-08-16 13:00:00,57.2,24.6,82,945.7,14.0,252,0.0,13,6,8,36.7,41.2,17.0,12.0,47.0,51.8,33.233333333333334,22.858333333333334,25.720833333333335
2026-08-16 14:00:00,38.5,23.8,87,946.4,12.5,252,0.0,14,6,8,57.2,35.5,21.5,12.0,42.2,46.6,39.93333333333333,26.625,26.145833333333332
2026-08-16 15:00:00,41.5,23.5,88,947.1,10.5,257,0.0,15,6,8,38.5,36.7,47.5,12.0,43.2,46.1,42.76666666666667,28.833333333333332,25.991666666666664
2026-08-16 16:00:00,16.7,23.4,88,947.4,11.3,250,0.0,16,6,8,41.5,57.2,41.2,12.0,59.1,41.7,41.766666666666666,31.291666666666668,25.92083333333333
2026-08-16 17:00:00,34.7,23.1,89,947.5,10.8,255,0.0,17,6,8,16.7,38.5,35.5,12.0,34.4,36.4,37.68333333333334,31.683333333333334,24.15416666666667
2026-08-16 18:00:00,15.9,23.0,88,947.2,12.4,251,0.0,18,6,8,34.7,41.5,36.7,14.9,34.2,19.9,37.550000000000004,33.574999999999996,24.166666666666668
2026-08-16 19:00:00,40.7,22.9,89,946.7,12.0,252,0.0,19,6,8,15.9,16.7,57.2,17.0,22.9,26.8,34.083333333333336,33.65833333333334,23.40416666666667
2026-08-16 20:00:00,12.0,23.0,89,946.5,12.0,251,0.0,20,6,8,40.7,34.7,38.5,21.5,12.0,15.7,31.333333333333332,35.63333333333333,24.14583333333334
2026-08-16 21:00:00,28.6,22.9,90,946.2,12.6,251,0.0,21,6,8,12.0,15.9,41.5,47.5,12.0,14.6,26.916666666666668,34.84166666666667,24.14583333333334
2026-08-16 22:00:00,12.0,22.8,88,946.1,12.2,242,0.0,22,6,8,28.6,40.7,16.7,41.2,12.0,12.0,24.76666666666667,33.26666666666667,24.837500000000002
2026-08-16 23:00:00,12.0,22.7,88,946.1,13.5,251,0.0,23,6,8,12.0,12.0,34.7,35.5,12.0,12.0,23.98333333333333,30.833333333333332,24.837500000000002
2026-08-17 00:00:00,12.0,22.9,89,946.0,14.2,244,0.0,0,0,8,12.0,28.6,15.9,36.7,12.0,12.0,20.2,28.875,24.837500000000002
2026-08-17 01:00:00,12.0,22.5,90,946.5,12.4,248,0.0,1,0,8,12.0,12.0,40.7,57.2,12.0,12.0,19.55,26.816666666666666,24.837500000000002
2026-08-17 02:00:00,15.3,23.1,88,947.0,10.4,250,0.0,2,0,8,12.0,12.0,12.0,38.5,12.0,12.0,14.766666666666666,23.05,24.837500000000002
2026-08-17 03:00:00,12.0,24.0,84,947.6,16.6,253,0.1,3,0,8,15.3,12.0,28.6,41.5,12.0,22.7,15.316666666666665,21.116666666666667,24.975000000000005
2026-08-17 04:00:00,12.0,24.6,80,948.2,17.6,244,0.2,4,0,8,12.0,12.0,12.0,16.7,12.0,12.0,12.549999999999999,18.658333333333335,24.975000000000005
2026-08-17 05:00:00,12.0,25.5,76,948.7,20.1,252,0.2,5,0,8,12.0,15.3,12.0,34.7,12.0,12.0,12.549999999999999,18.26666666666667,24.975000000000005
2026-08-17 06:00:00,28.6,25.7,77,948.6,19.5,250,0.2,6,0,8,12.0,12.0,12.0,15.9,14.9,12.0,12.549999999999999,16.375,24.975000000000005
2026-08-17 07:00:00,31.0,26.1,74,948.4,19.8,254,0.2,7,0,8,28.6,12.0,12.0,40.7,17.0,13.2,15.316666666666668,17.433333333333334,25.545833333333334
2026-08-17 08:00:00,15.1,26.0,72,947.9,19.9,254,0.4,8,0,8,31.0,12.0,15.3,12.0,21.5,12.0,18.483333333333334,16.625,26.129166666666666
2026-08-17 09:00:00,29.1,26.3,72,947.4,21.7,260,0.2,9,0,8,15.1,28.6,12.0,28.6,47.5,45.1,18.45,16.883333333333336,25.862499999999997
2026-08-17 10:00:00,24.0,25.6,76,946.9,18.6,262,0.1,10,0,8,29.1,31.0,12.0,12.0,41.2,14.3,21.3,16.925,25.09583333333333
2026-08-17 11:00:00,32.1,25.4,77,946.5,19.2,260,0.2,11,0,8,24.0,15.1,12.0,12.0,35.5,38.1,23.3,17.925,24.379166666666666
2026-08-17 12:00:00,58.6,25.0,79,946.7,15.7,246,0.2,12,0,8,32.1,29.1,28.6,12.0,36.7,69.9,26.650000000000002,19.6,24.2375
2026-08-17 13:00:00,35.0,23.9,85,947.1,15.3,246,0.0,13,0,8,58.6,24.0,31.0,12.0,57.2,47.0,31.650000000000002,23.483333333333334,25.150000000000002
2026-08-17 14:00:00,29.9,23.4,87,947.4,14.0,250,0.0,14,0,8,35.0,32.1,15.1,15.3,38.5,42.2,32.31666666666667,25.400000000000002,24.225000000000005
2026-08-17 15:00:00,43.5,23.4,87,948.1,13.1,251,0.1,15,0,8,29.9,58.6,29.1,12.0,41.5,43.2,34.78333333333333,26.616666666666664,23.86666666666667
2026-08-17 16:00:00,38.7,23.1,88,948.6,14.3,245,0.0,16,0,8,43.5,35.0,24.0,12.0,16.7,59.1,37.18333333333333,29.241666666666664,23.95
2026-08-17 17:00:00,21.5,22.9,89,949.0,13.4,252,0.0,17,0,8,38.7,29.9,32.1,12.0,34.7,34.4,39.63333333333333,31.466666666666665,24.86666666666667
2026-08-17 18:00:00,42.0,23.0,89,948.7,13.4,253,0.0,18,0,8,21.5,43.5,58.6,28.6,15.9,34.2,37.86666666666667,32.25833333333333,24.316666666666666
2026-08-17 19:00:00,12.0,22.7,90,948.0,13.9,250,0.0,19,0,8,42.0,38.7,35.0,31.0,40.7,22.9,35.1,33.375,25.40416666666667
2026-08-17 20:00:00,12.0,22.6,90,947.4,14.1,255,0.0,20,0,8,12.0,21.5,29.9,15.1,12.0,12.0,31.26666666666667,31.791666666666668,24.208333333333332
2026-08-17 21:00:00,12.0,22.6,91,947.0,15.1,255,0.0,21,0,8,12.0,42.0,43.5,29.1,28.6,12.0,28.28333333333333,31.53333333333333,24.208333333333332
2026-08-17 22:00:00,12.0,22.5,92,946.9,14.7,256,0.0,22,0,8,12.0,12.0,38.7,24.0,12.0,12.0,23.03333333333333,30.108333333333334,23.51666666666667
2026-08-17 23:00:00,12.0,22.8,90,946.8,15.7,255,0.0,23,0,8,12.0,12.0,21.5,32.1,12.0,12.0,18.583333333333332,29.108333333333334,23.51666666666667
2026-08-18 00:00:00,12.0,23.0,90,946.9,15.3,255,0.0,0,1,8,12.0,12.0,42.0,58.6,12.0,12.0,17.0,27.433333333333334,23.51666666666667
2026-08-18 01:00:00,12.0,22.7,91,947.4,15.3,262,0.1,1,1,8,12.0,12.0,12.0,35.0,12.0,12.0,12.0,23.549999999999997,23.51666666666667
2026-08-18 02:00:00,12.0,23.3,89,948.1,12.9,258,0.0,2,1,8,12.0,12.0,12.0,29.9,15.3,12.0,12.0,21.633333333333336,23.51666666666667
2026-08-18 03:00:00,12.0,24.2,85,948.7,17.3,256,0.1,3,1,8,12.0,12.0,12.0,43.5,12.0,12.0,12.0,20.141666666666666,23.379166666666666
2026-08-18 04:00:00,12.0,24.9,81,949.2,18.0,258,0.0,4,1,8,12.0,12.0,12.0,38.7,12.0,12.0,12.0,17.516666666666666,23.379166666666666
2026-08-18 05:00:00,12.0,25.7,77,949.2,20.7,262,0.4,5,1,8,12.0,12.0,12.0,21.5,12.0,12.0,12.0,15.291666666666666,23.379166666666666
2026-08-18 06:00:00,12.0,26.4,74,949.1,22.0,270,0.8,6,1,8,12.0,12.0,12.0,42.0,28.6,14.9,12.0,14.5,23.379166666666666
2026-08-18 07:00:00,12.0,27.1,71,948.8,21.1,268,0.1,7,1,8,12.0,12.0,12.0,12.0,31.0,17.0,12.0,12.0,22.6875
2026-08-18 08:00:00,13.8,27.0,72,948.4,22.0,270,0.3,8,1,8,12.0,12.0,12.0,12.0,15.1,21.5,12.0,12.0,21.895833333333332
2026-08-18 09:00:00,43.2,27.3,69,947.8,22.3,276,0.2,9,1,8,13.8,12.0,12.0,12.0,29.1,47.5,12.299999999999999,12.15,21.84166666666667
2026-08-18 10:00:00,18.8,26.3,76,947.1,21.2,275,0.3,10,1,8,43.2,12.0,12.0,12.0,24.0,41.2,17.5,14.75,22.42916666666667
2026-08-18 11:00:00,22.3,25.7,79,946.6,22.2,268,0.1,11,1,8,18.8,13.8,12.0,12.0,32.1,35.5,18.633333333333333,15.316666666666668,22.212500000000002
2026-08-18 12:00:00,39.7,25.1,81,946.9,19.6,277,0.0,12,1,8,22.3,43.2,12.0,12.0,58.6,36.7,20.349999999999998,16.175,21.804166666666664
2026-08-18 13:00:00,12.0,24.1,85,947.4,14.2,270,0.1,13,1,8,39.7,18.8,12.0,12.0,35.0,57.2,24.96666666666667,18.483333333333334,21.016666666666666
2026-08-18 14:00:00,25.5,23.4,88,947.7,15.5,271,0.0,14,1,8,12.0,22.3,13.8,12.0,29.9,38.5,24.96666666666667,18.483333333333334,20.058333333333334
2026-08-18 15:00:00,42.5,23.2,90,948.2,14.1,266,0.0,15,1,8,25.5,39.7,43.2,12.0,43.5,41.5,26.916666666666668,19.608333333333334,19.875
2026-08-18 16:00:00,20.3,23.6,89,948.5,12.7,264,0.0,16,1,8,42.5,12.0,18.8,12.0,38.7,16.7,26.8,22.150000000000002,19.833333333333332
2026-08-18 17:00:00,17.3,23.5,90,948.7,13.9,265,0.0,17,1,8,20.3,25.5,22.3,12.0,21.5,34.7,27.049999999999997,22.84166666666667,19.066666666666666
2026-08-18 18:00:00,18.0,23.1,90,948.0,13.4,264,0.0,18,1,8,17.3,42.5,39.7,12.0,42.0,15.9,26.21666666666667,23.283333333333335,18.89166666666667
2026-08-18 19:00:00,12.0,23.1,90,947.6,14.1,264,0.0,19,1,8,18.0,20.3,12.0,12.0,12.0,40.7,22.599999999999998,23.783333333333335,17.89166666666667
2026-08-18 20:00:00,12.0,23.0,90,947.3,14.4,267,0.0,20,1,8,12.0,17.3,25.5,13.8,12.0,12.0,22.599999999999998,23.783333333333335,17.89166666666667
2026-08-18 21:00:00,12.0,22.8,90,946.8,14.7,263,0.0,21,1,8,12.0,18.0,42.5,43.2,12.0,28.6,20.349999999999998,23.633333333333336,17.89166666666667
2026-08-18 22:00:00,12.0,22.5,90,946.7,14.0,263,0.0,22,1,8,12.0,12.0,20.3,18.8,12.0,12.0,15.266666666666666,21.033333333333335,17.89166666666667
2026-08-18 23:00:00,12.0,22.4,90,946.7,13.1,258,0.0,23,1,8,12.0,12.0,17.3,22.3,12.0,12.0,13.883333333333333,20.46666666666667,17.89166666666667
2026-08-19 00:00:00,12.0,22.9,90,946.8,12.9,263,0.0,0,2,8,12.0,12.0,18.0,39.7,12.0,12.0,13.0,19.608333333333334,17.89166666666667
2026-08-19 01:00:00,12.0,23.0,90,947.1,12.9,257,0.0,1,2,8,12.0,12.0,12.0,12.0,12.0,12.0,12.0,17.3,17.89166666666667
2026-08-19 02:00:00,12.0,23.4,90,947.4,13.9,265,0.0,2,2,8,12.0,12.0,12.0,25.5,12.0,15.3,12.0,17.3,17.89166666666667
2026-08-19 03:00:00,12.0,24.1,87,948.2,17.6,271,0.2,3,2,8,12.0,12.0,12.0,42.5,12.0,12.0,12.0,16.175,17.89166666666667
2026-08-19 04:00:00,12.0,25.0,81,949.0,17.3,274,0.1,4,2,8,12.0,12.0,12.0,20.3,12.0,12.0,12.0,13.633333333333335,17.89166666666667
2026-08-19 05:00:00,12.0,26.3,75,949.4,17.5,270,0.0,5,2,8,12.0,12.0,12.0,17.3,12.0,12.0,12.0,12.941666666666668,17.89166666666667
2026-08-19 06:00:00,12.0,26.6,74,949.2,17.3,271,0.0,6,2,8,12.0,12.0,12.0,18.0,12.0,28.6,12.0,12.5,17.89166666666667
2026-08-19 07:00:00,19.2,27.5,68,948.8,18.7,277,0.0,7,2,8,12.0,12.0,12.0,12.0,12.0,31.0,12.0,12.0,17.89166666666667
2026-08-19 08:00:00,41.2,27.3,69,948.5,18.4,276,0.0,8,2,8,19.2,12.0,12.0,12.0,13.8,15.1,13.200000000000001,12.6,18.191666666666666
2026-08-19 09:00:00,12.0,27.0,70,947.9,20.1,279,0.0,9,2,8,41.2,12.0,12.0,12.0,43.2,29.1,18.066666666666666,15.033333333333331,19.333333333333332
2026-08-19 10:00:00,30.0,26.5,73,947.5,18.3,277,0.0,10,2,8,12.0,19.2,12.0,12.0,18.8,24.0,18.066666666666666,15.033333333333331,18.033333333333335
2026-08-19 11:00:00,15.7,25.6,77,947.4,19.7,283,0.1,11,2,8,30.0,41.2,12.0,12.0,22.3,32.1,21.066666666666666,16.53333333333333,18.5
2026-08-19 12:00:00,47.1,25.0,81,947.3,16.0,272,0.0,12,2,8,15.7,12.0,12.0,12.0,39.7,58.6,21.683333333333334,16.841666666666665,18.224999999999998
2026-08-19 13:00:00,49.9,24.4,85,947.6,13.5,270,0.0,13,2,8,47.1,30.0,19.2,12.0,12.0,35.0,27.53333333333333,19.76666666666667,18.533333333333335
2026-08-19 14:00:00,27.0,23.6,88,947.9,14.0,269,0.0,14,2,8,49.9,15.7,41.2,12.0,25.5,29.9,32.65,22.924999999999997,20.1125
2026-08-19 15:00:00,33.5,23.6,89,948.3,14.8,266,0.0,15,2,8,27.0,47.1,12.0,12.0,42.5,43.5,30.28333333333333,24.174999999999997,20.175
2026-08-19 16:00:00,31.5,23.3,90,948.6,15.3,267,0.0,16,2,8,33.5,49.9,30.0,12.0,20.3,38.7,33.86666666666667,25.966666666666665,19.8
2026-08-19 17:00:00,29.6,23.3,89,948.8,15.5,265,0.0,17,2,8,31.5,27.0,15.7,12.0,17.3,21.5,34.11666666666667,27.591666666666665,20.266666666666666
2026-08-19 18:00:00,12.0,23.0,90,948.5,14.3,263,0.0,18,2,8,29.6,33.5,47.1,12.0,18.0,42.0,36.43333333333334,29.058333333333334,20.779166666666665
2026-08-19 19:00:00,12.0,23.1,91,947.7,14.1,266,0.0,19,2,8,12.0,31.5,49.9,19.2,12.0,12.0,30.583333333333332,29.058333333333334,20.529166666666665
2026-08-19 20:00:00,12.0,23.3,90,947.3,15.3,273,0.0,20,2,8,12.0,29.6,27.0,41.2,12.0,12.0,24.26666666666667,28.458333333333332,20.529166666666665
2026-08-19 21:00:00,12.0,23.2,90,947.0,15.8,271,0.0,21,2,8,12.0,12.0,33.5,12.0,12.0,12.0,21.76666666666667,26.025000000000002,20.529166666666665
2026-08-19 22:00:00,12.0,23.0,91,947.0,14.2,272,0.0,22,2,8,12.0,12.0,31.5,30.0,12.0,12.0,18.183333333333334,26.025000000000002,20.529166666666665
2026-08-19 23:00:00,12.0,22.8,92,947.0,13.3,271,0.0,23,2,8,12.0,12.0,29.6,15.7,12.0,12.0,14.933333333333332,24.525000000000002,20.529166666666665
2026-08-20 00:00:00,13.7,23.0,91,947.1,11.8,261,0.1,0,3,8,12.0,12.0,12.0,47.1,12.0,12.0,12.0,24.21666666666667,20.529166666666665
2026-08-20 01:00:00,12.0,23.1,90,947.6,12.0,254,0.1,1,3,8,13.7,12.0,12.0,49.9,12.0,12.0,12.283333333333333,21.433333333333334,20.599999999999998
2026-08-20 02:00:00,12.0,23.3,88,948.0,13.7,261,0.0,2,3,8,12.0,12.0,12.0,27.0,12.0,12.0,12.283333333333333,18.275,20.599999999999998
2026-08-20 03:00:00,12.0,24.2,84,948.7,16.0,271,0.0,3,3,8,12.0,13.7,12.0,33.5,12.0,12.0,12.283333333333333,17.025,20.599999999999998
2026-08-20 04:00:00,16.6,25.4,78,949.1,16.8,276,0.0,4,3,8,12.0,12.0,12.0,31.5,12.0,12.0,12.283333333333333,15.233333333333333,20.599999999999998
2026-08-20 05:00:00,16.5,26.3,74,949.3,17.5,273,0.1,5,3,8,16.6,12.0,12.0,29.6,12.0,12.0,13.049999999999999,13.991666666666667,20.791666666666668
2026-08-20 06:00:00,16.1,26.9,70,949.3,16.5,276,0.0,6,3,8,16.5,12.0,13.7,12.0,12.0,12.0,13.799999999999999,12.9,20.979166666666668
2026-08-20 07:00:00,21.3,27.5,67,948.6,15.6,282,0.0,7,3,8,16.1,16.6,12.0,12.0,19.2,12.0,14.200000000000001,13.241666666666667,21.15
2026-08-20 08:00:00,12.0,28.2,64,948.0,18.9,278,0.0,8,3,8,21.3,16.5,12.0,12.0,41.2,13.8,15.75,14.016666666666666,21.2375
2026-08-20 09:00:00,30.9,27.0,69,947.1,18.4,276,0.0,9,3,8,12.0,16.1,12.0,12.0,12.0,43.2,15.75,14.016666666666666,20.020833333333332
2026-08-20 10:00:00,33.2,27.3,69,946.9,18.8,279,0.0,10,3,8,30.9,21.3,16.6,12.0,30.0,18.8,18.900000000000002,15.591666666666667,20.808333333333334
2026-08-20 11:00:00,29.1,26.3,73,946.8,18.4,280,0.0,11,3,8,33.2,12.0,16.5,12.0,15.7,22.3,21.666666666666668,17.358333333333334,20.941666666666666
2026-08-20 12:00:00,60.4,25.8,76,946.8,15.0,276,0.1,12,3,8,29.1,30.9,16.1,13.7,47.1,39.7,23.76666666666667,18.783333333333335,21.5
2026-08-20 13:00:00,64.9,24.8,79,947.1,14.0,270,0.0,13,3,8,60.4,33.2,21.3,12.0,49.9,12.0,31.150000000000002,22.675,22.054166666666664
2026-08-20 14:00:00,28.9,23.6,84,947.6,13.2,258,0.0,14,3,8,64.9,29.1,12.0,12.0,27.0,25.5,38.41666666666667,27.083333333333332,22.67916666666667
2026-08-20 15:00:00,50.0,23.0,88,947.7,13.0,253,0.0,15,3,8,28.9,60.4,30.9,12.0,33.5,42.5,41.233333333333334,28.49166666666667,22.758333333333336
2026-08-20 16:00:00,23.6,23.0,89,948.0,14.1,255,0.0,16,3,8,50.0,64.9,33.2,16.6,31.5,20.3,44.416666666666664,31.658333333333335,23.445833333333336
2026-08-20 17:00:00,32.6,22.9,89,948.2,13.9,259,0.0,17,3,8,23.6,28.9,29.1,16.5,29.6,17.3,42.81666666666666,32.24166666666667,23.11666666666667
2026-08-20 18:00:00,12.0,22.7,88,947.7,13.2,264,0.0,18,3,8,32.6,50.0,60.4,16.1,12.0,18.0,43.400000000000006,33.583333333333336,23.24166666666667
2026-08-20 19:00:00,27.7,22.5,89,947.4,11.8,264,0.0,19,3,8,12.0,23.6,64.9,21.3,12.0,12.0,35.333333333333336,33.24166666666667,23.24166666666667
2026-08-20 20:00:00,12.0,22.7,90,947.3,11.0,265,0.0,20,3,8,27.7,32.6,28.9,12.0,12.0,12.0,29.133333333333336,33.775,23.895833333333332
2026-08-20 21:00:00,12.0,22.7,90,947.1,11.1,263,0.0,21,3,8,12.0,12.0,50.0,30.9,12.0,12.0,26.316666666666666,33.775,23.895833333333332
2026-08-20 22:00:00,20.3,22.4,91,946.8,10.3,269,0.0,22,3,8,12.0,27.7,23.6,33.2,12.0,12.0,19.98333333333333,32.199999999999996,23.895833333333332
2026-08-20 23:00:00,21.2,22.4,90,946.7,10.3,267,0.0,23,3,8,20.3,12.0,32.6,29.1,12.0,12.0,19.433333333333334,31.125,24.24166666666667
2026-08-21 00:00:00,12.0,22.3,91,946.5,11.3,260,0.0,0,4,8,21.2,12.0,12.0,60.4,13.7,12.0,17.533333333333335,30.466666666666665,24.625
2026-08-21 01:00:00,12.0,22.3,90,946.9,11.5,262,0.0,1,4,8,12.0,20.3,27.7,64.9,12.0,12.0,17.53333333333333,26.433333333333334,24.554166666666664
2026-08-21 02:00:00,12.0,23.0,88,947.6,12.4,268,0.0,2,4,8,12.0,21.2,12.0,28.9,12.0,12.0,14.916666666666666,22.025000000000002,24.554166666666664
2026-08-21 03:00:00,12.0,23.7,84,948.2,13.7,266,0.0,3,4,8,12.0,12.0,12.0,50.0,12.0,12.0,14.916666666666666,20.616666666666667,24.554166666666664
2026-08-21 04:00:00,12.0,25.3,75,948.6,14.2,269,0.0,4,4,8,12.0,12.0,20.3,23.6,16.6,12.0,14.916666666666666,17.45,24.554166666666664
2026-08-21 05:00:00,12.0,26.5,69,948.4,16.7,269,0.1,5,4,8,12.0,12.0,21.2,32.6,16.5,12.0,13.533333333333331,16.483333333333334,24.3625
2026-08-21 06:00:00,29.3,27.4,65,948.3,17.3,267,0.0,6,4,8,12.0,12.0,12.0,12.0,16.1,12.0,12.0,14.766666666666667,24.175
2026-08-21 07:00:00,25.8,28.1,63,947.8,15.9,265,0.0,7,4,8,29.3,12.0,12.0,27.7,21.3,19.2,14.883333333333335,16.208333333333332,24.725000000000005
2026-08-21 08:00:00,13.0,28.1,61,947.1,16.8,265,0.1,8,4,8,25.8,12.0,12.0,12.0,12.0,41.2,17.183333333333334,16.05,24.912499999999998
2026-08-21 09:00:00,15.6,27.0,67,946.6,18.8,265,0.5,9,4,8,13.0,29.3,12.0,12.0,30.9,12.0,17.35,16.133333333333333,24.954166666666666
2026-08-21 10:00:00,29.3,26.8,70,946.1,19.4,264,0.6,10,4,8,15.6,25.8,12.0,20.3,33.2,30.0,17.95,16.433333333333334,24.316666666666666
2026-08-21 11:00:00,21.4,26.2,72,945.9,18.9,267,0.0,11,4,8,29.3,13.0,12.0,21.2,29.1,15.7,20.833333333333332,17.183333333333334,24.15416666666667
2026-08-21 12:00:00,23.1,25.5,75,946.0,15.9,261,0.0,12,4,8,21.4,15.6,29.3,12.0,60.4,47.1,22.400000000000002,17.2,23.833333333333332
2026-08-21 13:00:00,59.6,24.5,79,946.3,14.5,265,0.0,13,4,8,23.1,29.3,25.8,12.0,64.9,49.9,21.366666666666664,18.125,22.27916666666667
2026-08-21 14:00:00,54.7,23.5,85,946.9,12.9,261,0.0,14,4,8,59.6,21.4,13.0,12.0,28.9,27.0,27.0,22.09166666666667,22.058333333333337
2026-08-21 15:00:00,39.5,23.1,86,947.3,12.8,260,0.0,15,4,8,54.7,23.1,15.6,12.0,50.0,33.5,33.949999999999996,25.650000000000002,23.133333333333336
2026-08-21 16:00:00,26.7,23.1,87,947.9,11.9,259,0.0,16,4,8,39.5,59.6,29.3,12.0,23.6,31.5,37.93333333333334,27.941666666666666,22.695833333333336
2026-08-21 17:00:00,32.2,23.0,88,948.3,12.7,259,0.0,17,4,8,26.7,54.7,21.4,12.0,32.6,29.6,37.5,29.166666666666668,22.825
2026-08-21 18:00:00,22.5,22.7,88,947.8,12.3,258,0.0,18,4,8,32.2,39.5,23.1,29.3,12.0,12.0,39.300000000000004,30.849999999999998,22.808333333333334
2026-08-21 19:00:00,19.5,22.4,90,947.2,11.2,258,0.0,19,4,8,22.5,26.7,59.6,25.8,27.7,12.0,39.199999999999996,30.28333333333333,23.245833333333334
2026-08-21 20:00:00,32.4,22.3,90,946.8,10.2,256,0.0,20,4,8,19.5,32.2,54.7,13.0,12.0,12.0,32.51666666666667,29.758333333333336,22.90416666666667
2026-08-21 21:00:00,17.2,22.3,91,946.2,10.0,255,0.0,21,4,8,32.4,22.5,39.5,15.6,12.0,12.0,28.8,31.375000000000004,23.754166666666666
2026-08-21 22:00:00,12.0,22.4,90,945.9,11.4,252,0.0,22,4,8,17.2,19.5,26.7,29.3,20.3,12.0,25.08333333333334,31.508333333333336,23.970833333333335
2026-08-21 23:00:00,12.0,22.4,90,946.2,10.1,254,0.0,23,4,8,12.0,32.4,32.2,21.4,21.2,12.0,22.633333333333336,30.066666666666666,23.625
2026-08-22 00:00:00,12.0,23.0,89,946.1,12.5,254,0.0,0,5,8,12.0,17.2,22.5,23.1,12.0,13.7,19.266666666666666,29.283333333333335,23.24166666666667
2026-08-22 01:00:00,12.0,23.1,88,946.6,10.9,261,0.0,1,5,8,12.0,12.0,19.5,59.6,12.0,12.0,17.516666666666666,28.358333333333334,23.24166666666667
2026-08-22 02:00:00,12.0,23.3,87,947.0,11.6,257,0.0,2,5,8,12.0,12.0,32.4,54.7,12.0,12.0,16.266666666666666,24.39166666666667,23.24166666666667
2026-08-22 03:00:00,12.0,23.9,84,947.7,14.9,255,0.0,3,5,8,12.0,12.0,17.2,39.5,12.0,12.0,12.866666666666665,20.833333333333332,23.24166666666667
2026-08-22 04:00:00,12.4,24.8,79,948.1,15.8,258,0.2,4,5,8,12.0,12.0,12.0,26.7,12.0,16.6,12.0,18.541666666666668,23.24166666666667
2026-08-22 05:00:00,14.8,25.7,74,948.2,17.2,264,0.2,5,5,8,12.4,12.0,12.0,32.2,12.0,16.5,12.066666666666668,17.349999999999998,23.258333333333336
2026-08-22 06:00:00,13.6,26.1,74,948.0,20.1,276,0.5,6,5,8,14.8,12.0,12.0,22.5,29.3,16.1,12.533333333333333,15.9,23.375
2026-08-22 07:00:00,37.5,27.0,71,947.2,17.4,277,0.1,7,5,8,13.6,12.4,12.0,19.5,25.8,21.3,12.800000000000002,15.158333333333333,22.72083333333333
2026-08-22 08:00:00,23.8,26.6,68,947.0,20.4,282,0.6,8,5,8,37.5,14.8,12.0,32.4,13.0,12.0,17.05,16.65833333333333,23.208333333333332
2026-08-22 09:00:00,26.6,25.9,73,946.1,16.8,274,0.1,9,5,8,23.8,13.6,12.0,17.2,15.6,30.9,19.01666666666667,15.941666666666668,23.65833333333333
2026-08-22 10:00:00,41.0,25.9,75,945.8,18.1,276,0.4,10,5,8,26.6,37.5,12.4,12.0,29.3,33.2,21.450000000000003,16.724999999999998,24.116666666666664
2026-08-22 11:00:00,55.0,25.1,77,945.3,18.6,283,0.0,11,5,8,41.0,23.8,14.8,12.0,21.4,29.1,26.21666666666667,19.141666666666666,24.604166666666668
2026-08-22 12:00:00,37.1,25.0,79,945.2,17.5,272,0.0,12,5,8,55.0,26.6,13.6,12.0,23.1,60.4,32.916666666666664,22.724999999999998,26.004166666666666
2026-08-22 13:00:00,43.7,24.0,85,945.6,15.3,272,0.2,13,5,8,37.1,41.0,37.5,12.0,59.6,64.9,36.833333333333336,24.816666666666666,26.587500000000002
2026-08-22 14:00:00,15.5,23.7,87,946.1,13.7,261,0.0,14,5,8,43.7,55.0,23.8,12.0,54.7,28.9,37.86666666666667,27.458333333333332,25.925
2026-08-22 15:00:00,54.0,23.2,88,946.6,12.1,260,0.0,15,5,8,15.5,37.1,26.6,12.0,39.5,50.0,36.483333333333334,27.75,24.291666666666668
2026-08-22 16:00:00,43.2,23.2,88,947.1,11.8,258,0.0,16,5,8,54.0,43.7,41.0,12.4,26.7,23.6,41.05,31.25,24.895833333333332
2026-08-22 17:00:00,52.1,23.1,89,947.3,11.1,261,0.0,17,5,8,43.2,15.5,55.0,14.8,32.2,32.6,41.41666666666667,33.81666666666667,25.583333333333332
2026-08-22 18:00:00,12.0,23.4,89,946.9,10.0,252,0.0,18,5,8,52.1,54.0,37.1,13.6,22.5,12.0,40.93333333333333,36.925000000000004,26.412499999999998
2026-08-22 19:00:00,15.9,23.3,89,946.2,12.2,244,0.0,19,5,8,12.0,43.2,43.7,37.5,19.5,27.7,36.75,36.791666666666664,25.974999999999998
2026-08-22 20:00:00,19.3,22.9,89,945.7,10.8,252,0.0,20,5,8,15.9,52.1,15.5,23.8,32.4,12.0,32.11666666666667,34.99166666666667,25.825
2026-08-22 21:00:00,12.0,22.8,90,945.3,9.9,261,0.0,21,5,8,19.3,12.0,54.0,26.6,17.2,12.0,32.75,34.61666666666667,25.27916666666667
2026-08-22 22:00:00,12.0,22.6,91,945.0,10.8,272,0.0,22,5,8,12.0,15.9,43.2,41.0,12.0,20.3,25.75,33.4,25.0625
2026-08-22 23:00:00,15.1,22.6,89,945.0,10.4,270,0.0,23,5,8,12.0,19.3,52.1,55.0,12.0,21.2,20.55,30.983333333333334,25.0625
2026-08-23 00:00:00,12.0,22.9,91,945.1,10.7,262,0.0,0,6,8,15.1,12.0,12.0,37.1,12.0,12.0,14.383333333333333,27.658333333333335,25.191666666666666
2026-08-23 01:00:00,12.0,22.9,90,945.7,9.9,265,0.0,1,6,8,12.0,12.0,15.9,43.7,12.0,12.0,14.383333333333333,25.566666666666666,25.191666666666666
2026-08-23 02:00:00,14.2,23.4,87,946.5,10.9,261,0.0,2,6,8,12.0,15.1,19.3,15.5,12.0,12.0,13.733333333333333,22.925,25.191666666666666
2026-08-23 03:00:00,12.0,24.4,82,947.0,14.9,258,0.0,3,6,8,14.2,12.0,12.0,54.0,12.0,12.0,12.883333333333333,22.816666666666666,25.28333333333333
2026-08-23 04:00:00,12.0,25.8,74,947.5,15.9,264,0.1,4,6,8,12.0,12.0,12.0,43.2,12.4,12.0,12.883333333333333,19.316666666666666,25.28333333333333
2026-08-23 05:00:00,17.0,26.4,71,947.7,15.5,265,0.1,5,6,8,12.0,14.2,15.1,52.1,14.8,12.0,12.883333333333333,16.71666666666667,25.266666666666666
2026-08-23 06:00:00,12.0,26.8,72,947.5,18.4,265,0.3,6,6,8,17.0,12.0,12.0,12.0,13.6,29.3,13.199999999999998,13.791666666666666,25.358333333333334
2026-08-23 07:00:00,21.0,27.6,69,947.1,18.9,271,0.3,7,6,8,12.0,12.0,12.0,15.9,37.5,25.8,13.199999999999998,13.791666666666666,25.291666666666668
2026-08-23 08:00:00,22.0,27.4,71,946.5,19.3,268,0.3,8,6,8,21.0,17.0,14.2,19.3,23.8,13.0,14.699999999999998,14.216666666666669,24.604166666666668
2026-08-23 09:00:00,34.2,27.1,72,945.8,19.8,267,0.2,9,6,8,22.0,12.0,12.0,12.0,26.6,15.6,16.0,14.441666666666668,24.52916666666667
2026-08-23 10:00:00,38.3,26.7,74,945.7,19.3,269,0.4,10,6,8,34.2,21.0,12.0,12.0,41.0,29.3,19.7,16.291666666666668,24.845833333333335
2026-08-23 11:00:00,37.4,26.2,77,945.3,20.4,273,0.4,11,6,8,38.3,22.0,17.0,15.1,55.0,21.4,24.083333333333332,18.483333333333334,24.733333333333334
2026-08-23 12:00:00,33.4,25.7,77,945.6,17.5,267,0.1,12,6,8,37.4,34.2,12.0,12.0,37.1,23.1,27.48333333333333,20.341666666666665,24.0
2026-08-23 13:00:00,41.1,24.6,83,945.9,14.8,269,0.0,13,6,8,33.4,38.3,21.0,12.0,43.7,59.6,31.049999999999997,22.125,23.84583333333333
2026-08-23 14:00:00,33.0,23.8,87,946.5,13.6,263,0.0,14,6,8,41.1,37.4,22.0,14.2,15.5,54.7,34.4,24.55,23.737499999999997
2026-08-23 15:00:00,32.6,23.5,88,946.9,13.1,261,0.0,15,6,8,33.0,33.4,34.2,12.0,54.0,39.5,36.23333333333333,26.11666666666667,24.466666666666665
2026-08-23 16:00:00,51.7,23.3,89,947.6,11.9,264,0.0,16,6,8,32.6,41.1,38.3,12.0,43.2,26.7,35.96666666666667,27.833333333333332,23.575
2026-08-23 17:00:00,19.9,23.2,90,948.0,10.8,267,0.0,17,6,8,51.7,33.0,37.4,17.0,52.1,32.2,38.199999999999996,31.14166666666667,23.92916666666667
2026-08-23 18:00:00,12.0,23.3,89,947.4,11.6,265,0.0,18,6,8,19.9,32.6,33.4,12.0,12.0,22.5,35.28333333333334,31.383333333333336,22.587500000000002
2026-08-23 19:00:00,20.2,23.1,90,946.7,11.0,265,0.0,19,6,8,12.0,51.7,41.1,21.0,15.9,19.5,31.71666666666667,31.383333333333336,22.587500000000002
2026-08-23 20:00:00,12.0,22.9,91,946.3,10.8,265,0.0,20,6,8,20.2,19.9,33.0,22.0,19.3,32.4,28.23333333333333,31.316666666666666,22.76666666666667
2026-08-23 21:00:00,16.6,22.9,91,945.7,10.3,265,0.0,21,6,8,12.0,12.0,32.6,34.2,12.0,17.2,24.73333333333333,30.483333333333334,22.462500000000002
2026-08-23 22:00:00,12.0,22.7,92,945.3,9.4,265,0.0,22,6,8,16.6,20.2,51.7,38.3,12.0,12.0,22.066666666666666,29.01666666666667,22.654166666666665
2026-08-23 23:00:00,14.3,22.6,93,945.3,8.4,260,0.0,23,6,8,12.0,12.0,19.9,37.4,15.1,12.0,15.450000000000001,26.825000000000003,22.654166666666665
