timestamp,pm25,temperature,humidity,pressure,wind_speed,wind_direction,rainfall,hour,day_of_week,month,pm25_lag_1,pm25_lag_3,pm25_lag_6,pm25_lag_12,pm25_lag_24,pm25_lag_48,pm25_rolling_mean_6,pm25_rolling_mean_12,pm25_rolling_mean_24
2026-02-26 08:00:00,66.0,32.4,27,1003.7,10.2,318,0.0,8,3,2,80.0,75.0,58.0,55.0,44.0,32.0,73.66666666666667,61.583333333333336,56.791666666666664
2026-02-26 09:00:00,44.0,32.6,25,1002.5,9.7,298,0.0,9,3,2,66.0,78.0,73.0,54.0,48.0,33.0,75.0,62.5,57.708333333333336
2026-02-26 10:00:00,50.0,32.5,22,1002.0,8.7,297,0.0,10,3,2,44.0,80.0,78.0,50.0,54.0,37.0,70.16666666666667,61.666666666666664,57.541666666666664
2026-02-26 11:00:00,58.0,31.5,22,1002.0,10.7,320,0.0,11,3,2,50.0,66.0,75.0,45.0,56.0,47.0,65.5,61.666666666666664,57.375
2026-02-26 12:00:00,54.0,28.7,28,1002.1,7.6,342,0.0,12,3,2,58.0,44.0,78.0,44.0,57.0,52.0,62.666666666666664,62.75,57.458333333333336
2026-02-26 13:00:00,77.0,26.7,32,1002.4,5.1,32,0.0,13,3,2,54.0,50.0,80.0,49.0,49.0,49.0,58.666666666666664,63.583333333333336,57.333333333333336
2026-02-26 14:00:00,131.0,24.9,44,1003.8,7.2,179,0.0,14,3,2,77.0,58.0,66.0,58.0,45.0,64.0,58.166666666666664,65.91666666666667,58.5
2026-02-26 15:00:00,96.0,22.8,84,1004.7,8.7,198,0.0,15,3,2,131.0,54.0,44.0,73.0,46.0,54.0,69.0,72.0,62.083333333333336
2026-02-26 16:00:00,92.0,22.3,91,1005.2,10.7,205,0.0,16,3,2,96.0,77.0,50.0,78.0,54.0,60.0,77.66666666666667,73.91666666666667,64.16666666666667
2026-02-26 17:00:00,95.0,22.2,94,1005.2,9.8,216,0.0,17,3,2,92.0,131.0,58.0,75.0,55.0,67.0,84.66666666666667,75.08333333333333,65.75
2026-02-26 18:00:00,81.0,22.2,98,1004.7,10.0,210,0.0,18,3,2,95.0,96.0,54.0,78.0,60.0,67.0,90.83333333333333,76.75,67.41666666666667
2026-02-26 19:00:00,74.0,22.2,98,1004.2,8.9,207,0.0,19,3,2,81.0,92.0,77.0,80.0,56.0,42.0,95.33333333333333,77.0,68.29166666666667
2026-02-26 20:00:00,53.0,22.0,99,1003.9,9.4,206,0.0,20,3,2,74.0,95.0,131.0,66.0,55.0,59.0,94.83333333333333,76.5,69.04166666666667
2026-02-26 21:00:00,44.0,22.1,99,1003.8,10.2,214,0.0,21,3,2,53.0,81.0,96.0,44.0,54.0,48.0,81.83333333333333,75.41666666666667,68.95833333333333
2026-02-26 22:00:00,31.0,22.0,99,1003.6,9.0,223,0.0,22,3,2,44.0,74.0,92.0,50.0,50.0,48.0,73.16666666666667,75.41666666666667,68.54166666666667
2026-02-26 23:00:00,33.0,21.9,99,1003.9,8.0,234,0.0,23,3,2,31.0,53.0,95.0,58.0,45.0,49.0,63.0,73.83333333333333,67.75
2026-02-27 00:00:00,38.0,21.4,99,1004.1,8.0,247,0.0,0,4,2,33.0,44.0,81.0,54.0,44.0,58.0,52.666666666666664,71.75,67.25
2026-02-27 01:00:00,58.0,21.2,98,1004.7,6.4,254,0.0,1,4,2,38.0,31.0,74.0,77.0,49.0,50.0,45.5,70.41666666666667,67.0
2026-02-27 02:00:00,79.0,22.7,95,1005.6,4.8,255,0.0,2,4,2,58.0,33.0,53.0,131.0,58.0,71.0,42.833333333333336,68.83333333333333,67.375
2026-02-27 03:00:00,89.0,25.3,81,1006.1,4.7,238,0.0,3,4,2,79.0,38.0,44.0,96.0,73.0,67.0,47.166666666666664,64.5,68.25
2026-02-27 04:00:00,75.0,27.7,67,1006.3,5.4,220,0.0,4,4,2,89.0,58.0,31.0,92.0,78.0,64.0,54.666666666666664,63.916666666666664,68.91666666666667
2026-02-27 05:00:00,77.0,30.1,48,1005.7,4.5,217,0.0,5,4,2,75.0,79.0,33.0,95.0,75.0,55.0,62.0,62.5,68.79166666666667
2026-02-27 06:00:00,64.0,31.1,36,1004.8,1.6,243,0.0,6,4,2,77.0,89.0,38.0,81.0,78.0,50.0,69.33333333333333,61.0,68.875
2026-02-27 07:00:00,62.0,33.2,25,1003.6,2.7,332,0.0,7,4,2,64.0,75.0,58.0,74.0,80.0,53.0,73.66666666666667,59.583333333333336,68.29166666666667
2026-02-27 08:00:00,49.0,33.6,21,1002.3,9.2,332,0.0,8,4,2,62.0,77.0,79.0,53.0,66.0,44.0,74.33333333333333,58.583333333333336,67.54166666666667
2026-02-27 09:00:00,45.0,33.1,21,1001.4,9.5,321,0.0,9,4,2,49.0,64.0,89.0,44.0,44.0,48.0,69.33333333333333,58.25,66.83333333333333
2026-02-27 10:00:00,42.0,33.4,20,1000.7,3.8,275,0.0,10,4,2,45.0,62.0,75.0,31.0,50.0,54.0,62.0,58.333333333333336,66.875
2026-02-27 11:00:00,49.0,32.8,20,1000.6,9.8,320,0.0,11,4,2,42.0,49.0,77.0,33.0,58.0,56.0,56.5,59.25,66.54166666666667
2026-02-27 12:00:00,65.0,28.9,37,1000.6,5.2,239,0.0,12,4,2,49.0,45.0,64.0,38.0,54.0,57.0,51.833333333333336,60.583333333333336,66.16666666666667
2026-02-27 13:00:00,66.0,26.6,49,1001.3,9.3,170,0.0,13,4,2,65.0,42.0,62.0,58.0,77.0,49.0,52.0,62.833333333333336,66.625
2026-02-27 14:00:00,68.0,24.4,74,1002.3,11.8,197,0.0,14,4,2,66.0,49.0,49.0,79.0,131.0,45.0,52.666666666666664,63.5,66.16666666666667
2026-02-27 15:00:00,52.0,23.6,83,1003.3,9.6,189,0.0,15,4,2,68.0,65.0,45.0,89.0,96.0,46.0,55.833333333333336,62.583333333333336,63.541666666666664
2026-02-27 16:00:00,46.0,23.1,86,1003.4,10.5,199,0.0,16,4,2,52.0,66.0,42.0,75.0,92.0,54.0,57.0,59.5,61.708333333333336
2026-02-27 17:00:00,56.0,22.8,92,1003.3,10.7,209,0.0,17,4,2,46.0,68.0,49.0,77.0,95.0,55.0,57.666666666666664,57.083333333333336,59.791666666666664
2026-02-27 18:00:00,43.0,22.8,94,1002.9,11.6,208,0.0,18,4,2,56.0,52.0,65.0,64.0,81.0,60.0,58.833333333333336,55.333333333333336,58.166666666666664
2026-02-27 19:00:00,45.0,22.8,91,1002.5,13.2,214,0.0,19,4,2,43.0,46.0,66.0,62.0,74.0,56.0,55.166666666666664,53.583333333333336,56.583333333333336
2026-02-27 20:00:00,40.0,22.5,92,1002.0,12.5,217,0.0,20,4,2,45.0,56.0,68.0,49.0,53.0,55.0,51.666666666666664,52.166666666666664,55.375
2026-02-27 21:00:00,49.0,22.1,93,1001.6,11.3,217,0.0,21,4,2,40.0,43.0,52.0,45.0,44.0,54.0,47.0,51.416666666666664,54.833333333333336
2026-02-27 22:00:00,44.0,21.7,93,1001.6,9.4,227,0.0,22,4,2,49.0,45.0,46.0,42.0,31.0,50.0,46.5,51.75,55.041666666666664
2026-02-27 23:00:00,53.0,20.8,93,1001.8,4.5,268,0.0,23,4,2,44.0,40.0,56.0,49.0,33.0,45.0,46.166666666666664,51.916666666666664,55.583333333333336
2026-02-28 00:00:00,47.0,20.3,90,1002.3,4.2,265,0.0,0,5,2,53.0,49.0,43.0,65.0,38.0,44.0,45.666666666666664,52.25,56.416666666666664
2026-02-28 01:00:00,65.0,20.3,87,1003.2,3.4,245,0.0,1,5,2,47.0,44.0,45.0,66.0,58.0,49.0,46.333333333333336,50.75,56.791666666666664
2026-02-28 02:00:00,77.0,23.0,75,1004.4,3.1,324,0.0,2,5,2,65.0,53.0,40.0,68.0,79.0,58.0,49.666666666666664,50.666666666666664,57.083333333333336
2026-02-28 03:00:00,94.0,26.1,57,1005.2,2.7,4,0.0,3,5,2,77.0,47.0,49.0,52.0,89.0,73.0,55.833333333333336,51.416666666666664,57.0
2026-02-28 04:00:00,108.0,28.7,48,1005.6,0.7,90,0.0,4,5,2,94.0,65.0,44.0,46.0,75.0,78.0,63.333333333333336,54.916666666666664,57.208333333333336
2026-02-28 05:00:00,98.0,31.1,40,1005.3,2.1,165,0.0,5,5,2,108.0,77.0,53.0,56.0,77.0,75.0,74.0,60.083333333333336,58.583333333333336
2026-02-28 06:00:00,84.0,32.2,33,1004.0,3.8,175,0.0,6,5,2,98.0,94.0,47.0,43.0,64.0,78.0,81.5,63.583333333333336,59.458333333333336
2026-02-28 07:00:00,71.0,33.9,27,1002.8,4.0,175,0.0,7,5,2,84.0,108.0,65.0,45.0,62.0,80.0,87.66666666666667,67.0,60.291666666666664
2026-02-28 08:00:00,41.0,34.8,23,1001.5,2.2,180,0.0,8,5,2,71.0,98.0,77.0,40.0,49.0,66.0,88.66666666666667,69.16666666666667,60.666666666666664
2026-02-28 09:00:00,46.0,35.0,19,1000.8,6.6,311,0.0,9,5,2,41.0,84.0,94.0,49.0,45.0,44.0,82.66666666666667,69.25,60.333333333333336
2026-02-28 10:00:00,46.0,34.2,20,1000.6,10.3,305,0.0,10,5,2,46.0,71.0,108.0,44.0,42.0,50.0,74.66666666666667,69.0,60.375
2026-02-28 11:00:00,47.0,33.8,21,1000.8,7.2,271,0.0,11,5,2,46.0,41.0,98.0,53.0,49.0,58.0,64.33333333333333,69.16666666666667,60.541666666666664
2026-02-28 12:00:00,53.0,30.7,31,1000.8,7.0,183,0.0,12,5,2,47.0,46.0,84.0,47.0,65.0,54.0,55.833333333333336,68.66666666666667,60.458333333333336
2026-02-28 13:00:00,57.0,26.5,69,1001.9,14.6,164,0.0,13,5,2,53.0,46.0,71.0,65.0,66.0,77.0,50.666666666666664,69.16666666666667,59.958333333333336
2026-02-28 14:00:00,60.0,25.2,79,1002.6,11.2,192,0.0,14,5,2,57.0,47.0,41.0,77.0,68.0,131.0,48.333333333333336,68.5,59.583333333333336
2026-02-28 15:00:00,75.0,24.7,85,1003.5,15.2,203,0.0,15,5,2,60.0,53.0,46.0,94.0,52.0,96.0,51.5,67.08333333333333,59.25
2026-02-28 16:00:00,76.0,24.3,90,1003.6,14.6,210,0.0,16,5,2,75.0,57.0,46.0,108.0,46.0,92.0,56.333333333333336,65.5,60.208333333333336
2026-02-28 17:00:00,77.0,23.9,93,1003.8,12.3,203,0.0,17,5,2,76.0,60.0,47.0,98.0,56.0,95.0,61.333333333333336,62.833333333333336,61.458333333333336
2026-02-28 18:00:00,57.0,23.8,96,1003.5,11.9,202,0.0,18,5,2,77.0,75.0,53.0,84.0,43.0,81.0,66.33333333333333,61.083333333333336,62.333333333333336
2026-02-28 20:00:00,43.0,23.7,98,1002.7,13.3,207,0.0,20,5,2,57.0,76.0,57.0,71.0,45.0,74.0,67.0,58.833333333333336,62.916666666666664
2026-02-28 21:00:00,50.0,23.6,96,1002.1,14.4,206,0.0,21,5,2,43.0,77.0,60.0,41.0,40.0,53.0,64.66666666666667,56.5,62.833333333333336
2026-02-28 22:00:00,47.0,23.2,95,1001.7,13.8,207,0.0,22,5,2,50.0,57.0,75.0,46.0,49.0,44.0,63.0,57.25,63.25
2026-02-28 23:00:00,47.0,22.9,94,1001.8,15.1,208,0.0,23,5,2,47.0,43.0,76.0,46.0,44.0,31.0,58.333333333333336,57.333333333333336,63.166666666666664
2026-03-01 00:00:00,51.0,23.1,96,1002.2,13.9,216,0.0,0,6,3,47.0,50.0,77.0,47.0,53.0,33.0,53.5,57.416666666666664,63.291666666666664
2026-03-01 01:00:00,46.0,23.1,95,1002.9,14.1,215,0.0,1,6,3,51.0,47.0,57.0,53.0,47.0,38.0,49.166666666666664,57.75,63.208333333333336
2026-03-01 02:00:00,56.0,24.6,88,1003.7,12.2,213,0.0,2,6,3,46.0,47.0,43.0,57.0,65.0,58.0,47.333333333333336,57.166666666666664,63.166666666666664
2026-03-01 03:00:00,67.0,27.3,73,1004.5,11.2,215,0.0,3,6,3,56.0,51.0,50.0,60.0,77.0,79.0,49.5,57.083333333333336,62.791666666666664
2026-03-01 04:00:00,77.0,30.4,54,1004.8,10.2,219,0.0,4,6,3,67.0,46.0,47.0,75.0,94.0,89.0,52.333333333333336,57.666666666666664,62.375
2026-03-01 05:00:00,72.0,33.0,38,1004.7,10.1,223,0.0,5,6,3,77.0,56.0,47.0,76.0,108.0,75.0,57.333333333333336,57.833333333333336,61.666666666666664
2026-03-01 06:00:00,97.0,34.5,31,1003.6,10.8,216,0.0,6,6,3,72.0,67.0,51.0,77.0,98.0,77.0,61.5,57.5,60.166666666666664
2026-03-01 07:00:00,81.0,35.5,27,1002.6,10.9,207,0.0,7,6,3,97.0,77.0,46.0,57.0,84.0,64.0,69.16666666666667,59.166666666666664,60.125
2026-03-01 08:00:00,64.0,36.5,24,1001.6,7.5,224,0.0,8,6,3,81.0,72.0,56.0,43.0,71.0,62.0,75.0,61.166666666666664,60.0
2026-03-01 09:00:00,58.0,36.2,22,1000.9,7.3,295,0.0,9,6,3,64.0,97.0,67.0,50.0,41.0,49.0,76.33333333333333,62.916666666666664,59.708333333333336
2026-03-01 10:00:00,55.0,34.8,24,1001.0,8.5,215,0.0,10,6,3,58.0,81.0,77.0,47.0,46.0,45.0,74.83333333333333,63.583333333333336,60.416666666666664
2026-03-01 11:00:00,75.0,30.5,48,1001.4,18.2,182,0.0,11,6,3,55.0,64.0,72.0,47.0,46.0,42.0,71.16666666666667,64.25,60.791666666666664
2026-03-01 12:00:00,76.0,29.3,60,1001.5,17.3,190,0.0,12,6,3,75.0,58.0,97.0,51.0,47.0,49.0,71.66666666666667,66.58333333333333,62.0
2026-03-01 13:00:00,95.0,27.5,67,1002.3,18.3,200,0.0,13,6,3,76.0,55.0,81.0,46.0,53.0,65.0,68.16666666666667,68.66666666666667,63.208333333333336
2026-03-01 14:00:00,77.0,26.5,70,1003.3,17.4,200,0.0,14,6,3,95.0,75.0,64.0,56.0,57.0,66.0,70.5,72.75,64.95833333333333
2026-03-01 15:00:00,69.0,25.7,77,1004.0,17.6,204,0.0,15,6,3,77.0,76.0,58.0,67.0,60.0,68.0,72.66666666666667,74.5,65.79166666666667
2026-03-01 16:00:00,59.0,25.5,81,1004.2,18.4,205,0.0,16,6,3,69.0,95.0,55.0,77.0,75.0,52.0,74.5,74.66666666666667,66.16666666666667
2026-03-01 17:00:00,61.0,25.2,82,1004.4,18.0,206,0.0,17,6,3,59.0,77.0,75.0,72.0,76.0,46.0,75.16666666666667,73.16666666666667,65.5
2026-03-01 18:00:00,61.0,25.1,88,1004.1,16.0,214,0.0,18,6,3,61.0,69.0,76.0,97.0,77.0,56.0,72.83333333333333,72.25,64.875
2026-03-01 20:00:00,51.0,24.5,88,1002.8,13.6,214,0.0,20,6,3,61.0,59.0,95.0,81.0,57.0,43.0,70.33333333333333,69.25,64.20833333333333
2026-03-01 21:00:00,51.0,24.2,89,1002.6,13.0,222,0.0,21,6,3,51.0,61.0,77.0,64.0,43.0,45.0,63.0,66.75,63.958333333333336
2026-03-01 22:00:00,54.0,23.9,92,1002.4,13.0,222,0.0,22,6,3,51.0,61.0,69.0,58.0,50.0,40.0,58.666666666666664,65.66666666666667,64.29166666666667
2026-03-01 23:00:00,52.0,23.6,92,1002.5,12.4,223,0.0,23,6,3,54.0,51.0,59.0,55.0,47.0,49.0,56.166666666666664,65.33333333333333,64.45833333333333
2026-03-02 00:00:00,58.0,24.0,90,1003.1,11.8,219,0.0,0,0,3,52.0,51.0,61.0,75.0,47.0,44.0,55.0,65.08333333333333,64.66666666666667
2026-03-02 01:00:00,60.0,24.1,87,1003.9,9.5,224,0.0,1,0,3,58.0,54.0,61.0,76.0,51.0,53.0,54.5,63.666666666666664,65.125
2026-03-02 02:00:00,89.0,26.0,77,1005.2,7.2,267,0.0,2,0,3,60.0,52.0,51.0,95.0,46.0,47.0,54.333333333333336,62.333333333333336,65.5
2026-03-02 03:00:00,160.0,28.6,61,1005.9,7.3,239,0.0,3,0,3,89.0,58.0,51.0,77.0,56.0,65.0,60.666666666666664,61.833333333333336,67.29166666666667
2026-03-02 04:00:00,120.0,31.4,50,1006.5,5.4,307,0.0,4,0,3,160.0,60.0,54.0,69.0,67.0,77.0,78.83333333333333,68.75,71.625
2026-03-02 05:00:00,118.0,33.4,39,1006.3,7.5,318,0.0,5,0,3,120.0,89.0,52.0,59.0,77.0,94.0,89.83333333333333,73.0,73.83333333333333
2026-03-02 06:00:00,93.0,34.9,32,1005.4,10.0,306,0.0,6,0,3,118.0,160.0,58.0,61.0,72.0,108.0,100.83333333333333,77.91666666666667,75.54166666666667
2026-03-02 07:00:00,101.0,36.1,26,1004.3,10.9,309,0.0,7,0,3,93.0,120.0,60.0,61.0,97.0,98.0,106.66666666666667,80.58333333333333,76.41666666666667
2026-03-02 08:00:00,87.0,36.7,24,1003.4,12.7,305,0.0,8,0,3,101.0,118.0,89.0,51.0,81.0,84.0,113.5,83.91666666666667,76.58333333333333
2026-03-02 09:00:00,61.0,36.5,21,1002.7,12.4,309,0.0,9,0,3,87.0,93.0,160.0,51.0,64.0,71.0,113.16666666666667,86.91666666666667,76.83333333333333
2026-03-02 10:00:00,68.0,36.2,21,1002.3,9.1,311,0.0,10,0,3,61.0,101.0,120.0,54.0,58.0,41.0,96.66666666666667,87.75,76.70833333333333
2026-03-02 11:00:00,88.0,35.5,21,1002.3,12.1,307,0.0,11,0,3,68.0,87.0,118.0,52.0,55.0,46.0,88.0,88.91666666666667,77.125
2026-03-02 12:00:00,88.0,33.6,25,1002.8,17.3,327,0.0,12,0,3,88.0,61.0,93.0,58.0,75.0,46.0,83.0,91.91666666666667,78.5
2026-03-02 13:00:00,88.0,30.4,31,1003.4,3.1,193,0.0,13,0,3,88.0,68.0,101.0,60.0,76.0,47.0,82.16666666666667,94.41666666666667,79.04166666666667
2026-03-02 16:00:00,83.0,26.1,71,1006.3,8.0,200,0.0,16,0,3,88.0,88.0,87.0,89.0,95.0,53.0,80.0,96.75,79.54166666666667
2026-03-02 17:00:00,82.0,25.8,69,1006.1,11.5,211,0.0,17,0,3,83.0,88.0,61.0,160.0,77.0,57.0,79.33333333333333,96.25,79.04166666666667
2026-03-02 18:00:00,75.0,25.2,74,1005.5,12.7,216,0.0,18,0,3,82.0,88.0,68.0,120.0,69.0,60.0,82.83333333333333,89.75,79.25
2026-03-02 19:00:00,73.0,24.7,76,1004.9,10.6,224,0.0,19,0,3,75.0,83.0,88.0,118.0,59.0,75.0,84.0,86.0,79.5
2026-03-02 20:00:00,63.0,24.1,77,1004.6,8.0,243,0.0,20,0,3,73.0,82.0,88.0,93.0,61.0,76.0,81.5,82.25,80.08333333333333
2026-03-02 21:00:00,94.0,23.1,80,1004.4,3.9,294,0.0,21,0,3,63.0,75.0,88.0,101.0,61.0,77.0,77.33333333333333,79.75,80.16666666666667
2026-03-02 22:00:00,93.0,22.7,83,1004.7,9.0,10,0.0,22,0,3,94.0,73.0,83.0,87.0,51.0,57.0,78.33333333333333,79.16666666666667,81.54166666666667
2026-03-02 23:00:00,93.0,22.3,88,1004.8,9.9,16,0.0,23,0,3,93.0,63.0,82.0,61.0,51.0,43.0,80.0,79.66666666666667,83.29166666666667
2026-03-03 00:00:00,98.0,22.4,87,1005.3,9.7,12,0.0,0,1,3,93.0,94.0,75.0,68.0,54.0,50.0,81.83333333333333,82.33333333333333,85.04166666666667
2026-03-03 01:00:00,99.0,22.7,78,1006.3,10.6,14,0.0,1,1,3,98.0,93.0,73.0,88.0,52.0,47.0,85.66666666666667,84.83333333333333,86.875
2026-03-03 02:00:00,105.0,24.8,60,1007.4,9.7,16,0.0,2,1,3,99.0,93.0,63.0,88.0,58.0,47.0,90.0,85.75,88.83333333333333
2026-03-03 03:00:00,102.0,27.5,45,1008.2,10.0,21,0.0,3,1,3,105.0,98.0,94.0,88.0,60.0,51.0,97.0,87.16666666666667,90.79166666666667
2026-03-03 04:00:00,100.0,30.4,34,1008.6,9.9,33,0.0,4,1,3,102.0,99.0,93.0,83.0,89.0,46.0,98.33333333333333,88.33333333333333,92.54166666666667
2026-03-03 05:00:00,84.0,32.6,28,1008.5,10.2,48,0.0,5,1,3,100.0,105.0,93.0,82.0,160.0,56.0,99.5,89.75,93.0
2026-03-03 06:00:00,77.0,34.1,22,1007.6,9.4,55,0.0,6,1,3,84.0,102.0,98.0,75.0,120.0,67.0,98.0,89.91666666666667,89.83333333333333
2026-03-03 07:00:00,47.0,35.1,18,1006.3,6.7,38,0.0,7,1,3,77.0,100.0,99.0,73.0,118.0,77.0,94.5,90.08333333333333,88.04166666666667
2026-03-03 08:00:00,33.0,35.5,17,1005.1,4.0,51,0.0,8,1,3,47.0,84.0,105.0,63.0,93.0,72.0,85.83333333333333,87.91666666666667,85.08333333333333
2026-03-03 09:00:00,33.0,35.7,17,1004.0,4.1,119,0.0,9,1,3,33.0,77.0,102.0,94.0,101.0,97.0,73.83333333333333,85.41666666666667,82.58333333333333
2026-03-03 10:00:00,31.0,35.4,17,1003.7,4.6,126,0.0,10,1,3,33.0,47.0,100.0,93.0,87.0,81.0,62.333333333333336,80.33333333333333,79.75
2026-03-03 11:00:00,42.0,34.4,17,1003.8,3.7,43,0.0,11,1,3,31.0,33.0,84.0,93.0,61.0,64.0,50.833333333333336,75.16666666666667,77.41666666666667
2026-03-03 12:00:00,57.0,32.0,23,1004.2,3.1,80,0.0,12,1,3,42.0,33.0,77.0,98.0,68.0,58.0,43.833333333333336,70.91666666666667,76.625
2026-03-03 13:00:00,54.0,28.3,52,1004.8,16.6,151,0.0,13,1,3,57.0,31.0,47.0,99.0,88.0,55.0,40.5,67.5,76.16666666666667
2026-03-03 14:00:00,58.0,26.8,61,1005.8,11.9,176,0.0,14,1,3,54.0,42.0,33.0,105.0,88.0,75.0,41.666666666666664,63.75,74.75
2026-03-03 15:00:00,59.0,25.4,73,1006.7,10.0,165,0.0,15,1,3,58.0,57.0,33.0,102.0,88.0,76.0,45.833333333333336,59.833333333333336,73.5
2026-03-03 16:00:00,68.0,24.5,83,1007.7,10.8,223,0.0,16,1,3,59.0,54.0,31.0,100.0,83.0,95.0,50.166666666666664,56.25,72.29166666666667
2026-03-03 17:00:00,71.0,24.1,89,1007.8,12.0,221,0.0,17,1,3,68.0,58.0,42.0,84.0,82.0,77.0,56.333333333333336,53.583333333333336,71.66666666666667
2026-03-03 18:00:00,68.0,23.8,90,1007.3,12.1,237,0.0,18,1,3,71.0,59.0,57.0,77.0,75.0,69.0,61.166666666666664,52.5,71.20833333333333
2026-03-03 19:00:00,75.0,23.7,88,1006.7,8.9,234,0.0,19,1,3,68.0,68.0,54.0,47.0,73.0,59.0,63.0,51.75,70.91666666666667
2026-03-03 20:00:00,114.0,23.3,87,1006.1,9.9,233,0.0,20,1,3,75.0,71.0,58.0,33.0,63.0,61.0,66.5,54.083333333333336,71.0
2026-03-03 21:00:00,110.0,22.9,85,1005.4,9.9,238,0.0,21,1,3,114.0,68.0,59.0,33.0,94.0,61.0,75.83333333333333,60.833333333333336,73.125
2026-03-03 22:00:00,78.0,22.4,82,1005.2,8.8,251,0.0,22,1,3,110.0,75.0,68.0,31.0,93.0,51.0,84.33333333333333,67.25,73.79166666666667
2026-03-03 23:00:00,74.0,21.6,82,1005.4,5.2,274,0.0,23,1,3,78.0,114.0,71.0,42.0,93.0,51.0,86.0,71.16666666666667,73.16666666666667
2026-03-04 00:00:00,75.0,21.3,84,1006.0,5.6,339,0.0,0,2,3,74.0,110.0,68.0,57.0,98.0,54.0,86.5,73.83333333333333,72.375
2026-03-04 01:00:00,94.0,21.4,84,1007.0,4.3,5,0.0,1,2,3,75.0,78.0,75.0,54.0,99.0,52.0,87.66666666666667,75.33333333333333,71.41666666666667
2026-03-04 02:00:00,94.0,23.9,74,1007.9,4.9,8,0.0,2,2,3,94.0,74.0,114.0,58.0,105.0,58.0,90.83333333333333,78.66666666666667,71.20833333333333
2026-03-04 03:00:00,94.0,26.9,59,1008.6,5.1,6,0.0,3,2,3,94.0,75.0,110.0,59.0,102.0,60.0,87.5,81.66666666666667,70.75
2026-03-04 04:00:00,121.0,29.7,44,1009.0,5.9,2,0.0,4,2,3,94.0,94.0,78.0,68.0,100.0,89.0,84.83333333333333,84.58333333333333,70.41666666666667
2026-03-04 05:00:00,118.0,32.1,34,1008.7,6.1,2,0.0,5,2,3,121.0,94.0,74.0,71.0,84.0,160.0,92.0,89.0,71.29166666666667
2026-03-04 06:00:00,118.0,33.5,30,1007.6,4.6,31,0.0,6,2,3,118.0,94.0,75.0,68.0,77.0,120.0,99.33333333333333,92.91666666666667,72.70833333333333
2026-03-04 07:00:00,116.0,35.1,25,1006.2,1.7,49,0.0,7,2,3,118.0,121.0,94.0,75.0,47.0,118.0,106.5,97.08333333333333,74.41666666666667
2026-03-04 18:00:00,64.0,24.0,79,1005.5,6.4,220,0.0,18,2,3,116.0,118.0,94.0,114.0,33.0,93.0,110.16666666666667,100.5,77.29166666666667
2026-03-04 19:00:00,65.0,23.6,81,1004.8,6.8,217,0.0,19,2,3,64.0,118.0,94.0,110.0,33.0,101.0,105.16666666666667,96.33333333333333,78.58333333333333
2026-03-04 20:00:00,73.0,23.2,83,1004.0,8.9,222,0.0,20,2,3,65.0,116.0,121.0,78.0,31.0,87.0,100.33333333333333,92.58333333333333,79.91666666666667
2026-03-04 21:00:00,65.0,22.8,85,1003.5,8.0,236,0.0,21,2,3,73.0,64.0,118.0,74.0,42.0,61.0,92.33333333333333,92.16666666666667,81.66666666666667
2026-03-04 22:00:00,81.0,21.9,86,1003.4,6.5,347,0.0,22,2,3,65.0,65.0,118.0,75.0,57.0,68.0,83.5,91.41666666666667,82.625
2026-03-04 23:00:00,71.0,21.5,86,1003.3,7.8,22,0.0,23,2,3,81.0,73.0,116.0,94.0,54.0,88.0,77.33333333333333,91.91666666666667,83.625
2026-03-05 00:00:00,74.0,20.9,90,1004.1,8.0,14,0.0,0,3,3,71.0,65.0,64.0,94.0,58.0,88.0,69.83333333333333,90.0,84.33333333333333
2026-03-05 01:00:00,76.0,20.9,95,1005.0,7.9,360,0.0,1,3,3,74.0,81.0,65.0,94.0,59.0,88.0,71.5,88.33333333333333,85.0
2026-03-05 02:00:00,104.0,22.3,93,1005.8,8.7,7,0.0,2,3,3,76.0,71.0,73.0,121.0,68.0,83.0,73.33333333333333,86.83333333333333,85.70833333333333
2026-03-05 03:00:00,122.0,25.1,79,1006.4,7.6,18,0.0,3,3,3,104.0,74.0,65.0,118.0,71.0,82.0,78.5,85.41666666666667,87.20833333333333
2026-03-05 04:00:00,122.0,27.8,66,1006.4,5.8,20,0.0,4,3,3,122.0,76.0,81.0,118.0,68.0,75.0,88.0,85.75,89.33333333333333
2026-03-05 06:00:00,99.0,32.8,39,1004.5,3.6,18,0.0,6,3,3,122.0,104.0,71.0,116.0,75.0,73.0,94.83333333333333,86.08333333333333,91.58333333333333
2026-03-05 07:00:00,99.0,34.7,27,1003.0,4.3,343,0.0,7,3,3,99.0,122.0,74.0,64.0,114.0,63.0,99.5,84.66666666666667,92.58333333333333
2026-03-05 08:00:00,100.0,35.6,20,1002.0,7.7,321,0.0,8,3,3,99.0,122.0,76.0,65.0,110.0,94.0,103.66666666666667,87.58333333333333,91.95833333333333
2026-03-05 09:00:00,111.0,36.0,18,1000.9,7.6,298,0.0,9,3,3,100.0,99.0,104.0,73.0,78.0,93.0,107.66666666666667,90.5,91.54166666666667
2026-03-05 10:00:00,62.0,36.2,16,1000.3,8.2,303,0.0,10,3,3,111.0,99.0,122.0,65.0,74.0,93.0,108.83333333333333,93.66666666666667,92.91666666666667
2026-03-05 11:00:00,60.0,35.3,17,1000.3,11.6,312,0.0,11,3,3,62.0,100.0,122.0,81.0,75.0,98.0,98.83333333333333,93.41666666666667,92.41666666666667
2026-03-05 12:00:00,70.0,34.3,19,1000.7,9.0,330,0.0,12,3,3,60.0,111.0,99.0,71.0,94.0,99.0,88.5,91.66666666666667,91.79166666666667
2026-03-05 13:00:00,84.0,30.9,26,1000.9,6.3,129,0.0,13,3,3,70.0,62.0,99.0,74.0,94.0,105.0,83.66666666666667,91.58333333333333,90.79166666666667
2026-03-05 14:00:00,80.0,26.8,73,1002.4,13.8,160,0.0,14,3,3,84.0,60.0,100.0,76.0,94.0,102.0,81.16666666666667,92.41666666666667,90.375
2026-03-05 15:00:00,78.0,26.0,78,1003.2,9.2,163,0.0,15,3,3,80.0,70.0,111.0,104.0,121.0,100.0,77.83333333333333,92.75,89.79166666666667
2026-03-05 16:00:00,73.0,25.2,84,1003.9,7.8,158,0.0,16,3,3,78.0,84.0,62.0,122.0,118.0,84.0,72.33333333333333,90.58333333333333,88.0
2026-03-05 17:00:00,74.0,24.5,91,1003.9,8.9,135,0.0,17,3,3,73.0,80.0,60.0,122.0,118.0,77.0,74.16666666666667,86.5,86.125
2026-03-05 18:00:00,82.0,24.2,95,1003.6,7.0,130,0.0,18,3,3,74.0,78.0,70.0,99.0,116.0,47.0,76.5,82.5,84.29166666666667
2026-03-05 19:00:00,70.0,24.6,94,1003.2,6.5,114,0.0,19,3,3,82.0,73.0,84.0,99.0,64.0,33.0,78.5,81.08333333333333,82.875
2026-03-05 20:00:00,58.0,24.1,99,1002.7,4.8,103,0.0,20,3,3,70.0,74.0,80.0,100.0,65.0,33.0,76.16666666666667,78.66666666666667,83.125
2026-03-05 21:00:00,57.0,23.6,100,1002.1,5.8,86,0.0,21,3,3,58.0,82.0,78.0,111.0,73.0,31.0,72.5,75.16666666666667,82.83333333333333
2026-03-05 22:00:00,54.0,23.5,100,1002.1,5.6,73,0.0,22,3,3,57.0,70.0,73.0,62.0,65.0,42.0,69.0,70.66666666666667,82.16666666666667
2026-03-05 23:00:00,56.0,23.4,100,1002.2,7.4,76,0.0,23,3,3,54.0,58.0,74.0,60.0,81.0,57.0,65.83333333333333,70.0,81.70833333333333
2026-03-06 00:00:00,58.0,23.5,99,1002.9,8.5,73,0.0,0,4,3,56.0,57.0,82.0,70.0,71.0,54.0,62.833333333333336,69.66666666666667,80.66666666666667
2026-03-06 01:00:00,73.0,23.7,96,1003.8,7.8,85,0.0,1,4,3,58.0,54.0,70.0,84.0,74.0,58.0,58.833333333333336,68.66666666666667,80.125
2026-03-06 02:00:00,80.0,25.0,89,1004.9,7.6,109,0.0,2,4,3,73.0,56.0,58.0,80.0,76.0,59.0,59.333333333333336,67.75,80.08333333333333
2026-03-06 03:00:00,84.0,27.2,74,1005.8,7.3,140,0.0,3,4,3,80.0,58.0,57.0,78.0,104.0,68.0,63.0,67.75,80.25
2026-03-06 04:00:00,91.0,29.1,64,1006.0,7.1,156,0.0,4,4,3,84.0,73.0,54.0,73.0,122.0,71.0,67.5,68.25,79.41666666666667
2026-03-06 05:00:00,80.0,31.0,55,1005.7,7.3,160,0.0,5,4,3,91.0,80.0,56.0,74.0,122.0,68.0,73.66666666666667,69.75,78.125
2026-03-06 06:00:00,85.0,32.4,47,1004.7,8.5,156,0.0,6,4,3,80.0,84.0,58.0,82.0,99.0,75.0,77.66666666666667,70.25,76.375
2026-03-06 07:00:00,69.0,33.1,44,1003.7,10.6,157,0.0,7,4,3,85.0,91.0,73.0,70.0,99.0,114.0,82.16666666666667,70.5,75.79166666666667
2026-03-06 08:00:00,59.0,33.3,43,1002.8,12.4,161,0.0,8,4,3,69.0,80.0,80.0,58.0,100.0,110.0,81.5,70.41666666666667,74.54166666666667
2026-03-06 09:00:00,53.0,33.1,44,1002.0,11.6,168,0.0,9,4,3,59.0,85.0,84.0,57.0,111.0,78.0,78.0,70.5,72.83333333333333
2026-03-06 10:00:00,59.0,32.3,47,1001.7,11.1,168,0.0,10,4,3,53.0,69.0,91.0,54.0,62.0,74.0,72.83333333333333,70.16666666666667,70.41666666666667
2026-03-06 11:00:00,54.0,31.3,51,1001.9,12.7,153,0.0,11,4,3,59.0,59.0,80.0,56.0,60.0,75.0,67.5,70.58333333333333,70.29166666666667
2026-03-06 12:00:00,49.0,30.0,60,1002.1,15.1,151,0.0,12,4,3,54.0,53.0,85.0,58.0,70.0,94.0,63.166666666666664,70.41666666666667,70.04166666666667
2026-03-06 13:00:00,44.0,27.7,73,1002.8,16.2,150,0.0,13,4,3,49.0,59.0,69.0,73.0,84.0,94.0,57.166666666666664,69.66666666666667,69.16666666666667
2026-03-06 14:00:00,51.0,26.1,82,1003.9,13.9,155,0.0,14,4,3,44.0,54.0,59.0,80.0,80.0,94.0,53.0,67.25,67.5
2026-03-06 15:00:00,50.0,25.5,87,1004.8,13.3,152,0.0,15,4,3,51.0,49.0,53.0,84.0,78.0,121.0,51.666666666666664,64.83333333333333,66.29166666666667
2026-03-06 16:00:00,51.0,25.0,88,1005.1,13.6,165,0.0,16,4,3,50.0,44.0,59.0,91.0,73.0,118.0,51.166666666666664,62.0,65.125
2026-03-06 17:00:00,54.0,24.8,90,1005.3,10.3,179,0.0,17,4,3,51.0,51.0,54.0,80.0,74.0,118.0,49.833333333333336,58.666666666666664,64.20833333333333
2026-03-06 18:00:00,52.0,24.5,94,1005.2,6.7,160,0.0,18,4,3,54.0,50.0,49.0,85.0,82.0,116.0,49.833333333333336,56.5,63.375
2026-03-06 19:00:00,44.0,24.3,94,1004.8,6.3,149,0.0,19,4,3,52.0,51.0,44.0,69.0,70.0,64.0,50.333333333333336,53.75,62.125
2026-03-06 20:00:00,47.0,24.0,95,1004.3,4.2,126,0.0,20,4,3,44.0,54.0,51.0,59.0,58.0,65.0,50.333333333333336,51.666666666666664,61.041666666666664
2026-03-06 21:00:00,45.0,23.7,96,1004.1,4.8,112,0.0,21,4,3,47.0,52.0,50.0,53.0,57.0,73.0,49.666666666666664,50.666666666666664,60.583333333333336
2026-03-06 22:00:00,45.0,23.6,96,1004.1,5.6,105,0.0,22,4,3,45.0,44.0,51.0,59.0,54.0,65.0,48.833333333333336,50.0,60.083333333333336
2026-03-06 23:00:00,47.0,23.6,96,1004.3,5.2,104,0.0,23,4,3,45.0,47.0,54.0,54.0,56.0,81.0,47.833333333333336,48.833333333333336,59.708333333333336
2026-03-07 00:00:00,57.0,24.0,97,1004.9,4.6,116,0.0,0,5,3,47.0,45.0,52.0,49.0,58.0,71.0,46.666666666666664,48.25,59.333333333333336
2026-03-07 01:00:00,60.0,24.2,96,1005.6,5.5,142,0.0,1,5,3,57.0,45.0,44.0,44.0,73.0,74.0,47.5,48.916666666666664,59.291666666666664
2026-03-07 02:00:00,66.0,26.2,84,1006.5,5.8,158,0.0,2,5,3,60.0,47.0,47.0,51.0,80.0,76.0,50.166666666666664,50.25,58.75
2026-03-07 03:00:00,61.0,28.2,71,1007.1,10.2,166,0.0,3,5,3,66.0,57.0,45.0,50.0,84.0,104.0,53.333333333333336,51.5,58.166666666666664
2026-03-07 04:00:00,53.0,29.8,61,1007.4,9.3,165,0.0,4,5,3,61.0,60.0,45.0,51.0,91.0,122.0,56.0,52.416666666666664,57.208333333333336
2026-03-07 05:00:00,44.0,30.8,57,1007.2,9.0,164,0.3,5,5,3,53.0,66.0,47.0,54.0,80.0,122.0,57.333333333333336,52.583333333333336,55.625
2026-03-07 06:00:00,48.0,31.5,58,1006.3,8.4,160,0.4,6,5,3,44.0,61.0,57.0,52.0,85.0,99.0,56.833333333333336,51.75,54.125
2026-03-07 07:00:00,51.0,32.1,55,1005.3,9.9,170,0.0,7,5,3,48.0,53.0,60.0,44.0,69.0,99.0,55.333333333333336,51.416666666666664,52.583333333333336
2026-03-07 13:00:00,55.0,27.4,76,1004.9,13.4,169,0.0,13,5,3,51.0,44.0,66.0,47.0,59.0,100.0,53.833333333333336,52.0,51.833333333333336
2026-03-07 14:00:00,62.0,26.4,83,1005.8,13.8,173,0.0,14,5,3,55.0,48.0,61.0,45.0,53.0,111.0,52.0,52.666666666666664,51.666666666666664
2026-03-07 15:00:00,50.0,25.7,89,1006.6,13.3,189,0.0,15,5,3,62.0,51.0,53.0,45.0,59.0,62.0,52.166666666666664,54.083333333333336,52.041666666666664
2026-03-07 16:00:00,58.0,25.2,92,1007.3,9.9,179,0.0,16,5,3,50.0,55.0,44.0,47.0,54.0,60.0,51.666666666666664,54.5,51.666666666666664
2026-03-07 17:00:00,49.0,24.9,93,1007.6,9.4,183,0.0,17,5,3,58.0,62.0,48.0,57.0,49.0,70.0,54.0,55.416666666666664,51.833333333333336
2026-03-07 18:00:00,39.0,24.9,96,1007.5,10.3,185,0.0,18,5,3,49.0,50.0,51.0,60.0,44.0,84.0,54.166666666666664,54.75,51.833333333333336
2026-03-07 19:00:00,44.0,24.9,94,1006.7,11.6,204,0.0,19,5,3,39.0,58.0,55.0,66.0,51.0,80.0,52.166666666666664,53.0,51.625
2026-03-07 20:00:00,40.0,24.9,92,1006.0,10.7,207,0.0,20,5,3,44.0,49.0,62.0,61.0,50.0,78.0,50.333333333333336,51.166666666666664,51.333333333333336
2026-03-07 21:00:00,33.0,24.4,94,1005.8,5.6,205,0.0,21,5,3,40.0,39.0,50.0,53.0,51.0,73.0,46.666666666666664,49.416666666666664,50.916666666666664
2026-03-07 22:00:00,34.0,24.4,94,1005.7,7.3,171,0.0,22,5,3,33.0,44.0,58.0,44.0,54.0,74.0,43.833333333333336,47.75,50.166666666666664
2026-03-07 23:00:00,39.0,24.0,96,1005.6,6.4,188,0.0,23,5,3,34.0,40.0,49.0,48.0,52.0,82.0,39.833333333333336,46.916666666666664,49.333333333333336
2026-03-08 00:00:00,36.0,24.1,98,1005.9,7.5,190,0.0,0,6,3,39.0,33.0,39.0,51.0,44.0,70.0,38.166666666666664,46.166666666666664,48.791666666666664
2026-03-08 01:00:00,45.0,24.3,93,1006.5,6.8,197,0.0,1,6,3,36.0,34.0,44.0,55.0,47.0,58.0,37.666666666666664,44.916666666666664,48.458333333333336
2026-03-08 02:00:00,51.0,26.1,83,1007.4,6.8,192,0.0,2,6,3,45.0,39.0,40.0,62.0,45.0,57.0,37.833333333333336,44.083333333333336,48.375
2026-03-08 03:00:00,42.0,27.9,73,1008.3,8.8,179,0.1,3,6,3,51.0,36.0,33.0,50.0,45.0,54.0,39.666666666666664,43.166666666666664,48.625
2026-03-08 04:00:00,50.0,29.3,65,1008.5,9.9,189,0.1,4,6,3,42.0,45.0,34.0,58.0,47.0,56.0,41.166666666666664,42.5,48.5
2026-03-08 05:00:00,49.0,30.8,58,1008.1,11.4,185,0.0,5,6,3,50.0,51.0,39.0,49.0,57.0,58.0,43.833333333333336,41.833333333333336,48.625
2026-03-08 06:00:00,46.0,31.4,55,1007.3,12.8,184,0.1,6,6,3,49.0,42.0,36.0,39.0,60.0,73.0,45.5,41.833333333333336,48.291666666666664
2026-03-08 07:00:00,65.0,32.1,52,1006.3,12.6,181,0.0,7,6,3,46.0,50.0,45.0,44.0,66.0,80.0,47.166666666666664,42.416666666666664,47.708333333333336
2026-03-08 08:00:00,54.0,32.1,48,1005.5,13.9,178,0.0,8,6,3,65.0,49.0,51.0,40.0,61.0,84.0,50.5,44.166666666666664,47.666666666666664
2026-03-08 09:00:00,53.0,31.9,48,1004.6,13.7,178,0.0,9,6,3,54.0,46.0,42.0,33.0,53.0,91.0,51.0,45.333333333333336,47.375
2026-03-08 10:00:00,44.0,31.3,51,1003.9,15.1,178,0.0,10,6,3,53.0,65.0,50.0,34.0,44.0,80.0,52.833333333333336,47.0,47.375
2026-03-08 11:00:00,45.0,29.9,58,1004.1,15.2,184,0.0,11,6,3,44.0,54.0,49.0,39.0,48.0,85.0,51.833333333333336,47.833333333333336,47.375
2026-03-08 12:00:00,46.0,28.7,68,1004.5,14.9,179,0.0,12,6,3,45.0,53.0,46.0,36.0,51.0,69.0,51.166666666666664,48.333333333333336,47.25
2026-03-08 13:00:00,45.0,27.2,75,1005.4,13.3,171,0.0,13,6,3,46.0,44.0,65.0,45.0,55.0,59.0,51.166666666666664,49.166666666666664,47.041666666666664
2026-03-08 14:00:00,40.0,26.6,79,1006.5,13.3,177,0.0,14,6,3,45.0,45.0,54.0,51.0,62.0,53.0,47.833333333333336,49.166666666666664,46.625
2026-03-08 15:00:00,39.0,25.8,85,1007.2,12.6,185,0.0,15,6,3,40.0,46.0,53.0,42.0,50.0,59.0,45.5,48.25,45.708333333333336
2026-03-08 16:00:00,37.0,25.3,88,1007.7,12.6,183,0.0,16,6,3,39.0,45.0,44.0,50.0,58.0,54.0,43.166666666666664,48.0,45.25
2026-03-08 17:00:00,40.0,24.9,91,1007.8,11.5,183,0.0,17,6,3,37.0,40.0,45.0,49.0,49.0,49.0,42.0,46.916666666666664,44.375
2026-03-08 18:00:00,32.0,25.1,93,1007.6,12.8,191,0.0,18,6,3,40.0,39.0,46.0,46.0,39.0,44.0,41.166666666666664,46.166666666666664,44.0
2026-03-08 19:00:00,30.0,25.0,91,1007.0,11.3,189,0.0,19,6,3,32.0,37.0,45.0,65.0,44.0,51.0,38.833333333333336,45.0,43.708333333333336
2026-03-08 20:00:00,28.0,24.8,90,1006.6,9.2,191,0.0,20,6,3,30.0,40.0,40.0,54.0,40.0,50.0,36.333333333333336,42.083333333333336,43.125
2026-03-08 21:00:00,29.0,24.5,91,1006.1,10.1,192,0.0,21,6,3,28.0,32.0,39.0,53.0,33.0,51.0,34.333333333333336,39.916666666666664,42.625
2026-03-08 22:00:00,30.0,24.2,92,1006.0,7.6,185,0.0,22,6,3,29.0,30.0,37.0,44.0,34.0,54.0,32.666666666666664,37.916666666666664,42.458333333333336
2026-03-08 23:00:00,28.0,23.9,93,1006.1,7.4,184,0.0,23,6,3,30.0,28.0,40.0,45.0,39.0,52.0,31.5,36.75,42.291666666666664
2026-03-09 00:00:00,28.0,24.4,98,1006.8,7.2,177,0.0,0,0,3,28.0,29.0,32.0,46.0,36.0,44.0,29.5,35.333333333333336,41.833333333333336
2026-03-09 01:00:00,32.0,24.6,96,1007.6,6.9,165,0.0,1,0,3,28.0,30.0,30.0,45.0,45.0,47.0,28.833333333333332,33.833333333333336,41.5
2026-03-09 02:00:00,38.0,26.1,86,1008.6,6.3,177,0.0,2,0,3,32.0,28.0,28.0,40.0,51.0,45.0,29.166666666666668,32.75,40.958333333333336
2026-03-09 03:00:00,33.0,28.2,73,1009.3,10.6,191,0.0,3,0,3,38.0,28.0,29.0,39.0,42.0,45.0,30.833333333333332,32.583333333333336,40.416666666666664
2026-03-09 04:00:00,40.0,30.1,62,1009.3,11.2,185,0.0,4,0,3,33.0,32.0,30.0,37.0,50.0,47.0,31.5,32.083333333333336,40.041666666666664
2026-03-09 05:00:00,38.0,31.5,57,1009.0,11.2,184,0.0,5,0,3,40.0,38.0,28.0,40.0,49.0,57.0,33.166666666666664,32.333333333333336,39.625
2026-03-09 06:00:00,40.0,32.3,54,1008.5,12.8,184,0.0,6,0,3,38.0,33.0,28.0,32.0,46.0,60.0,34.833333333333336,32.166666666666664,39.166666666666664
2026-03-09 07:00:00,43.0,32.8,51,1007.4,13.9,180,0.0,7,0,3,40.0,40.0,32.0,30.0,65.0,66.0,36.833333333333336,32.833333333333336,38.916666666666664
2026-03-09 08:00:00,42.0,32.6,50,1006.7,16.4,182,0.0,8,0,3,43.0,38.0,38.0,28.0,54.0,61.0,38.666666666666664,33.916666666666664,38.0
2026-03-09 09:00:00,41.0,31.3,53,1005.9,16.8,182,0.6,9,0,3,42.0,40.0,33.0,29.0,53.0,53.0,39.333333333333336,35.083333333333336,37.5
2026-03-09 10:00:00,39.0,30.6,58,1005.3,19.2,186,0.2,10,0,3,41.0,43.0,40.0,30.0,44.0,44.0,40.666666666666664,36.083333333333336,37.0
2026-03-09 11:00:00,40.0,29.7,61,1005.4,17.3,190,0.0,11,0,3,39.0,42.0,38.0,28.0,45.0,48.0,40.5,36.833333333333336,36.791666666666664
2026-03-09 12:00:00,47.0,28.9,66,1005.5,15.9,190,0.0,12,0,3,40.0,41.0,40.0,28.0,46.0,51.0,40.833333333333336,37.833333333333336,36.583333333333336
2026-03-09 13:00:00,44.0,27.5,73,1006.3,14.0,187,0.0,13,0,3,47.0,39.0,43.0,32.0,45.0,55.0,42.0,39.416666666666664,36.625
2026-03-09 14:00:00,44.0,26.3,80,1007.3,12.5,191,0.0,14,0,3,44.0,40.0,42.0,38.0,40.0,62.0,42.166666666666664,40.416666666666664,36.583333333333336
2026-03-09 15:00:00,40.0,25.5,87,1008.3,11.0,183,0.0,15,0,3,44.0,47.0,41.0,33.0,39.0,50.0,42.5,40.916666666666664,36.75
2026-03-09 16:00:00,44.0,24.9,90,1008.7,11.0,177,0.0,16,0,3,40.0,44.0,39.0,40.0,37.0,58.0,42.333333333333336,41.5,36.791666666666664
2026-03-09 17:00:00,38.0,24.5,93,1008.9,10.6,195,0.0,17,0,3,44.0,44.0,40.0,38.0,40.0,49.0,43.166666666666664,41.833333333333336,37.083333333333336
2026-03-09 18:00:00,37.0,24.6,96,1008.7,11.6,188,0.0,18,0,3,38.0,40.0,47.0,40.0,32.0,39.0,42.833333333333336,41.833333333333336,37.0
2026-03-10 07:00:00,56.0,33.4,49,1008.2,13.0,183,0.0,7,1,3,37.0,44.0,44.0,43.0,30.0,44.0,41.166666666666664,41.583333333333336,37.208333333333336
2026-03-10 08:00:00,48.0,33.2,49,1007.2,14.9,181,0.0,8,1,3,56.0,38.0,44.0,42.0,28.0,40.0,43.166666666666664,42.666666666666664,38.291666666666664
2026-03-10 09:00:00,49.0,32.4,50,1006.3,17.1,182,0.0,9,1,3,48.0,37.0,40.0,41.0,29.0,33.0,43.833333333333336,43.166666666666664,39.125
2026-03-10 10:00:00,48.0,31.6,49,1005.6,18.0,187,0.0,10,1,3,49.0,56.0,44.0,39.0,30.0,34.0,45.333333333333336,43.833333333333336,39.958333333333336
2026-03-10 11:00:00,54.0,30.0,53,1005.8,17.1,184,0.0,11,1,3,48.0,48.0,38.0,40.0,28.0,39.0,46.0,44.583333333333336,40.708333333333336
2026-03-10 12:00:00,57.0,29.3,59,1006.2,14.9,178,0.0,12,1,3,54.0,49.0,37.0,47.0,28.0,36.0,48.666666666666664,45.75,41.791666666666664
2026-03-10 13:00:00,50.0,27.2,75,1006.9,13.0,180,0.0,13,1,3,57.0,48.0,56.0,44.0,32.0,45.0,52.0,46.583333333333336,43.0
2026-03-10 14:00:00,53.0,26.1,82,1007.3,13.2,176,0.0,14,1,3,50.0,54.0,48.0,44.0,38.0,51.0,51.0,47.083333333333336,43.75
2026-03-10 15:00:00,52.0,25.5,87,1007.9,14.1,178,0.0,15,1,3,53.0,57.0,49.0,40.0,33.0,42.0,51.833333333333336,47.833333333333336,44.375
2026-03-10 16:00:00,57.0,25.1,89,1008.1,13.0,182,0.0,16,1,3,52.0,50.0,48.0,44.0,40.0,50.0,52.333333333333336,48.833333333333336,45.166666666666664
2026-03-10 17:00:00,53.0,24.7,90,1008.4,12.2,196,0.0,17,1,3,57.0,53.0,54.0,38.0,38.0,49.0,53.833333333333336,49.916666666666664,45.875
2026-03-10 18:00:00,57.0,24.6,92,1008.1,13.1,195,0.0,18,1,3,53.0,52.0,57.0,37.0,40.0,46.0,53.666666666666664,51.166666666666664,46.5
2026-03-10 19:00:00,51.0,24.4,92,1007.7,11.2,190,0.0,19,1,3,57.0,57.0,50.0,56.0,43.0,65.0,53.666666666666664,52.833333333333336,47.208333333333336
2026-03-10 20:00:00,51.0,24.1,92,1007.0,10.9,187,0.0,20,1,3,51.0,53.0,53.0,48.0,42.0,54.0,53.833333333333336,52.416666666666664,47.541666666666664
2026-03-10 21:00:00,49.0,23.8,93,1006.8,10.3,183,0.0,21,1,3,51.0,57.0,52.0,49.0,41.0,53.0,53.5,52.666666666666664,47.916666666666664
2026-03-10 22:00:00,48.0,23.5,95,1006.7,8.7,166,0.0,22,1,3,49.0,51.0,57.0,48.0,39.0,44.0,53.0,52.666666666666664,48.25
2026-03-10 23:00:00,50.0,23.3,96,1007.0,4.9,147,0.0,23,1,3,48.0,51.0,53.0,54.0,40.0,45.0,51.5,52.666666666666664,48.625
2026-03-11 00:00:00,52.0,23.5,97,1007.0,9.6,183,0.0,0,2,3,50.0,49.0,57.0,57.0,47.0,46.0,51.0,52.333333333333336,49.041666666666664
2026-03-11 01:00:00,55.0,24.1,94,1007.5,10.3,191,0.0,1,2,3,52.0,48.0,51.0,50.0,44.0,45.0,50.166666666666664,51.916666666666664,49.25
2026-03-11 02:00:00,55.0,26.2,84,1008.2,12.7,198,0.0,2,2,3,55.0,50.0,51.0,53.0,44.0,40.0,50.833333333333336,52.333333333333336,49.708333333333336
2026-03-11 03:00:00,56.0,28.3,73,1008.5,12.4,201,0.0,3,2,3,55.0,52.0,49.0,52.0,40.0,39.0,51.5,52.5,50.166666666666664
2026-03-11 04:00:00,61.0,30.5,62,1008.8,10.8,212,0.0,4,2,3,56.0,55.0,48.0,57.0,44.0,37.0,52.666666666666664,52.833333333333336,50.833333333333336
2026-03-11 05:00:00,57.0,32.3,54,1008.4,9.8,211,0.0,5,2,3,61.0,55.0,50.0,53.0,38.0,40.0,54.833333333333336,53.166666666666664,51.541666666666664
2026-03-11 06:00:00,57.0,33.5,50,1007.5,9.7,204,0.0,6,2,3,57.0,56.0,52.0,57.0,37.0,32.0,56.0,53.5,52.333333333333336
2026-03-11 07:00:00,57.0,34.4,47,1005.9,10.4,190,0.0,7,2,3,57.0,61.0,55.0,51.0,56.0,30.0,56.833333333333336,53.5,53.166666666666664
2026-03-11 08:00:00,56.0,34.6,45,1004.5,11.5,188,0.0,8,2,3,57.0,57.0,55.0,51.0,48.0,28.0,57.166666666666664,54.0,53.208333333333336
2026-03-11 09:00:00,52.0,33.8,48,1003.5,12.7,188,0.1,9,2,3,56.0,57.0,56.0,49.0,49.0,29.0,57.333333333333336,54.416666666666664,53.541666666666664
2026-03-11 10:00:00,49.0,31.9,57,1003.0,16.4,182,0.1,10,2,3,52.0,57.0,61.0,48.0,48.0,30.0,56.666666666666664,54.666666666666664,53.666666666666664
2026-03-11 11:00:00,49.0,31.0,59,1002.6,16.4,176,0.1,11,2,3,49.0,56.0,57.0,50.0,54.0,28.0,54.666666666666664,54.75,53.708333333333336
2026-03-11 12:00:00,46.0,29.4,69,1003.1,19.3,185,0.0,12,2,3,49.0,52.0,57.0,52.0,57.0,28.0,53.333333333333336,54.666666666666664,53.5
2026-03-11 13:00:00,44.0,27.6,77,1003.9,14.2,192,0.0,13,2,3,46.0,49.0,57.0,55.0,50.0,32.0,51.5,54.166666666666664,53.041666666666664
2026-03-11 14:00:00,48.0,26.8,82,1004.7,13.2,194,0.0,14,2,3,44.0,49.0,56.0,55.0,53.0,38.0,49.333333333333336,53.25,52.791666666666664
2026-03-11 15:00:00,38.0,25.9,85,1005.4,13.0,194,0.0,15,2,3,48.0,46.0,52.0,56.0,52.0,33.0,48.0,52.666666666666664,52.583333333333336
2026-03-11 16:00:00,33.0,25.4,86,1005.5,11.3,190,0.0,16,2,3,38.0,44.0,49.0,61.0,57.0,40.0,45.666666666666664,51.166666666666664,52.0
2026-03-11 17:00:00,29.0,24.9,88,1005.6,10.8,182,0.0,17,2,3,33.0,48.0,49.0,57.0,53.0,38.0,43.0,48.833333333333336,51.0
2026-03-11 18:00:00,27.0,25.0,91,1005.0,13.4,194,0.0,18,2,3,29.0,38.0,46.0,57.0,57.0,40.0,39.666666666666664,46.5,50.0
2026-03-11 20:00:00,27.0,24.4,93,1003.9,9.8,203,0.0,20,2,3,27.0,33.0,44.0,57.0,51.0,43.0,36.5,44.0,48.75
2026-03-11 21:00:00,25.0,24.1,94,1003.6,10.6,203,0.0,21,2,3,27.0,29.0,48.0,56.0,51.0,42.0,33.666666666666664,41.5,47.75
2026-03-11 22:00:00,18.0,24.0,94,1003.2,11.1,209,0.0,22,2,3,25.0,27.0,38.0,52.0,49.0,41.0,29.833333333333332,38.916666666666664,46.666666666666664
2026-03-11 23:00:00,17.0,23.8,95,1003.6,9.8,224,0.0,23,2,3,18.0,27.0,33.0,49.0,48.0,39.0,26.5,36.083333333333336,45.375
2026-03-12 00:00:00,26.0,23.9,98,1004.2,6.0,226,0.0,0,3,3,17.0,25.0,29.0,49.0,50.0,40.0,23.833333333333332,33.416666666666664,44.083333333333336
2026-03-12 01:00:00,22.0,24.1,97,1004.9,4.3,237,0.0,1,3,3,26.0,18.0,27.0,46.0,52.0,47.0,23.333333333333332,31.5,43.083333333333336
2026-03-12 02:00:00,63.0,25.9,87,1005.6,3.8,267,0.0,2,3,3,22.0,17.0,27.0,44.0,55.0,44.0,22.5,29.5,41.833333333333336
2026-03-12 03:00:00,88.0,28.2,74,1006.1,4.2,301,0.0,3,3,3,63.0,26.0,25.0,48.0,55.0,44.0,28.5,31.083333333333332,42.166666666666664
2026-03-12 04:00:00,116.0,31.1,61,1006.0,4.5,317,0.0,4,3,3,88.0,22.0,18.0,38.0,56.0,40.0,39.0,34.416666666666664,43.541666666666664
2026-03-12 05:00:00,117.0,34.1,44,1005.7,5.6,327,0.0,5,3,3,116.0,63.0,17.0,33.0,61.0,44.0,55.333333333333336,40.916666666666664,46.041666666666664
2026-03-12 06:00:00,91.0,36.0,27,1004.5,8.2,328,0.0,6,3,3,117.0,88.0,26.0,29.0,57.0,38.0,72.0,47.916666666666664,48.375
2026-03-12 07:00:00,64.0,36.9,22,1003.1,8.9,328,0.0,7,3,3,91.0,116.0,22.0,27.0,57.0,37.0,82.83333333333333,53.083333333333336,49.791666666666664
2026-03-12 08:00:00,51.0,37.6,18,1001.8,9.8,322,0.0,8,3,3,64.0,117.0,63.0,27.0,57.0,56.0,89.83333333333333,56.166666666666664,50.083333333333336
2026-03-12 09:00:00,50.0,37.8,19,1000.9,8.3,318,0.0,9,3,3,51.0,91.0,88.0,25.0,56.0,48.0,87.83333333333333,58.166666666666664,49.833333333333336
2026-03-12 10:00:00,62.0,37.4,21,1000.2,5.2,326,0.0,10,3,3,50.0,64.0,116.0,18.0,52.0,49.0,81.5,60.25,49.583333333333336
2026-03-12 11:00:00,59.0,37.1,22,1000.1,5.6,29,0.0,11,3,3,62.0,51.0,117.0,17.0,49.0,48.0,72.5,63.916666666666664,50.0
2026-03-12 12:00:00,66.0,35.4,25,1000.7,6.7,93,0.0,12,3,3,59.0,50.0,91.0,26.0,49.0,54.0,62.833333333333336,67.41666666666667,50.416666666666664
2026-03-12 13:00:00,65.0,29.4,62,1001.9,18.9,166,0.0,13,3,3,66.0,62.0,64.0,22.0,46.0,57.0,58.666666666666664,70.75,51.125
2026-03-12 14:00:00,42.0,27.7,73,1002.8,14.9,189,0.0,14,3,3,65.0,59.0,51.0,63.0,44.0,50.0,58.833333333333336,74.33333333333333,51.916666666666664
2026-03-12 15:00:00,32.0,26.8,75,1003.7,15.6,207,0.0,15,3,3,42.0,66.0,50.0,88.0,48.0,53.0,57.333333333333336,72.58333333333333,51.833333333333336
2026-03-12 16:00:00,27.0,26.0,82,1004.1,14.8,210,0.0,16,3,3,32.0,65.0,62.0,116.0,38.0,52.0,54.333333333333336,67.91666666666667,51.166666666666664
2026-03-12 17:00:00,24.0,25.7,82,1004.3,14.5,208,0.0,17,3,3,27.0,42.0,59.0,117.0,33.0,57.0,48.5,60.5,50.708333333333336
2026-03-12 18:00:00,24.0,25.3,89,1004.0,14.6,209,0.0,18,3,3,24.0,32.0,66.0,91.0,29.0,53.0,42.666666666666664,52.75,50.333333333333336
2026-03-12 19:00:00,22.0,25.1,90,1003.5,14.8,204,0.0,19,3,3,24.0,27.0,65.0,64.0,27.0,57.0,35.666666666666664,47.166666666666664,50.125
2026-03-12 20:00:00,17.0,24.7,92,1002.7,13.7,203,0.0,20,3,3,22.0,24.0,42.0,51.0,27.0,51.0,28.5,43.666666666666664,49.916666666666664
2026-03-12 21:00:00,15.0,24.3,91,1002.4,13.4,200,0.0,21,3,3,17.0,24.0,32.0,50.0,25.0,51.0,24.333333333333332,40.833333333333336,49.5
2026-03-12 22:00:00,18.0,23.9,91,1002.3,12.5,201,0.0,22,3,3,15.0,22.0,27.0,62.0,18.0,49.0,21.5,37.916666666666664,49.083333333333336
2026-03-12 23:00:00,19.0,23.5,91,1002.6,11.4,206,0.0,23,3,3,18.0,17.0,24.0,59.0,17.0,48.0,20.0,34.25,49.083333333333336
2026-03-13 00:00:00,20.0,23.6,99,1003.1,9.7,190,0.0,0,4,3,19.0,15.0,24.0,66.0,26.0,50.0,19.166666666666668,30.916666666666668,49.166666666666664
2026-03-13 01:00:00,24.0,24.0,99,1004.1,9.2,187,0.0,1,4,3,20.0,18.0,22.0,65.0,22.0,52.0,18.5,27.083333333333332,48.916666666666664
2026-03-13 02:00:00,32.0,26.1,89,1005.2,14.5,197,0.0,2,4,3,24.0,19.0,17.0,42.0,63.0,55.0,18.833333333333332,23.666666666666668,49.0
2026-03-13 03:00:00,40.0,28.4,75,1005.6,12.2,200,0.0,3,4,3,32.0,20.0,15.0,32.0,88.0,55.0,21.333333333333332,22.833333333333332,47.708333333333336
2026-03-13 04:00:00,41.0,30.7,66,1005.7,12.4,199,0.0,4,4,3,40.0,24.0,18.0,27.0,116.0,56.0,25.5,23.5,45.708333333333336
2026-03-13 07:00:00,48.0,34.6,45,1003.3,14.8,189,0.0,7,4,3,41.0,32.0,19.0,24.0,117.0,61.0,29.333333333333332,24.666666666666668,42.583333333333336
2026-03-13 08:00:00,49.0,34.6,42,1002.3,15.3,192,0.0,8,4,3,48.0,40.0,20.0,24.0,91.0,57.0,34.166666666666664,26.666666666666668,39.708333333333336
2026-03-13 09:00:00,49.0,34.0,44,1001.4,16.1,194,0.0,9,4,3,49.0,41.0,24.0,22.0,64.0,57.0,39.0,28.75,37.958333333333336
2026-03-13 10:00:00,43.0,33.1,48,1001.0,18.3,185,0.0,10,4,3,49.0,48.0,32.0,17.0,51.0,57.0,43.166666666666664,31.0,37.333333333333336
2026-03-13 11:00:00,35.0,31.4,54,1001.0,18.7,182,0.0,11,4,3,43.0,49.0,40.0,15.0,50.0,56.0,45.0,33.166666666666664,37.0
2026-03-13 12:00:00,33.0,29.7,63,1001.4,15.9,186,0.0,12,4,3,35.0,49.0,41.0,18.0,62.0,52.0,44.166666666666664,34.833333333333336,36.375
2026-03-13 13:00:00,32.0,27.4,73,1002.2,14.7,191,0.0,13,4,3,33.0,43.0,48.0,19.0,59.0,49.0,42.833333333333336,36.083333333333336,35.166666666666664
2026-03-13 14:00:00,24.0,26.1,86,1003.2,16.2,192,0.0,14,4,3,32.0,35.0,49.0,20.0,66.0,49.0,40.166666666666664,37.166666666666664,34.041666666666664
2026-03-13 15:00:00,26.0,25.5,91,1004.1,18.2,201,0.0,15,4,3,24.0,33.0,49.0,24.0,65.0,46.0,36.0,37.5,32.291666666666664
2026-03-13 16:00:00,22.0,25.2,95,1004.5,18.7,204,0.0,16,4,3,26.0,32.0,43.0,32.0,42.0,44.0,32.166666666666664,37.666666666666664,30.666666666666668
2026-03-13 17:00:00,22.0,25.0,96,1004.4,18.6,210,0.0,17,4,3,22.0,24.0,35.0,40.0,32.0,48.0,28.666666666666668,36.833333333333336,29.833333333333332
2026-03-13 18:00:00,17.0,25.8,93,1004.3,17.9,208,0.0,18,4,3,22.0,26.0,33.0,41.0,27.0,38.0,26.5,35.333333333333336,29.416666666666668
2026-03-13 19:00:00,19.0,25.7,91,1003.8,18.2,203,0.0,19,4,3,17.0,22.0,32.0,48.0,24.0,33.0,23.833333333333332,33.333333333333336,29.0
2026-03-13 20:00:00,16.0,25.1,92,1003.3,17.4,203,0.0,20,4,3,19.0,22.0,24.0,49.0,24.0,29.0,21.666666666666668,30.916666666666668,28.791666666666668
2026-03-13 21:00:00,19.0,24.8,91,1003.3,18.2,205,0.0,21,4,3,16.0,17.0,26.0,49.0,22.0,27.0,20.333333333333332,28.166666666666668,28.458333333333332
2026-03-13 22:00:00,20.0,24.6,93,1003.2,18.6,206,0.0,22,4,3,19.0,19.0,22.0,43.0,17.0,27.0,19.166666666666668,25.666666666666668,28.333333333333332
2026-03-13 23:00:00,22.0,24.6,94,1003.5,18.4,203,0.0,23,4,3,20.0,16.0,22.0,35.0,15.0,25.0,18.833333333333332,23.75,28.458333333333332
2026-03-14 00:00:00,18.0,25.0,94,1004.1,17.6,206,0.0,0,5,3,22.0,19.0,17.0,33.0,18.0,18.0,18.833333333333332,22.666666666666668,28.75
2026-03-14 01:00:00,22.0,25.4,92,1005.3,17.5,207,0.0,1,5,3,18.0,20.0,19.0,32.0,19.0,17.0,19.0,21.416666666666668,28.75
2026-03-14 02:00:00,22.0,26.9,83,1006.4,21.5,213,0.0,2,5,3,22.0,22.0,16.0,24.0,20.0,26.0,19.5,20.583333333333332,28.875
2026-03-14 03:00:00,30.0,29.0,71,1007.3,16.1,214,0.0,3,5,3,22.0,18.0,19.0,26.0,24.0,22.0,20.5,20.416666666666668,28.958333333333332
2026-03-14 04:00:00,35.0,31.0,62,1007.8,15.5,205,0.0,4,5,3,30.0,22.0,20.0,22.0,32.0,63.0,22.333333333333332,20.75,29.208333333333332
2026-03-14 05:00:00,39.0,32.6,55,1007.3,16.7,201,0.0,5,5,3,35.0,22.0,22.0,22.0,40.0,88.0,24.833333333333332,21.833333333333332,29.333333333333332
2026-03-14 06:00:00,39.0,33.9,49,1006.8,16.9,201,0.0,6,5,3,39.0,30.0,18.0,17.0,41.0,116.0,27.666666666666668,23.25,29.291666666666668
2026-03-14 07:00:00,41.0,34.1,48,1005.4,17.4,199,0.0,7,5,3,39.0,35.0,22.0,19.0,48.0,117.0,31.166666666666668,25.083333333333332,29.208333333333332
2026-03-14 08:00:00,32.0,34.1,47,1004.5,18.0,202,0.0,8,5,3,41.0,39.0,22.0,16.0,49.0,91.0,34.333333333333336,26.916666666666668,28.916666666666668
2026-03-14 09:00:00,27.0,33.7,50,1003.8,16.1,200,0.0,9,5,3,32.0,39.0,30.0,19.0,49.0,64.0,36.0,28.25,28.208333333333332
2026-03-14 10:00:00,19.0,32.6,52,1003.4,15.8,197,0.0,10,5,3,27.0,41.0,35.0,20.0,43.0,51.0,35.5,28.916666666666668,27.291666666666668
2026-03-14 11:00:00,16.0,30.7,60,1003.4,19.5,184,0.0,11,5,3,19.0,32.0,39.0,22.0,35.0,50.0,32.833333333333336,28.833333333333332,26.291666666666668
2026-03-14 12:00:00,15.0,28.9,68,1003.4,19.5,183,0.0,12,5,3,16.0,27.0,39.0,18.0,33.0,62.0,29.0,28.333333333333332,25.5
2026-03-14 13:00:00,16.0,27.0,81,1004.3,19.6,188,0.0,13,5,3,15.0,19.0,41.0,22.0,32.0,59.0,25.0,28.083333333333332,24.75
2026-03-14 14:00:00,14.0,26.1,85,1005.0,18.4,188,0.0,14,5,3,16.0,16.0,32.0,22.0,24.0,66.0,20.833333333333332,27.583333333333332,24.083333333333332
2026-03-14 15:00:00,14.0,25.8,86,1005.7,21.2,192,0.0,15,5,3,14.0,15.0,27.0,30.0,26.0,65.0,17.833333333333332,26.916666666666668,23.666666666666668
2026-03-14 16:00:00,17.0,25.5,90,1006.3,19.5,198,0.0,16,5,3,14.0,16.0,19.0,35.0,22.0,42.0,15.666666666666666,25.583333333333332,23.166666666666668
2026-03-14 17:00:00,13.0,25.3,90,1006.5,18.2,205,0.0,17,5,3,17.0,14.0,16.0,39.0,22.0,32.0,15.333333333333334,24.083333333333332,22.958333333333332
2026-03-14 18:00:00,11.0,25.4,91,1006.2,18.1,200,0.0,18,5,3,13.0,14.0,15.0,39.0,17.0,27.0,14.833333333333334,21.916666666666668,22.583333333333332
2026-03-14 19:00:00,13.0,25.1,91,1005.6,18.6,196,0.0,19,5,3,11.0,17.0,16.0,41.0,19.0,24.0,14.166666666666666,19.583333333333332,22.333333333333332
2026-03-14 20:00:00,16.0,25.0,90,1005.0,19.2,197,0.0,20,5,3,13.0,13.0,14.0,32.0,16.0,24.0,13.666666666666666,17.25,22.083333333333332
2026-03-14 21:00:00,11.0,24.8,90,1004.8,18.9,201,0.0,21,5,3,16.0,11.0,14.0,27.0,19.0,22.0,14.0,15.916666666666666,22.083333333333332
2026-03-14 22:00:00,13.0,24.8,90,1004.7,18.6,203,0.0,22,5,3,11.0,13.0,17.0,19.0,20.0,17.0,13.5,14.583333333333334,21.75
2026-03-14 23:00:00,17.0,24.7,91,1004.9,19.1,205,0.0,23,5,3,13.0,16.0,13.0,16.0,22.0,15.0,12.833333333333334,14.083333333333334,21.458333333333332
2026-03-15 00:00:00,19.0,25.1,91,1005.6,19.3,208,0.0,0,6,3,17.0,11.0,11.0,15.0,18.0,18.0,13.5,14.166666666666666,21.25
2026-03-15 01:00:00,17.0,25.4,89,1006.4,19.7,205,0.0,1,6,3,19.0,13.0,13.0,16.0,22.0,19.0,14.833333333333334,14.5,21.291666666666668
2026-03-15 02:00:00,17.0,26.9,80,1007.1,25.3,211,0.0,2,6,3,17.0,17.0,16.0,14.0,22.0,20.0,15.5,14.583333333333334,21.083333333333332
2026-03-15 03:00:00,28.0,28.8,69,1007.9,21.8,207,0.0,3,6,3,17.0,19.0,11.0,14.0,30.0,24.0,15.666666666666666,14.833333333333334,20.875
2026-03-15 04:00:00,27.0,30.5,62,1008.0,20.9,203,0.0,4,6,3,28.0,17.0,13.0,17.0,35.0,32.0,18.5,16.0,20.791666666666668
2026-03-15 05:00:00,29.0,32.1,55,1007.7,20.8,200,0.0,5,6,3,27.0,17.0,17.0,13.0,39.0,40.0,20.833333333333332,16.833333333333332,20.458333333333332
2026-03-15 06:00:00,20.0,33.3,49,1007.2,19.9,198,0.0,6,6,3,29.0,28.0,19.0,11.0,39.0,41.0,22.833333333333332,18.166666666666668,20.041666666666668
2026-03-15 07:00:00,22.0,32.9,50,1006.1,20.4,201,0.0,7,6,3,20.0,27.0,17.0,13.0,41.0,48.0,23.0,18.916666666666668,19.25
2026-03-15 08:00:00,15.0,32.8,50,1005.1,21.7,209,0.0,8,6,3,22.0,29.0,17.0,16.0,32.0,49.0,23.833333333333332,19.666666666666668,18.458333333333332
2026-03-15 09:00:00,16.0,32.0,53,1004.3,18.1,209,0.0,9,6,3,15.0,20.0,28.0,11.0,27.0,49.0,23.5,19.583333333333332,17.75
2026-03-15 10:00:00,11.0,31.2,56,1003.9,18.8,212,0.0,10,6,3,16.0,22.0,27.0,13.0,19.0,43.0,21.5,20.0,17.291666666666668
2026-03-15 11:00:00,14.0,30.5,60,1004.0,14.6,202,0.0,11,6,3,11.0,15.0,29.0,17.0,16.0,35.0,18.833333333333332,19.833333333333332,16.958333333333332
2026-03-15 12:00:00,17.0,29.3,65,1003.9,14.4,193,0.0,12,6,3,14.0,16.0,20.0,19.0,15.0,33.0,16.333333333333332,19.583333333333332,16.875
2026-03-15 13:00:00,11.0,27.7,72,1004.7,14.5,192,0.0,13,6,3,17.0,11.0,22.0,17.0,16.0,32.0,15.833333333333334,19.416666666666668,16.958333333333332
2026-03-15 14:00:00,14.0,26.8,77,1005.2,13.8,192,0.0,14,6,3,11.0,14.0,15.0,17.0,14.0,24.0,14.0,18.916666666666668,16.75
2026-03-15 15:00:00,17.0,26.3,80,1005.9,13.3,189,0.0,15,6,3,14.0,17.0,16.0,28.0,14.0,26.0,13.833333333333334,18.666666666666668,16.75
2026-03-15 16:00:00,17.0,25.9,84,1006.2,15.1,189,0.0,16,6,3,17.0,11.0,11.0,27.0,17.0,22.0,14.0,17.75,16.875
2026-03-15 17:00:00,5.0,25.6,85,1006.1,16.2,193,0.0,17,6,3,17.0,14.0,14.0,29.0,13.0,22.0,15.0,16.916666666666668,16.875
2026-03-15 18:00:00,5.0,25.3,85,1005.9,15.3,189,0.0,18,6,3,5.0,17.0,17.0,20.0,11.0,17.0,13.5,14.916666666666666,16.541666666666668
2026-03-15 19:00:00,4.0,24.9,87,1005.3,17.0,196,0.0,19,6,3,5.0,17.0,11.0,22.0,13.0,19.0,11.5,13.666666666666666,16.291666666666668
2026-03-15 20:00:00,5.0,24.7,89,1005.0,14.2,215,0.0,20,6,3,4.0,5.0,14.0,15.0,16.0,16.0,10.333333333333334,12.166666666666666,15.916666666666666
2026-03-15 21:00:00,7.0,24.6,89,1004.6,15.7,210,0.0,21,6,3,5.0,5.0,17.0,16.0,11.0,19.0,8.833333333333334,11.333333333333334,15.458333333333334
2026-03-15 22:00:00,24.0,24.6,90,1004.2,11.9,202,0.0,22,6,3,7.0,4.0,17.0,11.0,13.0,20.0,7.166666666666667,10.583333333333334,15.291666666666666
2026-03-15 23:00:00,25.0,24.3,93,1004.1,14.4,200,0.0,23,6,3,24.0,5.0,5.0,14.0,17.0,22.0,8.333333333333334,11.666666666666666,15.75
2026-03-16 00:00:00,23.0,23.7,94,1004.7,11.8,209,0.0,0,0,3,25.0,7.0,5.0,17.0,19.0,18.0,11.666666666666666,12.583333333333334,16.083333333333332
2026-03-16 01:00:00,32.0,24.0,93,1005.2,13.5,203,0.0,1,0,3,23.0,24.0,4.0,11.0,17.0,22.0,14.666666666666666,13.083333333333334,16.25
2026-03-16 02:00:00,27.0,26.2,82,1006.0,16.3,208,0.0,2,0,3,32.0,25.0,5.0,14.0,17.0,22.0,19.333333333333332,14.833333333333334,16.875
2026-03-16 03:00:00,31.0,28.5,72,1006.8,17.1,215,0.0,3,0,3,27.0,23.0,7.0,17.0,28.0,30.0,23.0,15.916666666666666,17.291666666666668
2026-03-16 04:00:00,14.0,30.7,61,1007.2,17.5,219,0.0,4,0,3,31.0,32.0,24.0,17.0,27.0,35.0,27.0,17.083333333333332,17.416666666666668
2026-03-16 05:00:00,15.0,32.5,52,1006.6,17.3,216,0.0,5,0,3,14.0,27.0,25.0,5.0,29.0,39.0,25.333333333333332,16.833333333333332,16.875
2026-03-16 06:00:00,18.0,33.1,50,1006.3,14.5,212,0.0,6,0,3,15.0,31.0,23.0,5.0,20.0,39.0,23.666666666666668,17.666666666666668,16.291666666666668
2026-03-16 07:00:00,25.0,33.0,49,1004.6,17.2,203,0.2,7,0,3,18.0,14.0,32.0,4.0,22.0,41.0,22.833333333333332,18.75,16.208333333333332
2026-03-16 08:00:00,36.0,30.9,56,1004.5,14.4,237,0.1,8,0,3,25.0,15.0,27.0,5.0,15.0,32.0,21.666666666666668,20.5,16.333333333333332
2026-03-16 09:00:00,25.0,29.2,60,1004.3,8.2,260,0.0,9,0,3,36.0,18.0,31.0,7.0,16.0,27.0,23.166666666666668,23.083333333333332,17.208333333333332
2026-03-16 10:00:00,19.0,28.3,59,1003.9,13.1,209,0.0,10,0,3,25.0,25.0,14.0,24.0,11.0,19.0,22.166666666666668,24.583333333333332,17.583333333333332
2026-03-16 11:00:00,14.0,27.0,66,1004.2,10.1,136,0.1,11,0,3,19.0,36.0,15.0,25.0,14.0,16.0,23.0,24.166666666666668,17.916666666666668
2026-03-16 12:00:00,10.0,28.6,61,1003.1,7.8,209,0.0,12,0,3,14.0,25.0,18.0,23.0,17.0,15.0,22.833333333333332,23.25,17.916666666666668
2026-03-16 13:00:00,15.0,27.3,73,1003.9,9.7,180,0.0,13,0,3,10.0,19.0,25.0,32.0,11.0,16.0,21.5,22.166666666666668,17.625
2026-03-16 14:00:00,17.0,26.1,85,1004.5,11.9,183,0.0,14,0,3,15.0,14.0,36.0,27.0,14.0,14.0,19.833333333333332,20.75,17.791666666666668
2026-03-16 15:00:00,12.0,25.3,89,1005.2,11.3,197,0.0,15,0,3,17.0,10.0,25.0,31.0,17.0,14.0,16.666666666666668,19.916666666666668,17.916666666666668
2026-03-16 16:00:00,11.0,24.9,89,1005.7,12.3,209,0.0,16,0,3,12.0,15.0,19.0,14.0,17.0,17.0,14.5,18.333333333333332,17.708333333333332
2026-03-16 17:00:00,11.0,24.7,88,1005.7,14.7,208,0.0,17,0,3,11.0,17.0,14.0,15.0,5.0,13.0,13.166666666666666,18.083333333333332,17.458333333333332
2026-03-16 18:00:00,11.0,24.5,91,1006.1,10.2,214,0.0,18,0,3,11.0,12.0,10.0,18.0,5.0,11.0,12.666666666666666,17.75,17.708333333333332
2026-03-16 19:00:00,8.0,23.9,94,1005.5,7.9,204,0.0,19,0,3,11.0,11.0,15.0,25.0,4.0,13.0,12.833333333333334,17.166666666666668,17.958333333333332
2026-03-16 20:00:00,7.0,23.7,95,1004.6,10.4,195,0.0,20,0,3,8.0,11.0,17.0,36.0,5.0,16.0,11.666666666666666,15.75,18.125
2026-03-16 21:00:00,5.0,23.6,96,1004.0,12.7,193,0.0,21,0,3,7.0,11.0,12.0,25.0,7.0,11.0,10.0,13.333333333333334,18.208333333333332
2026-03-16 22:00:00,6.0,23.6,97,1003.5,13.1,198,0.0,22,0,3,5.0,8.0,11.0,19.0,24.0,13.0,8.833333333333334,11.666666666666666,18.125
2026-03-16 23:00:00,18.0,23.7,97,1003.7,13.5,207,0.0,23,0,3,6.0,7.0,11.0,14.0,25.0,17.0,8.0,10.583333333333334,17.375
2026-03-17 00:00:00,18.0,22.7,94,1005.3,9.3,224,0.0,0,1,3,18.0,5.0,11.0,10.0,23.0,19.0,9.166666666666666,10.916666666666666,17.083333333333332
2026-03-17 01:00:00,21.0,23.0,94,1006.1,6.7,211,0.0,1,1,3,18.0,6.0,8.0,15.0,32.0,17.0,10.333333333333334,11.583333333333334,16.875
2026-03-17 02:00:00,26.0,25.3,83,1006.7,11.9,205,0.0,2,1,3,21.0,18.0,7.0,17.0,27.0,17.0,12.5,12.083333333333334,16.416666666666668
2026-03-17 03:00:00,20.0,27.5,71,1007.5,14.4,206,0.0,3,1,3,26.0,18.0,5.0,12.0,31.0,28.0,15.666666666666666,12.833333333333334,16.375
2026-03-17 04:00:00,19.0,29.4,62,1007.6,14.2,201,0.0,4,1,3,20.0,21.0,6.0,11.0,14.0,27.0,18.166666666666668,13.5,15.916666666666666
2026-03-17 05:00:00,17.0,31.2,54,1007.4,14.1,201,0.0,5,1,3,19.0,26.0,18.0,11.0,15.0,29.0,20.333333333333332,14.166666666666666,16.125
2026-03-17 06:00:00,11.0,31.9,51,1007.0,14.2,196,0.0,6,1,3,17.0,20.0,18.0,11.0,18.0,20.0,20.166666666666668,14.666666666666666,16.208333333333332
2026-03-17 07:00:00,9.0,32.6,49,1005.7,15.1,200,0.0,7,1,3,11.0,19.0,21.0,8.0,25.0,22.0,19.0,14.666666666666666,15.916666666666666
2026-03-17 08:00:00,7.0,31.9,51,1004.4,15.4,201,0.0,8,1,3,9.0,17.0,26.0,7.0,36.0,15.0,17.0,14.75,15.25
2026-03-17 09:00:00,9.0,29.5,57,1004.2,15.1,197,0.6,9,1,3,7.0,11.0,20.0,5.0,25.0,16.0,13.833333333333334,14.75,14.041666666666666
2026-03-17 10:00:00,7.0,29.9,58,1003.4,16.4,205,0.0,10,1,3,9.0,9.0,19.0,6.0,19.0,11.0,12.0,15.083333333333334,13.375
2026-03-17 11:00:00,9.0,29.2,62,1003.4,16.9,199,0.0,11,1,3,7.0,7.0,17.0,18.0,14.0,14.0,10.0,15.166666666666666,12.875
2026-03-17 12:00:00,6.0,27.9,71,1003.7,15.1,192,0.0,12,1,3,9.0,9.0,11.0,18.0,10.0,17.0,8.666666666666666,14.416666666666666,12.666666666666666
2026-03-17 13:00:00,10.0,26.4,78,1004.2,14.1,190,0.0,13,1,3,6.0,7.0,9.0,21.0,15.0,11.0,7.833333333333333,13.416666666666666,12.5
2026-03-17 14:00:00,12.0,25.8,81,1004.9,16.6,198,0.0,14,1,3,10.0,9.0,7.0,26.0,17.0,14.0,8.0,12.5,12.291666666666666
2026-03-17 15:00:00,11.0,25.3,84,1005.8,16.6,201,0.0,15,1,3,12.0,6.0,9.0,20.0,12.0,17.0,8.833333333333334,11.333333333333334,12.083333333333334
2026-03-17 16:00:00,8.0,25.2,85,1006.2,15.7,208,0.0,16,1,3,11.0,10.0,7.0,19.0,11.0,17.0,9.166666666666666,10.583333333333334,12.041666666666666
2026-03-17 17:00:00,6.0,24.9,88,1006.4,14.9,205,0.0,17,1,3,8.0,12.0,9.0,17.0,11.0,5.0,9.333333333333334,9.666666666666666,11.916666666666666
2026-03-17 18:00:00,3.0,24.9,92,1005.6,14.8,204,0.0,18,1,3,6.0,11.0,6.0,11.0,11.0,5.0,8.833333333333334,8.75,11.708333333333334
2026-03-17 20:00:00,1.0,24.5,94,1004.7,14.3,201,0.0,20,1,3,3.0,8.0,10.0,9.0,8.0,4.0,8.333333333333334,8.083333333333334,11.375
2026-03-17 21:00:00,4.0,24.3,96,1004.4,13.4,206,0.0,21,1,3,1.0,6.0,12.0,7.0,7.0,5.0,6.833333333333333,7.416666666666667,11.083333333333334
2026-03-17 22:00:00,6.0,24.2,97,1004.4,12.4,211,0.0,22,1,3,4.0,3.0,11.0,9.0,5.0,7.0,5.5,7.166666666666667,10.958333333333334
2026-03-17 23:00:00,3.0,24.1,97,1004.6,11.6,206,0.0,23,1,3,6.0,1.0,8.0,7.0,6.0,24.0,4.666666666666667,6.916666666666667,11.0
2026-03-18 00:00:00,4.0,24.0,98,1005.3,12.4,216,0.0,0,2,3,3.0,4.0,6.0,9.0,18.0,25.0,3.8333333333333335,6.583333333333333,10.875
2026-03-18 01:00:00,9.0,24.3,96,1006.2,10.7,226,0.0,1,2,3,4.0,6.0,3.0,6.0,18.0,23.0,3.5,6.166666666666667,10.291666666666666
2026-03-18 02:00:00,9.0,25.7,87,1007.2,9.2,222,0.0,2,2,3,9.0,3.0,1.0,10.0,21.0,32.0,4.5,6.416666666666667,9.916666666666666
2026-03-18 03:00:00,12.0,27.9,74,1008.1,8.0,207,0.0,3,2,3,9.0,4.0,4.0,12.0,26.0,27.0,5.833333333333333,6.333333333333333,9.416666666666666
2026-03-18 04:00:00,15.0,30.2,60,1008.2,9.7,199,0.0,4,2,3,12.0,9.0,6.0,11.0,20.0,31.0,7.166666666666667,6.333333333333333,8.833333333333334
2026-03-18 05:00:00,19.0,32.1,51,1007.8,10.9,196,0.0,5,2,3,15.0,9.0,3.0,8.0,19.0,14.0,8.666666666666666,6.666666666666667,8.625
2026-03-18 06:00:00,16.0,33.4,44,1007.3,8.7,223,0.0,6,2,3,19.0,12.0,4.0,6.0,17.0,15.0,11.333333333333334,7.583333333333333,8.625
2026-03-18 07:00:00,10.0,33.0,39,1006.3,4.6,244,0.9,7,2,3,16.0,15.0,9.0,3.0,11.0,18.0,13.333333333333334,8.416666666666666,8.583333333333334
2026-03-18 08:00:00,23.0,34.1,35,1005.4,4.6,228,0.0,8,2,3,10.0,19.0,9.0,1.0,9.0,25.0,13.5,9.0,8.541666666666666
2026-03-18 09:00:00,14.0,32.7,32,1004.5,8.6,165,0.6,9,2,3,23.0,16.0,12.0,4.0,7.0,36.0,15.833333333333334,10.833333333333334,9.125
2026-03-18 10:00:00,9.0,31.1,45,1003.5,12.8,174,0.0,10,2,3,14.0,10.0,15.0,6.0,9.0,25.0,16.166666666666668,11.666666666666666,9.416666666666666
2026-03-18 11:00:00,9.0,30.9,51,1003.6,12.2,179,0.0,11,2,3,9.0,23.0,19.0,3.0,7.0,19.0,15.166666666666666,11.916666666666666,9.416666666666666
2026-03-18 12:00:00,12.0,27.7,69,1004.2,10.9,187,0.0,12,2,3,9.0,14.0,16.0,4.0,9.0,14.0,13.5,12.416666666666666,9.5
2026-03-18 13:00:00,21.0,26.7,73,1004.9,11.8,206,0.0,13,2,3,12.0,9.0,10.0,9.0,6.0,10.0,12.833333333333334,13.083333333333334,9.625
2026-03-18 14:00:00,18.0,26.7,79,1005.6,9.0,240,0.0,14,2,3,21.0,9.0,23.0,9.0,10.0,15.0,14.666666666666666,14.083333333333334,10.25
2026-03-18 15:00:00,18.0,26.2,82,1006.7,4.5,217,0.0,15,2,3,18.0,12.0,14.0,12.0,12.0,17.0,13.833333333333334,14.833333333333334,10.583333333333334
2026-03-18 16:00:00,15.0,25.5,85,1007.2,7.2,176,0.0,16,2,3,18.0,21.0,9.0,15.0,11.0,12.0,14.5,15.333333333333334,10.833333333333334
2026-03-18 17:00:00,8.0,24.9,87,1007.5,8.5,176,0.0,17,2,3,15.0,18.0,9.0,19.0,8.0,11.0,15.5,15.333333333333334,11.0
2026-03-18 18:00:00,2.0,25.0,94,1006.9,10.7,205,0.0,18,2,3,8.0,18.0,12.0,16.0,6.0,11.0,15.333333333333334,14.416666666666666,11.0
2026-03-18 19:00:00,4.0,24.8,96,1006.6,10.2,201,0.0,19,2,3,2.0,15.0,21.0,10.0,3.0,11.0,13.666666666666666,13.25,10.833333333333334
2026-03-18 20:00:00,3.0,24.7,97,1005.9,11.4,199,0.0,20,2,3,4.0,8.0,18.0,23.0,1.0,8.0,10.833333333333334,12.75,10.875
2026-03-18 21:00:00,2.0,24.7,97,1005.4,10.8,201,0.0,21,2,3,3.0,2.0,18.0,14.0,4.0,7.0,8.333333333333334,11.083333333333334,10.958333333333334
2026-03-18 22:00:00,5.0,24.6,98,1005.4,9.5,213,0.0,22,2,3,2.0,4.0,15.0,9.0,6.0,5.0,5.666666666666667,10.083333333333334,10.875
2026-03-18 23:00:00,14.0,24.3,99,1005.7,7.4,221,0.0,23,2,3,5.0,3.0,8.0,9.0,3.0,6.0,4.0,9.75,10.833333333333334
2026-03-19 01:00:00,35.0,23.4,81,1007.6,2.1,218,0.0,1,3,3,14.0,2.0,2.0,12.0,4.0,18.0,5.0,10.166666666666666,11.291666666666666
2026-03-19 02:00:00,36.0,25.8,68,1008.2,2.5,240,0.0,2,3,3,35.0,5.0,4.0,21.0,9.0,18.0,10.5,12.083333333333334,12.583333333333334
2026-03-19 03:00:00,42.0,28.6,54,1008.7,3.0,197,0.0,3,3,3,36.0,14.0,3.0,18.0,9.0,21.0,15.833333333333334,13.333333333333334,13.708333333333334
2026-03-19 04:00:00,56.0,31.0,44,1009.0,2.3,180,0.0,4,3,3,42.0,35.0,2.0,18.0,12.0,26.0,22.333333333333332,15.333333333333334,15.083333333333334
2026-03-19 05:00:00,48.0,32.8,38,1008.4,4.0,172,0.0,5,3,3,56.0,36.0,5.0,15.0,15.0,20.0,31.333333333333332,18.5,16.916666666666668
2026-03-19 06:00:00,36.0,33.8,35,1007.4,4.1,165,0.0,6,3,3,48.0,42.0,14.0,8.0,19.0,19.0,38.5,21.25,18.291666666666668
2026-03-19 07:00:00,37.0,35.0,32,1005.8,6.7,171,0.0,7,3,3,36.0,56.0,35.0,2.0,16.0,17.0,42.166666666666664,23.583333333333332,19.0
2026-03-19 08:00:00,35.0,32.7,39,1005.1,14.9,169,0.5,8,3,3,37.0,48.0,36.0,4.0,10.0,11.0,42.5,26.5,19.875
2026-03-19 09:00:00,38.0,32.9,36,1004.6,3.5,195,0.0,9,3,3,35.0,36.0,42.0,3.0,23.0,9.0,42.333333333333336,29.083333333333332,20.916666666666668
2026-03-19 10:00:00,31.0,31.7,42,1003.9,6.1,177,0.0,10,3,3,38.0,37.0,56.0,2.0,14.0,7.0,41.666666666666664,32.0,21.541666666666668
2026-03-19 11:00:00,27.0,31.7,43,1003.6,6.1,175,0.0,11,3,3,31.0,35.0,48.0,5.0,9.0,9.0,37.5,34.416666666666664,22.25
2026-03-19 12:00:00,28.0,30.1,50,1003.3,11.5,178,0.0,12,3,3,27.0,38.0,36.0,14.0,9.0,7.0,34.0,36.25,23.0
2026-03-19 13:00:00,30.0,28.0,64,1004.1,16.3,194,0.0,13,3,3,28.0,31.0,37.0,35.0,12.0,9.0,32.666666666666664,37.416666666666664,23.791666666666668
2026-03-19 14:00:00,20.0,26.6,76,1005.3,14.0,204,0.0,14,3,3,30.0,27.0,35.0,36.0,21.0,6.0,31.5,37.0,24.541666666666668
2026-03-19 15:00:00,8.0,26.2,81,1006.2,14.7,206,0.0,15,3,3,20.0,28.0,38.0,42.0,18.0,10.0,29.0,35.666666666666664,24.5
2026-03-19 16:00:00,9.0,25.9,81,1006.5,14.2,204,0.0,16,3,3,8.0,30.0,31.0,56.0,18.0,12.0,24.0,32.833333333333336,24.083333333333332
2026-03-19 17:00:00,21.0,25.5,82,1006.2,12.8,206,0.0,17,3,3,9.0,20.0,27.0,48.0,15.0,11.0,20.333333333333332,28.916666666666668,23.708333333333332
2026-03-19 18:00:00,16.0,25.4,84,1005.7,13.1,203,0.0,18,3,3,21.0,8.0,28.0,36.0,8.0,8.0,19.333333333333332,26.666666666666668,23.958333333333332
2026-03-19 19:00:00,15.0,25.4,84,1005.1,10.3,207,0.0,19,3,3,16.0,9.0,30.0,37.0,2.0,6.0,17.333333333333332,25.0,24.291666666666668
2026-03-19 20:00:00,12.0,25.2,85,1004.3,9.3,202,0.0,20,3,3,15.0,21.0,20.0,35.0,4.0,3.0,14.833333333333334,23.166666666666668,24.833333333333332
2026-03-19 21:00:00,10.0,24.8,86,1004.2,10.6,201,0.0,21,3,3,12.0,16.0,8.0,38.0,3.0,1.0,13.5,21.25,25.166666666666668
2026-03-19 22:00:00,16.0,24.4,89,1004.1,9.6,203,0.0,22,3,3,10.0,15.0,9.0,31.0,2.0,4.0,13.833333333333334,18.916666666666668,25.458333333333332
2026-03-19 23:00:00,20.0,24.0,91,1003.9,9.8,204,0.0,23,3,3,16.0,12.0,21.0,27.0,5.0,6.0,15.0,17.666666666666668,26.041666666666668
2026-03-20 00:00:00,21.0,23.9,83,1004.1,7.4,227,0.0,0,4,3,20.0,10.0,16.0,28.0,14.0,3.0,14.833333333333334,17.083333333333332,26.666666666666668
2026-03-20 01:00:00,31.0,24.1,81,1005.0,6.2,260,0.0,1,4,3,21.0,16.0,15.0,30.0,35.0,4.0,15.666666666666666,16.5,26.958333333333332
2026-03-20 02:00:00,32.0,25.1,75,1005.9,7.9,201,0.0,2,4,3,31.0,20.0,12.0,20.0,36.0,9.0,18.333333333333332,16.583333333333332,26.791666666666668
2026-03-20 03:00:00,26.0,27.6,60,1006.7,11.6,219,0.0,3,4,3,32.0,21.0,10.0,8.0,42.0,9.0,21.666666666666668,17.583333333333332,26.625
2026-03-20 04:00:00,41.0,30.3,48,1006.8,10.1,229,0.0,4,4,3,26.0,31.0,16.0,9.0,56.0,12.0,24.333333333333332,19.083333333333332,25.958333333333332
2026-03-20 05:00:00,25.0,32.2,40,1006.6,6.9,253,0.0,5,4,3,41.0,32.0,20.0,21.0,48.0,15.0,28.5,21.75,25.333333333333332
2026-03-20 06:00:00,14.0,33.5,33,1005.8,3.1,277,0.0,6,4,3,25.0,26.0,21.0,16.0,36.0,19.0,29.333333333333332,22.083333333333332,24.375
2026-03-20 07:00:00,13.0,34.7,30,1003.9,5.1,174,0.0,7,4,3,14.0,41.0,31.0,15.0,37.0,16.0,28.166666666666668,21.916666666666668,23.458333333333332
2026-03-20 08:00:00,14.0,34.2,32,1003.0,12.6,154,0.0,8,4,3,13.0,25.0,32.0,12.0,35.0,10.0,25.166666666666668,21.75,22.458333333333332
2026-03-20 09:00:00,16.0,32.2,37,1002.8,14.8,181,0.0,9,4,3,14.0,14.0,26.0,10.0,38.0,23.0,22.166666666666668,21.916666666666668,21.583333333333332
2026-03-20 10:00:00,18.0,28.4,60,1002.5,14.8,162,0.0,10,4,3,16.0,13.0,41.0,16.0,31.0,14.0,20.5,22.416666666666668,20.666666666666668
2026-03-20 11:00:00,11.0,28.5,57,1002.8,17.0,195,0.0,11,4,3,18.0,14.0,25.0,20.0,27.0,9.0,16.666666666666668,22.583333333333332,20.125
2026-03-20 12:00:00,18.0,28.7,57,1002.5,17.3,188,0.0,12,4,3,11.0,16.0,14.0,21.0,28.0,9.0,14.333333333333334,21.833333333333332,19.458333333333332
2026-03-20 13:00:00,22.0,26.7,72,1002.7,15.4,187,0.0,13,4,3,18.0,18.0,13.0,31.0,30.0,12.0,15.0,21.583333333333332,19.041666666666668
2026-03-20 14:00:00,16.0,26.1,79,1003.6,15.9,185,0.0,14,4,3,22.0,11.0,14.0,32.0,20.0,21.0,16.5,20.833333333333332,18.708333333333332
2026-03-20 15:00:00,16.0,25.7,82,1004.8,15.0,201,0.0,15,4,3,16.0,18.0,16.0,26.0,8.0,18.0,16.833333333333332,19.5,18.541666666666668
2026-03-20 16:00:00,8.0,25.6,83,1005.9,13.5,209,0.0,16,4,3,16.0,22.0,18.0,41.0,9.0,18.0,16.833333333333332,18.666666666666668,18.875
2026-03-20 17:00:00,6.0,25.5,82,1006.0,13.2,208,0.0,17,4,3,8.0,16.0,11.0,25.0,21.0,15.0,15.166666666666666,15.916666666666666,18.833333333333332
2026-03-20 18:00:00,7.0,24.5,73,1005.4,16.5,214,0.0,18,4,3,6.0,16.0,18.0,14.0,16.0,8.0,14.333333333333334,14.333333333333334,18.208333333333332
2026-03-20 19:00:00,5.0,24.2,77,1004.9,16.2,224,0.0,19,4,3,7.0,8.0,22.0,13.0,15.0,2.0,12.5,13.75,17.833333333333332
2026-03-20 20:00:00,3.0,24.6,77,1004.1,12.0,251,0.0,20,4,3,5.0,6.0,16.0,14.0,12.0,4.0,9.666666666666666,13.083333333333334,17.416666666666668
2026-03-20 21:00:00,7.0,23.7,78,1004.4,9.9,331,0.0,21,4,3,3.0,7.0,16.0,16.0,10.0,3.0,7.5,12.166666666666666,17.041666666666668
2026-03-20 22:00:00,12.0,22.6,73,1004.8,9.3,333,0.0,22,4,3,7.0,5.0,8.0,18.0,16.0,2.0,6.0,11.416666666666666,16.916666666666668
2026-03-20 23:00:00,12.0,22.2,71,1005.0,8.5,356,0.0,23,4,3,12.0,3.0,6.0,11.0,20.0,5.0,6.666666666666667,10.916666666666666,16.75
2026-03-21 00:00:00,21.0,22.6,73,1006.1,19.2,22,0.0,0,5,3,12.0,7.0,7.0,18.0,21.0,14.0,7.666666666666667,11.0,16.416666666666668
2026-03-21 02:00:00,30.0,23.1,68,1007.8,14.2,32,0.0,2,5,3,21.0,12.0,5.0,22.0,31.0,35.0,10.0,11.25,16.416666666666668
2026-03-21 04:00:00,21.0,26.9,53,1008.7,11.6,64,0.0,4,5,3,30.0,12.0,3.0,16.0,32.0,36.0,14.166666666666666,11.916666666666666,16.375
2026-03-21 05:00:00,21.0,29.0,45,1008.4,11.0,79,0.0,5,5,3,21.0,21.0,7.0,16.0,26.0,42.0,17.166666666666668,12.333333333333334,15.916666666666666
2026-03-21 06:00:00,16.0,29.4,44,1007.9,11.5,59,0.0,6,5,3,21.0,30.0,12.0,8.0,41.0,56.0,19.5,12.75,15.708333333333334
2026-03-21 07:00:00,20.0,30.4,42,1006.4,8.2,67,0.0,7,5,3,16.0,21.0,12.0,6.0,25.0,48.0,20.166666666666668,13.416666666666666,14.666666666666666
2026-03-21 08:00:00,13.0,31.0,40,1005.3,6.5,85,0.0,8,5,3,20.0,21.0,21.0,7.0,14.0,36.0,21.5,14.583333333333334,14.458333333333334
2026-03-21 09:00:00,17.0,31.0,40,1004.2,6.7,98,0.0,9,5,3,13.0,16.0,30.0,5.0,13.0,37.0,20.166666666666668,15.083333333333334,14.416666666666666
2026-03-21 10:00:00,19.0,30.3,42,1003.6,2.7,148,0.0,10,5,3,17.0,20.0,21.0,3.0,14.0,35.0,18.0,16.083333333333332,14.583333333333334
2026-03-21 11:00:00,23.0,29.2,45,1003.7,4.7,187,0.1,11,5,3,19.0,13.0,21.0,7.0,16.0,38.0,17.666666666666668,17.416666666666668,14.791666666666666
2026-03-21 12:00:00,25.0,29.9,38,1003.6,7.2,207,0.0,12,5,3,23.0,17.0,16.0,12.0,18.0,31.0,18.0,18.75,15.083333333333334
2026-03-21 13:00:00,26.0,26.0,66,1004.4,16.4,177,0.0,13,5,3,25.0,19.0,20.0,12.0,11.0,27.0,19.5,19.833333333333332,15.375
2026-03-21 14:00:00,34.0,25.2,70,1005.6,13.3,170,0.0,14,5,3,26.0,23.0,13.0,21.0,18.0,28.0,20.5,21.0,16.0
2026-03-21 15:00:00,34.0,24.7,75,1006.4,12.3,183,0.0,15,5,3,34.0,25.0,17.0,30.0,22.0,30.0,24.0,22.083333333333332,16.666666666666668
2026-03-21 16:00:00,33.0,24.4,78,1006.9,9.4,200,0.0,16,5,3,34.0,26.0,19.0,21.0,16.0,20.0,26.833333333333332,22.416666666666668,17.166666666666668
2026-03-21 17:00:00,37.0,24.1,79,1007.2,5.1,207,0.0,17,5,3,33.0,34.0,23.0,21.0,16.0,8.0,29.166666666666668,23.416666666666668,17.875
2026-03-21 18:00:00,32.0,24.2,80,1006.8,9.9,192,0.0,18,5,3,37.0,34.0,25.0,16.0,8.0,9.0,31.5,24.75,18.75
2026-03-21 19:00:00,32.0,23.9,82,1006.3,10.1,207,0.0,19,5,3,32.0,33.0,26.0,20.0,6.0,21.0,32.666666666666664,26.083333333333332,19.75
2026-03-21 20:00:00,36.0,23.6,84,1005.6,10.0,213,0.0,20,5,3,32.0,37.0,34.0,13.0,7.0,16.0,33.666666666666664,27.083333333333332,20.833333333333332
2026-03-21 21:00:00,28.0,22.0,93,1005.8,11.3,10,0.6,21,5,3,36.0,32.0,34.0,17.0,5.0,15.0,34.0,29.0,22.041666666666668
2026-03-21 22:00:00,15.0,21.5,95,1005.7,6.3,53,0.2,22,5,3,28.0,32.0,33.0,19.0,3.0,12.0,33.0,29.916666666666668,23.0
2026-03-21 23:00:00,12.0,21.3,95,1005.6,7.6,54,0.0,23,5,3,15.0,36.0,37.0,23.0,7.0,10.0,30.0,29.583333333333332,23.5
2026-03-22 00:00:00,8.0,20.8,93,1006.3,4.6,111,0.0,0,6,3,12.0,28.0,32.0,25.0,12.0,16.0,25.833333333333332,28.666666666666668,23.708333333333332
2026-03-22 01:00:00,11.0,21.5,89,1007.2,1.3,326,0.0,1,6,3,8.0,15.0,32.0,26.0,12.0,20.0,21.833333333333332,27.25,23.541666666666668
2026-03-22 02:00:00,14.0,23.5,79,1008.1,6.0,44,0.0,2,6,3,11.0,12.0,36.0,34.0,21.0,21.0,18.333333333333332,26.0,23.5
2026-03-22 03:00:00,20.0,25.8,70,1008.7,4.3,92,0.0,3,6,3,14.0,8.0,28.0,34.0,30.0,31.0,14.666666666666666,24.333333333333332,23.208333333333332
2026-03-22 04:00:00,13.0,28.0,62,1008.9,3.7,113,0.0,4,6,3,20.0,11.0,15.0,33.0,21.0,32.0,13.333333333333334,23.166666666666668,22.791666666666668
2026-03-22 05:00:00,30.0,29.5,56,1008.8,2.3,119,0.1,5,6,3,13.0,14.0,12.0,37.0,21.0,26.0,13.0,21.5,22.458333333333332
2026-03-22 06:00:00,31.0,29.8,54,1007.9,3.6,160,0.1,6,6,3,30.0,20.0,8.0,32.0,16.0,41.0,16.0,20.916666666666668,22.833333333333332
2026-03-22 07:00:00,31.0,30.9,50,1006.7,4.1,193,0.5,7,6,3,31.0,13.0,11.0,32.0,20.0,25.0,19.833333333333332,20.833333333333332,23.458333333333332
2026-03-22 08:00:00,35.0,31.2,47,1005.7,3.8,211,0.4,8,6,3,31.0,30.0,14.0,36.0,13.0,14.0,23.166666666666668,20.75,23.916666666666668
2026-03-22 09:00:00,32.0,32.1,41,1004.8,2.6,196,0.1,9,6,3,35.0,31.0,20.0,28.0,17.0,13.0,26.666666666666668,20.666666666666668,24.833333333333332
2026-03-22 10:00:00,21.0,32.1,37,1004.1,3.9,143,0.0,10,6,3,32.0,31.0,13.0,15.0,19.0,14.0,28.666666666666668,21.0,25.458333333333332
2026-03-22 11:00:00,18.0,29.5,55,1004.2,13.0,143,0.2,11,6,3,21.0,35.0,30.0,12.0,23.0,16.0,30.0,21.5,25.541666666666668
2026-03-22 12:00:00,21.0,27.2,69,1004.8,17.1,144,1.8,12,6,3,18.0,32.0,31.0,8.0,25.0,18.0,28.0,22.0,25.333333333333332
2026-03-22 13:00:00,29.0,26.1,78,1005.4,11.2,174,0.0,13,6,3,21.0,21.0,31.0,11.0,26.0,11.0,26.333333333333332,23.083333333333332,25.166666666666668
2026-03-22 14:00:00,29.0,26.0,80,1006.4,15.0,183,0.0,14,6,3,29.0,18.0,35.0,14.0,34.0,18.0,26.0,24.583333333333332,25.291666666666668
2026-03-22 15:00:00,36.0,25.3,86,1007.3,12.6,204,0.0,15,6,3,29.0,21.0,32.0,20.0,34.0,22.0,25.0,25.833333333333332,25.083333333333332
2026-03-22 16:00:00,39.0,24.9,89,1007.8,6.0,213,0.0,16,6,3,36.0,29.0,21.0,13.0,33.0,16.0,25.666666666666668,27.166666666666668,25.166666666666668
2026-03-23 04:00:00,34.0,29.8,58,1008.7,2.6,124,0.0,4,0,3,39.0,29.0,18.0,30.0,37.0,16.0,28.666666666666668,29.333333333333332,25.416666666666668
2026-03-23 05:00:00,34.0,32.5,37,1008.2,1.9,119,0.0,5,0,3,34.0,36.0,21.0,31.0,32.0,8.0,31.333333333333332,29.666666666666668,25.291666666666668
2026-03-23 06:00:00,35.0,33.5,29,1007.2,3.0,123,0.0,6,0,3,34.0,39.0,29.0,31.0,32.0,6.0,33.5,29.916666666666668,25.375
2026-03-23 07:00:00,42.0,35.1,25,1006.0,2.3,113,0.0,7,0,3,35.0,34.0,29.0,35.0,36.0,7.0,34.5,30.25,25.5
2026-03-23 08:00:00,34.0,35.8,21,1004.8,1.4,50,0.0,8,0,3,42.0,34.0,36.0,32.0,28.0,5.0,36.666666666666664,30.833333333333332,25.75
2026-03-23 09:00:00,31.0,35.9,19,1003.8,4.9,352,0.0,9,0,3,34.0,35.0,39.0,21.0,15.0,3.0,36.333333333333336,31.0,26.0
2026-03-23 12:00:00,33.0,29.0,57,1004.5,16.7,158,0.0,12,0,3,31.0,42.0,34.0,18.0,12.0,7.0,35.0,31.833333333333332,26.666666666666668
2026-03-23 13:00:00,30.0,28.1,69,1005.2,13.7,147,0.0,13,0,3,33.0,34.0,34.0,21.0,8.0,12.0,34.833333333333336,33.083333333333336,27.541666666666668
2026-03-23 14:00:00,30.0,26.8,78,1006.1,10.1,183,0.0,14,0,3,30.0,31.0,35.0,29.0,11.0,12.0,34.166666666666664,33.833333333333336,28.458333333333332
2026-03-23 15:00:00,23.0,26.2,84,1007.0,7.9,176,0.0,15,0,3,30.0,33.0,42.0,29.0,14.0,21.0,33.333333333333336,33.916666666666664,29.25
2026-03-23 16:00:00,22.0,25.7,87,1007.2,8.5,184,0.0,16,0,3,23.0,30.0,34.0,36.0,20.0,30.0,30.166666666666668,33.416666666666664,29.625
2026-03-23 17:00:00,18.0,25.2,90,1006.9,9.2,191,0.0,17,0,3,22.0,30.0,31.0,39.0,13.0,21.0,28.166666666666668,32.25,29.708333333333332
2026-03-23 18:00:00,27.0,24.9,95,1006.6,9.4,175,0.0,18,0,3,18.0,23.0,33.0,34.0,30.0,21.0,26.0,30.5,29.916666666666668
2026-03-23 19:00:00,18.0,24.7,96,1006.3,10.2,193,0.0,19,0,3,27.0,22.0,30.0,34.0,31.0,16.0,25.0,29.916666666666668,29.791666666666668
2026-03-23 20:00:00,21.0,24.7,98,1005.6,10.6,199,0.0,20,0,3,18.0,18.0,30.0,35.0,31.0,20.0,23.0,28.583333333333332,29.25
2026-03-23 21:00:00,14.0,24.6,98,1005.1,9.4,204,0.0,21,0,3,21.0,27.0,23.0,42.0,35.0,13.0,21.5,27.416666666666668,28.833333333333332
2026-03-23 22:00:00,13.0,24.3,99,1005.2,7.7,219,0.0,22,0,3,14.0,18.0,22.0,34.0,32.0,17.0,20.0,25.083333333333332,27.958333333333332
2026-03-23 23:00:00,12.0,24.0,98,1005.0,8.5,197,0.0,23,0,3,13.0,21.0,18.0,31.0,21.0,19.0,18.5,23.333333333333332,27.166666666666668
2026-03-24 00:00:00,12.0,24.3,98,1005.5,7.9,191,0.0,0,1,3,12.0,14.0,27.0,33.0,18.0,23.0,17.5,21.75,26.791666666666668
2026-03-24 01:00:00,15.0,24.7,96,1006.0,9.7,180,0.0,1,1,3,12.0,13.0,18.0,30.0,21.0,25.0,15.0,20.0,26.541666666666668
2026-03-24 02:00:00,18.0,26.8,82,1006.6,12.1,192,0.0,2,1,3,15.0,12.0,21.0,30.0,29.0,26.0,14.5,18.75,26.291666666666668
2026-03-24 03:00:00,23.0,28.9,68,1007.2,10.6,194,0.0,3,1,3,18.0,12.0,14.0,23.0,29.0,34.0,14.0,17.75,25.833333333333332
2026-03-24 04:00:00,39.0,31.1,55,1007.3,11.8,193,0.0,4,1,3,23.0,15.0,13.0,22.0,36.0,34.0,15.5,17.75,25.583333333333332
2026-03-24 05:00:00,30.0,33.0,44,1006.9,12.0,194,0.0,5,1,3,39.0,18.0,12.0,18.0,39.0,33.0,19.833333333333332,19.166666666666668,25.708333333333332
2026-03-24 06:00:00,19.0,34.4,36,1005.9,12.6,190,0.0,6,1,3,30.0,23.0,12.0,27.0,34.0,37.0,22.833333333333332,20.166666666666668,25.333333333333332
2026-03-24 07:00:00,22.0,34.6,33,1004.7,13.8,188,0.0,7,1,3,19.0,39.0,15.0,18.0,34.0,32.0,24.0,19.5,24.708333333333332
2026-03-24 08:00:00,21.0,34.0,36,1003.9,13.5,188,0.0,8,1,3,22.0,30.0,18.0,21.0,35.0,32.0,25.166666666666668,19.833333333333332,24.208333333333332
2026-03-24 09:00:00,16.0,31.9,44,1003.3,13.4,186,0.8,9,1,3,21.0,19.0,23.0,14.0,42.0,36.0,25.666666666666668,19.833333333333332,23.625
2026-03-24 10:00:00,17.0,32.2,43,1003.0,17.1,176,0.1,10,1,3,16.0,22.0,39.0,13.0,34.0,28.0,24.5,20.0,22.541666666666668
2026-03-24 11:00:00,18.0,30.8,51,1003.1,14.9,181,0.0,11,1,3,17.0,21.0,30.0,12.0,31.0,15.0,20.833333333333332,20.333333333333332,21.833333333333332
2026-03-24 12:00:00,20.0,29.9,60,1002.8,15.3,177,0.0,12,1,3,18.0,16.0,19.0,12.0,33.0,12.0,18.833333333333332,20.833333333333332,21.291666666666668
2026-03-24 13:00:00,19.0,28.1,73,1003.4,14.5,174,0.0,13,1,3,20.0,17.0,22.0,15.0,30.0,8.0,19.0,21.5,20.75
2026-03-24 15:00:00,15.0,26.3,86,1004.7,14.6,181,0.0,15,1,3,19.0,18.0,21.0,18.0,30.0,11.0,18.5,21.833333333333332,20.291666666666668
2026-03-24 16:00:00,12.0,25.8,89,1004.9,13.3,189,0.0,16,1,3,15.0,20.0,16.0,23.0,23.0,14.0,17.5,21.583333333333332,19.666666666666668
2026-03-24 17:00:00,8.0,25.5,91,1005.1,13.6,192,0.0,17,1,3,12.0,19.0,17.0,39.0,22.0,20.0,16.833333333333332,20.666666666666668,19.208333333333332
2026-03-24 18:00:00,24.0,25.7,91,1004.9,15.4,196,0.0,18,1,3,8.0,15.0,18.0,30.0,18.0,13.0,15.333333333333334,18.083333333333332,18.625
2026-03-24 19:00:00,18.0,25.6,91,1004.3,15.8,197,0.0,19,1,3,24.0,12.0,20.0,19.0,27.0,30.0,16.333333333333332,17.583333333333332,18.875
2026-03-24 20:00:00,13.0,25.3,91,1003.6,15.8,197,0.0,20,1,3,18.0,8.0,19.0,22.0,18.0,31.0,16.0,17.5,18.5
2026-03-24 21:00:00,20.0,25.1,93,1003.5,15.8,203,0.0,21,1,3,13.0,24.0,15.0,21.0,21.0,31.0,15.0,16.75,18.291666666666668
2026-03-24 22:00:00,16.0,24.9,93,1003.5,14.9,210,0.0,22,1,3,20.0,18.0,12.0,16.0,14.0,35.0,15.833333333333334,16.666666666666668,18.25
2026-03-24 23:00:00,10.0,24.7,93,1003.3,14.2,206,0.0,23,1,3,16.0,13.0,8.0,17.0,13.0,32.0,16.5,16.666666666666668,18.333333333333332
2026-03-25 00:00:00,6.0,24.7,94,1003.7,13.9,203,0.0,0,2,3,10.0,20.0,24.0,18.0,12.0,21.0,16.833333333333332,16.083333333333332,18.208333333333332
2026-03-25 01:00:00,11.0,25.4,90,1004.5,15.1,203,0.0,1,2,3,6.0,16.0,18.0,20.0,12.0,18.0,13.833333333333334,15.083333333333334,17.958333333333332
2026-03-25 02:00:00,12.0,27.3,80,1005.5,15.9,203,0.0,2,2,3,11.0,10.0,13.0,19.0,15.0,21.0,12.666666666666666,14.333333333333334,17.916666666666668
2026-03-25 03:00:00,26.0,29.7,67,1005.9,15.3,207,0.0,3,2,3,12.0,6.0,20.0,15.0,18.0,29.0,12.5,13.75,17.791666666666668
2026-03-25 04:00:00,22.0,32.1,55,1006.2,15.6,209,0.0,4,2,3,26.0,11.0,16.0,12.0,23.0,29.0,13.5,14.666666666666666,18.125
2026-03-25 08:00:00,31.0,33.0,50,1004.2,11.7,211,1.7,8,2,3,22.0,12.0,10.0,8.0,39.0,36.0,14.5,15.5,18.083333333333332
2026-03-25 09:00:00,32.0,34.1,41,1003.3,13.9,211,0.0,9,2,3,31.0,26.0,6.0,24.0,30.0,39.0,18.0,17.416666666666668,17.75
2026-03-25 10:00:00,26.0,33.2,49,1002.7,12.3,211,0.0,10,2,3,32.0,22.0,11.0,18.0,19.0,34.0,22.333333333333332,18.083333333333332,17.833333333333332
2026-03-25 11:00:00,26.0,32.5,52,1002.9,12.4,194,0.0,11,2,3,26.0,31.0,12.0,13.0,22.0,34.0,24.833333333333332,18.75,18.125
2026-03-25 12:00:00,25.0,29.8,70,1003.2,17.2,185,0.0,12,2,3,26.0,32.0,26.0,20.0,21.0,35.0,27.166666666666668,19.833333333333332,18.291666666666668
2026-03-25 13:00:00,31.0,28.9,75,1004.0,14.1,195,0.0,13,2,3,25.0,26.0,22.0,16.0,16.0,42.0,27.0,20.25,18.458333333333332
2026-03-25 14:00:00,31.0,28.1,78,1004.9,13.3,196,0.0,14,2,3,31.0,26.0,31.0,10.0,17.0,34.0,28.5,21.5,19.083333333333332
2026-03-25 15:00:00,30.0,27.7,80,1005.6,9.5,199,0.0,15,2,3,31.0,25.0,32.0,6.0,18.0,31.0,28.5,23.25,19.666666666666668
2026-03-25 16:00:00,37.0,27.3,81,1006.0,6.0,197,0.0,16,2,3,30.0,31.0,26.0,11.0,20.0,33.0,28.166666666666668,25.25,20.166666666666668
2026-03-25 17:00:00,28.0,26.7,84,1005.8,7.9,196,0.0,17,2,3,37.0,31.0,26.0,12.0,19.0,30.0,30.0,27.416666666666668,20.875
2026-03-25 18:00:00,21.0,26.2,89,1005.6,9.4,183,0.0,18,2,3,28.0,30.0,25.0,26.0,15.0,30.0,30.333333333333332,28.75,21.25
2026-03-25 20:00:00,22.0,25.2,95,1004.7,7.2,192,0.0,20,2,3,21.0,37.0,31.0,22.0,12.0,23.0,29.666666666666668,28.333333333333332,21.5
2026-03-25 21:00:00,23.0,25.0,96,1004.7,7.1,199,0.0,21,2,3,22.0,28.0,31.0,31.0,8.0,22.0,28.166666666666668,28.333333333333332,21.916666666666668
2026-03-25 22:00:00,28.0,24.8,96,1004.6,8.7,194,0.0,22,2,3,23.0,21.0,30.0,32.0,24.0,18.0,26.833333333333332,27.666666666666668,22.541666666666668
2026-03-25 23:00:00,26.0,24.8,94,1004.7,11.0,195,0.0,23,2,3,28.0,22.0,37.0,26.0,18.0,27.0,26.5,27.333333333333332,22.708333333333332
2026-03-26 00:00:00,37.0,24.2,91,1005.2,8.9,199,0.0,0,3,3,26.0,23.0,28.0,26.0,13.0,18.0,24.666666666666668,27.333333333333332,23.041666666666668
2026-03-26 01:00:00,42.0,25.1,91,1006.3,9.4,211,0.0,1,3,3,37.0,28.0,21.0,25.0,20.0,21.0,26.166666666666668,28.25,24.041666666666668
2026-03-26 02:00:00,42.0,27.6,82,1007.3,11.4,211,0.0,2,3,3,42.0,26.0,22.0,31.0,16.0,14.0,29.666666666666668,29.666666666666668,24.958333333333332
2026-03-26 03:00:00,40.0,29.9,71,1007.7,9.3,204,0.0,3,3,3,42.0,37.0,23.0,31.0,10.0,13.0,33.0,30.583333333333332,26.041666666666668
2026-03-26 04:00:00,48.0,32.1,60,1007.7,8.0,203,0.0,4,3,3,40.0,42.0,28.0,30.0,6.0,12.0,35.833333333333336,31.333333333333332,27.291666666666668
2026-03-26 05:00:00,49.0,34.0,50,1007.3,6.0,207,0.0,5,3,3,48.0,42.0,26.0,37.0,11.0,12.0,39.166666666666664,32.833333333333336,29.041666666666668
2026-03-26 06:00:00,48.0,34.5,42,1006.8,3.1,230,0.0,6,3,3,49.0,40.0,37.0,28.0,12.0,15.0,43.0,33.833333333333336,30.625
2026-03-26 07:00:00,39.0,36.1,35,1005.5,2.5,188,0.0,7,3,3,48.0,48.0,42.0,21.0,26.0,18.0,44.833333333333336,35.5,32.125
2026-03-26 08:00:00,39.0,36.9,32,1004.1,1.5,126,0.0,8,3,3,39.0,49.0,42.0,22.0,22.0,23.0,44.333333333333336,37.0,32.666666666666664
2026-03-26 09:00:00,43.0,36.6,31,1003.6,1.8,6,0.0,9,3,3,39.0,48.0,40.0,23.0,31.0,39.0,43.833333333333336,38.416666666666664,33.375
2026-03-26 10:00:00,43.0,32.1,49,1003.7,16.6,156,0.2,10,3,3,43.0,39.0,48.0,28.0,32.0,30.0,44.333333333333336,40.083333333333336,33.875
2026-03-26 17:00:00,16.0,26.2,89,1005.6,12.9,210,0.0,17,3,3,43.0,39.0,49.0,26.0,26.0,19.0,43.5,41.333333333333336,34.333333333333336
2026-03-26 18:00:00,21.0,26.1,94,1005.1,13.7,201,0.0,18,3,3,16.0,43.0,48.0,37.0,26.0,22.0,38.0,40.5,33.916666666666664
2026-03-26 19:00:00,27.0,25.8,95,1004.5,12.8,208,0.0,19,3,3,21.0,43.0,39.0,42.0,25.0,21.0,33.5,39.166666666666664,33.708333333333336
2026-03-26 20:00:00,23.0,25.5,95,1003.8,11.4,206,0.0,20,3,3,27.0,16.0,39.0,42.0,31.0,16.0,31.5,37.916666666666664,33.791666666666664
2026-03-26 21:00:00,22.0,25.3,95,1003.3,10.9,202,0.0,21,3,3,23.0,21.0,43.0,40.0,31.0,17.0,28.833333333333332,36.333333333333336,33.458333333333336
2026-03-26 22:00:00,25.0,25.0,95,1003.3,9.6,200,0.0,22,3,3,22.0,27.0,43.0,48.0,30.0,18.0,25.333333333333332,34.833333333333336,33.083333333333336
2026-03-26 23:00:00,20.0,24.7,96,1003.4,7.9,192,0.0,23,3,3,25.0,23.0,16.0,49.0,37.0,20.0,22.333333333333332,32.916666666666664,32.875
2026-03-27 00:00:00,19.0,24.8,99,1003.7,7.1,186,0.0,0,4,3,20.0,22.0,21.0,48.0,28.0,19.0,23.0,30.5,32.166666666666664
2026-03-27 01:00:00,18.0,25.4,97,1004.6,7.0,190,0.0,1,4,3,19.0,25.0,27.0,39.0,21.0,15.0,22.666666666666668,28.083333333333332,31.791666666666668
2026-03-27 02:00:00,21.0,27.5,85,1005.3,9.5,202,0.0,2,4,3,18.0,20.0,23.0,39.0,22.0,12.0,21.166666666666668,26.333333333333332,31.666666666666668
2026-03-27 05:00:00,29.0,34.7,50,1005.0,7.9,197,0.0,5,4,3,21.0,19.0,22.0,43.0,23.0,8.0,20.833333333333332,24.833333333333332,31.625
2026-03-27 06:00:00,29.0,36.0,42,1004.1,10.7,193,0.0,6,4,3,29.0,18.0,25.0,43.0,28.0,24.0,22.0,23.666666666666668,31.875
2026-03-27 07:00:00,39.0,37.3,35,1003.1,11.1,192,0.0,7,4,3,29.0,21.0,20.0,16.0,26.0,18.0,22.666666666666668,22.5,31.916666666666668
2026-03-27 08:00:00,36.0,32.7,47,1002.8,19.8,172,0.9,8,4,3,39.0,29.0,19.0,21.0,37.0,13.0,25.833333333333332,24.416666666666668,32.458333333333336
2026-03-27 09:00:00,41.0,34.2,36,1001.5,4.7,187,0.0,9,4,3,36.0,29.0,18.0,27.0,42.0,20.0,28.666666666666668,25.666666666666668,32.416666666666664
2026-03-27 10:00:00,45.0,34.4,34,1000.8,10.6,183,0.0,10,4,3,41.0,39.0,21.0,23.0,42.0,16.0,32.5,26.833333333333332,32.375
2026-03-27 11:00:00,45.0,34.4,37,1000.4,10.9,149,0.0,11,4,3,45.0,36.0,29.0,22.0,40.0,10.0,36.5,28.666666666666668,32.5
2026-03-27 12:00:00,52.0,32.3,51,1000.0,13.7,175,0.0,12,4,3,45.0,41.0,29.0,25.0,48.0,6.0,39.166666666666664,30.583333333333332,32.708333333333336
2026-03-27 13:00:00,41.0,29.8,70,1000.5,15.4,186,0.0,13,4,3,52.0,45.0,39.0,20.0,49.0,11.0,43.0,32.833333333333336,32.875
2026-03-27 14:00:00,31.0,28.3,75,1001.6,15.5,202,0.0,14,4,3,41.0,45.0,36.0,19.0,48.0,12.0,43.333333333333336,34.583333333333336,32.541666666666664
2026-03-28 05:00:00,21.0,31.5,53,1003.4,9.8,114,0.0,5,5,3,31.0,52.0,41.0,18.0,39.0,26.0,42.5,35.583333333333336,31.833333333333332
2026-03-28 08:00:00,24.0,32.3,55,1000.9,11.3,173,0.1,8,5,3,21.0,41.0,45.0,21.0,39.0,22.0,39.166666666666664,35.833333333333336,31.083333333333332
2026-03-28 09:00:00,27.0,33.1,53,999.6,13.4,175,0.0,9,5,3,24.0,31.0,45.0,29.0,43.0,31.0,35.666666666666664,36.083333333333336,30.458333333333332
2026-03-28 10:00:00,32.0,32.3,56,998.8,12.6,189,0.0,10,5,3,27.0,21.0,52.0,29.0,43.0,32.0,32.666666666666664,35.916666666666664,29.791666666666668
2026-03-28 11:00:00,45.0,31.2,63,998.8,15.8,178,0.0,11,5,3,32.0,24.0,41.0,39.0,16.0,26.0,29.333333333333332,36.166666666666664,29.333333333333332
2026-03-28 12:00:00,35.0,30.3,69,999.0,14.3,160,0.0,12,5,3,45.0,27.0,31.0,36.0,21.0,26.0,30.0,36.666666666666664,30.541666666666668
2026-03-28 13:00:00,24.0,28.2,80,999.3,16.0,183,0.0,13,5,3,35.0,32.0,21.0,41.0,27.0,25.0,30.666666666666668,36.583333333333336,31.125
2026-03-28 14:00:00,15.0,27.3,83,1000.2,16.3,190,0.0,14,5,3,24.0,45.0,24.0,45.0,23.0,31.0,31.166666666666668,35.166666666666664,31.0
2026-03-28 15:00:00,17.0,26.7,86,1001.1,13.1,193,0.0,15,5,3,15.0,35.0,27.0,45.0,22.0,31.0,29.666666666666668,32.666666666666664,30.666666666666668
2026-03-28 16:00:00,13.0,26.4,87,1001.4,13.9,194,0.0,16,5,3,17.0,24.0,32.0,52.0,25.0,30.0,28.0,30.333333333333332,30.458333333333332
2026-03-29 07:00:00,12.0,36.1,47,1001.9,13.0,202,0.0,7,6,3,13.0,15.0,45.0,41.0,20.0,37.0,24.833333333333332,27.083333333333332,29.958333333333332
2026-03-29 08:00:00,20.0,36.6,43,1000.9,13.3,201,0.3,8,6,3,12.0,17.0,35.0,31.0,19.0,28.0,19.333333333333332,24.666666666666668,29.625
2026-03-29 09:00:00,27.0,32.7,62,1000.6,15.4,204,6.1,9,6,3,20.0,13.0,24.0,21.0,18.0,21.0,16.833333333333332,23.75,29.666666666666668
2026-03-29 10:00:00,13.0,34.9,48,999.6,10.0,213,0.0,10,6,3,27.0,12.0,15.0,24.0,21.0,22.0,17.333333333333332,24.25,30.041666666666668
2026-03-29 11:00:00,25.0,35.2,39,999.2,10.3,196,0.0,11,6,3,13.0,20.0,17.0,27.0,29.0,23.0,17.0,23.333333333333332,29.708333333333332
2026-03-29 12:00:00,19.0,32.0,68,999.9,17.2,170,0.0,12,6,3,25.0,27.0,13.0,32.0,29.0,28.0,18.333333333333332,23.166666666666668,29.541666666666668
2026-03-29 13:00:00,14.0,29.4,80,1000.4,11.4,153,0.0,13,6,3,19.0,13.0,12.0,45.0,39.0,26.0,19.333333333333332,22.083333333333332,29.125
2026-03-29 14:00:00,16.0,28.2,85,1001.5,10.2,141,0.0,14,6,3,14.0,25.0,20.0,35.0,36.0,37.0,19.666666666666668,19.5,28.083333333333332
2026-03-29 15:00:00,19.0,27.3,89,1001.9,14.2,184,0.0,15,6,3,16.0,19.0,27.0,24.0,41.0,42.0,19.0,17.916666666666668,27.25
2026-03-29 16:00:00,20.0,26.8,91,1002.5,15.6,196,0.0,16,6,3,19.0,14.0,13.0,15.0,45.0,42.0,17.666666666666668,17.5,26.333333333333332
2026-03-29 17:00:00,17.0,26.6,91,1002.7,15.4,201,0.0,17,6,3,20.0,16.0,25.0,17.0,45.0,40.0,18.833333333333332,17.916666666666668,25.291666666666668
2026-03-29 18:00:00,15.0,26.6,93,1002.7,16.9,197,0.0,18,6,3,17.0,19.0,19.0,13.0,52.0,48.0,17.5,17.916666666666668,24.125
2026-03-29 19:00:00,13.0,26.4,95,1002.1,14.9,195,0.0,19,6,3,15.0,20.0,14.0,12.0,41.0,49.0,16.833333333333332,18.083333333333332,22.583333333333332
2026-03-29 20:00:00,9.0,26.1,96,1001.8,13.2,194,0.0,20,6,3,13.0,17.0,16.0,20.0,31.0,48.0,16.666666666666668,18.166666666666668,21.416666666666668
2026-03-29 21:00:00,7.0,26.0,96,1001.3,13.2,194,0.0,21,6,3,9.0,15.0,19.0,27.0,21.0,39.0,15.5,17.25,20.5
2026-03-29 22:00:00,10.0,26.0,95,1001.1,12.9,196,0.0,22,6,3,7.0,13.0,20.0,13.0,24.0,39.0,13.5,15.583333333333334,19.916666666666668
2026-03-29 23:00:00,8.0,26.0,95,1001.0,12.9,196,0.0,23,6,3,10.0,9.0,17.0,25.0,27.0,43.0,11.833333333333334,15.333333333333334,19.333333333333332
2026-03-30 00:00:00,8.0,26.4,95,1001.6,14.3,194,0.0,0,0,3,8.0,7.0,15.0,19.0,32.0,43.0,10.333333333333334,13.916666666666666,18.541666666666668
2026-03-30 01:00:00,15.0,26.9,91,1002.4,15.6,196,0.0,1,0,3,8.0,10.0,13.0,14.0,45.0,16.0,9.166666666666666,13.0,17.541666666666668
2026-03-30 04:00:00,26.0,32.2,62,1004.7,15.8,201,0.0,4,0,3,15.0,8.0,9.0,16.0,35.0,21.0,9.5,13.083333333333334,16.291666666666668
2026-03-30 06:00:00,14.0,33.8,54,1004.0,17.3,199,0.0,6,0,3,26.0,8.0,7.0,19.0,24.0,27.0,12.333333333333334,13.916666666666666,15.916666666666666
2026-03-30 07:00:00,27.0,34.6,51,1003.0,18.4,196,0.0,7,0,3,14.0,15.0,10.0,20.0,15.0,23.0,13.5,13.5,15.5
2026-03-30 08:00:00,8.0,34.6,51,1002.3,18.7,197,0.0,8,0,3,27.0,26.0,8.0,17.0,17.0,22.0,16.333333333333332,14.083333333333334,16.0
2026-03-30 09:00:00,5.0,34.2,52,1001.4,17.9,195,0.0,9,0,3,8.0,14.0,8.0,15.0,13.0,25.0,16.333333333333332,13.333333333333334,15.625
2026-03-30 11:00:00,18.0,31.9,63,1000.8,17.9,195,0.0,11,0,3,5.0,27.0,15.0,13.0,12.0,20.0,15.833333333333334,12.5,15.291666666666666
2026-03-30 12:00:00,13.0,30.2,72,1001.3,17.3,189,0.0,12,0,3,18.0,8.0,26.0,9.0,20.0,19.0,16.333333333333332,12.916666666666666,15.541666666666666
2026-03-30 13:00:00,20.0,28.8,78,1001.6,15.7,182,0.0,13,0,3,13.0,5.0,14.0,7.0,27.0,18.0,14.166666666666666,13.25,15.25
2026-03-30 14:00:00,20.0,27.9,81,1002.4,12.7,172,0.0,14,0,3,20.0,18.0,27.0,10.0,13.0,21.0,15.166666666666666,14.333333333333334,14.958333333333334
2026-03-30 15:00:00,17.0,27.4,83,1003.4,10.2,171,0.0,15,0,3,20.0,13.0,8.0,8.0,25.0,29.0,14.0,15.166666666666666,15.25
2026-03-30 16:00:00,15.0,27.1,84,1004.1,14.3,185,0.0,16,0,3,17.0,20.0,5.0,8.0,19.0,29.0,15.5,15.916666666666666,14.916666666666666
2026-03-30 17:00:00,12.0,26.9,84,1004.2,15.5,195,0.0,17,0,3,15.0,20.0,18.0,15.0,14.0,39.0,17.166666666666668,16.5,14.75
2026-03-30 18:00:00,10.0,27.0,84,1003.9,14.9,197,0.0,18,0,3,12.0,17.0,13.0,26.0,16.0,36.0,16.166666666666668,16.25,14.666666666666666
2026-03-31 06:00:00,42.0,34.0,43,1006.4,10.7,297,0.0,6,1,3,10.0,15.0,20.0,14.0,19.0,41.0,15.666666666666666,14.916666666666666,14.416666666666666
2026-03-31 07:00:00,46.0,34.8,40,1005.3,11.5,300,0.0,7,1,3,42.0,12.0,20.0,27.0,20.0,45.0,19.333333333333332,17.25,15.375
2026-03-31 08:00:00,38.0,35.4,37,1004.1,6.8,297,0.0,8,1,3,46.0,10.0,17.0,8.0,17.0,45.0,23.666666666666668,18.833333333333332,16.458333333333332
2026-03-31 09:00:00,42.0,35.4,36,1003.1,4.5,346,0.0,9,1,3,38.0,42.0,15.0,5.0,15.0,52.0,27.166666666666668,21.333333333333332,17.333333333333332
2026-03-31 10:00:00,40.0,35.0,37,1002.4,5.2,16,0.0,10,1,3,42.0,46.0,12.0,18.0,13.0,41.0,31.666666666666668,24.416666666666668,18.458333333333332
2026-03-31 11:00:00,47.0,33.9,39,1001.9,5.0,334,0.0,11,1,3,40.0,38.0,10.0,13.0,9.0,31.0,36.333333333333336,26.25,19.583333333333332
2026-03-31 12:00:00,45.0,32.7,43,1002.2,4.3,175,0.0,12,1,3,47.0,42.0,42.0,20.0,7.0,21.0,42.5,29.083333333333332,21.166666666666668
2026-03-31 13:00:00,65.0,30.7,54,1002.5,10.1,174,0.0,13,1,3,45.0,40.0,46.0,20.0,10.0,24.0,43.0,31.166666666666668,22.75
2026-03-31 14:00:00,63.0,28.8,73,1003.7,12.8,196,0.0,14,1,3,65.0,47.0,38.0,17.0,8.0,27.0,46.166666666666664,34.916666666666664,25.041666666666668
2026-03-31 15:00:00,49.0,28.1,76,1004.7,10.2,219,0.0,15,1,3,63.0,45.0,42.0,15.0,8.0,32.0,50.333333333333336,38.75,27.333333333333332
2026-03-31 16:00:00,63.0,27.9,76,1005.4,7.3,213,0.0,16,1,3,49.0,65.0,40.0,12.0,15.0,45.0,51.5,41.583333333333336,29.041666666666668
2026-03-31 17:00:00,62.0,27.2,79,1005.7,8.5,205,0.0,17,1,3,63.0,63.0,47.0,10.0,26.0,35.0,55.333333333333336,45.833333333333336,31.041666666666668
2026-03-31 18:00:00,56.0,27.0,78,1005.3,10.5,207,0.0,18,1,3,62.0,49.0,45.0,42.0,14.0,24.0,57.833333333333336,50.166666666666664,32.541666666666664
2026-03-31 19:00:00,52.0,26.5,82,1004.7,11.8,211,0.0,19,1,3,56.0,63.0,65.0,46.0,27.0,15.0,59.666666666666664,51.333333333333336,34.291666666666664
2026-03-31 20:00:00,57.0,26.2,85,1004.4,11.2,218,0.0,20,1,3,52.0,62.0,63.0,38.0,8.0,17.0,57.5,51.833333333333336,35.333333333333336
2026-03-31 21:00:00,60.0,25.9,87,1003.9,10.3,220,0.0,21,1,3,57.0,56.0,49.0,42.0,5.0,13.0,56.5,53.416666666666664,37.375
2026-03-31 22:00:00,54.0,25.5,88,1004.0,8.4,230,0.0,22,1,3,60.0,52.0,63.0,40.0,18.0,12.0,58.333333333333336,54.916666666666664,39.666666666666664
2026-03-31 23:00:00,57.0,25.1,90,1004.4,7.8,224,0.0,23,1,3,54.0,57.0,62.0,47.0,13.0,20.0,56.833333333333336,56.083333333333336,41.166666666666664
2026-04-01 00:00:00,64.0,24.8,93,1004.8,8.2,213,0.0,0,2,4,57.0,60.0,56.0,45.0,20.0,27.0,56.0,56.916666666666664,43.0
2026-04-01 01:00:00,79.0,25.5,90,1005.5,8.3,207,0.0,1,2,4,64.0,54.0,52.0,65.0,20.0,13.0,57.333333333333336,58.5,44.833333333333336
2026-04-01 02:00:00,53.0,27.9,80,1006.2,7.9,204,0.0,2,2,4,79.0,57.0,57.0,63.0,17.0,25.0,61.833333333333336,59.666666666666664,47.291666666666664
2026-04-01 03:00:00,39.0,30.3,70,1007.0,8.8,203,0.0,3,2,4,53.0,64.0,60.0,49.0,15.0,19.0,61.166666666666664,58.833333333333336,48.791666666666664
2026-04-01 04:00:00,33.0,32.6,57,1007.2,10.2,198,0.0,4,2,4,39.0,79.0,54.0,63.0,12.0,14.0,57.666666666666664,58.0,49.791666666666664
2026-04-01 05:00:00,37.0,34.3,47,1007.1,10.2,201,0.0,5,2,4,33.0,53.0,57.0,62.0,10.0,16.0,54.166666666666664,55.5,50.666666666666664
2026-04-01 06:00:00,30.0,35.0,42,1006.3,8.7,197,0.0,6,2,4,37.0,39.0,64.0,56.0,42.0,19.0,50.833333333333336,53.416666666666664,51.791666666666664
2026-04-01 08:00:00,37.0,35.8,40,1004.1,11.6,172,0.0,8,2,4,30.0,33.0,79.0,52.0,46.0,20.0,45.166666666666664,51.25,51.291666666666664
2026-04-01 09:00:00,29.0,35.0,41,1003.1,10.6,183,0.0,9,2,4,37.0,37.0,53.0,57.0,38.0,17.0,38.166666666666664,50.0,50.916666666666664
2026-04-01 10:00:00,23.0,34.1,43,1002.5,10.8,195,0.0,10,2,4,29.0,30.0,39.0,60.0,42.0,15.0,34.166666666666664,47.666666666666664,50.541666666666664
2026-04-01 11:00:00,27.0,33.1,49,1002.4,11.7,183,0.0,11,2,4,23.0,37.0,33.0,54.0,40.0,13.0,31.5,44.583333333333336,49.75
2026-04-01 12:00:00,15.0,31.9,56,1002.6,11.9,176,0.0,12,2,4,27.0,29.0,37.0,57.0,47.0,9.0,30.5,42.333333333333336,49.208333333333336
2026-04-01 13:00:00,22.0,29.7,69,1003.2,14.6,181,0.0,13,2,4,15.0,23.0,30.0,64.0,45.0,7.0,26.833333333333332,38.833333333333336,47.875
2026-04-01 14:00:00,34.0,28.1,78,1004.0,11.7,184,0.0,14,2,4,22.0,27.0,37.0,79.0,65.0,10.0,25.5,35.333333333333336,46.916666666666664
2026-04-01 15:00:00,22.0,27.0,83,1004.8,11.9,184,0.0,15,2,4,34.0,15.0,29.0,53.0,63.0,8.0,25.0,31.583333333333332,45.625
2026-04-01 16:00:00,30.0,26.3,87,1005.4,13.1,193,0.0,16,2,4,22.0,22.0,23.0,39.0,49.0,8.0,23.833333333333332,29.0,43.916666666666664
2026-04-01 17:00:00,19.0,25.8,90,1005.5,13.8,198,0.0,17,2,4,30.0,34.0,27.0,33.0,63.0,15.0,25.0,28.25,43.125
2026-04-01 18:00:00,8.0,26.0,94,1004.7,14.6,198,0.0,18,2,4,19.0,22.0,15.0,37.0,62.0,26.0,23.666666666666668,27.083333333333332,41.291666666666664
2026-04-01 19:00:00,10.0,25.8,93,1004.4,15.1,206,0.0,19,2,4,8.0,30.0,22.0,30.0,56.0,14.0,22.5,24.666666666666668,39.041666666666664
2026-04-01 20:00:00,7.0,25.6,93,1004.3,14.5,211,0.0,20,2,4,10.0,19.0,34.0,37.0,52.0,27.0,20.5,23.0,37.125
2026-04-01 21:00:00,7.0,25.3,94,1003.9,13.4,213,0.0,21,2,4,7.0,8.0,22.0,29.0,57.0,8.0,16.0,20.5,35.25
2026-04-01 22:00:00,14.0,25.1,96,1004.1,12.2,211,0.0,22,2,4,7.0,10.0,30.0,23.0,60.0,5.0,13.5,18.666666666666668,33.166666666666664
2026-04-01 23:00:00,9.0,24.9,96,1004.3,11.7,207,0.0,23,2,4,14.0,7.0,19.0,27.0,54.0,18.0,10.833333333333334,17.916666666666668,31.25
2026-04-02 00:00:00,9.0,25.2,96,1004.3,11.5,205,0.0,0,3,4,9.0,7.0,8.0,15.0,57.0,13.0,9.166666666666666,16.416666666666668,29.375
2026-04-02 01:00:00,16.0,26.1,90,1005.4,14.2,202,0.0,1,3,4,9.0,14.0,10.0,22.0,64.0,20.0,9.333333333333334,15.916666666666666,27.375
2026-04-02 02:00:00,19.0,28.0,80,1006.2,14.2,201,0.0,2,3,4,16.0,9.0,7.0,34.0,79.0,20.0,10.333333333333334,15.416666666666666,25.375
2026-04-02 03:00:00,17.0,30.4,68,1006.8,14.4,202,0.0,3,3,4,19.0,9.0,7.0,22.0,53.0,17.0,12.333333333333334,14.166666666666666,22.875
2026-04-02 04:00:00,21.0,32.6,57,1006.8,15.4,206,0.0,4,3,4,17.0,16.0,14.0,30.0,39.0,15.0,14.0,13.75,21.375
2026-04-02 05:00:00,21.0,34.2,48,1006.7,15.9,205,0.0,5,3,4,21.0,19.0,9.0,19.0,33.0,12.0,15.166666666666666,13.0,20.625
2026-04-02 06:00:00,22.0,35.5,44,1006.2,15.7,202,0.0,6,3,4,21.0,17.0,9.0,8.0,37.0,10.0,17.166666666666668,13.166666666666666,20.125
2026-04-02 07:00:00,18.0,36.0,41,1005.0,15.3,199,0.0,7,3,4,22.0,21.0,16.0,10.0,30.0,42.0,19.333333333333332,14.333333333333334,19.5
2026-04-02 08:00:00,23.0,36.3,39,1004.0,14.7,198,0.0,8,3,4,18.0,21.0,19.0,7.0,37.0,46.0,19.666666666666668,15.0,19.0
2026-04-02 09:00:00,23.0,35.9,39,1003.0,15.3,192,0.0,9,3,4,23.0,22.0,17.0,7.0,29.0,38.0,20.333333333333332,16.333333333333332,18.416666666666668
2026-04-02 10:00:00,22.0,34.8,41,1002.4,16.2,188,0.0,10,3,4,23.0,18.0,21.0,14.0,23.0,42.0,21.333333333333332,17.666666666666668,18.166666666666668
2026-04-02 11:00:00,17.0,33.4,44,1002.4,16.7,187,0.0,11,3,4,22.0,23.0,21.0,9.0,27.0,40.0,21.5,18.333333333333332,18.125
2026-04-02 12:00:00,16.0,31.7,54,1002.6,15.8,181,0.0,12,3,4,17.0,23.0,22.0,9.0,15.0,47.0,20.833333333333332,19.0,17.708333333333332
2026-04-02 13:00:00,23.0,29.5,62,1003.1,16.6,184,0.0,13,3,4,16.0,22.0,18.0,16.0,22.0,45.0,19.833333333333332,19.583333333333332,17.75
2026-04-02 14:00:00,19.0,27.9,72,1003.7,15.6,192,0.0,14,3,4,23.0,17.0,23.0,19.0,34.0,65.0,20.666666666666668,20.166666666666668,17.791666666666668
2026-04-02 15:00:00,21.0,27.2,75,1004.4,14.1,193,0.0,15,3,4,19.0,16.0,23.0,17.0,22.0,63.0,20.0,20.166666666666668,17.166666666666668
2026-04-02 16:00:00,12.0,26.7,77,1004.9,12.6,199,0.0,16,3,4,21.0,23.0,22.0,21.0,30.0,49.0,19.666666666666668,20.5,17.125
2026-04-02 17:00:00,15.0,26.4,79,1005.2,11.5,207,0.0,17,3,4,12.0,19.0,17.0,21.0,19.0,63.0,18.0,19.75,16.375
2026-04-02 18:00:00,11.0,26.4,82,1004.7,13.4,207,0.0,18,3,4,15.0,21.0,16.0,22.0,8.0,62.0,17.666666666666668,19.25,16.208333333333332
2026-04-02 19:00:00,10.0,26.2,84,1004.2,14.3,207,0.0,19,3,4,11.0,12.0,23.0,18.0,10.0,56.0,16.833333333333332,18.333333333333332,16.333333333333332
2026-04-02 20:00:00,6.0,26.1,86,1003.8,14.3,208,0.0,20,3,4,10.0,15.0,19.0,23.0,7.0,52.0,14.666666666666666,17.666666666666668,16.333333333333332
2026-04-02 21:00:00,5.0,25.8,89,1003.6,14.0,209,0.0,21,3,4,6.0,11.0,21.0,23.0,7.0,57.0,12.5,16.25,16.291666666666668
2026-04-02 22:00:00,4.0,25.5,92,1003.4,15.0,204,0.0,22,3,4,5.0,10.0,12.0,22.0,14.0,60.0,9.833333333333334,14.75,16.208333333333332
2026-04-02 23:00:00,3.0,25.4,94,1003.5,15.1,205,0.0,23,3,4,4.0,6.0,15.0,17.0,9.0,54.0,8.5,13.25,15.791666666666666
2026-04-03 00:00:00,8.0,25.7,96,1003.7,14.6,212,0.0,0,4,4,3.0,5.0,11.0,16.0,9.0,57.0,6.5,12.083333333333334,15.541666666666666
2026-04-03 01:00:00,17.0,26.4,93,1004.3,11.7,211,0.0,1,4,4,8.0,4.0,10.0,23.0,16.0,64.0,6.0,11.416666666666666,15.5
2026-04-03 02:00:00,20.0,28.5,82,1005.4,9.9,218,0.0,2,4,4,17.0,3.0,6.0,19.0,19.0,79.0,7.166666666666667,10.916666666666666,15.541666666666666
2026-04-03 03:00:00,30.0,31.4,65,1005.9,9.5,219,0.0,3,4,4,20.0,8.0,5.0,21.0,17.0,53.0,9.5,11.0,15.583333333333334
2026-04-03 04:00:00,37.0,34.1,51,1005.8,9.4,223,0.0,4,4,4,30.0,17.0,4.0,12.0,21.0,39.0,13.666666666666666,11.75,16.125
2026-04-03 05:00:00,46.0,36.3,42,1005.3,7.0,226,0.0,5,4,4,37.0,20.0,3.0,15.0,21.0,33.0,19.166666666666668,13.833333333333334,16.791666666666668
2026-04-03 06:00:00,32.0,37.5,38,1004.3,4.9,213,0.0,6,4,4,46.0,30.0,8.0,11.0,22.0,37.0,26.333333333333332,16.416666666666668,17.833333333333332
2026-04-03 07:00:00,31.0,38.8,31,1003.1,4.8,202,0.0,7,4,4,32.0,37.0,17.0,10.0,18.0,30.0,30.333333333333332,18.166666666666668,18.25
2026-04-03 08:00:00,39.0,39.2,28,1002.2,2.9,176,0.0,8,4,4,31.0,46.0,20.0,6.0,23.0,37.0,32.666666666666664,19.916666666666668,18.791666666666668
2026-04-03 09:00:00,39.0,37.3,34,1001.7,11.8,189,0.0,9,4,4,39.0,32.0,30.0,5.0,23.0,29.0,35.833333333333336,22.666666666666668,19.458333333333332
2026-04-03 10:00:00,31.0,35.1,45,1001.3,11.9,180,0.8,10,4,4,39.0,31.0,37.0,4.0,22.0,23.0,37.333333333333336,25.5,20.125
2026-04-03 11:00:00,39.0,35.3,45,1000.9,13.9,160,0.0,11,4,4,31.0,39.0,46.0,3.0,17.0,27.0,36.333333333333336,27.75,20.5
2026-04-03 12:00:00,36.0,32.6,61,1001.4,18.3,186,0.0,12,4,4,39.0,39.0,32.0,8.0,16.0,15.0,35.166666666666664,30.75,21.416666666666668
2026-04-03 13:00:00,32.0,30.4,72,1002.1,15.6,186,0.0,13,4,4,36.0,31.0,31.0,17.0,23.0,22.0,35.833333333333336,33.083333333333336,22.25
2026-04-03 14:00:00,33.0,29.1,76,1003.3,14.6,193,0.0,14,4,4,32.0,39.0,39.0,20.0,19.0,34.0,36.0,34.333333333333336,22.625
2026-04-03 15:00:00,22.0,28.4,80,1003.7,13.1,209,0.0,15,4,4,33.0,36.0,39.0,30.0,21.0,22.0,35.0,35.416666666666664,23.208333333333332
2026-04-03 16:00:00,15.0,27.9,85,1003.9,12.6,194,0.0,16,4,4,22.0,32.0,31.0,37.0,12.0,30.0,32.166666666666664,34.75,23.25
2026-04-03 17:00:00,11.0,27.4,87,1003.9,14.1,207,0.0,17,4,4,15.0,33.0,39.0,46.0,15.0,19.0,29.5,32.916666666666664,23.375
2026-04-03 18:00:00,9.0,27.5,89,1003.4,14.7,208,0.0,18,4,4,11.0,22.0,36.0,32.0,11.0,8.0,24.833333333333332,30.0,23.208333333333332
2026-04-03 19:00:00,8.0,27.4,89,1003.2,12.9,215,0.0,19,4,4,9.0,15.0,32.0,31.0,10.0,10.0,20.333333333333332,28.083333333333332,23.125
2026-04-03 20:00:00,9.0,27.0,92,1002.9,11.3,222,0.0,20,4,4,8.0,11.0,33.0,39.0,6.0,7.0,16.333333333333332,26.166666666666668,23.041666666666668
2026-04-03 21:00:00,10.0,26.6,95,1002.2,11.8,206,0.0,21,4,4,9.0,9.0,22.0,39.0,5.0,7.0,12.333333333333334,23.666666666666668,23.166666666666668
2026-04-03 22:00:00,11.0,26.3,97,1002.1,8.7,197,0.0,22,4,4,10.0,8.0,15.0,31.0,4.0,14.0,10.333333333333334,21.25,23.375
2026-04-03 23:00:00,21.0,26.0,98,1002.7,4.0,300,0.0,23,4,4,11.0,9.0,11.0,39.0,3.0,9.0,9.666666666666666,19.583333333333332,23.666666666666668
2026-04-04 00:00:00,14.0,26.4,98,1002.3,13.6,192,0.0,0,5,4,21.0,10.0,9.0,36.0,8.0,9.0,11.333333333333334,18.083333333333332,24.416666666666668
2026-04-04 01:00:00,16.0,27.1,94,1003.1,10.7,216,0.0,1,5,4,14.0,11.0,8.0,32.0,17.0,16.0,12.166666666666666,16.25,24.666666666666668
2026-04-04 02:00:00,28.0,29.0,81,1004.2,8.3,236,0.0,2,5,4,16.0,21.0,9.0,33.0,20.0,19.0,13.5,14.916666666666666,24.625
2026-04-04 03:00:00,40.0,31.5,68,1004.5,6.4,212,0.0,3,5,4,28.0,14.0,10.0,22.0,30.0,17.0,16.666666666666668,14.5,24.958333333333332
2026-04-04 04:00:00,34.0,34.1,54,1004.5,5.8,206,0.0,4,5,4,40.0,16.0,11.0,15.0,37.0,21.0,21.666666666666668,16.0,25.375
2026-04-04 05:00:00,46.0,36.2,45,1003.9,4.6,211,0.0,5,5,4,34.0,28.0,21.0,11.0,46.0,21.0,25.5,17.583333333333332,25.25
2026-04-04 06:00:00,50.0,36.9,41,1003.3,4.8,200,0.0,6,5,4,46.0,40.0,14.0,9.0,32.0,22.0,29.666666666666668,20.5,25.25
2026-04-04 07:00:00,38.0,38.3,34,1002.1,4.0,210,0.0,7,5,4,50.0,34.0,16.0,8.0,31.0,18.0,35.666666666666664,23.916666666666668,26.0
2026-04-04 08:00:00,43.0,39.4,30,1000.9,1.5,249,0.0,8,5,4,38.0,46.0,28.0,9.0,39.0,23.0,39.333333333333336,26.416666666666668,26.291666666666668
2026-04-04 09:00:00,34.0,37.8,29,1000.4,1.7,221,0.0,9,5,4,43.0,50.0,40.0,10.0,39.0,23.0,41.833333333333336,29.25,26.458333333333332
2026-04-04 10:00:00,37.0,32.4,57,1000.8,18.0,104,0.0,10,5,4,34.0,38.0,34.0,11.0,31.0,22.0,40.833333333333336,31.25,26.25
2026-04-04 11:00:00,44.0,32.6,51,1000.7,4.3,2,0.0,11,5,4,37.0,43.0,46.0,21.0,39.0,17.0,41.333333333333336,33.416666666666664,26.5
2026-04-04 12:00:00,52.0,32.4,63,1000.5,9.8,186,0.0,12,5,4,44.0,34.0,50.0,14.0,36.0,16.0,41.0,35.333333333333336,26.708333333333332
2026-04-04 13:00:00,37.0,30.6,65,1001.1,14.9,169,0.0,13,5,4,52.0,37.0,38.0,16.0,32.0,23.0,41.333333333333336,38.5,27.375
2026-04-04 14:00:00,39.0,28.9,74,1002.0,12.4,182,0.0,14,5,4,37.0,44.0,43.0,28.0,33.0,19.0,41.166666666666664,40.25,27.583333333333332
2026-04-04 15:00:00,28.0,28.2,82,1003.0,13.1,195,0.0,15,5,4,39.0,52.0,34.0,40.0,22.0,21.0,40.5,41.166666666666664,27.833333333333332
2026-04-04 16:00:00,19.0,27.8,84,1003.3,12.4,206,0.0,16,5,4,28.0,37.0,37.0,34.0,15.0,12.0,39.5,40.166666666666664,28.083333333333332
2026-04-04 17:00:00,15.0,27.6,86,1003.3,11.7,203,0.0,17,5,4,19.0,39.0,44.0,46.0,11.0,15.0,36.5,38.916666666666664,28.25
2026-04-04 18:00:00,11.0,27.7,86,1002.5,14.1,208,0.0,18,5,4,15.0,28.0,52.0,50.0,9.0,11.0,31.666666666666668,36.333333333333336,28.416666666666668
2026-04-04 19:00:00,7.0,27.3,88,1002.1,14.6,215,0.0,19,5,4,11.0,19.0,37.0,38.0,8.0,10.0,24.833333333333332,33.083333333333336,28.5
2026-04-04 20:00:00,3.0,27.1,89,1001.4,13.2,220,0.0,20,5,4,7.0,15.0,39.0,43.0,9.0,6.0,19.833333333333332,30.5,28.458333333333332
2026-04-04 21:00:00,3.0,26.7,89,1000.7,11.5,224,0.0,21,5,4,3.0,11.0,28.0,34.0,10.0,5.0,13.833333333333334,27.166666666666668,28.208333333333332
2026-04-04 22:00:00,2.0,26.4,90,1000.9,12.4,230,0.0,22,5,4,3.0,7.0,19.0,37.0,11.0,4.0,9.666666666666666,24.583333333333332,27.916666666666668
2026-04-05 00:00:00,1.0,26.7,93,1001.2,14.1,208,0.0,0,6,4,2.0,3.0,15.0,44.0,21.0,3.0,6.833333333333333,21.666666666666668,27.541666666666668
2026-04-05 01:00:00,5.0,27.4,89,1002.0,11.6,215,0.0,1,6,4,1.0,3.0,11.0,52.0,14.0,8.0,4.5,18.083333333333332,26.708333333333332
2026-04-05 02:00:00,19.0,29.6,73,1003.7,10.1,303,0.0,2,6,4,5.0,2.0,7.0,37.0,16.0,17.0,3.5,14.166666666666666,26.333333333333332
2026-04-05 03:00:00,45.0,32.6,51,1004.2,11.4,345,0.0,3,6,4,19.0,1.0,3.0,39.0,28.0,20.0,5.5,12.666666666666666,26.458333333333332
2026-04-05 04:00:00,21.0,33.2,50,1004.7,13.9,40,0.0,4,6,4,45.0,5.0,3.0,28.0,40.0,30.0,12.5,13.166666666666666,27.166666666666668
2026-04-05 05:00:00,27.0,35.1,38,1004.5,10.9,44,0.0,5,6,4,21.0,19.0,2.0,19.0,34.0,37.0,15.5,12.583333333333334,26.375
2026-04-05 06:00:00,39.0,34.1,40,1004.7,9.0,10,0.3,6,6,4,27.0,45.0,1.0,15.0,46.0,46.0,19.666666666666668,13.25,26.083333333333332
2026-04-05 07:00:00,59.0,35.3,36,1003.4,9.3,44,0.0,7,6,4,39.0,21.0,5.0,11.0,50.0,32.0,26.0,15.25,25.791666666666668
2026-04-05 08:00:00,71.0,31.9,49,1003.4,18.6,44,0.2,8,6,4,59.0,27.0,19.0,7.0,38.0,31.0,35.0,19.25,26.166666666666668
2026-04-06 03:00:00,55.0,29.4,70,1005.6,5.8,210,0.1,3,0,4,71.0,39.0,45.0,3.0,43.0,39.0,43.666666666666664,24.583333333333332,27.541666666666668
2026-04-06 04:00:00,55.0,31.2,62,1005.9,5.1,225,0.0,4,0,4,55.0,59.0,21.0,3.0,34.0,39.0,45.333333333333336,28.916666666666668,28.041666666666668
2026-04-06 05:00:00,26.0,32.0,57,1005.9,2.0,260,0.2,5,0,4,55.0,71.0,27.0,2.0,37.0,31.0,51.0,33.25,28.916666666666668
2026-04-06 06:00:00,29.0,33.2,47,1005.3,4.1,229,0.0,6,0,4,26.0,55.0,39.0,1.0,44.0,39.0,50.833333333333336,35.25,28.458333333333332
2026-04-06 07:00:00,26.0,34.5,42,1004.1,5.9,200,0.0,7,0,4,29.0,55.0,59.0,5.0,52.0,36.0,49.166666666666664,37.583333333333336,27.833333333333332
2026-04-06 09:00:00,19.0,32.8,48,1002.7,9.1,201,1.0,9,0,4,26.0,26.0,71.0,19.0,37.0,32.0,43.666666666666664,39.333333333333336,26.75
2026-04-06 10:00:00,19.0,32.3,53,1001.4,12.7,167,0.0,10,0,4,19.0,29.0,55.0,45.0,39.0,33.0,35.0,39.333333333333336,26.0
2026-04-06 11:00:00,24.0,32.6,53,1002.0,11.3,181,0.0,11,0,4,19.0,26.0,55.0,21.0,28.0,22.0,29.0,37.166666666666664,25.166666666666668
2026-04-08 03:00:00,25.0,29.3,76,1005.1,12.0,192,0.1,3,2,4,24.0,19.0,26.0,27.0,19.0,15.0,23.833333333333332,37.416666666666664,25.0
2026-04-08 04:00:00,26.0,30.8,70,1005.1,13.5,182,0.2,4,2,4,25.0,19.0,29.0,39.0,15.0,11.0,23.666666666666668,37.25,25.25
2026-04-08 20:00:00,16.0,25.9,91,1002.7,13.8,191,0.0,20,2,4,26.0,24.0,26.0,59.0,11.0,9.0,23.166666666666668,36.166666666666664,25.708333333333332
2026-04-08 21:00:00,16.0,25.9,92,1002.6,12.0,201,0.0,21,2,4,16.0,25.0,19.0,71.0,7.0,8.0,21.5,32.583333333333336,25.916666666666668
2026-04-08 22:00:00,10.0,25.7,95,1002.5,10.2,194,0.0,22,2,4,16.0,26.0,19.0,55.0,3.0,9.0,21.0,28.0,26.291666666666668
2026-04-08 23:00:00,12.0,25.8,95,1002.5,8.7,185,0.0,23,2,4,10.0,16.0,24.0,55.0,3.0,10.0,19.5,24.25,26.583333333333332
2026-04-09 00:00:00,17.0,26.3,95,1002.7,15.0,201,0.0,0,3,4,12.0,16.0,25.0,26.0,2.0,11.0,17.5,20.666666666666668,26.958333333333332
2026-04-09 01:00:00,20.0,27.0,91,1003.6,13.5,214,0.0,1,3,4,17.0,10.0,26.0,29.0,1.0,21.0,16.166666666666668,19.916666666666668,27.583333333333332
2026-04-09 02:00:00,42.0,29.0,80,1004.8,16.3,224,0.0,2,3,4,20.0,12.0,16.0,26.0,5.0,14.0,15.166666666666666,19.166666666666668,28.375
2026-04-09 03:00:00,34.0,30.2,74,1005.2,14.1,224,0.1,3,3,4,42.0,17.0,16.0,19.0,19.0,16.0,19.5,20.5,29.916666666666668
2026-04-09 04:00:00,37.0,31.7,67,1005.3,8.2,256,0.0,4,3,4,34.0,20.0,10.0,19.0,45.0,28.0,22.5,21.75,30.541666666666668
2026-04-09 05:00:00,43.0,33.5,59,1005.3,8.5,277,0.0,5,3,4,37.0,42.0,12.0,24.0,21.0,40.0,27.0,23.25,30.208333333333332
2026-04-09 08:00:00,46.0,29.8,66,1003.8,13.7,161,0.1,8,3,4,43.0,34.0,17.0,25.0,27.0,34.0,32.166666666666664,24.833333333333332,31.125
2026-04-09 09:00:00,38.0,29.6,68,1003.1,4.3,175,0.1,9,3,4,46.0,37.0,20.0,26.0,39.0,46.0,37.0,26.583333333333332,31.916666666666668
2026-04-09 10:00:00,36.0,28.0,73,1003.1,10.0,242,0.2,10,3,4,38.0,43.0,42.0,16.0,59.0,50.0,40.0,27.583333333333332,31.875
2026-04-09 11:00:00,26.0,27.7,73,1003.1,4.4,99,0.0,11,3,4,36.0,46.0,34.0,16.0,71.0,38.0,39.0,29.25,30.916666666666668
2026-04-09 12:00:00,30.0,29.0,73,1003.1,9.0,137,0.0,12,3,4,26.0,38.0,37.0,10.0,55.0,43.0,37.666666666666664,30.083333333333332,29.041666666666668
2026-04-09 13:00:00,42.0,27.6,82,1003.9,4.6,144,0.0,13,3,4,30.0,36.0,43.0,12.0,55.0,34.0,36.5,31.75,28.0
2026-04-09 14:00:00,27.0,26.9,86,1004.8,4.7,162,0.0,14,3,4,42.0,26.0,46.0,17.0,26.0,37.0,36.333333333333336,34.25,27.458333333333332
2026-04-09 15:00:00,43.0,26.3,89,1005.7,8.7,173,0.0,15,3,4,27.0,30.0,38.0,20.0,29.0,44.0,33.166666666666664,35.083333333333336,27.5
2026-04-09 16:00:00,41.0,25.6,92,1006.5,2.3,4,0.0,16,3,4,43.0,42.0,36.0,42.0,26.0,52.0,34.0,37.0,28.083333333333332
2026-04-09 17:00:00,41.0,25.8,91,1006.5,6.6,22,0.0,17,3,4,41.0,27.0,26.0,34.0,19.0,37.0,34.833333333333336,36.916666666666664,28.708333333333332
2026-04-09 18:00:00,37.0,24.6,95,1006.3,8.4,31,0.0,18,3,4,41.0,43.0,30.0,37.0,19.0,39.0,37.333333333333336,37.5,29.625
2026-04-09 19:00:00,39.0,24.5,96,1005.3,5.2,70,0.0,19,3,4,37.0,41.0,42.0,43.0,24.0,28.0,38.5,37.5,30.375
2026-04-09 20:00:00,60.0,24.0,99,1004.2,3.7,113,0.0,20,3,4,39.0,41.0,27.0,46.0,25.0,19.0,38.0,37.166666666666664,31.0
2026-04-09 21:00:00,25.0,23.9,99,1004.1,5.3,168,0.0,21,3,4,60.0,37.0,43.0,38.0,26.0,15.0,43.5,38.333333333333336,32.458333333333336
2026-04-09 22:00:00,26.0,23.3,100,1004.0,1.8,24,0.0,22,3,4,25.0,39.0,41.0,36.0,16.0,11.0,40.5,37.25,32.416666666666664
2026-04-09 23:00:00,26.0,23.6,100,1004.6,8.6,11,0.0,23,3,4,26.0,60.0,41.0,26.0,16.0,7.0,38.0,36.416666666666664,32.833333333333336
2026-04-10 00:00:00,26.0,25.4,99,1005.4,9.5,57,0.0,0,4,4,26.0,25.0,37.0,30.0,10.0,3.0,35.5,36.416666666666664,33.25
2026-04-10 01:00:00,29.0,25.8,97,1006.2,9.2,55,0.0,1,4,4,26.0,26.0,39.0,42.0,12.0,3.0,33.666666666666664,36.083333333333336,33.916666666666664
2026-04-10 02:00:00,28.0,27.1,89,1007.2,6.9,57,0.0,2,4,4,29.0,26.0,60.0,27.0,17.0,2.0,32.0,35.0,34.625
2026-04-10 03:00:00,26.0,28.7,81,1008.1,6.0,53,0.0,3,4,4,28.0,26.0,25.0,43.0,20.0,1.0,26.666666666666668,35.083333333333336,35.083333333333336
2026-04-10 04:00:00,29.0,30.4,73,1008.2,4.8,61,0.1,4,4,4,26.0,29.0,26.0,41.0,42.0,5.0,26.833333333333332,33.666666666666664,35.333333333333336
2026-04-10 05:00:00,38.0,32.0,63,1007.8,4.9,62,0.0,5,4,4,29.0,28.0,26.0,41.0,34.0,19.0,27.333333333333332,32.666666666666664,34.791666666666664
2026-04-10 06:00:00,36.0,32.5,61,1007.0,5.1,58,0.0,6,4,4,38.0,26.0,26.0,37.0,37.0,45.0,29.333333333333332,32.416666666666664,34.958333333333336
2026-04-10 07:00:00,39.0,33.5,55,1006.1,4.8,63,0.0,7,4,4,36.0,29.0,29.0,39.0,43.0,21.0,31.0,32.333333333333336,34.916666666666664
2026-04-10 08:00:00,39.0,33.7,54,1005.0,4.0,69,0.0,8,4,4,39.0,38.0,28.0,60.0,46.0,27.0,32.666666666666664,32.333333333333336,34.75
2026-04-10 09:00:00,36.0,33.6,53,1004.0,2.3,58,0.0,9,4,4,39.0,36.0,26.0,25.0,38.0,39.0,34.5,30.583333333333332,34.458333333333336
2026-04-10 10:00:00,38.0,33.4,51,1003.6,5.3,352,0.0,10,4,4,36.0,39.0,29.0,26.0,36.0,59.0,36.166666666666664,31.5,34.375
2026-04-10 11:00:00,34.0,32.6,52,1003.4,4.1,165,0.0,11,4,4,38.0,39.0,38.0,26.0,26.0,71.0,37.666666666666664,32.5,34.458333333333336
2026-04-10 12:00:00,46.0,28.9,76,1004.1,4.7,86,0.1,12,4,4,34.0,36.0,36.0,26.0,30.0,55.0,37.0,33.166666666666664,34.791666666666664
2026-04-10 13:00:00,47.0,27.5,82,1004.9,13.2,88,0.1,13,4,4,46.0,38.0,39.0,29.0,42.0,55.0,38.666666666666664,34.833333333333336,35.458333333333336
2026-04-10 14:00:00,39.0,26.0,82,1005.2,11.1,130,0.0,14,4,4,47.0,34.0,39.0,28.0,27.0,26.0,40.0,36.333333333333336,35.666666666666664
2026-04-10 15:00:00,42.0,25.2,83,1005.8,11.4,152,0.0,15,4,4,39.0,46.0,36.0,26.0,43.0,29.0,40.0,37.25,36.166666666666664
2026-04-10 16:00:00,50.0,25.2,88,1006.1,8.7,172,0.0,16,4,4,42.0,47.0,38.0,29.0,41.0,26.0,41.0,38.583333333333336,36.125
2026-04-10 17:00:00,36.0,25.0,92,1006.4,6.1,210,0.0,17,4,4,50.0,39.0,34.0,38.0,41.0,19.0,43.0,40.333333333333336,36.5
2026-04-10 18:00:00,30.0,25.7,97,1005.8,9.1,190,0.0,18,4,4,36.0,42.0,46.0,36.0,37.0,19.0,43.333333333333336,40.166666666666664,36.291666666666664
2026-04-10 20:00:00,23.0,26.3,98,1004.6,8.0,200,0.0,20,4,4,30.0,50.0,47.0,39.0,39.0,24.0,40.666666666666664,39.666666666666664,36.0
2026-04-10 21:00:00,15.0,26.2,99,1004.3,6.8,205,0.0,21,4,4,23.0,36.0,39.0,39.0,60.0,25.0,36.666666666666664,38.333333333333336,35.333333333333336
2026-04-10 22:00:00,11.0,26.4,98,1004.4,7.2,212,0.0,22,4,4,15.0,30.0,42.0,36.0,25.0,26.0,32.666666666666664,36.333333333333336,33.458333333333336
2026-04-10 23:00:00,20.0,26.1,98,1004.6,7.3,211,0.0,23,4,4,11.0,23.0,50.0,38.0,26.0,16.0,27.5,34.25,32.875
2026-04-11 00:00:00,19.0,26.3,98,1004.9,8.2,216,0.0,0,5,4,20.0,15.0,36.0,34.0,26.0,16.0,22.5,32.75,32.625
2026-04-11 01:00:00,24.0,27.2,94,1005.6,10.2,219,0.0,1,5,4,19.0,11.0,30.0,46.0,26.0,10.0,19.666666666666668,31.5,32.333333333333336
2026-04-11 02:00:00,27.0,29.0,82,1006.4,8.3,224,0.0,2,5,4,24.0,20.0,23.0,47.0,29.0,12.0,18.666666666666668,29.666666666666668,32.25
2026-04-11 03:00:00,33.0,30.7,74,1007.0,4.8,236,0.0,3,5,4,27.0,19.0,15.0,39.0,28.0,17.0,19.333333333333332,28.0,32.166666666666664
2026-04-11 04:00:00,63.0,32.4,65,1007.0,4.2,245,0.0,4,5,4,33.0,24.0,11.0,42.0,26.0,20.0,22.333333333333332,27.5,32.375
2026-04-11 05:00:00,44.0,34.4,49,1006.6,4.9,276,0.0,5,5,4,63.0,27.0,20.0,50.0,29.0,42.0,31.0,29.25,33.916666666666664
2026-04-11 06:00:00,59.0,34.9,40,1005.8,3.1,298,0.0,6,5,4,44.0,33.0,19.0,36.0,38.0,34.0,35.0,28.75,34.541666666666664
2026-04-11 07:00:00,53.0,36.1,35,1004.6,2.2,346,0.0,7,5,4,59.0,63.0,24.0,30.0,36.0,37.0,41.666666666666664,30.666666666666668,35.416666666666664
2026-04-11 08:00:00,52.0,36.8,33,1003.2,4.8,326,0.0,8,5,4,53.0,44.0,27.0,23.0,39.0,43.0,46.5,32.583333333333336,36.125
2026-04-11 09:00:00,52.0,36.9,32,1002.3,6.8,320,0.0,9,5,4,52.0,59.0,33.0,15.0,39.0,46.0,50.666666666666664,35.0,36.666666666666664
2026-04-11 10:00:00,45.0,36.6,32,1001.7,3.5,298,0.0,10,5,4,52.0,53.0,63.0,11.0,36.0,38.0,53.833333333333336,38.083333333333336,37.208333333333336
2026-04-11 11:00:00,35.0,35.2,38,1001.3,9.2,163,0.0,11,5,4,45.0,52.0,44.0,20.0,38.0,36.0,50.833333333333336,40.916666666666664,37.583333333333336
2026-04-11 12:00:00,28.0,30.7,70,1002.1,14.6,171,0.0,12,5,4,35.0,52.0,59.0,19.0,34.0,26.0,49.333333333333336,42.166666666666664,37.458333333333336
2026-04-11 13:00:00,28.0,28.4,77,1002.9,15.6,204,0.0,13,5,4,28.0,45.0,53.0,24.0,46.0,30.0,44.166666666666664,42.916666666666664,37.208333333333336
2026-04-11 14:00:00,21.0,28.3,82,1003.9,10.3,191,0.0,14,5,4,28.0,35.0,52.0,27.0,47.0,42.0,40.0,43.25,36.458333333333336
2026-04-11 15:00:00,19.0,27.4,88,1004.8,11.4,199,0.0,15,5,4,21.0,28.0,52.0,33.0,39.0,27.0,34.833333333333336,42.75,35.375
2026-04-11 16:00:00,14.0,26.7,93,1005.1,9.6,196,0.0,16,5,4,19.0,28.0,45.0,63.0,42.0,43.0,29.333333333333332,41.583333333333336,34.541666666666664
2026-04-11 17:00:00,19.0,26.3,96,1004.7,9.3,204,0.0,17,5,4,14.0,21.0,35.0,44.0,50.0,41.0,24.166666666666668,37.5,33.375
2026-04-11 18:00:00,15.0,26.5,97,1004.2,10.2,201,0.0,18,5,4,19.0,19.0,28.0,59.0,36.0,41.0,21.5,35.416666666666664,32.083333333333336
2026-04-11 19:00:00,11.0,26.3,99,1003.6,9.8,206,0.0,19,5,4,15.0,14.0,28.0,53.0,30.0,37.0,19.333333333333332,31.75,31.208333333333332
2026-04-11 20:00:00,10.0,26.1,100,1002.8,11.0,210,0.0,20,5,4,11.0,19.0,21.0,52.0,23.0,39.0,16.5,28.25,30.416666666666668
2026-04-11 21:00:00,9.0,26.1,100,1002.4,11.7,216,0.0,21,5,4,10.0,15.0,19.0,52.0,15.0,60.0,14.666666666666666,24.75,29.875
2026-04-11 22:00:00,12.0,26.0,99,1002.4,10.7,222,0.0,22,5,4,9.0,11.0,14.0,45.0,11.0,25.0,13.0,21.166666666666668,29.625
2026-04-11 23:00:00,10.0,25.6,100,1002.5,9.7,225,0.0,23,5,4,12.0,10.0,19.0,35.0,20.0,26.0,12.666666666666666,18.416666666666668,29.666666666666668
2026-04-12 00:00:00,13.0,25.8,99,1002.9,10.5,219,0.0,0,6,4,10.0,9.0,15.0,28.0,19.0,26.0,11.166666666666666,16.333333333333332,29.25
2026-04-12 01:00:00,17.0,26.2,96,1003.7,10.0,214,0.0,1,6,4,13.0,12.0,11.0,28.0,24.0,26.0,10.833333333333334,15.083333333333334,29.0
2026-04-12 02:00:00,70.0,28.1,84,1004.7,7.2,212,0.0,2,6,4,17.0,10.0,10.0,21.0,27.0,29.0,11.833333333333334,14.166666666666666,28.708333333333332
2026-04-12 03:00:00,42.0,30.0,76,1005.0,4.7,203,0.0,3,6,4,70.0,13.0,9.0,19.0,33.0,28.0,21.833333333333332,18.25,30.5
2026-04-12 04:00:00,43.0,32.1,65,1005.1,5.2,184,0.0,4,6,4,42.0,17.0,12.0,14.0,63.0,26.0,27.333333333333332,20.166666666666668,30.875
2026-04-12 05:00:00,33.0,33.9,52,1004.6,6.5,178,0.0,5,6,4,43.0,70.0,10.0,19.0,44.0,29.0,32.5,22.583333333333332,30.041666666666668
2026-04-12 06:00:00,29.0,35.0,44,1003.7,7.2,168,0.0,6,6,4,33.0,42.0,13.0,15.0,59.0,38.0,36.333333333333336,23.75,29.583333333333332
2026-04-12 07:00:00,44.0,36.2,37,1002.6,8.1,159,0.0,7,6,4,29.0,43.0,17.0,11.0,53.0,36.0,39.0,24.916666666666668,28.333333333333332
2026-04-12 08:00:00,52.0,36.2,35,1001.6,9.7,152,0.0,8,6,4,44.0,33.0,70.0,10.0,52.0,39.0,43.5,27.666666666666668,27.958333333333332
2026-04-12 09:00:00,37.0,35.1,42,1001.0,13.8,164,0.0,9,6,4,52.0,29.0,42.0,9.0,52.0,39.0,40.5,31.166666666666668,27.958333333333332
2026-04-12 10:00:00,43.0,32.7,56,1000.8,17.8,178,0.0,10,6,4,37.0,44.0,43.0,12.0,45.0,36.0,39.666666666666664,33.5,27.333333333333332
2026-04-12 11:00:00,37.0,32.2,56,1000.8,16.4,175,0.0,11,6,4,43.0,52.0,33.0,10.0,35.0,38.0,39.666666666666664,36.083333333333336,27.25
2026-04-12 12:00:00,41.0,30.1,72,1000.8,15.3,180,0.0,12,6,4,37.0,37.0,29.0,13.0,28.0,34.0,40.333333333333336,38.333333333333336,27.333333333333332
2026-04-12 13:00:00,27.0,28.5,85,1001.3,18.7,188,0.0,13,6,4,41.0,43.0,44.0,17.0,28.0,46.0,42.333333333333336,40.666666666666664,27.875
2026-04-12 14:00:00,29.0,27.4,91,1002.3,18.9,193,0.0,14,6,4,27.0,37.0,52.0,70.0,21.0,47.0,39.5,41.5,27.833333333333332
2026-04-12 15:00:00,26.0,27.0,94,1003.2,17.7,200,0.0,15,6,4,29.0,41.0,37.0,42.0,19.0,39.0,35.666666666666664,38.083333333333336,28.166666666666668
2026-04-12 16:00:00,15.0,27.0,93,1003.6,15.9,208,0.0,16,6,4,26.0,27.0,43.0,43.0,14.0,42.0,33.833333333333336,36.75,28.458333333333332
2026-04-12 17:00:00,15.0,26.7,95,1003.8,14.0,208,0.0,17,6,4,15.0,29.0,37.0,33.0,19.0,50.0,29.166666666666668,34.416666666666664,28.5
2026-04-12 18:00:00,18.0,26.7,96,1003.4,14.9,207,0.0,18,6,4,15.0,26.0,41.0,29.0,15.0,36.0,25.5,32.916666666666664,28.333333333333332
2026-04-12 20:00:00,12.0,26.4,93,1002.2,15.6,203,0.0,20,6,4,18.0,15.0,27.0,44.0,11.0,30.0,21.666666666666668,32.0,28.458333333333332
2026-04-12 21:00:00,9.0,26.0,94,1001.8,15.6,204,0.0,21,6,4,12.0,15.0,29.0,52.0,10.0,23.0,19.166666666666668,29.333333333333332,28.5
2026-04-12 22:00:00,9.0,25.8,94,1001.8,16.3,207,0.0,22,6,4,9.0,18.0,26.0,37.0,9.0,15.0,15.833333333333334,25.75,28.458333333333332
2026-04-12 23:00:00,14.0,25.7,94,1002.0,17.8,213,0.0,23,6,4,9.0,12.0,15.0,43.0,12.0,11.0,13.0,23.416666666666668,28.458333333333332
2026-04-13 00:00:00,15.0,26.1,95,1002.2,18.1,208,0.0,0,0,4,14.0,9.0,15.0,37.0,10.0,20.0,12.833333333333334,21.0,28.541666666666668
2026-04-13 01:00:00,21.0,27.1,88,1003.2,17.9,211,0.0,1,0,4,15.0,9.0,18.0,41.0,13.0,19.0,12.833333333333334,19.166666666666668,28.75
2026-04-13 02:00:00,26.0,28.8,79,1003.9,18.6,210,0.0,2,0,4,21.0,14.0,12.0,27.0,17.0,24.0,13.333333333333334,17.5,29.083333333333332
2026-04-13 03:00:00,32.0,30.7,71,1004.5,17.2,207,0.0,3,0,4,26.0,15.0,9.0,29.0,70.0,27.0,15.666666666666666,17.416666666666668,29.458333333333332
2026-04-13 04:00:00,27.0,32.5,65,1004.6,16.5,202,0.0,4,0,4,32.0,21.0,9.0,26.0,42.0,33.0,19.5,17.666666666666668,27.875
2026-04-13 05:00:00,29.0,33.9,58,1004.3,16.6,202,0.0,5,0,4,27.0,26.0,14.0,15.0,43.0,63.0,22.5,17.75,27.25
2026-04-13 06:00:00,30.0,34.7,53,1004.0,16.3,209,0.0,6,0,4,29.0,32.0,15.0,15.0,33.0,44.0,25.0,18.916666666666668,26.666666666666668
2026-04-13 07:00:00,24.0,35.3,51,1003.2,16.2,204,0.0,7,0,4,30.0,27.0,21.0,18.0,29.0,59.0,27.5,20.166666666666668,26.541666666666668
2026-04-13 08:00:00,23.0,35.2,53,1002.5,14.1,210,0.0,8,0,4,24.0,29.0,26.0,12.0,44.0,53.0,28.0,20.666666666666668,26.333333333333332
2026-04-13 09:00:00,27.0,34.5,57,1001.6,14.5,185,0.0,9,0,4,23.0,30.0,32.0,9.0,52.0,52.0,27.5,21.583333333333332,25.458333333333332
2026-04-13 10:00:00,22.0,33.4,61,1001.1,17.0,173,0.0,10,0,4,27.0,24.0,27.0,9.0,37.0,52.0,26.666666666666668,23.083333333333332,24.416666666666668
2026-04-13 11:00:00,20.0,31.9,66,1000.9,19.5,171,0.0,11,0,4,22.0,23.0,29.0,14.0,43.0,45.0,25.833333333333332,24.166666666666668,23.791666666666668
2026-04-13 12:00:00,16.0,29.9,75,1001.4,19.8,187,0.0,12,0,4,20.0,27.0,30.0,15.0,37.0,35.0,24.333333333333332,24.666666666666668,22.833333333333332
2026-04-13 13:00:00,7.0,28.3,82,1001.8,21.3,196,0.0,13,0,4,16.0,22.0,24.0,21.0,41.0,28.0,22.0,24.75,21.958333333333332
2026-04-13 14:00:00,5.0,27.9,86,1002.6,19.2,195,0.0,14,0,4,7.0,20.0,23.0,26.0,27.0,28.0,19.166666666666668,23.583333333333332,20.541666666666668
2026-04-13 15:00:00,10.0,27.5,88,1003.4,19.2,199,0.0,15,0,4,5.0,16.0,27.0,32.0,29.0,21.0,16.166666666666668,21.833333333333332,19.625
2026-04-13 16:00:00,7.0,27.3,91,1004.0,15.1,200,0.0,16,0,4,10.0,7.0,22.0,27.0,26.0,19.0,13.333333333333334,20.0,18.833333333333332
2026-04-13 17:00:00,5.0,27.1,90,1004.0,14.9,198,0.0,17,0,4,7.0,5.0,20.0,29.0,15.0,14.0,10.833333333333334,18.333333333333332,18.041666666666668
2026-04-13 19:00:00,6.0,27.0,91,1002.4,18.3,204,0.0,19,0,4,5.0,10.0,16.0,30.0,15.0,19.0,8.333333333333334,16.333333333333332,17.625
2026-04-13 20:00:00,6.0,26.9,92,1002.2,17.2,209,0.0,20,0,4,6.0,7.0,7.0,24.0,18.0,15.0,6.666666666666667,14.333333333333334,17.25
2026-04-13 21:00:00,6.0,26.8,92,1001.7,16.1,209,0.0,21,0,4,6.0,5.0,5.0,23.0,12.0,11.0,6.5,12.833333333333334,16.75
2026-04-13 22:00:00,7.0,26.5,92,1001.7,14.3,209,0.0,22,0,4,6.0,6.0,10.0,27.0,9.0,10.0,6.666666666666667,11.416666666666666,16.5
2026-04-13 23:00:00,4.0,26.1,95,1002.0,12.3,211,0.0,23,0,4,7.0,6.0,7.0,22.0,9.0,9.0,6.166666666666667,9.75,16.416666666666668
2026-04-14 00:00:00,10.0,26.2,97,1002.2,8.7,210,0.0,0,1,4,4.0,6.0,5.0,20.0,14.0,12.0,5.666666666666667,8.25,16.208333333333332
2026-04-14 01:00:00,7.0,27.3,91,1003.1,10.9,209,0.0,1,1,4,10.0,7.0,6.0,16.0,15.0,10.0,6.5,7.416666666666667,16.041666666666668
2026-04-14 02:00:00,11.0,29.2,82,1004.1,9.2,208,0.0,2,1,4,7.0,4.0,6.0,7.0,21.0,13.0,6.666666666666667,6.666666666666667,15.708333333333334
2026-04-14 03:00:00,31.0,31.4,73,1004.8,6.7,216,0.0,3,1,4,11.0,10.0,6.0,5.0,26.0,17.0,7.5,7.0,15.291666666666666
2026-04-14 04:00:00,30.0,33.2,66,1004.7,5.3,208,0.0,4,1,4,31.0,7.0,7.0,10.0,32.0,70.0,11.666666666666666,9.166666666666666,15.5
2026-04-14 05:00:00,32.0,34.7,61,1004.4,4.2,200,0.0,5,1,4,30.0,11.0,4.0,7.0,27.0,42.0,15.5,10.833333333333334,15.416666666666666
2026-04-14 06:00:00,40.0,35.5,58,1003.7,5.3,192,0.0,6,1,4,32.0,31.0,10.0,5.0,29.0,43.0,20.166666666666668,12.916666666666666,15.625
2026-04-14 07:00:00,29.0,36.8,53,1002.5,5.8,171,0.0,7,1,4,40.0,30.0,7.0,6.0,30.0,33.0,25.166666666666668,15.833333333333334,16.083333333333332
2026-04-14 08:00:00,25.0,37.4,50,1001.3,4.7,171,0.0,8,1,4,29.0,32.0,11.0,6.0,24.0,29.0,28.833333333333332,17.75,16.041666666666668
2026-04-14 09:00:00,28.0,32.2,66,1001.7,9.6,247,5.8,9,1,4,25.0,40.0,31.0,6.0,23.0,44.0,31.166666666666668,19.333333333333332,16.083333333333332
2026-04-14 10:00:00,18.0,33.4,60,1000.3,6.1,93,0.1,10,1,4,28.0,29.0,30.0,7.0,27.0,52.0,30.666666666666668,21.166666666666668,16.291666666666668
2026-04-14 15:00:00,21.0,27.8,89,1002.5,15.4,187,0.0,15,1,4,18.0,25.0,32.0,4.0,22.0,37.0,28.666666666666668,22.083333333333332,15.916666666666666
2026-04-14 16:00:00,28.0,27.5,90,1003.0,11.7,197,0.0,16,1,4,21.0,28.0,40.0,10.0,20.0,43.0,26.833333333333332,23.5,15.875
2026-04-14 17:00:00,27.0,27.2,90,1003.1,10.9,193,0.0,17,1,4,28.0,18.0,29.0,7.0,16.0,37.0,24.833333333333332,25.0,16.208333333333332
2026-04-14 18:00:00,21.0,27.1,92,1002.4,10.9,188,0.0,18,1,4,27.0,21.0,25.0,11.0,7.0,41.0,24.5,26.666666666666668,16.666666666666668
2026-04-14 19:00:00,21.0,27.1,91,1001.6,12.9,188,0.0,19,1,4,21.0,28.0,28.0,31.0,5.0,27.0,23.833333333333332,27.5,17.25
2026-04-14 20:00:00,19.0,26.9,92,1000.8,13.1,193,0.0,20,1,4,21.0,27.0,18.0,30.0,10.0,29.0,22.666666666666668,26.666666666666668,17.916666666666668
2026-04-14 21:00:00,17.0,26.8,91,1000.2,13.3,193,0.0,21,1,4,19.0,21.0,21.0,32.0,7.0,26.0,22.833333333333332,25.75,18.291666666666668
2026-04-14 22:00:00,22.0,26.6,92,999.8,13.8,201,0.0,22,1,4,17.0,21.0,28.0,40.0,5.0,15.0,22.166666666666668,24.5,18.708333333333332
2026-04-14 23:00:00,15.0,26.5,94,1000.0,14.7,203,0.0,23,1,4,22.0,19.0,27.0,29.0,6.0,15.0,21.166666666666668,23.0,19.416666666666668
2026-04-15 00:00:00,20.0,26.9,96,1000.8,13.6,202,0.0,0,2,4,15.0,17.0,21.0,25.0,6.0,18.0,19.166666666666668,21.833333333333332,19.791666666666668
2026-04-15 01:00:00,21.0,28.0,89,1001.4,14.3,205,0.0,1,2,4,20.0,22.0,21.0,28.0,6.0,12.0,19.0,21.416666666666668,20.375
2026-04-15 02:00:00,16.0,29.8,78,1002.4,17.1,207,0.0,2,2,4,21.0,15.0,19.0,18.0,7.0,9.0,19.0,20.833333333333332,21.0
2026-04-15 03:00:00,21.0,31.5,71,1002.9,15.7,202,0.0,3,2,4,16.0,20.0,17.0,21.0,4.0,9.0,18.5,20.666666666666668,21.375
2026-04-15 04:00:00,24.0,33.0,66,1003.0,14.6,201,0.0,4,2,4,21.0,21.0,22.0,28.0,10.0,14.0,19.166666666666668,20.666666666666668,22.083333333333332
2026-04-15 05:00:00,19.0,34.3,60,1002.7,14.8,201,0.0,5,2,4,24.0,16.0,15.0,27.0,7.0,15.0,19.5,20.333333333333332,22.666666666666668
2026-04-15 06:00:00,24.0,35.1,57,1002.0,12.8,196,0.0,6,2,4,19.0,21.0,20.0,21.0,11.0,21.0,20.166666666666668,19.666666666666668,23.166666666666668
2026-04-15 07:00:00,23.0,35.9,54,1000.9,12.3,188,0.0,7,2,4,24.0,24.0,21.0,21.0,31.0,26.0,20.833333333333332,19.916666666666668,23.708333333333332
2026-04-15 08:00:00,24.0,36.2,54,999.6,12.6,185,0.0,8,2,4,23.0,19.0,16.0,19.0,30.0,32.0,21.166666666666668,20.083333333333332,23.375
2026-04-15 09:00:00,27.0,36.0,54,999.1,11.7,184,0.0,9,2,4,24.0,24.0,21.0,17.0,32.0,27.0,22.5,20.5,23.125
2026-04-15 10:00:00,18.0,35.1,58,998.5,12.8,182,0.0,10,2,4,27.0,23.0,24.0,22.0,40.0,29.0,23.5,21.333333333333332,22.916666666666668
2026-04-15 11:00:00,11.0,33.0,64,998.8,15.5,177,0.0,11,2,4,18.0,24.0,19.0,15.0,29.0,30.0,22.5,21.0,22.0
2026-04-15 12:00:00,14.0,30.6,74,999.1,15.9,183,0.0,12,2,4,11.0,27.0,24.0,20.0,25.0,24.0,21.166666666666668,20.666666666666668,21.25
2026-04-15 13:00:00,13.0,29.5,79,999.6,15.5,183,0.0,13,2,4,14.0,18.0,23.0,21.0,28.0,23.0,19.5,20.166666666666668,20.791666666666668
2026-04-15 14:00:00,12.0,28.2,84,1000.3,14.0,187,0.0,14,2,4,13.0,11.0,24.0,16.0,18.0,27.0,17.833333333333332,19.5,20.166666666666668
2026-04-15 15:00:00,10.0,27.7,88,1000.9,12.8,182,0.0,15,2,4,12.0,14.0,27.0,21.0,21.0,22.0,15.833333333333334,19.166666666666668,19.916666666666668
2026-04-15 16:00:00,6.0,27.4,89,1001.4,13.7,189,0.0,16,2,4,10.0,13.0,18.0,24.0,28.0,20.0,13.0,18.25,19.458333333333332
2026-04-15 17:00:00,6.0,27.3,90,1001.5,16.8,195,0.0,17,2,4,6.0,12.0,11.0,19.0,27.0,16.0,11.0,16.75,18.541666666666668
2026-04-15 18:00:00,6.0,27.4,92,1000.8,17.5,189,0.0,18,2,4,6.0,10.0,14.0,24.0,21.0,7.0,10.166666666666666,15.666666666666666,17.666666666666668
2026-04-15 19:00:00,8.0,27.3,92,1000.0,18.0,192,0.0,19,2,4,6.0,6.0,13.0,23.0,21.0,5.0,8.833333333333334,14.166666666666666,17.041666666666668
2026-04-15 23:00:00,10.0,26.9,92,999.2,19.0,195,0.0,23,2,4,8.0,6.0,12.0,24.0,19.0,10.0,8.0,12.916666666666666,16.5
2026-04-16 00:00:00,16.0,27.3,93,999.8,16.0,195,0.0,0,3,4,10.0,6.0,10.0,27.0,17.0,7.0,7.666666666666667,11.75,16.125
2026-04-16 01:00:00,13.0,27.9,90,1000.7,17.1,205,0.0,1,3,4,16.0,8.0,6.0,18.0,22.0,5.0,8.666666666666666,10.833333333333334,16.083333333333332
2026-04-16 02:00:00,10.0,29.7,79,1001.7,18.2,206,0.0,2,3,4,13.0,10.0,6.0,11.0,15.0,6.0,9.833333333333334,10.416666666666666,15.708333333333334
2026-04-16 03:00:00,24.0,31.4,72,1002.4,15.4,203,0.0,3,3,4,10.0,16.0,6.0,14.0,20.0,6.0,10.5,10.333333333333334,15.5
2026-04-16 04:00:00,19.0,33.0,67,1002.7,16.6,198,0.0,4,3,4,24.0,13.0,8.0,13.0,21.0,6.0,13.5,11.166666666666666,15.666666666666666
2026-04-16 05:00:00,20.0,34.3,61,1002.7,17.8,196,0.0,5,3,4,19.0,10.0,10.0,12.0,16.0,7.0,15.333333333333334,11.666666666666666,15.583333333333334
2026-04-16 06:00:00,23.0,34.6,59,1002.1,18.8,197,0.0,6,3,4,20.0,24.0,16.0,10.0,21.0,4.0,17.0,12.333333333333334,15.75
2026-04-16 07:00:00,19.0,34.8,58,1001.2,19.6,193,0.0,7,3,4,23.0,19.0,13.0,6.0,24.0,10.0,18.166666666666668,13.416666666666666,15.833333333333334
2026-04-16 16:00:00,6.0,27.5,90,1002.7,12.5,185,0.0,16,3,4,19.0,20.0,10.0,6.0,19.0,7.0,19.166666666666668,14.5,15.625
2026-04-16 17:00:00,3.0,27.3,90,1003.1,13.9,185,0.0,17,3,4,6.0,23.0,24.0,6.0,24.0,11.0,18.5,14.5,15.083333333333334
2026-04-16 19:00:00,1.0,27.4,88,1001.4,21.5,197,0.0,19,3,4,3.0,19.0,19.0,8.0,23.0,31.0,15.0,14.25,14.208333333333334
2026-04-16 20:00:00,4.0,27.2,89,1000.4,20.7,197,0.0,20,3,4,1.0,6.0,20.0,10.0,24.0,30.0,12.0,13.666666666666666,13.291666666666666
2026-04-16 21:00:00,3.0,27.0,90,999.8,18.4,200,0.0,21,3,4,4.0,3.0,23.0,16.0,27.0,32.0,9.333333333333334,13.166666666666666,12.458333333333334
2026-04-16 22:00:00,4.0,26.7,93,1000.7,10.7,224,0.0,22,3,4,3.0,1.0,19.0,13.0,18.0,40.0,6.0,12.083333333333334,11.458333333333334
2026-04-16 23:00:00,6.0,26.5,94,1001.1,8.5,186,0.0,23,3,4,4.0,4.0,6.0,10.0,11.0,29.0,3.5,11.333333333333334,10.875
2026-04-17 00:00:00,4.0,27.0,95,1001.9,8.7,174,0.0,0,4,4,6.0,3.0,3.0,24.0,14.0,25.0,3.5,11.0,10.666666666666666
2026-04-17 01:00:00,19.0,27.9,89,1002.8,13.1,193,0.0,1,4,4,4.0,4.0,1.0,19.0,13.0,28.0,3.6666666666666665,9.333333333333334,10.25
2026-04-17 02:00:00,17.0,29.5,80,1003.8,12.6,204,0.0,2,4,4,19.0,6.0,4.0,20.0,12.0,18.0,6.666666666666667,9.333333333333334,10.5
2026-04-17 03:00:00,19.0,31.5,71,1004.3,9.8,200,0.0,3,4,4,17.0,4.0,3.0,23.0,10.0,21.0,8.833333333333334,9.083333333333334,10.708333333333334
2026-04-17 04:00:00,28.0,33.1,64,1004.6,8.5,186,0.0,4,4,4,19.0,19.0,4.0,19.0,6.0,28.0,11.5,8.75,11.083333333333334
2026-04-17 05:00:00,19.0,34.5,60,1004.5,8.2,172,0.0,5,4,4,28.0,17.0,6.0,6.0,6.0,27.0,15.5,9.5,12.0
2026-04-17 06:00:00,24.0,35.3,56,1003.7,5.4,140,0.0,6,4,4,19.0,19.0,4.0,3.0,6.0,21.0,17.666666666666668,10.583333333333334,12.541666666666666
2026-04-17 07:00:00,28.0,36.4,51,1002.8,7.7,131,0.0,7,4,4,24.0,28.0,19.0,1.0,8.0,21.0,21.0,12.333333333333334,13.291666666666666
2026-04-17 08:00:00,25.0,36.7,50,1001.9,9.2,135,0.0,8,4,4,28.0,19.0,17.0,4.0,10.0,19.0,22.5,14.583333333333334,14.125
2026-04-17 09:00:00,31.0,36.6,51,1000.9,10.9,158,0.0,9,4,4,25.0,24.0,19.0,3.0,16.0,17.0,23.833333333333332,16.333333333333332,14.75
2026-04-17 12:00:00,27.0,31.1,73,1001.6,5.3,168,0.4,12,4,4,31.0,28.0,28.0,4.0,13.0,22.0,25.833333333333332,18.666666666666668,15.375
2026-04-17 13:00:00,26.0,29.7,81,1001.7,13.3,161,0.0,13,4,4,27.0,25.0,19.0,6.0,10.0,15.0,25.666666666666668,20.583333333333332,15.958333333333334
2026-04-17 14:00:00,16.0,28.6,86,1002.2,14.1,183,0.0,14,4,4,26.0,31.0,24.0,4.0,24.0,20.0,26.833333333333332,22.25,16.625
2026-04-17 15:00:00,15.0,27.9,89,1003.1,13.0,184,0.0,15,4,4,16.0,27.0,28.0,19.0,19.0,21.0,25.5,23.25,16.291666666666668
2026-04-17 16:00:00,12.0,27.6,91,1003.3,14.1,193,0.0,16,4,4,15.0,26.0,25.0,17.0,20.0,16.0,23.333333333333332,22.916666666666668,16.125
2026-04-17 17:00:00,8.0,27.3,93,1003.3,13.8,197,0.0,17,4,4,12.0,16.0,31.0,19.0,23.0,21.0,21.166666666666668,22.5,15.791666666666666
2026-04-17 18:00:00,6.0,27.4,95,1002.9,13.2,194,0.0,18,4,4,8.0,15.0,27.0,28.0,19.0,24.0,17.333333333333332,21.583333333333332,15.166666666666666
2026-04-17 20:00:00,3.0,27.0,95,1001.8,12.9,198,0.0,20,4,4,6.0,12.0,26.0,19.0,6.0,19.0,13.833333333333334,19.75,14.625
2026-04-17 21:00:00,1.0,26.8,95,1001.5,11.7,205,0.0,21,4,4,3.0,8.0,16.0,24.0,3.0,24.0,10.0,18.416666666666668,14.5
2026-04-17 22:00:00,2.0,26.7,95,1001.4,9.3,204,0.0,22,4,4,1.0,6.0,15.0,28.0,1.0,23.0,7.5,16.5,14.416666666666666
2026-04-17 23:00:00,8.0,26.9,94,1001.8,8.8,197,0.0,23,4,4,2.0,3.0,12.0,25.0,4.0,24.0,5.333333333333333,14.333333333333334,14.458333333333334
2026-04-18 00:00:00,5.0,27.3,94,1002.2,9.5,180,0.0,0,5,4,8.0,1.0,8.0,31.0,3.0,27.0,4.666666666666667,12.916666666666666,14.625
2026-04-18 01:00:00,5.0,28.0,89,1002.8,12.1,190,0.0,1,5,4,5.0,2.0,6.0,27.0,4.0,18.0,4.166666666666667,10.75,14.708333333333334
2026-04-18 02:00:00,11.0,29.5,80,1003.7,12.2,196,0.0,2,5,4,5.0,8.0,3.0,26.0,6.0,11.0,4.0,8.916666666666666,14.75
2026-04-18 03:00:00,15.0,31.4,71,1004.2,8.4,187,0.0,3,5,4,11.0,5.0,1.0,16.0,4.0,14.0,5.333333333333333,7.666666666666667,14.958333333333334
2026-04-18 04:00:00,24.0,32.9,66,1004.4,8.5,174,0.0,4,5,4,15.0,5.0,2.0,15.0,19.0,13.0,7.666666666666667,7.583333333333333,15.416666666666666
2026-04-18 05:00:00,25.0,34.3,62,1003.9,11.2,177,0.0,5,5,4,24.0,11.0,8.0,12.0,17.0,12.0,11.333333333333334,8.333333333333334,15.625
2026-04-18 06:00:00,28.0,35.6,58,1003.3,12.3,183,0.0,6,5,4,25.0,15.0,5.0,8.0,19.0,10.0,14.166666666666666,9.416666666666666,15.958333333333334
2026-04-18 07:00:00,28.0,36.0,56,1002.3,13.3,178,0.0,7,5,4,28.0,24.0,5.0,6.0,28.0,6.0,18.0,11.083333333333334,16.333333333333332
2026-04-18 08:00:00,32.0,35.9,56,1001.3,14.8,177,0.0,8,5,4,28.0,25.0,11.0,3.0,19.0,6.0,21.833333333333332,12.916666666666666,16.333333333333332
2026-04-18 09:00:00,29.0,34.7,61,1001.1,14.9,178,0.0,9,5,4,32.0,28.0,15.0,1.0,24.0,6.0,25.333333333333332,15.333333333333334,16.875
2026-04-18 11:00:00,17.0,32.6,66,1000.6,16.6,184,0.0,11,5,4,29.0,28.0,24.0,2.0,28.0,8.0,27.666666666666668,17.666666666666668,17.083333333333332
2026-04-18 12:00:00,17.0,30.9,75,1000.6,17.7,197,0.0,12,5,4,17.0,32.0,25.0,8.0,25.0,10.0,26.5,18.916666666666668,16.625
2026-04-18 13:00:00,14.0,29.4,81,1001.0,14.3,195,0.0,13,5,4,17.0,29.0,28.0,5.0,31.0,16.0,25.166666666666668,19.666666666666668,16.291666666666668
2026-04-18 16:00:00,5.0,27.5,91,1002.2,17.2,205,0.0,16,5,4,14.0,17.0,28.0,5.0,27.0,13.0,22.833333333333332,20.416666666666668,15.583333333333334
2026-04-18 17:00:00,6.0,27.3,91,1002.3,17.2,205,0.0,17,5,4,5.0,17.0,32.0,11.0,26.0,10.0,19.0,20.416666666666668,14.666666666666666
2026-04-18 20:00:00,12.0,27.2,92,1000.8,15.7,205,0.0,20,5,4,6.0,14.0,29.0,15.0,16.0,24.0,14.666666666666666,20.0,13.833333333333334
2026-04-18 21:00:00,8.0,26.8,94,1000.2,15.5,205,0.0,21,5,4,12.0,5.0,17.0,24.0,15.0,19.0,11.833333333333334,19.75,13.666666666666666
2026-04-18 22:00:00,4.0,26.4,97,1000.0,14.1,208,0.0,22,5,4,8.0,6.0,17.0,25.0,12.0,20.0,10.333333333333334,18.416666666666668,13.375
2026-04-18 23:00:00,7.0,26.3,98,1000.5,12.2,204,0.0,23,5,4,4.0,12.0,14.0,28.0,8.0,23.0,8.166666666666666,16.666666666666668,13.041666666666666
2026-04-19 00:00:00,11.0,27.3,94,1000.9,13.3,203,0.0,0,6,4,7.0,8.0,5.0,28.0,6.0,19.0,7.0,14.916666666666666,13.0
2026-04-19 01:00:00,12.0,27.9,90,1001.6,14.8,207,0.0,1,6,4,11.0,4.0,6.0,32.0,3.0,6.0,8.0,13.5,13.208333333333334
2026-04-19 02:00:00,21.0,29.3,81,1002.3,15.8,210,0.0,2,6,4,12.0,7.0,12.0,29.0,1.0,3.0,9.0,11.833333333333334,13.583333333333334
2026-04-19 03:00:00,26.0,31.4,72,1002.9,12.9,203,0.0,3,6,4,21.0,11.0,8.0,17.0,2.0,1.0,10.5,11.166666666666666,14.416666666666666
2026-04-19 04:00:00,30.0,33.2,65,1003.2,13.4,200,0.0,4,6,4,26.0,12.0,4.0,17.0,8.0,4.0,13.5,11.916666666666666,15.416666666666666
2026-04-19 05:00:00,29.0,34.8,59,1002.8,14.1,199,0.0,5,6,4,30.0,21.0,7.0,14.0,5.0,3.0,17.833333333333332,13.0,16.333333333333332
2026-04-19 06:00:00,25.0,35.8,56,1002.3,12.6,197,0.0,6,6,4,29.0,26.0,11.0,5.0,5.0,4.0,21.5,14.25,17.333333333333332
2026-04-19 07:00:00,39.0,36.5,53,1001.3,13.8,192,0.0,7,6,4,25.0,30.0,12.0,6.0,11.0,6.0,23.833333333333332,15.916666666666666,18.166666666666668
2026-04-19 08:00:00,31.0,36.5,53,1000.3,16.4,188,0.0,8,6,4,39.0,29.0,21.0,12.0,15.0,4.0,28.333333333333332,18.666666666666668,19.333333333333332
2026-04-19 09:00:00,25.0,35.5,56,999.6,17.2,190,0.0,9,6,4,31.0,25.0,26.0,8.0,24.0,19.0,30.0,20.25,20.0
2026-04-19 11:00:00,23.0,33.0,65,999.3,16.6,185,0.0,11,6,4,25.0,39.0,30.0,4.0,25.0,17.0,29.833333333333332,21.666666666666668,20.041666666666668
2026-04-19 12:00:00,28.0,31.7,70,999.6,11.6,192,0.0,12,6,4,23.0,31.0,29.0,7.0,28.0,19.0,28.666666666666668,23.25,19.958333333333332
2026-04-19 13:00:00,18.0,30.1,77,1000.2,13.6,185,0.0,13,6,4,28.0,25.0,25.0,11.0,28.0,28.0,28.5,25.0,19.958333333333332
2026-04-19 14:00:00,10.0,29.2,80,1001.5,12.8,181,0.0,14,6,4,18.0,23.0,39.0,12.0,32.0,19.0,27.333333333333332,25.583333333333332,19.541666666666668
2026-04-19 15:00:00,17.0,28.4,83,1002.1,9.1,172,0.0,15,6,4,10.0,28.0,31.0,21.0,29.0,24.0,22.5,25.416666666666668,18.625
2026-04-19 16:00:00,16.0,28.0,84,1001.9,15.5,198,0.0,16,6,4,17.0,18.0,25.0,26.0,17.0,28.0,20.166666666666668,25.083333333333332,18.125
2026-04-19 17:00:00,18.0,27.7,85,1001.5,17.9,206,0.0,17,6,4,16.0,10.0,23.0,30.0,17.0,25.0,18.666666666666668,24.25,18.083333333333332
2026-04-19 18:00:00,20.0,27.2,88,1001.2,16.3,207,0.0,18,6,4,18.0,17.0,28.0,29.0,14.0,31.0,17.833333333333332,23.25,18.125
2026-04-19 19:00:00,19.0,26.9,90,1000.3,17.2,211,0.0,19,6,4,20.0,16.0,18.0,25.0,5.0,27.0,16.5,22.5,18.375
2026-04-19 20:00:00,15.0,26.6,92,999.6,14.3,213,0.0,20,6,4,19.0,18.0,10.0,39.0,6.0,26.0,16.666666666666668,22.0,18.958333333333332
2026-04-19 21:00:00,13.0,26.3,95,999.4,11.5,212,0.0,21,6,4,15.0,20.0,17.0,31.0,12.0,16.0,17.5,20.0,19.333333333333332
2026-04-19 22:00:00,15.0,26.0,97,999.4,11.1,214,0.0,22,6,4,13.0,19.0,16.0,25.0,8.0,15.0,16.833333333333332,18.5,19.375
2026-04-19 23:00:00,16.0,25.9,97,999.6,11.2,218,0.0,23,6,4,15.0,15.0,18.0,23.0,4.0,12.0,16.666666666666668,17.666666666666668,19.666666666666668
2026-04-20 00:00:00,36.0,26.3,97,1000.2,11.2,202,0.0,0,0,4,16.0,13.0,20.0,28.0,7.0,8.0,16.333333333333332,17.083333333333332,20.166666666666668
2026-04-20 01:00:00,28.0,27.4,90,1000.8,14.2,206,0.0,1,0,4,36.0,15.0,19.0,18.0,11.0,6.0,19.0,17.75,21.375
2026-04-20 02:00:00,22.0,29.4,82,1002.0,10.5,207,0.0,2,0,4,28.0,16.0,15.0,10.0,12.0,3.0,20.5,18.583333333333332,22.083333333333332
2026-04-20 03:00:00,24.0,31.8,71,1002.4,9.9,212,0.0,3,0,4,22.0,36.0,13.0,17.0,21.0,1.0,21.666666666666668,19.583333333333332,22.5
2026-04-20 04:00:00,26.0,34.0,61,1002.6,9.4,211,0.0,4,0,4,24.0,28.0,15.0,16.0,26.0,2.0,23.5,20.166666666666668,22.625
2026-04-20 05:00:00,27.0,35.8,54,1002.0,10.0,197,0.0,5,0,4,26.0,22.0,16.0,18.0,30.0,8.0,25.333333333333332,21.0,22.625
2026-04-20 07:00:00,28.0,36.1,54,1000.6,12.5,187,0.0,7,0,4,27.0,24.0,36.0,20.0,29.0,5.0,27.166666666666668,21.75,22.5
2026-04-20 08:00:00,28.0,35.4,56,999.6,15.8,187,0.0,8,0,4,28.0,26.0,28.0,19.0,25.0,5.0,25.833333333333332,22.416666666666668,22.458333333333332
2026-04-20 09:00:00,22.0,35.3,55,998.6,16.6,195,0.0,9,0,4,28.0,27.0,22.0,15.0,39.0,11.0,25.833333333333332,23.166666666666668,22.583333333333332
2026-04-20 10:00:00,17.0,35.0,56,998.2,18.7,202,0.0,10,0,4,22.0,28.0,24.0,13.0,31.0,15.0,25.833333333333332,23.75,21.875
2026-04-20 12:00:00,17.0,32.2,66,998.7,13.0,182,0.0,12,0,4,17.0,28.0,26.0,15.0,25.0,24.0,24.666666666666668,24.083333333333332,21.291666666666668
2026-04-20 13:00:00,17.0,30.3,74,999.3,14.0,188,0.0,13,0,4,17.0,22.0,27.0,16.0,23.0,25.0,23.166666666666668,24.25,20.958333333333332
2026-04-20 14:00:00,13.0,29.1,78,1000.2,11.4,193,0.0,14,0,4,17.0,17.0,28.0,36.0,28.0,28.0,21.5,24.333333333333332,20.708333333333332
2026-04-20 15:00:00,10.0,28.5,80,1000.8,12.6,191,0.0,15,0,4,13.0,17.0,28.0,28.0,18.0,28.0,19.0,22.416666666666668,20.083333333333332
2026-04-20 16:00:00,11.0,28.1,81,1001.2,15.7,200,0.0,16,0,4,10.0,17.0,22.0,22.0,10.0,32.0,16.0,20.916666666666668,19.75
2026-04-20 17:00:00,11.0,27.9,81,1001.2,16.1,205,0.0,17,0,4,11.0,13.0,17.0,24.0,17.0,29.0,14.166666666666666,20.0,19.791666666666668
2026-04-20 18:00:00,13.0,28.0,85,1000.5,14.9,202,0.0,18,0,4,11.0,10.0,17.0,26.0,16.0,17.0,13.166666666666666,18.916666666666668,19.541666666666668
2026-04-20 19:00:00,10.0,27.8,87,1000.0,16.5,204,0.0,19,0,4,13.0,11.0,17.0,27.0,18.0,17.0,12.5,17.833333333333332,19.416666666666668
2026-04-20 20:00:00,10.0,27.6,87,999.4,16.9,209,0.0,20,0,4,10.0,11.0,13.0,28.0,20.0,14.0,11.333333333333334,16.416666666666668,19.083333333333332
2026-04-20 21:00:00,9.0,27.4,89,999.2,15.6,217,0.0,21,0,4,10.0,13.0,10.0,28.0,19.0,5.0,10.833333333333334,14.916666666666666,18.666666666666668
2026-04-20 22:00:00,14.0,27.1,90,998.9,16.0,209,0.0,22,0,4,9.0,10.0,11.0,22.0,15.0,6.0,10.666666666666666,13.333333333333334,18.25
2026-04-20 23:00:00,13.0,26.8,92,999.1,14.9,210,0.0,23,0,4,14.0,10.0,11.0,17.0,13.0,12.0,11.166666666666666,12.666666666666666,18.208333333333332
2026-04-21 00:00:00,21.0,25.9,100,999.8,9.4,198,0.0,0,1,4,13.0,9.0,13.0,17.0,15.0,8.0,11.5,12.333333333333334,18.208333333333332
2026-04-21 01:00:00,21.0,26.9,96,1000.2,14.0,206,0.0,1,1,4,21.0,14.0,10.0,17.0,16.0,4.0,12.833333333333334,12.666666666666666,18.458333333333332
2026-04-21 02:00:00,24.0,29.2,84,1001.2,11.4,211,0.0,2,1,4,21.0,13.0,10.0,13.0,36.0,7.0,14.666666666666666,13.0,18.666666666666668
2026-04-21 03:00:00,32.0,31.5,76,1002.0,8.1,225,0.0,3,1,4,24.0,21.0,9.0,10.0,28.0,11.0,17.0,13.916666666666666,18.166666666666668
2026-04-21 04:00:00,30.0,33.7,65,1002.1,7.3,213,0.0,4,1,4,32.0,21.0,14.0,11.0,22.0,12.0,20.833333333333332,15.75,18.333333333333332
2026-04-21 05:00:00,33.0,35.5,57,1001.6,8.8,199,0.0,5,1,4,30.0,24.0,13.0,11.0,24.0,21.0,23.5,17.333333333333332,18.666666666666668
2026-04-21 06:00:00,37.0,37.0,51,1000.6,9.7,195,0.0,6,1,4,33.0,32.0,21.0,13.0,26.0,26.0,26.833333333333332,19.166666666666668,19.041666666666668
2026-04-21 07:00:00,31.0,37.8,49,999.5,11.2,192,0.0,7,1,4,37.0,30.0,21.0,10.0,27.0,30.0,29.5,21.166666666666668,19.5
2026-04-21 08:00:00,37.0,37.7,49,998.9,13.3,201,0.0,8,1,4,31.0,33.0,24.0,10.0,28.0,29.0,31.166666666666668,22.916666666666668,19.666666666666668
2026-04-21 09:00:00,44.0,37.0,41,999.1,13.9,271,0.0,9,1,4,37.0,37.0,32.0,9.0,28.0,25.0,33.333333333333336,25.166666666666668,20.041666666666668
2026-04-21 10:00:00,44.0,36.2,41,998.6,10.1,39,0.0,10,1,4,44.0,31.0,30.0,14.0,22.0,39.0,35.333333333333336,28.083333333333332,20.708333333333332
2026-04-21 11:00:00,39.0,34.1,53,998.7,11.4,93,0.0,11,1,4,44.0,37.0,33.0,13.0,17.0,31.0,37.666666666666664,30.583333333333332,21.625
2026-04-21 12:00:00,32.0,32.2,71,997.7,16.9,194,0.0,12,1,4,39.0,44.0,37.0,21.0,17.0,25.0,38.666666666666664,32.75,22.541666666666668
2026-04-21 13:00:00,21.0,30.5,76,998.2,15.2,204,0.0,13,1,4,32.0,44.0,31.0,21.0,17.0,23.0,37.833333333333336,33.666666666666664,23.166666666666668
2026-04-21 14:00:00,17.0,29.6,79,999.2,12.7,210,0.0,14,1,4,21.0,39.0,37.0,24.0,13.0,28.0,36.166666666666664,33.666666666666664,23.333333333333332
2026-04-21 15:00:00,13.0,29.1,81,1000.1,11.6,202,0.0,15,1,4,17.0,32.0,44.0,32.0,10.0,18.0,32.833333333333336,33.083333333333336,23.5
2026-04-21 16:00:00,11.0,28.4,84,1000.5,14.5,200,0.0,16,1,4,13.0,21.0,44.0,30.0,11.0,10.0,27.666666666666668,31.5,23.625
2026-04-21 17:00:00,9.0,28.2,85,1000.6,16.3,202,0.0,17,1,4,11.0,17.0,39.0,33.0,11.0,17.0,22.166666666666668,29.916666666666668,23.625
2026-04-21 18:00:00,9.0,28.1,87,999.5,14.6,199,0.0,18,1,4,9.0,13.0,32.0,37.0,13.0,16.0,17.166666666666668,27.916666666666668,23.541666666666668
2026-04-21 19:00:00,17.0,27.8,88,999.0,15.8,201,0.0,19,1,4,9.0,11.0,21.0,31.0,10.0,18.0,13.333333333333334,25.583333333333332,23.375
2026-04-21 20:00:00,10.0,27.5,90,998.7,16.8,206,0.0,20,1,4,17.0,9.0,17.0,37.0,10.0,20.0,12.666666666666666,24.416666666666668,23.666666666666668
2026-04-21 21:00:00,12.0,27.2,91,998.5,15.5,211,0.0,21,1,4,10.0,9.0,13.0,44.0,9.0,19.0,11.5,22.166666666666668,23.666666666666668
2026-04-21 22:00:00,16.0,26.9,93,998.8,14.9,210,0.0,22,1,4,12.0,17.0,11.0,44.0,14.0,15.0,11.333333333333334,19.5,23.791666666666668
2026-04-21 23:00:00,30.0,26.5,95,999.1,13.0,214,0.0,23,1,4,16.0,10.0,9.0,39.0,13.0,13.0,12.166666666666666,17.166666666666668,23.875
2026-04-22 01:00:00,34.0,28.0,89,1000.8,5.3,190,0.0,1,2,4,30.0,12.0,9.0,32.0,21.0,15.0,15.666666666666666,16.416666666666668,24.583333333333332
2026-04-22 02:00:00,28.0,29.8,81,1001.9,3.5,208,0.0,2,2,4,34.0,16.0,17.0,21.0,21.0,16.0,19.833333333333332,16.583333333333332,25.125
2026-04-22 03:00:00,26.0,32.0,69,1002.3,2.9,176,0.0,3,2,4,28.0,30.0,10.0,17.0,24.0,36.0,21.666666666666668,17.166666666666668,25.416666666666668
2026-04-22 04:00:00,25.0,34.4,56,1002.3,0.8,63,0.0,4,2,4,26.0,34.0,12.0,13.0,32.0,28.0,24.333333333333332,17.916666666666668,25.5
2026-04-22 05:00:00,29.0,35.7,49,1001.8,1.0,149,0.0,5,2,4,25.0,28.0,16.0,11.0,30.0,22.0,26.5,18.916666666666668,25.208333333333332
2026-04-22 06:00:00,51.0,37.3,40,1000.9,3.5,201,0.0,6,2,4,29.0,26.0,30.0,9.0,33.0,24.0,28.666666666666668,20.416666666666668,25.166666666666668
2026-04-22 07:00:00,66.0,38.8,35,999.7,3.8,225,0.0,7,2,4,51.0,25.0,34.0,9.0,37.0,26.0,32.166666666666664,23.916666666666668,25.916666666666668
2026-04-22 08:00:00,80.0,39.5,30,998.9,4.4,251,0.0,8,2,4,66.0,29.0,28.0,17.0,31.0,27.0,37.5,28.666666666666668,27.125
2026-04-22 09:00:00,79.0,38.9,29,998.3,6.7,306,0.0,9,2,4,80.0,51.0,26.0,10.0,37.0,28.0,46.166666666666664,33.916666666666664,29.166666666666668
2026-04-22 10:00:00,39.0,38.8,28,997.7,6.2,131,0.0,10,2,4,79.0,66.0,25.0,12.0,44.0,28.0,55.0,39.666666666666664,30.916666666666668
2026-04-22 11:00:00,39.0,33.9,58,998.0,17.5,170,0.0,11,2,4,39.0,80.0,29.0,16.0,44.0,22.0,57.333333333333336,41.916666666666664,30.708333333333332
2026-04-22 12:00:00,42.0,32.2,66,997.9,16.8,184,0.0,12,2,4,39.0,79.0,51.0,30.0,39.0,17.0,59.0,43.833333333333336,30.5
2026-04-22 13:00:00,37.0,31.0,68,998.4,14.7,198,0.0,13,2,4,42.0,39.0,66.0,34.0,32.0,17.0,57.5,44.833333333333336,30.625
2026-04-22 14:00:00,32.0,29.7,72,998.7,14.3,201,0.0,14,2,4,37.0,39.0,80.0,28.0,21.0,17.0,52.666666666666664,45.083333333333336,30.833333333333332
2026-04-22 15:00:00,23.0,28.7,77,999.5,13.4,204,0.0,15,2,4,32.0,42.0,79.0,26.0,17.0,13.0,44.666666666666664,45.416666666666664,31.291666666666668
2026-04-22 16:00:00,13.0,27.8,81,1000.2,12.9,208,0.0,16,2,4,23.0,37.0,39.0,25.0,13.0,10.0,35.333333333333336,45.166666666666664,31.541666666666668
2026-04-22 17:00:00,21.0,27.4,84,1000.1,13.6,203,0.0,17,2,4,13.0,32.0,39.0,29.0,11.0,11.0,31.0,44.166666666666664,31.541666666666668
2026-04-22 18:00:00,14.0,27.2,89,1000.1,13.8,207,0.0,18,2,4,21.0,23.0,42.0,51.0,9.0,11.0,28.0,43.5,31.958333333333332
2026-04-22 19:00:00,9.0,27.0,90,999.5,14.2,206,0.0,19,2,4,14.0,13.0,37.0,66.0,9.0,13.0,23.333333333333332,40.416666666666664,32.166666666666664
2026-04-22 20:00:00,9.0,26.8,92,999.1,13.5,209,0.0,20,2,4,9.0,21.0,32.0,80.0,17.0,10.0,18.666666666666668,35.666666666666664,32.166666666666664
2026-04-22 21:00:00,7.0,26.7,93,999.0,13.2,218,0.0,21,2,4,9.0,14.0,23.0,79.0,10.0,10.0,14.833333333333334,29.75,31.833333333333332
2026-04-22 22:00:00,7.0,26.5,93,999.2,12.0,221,0.0,22,2,4,7.0,9.0,13.0,39.0,12.0,9.0,12.166666666666666,23.75,31.708333333333332
2026-04-22 23:00:00,7.0,26.1,96,999.4,8.5,216,0.0,23,2,4,7.0,9.0,21.0,39.0,16.0,14.0,11.166666666666666,21.083333333333332,31.5
2026-04-23 00:00:00,13.0,25.8,99,1000.0,6.5,203,0.0,0,3,4,7.0,7.0,14.0,42.0,30.0,13.0,8.833333333333334,18.416666666666668,31.125
2026-04-23 01:00:00,34.0,27.1,95,1000.6,6.4,212,0.0,1,3,4,13.0,7.0,9.0,37.0,34.0,21.0,8.666666666666666,16.0,30.416666666666668
2026-04-23 02:00:00,22.0,29.3,86,1001.1,4.2,200,0.0,2,3,4,34.0,7.0,9.0,32.0,28.0,21.0,12.833333333333334,15.75,30.416666666666668
2026-04-23 03:00:00,19.0,31.7,77,1001.7,3.1,242,0.0,3,3,4,22.0,13.0,7.0,23.0,26.0,24.0,15.0,14.916666666666666,30.166666666666668
2026-04-23 04:00:00,30.0,34.4,63,1001.9,2.9,248,0.0,4,3,4,19.0,34.0,7.0,13.0,25.0,32.0,17.0,14.583333333333334,29.875
2026-04-23 05:00:00,60.0,36.6,49,1001.4,1.8,276,0.0,5,3,4,30.0,22.0,7.0,21.0,29.0,30.0,20.833333333333332,16.0,30.083333333333332
2026-04-23 06:00:00,61.0,37.6,43,1000.5,2.7,278,0.0,6,3,4,60.0,19.0,13.0,14.0,51.0,33.0,29.666666666666668,19.25,31.375
2026-04-23 07:00:00,70.0,39.1,37,999.4,2.6,231,0.0,7,3,4,61.0,30.0,34.0,9.0,66.0,37.0,37.666666666666664,23.166666666666668,31.791666666666668
2026-04-23 08:00:00,56.0,39.9,30,998.4,2.9,223,0.0,8,3,4,70.0,60.0,22.0,9.0,80.0,31.0,43.666666666666664,28.25,31.958333333333332
2026-04-23 09:00:00,61.0,40.8,21,997.7,2.6,78,0.0,9,3,4,56.0,61.0,19.0,7.0,79.0,37.0,49.333333333333336,32.166666666666664,30.958333333333332
2026-04-23 10:00:00,54.0,40.2,21,997.2,6.0,97,0.0,10,3,4,61.0,70.0,30.0,7.0,39.0,44.0,56.333333333333336,36.666666666666664,30.208333333333332
2026-04-23 11:00:00,38.0,35.5,58,997.5,15.0,175,0.0,11,3,4,54.0,56.0,60.0,7.0,39.0,44.0,60.333333333333336,40.583333333333336,30.833333333333332
2026-04-23 12:00:00,34.0,31.8,68,997.7,14.8,185,0.0,12,3,4,38.0,61.0,61.0,13.0,42.0,39.0,56.666666666666664,43.166666666666664,30.791666666666668
2026-04-23 13:00:00,40.0,30.5,72,998.2,14.5,186,0.0,13,3,4,34.0,54.0,70.0,34.0,37.0,32.0,52.166666666666664,44.916666666666664,30.458333333333332
2026-04-23 14:00:00,32.0,29.0,77,999.4,11.8,189,0.0,14,3,4,40.0,38.0,56.0,22.0,32.0,21.0,47.166666666666664,45.416666666666664,30.583333333333332
2026-04-23 15:00:00,20.0,28.1,83,1000.3,11.3,171,0.0,15,3,4,32.0,34.0,61.0,19.0,23.0,17.0,43.166666666666664,46.25,30.583333333333332
2026-04-23 16:00:00,5.0,27.4,87,1000.6,12.6,183,0.0,16,3,4,20.0,40.0,54.0,30.0,13.0,13.0,36.333333333333336,46.333333333333336,30.458333333333332
2026-04-23 17:00:00,9.0,27.0,90,1000.6,14.3,197,0.0,17,3,4,5.0,32.0,38.0,60.0,21.0,11.0,28.166666666666668,44.25,30.125
2026-04-23 18:00:00,9.0,27.1,93,1000.2,14.7,203,0.0,18,3,4,9.0,20.0,34.0,61.0,14.0,9.0,23.333333333333332,40.0,29.625
2026-04-23 20:00:00,8.0,26.6,95,999.4,12.7,198,0.0,20,3,4,9.0,5.0,40.0,70.0,9.0,9.0,19.166666666666668,35.666666666666664,29.416666666666668
2026-04-23 21:00:00,5.0,26.3,96,999.0,12.5,198,0.0,21,3,4,8.0,9.0,32.0,56.0,9.0,17.0,13.833333333333334,30.5,29.375
2026-04-23 22:00:00,6.0,26.1,96,999.3,12.8,199,0.0,22,3,4,5.0,9.0,20.0,61.0,7.0,10.0,9.333333333333334,26.25,29.208333333333332
2026-04-23 23:00:00,13.0,26.0,96,999.9,10.9,202,0.0,23,3,4,6.0,8.0,5.0,54.0,7.0,12.0,7.0,21.666666666666668,29.166666666666668
2026-04-24 00:00:00,17.0,26.1,99,1000.2,8.0,198,0.0,0,4,4,13.0,5.0,9.0,38.0,7.0,16.0,8.333333333333334,18.25,29.416666666666668
2026-04-24 01:00:00,22.0,27.1,95,1001.0,11.7,197,0.0,1,4,4,17.0,6.0,9.0,34.0,13.0,30.0,9.666666666666666,16.5,29.833333333333332
2026-04-24 02:00:00,25.0,29.1,85,1002.0,8.7,201,0.0,2,4,4,22.0,13.0,8.0,40.0,34.0,34.0,11.833333333333334,15.5,30.208333333333332
2026-04-24 03:00:00,24.0,31.4,77,1002.4,6.9,219,0.0,3,4,4,25.0,17.0,5.0,32.0,22.0,28.0,14.666666666666666,14.25,29.833333333333332
2026-04-24 04:00:00,35.0,33.7,66,1002.4,5.2,221,0.0,4,4,4,24.0,22.0,6.0,20.0,19.0,26.0,17.833333333333332,13.583333333333334,29.916666666666668
2026-04-24 05:00:00,45.0,35.7,57,1001.9,3.9,196,0.0,5,4,4,35.0,25.0,13.0,5.0,30.0,25.0,22.666666666666668,14.833333333333334,30.583333333333332
2026-04-24 06:00:00,45.0,36.4,54,1001.2,4.5,143,0.0,6,4,4,45.0,24.0,17.0,9.0,60.0,29.0,28.0,18.166666666666668,31.208333333333332
2026-04-24 07:00:00,47.0,37.3,52,1000.3,6.2,136,0.0,7,4,4,45.0,35.0,22.0,9.0,61.0,51.0,32.666666666666664,21.166666666666668,30.583333333333332
2026-04-24 08:00:00,36.0,37.5,52,999.4,8.6,141,0.0,8,4,4,47.0,45.0,25.0,8.0,70.0,66.0,36.833333333333336,24.333333333333332,30.0
2026-04-24 09:00:00,33.0,37.3,54,998.9,11.4,157,0.0,9,4,4,36.0,45.0,24.0,5.0,56.0,80.0,38.666666666666664,26.666666666666668,28.583333333333332
2026-04-24 10:00:00,31.0,34.9,64,999.2,12.6,184,0.0,10,4,4,33.0,47.0,35.0,6.0,61.0,79.0,40.166666666666664,29.0,27.625
2026-04-24 11:00:00,27.0,33.5,66,999.2,13.3,157,0.0,11,4,4,31.0,36.0,45.0,13.0,54.0,39.0,39.5,31.083333333333332,26.375
2026-04-24 12:00:00,17.0,30.9,72,999.9,18.7,134,0.0,12,4,4,27.0,33.0,45.0,17.0,38.0,39.0,36.5,32.25,25.25
2026-04-24 13:00:00,11.0,29.6,83,1000.1,17.6,174,0.0,13,4,4,17.0,31.0,47.0,22.0,34.0,42.0,31.833333333333332,32.25,24.375
2026-04-24 14:00:00,12.0,28.2,91,1000.9,15.2,174,0.0,14,4,4,11.0,27.0,36.0,25.0,40.0,37.0,25.833333333333332,31.333333333333332,23.416666666666668
2026-04-24 15:00:00,11.0,27.6,94,1001.8,15.0,190,0.0,15,4,4,12.0,17.0,33.0,24.0,32.0,32.0,21.833333333333332,30.25,22.25
2026-04-24 16:00:00,7.0,27.4,95,1002.2,15.1,188,0.0,16,4,4,11.0,11.0,31.0,35.0,20.0,23.0,18.166666666666668,29.166666666666668,21.375
2026-04-24 17:00:00,6.0,27.0,97,1002.0,14.6,199,0.0,17,4,4,7.0,12.0,27.0,45.0,5.0,13.0,14.166666666666666,26.833333333333332,20.833333333333332
2026-04-24 20:00:00,5.0,26.7,97,1001.0,12.6,194,0.0,20,4,4,6.0,11.0,17.0,45.0,9.0,21.0,10.666666666666666,23.583333333333332,20.875
2026-04-24 21:00:00,4.0,26.5,97,1001.0,12.3,192,0.0,21,4,4,5.0,7.0,11.0,47.0,9.0,14.0,8.666666666666666,20.25,20.708333333333332
2026-04-24 22:00:00,7.0,26.4,97,1001.3,10.7,196,0.0,22,4,4,4.0,6.0,12.0,36.0,8.0,9.0,7.5,16.666666666666668,20.5
2026-04-24 23:00:00,12.0,26.6,96,1001.7,9.3,198,0.0,23,4,4,7.0,5.0,11.0,33.0,5.0,9.0,6.666666666666667,14.25,20.458333333333332
2026-04-25 00:00:00,10.0,27.4,94,1002.1,8.5,192,0.0,0,5,4,12.0,4.0,7.0,31.0,6.0,7.0,6.833333333333333,12.5,20.75
2026-04-25 01:00:00,15.0,27.9,90,1002.8,10.5,200,0.0,1,5,4,10.0,7.0,6.0,27.0,13.0,7.0,7.333333333333333,10.75,20.916666666666668
2026-04-25 02:00:00,18.0,29.1,82,1003.7,11.8,200,0.0,2,5,4,15.0,12.0,5.0,17.0,17.0,7.0,8.833333333333334,9.75,21.0
2026-04-25 03:00:00,22.0,31.1,74,1004.2,9.5,195,0.0,3,5,4,18.0,10.0,4.0,11.0,22.0,13.0,11.0,9.833333333333334,21.041666666666668
2026-04-25 04:00:00,28.0,32.8,69,1004.3,8.1,185,0.0,4,5,4,22.0,15.0,7.0,12.0,25.0,34.0,14.0,10.75,21.041666666666668
2026-04-25 05:00:00,30.0,34.2,64,1004.0,8.7,176,0.0,5,5,4,28.0,18.0,12.0,11.0,24.0,22.0,17.5,12.083333333333334,21.166666666666668
2026-04-25 06:00:00,35.0,34.9,61,1003.6,9.3,171,0.0,6,5,4,30.0,22.0,10.0,7.0,35.0,19.0,20.5,13.666666666666666,21.416666666666668
2026-04-25 07:00:00,28.0,35.5,59,1002.7,11.2,165,0.0,7,5,4,35.0,28.0,15.0,6.0,45.0,30.0,24.666666666666668,16.0,21.416666666666668
2026-04-25 08:00:00,25.0,35.2,60,1001.7,13.7,166,0.0,8,5,4,28.0,30.0,18.0,5.0,45.0,60.0,26.833333333333332,17.833333333333332,20.708333333333332
2026-04-25 09:00:00,22.0,33.9,61,1001.1,16.6,171,0.0,9,5,4,25.0,35.0,22.0,4.0,47.0,61.0,28.0,19.5,19.875
2026-04-25 10:00:00,18.0,32.2,66,1001.0,18.0,177,0.0,10,5,4,22.0,28.0,28.0,7.0,36.0,70.0,28.0,21.0,18.833333333333332
2026-04-25 11:00:00,10.0,31.3,72,1001.2,17.4,188,0.0,11,5,4,18.0,25.0,30.0,12.0,33.0,56.0,26.333333333333332,21.916666666666668,18.083333333333332
2026-04-25 12:00:00,11.0,30.4,76,1001.0,14.9,179,0.0,12,5,4,10.0,22.0,35.0,10.0,31.0,61.0,23.0,21.75,17.125
2026-04-25 13:00:00,12.0,28.7,84,1001.5,15.8,181,0.0,13,5,4,11.0,18.0,28.0,15.0,27.0,54.0,19.0,21.833333333333332,16.291666666666668
2026-04-25 14:00:00,9.0,27.8,89,1002.0,18.1,190,0.0,14,5,4,12.0,10.0,25.0,18.0,17.0,38.0,16.333333333333332,21.583333333333332,15.666666666666666
2026-04-25 15:00:00,5.0,27.3,92,1002.4,18.4,195,0.0,15,5,4,9.0,11.0,22.0,22.0,11.0,34.0,13.666666666666666,20.833333333333332,15.333333333333334
2026-04-25 16:00:00,4.0,27.0,93,1002.8,17.6,198,0.0,16,5,4,5.0,12.0,18.0,28.0,12.0,40.0,10.833333333333334,19.416666666666668,15.083333333333334
2026-04-25 17:00:00,4.0,26.9,94,1002.6,17.3,203,0.0,17,5,4,4.0,9.0,10.0,30.0,11.0,32.0,8.5,17.416666666666668,14.75
2026-04-25 18:00:00,4.0,27.1,96,1002.1,16.6,206,0.0,18,5,4,4.0,5.0,11.0,35.0,7.0,20.0,7.5,15.25,14.458333333333334
2026-04-25 20:00:00,15.0,26.6,96,1000.6,16.9,204,0.0,20,5,4,4.0,4.0,12.0,28.0,6.0,5.0,6.333333333333333,12.666666666666666,14.333333333333334
2026-04-25 21:00:00,9.0,26.5,96,1000.3,16.7,204,0.0,21,5,4,15.0,4.0,9.0,25.0,5.0,9.0,6.833333333333333,11.583333333333334,14.708333333333334
2026-04-25 22:00:00,14.0,26.5,96,1000.6,14.6,200,0.0,22,5,4,9.0,4.0,5.0,22.0,4.0,9.0,6.833333333333333,10.25,14.875
2026-04-25 23:00:00,18.0,26.7,95,1000.9,15.3,200,0.0,23,5,4,14.0,15.0,4.0,18.0,7.0,8.0,8.333333333333334,9.583333333333334,15.291666666666666
2026-04-26 00:00:00,24.0,27.1,95,1001.1,12.5,210,0.0,0,6,4,18.0,9.0,4.0,10.0,12.0,5.0,10.666666666666666,9.583333333333334,15.75
2026-04-26 01:00:00,20.0,27.8,90,1002.4,10.8,213,0.0,1,6,4,24.0,14.0,4.0,11.0,10.0,6.0,14.0,10.75,16.25
2026-04-26 02:00:00,25.0,29.2,82,1002.7,11.3,202,0.0,2,6,4,20.0,18.0,15.0,12.0,15.0,13.0,16.666666666666668,11.5,16.666666666666668
2026-04-26 03:00:00,27.0,31.2,74,1002.9,12.1,190,0.0,3,6,4,25.0,24.0,9.0,9.0,18.0,17.0,18.333333333333332,12.583333333333334,17.083333333333332
2026-04-26 04:00:00,29.0,33.0,67,1002.9,13.5,193,0.0,4,6,4,27.0,20.0,14.0,5.0,22.0,22.0,21.333333333333332,14.083333333333334,17.458333333333332
2026-04-26 05:00:00,23.0,34.5,61,1002.5,16.1,194,0.0,5,6,4,29.0,25.0,18.0,4.0,28.0,25.0,23.833333333333332,16.083333333333332,17.75
2026-04-26 06:00:00,43.0,35.4,58,1001.6,16.4,195,0.0,6,6,4,23.0,27.0,24.0,4.0,30.0,24.0,24.666666666666668,17.666666666666668,17.541666666666668
2026-04-26 07:00:00,38.0,35.2,56,1000.7,18.2,189,0.0,7,6,4,43.0,29.0,20.0,4.0,35.0,35.0,27.833333333333332,20.916666666666668,18.083333333333332
2026-04-26 08:00:00,30.0,34.5,58,999.8,19.9,185,0.0,8,6,4,38.0,23.0,25.0,15.0,28.0,45.0,30.833333333333332,23.75,18.208333333333332
2026-04-26 09:00:00,22.0,33.6,61,999.1,21.3,185,0.0,9,6,4,30.0,43.0,27.0,9.0,25.0,45.0,31.666666666666668,25.0,18.291666666666668
2026-04-26 10:00:00,18.0,32.6,66,998.4,22.1,190,0.0,10,6,4,22.0,38.0,29.0,14.0,22.0,47.0,30.833333333333332,26.083333333333332,18.166666666666668
2026-04-26 11:00:00,14.0,31.3,69,998.3,20.9,187,0.0,11,6,4,18.0,30.0,23.0,18.0,18.0,36.0,29.0,26.416666666666668,18.0
2026-04-26 12:00:00,11.0,30.5,75,998.6,13.3,177,0.0,12,6,4,14.0,22.0,43.0,24.0,10.0,33.0,27.5,26.083333333333332,17.833333333333332
2026-04-26 13:00:00,9.0,29.5,79,999.5,11.6,158,0.0,13,6,4,11.0,18.0,38.0,20.0,11.0,31.0,22.166666666666668,25.0,17.875
2026-04-26 14:00:00,10.0,28.6,84,999.8,17.9,175,0.0,14,6,4,9.0,14.0,30.0,25.0,12.0,27.0,17.333333333333332,24.083333333333332,17.791666666666668
2026-04-26 15:00:00,11.0,28.1,86,1000.3,19.6,183,0.0,15,6,4,10.0,11.0,22.0,27.0,9.0,17.0,14.0,22.833333333333332,17.708333333333332
2026-04-26 16:00:00,12.0,28.0,87,1000.9,19.4,199,0.0,16,6,4,11.0,9.0,18.0,29.0,5.0,11.0,12.166666666666666,21.5,17.791666666666668
2026-04-26 17:00:00,11.0,27.9,87,1000.7,20.2,196,0.0,17,6,4,12.0,10.0,14.0,23.0,4.0,12.0,11.166666666666666,20.083333333333332,18.083333333333332
2026-04-26 18:00:00,12.0,28.1,88,999.6,20.7,197,0.0,18,6,4,11.0,11.0,11.0,43.0,4.0,11.0,10.666666666666666,19.083333333333332,18.375
2026-04-26 19:00:00,11.0,27.9,87,998.9,22.5,199,0.0,19,6,4,12.0,12.0,9.0,38.0,4.0,7.0,10.833333333333334,16.5,18.708333333333332
2026-04-26 20:00:00,8.0,27.6,88,998.3,23.1,203,0.0,20,6,4,11.0,11.0,10.0,30.0,15.0,6.0,11.166666666666666,14.25,19.0
2026-04-26 21:00:00,11.0,27.4,89,998.1,22.5,206,0.0,21,6,4,8.0,12.0,11.0,22.0,9.0,5.0,10.833333333333334,12.416666666666666,18.708333333333332
2026-04-26 22:00:00,13.0,27.3,89,997.9,22.3,203,0.0,22,6,4,11.0,11.0,12.0,18.0,14.0,4.0,10.833333333333334,11.5,18.791666666666668
2026-04-26 23:00:00,13.0,27.1,89,998.0,21.6,201,0.0,23,6,4,13.0,8.0,11.0,14.0,18.0,7.0,11.0,11.083333333333334,18.75
2026-04-27 00:00:00,25.0,27.2,93,998.2,18.9,204,0.0,0,0,4,13.0,11.0,12.0,11.0,24.0,12.0,11.333333333333334,11.0,18.541666666666668
2026-04-27 01:00:00,25.0,28.2,88,999.1,22.2,212,0.0,1,0,4,25.0,13.0,11.0,9.0,20.0,10.0,13.5,12.166666666666666,18.583333333333332
2026-04-27 02:00:00,22.0,29.8,79,999.8,19.2,205,0.0,2,0,4,25.0,13.0,8.0,10.0,25.0,15.0,15.833333333333334,13.5,18.791666666666668
2026-04-27 03:00:00,21.0,31.5,72,1000.4,16.8,207,0.0,3,0,4,22.0,25.0,11.0,11.0,27.0,18.0,18.166666666666668,14.5,18.666666666666668
2026-04-27 04:00:00,30.0,33.3,64,1000.6,17.5,207,0.0,4,0,4,21.0,25.0,13.0,12.0,29.0,22.0,19.833333333333332,15.333333333333334,18.416666666666668
2026-04-27 05:00:00,30.0,34.6,58,1000.2,18.5,201,0.0,5,0,4,30.0,22.0,13.0,11.0,23.0,28.0,22.666666666666668,16.833333333333332,18.458333333333332
2026-04-27 06:00:00,30.0,35.9,53,999.2,18.6,196,0.0,6,0,4,30.0,21.0,25.0,12.0,43.0,30.0,25.5,18.416666666666668,18.75
2026-04-27 07:00:00,29.0,35.9,51,998.6,21.1,197,0.0,7,0,4,30.0,30.0,25.0,11.0,38.0,35.0,26.333333333333332,19.916666666666668,18.208333333333332
2026-04-27 08:00:00,31.0,35.7,51,997.6,22.7,199,0.0,8,0,4,29.0,30.0,22.0,8.0,30.0,28.0,27.0,21.416666666666668,17.833333333333332
2026-04-27 09:00:00,29.0,35.6,52,997.0,20.1,204,0.0,9,0,4,31.0,30.0,21.0,11.0,22.0,25.0,28.5,23.333333333333332,17.875
2026-04-27 10:00:00,22.0,34.0,58,996.3,20.6,199,0.0,10,0,4,29.0,29.0,30.0,13.0,18.0,22.0,29.833333333333332,24.833333333333332,18.166666666666668
2026-04-27 11:00:00,24.0,32.9,63,996.7,19.0,199,0.0,11,0,4,22.0,31.0,30.0,13.0,14.0,18.0,28.5,25.583333333333332,18.333333333333332
2026-04-27 12:00:00,23.0,30.9,73,996.8,15.3,171,0.0,12,0,4,24.0,29.0,30.0,25.0,11.0,10.0,27.5,26.5,18.75
2026-04-27 13:00:00,20.0,29.9,74,997.9,16.7,160,0.0,13,0,4,23.0,22.0,29.0,25.0,9.0,11.0,26.333333333333332,26.333333333333332,19.25
2026-04-27 14:00:00,26.0,29.0,76,998.8,17.4,166,0.0,14,0,4,20.0,24.0,31.0,22.0,10.0,12.0,24.833333333333332,25.916666666666668,19.708333333333332
2026-04-27 15:00:00,19.0,28.6,77,999.2,21.8,179,0.0,15,0,4,26.0,23.0,29.0,21.0,11.0,9.0,24.0,26.25,20.375
2026-04-27 16:00:00,19.0,28.4,79,999.2,22.8,190,0.0,16,0,4,19.0,20.0,22.0,30.0,12.0,5.0,22.333333333333332,26.083333333333332,20.708333333333332
2026-04-27 17:00:00,21.0,28.2,81,998.9,23.0,200,0.0,17,0,4,19.0,26.0,24.0,30.0,11.0,4.0,21.833333333333332,25.166666666666668,21.0
2026-04-27 18:00:00,22.0,28.4,81,999.7,9.2,230,0.0,18,0,4,21.0,19.0,23.0,30.0,12.0,4.0,21.333333333333332,24.416666666666668,21.416666666666668
2026-04-27 19:00:00,16.0,28.3,85,997.7,21.3,210,0.0,19,0,4,22.0,19.0,20.0,29.0,11.0,4.0,21.166666666666668,23.75,21.833333333333332
2026-04-27 20:00:00,21.0,28.1,85,997.4,20.9,208,0.0,20,0,4,16.0,21.0,26.0,31.0,8.0,15.0,20.5,22.666666666666668,22.041666666666668
2026-04-27 21:00:00,23.0,27.8,86,997.5,18.9,208,0.0,21,0,4,21.0,22.0,19.0,29.0,11.0,9.0,19.666666666666668,21.833333333333332,22.583333333333332
2026-04-27 22:00:00,22.0,27.5,87,997.8,16.1,207,0.0,22,0,4,23.0,16.0,19.0,22.0,13.0,14.0,20.333333333333332,21.333333333333332,23.083333333333332
2026-04-27 23:00:00,21.0,27.3,88,997.9,16.1,202,0.0,23,0,4,22.0,21.0,21.0,24.0,13.0,18.0,20.833333333333332,21.333333333333332,23.458333333333332
2026-04-28 00:00:00,24.0,27.1,92,998.1,16.0,203,0.0,0,1,4,21.0,23.0,22.0,23.0,25.0,24.0,20.833333333333332,21.083333333333332,23.791666666666668
2026-04-28 01:00:00,28.0,28.4,86,999.0,17.7,201,0.0,1,1,4,24.0,22.0,16.0,20.0,25.0,20.0,21.166666666666668,21.166666666666668,23.75
2026-04-28 02:00:00,31.0,29.9,79,999.6,17.3,204,0.0,2,1,4,28.0,21.0,21.0,26.0,22.0,25.0,23.166666666666668,21.833333333333332,23.875
2026-04-28 03:00:00,32.0,31.9,70,1000.1,18.7,205,0.0,3,1,4,31.0,24.0,23.0,19.0,21.0,27.0,24.833333333333332,22.25,24.25
2026-04-28 04:00:00,35.0,33.7,61,1000.2,18.8,205,0.0,4,1,4,32.0,28.0,22.0,19.0,30.0,29.0,26.333333333333332,23.333333333333332,24.708333333333332
2026-04-28 05:00:00,41.0,35.2,54,1000.1,19.3,209,0.0,5,1,4,35.0,31.0,21.0,21.0,30.0,23.0,28.5,24.666666666666668,24.916666666666668
2026-04-28 06:00:00,39.0,35.1,54,999.9,16.0,203,0.0,6,1,4,41.0,32.0,24.0,22.0,30.0,43.0,31.833333333333332,26.333333333333332,25.375
2026-04-28 07:00:00,42.0,33.8,58,999.2,19.0,200,0.0,7,1,4,39.0,35.0,28.0,16.0,29.0,38.0,34.333333333333336,27.75,25.75
2026-04-28 08:00:00,47.0,34.4,57,998.4,16.8,210,0.0,8,1,4,42.0,41.0,31.0,21.0,31.0,30.0,36.666666666666664,29.916666666666668,26.291666666666668
2026-04-28 09:00:00,35.0,34.8,57,997.6,14.2,209,0.0,9,1,4,47.0,39.0,32.0,23.0,29.0,22.0,39.333333333333336,32.083333333333336,26.958333333333332
2026-04-28 10:00:00,34.0,35.2,52,997.6,6.9,227,0.0,10,1,4,35.0,42.0,35.0,22.0,22.0,18.0,39.833333333333336,33.083333333333336,27.208333333333332
2026-04-28 11:00:00,29.0,33.2,61,997.1,18.0,201,0.0,11,1,4,34.0,47.0,41.0,21.0,24.0,14.0,39.666666666666664,34.083333333333336,27.708333333333332
2026-04-28 12:00:00,22.0,30.1,73,996.7,18.6,186,0.0,12,1,4,29.0,35.0,39.0,24.0,23.0,11.0,37.666666666666664,34.75,27.916666666666668
2026-04-28 13:00:00,31.0,29.2,77,997.7,17.0,197,0.0,13,1,4,22.0,34.0,42.0,28.0,20.0,9.0,34.833333333333336,34.583333333333336,27.875
2026-04-28 14:00:00,43.0,29.5,77,998.2,16.8,198,0.0,14,1,4,31.0,29.0,47.0,31.0,26.0,10.0,33.0,34.833333333333336,28.333333333333332
2026-04-28 15:00:00,56.0,29.2,78,998.7,17.0,203,0.0,15,1,4,43.0,22.0,35.0,32.0,19.0,11.0,32.333333333333336,35.833333333333336,29.041666666666668
2026-04-28 16:00:00,40.0,28.9,80,999.2,17.9,204,0.0,16,1,4,56.0,31.0,34.0,35.0,19.0,12.0,35.833333333333336,37.833333333333336,30.583333333333332
2026-04-28 17:00:00,32.0,28.4,84,999.5,19.3,208,0.0,17,1,4,40.0,43.0,29.0,41.0,21.0,11.0,36.833333333333336,38.25,31.458333333333332
2026-04-28 18:00:00,27.0,28.2,80,998.8,20.2,219,0.0,18,1,4,32.0,56.0,22.0,39.0,22.0,12.0,37.333333333333336,37.5,31.916666666666668
2026-04-28 20:00:00,27.0,27.8,82,998.2,20.6,220,0.0,20,1,4,27.0,40.0,31.0,42.0,16.0,11.0,38.166666666666664,36.5,32.125
2026-04-28 21:00:00,26.0,27.4,83,997.5,19.3,214,0.0,21,1,4,27.0,32.0,43.0,47.0,21.0,8.0,37.5,35.25,32.583333333333336
2026-04-28 22:00:00,19.0,27.0,86,997.8,16.4,211,0.0,22,1,4,26.0,27.0,56.0,35.0,23.0,11.0,34.666666666666664,33.5,32.791666666666664
2026-04-28 23:00:00,21.0,26.8,88,998.2,13.5,205,0.0,23,1,4,19.0,27.0,40.0,34.0,22.0,13.0,28.5,32.166666666666664,32.625
2026-04-29 00:00:00,27.0,26.1,92,999.3,9.3,167,0.0,0,2,4,21.0,26.0,32.0,29.0,21.0,13.0,25.333333333333332,31.083333333333332,32.583333333333336
2026-04-29 01:00:00,33.0,27.5,86,999.7,15.4,185,0.0,1,2,4,27.0,19.0,27.0,22.0,24.0,25.0,24.5,30.916666666666668,32.833333333333336
2026-04-29 02:00:00,33.0,29.3,77,1000.3,16.9,195,0.0,2,2,4,33.0,21.0,27.0,31.0,28.0,25.0,25.5,31.833333333333332,33.208333333333336
2026-04-29 03:00:00,29.0,31.2,71,1000.7,17.0,199,0.0,3,2,4,33.0,27.0,26.0,43.0,31.0,22.0,26.5,32.0,33.416666666666664
2026-04-29 04:00:00,29.0,33.1,63,1001.3,16.5,198,0.0,4,2,4,29.0,33.0,19.0,56.0,32.0,21.0,27.0,30.833333333333332,33.333333333333336
2026-04-29 05:00:00,22.0,34.5,58,1001.1,15.6,194,0.0,5,2,4,29.0,33.0,21.0,40.0,35.0,30.0,28.666666666666668,28.583333333333332,33.208333333333336
2026-04-29 06:00:00,31.0,35.5,53,1000.8,14.6,189,0.0,6,2,4,22.0,29.0,27.0,32.0,41.0,30.0,28.833333333333332,27.083333333333332,32.666666666666664
2026-04-29 07:00:00,36.0,35.3,53,999.7,16.6,186,0.0,7,2,4,31.0,29.0,33.0,27.0,39.0,30.0,29.5,27.0,32.25
2026-04-29 08:00:00,40.0,34.9,53,998.2,20.9,182,0.0,8,2,4,36.0,22.0,33.0,27.0,42.0,29.0,30.0,27.75,32.125
2026-04-29 09:00:00,19.0,34.1,56,998.3,21.5,203,0.0,9,2,4,40.0,31.0,29.0,26.0,47.0,31.0,31.166666666666668,28.833333333333332,32.041666666666664
2026-04-29 10:00:00,16.0,32.4,62,997.9,21.2,190,0.0,10,2,4,19.0,36.0,29.0,19.0,35.0,29.0,29.5,28.25,30.875
2026-04-29 11:00:00,10.0,31.4,67,998.4,20.0,194,0.0,11,2,4,16.0,40.0,22.0,21.0,34.0,22.0,27.333333333333332,28.0,30.083333333333332
2026-04-29 12:00:00,16.0,30.8,74,997.5,18.0,188,1.9,12,2,4,10.0,19.0,31.0,27.0,29.0,24.0,25.333333333333332,27.083333333333332,29.083333333333332
2026-04-29 13:00:00,13.0,29.7,79,997.8,18.4,190,0.0,13,2,4,16.0,16.0,36.0,33.0,22.0,23.0,22.833333333333332,26.166666666666668,28.541666666666668
2026-04-29 14:00:00,13.0,29.2,81,998.9,17.8,198,0.0,14,2,4,13.0,10.0,40.0,33.0,31.0,20.0,19.0,24.5,28.166666666666668
2026-04-29 15:00:00,12.0,29.2,81,999.4,20.8,199,0.0,15,2,4,13.0,16.0,19.0,29.0,43.0,26.0,14.5,22.833333333333332,27.416666666666668
2026-04-29 16:00:00,20.0,29.1,80,1000.4,22.6,203,0.0,16,2,4,12.0,13.0,16.0,29.0,56.0,19.0,13.333333333333334,21.416666666666668,26.125
2026-04-29 17:00:00,21.0,28.9,81,1000.3,23.3,208,0.0,17,2,4,20.0,13.0,10.0,22.0,40.0,19.0,14.0,20.666666666666668,24.625
2026-04-29 18:00:00,16.0,28.4,78,1000.1,17.4,214,0.0,18,2,4,21.0,12.0,16.0,31.0,32.0,21.0,15.833333333333334,20.583333333333332,23.833333333333332
2026-04-29 19:00:00,16.0,27.9,79,999.7,16.9,202,0.0,19,2,4,16.0,20.0,13.0,36.0,27.0,22.0,15.833333333333334,19.333333333333332,23.166666666666668
2026-04-29 20:00:00,16.0,27.6,81,999.6,15.8,201,0.0,20,2,4,16.0,21.0,13.0,40.0,27.0,16.0,16.333333333333332,17.666666666666668,22.708333333333332
2026-04-29 21:00:00,8.0,27.2,83,999.5,11.8,189,0.0,21,2,4,16.0,16.0,12.0,19.0,26.0,21.0,16.833333333333332,15.666666666666666,22.25
2026-04-29 22:00:00,11.0,26.4,87,1000.7,2.9,360,0.0,22,2,4,8.0,16.0,20.0,16.0,19.0,23.0,16.166666666666668,14.75,21.5
2026-04-29 23:00:00,11.0,25.8,91,1000.8,4.0,93,0.0,23,2,4,11.0,16.0,21.0,10.0,21.0,22.0,14.666666666666666,14.333333333333334,21.166666666666668
2026-04-30 00:00:00,13.0,25.1,92,1001.6,8.7,128,0.0,0,3,4,11.0,8.0,16.0,16.0,27.0,21.0,13.0,14.416666666666666,20.75
2026-04-30 01:00:00,20.0,26.4,85,1002.4,9.5,99,0.0,1,3,4,13.0,11.0,16.0,13.0,33.0,24.0,12.5,14.166666666666666,20.166666666666668
2026-04-30 02:00:00,18.0,28.2,74,1003.4,9.2,147,0.0,2,3,4,20.0,11.0,16.0,13.0,33.0,28.0,13.166666666666666,14.75,19.625
2026-04-30 03:00:00,25.0,30.1,65,1003.8,13.5,176,0.0,3,3,4,18.0,13.0,8.0,12.0,29.0,31.0,13.5,15.166666666666666,19.0
2026-04-30 04:00:00,15.0,31.4,61,1003.4,13.6,156,0.0,4,3,4,25.0,20.0,11.0,20.0,29.0,32.0,16.333333333333332,16.25,18.833333333333332
2026-04-30 05:00:00,9.0,32.9,58,1003.2,13.9,163,0.0,5,3,4,15.0,18.0,11.0,21.0,22.0,35.0,17.0,15.833333333333334,18.25
2026-04-30 06:00:00,14.0,34.1,53,1002.9,11.6,159,0.0,6,3,4,9.0,25.0,13.0,16.0,31.0,41.0,16.666666666666668,14.833333333333334,17.708333333333332
2026-04-30 07:00:00,20.0,34.5,51,1001.6,15.2,164,0.0,7,3,4,14.0,15.0,20.0,16.0,36.0,39.0,16.833333333333332,14.666666666666666,17.0
2026-04-30 08:00:00,21.0,33.4,55,1000.9,18.6,189,0.0,8,3,4,20.0,9.0,18.0,16.0,40.0,42.0,16.833333333333332,15.0,16.333333333333332
2026-04-30 09:00:00,11.0,33.4,56,1000.3,19.8,199,0.0,9,3,4,21.0,14.0,25.0,8.0,19.0,47.0,17.333333333333332,15.416666666666666,15.541666666666666
2026-04-30 10:00:00,17.0,33.0,56,999.6,18.3,199,0.0,10,3,4,11.0,20.0,15.0,11.0,16.0,35.0,15.0,15.666666666666666,15.208333333333334
2026-04-30 11:00:00,15.0,32.0,61,1000.0,17.6,220,0.0,11,3,4,17.0,21.0,9.0,11.0,10.0,34.0,15.333333333333334,16.166666666666668,15.25
2026-04-30 12:00:00,9.0,31.0,69,998.9,16.0,199,0.0,12,3,4,15.0,11.0,14.0,13.0,16.0,29.0,16.333333333333332,16.5,15.458333333333334
2026-04-30 13:00:00,45.0,29.7,76,999.4,13.1,187,0.0,13,3,4,9.0,17.0,20.0,20.0,13.0,22.0,15.5,16.166666666666668,15.166666666666666
2026-04-30 14:00:00,2.0,28.8,82,1000.8,15.7,181,0.0,14,3,4,45.0,15.0,21.0,18.0,13.0,31.0,19.666666666666668,18.25,16.5
2026-04-30 15:00:00,7.0,28.5,86,1002.2,13.7,182,0.0,15,3,4,2.0,9.0,11.0,25.0,12.0,43.0,16.5,16.916666666666668,16.041666666666668
2026-04-30 16:00:00,9.0,28.5,87,1002.9,14.8,181,0.0,16,3,4,7.0,45.0,17.0,15.0,20.0,56.0,15.833333333333334,15.416666666666666,15.833333333333334
2026-04-30 17:00:00,18.0,28.4,90,1002.5,16.9,188,0.0,17,3,4,9.0,2.0,15.0,9.0,21.0,40.0,14.5,14.916666666666666,15.375
2026-04-30 18:00:00,642.0,28.0,87,1001.7,22.5,199,0.0,18,3,4,18.0,7.0,9.0,14.0,16.0,32.0,15.0,15.666666666666666,15.25
2026-04-30 22:00:00,8.0,26.8,90,1000.7,12.0,215,0.1,22,3,4,642.0,9.0,45.0,20.0,16.0,27.0,120.5,68.0,41.333333333333336
2026-04-30 23:00:00,4.0,27.1,91,1000.9,12.3,218,0.0,23,3,4,8.0,18.0,2.0,21.0,16.0,27.0,114.33333333333333,67.0,41.0
2026-05-01 00:00:00,4.0,22.8,94,1002.3,3.2,251,0.0,0,4,5,4.0,642.0,7.0,11.0,8.0,26.0,114.66666666666667,65.58333333333333,40.5
2026-05-01 01:00:00,8.0,23.1,94,1002.6,6.9,197,1.0,1,4,5,4.0,8.0,9.0,17.0,11.0,19.0,114.16666666666667,65.0,40.333333333333336
2026-05-01 02:00:00,26.0,23.6,94,1002.0,9.0,196,0.1,2,4,5,8.0,4.0,18.0,15.0,11.0,21.0,114.0,64.25,40.208333333333336
2026-05-01 03:00:00,28.0,25.1,88,1002.2,10.7,194,0.0,3,4,5,26.0,4.0,642.0,9.0,13.0,27.0,115.33333333333333,65.16666666666667,40.833333333333336
2026-05-01 04:00:00,31.0,26.5,83,1002.7,4.7,247,0.0,4,4,5,28.0,8.0,8.0,45.0,20.0,33.0,13.0,66.75,41.458333333333336
2026-05-01 05:00:00,23.0,29.6,72,1001.9,10.2,198,0.0,5,4,5,31.0,26.0,4.0,2.0,18.0,33.0,16.833333333333332,65.58333333333333,41.916666666666664
2026-05-01 06:00:00,19.0,30.1,65,1002.3,15.5,208,0.0,6,4,5,23.0,28.0,4.0,7.0,25.0,29.0,20.0,67.33333333333333,42.125
2026-05-01 07:00:00,17.0,32.5,55,1001.1,19.9,226,0.2,7,4,5,19.0,31.0,8.0,9.0,15.0,29.0,22.5,68.33333333333333,41.875
2026-05-01 08:00:00,16.0,33.6,50,999.8,13.6,227,0.0,8,4,5,17.0,23.0,26.0,18.0,9.0,22.0,24.0,69.0,41.958333333333336
2026-05-01 09:00:00,12.0,34.1,50,998.4,11.6,216,0.0,9,4,5,16.0,19.0,28.0,642.0,14.0,31.0,22.333333333333332,68.83333333333333,42.25
2026-05-01 10:00:00,16.0,33.6,50,997.5,15.9,226,0.0,10,4,5,12.0,17.0,31.0,8.0,20.0,36.0,19.666666666666668,16.333333333333332,42.166666666666664
2026-05-01 11:00:00,16.0,31.1,63,998.3,20.3,213,0.0,11,4,5,16.0,16.0,23.0,4.0,21.0,40.0,17.166666666666668,17.0,42.0
2026-05-01 12:00:00,22.0,31.5,61,997.4,12.0,194,0.0,12,4,5,16.0,12.0,19.0,4.0,11.0,19.0,16.0,18.0,41.791666666666664
2026-05-01 13:00:00,27.0,29.5,75,998.5,12.1,191,0.0,13,4,5,22.0,16.0,17.0,8.0,17.0,16.0,16.5,19.5,42.25
2026-05-01 14:00:00,25.0,28.1,83,999.3,12.6,185,0.0,14,4,5,27.0,16.0,16.0,26.0,15.0,10.0,18.166666666666668,21.083333333333332,42.666666666666664
2026-05-01 15:00:00,29.0,27.1,90,1000.1,8.8,189,0.0,15,4,5,25.0,22.0,12.0,28.0,9.0,16.0,19.666666666666668,21.0,43.083333333333336
2026-05-01 16:00:00,50.0,26.5,92,1000.8,8.8,181,0.0,16,4,5,29.0,27.0,16.0,31.0,45.0,13.0,22.5,21.083333333333332,43.916666666666664
2026-05-01 17:00:00,22.0,26.2,92,1000.9,8.9,193,0.0,17,4,5,50.0,25.0,16.0,23.0,2.0,13.0,28.166666666666668,22.666666666666668,44.125
2026-05-01 18:00:00,19.0,26.9,85,999.8,11.5,190,0.0,18,4,5,22.0,29.0,22.0,19.0,7.0,12.0,29.166666666666668,22.583333333333332,44.958333333333336
2026-05-01 19:00:00,15.0,26.3,87,999.1,12.9,189,0.0,19,4,5,19.0,50.0,27.0,17.0,9.0,20.0,28.666666666666668,22.583333333333332,45.458333333333336
2026-05-01 20:00:00,12.0,25.8,93,998.7,12.0,189,0.0,20,4,5,15.0,22.0,25.0,16.0,18.0,21.0,26.666666666666668,22.416666666666668,45.708333333333336
2026-05-01 21:00:00,22.0,25.3,94,998.7,11.2,184,0.0,21,4,5,12.0,19.0,29.0,12.0,642.0,16.0,24.5,22.083333333333332,45.458333333333336
2026-05-01 22:00:00,13.0,24.9,94,998.9,10.7,185,0.0,22,4,5,22.0,15.0,50.0,16.0,8.0,16.0,23.333333333333332,22.916666666666668,19.625
2026-05-01 23:00:00,13.0,24.7,96,999.1,10.4,208,0.0,23,4,5,13.0,12.0,22.0,16.0,4.0,16.0,17.166666666666668,22.666666666666668,19.833333333333332
2026-05-02 00:00:00,14.0,25.2,96,999.4,16.4,195,0.0,0,5,5,13.0,22.0,19.0,22.0,4.0,8.0,15.666666666666666,22.416666666666668,20.208333333333332
2026-05-02 01:00:00,21.0,26.7,89,1000.2,20.6,203,0.0,1,5,5,14.0,13.0,15.0,27.0,8.0,11.0,14.833333333333334,21.75,20.625
2026-05-02 02:00:00,15.0,29.0,78,1000.7,25.2,210,0.0,2,5,5,21.0,13.0,12.0,25.0,26.0,11.0,15.833333333333334,21.25,21.166666666666668
2026-05-02 03:00:00,17.0,30.9,70,1000.7,23.2,208,0.0,3,5,5,15.0,14.0,22.0,29.0,28.0,13.0,16.333333333333332,20.416666666666668,20.708333333333332
2026-05-02 04:00:00,24.0,32.5,62,1000.9,21.7,213,0.0,4,5,5,17.0,21.0,13.0,50.0,31.0,20.0,15.5,19.416666666666668,20.25
2026-05-02 05:00:00,26.0,34.0,57,1000.6,20.4,210,0.0,5,5,5,24.0,15.0,13.0,22.0,23.0,18.0,17.333333333333332,17.25,19.958333333333332
2026-05-02 06:00:00,26.0,35.6,47,999.7,16.9,208,0.0,6,5,5,26.0,17.0,14.0,19.0,19.0,25.0,19.5,17.583333333333332,20.083333333333332
2026-05-02 07:00:00,21.0,35.8,49,998.5,17.7,199,0.0,7,5,5,26.0,24.0,21.0,15.0,17.0,15.0,21.5,18.166666666666668,20.375
2026-05-02 08:00:00,21.0,30.6,59,999.6,21.9,279,3.9,8,5,5,21.0,26.0,15.0,12.0,16.0,9.0,21.5,18.666666666666668,20.541666666666668
2026-05-02 09:00:00,16.0,30.5,60,997.1,7.2,186,0.1,9,5,5,21.0,26.0,17.0,22.0,12.0,14.0,22.5,19.416666666666668,20.75
2026-05-02 10:00:00,19.0,32.7,62,996.8,11.5,181,0.0,10,5,5,16.0,21.0,24.0,13.0,16.0,20.0,22.333333333333332,18.916666666666668,20.916666666666668
2026-05-02 17:00:00,19.0,27.8,89,999.5,16.5,210,0.0,17,5,5,19.0,21.0,26.0,13.0,16.0,21.0,21.5,19.416666666666668,21.041666666666668
2026-05-02 18:00:00,18.0,26.2,92,1000.0,9.4,239,0.0,18,5,5,19.0,16.0,26.0,14.0,22.0,11.0,20.333333333333332,19.916666666666668,21.166666666666668
2026-05-02 19:00:00,13.0,26.2,93,999.4,5.2,229,0.0,19,5,5,18.0,19.0,21.0,21.0,27.0,17.0,19.0,20.25,21.0
2026-05-02 20:00:00,13.0,26.1,94,999.2,3.8,180,0.0,20,5,5,13.0,19.0,21.0,15.0,25.0,15.0,17.666666666666668,19.583333333333332,20.416666666666668
2026-05-02 21:00:00,15.0,26.0,95,999.3,7.6,185,0.0,21,5,5,13.0,18.0,16.0,17.0,29.0,9.0,16.333333333333332,19.416666666666668,19.916666666666668
2026-05-02 22:00:00,14.0,26.0,97,999.2,9.2,178,0.0,22,5,5,15.0,13.0,19.0,24.0,50.0,45.0,16.166666666666668,19.25,19.333333333333332
2026-05-02 23:00:00,16.0,26.1,98,999.6,10.3,196,0.0,23,5,5,14.0,13.0,19.0,26.0,22.0,2.0,15.333333333333334,18.416666666666668,17.833333333333332
2026-05-03 00:00:00,21.0,26.1,95,999.9,11.3,207,0.0,0,6,5,16.0,15.0,18.0,26.0,19.0,7.0,14.833333333333334,17.583333333333332,17.583333333333332
2026-05-03 01:00:00,23.0,26.8,92,1000.8,1.5,277,0.0,1,6,5,21.0,14.0,13.0,21.0,15.0,9.0,15.333333333333334,17.166666666666668,17.666666666666668
2026-05-03 02:00:00,39.0,27.8,87,1001.5,2.9,263,0.0,2,6,5,23.0,16.0,13.0,21.0,12.0,18.0,17.0,17.333333333333332,18.0
2026-05-03 03:00:00,20.0,28.7,81,1002.0,6.1,355,0.0,3,6,5,39.0,21.0,15.0,16.0,22.0,642.0,21.333333333333332,18.833333333333332,19.125
2026-05-03 04:00:00,19.0,29.2,77,1002.5,8.7,18,0.0,4,6,5,20.0,23.0,14.0,19.0,13.0,8.0,22.166666666666668,19.166666666666668,19.041666666666668
2026-05-03 05:00:00,22.0,30.5,68,1002.4,8.5,25,0.0,5,6,5,19.0,39.0,16.0,19.0,13.0,4.0,23.0,19.166666666666668,19.291666666666668
2026-05-03 06:00:00,25.0,30.0,71,1002.7,8.0,113,0.0,6,6,5,22.0,20.0,21.0,18.0,14.0,4.0,24.0,19.416666666666668,19.666666666666668
2026-05-03 07:00:00,30.0,31.5,64,1001.9,12.7,150,0.0,7,6,5,25.0,19.0,23.0,13.0,21.0,8.0,24.666666666666668,20.0,20.125
2026-05-03 08:00:00,20.0,31.7,62,1001.0,16.9,178,1.2,8,6,5,30.0,22.0,39.0,13.0,15.0,26.0,25.833333333333332,21.416666666666668,20.5
2026-05-03 09:00:00,18.0,30.8,64,1000.3,17.9,195,0.2,9,6,5,20.0,25.0,20.0,15.0,17.0,28.0,22.666666666666668,22.0,20.708333333333332
2026-05-03 10:00:00,14.0,31.0,65,999.6,17.4,207,0.0,10,6,5,18.0,30.0,19.0,14.0,24.0,31.0,22.333333333333332,22.25,20.75
2026-05-03 11:00:00,7.0,30.5,68,998.9,16.6,204,0.0,11,6,5,14.0,20.0,22.0,16.0,26.0,23.0,21.5,22.25,20.333333333333332
2026-05-03 12:00:00,12.0,29.2,73,998.9,14.4,196,0.0,12,6,5,7.0,18.0,25.0,21.0,26.0,19.0,19.0,21.5,19.541666666666668
2026-05-03 13:00:00,12.0,27.7,80,999.5,12.0,198,0.0,13,6,5,12.0,14.0,30.0,23.0,21.0,17.0,16.833333333333332,20.75,18.958333333333332
2026-05-03 14:00:00,20.0,27.0,84,1000.4,9.7,205,0.0,14,6,5,12.0,7.0,20.0,39.0,21.0,16.0,13.833333333333334,19.833333333333332,18.583333333333332
2026-05-03 15:00:00,28.0,26.5,87,1001.1,8.6,196,0.0,15,6,5,20.0,12.0,18.0,20.0,16.0,12.0,13.833333333333334,18.25,18.541666666666668
2026-05-03 16:00:00,23.0,26.0,90,1001.9,9.4,198,0.0,16,6,5,28.0,12.0,14.0,19.0,19.0,16.0,15.5,18.916666666666668,19.041666666666668
2026-05-03 17:00:00,19.0,25.6,94,1002.2,10.0,189,0.0,17,6,5,23.0,20.0,7.0,22.0,19.0,16.0,17.0,19.25,19.208333333333332
2026-05-03 18:00:00,14.0,25.3,95,1002.2,9.8,193,0.0,18,6,5,19.0,28.0,12.0,25.0,18.0,22.0,19.0,19.0,19.208333333333332
2026-05-03 19:00:00,12.0,25.1,97,1001.9,7.7,181,0.0,19,6,5,14.0,23.0,12.0,30.0,13.0,27.0,19.333333333333332,18.083333333333332,19.041666666666668
2026-05-03 20:00:00,15.0,25.1,97,1001.7,6.5,161,0.0,20,6,5,12.0,19.0,20.0,20.0,13.0,25.0,19.333333333333332,16.583333333333332,19.0
2026-05-03 21:00:00,12.0,25.1,97,1001.7,7.1,150,0.0,21,6,5,15.0,14.0,28.0,18.0,15.0,29.0,18.5,16.166666666666668,19.083333333333332
2026-05-03 22:00:00,9.0,25.1,97,1001.5,9.5,170,0.0,22,6,5,12.0,12.0,23.0,14.0,14.0,50.0,15.833333333333334,15.666666666666666,18.958333333333332
2026-05-03 23:00:00,14.0,25.0,97,1001.8,8.8,180,0.0,23,6,5,9.0,15.0,19.0,7.0,16.0,22.0,13.5,15.25,18.75
2026-05-04 00:00:00,10.0,25.7,96,1001.9,9.9,180,0.0,0,0,5,14.0,12.0,14.0,12.0,21.0,19.0,12.666666666666666,15.833333333333334,18.666666666666668
2026-05-04 01:00:00,15.0,27.2,87,1002.8,12.9,186,0.0,1,0,5,10.0,9.0,12.0,12.0,23.0,15.0,12.0,15.666666666666666,18.208333333333332
2026-05-04 02:00:00,16.0,28.9,77,1003.3,16.5,191,0.0,2,0,5,15.0,14.0,15.0,20.0,39.0,12.0,12.5,15.916666666666666,17.875
2026-05-04 03:00:00,11.0,30.5,69,1003.6,16.9,189,0.0,3,0,5,16.0,10.0,12.0,28.0,20.0,22.0,12.666666666666666,15.583333333333334,16.916666666666668
2026-05-04 04:00:00,13.0,31.9,61,1003.5,16.3,186,0.0,4,0,5,11.0,15.0,9.0,23.0,19.0,13.0,12.5,14.166666666666666,16.541666666666668
2026-05-04 05:00:00,18.0,33.1,56,1003.7,15.1,182,0.0,5,0,5,13.0,16.0,14.0,19.0,22.0,13.0,13.166666666666666,13.333333333333334,16.291666666666668
2026-05-04 06:00:00,14.0,33.8,53,1003.5,14.9,179,0.0,6,0,5,18.0,11.0,10.0,14.0,25.0,14.0,13.833333333333334,13.25,16.125
2026-05-04 07:00:00,19.0,33.2,56,1002.8,15.3,164,0.0,7,0,5,14.0,13.0,15.0,12.0,30.0,21.0,14.5,13.25,15.666666666666666
2026-05-04 08:00:00,16.0,33.0,59,1002.2,15.8,179,0.7,8,0,5,19.0,18.0,16.0,15.0,20.0,15.0,15.166666666666666,13.833333333333334,15.208333333333334
2026-05-04 09:00:00,16.0,31.2,68,1001.6,16.7,174,1.0,9,0,5,16.0,14.0,11.0,12.0,18.0,17.0,15.166666666666666,13.916666666666666,15.041666666666666
2026-05-04 10:00:00,13.0,32.0,62,1000.6,16.8,183,0.3,10,0,5,16.0,19.0,13.0,9.0,14.0,24.0,16.0,14.25,14.958333333333334
2026-05-04 11:00:00,10.0,30.1,73,1000.7,15.5,179,0.8,11,0,5,13.0,16.0,18.0,14.0,7.0,26.0,16.0,14.583333333333334,14.916666666666666
2026-05-04 12:00:00,12.0,30.5,70,999.8,15.8,180,0.5,12,0,5,10.0,16.0,14.0,10.0,12.0,26.0,14.666666666666666,14.25,15.041666666666666
2026-05-04 13:00:00,15.0,29.1,78,1000.8,15.9,176,0.0,13,0,5,12.0,13.0,19.0,15.0,12.0,21.0,14.333333333333334,14.416666666666666,15.041666666666666
2026-05-04 14:00:00,14.0,28.5,82,1001.8,14.7,174,0.0,14,0,5,15.0,10.0,16.0,16.0,20.0,21.0,13.666666666666666,14.416666666666666,15.166666666666666
2026-05-04 15:00:00,17.0,27.9,86,1002.7,13.6,175,0.1,15,0,5,14.0,12.0,16.0,11.0,28.0,16.0,13.333333333333334,14.25,14.916666666666666
2026-05-04 16:00:00,15.0,27.7,87,1003.5,13.1,171,0.0,16,0,5,17.0,15.0,13.0,13.0,23.0,19.0,13.5,14.75,14.458333333333334
2026-05-04 17:00:00,10.0,27.4,89,1004.1,11.7,170,0.0,17,0,5,15.0,14.0,10.0,18.0,19.0,19.0,13.833333333333334,14.916666666666666,14.125
2026-05-04 18:00:00,9.0,27.4,89,1003.5,9.5,166,0.0,18,0,5,10.0,17.0,12.0,14.0,14.0,18.0,13.833333333333334,14.25,13.75
2026-05-04 19:00:00,1.0,27.3,91,1003.4,8.1,155,0.0,19,0,5,9.0,15.0,15.0,19.0,12.0,13.0,13.333333333333334,13.833333333333334,13.541666666666666
2026-05-04 20:00:00,6.0,26.8,93,1003.2,6.4,148,0.0,20,0,5,1.0,10.0,14.0,16.0,15.0,13.0,11.0,12.333333333333334,13.083333333333334
2026-05-04 21:00:00,5.0,26.6,94,1003.3,4.6,135,0.0,21,0,5,6.0,9.0,17.0,16.0,12.0,15.0,9.666666666666666,11.5,12.708333333333334
2026-05-04 22:00:00,6.0,26.2,95,1003.7,3.1,114,0.3,22,0,5,5.0,1.0,15.0,13.0,9.0,14.0,7.666666666666667,10.583333333333334,12.416666666666666
2026-05-04 23:00:00,10.0,25.0,97,1004.1,4.6,111,2.0,23,0,5,6.0,6.0,10.0,10.0,14.0,16.0,6.166666666666667,10.0,12.291666666666666
2026-05-05 00:00:00,8.0,25.9,98,1004.0,2.8,72,0.0,0,1,5,10.0,5.0,9.0,12.0,10.0,21.0,6.166666666666667,10.0,12.125
2026-05-05 01:00:00,14.0,26.8,91,1005.2,8.0,106,0.0,1,1,5,8.0,6.0,1.0,15.0,15.0,23.0,6.0,9.666666666666666,12.041666666666666
2026-05-05 02:00:00,12.0,27.8,84,1005.6,8.8,113,0.0,2,1,5,14.0,10.0,6.0,14.0,16.0,39.0,8.166666666666666,9.583333333333334,12.0
2026-05-05 03:00:00,6.0,29.0,77,1005.9,11.1,136,0.1,3,1,5,12.0,8.0,5.0,17.0,11.0,20.0,9.166666666666666,9.416666666666666,11.833333333333334
2026-05-05 04:00:00,7.0,30.4,69,1005.8,11.3,162,0.1,4,1,5,6.0,14.0,6.0,15.0,13.0,19.0,9.333333333333334,8.5,11.625
2026-05-05 05:00:00,6.0,31.6,65,1005.2,13.4,166,0.2,5,1,5,7.0,12.0,10.0,10.0,18.0,22.0,9.5,7.833333333333333,11.375
2026-05-05 06:00:00,3.0,32.2,60,1004.6,10.1,161,0.2,6,1,5,6.0,6.0,8.0,9.0,14.0,25.0,8.833333333333334,7.5,10.875
2026-05-05 07:00:00,10.0,32.3,61,1004.2,10.7,164,0.0,7,1,5,3.0,7.0,14.0,1.0,19.0,30.0,8.0,7.0,10.416666666666666
2026-05-05 08:00:00,14.0,32.2,62,1003.3,11.5,160,0.1,8,1,5,10.0,6.0,12.0,6.0,16.0,20.0,7.333333333333333,7.75,10.041666666666666
2026-05-05 09:00:00,10.0,30.6,66,1002.4,9.7,165,0.5,9,1,5,14.0,3.0,6.0,5.0,16.0,18.0,7.666666666666667,8.416666666666666,9.958333333333334
2026-05-05 10:00:00,14.0,29.4,68,1002.2,10.8,170,0.9,10,1,5,10.0,10.0,7.0,6.0,13.0,14.0,8.333333333333334,8.833333333333334,9.708333333333334
2026-05-05 11:00:00,15.0,25.8,86,1003.6,6.5,302,2.2,11,1,5,14.0,14.0,6.0,10.0,10.0,7.0,9.5,9.5,9.75
2026-05-06 05:00:00,20.0,32.0,58,1003.4,10.4,188,0.0,5,2,5,15.0,10.0,3.0,8.0,12.0,12.0,11.0,9.916666666666666,9.958333333333334
2026-05-06 06:00:00,14.0,32.6,57,1002.9,5.0,195,0.0,6,2,5,20.0,14.0,10.0,14.0,15.0,12.0,13.833333333333334,10.916666666666666,10.291666666666666
2026-05-06 07:00:00,16.0,33.6,53,1002.2,6.8,180,0.0,7,2,5,14.0,15.0,14.0,12.0,14.0,20.0,14.5,10.916666666666666,10.25
2026-05-06 08:00:00,12.0,33.9,52,1001.5,8.1,186,0.0,8,2,5,16.0,20.0,10.0,6.0,17.0,28.0,14.833333333333334,11.25,10.333333333333334
2026-05-06 09:00:00,13.0,31.3,61,1001.0,12.8,176,0.6,9,2,5,12.0,14.0,14.0,7.0,15.0,23.0,15.166666666666666,11.75,10.125
2026-05-06 10:00:00,16.0,31.3,58,1000.6,10.4,197,0.1,10,2,5,13.0,16.0,15.0,6.0,10.0,19.0,15.0,12.25,10.041666666666666
2026-05-06 11:00:00,11.0,30.8,62,1000.3,13.9,193,0.0,11,2,5,16.0,12.0,20.0,3.0,9.0,14.0,15.166666666666666,13.083333333333334,10.291666666666666
2026-05-06 12:00:00,8.0,30.2,67,1000.2,10.9,224,0.0,12,2,5,11.0,13.0,14.0,10.0,1.0,12.0,13.666666666666666,13.75,10.375
2026-05-06 13:00:00,11.0,29.2,72,1000.6,13.9,197,0.0,13,2,5,8.0,16.0,16.0,14.0,6.0,15.0,12.666666666666666,13.583333333333334,10.666666666666666
2026-05-06 20:00:00,4.0,27.0,92,1002.0,12.3,211,0.0,20,2,5,11.0,11.0,12.0,10.0,5.0,12.0,11.833333333333334,13.333333333333334,10.875
2026-05-06 21:00:00,4.0,26.7,91,1001.9,11.8,206,0.0,21,2,5,4.0,8.0,13.0,14.0,6.0,9.0,10.5,12.833333333333334,10.833333333333334
2026-05-06 22:00:00,4.0,26.4,91,1001.9,12.2,202,0.0,22,2,5,4.0,11.0,16.0,15.0,10.0,14.0,9.0,12.0,10.75
2026-05-06 23:00:00,10.0,26.2,92,1002.3,13.2,197,0.0,23,2,5,4.0,4.0,11.0,20.0,8.0,10.0,7.0,11.083333333333334,10.5
2026-05-07 00:00:00,9.0,26.6,97,1002.8,9.7,202,0.0,0,3,5,10.0,4.0,8.0,14.0,14.0,15.0,6.833333333333333,10.25,10.583333333333334
2026-05-07 01:00:00,11.0,27.9,88,1003.5,10.1,207,0.0,1,3,5,9.0,4.0,11.0,16.0,12.0,16.0,7.0,9.833333333333334,10.375
2026-05-07 02:00:00,17.0,29.4,80,1004.0,10.7,200,0.0,2,3,5,11.0,10.0,4.0,12.0,6.0,11.0,7.0,9.416666666666666,10.333333333333334
2026-05-07 03:00:00,12.0,31.0,72,1004.4,11.2,195,0.0,3,3,5,17.0,9.0,4.0,13.0,7.0,13.0,9.166666666666666,9.833333333333334,10.791666666666666
2026-05-07 04:00:00,17.0,32.4,64,1004.7,11.3,200,0.0,4,3,5,12.0,11.0,4.0,16.0,6.0,18.0,10.5,9.75,11.0
2026-05-07 05:00:00,14.0,33.6,58,1004.7,11.1,197,0.0,5,3,5,17.0,17.0,10.0,11.0,3.0,14.0,12.666666666666666,9.833333333333334,11.458333333333334
2026-05-07 07:00:00,17.0,35.2,46,1002.9,9.3,198,0.0,7,3,5,14.0,12.0,9.0,8.0,10.0,19.0,13.333333333333334,10.083333333333334,11.916666666666666
2026-05-07 08:00:00,13.0,31.4,61,1002.8,22.3,164,0.0,8,3,5,17.0,17.0,11.0,11.0,14.0,16.0,14.666666666666666,10.833333333333334,12.208333333333334
2026-05-07 09:00:00,12.0,32.2,60,1002.2,11.2,215,0.2,9,3,5,13.0,14.0,17.0,4.0,10.0,16.0,15.0,11.0,12.166666666666666
2026-05-07 10:00:00,14.0,32.1,58,1001.8,8.8,219,0.0,10,3,5,12.0,17.0,12.0,4.0,14.0,13.0,14.166666666666666,11.666666666666666,12.25
2026-05-07 11:00:00,42.0,32.2,57,1001.4,9.1,201,0.0,11,3,5,14.0,13.0,17.0,4.0,15.0,10.0,14.5,12.5,12.25
2026-05-07 18:00:00,18.0,26.5,94,1004.4,10.8,198,0.0,18,3,5,42.0,12.0,14.0,10.0,20.0,12.0,18.666666666666668,15.666666666666666,13.375
2026-05-07 19:00:00,13.0,26.3,96,1004.8,8.6,170,0.0,19,3,5,18.0,14.0,17.0,9.0,14.0,15.0,19.333333333333332,16.333333333333332,13.291666666666666
2026-05-07 20:00:00,11.0,26.2,97,1004.4,9.0,167,0.0,20,3,5,13.0,42.0,13.0,11.0,16.0,14.0,18.666666666666668,16.666666666666668,13.25
2026-05-07 21:00:00,11.0,25.9,95,1004.4,7.6,155,0.4,21,3,5,11.0,18.0,12.0,17.0,12.0,17.0,18.333333333333332,16.666666666666668,13.041666666666666
2026-05-07 22:00:00,11.0,25.9,95,1004.5,7.2,176,0.0,22,3,5,11.0,13.0,14.0,12.0,13.0,15.0,18.166666666666668,16.166666666666668,13.0
2026-05-07 23:00:00,6.0,25.9,95,1004.4,7.0,183,0.0,23,3,5,11.0,11.0,42.0,17.0,16.0,10.0,17.666666666666668,16.083333333333332,12.916666666666666
2026-05-08 00:00:00,12.0,25.5,94,1004.4,7.1,146,0.0,0,4,5,6.0,11.0,18.0,14.0,11.0,9.0,11.666666666666666,15.166666666666666,12.5
2026-05-08 01:00:00,17.0,26.9,88,1005.4,9.1,153,0.2,1,4,5,12.0,11.0,13.0,17.0,8.0,1.0,10.666666666666666,15.0,12.541666666666666
2026-05-08 02:00:00,13.0,28.6,79,1005.6,16.3,167,0.1,2,4,5,17.0,6.0,11.0,13.0,11.0,6.0,11.333333333333334,15.0,12.916666666666666
2026-05-08 03:00:00,9.0,30.2,71,1005.8,14.8,182,0.0,3,4,5,13.0,12.0,11.0,12.0,4.0,5.0,11.666666666666666,15.0,13.0
2026-05-08 04:00:00,13.0,31.8,64,1005.7,14.2,195,0.0,4,4,5,9.0,17.0,11.0,14.0,4.0,6.0,11.333333333333334,14.75,13.208333333333334
2026-05-08 05:00:00,8.0,33.0,58,1005.5,12.2,196,0.0,5,4,5,13.0,13.0,6.0,42.0,4.0,10.0,11.666666666666666,14.666666666666666,13.583333333333334
2026-05-08 06:00:00,13.0,33.8,51,1005.0,14.1,190,0.0,6,4,5,8.0,9.0,12.0,18.0,10.0,8.0,12.0,11.833333333333334,13.75
2026-05-08 07:00:00,10.0,34.1,45,1004.4,13.6,185,0.0,7,4,5,13.0,13.0,17.0,13.0,9.0,14.0,12.166666666666666,11.416666666666666,13.875
2026-05-08 08:00:00,9.0,33.9,48,1003.2,12.5,191,0.0,8,4,5,10.0,8.0,13.0,11.0,11.0,12.0,11.0,11.166666666666666,13.916666666666666
2026-05-08 09:00:00,2.0,32.9,52,1002.4,12.8,182,1.2,9,4,5,9.0,13.0,9.0,11.0,17.0,6.0,10.333333333333334,11.0,13.833333333333334
2026-05-08 10:00:00,18.0,32.6,54,1002.0,15.5,193,0.0,10,4,5,2.0,10.0,13.0,11.0,12.0,7.0,9.166666666666666,10.25,13.208333333333334
2026-05-08 11:00:00,10.0,32.1,58,1002.0,14.0,187,0.0,11,4,5,18.0,9.0,8.0,6.0,17.0,6.0,10.0,10.833333333333334,13.458333333333334
2026-05-08 12:00:00,10.0,32.1,59,1001.3,11.3,180,0.0,12,4,5,10.0,2.0,13.0,12.0,14.0,3.0,10.333333333333334,11.166666666666666,13.166666666666666
2026-05-08 13:00:00,13.0,30.2,68,1001.9,11.7,176,0.0,13,4,5,10.0,18.0,10.0,17.0,17.0,10.0,9.833333333333334,11.0,13.0
2026-05-08 14:00:00,15.0,28.8,77,1003.4,13.3,189,0.0,14,4,5,13.0,10.0,9.0,13.0,13.0,14.0,10.333333333333334,10.666666666666666,12.833333333333334
2026-05-08 15:00:00,11.0,27.8,83,1004.2,12.6,194,0.0,15,4,5,15.0,10.0,2.0,9.0,12.0,10.0,11.333333333333334,10.833333333333334,12.916666666666666
2026-05-08 16:00:00,10.0,27.2,88,1004.6,11.6,188,0.0,16,4,5,11.0,13.0,18.0,13.0,14.0,14.0,12.833333333333334,11.0,12.875
2026-05-08 17:00:00,11.0,26.8,91,1004.7,9.1,194,0.0,17,4,5,10.0,15.0,10.0,8.0,42.0,15.0,11.5,10.75,12.708333333333334
2026-05-08 18:00:00,26.0,26.5,93,1004.6,4.7,173,0.0,18,4,5,11.0,11.0,10.0,13.0,18.0,20.0,11.666666666666666,11.0,11.416666666666666
2026-05-08 19:00:00,18.0,26.0,96,1004.3,2.2,145,0.0,19,4,5,26.0,10.0,13.0,10.0,13.0,14.0,14.333333333333334,12.083333333333334,11.75
2026-05-08 20:00:00,14.0,25.9,97,1003.8,3.8,135,0.0,20,4,5,18.0,11.0,15.0,9.0,11.0,16.0,15.166666666666666,12.75,11.958333333333334
2026-05-08 21:00:00,14.0,25.6,98,1003.7,5.4,143,0.0,21,4,5,14.0,26.0,11.0,2.0,11.0,12.0,15.0,13.166666666666666,12.083333333333334
2026-05-08 22:00:00,15.0,25.5,98,1003.6,4.5,182,0.0,22,4,5,14.0,18.0,10.0,18.0,11.0,13.0,15.5,14.166666666666666,12.208333333333334
2026-05-08 23:00:00,13.0,25.3,99,1003.8,5.0,165,0.0,23,4,5,15.0,14.0,11.0,10.0,6.0,16.0,16.333333333333332,13.916666666666666,12.375
2026-05-09 00:00:00,16.0,25.3,98,1004.0,6.2,168,0.0,0,5,5,13.0,14.0,26.0,10.0,12.0,11.0,16.666666666666668,14.166666666666666,12.666666666666666
2026-05-09 01:00:00,25.0,26.9,92,1005.0,5.6,182,0.0,1,5,5,16.0,15.0,18.0,13.0,17.0,8.0,15.0,14.666666666666666,12.833333333333334
2026-05-09 02:00:00,16.0,28.8,81,1005.6,8.7,198,0.0,2,5,5,25.0,13.0,14.0,15.0,13.0,11.0,16.166666666666668,15.666666666666666,13.166666666666666
2026-05-09 03:00:00,13.0,30.5,71,1005.7,6.9,200,0.0,3,5,5,16.0,16.0,14.0,11.0,9.0,4.0,16.5,15.75,13.291666666666666
2026-05-09 04:00:00,13.0,31.8,63,1005.6,4.7,187,0.0,4,5,5,13.0,25.0,15.0,10.0,13.0,4.0,16.333333333333332,15.916666666666666,13.458333333333334
2026-05-09 05:00:00,12.0,33.0,56,1005.1,6.2,154,0.0,5,5,5,13.0,16.0,13.0,11.0,8.0,4.0,16.0,16.166666666666668,13.458333333333334
2026-05-09 06:00:00,10.0,34.4,48,1004.6,8.6,157,0.0,6,5,5,12.0,13.0,16.0,26.0,13.0,10.0,15.833333333333334,16.25,13.625
2026-05-09 07:00:00,9.0,34.9,44,1003.8,9.3,152,0.0,7,5,5,10.0,13.0,25.0,18.0,10.0,9.0,14.833333333333334,14.916666666666666,13.5
2026-05-09 08:00:00,11.0,32.6,50,1003.6,9.0,185,0.3,8,5,5,9.0,12.0,16.0,14.0,9.0,11.0,12.166666666666666,14.166666666666666,13.458333333333334
2026-05-12 15:00:00,1.0,28.2,81,1001.6,9.5,166,0.0,15,1,5,11.0,10.0,13.0,14.0,2.0,17.0,11.333333333333334,13.916666666666666,13.541666666666666
2026-05-12 16:00:00,8.0,27.8,83,1002.2,9.6,164,0.0,16,1,5,1.0,9.0,13.0,15.0,18.0,12.0,9.333333333333334,12.833333333333334,13.5
2026-05-12 17:00:00,7.0,27.5,84,1002.2,10.5,167,0.0,17,1,5,8.0,11.0,12.0,13.0,10.0,17.0,8.5,12.25,13.083333333333334
2026-05-12 18:00:00,9.0,27.8,83,1001.5,11.5,171,0.0,18,1,5,7.0,1.0,10.0,16.0,10.0,14.0,7.666666666666667,11.75,12.958333333333334
2026-05-12 20:00:00,2.0,27.1,85,1000.1,9.2,179,0.0,20,1,5,9.0,8.0,9.0,25.0,13.0,17.0,7.5,11.166666666666666,12.916666666666666
2026-05-12 21:00:00,2.0,26.9,86,1000.1,8.3,186,0.0,21,1,5,2.0,7.0,11.0,16.0,15.0,13.0,6.333333333333333,9.25,12.458333333333334
2026-05-12 22:00:00,4.0,26.7,88,1000.1,6.7,196,0.0,22,1,5,2.0,9.0,1.0,13.0,11.0,12.0,4.833333333333333,8.083333333333334,11.916666666666666
2026-05-13 04:00:00,19.0,32.3,62,1001.5,10.3,191,0.0,4,2,5,4.0,2.0,8.0,13.0,10.0,14.0,5.333333333333333,7.333333333333333,11.625
2026-05-13 05:00:00,23.0,33.5,55,1001.0,10.1,182,0.0,5,2,5,19.0,2.0,7.0,12.0,11.0,42.0,7.166666666666667,7.833333333333333,12.0
2026-05-13 06:00:00,16.0,34.0,54,1000.3,9.7,170,0.0,6,2,5,23.0,4.0,9.0,10.0,26.0,18.0,9.833333333333334,8.75,12.5
2026-05-13 07:00:00,20.0,34.7,52,999.3,10.4,165,0.0,7,2,5,16.0,19.0,2.0,9.0,18.0,13.0,11.0,9.25,12.083333333333334
2026-05-13 08:00:00,19.0,34.9,51,997.8,12.8,165,0.0,8,2,5,20.0,23.0,2.0,11.0,14.0,11.0,14.0,10.166666666666666,12.166666666666666
2026-05-13 09:00:00,20.0,34.0,55,997.0,14.4,167,0.2,9,2,5,19.0,16.0,4.0,1.0,14.0,11.0,16.833333333333332,10.833333333333334,12.375
2026-05-13 10:00:00,20.0,32.8,57,996.5,18.1,170,0.1,10,2,5,20.0,20.0,19.0,8.0,15.0,11.0,19.5,12.416666666666666,12.625
2026-05-13 11:00:00,20.0,31.5,59,996.4,17.4,172,0.0,11,2,5,20.0,19.0,23.0,7.0,13.0,6.0,19.666666666666668,13.416666666666666,12.833333333333334
2026-05-13 12:00:00,17.0,31.4,63,996.2,13.9,167,0.0,12,2,5,20.0,20.0,16.0,9.0,16.0,12.0,19.166666666666668,14.5,13.125
2026-05-13 13:00:00,17.0,30.1,72,996.8,15.3,171,0.0,13,2,5,17.0,20.0,20.0,2.0,25.0,17.0,19.333333333333332,15.166666666666666,13.166666666666666
2026-05-13 14:00:00,21.0,29.1,79,998.5,14.0,173,0.0,14,2,5,17.0,20.0,19.0,2.0,16.0,13.0,18.833333333333332,16.416666666666668,12.833333333333334
2026-05-13 15:00:00,19.0,28.6,82,998.9,15.9,175,0.0,15,2,5,21.0,17.0,20.0,4.0,13.0,9.0,19.166666666666668,18.0,13.041666666666666
2026-05-13 16:00:00,19.0,28.4,83,999.8,15.3,179,0.0,16,2,5,19.0,17.0,20.0,19.0,13.0,13.0,19.0,19.25,13.291666666666666
2026-05-13 17:00:00,20.0,28.3,85,1000.3,15.1,182,0.0,17,2,5,19.0,21.0,20.0,23.0,12.0,8.0,18.833333333333332,19.25,13.541666666666666
2026-05-13 18:00:00,20.0,27.9,85,1000.1,16.9,192,0.0,18,2,5,20.0,19.0,17.0,16.0,10.0,13.0,18.833333333333332,19.0,13.875
2026-05-13 20:00:00,24.0,27.6,85,998.8,12.6,211,0.0,20,2,5,20.0,19.0,17.0,20.0,9.0,10.0,19.333333333333332,19.333333333333332,14.291666666666666
2026-05-13 21:00:00,20.0,27.5,85,998.6,10.3,213,0.0,21,2,5,24.0,20.0,21.0,19.0,11.0,9.0,20.5,19.666666666666668,14.916666666666666
2026-05-13 22:00:00,23.0,27.3,87,998.8,9.1,207,0.0,22,2,5,20.0,20.0,19.0,20.0,1.0,2.0,20.333333333333332,19.75,15.291666666666666
2026-05-13 23:00:00,24.0,27.2,87,998.5,11.4,196,0.0,23,2,5,23.0,24.0,19.0,20.0,8.0,18.0,21.0,20.0,16.208333333333332
2026-05-14 00:00:00,24.0,26.0,91,998.7,6.2,285,0.0,0,3,5,24.0,20.0,20.0,20.0,7.0,10.0,21.833333333333332,20.333333333333332,16.875
2026-05-14 01:00:00,29.0,27.0,87,998.9,5.6,241,0.0,1,3,5,24.0,23.0,20.0,17.0,9.0,10.0,22.5,20.666666666666668,17.583333333333332
2026-05-14 02:00:00,28.0,28.7,79,999.2,6.5,246,0.0,2,3,5,29.0,24.0,24.0,17.0,2.0,13.0,24.0,21.666666666666668,18.416666666666668
2026-05-14 03:00:00,31.0,30.5,72,999.7,6.0,275,0.0,3,3,5,28.0,24.0,20.0,21.0,2.0,15.0,24.666666666666668,22.583333333333332,19.5
2026-05-14 04:00:00,35.0,31.9,66,1000.0,2.6,205,0.0,4,3,5,31.0,29.0,23.0,19.0,4.0,11.0,26.5,23.416666666666668,20.708333333333332
2026-05-14 05:00:00,36.0,33.3,60,999.5,5.8,160,0.0,5,3,5,35.0,28.0,24.0,19.0,19.0,10.0,28.5,24.75,22.0
2026-05-14 06:00:00,28.0,34.2,57,999.1,4.4,150,0.0,6,3,5,36.0,31.0,24.0,20.0,23.0,11.0,30.5,26.166666666666668,22.708333333333332
2026-05-14 07:00:00,21.0,35.2,53,998.1,8.6,150,0.0,7,3,5,28.0,35.0,29.0,20.0,16.0,26.0,31.166666666666668,26.833333333333332,22.916666666666668
2026-05-14 08:00:00,23.0,35.8,50,997.1,10.2,150,0.0,8,3,5,21.0,36.0,28.0,24.0,20.0,18.0,29.833333333333332,26.916666666666668,23.125
2026-05-14 09:00:00,21.0,35.2,52,996.5,15.8,163,0.0,9,3,5,23.0,28.0,31.0,20.0,19.0,14.0,29.0,26.833333333333332,23.25
2026-05-14 10:00:00,21.0,32.8,64,996.4,18.7,172,0.0,10,3,5,21.0,21.0,35.0,23.0,20.0,14.0,27.333333333333332,26.916666666666668,23.333333333333332
2026-05-14 11:00:00,18.0,31.5,66,996.6,19.9,176,0.1,11,3,5,21.0,23.0,36.0,24.0,20.0,15.0,25.0,26.75,23.375
2026-05-14 12:00:00,17.0,31.3,68,996.7,17.7,176,0.0,12,3,5,18.0,21.0,28.0,24.0,20.0,13.0,22.0,26.25,23.291666666666668
2026-05-14 13:00:00,17.0,29.8,75,997.5,17.7,174,0.0,13,3,5,17.0,21.0,21.0,29.0,17.0,16.0,20.166666666666668,25.666666666666668,23.166666666666668
2026-05-14 14:00:00,21.0,29.3,79,998.3,17.6,174,0.0,14,3,5,17.0,18.0,23.0,28.0,17.0,25.0,19.5,24.666666666666668,23.166666666666668
2026-05-14 15:00:00,25.0,29.0,80,999.2,17.5,182,0.0,15,3,5,21.0,17.0,21.0,31.0,21.0,16.0,19.166666666666668,24.083333333333332,23.333333333333332
2026-05-14 16:00:00,22.0,28.9,80,999.5,16.4,185,0.0,16,3,5,25.0,17.0,21.0,35.0,19.0,13.0,19.833333333333332,23.583333333333332,23.5
2026-05-14 17:00:00,26.0,28.6,81,999.3,16.0,188,0.0,17,3,5,22.0,21.0,18.0,36.0,19.0,13.0,20.0,22.5,23.625
2026-05-14 18:00:00,18.0,28.5,83,998.5,15.3,195,0.0,18,3,5,26.0,25.0,17.0,28.0,20.0,12.0,21.333333333333332,21.666666666666668,23.916666666666668
2026-05-14 19:00:00,28.0,28.3,85,998.0,14.4,200,0.0,19,3,5,18.0,22.0,17.0,21.0,20.0,10.0,21.5,20.833333333333332,23.833333333333332
2026-05-14 20:00:00,24.0,28.1,86,997.7,13.9,204,0.0,20,3,5,28.0,26.0,21.0,23.0,24.0,9.0,23.333333333333332,21.416666666666668,24.166666666666668
2026-05-14 21:00:00,41.0,27.9,87,997.4,13.3,201,0.0,21,3,5,24.0,18.0,25.0,21.0,20.0,11.0,23.833333333333332,21.5,24.166666666666668
2026-05-14 22:00:00,43.0,27.8,88,997.5,12.5,198,0.0,22,3,5,41.0,28.0,22.0,21.0,23.0,1.0,26.5,23.166666666666668,25.041666666666668
2026-05-14 23:00:00,37.0,27.6,88,997.8,12.1,197,0.0,23,3,5,43.0,24.0,26.0,18.0,24.0,8.0,30.0,25.0,25.875
2026-05-15 00:00:00,54.0,27.6,89,997.9,9.5,209,0.0,0,4,5,37.0,41.0,18.0,17.0,24.0,7.0,31.833333333333332,26.583333333333332,26.416666666666668
2026-05-15 01:00:00,39.0,28.8,83,998.7,11.5,205,0.0,1,4,5,54.0,43.0,28.0,17.0,29.0,9.0,37.833333333333336,29.666666666666668,27.666666666666668
2026-05-15 02:00:00,39.0,30.3,75,999.3,16.1,210,0.0,2,4,5,39.0,37.0,24.0,21.0,28.0,2.0,39.666666666666664,31.5,28.083333333333332
2026-05-15 03:00:00,36.0,31.8,67,1000.0,14.5,215,0.0,3,4,5,39.0,54.0,41.0,25.0,31.0,2.0,42.166666666666664,33.0,28.541666666666668
2026-05-15 04:00:00,25.0,33.4,61,1000.0,13.3,220,0.0,4,4,5,36.0,39.0,43.0,22.0,35.0,4.0,41.333333333333336,33.916666666666664,28.75
2026-05-15 05:00:00,19.0,34.9,53,999.7,13.3,218,0.0,5,4,5,25.0,39.0,37.0,26.0,36.0,19.0,38.333333333333336,34.166666666666664,28.333333333333332
2026-05-15 06:00:00,22.0,36.1,49,999.0,10.7,222,0.0,6,4,5,19.0,36.0,54.0,18.0,28.0,23.0,35.333333333333336,33.583333333333336,27.625
2026-05-15 07:00:00,28.0,37.1,44,998.0,8.9,223,0.0,7,4,5,22.0,25.0,39.0,28.0,21.0,16.0,30.0,33.916666666666664,27.375
2026-05-15 08:00:00,22.0,37.9,41,996.5,6.5,247,0.0,8,4,5,28.0,19.0,39.0,24.0,23.0,20.0,28.166666666666668,33.916666666666664,27.666666666666668
2026-05-15 09:00:00,28.0,38.4,37,995.9,8.0,306,0.0,9,4,5,22.0,22.0,36.0,41.0,21.0,19.0,25.333333333333332,33.75,27.625
2026-05-15 10:00:00,27.0,37.6,39,995.4,8.6,329,0.0,10,4,5,28.0,28.0,25.0,43.0,21.0,20.0,24.0,32.666666666666664,27.916666666666668
2026-05-15 11:00:00,22.0,36.9,41,995.3,4.1,182,0.0,11,4,5,27.0,22.0,19.0,37.0,18.0,20.0,24.333333333333332,31.333333333333332,28.166666666666668
2026-05-15 12:00:00,20.0,31.9,66,995.5,18.3,170,0.0,12,4,5,22.0,28.0,22.0,54.0,17.0,20.0,24.833333333333332,30.083333333333332,28.333333333333332
2026-05-15 13:00:00,23.0,31.6,67,996.3,16.2,181,0.0,13,4,5,20.0,27.0,28.0,39.0,17.0,17.0,24.5,27.25,28.458333333333332
2026-05-15 14:00:00,32.0,30.4,75,997.2,16.2,184,0.0,14,4,5,23.0,22.0,22.0,39.0,21.0,17.0,23.666666666666668,25.916666666666668,28.708333333333332
2026-05-15 15:00:00,114.0,30.1,77,998.5,14.6,179,0.0,15,4,5,32.0,20.0,28.0,36.0,25.0,21.0,25.333333333333332,25.333333333333332,29.166666666666668
2026-05-15 16:00:00,243.0,29.6,83,999.4,14.6,179,0.0,16,4,5,114.0,23.0,27.0,25.0,22.0,19.0,39.666666666666664,31.833333333333332,32.875
2026-05-15 17:00:00,92.0,29.4,83,999.7,18.0,187,0.0,17,4,5,243.0,32.0,22.0,19.0,26.0,19.0,75.66666666666667,50.0,42.083333333333336
2026-05-15 18:00:00,54.0,29.2,85,999.4,18.1,190,0.0,18,4,5,92.0,114.0,20.0,22.0,18.0,20.0,87.33333333333333,56.083333333333336,44.833333333333336
2026-05-15 20:00:00,24.0,29.0,84,998.3,14.5,203,0.0,20,4,5,54.0,243.0,23.0,28.0,28.0,20.0,93.0,58.75,46.333333333333336
2026-05-15 21:00:00,30.0,28.8,85,998.1,13.6,206,0.0,21,4,5,24.0,92.0,32.0,22.0,24.0,24.0,93.16666666666667,58.416666666666664,46.166666666666664
2026-05-15 22:00:00,125.0,28.7,86,998.4,13.4,204,0.0,22,4,5,30.0,54.0,114.0,28.0,41.0,20.0,92.83333333333333,59.083333333333336,46.416666666666664
2026-05-15 23:00:00,161.0,28.5,86,998.5,13.2,204,0.0,23,4,5,125.0,24.0,243.0,27.0,43.0,23.0,94.66666666666667,67.16666666666667,49.916666666666664
2026-05-16 00:00:00,72.0,28.3,88,998.6,10.9,216,0.0,0,5,5,161.0,30.0,92.0,22.0,37.0,24.0,81.0,78.33333333333333,54.833333333333336
2026-05-16 09:00:00,14.0,36.3,50,997.0,17.2,185,0.0,9,5,5,72.0,125.0,54.0,20.0,54.0,24.0,77.66666666666667,82.5,56.291666666666664
2026-05-16 10:00:00,14.0,35.0,55,996.6,18.4,177,0.0,10,5,5,14.0,161.0,24.0,23.0,39.0,29.0,71.0,82.0,54.625
2026-05-16 11:00:00,14.0,33.4,61,996.8,19.3,184,0.0,11,5,5,14.0,72.0,30.0,32.0,39.0,28.0,69.33333333333333,81.25,53.583333333333336
2026-05-16 12:00:00,25.0,32.5,66,997.3,18.0,183,0.0,12,5,5,14.0,14.0,125.0,114.0,36.0,31.0,66.66666666666667,79.75,52.541666666666664
2026-05-16 13:00:00,27.0,31.0,73,997.9,16.5,186,0.0,13,5,5,25.0,14.0,161.0,243.0,25.0,35.0,50.0,72.33333333333333,52.083333333333336
2026-05-16 14:00:00,29.0,30.3,77,998.7,15.2,190,0.0,14,5,5,27.0,14.0,72.0,92.0,19.0,36.0,27.666666666666668,54.333333333333336,52.166666666666664
2026-05-16 15:00:00,24.0,29.8,82,999.4,14.9,188,0.0,15,5,5,29.0,25.0,14.0,54.0,22.0,28.0,20.5,49.083333333333336,52.583333333333336
2026-05-16 16:00:00,23.0,29.5,83,1000.0,14.5,187,0.0,16,5,5,24.0,27.0,14.0,24.0,28.0,21.0,22.166666666666668,46.583333333333336,52.666666666666664
2026-05-16 17:00:00,23.0,29.2,85,1000.2,14.3,192,0.0,17,5,5,23.0,29.0,14.0,30.0,22.0,23.0,23.666666666666668,46.5,52.458333333333336
2026-05-16 18:00:00,23.0,29.2,86,999.7,15.3,196,0.0,18,5,5,23.0,24.0,25.0,125.0,28.0,21.0,25.166666666666668,45.916666666666664,52.5
2026-05-16 19:00:00,22.0,28.7,88,999.1,17.0,197,0.0,19,5,5,23.0,23.0,27.0,161.0,27.0,21.0,24.833333333333332,37.416666666666664,52.291666666666664
2026-05-16 20:00:00,21.0,28.6,89,998.8,15.5,200,0.0,20,5,5,22.0,23.0,29.0,72.0,22.0,18.0,24.0,25.833333333333332,52.083333333333336
2026-05-16 21:00:00,21.0,28.5,88,998.5,13.8,206,0.0,21,5,5,21.0,23.0,24.0,14.0,20.0,17.0,22.666666666666668,21.583333333333332,52.041666666666664
2026-05-16 22:00:00,22.0,28.4,88,998.7,13.0,204,0.0,22,5,5,21.0,22.0,23.0,14.0,23.0,17.0,22.166666666666668,22.166666666666668,52.083333333333336
2026-05-16 23:00:00,25.0,28.2,89,999.0,12.9,207,0.0,23,5,5,22.0,21.0,23.0,14.0,32.0,21.0,22.0,22.833333333333332,52.041666666666664
2026-05-17 00:00:00,25.0,28.2,91,999.3,9.7,211,0.0,0,6,5,25.0,21.0,23.0,25.0,114.0,25.0,22.333333333333332,23.75,51.75
2026-05-17 01:00:00,35.0,29.1,85,999.6,11.1,212,0.0,1,6,5,25.0,22.0,22.0,27.0,243.0,22.0,22.666666666666668,23.75,48.041666666666664
2026-05-17 02:00:00,29.0,30.6,77,999.9,10.2,208,0.0,2,6,5,35.0,25.0,21.0,29.0,92.0,26.0,24.833333333333332,24.416666666666668,39.375
2026-05-17 03:00:00,25.0,32.6,68,1000.3,10.6,204,0.0,3,6,5,29.0,25.0,21.0,24.0,54.0,18.0,26.166666666666668,24.416666666666668,36.75
2026-05-17 04:00:00,25.0,34.5,59,1000.4,10.1,202,0.0,4,6,5,25.0,35.0,22.0,23.0,24.0,28.0,26.833333333333332,24.5,35.541666666666664
2026-05-17 05:00:00,28.0,36.2,52,1000.2,10.4,200,0.0,5,6,5,25.0,29.0,25.0,23.0,30.0,24.0,27.333333333333332,24.666666666666668,35.583333333333336
2026-05-17 06:00:00,26.0,37.4,49,999.5,8.9,198,0.0,6,6,5,28.0,25.0,25.0,23.0,125.0,41.0,27.833333333333332,25.083333333333332,35.5
2026-05-17 07:00:00,32.0,38.1,47,998.5,9.8,187,0.0,7,6,5,26.0,25.0,35.0,22.0,161.0,43.0,28.0,25.333333333333332,31.375
2026-05-17 08:00:00,29.0,38.1,47,997.6,13.0,178,0.0,8,6,5,32.0,28.0,29.0,21.0,72.0,37.0,27.5,26.166666666666668,26.0
2026-05-17 09:00:00,27.0,36.4,52,997.0,18.0,177,0.0,9,6,5,29.0,26.0,25.0,21.0,14.0,54.0,27.5,26.833333333333332,24.208333333333332
2026-05-17 10:00:00,27.0,35.2,54,996.5,20.0,184,0.0,10,6,5,27.0,32.0,25.0,22.0,14.0,39.0,27.833333333333332,27.333333333333332,24.75
2026-05-17 11:00:00,26.0,34.1,56,996.2,19.6,191,0.0,11,6,5,27.0,29.0,28.0,25.0,14.0,39.0,28.166666666666668,27.75,25.291666666666668
2026-05-17 12:00:00,26.0,33.6,59,996.5,19.1,196,0.0,12,6,5,26.0,27.0,26.0,25.0,25.0,36.0,27.833333333333332,27.833333333333332,25.791666666666668
2026-05-17 13:00:00,28.0,32.0,66,997.2,17.4,190,0.0,13,6,5,26.0,27.0,32.0,35.0,27.0,25.0,27.833333333333332,27.916666666666668,25.833333333333332
2026-05-17 14:00:00,27.0,30.9,74,997.9,19.2,190,0.0,14,6,5,28.0,26.0,29.0,29.0,29.0,19.0,27.166666666666668,27.333333333333332,25.875
2026-05-17 15:00:00,24.0,30.1,81,998.4,18.0,196,0.0,15,6,5,27.0,26.0,27.0,25.0,24.0,22.0,26.833333333333332,27.166666666666668,25.791666666666668
2026-05-17 16:00:00,23.0,29.8,83,998.9,16.9,195,0.0,16,6,5,24.0,28.0,27.0,25.0,23.0,28.0,26.333333333333332,27.083333333333332,25.791666666666668
2026-05-17 17:00:00,24.0,29.7,82,999.4,16.3,202,0.0,17,6,5,23.0,27.0,26.0,28.0,23.0,22.0,25.666666666666668,26.916666666666668,25.791666666666668
2026-05-17 18:00:00,24.0,29.8,83,998.6,18.0,206,0.0,18,6,5,24.0,24.0,26.0,26.0,23.0,28.0,25.333333333333332,26.583333333333332,25.833333333333332
2026-05-17 19:00:00,24.0,29.5,83,998.1,17.1,206,0.0,19,6,5,24.0,23.0,28.0,32.0,22.0,27.0,25.0,26.416666666666668,25.875
2026-05-17 20:00:00,24.0,29.2,83,997.7,17.0,207,0.0,20,6,5,24.0,24.0,27.0,29.0,21.0,22.0,24.333333333333332,25.75,25.958333333333332
2026-05-17 21:00:00,23.0,28.9,86,997.4,16.8,210,0.0,21,6,5,24.0,24.0,24.0,27.0,21.0,20.0,23.833333333333332,25.333333333333332,26.083333333333332
2026-05-17 22:00:00,24.0,28.7,87,997.4,16.7,208,0.0,22,6,5,23.0,24.0,23.0,27.0,22.0,23.0,23.666666666666668,25.0,26.166666666666668
2026-05-17 23:00:00,27.0,28.5,88,997.8,16.5,207,0.0,23,6,5,24.0,24.0,24.0,26.0,25.0,32.0,23.833333333333332,24.75,26.25
2026-05-18 00:00:00,26.0,28.6,91,997.7,16.6,207,0.0,0,0,5,27.0,23.0,24.0,26.0,25.0,114.0,24.333333333333332,24.833333333333332,26.333333333333332
2026-05-18 01:00:00,25.0,29.6,85,998.4,15.7,210,0.0,1,0,5,26.0,24.0,24.0,28.0,35.0,243.0,24.666666666666668,24.833333333333332,26.375
2026-05-18 02:00:00,27.0,31.2,78,999.0,14.1,218,0.0,2,0,5,25.0,27.0,24.0,27.0,29.0,92.0,24.833333333333332,24.583333333333332,25.958333333333332
2026-05-18 03:00:00,29.0,33.3,67,999.3,13.8,215,0.0,3,0,5,27.0,26.0,23.0,24.0,25.0,54.0,25.333333333333332,24.583333333333332,25.875
2026-05-18 04:00:00,34.0,35.4,58,999.3,13.4,209,0.0,4,0,5,29.0,25.0,24.0,23.0,25.0,24.0,26.333333333333332,25.0,26.041666666666668
2026-05-18 05:00:00,35.0,37.1,50,999.4,10.7,207,0.0,5,0,5,34.0,27.0,27.0,24.0,28.0,30.0,28.0,25.916666666666668,26.416666666666668
2026-05-18 06:00:00,35.0,38.3,45,998.7,9.2,206,0.0,6,0,5,35.0,29.0,26.0,24.0,26.0,125.0,29.333333333333332,26.833333333333332,26.708333333333332
2026-05-18 07:00:00,34.0,38.7,43,997.9,9.5,194,0.0,7,0,5,35.0,34.0,25.0,24.0,32.0,161.0,30.833333333333332,27.75,27.083333333333332
2026-05-18 08:00:00,34.0,38.9,43,997.1,12.7,187,0.0,8,0,5,34.0,35.0,27.0,24.0,29.0,72.0,32.333333333333336,28.583333333333332,27.166666666666668
2026-05-18 09:00:00,32.0,38.2,46,996.2,17.4,191,0.0,9,0,5,34.0,35.0,29.0,23.0,27.0,14.0,33.5,29.416666666666668,27.375
2026-05-18 10:00:00,32.0,36.8,50,996.3,16.9,234,0.0,10,0,5,32.0,34.0,34.0,24.0,27.0,14.0,34.0,30.166666666666668,27.583333333333332
2026-05-18 11:00:00,31.0,34.5,61,997.0,4.9,28,0.2,11,0,5,32.0,34.0,35.0,27.0,26.0,14.0,33.666666666666664,30.833333333333332,27.791666666666668
2026-05-18 12:00:00,33.0,33.4,60,996.4,12.2,118,0.0,12,0,5,31.0,32.0,35.0,26.0,26.0,25.0,33.0,31.166666666666668,28.0
2026-05-18 13:00:00,32.0,32.7,70,996.6,15.6,169,0.0,13,0,5,33.0,32.0,34.0,25.0,28.0,27.0,32.666666666666664,31.75,28.291666666666668
2026-05-18 14:00:00,29.0,31.8,74,997.2,16.8,185,0.0,14,0,5,32.0,31.0,34.0,27.0,27.0,29.0,32.333333333333336,32.333333333333336,28.458333333333332
2026-05-18 15:00:00,28.0,30.6,79,998.2,16.4,189,0.0,15,0,5,29.0,33.0,32.0,29.0,24.0,24.0,31.5,32.5,28.541666666666668
2026-05-18 16:00:00,27.0,30.0,83,998.5,16.2,195,0.0,16,0,5,28.0,32.0,32.0,34.0,23.0,23.0,30.833333333333332,32.416666666666664,28.708333333333332
2026-05-18 17:00:00,26.0,29.8,84,998.7,16.8,195,0.0,17,0,5,27.0,29.0,31.0,35.0,24.0,23.0,30.0,31.833333333333332,28.875
2026-05-18 18:00:00,26.0,29.9,84,997.9,16.8,197,0.0,18,0,5,26.0,28.0,33.0,35.0,24.0,23.0,29.166666666666668,31.083333333333332,28.958333333333332
2026-05-18 19:00:00,25.0,29.7,84,997.6,18.2,203,0.0,19,0,5,26.0,27.0,32.0,34.0,24.0,22.0,28.0,30.333333333333332,29.041666666666668
2026-05-18 20:00:00,26.0,29.5,84,997.2,19.3,205,0.0,20,0,5,25.0,26.0,29.0,34.0,24.0,21.0,26.833333333333332,29.583333333333332,29.083333333333332
2026-05-18 21:00:00,26.0,29.2,86,996.9,17.8,207,0.0,21,0,5,26.0,26.0,28.0,32.0,23.0,21.0,26.333333333333332,28.916666666666668,29.166666666666668
2026-05-18 22:00:00,27.0,29.0,87,996.9,18.9,209,0.0,22,0,5,26.0,25.0,27.0,32.0,24.0,22.0,26.0,28.416666666666668,29.291666666666668
2026-05-18 23:00:00,31.0,28.9,88,997.0,19.7,207,0.0,23,0,5,27.0,26.0,26.0,31.0,27.0,25.0,26.0,28.0,29.416666666666668
2026-05-19 00:00:00,29.0,29.1,90,997.3,14.9,199,0.0,0,1,5,31.0,26.0,26.0,33.0,26.0,25.0,26.833333333333332,28.0,29.583333333333332
2026-05-19 01:00:00,30.0,30.0,85,998.3,15.4,197,0.0,1,1,5,29.0,27.0,25.0,32.0,25.0,35.0,27.333333333333332,27.666666666666668,29.708333333333332
2026-05-19 13:00:00,15.0,33.3,66,995.3,13.2,178,0.0,13,1,5,30.0,31.0,26.0,29.0,27.0,29.0,28.166666666666668,27.5,29.916666666666668
2026-05-19 14:00:00,31.0,31.8,74,996.4,15.0,190,0.0,14,1,5,15.0,29.0,26.0,28.0,29.0,25.0,26.333333333333332,26.333333333333332,29.416666666666668
2026-05-19 15:00:00,27.0,30.8,80,996.9,18.3,195,0.0,15,1,5,31.0,30.0,27.0,27.0,34.0,25.0,27.166666666666668,26.583333333333332,29.5
2026-05-19 16:00:00,31.0,30.3,83,997.2,17.1,194,0.0,16,1,5,27.0,15.0,31.0,26.0,35.0,28.0,27.166666666666668,26.583333333333332,29.208333333333332
2026-05-19 17:00:00,28.0,30.0,84,997.3,17.3,201,0.0,17,1,5,31.0,31.0,29.0,26.0,35.0,26.0,27.166666666666668,27.0,29.041666666666668
2026-05-19 18:00:00,34.0,30.4,83,996.9,17.3,203,0.0,18,1,5,28.0,27.0,30.0,25.0,34.0,32.0,27.0,27.166666666666668,28.75
2026-05-19 19:00:00,23.0,30.2,84,996.4,17.0,204,0.0,19,1,5,34.0,31.0,15.0,26.0,34.0,29.0,27.666666666666668,27.916666666666668,28.75
2026-05-19 20:00:00,25.0,29.9,86,995.8,18.8,209,0.0,20,1,5,23.0,28.0,31.0,26.0,32.0,27.0,29.0,27.666666666666668,28.291666666666668
2026-05-19 21:00:00,25.0,29.6,88,995.3,19.3,212,0.0,21,1,5,25.0,34.0,27.0,27.0,32.0,27.0,28.0,27.583333333333332,28.0
2026-05-19 22:00:00,28.0,29.4,89,995.2,18.1,212,0.0,22,1,5,25.0,23.0,31.0,31.0,31.0,26.0,27.666666666666668,27.416666666666668,27.708333333333332
2026-05-19 23:00:00,29.0,29.2,91,995.5,16.3,221,0.0,23,1,5,28.0,25.0,28.0,29.0,33.0,26.0,27.166666666666668,27.166666666666668,27.583333333333332
2026-05-20 00:00:00,33.0,29.1,95,995.7,10.6,208,0.0,0,2,5,29.0,25.0,34.0,30.0,32.0,28.0,27.333333333333332,27.166666666666668,27.416666666666668
2026-05-20 01:00:00,38.0,30.2,88,996.8,10.9,220,0.0,1,2,5,33.0,28.0,23.0,15.0,29.0,27.0,27.166666666666668,27.416666666666668,27.458333333333332
2026-05-20 02:00:00,39.0,31.9,79,997.2,9.4,211,0.0,2,2,5,38.0,29.0,25.0,31.0,28.0,24.0,29.666666666666668,29.333333333333332,27.833333333333332
2026-05-20 03:00:00,47.0,33.9,71,997.5,8.1,205,0.0,3,2,5,39.0,33.0,25.0,27.0,27.0,23.0,32.0,30.0,28.291666666666668
2026-05-20 04:00:00,40.0,36.0,61,997.3,7.4,212,0.0,4,2,5,47.0,38.0,28.0,31.0,26.0,24.0,35.666666666666664,31.666666666666668,29.125
2026-05-20 06:00:00,42.0,39.0,47,996.5,9.5,224,0.0,6,2,5,40.0,39.0,29.0,28.0,26.0,24.0,37.666666666666664,32.416666666666664,29.708333333333332
2026-05-20 07:00:00,43.0,39.4,45,995.5,10.2,229,0.0,7,2,5,42.0,47.0,33.0,34.0,25.0,24.0,39.833333333333336,33.583333333333336,30.375
2026-05-20 08:00:00,45.0,40.2,42,994.9,10.3,247,0.0,8,2,5,43.0,40.0,38.0,23.0,26.0,24.0,41.5,34.333333333333336,31.125
2026-05-20 09:00:00,40.0,38.3,47,994.4,10.6,230,0.2,9,2,5,45.0,42.0,39.0,25.0,26.0,23.0,42.666666666666664,36.166666666666664,31.916666666666668
2026-05-20 10:00:00,41.0,34.1,64,994.4,17.2,193,2.8,10,2,5,40.0,43.0,47.0,25.0,27.0,24.0,42.833333333333336,37.416666666666664,32.5
2026-05-20 11:00:00,45.0,35.7,53,993.6,18.3,195,0.1,11,2,5,41.0,45.0,40.0,28.0,31.0,27.0,41.833333333333336,38.75,33.083333333333336
2026-05-20 12:00:00,50.0,35.1,52,993.0,16.0,203,0.0,12,2,5,45.0,40.0,42.0,29.0,29.0,26.0,42.666666666666664,40.166666666666664,33.666666666666664
2026-05-20 13:00:00,37.0,33.4,59,993.3,17.2,204,0.0,13,2,5,50.0,41.0,43.0,33.0,30.0,25.0,44.0,41.916666666666664,34.541666666666664
2026-05-20 14:00:00,45.0,32.3,64,994.2,17.2,213,0.0,14,2,5,37.0,45.0,45.0,38.0,15.0,27.0,43.0,42.25,34.833333333333336
2026-05-20 15:00:00,50.0,31.7,67,994.7,17.1,214,0.0,15,2,5,45.0,50.0,40.0,39.0,31.0,29.0,43.0,42.833333333333336,36.083333333333336
2026-05-20 16:00:00,50.0,31.1,70,995.2,15.0,213,0.0,16,2,5,50.0,37.0,41.0,47.0,27.0,34.0,44.666666666666664,43.75,36.875
2026-05-20 17:00:00,43.0,30.6,73,995.8,9.5,213,0.0,17,2,5,50.0,45.0,45.0,40.0,31.0,35.0,46.166666666666664,44.0,37.833333333333336
2026-05-20 18:00:00,44.0,30.5,76,995.4,3.2,196,0.0,18,2,5,43.0,50.0,50.0,42.0,28.0,35.0,45.833333333333336,44.25,38.333333333333336
2026-05-20 19:00:00,39.0,30.1,79,994.9,4.0,162,0.0,19,2,5,44.0,50.0,37.0,43.0,34.0,34.0,44.833333333333336,44.416666666666664,39.0
2026-05-20 20:00:00,40.0,29.7,81,994.7,7.9,160,0.0,20,2,5,39.0,43.0,45.0,45.0,23.0,34.0,45.166666666666664,44.083333333333336,39.208333333333336
2026-05-20 21:00:00,37.0,29.5,82,994.6,10.0,174,0.0,21,2,5,40.0,44.0,50.0,40.0,25.0,32.0,44.333333333333336,43.666666666666664,39.916666666666664
2026-05-20 22:00:00,47.0,29.2,84,994.9,7.9,180,0.0,22,2,5,37.0,39.0,50.0,41.0,25.0,32.0,42.166666666666664,43.416666666666664,40.416666666666664
2026-05-20 23:00:00,46.0,28.9,87,995.5,5.6,184,0.0,23,2,5,47.0,40.0,43.0,45.0,28.0,31.0,41.666666666666664,43.916666666666664,41.333333333333336
2026-05-21 01:00:00,49.0,30.2,87,996.8,7.8,187,0.0,1,3,5,46.0,37.0,44.0,50.0,29.0,33.0,42.166666666666664,44.0,42.083333333333336
2026-05-21 02:00:00,45.0,32.1,79,997.5,8.5,198,0.0,2,3,5,49.0,47.0,39.0,37.0,33.0,32.0,43.0,43.916666666666664,42.916666666666664
2026-05-21 03:00:00,47.0,34.2,70,997.5,12.4,197,0.0,3,3,5,45.0,46.0,40.0,45.0,38.0,29.0,44.0,44.583333333333336,43.416666666666664
2026-05-21 04:00:00,46.0,36.1,63,997.4,13.8,200,0.0,4,3,5,47.0,49.0,37.0,50.0,39.0,28.0,45.166666666666664,44.75,43.791666666666664
2026-05-21 05:00:00,49.0,38.0,55,997.4,12.7,201,0.0,5,3,5,46.0,45.0,47.0,50.0,47.0,27.0,46.666666666666664,44.416666666666664,44.083333333333336
2026-05-21 06:00:00,51.0,39.3,49,997.1,8.8,199,0.0,6,3,5,49.0,47.0,46.0,43.0,40.0,26.0,47.0,44.333333333333336,44.166666666666664
2026-05-21 07:00:00,53.0,40.1,44,996.6,6.8,192,0.0,7,3,5,51.0,46.0,49.0,44.0,42.0,26.0,47.833333333333336,45.0,44.625
2026-05-21 08:00:00,43.0,40.7,40,995.7,6.3,175,0.0,8,3,5,53.0,49.0,45.0,39.0,43.0,25.0,48.5,45.75,45.083333333333336
2026-05-21 09:00:00,49.0,40.9,39,994.7,7.1,153,0.0,9,3,5,43.0,51.0,47.0,40.0,45.0,26.0,48.166666666666664,46.083333333333336,45.083333333333336
2026-05-21 10:00:00,46.0,38.4,46,994.9,6.7,254,0.3,10,3,5,49.0,53.0,46.0,37.0,40.0,26.0,48.5,46.833333333333336,45.25
2026-05-21 11:00:00,46.0,29.9,82,995.5,11.8,7,6.9,11,3,5,46.0,43.0,49.0,47.0,41.0,27.0,48.5,47.583333333333336,45.5
2026-05-21 12:00:00,38.0,33.7,64,994.5,4.8,110,0.5,12,3,5,46.0,49.0,51.0,46.0,45.0,31.0,48.0,47.5,45.708333333333336
2026-05-21 13:00:00,37.0,32.4,73,995.3,5.6,68,0.0,13,3,5,38.0,46.0,53.0,49.0,50.0,29.0,45.833333333333336,46.833333333333336,45.416666666666664
2026-05-21 14:00:00,40.0,32.6,72,996.1,7.6,109,0.0,14,3,5,37.0,46.0,43.0,45.0,37.0,30.0,43.166666666666664,45.833333333333336,44.875
2026-05-21 15:00:00,37.0,31.8,83,996.9,13.1,151,0.0,15,3,5,40.0,38.0,49.0,47.0,45.0,15.0,42.666666666666664,45.416666666666664,45.0
2026-05-21 16:00:00,35.0,30.4,88,997.7,11.9,175,0.0,16,3,5,37.0,37.0,46.0,46.0,50.0,31.0,40.666666666666664,44.583333333333336,44.666666666666664
2026-05-21 17:00:00,31.0,30.0,91,998.1,11.3,179,0.0,17,3,5,35.0,40.0,46.0,49.0,50.0,27.0,38.833333333333336,43.666666666666664,44.041666666666664
2026-05-21 18:00:00,30.0,30.3,91,997.5,10.6,190,0.0,18,3,5,31.0,37.0,38.0,51.0,43.0,31.0,36.333333333333336,42.166666666666664,43.25
2026-05-21 19:00:00,24.0,30.0,92,997.0,8.8,176,0.0,19,3,5,30.0,35.0,37.0,53.0,44.0,28.0,35.0,40.416666666666664,42.708333333333336
2026-05-21 20:00:00,23.0,29.7,94,996.9,9.3,165,0.0,20,3,5,24.0,31.0,40.0,43.0,39.0,34.0,32.833333333333336,38.0,41.875
2026-05-21 21:00:00,24.0,29.5,96,996.9,9.3,162,0.0,21,3,5,23.0,30.0,37.0,49.0,40.0,23.0,30.0,36.333333333333336,41.208333333333336
2026-05-21 22:00:00,20.0,29.3,98,997.3,9.0,157,0.0,22,3,5,24.0,24.0,35.0,46.0,37.0,25.0,27.833333333333332,34.25,40.541666666666664
2026-05-21 23:00:00,13.0,29.3,98,997.8,9.5,166,0.0,23,3,5,20.0,23.0,31.0,46.0,47.0,25.0,25.333333333333332,32.083333333333336,39.833333333333336
2026-05-22 00:00:00,25.0,30.0,96,997.9,11.4,177,0.0,0,4,5,13.0,24.0,30.0,38.0,46.0,28.0,22.333333333333332,29.333333333333332,38.416666666666664
2026-05-22 01:00:00,28.0,30.7,90,998.9,13.1,182,0.0,1,4,5,25.0,20.0,24.0,37.0,49.0,29.0,21.5,28.25,37.541666666666664
2026-05-22 02:00:00,31.0,32.0,83,999.8,14.6,182,0.0,2,4,5,28.0,13.0,23.0,40.0,45.0,33.0,22.166666666666668,27.5,36.666666666666664
2026-05-22 03:00:00,27.0,33.5,74,1000.3,15.1,188,0.1,3,4,5,31.0,25.0,24.0,37.0,47.0,38.0,23.5,26.75,36.083333333333336
2026-05-22 06:00:00,30.0,34.9,66,999.9,14.2,196,0.0,6,4,5,27.0,28.0,20.0,35.0,46.0,39.0,24.0,25.916666666666668,35.25
2026-05-22 07:00:00,34.0,35.8,62,999.2,13.2,186,0.0,7,4,5,30.0,31.0,13.0,31.0,49.0,47.0,25.666666666666668,25.5,34.583333333333336
2026-05-22 08:00:00,40.0,36.4,59,998.1,14.3,192,0.0,8,4,5,34.0,27.0,25.0,30.0,51.0,40.0,29.166666666666668,25.75,33.958333333333336
2026-05-22 09:00:00,35.0,36.6,56,997.1,16.4,193,0.0,9,4,5,40.0,30.0,28.0,24.0,53.0,42.0,31.666666666666668,26.583333333333332,33.5
2026-05-22 10:00:00,33.0,35.9,59,996.4,19.3,194,0.0,10,4,5,35.0,34.0,31.0,23.0,43.0,43.0,32.833333333333336,27.5,32.75
2026-05-22 11:00:00,33.0,34.8,65,996.1,16.5,194,0.0,11,4,5,33.0,40.0,27.0,24.0,49.0,45.0,33.166666666666664,28.333333333333332,32.333333333333336
2026-05-22 12:00:00,36.0,33.9,70,997.2,9.9,184,0.0,12,4,5,33.0,35.0,30.0,20.0,46.0,40.0,34.166666666666664,29.083333333333332,31.666666666666668
2026-05-22 13:00:00,35.0,32.4,77,997.4,10.8,169,0.0,13,4,5,36.0,33.0,34.0,13.0,46.0,41.0,35.166666666666664,30.416666666666668,31.25
2026-05-22 14:00:00,31.0,31.4,83,998.0,13.2,170,0.0,14,4,5,35.0,33.0,40.0,25.0,38.0,45.0,35.333333333333336,32.25,30.791666666666668
2026-05-22 15:00:00,27.0,30.6,87,998.5,13.3,164,0.0,15,4,5,31.0,36.0,35.0,28.0,37.0,50.0,33.833333333333336,32.75,30.5
2026-05-22 16:00:00,23.0,30.2,90,999.2,11.7,175,0.0,16,4,5,27.0,35.0,33.0,31.0,40.0,37.0,32.5,32.666666666666664,30.083333333333332
2026-05-22 17:00:00,23.0,30.1,90,999.2,13.4,175,0.0,17,4,5,23.0,31.0,33.0,27.0,37.0,45.0,30.833333333333332,32.0,29.375
2026-05-22 18:00:00,20.0,30.0,93,998.5,13.7,176,0.0,18,4,5,23.0,27.0,36.0,30.0,35.0,50.0,29.166666666666668,31.666666666666668,28.791666666666668
2026-05-22 20:00:00,19.0,29.5,96,997.4,10.9,167,0.0,20,4,5,20.0,23.0,35.0,34.0,31.0,50.0,26.5,30.833333333333332,28.166666666666668
2026-05-22 21:00:00,16.0,29.4,96,997.2,11.1,172,0.0,21,4,5,19.0,23.0,31.0,40.0,30.0,43.0,23.833333333333332,29.583333333333332,27.666666666666668
2026-05-22 22:00:00,19.0,29.3,97,997.6,9.4,176,0.0,22,4,5,16.0,20.0,27.0,35.0,24.0,44.0,21.333333333333332,27.583333333333332,27.083333333333332
2026-05-22 23:00:00,17.0,29.6,95,998.4,8.5,186,0.0,23,4,5,19.0,19.0,23.0,33.0,23.0,39.0,20.0,26.25,26.875
2026-05-23 00:00:00,22.0,29.6,95,998.7,12.1,178,0.0,0,5,5,17.0,16.0,23.0,33.0,24.0,40.0,19.0,24.916666666666668,26.625
2026-05-23 01:00:00,28.0,30.5,89,999.3,13.8,186,0.0,1,5,5,22.0,19.0,20.0,36.0,20.0,37.0,18.833333333333332,24.0,26.541666666666668
2026-05-23 02:00:00,35.0,31.7,82,999.9,15.1,181,0.0,2,5,5,28.0,17.0,19.0,35.0,13.0,47.0,20.166666666666668,23.333333333333332,26.875
2026-05-23 03:00:00,33.0,33.1,74,1000.3,15.0,177,0.0,3,5,5,35.0,22.0,16.0,31.0,25.0,46.0,22.833333333333332,23.333333333333332,27.791666666666668
2026-05-23 04:00:00,32.0,34.4,69,1000.5,12.8,183,0.0,4,5,5,33.0,28.0,19.0,27.0,28.0,49.0,25.666666666666668,23.5,28.125
2026-05-23 05:00:00,30.0,35.6,64,1000.4,11.5,179,0.0,5,5,5,32.0,35.0,17.0,23.0,31.0,45.0,27.833333333333332,23.916666666666668,28.291666666666668
2026-05-23 06:00:00,35.0,36.5,60,999.3,11.1,164,0.0,6,5,5,30.0,33.0,22.0,23.0,27.0,47.0,30.0,24.5,28.25
2026-05-23 07:00:00,29.0,36.8,59,998.7,11.8,167,0.0,7,5,5,35.0,32.0,28.0,20.0,30.0,46.0,32.166666666666664,25.5,28.583333333333332
2026-05-23 08:00:00,33.0,37.1,57,997.9,12.2,171,0.0,8,5,5,29.0,30.0,35.0,19.0,34.0,49.0,32.333333333333336,26.25,28.541666666666668
2026-05-23 09:00:00,28.0,37.0,58,996.8,12.9,165,0.0,9,5,5,33.0,35.0,33.0,16.0,40.0,51.0,32.0,27.416666666666668,28.5
2026-05-23 10:00:00,23.0,36.2,60,996.5,13.7,166,0.0,10,5,5,28.0,29.0,32.0,19.0,35.0,53.0,31.166666666666668,28.416666666666668,28.0
2026-05-23 11:00:00,23.0,34.3,65,996.4,17.2,162,0.0,11,5,5,23.0,33.0,30.0,17.0,33.0,43.0,29.666666666666668,28.75,27.5
2026-05-23 12:00:00,35.0,30.5,84,998.3,8.5,355,0.2,12,5,5,23.0,28.0,35.0,22.0,33.0,49.0,28.5,29.25,27.083333333333332
2026-05-23 13:00:00,33.0,28.8,87,996.2,14.5,141,2.7,13,5,5,35.0,23.0,29.0,28.0,36.0,46.0,28.5,30.333333333333332,27.166666666666668
2026-05-23 14:00:00,28.0,29.9,89,997.7,16.8,198,0.1,14,5,5,33.0,23.0,33.0,35.0,35.0,46.0,29.166666666666668,30.75,27.041666666666668
2026-05-23 15:00:00,26.0,29.7,91,998.6,14.1,191,0.0,15,5,5,28.0,35.0,28.0,33.0,31.0,38.0,28.333333333333332,30.166666666666668,26.75
2026-05-23 16:00:00,22.0,29.5,93,999.4,13.2,185,0.0,16,5,5,26.0,33.0,23.0,32.0,27.0,37.0,28.0,29.583333333333332,26.541666666666668
2026-05-23 17:00:00,23.0,29.3,95,999.6,11.9,174,0.0,17,5,5,22.0,28.0,23.0,30.0,23.0,40.0,27.833333333333332,28.75,26.333333333333332
2026-05-23 18:00:00,27.0,29.4,97,998.5,13.4,173,0.0,18,5,5,23.0,26.0,35.0,35.0,23.0,37.0,27.833333333333332,28.166666666666668,26.333333333333332
2026-05-23 20:00:00,17.0,29.2,95,998.2,14.2,198,0.0,20,5,5,27.0,22.0,33.0,29.0,20.0,35.0,26.5,27.5,26.5
2026-05-23 21:00:00,20.0,29.1,94,997.8,11.7,193,0.0,21,5,5,17.0,23.0,28.0,33.0,19.0,31.0,23.833333333333332,26.5,26.375
2026-05-23 22:00:00,18.0,29.0,94,998.3,10.4,190,0.0,22,5,5,20.0,27.0,26.0,28.0,16.0,30.0,22.5,25.416666666666668,26.416666666666668
2026-05-23 23:00:00,22.0,28.9,94,998.7,11.1,189,0.0,23,5,5,18.0,17.0,22.0,23.0,19.0,24.0,21.166666666666668,24.583333333333332,26.5
2026-05-24 00:00:00,18.0,29.6,94,998.8,13.1,192,0.0,0,6,5,22.0,20.0,23.0,23.0,17.0,23.0,21.166666666666668,24.5,26.625
2026-05-24 01:00:00,26.0,30.3,89,999.4,14.2,195,0.0,1,6,5,18.0,18.0,27.0,35.0,22.0,24.0,20.333333333333332,24.083333333333332,26.666666666666668
2026-05-24 02:00:00,28.0,31.6,81,999.9,16.6,200,0.0,2,6,5,26.0,22.0,17.0,33.0,28.0,20.0,20.166666666666668,23.333333333333332,26.833333333333332
2026-05-24 03:00:00,36.0,33.2,73,1000.3,16.2,197,0.0,3,6,5,28.0,18.0,20.0,28.0,35.0,13.0,22.0,22.916666666666668,26.833333333333332
2026-05-24 04:00:00,37.0,34.6,67,1000.6,13.3,196,0.0,4,6,5,36.0,26.0,18.0,26.0,33.0,25.0,24.666666666666668,23.583333333333332,26.875
2026-05-24 05:00:00,32.0,36.0,62,1000.5,12.6,193,0.0,5,6,5,37.0,28.0,22.0,22.0,32.0,28.0,27.833333333333332,24.5,27.041666666666668
2026-05-24 06:00:00,26.0,37.2,56,999.6,12.8,195,0.0,6,6,5,32.0,36.0,18.0,23.0,30.0,31.0,29.5,25.333333333333332,27.041666666666668
2026-05-24 07:00:00,37.0,37.5,56,998.9,14.6,181,0.0,7,6,5,26.0,37.0,26.0,27.0,35.0,27.0,30.833333333333332,25.583333333333332,26.875
2026-05-24 08:00:00,26.0,37.0,59,997.8,17.0,175,0.0,8,6,5,37.0,32.0,28.0,17.0,29.0,30.0,32.666666666666664,26.416666666666668,26.958333333333332
2026-05-24 09:00:00,34.0,36.1,62,997.4,17.1,176,0.0,9,6,5,26.0,26.0,36.0,20.0,33.0,34.0,32.333333333333336,27.166666666666668,26.833333333333332
2026-05-24 10:00:00,39.0,35.1,65,997.0,18.6,178,0.0,10,6,5,34.0,37.0,37.0,18.0,28.0,40.0,32.0,28.333333333333332,26.875
2026-05-24 11:00:00,31.0,33.8,70,997.2,18.2,178,0.0,11,6,5,39.0,26.0,32.0,22.0,23.0,35.0,32.333333333333336,30.083333333333332,27.333333333333332
2026-05-24 12:00:00,29.0,32.8,76,997.5,16.5,172,0.0,12,6,5,31.0,34.0,26.0,18.0,23.0,33.0,32.166666666666664,30.833333333333332,27.666666666666668
2026-05-24 13:00:00,23.0,31.3,82,998.7,17.1,171,0.0,13,6,5,29.0,39.0,37.0,26.0,35.0,33.0,32.666666666666664,31.75,27.916666666666668
2026-05-24 14:00:00,23.0,30.6,85,999.1,18.6,171,0.0,14,6,5,23.0,31.0,26.0,28.0,33.0,36.0,30.333333333333332,31.5,27.416666666666668
2026-05-24 15:00:00,23.0,30.5,87,999.6,20.7,177,0.0,15,6,5,23.0,29.0,34.0,36.0,28.0,35.0,29.833333333333332,31.083333333333332,27.0
2026-05-24 16:00:00,25.0,30.3,88,1000.5,15.4,194,0.0,16,6,5,23.0,23.0,39.0,37.0,26.0,31.0,28.0,30.0,26.791666666666668
2026-05-24 17:00:00,37.0,30.2,89,1000.7,16.4,183,0.0,17,6,5,25.0,23.0,31.0,32.0,22.0,27.0,25.666666666666668,29.0,26.75
2026-05-24 18:00:00,25.0,30.0,89,1000.1,15.2,185,0.0,18,6,5,37.0,23.0,29.0,26.0,23.0,23.0,26.666666666666668,29.416666666666668,27.375
2026-05-24 19:00:00,23.0,29.6,91,999.6,15.5,189,0.0,19,6,5,25.0,25.0,23.0,37.0,27.0,23.0,26.0,29.333333333333332,27.458333333333332
2026-05-24 20:00:00,22.0,29.4,92,999.0,15.7,193,0.0,20,6,5,23.0,37.0,23.0,26.0,17.0,20.0,26.0,28.166666666666668,27.291666666666668
2026-05-24 21:00:00,13.0,29.2,92,998.9,13.2,194,0.0,21,6,5,22.0,25.0,23.0,34.0,20.0,19.0,25.833333333333332,27.833333333333332,27.5
2026-05-24 22:00:00,21.0,29.2,92,999.0,12.4,193,0.0,22,6,5,13.0,23.0,25.0,39.0,18.0,16.0,24.166666666666668,26.083333333333332,27.208333333333332
2026-05-24 23:00:00,20.0,29.1,91,999.6,11.6,193,0.0,23,6,5,21.0,22.0,37.0,31.0,22.0,19.0,23.5,24.583333333333332,27.333333333333332
2026-05-25 00:00:00,20.0,29.0,92,999.5,11.0,194,0.0,0,0,5,20.0,13.0,25.0,29.0,18.0,17.0,20.666666666666668,23.666666666666668,27.25
2026-05-25 01:00:00,45.0,30.0,86,1000.0,14.1,194,0.0,1,0,5,20.0,21.0,23.0,23.0,26.0,22.0,19.833333333333332,22.916666666666668,27.333333333333332
2026-05-25 02:00:00,39.0,31.3,79,1000.5,15.9,190,0.0,2,0,5,45.0,20.0,22.0,23.0,28.0,28.0,23.5,24.75,28.125
2026-05-25 03:00:00,41.0,32.8,70,1001.2,16.4,189,0.0,3,0,5,39.0,20.0,13.0,23.0,36.0,35.0,26.333333333333332,26.083333333333332,28.583333333333332
2026-05-25 04:00:00,42.0,34.1,65,1001.3,16.2,190,0.0,4,0,5,41.0,45.0,21.0,25.0,37.0,33.0,31.0,27.583333333333332,28.791666666666668
2026-05-25 05:00:00,26.0,35.2,60,1001.0,17.9,193,0.0,5,0,5,42.0,39.0,20.0,37.0,32.0,32.0,34.5,29.0,29.0
2026-05-25 06:00:00,35.0,36.5,53,1000.3,18.7,203,0.0,6,0,5,26.0,41.0,20.0,25.0,26.0,30.0,35.5,28.083333333333332,28.75
2026-05-25 07:00:00,39.0,37.0,50,999.2,19.1,202,0.0,7,0,5,35.0,42.0,45.0,23.0,37.0,35.0,38.0,28.916666666666668,29.125
2026-05-25 08:00:00,38.0,37.3,49,998.1,18.8,200,0.0,8,0,5,39.0,26.0,39.0,22.0,26.0,29.0,37.0,30.25,29.208333333333332
2026-05-25 09:00:00,46.0,37.2,49,997.4,18.4,196,0.0,9,0,5,38.0,35.0,41.0,13.0,34.0,33.0,36.833333333333336,31.583333333333332,29.708333333333332
2026-05-25 10:00:00,34.0,36.2,53,996.8,18.5,193,0.0,10,0,5,46.0,39.0,42.0,21.0,39.0,28.0,37.666666666666664,34.333333333333336,30.208333333333332
2026-05-25 11:00:00,24.0,34.7,61,996.9,16.9,192,0.0,11,0,5,34.0,38.0,26.0,20.0,31.0,23.0,36.333333333333336,35.416666666666664,30.0
2026-05-25 12:00:00,29.0,34.0,65,997.5,13.3,201,0.0,12,0,5,24.0,46.0,35.0,20.0,29.0,23.0,36.0,35.75,29.708333333333332
2026-05-25 13:00:00,36.0,32.4,73,998.2,13.1,179,0.0,13,0,5,29.0,34.0,39.0,45.0,23.0,35.0,35.0,36.5,29.708333333333332
2026-05-25 14:00:00,30.0,31.1,80,998.6,16.9,181,0.0,14,0,5,36.0,24.0,38.0,39.0,23.0,33.0,34.5,35.75,30.25
2026-05-25 15:00:00,28.0,30.2,86,998.8,20.0,188,0.0,15,0,5,30.0,29.0,46.0,41.0,23.0,28.0,33.166666666666664,35.0,30.541666666666668
2026-05-25 16:00:00,22.0,29.9,89,999.5,18.3,190,0.0,16,0,5,28.0,36.0,34.0,42.0,25.0,26.0,30.166666666666668,33.916666666666664,30.75
2026-05-25 17:00:00,17.0,29.6,91,1000.1,16.3,193,0.0,17,0,5,22.0,30.0,24.0,26.0,37.0,22.0,28.166666666666668,32.25,30.625
2026-05-25 18:00:00,22.0,29.7,93,999.2,16.3,196,0.0,18,0,5,17.0,28.0,29.0,35.0,25.0,23.0,27.0,31.5,29.791666666666668
2026-05-25 19:00:00,20.0,29.6,92,998.9,16.9,197,0.0,19,0,5,22.0,22.0,36.0,39.0,23.0,27.0,25.833333333333332,30.416666666666668,29.666666666666668
2026-05-25 20:00:00,19.0,29.6,91,998.4,16.9,197,0.0,20,0,5,20.0,17.0,30.0,38.0,22.0,17.0,23.166666666666668,28.833333333333332,29.541666666666668
2026-05-25 21:00:00,34.0,29.5,90,998.4,16.3,196,0.0,21,0,5,19.0,22.0,28.0,46.0,13.0,20.0,21.333333333333332,27.25,29.416666666666668
2026-05-25 22:00:00,21.0,29.4,89,998.6,16.5,194,0.0,22,0,5,34.0,20.0,22.0,34.0,21.0,18.0,22.333333333333332,26.25,30.291666666666668
2026-05-25 23:00:00,18.0,29.2,88,999.0,16.0,197,0.0,23,0,5,21.0,19.0,17.0,24.0,20.0,22.0,22.166666666666668,25.166666666666668,30.291666666666668
2026-05-26 00:00:00,25.0,29.9,88,999.4,11.3,187,0.0,0,1,5,18.0,34.0,22.0,29.0,20.0,18.0,22.333333333333332,24.666666666666668,30.208333333333332
2026-05-26 01:00:00,21.0,30.4,85,1000.2,14.8,196,0.0,1,1,5,25.0,21.0,20.0,36.0,45.0,26.0,22.833333333333332,24.333333333333332,30.416666666666668
2026-05-26 02:00:00,28.0,31.1,80,1000.4,16.3,202,0.0,2,1,5,21.0,18.0,19.0,30.0,39.0,28.0,23.0,23.083333333333332,29.416666666666668
2026-05-26 03:00:00,34.0,32.8,72,1000.6,16.7,201,0.0,3,1,5,28.0,25.0,34.0,28.0,41.0,36.0,24.5,22.916666666666668,28.958333333333332
2026-05-26 04:00:00,39.0,34.5,65,1000.8,12.0,219,0.0,4,1,5,34.0,21.0,21.0,22.0,42.0,37.0,24.5,23.416666666666668,28.666666666666668
2026-05-26 05:00:00,44.0,35.5,60,1000.9,9.6,279,0.0,5,1,5,39.0,28.0,18.0,17.0,26.0,32.0,27.5,24.833333333333332,28.541666666666668
2026-05-26 06:00:00,41.0,36.5,57,999.8,7.2,152,0.0,6,1,5,44.0,34.0,25.0,22.0,35.0,26.0,31.833333333333332,27.083333333333332,29.291666666666668
2026-05-26 07:00:00,40.0,37.6,55,998.6,10.3,161,0.0,7,1,5,41.0,39.0,21.0,20.0,39.0,37.0,34.5,28.666666666666668,29.541666666666668
2026-05-26 08:00:00,35.0,38.2,52,997.4,12.3,175,0.0,8,1,5,40.0,44.0,28.0,19.0,38.0,26.0,37.666666666666664,30.333333333333332,29.583333333333332
2026-05-26 09:00:00,27.0,36.7,61,996.7,16.4,180,0.0,9,1,5,35.0,41.0,34.0,34.0,46.0,34.0,38.833333333333336,31.666666666666668,29.458333333333332
2026-05-26 10:00:00,33.0,35.7,63,996.4,16.8,184,0.0,10,1,5,27.0,40.0,39.0,21.0,34.0,39.0,37.666666666666664,31.083333333333332,28.666666666666668
2026-05-26 11:00:00,29.0,35.1,65,996.2,15.9,184,0.0,11,1,5,33.0,35.0,44.0,18.0,24.0,31.0,36.666666666666664,32.083333333333336,28.625
2026-05-26 12:00:00,32.0,34.6,66,996.9,13.6,172,0.0,12,1,5,29.0,27.0,41.0,25.0,29.0,29.0,34.166666666666664,33.0,28.833333333333332
2026-05-26 13:00:00,32.0,32.8,73,997.8,15.7,180,0.0,13,1,5,32.0,33.0,40.0,21.0,36.0,23.0,32.666666666666664,33.583333333333336,28.958333333333332
2026-05-29 10:00:00,15.0,32.7,72,997.8,13.5,128,0.4,10,4,5,32.0,29.0,35.0,28.0,30.0,23.0,31.333333333333332,34.5,28.791666666666668
2026-05-29 11:00:00,15.0,32.3,74,997.8,18.0,119,0.4,11,4,5,15.0,32.0,27.0,34.0,28.0,23.0,28.0,33.416666666666664,28.166666666666668
2026-05-29 12:00:00,38.0,28.7,90,998.4,11.1,102,1.1,12,4,5,15.0,32.0,33.0,39.0,22.0,25.0,26.0,31.833333333333332,27.625
2026-05-29 13:00:00,24.0,28.6,93,999.3,9.9,132,0.0,13,4,5,38.0,15.0,29.0,44.0,17.0,37.0,26.833333333333332,31.75,28.291666666666668
2026-05-29 14:00:00,16.0,28.2,91,999.9,11.0,155,0.0,14,4,5,24.0,15.0,32.0,41.0,22.0,25.0,26.0,30.083333333333332,28.583333333333332
2026-05-29 15:00:00,52.0,27.8,93,1001.1,7.0,77,0.0,15,4,5,16.0,38.0,32.0,40.0,20.0,23.0,23.333333333333332,28.0,28.333333333333332
2026-05-29 16:00:00,26.0,27.3,95,1001.3,8.0,81,0.0,16,4,5,52.0,24.0,15.0,35.0,19.0,22.0,26.666666666666668,29.0,29.666666666666668
2026-05-29 17:00:00,11.0,26.8,97,1001.5,5.9,92,0.0,17,4,5,26.0,16.0,15.0,27.0,34.0,13.0,28.5,28.25,29.958333333333332
2026-05-29 18:00:00,10.0,25.6,94,1000.8,8.3,153,0.0,18,4,5,11.0,52.0,38.0,33.0,21.0,21.0,27.833333333333332,26.916666666666668,29.0
2026-05-29 19:00:00,14.0,26.1,93,1000.0,6.6,119,0.0,19,4,5,10.0,26.0,24.0,29.0,18.0,20.0,23.166666666666668,25.0,28.541666666666668
2026-05-29 20:00:00,14.0,26.4,93,999.6,8.3,114,0.0,20,4,5,14.0,11.0,16.0,32.0,25.0,20.0,21.5,23.75,28.375
2026-05-29 21:00:00,8.0,27.0,92,999.5,8.3,92,0.0,21,4,5,14.0,10.0,52.0,32.0,21.0,45.0,21.166666666666668,22.25,27.916666666666668
2026-05-29 22:00:00,8.0,27.0,92,999.8,7.2,78,0.1,22,4,5,8.0,14.0,26.0,15.0,28.0,39.0,13.833333333333334,20.25,27.375
2026-05-29 23:00:00,13.0,27.0,93,1000.0,7.2,51,0.0,23,4,5,8.0,14.0,11.0,15.0,34.0,41.0,10.833333333333334,19.666666666666668,26.541666666666668
2026-05-30 00:00:00,27.0,26.4,94,1000.1,6.0,44,0.0,0,5,5,13.0,8.0,10.0,38.0,39.0,42.0,11.166666666666666,19.5,25.666666666666668
2026-05-30 01:00:00,22.0,27.2,90,1001.2,5.8,70,0.0,1,5,5,27.0,8.0,14.0,24.0,44.0,26.0,14.0,18.583333333333332,25.166666666666668
2026-05-30 02:00:00,19.0,28.8,83,1001.6,8.2,99,0.0,2,5,5,22.0,13.0,14.0,16.0,41.0,35.0,15.333333333333334,18.416666666666668,24.25
2026-05-30 03:00:00,11.0,30.2,77,1001.7,9.6,123,0.0,3,5,5,19.0,27.0,8.0,52.0,40.0,39.0,16.166666666666668,18.666666666666668,23.333333333333332
2026-05-30 04:00:00,17.0,31.9,69,1001.8,11.1,141,0.0,4,5,5,11.0,22.0,8.0,26.0,35.0,38.0,16.666666666666668,15.25,22.125
2026-05-30 05:00:00,15.0,33.3,65,1001.6,12.0,158,0.0,5,5,5,17.0,19.0,13.0,11.0,27.0,46.0,18.166666666666668,14.5,21.375
2026-05-30 06:00:00,15.0,33.8,62,1001.1,9.7,164,0.0,6,5,5,15.0,11.0,27.0,10.0,33.0,34.0,18.5,14.833333333333334,20.875
2026-05-30 07:00:00,15.0,34.6,57,1000.1,9.9,161,0.0,7,5,5,15.0,17.0,22.0,14.0,29.0,24.0,16.5,15.25,20.125
2026-05-30 08:00:00,24.0,35.0,54,999.2,7.5,147,0.0,8,5,5,15.0,15.0,19.0,14.0,32.0,29.0,15.333333333333334,15.333333333333334,19.541666666666668
2026-05-30 09:00:00,12.0,34.6,55,998.7,7.9,131,0.0,9,5,5,24.0,15.0,11.0,8.0,32.0,36.0,16.166666666666668,16.166666666666668,19.208333333333332
2026-05-30 10:00:00,29.0,33.1,61,998.6,17.0,130,0.1,10,5,5,12.0,15.0,17.0,8.0,15.0,30.0,16.333333333333332,16.5,18.375
2026-05-30 11:00:00,12.0,28.7,84,999.3,2.6,326,4.5,11,5,5,29.0,24.0,15.0,13.0,15.0,28.0,18.333333333333332,18.25,18.958333333333332
2026-05-30 12:00:00,7.0,28.7,76,999.0,13.0,88,0.5,12,5,5,12.0,12.0,15.0,27.0,38.0,22.0,17.833333333333332,18.166666666666668,18.833333333333332
2026-05-30 13:00:00,15.0,28.0,82,1000.0,6.8,115,0.0,13,5,5,7.0,29.0,15.0,22.0,24.0,17.0,16.5,16.5,17.541666666666668
2026-05-30 14:00:00,16.0,28.0,85,999.9,6.3,110,0.0,14,5,5,15.0,12.0,24.0,19.0,16.0,22.0,16.5,15.916666666666666,17.166666666666668
2026-05-30 15:00:00,25.0,28.2,85,1000.7,5.9,102,0.0,15,5,5,16.0,7.0,12.0,11.0,52.0,20.0,15.166666666666666,15.666666666666666,17.166666666666668
2026-05-30 16:00:00,26.0,28.1,88,1000.9,7.0,91,0.0,16,5,5,25.0,15.0,29.0,17.0,26.0,19.0,17.333333333333332,16.833333333333332,16.041666666666668
2026-05-30 17:00:00,21.0,27.8,90,1001.3,5.9,137,0.0,17,5,5,26.0,16.0,12.0,15.0,11.0,34.0,16.833333333333332,17.583333333333332,16.041666666666668
2026-05-30 18:00:00,16.0,27.7,91,1001.5,3.2,236,0.0,18,5,5,21.0,25.0,7.0,15.0,10.0,21.0,18.333333333333332,18.083333333333332,16.458333333333332
2026-05-30 19:00:00,14.0,27.2,93,1001.4,2.4,228,0.0,19,5,5,16.0,26.0,15.0,15.0,14.0,18.0,19.833333333333332,18.166666666666668,16.708333333333332
2026-05-30 20:00:00,9.0,26.9,95,1000.9,1.3,164,0.0,20,5,5,14.0,21.0,16.0,24.0,14.0,25.0,19.666666666666668,18.083333333333332,16.708333333333332
2026-05-30 21:00:00,18.0,26.8,94,1000.7,0.0,270,0.0,21,5,5,9.0,16.0,25.0,12.0,8.0,21.0,18.5,16.833333333333332,16.5
2026-05-30 22:00:00,17.0,26.7,94,1001.2,4.8,257,0.0,22,5,5,18.0,14.0,26.0,29.0,8.0,28.0,17.333333333333332,17.333333333333332,16.916666666666668
2026-05-30 23:00:00,16.0,26.4,95,1000.8,3.9,118,0.0,23,5,5,17.0,9.0,21.0,12.0,13.0,34.0,15.833333333333334,16.333333333333332,17.291666666666668
2026-05-31 00:00:00,22.0,27.0,94,1000.3,4.6,129,0.0,0,6,5,16.0,18.0,16.0,7.0,27.0,39.0,15.0,16.666666666666668,17.416666666666668
2026-05-31 01:00:00,36.0,27.7,90,1000.9,5.7,145,0.0,1,6,5,22.0,17.0,14.0,15.0,22.0,44.0,16.0,17.916666666666668,17.208333333333332
2026-05-31 02:00:00,26.0,29.0,84,1001.3,6.6,151,0.0,2,6,5,36.0,16.0,9.0,16.0,19.0,41.0,19.666666666666668,19.666666666666668,17.791666666666668
2026-05-31 03:00:00,33.0,30.3,77,1001.8,7.0,192,0.0,3,6,5,26.0,22.0,18.0,25.0,11.0,40.0,22.5,20.5,18.083333333333332
2026-05-31 04:00:00,24.0,31.8,69,1002.4,8.2,212,0.0,4,6,5,33.0,36.0,17.0,26.0,17.0,35.0,25.0,21.166666666666668,19.0
2026-05-31 05:00:00,21.0,32.7,65,1002.1,4.9,246,0.1,5,6,5,24.0,26.0,16.0,21.0,15.0,27.0,26.166666666666668,21.0,19.291666666666668
2026-05-31 06:00:00,22.0,34.1,59,1001.7,2.8,235,0.0,6,6,5,21.0,33.0,22.0,16.0,15.0,33.0,27.0,21.0,19.541666666666668
2026-05-31 07:00:00,23.0,34.8,58,1001.1,3.5,189,0.0,7,6,5,22.0,24.0,36.0,14.0,15.0,29.0,27.0,21.5,19.833333333333332
2026-05-31 08:00:00,28.0,34.8,57,1000.2,2.2,171,0.0,8,6,5,23.0,21.0,26.0,9.0,24.0,32.0,24.833333333333332,22.25,20.166666666666668
2026-05-31 09:00:00,33.0,34.6,58,999.5,5.7,127,0.0,9,6,5,28.0,22.0,33.0,18.0,12.0,32.0,25.166666666666668,23.833333333333332,20.333333333333332
2026-05-31 10:00:00,26.0,31.0,75,999.5,9.2,181,1.2,10,6,5,33.0,23.0,24.0,17.0,29.0,15.0,25.166666666666668,25.083333333333332,21.208333333333332
2026-05-31 11:00:00,29.0,30.9,78,999.1,8.3,166,0.7,11,6,5,26.0,28.0,21.0,16.0,12.0,15.0,25.5,25.833333333333332,21.083333333333332
2026-05-31 12:00:00,29.0,31.5,69,999.2,13.8,173,0.3,12,6,5,29.0,33.0,22.0,22.0,7.0,38.0,26.833333333333332,26.916666666666668,21.791666666666668
2026-05-31 13:00:00,27.0,30.3,75,1000.0,7.8,143,0.0,13,6,5,29.0,26.0,23.0,36.0,15.0,24.0,28.0,27.5,22.708333333333332
2026-05-31 14:00:00,33.0,29.6,77,1000.7,10.5,164,0.1,14,6,5,27.0,29.0,28.0,26.0,16.0,16.0,28.666666666666668,26.75,23.208333333333332
2026-05-31 15:00:00,31.0,29.1,80,1001.6,9.4,182,0.0,15,6,5,33.0,29.0,33.0,33.0,25.0,52.0,29.5,27.333333333333332,23.916666666666668
2026-05-31 16:00:00,29.0,28.7,84,1002.1,9.4,183,0.0,16,6,5,31.0,27.0,26.0,24.0,26.0,26.0,29.166666666666668,27.166666666666668,24.166666666666668
2026-05-31 17:00:00,37.0,28.4,87,1002.2,8.9,188,0.0,17,6,5,29.0,33.0,29.0,21.0,21.0,11.0,29.666666666666668,27.583333333333332,24.291666666666668
2026-05-31 18:00:00,28.0,28.3,89,1002.0,8.0,211,0.0,18,6,5,37.0,31.0,29.0,22.0,16.0,10.0,31.0,28.916666666666668,24.958333333333332
2026-05-31 19:00:00,20.0,27.9,90,1001.7,7.4,225,0.0,19,6,5,28.0,29.0,27.0,23.0,14.0,14.0,30.833333333333332,29.416666666666668,25.458333333333332
2026-05-31 20:00:00,13.0,27.6,92,1001.2,6.7,216,0.0,20,6,5,20.0,37.0,33.0,28.0,9.0,14.0,29.666666666666668,29.166666666666668,25.708333333333332
2026-05-31 21:00:00,17.0,27.3,94,1000.9,5.1,212,0.0,21,6,5,13.0,28.0,31.0,33.0,18.0,8.0,26.333333333333332,27.916666666666668,25.875
2026-05-31 22:00:00,17.0,26.9,96,1001.0,3.3,225,0.0,22,6,5,17.0,20.0,29.0,26.0,17.0,8.0,24.0,26.583333333333332,25.833333333333332
2026-05-31 23:00:00,15.0,26.6,97,1001.3,1.1,261,0.0,23,6,5,17.0,13.0,37.0,29.0,16.0,13.0,22.0,25.833333333333332,25.833333333333332
2026-06-01 00:00:00,27.0,27.0,99,1001.6,6.3,198,0.0,0,0,6,15.0,17.0,28.0,29.0,22.0,27.0,18.333333333333332,24.666666666666668,25.791666666666668
2026-06-01 01:00:00,36.0,28.4,94,1002.3,7.4,209,0.0,1,0,6,27.0,17.0,20.0,27.0,36.0,22.0,18.166666666666668,24.5,26.0
2026-06-01 02:00:00,25.0,30.1,83,1002.6,7.5,213,0.0,2,0,6,36.0,15.0,13.0,33.0,26.0,19.0,20.833333333333332,25.25,26.0
2026-06-01 03:00:00,35.0,31.4,76,1002.9,5.8,214,0.0,3,0,6,25.0,27.0,17.0,31.0,33.0,11.0,22.833333333333332,24.583333333333332,25.958333333333332
2026-06-01 04:00:00,28.0,33.0,68,1003.1,4.8,205,0.0,4,0,6,35.0,36.0,17.0,29.0,24.0,17.0,25.833333333333332,24.916666666666668,26.041666666666668
2026-06-01 05:00:00,30.0,34.3,59,1002.9,4.0,207,0.0,5,0,6,28.0,25.0,15.0,37.0,21.0,15.0,27.666666666666668,24.833333333333332,26.208333333333332
2026-06-01 06:00:00,24.0,35.4,51,1002.2,3.4,196,0.0,6,0,6,30.0,35.0,27.0,28.0,22.0,15.0,30.166666666666668,24.25,26.583333333333332
2026-06-01 07:00:00,25.0,36.3,46,1001.6,2.4,171,0.0,7,0,6,24.0,28.0,36.0,20.0,23.0,15.0,29.666666666666668,23.916666666666668,26.666666666666668
2026-06-01 08:00:00,29.0,36.7,43,1000.3,2.5,111,0.0,8,0,6,25.0,30.0,25.0,13.0,28.0,24.0,27.833333333333332,24.333333333333332,26.75
2026-06-01 09:00:00,25.0,36.6,42,999.7,4.1,88,0.0,9,0,6,29.0,24.0,35.0,17.0,33.0,12.0,28.5,25.666666666666668,26.791666666666668
2026-06-01 10:00:00,20.0,36.5,42,999.0,3.6,93,0.0,10,0,6,25.0,25.0,28.0,17.0,26.0,29.0,26.833333333333332,26.333333333333332,26.458333333333332
2026-06-01 11:00:00,25.0,35.4,47,998.6,10.2,141,0.0,11,0,6,20.0,29.0,30.0,15.0,29.0,12.0,25.5,26.583333333333332,26.208333333333332
2026-06-01 12:00:00,35.0,32.9,67,999.8,14.0,187,0.0,12,0,6,25.0,25.0,24.0,27.0,29.0,7.0,24.666666666666668,27.416666666666668,26.041666666666668
2026-06-01 13:00:00,36.0,31.8,72,1000.6,9.3,170,0.0,13,0,6,35.0,20.0,25.0,36.0,27.0,15.0,26.5,28.083333333333332,26.291666666666668
2026-06-01 14:00:00,30.0,30.7,79,1001.1,10.5,163,0.0,14,0,6,36.0,25.0,29.0,25.0,33.0,16.0,28.333333333333332,28.083333333333332,26.666666666666668
2026-06-01 15:00:00,30.0,30.0,83,1001.7,9.9,168,0.0,15,0,6,30.0,35.0,25.0,35.0,31.0,25.0,28.5,28.5,26.541666666666668
2026-06-01 16:00:00,24.0,29.5,88,1002.2,8.5,178,0.0,16,0,6,30.0,36.0,20.0,28.0,29.0,26.0,29.333333333333332,28.083333333333332,26.5
2026-06-01 17:00:00,27.0,29.1,92,1002.4,9.2,187,0.0,17,0,6,24.0,30.0,25.0,30.0,37.0,21.0,30.0,27.75,26.291666666666668
2026-06-01 18:00:00,25.0,28.8,95,1001.9,10.3,192,0.0,18,0,6,27.0,30.0,35.0,24.0,28.0,16.0,30.333333333333332,27.5,25.875
2026-06-01 19:00:00,27.0,28.5,97,1001.5,9.5,202,0.0,19,0,6,25.0,24.0,36.0,25.0,20.0,14.0,28.666666666666668,27.583333333333332,25.75
2026-06-01 20:00:00,30.0,28.2,98,1001.1,8.5,204,0.0,20,0,6,27.0,27.0,30.0,29.0,13.0,9.0,27.166666666666668,27.75,26.041666666666668
2026-06-01 21:00:00,32.0,28.0,98,1001.1,7.7,198,0.0,21,0,6,30.0,25.0,30.0,25.0,17.0,18.0,27.166666666666668,27.833333333333332,26.75
2026-06-01 22:00:00,28.0,28.0,98,1001.1,8.4,187,0.0,22,0,6,32.0,27.0,24.0,20.0,17.0,17.0,27.5,28.416666666666668,27.375
2026-06-01 23:00:00,17.0,28.2,95,1001.2,8.8,189,0.0,23,0,6,28.0,30.0,27.0,25.0,15.0,16.0,28.166666666666668,29.083333333333332,27.833333333333332
2026-06-02 00:00:00,23.0,28.6,95,1001.3,8.7,193,0.0,0,1,6,17.0,32.0,25.0,35.0,27.0,22.0,26.5,28.416666666666668,27.916666666666668
2026-06-02 01:00:00,27.0,29.1,92,1002.0,8.7,201,0.0,1,1,6,23.0,28.0,27.0,36.0,36.0,36.0,26.166666666666668,27.416666666666668,27.75
2026-06-02 11:00:00,21.0,31.6,78,998.1,7.6,195,1.8,11,1,6,27.0,17.0,30.0,30.0,25.0,26.0,26.166666666666668,26.666666666666668,27.375
2026-06-02 12:00:00,15.0,32.6,64,998.6,10.9,173,0.5,12,1,6,21.0,23.0,32.0,30.0,35.0,33.0,24.666666666666668,25.916666666666668,27.208333333333332
2026-06-02 13:00:00,10.0,31.1,73,999.1,11.3,179,0.0,13,1,6,15.0,27.0,28.0,24.0,28.0,24.0,21.833333333333332,24.666666666666668,26.375
2026-06-02 14:00:00,16.0,30.1,82,999.5,11.4,193,0.0,14,1,6,10.0,21.0,17.0,27.0,30.0,21.0,18.833333333333332,23.5,25.625
2026-06-02 15:00:00,20.0,29.4,86,1000.1,11.5,194,0.0,15,1,6,16.0,15.0,23.0,25.0,24.0,22.0,18.666666666666668,22.583333333333332,25.041666666666668
2026-06-02 16:00:00,11.0,29.1,89,1000.8,11.7,197,0.0,16,1,6,20.0,10.0,27.0,27.0,25.0,23.0,18.166666666666668,22.166666666666668,24.875
2026-06-02 17:00:00,9.0,28.9,91,1001.1,11.6,202,0.0,17,1,6,11.0,16.0,21.0,30.0,29.0,28.0,15.5,20.833333333333332,24.291666666666668
2026-06-02 18:00:00,7.0,28.5,90,1000.5,10.4,208,0.0,18,1,6,9.0,20.0,15.0,32.0,25.0,33.0,13.5,19.083333333333332,23.458333333333332
2026-06-02 19:00:00,9.0,28.3,91,999.9,10.8,206,0.0,19,1,6,7.0,11.0,10.0,28.0,20.0,26.0,12.166666666666666,17.0,22.708333333333332
2026-06-02 20:00:00,9.0,28.1,91,999.3,10.3,211,0.0,20,1,6,9.0,9.0,16.0,17.0,25.0,29.0,12.0,15.416666666666666,22.25
2026-06-02 21:00:00,9.0,28.0,91,999.0,9.2,219,0.0,21,1,6,9.0,7.0,20.0,23.0,35.0,29.0,10.833333333333334,14.75,21.583333333333332
2026-06-02 22:00:00,18.0,27.9,92,999.0,7.1,214,0.0,22,1,6,9.0,9.0,11.0,27.0,36.0,27.0,9.0,13.583333333333334,20.5
2026-06-02 23:00:00,17.0,27.7,93,998.9,7.1,201,0.0,23,1,6,18.0,9.0,9.0,21.0,30.0,33.0,10.166666666666666,12.833333333333334,19.75
2026-06-03 00:00:00,20.0,28.0,95,998.8,8.7,197,0.0,0,2,6,17.0,9.0,7.0,15.0,30.0,31.0,11.5,12.5,19.208333333333332
2026-06-03 01:00:00,22.0,29.2,91,999.5,8.0,205,0.0,1,2,6,20.0,18.0,9.0,10.0,24.0,29.0,13.666666666666666,12.916666666666666,18.791666666666668
2026-06-03 02:00:00,26.0,30.7,84,999.7,6.5,219,0.0,2,2,6,22.0,17.0,9.0,16.0,27.0,37.0,15.833333333333334,13.916666666666666,18.708333333333332
2026-06-03 03:00:00,38.0,32.4,74,999.9,6.6,227,0.0,3,2,6,26.0,20.0,9.0,20.0,25.0,28.0,18.666666666666668,14.75,18.666666666666668
2026-06-03 04:00:00,49.0,34.1,64,999.8,6.0,231,0.0,4,2,6,38.0,22.0,18.0,11.0,27.0,20.0,23.5,16.25,19.208333333333332
2026-06-03 05:00:00,36.0,35.6,57,999.2,5.1,238,0.0,5,2,6,49.0,26.0,17.0,9.0,30.0,13.0,28.666666666666668,19.416666666666668,20.125
2026-06-03 06:00:00,34.0,36.8,49,998.5,4.7,247,0.0,6,2,6,36.0,38.0,20.0,7.0,32.0,17.0,31.833333333333332,21.666666666666668,20.375
2026-06-03 07:00:00,35.0,37.3,46,997.8,4.7,220,0.0,7,2,6,34.0,49.0,22.0,9.0,28.0,17.0,34.166666666666664,23.916666666666668,20.458333333333332
2026-06-03 08:00:00,34.0,37.3,45,996.3,3.4,227,0.1,8,2,6,35.0,36.0,26.0,9.0,17.0,15.0,36.333333333333336,26.083333333333332,20.75
2026-06-03 09:00:00,40.0,37.2,45,995.9,4.3,225,0.1,9,2,6,34.0,34.0,38.0,9.0,23.0,27.0,37.666666666666664,28.166666666666668,21.458333333333332
2026-06-03 11:00:00,17.0,31.5,78,996.0,0.6,288,0.6,11,2,6,40.0,35.0,49.0,18.0,27.0,36.0,38.0,30.75,22.166666666666668
2026-06-03 12:00:00,22.0,30.3,91,996.3,7.7,164,0.0,12,2,6,17.0,34.0,36.0,17.0,21.0,25.0,32.666666666666664,30.666666666666668,21.75
2026-06-03 13:00:00,37.0,30.7,83,996.9,8.7,193,0.0,13,2,6,22.0,40.0,34.0,20.0,15.0,35.0,30.333333333333332,31.083333333333332,21.791666666666668
2026-06-03 14:00:00,38.0,30.4,84,997.6,5.3,225,0.0,14,2,6,37.0,17.0,35.0,22.0,10.0,28.0,30.833333333333332,32.5,22.708333333333332
2026-06-03 15:00:00,42.0,30.2,86,997.8,2.2,189,0.0,15,2,6,38.0,22.0,34.0,26.0,16.0,30.0,31.333333333333332,33.833333333333336,23.875
2026-06-03 16:00:00,43.0,29.9,85,998.2,4.9,176,0.0,16,2,6,42.0,37.0,40.0,38.0,20.0,24.0,32.666666666666664,35.166666666666664,24.958333333333332
2026-06-03 17:00:00,36.0,29.5,86,998.2,7.3,173,0.0,17,2,6,43.0,38.0,17.0,49.0,11.0,25.0,33.166666666666664,35.583333333333336,25.916666666666668
2026-06-03 18:00:00,33.0,28.8,88,997.5,5.8,176,0.0,18,2,6,36.0,42.0,22.0,36.0,9.0,29.0,36.333333333333336,34.5,26.958333333333332
2026-06-03 19:00:00,26.0,28.5,90,997.2,6.4,202,0.0,19,2,6,33.0,43.0,37.0,34.0,7.0,25.0,38.166666666666664,34.25,27.958333333333332
2026-06-03 20:00:00,33.0,28.4,92,996.6,6.8,207,0.0,20,2,6,26.0,36.0,38.0,35.0,9.0,20.0,36.333333333333336,33.583333333333336,28.75
2026-06-03 21:00:00,27.0,28.3,94,996.5,7.2,202,0.0,21,2,6,33.0,33.0,42.0,34.0,9.0,25.0,35.5,33.416666666666664,29.75
2026-06-03 22:00:00,30.0,28.2,96,996.5,7.3,205,0.0,22,2,6,27.0,26.0,43.0,40.0,9.0,35.0,33.0,32.833333333333336,30.5
2026-06-03 23:00:00,32.0,28.3,97,996.7,8.3,200,0.0,23,2,6,30.0,33.0,36.0,17.0,18.0,36.0,30.833333333333332,32.0,31.375
2026-06-04 00:00:00,31.0,28.6,96,997.1,8.2,209,0.0,0,3,6,32.0,27.0,33.0,22.0,17.0,30.0,30.166666666666668,33.25,31.958333333333332
2026-06-04 01:00:00,28.0,29.7,91,997.5,8.5,215,0.0,1,3,6,31.0,30.0,26.0,37.0,20.0,30.0,29.833333333333332,34.0,32.541666666666664
2026-06-04 02:00:00,28.0,31.1,85,998.1,7.6,214,0.0,2,3,6,28.0,32.0,33.0,38.0,22.0,24.0,30.166666666666668,33.25,32.875
2026-06-04 03:00:00,42.0,32.8,75,998.2,8.7,217,0.0,3,3,6,28.0,31.0,27.0,42.0,26.0,27.0,29.333333333333332,32.416666666666664,33.125
2026-06-04 04:00:00,39.0,34.4,66,998.0,9.0,213,0.0,4,3,6,42.0,28.0,30.0,43.0,38.0,25.0,31.833333333333332,32.416666666666664,33.791666666666664
2026-06-04 05:00:00,46.0,35.7,60,997.7,9.0,209,0.0,5,3,6,39.0,28.0,32.0,36.0,49.0,27.0,33.333333333333336,32.083333333333336,33.833333333333336
2026-06-04 06:00:00,42.0,37.0,53,997.1,7.2,198,0.0,6,3,6,46.0,42.0,31.0,33.0,36.0,30.0,35.666666666666664,32.916666666666664,33.708333333333336
2026-06-04 07:00:00,40.0,37.6,49,996.5,7.1,196,0.0,7,3,6,42.0,39.0,28.0,26.0,34.0,32.0,37.5,33.666666666666664,33.958333333333336
2026-06-04 08:00:00,34.0,36.6,52,995.4,9.4,273,0.3,8,3,6,40.0,46.0,28.0,33.0,35.0,28.0,39.5,34.833333333333336,34.208333333333336
2026-06-04 09:00:00,30.0,34.5,59,995.6,9.2,277,0.7,9,3,6,34.0,42.0,42.0,27.0,34.0,17.0,40.5,34.916666666666664,34.166666666666664
2026-06-04 10:00:00,38.0,34.4,61,994.9,6.8,158,0.0,10,3,6,30.0,40.0,39.0,30.0,40.0,23.0,38.5,35.166666666666664,34.0
2026-06-04 11:00:00,30.0,33.7,64,994.9,6.9,150,0.0,11,3,6,38.0,34.0,46.0,32.0,17.0,27.0,38.333333333333336,35.833333333333336,33.916666666666664
2026-06-04 12:00:00,29.0,34.5,61,994.7,9.5,181,0.0,12,3,6,30.0,30.0,42.0,31.0,22.0,21.0,35.666666666666664,35.666666666666664,34.458333333333336
2026-06-04 13:00:00,26.0,33.2,64,994.9,8.6,190,0.0,13,3,6,29.0,38.0,40.0,28.0,37.0,15.0,33.5,35.5,34.75
2026-06-04 14:00:00,19.0,32.2,72,995.5,8.4,191,0.0,14,3,6,26.0,30.0,34.0,28.0,38.0,10.0,31.166666666666668,35.333333333333336,34.291666666666664
2026-06-04 15:00:00,25.0,31.3,78,996.3,8.5,174,0.0,15,3,6,19.0,29.0,30.0,42.0,42.0,16.0,28.666666666666668,34.583333333333336,33.5
2026-06-04 16:00:00,24.0,30.8,81,997.1,10.5,184,0.0,16,3,6,25.0,26.0,38.0,39.0,43.0,20.0,27.833333333333332,33.166666666666664,32.791666666666664
2026-06-04 17:00:00,25.0,30.3,85,997.4,9.5,189,0.0,17,3,6,24.0,19.0,30.0,46.0,36.0,11.0,25.5,31.916666666666668,32.0
2026-06-04 18:00:00,19.0,29.6,83,996.8,8.3,219,0.0,18,3,6,25.0,25.0,29.0,42.0,33.0,9.0,24.666666666666668,30.166666666666668,31.541666666666668
2026-06-04 20:00:00,22.0,29.5,83,996.1,7.8,212,0.0,20,3,6,19.0,24.0,26.0,40.0,26.0,7.0,23.0,28.25,30.958333333333332
2026-06-04 21:00:00,21.0,29.2,85,995.9,7.1,216,0.0,21,3,6,22.0,25.0,19.0,34.0,33.0,9.0,22.333333333333332,26.75,30.791666666666668
2026-06-04 22:00:00,21.0,29.2,86,996.0,7.1,236,0.0,22,3,6,21.0,19.0,25.0,30.0,27.0,9.0,22.666666666666668,25.666666666666668,30.291666666666668
2026-06-04 23:00:00,20.0,28.9,88,996.2,6.0,231,0.0,23,3,6,21.0,22.0,24.0,38.0,30.0,9.0,22.0,24.916666666666668,30.041666666666668
2026-06-05 00:00:00,25.0,29.3,86,996.0,5.7,224,0.0,0,4,6,20.0,21.0,25.0,30.0,32.0,18.0,21.333333333333332,23.416666666666668,29.625
2026-06-05 01:00:00,34.0,30.3,84,996.7,4.1,232,0.0,1,4,6,25.0,21.0,19.0,29.0,31.0,17.0,21.333333333333332,23.0,29.333333333333332
2026-06-05 02:00:00,43.0,31.8,78,997.0,3.8,259,0.0,2,4,6,34.0,20.0,22.0,26.0,28.0,20.0,23.833333333333332,23.416666666666668,29.458333333333332
2026-06-05 03:00:00,28.0,33.4,68,997.4,3.6,303,0.0,3,4,6,43.0,25.0,21.0,19.0,28.0,22.0,27.333333333333332,24.833333333333332,30.083333333333332
2026-06-05 04:00:00,36.0,34.8,60,997.5,5.2,297,0.0,4,4,6,28.0,34.0,21.0,25.0,42.0,26.0,28.5,25.583333333333332,30.083333333333332
2026-06-05 05:00:00,52.0,36.1,54,997.3,4.8,307,0.0,5,4,6,36.0,43.0,20.0,24.0,39.0,38.0,31.0,26.5,29.833333333333332
2026-06-05 06:00:00,49.0,37.3,46,996.5,2.4,297,0.1,6,4,6,52.0,28.0,25.0,25.0,46.0,49.0,36.333333333333336,28.833333333333332,30.375
2026-06-05 07:00:00,50.0,36.6,48,995.9,8.1,288,0.3,7,4,6,49.0,36.0,34.0,19.0,42.0,36.0,40.333333333333336,30.833333333333332,30.5
2026-06-05 08:00:00,52.0,36.9,46,995.1,3.6,200,0.4,8,4,6,50.0,52.0,43.0,22.0,40.0,34.0,43.0,33.416666666666664,30.833333333333332
2026-06-05 09:00:00,43.0,36.7,47,994.6,4.9,182,0.0,9,4,6,52.0,49.0,28.0,21.0,34.0,35.0,44.5,35.916666666666664,31.333333333333332
2026-06-05 10:00:00,36.0,36.5,47,994.2,4.7,178,0.1,10,4,6,43.0,50.0,36.0,21.0,30.0,34.0,47.0,37.75,31.708333333333332
2026-06-05 11:00:00,27.0,35.8,50,994.0,3.9,137,0.3,11,4,6,36.0,52.0,52.0,20.0,38.0,40.0,47.0,39.0,31.958333333333332
2026-06-05 12:00:00,30.0,34.7,65,993.9,3.1,208,0.0,12,4,6,27.0,43.0,49.0,25.0,30.0,17.0,42.833333333333336,39.583333333333336,31.5
2026-06-05 13:00:00,35.0,33.0,74,994.9,1.9,304,0.0,13,4,6,30.0,36.0,50.0,34.0,29.0,22.0,39.666666666666664,40.0,31.5
2026-06-05 14:00:00,33.0,31.8,81,995.6,1.7,328,0.0,14,4,6,35.0,27.0,52.0,43.0,26.0,37.0,37.166666666666664,40.083333333333336,31.75
2026-06-05 15:00:00,31.0,31.6,80,996.0,4.4,159,0.0,15,4,6,33.0,30.0,43.0,28.0,19.0,38.0,34.0,39.25,32.041666666666664
2026-06-05 16:00:00,27.0,31.3,79,996.7,9.6,184,0.0,16,4,6,31.0,35.0,36.0,36.0,25.0,42.0,32.0,39.5,32.541666666666664
2026-06-05 17:00:00,21.0,30.8,81,997.2,11.2,196,0.0,17,4,6,27.0,33.0,27.0,52.0,24.0,43.0,30.5,38.75,32.625
2026-06-05 18:00:00,21.0,30.5,85,996.6,7.8,202,0.0,18,4,6,21.0,31.0,30.0,49.0,25.0,36.0,29.5,36.166666666666664,32.5
2026-06-05 20:00:00,18.0,29.4,92,995.7,3.5,231,0.0,20,4,6,21.0,27.0,35.0,50.0,19.0,33.0,28.0,33.833333333333336,32.333333333333336
2026-06-05 21:00:00,13.0,29.2,93,995.5,2.4,257,0.0,21,4,6,18.0,21.0,33.0,52.0,22.0,26.0,25.166666666666668,31.166666666666668,32.291666666666664
2026-06-05 22:00:00,11.0,29.0,93,995.5,2.2,284,0.0,22,4,6,13.0,21.0,31.0,43.0,21.0,33.0,21.833333333333332,27.916666666666668,31.916666666666668
2026-06-05 23:00:00,13.0,29.0,90,995.6,2.8,297,0.0,23,4,6,11.0,18.0,27.0,36.0,21.0,27.0,18.5,25.25,31.5
2026-06-06 00:00:00,11.0,29.0,94,996.1,3.7,141,0.0,0,5,6,13.0,13.0,21.0,27.0,20.0,30.0,16.166666666666668,23.333333333333332,31.166666666666668
2026-06-06 01:00:00,13.0,30.4,93,997.3,3.8,177,0.0,1,5,6,11.0,11.0,21.0,30.0,25.0,32.0,14.5,22.0,30.791666666666668
2026-06-06 02:00:00,16.0,31.9,86,997.7,3.6,207,0.0,2,5,6,13.0,13.0,18.0,35.0,34.0,31.0,13.166666666666666,20.583333333333332,30.291666666666668
2026-06-06 03:00:00,24.0,33.7,74,997.8,5.8,214,0.0,3,5,6,16.0,11.0,13.0,33.0,43.0,28.0,12.833333333333334,19.0,29.541666666666668
2026-06-06 04:00:00,29.0,35.3,63,997.7,3.4,245,0.0,4,5,6,24.0,13.0,11.0,31.0,28.0,28.0,14.666666666666666,18.25,28.75
2026-06-06 05:00:00,37.0,36.7,56,997.6,0.7,194,0.0,5,5,6,29.0,16.0,13.0,27.0,36.0,42.0,17.666666666666668,18.083333333333332,28.791666666666668
2026-06-06 06:00:00,37.0,38.0,44,996.6,5.8,254,0.0,6,5,6,37.0,24.0,11.0,21.0,52.0,39.0,21.666666666666668,18.916666666666668,28.833333333333332
2026-06-06 07:00:00,34.0,37.4,45,996.3,4.5,187,0.0,7,5,6,37.0,29.0,13.0,21.0,49.0,46.0,26.0,20.25,28.208333333333332
2026-06-06 08:00:00,32.0,34.9,57,995.6,11.9,90,0.9,8,5,6,34.0,37.0,16.0,18.0,50.0,42.0,29.5,21.333333333333332,27.583333333333332
2026-06-06 09:00:00,31.0,34.2,62,995.8,6.0,37,0.2,9,5,6,32.0,37.0,24.0,13.0,52.0,40.0,32.166666666666664,22.5,26.833333333333332
2026-06-06 10:00:00,17.0,34.7,61,995.2,0.4,333,0.1,10,5,6,31.0,34.0,29.0,11.0,43.0,34.0,33.333333333333336,24.0,25.958333333333332
2026-06-06 11:00:00,20.0,34.8,58,994.8,2.7,143,0.1,11,5,6,17.0,32.0,37.0,13.0,36.0,30.0,31.333333333333332,24.5,24.875
2026-06-06 12:00:00,26.0,31.4,75,995.3,8.1,107,0.0,12,5,6,20.0,31.0,37.0,11.0,27.0,38.0,28.5,25.083333333333332,24.208333333333332
2026-06-06 13:00:00,22.0,29.8,86,996.3,7.6,91,1.9,13,5,6,26.0,17.0,34.0,13.0,30.0,30.0,26.666666666666668,26.333333333333332,24.166666666666668
2026-06-06 14:00:00,13.0,28.9,91,997.0,6.6,123,7.1,14,5,6,22.0,20.0,32.0,16.0,35.0,29.0,24.666666666666668,27.083333333333332,23.833333333333332
2026-06-06 15:00:00,16.0,28.8,94,998.3,10.6,183,0.2,15,5,6,13.0,26.0,31.0,24.0,33.0,26.0,21.5,26.833333333333332,22.916666666666668
2026-06-06 16:00:00,12.0,27.6,95,999.5,10.7,330,0.7,16,5,6,16.0,22.0,17.0,29.0,31.0,19.0,19.0,26.166666666666668,22.208333333333332
2026-06-06 17:00:00,11.0,27.4,96,999.4,5.1,324,1.9,17,5,6,12.0,13.0,20.0,37.0,27.0,25.0,18.166666666666668,24.75,21.416666666666668
2026-06-06 18:00:00,11.0,27.5,94,998.3,1.0,68,0.9,18,5,6,11.0,16.0,26.0,37.0,21.0,24.0,16.666666666666668,22.583333333333332,20.75
2026-06-06 20:00:00,10.0,27.5,96,997.6,3.1,62,1.1,20,5,6,11.0,12.0,22.0,34.0,21.0,25.0,14.166666666666666,20.416666666666668,20.333333333333332
2026-06-06 21:00:00,13.0,27.4,97,997.4,3.1,121,0.1,21,5,6,10.0,11.0,13.0,32.0,18.0,19.0,12.166666666666666,18.416666666666668,19.875
2026-06-06 22:00:00,15.0,27.5,98,997.0,4.8,153,0.1,22,5,6,13.0,11.0,16.0,31.0,13.0,22.0,12.166666666666666,16.833333333333332,19.666666666666668
2026-06-06 23:00:00,19.0,27.2,97,997.6,5.8,268,0.0,23,5,6,15.0,10.0,12.0,17.0,11.0,21.0,12.0,15.5,19.75
2026-06-07 00:00:00,23.0,27.4,95,998.0,6.2,105,0.0,0,6,6,19.0,13.0,11.0,20.0,13.0,21.0,13.166666666666666,15.666666666666666,20.083333333333332
2026-06-07 01:00:00,28.0,28.5,89,998.6,4.0,108,0.0,1,6,6,23.0,15.0,11.0,26.0,11.0,20.0,15.166666666666666,15.916666666666666,20.5
2026-06-07 02:00:00,20.0,30.5,85,998.6,4.5,173,0.0,2,6,6,28.0,19.0,10.0,22.0,13.0,25.0,18.0,16.083333333333332,21.208333333333332
2026-06-07 03:00:00,28.0,32.7,76,998.5,7.3,220,0.0,3,6,6,20.0,23.0,13.0,13.0,16.0,34.0,19.666666666666668,15.916666666666666,21.5
2026-06-07 04:00:00,26.0,34.5,66,998.5,6.0,221,0.0,4,6,6,28.0,28.0,15.0,16.0,24.0,43.0,22.166666666666668,17.166666666666668,22.0
2026-06-07 05:00:00,34.0,35.7,59,998.2,6.0,229,0.0,5,6,6,26.0,20.0,19.0,12.0,29.0,28.0,24.0,18.0,22.083333333333332
2026-06-07 06:00:00,34.0,36.9,52,997.0,8.5,243,0.0,6,6,6,34.0,28.0,23.0,11.0,37.0,36.0,26.5,19.833333333333332,22.291666666666668
2026-06-07 07:00:00,32.0,37.7,47,996.2,7.7,245,0.0,7,6,6,34.0,26.0,28.0,11.0,37.0,52.0,28.333333333333332,21.75,22.166666666666668
2026-06-07 08:00:00,34.0,38.0,44,995.4,7.6,256,0.0,8,6,6,32.0,34.0,20.0,10.0,34.0,49.0,29.0,23.5,21.958333333333332
2026-06-07 09:00:00,28.0,35.8,50,995.1,14.3,216,0.3,9,6,6,34.0,34.0,28.0,13.0,32.0,50.0,31.333333333333332,25.5,21.958333333333332
2026-06-07 11:00:00,28.0,29.5,89,996.2,9.5,307,5.0,11,6,6,28.0,32.0,26.0,15.0,31.0,52.0,31.333333333333332,26.75,21.791666666666668
2026-06-07 12:00:00,15.0,30.7,90,996.2,10.3,325,0.6,12,6,6,28.0,34.0,34.0,19.0,17.0,43.0,31.666666666666668,27.833333333333332,21.666666666666668
2026-06-07 13:00:00,17.0,28.7,94,997.5,7.8,328,2.1,13,6,6,15.0,28.0,34.0,23.0,20.0,36.0,28.5,27.5,21.583333333333332
2026-06-07 14:00:00,15.0,28.0,90,997.9,13.5,43,0.8,14,6,6,17.0,28.0,32.0,28.0,26.0,27.0,25.666666666666668,27.0,21.458333333333332
2026-06-07 15:00:00,22.0,28.1,89,998.0,6.7,98,0.0,15,6,6,15.0,15.0,34.0,20.0,22.0,30.0,22.833333333333332,25.916666666666668,21.0
2026-06-07 16:00:00,23.0,27.9,91,998.9,5.8,129,0.0,16,6,6,22.0,17.0,28.0,28.0,13.0,35.0,20.833333333333332,26.083333333333332,21.0
2026-06-07 17:00:00,25.0,27.7,91,998.7,7.4,167,0.0,17,6,6,23.0,15.0,28.0,26.0,16.0,33.0,20.0,25.666666666666668,21.416666666666668
2026-06-07 18:00:00,25.0,28.9,82,998.0,12.4,164,0.0,18,6,6,25.0,22.0,15.0,34.0,12.0,31.0,19.5,25.583333333333332,21.791666666666668
2026-06-07 20:00:00,22.0,29.3,94,996.9,8.2,194,0.0,20,6,6,25.0,23.0,17.0,34.0,11.0,27.0,21.166666666666668,24.833333333333332,22.333333333333332
2026-06-07 21:00:00,20.0,29.8,90,996.4,12.8,202,0.0,21,6,6,22.0,25.0,15.0,32.0,11.0,21.0,22.0,23.833333333333332,22.791666666666668
2026-06-07 22:00:00,20.0,29.7,89,996.5,13.4,206,0.0,22,6,6,20.0,25.0,22.0,34.0,10.0,21.0,22.833333333333332,22.833333333333332,23.166666666666668
2026-06-07 23:00:00,21.0,29.4,91,996.6,12.8,206,0.0,23,6,6,20.0,22.0,23.0,28.0,13.0,18.0,22.5,21.666666666666668,23.583333333333332
2026-06-08 00:00:00,24.0,29.9,92,996.5,11.1,203,0.0,0,0,6,21.0,20.0,25.0,28.0,15.0,13.0,22.166666666666668,21.083333333333332,23.916666666666668
2026-06-08 01:00:00,22.0,30.6,89,996.9,13.3,210,0.0,1,0,6,24.0,20.0,25.0,15.0,19.0,11.0,22.0,20.75,24.291666666666668
2026-06-08 02:00:00,27.0,31.8,83,997.5,13.8,212,0.0,2,0,6,22.0,21.0,22.0,17.0,23.0,13.0,21.5,21.333333333333332,24.416666666666668
2026-06-08 03:00:00,40.0,33.3,76,997.7,13.3,215,0.0,3,0,6,27.0,24.0,20.0,15.0,28.0,11.0,22.333333333333332,22.166666666666668,24.583333333333332
2026-06-08 04:00:00,34.0,34.8,69,997.9,10.2,228,0.0,4,0,6,40.0,22.0,20.0,22.0,20.0,13.0,25.666666666666668,24.25,25.083333333333332
2026-06-08 05:00:00,35.0,36.2,61,997.6,9.0,258,0.0,5,0,6,34.0,27.0,21.0,23.0,28.0,16.0,28.0,25.25,25.666666666666668
2026-06-08 06:00:00,38.0,37.4,53,996.8,8.7,291,0.0,6,0,6,35.0,40.0,24.0,25.0,26.0,24.0,30.333333333333332,26.25,25.958333333333332
2026-06-08 07:00:00,38.0,38.0,48,995.7,6.9,315,0.0,7,0,6,38.0,34.0,22.0,25.0,34.0,29.0,32.666666666666664,27.333333333333332,26.458333333333332
2026-06-08 08:00:00,33.0,38.6,45,995.0,6.7,333,0.0,8,0,6,38.0,35.0,27.0,22.0,34.0,37.0,35.333333333333336,28.416666666666668,26.625
2026-06-08 09:00:00,36.0,37.5,46,994.8,8.0,320,0.0,9,0,6,33.0,38.0,40.0,20.0,32.0,37.0,36.333333333333336,29.333333333333332,26.583333333333332
2026-06-08 10:00:00,25.0,36.6,47,994.9,10.4,228,0.1,10,0,6,36.0,38.0,34.0,20.0,34.0,34.0,35.666666666666664,30.666666666666668,26.75
2026-06-08 16:00:00,243.0,28.8,82,997.5,16.8,219,0.0,16,0,6,25.0,33.0,35.0,21.0,28.0,32.0,34.166666666666664,31.083333333333332,26.375
2026-06-08 20:00:00,9.0,28.5,92,995.7,14.3,229,0.0,20,0,6,243.0,36.0,38.0,24.0,28.0,31.0,68.83333333333333,49.583333333333336,35.333333333333336
2026-06-08 21:00:00,15.0,28.4,92,995.1,13.0,215,0.0,21,0,6,9.0,25.0,38.0,22.0,15.0,17.0,64.0,48.333333333333336,34.541666666666664
2026-06-08 22:00:00,12.0,28.2,93,995.3,11.8,209,0.0,22,0,6,15.0,243.0,33.0,27.0,17.0,20.0,60.166666666666664,47.75,34.541666666666664
2026-06-08 23:00:00,26.0,28.2,95,995.7,9.6,217,0.0,23,0,6,12.0,9.0,36.0,40.0,15.0,26.0,56.666666666666664,46.5,34.333333333333336
2026-06-09 00:00:00,25.0,28.6,89,996.5,10.5,251,0.0,0,1,6,26.0,15.0,25.0,34.0,22.0,22.0,55.0,45.333333333333336,34.791666666666664
2026-06-09 01:00:00,29.0,29.5,85,997.0,7.3,242,0.0,1,1,6,25.0,12.0,243.0,35.0,23.0,13.0,55.0,44.583333333333336,34.916666666666664
2026-06-09 02:00:00,22.0,30.9,74,997.6,6.5,264,0.0,2,1,6,29.0,26.0,9.0,38.0,25.0,16.0,19.333333333333332,44.083333333333336,35.166666666666664
2026-06-09 03:00:00,23.0,32.7,64,997.5,6.5,242,0.0,3,1,6,22.0,25.0,15.0,38.0,25.0,12.0,21.5,42.75,35.041666666666664
2026-06-09 05:00:00,33.0,35.8,49,997.0,10.7,276,0.0,5,1,6,23.0,29.0,12.0,33.0,22.0,11.0,22.833333333333332,41.5,34.958333333333336
2026-06-09 06:00:00,26.0,36.2,49,996.3,11.0,302,0.0,6,1,6,33.0,22.0,26.0,36.0,20.0,11.0,26.333333333333332,41.5,35.416666666666664
2026-06-09 07:00:00,29.0,36.6,48,995.7,10.7,329,0.0,7,1,6,26.0,23.0,25.0,25.0,20.0,10.0,26.333333333333332,40.666666666666664,35.666666666666664
2026-06-09 08:00:00,33.0,36.3,48,995.1,10.9,329,0.0,8,1,6,29.0,33.0,29.0,243.0,21.0,13.0,27.0,41.0,36.041666666666664
2026-06-09 09:00:00,28.0,36.5,46,994.4,9.3,319,0.0,9,1,6,33.0,26.0,22.0,9.0,24.0,15.0,27.666666666666668,23.5,36.541666666666664
2026-06-09 10:00:00,30.0,36.3,47,993.9,8.6,324,0.0,10,1,6,28.0,29.0,23.0,15.0,22.0,19.0,28.666666666666668,25.083333333333332,36.708333333333336
2026-06-09 11:00:00,18.0,35.9,50,993.5,4.4,322,0.0,11,1,6,30.0,33.0,33.0,12.0,27.0,23.0,29.833333333333332,26.333333333333332,37.041666666666664
2026-06-09 12:00:00,23.0,34.1,55,993.5,11.1,224,0.0,12,1,6,18.0,28.0,26.0,26.0,40.0,28.0,27.333333333333332,26.833333333333332,36.666666666666664
2026-06-09 13:00:00,34.0,32.5,61,994.5,10.0,198,0.0,13,1,6,23.0,30.0,29.0,25.0,34.0,20.0,26.833333333333332,26.583333333333332,35.958333333333336
2026-06-09 14:00:00,34.0,31.5,76,995.3,14.3,190,0.0,14,1,6,34.0,18.0,33.0,29.0,35.0,28.0,27.666666666666668,27.333333333333332,35.958333333333336
2026-06-09 15:00:00,51.0,31.2,77,996.3,16.3,205,0.0,15,1,6,34.0,23.0,28.0,22.0,38.0,26.0,27.833333333333332,27.75,35.916666666666664
2026-06-09 16:00:00,139.0,30.6,79,996.9,14.7,216,0.0,16,1,6,51.0,34.0,30.0,23.0,38.0,34.0,31.666666666666668,30.166666666666668,36.458333333333336
2026-06-09 17:00:00,410.0,30.2,76,996.8,11.3,227,0.0,17,1,6,139.0,34.0,18.0,33.0,33.0,34.0,49.833333333333336,39.833333333333336,40.666666666666664
2026-06-09 18:00:00,101.0,30.2,77,996.2,9.5,219,0.0,18,1,6,410.0,51.0,23.0,26.0,36.0,32.0,115.16666666666667,71.25,56.375
2026-06-09 19:00:00,175.0,29.8,79,995.6,9.7,215,0.0,19,1,6,101.0,139.0,34.0,29.0,25.0,34.0,128.16666666666666,77.5,59.083333333333336
2026-06-09 20:00:00,28.0,29.4,82,995.0,9.0,218,0.0,20,1,6,175.0,410.0,34.0,33.0,243.0,28.0,151.66666666666666,89.66666666666667,65.33333333333333
2026-06-09 21:00:00,23.0,29.0,85,994.6,8.3,221,0.0,21,1,6,28.0,101.0,51.0,28.0,9.0,28.0,150.66666666666666,89.25,56.375
2026-06-09 22:00:00,27.0,28.8,87,994.9,8.5,216,0.0,22,1,6,23.0,175.0,139.0,30.0,15.0,15.0,146.0,88.83333333333333,56.958333333333336
2026-06-09 23:00:00,25.0,28.6,88,995.2,9.5,216,0.0,23,1,6,27.0,28.0,410.0,18.0,12.0,17.0,127.33333333333333,88.58333333333333,57.458333333333336
2026-06-10 00:00:00,69.0,28.8,90,995.7,11.1,219,0.0,0,2,6,25.0,23.0,101.0,23.0,26.0,15.0,63.166666666666664,89.16666666666667,58.0
2026-06-10 01:00:00,447.0,29.9,87,996.4,9.5,212,0.0,1,2,6,69.0,27.0,175.0,34.0,25.0,22.0,57.833333333333336,93.0,59.791666666666664
2026-06-10 02:00:00,423.0,31.5,81,996.8,10.4,208,0.0,2,2,6,447.0,25.0,28.0,34.0,29.0,23.0,103.16666666666667,127.41666666666667,77.375
2026-06-10 03:00:00,630.0,33.1,74,997.2,9.4,212,0.0,3,2,6,423.0,69.0,23.0,51.0,22.0,25.0,169.0,159.83333333333334,93.79166666666667
2026-06-10 07:00:00,63.0,36.2,50,996.3,15.9,305,0.1,7,2,6,630.0,447.0,27.0,139.0,23.0,25.0,270.1666666666667,208.08333333333334,119.125
2026-06-10 08:00:00,35.0,35.7,53,995.4,9.1,295,0.0,8,2,6,63.0,423.0,25.0,410.0,33.0,22.0,276.1666666666667,201.75,120.79166666666667
2026-06-10 09:00:00,23.0,35.7,53,994.6,5.5,297,0.0,9,2,6,35.0,630.0,69.0,101.0,26.0,20.0,277.8333333333333,170.5,120.875
2026-06-10 10:00:00,16.0,35.9,51,994.2,3.7,309,0.0,10,2,6,23.0,63.0,447.0,175.0,29.0,20.0,270.1666666666667,164.0,120.75
2026-06-10 11:00:00,24.0,35.3,56,994.1,3.4,16,0.0,11,2,6,16.0,35.0,423.0,28.0,33.0,21.0,198.33333333333334,150.75,120.20833333333333
2026-06-10 12:00:00,26.0,33.4,64,994.0,4.6,45,0.0,12,2,6,24.0,23.0,630.0,23.0,28.0,24.0,131.83333333333334,150.41666666666666,119.83333333333333
2026-06-10 13:00:00,35.0,32.3,71,995.2,1.3,106,0.0,13,2,6,26.0,16.0,63.0,27.0,30.0,22.0,31.166666666666668,150.66666666666666,119.75
2026-06-10 14:00:00,41.0,31.6,72,996.1,4.2,155,0.0,14,2,6,35.0,24.0,35.0,25.0,18.0,27.0,26.5,151.33333333333334,119.95833333333333
2026-06-10 15:00:00,27.0,31.7,73,996.5,1.4,67,0.0,15,2,6,41.0,26.0,23.0,69.0,23.0,40.0,27.5,152.66666666666666,120.91666666666667
2026-06-10 16:00:00,32.0,30.8,74,997.3,2.6,219,0.0,16,2,6,27.0,35.0,16.0,447.0,34.0,34.0,28.166666666666668,149.16666666666666,121.08333333333333
2026-06-10 17:00:00,25.0,30.1,78,997.9,6.7,236,0.0,17,2,6,32.0,41.0,24.0,423.0,34.0,35.0,30.833333333333332,114.58333333333333,121.0
2026-06-10 18:00:00,33.0,29.4,84,997.5,2.0,260,0.0,18,2,6,25.0,27.0,26.0,630.0,51.0,38.0,31.0,81.41666666666667,120.625
2026-06-10 19:00:00,35.0,28.9,88,997.0,3.2,199,0.0,19,2,6,33.0,32.0,35.0,63.0,139.0,38.0,32.166666666666664,31.666666666666668,119.875
2026-06-10 20:00:00,35.0,28.7,90,996.6,4.0,190,0.0,20,2,6,35.0,25.0,41.0,35.0,410.0,33.0,32.166666666666664,29.333333333333332,115.54166666666667
2026-06-10 21:00:00,30.0,28.5,92,995.9,2.8,215,0.0,21,2,6,35.0,33.0,27.0,23.0,101.0,36.0,31.166666666666668,29.333333333333332,99.91666666666667
2026-06-10 22:00:00,26.0,28.4,93,995.9,0.9,180,0.0,22,2,6,30.0,35.0,32.0,16.0,175.0,25.0,31.666666666666668,29.916666666666668,96.95833333333333
2026-06-10 23:00:00,26.0,28.0,95,996.4,3.8,101,0.0,23,2,6,26.0,35.0,25.0,24.0,28.0,243.0,30.666666666666668,30.75,90.75
2026-06-11 00:00:00,16.0,28.1,95,996.2,5.1,122,0.0,0,3,6,26.0,30.0,33.0,26.0,23.0,9.0,30.833333333333332,30.916666666666668,90.66666666666667
2026-06-11 01:00:00,19.0,29.4,91,996.8,5.0,134,0.0,1,3,6,16.0,26.0,35.0,35.0,27.0,15.0,28.0,30.083333333333332,90.375
2026-06-11 04:00:00,23.0,33.7,73,998.2,7.6,158,0.0,4,3,6,19.0,26.0,35.0,41.0,25.0,12.0,25.333333333333332,28.75,90.04166666666667
2026-06-11 05:00:00,25.0,34.8,67,998.3,7.0,157,0.0,5,3,6,23.0,16.0,30.0,27.0,69.0,26.0,23.333333333333332,27.25,89.95833333333333
2026-06-11 06:00:00,25.0,36.2,59,997.9,5.8,171,0.0,6,3,6,25.0,19.0,26.0,32.0,447.0,25.0,22.5,27.083333333333332,88.125
2026-06-11 07:00:00,33.0,36.9,54,997.2,6.2,168,0.0,7,3,6,25.0,23.0,26.0,25.0,423.0,29.0,22.333333333333332,26.5,70.54166666666667
2026-06-11 08:00:00,28.0,37.3,52,995.6,7.1,165,0.0,8,3,6,33.0,25.0,16.0,33.0,630.0,22.0,23.5,27.166666666666668,54.291666666666664
2026-06-11 09:00:00,26.0,31.5,71,995.7,15.7,308,2.8,9,3,6,28.0,25.0,19.0,35.0,63.0,23.0,25.5,26.75,29.208333333333332
2026-06-11 10:00:00,20.0,28.9,91,996.8,7.2,90,6.0,10,3,6,26.0,33.0,23.0,35.0,35.0,33.0,26.666666666666668,26.0,27.666666666666668
2026-06-11 11:00:00,16.0,27.9,92,997.4,9.1,80,0.8,11,3,6,20.0,28.0,25.0,30.0,23.0,26.0,26.166666666666668,24.75,27.041666666666668
2026-06-11 12:00:00,22.0,29.8,91,997.6,9.6,74,0.0,12,3,6,16.0,26.0,25.0,26.0,16.0,29.0,24.666666666666668,23.583333333333332,26.75
2026-06-11 13:00:00,28.0,28.2,92,998.2,16.1,122,3.5,13,3,6,22.0,20.0,33.0,26.0,24.0,33.0,24.166666666666668,23.25,27.0
2026-06-11 14:00:00,18.0,27.6,95,998.4,13.3,113,0.5,14,3,6,28.0,16.0,28.0,16.0,26.0,28.0,23.333333333333332,23.416666666666668,27.166666666666668
2026-06-11 15:00:00,7.0,27.1,95,999.3,15.2,103,0.0,15,3,6,18.0,22.0,26.0,19.0,35.0,30.0,21.666666666666668,23.583333333333332,26.833333333333332
2026-06-11 16:00:00,12.0,26.8,94,1000.3,12.3,101,0.0,16,3,6,7.0,28.0,20.0,23.0,41.0,18.0,18.5,22.583333333333332,25.666666666666668
2026-06-11 17:00:00,17.0,26.9,95,1000.8,8.1,91,0.0,17,3,6,12.0,18.0,16.0,25.0,27.0,23.0,17.166666666666668,21.666666666666668,24.458333333333332
2026-06-11 18:00:00,14.0,26.4,95,1000.5,7.2,104,0.0,18,3,6,17.0,7.0,22.0,25.0,32.0,34.0,17.333333333333332,21.0,24.041666666666668
2026-06-11 19:00:00,19.0,26.4,95,1000.2,2.6,155,0.0,19,3,6,14.0,12.0,28.0,33.0,25.0,34.0,16.0,20.083333333333332,23.291666666666668
2026-06-11 20:00:00,19.0,26.4,95,999.8,0.7,284,0.0,20,3,6,19.0,17.0,18.0,28.0,33.0,51.0,14.5,18.916666666666668,23.041666666666668
2026-06-11 21:00:00,19.0,26.5,96,999.6,0.8,297,0.0,21,3,6,19.0,14.0,7.0,26.0,35.0,139.0,14.666666666666666,18.166666666666668,22.458333333333332
2026-06-11 22:00:00,19.0,26.7,96,999.5,1.2,297,0.0,22,3,6,19.0,19.0,12.0,20.0,35.0,410.0,16.666666666666668,17.583333333333332,21.791666666666668
2026-06-11 23:00:00,17.0,26.9,95,999.6,1.3,16,0.0,23,3,6,19.0,19.0,17.0,16.0,30.0,101.0,17.833333333333332,17.5,21.125
2026-06-12 00:00:00,19.0,27.4,92,999.4,2.2,279,0.0,0,4,6,17.0,19.0,14.0,22.0,26.0,175.0,17.833333333333332,17.583333333333332,20.583333333333332
2026-06-12 01:00:00,25.0,27.9,90,1000.0,2.3,72,0.0,1,4,6,19.0,19.0,19.0,28.0,26.0,28.0,18.666666666666668,17.333333333333332,20.291666666666668
2026-06-12 02:00:00,45.0,28.9,87,1000.9,3.6,135,0.0,2,4,6,25.0,17.0,19.0,18.0,16.0,23.0,19.666666666666668,17.083333333333332,20.25
2026-06-12 03:00:00,52.0,29.7,84,1000.9,1.7,221,0.0,3,4,6,45.0,19.0,19.0,7.0,19.0,27.0,24.0,19.333333333333332,21.458333333333332
2026-06-12 04:00:00,30.0,31.5,75,1001.2,2.6,236,0.1,4,4,6,52.0,25.0,19.0,12.0,23.0,25.0,29.5,23.083333333333332,22.833333333333332
2026-06-12 05:00:00,27.0,32.3,72,1001.4,3.8,59,0.1,5,4,6,30.0,45.0,17.0,17.0,25.0,69.0,31.333333333333332,24.583333333333332,23.125
2026-06-12 06:00:00,24.0,34.3,63,1000.4,2.8,101,0.0,6,4,6,27.0,52.0,19.0,14.0,25.0,447.0,33.0,25.416666666666668,23.208333333333332
2026-06-12 07:00:00,24.0,35.0,61,999.6,4.9,147,0.0,7,4,6,24.0,30.0,25.0,19.0,33.0,423.0,33.833333333333336,26.25,23.166666666666668
2026-06-12 08:00:00,24.0,31.9,75,999.3,12.3,141,1.7,8,4,6,24.0,27.0,45.0,19.0,28.0,630.0,33.666666666666664,26.666666666666668,22.791666666666668
2026-06-12 09:00:00,18.0,29.2,85,998.8,14.2,75,0.8,9,4,6,24.0,24.0,52.0,19.0,26.0,63.0,30.166666666666668,27.083333333333332,22.625
2026-06-12 10:00:00,22.0,28.8,86,998.6,8.8,55,0.1,10,4,6,18.0,24.0,30.0,19.0,20.0,35.0,24.5,27.0,22.291666666666668
2026-06-12 11:00:00,26.0,26.6,95,1000.6,7.1,317,7.1,11,4,6,22.0,24.0,27.0,17.0,16.0,23.0,23.166666666666668,27.25,22.375
2026-06-12 12:00:00,19.0,31.1,67,998.9,9.2,315,2.9,12,4,6,26.0,18.0,24.0,19.0,22.0,16.0,23.0,28.0,22.791666666666668
2026-06-12 13:00:00,18.0,29.6,75,999.3,7.4,321,0.0,13,4,6,19.0,22.0,24.0,25.0,28.0,24.0,22.166666666666668,28.0,22.666666666666668
2026-06-12 14:00:00,26.0,29.2,80,999.8,0.2,180,0.0,14,4,6,18.0,26.0,24.0,45.0,18.0,26.0,21.166666666666668,27.416666666666668,22.25
2026-06-12 15:00:00,18.0,28.6,84,1000.6,3.4,177,0.0,15,4,6,26.0,19.0,18.0,52.0,7.0,35.0,21.5,25.833333333333332,22.583333333333332
2026-06-12 16:00:00,17.0,28.4,85,1001.5,6.3,182,0.0,16,4,6,18.0,18.0,22.0,30.0,12.0,41.0,21.5,23.0,23.041666666666668
2026-06-12 17:00:00,15.0,28.3,84,1001.6,4.0,177,0.0,17,4,6,17.0,26.0,26.0,27.0,17.0,27.0,20.666666666666668,21.916666666666668,23.25
2026-06-12 18:00:00,9.0,28.6,82,1000.7,7.1,174,0.0,18,4,6,15.0,18.0,19.0,24.0,14.0,32.0,18.833333333333332,20.916666666666668,23.166666666666668
2026-06-12 19:00:00,17.0,28.1,90,1000.2,11.1,194,0.4,19,4,6,9.0,17.0,18.0,24.0,19.0,25.0,17.166666666666668,19.666666666666668,22.958333333333332
2026-06-12 20:00:00,19.0,27.9,92,999.7,12.2,206,0.2,20,4,6,17.0,15.0,26.0,24.0,19.0,33.0,17.0,19.083333333333332,22.875
2026-06-12 21:00:00,14.0,27.8,93,999.5,8.4,220,0.0,21,4,6,19.0,9.0,18.0,18.0,19.0,35.0,15.833333333333334,18.666666666666668,22.875
2026-06-12 22:00:00,11.0,27.8,94,999.1,7.9,223,0.0,22,4,6,14.0,17.0,17.0,22.0,19.0,35.0,15.166666666666666,18.333333333333332,22.666666666666668
2026-06-12 23:00:00,13.0,27.7,95,999.3,6.6,227,0.0,23,4,6,11.0,19.0,15.0,26.0,17.0,30.0,14.166666666666666,17.416666666666668,22.333333333333332
2026-06-13 00:00:00,15.0,27.6,91,999.7,9.0,237,0.0,0,5,6,13.0,14.0,9.0,19.0,19.0,26.0,13.833333333333334,16.333333333333332,22.166666666666668
2026-06-13 01:00:00,44.0,28.6,88,1000.1,5.9,235,0.0,1,5,6,15.0,11.0,17.0,18.0,25.0,26.0,14.833333333333334,16.0,22.0
2026-06-13 02:00:00,21.0,29.9,81,1000.6,7.1,214,0.0,2,5,6,44.0,13.0,19.0,26.0,45.0,16.0,19.333333333333332,18.166666666666668,22.791666666666668
2026-06-13 03:00:00,15.0,31.3,74,1000.9,9.8,215,0.0,3,5,6,21.0,15.0,14.0,18.0,52.0,19.0,19.666666666666668,17.75,21.791666666666668
2026-06-13 04:00:00,15.0,32.7,68,1001.1,9.8,206,0.0,4,5,6,15.0,44.0,11.0,17.0,30.0,23.0,19.833333333333332,17.5,20.25
2026-06-13 05:00:00,18.0,34.1,62,1000.7,9.3,199,0.0,5,5,6,15.0,21.0,13.0,15.0,27.0,25.0,20.5,17.333333333333332,19.625
2026-06-13 06:00:00,19.0,35.2,53,999.8,8.5,184,0.2,6,5,6,18.0,15.0,15.0,9.0,24.0,25.0,21.333333333333332,17.583333333333332,19.25
2026-06-13 07:00:00,19.0,32.1,66,999.4,9.3,216,1.6,7,5,6,19.0,15.0,44.0,17.0,24.0,33.0,22.0,18.416666666666668,19.041666666666668
2026-06-13 08:00:00,23.0,33.1,62,998.6,11.5,215,0.2,8,5,6,19.0,18.0,21.0,19.0,24.0,28.0,17.833333333333332,18.583333333333332,18.833333333333332
2026-06-13 09:00:00,19.0,32.0,66,998.5,17.6,264,0.1,9,5,6,23.0,19.0,15.0,14.0,18.0,26.0,18.166666666666668,18.916666666666668,18.791666666666668
2026-06-13 10:00:00,17.0,31.0,73,997.7,6.3,268,0.2,10,5,6,19.0,19.0,15.0,11.0,22.0,20.0,18.833333333333332,19.333333333333332,18.833333333333332
2026-06-13 11:00:00,24.0,31.4,72,997.6,6.6,233,0.1,11,5,6,17.0,23.0,18.0,13.0,26.0,16.0,19.166666666666668,19.833333333333332,18.625
2026-06-13 12:00:00,27.0,30.0,85,996.9,8.8,235,0.0,12,5,6,24.0,19.0,19.0,15.0,19.0,22.0,20.166666666666668,20.75,18.541666666666668
2026-06-13 13:00:00,33.0,30.3,90,997.4,3.9,167,0.8,13,5,6,27.0,17.0,19.0,44.0,18.0,28.0,21.5,21.75,18.875
2026-06-13 14:00:00,32.0,30.1,90,998.3,8.1,197,0.0,14,5,6,33.0,24.0,23.0,21.0,26.0,18.0,23.833333333333332,20.833333333333332,19.5
2026-06-13 15:00:00,34.0,29.8,88,998.7,11.0,194,0.0,15,5,6,32.0,27.0,19.0,15.0,18.0,7.0,25.333333333333332,21.75,19.75
2026-06-13 16:00:00,38.0,29.7,87,999.6,8.8,191,0.0,16,5,6,34.0,33.0,17.0,15.0,17.0,12.0,27.833333333333332,23.333333333333332,20.416666666666668
2026-06-13 17:00:00,43.0,29.3,89,999.6,5.2,168,0.0,17,5,6,38.0,32.0,24.0,18.0,15.0,17.0,31.333333333333332,25.25,21.291666666666668
2026-06-13 19:00:00,10.0,29.2,86,998.2,5.0,193,0.0,19,5,6,43.0,34.0,27.0,19.0,9.0,14.0,34.5,27.333333333333332,22.458333333333332
2026-06-13 20:00:00,6.0,28.7,89,997.5,5.0,255,0.0,20,5,6,10.0,38.0,33.0,19.0,17.0,19.0,31.666666666666668,26.583333333333332,22.5
2026-06-13 21:00:00,7.0,28.2,89,997.9,5.2,205,0.0,21,5,6,6.0,43.0,32.0,23.0,19.0,19.0,27.166666666666668,25.5,22.041666666666668
2026-06-13 22:00:00,5.0,28.0,88,997.7,9.0,211,0.0,22,5,6,7.0,10.0,34.0,19.0,14.0,19.0,23.0,24.166666666666668,21.541666666666668
2026-06-13 23:00:00,4.0,27.8,90,997.8,9.6,210,0.0,23,5,6,5.0,6.0,38.0,17.0,11.0,19.0,18.166666666666668,23.0,21.166666666666668
2026-06-14 00:00:00,9.0,28.1,91,997.6,12.0,213,0.0,0,6,6,4.0,7.0,43.0,24.0,13.0,17.0,12.5,21.916666666666668,20.875
2026-06-14 01:00:00,12.0,29.3,87,998.2,12.2,221,0.0,1,6,6,9.0,5.0,10.0,27.0,15.0,19.0,6.833333333333333,20.666666666666668,20.708333333333332
2026-06-14 02:00:00,32.0,30.6,83,998.6,11.4,198,0.0,2,6,6,12.0,4.0,6.0,33.0,44.0,25.0,7.166666666666667,19.416666666666668,20.583333333333332
2026-06-14 03:00:00,31.0,32.1,75,999.0,8.9,207,0.0,3,6,6,32.0,9.0,7.0,32.0,21.0,45.0,11.5,19.333333333333332,20.083333333333332
2026-06-14 04:00:00,32.0,33.6,67,999.0,7.3,224,0.0,4,6,6,31.0,12.0,5.0,34.0,15.0,52.0,15.5,19.25,20.5
2026-06-14 05:00:00,30.0,34.6,62,998.9,6.0,229,0.0,5,6,6,32.0,32.0,4.0,38.0,15.0,30.0,20.0,19.083333333333332,21.208333333333332
2026-06-14 06:00:00,28.0,36.2,51,997.6,2.4,222,0.0,6,6,6,30.0,31.0,9.0,43.0,18.0,27.0,24.333333333333332,18.416666666666668,21.833333333333332
2026-06-14 07:00:00,31.0,36.8,46,996.5,5.8,231,0.0,7,6,6,28.0,32.0,12.0,10.0,19.0,24.0,27.5,17.166666666666668,22.25
2026-06-14 08:00:00,26.0,35.6,49,995.8,14.4,177,0.1,8,6,6,31.0,30.0,32.0,6.0,19.0,24.0,30.666666666666668,18.916666666666668,22.75
2026-06-14 09:00:00,27.0,32.6,68,996.0,9.7,220,0.4,9,6,6,26.0,28.0,31.0,7.0,23.0,24.0,29.666666666666668,20.583333333333332,23.041666666666668
2026-06-14 10:00:00,31.0,32.9,66,996.3,6.1,330,0.0,10,6,6,27.0,31.0,32.0,5.0,19.0,18.0,29.0,22.25,23.208333333333332
2026-06-14 11:00:00,35.0,30.3,79,996.6,10.6,360,0.0,11,6,6,31.0,26.0,30.0,4.0,17.0,22.0,28.833333333333332,24.416666666666668,23.708333333333332
2026-06-14 12:00:00,30.0,29.0,92,997.2,7.1,117,0.1,12,6,6,35.0,27.0,28.0,9.0,24.0,26.0,29.666666666666668,27.0,24.458333333333332
2026-06-14 13:00:00,29.0,28.5,94,997.6,8.0,126,13.7,13,6,6,30.0,31.0,31.0,12.0,27.0,19.0,30.0,28.75,24.708333333333332
2026-06-14 14:00:00,31.0,28.1,92,997.7,2.7,48,6.9,14,6,6,29.0,35.0,26.0,32.0,33.0,18.0,29.666666666666668,30.166666666666668,24.791666666666668
2026-06-14 15:00:00,22.0,28.0,91,998.5,3.4,47,3.4,15,6,6,31.0,30.0,27.0,31.0,32.0,26.0,30.5,30.083333333333332,24.708333333333332
2026-06-14 16:00:00,26.0,27.8,88,999.4,3.3,151,1.6,16,6,6,22.0,29.0,31.0,32.0,34.0,18.0,29.666666666666668,29.333333333333332,24.291666666666668
2026-06-14 17:00:00,16.0,27.1,87,999.4,8.7,172,0.2,17,6,6,26.0,31.0,35.0,30.0,38.0,17.0,28.833333333333332,28.833333333333332,23.958333333333332
2026-06-14 18:00:00,18.0,26.6,89,998.9,8.1,217,0.0,18,6,6,16.0,22.0,30.0,28.0,43.0,15.0,25.666666666666668,27.666666666666668,23.041666666666668
2026-06-14 20:00:00,10.0,27.0,89,998.1,7.8,217,0.0,20,6,6,18.0,26.0,29.0,31.0,10.0,9.0,23.666666666666668,26.833333333333332,22.0
2026-06-14 21:00:00,10.0,26.8,90,997.7,8.8,237,0.0,21,6,6,10.0,16.0,31.0,26.0,6.0,17.0,20.5,25.083333333333332,22.0
2026-06-14 22:00:00,10.0,26.8,90,997.6,6.9,237,0.0,22,6,6,10.0,18.0,22.0,27.0,7.0,19.0,17.0,23.75,22.166666666666668
2026-06-14 23:00:00,10.0,26.7,90,997.9,7.4,241,0.0,23,6,6,10.0,10.0,26.0,31.0,5.0,14.0,15.0,22.333333333333332,22.291666666666668
2026-06-15 00:00:00,19.0,25.6,99,998.1,10.7,324,0.0,0,0,6,10.0,10.0,16.0,35.0,4.0,11.0,12.333333333333334,20.583333333333332,22.5
2026-06-15 01:00:00,16.0,25.8,95,998.4,4.5,323,3.8,1,0,6,19.0,10.0,18.0,30.0,9.0,13.0,12.833333333333334,19.25,23.125
2026-06-15 03:00:00,15.0,28.1,89,999.7,1.9,241,0.2,3,0,6,16.0,10.0,10.0,29.0,12.0,15.0,12.5,18.083333333333332,23.416666666666668
2026-06-15 04:00:00,23.0,29.4,83,999.7,0.8,243,0.0,4,0,6,15.0,19.0,10.0,31.0,32.0,44.0,13.333333333333334,16.916666666666668,23.541666666666668
2026-06-15 05:00:00,35.0,31.2,75,999.5,0.8,63,0.0,5,0,6,23.0,16.0,10.0,22.0,31.0,21.0,15.5,16.25,23.166666666666668
2026-06-15 06:00:00,34.0,33.1,66,998.6,2.5,94,0.0,6,0,6,35.0,15.0,10.0,26.0,32.0,15.0,19.666666666666668,17.333333333333332,23.333333333333332
2026-06-15 07:00:00,23.0,33.8,64,998.1,1.7,139,0.1,7,0,6,34.0,23.0,19.0,16.0,30.0,15.0,23.666666666666668,18.0,23.416666666666668
2026-06-15 08:00:00,25.0,34.3,61,997.3,2.4,132,0.1,8,0,6,23.0,35.0,16.0,18.0,28.0,18.0,24.333333333333332,18.583333333333332,23.125
2026-06-15 09:00:00,18.0,34.4,60,996.7,4.2,115,0.0,9,0,6,25.0,34.0,15.0,10.0,31.0,19.0,25.833333333333332,19.166666666666668,23.0
2026-06-15 10:00:00,16.0,27.5,93,997.5,18.0,146,2.5,10,0,6,18.0,23.0,23.0,10.0,26.0,19.0,26.333333333333332,19.833333333333332,22.458333333333332
2026-06-15 11:00:00,17.0,27.8,93,997.4,3.9,217,0.5,11,0,6,16.0,25.0,35.0,10.0,27.0,23.0,25.166666666666668,20.333333333333332,22.041666666666668
2026-06-15 16:00:00,25.0,29.6,89,999.5,10.9,164,0.0,16,0,6,17.0,18.0,34.0,10.0,31.0,19.0,22.166666666666668,20.916666666666668,21.625
2026-06-15 17:00:00,33.0,29.3,90,999.7,9.4,162,0.0,17,0,6,25.0,16.0,23.0,19.0,35.0,17.0,20.666666666666668,22.166666666666668,21.375
2026-06-15 18:00:00,26.0,29.3,91,999.0,10.1,153,0.0,18,0,6,33.0,17.0,25.0,16.0,30.0,24.0,22.333333333333332,23.333333333333332,21.291666666666668
2026-06-15 20:00:00,17.0,28.5,94,998.1,8.8,163,0.0,20,0,6,26.0,25.0,18.0,15.0,29.0,27.0,22.5,24.166666666666668,21.125
2026-06-15 21:00:00,16.0,28.4,95,998.2,7.7,168,0.0,21,0,6,17.0,33.0,16.0,23.0,31.0,33.0,22.333333333333332,24.333333333333332,20.625
2026-06-15 22:00:00,14.0,28.3,96,998.2,8.1,180,0.0,22,0,6,16.0,26.0,17.0,35.0,22.0,32.0,22.333333333333332,23.75,20.0
2026-06-15 23:00:00,16.0,28.2,97,998.4,7.2,186,0.0,23,0,6,14.0,17.0,25.0,34.0,26.0,34.0,21.833333333333332,22.0,19.666666666666668
2026-06-16 00:00:00,11.0,28.4,97,999.0,6.0,205,0.0,0,1,6,16.0,16.0,33.0,23.0,16.0,38.0,20.333333333333332,20.5,19.25
2026-06-16 01:00:00,9.0,29.4,92,999.3,6.9,210,0.0,1,1,6,11.0,14.0,26.0,25.0,18.0,43.0,16.666666666666668,19.5,19.041666666666668
2026-06-16 02:00:00,16.0,31.0,83,999.6,8.2,221,0.0,2,1,6,9.0,16.0,17.0,18.0,10.0,10.0,13.833333333333334,18.166666666666668,18.666666666666668
2026-06-16 03:00:00,15.0,32.3,77,999.8,6.6,213,0.0,3,1,6,16.0,11.0,16.0,16.0,10.0,6.0,13.666666666666666,18.0,18.916666666666668
2026-06-16 04:00:00,16.0,33.7,70,999.9,5.8,202,0.0,4,1,6,15.0,9.0,14.0,17.0,10.0,7.0,13.5,17.916666666666668,19.125
2026-06-16 05:00:00,22.0,35.1,61,999.6,5.1,207,0.0,5,1,6,16.0,16.0,16.0,25.0,10.0,5.0,13.833333333333334,17.833333333333332,19.375
2026-06-16 06:00:00,24.0,36.3,51,999.0,5.2,207,0.0,6,1,6,22.0,15.0,11.0,33.0,19.0,4.0,14.833333333333334,17.583333333333332,19.875
2026-06-16 07:00:00,26.0,36.7,48,998.2,6.0,175,0.0,7,1,6,24.0,16.0,9.0,26.0,16.0,9.0,17.0,16.833333333333332,20.083333333333332
2026-06-16 08:00:00,28.0,36.1,48,997.4,12.0,173,0.0,8,1,6,26.0,22.0,16.0,17.0,15.0,12.0,19.833333333333332,16.833333333333332,20.5
2026-06-16 09:00:00,18.0,33.1,63,998.0,5.1,203,1.1,9,1,6,28.0,24.0,15.0,16.0,23.0,32.0,21.833333333333332,17.75,21.041666666666668
2026-06-16 12:00:00,2.0,33.2,59,998.5,2.2,95,0.0,12,1,6,18.0,26.0,16.0,14.0,35.0,31.0,22.333333333333332,17.916666666666668,20.833333333333332
2026-06-16 13:00:00,9.0,30.9,73,998.8,9.7,133,0.0,13,1,6,2.0,28.0,22.0,16.0,34.0,32.0,20.0,16.916666666666668,19.458333333333332
2026-06-16 14:00:00,13.0,30.0,76,999.3,12.3,165,0.0,14,1,6,9.0,18.0,24.0,11.0,23.0,30.0,17.833333333333332,16.333333333333332,18.416666666666668
2026-06-16 15:00:00,9.0,29.3,84,1000.2,10.1,178,0.0,15,1,6,13.0,2.0,26.0,9.0,25.0,28.0,16.0,16.5,18.0
2026-06-16 16:00:00,10.0,29.0,88,1000.6,10.5,186,0.0,16,1,6,9.0,9.0,28.0,16.0,18.0,31.0,13.166666666666666,16.5,17.333333333333332
2026-06-16 17:00:00,8.0,28.9,89,1000.8,10.4,195,0.0,17,1,6,10.0,13.0,18.0,15.0,16.0,26.0,10.166666666666666,16.0,17.0
2026-06-16 18:00:00,15.0,28.3,85,1000.1,8.4,214,0.0,18,1,6,8.0,9.0,2.0,16.0,17.0,27.0,8.5,15.416666666666666,16.666666666666668
2026-06-16 19:00:00,19.0,28.1,87,999.8,8.7,207,0.0,19,1,6,15.0,10.0,9.0,22.0,25.0,31.0,10.666666666666666,15.333333333333334,16.583333333333332
2026-06-16 20:00:00,19.0,28.2,87,999.6,8.1,209,0.0,20,1,6,19.0,8.0,13.0,24.0,33.0,35.0,12.333333333333334,15.083333333333334,16.333333333333332
2026-06-16 21:00:00,15.0,28.2,88,999.8,7.3,205,0.0,21,1,6,19.0,15.0,9.0,26.0,26.0,30.0,13.333333333333334,14.666666666666666,15.75
2026-06-16 22:00:00,15.0,28.2,89,1000.1,7.1,201,0.0,22,1,6,15.0,19.0,10.0,28.0,17.0,29.0,14.333333333333334,13.75,15.291666666666666
2026-06-16 23:00:00,14.0,28.1,90,999.9,8.8,189,0.0,23,1,6,15.0,19.0,8.0,18.0,16.0,31.0,15.166666666666666,12.666666666666666,15.208333333333334
2026-06-17 00:00:00,11.0,28.2,91,1000.1,6.9,200,0.0,0,2,6,14.0,15.0,15.0,2.0,14.0,22.0,16.166666666666668,12.333333333333334,15.125
2026-06-17 01:00:00,18.0,29.1,88,1000.6,8.6,213,0.0,1,2,6,11.0,15.0,19.0,9.0,16.0,26.0,15.5,13.083333333333334,15.0
2026-06-17 02:00:00,21.0,30.3,82,1000.9,11.9,212,0.0,2,2,6,18.0,14.0,19.0,13.0,11.0,16.0,15.333333333333334,13.833333333333334,15.083333333333334
2026-06-17 03:00:00,33.0,31.9,74,1001.2,12.1,215,0.0,3,2,6,21.0,11.0,15.0,9.0,9.0,18.0,15.666666666666666,14.5,15.5
2026-06-17 04:00:00,21.0,33.3,67,1001.4,12.7,220,0.0,4,2,6,33.0,18.0,15.0,10.0,16.0,10.0,18.666666666666668,16.5,16.5
2026-06-17 05:00:00,37.0,34.3,62,1001.1,12.8,222,0.0,5,2,6,21.0,21.0,14.0,8.0,15.0,10.0,19.666666666666668,17.416666666666668,16.708333333333332
2026-06-17 06:00:00,36.0,35.5,54,1000.0,11.1,214,0.0,6,2,6,37.0,33.0,11.0,15.0,16.0,10.0,23.5,19.833333333333332,17.625
2026-06-17 07:00:00,28.0,35.6,53,999.4,12.5,203,0.0,7,2,6,36.0,21.0,18.0,19.0,22.0,10.0,27.666666666666668,21.583333333333332,18.458333333333332
2026-06-17 08:00:00,29.0,35.9,52,998.4,9.6,186,0.0,8,2,6,28.0,37.0,21.0,19.0,24.0,19.0,29.333333333333332,22.333333333333332,18.708333333333332
2026-06-17 09:00:00,31.0,35.0,54,998.2,10.8,224,0.0,9,2,6,29.0,36.0,33.0,15.0,26.0,16.0,30.666666666666668,23.166666666666668,18.916666666666668
2026-06-17 10:00:00,26.0,34.9,54,997.6,7.3,237,0.2,10,2,6,31.0,28.0,21.0,15.0,28.0,15.0,30.333333333333332,24.5,19.125
2026-06-17 11:00:00,32.0,34.5,54,997.4,9.1,212,0.0,11,2,6,26.0,29.0,37.0,14.0,18.0,23.0,31.166666666666668,25.416666666666668,19.041666666666668
2026-06-17 12:00:00,20.0,33.6,63,997.0,6.9,200,0.0,12,2,6,32.0,31.0,36.0,11.0,2.0,35.0,30.333333333333332,26.916666666666668,19.625
2026-06-17 13:00:00,21.0,32.1,71,997.9,13.9,190,0.0,13,2,6,20.0,26.0,28.0,18.0,9.0,34.0,27.666666666666668,27.666666666666668,20.375
2026-06-17 14:00:00,22.0,31.3,77,998.8,14.8,202,0.0,14,2,6,21.0,32.0,29.0,21.0,13.0,23.0,26.5,27.916666666666668,20.875
2026-06-17 15:00:00,16.0,30.5,82,999.5,13.1,203,0.0,15,2,6,22.0,20.0,31.0,33.0,9.0,25.0,25.333333333333332,28.0,21.25
2026-06-17 16:00:00,12.0,29.8,81,999.7,11.2,195,0.0,16,2,6,16.0,21.0,26.0,21.0,10.0,18.0,22.833333333333332,26.583333333333332,21.541666666666668
2026-06-17 17:00:00,16.0,29.4,82,999.6,10.9,196,0.0,17,2,6,12.0,22.0,32.0,37.0,8.0,16.0,20.5,25.833333333333332,21.625
2026-06-17 18:00:00,15.0,29.3,81,999.1,11.0,212,0.0,18,2,6,16.0,16.0,20.0,36.0,15.0,17.0,17.833333333333332,24.083333333333332,21.958333333333332
2026-06-17 19:00:00,22.0,29.0,84,998.7,10.5,213,0.0,19,2,6,15.0,12.0,21.0,28.0,19.0,25.0,17.0,22.333333333333332,21.958333333333332
2026-06-17 20:00:00,21.0,28.7,86,998.6,9.1,218,0.0,20,2,6,22.0,16.0,22.0,29.0,19.0,33.0,17.166666666666668,21.833333333333332,22.083333333333332
2026-06-17 21:00:00,28.0,28.5,88,999.0,8.0,214,0.0,21,2,6,21.0,15.0,16.0,31.0,15.0,26.0,17.0,21.166666666666668,22.166666666666668
2026-06-17 22:00:00,17.0,28.1,89,998.8,8.0,218,0.0,22,2,6,28.0,22.0,12.0,26.0,15.0,17.0,19.0,20.916666666666668,22.708333333333332
2026-06-17 23:00:00,17.0,28.0,90,999.4,7.9,201,0.0,23,2,6,17.0,21.0,16.0,32.0,14.0,16.0,19.833333333333332,20.166666666666668,22.791666666666668
2026-06-18 00:00:00,34.0,28.0,95,999.6,6.7,199,0.0,0,3,6,17.0,28.0,15.0,20.0,11.0,14.0,20.0,18.916666666666668,22.916666666666668
2026-06-18 01:00:00,17.0,29.2,90,1000.1,4.4,199,0.0,1,3,6,34.0,17.0,22.0,21.0,18.0,16.0,23.166666666666668,20.083333333333332,23.875
2026-06-18 02:00:00,39.0,30.5,84,1000.3,4.2,216,0.0,2,3,6,17.0,17.0,21.0,22.0,21.0,11.0,22.333333333333332,19.75,23.833333333333332
2026-06-18 03:00:00,22.0,32.0,76,1000.8,6.2,210,0.0,3,3,6,39.0,34.0,28.0,16.0,33.0,9.0,25.333333333333332,21.166666666666668,24.583333333333332
2026-06-18 04:00:00,28.0,33.2,70,1001.0,5.9,207,0.0,4,3,6,22.0,17.0,17.0,12.0,21.0,16.0,24.333333333333332,21.666666666666668,24.125
2026-06-18 05:00:00,37.0,34.7,63,1000.6,7.5,210,0.0,5,3,6,28.0,39.0,17.0,16.0,37.0,15.0,26.166666666666668,23.0,24.416666666666668
2026-06-18 06:00:00,19.0,34.6,60,999.6,11.6,213,1.9,6,3,6,37.0,22.0,34.0,15.0,36.0,16.0,29.5,24.75,24.416666666666668
2026-06-18 07:00:00,12.0,35.6,54,998.7,8.9,241,0.0,7,3,6,19.0,28.0,17.0,22.0,28.0,22.0,27.0,25.083333333333332,23.708333333333332
2026-06-18 08:00:00,18.0,36.2,50,998.0,7.2,264,0.0,8,3,6,12.0,37.0,39.0,21.0,29.0,24.0,26.166666666666668,24.25,23.041666666666668
2026-06-18 09:00:00,13.0,36.3,48,997.7,6.3,294,0.0,9,3,6,18.0,19.0,22.0,28.0,31.0,26.0,22.666666666666668,24.0,22.583333333333332
2026-06-18 10:00:00,16.0,31.6,70,998.3,13.3,81,0.5,10,3,6,13.0,12.0,28.0,17.0,26.0,28.0,21.166666666666668,22.75,21.833333333333332
2026-06-18 11:00:00,13.0,28.8,86,997.8,10.3,155,0.3,11,3,6,16.0,18.0,37.0,17.0,32.0,18.0,19.166666666666668,22.666666666666668,21.416666666666668
2026-06-18 13:00:00,25.0,32.5,67,997.1,10.2,159,0.0,13,3,6,13.0,13.0,19.0,34.0,20.0,2.0,15.166666666666666,22.333333333333332,20.625
2026-06-18 14:00:00,26.0,31.7,71,997.8,10.1,174,0.0,14,3,6,25.0,16.0,12.0,17.0,21.0,9.0,16.166666666666668,21.583333333333332,20.833333333333332
2026-06-18 15:00:00,17.0,30.9,77,998.5,9.9,171,0.0,15,3,6,26.0,13.0,18.0,39.0,22.0,13.0,18.5,22.333333333333332,21.041666666666668
2026-06-18 16:00:00,18.0,30.3,81,999.2,10.8,182,0.0,16,3,6,17.0,25.0,13.0,22.0,16.0,9.0,18.333333333333332,20.5,20.833333333333332
2026-06-18 17:00:00,19.0,30.1,84,999.7,12.5,176,0.0,17,3,6,18.0,26.0,16.0,28.0,12.0,10.0,19.166666666666668,20.166666666666668,20.916666666666668
2026-06-18 18:00:00,4.0,30.0,86,999.6,14.8,182,0.0,18,3,6,19.0,17.0,13.0,37.0,16.0,8.0,19.666666666666668,19.416666666666668,21.208333333333332
2026-06-18 20:00:00,9.0,29.5,88,998.7,15.7,197,0.0,20,3,6,4.0,18.0,25.0,19.0,15.0,15.0,18.166666666666668,16.666666666666668,20.708333333333332
2026-06-18 21:00:00,13.0,29.2,89,998.6,16.5,202,0.0,21,3,6,9.0,19.0,26.0,12.0,22.0,19.0,15.5,15.833333333333334,20.458333333333332
2026-06-18 22:00:00,17.0,29.2,89,998.3,16.5,204,0.0,22,3,6,13.0,4.0,17.0,18.0,21.0,19.0,13.333333333333334,15.916666666666666,20.083333333333332
2026-06-18 23:00:00,18.0,29.1,89,998.8,17.0,204,0.0,23,3,6,17.0,9.0,18.0,13.0,28.0,15.0,13.333333333333334,15.833333333333334,19.916666666666668
2026-06-19 00:00:00,25.0,29.0,90,998.9,13.3,201,0.0,0,4,6,18.0,13.0,19.0,16.0,17.0,15.0,13.333333333333334,16.25,19.5
2026-06-19 01:00:00,120.0,29.7,86,999.0,16.6,203,0.0,1,4,6,25.0,17.0,4.0,13.0,17.0,14.0,14.333333333333334,17.0,19.833333333333332
2026-06-19 02:00:00,27.0,30.8,80,999.5,16.2,203,0.0,2,4,6,120.0,18.0,9.0,25.0,34.0,11.0,33.666666666666664,25.916666666666668,24.125
2026-06-19 03:00:00,6.0,31.9,73,1000.2,17.4,204,0.0,3,4,6,27.0,25.0,13.0,26.0,17.0,18.0,36.666666666666664,26.083333333333332,23.833333333333332
2026-06-19 04:00:00,10.0,32.2,70,1000.4,18.8,206,0.0,4,4,6,6.0,120.0,17.0,17.0,39.0,21.0,35.5,24.416666666666668,23.375
2026-06-19 05:00:00,15.0,33.2,65,1000.4,19.4,203,0.0,5,4,6,10.0,27.0,18.0,18.0,22.0,33.0,34.333333333333336,23.833333333333332,22.166666666666668
2026-06-19 06:00:00,22.0,33.0,65,999.9,11.5,205,0.0,6,4,6,15.0,6.0,25.0,19.0,28.0,21.0,33.833333333333336,23.583333333333332,21.875
2026-06-19 07:00:00,22.0,33.2,64,999.5,14.0,206,0.0,7,4,6,22.0,10.0,120.0,4.0,37.0,37.0,33.333333333333336,23.833333333333332,21.625
2026-06-19 08:00:00,24.0,33.5,64,998.6,12.2,209,0.0,8,4,6,22.0,15.0,27.0,9.0,19.0,36.0,17.0,25.333333333333332,21.0
2026-06-19 09:00:00,21.0,33.5,63,998.4,9.5,207,0.0,9,4,6,24.0,22.0,6.0,13.0,12.0,28.0,16.5,26.583333333333332,21.208333333333332
2026-06-19 11:00:00,13.0,27.3,95,999.0,6.1,258,6.0,11,4,6,21.0,22.0,10.0,17.0,18.0,29.0,19.0,27.25,21.583333333333332
2026-06-19 12:00:00,80.0,27.1,88,1000.1,3.2,93,2.2,12,4,6,13.0,24.0,15.0,18.0,13.0,31.0,19.5,26.916666666666668,21.375
2026-06-19 13:00:00,2.0,26.8,90,1000.1,4.5,106,0.0,13,4,6,80.0,21.0,22.0,25.0,16.0,26.0,30.333333333333332,32.083333333333336,24.166666666666668
2026-06-19 14:00:00,9.0,26.8,90,1000.3,0.9,127,0.0,14,4,6,2.0,13.0,22.0,120.0,13.0,32.0,27.0,30.166666666666668,23.583333333333332
2026-06-19 15:00:00,7.0,26.7,90,1000.7,1.4,220,0.0,15,4,6,9.0,80.0,24.0,27.0,25.0,20.0,24.833333333333332,20.916666666666668,23.416666666666668
2026-06-19 16:00:00,6.0,26.7,91,1001.2,2.3,231,0.0,16,4,6,7.0,2.0,21.0,6.0,26.0,21.0,22.0,19.25,22.666666666666668
2026-06-19 17:00:00,6.0,26.6,92,1001.8,0.9,323,0.0,17,4,6,6.0,9.0,13.0,10.0,17.0,22.0,19.5,19.25,21.833333333333332
2026-06-19 18:00:00,6.0,26.2,93,1001.0,3.8,79,0.1,18,4,6,6.0,7.0,80.0,15.0,18.0,16.0,18.333333333333332,18.916666666666668,21.375
2026-06-19 20:00:00,1.0,26.1,91,1000.0,10.4,214,0.0,20,4,6,6.0,6.0,2.0,22.0,19.0,12.0,6.0,18.166666666666668,20.875
2026-06-19 21:00:00,5.0,26.2,93,999.7,10.2,219,0.2,21,4,6,1.0,6.0,9.0,22.0,4.0,16.0,5.833333333333333,16.416666666666668,20.125
2026-06-19 22:00:00,5.0,26.3,94,999.8,10.3,216,0.3,22,4,6,5.0,6.0,7.0,24.0,9.0,15.0,5.166666666666667,15.0,20.166666666666668
2026-06-19 23:00:00,8.0,26.4,93,999.4,9.8,232,0.0,23,4,6,5.0,1.0,6.0,21.0,13.0,22.0,4.833333333333333,13.416666666666666,20.0
2026-06-20 00:00:00,5.0,26.4,93,999.7,13.1,221,0.0,0,5,6,8.0,5.0,6.0,13.0,17.0,21.0,5.166666666666667,12.333333333333334,19.791666666666668
2026-06-20 01:00:00,7.0,27.0,90,1000.2,12.4,237,0.1,1,5,6,5.0,5.0,6.0,80.0,18.0,28.0,5.0,11.666666666666666,19.291666666666668
2026-06-20 02:00:00,7.0,28.0,88,1000.5,8.5,243,0.0,2,5,6,7.0,8.0,1.0,2.0,25.0,17.0,5.166666666666667,5.583333333333333,18.833333333333332
2026-06-20 03:00:00,17.0,30.1,78,1000.6,8.5,235,0.0,3,5,6,7.0,5.0,5.0,9.0,120.0,17.0,6.166666666666667,6.0,18.083333333333332
2026-06-20 04:00:00,15.0,31.5,71,1000.8,9.6,223,0.0,4,5,6,17.0,7.0,5.0,7.0,27.0,34.0,8.166666666666666,6.666666666666667,13.791666666666666
2026-06-20 05:00:00,14.0,33.1,64,1000.3,11.1,222,0.0,5,5,6,15.0,7.0,8.0,6.0,6.0,17.0,9.833333333333334,7.333333333333333,13.291666666666666
2026-06-20 06:00:00,16.0,34.3,56,1000.4,10.0,236,0.3,6,5,6,14.0,17.0,5.0,6.0,10.0,39.0,10.833333333333334,8.0,13.625
2026-06-20 07:00:00,14.0,32.7,62,1000.3,12.0,217,0.7,7,5,6,16.0,15.0,7.0,6.0,15.0,22.0,12.666666666666666,8.833333333333334,13.875
2026-06-20 08:00:00,14.0,29.8,76,999.7,8.7,159,0.3,8,5,6,14.0,14.0,7.0,1.0,22.0,28.0,13.833333333333334,9.5,13.833333333333334
2026-06-20 09:00:00,6.0,30.6,76,998.9,5.4,184,0.4,9,5,6,14.0,16.0,17.0,5.0,22.0,37.0,15.0,10.583333333333334,13.5
2026-06-20 10:00:00,12.0,31.8,69,998.4,7.3,211,0.2,10,5,6,6.0,14.0,15.0,5.0,24.0,19.0,13.166666666666666,10.666666666666666,12.833333333333334
2026-06-20 11:00:00,8.0,32.1,66,998.4,9.9,189,0.1,11,5,6,12.0,14.0,14.0,8.0,21.0,12.0,12.666666666666666,11.25,12.333333333333334
2026-06-20 12:00:00,12.0,31.6,73,998.2,14.8,209,0.0,12,5,6,8.0,6.0,16.0,5.0,13.0,18.0,11.666666666666666,11.25,11.791666666666666
2026-06-20 13:00:00,16.0,30.5,77,998.2,12.3,205,0.0,13,5,6,12.0,12.0,14.0,7.0,80.0,13.0,11.0,11.833333333333334,11.75
2026-06-20 14:00:00,17.0,29.7,81,999.3,10.6,203,0.0,14,5,6,16.0,8.0,14.0,7.0,2.0,16.0,11.333333333333334,12.583333333333334,9.083333333333334
2026-06-20 15:00:00,16.0,29.1,84,1000.2,9.9,196,0.0,15,5,6,17.0,12.0,6.0,17.0,9.0,13.0,11.833333333333334,13.416666666666666,9.708333333333334
2026-06-20 16:00:00,14.0,28.6,88,1000.7,11.5,200,0.0,16,5,6,16.0,16.0,12.0,15.0,7.0,25.0,13.5,13.333333333333334,10.0
2026-06-20 17:00:00,10.0,28.5,89,1000.8,11.1,211,0.0,17,5,6,14.0,17.0,8.0,14.0,6.0,26.0,13.833333333333334,13.25,10.291666666666666
2026-06-20 18:00:00,4.0,28.0,86,999.9,10.4,214,0.0,18,5,6,10.0,16.0,12.0,16.0,6.0,17.0,14.166666666666666,12.916666666666666,10.458333333333334
2026-06-20 19:00:00,5.0,27.6,86,999.1,11.4,211,0.0,19,5,6,4.0,14.0,16.0,14.0,6.0,18.0,12.833333333333334,11.916666666666666,10.375
2026-06-20 20:00:00,4.0,27.5,86,998.5,11.8,218,0.0,20,5,6,5.0,10.0,17.0,14.0,1.0,19.0,11.0,11.166666666666666,10.333333333333334
2026-06-20 21:00:00,3.0,27.5,87,998.3,11.5,215,0.0,21,5,6,4.0,4.0,16.0,6.0,5.0,4.0,8.833333333333334,10.333333333333334,10.458333333333334
2026-06-20 22:00:00,5.0,27.4,88,998.6,11.2,208,0.0,22,5,6,3.0,5.0,14.0,12.0,5.0,9.0,6.666666666666667,10.083333333333334,10.375
2026-06-20 23:00:00,7.0,27.4,89,999.2,12.2,194,0.0,23,5,6,5.0,4.0,10.0,8.0,8.0,13.0,5.166666666666667,9.5,10.375
2026-06-21 00:00:00,6.0,27.7,83,998.7,14.3,217,0.0,0,6,6,7.0,3.0,4.0,12.0,5.0,17.0,4.666666666666667,9.416666666666666,10.333333333333334
2026-06-21 01:00:00,9.0,28.3,81,999.1,13.5,226,0.0,1,6,6,6.0,5.0,5.0,16.0,7.0,18.0,5.0,8.916666666666666,10.375
2026-06-21 02:00:00,13.0,29.6,76,999.1,10.9,231,0.0,2,6,6,9.0,7.0,4.0,17.0,7.0,25.0,5.666666666666667,8.333333333333334,10.458333333333334
2026-06-21 03:00:00,12.0,31.2,69,999.4,7.6,248,0.0,3,6,6,13.0,6.0,3.0,16.0,17.0,120.0,7.166666666666667,8.0,10.708333333333334
2026-06-21 04:00:00,13.0,31.3,69,1000.4,7.4,309,0.2,4,6,6,12.0,9.0,5.0,14.0,15.0,27.0,8.666666666666666,7.666666666666667,10.5
2026-06-21 05:00:00,16.0,28.7,88,999.7,6.1,5,1.9,5,6,6,13.0,13.0,7.0,10.0,14.0,6.0,10.0,7.583333333333333,10.416666666666666
2026-06-21 06:00:00,14.0,33.4,64,999.2,2.3,94,0.9,6,6,6,16.0,12.0,6.0,4.0,16.0,10.0,11.5,8.083333333333334,10.5
2026-06-21 07:00:00,20.0,33.4,63,998.5,7.0,157,0.0,7,6,6,14.0,13.0,9.0,5.0,14.0,15.0,12.833333333333334,8.916666666666666,10.416666666666666
2026-06-21 08:00:00,14.0,33.4,59,997.7,13.0,202,0.0,8,6,6,20.0,16.0,13.0,4.0,14.0,22.0,14.666666666666666,10.166666666666666,10.666666666666666
2026-06-21 09:00:00,12.0,32.7,65,997.4,11.2,204,1.0,9,6,6,14.0,14.0,12.0,3.0,6.0,22.0,14.833333333333334,11.0,10.666666666666666
2026-06-21 10:00:00,12.0,28.1,87,998.8,11.2,32,7.3,10,6,6,12.0,20.0,13.0,5.0,12.0,24.0,14.833333333333334,11.75,10.916666666666666
2026-06-21 11:00:00,8.0,27.2,95,997.9,4.8,149,4.7,11,6,6,12.0,14.0,16.0,7.0,8.0,21.0,14.666666666666666,12.333333333333334,10.916666666666666
2026-06-21 12:00:00,8.0,29.9,85,997.5,11.7,180,2.5,12,6,6,8.0,12.0,14.0,6.0,12.0,13.0,13.333333333333334,12.416666666666666,10.916666666666666
2026-06-21 13:00:00,14.0,28.9,89,997.9,10.2,208,0.9,13,6,6,8.0,12.0,20.0,9.0,16.0,80.0,12.333333333333334,12.583333333333334,10.75
2026-06-21 14:00:00,14.0,28.5,89,998.7,11.2,206,0.2,14,6,6,14.0,8.0,14.0,13.0,17.0,2.0,11.333333333333334,13.0,10.666666666666666
2026-06-21 15:00:00,9.0,28.6,88,999.3,9.6,223,0.0,15,6,6,14.0,8.0,12.0,12.0,16.0,9.0,11.333333333333334,13.083333333333334,10.541666666666666
2026-06-21 16:00:00,20.0,28.6,88,999.8,9.6,203,0.0,16,6,6,9.0,14.0,12.0,13.0,14.0,7.0,10.833333333333334,12.833333333333334,10.25
2026-06-21 17:00:00,22.0,28.5,88,999.8,7.6,195,0.0,17,6,6,20.0,14.0,8.0,16.0,10.0,6.0,12.166666666666666,13.416666666666666,10.5
2026-06-21 18:00:00,11.0,28.9,85,999.2,9.1,231,0.0,18,6,6,22.0,9.0,8.0,14.0,4.0,6.0,14.5,13.916666666666666,11.0
2026-06-21 19:00:00,8.0,28.6,87,998.9,10.2,214,0.0,19,6,6,11.0,20.0,14.0,20.0,5.0,6.0,15.0,13.666666666666666,11.291666666666666
2026-06-21 21:00:00,5.0,28.3,90,998.3,21.6,200,0.0,21,6,6,8.0,22.0,14.0,14.0,4.0,1.0,14.0,12.666666666666666,11.416666666666666
2026-06-21 22:00:00,2.0,27.6,84,998.4,18.9,229,0.0,22,6,6,5.0,11.0,9.0,12.0,3.0,5.0,12.5,11.916666666666666,11.458333333333334
2026-06-21 23:00:00,6.0,28.1,84,999.6,19.9,275,0.0,23,6,6,2.0,8.0,20.0,12.0,5.0,5.0,11.333333333333334,11.083333333333334,11.416666666666666
2026-06-22 00:00:00,16.0,26.9,96,999.7,13.9,260,0.4,0,0,6,6.0,5.0,22.0,8.0,7.0,8.0,9.0,10.583333333333334,11.458333333333334
2026-06-22 01:00:00,13.0,26.9,97,1000.3,13.8,216,0.7,1,0,6,16.0,2.0,11.0,8.0,6.0,5.0,8.0,11.25,11.833333333333334
2026-06-22 02:00:00,16.0,27.6,94,1001.0,12.9,195,2.2,2,0,6,13.0,6.0,8.0,14.0,9.0,7.0,8.333333333333334,11.666666666666666,12.125
2026-06-22 03:00:00,8.0,27.5,91,1001.3,15.0,207,0.5,3,0,6,16.0,16.0,5.0,14.0,13.0,7.0,9.666666666666666,11.833333333333334,12.416666666666666
2026-06-22 04:00:00,28.0,28.9,88,1001.5,13.5,210,0.4,4,0,6,8.0,13.0,2.0,9.0,12.0,17.0,10.166666666666666,11.333333333333334,12.208333333333334
2026-06-22 05:00:00,10.0,28.7,88,1001.1,11.2,186,1.8,5,0,6,28.0,16.0,6.0,20.0,13.0,15.0,14.5,12.916666666666666,12.875
2026-06-22 07:00:00,8.0,27.6,95,1000.3,11.0,178,0.8,7,0,6,10.0,8.0,16.0,22.0,16.0,14.0,15.166666666666666,12.083333333333334,12.75
2026-06-22 08:00:00,18.0,28.3,90,999.2,11.6,206,0.9,8,0,6,8.0,28.0,13.0,11.0,14.0,16.0,13.833333333333334,10.916666666666666,12.416666666666666
2026-06-22 09:00:00,25.0,28.7,89,998.5,8.1,198,0.3,9,0,6,18.0,10.0,16.0,8.0,20.0,14.0,14.666666666666666,11.5,12.583333333333334
2026-06-22 11:00:00,19.0,28.9,86,998.1,8.2,216,0.0,11,0,6,25.0,8.0,8.0,5.0,14.0,14.0,16.166666666666668,12.916666666666666,12.791666666666666
2026-06-22 12:00:00,30.0,30.7,75,997.8,7.7,217,0.0,12,0,6,19.0,18.0,28.0,2.0,12.0,6.0,18.0,14.083333333333334,13.0
2026-06-22 13:00:00,35.0,29.5,82,998.1,10.2,234,0.0,13,0,6,30.0,25.0,10.0,6.0,12.0,12.0,18.333333333333332,16.416666666666668,13.75
2026-06-22 14:00:00,18.0,28.8,84,998.3,11.5,238,0.0,14,0,6,35.0,19.0,8.0,16.0,8.0,8.0,22.5,18.833333333333332,14.708333333333334
2026-06-22 15:00:00,18.0,28.4,88,999.1,10.0,242,0.0,15,0,6,18.0,30.0,18.0,13.0,8.0,12.0,24.166666666666668,19.0,15.125
2026-06-22 16:00:00,13.0,28.2,89,999.5,8.3,237,0.0,16,0,6,18.0,35.0,25.0,16.0,14.0,16.0,24.166666666666668,19.416666666666668,15.541666666666666
2026-06-22 17:00:00,21.0,28.1,91,999.5,7.5,233,0.0,17,0,6,13.0,18.0,19.0,8.0,14.0,17.0,22.166666666666668,19.166666666666668,15.5
2026-06-22 18:00:00,19.0,28.6,88,998.1,7.9,219,0.0,18,0,6,21.0,18.0,30.0,28.0,9.0,16.0,22.5,20.25,15.791666666666666
2026-06-22 19:00:00,25.0,28.5,89,998.0,9.3,236,0.0,19,0,6,19.0,13.0,35.0,10.0,20.0,14.0,20.666666666666668,19.5,16.208333333333332
2026-06-22 20:00:00,27.0,28.6,89,996.8,11.8,264,0.0,20,0,6,25.0,21.0,18.0,8.0,22.0,10.0,19.0,20.75,16.416666666666668
2026-06-22 21:00:00,21.0,28.3,86,996.5,13.3,288,0.1,21,0,6,27.0,19.0,18.0,18.0,11.0,4.0,20.5,22.333333333333332,16.625
2026-06-22 22:00:00,24.0,27.9,88,996.9,13.9,311,0.0,22,0,6,21.0,25.0,13.0,25.0,8.0,5.0,21.0,22.583333333333332,17.041666666666668
2026-06-22 23:00:00,41.0,27.4,85,997.5,12.9,327,0.0,23,0,6,24.0,27.0,21.0,19.0,5.0,4.0,22.833333333333332,22.5,17.708333333333332
2026-06-23 00:00:00,26.0,27.3,89,996.8,7.1,319,1.6,0,1,6,41.0,21.0,19.0,30.0,2.0,3.0,26.166666666666668,24.333333333333332,19.208333333333332
2026-06-23 01:00:00,50.0,27.8,86,997.2,7.7,307,0.0,1,1,6,26.0,24.0,25.0,35.0,6.0,5.0,27.333333333333332,24.0,20.208333333333332
2026-06-23 02:00:00,70.0,28.7,83,998.2,7.8,220,0.0,2,1,6,50.0,41.0,27.0,18.0,16.0,7.0,31.5,25.25,22.041666666666668
2026-06-23 03:00:00,72.0,29.5,80,998.4,9.2,230,0.0,3,1,6,70.0,26.0,21.0,18.0,13.0,6.0,38.666666666666664,29.583333333333332,24.291666666666668
2026-06-23 10:00:00,16.0,29.3,84,996.1,7.6,202,0.3,10,1,6,72.0,50.0,24.0,13.0,16.0,9.0,47.166666666666664,34.083333333333336,26.75
2026-06-25 16:00:00,11.0,29.1,88,999.4,8.1,175,0.0,16,3,6,16.0,70.0,41.0,21.0,8.0,13.0,45.833333333333336,34.333333333333336,26.75
2026-06-25 17:00:00,11.0,28.7,91,999.5,8.4,189,0.0,17,3,6,11.0,72.0,26.0,19.0,28.0,12.0,40.833333333333336,33.5,26.875
2026-06-25 18:00:00,12.0,28.4,94,998.9,6.5,186,0.0,18,3,6,11.0,16.0,50.0,25.0,10.0,13.0,38.333333333333336,32.833333333333336,26.166666666666668
2026-06-25 19:00:00,14.0,28.1,96,998.3,5.0,201,0.0,19,3,6,12.0,11.0,70.0,27.0,8.0,16.0,32.0,31.75,26.25
2026-06-25 20:00:00,12.0,28.1,97,998.2,4.3,208,0.0,20,3,6,14.0,11.0,72.0,21.0,18.0,14.0,22.666666666666668,30.666666666666668,26.5
2026-06-25 21:00:00,7.0,27.9,97,998.2,2.1,218,0.0,21,3,6,12.0,12.0,16.0,24.0,25.0,20.0,12.666666666666666,29.916666666666668,26.25
2026-06-25 22:00:00,6.0,27.8,98,998.3,0.4,207,0.0,22,3,6,7.0,14.0,11.0,41.0,19.0,14.0,11.166666666666666,28.5,25.5
2026-06-25 23:00:00,4.0,27.5,99,998.2,0.5,90,0.0,23,3,6,6.0,12.0,11.0,26.0,30.0,12.0,10.333333333333334,25.583333333333332,24.958333333333332
2026-06-26 00:00:00,9.0,28.3,97,998.9,6.2,170,0.0,0,4,6,4.0,7.0,12.0,50.0,35.0,12.0,9.166666666666666,23.75,23.875
2026-06-26 01:00:00,8.0,29.3,92,999.3,5.9,178,0.0,1,4,6,9.0,6.0,14.0,70.0,18.0,8.0,8.666666666666666,20.333333333333332,22.791666666666668
2026-06-26 02:00:00,10.0,30.5,85,999.8,7.4,183,0.0,2,4,6,8.0,4.0,12.0,72.0,18.0,8.0,7.666666666666667,15.166666666666666,22.375
2026-06-26 03:00:00,14.0,31.6,77,1000.2,7.4,179,0.1,3,4,6,10.0,9.0,7.0,16.0,13.0,14.0,7.333333333333333,10.0,22.041666666666668
2026-06-26 04:00:00,12.0,32.6,71,1000.4,7.5,170,0.1,4,4,6,14.0,8.0,6.0,11.0,21.0,14.0,8.5,9.833333333333334,22.083333333333332
2026-06-26 05:00:00,16.0,33.6,67,1000.5,7.0,167,0.1,5,4,6,12.0,10.0,4.0,11.0,19.0,9.0,9.5,9.916666666666666,21.708333333333332
2026-06-26 06:00:00,9.0,33.8,63,999.7,4.9,184,0.1,6,4,6,16.0,14.0,9.0,12.0,25.0,20.0,11.5,10.333333333333334,21.583333333333332
2026-06-26 11:00:00,10.0,29.7,86,997.1,7.3,126,0.7,11,4,6,9.0,12.0,8.0,14.0,27.0,22.0,11.5,10.083333333333334,20.916666666666668
2026-06-26 12:00:00,10.0,31.7,74,997.3,7.0,177,0.1,12,4,6,10.0,16.0,10.0,12.0,21.0,11.0,11.833333333333334,9.75,20.208333333333332
2026-06-26 13:00:00,10.0,30.7,80,997.7,8.4,170,0.0,13,4,6,10.0,9.0,14.0,7.0,24.0,8.0,11.833333333333334,9.583333333333334,19.75
2026-06-26 14:00:00,11.0,30.0,82,998.5,10.6,178,0.0,14,4,6,10.0,10.0,12.0,6.0,41.0,5.0,11.166666666666666,9.833333333333334,19.166666666666668
2026-06-26 15:00:00,46.0,29.4,85,998.9,10.1,196,0.0,15,4,6,11.0,10.0,16.0,4.0,26.0,2.0,11.0,10.25,17.916666666666668
2026-06-26 16:00:00,32.0,28.9,89,999.6,7.6,192,0.0,16,4,6,46.0,10.0,9.0,9.0,50.0,6.0,16.0,13.75,18.75
2026-06-26 17:00:00,28.0,28.6,91,999.7,6.8,183,0.0,17,4,6,32.0,11.0,10.0,8.0,70.0,16.0,19.833333333333332,15.666666666666666,18.0
2026-06-26 18:00:00,24.0,28.9,91,999.6,7.4,183,0.0,18,4,6,28.0,46.0,10.0,10.0,72.0,13.0,22.833333333333332,17.333333333333332,16.25
2026-06-26 19:00:00,22.0,28.6,93,999.2,6.0,197,0.0,19,4,6,24.0,32.0,10.0,14.0,16.0,16.0,25.166666666666668,18.5,14.25
2026-06-26 20:00:00,19.0,28.6,93,998.6,5.9,194,0.0,20,4,6,22.0,28.0,11.0,12.0,11.0,8.0,27.166666666666668,19.166666666666668,14.5
2026-06-26 21:00:00,16.0,28.3,94,998.1,6.1,194,0.0,21,4,6,19.0,24.0,46.0,16.0,11.0,28.0,28.5,19.75,14.833333333333334
2026-06-26 22:00:00,17.0,28.0,96,997.9,6.9,186,0.0,22,4,6,16.0,22.0,32.0,9.0,12.0,10.0,23.5,19.75,15.041666666666666
2026-06-26 23:00:00,21.0,27.9,97,998.2,6.5,175,0.0,23,4,6,17.0,19.0,28.0,10.0,14.0,8.0,21.0,20.416666666666668,15.25
2026-06-27 00:00:00,22.0,28.0,97,998.6,6.6,209,0.1,0,5,6,21.0,16.0,24.0,10.0,12.0,18.0,19.833333333333332,21.333333333333332,15.541666666666666
2026-06-27 01:00:00,23.0,29.1,92,998.5,9.7,223,0.0,1,5,6,22.0,17.0,22.0,10.0,7.0,25.0,19.5,22.333333333333332,15.958333333333334
2026-06-27 02:00:00,24.0,30.2,86,999.4,7.5,220,0.0,2,5,6,23.0,21.0,19.0,11.0,6.0,19.0,19.666666666666668,23.416666666666668,16.625
2026-06-27 03:00:00,33.0,31.1,83,999.6,5.4,217,0.2,3,5,6,24.0,22.0,16.0,46.0,4.0,30.0,20.5,24.5,17.375
2026-06-27 04:00:00,51.0,31.7,80,999.8,2.6,219,0.4,4,5,6,33.0,23.0,17.0,32.0,9.0,35.0,23.333333333333332,23.416666666666668,18.583333333333332
2026-06-27 05:00:00,62.0,26.4,97,1000.8,14.3,129,6.0,5,5,6,51.0,24.0,21.0,28.0,8.0,18.0,29.0,25.0,20.333333333333332
2026-06-27 06:00:00,42.0,29.7,88,999.2,2.7,180,3.7,6,5,6,62.0,33.0,22.0,24.0,10.0,18.0,35.833333333333336,27.833333333333332,22.583333333333332
2026-06-27 07:00:00,34.0,32.3,78,998.5,2.4,153,0.3,7,5,6,42.0,51.0,23.0,22.0,14.0,13.0,39.166666666666664,29.333333333333332,23.916666666666668
2026-06-27 08:00:00,36.0,33.4,68,997.3,3.2,177,0.0,8,5,6,34.0,62.0,24.0,19.0,12.0,21.0,41.0,30.333333333333332,24.75
2026-06-27 09:00:00,40.0,33.9,62,996.7,6.9,185,0.0,9,5,6,36.0,42.0,33.0,16.0,16.0,19.0,43.0,31.75,25.75
2026-06-27 10:00:00,33.0,30.3,79,996.7,16.0,187,1.3,10,5,6,40.0,34.0,51.0,17.0,9.0,25.0,44.166666666666664,33.75,26.75
2026-06-27 11:00:00,31.0,30.1,80,996.2,12.4,190,0.1,11,5,6,33.0,36.0,62.0,21.0,10.0,27.0,41.166666666666664,35.083333333333336,27.75
2026-06-27 12:00:00,31.0,30.7,83,996.5,10.6,178,0.0,12,5,6,31.0,40.0,42.0,22.0,10.0,21.0,36.0,35.916666666666664,28.625
2026-06-27 13:00:00,25.0,30.1,87,996.9,10.3,187,0.0,13,5,6,31.0,33.0,34.0,23.0,10.0,24.0,34.166666666666664,36.666666666666664,29.5
2026-06-27 14:00:00,26.0,29.6,87,997.6,12.0,192,0.0,14,5,6,25.0,31.0,36.0,24.0,11.0,41.0,32.666666666666664,36.833333333333336,30.125
2026-06-27 15:00:00,40.0,29.1,88,998.3,12.3,195,0.0,15,5,6,26.0,31.0,40.0,33.0,46.0,26.0,31.0,37.0,30.75
2026-06-27 16:00:00,30.0,28.7,90,999.0,12.4,197,0.0,16,5,6,40.0,25.0,33.0,51.0,32.0,50.0,31.0,37.583333333333336,30.5
2026-06-27 17:00:00,32.0,28.5,92,999.2,12.4,193,0.0,17,5,6,30.0,26.0,31.0,62.0,28.0,70.0,30.5,35.833333333333336,30.416666666666668
2026-06-27 18:00:00,28.0,28.5,92,998.6,12.0,194,0.0,18,5,6,32.0,40.0,31.0,42.0,24.0,72.0,30.666666666666668,33.333333333333336,30.583333333333332
2026-06-27 19:00:00,23.0,28.2,93,998.0,11.7,198,0.0,19,5,6,28.0,30.0,25.0,34.0,22.0,16.0,30.166666666666668,32.166666666666664,30.75
2026-06-27 22:00:00,10.0,27.8,94,997.3,11.0,206,0.0,22,5,6,23.0,32.0,26.0,36.0,19.0,11.0,29.833333333333332,31.25,30.791666666666668
2026-06-27 23:00:00,10.0,27.6,94,997.6,10.7,210,0.0,23,5,6,10.0,28.0,40.0,40.0,16.0,11.0,27.166666666666668,29.083333333333332,30.416666666666668
2026-06-28 00:00:00,13.0,27.9,93,997.7,9.9,213,0.0,0,6,6,10.0,23.0,30.0,33.0,17.0,12.0,22.166666666666668,26.583333333333332,30.166666666666668
2026-06-28 01:00:00,19.0,28.9,88,998.0,10.7,211,0.0,1,6,6,13.0,10.0,32.0,31.0,21.0,14.0,19.333333333333332,24.916666666666668,30.0
2026-06-28 02:00:00,38.0,30.1,82,998.7,12.2,227,0.0,2,6,6,19.0,10.0,28.0,31.0,22.0,12.0,17.166666666666668,23.916666666666668,29.916666666666668
2026-06-28 03:00:00,69.0,31.3,77,999.0,8.2,232,0.0,3,6,6,38.0,13.0,23.0,25.0,23.0,7.0,18.833333333333332,24.5,30.583333333333332
2026-06-28 04:00:00,60.0,32.1,73,998.9,5.6,228,0.3,4,6,6,69.0,19.0,10.0,26.0,24.0,6.0,26.5,28.166666666666668,32.5
2026-06-28 05:00:00,45.0,32.6,72,998.6,3.8,253,0.4,5,6,6,60.0,38.0,10.0,40.0,33.0,4.0,34.833333333333336,31.0,34.0
2026-06-28 06:00:00,45.0,31.9,78,998.4,2.7,228,2.3,6,6,6,45.0,69.0,13.0,30.0,51.0,9.0,40.666666666666664,31.416666666666668,34.5
2026-06-28 07:00:00,57.0,31.5,81,997.3,5.3,213,2.3,7,6,6,45.0,60.0,19.0,32.0,62.0,8.0,46.0,32.666666666666664,34.25
2026-06-28 08:00:00,39.0,28.5,88,997.6,15.8,172,7.0,8,6,6,57.0,45.0,38.0,28.0,42.0,10.0,52.333333333333336,34.75,34.041666666666664
2026-06-28 09:00:00,48.0,27.5,95,997.1,5.4,250,7.2,9,6,6,39.0,45.0,69.0,23.0,34.0,14.0,52.5,35.666666666666664,33.916666666666664
2026-06-28 10:00:00,32.0,28.1,94,996.3,5.3,192,2.5,10,6,6,48.0,57.0,60.0,10.0,36.0,12.0,49.0,37.75,34.5
2026-06-28 11:00:00,42.0,28.6,93,995.7,11.0,215,1.1,11,6,6,32.0,39.0,45.0,10.0,40.0,16.0,44.333333333333336,39.583333333333336,34.333333333333336
2026-06-28 12:00:00,45.0,29.0,91,995.7,8.4,217,0.2,12,6,6,42.0,48.0,45.0,13.0,33.0,9.0,43.833333333333336,42.25,34.416666666666664
2026-06-28 13:00:00,52.0,28.7,92,996.3,7.9,210,0.0,13,6,6,45.0,32.0,57.0,19.0,31.0,10.0,43.833333333333336,44.916666666666664,34.916666666666664
2026-06-28 14:00:00,58.0,28.5,92,996.7,6.7,204,0.0,14,6,6,52.0,42.0,39.0,38.0,31.0,10.0,43.0,47.666666666666664,35.791666666666664
2026-06-28 15:00:00,42.0,28.2,93,997.4,7.7,210,0.0,15,6,6,58.0,45.0,48.0,69.0,25.0,10.0,46.166666666666664,49.333333333333336,36.916666666666664
2026-06-28 16:00:00,30.0,27.9,94,998.0,9.8,210,0.0,16,6,6,42.0,52.0,32.0,60.0,26.0,11.0,45.166666666666664,47.083333333333336,37.625
2026-06-28 17:00:00,26.0,27.8,95,998.2,9.0,217,0.0,17,6,6,30.0,58.0,42.0,45.0,40.0,46.0,44.833333333333336,44.583333333333336,37.791666666666664
2026-06-28 18:00:00,24.0,28.8,94,997.1,9.1,188,0.0,18,6,6,26.0,42.0,45.0,45.0,30.0,32.0,42.166666666666664,43.0,37.208333333333336
2026-06-28 19:00:00,24.0,28.5,94,996.9,10.5,213,0.0,19,6,6,24.0,30.0,52.0,57.0,32.0,28.0,38.666666666666664,41.25,36.958333333333336
2026-06-28 20:00:00,22.0,28.2,94,996.5,10.1,215,0.0,20,6,6,24.0,26.0,58.0,39.0,28.0,24.0,34.0,38.5,36.625
2026-06-28 21:00:00,21.0,27.9,94,996.0,9.7,220,0.0,21,6,6,22.0,24.0,42.0,48.0,23.0,22.0,28.0,37.083333333333336,36.375
2026-06-28 22:00:00,23.0,27.7,95,996.1,7.4,219,0.0,22,6,6,21.0,24.0,30.0,32.0,10.0,19.0,24.5,34.833333333333336,36.291666666666664
2026-06-28 23:00:00,25.0,27.6,95,996.5,5.5,221,0.0,23,6,6,23.0,22.0,26.0,42.0,10.0,16.0,23.333333333333332,34.083333333333336,36.833333333333336
2026-06-29 00:00:00,31.0,27.5,95,997.1,10.0,253,0.0,0,0,6,25.0,21.0,24.0,45.0,13.0,17.0,23.166666666666668,32.666666666666664,37.458333333333336
2026-06-29 01:00:00,29.0,26.9,95,997.1,8.5,271,1.4,1,0,6,31.0,23.0,24.0,52.0,19.0,21.0,24.333333333333332,31.5,38.208333333333336
2026-06-29 02:00:00,30.0,28.3,92,997.5,6.3,239,0.4,2,0,6,29.0,25.0,22.0,58.0,38.0,22.0,25.166666666666668,29.583333333333332,38.625
2026-06-29 03:00:00,54.0,30.2,84,997.6,4.3,242,0.1,3,0,6,30.0,31.0,21.0,42.0,69.0,23.0,26.5,27.25,38.291666666666664
2026-06-29 04:00:00,56.0,32.2,74,997.7,5.7,233,0.0,4,0,6,54.0,29.0,23.0,30.0,60.0,24.0,32.0,28.25,37.666666666666664
2026-06-29 05:00:00,45.0,29.7,82,998.3,16.3,237,3.3,5,0,6,56.0,30.0,25.0,26.0,45.0,33.0,37.5,30.416666666666668,37.5
2026-06-29 06:00:00,65.0,33.4,65,997.3,10.7,254,3.0,6,0,6,45.0,54.0,31.0,24.0,45.0,51.0,40.833333333333336,32.0,37.5
2026-06-29 07:00:00,53.0,34.2,64,996.5,7.8,277,0.0,7,0,6,65.0,56.0,29.0,24.0,57.0,62.0,46.5,35.416666666666664,38.333333333333336
2026-06-29 08:00:00,60.0,35.0,62,995.5,5.4,290,0.0,8,0,6,53.0,45.0,30.0,22.0,39.0,42.0,50.5,37.833333333333336,38.166666666666664
2026-06-29 09:00:00,35.0,35.3,58,995.0,3.7,299,0.0,9,0,6,60.0,65.0,54.0,21.0,48.0,34.0,55.5,41.0,39.041666666666664
2026-06-29 10:00:00,26.0,33.2,71,994.7,6.6,215,0.6,10,0,6,35.0,53.0,56.0,23.0,32.0,36.0,52.333333333333336,42.166666666666664,38.5
2026-06-29 11:00:00,26.0,31.7,79,994.7,11.6,208,0.5,11,0,6,26.0,60.0,45.0,25.0,42.0,40.0,47.333333333333336,42.416666666666664,38.25
2026-06-29 12:00:00,23.0,32.4,71,994.8,10.9,187,0.0,12,0,6,26.0,35.0,65.0,31.0,45.0,33.0,44.166666666666664,42.5,37.583333333333336
2026-06-29 13:00:00,26.0,30.8,76,995.5,14.7,192,0.0,13,0,6,23.0,26.0,53.0,29.0,52.0,31.0,37.166666666666664,41.833333333333336,36.666666666666664
2026-06-29 14:00:00,29.0,30.0,79,996.2,15.7,202,0.0,14,0,6,26.0,26.0,60.0,30.0,58.0,31.0,32.666666666666664,41.583333333333336,35.583333333333336
2026-06-29 15:00:00,27.0,29.4,83,996.9,15.3,208,0.0,15,0,6,29.0,23.0,35.0,54.0,42.0,25.0,27.5,41.5,34.375
2026-06-29 16:00:00,22.0,29.2,85,997.9,14.4,209,0.0,16,0,6,27.0,26.0,26.0,56.0,30.0,26.0,26.166666666666668,39.25,33.75
2026-06-29 17:00:00,21.0,28.9,86,997.8,13.8,201,0.0,17,0,6,22.0,29.0,26.0,45.0,26.0,40.0,25.5,36.416666666666664,33.416666666666664
2026-06-29 18:00:00,19.0,28.7,86,996.6,9.9,255,0.0,18,0,6,21.0,27.0,23.0,65.0,24.0,30.0,24.666666666666668,34.416666666666664,33.208333333333336
2026-06-29 19:00:00,17.0,27.4,95,996.6,6.1,275,0.9,19,0,6,19.0,22.0,26.0,53.0,24.0,32.0,24.0,30.583333333333332,33.0
2026-06-29 21:00:00,17.0,26.4,97,996.2,6.3,283,4.6,21,0,6,17.0,21.0,29.0,60.0,22.0,28.0,22.5,27.583333333333332,32.708333333333336
2026-06-29 22:00:00,17.0,26.3,97,996.1,5.4,214,3.0,22,0,6,17.0,19.0,27.0,35.0,21.0,23.0,20.5,24.0,32.5
2026-06-29 23:00:00,20.0,26.4,96,996.3,6.5,238,1.0,23,0,6,17.0,17.0,22.0,26.0,23.0,10.0,18.833333333333332,22.5,32.333333333333336
2026-06-30 00:00:00,19.0,26.7,97,996.1,6.3,217,0.2,0,1,6,20.0,17.0,21.0,26.0,25.0,10.0,18.5,22.0,32.208333333333336
2026-06-30 01:00:00,28.0,26.5,98,997.2,4.5,227,9.3,1,1,6,19.0,17.0,19.0,23.0,31.0,13.0,18.166666666666668,21.416666666666668,31.958333333333332
2026-06-30 02:00:00,49.0,26.6,97,997.1,4.1,241,2.8,2,1,6,28.0,20.0,17.0,26.0,29.0,19.0,19.666666666666668,21.833333333333332,31.833333333333332
2026-06-30 03:00:00,49.0,27.1,97,997.5,2.7,222,1.4,3,1,6,49.0,19.0,17.0,29.0,30.0,38.0,25.0,23.75,32.666666666666664
2026-06-30 04:00:00,43.0,27.9,94,998.0,4.4,282,0.6,4,1,6,49.0,28.0,17.0,27.0,54.0,69.0,30.333333333333332,25.416666666666668,33.458333333333336
2026-06-30 05:00:00,24.0,28.5,90,998.1,8.3,275,0.3,5,1,6,43.0,49.0,20.0,22.0,56.0,60.0,34.666666666666664,26.75,33.0
2026-06-30 06:00:00,19.0,27.9,92,998.3,1.0,121,1.2,6,1,6,24.0,49.0,19.0,21.0,45.0,45.0,35.333333333333336,26.916666666666668,31.666666666666668
2026-06-30 07:00:00,9.0,28.1,91,997.9,1.3,214,1.2,7,1,6,19.0,43.0,28.0,19.0,65.0,45.0,35.333333333333336,26.75,30.583333333333332
2026-06-30 08:00:00,6.0,28.1,91,996.9,3.6,229,1.1,8,1,6,9.0,24.0,49.0,17.0,53.0,57.0,32.166666666666664,25.916666666666668,28.25
2026-06-30 09:00:00,6.0,28.2,89,996.5,3.0,256,0.8,9,1,6,6.0,19.0,49.0,17.0,60.0,39.0,25.0,25.0,26.291666666666668
2026-06-30 10:00:00,8.0,28.9,86,995.5,3.3,257,0.0,10,1,6,6.0,9.0,43.0,17.0,35.0,48.0,17.833333333333332,24.083333333333332,24.041666666666668
2026-06-30 11:00:00,13.0,29.5,83,995.0,3.2,267,0.0,11,1,6,8.0,6.0,24.0,20.0,26.0,32.0,12.0,23.333333333333332,22.916666666666668
2026-06-30 12:00:00,18.0,29.7,80,995.2,8.4,222,0.0,12,1,6,13.0,6.0,19.0,19.0,26.0,42.0,10.166666666666666,22.75,22.375
2026-06-30 13:00:00,20.0,28.8,85,995.4,7.1,210,0.0,13,1,6,18.0,8.0,9.0,28.0,23.0,45.0,10.0,22.666666666666668,22.041666666666668
2026-06-30 14:00:00,30.0,28.3,88,996.1,7.1,210,0.0,14,1,6,20.0,13.0,6.0,49.0,26.0,52.0,11.833333333333334,22.0,21.916666666666668
2026-06-30 15:00:00,34.0,28.1,89,996.8,9.3,207,0.0,15,1,6,30.0,18.0,6.0,49.0,29.0,58.0,15.833333333333334,20.416666666666668,22.083333333333332
2026-06-30 16:00:00,24.0,27.8,90,997.7,9.3,205,0.0,16,1,6,34.0,20.0,8.0,43.0,27.0,42.0,20.5,19.166666666666668,22.291666666666668
2026-06-30 17:00:00,23.0,27.8,90,997.8,7.4,202,0.0,17,1,6,24.0,30.0,13.0,24.0,22.0,30.0,23.166666666666668,17.583333333333332,22.166666666666668
2026-06-30 18:00:00,20.0,26.9,93,997.4,9.9,190,0.1,18,1,6,23.0,34.0,18.0,19.0,21.0,26.0,24.833333333333332,17.5,22.208333333333332
2026-06-30 20:00:00,14.0,25.7,97,996.8,8.7,246,6.3,20,1,6,20.0,24.0,20.0,9.0,19.0,24.0,25.166666666666668,17.583333333333332,22.166666666666668
2026-06-30 21:00:00,13.0,25.8,96,996.2,1.2,243,2.9,21,1,6,14.0,23.0,30.0,6.0,17.0,24.0,24.166666666666668,18.0,21.958333333333332
2026-06-30 22:00:00,15.0,25.0,98,996.2,6.6,254,3.7,22,1,6,13.0,20.0,34.0,6.0,17.0,22.0,21.333333333333332,18.583333333333332,21.791666666666668
2026-06-30 23:00:00,14.0,25.0,99,996.1,6.9,335,2.4,23,1,6,15.0,14.0,24.0,8.0,17.0,21.0,18.166666666666668,19.333333333333332,21.708333333333332
2026-07-01 00:00:00,8.0,25.3,97,995.9,8.0,239,3.0,0,2,7,14.0,13.0,23.0,13.0,20.0,23.0,16.5,19.833333333333332,21.583333333333332
2026-07-01 01:00:00,4.0,25.8,96,996.9,7.5,240,4.4,1,2,7,8.0,15.0,20.0,18.0,19.0,25.0,14.0,19.416666666666668,21.083333333333332
2026-07-01 02:00:00,5.0,25.7,97,997.4,8.8,203,5.9,2,2,7,4.0,14.0,14.0,20.0,28.0,31.0,11.333333333333334,18.25,20.458333333333332
2026-07-01 03:00:00,10.0,25.6,97,997.2,5.9,239,4.7,3,2,7,5.0,8.0,13.0,30.0,49.0,29.0,9.833333333333334,17.0,19.5
2026-07-01 04:00:00,14.0,25.8,96,997.1,9.0,260,2.9,4,2,7,10.0,4.0,15.0,34.0,49.0,30.0,9.333333333333334,15.333333333333334,17.875
2026-07-01 05:00:00,10.0,26.6,92,997.7,8.8,258,1.5,5,2,7,14.0,5.0,14.0,24.0,43.0,54.0,9.166666666666666,13.666666666666666,16.416666666666668
2026-07-01 06:00:00,27.0,27.7,89,996.4,7.6,251,1.1,6,2,7,10.0,10.0,8.0,23.0,24.0,56.0,8.5,12.5,15.041666666666666
2026-07-01 07:00:00,28.0,27.8,89,996.0,6.3,243,0.6,7,2,7,27.0,14.0,4.0,20.0,19.0,45.0,11.666666666666666,12.833333333333334,15.166666666666666
2026-07-01 08:00:00,29.0,28.2,88,994.8,7.1,264,0.4,8,2,7,28.0,10.0,5.0,14.0,9.0,65.0,15.666666666666666,13.5,15.541666666666666
2026-07-01 09:00:00,24.0,28.7,87,993.7,6.9,277,0.3,9,2,7,29.0,27.0,10.0,13.0,6.0,53.0,19.666666666666668,14.75,16.375
2026-07-01 10:00:00,18.0,29.9,79,993.4,7.4,264,0.0,10,2,7,24.0,28.0,14.0,15.0,6.0,60.0,22.0,15.666666666666666,17.125
2026-07-01 11:00:00,16.0,29.7,78,993.4,8.8,226,0.0,11,2,7,18.0,29.0,10.0,14.0,8.0,35.0,22.666666666666668,15.916666666666666,17.625
2026-07-01 12:00:00,16.0,28.7,91,993.3,7.2,198,0.0,12,2,7,16.0,24.0,27.0,8.0,13.0,26.0,23.666666666666668,16.083333333333332,17.958333333333332
2026-07-01 13:00:00,13.0,28.2,93,993.9,6.6,201,0.1,13,2,7,16.0,18.0,28.0,4.0,18.0,26.0,21.833333333333332,16.75,18.083333333333332
2026-07-01 14:00:00,13.0,28.0,95,994.9,6.5,193,0.0,14,2,7,13.0,16.0,29.0,5.0,20.0,23.0,19.333333333333332,17.5,17.875
2026-07-01 15:00:00,24.0,27.9,95,995.7,7.2,202,0.0,15,2,7,13.0,16.0,24.0,10.0,30.0,26.0,16.666666666666668,18.166666666666668,17.583333333333332
2026-07-01 16:00:00,28.0,27.2,96,996.3,11.4,208,0.4,16,2,7,24.0,13.0,18.0,14.0,34.0,29.0,16.666666666666668,19.333333333333332,17.333333333333332
2026-07-01 17:00:00,24.0,26.3,97,996.8,8.6,240,2.4,17,2,7,28.0,13.0,16.0,10.0,24.0,27.0,18.333333333333332,20.5,17.083333333333332
2026-07-01 18:00:00,23.0,26.6,95,995.9,1.9,214,4.4,18,2,7,24.0,24.0,16.0,27.0,23.0,22.0,19.666666666666668,21.666666666666668,17.083333333333332
2026-07-01 19:00:00,20.0,26.0,97,995.7,6.8,162,1.4,19,2,7,23.0,28.0,13.0,28.0,20.0,21.0,20.833333333333332,21.333333333333332,17.083333333333332
2026-07-01 20:00:00,23.0,25.4,97,995.3,6.2,316,5.9,20,2,7,20.0,24.0,13.0,29.0,14.0,19.0,22.0,20.666666666666668,17.083333333333332
2026-07-01 21:00:00,23.0,25.1,98,994.8,7.3,260,3.7,21,2,7,23.0,23.0,24.0,24.0,13.0,17.0,23.666666666666668,20.166666666666668,17.458333333333332
2026-07-01 22:00:00,22.0,25.2,98,994.5,6.2,306,3.0,22,2,7,23.0,20.0,28.0,18.0,15.0,17.0,23.5,20.083333333333332,17.875
2026-07-01 23:00:00,19.0,25.4,95,994.4,3.4,276,2.6,23,2,7,22.0,23.0,24.0,16.0,14.0,17.0,22.5,20.416666666666668,18.166666666666668
2026-07-02 00:00:00,16.0,26.4,99,994.0,2.2,215,1.1,0,3,7,19.0,23.0,23.0,16.0,8.0,20.0,21.666666666666668,20.666666666666668,18.375
2026-07-02 01:00:00,13.0,26.6,92,995.0,8.4,290,0.8,1,3,7,16.0,22.0,20.0,13.0,4.0,19.0,20.5,20.666666666666668,18.708333333333332
2026-07-02 02:00:00,15.0,26.7,93,995.0,6.9,265,0.5,2,3,7,13.0,19.0,23.0,13.0,5.0,28.0,19.333333333333332,20.666666666666668,19.083333333333332
2026-07-02 03:00:00,23.0,28.6,84,994.8,6.7,264,0.1,3,3,7,15.0,16.0,23.0,24.0,10.0,49.0,18.0,20.833333333333332,19.5
2026-07-02 04:00:00,20.0,30.0,78,995.4,7.0,267,0.1,4,3,7,23.0,13.0,22.0,28.0,14.0,49.0,18.0,20.75,20.041666666666668
2026-07-02 16:00:00,5.0,25.5,98,996.0,9.8,172,3.1,16,3,7,20.0,15.0,19.0,24.0,10.0,43.0,17.666666666666668,20.083333333333332,20.291666666666668
2026-07-02 17:00:00,6.0,25.6,98,995.7,8.0,220,1.5,17,3,7,5.0,23.0,16.0,23.0,27.0,24.0,15.333333333333334,18.5,20.083333333333332
2026-07-02 18:00:00,22.0,26.3,97,995.5,7.7,258,0.4,18,3,7,6.0,20.0,13.0,20.0,28.0,19.0,13.666666666666666,17.083333333333332,19.208333333333332
2026-07-02 19:00:00,21.0,26.0,97,994.8,6.8,267,0.0,19,3,7,22.0,5.0,15.0,23.0,29.0,9.0,15.166666666666666,17.25,18.958333333333332
2026-07-02 20:00:00,16.0,25.8,97,994.1,6.5,278,0.0,20,3,7,21.0,6.0,23.0,23.0,24.0,6.0,16.166666666666668,17.083333333333332,18.625
2026-07-02 21:00:00,13.0,25.8,97,993.7,5.4,278,0.0,21,3,7,16.0,22.0,20.0,22.0,18.0,6.0,15.0,16.5,18.291666666666668
2026-07-02 22:00:00,14.0,25.7,98,993.7,3.8,262,0.1,22,3,7,13.0,21.0,5.0,19.0,16.0,8.0,13.833333333333334,15.75,18.083333333333332
2026-07-02 23:00:00,14.0,25.4,98,993.7,6.5,267,1.9,23,3,7,14.0,16.0,6.0,16.0,16.0,13.0,15.333333333333334,15.333333333333334,18.0
2026-07-03 00:00:00,11.0,25.8,98,993.1,8.1,282,0.9,0,4,7,14.0,13.0,22.0,13.0,13.0,18.0,16.666666666666668,15.166666666666666,17.916666666666668
2026-07-03 01:00:00,59.0,26.3,96,993.8,9.9,291,0.2,1,4,7,11.0,14.0,21.0,15.0,13.0,20.0,14.833333333333334,15.0,17.833333333333332
2026-07-03 02:00:00,30.0,27.1,91,994.3,11.0,295,0.2,2,4,7,59.0,14.0,16.0,23.0,24.0,30.0,21.166666666666668,18.666666666666668,19.75
2026-07-03 03:00:00,85.0,28.0,85,994.1,10.9,286,0.1,3,4,7,30.0,11.0,13.0,20.0,28.0,34.0,23.5,19.25,20.0
2026-07-03 04:00:00,61.0,29.3,81,994.5,11.3,292,0.1,4,4,7,85.0,59.0,14.0,5.0,24.0,24.0,35.5,24.666666666666668,22.375
2026-07-03 05:00:00,41.0,30.1,76,994.0,10.0,303,0.1,5,4,7,61.0,30.0,14.0,6.0,23.0,23.0,43.333333333333336,29.333333333333332,23.916666666666668
2026-07-03 06:00:00,75.0,28.9,80,993.8,6.1,326,0.1,6,4,7,41.0,85.0,11.0,22.0,20.0,20.0,47.833333333333336,32.25,24.666666666666668
2026-07-03 07:00:00,57.0,29.3,80,993.6,2.1,195,0.9,7,4,7,75.0,61.0,59.0,21.0,23.0,14.0,58.5,36.666666666666664,26.958333333333332
2026-07-03 08:00:00,43.0,28.4,86,992.6,7.0,100,9.9,8,4,7,57.0,41.0,30.0,16.0,23.0,13.0,58.166666666666664,39.666666666666664,28.375
2026-07-03 09:00:00,44.0,26.7,93,992.9,9.0,185,7.9,9,4,7,43.0,75.0,85.0,13.0,22.0,15.0,60.333333333333336,41.916666666666664,29.208333333333332
2026-07-03 10:00:00,24.0,26.5,96,992.0,7.7,217,5.4,10,4,7,44.0,57.0,61.0,14.0,19.0,14.0,53.5,44.5,30.125
2026-07-03 11:00:00,18.0,26.6,94,991.8,9.1,218,1.7,11,4,7,24.0,43.0,41.0,14.0,16.0,8.0,47.333333333333336,45.333333333333336,30.333333333333332
2026-07-03 12:00:00,17.0,26.9,96,992.0,5.4,272,1.2,12,4,7,18.0,44.0,75.0,11.0,13.0,4.0,43.5,45.666666666666664,30.416666666666668
2026-07-03 13:00:00,18.0,26.6,97,992.2,4.1,195,1.5,13,4,7,17.0,24.0,57.0,59.0,15.0,5.0,33.833333333333336,46.166666666666664,30.583333333333332
2026-07-03 14:00:00,15.0,26.3,98,992.6,6.1,225,1.1,14,4,7,18.0,18.0,43.0,30.0,23.0,10.0,27.333333333333332,42.75,30.708333333333332
2026-07-03 15:00:00,13.0,26.2,97,993.1,8.9,236,2.8,15,4,7,15.0,17.0,44.0,85.0,20.0,14.0,22.666666666666668,41.5,30.375
2026-07-03 16:00:00,17.0,26.1,97,993.4,10.5,245,0.7,16,4,7,13.0,18.0,24.0,61.0,5.0,10.0,17.5,35.5,30.083333333333332
2026-07-03 17:00:00,15.0,25.7,98,993.6,9.0,257,0.2,17,4,7,17.0,15.0,18.0,41.0,6.0,27.0,16.333333333333332,31.833333333333332,30.583333333333332
2026-07-03 18:00:00,10.0,26.1,97,993.1,5.2,316,1.4,18,4,7,15.0,13.0,17.0,75.0,22.0,28.0,15.833333333333334,29.666666666666668,30.958333333333332
2026-07-03 19:00:00,10.0,26.0,95,992.2,4.1,315,1.7,19,4,7,10.0,17.0,18.0,57.0,21.0,29.0,14.666666666666666,24.25,30.458333333333332
2026-07-03 20:00:00,9.0,25.8,97,991.2,3.3,319,0.1,20,4,7,10.0,15.0,15.0,43.0,16.0,24.0,13.333333333333334,20.333333333333332,30.0
2026-07-03 21:00:00,10.0,26.0,94,990.7,6.9,5,0.3,21,4,7,9.0,10.0,13.0,44.0,13.0,18.0,12.333333333333334,17.5,29.708333333333332
2026-07-03 22:00:00,13.0,25.7,96,990.4,10.5,17,3.2,22,4,7,10.0,10.0,17.0,24.0,14.0,16.0,11.833333333333334,14.666666666666666,29.583333333333332
2026-07-03 23:00:00,12.0,25.7,96,990.2,12.2,14,3.7,23,4,7,13.0,9.0,15.0,18.0,14.0,16.0,11.166666666666666,13.75,29.541666666666668
2026-07-04 00:00:00,20.0,26.1,97,990.1,13.3,318,1.1,0,5,7,12.0,10.0,10.0,17.0,11.0,13.0,10.666666666666666,13.25,29.458333333333332
2026-07-04 01:00:00,23.0,26.2,95,990.2,12.1,295,5.3,1,5,7,20.0,13.0,10.0,18.0,59.0,13.0,12.333333333333334,13.5,29.833333333333332
2026-07-04 02:00:00,37.0,25.9,98,990.4,13.5,293,17.4,2,5,7,23.0,12.0,9.0,15.0,30.0,24.0,14.5,13.916666666666666,28.333333333333332
2026-07-04 03:00:00,92.0,25.7,99,990.1,12.4,272,40.4,3,5,7,37.0,20.0,10.0,13.0,85.0,28.0,19.166666666666668,15.75,28.625
2026-07-04 04:00:00,34.0,25.7,98,989.5,12.5,249,50.9,4,5,7,92.0,23.0,13.0,17.0,61.0,24.0,32.833333333333336,22.333333333333332,28.916666666666668
2026-07-04 05:00:00,22.0,26.2,97,988.6,8.3,288,32.1,5,5,7,34.0,37.0,12.0,15.0,41.0,23.0,36.333333333333336,23.75,27.791666666666668
2026-07-04 06:00:00,23.0,26.1,96,989.8,15.5,314,18.5,6,5,7,22.0,92.0,20.0,10.0,75.0,20.0,38.0,24.333333333333332,27.0
2026-07-04 07:00:00,64.0,26.5,96,989.2,12.0,321,10.2,7,5,7,23.0,34.0,23.0,10.0,57.0,23.0,38.5,25.416666666666668,24.833333333333332
2026-07-04 08:00:00,73.0,26.5,97,988.6,9.8,354,9.4,8,5,7,64.0,22.0,37.0,9.0,43.0,23.0,45.333333333333336,29.916666666666668,25.125
2026-07-04 09:00:00,17.0,27.4,93,988.1,9.6,351,5.7,9,5,7,73.0,23.0,92.0,10.0,44.0,22.0,51.333333333333336,35.25,26.375
2026-07-04 10:00:00,15.0,27.0,91,988.1,9.6,356,4.9,10,5,7,17.0,64.0,34.0,13.0,24.0,19.0,38.833333333333336,35.833333333333336,25.25
2026-07-04 11:00:00,11.0,26.9,95,987.7,8.1,329,2.5,11,5,7,15.0,73.0,22.0,12.0,18.0,16.0,35.666666666666664,36.0,24.875
2026-07-04 12:00:00,8.0,26.8,95,988.2,3.1,225,0.7,12,5,7,11.0,17.0,23.0,20.0,17.0,13.0,33.833333333333336,35.916666666666664,24.583333333333332
2026-07-04 13:00:00,5.0,26.3,97,988.3,2.5,249,3.5,13,5,7,8.0,15.0,64.0,23.0,18.0,15.0,31.333333333333332,34.916666666666664,24.208333333333332
2026-07-04 14:00:00,6.0,25.7,99,988.6,4.7,230,4.0,14,5,7,5.0,11.0,73.0,37.0,15.0,23.0,21.5,33.416666666666664,23.666666666666668
2026-07-04 15:00:00,6.0,25.4,99,989.1,4.8,222,8.9,15,5,7,6.0,8.0,17.0,92.0,13.0,20.0,10.333333333333334,30.833333333333332,23.291666666666668
2026-07-04 16:00:00,11.0,25.5,99,989.7,5.0,255,4.2,16,5,7,6.0,5.0,15.0,34.0,17.0,5.0,8.5,23.666666666666668,23.0
2026-07-04 17:00:00,6.0,25.5,99,989.7,5.8,334,3.6,17,5,7,11.0,6.0,11.0,22.0,15.0,6.0,7.833333333333333,21.75,22.75
2026-07-04 19:00:00,4.0,25.6,97,988.5,11.5,290,1.2,19,5,7,6.0,6.0,8.0,23.0,10.0,22.0,7.0,20.416666666666668,22.375
2026-07-04 20:00:00,4.0,25.7,96,988.2,12.4,284,1.0,20,5,7,4.0,11.0,5.0,64.0,10.0,21.0,6.333333333333333,18.833333333333332,22.125
2026-07-04 21:00:00,6.0,25.6,97,988.0,14.1,265,1.0,21,5,7,4.0,6.0,6.0,73.0,9.0,16.0,6.166666666666667,13.833333333333334,21.875
2026-07-04 22:00:00,6.0,25.7,97,987.8,14.4,254,0.4,22,5,7,6.0,4.0,6.0,17.0,10.0,13.0,6.166666666666667,8.25,21.75
2026-07-04 23:00:00,8.0,25.7,97,987.7,16.0,247,0.5,23,5,7,6.0,4.0,11.0,15.0,13.0,14.0,6.166666666666667,7.333333333333333,21.583333333333332
2026-07-05 00:00:00,6.0,25.8,97,987.9,19.0,250,3.7,0,6,7,8.0,6.0,6.0,11.0,12.0,14.0,5.666666666666667,6.75,21.375
2026-07-05 01:00:00,6.0,25.9,96,988.4,21.2,252,17.0,1,6,7,6.0,6.0,4.0,8.0,20.0,11.0,5.666666666666667,6.333333333333333,21.125
2026-07-05 02:00:00,34.0,25.8,94,988.9,19.5,264,8.3,2,6,7,6.0,8.0,4.0,5.0,23.0,59.0,6.0,6.166666666666667,20.541666666666668
2026-07-05 03:00:00,90.0,25.8,95,989.3,15.6,255,5.2,3,6,7,34.0,6.0,6.0,6.0,37.0,30.0,11.0,8.583333333333334,21.0
2026-07-05 04:00:00,61.0,26.1,95,989.4,15.7,238,2.8,4,6,7,90.0,6.0,6.0,6.0,92.0,85.0,25.0,15.583333333333334,23.208333333333332
2026-07-05 05:00:00,30.0,26.6,93,989.4,16.8,233,0.8,5,6,7,61.0,34.0,8.0,11.0,34.0,61.0,34.166666666666664,20.166666666666668,21.916666666666668
2026-07-05 06:00:00,20.0,27.4,89,989.0,18.0,222,0.6,6,6,7,30.0,90.0,6.0,6.0,22.0,41.0,37.833333333333336,21.75,21.75
2026-07-05 07:00:00,32.0,27.2,90,988.9,18.7,222,0.4,7,6,7,20.0,61.0,6.0,4.0,23.0,75.0,40.166666666666664,22.916666666666668,21.666666666666668
2026-07-05 08:00:00,1.0,27.6,87,988.4,17.0,234,0.7,8,6,7,32.0,30.0,34.0,4.0,64.0,57.0,44.5,25.25,22.041666666666668
2026-07-05 09:00:00,2.0,27.2,89,988.2,16.5,241,0.7,9,6,7,1.0,20.0,90.0,6.0,73.0,43.0,39.0,25.0,19.416666666666668
2026-07-05 10:00:00,2.0,28.1,88,987.9,17.2,230,0.4,10,6,7,2.0,32.0,61.0,6.0,17.0,44.0,24.333333333333332,24.666666666666668,16.458333333333332
2026-07-05 11:00:00,1.0,27.4,89,988.1,16.3,243,1.9,11,6,7,2.0,1.0,30.0,8.0,15.0,24.0,14.5,24.333333333333332,15.833333333333334
2026-07-05 13:00:00,3.0,26.8,92,988.5,19.9,224,0.2,13,6,7,1.0,2.0,20.0,6.0,11.0,18.0,9.666666666666666,23.75,15.25
2026-07-05 14:00:00,3.0,26.9,90,989.4,17.3,231,0.0,14,6,7,3.0,2.0,32.0,6.0,8.0,17.0,6.833333333333333,23.5,14.916666666666666
2026-07-05 15:00:00,13.0,26.7,90,990.2,17.6,232,0.1,15,6,7,3.0,1.0,1.0,34.0,5.0,18.0,2.0,23.25,14.708333333333334
2026-07-05 16:00:00,11.0,26.3,91,990.6,16.6,229,0.1,16,6,7,13.0,3.0,2.0,90.0,6.0,15.0,4.0,21.5,15.041666666666666
2026-07-05 17:00:00,4.0,26.0,92,990.9,17.2,229,0.0,17,6,7,11.0,3.0,2.0,61.0,6.0,13.0,5.5,14.916666666666666,15.25
2026-07-05 18:00:00,1.0,26.3,89,991.1,17.5,231,0.1,18,6,7,4.0,13.0,1.0,30.0,11.0,17.0,5.833333333333333,10.166666666666666,15.166666666666666
2026-07-06 01:00:00,4.0,26.0,91,991.9,20.3,222,0.5,1,0,7,1.0,11.0,3.0,20.0,6.0,15.0,5.833333333333333,7.75,14.75
2026-07-06 02:00:00,4.0,27.0,88,992.3,20.6,219,0.1,2,0,7,4.0,4.0,3.0,32.0,4.0,10.0,6.0,6.416666666666667,14.666666666666666
2026-07-06 03:00:00,10.0,28.7,81,992.6,19.6,215,0.1,3,0,7,4.0,1.0,13.0,1.0,4.0,10.0,6.166666666666667,4.083333333333333,14.666666666666666
2026-07-06 04:00:00,28.0,29.8,74,993.1,23.9,217,0.1,4,0,7,10.0,4.0,11.0,2.0,6.0,9.0,5.666666666666667,4.833333333333333,14.916666666666666
2026-07-06 05:00:00,16.0,29.9,74,993.3,24.6,221,0.2,5,0,7,28.0,4.0,4.0,2.0,6.0,10.0,8.5,7.0,15.833333333333334
2026-07-06 06:00:00,23.0,29.4,77,993.4,20.0,227,0.3,6,0,7,16.0,10.0,1.0,1.0,8.0,13.0,10.5,8.166666666666666,16.25
2026-07-06 07:00:00,20.0,29.9,74,993.1,15.7,221,0.0,7,0,7,23.0,28.0,4.0,3.0,6.0,12.0,14.166666666666666,10.0,16.875
2026-07-06 08:00:00,17.0,30.6,70,992.0,15.4,217,0.0,8,0,7,20.0,16.0,4.0,3.0,6.0,20.0,16.833333333333332,11.416666666666666,17.458333333333332
2026-07-06 09:00:00,15.0,32.4,62,992.0,22.0,228,0.0,9,0,7,17.0,23.0,10.0,13.0,34.0,23.0,19.0,12.583333333333334,17.916666666666668
2026-07-06 10:00:00,17.0,31.2,69,991.7,20.8,217,0.3,10,0,7,15.0,20.0,28.0,11.0,90.0,37.0,19.833333333333332,12.75,17.125
2026-07-06 11:00:00,13.0,30.4,74,992.0,18.5,213,0.2,11,0,7,17.0,17.0,16.0,4.0,61.0,92.0,18.0,13.25,14.083333333333334
2026-07-06 12:00:00,15.0,29.4,84,992.7,14.2,213,0.1,12,0,7,13.0,15.0,23.0,1.0,30.0,34.0,17.5,14.0,12.083333333333334
2026-07-06 13:00:00,12.0,28.5,85,993.4,14.1,207,0.1,13,0,7,15.0,17.0,20.0,4.0,20.0,22.0,16.166666666666668,15.166666666666666,11.458333333333334
2026-07-06 14:00:00,9.0,28.1,85,994.1,14.3,205,0.0,14,0,7,12.0,13.0,17.0,4.0,32.0,23.0,14.833333333333334,15.833333333333334,11.125
2026-07-06 15:00:00,7.0,27.9,85,995.0,13.4,202,0.0,15,0,7,9.0,15.0,15.0,10.0,1.0,64.0,13.5,16.25,10.166666666666666
2026-07-06 16:00:00,7.0,27.9,85,995.7,14.3,203,0.0,16,0,7,7.0,12.0,17.0,28.0,2.0,73.0,12.166666666666666,16.0,10.416666666666666
2026-07-06 17:00:00,7.0,27.8,85,996.1,16.8,206,0.0,17,0,7,7.0,9.0,13.0,16.0,2.0,17.0,10.5,14.25,10.625
2026-07-06 18:00:00,8.0,28.2,82,995.5,20.9,209,0.0,18,0,7,7.0,7.0,15.0,23.0,1.0,15.0,9.5,13.5,10.833333333333334
2026-07-07 08:00:00,6.0,29.5,82,996.1,23.1,212,1.3,8,1,7,8.0,7.0,12.0,20.0,3.0,11.0,8.333333333333334,12.25,11.125
2026-07-07 09:00:00,20.0,28.9,84,995.4,20.4,210,1.5,9,1,7,6.0,7.0,9.0,17.0,3.0,8.0,7.333333333333333,11.083333333333334,11.25
2026-07-07 10:00:00,14.0,30.4,71,994.9,22.5,207,0.3,10,1,7,20.0,8.0,7.0,15.0,13.0,5.0,9.166666666666666,11.333333333333334,11.958333333333334
2026-07-07 11:00:00,22.0,30.5,69,994.9,22.2,204,0.0,11,1,7,14.0,6.0,7.0,17.0,11.0,6.0,10.333333333333334,11.25,12.0
2026-07-07 12:00:00,15.0,30.1,72,995.0,22.3,200,0.0,12,1,7,22.0,20.0,7.0,13.0,4.0,6.0,12.833333333333334,11.666666666666666,12.458333333333334
2026-07-07 13:00:00,11.0,29.3,75,995.8,21.4,203,0.0,13,1,7,15.0,14.0,8.0,15.0,1.0,11.0,14.166666666666666,11.833333333333334,12.916666666666666
2026-07-07 14:00:00,16.0,29.0,75,996.5,21.8,204,0.0,14,1,7,11.0,22.0,6.0,12.0,4.0,6.0,14.666666666666666,11.5,13.333333333333334
2026-07-07 15:00:00,10.0,28.8,76,997.4,21.7,201,0.0,15,1,7,16.0,15.0,20.0,9.0,4.0,4.0,16.333333333333332,11.833333333333334,13.833333333333334
2026-07-07 16:00:00,11.0,28.7,77,998.3,21.4,201,0.0,16,1,7,10.0,11.0,14.0,7.0,10.0,4.0,14.666666666666666,11.916666666666666,14.083333333333334
2026-07-07 17:00:00,13.0,28.4,79,998.7,22.4,203,0.0,17,1,7,11.0,16.0,22.0,7.0,28.0,6.0,14.166666666666666,12.25,14.125
2026-07-07 18:00:00,11.0,28.3,80,998.1,22.2,204,0.0,18,1,7,13.0,10.0,15.0,7.0,16.0,6.0,12.666666666666666,12.75,13.5
2026-07-07 19:00:00,15.0,28.1,81,997.8,21.0,208,0.0,19,1,7,11.0,11.0,11.0,8.0,23.0,8.0,12.0,13.083333333333334,13.291666666666666
2026-07-07 20:00:00,6.0,27.9,82,997.3,20.2,213,0.0,20,1,7,15.0,13.0,16.0,6.0,20.0,6.0,12.666666666666666,13.666666666666666,12.958333333333334
2026-07-07 21:00:00,2.0,27.9,80,996.8,21.1,217,0.0,21,1,7,6.0,11.0,10.0,20.0,17.0,6.0,11.0,13.666666666666666,12.375
2026-07-07 22:00:00,11.0,27.8,81,996.9,20.7,219,0.0,22,1,7,2.0,15.0,11.0,14.0,15.0,34.0,9.666666666666666,12.166666666666666,11.75
2026-07-07 23:00:00,8.0,27.8,79,997.3,20.6,219,0.0,23,1,7,11.0,6.0,13.0,22.0,17.0,90.0,9.666666666666666,11.916666666666666,11.583333333333334
2026-07-08 00:00:00,10.0,28.0,81,997.2,20.8,213,0.0,0,2,7,8.0,2.0,11.0,15.0,13.0,61.0,8.833333333333334,10.75,11.208333333333334
2026-07-08 01:00:00,12.0,28.4,82,997.6,21.9,210,0.0,1,2,7,10.0,11.0,15.0,11.0,15.0,30.0,8.666666666666666,10.333333333333334,11.083333333333334
2026-07-08 02:00:00,11.0,29.1,82,998.0,21.7,207,0.1,2,2,7,12.0,8.0,6.0,16.0,12.0,20.0,8.166666666666666,10.416666666666666,10.958333333333334
2026-07-08 03:00:00,24.0,29.8,78,998.0,26.3,213,0.0,3,2,7,11.0,10.0,2.0,10.0,9.0,32.0,9.0,10.0,10.916666666666666
2026-07-08 04:00:00,18.0,31.3,72,998.1,22.9,211,0.0,4,2,7,24.0,12.0,11.0,11.0,7.0,1.0,12.666666666666666,11.166666666666666,11.541666666666666
2026-07-08 05:00:00,22.0,31.9,70,998.1,21.2,206,0.0,5,2,7,18.0,11.0,8.0,13.0,7.0,2.0,13.833333333333334,11.75,12.0
2026-07-08 06:00:00,13.0,32.5,65,997.9,22.2,209,0.0,6,2,7,22.0,24.0,10.0,11.0,7.0,2.0,16.166666666666668,12.5,12.625
2026-07-08 07:00:00,15.0,32.6,64,997.3,22.2,208,0.0,7,2,7,13.0,18.0,12.0,15.0,8.0,1.0,16.666666666666668,12.666666666666666,12.875
2026-07-08 08:00:00,22.0,32.5,65,996.2,23.2,211,0.0,8,2,7,15.0,22.0,11.0,6.0,6.0,3.0,17.166666666666668,12.666666666666666,13.166666666666666
2026-07-08 09:00:00,5.0,32.5,65,995.7,23.5,204,0.0,9,2,7,22.0,13.0,24.0,2.0,20.0,3.0,19.0,14.0,13.833333333333334
2026-07-08 10:00:00,7.0,31.8,67,995.3,22.9,201,0.0,10,2,7,5.0,15.0,18.0,11.0,14.0,13.0,15.833333333333334,14.25,13.208333333333334
2026-07-08 11:00:00,11.0,31.0,69,995.3,20.5,204,0.0,11,2,7,7.0,22.0,22.0,8.0,22.0,11.0,14.0,13.916666666666666,12.916666666666666
2026-07-08 12:00:00,19.0,30.6,72,995.4,20.8,192,0.0,12,2,7,11.0,5.0,13.0,10.0,15.0,4.0,12.166666666666666,14.166666666666666,12.458333333333334
2026-07-08 13:00:00,15.0,29.4,77,995.9,19.4,197,0.0,13,2,7,19.0,7.0,15.0,12.0,11.0,1.0,13.166666666666666,14.916666666666666,12.625
2026-07-08 14:00:00,12.0,28.9,78,996.5,19.0,200,0.0,14,2,7,15.0,11.0,22.0,11.0,16.0,4.0,13.166666666666666,15.166666666666666,12.791666666666666
2026-07-08 15:00:00,12.0,28.8,77,997.1,19.2,202,0.0,15,2,7,12.0,19.0,5.0,24.0,10.0,4.0,11.5,15.25,12.625
2026-07-08 16:00:00,8.0,28.7,77,998.0,20.1,204,0.0,16,2,7,12.0,15.0,7.0,18.0,11.0,10.0,12.666666666666666,14.25,12.708333333333334
2026-07-08 17:00:00,2.0,28.6,79,997.9,21.0,207,0.0,17,2,7,8.0,12.0,11.0,22.0,13.0,28.0,12.833333333333334,13.416666666666666,12.583333333333334
2026-07-08 19:00:00,7.0,28.4,80,997.3,20.4,211,0.0,19,2,7,2.0,12.0,19.0,13.0,11.0,16.0,11.333333333333334,11.75,12.125
2026-07-08 20:00:00,8.0,28.3,80,997.0,19.4,214,0.0,20,2,7,7.0,8.0,15.0,15.0,15.0,23.0,9.333333333333334,11.25,11.958333333333334
2026-07-08 21:00:00,10.0,28.2,79,996.9,20.6,220,0.0,21,2,7,8.0,2.0,12.0,22.0,6.0,20.0,8.166666666666666,10.666666666666666,11.666666666666666
2026-07-08 22:00:00,11.0,27.7,82,997.3,18.4,217,0.1,22,2,7,10.0,7.0,12.0,5.0,2.0,17.0,7.833333333333333,9.666666666666666,11.833333333333334
2026-07-08 23:00:00,10.0,27.5,83,997.6,18.4,216,0.0,23,2,7,11.0,8.0,8.0,7.0,11.0,15.0,7.666666666666667,10.166666666666666,12.208333333333334
2026-07-09 00:00:00,5.0,27.9,82,997.7,15.2,216,0.0,0,3,7,10.0,10.0,2.0,11.0,8.0,17.0,8.0,10.416666666666666,12.166666666666666
2026-07-09 01:00:00,5.0,28.6,78,997.9,21.1,214,0.0,1,3,7,5.0,11.0,7.0,19.0,10.0,13.0,8.5,9.916666666666666,12.041666666666666
2026-07-09 02:00:00,6.0,29.6,74,997.9,21.2,216,0.0,2,3,7,5.0,10.0,8.0,15.0,12.0,15.0,8.166666666666666,8.75,11.833333333333334
2026-07-09 03:00:00,13.0,30.6,70,998.8,21.6,213,0.0,3,3,7,6.0,5.0,10.0,12.0,11.0,12.0,7.833333333333333,8.0,11.583333333333334
2026-07-09 04:00:00,34.0,31.0,69,999.0,23.8,213,0.0,4,3,7,13.0,5.0,11.0,12.0,24.0,9.0,8.333333333333334,8.083333333333334,11.666666666666666
2026-07-09 05:00:00,19.0,31.6,69,998.7,23.7,205,0.0,5,3,7,34.0,6.0,10.0,8.0,18.0,7.0,12.166666666666666,9.916666666666666,12.083333333333334
2026-07-09 06:00:00,14.0,31.1,73,998.9,21.6,207,0.0,6,3,7,19.0,13.0,5.0,2.0,22.0,7.0,13.666666666666666,10.833333333333334,12.125
2026-07-09 07:00:00,9.0,30.7,75,998.0,21.2,209,0.0,7,3,7,14.0,34.0,5.0,7.0,13.0,7.0,15.166666666666666,11.833333333333334,11.791666666666666
2026-07-09 08:00:00,8.0,31.6,72,997.4,20.5,214,0.0,8,3,7,9.0,19.0,6.0,8.0,15.0,8.0,15.833333333333334,12.0,11.625
2026-07-09 09:00:00,10.0,31.6,71,996.8,20.6,216,0.0,9,3,7,8.0,14.0,13.0,10.0,22.0,6.0,16.166666666666668,12.0,11.333333333333334
2026-07-09 10:00:00,9.0,31.1,74,996.5,18.6,208,0.1,10,3,7,10.0,9.0,34.0,11.0,5.0,20.0,15.666666666666666,12.0,10.833333333333334
2026-07-09 11:00:00,9.0,29.9,81,996.6,16.1,222,0.2,11,3,7,9.0,8.0,19.0,10.0,7.0,14.0,11.5,11.833333333333334,11.0
2026-07-09 12:00:00,6.0,29.7,86,996.6,13.7,218,0.0,12,3,7,9.0,10.0,14.0,5.0,11.0,22.0,9.833333333333334,11.75,11.083333333333334
2026-07-09 13:00:00,6.0,29.0,90,997.3,13.3,207,0.5,13,3,7,6.0,9.0,9.0,5.0,19.0,15.0,8.5,11.833333333333334,10.875
2026-07-09 14:00:00,9.0,28.7,88,997.6,15.0,206,0.0,14,3,7,6.0,9.0,8.0,6.0,15.0,11.0,8.0,11.916666666666666,10.333333333333334
2026-07-09 15:00:00,9.0,28.2,90,998.3,14.0,206,0.3,15,3,7,9.0,6.0,10.0,13.0,12.0,16.0,8.166666666666666,12.166666666666666,10.083333333333334
2026-07-09 16:00:00,10.0,28.0,91,998.9,12.9,207,0.1,16,3,7,9.0,6.0,9.0,34.0,12.0,10.0,8.0,11.833333333333334,9.958333333333334
2026-07-09 17:00:00,12.0,27.9,91,999.1,14.3,207,0.1,17,3,7,10.0,9.0,9.0,19.0,8.0,11.0,8.166666666666666,9.833333333333334,9.875
2026-07-09 18:00:00,10.0,28.2,91,998.7,14.5,197,0.3,18,3,7,12.0,9.0,6.0,14.0,2.0,13.0,8.666666666666666,9.25,10.041666666666666
2026-07-09 19:00:00,5.0,28.1,90,997.9,17.6,207,0.0,19,3,7,10.0,10.0,6.0,9.0,7.0,11.0,9.333333333333334,8.916666666666666,10.375
2026-07-09 20:00:00,5.0,27.9,89,997.4,18.4,219,0.0,20,3,7,5.0,12.0,9.0,8.0,8.0,15.0,9.166666666666666,8.583333333333334,10.291666666666666
2026-07-09 21:00:00,6.0,27.1,94,997.1,18.2,210,0.5,21,3,7,5.0,10.0,9.0,10.0,10.0,6.0,8.5,8.333333333333334,10.166666666666666
2026-07-09 22:00:00,4.0,27.1,95,997.1,13.8,206,0.1,22,3,7,6.0,5.0,10.0,9.0,11.0,2.0,8.0,8.0,10.0
2026-07-09 23:00:00,3.0,27.1,96,997.4,7.5,253,0.2,23,3,7,4.0,5.0,12.0,9.0,10.0,11.0,7.0,7.583333333333333,9.708333333333334
2026-07-10 00:00:00,5.0,27.5,97,997.5,12.3,224,0.6,0,4,7,3.0,6.0,10.0,6.0,5.0,8.0,5.5,7.083333333333333,9.416666666666666
2026-07-10 01:00:00,5.0,28.0,95,998.2,8.6,231,0.1,1,4,7,5.0,4.0,5.0,6.0,5.0,10.0,4.666666666666667,7.0,9.416666666666666
2026-07-10 02:00:00,6.0,29.2,89,998.5,9.8,240,0.0,2,4,7,5.0,3.0,5.0,9.0,6.0,12.0,4.666666666666667,6.916666666666667,9.416666666666666
2026-07-10 03:00:00,17.0,30.2,82,998.9,9.2,237,0.3,3,4,7,6.0,5.0,6.0,9.0,13.0,11.0,4.833333333333333,6.666666666666667,9.416666666666666
2026-07-10 04:00:00,37.0,30.7,80,999.2,10.6,236,0.4,4,4,7,17.0,5.0,4.0,10.0,34.0,24.0,6.666666666666667,7.333333333333333,9.583333333333334
2026-07-10 05:00:00,17.0,30.5,80,999.3,11.0,240,0.6,5,4,7,37.0,6.0,3.0,12.0,19.0,18.0,12.166666666666666,9.583333333333334,9.708333333333334
2026-07-10 06:00:00,14.0,31.2,74,999.2,11.1,217,4.0,6,4,7,17.0,17.0,5.0,10.0,14.0,22.0,14.5,10.0,9.625
2026-07-10 07:00:00,13.0,31.5,74,998.3,10.9,209,0.3,7,4,7,14.0,37.0,5.0,5.0,9.0,13.0,16.0,10.333333333333334,9.625
2026-07-10 08:00:00,18.0,30.8,77,997.7,14.8,223,1.1,8,4,7,13.0,17.0,6.0,5.0,8.0,15.0,17.333333333333332,11.0,9.791666666666666
2026-07-10 09:00:00,20.0,29.0,84,997.4,16.8,257,0.8,9,4,7,18.0,14.0,17.0,6.0,10.0,22.0,19.333333333333332,12.083333333333334,10.208333333333334
2026-07-10 10:00:00,13.0,28.9,88,997.2,13.4,265,0.7,10,4,7,20.0,13.0,37.0,4.0,9.0,5.0,19.833333333333332,13.25,10.625
2026-07-10 11:00:00,14.0,28.4,91,997.4,9.5,231,0.6,11,4,7,13.0,18.0,17.0,3.0,9.0,7.0,15.833333333333334,14.0,10.791666666666666
2026-07-10 12:00:00,8.0,29.4,83,997.7,9.4,223,0.3,12,4,7,14.0,20.0,14.0,5.0,6.0,11.0,15.333333333333334,14.916666666666666,11.0
2026-07-10 13:00:00,3.0,28.7,86,997.8,12.1,217,0.0,13,4,7,8.0,13.0,13.0,5.0,6.0,19.0,14.333333333333334,15.166666666666666,11.083333333333334
2026-07-10 14:00:00,5.0,28.5,90,997.8,12.5,210,0.0,14,4,7,3.0,14.0,18.0,6.0,9.0,15.0,12.666666666666666,15.0,10.958333333333334
2026-07-10 15:00:00,5.0,28.3,91,998.4,12.3,209,0.0,15,4,7,5.0,8.0,20.0,17.0,9.0,12.0,10.5,14.916666666666666,10.791666666666666
2026-07-10 16:00:00,7.0,28.0,90,998.5,12.6,216,0.0,16,4,7,5.0,3.0,13.0,37.0,10.0,12.0,8.0,13.916666666666666,10.625
2026-07-10 17:00:00,6.0,27.8,88,998.4,12.7,224,0.0,17,4,7,7.0,5.0,14.0,17.0,12.0,8.0,7.0,11.416666666666666,10.5
2026-07-10 18:00:00,7.0,27.8,88,998.0,12.8,218,0.0,18,4,7,6.0,5.0,8.0,14.0,10.0,2.0,5.666666666666667,10.5,10.25
2026-07-10 19:00:00,9.0,27.7,88,997.3,14.4,218,0.0,19,4,7,7.0,7.0,3.0,13.0,5.0,7.0,5.5,9.916666666666666,10.125
2026-07-10 20:00:00,8.0,27.7,88,997.1,13.6,220,0.0,20,4,7,9.0,6.0,5.0,18.0,5.0,8.0,6.5,9.583333333333334,10.291666666666666
2026-07-10 21:00:00,5.0,27.7,86,996.8,13.2,225,0.0,21,4,7,8.0,7.0,5.0,20.0,6.0,10.0,7.0,8.75,10.416666666666666
2026-07-10 22:00:00,6.0,27.8,85,996.6,12.5,229,0.0,22,4,7,5.0,9.0,7.0,13.0,4.0,11.0,7.0,7.5,10.375
2026-07-10 23:00:00,8.0,27.6,85,996.6,10.9,234,0.0,23,4,7,6.0,8.0,6.0,14.0,3.0,10.0,6.833333333333333,6.916666666666667,10.458333333333334
2026-07-11 00:00:00,7.0,27.3,88,996.9,9.8,229,0.0,0,5,7,8.0,5.0,7.0,8.0,5.0,5.0,7.166666666666667,6.416666666666667,10.666666666666666
2026-07-11 01:00:00,9.0,27.9,87,997.4,9.8,227,0.0,1,5,7,7.0,6.0,9.0,3.0,5.0,5.0,7.166666666666667,6.333333333333333,10.75
2026-07-11 02:00:00,17.0,29.5,82,997.5,11.3,234,0.0,2,5,7,9.0,8.0,8.0,5.0,6.0,6.0,7.166666666666667,6.833333333333333,10.916666666666666
2026-07-11 03:00:00,26.0,31.1,75,998.2,10.7,235,0.0,3,5,7,17.0,7.0,5.0,5.0,17.0,13.0,8.666666666666666,7.833333333333333,11.375
2026-07-11 04:00:00,28.0,32.5,67,998.0,13.3,242,0.0,4,5,7,26.0,9.0,6.0,7.0,37.0,34.0,12.166666666666666,9.583333333333334,11.75
2026-07-11 05:00:00,41.0,33.4,62,997.6,12.6,253,0.0,5,5,7,28.0,17.0,8.0,6.0,17.0,19.0,15.833333333333334,11.333333333333334,11.375
2026-07-11 06:00:00,36.0,34.3,57,996.9,12.1,273,0.0,6,5,7,41.0,26.0,7.0,7.0,14.0,14.0,21.333333333333332,14.25,12.375
2026-07-11 07:00:00,41.0,34.1,54,996.5,11.7,284,0.5,7,5,7,36.0,28.0,9.0,9.0,13.0,9.0,26.166666666666668,16.666666666666668,13.291666666666666
2026-07-11 08:00:00,35.0,31.2,73,995.9,14.0,225,1.9,8,5,7,41.0,41.0,17.0,8.0,18.0,8.0,31.5,19.333333333333332,14.458333333333334
2026-07-11 09:00:00,37.0,31.3,71,995.2,10.9,209,0.2,9,5,7,35.0,36.0,26.0,5.0,20.0,10.0,34.5,21.583333333333332,15.166666666666666
2026-07-11 10:00:00,26.0,32.3,68,994.3,8.7,207,0.1,10,5,7,37.0,41.0,28.0,6.0,13.0,9.0,36.333333333333336,24.25,15.875
2026-07-11 11:00:00,21.0,30.3,78,994.4,13.4,207,0.5,11,5,7,26.0,35.0,41.0,8.0,14.0,9.0,36.0,25.916666666666668,16.416666666666668
2026-07-11 12:00:00,24.0,30.8,77,994.8,10.1,207,0.0,12,5,7,21.0,37.0,36.0,7.0,8.0,6.0,32.666666666666664,27.0,16.708333333333332
2026-07-11 13:00:00,18.0,30.1,80,994.8,12.4,213,0.0,13,5,7,24.0,26.0,41.0,9.0,3.0,6.0,30.666666666666668,28.416666666666668,17.375
2026-07-11 14:00:00,23.0,29.5,83,995.4,12.5,215,0.0,14,5,7,18.0,21.0,35.0,17.0,5.0,9.0,26.833333333333332,29.166666666666668,18.0
2026-07-11 15:00:00,20.0,29.1,85,996.4,12.3,218,0.0,15,5,7,23.0,24.0,37.0,26.0,5.0,9.0,24.833333333333332,29.666666666666668,18.75
2026-07-11 16:00:00,21.0,28.6,87,996.6,10.9,231,0.0,16,5,7,20.0,18.0,26.0,28.0,7.0,10.0,22.0,29.166666666666668,19.375
2026-07-11 17:00:00,21.0,28.4,87,996.6,10.3,230,0.0,17,5,7,21.0,23.0,21.0,41.0,6.0,12.0,21.166666666666668,28.583333333333332,19.958333333333332
2026-07-11 18:00:00,25.0,28.8,83,995.9,11.3,213,0.0,18,5,7,21.0,20.0,24.0,36.0,7.0,10.0,21.166666666666668,26.916666666666668,20.583333333333332
2026-07-11 19:00:00,23.0,28.1,89,995.1,11.8,213,0.0,19,5,7,25.0,21.0,18.0,41.0,9.0,5.0,21.333333333333332,26.0,21.333333333333332
2026-07-11 20:00:00,10.0,27.7,89,994.7,10.9,224,0.0,20,5,7,23.0,21.0,23.0,35.0,8.0,5.0,22.166666666666668,24.5,21.916666666666668
2026-07-11 21:00:00,22.0,27.5,91,994.2,9.7,227,0.0,21,5,7,10.0,25.0,20.0,37.0,5.0,6.0,20.0,22.416666666666668,22.0
2026-07-11 22:00:00,11.0,27.7,88,994.4,9.3,254,0.0,22,5,7,22.0,23.0,21.0,26.0,6.0,4.0,20.333333333333332,21.166666666666668,22.708333333333332
2026-07-11 23:00:00,17.0,27.8,83,994.5,9.5,260,0.1,23,5,7,11.0,10.0,21.0,21.0,8.0,3.0,18.666666666666668,19.916666666666668,22.916666666666668
2026-07-12 00:00:00,25.0,27.3,89,994.4,9.6,254,0.0,0,6,7,17.0,22.0,25.0,24.0,7.0,5.0,18.0,19.583333333333332,23.291666666666668
2026-07-12 01:00:00,89.0,27.9,86,994.7,12.9,245,0.4,1,6,7,25.0,11.0,23.0,18.0,9.0,5.0,18.0,19.666666666666668,24.041666666666668
2026-07-12 02:00:00,87.0,29.8,78,995.3,10.4,250,0.0,2,6,7,89.0,17.0,10.0,23.0,17.0,6.0,29.0,25.583333333333332,27.375
2026-07-12 03:00:00,104.0,31.5,68,995.4,11.7,259,0.0,3,6,7,87.0,25.0,22.0,20.0,26.0,17.0,41.833333333333336,30.916666666666668,30.291666666666668
2026-07-12 04:00:00,87.0,32.7,61,995.7,13.3,271,0.0,4,6,7,104.0,89.0,11.0,21.0,28.0,37.0,55.5,37.916666666666664,33.541666666666664
2026-07-12 05:00:00,62.0,33.5,59,995.4,14.6,272,0.0,5,6,7,87.0,87.0,17.0,21.0,41.0,17.0,68.16666666666667,43.416666666666664,36.0
2026-07-12 06:00:00,55.0,34.1,58,995.0,14.0,278,0.0,6,6,7,62.0,104.0,25.0,25.0,36.0,14.0,75.66666666666667,46.833333333333336,36.875
2026-07-12 07:00:00,47.0,34.4,57,994.3,12.2,278,0.0,7,6,7,55.0,87.0,89.0,23.0,41.0,13.0,80.66666666666667,49.333333333333336,37.666666666666664
2026-07-12 08:00:00,23.0,34.1,58,993.6,11.8,263,0.0,8,6,7,47.0,62.0,87.0,10.0,35.0,18.0,73.66666666666667,51.333333333333336,37.916666666666664
2026-07-12 09:00:00,28.0,33.8,59,993.0,13.3,267,0.0,9,6,7,23.0,55.0,104.0,22.0,37.0,20.0,63.0,52.416666666666664,37.416666666666664
2026-07-12 10:00:00,21.0,33.3,60,992.8,7.7,258,0.0,10,6,7,28.0,47.0,87.0,11.0,26.0,13.0,50.333333333333336,52.916666666666664,37.041666666666664
2026-07-12 11:00:00,15.0,32.7,66,992.6,8.3,213,0.0,11,6,7,21.0,23.0,62.0,17.0,21.0,14.0,39.333333333333336,53.75,36.833333333333336
2026-07-12 12:00:00,20.0,31.8,73,992.9,13.4,206,0.1,12,6,7,15.0,28.0,55.0,25.0,24.0,8.0,31.5,53.583333333333336,36.583333333333336
2026-07-12 13:00:00,28.0,30.3,78,993.5,16.1,209,0.0,13,6,7,20.0,21.0,47.0,89.0,18.0,3.0,25.666666666666668,53.166666666666664,36.416666666666664
2026-07-12 14:00:00,26.0,29.7,79,994.4,13.4,212,0.0,14,6,7,28.0,15.0,23.0,87.0,23.0,5.0,22.5,48.083333333333336,36.833333333333336
2026-07-12 15:00:00,29.0,29.4,81,995.1,11.6,215,0.0,15,6,7,26.0,20.0,28.0,104.0,20.0,5.0,23.0,43.0,36.958333333333336
2026-07-12 16:00:00,33.0,29.2,84,995.5,10.9,220,0.0,16,6,7,29.0,28.0,21.0,87.0,21.0,7.0,23.166666666666668,36.75,37.333333333333336
2026-07-12 17:00:00,25.0,28.9,86,995.8,10.7,224,0.0,17,6,7,33.0,26.0,15.0,62.0,21.0,6.0,25.166666666666668,32.25,37.833333333333336
2026-07-12 18:00:00,26.0,29.2,87,995.0,11.2,212,0.0,18,6,7,25.0,29.0,20.0,55.0,25.0,7.0,26.833333333333332,29.166666666666668,38.0
2026-07-12 19:00:00,29.0,29.0,86,994.8,13.9,217,0.0,19,6,7,26.0,33.0,28.0,47.0,23.0,9.0,27.833333333333332,26.75,38.041666666666664
2026-07-12 20:00:00,22.0,28.6,86,994.2,12.1,229,0.0,20,6,7,29.0,25.0,26.0,23.0,10.0,8.0,28.0,25.25,38.291666666666664
2026-07-12 21:00:00,22.0,28.3,86,993.7,10.9,236,0.0,21,6,7,22.0,26.0,29.0,28.0,22.0,5.0,27.333333333333332,25.166666666666668,38.791666666666664
2026-07-12 22:00:00,20.0,28.2,84,993.6,10.2,234,0.0,22,6,7,22.0,29.0,33.0,21.0,11.0,6.0,26.166666666666668,24.666666666666668,38.791666666666664
2026-07-12 23:00:00,16.0,28.1,86,993.8,7.5,246,0.0,23,6,7,20.0,22.0,25.0,15.0,17.0,8.0,24.0,24.583333333333332,39.166666666666664
2026-07-13 00:00:00,53.0,28.7,85,993.9,6.6,259,0.0,0,0,7,16.0,22.0,26.0,20.0,25.0,7.0,22.5,24.666666666666668,39.125
2026-07-13 01:00:00,88.0,29.5,82,994.5,8.9,279,0.0,1,0,7,53.0,20.0,29.0,28.0,89.0,9.0,27.0,27.416666666666668,40.291666666666664
2026-07-13 02:00:00,82.0,30.6,76,994.8,10.0,284,0.0,2,0,7,88.0,16.0,22.0,26.0,87.0,17.0,36.833333333333336,32.416666666666664,40.25
2026-07-13 03:00:00,87.0,32.0,67,995.3,13.0,294,0.0,3,0,7,82.0,53.0,22.0,29.0,104.0,26.0,46.833333333333336,37.083333333333336,40.041666666666664
2026-07-13 04:00:00,82.0,32.9,63,995.5,13.7,300,0.0,4,0,7,87.0,88.0,20.0,33.0,87.0,28.0,57.666666666666664,41.916666666666664,39.333333333333336
2026-07-13 05:00:00,66.0,33.5,62,995.4,12.9,303,0.0,5,0,7,82.0,82.0,16.0,25.0,62.0,41.0,68.0,46.0,39.125
2026-07-13 06:00:00,65.0,33.7,58,995.2,15.6,311,0.0,6,0,7,66.0,87.0,53.0,26.0,55.0,36.0,76.33333333333333,49.416666666666664,39.291666666666664
2026-07-13 07:00:00,38.0,34.0,57,994.6,14.6,305,0.7,7,0,7,65.0,82.0,88.0,29.0,47.0,41.0,78.33333333333333,52.666666666666664,39.708333333333336
2026-07-13 08:00:00,27.0,34.3,55,994.0,12.8,309,0.0,8,0,7,38.0,66.0,82.0,22.0,23.0,35.0,70.0,53.416666666666664,39.333333333333336
2026-07-13 09:00:00,39.0,33.8,59,993.7,10.4,326,0.0,9,0,7,27.0,65.0,87.0,22.0,28.0,37.0,60.833333333333336,53.833333333333336,39.5
2026-07-13 10:00:00,43.0,33.5,62,993.4,7.5,320,0.0,10,0,7,39.0,38.0,82.0,20.0,21.0,26.0,52.833333333333336,55.25,39.958333333333336
2026-07-13 11:00:00,39.0,33.0,69,993.3,4.0,330,0.0,11,0,7,43.0,27.0,66.0,16.0,15.0,21.0,46.333333333333336,57.166666666666664,40.875
2026-07-13 12:00:00,23.0,31.9,76,994.3,3.8,109,0.0,12,0,7,39.0,39.0,65.0,53.0,20.0,24.0,41.833333333333336,59.083333333333336,41.875
2026-07-13 13:00:00,24.0,30.3,84,994.6,6.5,118,0.0,13,0,7,23.0,43.0,38.0,88.0,28.0,18.0,34.833333333333336,56.583333333333336,42.0
2026-07-13 14:00:00,21.0,29.5,86,994.9,7.6,118,0.0,14,0,7,24.0,39.0,27.0,82.0,26.0,23.0,32.5,51.25,41.833333333333336
2026-07-13 15:00:00,25.0,29.1,88,995.6,8.0,115,0.0,15,0,7,21.0,23.0,39.0,87.0,29.0,20.0,31.5,46.166666666666664,41.625
2026-07-13 16:00:00,29.0,28.8,89,996.2,5.0,116,0.0,16,0,7,25.0,24.0,43.0,82.0,33.0,21.0,29.166666666666668,41.0,41.458333333333336
2026-07-13 17:00:00,22.0,28.5,90,996.2,6.9,84,0.0,17,0,7,29.0,21.0,39.0,66.0,25.0,21.0,26.833333333333332,36.583333333333336,41.291666666666664
2026-07-13 18:00:00,17.0,28.4,91,995.7,8.3,124,0.0,18,0,7,22.0,25.0,23.0,65.0,26.0,25.0,24.0,32.916666666666664,41.166666666666664
2026-07-13 19:00:00,13.0,28.2,91,995.7,9.3,109,0.0,19,0,7,17.0,29.0,24.0,38.0,29.0,23.0,23.0,28.916666666666668,40.791666666666664
2026-07-13 20:00:00,10.0,27.9,90,995.5,10.1,114,0.0,20,0,7,13.0,22.0,21.0,27.0,22.0,10.0,21.166666666666668,26.833333333333332,40.125
2026-07-13 21:00:00,10.0,27.6,90,995.2,8.1,151,0.1,21,0,7,10.0,17.0,25.0,39.0,22.0,22.0,19.333333333333332,25.416666666666668,39.625
2026-07-13 22:00:00,12.0,27.6,92,994.7,8.7,201,0.0,22,0,7,10.0,13.0,29.0,43.0,20.0,11.0,16.833333333333332,23.0,39.125
2026-07-13 23:00:00,10.0,27.6,94,994.4,7.2,174,0.0,23,0,7,12.0,10.0,22.0,39.0,16.0,17.0,14.0,20.416666666666668,38.791666666666664
2026-07-14 00:00:00,13.0,27.1,99,994.1,6.4,82,0.0,0,1,7,10.0,10.0,17.0,23.0,53.0,25.0,12.0,18.0,38.541666666666664
2026-07-14 01:00:00,30.0,26.9,94,995.1,13.5,171,0.0,1,1,7,13.0,12.0,13.0,24.0,88.0,89.0,11.333333333333334,17.166666666666668,36.875
2026-07-14 02:00:00,39.0,27.7,89,995.5,5.8,275,0.1,2,1,7,30.0,10.0,10.0,21.0,82.0,87.0,14.166666666666666,17.666666666666668,34.458333333333336
2026-07-14 03:00:00,28.0,29.0,81,995.6,4.3,275,0.1,3,1,7,39.0,13.0,10.0,25.0,87.0,104.0,19.0,19.166666666666668,32.666666666666664
2026-07-14 04:00:00,23.0,27.7,87,996.8,8.7,77,0.6,4,1,7,28.0,30.0,12.0,29.0,82.0,87.0,22.0,19.416666666666668,30.208333333333332
2026-07-14 05:00:00,39.0,26.9,92,996.6,4.9,107,0.9,5,1,7,23.0,39.0,10.0,22.0,66.0,62.0,23.833333333333332,18.916666666666668,27.75
2026-07-14 06:00:00,59.0,27.9,89,996.6,4.7,62,0.5,6,1,7,39.0,28.0,13.0,17.0,65.0,55.0,28.666666666666668,20.333333333333332,26.625
2026-07-14 07:00:00,22.0,27.5,92,996.0,3.2,34,1.0,7,1,7,59.0,23.0,30.0,13.0,38.0,47.0,36.333333333333336,23.833333333333332,26.375
2026-07-14 08:00:00,1.0,27.9,92,995.0,3.2,63,1.5,8,1,7,22.0,39.0,39.0,10.0,27.0,23.0,35.0,24.583333333333332,25.708333333333332
2026-07-14 09:00:00,3.0,28.1,92,994.8,1.0,22,1.0,9,1,7,1.0,59.0,28.0,10.0,39.0,28.0,28.666666666666668,23.833333333333332,24.625
2026-07-14 10:00:00,4.0,28.4,91,994.7,2.3,4,0.2,10,1,7,3.0,22.0,23.0,12.0,43.0,21.0,24.5,23.25,23.125
2026-07-14 11:00:00,14.0,28.2,91,994.6,7.2,321,0.0,11,1,7,4.0,1.0,39.0,10.0,39.0,15.0,21.333333333333332,22.583333333333332,21.5
2026-07-14 12:00:00,21.0,26.5,95,995.0,5.6,249,0.0,12,1,7,14.0,3.0,59.0,13.0,23.0,20.0,17.166666666666668,22.916666666666668,20.458333333333332
2026-07-14 13:00:00,22.0,26.9,96,994.9,9.0,268,0.5,13,1,7,21.0,4.0,22.0,30.0,24.0,28.0,10.833333333333334,23.583333333333332,20.375
2026-07-14 14:00:00,23.0,27.0,96,995.7,11.5,268,0.0,14,1,7,22.0,14.0,1.0,39.0,21.0,26.0,10.833333333333334,22.916666666666668,20.291666666666668
2026-07-14 15:00:00,26.0,26.9,94,996.4,10.2,280,0.0,15,1,7,23.0,21.0,3.0,28.0,25.0,29.0,14.5,21.583333333333332,20.375
2026-07-14 16:00:00,15.0,26.7,93,996.9,9.9,279,0.0,16,1,7,26.0,22.0,4.0,23.0,29.0,33.0,18.333333333333332,21.416666666666668,20.416666666666668
2026-07-14 17:00:00,11.0,26.8,93,997.0,7.4,299,0.0,17,1,7,15.0,23.0,14.0,39.0,22.0,25.0,20.166666666666668,20.75,19.833333333333332
2026-07-14 18:00:00,17.0,26.8,89,996.2,9.8,293,0.0,18,1,7,11.0,26.0,21.0,59.0,17.0,26.0,19.666666666666668,18.416666666666668,19.375
2026-07-14 19:00:00,15.0,26.6,89,996.0,8.9,306,0.0,19,1,7,17.0,15.0,22.0,22.0,13.0,29.0,19.0,14.916666666666666,19.375
2026-07-14 20:00:00,19.0,26.9,87,995.6,8.8,329,0.0,20,1,7,15.0,11.0,23.0,1.0,10.0,22.0,17.833333333333332,14.333333333333334,19.458333333333332
2026-07-14 21:00:00,18.0,26.8,85,994.9,12.0,316,0.0,21,1,7,19.0,17.0,26.0,3.0,10.0,22.0,17.166666666666668,15.833333333333334,19.833333333333332
2026-07-14 22:00:00,15.0,26.7,85,994.7,9.2,317,0.0,22,1,7,18.0,15.0,15.0,4.0,12.0,20.0,15.833333333333334,17.083333333333332,20.166666666666668
2026-07-14 23:00:00,17.0,26.8,85,994.9,10.2,302,0.0,23,1,7,15.0,19.0,11.0,14.0,10.0,16.0,15.833333333333334,18.0,20.291666666666668
2026-07-15 00:00:00,18.0,25.3,97,995.9,11.4,232,0.0,0,2,7,17.0,18.0,17.0,21.0,13.0,53.0,16.833333333333332,18.25,20.583333333333332
2026-07-15 01:00:00,30.0,26.0,96,995.5,7.1,263,0.4,1,2,7,18.0,15.0,15.0,22.0,30.0,88.0,17.0,18.0,20.791666666666668
2026-07-15 02:00:00,30.0,26.5,93,996.9,9.4,356,1.6,2,2,7,30.0,17.0,19.0,23.0,39.0,82.0,19.5,18.666666666666668,20.791666666666668
2026-07-15 03:00:00,34.0,26.7,95,996.3,14.0,318,0.9,3,2,7,30.0,18.0,18.0,26.0,28.0,87.0,21.333333333333332,19.25,20.416666666666668
2026-07-15 04:00:00,83.0,28.5,86,996.7,14.9,325,0.3,4,2,7,34.0,30.0,15.0,15.0,23.0,82.0,24.0,19.916666666666668,20.666666666666668
2026-07-15 05:00:00,85.0,29.9,79,996.7,14.2,325,0.1,5,2,7,83.0,30.0,17.0,11.0,39.0,66.0,35.333333333333336,25.583333333333332,23.166666666666668
2026-07-15 06:00:00,48.0,29.2,78,996.3,16.1,310,0.0,6,2,7,85.0,34.0,18.0,17.0,59.0,65.0,46.666666666666664,31.75,25.083333333333332
2026-07-15 07:00:00,57.0,30.5,72,995.7,15.9,315,0.0,7,2,7,48.0,83.0,30.0,15.0,22.0,38.0,51.666666666666664,34.333333333333336,24.625
2026-07-15 08:00:00,44.0,31.2,71,994.9,14.1,313,0.0,8,2,7,57.0,85.0,30.0,19.0,1.0,27.0,56.166666666666664,37.833333333333336,26.083333333333332
2026-07-15 09:00:00,47.0,31.6,69,993.7,14.4,303,0.1,9,2,7,44.0,48.0,34.0,18.0,3.0,39.0,58.5,39.916666666666664,27.875
2026-07-15 11:00:00,16.0,26.9,95,994.1,16.2,306,5.4,11,2,7,47.0,57.0,83.0,15.0,4.0,43.0,60.666666666666664,42.333333333333336,29.708333333333332
2026-07-15 12:00:00,16.0,27.9,89,994.9,5.4,352,0.4,12,2,7,16.0,44.0,85.0,17.0,14.0,39.0,49.5,42.416666666666664,30.208333333333332
2026-07-15 13:00:00,21.0,27.0,94,995.7,5.1,318,5.4,13,2,7,16.0,47.0,48.0,18.0,21.0,23.0,38.0,42.333333333333336,30.291666666666668
2026-07-15 14:00:00,21.0,26.9,95,995.5,10.5,297,3.7,14,2,7,21.0,16.0,57.0,30.0,22.0,24.0,33.5,42.583333333333336,30.291666666666668
2026-07-15 15:00:00,16.0,26.6,95,996.1,11.0,305,3.2,15,2,7,21.0,16.0,44.0,30.0,23.0,21.0,27.5,41.833333333333336,30.25
2026-07-15 16:00:00,14.0,26.6,95,996.9,11.0,298,5.5,16,2,7,16.0,21.0,47.0,34.0,26.0,25.0,22.833333333333332,40.666666666666664,29.958333333333332
2026-07-15 17:00:00,20.0,26.5,95,996.8,12.3,302,3.9,17,2,7,14.0,21.0,16.0,83.0,15.0,29.0,17.333333333333332,39.0,29.458333333333332
2026-07-15 18:00:00,17.0,25.6,97,996.5,12.0,258,5.2,18,2,7,20.0,16.0,16.0,85.0,11.0,22.0,18.0,33.75,29.666666666666668
2026-07-15 19:00:00,15.0,25.8,96,995.8,10.5,257,8.0,19,2,7,17.0,14.0,21.0,48.0,17.0,17.0,18.166666666666668,28.083333333333332,29.916666666666668
2026-07-15 20:00:00,11.0,25.6,96,995.2,12.2,279,9.0,20,2,7,15.0,20.0,21.0,57.0,15.0,13.0,17.166666666666668,25.333333333333332,29.833333333333332
2026-07-15 21:00:00,15.0,25.3,97,994.5,17.9,283,15.8,21,2,7,11.0,17.0,16.0,44.0,19.0,10.0,15.5,21.5,29.666666666666668
2026-07-15 22:00:00,31.0,25.5,96,994.2,20.0,309,12.1,22,2,7,15.0,15.0,14.0,47.0,18.0,10.0,15.333333333333334,19.083333333333332,29.5
2026-07-15 23:00:00,87.0,25.4,96,994.1,26.3,326,3.5,23,2,7,31.0,11.0,20.0,16.0,15.0,12.0,18.166666666666668,17.75,30.041666666666668
2026-07-16 00:00:00,163.0,25.6,96,994.9,9.9,266,3.3,0,3,7,87.0,15.0,17.0,16.0,17.0,10.0,29.333333333333332,23.666666666666668,33.041666666666664
2026-07-16 01:00:00,97.0,25.5,96,995.9,8.3,237,32.1,1,3,7,163.0,31.0,15.0,21.0,18.0,13.0,53.666666666666664,35.916666666666664,39.125
2026-07-16 02:00:00,39.0,25.5,96,995.9,11.7,227,41.1,2,3,7,97.0,87.0,11.0,21.0,30.0,30.0,67.33333333333333,42.25,42.416666666666664
2026-07-16 03:00:00,111.0,25.4,96,996.2,11.5,210,41.0,3,3,7,39.0,163.0,15.0,16.0,30.0,39.0,72.0,43.75,42.791666666666664
2026-07-16 04:00:00,118.0,25.6,96,996.1,10.2,198,30.7,4,3,7,111.0,97.0,31.0,14.0,34.0,28.0,88.0,51.666666666666664,46.166666666666664
2026-07-16 05:00:00,127.0,26.5,94,996.3,3.6,233,15.6,5,3,7,118.0,39.0,87.0,20.0,83.0,23.0,102.5,60.333333333333336,49.666666666666664
2026-07-16 06:00:00,97.0,26.5,95,996.0,11.9,274,7.5,6,3,7,127.0,111.0,163.0,17.0,85.0,39.0,109.16666666666667,69.25,51.5
2026-07-16 07:00:00,88.0,26.7,95,995.9,15.3,279,6.6,7,3,7,97.0,118.0,97.0,15.0,48.0,59.0,98.16666666666667,75.91666666666667,52.0
2026-07-16 08:00:00,60.0,28.1,88,994.8,16.9,295,1.5,8,3,7,88.0,127.0,39.0,11.0,57.0,22.0,96.66666666666667,82.0,53.666666666666664
2026-07-16 09:00:00,66.0,29.0,82,994.4,12.2,284,0.1,9,3,7,60.0,97.0,111.0,15.0,44.0,1.0,100.16666666666667,86.08333333333333,53.791666666666664
2026-07-16 10:00:00,8.0,29.2,80,994.0,13.2,272,0.0,10,3,7,66.0,88.0,118.0,31.0,47.0,3.0,92.66666666666667,90.33333333333333,54.708333333333336
2026-07-16 11:00:00,23.0,28.1,82,994.0,13.7,260,0.4,11,3,7,8.0,60.0,127.0,87.0,16.0,4.0,74.33333333333333,88.41666666666667,53.083333333333336
2026-07-16 12:00:00,25.0,27.3,95,994.7,15.0,254,0.7,12,3,7,23.0,66.0,97.0,163.0,16.0,14.0,57.0,83.08333333333333,53.375
2026-07-16 13:00:00,33.0,26.1,96,995.7,17.8,256,1.6,13,3,7,25.0,8.0,88.0,97.0,21.0,21.0,45.0,71.58333333333333,53.75
2026-07-16 14:00:00,23.0,25.8,96,996.1,14.3,243,1.0,14,3,7,33.0,23.0,60.0,39.0,21.0,22.0,35.833333333333336,66.25,54.25
2026-07-16 15:00:00,23.0,25.6,97,997.2,14.7,230,1.0,15,3,7,23.0,25.0,66.0,111.0,16.0,23.0,29.666666666666668,64.91666666666667,54.333333333333336
2026-07-16 16:00:00,20.0,25.5,98,997.9,12.1,224,2.8,16,3,7,23.0,33.0,8.0,118.0,14.0,26.0,22.5,57.583333333333336,54.625
2026-07-16 17:00:00,18.0,25.5,97,997.7,13.3,228,1.2,17,3,7,20.0,23.0,23.0,127.0,20.0,15.0,24.5,49.416666666666664,54.875
2026-07-16 19:00:00,28.0,25.3,96,996.6,14.6,213,0.2,19,3,7,18.0,23.0,25.0,97.0,17.0,11.0,23.666666666666668,40.333333333333336,54.791666666666664
2026-07-16 20:00:00,25.0,24.9,97,996.3,15.0,215,0.3,20,3,7,28.0,20.0,33.0,88.0,15.0,17.0,24.166666666666668,34.583333333333336,55.25
2026-07-16 21:00:00,19.0,25.0,97,996.4,13.6,228,0.9,21,3,7,25.0,18.0,23.0,60.0,11.0,15.0,22.833333333333332,29.333333333333332,55.666666666666664
2026-07-16 22:00:00,9.0,24.9,98,996.6,13.2,238,5.5,22,3,7,19.0,28.0,23.0,66.0,15.0,19.0,22.166666666666668,25.916666666666668,56.0
2026-07-16 23:00:00,6.0,24.8,98,996.6,11.5,235,2.1,23,3,7,9.0,25.0,20.0,8.0,31.0,18.0,19.833333333333332,21.166666666666668,55.75
2026-07-17 00:00:00,18.0,24.9,99,996.6,14.7,208,0.4,0,4,7,6.0,19.0,18.0,23.0,87.0,15.0,17.5,21.0,54.708333333333336
2026-07-17 01:00:00,18.0,25.2,98,997.3,14.5,234,2.1,1,4,7,18.0,9.0,28.0,25.0,163.0,17.0,17.5,20.583333333333332,51.833333333333336
2026-07-17 02:00:00,20.0,26.2,96,997.5,10.7,228,0.9,2,4,7,18.0,6.0,25.0,33.0,97.0,18.0,15.833333333333334,20.0,45.791666666666664
2026-07-17 03:00:00,23.0,27.6,91,997.8,11.8,226,0.4,3,4,7,20.0,18.0,19.0,23.0,39.0,30.0,15.0,18.916666666666668,42.583333333333336
2026-07-17 04:00:00,23.0,29.6,81,997.9,12.5,242,0.2,4,4,7,23.0,18.0,9.0,23.0,111.0,30.0,15.666666666666666,18.916666666666668,41.916666666666664
2026-07-17 05:00:00,23.0,30.7,75,997.6,12.6,253,0.2,5,4,7,23.0,20.0,6.0,20.0,118.0,34.0,18.0,18.916666666666668,38.25
2026-07-17 06:00:00,31.0,31.4,70,997.4,12.5,263,0.1,6,4,7,23.0,23.0,18.0,18.0,127.0,83.0,20.833333333333332,19.166666666666668,34.291666666666664
2026-07-17 07:00:00,17.0,31.2,70,996.7,12.9,249,0.1,7,4,7,31.0,23.0,18.0,28.0,97.0,85.0,23.0,20.25,30.291666666666668
2026-07-17 08:00:00,19.0,29.9,76,996.0,15.4,229,0.9,8,4,7,17.0,23.0,20.0,25.0,88.0,48.0,22.833333333333332,19.333333333333332,26.958333333333332
2026-07-17 09:00:00,19.0,28.4,85,996.0,12.5,235,3.4,9,4,7,19.0,31.0,23.0,19.0,60.0,57.0,22.666666666666668,18.833333333333332,24.083333333333332
2026-07-17 10:00:00,17.0,28.1,87,995.7,15.3,211,0.7,10,4,7,19.0,17.0,23.0,9.0,66.0,44.0,22.0,18.833333333333332,22.375
2026-07-17 11:00:00,13.0,28.7,83,995.6,14.6,214,0.3,11,4,7,17.0,19.0,23.0,6.0,8.0,47.0,21.0,19.5,20.333333333333332
2026-07-17 12:00:00,16.0,29.5,79,995.9,13.3,203,0.2,12,4,7,13.0,19.0,31.0,18.0,23.0,16.0,19.333333333333332,20.083333333333332,20.541666666666668
2026-07-17 13:00:00,25.0,27.8,87,996.4,15.3,211,0.1,13,4,7,16.0,17.0,17.0,18.0,25.0,16.0,16.833333333333332,19.916666666666668,20.25
2026-07-17 14:00:00,30.0,27.2,91,997.1,16.4,215,0.1,14,4,7,25.0,13.0,19.0,20.0,33.0,21.0,18.166666666666668,20.5,20.25
2026-07-17 15:00:00,26.0,26.9,92,997.8,14.4,214,0.2,15,4,7,30.0,16.0,19.0,23.0,23.0,21.0,20.0,21.333333333333332,20.125
2026-07-17 16:00:00,20.0,26.6,95,998.3,13.5,221,0.1,16,4,7,26.0,25.0,17.0,23.0,23.0,16.0,21.166666666666668,21.583333333333332,20.25
2026-07-17 17:00:00,28.0,26.2,97,998.6,11.8,237,0.6,17,4,7,20.0,30.0,13.0,23.0,20.0,14.0,21.666666666666668,21.333333333333332,20.125
2026-07-17 18:00:00,25.0,26.2,97,997.9,13.6,210,3.4,18,4,7,28.0,26.0,16.0,31.0,18.0,20.0,24.166666666666668,21.75,20.458333333333332
2026-07-17 19:00:00,27.0,25.6,98,997.2,9.8,230,0.8,19,4,7,25.0,20.0,25.0,17.0,28.0,17.0,25.666666666666668,21.25,20.75
2026-07-17 20:00:00,20.0,25.3,99,997.0,9.6,233,0.8,20,4,7,27.0,28.0,30.0,19.0,25.0,15.0,26.0,22.083333333333332,20.708333333333332
2026-07-17 21:00:00,18.0,25.3,99,996.7,8.7,228,1.0,21,4,7,20.0,25.0,26.0,19.0,19.0,11.0,24.333333333333332,22.166666666666668,20.5
2026-07-17 22:00:00,18.0,25.2,99,997.0,10.8,195,2.3,22,4,7,18.0,27.0,20.0,17.0,9.0,15.0,23.0,22.083333333333332,20.458333333333332
2026-07-17 23:00:00,13.0,25.2,99,996.6,11.8,216,0.6,23,4,7,18.0,20.0,28.0,13.0,6.0,31.0,22.666666666666668,22.166666666666668,20.833333333333332
2026-07-18 00:00:00,15.0,25.9,98,996.9,14.7,211,0.3,0,5,7,13.0,18.0,25.0,16.0,18.0,87.0,20.166666666666668,22.166666666666668,21.125
2026-07-18 08:00:00,11.0,28.1,86,997.1,10.3,235,10.5,8,5,7,15.0,18.0,27.0,25.0,18.0,163.0,18.5,22.083333333333332,21.0
2026-07-18 09:00:00,16.0,27.3,93,996.0,7.6,236,2.5,9,5,7,11.0,13.0,20.0,30.0,20.0,97.0,15.833333333333334,20.916666666666668,20.708333333333332
2026-07-18 10:00:00,20.0,29.3,85,995.7,9.2,222,0.6,10,5,7,16.0,15.0,18.0,26.0,23.0,39.0,15.166666666666666,19.75,20.541666666666668
2026-07-18 11:00:00,18.0,28.0,88,995.6,12.7,241,3.6,11,5,7,20.0,11.0,18.0,20.0,23.0,111.0,15.5,19.25,20.416666666666668
2026-07-18 12:00:00,16.0,29.1,86,995.9,6.4,218,1.4,12,5,7,18.0,16.0,13.0,28.0,23.0,118.0,15.5,19.083333333333332,20.208333333333332
2026-07-18 13:00:00,21.0,27.9,93,996.7,8.0,211,0.4,13,5,7,16.0,20.0,15.0,25.0,31.0,127.0,16.0,18.083333333333332,19.916666666666668
2026-07-18 14:00:00,19.0,27.4,95,997.5,9.0,209,0.1,14,5,7,21.0,18.0,11.0,27.0,17.0,97.0,17.0,17.75,19.5
2026-07-18 15:00:00,27.0,27.0,95,997.9,7.3,218,0.0,15,5,7,19.0,16.0,16.0,20.0,19.0,88.0,18.333333333333332,17.083333333333332,19.583333333333332
2026-07-18 16:00:00,30.0,27.0,95,998.5,6.5,212,0.0,16,5,7,27.0,21.0,20.0,18.0,19.0,60.0,20.166666666666668,17.666666666666668,19.916666666666668
2026-07-18 17:00:00,42.0,26.9,96,998.7,8.1,186,0.0,17,5,7,30.0,19.0,18.0,18.0,17.0,66.0,21.833333333333332,18.666666666666668,20.375
2026-07-18 19:00:00,35.0,27.0,97,998.2,6.7,214,0.0,19,5,7,42.0,27.0,16.0,13.0,13.0,8.0,25.833333333333332,20.666666666666668,21.416666666666668
2026-07-18 20:00:00,33.0,26.9,98,997.8,7.1,195,0.0,20,5,7,35.0,30.0,21.0,15.0,16.0,23.0,29.0,22.5,22.333333333333332
2026-07-18 21:00:00,26.0,26.9,98,997.2,9.7,192,0.0,21,5,7,33.0,42.0,19.0,11.0,25.0,25.0,31.0,24.0,23.041666666666668
2026-07-18 22:00:00,26.0,26.3,98,997.5,9.7,225,2.2,22,5,7,26.0,35.0,27.0,16.0,30.0,33.0,32.166666666666664,25.25,23.083333333333332
2026-07-18 23:00:00,24.0,26.2,98,997.6,6.8,202,1.8,23,5,7,26.0,33.0,30.0,20.0,26.0,23.0,32.0,26.083333333333332,22.916666666666668
2026-07-19 00:00:00,37.0,25.8,98,997.7,6.8,155,0.3,0,6,7,24.0,26.0,42.0,18.0,20.0,23.0,31.0,26.416666666666668,22.833333333333332
2026-07-19 01:00:00,43.0,26.1,94,998.7,7.4,193,1.6,1,6,7,37.0,26.0,35.0,16.0,28.0,20.0,30.166666666666668,28.0,23.541666666666668
2026-07-19 02:00:00,43.0,27.1,95,998.8,8.4,173,1.0,2,6,7,43.0,24.0,33.0,21.0,25.0,18.0,31.5,30.25,24.166666666666668
2026-07-19 03:00:00,21.0,28.4,89,999.1,9.5,199,0.3,3,6,7,43.0,37.0,26.0,19.0,27.0,28.0,33.166666666666664,32.083333333333336,24.916666666666668
2026-07-19 04:00:00,44.0,29.6,85,999.2,6.2,216,0.3,4,6,7,21.0,43.0,26.0,27.0,20.0,25.0,32.333333333333336,32.25,24.666666666666668
2026-07-19 05:00:00,34.0,30.8,82,998.9,6.5,214,0.4,5,6,7,44.0,43.0,24.0,30.0,18.0,19.0,35.333333333333336,33.666666666666664,25.666666666666668
2026-07-19 06:00:00,31.0,32.2,74,998.5,7.6,225,0.5,6,6,7,34.0,21.0,37.0,42.0,18.0,9.0,37.0,34.0,26.333333333333332
2026-07-19 07:00:00,41.0,32.8,69,997.7,8.7,207,0.1,7,6,7,31.0,44.0,43.0,35.0,13.0,6.0,36.0,33.083333333333336,26.875
2026-07-19 08:00:00,29.0,30.1,80,996.9,13.7,190,1.0,8,6,7,41.0,34.0,43.0,33.0,15.0,18.0,35.666666666666664,33.583333333333336,28.041666666666668
2026-07-19 09:00:00,31.0,29.9,83,996.0,5.1,162,1.9,9,6,7,29.0,31.0,21.0,26.0,11.0,18.0,33.333333333333336,33.25,28.625
2026-07-19 10:00:00,16.0,32.3,68,995.6,7.4,181,0.0,10,6,7,31.0,41.0,44.0,26.0,16.0,20.0,35.0,33.666666666666664,29.458333333333332
2026-07-19 11:00:00,17.0,32.3,64,995.8,9.2,186,0.1,11,6,7,16.0,29.0,34.0,24.0,20.0,23.0,30.333333333333332,32.833333333333336,29.458333333333332
2026-07-19 12:00:00,21.0,31.7,75,996.2,6.7,194,0.4,12,6,7,17.0,31.0,31.0,37.0,18.0,23.0,27.5,32.25,29.333333333333332
2026-07-19 13:00:00,26.0,30.2,79,997.1,10.4,181,0.0,13,6,7,21.0,16.0,41.0,43.0,16.0,23.0,25.833333333333332,30.916666666666668,29.458333333333332
2026-07-19 14:00:00,37.0,29.2,86,998.4,9.1,205,0.0,14,6,7,26.0,17.0,29.0,43.0,21.0,31.0,23.333333333333332,29.5,29.875
2026-07-19 15:00:00,38.0,28.7,90,998.9,8.1,238,0.0,15,6,7,37.0,21.0,31.0,21.0,19.0,17.0,24.666666666666668,29.0,30.541666666666668
2026-07-19 16:00:00,32.0,28.4,92,999.6,8.8,208,0.0,16,6,7,38.0,26.0,16.0,44.0,27.0,19.0,25.833333333333332,30.416666666666668,31.333333333333332
2026-07-19 17:00:00,43.0,28.1,92,999.4,6.7,194,0.0,17,6,7,32.0,37.0,17.0,34.0,30.0,19.0,28.5,29.416666666666668,31.541666666666668
2026-07-19 18:00:00,37.0,28.0,92,999.1,8.3,198,0.0,18,6,7,43.0,38.0,21.0,31.0,42.0,17.0,32.833333333333336,30.166666666666668,32.083333333333336
2026-07-19 19:00:00,29.0,27.8,95,998.4,5.7,208,0.0,19,6,7,37.0,32.0,26.0,41.0,35.0,13.0,35.5,30.666666666666668,31.875
2026-07-19 20:00:00,30.0,27.5,97,997.4,8.6,181,0.0,20,6,7,29.0,43.0,37.0,29.0,33.0,16.0,36.0,29.666666666666668,31.625
2026-07-19 21:00:00,25.0,27.2,97,997.2,8.1,184,0.0,21,6,7,30.0,37.0,38.0,31.0,26.0,25.0,34.833333333333336,29.75,31.5
2026-07-19 22:00:00,23.0,27.0,97,997.1,7.6,202,0.0,22,6,7,25.0,29.0,32.0,16.0,26.0,30.0,32.666666666666664,29.25,31.458333333333332
2026-07-19 23:00:00,25.0,26.9,97,997.4,8.2,212,0.0,23,6,7,23.0,30.0,43.0,17.0,24.0,26.0,31.166666666666668,29.833333333333332,31.333333333333332
2026-07-20 00:00:00,27.0,27.4,99,997.7,9.4,200,0.0,0,0,7,25.0,25.0,37.0,21.0,37.0,20.0,28.166666666666668,30.5,31.375
2026-07-20 01:00:00,28.0,27.2,98,998.1,7.7,239,0.5,1,0,7,27.0,23.0,29.0,26.0,43.0,28.0,26.5,31.0,30.958333333333332
2026-07-20 02:00:00,34.0,27.7,90,998.6,7.4,244,1.1,2,0,7,28.0,25.0,30.0,37.0,43.0,25.0,26.333333333333332,31.166666666666668,30.333333333333332
2026-07-20 03:00:00,64.0,28.4,89,998.8,6.9,211,0.4,3,0,7,34.0,27.0,25.0,38.0,21.0,27.0,27.0,30.916666666666668,29.958333333333332
2026-07-20 04:00:00,60.0,29.5,86,998.9,7.8,209,0.3,4,0,7,64.0,28.0,23.0,32.0,44.0,20.0,33.5,33.083333333333336,31.75
2026-07-20 05:00:00,83.0,30.7,81,998.7,5.1,252,0.3,5,0,7,60.0,34.0,25.0,43.0,34.0,18.0,39.666666666666664,35.416666666666664,32.416666666666664
2026-07-20 06:00:00,29.0,31.5,75,998.5,4.7,288,0.3,6,0,7,83.0,64.0,27.0,37.0,31.0,18.0,49.333333333333336,38.75,34.458333333333336
2026-07-20 07:00:00,61.0,32.0,74,997.2,3.8,262,0.9,7,0,7,29.0,60.0,28.0,29.0,41.0,13.0,49.666666666666664,38.083333333333336,34.375
2026-07-20 08:00:00,48.0,32.5,72,996.6,4.8,169,0.3,8,0,7,61.0,83.0,34.0,30.0,29.0,15.0,55.166666666666664,40.75,35.208333333333336
2026-07-20 09:00:00,24.0,27.6,92,997.1,11.3,214,9.8,9,0,7,48.0,29.0,64.0,25.0,31.0,11.0,57.5,42.25,36.0
2026-07-20 10:00:00,37.0,27.1,94,996.7,4.0,306,7.2,10,0,7,24.0,61.0,60.0,23.0,16.0,16.0,50.833333333333336,42.166666666666664,35.708333333333336
2026-07-20 11:00:00,35.0,27.5,94,996.6,5.2,214,2.0,11,0,7,37.0,48.0,83.0,25.0,17.0,20.0,47.0,43.333333333333336,36.583333333333336
2026-07-20 12:00:00,13.0,28.4,89,997.0,3.5,168,1.3,12,0,7,35.0,24.0,29.0,27.0,21.0,18.0,39.0,44.166666666666664,37.333333333333336
2026-07-20 13:00:00,11.0,28.2,91,997.4,1.2,243,0.1,13,0,7,13.0,37.0,61.0,28.0,26.0,16.0,36.333333333333336,43.0,37.0
2026-07-20 14:00:00,18.0,28.0,93,997.8,0.3,45,0.0,14,0,7,11.0,35.0,48.0,34.0,37.0,21.0,28.0,41.583333333333336,36.375
2026-07-20 15:00:00,21.0,27.7,95,998.4,5.1,51,0.0,15,0,7,18.0,13.0,24.0,64.0,38.0,19.0,23.0,40.25,35.583333333333336
2026-07-20 16:00:00,18.0,27.6,96,999.0,2.5,172,0.0,16,0,7,21.0,11.0,37.0,60.0,32.0,27.0,22.5,36.666666666666664,34.875
2026-07-20 17:00:00,14.0,27.4,97,999.1,5.3,190,0.1,17,0,7,18.0,18.0,35.0,83.0,43.0,30.0,19.333333333333332,33.166666666666664,34.291666666666664
2026-07-20 18:00:00,22.0,27.6,95,998.6,5.4,210,0.1,18,0,7,14.0,21.0,13.0,29.0,37.0,42.0,15.833333333333334,27.416666666666668,33.083333333333336
2026-07-20 20:00:00,12.0,27.0,95,997.1,8.8,253,0.2,20,0,7,22.0,18.0,11.0,61.0,29.0,35.0,17.333333333333332,26.833333333333332,32.458333333333336
2026-07-20 21:00:00,14.0,26.5,96,996.9,8.6,255,0.2,21,0,7,12.0,14.0,18.0,48.0,30.0,33.0,17.5,22.75,31.75
2026-07-20 22:00:00,14.0,26.3,95,996.9,6.7,272,0.1,22,0,7,14.0,22.0,21.0,24.0,25.0,26.0,16.833333333333332,19.916666666666668,31.083333333333332
2026-07-20 23:00:00,13.0,26.2,95,997.0,3.6,276,0.1,23,0,7,14.0,12.0,18.0,37.0,23.0,26.0,15.666666666666666,19.083333333333332,30.625
2026-07-21 00:00:00,13.0,25.8,96,997.3,12.5,200,0.1,0,1,7,13.0,14.0,14.0,35.0,25.0,24.0,14.833333333333334,17.083333333333332,30.208333333333332
2026-07-21 01:00:00,10.0,25.5,97,998.0,2.9,227,4.3,1,1,7,13.0,14.0,22.0,13.0,27.0,37.0,14.666666666666666,15.25,29.708333333333332
2026-07-21 02:00:00,7.0,26.0,97,998.3,6.8,220,4.8,2,1,7,10.0,13.0,12.0,11.0,28.0,43.0,12.666666666666666,15.0,29.0
2026-07-21 03:00:00,10.0,26.4,97,998.3,2.8,252,2.5,3,1,7,7.0,13.0,14.0,18.0,34.0,43.0,11.833333333333334,14.666666666666666,28.125
2026-07-21 04:00:00,16.0,27.0,95,998.5,4.8,193,1.2,4,1,7,10.0,10.0,14.0,21.0,64.0,21.0,11.166666666666666,14.0,27.125
2026-07-21 05:00:00,24.0,27.2,94,998.4,4.1,193,1.1,5,1,7,16.0,7.0,13.0,18.0,60.0,44.0,11.5,13.583333333333334,25.125
2026-07-21 06:00:00,26.0,27.8,93,997.8,3.1,201,0.4,6,1,7,24.0,10.0,13.0,14.0,83.0,34.0,13.333333333333334,14.083333333333334,23.625
2026-07-21 07:00:00,35.0,28.4,90,997.4,2.6,214,0.6,7,1,7,26.0,16.0,10.0,22.0,29.0,31.0,15.5,15.083333333333334,21.25
2026-07-21 08:00:00,28.0,29.4,82,996.2,4.0,278,0.1,8,1,7,35.0,24.0,7.0,12.0,61.0,41.0,19.666666666666668,16.166666666666668,21.5
2026-07-21 09:00:00,26.0,30.6,75,996.1,5.0,289,0.1,9,1,7,28.0,26.0,10.0,14.0,48.0,29.0,23.166666666666668,17.5,20.125
2026-07-21 10:00:00,23.0,30.1,75,995.7,6.9,250,0.1,10,1,7,26.0,35.0,16.0,14.0,24.0,31.0,25.833333333333332,18.5,19.208333333333332
2026-07-21 11:00:00,22.0,27.2,90,996.0,10.5,215,1.4,11,1,7,23.0,28.0,24.0,13.0,37.0,16.0,27.0,19.25,19.166666666666668
2026-07-21 12:00:00,15.0,26.5,94,997.4,10.1,215,4.1,12,1,7,22.0,26.0,26.0,13.0,35.0,17.0,26.666666666666668,20.0,18.541666666666668
2026-07-21 13:00:00,9.0,26.0,96,997.6,9.4,259,2.6,13,1,7,15.0,23.0,35.0,10.0,13.0,21.0,24.833333333333332,20.166666666666668,17.708333333333332
2026-07-21 14:00:00,8.0,25.6,96,997.9,8.9,236,1.7,14,1,7,9.0,22.0,28.0,7.0,11.0,26.0,20.5,20.083333333333332,17.541666666666668
2026-07-21 15:00:00,10.0,25.2,97,998.7,7.2,205,4.7,15,1,7,8.0,15.0,26.0,10.0,18.0,37.0,17.166666666666668,20.166666666666668,17.416666666666668
2026-07-21 16:00:00,9.0,25.2,97,999.2,8.9,188,3.2,16,1,7,10.0,9.0,23.0,16.0,21.0,38.0,14.5,20.166666666666668,17.083333333333332
2026-07-21 17:00:00,3.0,25.3,97,999.1,7.1,196,2.6,17,1,7,9.0,8.0,22.0,24.0,18.0,32.0,12.166666666666666,19.583333333333332,16.583333333333332
2026-07-21 18:00:00,4.0,25.6,97,998.3,11.1,231,0.8,18,1,7,3.0,10.0,15.0,26.0,14.0,43.0,9.0,17.833333333333332,15.958333333333334
2026-07-21 22:00:00,1.0,25.7,97,996.9,5.2,221,1.1,22,1,7,4.0,9.0,9.0,35.0,22.0,37.0,7.166666666666667,16.0,15.541666666666666
2026-07-21 23:00:00,1.0,25.6,98,997.3,8.0,194,0.4,23,1,7,1.0,3.0,8.0,28.0,12.0,29.0,5.833333333333333,13.166666666666666,14.666666666666666
2026-07-22 00:00:00,4.0,25.9,98,997.5,9.4,200,0.2,0,2,7,1.0,4.0,10.0,26.0,14.0,30.0,4.666666666666667,10.916666666666666,14.208333333333334
2026-07-22 01:00:00,5.0,26.1,97,998.0,9.6,203,0.2,1,2,7,4.0,1.0,9.0,23.0,14.0,25.0,3.6666666666666665,9.083333333333334,13.791666666666666
2026-07-22 02:00:00,4.0,27.2,92,998.7,9.3,212,0.3,2,2,7,5.0,1.0,3.0,22.0,13.0,23.0,3.0,7.583333333333333,13.416666666666666
2026-07-22 03:00:00,6.0,26.8,92,999.0,12.6,229,1.3,3,2,7,4.0,4.0,4.0,15.0,13.0,25.0,3.1666666666666665,6.083333333333333,13.041666666666666
2026-07-22 04:00:00,13.0,27.7,88,999.5,10.3,215,1.1,4,2,7,6.0,5.0,1.0,9.0,10.0,27.0,3.5,5.333333333333333,12.75
2026-07-22 05:00:00,15.0,28.0,86,999.4,12.2,209,0.2,5,2,7,13.0,4.0,1.0,8.0,7.0,28.0,5.5,5.666666666666667,12.875
2026-07-22 06:00:00,10.0,26.7,90,1000.1,15.9,212,0.9,6,2,7,15.0,6.0,4.0,10.0,10.0,34.0,7.833333333333333,6.25,13.208333333333334
2026-07-22 07:00:00,8.0,26.7,94,999.5,11.5,200,1.3,7,2,7,10.0,13.0,5.0,9.0,16.0,64.0,8.833333333333334,6.25,13.208333333333334
2026-07-22 08:00:00,15.0,26.8,92,998.9,13.5,209,1.3,8,2,7,8.0,15.0,4.0,3.0,24.0,60.0,9.333333333333334,6.166666666666667,12.875
2026-07-22 09:00:00,19.0,26.6,95,998.5,12.9,210,1.0,9,2,7,15.0,10.0,6.0,4.0,26.0,83.0,11.166666666666666,7.166666666666667,12.5
2026-07-22 10:00:00,17.0,26.8,94,997.8,13.3,212,0.7,10,2,7,19.0,8.0,13.0,1.0,35.0,29.0,13.333333333333334,8.416666666666666,12.208333333333334
2026-07-22 11:00:00,15.0,26.7,95,997.6,13.2,208,0.7,11,2,7,17.0,15.0,15.0,1.0,28.0,61.0,14.0,9.75,11.458333333333334
2026-07-22 12:00:00,14.0,28.3,89,997.4,9.6,197,0.4,12,2,7,15.0,19.0,10.0,4.0,26.0,48.0,14.0,10.916666666666666,10.916666666666666
2026-07-22 13:00:00,21.0,27.8,91,997.6,9.3,220,0.0,13,2,7,14.0,17.0,8.0,5.0,23.0,24.0,14.666666666666666,11.75,10.416666666666666
2026-07-22 14:00:00,17.0,27.6,91,998.4,11.7,218,0.2,14,2,7,21.0,15.0,15.0,4.0,22.0,37.0,16.833333333333332,13.083333333333334,10.333333333333334
2026-07-22 15:00:00,24.0,27.2,94,999.3,12.1,213,0.6,15,2,7,17.0,14.0,19.0,6.0,15.0,35.0,17.166666666666668,14.166666666666666,10.125
2026-07-22 16:00:00,18.0,27.1,95,999.8,11.0,214,0.2,16,2,7,24.0,21.0,17.0,13.0,9.0,13.0,18.0,15.666666666666666,10.5
2026-07-22 17:00:00,22.0,27.0,95,999.7,12.2,214,0.1,17,2,7,18.0,17.0,15.0,15.0,8.0,11.0,18.166666666666668,16.083333333333332,10.875
2026-07-22 18:00:00,25.0,27.3,92,999.4,12.3,209,0.0,18,2,7,22.0,24.0,14.0,10.0,10.0,18.0,19.333333333333332,16.666666666666668,11.458333333333334
2026-07-22 19:00:00,19.0,27.2,92,999.1,12.2,208,0.0,19,2,7,25.0,18.0,21.0,8.0,9.0,21.0,21.166666666666668,17.916666666666668,12.083333333333334
2026-07-22 20:00:00,12.0,27.0,93,998.7,11.8,214,0.1,20,2,7,19.0,22.0,17.0,15.0,3.0,18.0,20.833333333333332,18.833333333333332,12.5
2026-07-22 21:00:00,10.0,26.9,94,998.2,13.0,219,0.3,21,2,7,12.0,25.0,24.0,19.0,4.0,14.0,20.0,18.583333333333332,12.875
2026-07-22 22:00:00,11.0,26.7,95,998.4,13.1,222,0.3,22,2,7,10.0,19.0,18.0,17.0,1.0,22.0,17.666666666666668,17.833333333333332,13.125
2026-07-22 23:00:00,9.0,26.4,95,998.4,13.9,220,0.4,23,2,7,11.0,12.0,22.0,15.0,1.0,12.0,16.5,17.333333333333332,13.541666666666666
2026-07-23 00:00:00,10.0,26.5,95,998.2,13.8,213,0.0,0,3,7,9.0,10.0,25.0,14.0,4.0,14.0,14.333333333333334,16.833333333333332,13.875
2026-07-23 01:00:00,21.0,26.8,93,998.6,12.9,205,0.0,1,3,7,10.0,11.0,19.0,21.0,5.0,14.0,11.833333333333334,16.5,14.125
2026-07-23 02:00:00,17.0,28.0,88,998.9,16.4,206,0.0,2,3,7,21.0,9.0,12.0,17.0,4.0,13.0,12.166666666666666,16.5,14.791666666666666
2026-07-23 03:00:00,21.0,27.9,87,999.2,16.2,225,0.3,3,3,7,17.0,10.0,10.0,24.0,6.0,13.0,13.0,16.5,15.333333333333334
2026-07-23 04:00:00,21.0,27.5,90,999.4,15.7,213,2.3,4,3,7,21.0,21.0,11.0,18.0,13.0,10.0,14.833333333333334,16.25,15.958333333333334
2026-07-23 05:00:00,25.0,28.5,87,999.2,16.3,216,0.4,5,3,7,21.0,17.0,9.0,22.0,15.0,7.0,16.5,16.5,16.291666666666668
2026-07-23 06:00:00,24.0,28.3,85,999.3,16.7,224,0.2,6,3,7,25.0,21.0,10.0,25.0,10.0,10.0,19.166666666666668,16.75,16.708333333333332
2026-07-23 07:00:00,22.0,27.8,88,998.7,19.5,212,1.2,7,3,7,24.0,21.0,21.0,19.0,8.0,16.0,21.5,16.666666666666668,17.291666666666668
2026-07-23 08:00:00,24.0,28.6,86,997.8,14.7,207,0.7,8,3,7,22.0,25.0,17.0,12.0,15.0,24.0,21.666666666666668,16.916666666666668,17.875
2026-07-23 09:00:00,19.0,28.5,86,997.7,10.8,216,0.8,9,3,7,24.0,24.0,21.0,10.0,19.0,26.0,22.833333333333332,17.916666666666668,18.25
2026-07-23 10:00:00,27.0,28.5,84,997.3,12.2,206,0.3,10,3,7,19.0,22.0,21.0,11.0,17.0,35.0,22.5,18.666666666666668,18.25
2026-07-23 11:00:00,21.0,29.1,80,997.0,12.6,200,0.2,11,3,7,27.0,24.0,25.0,9.0,15.0,28.0,23.5,20.0,18.666666666666668
2026-07-23 12:00:00,26.0,28.1,89,997.6,11.5,203,1.6,12,3,7,21.0,19.0,24.0,10.0,14.0,26.0,22.833333333333332,21.0,18.916666666666668
2026-07-23 13:00:00,24.0,27.5,93,997.8,14.1,201,0.2,13,3,7,26.0,27.0,22.0,21.0,21.0,23.0,23.166666666666668,22.333333333333332,19.416666666666668
2026-07-23 14:00:00,20.0,26.6,96,998.6,14.3,233,1.4,14,3,7,24.0,21.0,24.0,17.0,17.0,22.0,23.5,22.583333333333332,19.541666666666668
2026-07-23 15:00:00,19.0,26.3,96,999.2,9.1,218,1.5,15,3,7,20.0,26.0,19.0,21.0,24.0,15.0,22.833333333333332,22.833333333333332,19.666666666666668
2026-07-23 16:00:00,16.0,26.5,97,999.8,11.0,240,0.5,16,3,7,19.0,24.0,27.0,21.0,18.0,9.0,22.833333333333332,22.666666666666668,19.458333333333332
2026-07-23 17:00:00,16.0,26.7,97,999.7,9.5,219,0.4,17,3,7,16.0,20.0,21.0,25.0,22.0,8.0,21.0,22.25,19.375
2026-07-23 18:00:00,14.0,26.2,96,998.9,7.7,191,0.0,18,3,7,16.0,19.0,26.0,24.0,25.0,10.0,20.166666666666668,21.5,19.125
2026-07-23 19:00:00,15.0,27.2,94,998.1,15.3,219,0.0,19,3,7,14.0,16.0,24.0,22.0,19.0,9.0,18.166666666666668,20.666666666666668,18.666666666666668
2026-07-23 20:00:00,16.0,27.1,93,997.7,15.3,227,0.0,20,3,7,15.0,16.0,20.0,24.0,12.0,3.0,16.666666666666668,20.083333333333332,18.5
2026-07-23 21:00:00,13.0,26.8,93,997.4,13.5,232,0.0,21,3,7,16.0,14.0,19.0,19.0,10.0,4.0,16.0,19.416666666666668,18.666666666666668
2026-07-23 22:00:00,14.0,26.7,93,997.4,11.7,227,0.0,22,3,7,13.0,15.0,16.0,27.0,11.0,1.0,15.0,18.916666666666668,18.791666666666668
2026-07-23 23:00:00,25.0,26.5,93,997.5,11.6,227,0.0,23,3,7,14.0,16.0,16.0,21.0,9.0,1.0,14.666666666666666,17.833333333333332,18.916666666666668
2026-07-24 00:00:00,19.0,27.0,90,997.0,14.3,226,0.0,0,4,7,25.0,13.0,14.0,26.0,10.0,4.0,16.166666666666668,18.166666666666668,19.583333333333332
2026-07-24 01:00:00,12.0,27.7,86,998.1,13.5,234,0.0,1,4,7,19.0,14.0,15.0,24.0,21.0,5.0,17.0,17.583333333333332,19.958333333333332
2026-07-24 02:00:00,13.0,28.7,83,998.4,10.9,234,0.0,2,4,7,12.0,25.0,16.0,20.0,17.0,4.0,16.5,16.583333333333332,19.583333333333332
2026-07-24 03:00:00,28.0,29.7,78,998.9,11.0,236,0.0,3,4,7,13.0,19.0,13.0,19.0,21.0,6.0,16.0,16.0,19.416666666666668
2026-07-24 04:00:00,36.0,30.5,72,998.5,13.6,241,0.0,4,4,7,28.0,12.0,14.0,16.0,21.0,13.0,18.5,16.75,19.708333333333332
2026-07-24 07:00:00,54.0,30.9,72,997.4,7.1,234,1.1,7,4,7,36.0,13.0,25.0,16.0,25.0,15.0,22.166666666666668,18.416666666666668,20.333333333333332
2026-07-24 08:00:00,29.0,31.1,70,996.3,8.1,208,0.2,8,4,7,54.0,28.0,19.0,14.0,24.0,10.0,27.0,21.583333333333332,21.541666666666668
2026-07-24 09:00:00,18.0,26.7,94,996.5,10.7,197,7.9,9,4,7,29.0,36.0,12.0,15.0,22.0,8.0,28.666666666666668,22.833333333333332,21.75
2026-07-24 10:00:00,19.0,27.6,92,996.0,3.1,283,1.4,10,4,7,18.0,54.0,13.0,16.0,24.0,15.0,29.666666666666668,23.083333333333332,21.583333333333332
2026-07-24 11:00:00,18.0,27.0,92,995.9,7.2,288,2.6,11,4,7,19.0,29.0,28.0,13.0,19.0,19.0,30.666666666666668,23.333333333333332,21.375
2026-07-24 12:00:00,18.0,27.8,94,996.1,3.8,251,1.2,12,4,7,18.0,18.0,36.0,14.0,27.0,17.0,29.0,23.75,21.333333333333332
2026-07-24 13:00:00,16.0,27.3,95,996.1,10.4,234,0.3,13,4,7,18.0,19.0,54.0,25.0,21.0,15.0,26.0,24.083333333333332,20.958333333333332
2026-07-24 14:00:00,18.0,26.8,94,996.6,9.3,236,0.1,14,4,7,16.0,18.0,29.0,19.0,26.0,14.0,19.666666666666668,23.333333333333332,20.75
2026-07-24 15:00:00,25.0,26.7,95,997.5,8.0,230,0.0,15,4,7,18.0,18.0,18.0,12.0,24.0,21.0,17.833333333333332,23.25,20.416666666666668
2026-07-24 16:00:00,20.0,26.6,95,997.9,7.1,240,0.0,16,4,7,25.0,16.0,19.0,13.0,20.0,17.0,19.0,24.333333333333332,20.458333333333332
2026-07-24 17:00:00,13.0,26.6,95,998.4,7.4,241,0.0,17,4,7,20.0,18.0,18.0,28.0,19.0,24.0,19.166666666666668,24.916666666666668,20.458333333333332
2026-07-24 18:00:00,6.0,27.0,92,997.4,9.4,240,0.0,18,4,7,13.0,25.0,18.0,36.0,16.0,18.0,18.333333333333332,23.666666666666668,20.208333333333332
2026-07-24 19:00:00,3.0,26.8,91,997.1,9.8,247,0.0,19,4,7,6.0,20.0,16.0,54.0,16.0,22.0,16.333333333333332,21.166666666666668,19.791666666666668
2026-07-24 20:00:00,3.0,27.0,89,996.3,11.4,254,0.0,20,4,7,3.0,13.0,18.0,29.0,14.0,25.0,14.166666666666666,16.916666666666668,19.25
2026-07-24 22:00:00,2.0,26.5,90,996.1,9.7,271,0.6,22,4,7,3.0,6.0,25.0,18.0,15.0,19.0,11.666666666666666,14.75,18.791666666666668
2026-07-24 23:00:00,2.0,26.0,95,996.7,7.3,234,2.0,23,4,7,2.0,3.0,20.0,19.0,16.0,12.0,7.833333333333333,13.416666666666666,18.25
2026-07-25 00:00:00,4.0,26.7,97,996.2,4.7,230,1.9,0,5,7,2.0,3.0,13.0,18.0,13.0,10.0,4.833333333333333,12.0,17.666666666666668
2026-07-25 01:00:00,6.0,26.1,97,996.9,10.3,223,2.0,1,5,7,4.0,2.0,6.0,18.0,14.0,11.0,3.3333333333333335,10.833333333333334,17.291666666666668
2026-07-25 02:00:00,5.0,26.3,96,997.8,6.6,241,3.1,2,5,7,6.0,2.0,3.0,16.0,25.0,9.0,3.3333333333333335,9.833333333333334,16.958333333333332
2026-07-25 03:00:00,6.0,26.4,91,997.9,14.1,251,5.1,3,5,7,5.0,4.0,3.0,18.0,19.0,10.0,3.6666666666666665,8.916666666666666,16.125
2026-07-25 04:00:00,94.0,26.4,94,997.7,12.3,256,5.2,4,5,7,6.0,6.0,2.0,25.0,12.0,21.0,4.166666666666667,7.916666666666667,15.583333333333334
2026-07-25 05:00:00,44.0,26.8,90,997.6,12.7,264,1.4,5,5,7,94.0,5.0,2.0,20.0,13.0,17.0,19.5,13.666666666666666,19.0
2026-07-25 06:00:00,80.0,27.8,91,996.7,9.6,264,1.7,6,5,7,44.0,6.0,4.0,13.0,28.0,21.0,26.5,15.666666666666666,20.291666666666668
2026-07-25 07:00:00,44.0,27.2,92,996.2,10.5,278,3.1,7,5,7,80.0,94.0,6.0,6.0,36.0,21.0,39.166666666666664,21.25,22.458333333333332
2026-07-25 08:00:00,20.0,28.1,91,995.1,8.9,276,0.9,8,5,7,44.0,44.0,5.0,3.0,54.0,25.0,45.5,24.416666666666668,22.791666666666668
2026-07-25 09:00:00,23.0,27.2,93,995.1,11.5,284,3.4,9,5,7,20.0,80.0,6.0,3.0,29.0,24.0,48.0,25.833333333333332,21.375
2026-07-25 10:00:00,23.0,27.7,92,994.3,10.6,269,1.0,10,5,7,23.0,44.0,94.0,2.0,18.0,22.0,50.833333333333336,27.5,21.125
2026-07-25 11:00:00,17.0,27.7,92,994.0,12.1,270,0.4,11,5,7,23.0,20.0,44.0,2.0,19.0,24.0,39.0,29.25,21.333333333333332
2026-07-25 13:00:00,13.0,26.5,95,994.4,16.2,318,2.4,13,5,7,17.0,23.0,80.0,4.0,18.0,19.0,34.5,30.5,21.25
2026-07-25 14:00:00,17.0,26.5,95,994.8,13.3,305,1.1,14,5,7,13.0,23.0,44.0,6.0,18.0,27.0,23.333333333333332,31.25,21.041666666666668
2026-07-25 15:00:00,17.0,25.7,96,995.5,16.5,292,1.3,15,5,7,17.0,17.0,20.0,5.0,16.0,21.0,18.833333333333332,32.166666666666664,21.0
2026-07-25 16:00:00,19.0,25.4,96,995.8,15.6,306,1.3,16,5,7,17.0,13.0,23.0,6.0,18.0,26.0,18.333333333333332,33.166666666666664,21.041666666666668
2026-07-25 17:00:00,18.0,25.4,96,996.4,16.5,302,2.9,17,5,7,19.0,17.0,23.0,94.0,25.0,24.0,17.666666666666668,34.25,21.083333333333332
2026-07-25 18:00:00,13.0,26.6,95,994.9,13.1,297,1.6,18,5,7,18.0,17.0,17.0,44.0,20.0,20.0,16.833333333333332,27.916666666666668,20.791666666666668
2026-07-25 19:00:00,15.0,26.2,95,994.4,13.2,299,3.9,19,5,7,13.0,19.0,13.0,80.0,13.0,19.0,16.166666666666668,25.333333333333332,20.5
2026-07-25 20:00:00,11.0,25.9,95,994.3,11.2,300,9.5,20,5,7,15.0,18.0,17.0,44.0,6.0,16.0,16.5,19.916666666666668,20.583333333333332
2026-07-25 21:00:00,6.0,25.5,96,993.8,15.2,304,8.6,21,5,7,11.0,13.0,17.0,20.0,3.0,16.0,15.5,17.166666666666668,20.791666666666668
2026-07-25 22:00:00,5.0,25.3,96,993.5,15.7,300,4.9,22,5,7,6.0,15.0,19.0,23.0,3.0,14.0,13.666666666666666,16.0,20.916666666666668
2026-07-25 23:00:00,10.0,25.1,97,993.4,19.3,320,3.8,23,5,7,5.0,11.0,18.0,23.0,2.0,15.0,11.333333333333334,14.5,21.0
2026-07-26 00:00:00,9.0,25.6,97,993.8,11.8,279,2.8,0,6,7,10.0,6.0,13.0,17.0,2.0,16.0,10.0,13.416666666666666,21.333333333333332
2026-07-26 01:00:00,20.0,25.4,98,994.1,5.9,310,30.2,1,6,7,9.0,5.0,15.0,13.0,4.0,13.0,9.333333333333334,12.75,21.625
2026-07-26 02:00:00,32.0,25.5,98,995.1,11.7,340,28.9,2,6,7,20.0,10.0,11.0,17.0,6.0,14.0,10.166666666666666,13.333333333333334,22.291666666666668
2026-07-26 03:00:00,71.0,25.9,97,995.4,12.2,299,7.8,3,6,7,32.0,9.0,6.0,17.0,5.0,25.0,13.666666666666666,14.583333333333334,23.375
2026-07-26 04:00:00,44.0,26.2,97,995.3,13.5,307,3.2,4,6,7,71.0,20.0,5.0,19.0,6.0,19.0,24.5,19.083333333333332,26.125
2026-07-26 05:00:00,49.0,27.1,93,995.4,15.5,301,0.8,5,6,7,44.0,32.0,10.0,18.0,94.0,12.0,31.0,21.166666666666668,27.708333333333332
2026-07-26 06:00:00,26.0,28.2,91,994.7,12.3,299,0.1,6,6,7,49.0,71.0,9.0,13.0,44.0,13.0,37.5,23.75,25.833333333333332
2026-07-26 07:00:00,34.0,29.3,84,994.0,14.3,313,0.4,7,6,7,26.0,44.0,20.0,15.0,80.0,28.0,40.333333333333336,24.833333333333332,25.083333333333332
2026-07-26 08:00:00,14.0,27.7,92,993.1,10.6,298,4.5,8,6,7,34.0,49.0,32.0,11.0,44.0,36.0,42.666666666666664,26.416666666666668,23.166666666666668
2026-07-26 09:00:00,8.0,28.3,92,992.8,9.2,298,3.0,9,6,7,14.0,26.0,71.0,6.0,20.0,54.0,39.666666666666664,26.666666666666668,21.916666666666668
2026-07-26 10:00:00,6.0,26.7,96,992.6,9.3,298,5.1,10,6,7,8.0,34.0,44.0,5.0,23.0,29.0,29.166666666666668,26.833333333333332,21.416666666666668
2026-07-26 11:00:00,4.0,26.8,95,991.9,8.3,290,1.1,11,6,7,6.0,14.0,49.0,10.0,23.0,18.0,22.833333333333332,26.916666666666668,20.708333333333332
2026-07-26 12:00:00,1.0,28.9,90,991.8,9.9,241,0.8,12,6,7,4.0,8.0,26.0,9.0,17.0,19.0,15.333333333333334,26.416666666666668,19.916666666666668
2026-07-26 13:00:00,1.0,27.8,90,992.1,13.1,261,0.2,13,6,7,1.0,6.0,34.0,20.0,13.0,18.0,11.166666666666666,25.75,19.25
2026-07-26 14:00:00,7.0,27.0,93,993.2,12.6,301,4.2,14,6,7,1.0,4.0,14.0,32.0,17.0,18.0,5.666666666666667,24.166666666666668,18.75
2026-07-26 15:00:00,13.0,26.4,95,994.0,13.7,321,4.0,15,6,7,7.0,1.0,8.0,71.0,17.0,16.0,4.5,22.083333333333332,18.333333333333332
2026-07-26 16:00:00,15.0,25.9,95,994.7,15.2,294,3.2,16,6,7,13.0,1.0,6.0,44.0,19.0,18.0,5.333333333333333,17.25,18.166666666666668
2026-07-26 17:00:00,14.0,25.6,95,995.1,13.5,322,1.2,17,6,7,15.0,7.0,4.0,49.0,18.0,25.0,6.833333333333333,14.833333333333334,18.0
2026-07-26 18:00:00,8.0,25.8,94,994.6,9.6,278,5.3,18,6,7,14.0,13.0,1.0,26.0,13.0,20.0,8.5,11.916666666666666,17.833333333333332
2026-07-26 19:00:00,2.0,25.7,95,993.8,12.5,282,1.0,19,6,7,8.0,15.0,1.0,34.0,15.0,13.0,9.666666666666666,10.416666666666666,17.625
2026-07-26 20:00:00,5.0,25.8,95,993.4,13.7,279,0.1,20,6,7,2.0,14.0,7.0,14.0,11.0,6.0,9.833333333333334,7.75,17.083333333333332
2026-07-26 21:00:00,8.0,25.4,95,993.4,14.5,295,0.2,21,6,7,5.0,8.0,13.0,8.0,6.0,3.0,9.5,7.0,16.833333333333332
2026-07-26 22:00:00,5.0,25.0,94,992.8,17.5,307,0.2,22,6,7,8.0,2.0,15.0,6.0,5.0,3.0,8.666666666666666,7.0,16.916666666666668
2026-07-26 23:00:00,1.0,25.0,94,992.9,18.4,305,0.1,23,6,7,5.0,5.0,14.0,4.0,10.0,2.0,7.0,6.916666666666667,16.916666666666668
2026-07-27 00:00:00,13.0,25.6,95,992.4,15.5,274,0.1,0,0,7,1.0,8.0,8.0,1.0,9.0,2.0,4.833333333333333,6.666666666666667,16.541666666666668
2026-07-27 01:00:00,48.0,26.2,92,992.7,16.4,291,0.0,1,0,7,13.0,5.0,2.0,1.0,20.0,4.0,5.666666666666667,7.666666666666667,16.708333333333332
2026-07-27 02:00:00,87.0,28.0,87,993.3,14.9,297,0.0,2,0,7,48.0,1.0,5.0,7.0,32.0,6.0,13.333333333333334,11.583333333333334,17.875
2026-07-27 03:00:00,111.0,29.5,81,993.8,19.1,302,0.0,3,0,7,87.0,13.0,8.0,13.0,71.0,5.0,27.0,18.25,20.166666666666668
2026-07-27 04:00:00,85.0,29.7,80,994.0,17.8,309,0.3,4,0,7,111.0,48.0,5.0,15.0,44.0,6.0,44.166666666666664,26.416666666666668,21.833333333333332
2026-07-27 05:00:00,71.0,31.0,74,993.5,17.4,311,0.1,5,0,7,85.0,87.0,1.0,14.0,49.0,94.0,57.5,32.25,23.541666666666668
2026-07-27 06:00:00,54.0,31.6,69,992.9,18.8,308,0.0,6,0,7,71.0,111.0,13.0,8.0,26.0,44.0,69.16666666666667,37.0,24.458333333333332
2026-07-27 07:00:00,54.0,30.8,75,992.5,17.1,311,1.1,7,0,7,54.0,85.0,48.0,2.0,34.0,80.0,76.0,40.833333333333336,25.625
2026-07-27 08:00:00,50.0,30.2,81,991.7,11.2,308,1.1,8,0,7,54.0,71.0,87.0,5.0,14.0,44.0,77.0,45.166666666666664,26.458333333333332
2026-07-27 09:00:00,44.0,28.7,85,991.6,10.5,333,1.8,9,0,7,50.0,54.0,111.0,8.0,8.0,20.0,70.83333333333333,48.916666666666664,27.958333333333332
2026-07-27 10:00:00,24.0,28.8,86,991.2,10.9,299,2.4,10,0,7,44.0,54.0,85.0,5.0,6.0,23.0,59.666666666666664,51.916666666666664,29.458333333333332
2026-07-27 11:00:00,17.0,28.9,85,991.1,11.3,295,0.1,11,0,7,24.0,50.0,71.0,1.0,4.0,23.0,49.5,53.5,30.208333333333332
2026-07-27 12:00:00,10.0,26.5,93,991.2,20.9,287,0.0,12,0,7,17.0,44.0,54.0,13.0,1.0,17.0,40.5,54.833333333333336,30.75
2026-07-27 13:00:00,12.0,26.3,94,991.4,16.2,278,6.4,13,0,7,10.0,24.0,54.0,48.0,1.0,13.0,33.166666666666664,54.583333333333336,31.125
2026-07-27 14:00:00,16.0,26.1,94,991.9,16.2,280,1.5,14,0,7,12.0,17.0,50.0,87.0,7.0,17.0,26.166666666666668,51.583333333333336,31.583333333333332
2026-07-27 15:00:00,24.0,26.0,94,992.5,17.8,288,0.4,15,0,7,16.0,10.0,44.0,111.0,13.0,17.0,20.5,45.666666666666664,31.958333333333332
2026-07-27 16:00:00,35.0,26.1,93,993.2,17.6,281,0.1,16,0,7,24.0,12.0,24.0,85.0,15.0,19.0,17.166666666666668,38.416666666666664,32.416666666666664
2026-07-27 17:00:00,23.0,25.9,94,993.5,16.5,281,0.8,17,0,7,35.0,16.0,17.0,71.0,14.0,18.0,19.0,34.25,33.25
2026-07-27 18:00:00,15.0,26.1,93,993.1,17.5,275,2.0,18,0,7,23.0,24.0,10.0,54.0,8.0,13.0,20.0,30.25,33.625
2026-07-27 19:00:00,5.0,25.3,95,992.3,14.3,260,2.3,19,0,7,15.0,35.0,12.0,54.0,2.0,15.0,20.833333333333332,27.0,33.916666666666664
2026-07-27 20:00:00,4.0,25.6,94,991.6,16.7,278,1.7,20,0,7,5.0,23.0,16.0,50.0,5.0,11.0,19.666666666666668,22.916666666666668,34.041666666666664
2026-07-27 21:00:00,7.0,25.4,95,990.9,18.4,270,2.2,21,0,7,4.0,15.0,24.0,44.0,8.0,6.0,17.666666666666668,19.083333333333332,34.0
2026-07-27 22:00:00,5.0,25.4,94,990.8,17.7,260,3.1,22,0,7,7.0,5.0,35.0,24.0,5.0,5.0,14.833333333333334,16.0,33.958333333333336
2026-07-27 23:00:00,3.0,25.4,94,990.8,20.3,252,5.0,23,0,7,5.0,4.0,23.0,17.0,1.0,10.0,9.833333333333334,14.416666666666666,33.958333333333336
2026-07-28 00:00:00,4.0,25.5,94,990.4,18.9,246,6.5,0,1,7,3.0,7.0,15.0,10.0,13.0,9.0,6.5,13.25,34.041666666666664
2026-07-28 01:00:00,15.0,25.4,96,990.7,19.2,234,4.8,1,1,7,4.0,5.0,5.0,12.0,48.0,20.0,4.666666666666667,12.75,33.666666666666664
2026-07-28 02:00:00,32.0,25.3,95,991.3,19.4,244,1.8,2,1,7,15.0,3.0,4.0,16.0,87.0,32.0,6.333333333333333,13.0,32.291666666666664
2026-07-28 03:00:00,17.0,25.6,94,991.5,19.7,242,0.4,3,1,7,32.0,4.0,7.0,24.0,111.0,71.0,11.0,14.333333333333334,30.0
2026-07-28 04:00:00,19.0,26.3,92,991.7,20.8,235,0.5,4,1,7,17.0,15.0,5.0,35.0,85.0,44.0,12.666666666666666,13.75,26.083333333333332
2026-07-28 05:00:00,20.0,27.0,94,991.6,18.8,225,1.2,5,1,7,19.0,32.0,3.0,23.0,71.0,49.0,15.0,12.416666666666666,23.333333333333332
2026-07-28 06:00:00,22.0,27.0,92,991.2,18.7,230,2.1,6,1,7,20.0,17.0,4.0,15.0,54.0,26.0,17.833333333333332,12.166666666666666,21.208333333333332
2026-07-28 07:00:00,20.0,26.9,92,990.9,22.1,234,2.5,7,1,7,22.0,19.0,15.0,5.0,54.0,34.0,20.833333333333332,12.75,19.875
2026-07-28 08:00:00,16.0,26.9,92,989.8,22.4,233,1.6,8,1,7,20.0,20.0,32.0,4.0,50.0,14.0,21.666666666666668,14.0,18.458333333333332
2026-07-28 09:00:00,12.0,27.1,92,989.1,23.5,226,1.5,9,1,7,16.0,22.0,17.0,7.0,44.0,8.0,19.0,15.0,17.041666666666668
2026-07-28 10:00:00,6.0,26.9,94,989.0,23.3,223,1.1,10,1,7,12.0,20.0,19.0,5.0,24.0,6.0,18.166666666666668,15.416666666666666,15.708333333333334
2026-07-28 11:00:00,3.0,26.9,93,988.6,22.3,223,2.0,11,1,7,6.0,16.0,20.0,3.0,17.0,4.0,16.0,15.5,14.958333333333334
2026-07-28 12:00:00,5.0,27.4,93,988.9,17.6,214,3.7,12,1,7,3.0,12.0,22.0,4.0,10.0,1.0,13.166666666666666,15.5,14.375
2026-07-28 13:00:00,3.0,27.0,93,989.4,17.3,214,0.1,13,1,7,5.0,6.0,20.0,15.0,12.0,1.0,10.333333333333334,15.583333333333334,14.166666666666666
2026-07-28 14:00:00,5.0,26.8,92,989.9,15.8,209,0.1,14,1,7,3.0,3.0,16.0,32.0,16.0,7.0,7.5,14.583333333333334,13.791666666666666
2026-07-28 15:00:00,10.0,26.8,91,990.8,17.6,208,0.1,15,1,7,5.0,5.0,12.0,17.0,24.0,13.0,5.666666666666667,12.333333333333334,13.333333333333334
2026-07-28 16:00:00,10.0,26.5,94,991.5,19.1,206,6.9,16,1,7,10.0,3.0,6.0,19.0,35.0,15.0,5.333333333333333,11.75,12.75
2026-07-28 17:00:00,10.0,26.4,94,991.6,23.1,209,8.3,17,1,7,10.0,5.0,3.0,20.0,23.0,14.0,6.0,11.0,11.708333333333334
2026-07-28 18:00:00,11.0,27.0,93,991.3,20.1,205,6.4,18,1,7,10.0,10.0,5.0,22.0,15.0,8.0,7.166666666666667,10.166666666666666,11.166666666666666
2026-07-28 19:00:00,12.0,26.9,93,991.0,18.5,201,1.4,19,1,7,11.0,10.0,3.0,20.0,5.0,2.0,8.166666666666666,9.25,11.0
2026-07-28 20:00:00,4.0,26.8,93,990.7,18.2,197,1.0,20,1,7,12.0,10.0,5.0,16.0,4.0,5.0,9.666666666666666,8.583333333333334,11.291666666666666
2026-07-28 21:00:00,3.0,26.5,93,990.4,20.3,199,0.9,21,1,7,4.0,11.0,10.0,12.0,7.0,8.0,9.5,7.583333333333333,11.291666666666666
2026-07-28 22:00:00,4.0,25.5,96,990.4,19.5,189,5.2,22,1,7,3.0,12.0,10.0,6.0,5.0,5.0,8.333333333333334,6.833333333333333,11.125
2026-07-28 23:00:00,9.0,26.3,95,990.2,18.5,188,1.6,23,1,7,4.0,4.0,10.0,3.0,3.0,1.0,7.333333333333333,6.666666666666667,11.083333333333334
2026-07-29 00:00:00,18.0,26.5,95,990.7,19.4,199,0.0,0,2,7,9.0,3.0,11.0,5.0,4.0,13.0,7.166666666666667,7.166666666666667,11.333333333333334
2026-07-29 01:00:00,16.0,27.0,95,990.8,18.7,196,1.2,1,2,7,18.0,4.0,12.0,3.0,15.0,48.0,8.333333333333334,8.25,11.916666666666666
2026-07-29 02:00:00,11.0,28.2,89,991.1,19.4,201,0.0,2,2,7,16.0,9.0,4.0,5.0,32.0,87.0,9.0,9.333333333333334,11.958333333333334
2026-07-29 03:00:00,11.0,29.7,80,991.7,19.4,202,0.0,3,2,7,11.0,18.0,3.0,10.0,17.0,111.0,10.166666666666666,9.833333333333334,11.083333333333334
2026-07-29 04:00:00,14.0,30.6,74,992.1,21.7,208,0.0,4,2,7,11.0,16.0,4.0,10.0,19.0,85.0,11.5,9.916666666666666,10.833333333333334
2026-07-29 05:00:00,16.0,30.5,76,992.4,18.9,201,0.1,5,2,7,14.0,11.0,9.0,10.0,20.0,71.0,13.166666666666666,10.25,10.625
2026-07-29 06:00:00,14.0,32.0,71,991.7,17.4,193,0.0,6,2,7,16.0,11.0,18.0,11.0,22.0,54.0,14.333333333333334,10.75,10.458333333333334
2026-07-29 07:00:00,14.0,31.8,66,991.3,18.7,197,0.5,7,2,7,14.0,14.0,16.0,12.0,20.0,54.0,13.666666666666666,11.0,10.125
2026-07-29 08:00:00,22.0,30.8,72,990.5,18.0,199,0.5,8,2,7,14.0,16.0,11.0,4.0,16.0,50.0,13.333333333333334,11.166666666666666,9.875
2026-07-29 09:00:00,18.0,31.5,67,990.1,17.0,193,0.4,9,2,7,22.0,14.0,11.0,3.0,12.0,44.0,15.166666666666666,12.666666666666666,10.125
2026-07-29 10:00:00,13.0,30.4,69,989.7,20.0,195,0.4,10,2,7,18.0,14.0,14.0,4.0,6.0,24.0,16.333333333333332,13.916666666666666,10.375
2026-07-29 11:00:00,9.0,29.9,72,989.6,16.8,193,0.0,11,2,7,13.0,22.0,16.0,9.0,3.0,17.0,16.166666666666668,14.666666666666666,10.666666666666666
2026-07-29 12:00:00,6.0,29.4,77,990.3,19.3,189,0.0,12,2,7,9.0,18.0,14.0,18.0,5.0,10.0,15.0,14.666666666666666,10.916666666666666
2026-07-29 13:00:00,6.0,28.4,83,990.4,15.3,181,0.0,13,2,7,6.0,13.0,14.0,16.0,3.0,12.0,13.666666666666666,13.666666666666666,10.958333333333334
2026-07-29 14:00:00,11.0,27.9,87,990.9,16.4,176,0.0,14,2,7,6.0,9.0,22.0,11.0,5.0,16.0,12.333333333333334,12.833333333333334,11.083333333333334
2026-07-29 15:00:00,16.0,27.8,88,991.7,18.0,183,0.0,15,2,7,11.0,6.0,18.0,11.0,10.0,24.0,10.5,12.833333333333334,11.333333333333334
2026-07-29 16:00:00,18.0,27.8,88,992.3,17.2,194,0.0,16,2,7,16.0,6.0,13.0,14.0,10.0,35.0,10.166666666666666,13.25,11.583333333333334
2026-07-29 17:00:00,18.0,27.7,87,992.7,17.1,194,0.0,17,2,7,18.0,11.0,9.0,16.0,10.0,23.0,11.0,13.583333333333334,11.916666666666666
2026-07-29 18:00:00,16.0,27.2,86,992.1,15.6,196,0.0,18,2,7,18.0,16.0,6.0,14.0,11.0,15.0,12.5,13.75,12.25
2026-07-29 19:00:00,14.0,27.3,87,991.8,15.4,198,0.0,19,2,7,16.0,18.0,6.0,14.0,12.0,5.0,14.166666666666666,13.916666666666666,12.458333333333334
2026-07-29 20:00:00,12.0,27.4,86,991.5,14.5,199,0.0,20,2,7,14.0,18.0,11.0,22.0,4.0,4.0,15.5,13.916666666666666,12.541666666666666
2026-07-29 21:00:00,11.0,27.4,85,991.1,15.3,195,0.0,21,2,7,12.0,16.0,16.0,18.0,3.0,7.0,15.666666666666666,13.083333333333334,12.875
2026-07-29 22:00:00,15.0,27.3,85,990.9,16.0,192,0.0,22,2,7,11.0,14.0,18.0,13.0,4.0,5.0,14.833333333333334,12.5,13.208333333333334
2026-07-29 23:00:00,18.0,27.3,85,990.9,16.1,194,0.0,23,2,7,15.0,12.0,18.0,9.0,9.0,3.0,14.333333333333334,12.666666666666666,13.666666666666666
2026-07-30 02:00:00,14.0,28.6,83,992.1,21.9,199,0.1,2,3,7,18.0,11.0,16.0,6.0,18.0,4.0,14.333333333333334,13.416666666666666,14.041666666666666
2026-07-30 03:00:00,13.0,29.6,77,992.5,22.8,194,0.1,3,3,7,14.0,15.0,14.0,6.0,16.0,15.0,14.0,14.083333333333334,13.875
2026-07-30 04:00:00,16.0,29.9,75,993.1,21.3,194,0.1,4,3,7,13.0,18.0,12.0,11.0,11.0,32.0,13.833333333333334,14.666666666666666,13.75
2026-07-30 05:00:00,12.0,31.0,69,993.0,23.3,195,0.4,5,3,7,16.0,14.0,11.0,16.0,11.0,17.0,14.5,15.083333333333334,13.958333333333334
2026-07-30 06:00:00,11.0,31.7,70,993.0,23.3,189,0.3,6,3,7,12.0,13.0,15.0,18.0,14.0,19.0,14.666666666666666,14.75,14.0
2026-07-30 07:00:00,16.0,31.5,69,992.5,24.7,191,0.1,7,3,7,11.0,16.0,18.0,18.0,16.0,20.0,14.0,14.166666666666666,13.875
2026-07-30 08:00:00,13.0,31.3,68,991.8,24.6,195,0.1,8,3,7,16.0,12.0,14.0,16.0,14.0,22.0,13.666666666666666,14.0,13.875
2026-07-30 09:00:00,9.0,31.1,70,991.7,26.0,191,0.2,9,3,7,13.0,11.0,13.0,14.0,14.0,20.0,13.5,13.75,13.833333333333334
2026-07-30 10:00:00,12.0,30.9,69,991.2,26.7,195,0.1,10,3,7,9.0,16.0,16.0,12.0,22.0,16.0,12.833333333333334,13.333333333333334,13.625
2026-07-30 11:00:00,23.0,29.7,75,991.1,24.4,189,0.0,11,3,7,12.0,13.0,12.0,11.0,18.0,12.0,12.166666666666666,13.333333333333334,13.208333333333334
2026-07-30 12:00:00,17.0,29.5,78,991.6,22.0,185,0.0,12,3,7,23.0,9.0,11.0,15.0,13.0,6.0,14.0,14.333333333333334,13.416666666666666
2026-07-30 13:00:00,12.0,28.8,81,992.4,19.1,183,0.0,13,3,7,17.0,12.0,16.0,18.0,9.0,3.0,15.0,14.5,13.583333333333334
2026-07-30 14:00:00,15.0,28.6,82,993.2,19.3,182,0.0,14,3,7,12.0,23.0,13.0,14.0,6.0,5.0,14.333333333333334,14.0,13.708333333333334
2026-07-30 15:00:00,19.0,28.5,81,994.2,20.0,184,0.0,15,3,7,15.0,17.0,9.0,13.0,6.0,3.0,14.666666666666666,14.083333333333334,14.083333333333334
2026-07-30 16:00:00,19.0,28.3,80,994.9,19.7,186,0.0,16,3,7,19.0,12.0,12.0,16.0,11.0,5.0,16.333333333333332,14.583333333333334,14.625
2026-07-30 17:00:00,21.0,28.1,82,995.5,18.9,182,0.0,17,3,7,19.0,15.0,23.0,12.0,16.0,10.0,17.5,14.833333333333334,14.958333333333334
2026-07-30 18:00:00,17.0,28.3,81,995.2,18.9,183,0.0,18,3,7,21.0,19.0,17.0,11.0,18.0,10.0,17.166666666666668,15.583333333333334,15.166666666666666
2026-07-30 19:00:00,21.0,28.0,83,994.9,18.9,188,0.0,19,3,7,17.0,19.0,12.0,16.0,18.0,10.0,17.166666666666668,16.083333333333332,15.125
2026-07-30 20:00:00,17.0,27.8,83,994.6,17.9,186,0.0,20,3,7,21.0,21.0,15.0,13.0,16.0,11.0,18.666666666666668,16.5,15.25
2026-07-30 21:00:00,12.0,27.5,84,994.5,17.5,189,0.0,21,3,7,17.0,17.0,19.0,9.0,14.0,12.0,19.0,16.833333333333332,15.291666666666666
2026-07-30 22:00:00,10.0,27.5,83,994.6,17.9,193,0.0,22,3,7,12.0,21.0,19.0,12.0,12.0,4.0,17.833333333333332,17.083333333333332,15.208333333333334
2026-07-30 23:00:00,10.0,27.3,84,994.9,18.1,193,0.0,23,3,7,10.0,17.0,21.0,23.0,11.0,3.0,16.333333333333332,16.916666666666668,15.125
2026-07-31 00:00:00,11.0,27.6,85,994.7,16.8,186,0.0,0,4,7,10.0,12.0,17.0,17.0,15.0,4.0,14.5,15.833333333333334,15.083333333333334
2026-07-31 01:00:00,13.0,28.0,85,995.5,15.8,188,0.1,1,4,7,11.0,10.0,21.0,12.0,18.0,9.0,13.5,15.333333333333334,14.916666666666666
2026-07-31 02:00:00,13.0,28.9,80,995.8,20.6,196,0.0,2,4,7,13.0,10.0,17.0,15.0,14.0,18.0,12.166666666666666,15.416666666666666,14.708333333333334
2026-07-31 03:00:00,18.0,29.8,75,996.4,20.7,201,0.0,3,4,7,13.0,11.0,12.0,19.0,13.0,16.0,11.5,15.25,14.666666666666666
2026-07-31 08:00:00,12.0,31.7,67,995.1,18.8,184,0.3,8,4,7,18.0,13.0,10.0,19.0,16.0,11.0,12.5,15.166666666666666,14.875
2026-07-31 09:00:00,6.0,31.0,71,994.8,20.0,184,0.6,9,4,7,12.0,13.0,10.0,21.0,12.0,11.0,12.833333333333334,14.583333333333334,14.708333333333334
2026-07-31 10:00:00,5.0,30.9,72,994.3,18.8,183,0.1,10,4,7,6.0,18.0,11.0,17.0,11.0,14.0,12.166666666666666,13.333333333333334,14.458333333333334
2026-07-31 11:00:00,8.0,29.9,76,994.1,20.1,185,0.0,11,4,7,5.0,12.0,13.0,21.0,16.0,16.0,11.166666666666666,12.333333333333334,14.208333333333334
2026-07-31 12:00:00,9.0,29.9,76,994.8,17.0,187,0.0,12,4,7,8.0,6.0,13.0,17.0,13.0,14.0,10.333333333333334,11.25,13.875
2026-07-31 13:00:00,10.0,28.8,81,995.4,16.0,188,0.0,13,4,7,9.0,5.0,18.0,12.0,9.0,14.0,9.666666666666666,10.583333333333334,13.708333333333334
2026-07-31 14:00:00,10.0,28.3,84,996.1,14.1,184,0.0,14,4,7,10.0,8.0,12.0,10.0,12.0,22.0,8.333333333333334,10.416666666666666,13.75
2026-07-31 15:00:00,18.0,28.0,87,996.7,14.4,184,0.0,15,4,7,10.0,9.0,6.0,10.0,23.0,18.0,8.0,10.416666666666666,13.666666666666666
2026-07-31 16:00:00,16.0,27.9,87,997.5,14.4,184,0.0,16,4,7,18.0,10.0,5.0,11.0,17.0,13.0,10.0,11.083333333333334,13.458333333333334
2026-07-31 17:00:00,16.0,27.8,88,997.8,14.7,186,0.0,17,4,7,16.0,10.0,8.0,13.0,12.0,9.0,11.833333333333334,11.5,13.416666666666666
2026-07-31 18:00:00,14.0,28.0,87,997.4,16.5,191,0.0,18,4,7,16.0,18.0,9.0,13.0,15.0,6.0,13.166666666666666,11.75,13.583333333333334
2026-07-31 19:00:00,9.0,27.9,86,997.1,17.5,199,0.0,19,4,7,14.0,16.0,10.0,18.0,19.0,6.0,14.0,11.833333333333334,13.541666666666666
2026-07-31 20:00:00,9.0,27.7,86,996.8,16.5,200,0.0,20,4,7,9.0,16.0,10.0,12.0,19.0,11.0,13.833333333333334,11.083333333333334,13.125
2026-07-31 22:00:00,13.0,27.4,87,996.0,16.3,206,0.0,22,4,7,9.0,14.0,18.0,6.0,21.0,16.0,13.666666666666666,10.833333333333334,12.708333333333334
2026-07-31 23:00:00,12.0,27.3,87,996.4,14.5,208,0.0,23,4,7,13.0,9.0,16.0,5.0,17.0,18.0,12.833333333333334,11.416666666666666,12.375
2026-08-01 00:00:00,12.0,27.3,88,996.4,13.2,200,0.0,0,5,8,12.0,9.0,16.0,8.0,21.0,18.0,12.166666666666666,12.0,12.166666666666666
2026-08-01 01:00:00,12.0,28.1,86,997.0,15.9,202,0.0,1,5,8,12.0,13.0,14.0,9.0,17.0,16.0,11.5,12.333333333333334,11.791666666666666
2026-08-01 02:00:00,14.0,29.2,81,997.2,15.3,201,0.0,2,5,8,12.0,12.0,9.0,10.0,12.0,14.0,11.166666666666666,12.583333333333334,11.583333333333334
2026-08-01 03:00:00,24.0,30.3,77,997.4,16.2,210,0.0,3,5,8,14.0,12.0,9.0,10.0,10.0,12.0,12.0,12.916666666666666,11.666666666666666
2026-08-03 08:00:00,15.0,30.7,79,997.8,7.4,166,0.8,8,0,8,24.0,12.0,13.0,18.0,10.0,11.0,14.5,14.083333333333334,12.25
2026-08-03 09:00:00,16.0,27.5,95,997.4,7.9,168,5.8,9,0,8,15.0,14.0,12.0,16.0,11.0,15.0,14.833333333333334,13.833333333333334,12.458333333333334
2026-08-03 10:00:00,13.0,29.9,87,996.4,5.6,174,0.9,10,0,8,16.0,24.0,12.0,16.0,13.0,18.0,15.5,13.833333333333334,12.666666666666666
2026-08-03 11:00:00,12.0,29.8,83,996.3,8.5,180,0.3,11,0,8,13.0,15.0,12.0,14.0,13.0,14.0,15.666666666666666,13.583333333333334,12.666666666666666
2026-08-03 12:00:00,11.0,30.4,81,997.6,6.8,259,1.2,12,0,8,12.0,16.0,14.0,9.0,18.0,13.0,15.666666666666666,13.416666666666666,12.625
2026-08-03 13:00:00,9.0,29.6,86,998.0,0.9,191,0.1,13,0,8,11.0,13.0,24.0,9.0,12.0,16.0,15.166666666666666,13.583333333333334,12.333333333333334
2026-08-03 14:00:00,16.0,29.1,90,998.6,1.1,171,0.3,14,0,8,9.0,12.0,15.0,13.0,6.0,12.0,12.666666666666666,13.583333333333334,12.208333333333334
2026-08-03 15:00:00,16.0,28.7,92,999.0,2.9,150,0.1,15,0,8,16.0,11.0,16.0,12.0,5.0,11.0,12.833333333333334,13.833333333333334,12.625
2026-08-03 16:00:00,13.0,28.2,95,999.7,5.0,159,0.0,16,0,8,16.0,9.0,13.0,12.0,8.0,16.0,12.833333333333334,14.166666666666666,13.083333333333334
2026-08-03 17:00:00,8.0,28.0,96,999.9,6.5,183,0.0,17,0,8,13.0,16.0,12.0,12.0,9.0,13.0,12.833333333333334,14.25,13.291666666666666
2026-08-03 19:00:00,6.0,27.4,96,999.0,7.0,215,0.0,19,0,8,8.0,16.0,11.0,14.0,10.0,9.0,12.166666666666666,13.916666666666666,13.25
2026-08-03 20:00:00,9.0,27.3,96,998.7,5.1,228,0.0,20,0,8,6.0,13.0,9.0,24.0,10.0,12.0,11.333333333333334,13.25,13.083333333333334
2026-08-03 21:00:00,2.0,27.1,96,998.3,5.5,232,0.0,21,0,8,9.0,8.0,16.0,15.0,18.0,23.0,11.333333333333334,12.0,13.041666666666666
2026-08-03 22:00:00,2.0,27.0,96,998.1,4.6,222,0.0,22,0,8,2.0,6.0,16.0,16.0,16.0,17.0,9.0,10.916666666666666,12.375
2026-08-03 23:00:00,6.0,26.7,97,998.0,2.4,197,0.0,23,0,8,2.0,9.0,13.0,13.0,16.0,12.0,6.666666666666667,9.75,11.791666666666666
2026-08-04 00:00:00,6.0,27.3,97,998.0,5.6,255,0.0,0,1,8,6.0,2.0,8.0,12.0,14.0,15.0,5.5,9.166666666666666,11.375
2026-08-04 01:00:00,8.0,28.1,92,998.6,8.1,267,0.0,1,1,8,6.0,2.0,6.0,11.0,9.0,19.0,5.166666666666667,8.666666666666666,11.041666666666666
2026-08-04 02:00:00,20.0,29.4,84,999.4,5.2,295,0.0,2,1,8,8.0,6.0,9.0,9.0,9.0,19.0,5.5,8.416666666666666,11.0
2026-08-04 12:00:00,3.0,29.5,91,996.8,6.7,268,0.0,12,1,8,20.0,6.0,2.0,16.0,13.0,21.0,7.333333333333333,9.333333333333334,11.458333333333334
2026-08-04 13:00:00,3.0,28.8,93,997.4,4.9,262,0.0,13,1,8,3.0,8.0,2.0,16.0,12.0,17.0,7.5,8.25,11.041666666666666
2026-08-04 14:00:00,3.0,28.6,92,998.0,4.9,264,0.0,14,1,8,3.0,20.0,6.0,13.0,12.0,21.0,7.666666666666667,7.166666666666667,10.666666666666666
2026-08-04 15:00:00,24.0,28.3,92,998.6,3.0,256,0.0,15,1,8,3.0,3.0,6.0,8.0,12.0,17.0,7.166666666666667,6.333333333333333,10.291666666666666
2026-08-04 16:00:00,34.0,28.1,93,998.7,3.3,221,0.0,16,1,8,24.0,3.0,8.0,6.0,14.0,12.0,10.166666666666666,7.666666666666667,10.791666666666666
2026-08-04 17:00:00,27.0,27.8,95,998.8,4.9,219,0.0,17,1,8,34.0,3.0,20.0,9.0,24.0,10.0,14.5,10.0,11.625
2026-08-04 19:00:00,22.0,28.0,95,998.0,10.1,209,0.0,19,1,8,27.0,24.0,3.0,2.0,15.0,10.0,15.666666666666666,11.5,11.75
2026-08-04 20:00:00,15.0,28.0,95,997.6,11.8,209,0.0,20,1,8,22.0,34.0,3.0,2.0,16.0,11.0,18.833333333333332,13.166666666666666,12.041666666666666
2026-08-04 21:00:00,16.0,27.7,95,997.1,10.9,219,0.2,21,1,8,15.0,27.0,3.0,6.0,13.0,13.0,20.833333333333332,14.25,12.0
2026-08-04 22:00:00,17.0,27.2,96,997.1,6.8,235,0.5,22,1,8,16.0,22.0,24.0,6.0,12.0,13.0,23.0,15.083333333333334,12.125
2026-08-04 23:00:00,15.0,27.0,95,997.0,4.1,225,1.1,23,1,8,17.0,15.0,34.0,8.0,11.0,18.0,21.833333333333332,16.0,12.333333333333334
2026-08-05 00:00:00,12.0,26.3,98,997.3,5.2,276,0.4,0,2,8,15.0,16.0,27.0,20.0,9.0,12.0,18.666666666666668,16.583333333333332,12.5
2026-08-05 01:00:00,16.0,27.0,97,997.7,4.9,260,0.0,1,2,8,12.0,17.0,22.0,3.0,16.0,6.0,16.166666666666668,15.916666666666666,12.625
2026-08-05 02:00:00,62.0,28.4,94,997.8,4.2,234,0.0,2,2,8,16.0,15.0,15.0,3.0,16.0,5.0,15.166666666666666,17.0,12.625
2026-08-05 03:00:00,104.0,29.8,87,997.7,4.4,210,0.0,3,2,8,62.0,12.0,16.0,3.0,13.0,8.0,23.0,21.916666666666668,14.541666666666666
2026-08-05 04:00:00,41.0,30.6,82,998.2,5.8,214,0.3,4,2,8,104.0,16.0,17.0,24.0,8.0,9.0,37.666666666666664,30.333333333333332,18.333333333333332
2026-08-05 05:00:00,38.0,29.6,87,998.0,7.8,195,1.3,5,2,8,41.0,62.0,15.0,34.0,6.0,10.0,41.666666666666664,31.75,19.708333333333332
2026-08-05 06:00:00,37.0,30.5,81,997.2,4.4,215,5.0,6,2,8,38.0,104.0,12.0,27.0,9.0,10.0,45.5,32.083333333333336,21.041666666666668
2026-08-05 07:00:00,25.0,31.6,74,996.1,3.5,231,0.1,7,2,8,37.0,41.0,16.0,22.0,2.0,18.0,49.666666666666664,32.916666666666664,22.208333333333332
2026-08-05 08:00:00,31.0,30.6,76,995.3,7.7,201,0.6,8,2,8,25.0,38.0,62.0,15.0,2.0,16.0,51.166666666666664,33.166666666666664,23.166666666666668
2026-08-05 09:00:00,29.0,30.0,83,995.3,6.0,190,0.8,9,2,8,31.0,37.0,104.0,16.0,6.0,16.0,46.0,34.5,24.375
2026-08-05 10:00:00,27.0,30.6,81,995.0,2.3,270,0.0,10,2,8,29.0,25.0,41.0,17.0,6.0,14.0,33.5,35.583333333333336,25.333333333333332
2026-08-05 11:00:00,25.0,30.2,80,994.6,4.6,306,0.5,11,2,8,27.0,31.0,38.0,15.0,8.0,9.0,31.166666666666668,36.416666666666664,26.208333333333332
2026-08-05 12:00:00,22.0,29.0,90,995.2,10.0,279,1.2,12,2,8,25.0,29.0,37.0,12.0,20.0,9.0,29.0,37.25,26.916666666666668
2026-08-05 13:00:00,20.0,28.4,94,996.2,5.0,311,0.4,13,2,8,22.0,27.0,25.0,16.0,3.0,13.0,26.5,38.083333333333336,27.0
2026-08-05 14:00:00,31.0,28.3,94,997.3,1.8,264,0.1,14,2,8,20.0,25.0,31.0,62.0,3.0,12.0,25.666666666666668,38.416666666666664,27.708333333333332
2026-08-05 15:00:00,31.0,28.2,95,997.7,0.2,180,0.0,15,2,8,31.0,22.0,29.0,104.0,3.0,12.0,25.666666666666668,35.833333333333336,28.875
2026-08-05 16:00:00,29.0,27.9,98,998.0,1.1,189,0.0,16,2,8,31.0,20.0,27.0,41.0,24.0,12.0,26.0,29.75,30.041666666666668
2026-08-05 17:00:00,25.0,27.6,98,998.4,5.3,147,0.0,17,2,8,29.0,31.0,25.0,38.0,34.0,14.0,26.333333333333332,28.75,30.25
2026-08-05 19:00:00,24.0,26.6,97,997.4,0.5,315,3.8,19,2,8,25.0,31.0,22.0,37.0,27.0,24.0,26.333333333333332,27.666666666666668,29.875
2026-08-05 21:00:00,18.0,26.4,98,996.7,6.2,240,1.0,21,2,8,24.0,29.0,20.0,25.0,22.0,15.0,26.666666666666668,26.583333333333332,29.75
2026-08-05 22:00:00,9.0,26.2,98,996.4,5.3,246,1.0,22,2,8,18.0,25.0,31.0,31.0,15.0,16.0,26.333333333333332,26.0,29.583333333333332
2026-08-05 23:00:00,5.0,26.3,98,996.6,5.4,244,0.3,23,2,8,9.0,24.0,31.0,29.0,16.0,13.0,22.666666666666668,24.166666666666668,29.333333333333332
2026-08-06 00:00:00,8.0,25.6,96,996.8,5.8,338,0.3,0,3,8,5.0,18.0,29.0,27.0,17.0,12.0,18.333333333333332,22.166666666666668,28.875
2026-08-06 01:00:00,10.0,25.9,96,997.6,5.1,297,1.6,1,3,8,8.0,9.0,25.0,25.0,15.0,11.0,14.833333333333334,20.583333333333332,28.5
2026-08-06 02:00:00,15.0,26.3,96,997.9,8.1,274,1.1,2,3,8,10.0,5.0,24.0,22.0,12.0,9.0,12.333333333333334,19.333333333333332,28.291666666666668
2026-08-06 04:00:00,24.0,26.5,97,998.1,7.9,309,6.2,4,3,8,15.0,8.0,18.0,20.0,16.0,16.0,10.833333333333334,18.75,28.416666666666668
2026-08-06 06:00:00,21.0,27.2,96,997.3,4.1,257,6.3,6,3,8,24.0,10.0,9.0,31.0,62.0,16.0,11.833333333333334,19.083333333333332,28.75
2026-08-06 07:00:00,18.0,28.0,93,996.5,3.6,319,1.2,7,3,8,21.0,15.0,5.0,31.0,104.0,13.0,13.833333333333334,18.25,27.041666666666668
2026-08-06 08:00:00,22.0,29.9,84,995.5,3.6,276,0.3,8,3,8,18.0,24.0,8.0,29.0,41.0,8.0,16.0,17.166666666666668,23.458333333333332
2026-08-06 10:00:00,38.0,29.6,84,994.5,3.8,343,1.2,10,3,8,22.0,21.0,10.0,25.0,38.0,6.0,18.333333333333332,16.583333333333332,22.666666666666668
2026-08-06 11:00:00,36.0,27.9,93,995.1,7.9,291,3.4,11,3,8,38.0,18.0,15.0,24.0,37.0,9.0,23.0,17.666666666666668,22.666666666666668
2026-08-06 14:00:00,38.0,27.3,96,996.1,9.0,224,1.0,14,3,8,36.0,22.0,24.0,18.0,25.0,2.0,26.5,18.666666666666668,22.625
2026-08-06 15:00:00,23.0,27.2,97,997.2,9.0,223,1.0,15,3,8,38.0,38.0,21.0,9.0,31.0,2.0,28.833333333333332,20.333333333333332,23.166666666666668
2026-08-06 16:00:00,24.0,27.1,97,997.4,8.6,231,0.5,16,3,8,23.0,36.0,18.0,5.0,29.0,6.0,29.166666666666668,21.5,22.833333333333332
2026-08-06 17:00:00,24.0,26.9,97,997.4,11.6,222,0.4,17,3,8,24.0,38.0,22.0,8.0,27.0,6.0,30.166666666666668,23.083333333333332,22.625
2026-08-06 19:00:00,16.0,25.8,98,996.5,11.8,226,0.9,19,3,8,24.0,23.0,38.0,10.0,25.0,8.0,30.5,24.416666666666668,22.5
2026-08-06 22:00:00,6.0,25.7,98,995.1,8.2,216,0.9,22,3,8,16.0,24.0,36.0,15.0,22.0,20.0,26.833333333333332,24.916666666666668,22.125
2026-08-06 23:00:00,7.0,25.7,98,995.0,6.2,248,1.0,23,3,8,6.0,24.0,38.0,24.0,20.0,3.0,21.833333333333332,24.166666666666668,21.458333333333332
2026-08-07 00:00:00,7.0,25.9,97,994.6,1.5,339,0.7,0,4,8,7.0,16.0,23.0,21.0,31.0,3.0,16.666666666666668,22.75,20.916666666666668
2026-08-07 04:00:00,11.0,28.3,85,996.6,8.0,286,0.3,4,4,8,7.0,6.0,24.0,18.0,31.0,3.0,14.0,21.583333333333332,19.916666666666668
2026-08-07 05:00:00,13.0,29.4,81,996.4,8.0,260,0.1,5,4,8,11.0,7.0,24.0,22.0,29.0,24.0,11.833333333333334,21.0,19.083333333333332
2026-08-07 06:00:00,14.0,28.1,86,995.9,8.5,268,0.3,6,4,8,13.0,7.0,16.0,38.0,25.0,34.0,10.0,20.25,18.416666666666668
2026-08-07 07:00:00,13.0,28.6,86,995.0,7.7,252,0.3,7,4,8,14.0,11.0,6.0,36.0,24.0,27.0,9.666666666666666,18.25,17.958333333333332
2026-08-07 08:00:00,9.0,28.5,88,994.2,7.7,267,0.5,8,4,8,13.0,13.0,7.0,38.0,18.0,22.0,10.833333333333334,16.333333333333332,17.5
2026-08-07 09:00:00,9.0,29.2,84,993.5,8.0,245,0.2,9,4,8,9.0,14.0,7.0,23.0,9.0,15.0,11.166666666666666,13.916666666666666,17.125
2026-08-07 10:00:00,11.0,30.1,79,993.4,9.1,240,0.1,10,4,8,9.0,13.0,11.0,24.0,5.0,16.0,11.5,12.75,17.125
2026-08-07 11:00:00,7.0,29.6,79,993.1,6.7,232,0.0,11,4,8,11.0,9.0,13.0,24.0,8.0,17.0,11.5,11.666666666666666,17.375
2026-08-07 12:00:00,9.0,27.6,96,993.9,6.4,254,0.3,12,4,8,7.0,9.0,14.0,16.0,10.0,15.0,10.5,10.25,17.333333333333332
2026-08-07 13:00:00,14.0,26.9,96,994.3,9.4,184,2.1,13,4,8,9.0,11.0,13.0,6.0,15.0,12.0,9.666666666666666,9.666666666666666,17.291666666666668
2026-08-07 14:00:00,32.0,26.5,96,995.2,10.2,187,1.4,14,4,8,14.0,7.0,9.0,7.0,24.0,16.0,9.833333333333334,10.333333333333334,17.25
2026-08-07 15:00:00,25.0,26.4,96,995.7,8.1,205,0.5,15,4,8,32.0,9.0,9.0,7.0,21.0,62.0,13.666666666666666,12.416666666666666,17.583333333333332
2026-08-07 16:00:00,21.0,26.6,96,996.3,5.8,206,0.3,16,4,8,25.0,14.0,11.0,11.0,18.0,104.0,16.333333333333332,13.916666666666666,17.75
2026-08-07 17:00:00,19.0,26.6,97,996.4,7.2,193,0.4,17,4,8,21.0,32.0,7.0,13.0,22.0,41.0,18.0,14.75,17.875
2026-08-07 19:00:00,15.0,27.0,95,995.1,10.7,217,1.6,19,4,8,19.0,25.0,9.0,14.0,38.0,38.0,20.0,15.25,17.75
2026-08-07 20:00:00,10.0,25.4,96,995.2,12.7,231,4.9,20,4,8,15.0,21.0,14.0,13.0,36.0,37.0,21.0,15.333333333333334,16.791666666666668
2026-08-07 21:00:00,5.0,25.0,98,995.2,10.2,208,1.2,21,4,8,10.0,19.0,32.0,9.0,38.0,25.0,20.333333333333332,15.083333333333334,15.708333333333334
2026-08-07 22:00:00,6.0,24.9,98,994.3,5.6,230,1.0,22,4,8,5.0,15.0,25.0,9.0,23.0,31.0,15.833333333333334,14.75,14.333333333333334
2026-08-07 23:00:00,10.0,25.0,97,994.2,5.3,225,0.1,23,4,8,6.0,10.0,21.0,11.0,24.0,29.0,12.666666666666666,14.5,13.625
2026-08-08 00:00:00,9.0,25.3,98,994.3,6.7,207,0.0,0,5,8,10.0,5.0,19.0,7.0,24.0,27.0,10.833333333333334,14.416666666666666,13.041666666666666
2026-08-08 01:00:00,9.0,26.0,96,995.0,4.9,208,0.0,1,5,8,9.0,6.0,15.0,9.0,16.0,25.0,9.166666666666666,14.583333333333334,12.416666666666666
2026-08-08 02:00:00,13.0,27.1,93,995.6,3.4,205,0.0,2,5,8,9.0,10.0,10.0,14.0,6.0,22.0,8.166666666666666,14.583333333333334,12.125
2026-08-08 03:00:00,12.0,28.4,87,996.2,4.6,198,0.0,3,5,8,13.0,9.0,5.0,32.0,7.0,20.0,8.666666666666666,14.5,12.416666666666666
2026-08-08 04:00:00,21.0,29.7,79,996.3,5.5,218,0.3,4,5,8,12.0,9.0,6.0,25.0,7.0,31.0,9.833333333333334,12.833333333333334,12.625
2026-08-08 05:00:00,28.0,30.8,73,996.1,6.2,234,0.3,5,5,8,21.0,13.0,10.0,21.0,11.0,31.0,12.333333333333334,12.5,13.208333333333334
2026-08-08 06:00:00,23.0,31.8,71,996.2,6.5,203,0.1,6,5,8,28.0,12.0,9.0,19.0,13.0,29.0,15.333333333333334,13.083333333333334,13.916666666666666
2026-08-08 07:00:00,18.0,32.2,69,995.2,9.9,190,0.1,7,5,8,23.0,21.0,9.0,15.0,14.0,25.0,17.666666666666668,13.416666666666666,14.333333333333334
2026-08-08 08:00:00,17.0,31.3,72,994.6,11.2,169,0.2,8,5,8,18.0,28.0,13.0,10.0,13.0,24.0,19.166666666666668,13.666666666666666,14.5
2026-08-08 09:00:00,17.0,31.3,67,994.1,10.6,184,0.7,9,5,8,17.0,23.0,12.0,5.0,9.0,18.0,19.833333333333332,14.25,14.666666666666666
2026-08-08 10:00:00,17.0,30.7,72,994.0,13.0,190,0.2,10,5,8,17.0,18.0,21.0,6.0,9.0,9.0,20.666666666666668,15.25,15.0
2026-08-08 11:00:00,14.0,30.7,71,994.0,12.7,173,0.2,11,5,8,17.0,17.0,28.0,10.0,11.0,5.0,20.0,16.166666666666668,15.333333333333334
2026-08-08 12:00:00,11.0,29.2,88,994.5,7.4,184,2.7,12,5,8,14.0,17.0,23.0,9.0,7.0,8.0,17.666666666666668,16.5,15.458333333333334
2026-08-08 13:00:00,10.0,27.0,95,995.6,6.3,182,2.6,13,5,8,11.0,17.0,18.0,9.0,9.0,10.0,15.666666666666666,16.666666666666668,15.625
2026-08-08 14:00:00,12.0,27.6,93,996.1,8.2,158,0.3,14,5,8,10.0,14.0,17.0,13.0,14.0,15.0,14.333333333333334,16.75,15.666666666666666
2026-08-08 15:00:00,21.0,27.0,97,997.2,6.9,166,0.2,15,5,8,12.0,11.0,17.0,12.0,32.0,24.0,13.5,16.666666666666668,15.583333333333334
2026-08-08 16:00:00,30.0,26.5,98,998.0,7.6,239,0.6,16,5,8,21.0,10.0,17.0,21.0,25.0,21.0,14.166666666666666,17.416666666666668,15.125
2026-08-08 17:00:00,24.0,26.4,97,998.0,4.1,221,0.2,17,5,8,30.0,12.0,14.0,28.0,21.0,18.0,16.333333333333332,18.166666666666668,15.333333333333334
2026-08-08 20:00:00,22.0,26.7,98,996.7,5.5,113,0.0,20,5,8,24.0,21.0,11.0,23.0,19.0,22.0,18.0,17.833333333333332,15.458333333333334
2026-08-08 21:00:00,23.0,25.7,97,996.3,8.6,116,0.3,21,5,8,22.0,30.0,10.0,18.0,15.0,38.0,19.833333333333332,17.75,15.583333333333334
2026-08-08 22:00:00,21.0,25.6,99,996.5,3.8,251,1.0,22,5,8,23.0,24.0,12.0,17.0,10.0,36.0,22.0,18.166666666666668,15.916666666666666
2026-08-08 23:00:00,22.0,25.7,98,996.9,4.2,211,0.7,23,5,8,21.0,22.0,21.0,17.0,5.0,38.0,23.5,18.5,16.375
2026-08-09 00:00:00,19.0,26.4,99,996.4,3.1,193,0.5,0,6,8,22.0,23.0,30.0,17.0,6.0,23.0,23.666666666666668,18.916666666666668,17.083333333333332
2026-08-09 01:00:00,13.0,26.9,95,996.8,1.3,214,0.0,1,6,8,19.0,21.0,24.0,14.0,10.0,24.0,21.833333333333332,19.083333333333332,17.625
2026-08-09 02:00:00,20.0,27.8,90,997.4,3.7,235,0.0,2,6,8,13.0,22.0,22.0,11.0,9.0,24.0,20.0,19.0,17.75
2026-08-09 03:00:00,31.0,29.1,83,997.6,5.3,208,0.0,3,6,8,20.0,19.0,23.0,10.0,9.0,16.0,19.666666666666668,19.75,18.208333333333332
2026-08-09 04:00:00,26.0,30.4,78,997.7,4.7,182,0.0,4,6,8,31.0,13.0,21.0,12.0,13.0,6.0,21.0,21.5,19.125
2026-08-09 05:00:00,24.0,31.3,75,997.7,4.1,203,0.1,5,6,8,26.0,20.0,22.0,21.0,12.0,7.0,21.833333333333332,22.666666666666668,19.666666666666668
2026-08-09 06:00:00,26.0,31.4,74,997.2,3.1,159,0.1,6,6,8,24.0,31.0,19.0,30.0,21.0,7.0,22.166666666666668,22.916666666666668,20.166666666666668
2026-08-09 07:00:00,33.0,31.0,76,996.4,5.1,176,0.7,7,6,8,26.0,26.0,13.0,24.0,28.0,11.0,23.333333333333332,22.583333333333332,20.375
2026-08-09 08:00:00,23.0,31.2,77,995.4,3.8,281,0.2,8,6,8,33.0,24.0,20.0,22.0,23.0,13.0,26.666666666666668,23.333333333333332,20.583333333333332
2026-08-09 09:00:00,23.0,28.2,87,995.7,9.2,154,2.9,9,6,8,23.0,26.0,31.0,23.0,18.0,14.0,27.166666666666668,23.416666666666668,20.583333333333332
2026-08-09 10:00:00,24.0,28.5,89,995.1,7.3,155,0.7,10,6,8,23.0,33.0,26.0,21.0,17.0,13.0,25.833333333333332,23.416666666666668,20.791666666666668
2026-08-09 11:00:00,19.0,28.4,90,995.0,3.7,157,0.5,11,6,8,24.0,23.0,24.0,22.0,17.0,9.0,25.5,23.666666666666668,21.083333333333332
2026-08-09 12:00:00,16.0,28.4,91,995.7,3.4,313,0.1,12,6,8,19.0,23.0,26.0,19.0,17.0,9.0,24.666666666666668,23.416666666666668,21.166666666666668
2026-08-09 13:00:00,18.0,27.8,96,996.0,3.3,292,0.1,13,6,8,16.0,24.0,33.0,13.0,14.0,11.0,23.0,23.166666666666668,21.125
2026-08-09 14:00:00,25.0,27.6,97,996.5,5.8,263,0.0,14,6,8,18.0,19.0,23.0,20.0,11.0,7.0,20.5,23.583333333333332,21.291666666666668
2026-08-09 15:00:00,23.0,27.6,96,997.5,3.4,245,0.0,15,6,8,25.0,16.0,23.0,31.0,10.0,9.0,20.833333333333332,24.0,21.875
2026-08-09 16:00:00,14.0,27.4,97,998.1,2.7,247,0.0,16,6,8,23.0,18.0,24.0,26.0,12.0,14.0,20.833333333333332,23.333333333333332,22.416666666666668
2026-08-09 17:00:00,7.0,27.4,97,998.5,3.5,255,0.0,17,6,8,14.0,25.0,19.0,24.0,21.0,32.0,19.166666666666668,22.333333333333332,22.5
2026-08-09 19:00:00,10.0,26.9,96,997.3,6.9,255,0.0,19,6,8,7.0,23.0,16.0,26.0,30.0,25.0,17.166666666666668,20.916666666666668,21.916666666666668
2026-08-09 20:00:00,8.0,26.5,97,997.1,8.0,254,0.9,20,6,8,10.0,14.0,18.0,33.0,24.0,21.0,16.166666666666668,19.583333333333332,21.083333333333332
2026-08-09 21:00:00,7.0,26.6,97,996.3,9.7,286,0.3,21,6,8,8.0,7.0,25.0,23.0,22.0,19.0,14.5,17.5,20.416666666666668
2026-08-09 22:00:00,5.0,26.6,97,996.2,4.8,250,0.1,22,6,8,7.0,10.0,23.0,23.0,23.0,15.0,11.5,16.166666666666668,19.791666666666668
2026-08-09 23:00:00,7.0,26.4,98,996.2,3.4,270,0.0,23,6,8,5.0,8.0,14.0,24.0,21.0,10.0,8.5,14.666666666666666,19.041666666666668
2026-08-10 00:00:00,14.0,27.1,97,996.3,3.6,252,0.0,0,0,8,7.0,7.0,7.0,19.0,22.0,5.0,7.333333333333333,13.25,18.458333333333332
2026-08-10 04:00:00,28.0,29.4,86,998.2,5.0,316,0.3,4,0,8,14.0,5.0,10.0,16.0,19.0,6.0,8.5,12.833333333333334,18.125
2026-08-10 05:00:00,42.0,30.3,82,998.1,4.0,300,0.4,5,0,8,28.0,7.0,8.0,18.0,13.0,10.0,11.5,13.833333333333334,18.5
2026-08-10 06:00:00,46.0,31.5,72,997.5,8.5,305,0.9,6,0,8,42.0,14.0,7.0,25.0,20.0,9.0,17.166666666666668,15.833333333333334,19.708333333333332
2026-08-10 07:00:00,52.0,31.7,71,996.3,6.9,300,0.4,7,0,8,46.0,28.0,5.0,23.0,31.0,9.0,23.666666666666668,17.583333333333332,20.791666666666668
2026-08-10 08:00:00,43.0,32.1,70,995.1,5.4,264,0.3,8,0,8,52.0,42.0,7.0,14.0,26.0,13.0,31.5,20.0,21.666666666666668
2026-08-10 09:00:00,24.0,27.8,87,995.4,10.3,325,7.4,9,0,8,43.0,46.0,14.0,7.0,24.0,12.0,37.5,22.416666666666668,22.375
2026-08-10 12:00:00,26.0,27.3,95,995.6,7.0,247,2.0,12,0,8,24.0,52.0,28.0,10.0,26.0,21.0,39.166666666666664,23.833333333333332,22.375
2026-08-11 04:00:00,101.0,28.2,88,997.7,8.7,328,1.7,4,1,8,26.0,43.0,42.0,8.0,33.0,28.0,38.833333333333336,25.166666666666668,22.375
2026-08-11 05:00:00,64.0,29.1,85,997.5,6.7,286,0.3,5,1,8,101.0,24.0,46.0,7.0,23.0,23.0,48.666666666666664,32.916666666666664,25.208333333333332
2026-08-11 06:00:00,68.0,31.3,72,996.7,10.8,285,0.3,6,1,8,64.0,26.0,52.0,5.0,23.0,18.0,51.666666666666664,37.666666666666664,26.916666666666668
2026-08-11 07:00:00,56.0,31.6,71,995.8,7.0,274,0.1,7,1,8,68.0,101.0,43.0,7.0,24.0,17.0,54.333333333333336,42.916666666666664,28.791666666666668
2026-08-11 08:00:00,29.0,31.2,73,994.4,6.2,237,0.1,8,1,8,56.0,64.0,24.0,14.0,19.0,17.0,56.5,47.0,30.125
2026-08-11 09:00:00,28.0,27.9,89,995.1,16.1,299,3.8,9,1,8,29.0,68.0,26.0,28.0,16.0,17.0,57.333333333333336,48.25,30.541666666666668
2026-08-11 10:00:00,28.0,27.3,94,994.8,6.1,293,2.9,10,1,8,28.0,56.0,101.0,42.0,18.0,14.0,57.666666666666664,48.25,31.041666666666668
2026-08-11 11:00:00,21.0,27.3,94,994.4,4.4,263,1.1,11,1,8,28.0,29.0,64.0,46.0,25.0,11.0,45.5,47.083333333333336,31.458333333333332
2026-08-11 12:00:00,15.0,28.8,92,994.2,3.9,317,0.6,12,1,8,21.0,28.0,68.0,52.0,23.0,10.0,38.333333333333336,45.0,31.291666666666668
2026-08-11 13:00:00,24.0,28.3,95,994.8,2.7,212,0.3,13,1,8,15.0,28.0,56.0,43.0,14.0,12.0,29.5,41.916666666666664,30.958333333333332
2026-08-11 14:00:00,30.0,28.3,95,996.0,0.6,56,0.0,14,1,8,24.0,21.0,29.0,24.0,7.0,21.0,24.166666666666668,40.333333333333336,31.375
2026-08-11 15:00:00,30.0,28.0,97,996.6,2.0,95,0.0,15,1,8,30.0,15.0,28.0,26.0,10.0,30.0,24.333333333333332,40.833333333333336,32.333333333333336
2026-08-11 16:00:00,29.0,27.9,97,997.3,0.4,270,0.0,16,1,8,30.0,24.0,28.0,101.0,8.0,24.0,24.666666666666668,41.166666666666664,33.166666666666664
2026-08-11 17:00:00,37.0,28.0,97,997.5,1.3,225,0.0,17,1,8,29.0,30.0,21.0,64.0,7.0,22.0,24.833333333333332,35.166666666666664,34.041666666666664
2026-08-11 20:00:00,34.0,27.6,92,995.9,9.0,233,0.0,20,1,8,37.0,30.0,15.0,68.0,5.0,23.0,27.5,32.916666666666664,35.291666666666664
2026-08-11 21:00:00,29.0,27.7,92,995.5,9.0,244,0.2,21,1,8,34.0,29.0,24.0,56.0,7.0,21.0,30.666666666666668,30.083333333333332,36.5
2026-08-11 22:00:00,31.0,27.4,94,995.9,3.4,288,0.0,22,1,8,29.0,37.0,30.0,29.0,14.0,22.0,31.5,27.833333333333332,37.416666666666664
2026-08-11 23:00:00,26.0,26.1,97,997.0,8.0,42,0.9,23,1,8,31.0,34.0,30.0,28.0,28.0,19.0,31.666666666666668,28.0,38.125
2026-08-12 00:00:00,25.0,26.4,97,996.6,9.0,167,1.4,0,2,8,26.0,29.0,29.0,28.0,42.0,13.0,31.0,27.833333333333332,38.041666666666664
2026-08-12 01:00:00,36.0,26.2,97,997.0,9.1,260,3.7,1,2,8,25.0,31.0,37.0,21.0,46.0,20.0,30.333333333333332,27.583333333333332,37.333333333333336
2026-08-12 02:00:00,69.0,26.5,96,997.5,11.2,202,1.4,2,2,8,36.0,26.0,34.0,15.0,52.0,31.0,30.166666666666668,28.833333333333332,36.916666666666664
2026-08-12 03:00:00,97.0,27.9,92,997.3,10.2,225,0.3,3,2,8,69.0,25.0,29.0,24.0,43.0,26.0,36.0,33.333333333333336,37.625
2026-08-12 04:00:00,87.0,29.5,83,998.2,5.4,236,0.0,4,2,8,97.0,36.0,31.0,30.0,24.0,24.0,47.333333333333336,39.416666666666664,39.875
2026-08-12 05:00:00,85.0,29.2,85,998.0,4.8,248,0.0,5,2,8,87.0,69.0,26.0,30.0,26.0,26.0,56.666666666666664,44.166666666666664,42.5
2026-08-12 06:00:00,64.0,31.3,74,998.3,6.2,262,0.1,6,2,8,85.0,97.0,25.0,29.0,101.0,33.0,66.5,48.75,44.958333333333336
2026-08-12 07:00:00,41.0,30.5,79,997.6,6.4,248,0.6,7,2,8,64.0,87.0,36.0,37.0,64.0,23.0,73.0,51.666666666666664,43.416666666666664
2026-08-12 08:00:00,43.0,28.7,86,997.1,9.5,285,2.1,8,2,8,41.0,85.0,69.0,34.0,68.0,23.0,73.83333333333333,52.0,42.458333333333336
2026-08-12 09:00:00,39.0,28.3,91,996.2,7.8,224,1.2,9,2,8,43.0,64.0,97.0,29.0,56.0,24.0,69.5,52.75,41.416666666666664
2026-08-12 10:00:00,27.0,28.6,89,996.0,6.9,229,0.3,10,2,8,39.0,41.0,87.0,31.0,29.0,19.0,59.833333333333336,53.583333333333336,40.708333333333336
2026-08-12 11:00:00,35.0,28.6,89,996.1,6.1,282,0.4,11,2,8,27.0,43.0,85.0,26.0,28.0,16.0,49.833333333333336,53.25,40.625
2026-08-12 13:00:00,28.0,29.5,84,996.3,3.6,229,0.0,13,2,8,35.0,39.0,64.0,25.0,28.0,18.0,41.5,54.0,40.916666666666664
2026-08-12 14:00:00,29.0,29.2,85,997.3,7.5,201,0.1,14,2,8,28.0,27.0,41.0,36.0,21.0,25.0,35.5,54.25,40.916666666666664
2026-08-12 15:00:00,40.0,28.7,88,998.1,9.1,202,0.2,15,2,8,29.0,35.0,43.0,69.0,15.0,23.0,33.5,53.666666666666664,41.25
2026-08-12 16:00:00,43.0,26.7,95,999.6,8.8,244,5.6,16,2,8,40.0,28.0,39.0,97.0,24.0,14.0,33.0,51.25,42.291666666666664
2026-08-12 17:00:00,39.0,27.1,95,999.2,12.7,219,1.1,17,2,8,43.0,29.0,27.0,87.0,30.0,7.0,33.666666666666664,46.75,43.083333333333336
2026-08-12 19:00:00,23.0,27.0,95,998.1,10.6,236,1.1,19,2,8,39.0,40.0,35.0,85.0,30.0,10.0,35.666666666666664,42.75,43.458333333333336
2026-08-12 20:00:00,12.0,26.4,97,997.8,15.5,234,6.1,20,2,8,23.0,43.0,28.0,64.0,29.0,8.0,33.666666666666664,37.583333333333336,43.166666666666664
2026-08-12 21:00:00,7.0,26.3,97,997.2,13.7,237,1.9,21,2,8,12.0,39.0,29.0,41.0,37.0,7.0,31.0,33.25,42.458333333333336
2026-08-13 00:00:00,11.0,26.8,97,996.7,11.9,236,1.3,0,3,8,7.0,23.0,40.0,43.0,34.0,5.0,27.333333333333332,30.416666666666668,41.208333333333336
2026-08-13 01:00:00,14.0,26.8,96,996.9,12.2,253,1.0,1,3,8,11.0,12.0,43.0,39.0,29.0,7.0,22.5,27.75,40.25
2026-08-13 03:00:00,106.0,27.6,93,997.5,11.6,257,0.2,3,3,8,14.0,7.0,39.0,27.0,31.0,14.0,17.666666666666668,25.666666666666668,39.625
2026-08-13 04:00:00,78.0,27.5,94,998.4,10.0,250,1.2,4,3,8,106.0,11.0,23.0,35.0,26.0,28.0,28.833333333333332,32.25,42.75
2026-08-13 05:00:00,66.0,27.2,95,998.2,12.8,260,1.8,5,3,8,78.0,14.0,12.0,28.0,25.0,42.0,38.0,35.833333333333336,44.916666666666664
2026-08-13 06:00:00,53.0,27.8,94,997.9,12.0,278,0.5,6,3,8,66.0,106.0,7.0,29.0,36.0,46.0,47.0,39.0,46.625
2026-08-13 07:00:00,52.0,27.4,92,997.1,12.8,279,3.2,7,3,8,53.0,78.0,11.0,40.0,69.0,52.0,54.666666666666664,41.0,47.333333333333336
2026-08-13 08:00:00,38.0,28.3,90,996.4,16.4,273,1.2,8,3,8,52.0,66.0,14.0,43.0,97.0,43.0,61.5,42.0,46.625
2026-08-13 09:00:00,29.0,29.7,82,995.1,17.5,268,0.7,9,3,8,38.0,53.0,106.0,39.0,87.0,24.0,65.5,41.583333333333336,44.166666666666664
2026-08-13 10:00:00,26.0,30.4,79,995.0,16.1,264,0.1,10,3,8,29.0,52.0,78.0,23.0,85.0,26.0,52.666666666666664,40.75,41.75
2026-08-13 11:00:00,28.0,28.8,91,994.5,8.7,275,2.3,11,3,8,26.0,38.0,66.0,12.0,64.0,101.0,44.0,41.0,39.291666666666664
2026-08-13 12:00:00,26.0,26.6,94,995.3,13.4,227,0.7,12,3,8,28.0,29.0,53.0,7.0,41.0,64.0,37.666666666666664,42.333333333333336,37.791666666666664
2026-08-13 13:00:00,24.0,26.4,95,996.0,11.6,217,0.2,13,3,8,26.0,26.0,52.0,11.0,43.0,68.0,33.166666666666664,43.916666666666664,37.166666666666664
2026-08-13 14:00:00,28.0,26.5,95,996.8,11.5,225,0.0,14,3,8,24.0,28.0,38.0,14.0,39.0,56.0,28.5,45.0,36.375
2026-08-13 15:00:00,31.0,26.6,95,997.3,10.9,237,0.0,15,3,8,28.0,26.0,29.0,106.0,27.0,29.0,26.833333333333332,46.166666666666664,35.916666666666664
2026-08-13 16:00:00,27.0,26.5,94,997.8,10.1,239,0.0,16,3,8,31.0,24.0,26.0,78.0,35.0,28.0,27.166666666666668,39.916666666666664,36.083333333333336
2026-08-13 17:00:00,22.0,26.5,94,998.1,9.1,245,0.0,17,3,8,27.0,28.0,28.0,66.0,28.0,28.0,27.333333333333332,35.666666666666664,35.75
2026-08-13 19:00:00,21.0,25.7,97,996.9,7.6,177,6.9,19,3,8,22.0,31.0,26.0,53.0,29.0,21.0,26.333333333333332,32.0,35.5
2026-08-13 20:00:00,24.0,24.9,100,997.0,14.6,204,3.2,20,3,8,21.0,27.0,24.0,52.0,40.0,15.0,25.5,29.333333333333332,35.166666666666664
2026-08-13 21:00:00,26.0,25.2,98,996.5,6.2,201,7.4,21,3,8,24.0,22.0,28.0,38.0,43.0,24.0,25.5,27.0,34.5
2026-08-13 22:00:00,21.0,25.5,98,995.8,10.4,219,3.3,22,3,8,26.0,21.0,31.0,29.0,39.0,30.0,25.166666666666668,26.0,33.791666666666664
2026-08-13 23:00:00,24.0,25.5,97,995.9,8.9,241,1.8,23,3,8,21.0,24.0,27.0,26.0,23.0,30.0,23.5,25.333333333333332,33.041666666666664
2026-08-14 00:00:00,30.0,26.2,96,996.0,12.0,223,1.2,0,4,8,24.0,26.0,22.0,28.0,12.0,29.0,23.0,25.166666666666668,33.083333333333336
2026-08-14 01:00:00,28.0,26.0,97,996.6,12.0,230,3.8,1,4,8,30.0,21.0,21.0,26.0,7.0,37.0,24.333333333333332,25.333333333333332,33.833333333333336
2026-08-14 02:00:00,28.0,26.5,97,997.0,10.4,222,5.2,2,4,8,28.0,24.0,24.0,24.0,11.0,34.0,25.5,25.5,34.708333333333336
2026-08-14 03:00:00,63.0,27.0,95,996.9,12.0,237,3.0,3,4,8,28.0,30.0,26.0,28.0,14.0,29.0,26.166666666666668,25.833333333333332,35.416666666666664
2026-08-14 04:00:00,107.0,27.8,94,997.2,11.9,239,1.2,4,4,8,63.0,28.0,21.0,31.0,106.0,31.0,32.333333333333336,28.75,37.458333333333336
2026-08-14 05:00:00,104.0,29.3,85,997.2,12.7,235,0.6,5,4,8,107.0,28.0,24.0,27.0,78.0,26.0,46.666666666666664,35.083333333333336,37.5
2026-08-14 06:00:00,87.0,28.5,87,997.2,11.0,245,0.3,6,4,8,104.0,63.0,30.0,22.0,66.0,25.0,60.0,41.5,38.583333333333336
2026-08-14 07:00:00,60.0,29.4,83,996.0,11.5,231,1.1,7,4,8,87.0,107.0,28.0,21.0,53.0,36.0,69.5,46.916666666666664,39.458333333333336
2026-08-14 08:00:00,36.0,30.3,79,995.4,15.6,244,0.3,8,4,8,60.0,104.0,28.0,24.0,52.0,69.0,74.83333333333333,50.166666666666664,39.75
2026-08-14 09:00:00,26.0,30.8,75,994.7,14.5,250,0.1,9,4,8,36.0,87.0,63.0,26.0,38.0,97.0,76.16666666666667,51.166666666666664,39.083333333333336
2026-08-14 10:00:00,24.0,30.6,75,994.3,15.2,233,0.0,10,4,8,26.0,60.0,107.0,21.0,29.0,87.0,70.0,51.166666666666664,38.583333333333336
2026-08-14 11:00:00,24.0,29.4,81,994.5,13.2,230,0.0,11,4,8,24.0,36.0,104.0,24.0,26.0,85.0,56.166666666666664,51.416666666666664,38.375
2026-08-14 12:00:00,22.0,28.8,91,994.7,9.1,189,0.7,12,4,8,24.0,26.0,87.0,30.0,28.0,64.0,42.833333333333336,51.416666666666664,38.291666666666664
2026-08-14 13:00:00,21.0,28.2,94,994.9,10.8,218,0.4,13,4,8,22.0,24.0,60.0,28.0,26.0,41.0,32.0,50.75,38.041666666666664
2026-08-14 14:00:00,24.0,27.9,95,995.8,11.4,215,0.2,14,4,8,21.0,24.0,36.0,28.0,24.0,43.0,25.5,50.166666666666664,37.833333333333336
2026-08-14 15:00:00,23.0,27.4,95,996.6,11.8,219,1.0,15,4,8,24.0,22.0,26.0,63.0,28.0,39.0,23.5,49.833333333333336,37.833333333333336
2026-08-14 16:00:00,38.0,26.9,95,997.0,12.5,237,2.6,16,4,8,23.0,21.0,24.0,107.0,31.0,27.0,23.0,46.5,37.625
2026-08-14 17:00:00,38.0,26.9,96,996.9,9.0,241,0.4,17,4,8,38.0,24.0,24.0,104.0,27.0,35.0,25.333333333333332,40.75,37.916666666666664
2026-08-14 19:00:00,20.0,27.2,91,996.4,10.7,225,0.0,19,4,8,38.0,23.0,22.0,87.0,22.0,28.0,27.666666666666668,35.25,38.375
2026-08-14 20:00:00,15.0,27.1,92,995.3,10.0,231,0.0,20,4,8,20.0,38.0,21.0,60.0,21.0,29.0,27.333333333333332,29.666666666666668,38.291666666666664
2026-08-14 21:00:00,13.0,27.0,93,995.0,8.7,230,0.0,21,4,8,15.0,38.0,24.0,36.0,24.0,40.0,26.333333333333332,25.916666666666668,38.041666666666664
2026-08-14 23:00:00,18.0,26.6,93,995.0,10.9,248,0.5,23,4,8,13.0,20.0,23.0,26.0,26.0,43.0,24.5,24.0,37.583333333333336
2026-08-15 00:00:00,17.0,25.9,98,995.0,6.2,232,2.8,0,5,8,18.0,15.0,38.0,24.0,21.0,39.0,23.666666666666668,23.333333333333332,37.25
2026-08-15 01:00:00,24.0,26.6,98,995.3,6.2,249,0.8,1,5,8,17.0,13.0,38.0,24.0,24.0,23.0,20.166666666666668,22.75,37.083333333333336
2026-08-15 02:00:00,52.0,27.5,95,996.1,4.8,250,0.6,2,5,8,24.0,18.0,20.0,22.0,30.0,12.0,17.833333333333332,22.75,37.083333333333336
2026-08-15 03:00:00,79.0,27.9,92,996.1,7.2,238,1.2,3,5,8,52.0,17.0,15.0,21.0,28.0,7.0,23.166666666666668,25.25,38.0
2026-08-15 04:00:00,74.0,29.3,86,996.2,10.8,260,1.3,4,5,8,79.0,24.0,13.0,24.0,28.0,11.0,33.833333333333336,30.083333333333332,40.125
2026-08-15 05:00:00,117.0,28.3,88,996.3,13.7,268,6.3,5,5,8,74.0,52.0,18.0,23.0,63.0,14.0,44.0,34.25,42.041666666666664
2026-08-15 06:00:00,60.0,29.7,85,995.7,9.7,272,2.5,6,5,8,117.0,79.0,17.0,38.0,107.0,106.0,60.5,42.083333333333336,44.291666666666664
2026-08-15 07:00:00,43.0,28.5,89,995.4,10.7,245,5.5,7,5,8,60.0,74.0,24.0,38.0,104.0,78.0,67.66666666666667,43.916666666666664,42.333333333333336
2026-08-15 08:00:00,52.0,27.3,93,994.8,15.0,225,4.4,8,5,8,43.0,117.0,52.0,20.0,87.0,66.0,70.83333333333333,44.333333333333336,39.791666666666664
2026-08-15 09:00:00,45.0,27.2,94,994.3,12.9,233,0.8,9,5,8,52.0,60.0,79.0,15.0,60.0,53.0,70.83333333333333,47.0,38.333333333333336
2026-08-15 10:00:00,27.0,28.0,90,994.1,9.8,235,0.9,10,5,8,45.0,43.0,74.0,13.0,36.0,52.0,65.16666666666667,49.5,37.708333333333336
2026-08-15 11:00:00,27.0,27.4,94,994.0,12.3,245,2.2,11,5,8,27.0,52.0,117.0,18.0,26.0,38.0,57.333333333333336,50.666666666666664,37.333333333333336
2026-08-15 12:00:00,24.0,28.2,94,994.0,8.8,226,0.7,12,5,8,27.0,45.0,60.0,17.0,24.0,29.0,42.333333333333336,51.416666666666664,37.375
2026-08-15 13:00:00,22.0,27.7,96,994.2,7.3,226,0.3,13,5,8,24.0,27.0,43.0,24.0,24.0,26.0,36.333333333333336,52.0,37.375
2026-08-15 14:00:00,19.0,27.6,96,994.5,9.8,238,0.3,14,5,8,22.0,27.0,52.0,52.0,22.0,28.0,32.833333333333336,51.833333333333336,37.291666666666664
2026-08-15 15:00:00,27.0,27.3,97,995.5,9.8,229,0.6,15,5,8,19.0,24.0,45.0,79.0,21.0,26.0,27.333333333333332,49.083333333333336,37.166666666666664
2026-08-15 16:00:00,30.0,27.0,97,996.1,7.9,249,0.7,16,5,8,27.0,22.0,27.0,74.0,24.0,24.0,24.333333333333332,44.75,37.416666666666664
2026-08-15 17:00:00,25.0,27.2,97,996.1,9.6,253,1.1,17,5,8,30.0,19.0,27.0,117.0,23.0,28.0,24.833333333333332,41.083333333333336,37.666666666666664
2026-08-15 22:00:00,15.0,26.0,96,994.6,9.8,263,1.5,22,5,8,25.0,27.0,24.0,60.0,38.0,31.0,24.5,33.416666666666664,37.75
2026-08-15 23:00:00,15.0,25.9,97,994.5,11.6,242,0.7,23,5,8,15.0,30.0,22.0,43.0,38.0,27.0,23.0,29.666666666666668,36.791666666666664
2026-08-16 00:00:00,13.0,26.0,97,994.2,12.3,232,1.5,0,6,8,15.0,25.0,19.0,52.0,20.0,22.0,21.833333333333332,27.333333333333332,35.833333333333336
2026-08-16 01:00:00,23.0,26.4,95,994.8,15.6,244,1.4,1,6,8,13.0,15.0,27.0,45.0,15.0,21.0,20.833333333333332,24.083333333333332,35.541666666666664
2026-08-16 02:00:00,45.0,26.1,96,995.7,12.0,253,1.8,2,6,8,23.0,15.0,30.0,27.0,13.0,24.0,20.166666666666668,22.25,35.875
2026-08-16 03:00:00,62.0,26.0,96,996.1,11.2,258,2.4,3,6,8,45.0,13.0,25.0,27.0,18.0,26.0,22.666666666666668,23.75,37.208333333333336
2026-08-16 04:00:00,86.0,27.2,93,995.9,13.9,265,1.1,4,6,8,62.0,23.0,15.0,24.0,17.0,21.0,28.833333333333332,26.666666666666668,39.041666666666664
2026-08-16 05:00:00,43.0,28.4,89,996.1,13.2,267,0.5,5,6,8,86.0,45.0,15.0,22.0,24.0,24.0,40.666666666666664,31.833333333333332,41.916666666666664
2026-08-16 06:00:00,124.0,29.1,83,995.6,13.7,272,0.4,6,6,8,43.0,62.0,13.0,19.0,52.0,30.0,45.333333333333336,33.583333333333336,42.708333333333336
2026-08-16 07:00:00,83.0,27.6,91,995.1,12.8,255,1.8,7,6,8,124.0,86.0,23.0,27.0,79.0,28.0,63.833333333333336,42.333333333333336,45.708333333333336
2026-08-16 08:00:00,41.0,27.8,92,994.5,13.0,275,0.7,8,6,8,83.0,43.0,45.0,30.0,74.0,28.0,73.83333333333333,47.0,45.875
2026-08-16 09:00:00,39.0,27.6,89,994.6,16.8,267,0.9,9,6,8,41.0,124.0,62.0,25.0,117.0,63.0,73.16666666666667,47.916666666666664,44.5
2026-08-16 10:00:00,11.0,27.4,93,993.7,12.4,268,1.0,10,6,8,39.0,83.0,86.0,15.0,60.0,107.0,69.33333333333333,49.083333333333336,41.25
2026-08-16 11:00:00,11.0,27.3,95,993.6,11.3,261,0.4,11,6,8,11.0,41.0,43.0,15.0,43.0,104.0,56.833333333333336,48.75,39.208333333333336
2026-08-16 12:00:00,13.0,27.4,93,993.9,12.2,250,0.1,12,6,8,11.0,39.0,124.0,13.0,52.0,87.0,51.5,48.416666666666664,37.875
2026-08-16 13:00:00,15.0,27.1,94,994.3,12.8,254,1.1,13,6,8,13.0,11.0,83.0,23.0,45.0,60.0,33.0,48.416666666666664,36.25
2026-08-16 14:00:00,12.0,27.0,95,995.5,9.8,246,0.5,14,6,8,15.0,11.0,41.0,45.0,27.0,36.0,21.666666666666668,47.75,35.0
2026-08-16 15:00:00,16.0,27.1,96,996.3,9.3,248,0.4,15,6,8,12.0,13.0,39.0,62.0,27.0,26.0,16.833333333333332,45.0,34.375
2026-08-16 16:00:00,16.0,27.1,97,997.1,8.8,253,0.3,16,6,8,16.0,15.0,11.0,86.0,24.0,24.0,13.0,41.166666666666664,33.916666666666664
2026-08-16 17:00:00,15.0,27.0,97,997.2,9.3,260,0.1,17,6,8,16.0,12.0,11.0,43.0,22.0,24.0,13.833333333333334,35.333333333333336,33.583333333333336
2026-08-16 19:00:00,13.0,26.4,95,996.5,13.1,247,0.8,19,6,8,15.0,16.0,13.0,124.0,19.0,22.0,14.5,33.0,33.291666666666664
2026-08-16 23:00:00,51.0,25.7,95,996.3,12.8,238,1.1,23,6,8,13.0,16.0,15.0,83.0,27.0,21.0,14.5,23.75,33.041666666666664
2026-08-17 00:00:00,54.0,26.0,95,996.2,12.1,238,1.4,0,0,8,51.0,15.0,12.0,41.0,30.0,24.0,20.5,21.083333333333332,34.041666666666664
2026-08-17 01:00:00,50.0,26.1,95,997.0,12.3,233,0.5,1,0,8,54.0,13.0,16.0,39.0,25.0,23.0,27.5,22.166666666666668,35.041666666666664
2026-08-17 02:00:00,32.0,26.5,94,997.4,15.3,234,0.4,2,0,8,50.0,51.0,16.0,11.0,15.0,38.0,33.166666666666664,23.083333333333332,36.083333333333336
2026-08-17 03:00:00,36.0,27.6,89,997.8,13.6,240,0.2,3,0,8,32.0,54.0,15.0,11.0,15.0,38.0,35.833333333333336,24.833333333333332,36.791666666666664
2026-08-17 04:00:00,34.0,28.8,79,998.4,18.3,255,0.2,4,0,8,36.0,50.0,13.0,13.0,13.0,20.0,39.333333333333336,26.916666666666668,37.666666666666664
2026-08-17 05:00:00,39.0,29.1,78,998.8,16.1,264,0.3,5,0,8,34.0,32.0,51.0,15.0,23.0,15.0,42.833333333333336,28.666666666666668,38.541666666666664
2026-08-17 06:00:00,40.0,30.6,70,998.3,19.6,277,0.1,6,0,8,39.0,36.0,54.0,12.0,45.0,13.0,40.833333333333336,30.666666666666668,39.208333333333336
2026-08-17 07:00:00,58.0,29.7,73,997.8,17.8,281,0.0,7,0,8,40.0,34.0,50.0,16.0,62.0,18.0,38.5,33.0,39.0
2026-08-17 08:00:00,77.0,30.1,72,996.8,15.8,268,0.0,8,0,8,58.0,39.0,32.0,16.0,86.0,17.0,39.833333333333336,36.5,38.833333333333336
2026-08-17 09:00:00,51.0,31.1,69,996.5,17.6,252,0.0,9,0,8,77.0,40.0,36.0,15.0,43.0,24.0,47.333333333333336,41.583333333333336,38.458333333333336
2026-08-17 10:00:00,30.0,30.1,75,996.4,13.7,225,0.0,10,0,8,51.0,58.0,34.0,13.0,124.0,52.0,49.833333333333336,44.583333333333336,38.791666666666664
2026-08-17 11:00:00,22.0,28.9,79,996.3,17.9,236,0.2,11,0,8,30.0,77.0,39.0,51.0,83.0,79.0,49.166666666666664,46.0,34.875
2026-08-17 12:00:00,17.0,26.5,95,998.0,5.4,326,0.1,12,0,8,22.0,51.0,40.0,54.0,41.0,74.0,46.333333333333336,43.583333333333336,32.333333333333336
2026-08-17 13:00:00,19.0,26.4,96,998.0,10.0,216,7.0,13,0,8,17.0,30.0,58.0,50.0,39.0,117.0,42.5,40.5,31.333333333333332
2026-08-17 14:00:00,24.0,26.0,95,998.4,11.2,225,3.6,14,0,8,19.0,22.0,77.0,32.0,11.0,60.0,36.0,37.916666666666664,30.5
2026-08-17 15:00:00,25.0,25.9,95,998.6,11.4,233,0.5,15,0,8,24.0,17.0,51.0,36.0,11.0,43.0,27.166666666666668,37.25,31.041666666666668
2026-08-17 16:00:00,18.0,26.1,96,999.4,9.4,247,0.4,16,0,8,25.0,19.0,30.0,34.0,13.0,52.0,22.833333333333332,36.333333333333336,31.625
2026-08-17 17:00:00,24.0,26.1,96,999.5,9.0,250,0.1,17,0,8,18.0,24.0,22.0,39.0,15.0,45.0,20.833333333333332,35.0,31.833333333333332
2026-08-17 19:00:00,14.0,26.0,95,998.8,11.7,252,0.5,19,0,8,24.0,25.0,17.0,40.0,12.0,27.0,21.166666666666668,33.75,32.208333333333336
2026-08-17 20:00:00,14.0,25.9,95,998.2,12.0,240,0.4,20,0,8,14.0,18.0,19.0,58.0,16.0,27.0,20.666666666666668,31.583333333333332,32.291666666666664
2026-08-17 21:00:00,14.0,25.6,95,998.1,13.6,230,0.5,21,0,8,14.0,24.0,24.0,77.0,16.0,24.0,19.833333333333332,27.916666666666668,32.208333333333336
2026-08-17 22:00:00,11.0,25.4,95,998.1,12.6,229,0.4,22,0,8,14.0,14.0,25.0,51.0,15.0,22.0,18.166666666666668,22.666666666666668,32.125
2026-08-17 23:00:00,10.0,25.3,95,998.1,13.2,233,0.6,23,0,8,11.0,14.0,18.0,30.0,13.0,19.0,15.833333333333334,19.333333333333332,31.958333333333332
2026-08-18 00:00:00,10.0,24.9,97,998.5,14.4,228,0.4,0,1,8,10.0,14.0,24.0,22.0,51.0,27.0,14.5,17.666666666666668,31.833333333333332
2026-08-18 01:00:00,23.0,24.8,96,998.6,15.4,218,1.5,1,1,8,10.0,11.0,14.0,17.0,54.0,30.0,12.166666666666666,16.666666666666668,30.125
2026-08-18 02:00:00,48.0,26.0,95,999.0,14.5,221,0.1,2,1,8,23.0,10.0,14.0,19.0,50.0,25.0,13.666666666666666,17.166666666666668,28.833333333333332
2026-08-18 03:00:00,106.0,26.8,90,999.5,13.0,231,0.0,3,1,8,48.0,10.0,14.0,24.0,32.0,15.0,19.333333333333332,19.583333333333332,28.75
2026-08-18 04:00:00,104.0,28.6,81,999.8,14.2,235,0.1,4,1,8,106.0,23.0,11.0,25.0,36.0,15.0,34.666666666666664,26.416666666666668,31.833333333333332
2026-08-18 05:00:00,28.0,29.6,80,999.8,15.2,240,0.2,5,1,8,104.0,48.0,10.0,18.0,34.0,13.0,50.166666666666664,33.0,34.666666666666664
2026-08-18 09:00:00,1.0,26.4,94,998.5,11.8,237,3.4,9,1,8,28.0,106.0,10.0,24.0,39.0,23.0,53.166666666666664,33.833333333333336,34.416666666666664
2026-08-19 16:00:00,19.0,27.7,91,1000.0,6.5,210,0.0,16,2,8,1.0,104.0,23.0,14.0,40.0,45.0,51.666666666666664,31.916666666666668,32.833333333333336
2026-08-19 17:00:00,21.0,27.4,93,1000.3,5.7,212,0.0,17,2,8,19.0,28.0,48.0,14.0,58.0,62.0,51.0,32.333333333333336,31.958333333333332
2026-08-19 19:00:00,20.0,27.4,95,999.3,6.9,227,0.0,19,2,8,21.0,1.0,106.0,14.0,77.0,86.0,46.5,32.916666666666664,30.416666666666668
2026-08-19 20:00:00,17.0,27.2,97,998.9,6.8,248,0.0,20,2,8,20.0,19.0,104.0,11.0,51.0,43.0,32.166666666666664,33.416666666666664,28.041666666666668
2026-08-19 21:00:00,20.0,27.0,97,998.4,6.9,261,0.0,21,2,8,17.0,21.0,28.0,10.0,30.0,124.0,17.666666666666668,33.916666666666664,26.625
2026-08-19 22:00:00,16.0,26.8,95,998.2,6.1,267,0.0,22,2,8,20.0,20.0,1.0,10.0,22.0,83.0,16.333333333333332,34.75,26.208333333333332
2026-08-19 23:00:00,19.0,26.6,94,998.6,5.8,256,0.0,23,2,8,16.0,17.0,19.0,23.0,17.0,41.0,18.833333333333332,35.25,25.958333333333332
2026-08-20 00:00:00,15.0,26.9,97,998.6,4.5,254,0.0,0,3,8,19.0,20.0,21.0,48.0,19.0,39.0,18.833333333333332,34.916666666666664,26.041666666666668
2026-08-20 01:00:00,24.0,27.7,93,999.1,4.5,263,0.0,1,3,8,15.0,16.0,20.0,106.0,24.0,11.0,17.833333333333332,32.166666666666664,25.875
2026-08-20 02:00:00,54.0,29.5,81,999.6,5.4,270,0.0,2,3,8,24.0,19.0,17.0,104.0,25.0,11.0,18.5,25.333333333333332,25.875
2026-08-20 03:00:00,67.0,30.5,71,999.6,11.3,272,0.0,3,3,8,54.0,15.0,20.0,28.0,18.0,13.0,24.666666666666668,21.166666666666668,27.083333333333332
2026-08-20 04:00:00,38.0,31.2,68,999.9,12.5,276,0.0,4,3,8,67.0,24.0,16.0,1.0,24.0,15.0,32.5,24.416666666666668,29.125
2026-08-20 05:00:00,58.0,32.1,63,999.5,12.1,274,0.1,5,3,8,38.0,54.0,19.0,19.0,14.0,12.0,36.166666666666664,27.5,29.708333333333332
2026-08-20 06:00:00,57.0,32.5,61,999.2,10.5,263,0.2,6,3,8,58.0,67.0,15.0,21.0,14.0,16.0,42.666666666666664,30.75,31.541666666666668
2026-08-20 07:00:00,35.0,32.8,63,998.6,9.0,258,0.2,7,3,8,57.0,38.0,24.0,20.0,14.0,16.0,49.666666666666664,33.75,33.333333333333336
2026-08-20 08:00:00,24.0,33.1,63,997.4,9.1,263,0.0,8,3,8,35.0,58.0,54.0,17.0,11.0,15.0,51.5,35.0,34.208333333333336
2026-08-20 09:00:00,12.0,32.6,64,996.7,8.4,261,0.1,9,3,8,24.0,57.0,67.0,20.0,10.0,13.0,46.5,35.583333333333336,34.75
2026-08-20 10:00:00,12.0,32.4,64,996.0,7.1,254,0.1,10,3,8,12.0,35.0,38.0,16.0,10.0,51.0,37.333333333333336,34.916666666666664,34.833333333333336
2026-08-20 11:00:00,12.0,32.4,64,995.8,7.2,252,0.0,11,3,8,12.0,24.0,58.0,19.0,23.0,54.0,33.0,34.583333333333336,34.916666666666664
2026-08-20 12:00:00,14.0,31.6,72,996.5,6.6,233,0.0,12,3,8,12.0,12.0,57.0,15.0,48.0,50.0,25.333333333333332,34.0,34.458333333333336
2026-08-20 13:00:00,20.0,30.0,82,996.9,3.6,233,0.2,13,3,8,14.0,12.0,35.0,24.0,106.0,32.0,18.166666666666668,33.916666666666664,33.041666666666664
2026-08-20 14:00:00,17.0,28.6,86,998.0,11.4,231,0.3,14,3,8,20.0,12.0,24.0,54.0,104.0,36.0,15.666666666666666,33.583333333333336,29.458333333333332
2026-08-20 15:00:00,12.0,28.1,87,999.1,10.2,229,0.1,15,3,8,17.0,14.0,12.0,67.0,28.0,34.0,14.5,30.5,25.833333333333332
2026-08-20 16:00:00,11.0,27.6,93,999.8,11.4,229,1.1,16,3,8,12.0,20.0,12.0,38.0,1.0,39.0,14.5,25.916666666666668,25.166666666666668
2026-08-20 17:00:00,9.0,27.6,94,999.6,10.7,230,0.3,17,3,8,11.0,17.0,12.0,58.0,19.0,40.0,14.333333333333334,23.666666666666668,25.583333333333332
2026-08-20 19:00:00,7.0,27.8,90,998.5,6.9,237,0.0,19,3,8,9.0,12.0,14.0,57.0,21.0,58.0,13.833333333333334,19.583333333333332,25.166666666666668
2026-08-20 20:00:00,2.0,27.6,91,998.0,6.5,247,0.0,20,3,8,7.0,11.0,20.0,35.0,20.0,77.0,12.666666666666666,15.416666666666666,24.583333333333332
2026-08-20 22:00:00,19.0,27.1,93,997.3,5.2,270,0.0,22,3,8,2.0,9.0,17.0,24.0,17.0,51.0,9.666666666666666,12.666666666666666,23.833333333333332
2026-08-20 23:00:00,20.0,26.9,93,997.2,3.7,284,0.0,23,3,8,19.0,7.0,12.0,12.0,20.0,30.0,10.0,12.25,23.916666666666668
2026-08-21 00:00:00,12.0,26.7,93,997.5,3.1,260,0.0,0,4,8,20.0,2.0,11.0,12.0,16.0,22.0,11.333333333333334,12.916666666666666,23.916666666666668
2026-08-21 01:00:00,10.0,27.4,90,998.1,2.9,270,0.0,1,4,8,12.0,19.0,9.0,12.0,19.0,17.0,11.5,12.916666666666666,23.75
2026-08-21 02:00:00,42.0,29.1,84,998.5,2.4,261,0.0,2,4,8,10.0,20.0,7.0,14.0,15.0,19.0,11.666666666666666,12.75,23.375
2026-08-21 03:00:00,58.0,31.0,75,998.8,5.4,278,0.0,3,4,8,42.0,12.0,2.0,20.0,24.0,24.0,17.5,15.083333333333334,24.5
2026-08-21 04:00:00,87.0,32.0,68,998.8,8.9,288,0.0,4,4,8,58.0,10.0,19.0,17.0,54.0,25.0,26.833333333333332,18.25,25.916666666666668
2026-08-21 05:00:00,22.0,32.4,66,998.6,9.5,292,0.1,5,4,8,87.0,42.0,20.0,12.0,67.0,18.0,38.166666666666664,24.083333333333332,27.291666666666668
2026-08-21 06:00:00,67.0,32.6,60,998.4,6.9,290,0.0,6,4,8,22.0,58.0,12.0,11.0,38.0,24.0,38.5,24.916666666666668,25.416666666666668
2026-08-21 07:00:00,57.0,33.0,63,997.2,4.2,263,0.1,7,4,8,67.0,87.0,10.0,9.0,58.0,14.0,47.666666666666664,29.583333333333332,26.625
2026-08-21 08:00:00,38.0,32.6,64,995.9,2.8,191,0.1,8,4,8,57.0,22.0,42.0,7.0,57.0,14.0,55.5,33.583333333333336,26.583333333333332
2026-08-21 09:00:00,24.0,32.2,68,995.3,4.7,230,0.1,9,4,8,38.0,67.0,58.0,2.0,35.0,14.0,54.833333333333336,36.166666666666664,25.791666666666668
2026-08-21 10:00:00,15.0,29.0,85,995.9,6.8,258,5.3,10,4,8,24.0,57.0,87.0,19.0,24.0,11.0,49.166666666666664,38.0,25.333333333333332
2026-08-21 11:00:00,11.0,27.7,90,995.8,7.3,208,2.3,11,4,8,15.0,38.0,22.0,20.0,12.0,10.0,37.166666666666664,37.666666666666664,24.958333333333332
2026-08-21 12:00:00,8.0,29.1,91,995.8,7.4,238,0.8,12,4,8,11.0,24.0,67.0,12.0,12.0,10.0,35.333333333333336,36.916666666666664,24.916666666666668
2026-08-21 14:00:00,5.0,28.0,93,997.1,11.5,241,0.0,14,4,8,8.0,15.0,57.0,10.0,12.0,23.0,25.5,36.583333333333336,24.75
2026-08-21 15:00:00,6.0,27.8,93,997.8,10.2,247,0.0,15,4,8,5.0,11.0,38.0,42.0,14.0,48.0,16.833333333333332,36.166666666666664,24.458333333333332
2026-08-21 16:00:00,10.0,27.4,95,998.3,5.0,199,0.5,16,4,8,6.0,8.0,24.0,58.0,20.0,106.0,11.5,33.166666666666664,24.125
2026-08-21 17:00:00,14.0,26.9,95,998.6,9.3,198,0.8,17,4,8,10.0,5.0,15.0,87.0,17.0,104.0,9.166666666666666,29.166666666666668,23.708333333333332
2026-08-21 19:00:00,17.0,27.1,97,997.0,7.4,209,0.5,19,4,8,14.0,6.0,11.0,22.0,12.0,28.0,9.0,23.083333333333332,23.583333333333332
2026-08-21 20:00:00,13.0,26.4,95,997.1,14.3,227,0.7,20,4,8,17.0,10.0,8.0,67.0,11.0,1.0,10.0,22.666666666666668,23.791666666666668
2026-08-21 21:00:00,12.0,25.8,99,996.3,7.5,226,1.7,21,4,8,13.0,14.0,5.0,57.0,9.0,19.0,10.833333333333334,18.166666666666668,23.875
2026-08-21 22:00:00,13.0,25.8,99,996.5,8.1,212,1.0,22,4,8,12.0,17.0,6.0,38.0,7.0,21.0,12.0,14.416666666666666,24.0
2026-08-21 23:00:00,18.0,25.7,99,996.5,7.2,193,0.7,23,4,8,13.0,13.0,10.0,24.0,2.0,20.0,13.166666666666666,12.333333333333334,24.25
2026-08-22 00:00:00,19.0,27.0,95,996.0,9.7,248,1.9,0,5,8,18.0,12.0,14.0,15.0,19.0,17.0,14.5,11.833333333333334,24.916666666666668
2026-08-22 01:00:00,26.0,27.0,95,996.8,8.5,271,0.1,1,5,8,19.0,13.0,17.0,11.0,20.0,20.0,15.333333333333334,12.166666666666666,24.916666666666668
2026-08-22 02:00:00,18.0,27.5,94,996.9,8.4,250,0.0,2,5,8,26.0,18.0,13.0,8.0,12.0,16.0,16.833333333333332,13.416666666666666,25.166666666666668
2026-08-22 03:00:00,21.0,27.0,90,997.5,12.9,300,3.6,3,5,8,18.0,19.0,12.0,5.0,10.0,19.0,17.666666666666668,14.25,25.416666666666668
2026-08-22 04:00:00,44.0,27.8,92,997.5,8.0,295,2.4,4,5,8,21.0,26.0,13.0,6.0,42.0,15.0,19.166666666666668,15.583333333333334,25.875
2026-08-22 05:00:00,29.0,28.2,92,997.4,8.0,293,1.8,5,5,8,44.0,18.0,18.0,10.0,58.0,24.0,24.333333333333332,18.75,25.958333333333332
2026-08-22 06:00:00,45.0,29.5,87,997.1,8.0,264,2.3,6,5,8,29.0,21.0,19.0,14.0,87.0,54.0,26.166666666666668,20.333333333333332,24.75
2026-08-22 07:00:00,34.0,29.4,89,996.5,9.4,240,2.9,7,5,8,45.0,44.0,26.0,17.0,22.0,67.0,30.5,22.916666666666668,23.0
2026-08-22 08:00:00,26.0,28.0,89,995.7,13.7,214,11.6,8,5,8,34.0,29.0,18.0,13.0,67.0,38.0,31.833333333333332,24.333333333333332,23.5
2026-08-22 09:00:00,17.0,27.6,93,995.1,13.0,253,3.2,9,5,8,26.0,45.0,21.0,12.0,57.0,58.0,33.166666666666664,25.416666666666668,21.791666666666668
2026-08-22 10:00:00,17.0,27.8,91,994.5,9.8,253,1.1,10,5,8,17.0,34.0,44.0,13.0,38.0,57.0,32.5,25.833333333333332,20.125
2026-08-22 11:00:00,12.0,27.8,94,994.8,6.5,270,1.9,11,5,8,17.0,26.0,29.0,18.0,24.0,35.0,28.0,26.166666666666668,19.25
2026-08-22 12:00:00,13.0,27.8,95,994.7,5.3,280,6.0,12,5,8,12.0,17.0,45.0,19.0,15.0,24.0,25.166666666666668,25.666666666666668,18.75
2026-08-22 13:00:00,13.0,27.3,95,995.5,5.0,249,1.3,13,5,8,13.0,17.0,34.0,26.0,11.0,12.0,19.833333333333332,25.166666666666668,18.666666666666668
2026-08-22 14:00:00,10.0,27.2,97,996.2,5.3,280,0.1,14,5,8,13.0,12.0,26.0,18.0,8.0,12.0,16.333333333333332,24.083333333333332,18.75
2026-08-22 15:00:00,7.0,27.1,97,996.9,5.5,306,0.8,15,5,8,10.0,13.0,17.0,21.0,5.0,12.0,13.666666666666666,23.416666666666668,18.833333333333332
2026-08-22 16:00:00,18.0,27.1,97,997.5,5.8,304,0.6,16,5,8,7.0,13.0,17.0,44.0,6.0,14.0,12.0,22.25,18.916666666666668
2026-08-22 17:00:00,14.0,26.7,97,997.3,6.0,303,0.3,17,5,8,18.0,10.0,12.0,29.0,10.0,20.0,12.166666666666666,20.083333333333332,19.416666666666668
