timestamp,temperature,humidity,pressure,wind_speed,wind_direction,rainfall
2026-02-24 00:00:00,23.6,95,1006.4,2.1,59,0.0
2026-02-24 01:00:00,23.6,94,1007.6,3.9,56,0.0
2026-02-24 02:00:00,24.7,88,1008.5,4.8,25,0.0
2026-02-24 03:00:00,27.1,80,1009.1,3.3,29,0.0
2026-02-24 04:00:00,28.8,70,1009.7,1.3,16,0.0
2026-02-24 05:00:00,30.0,65,1009.6,1.7,252,0.0
2026-02-24 06:00:00,30.1,68,1008.9,7.1,221,0.0
2026-02-24 07:00:00,30.5,68,1007.8,9.9,232,0.0
2026-02-24 08:00:00,28.5,72,1007.2,10.1,186,0.4
2026-02-24 09:00:00,29.7,68,1006.5,5.0,215,0.1
2026-02-24 10:00:00,29.5,67,1006.2,5.8,184,0.0
2026-02-24 11:00:00,29.4,68,1006.3,6.7,226,0.0
2026-02-24 12:00:00,28.3,73,1006.7,4.9,272,0.0
2026-02-24 13:00:00,27.7,77,1007.3,4.3,225,0.1
2026-02-24 14:00:00,26.8,85,1008.2,3.6,229,0.0
2026-02-24 15:00:00,26.0,89,1009.2,5.6,73,0.0
2026-02-24 16:00:00,25.5,91,1009.8,3.2,16,0.0
2026-02-24 17:00:00,24.9,94,1010.0,2.7,8,0.0
2026-02-24 18:00:00,24.8,94,1010.1,4.7,342,0.0
2026-02-24 19:00:00,24.6,96,1009.7,5.1,324,0.0
2026-02-24 20:00:00,24.5,95,1009.1,11.1,335,0.0
2026-02-24 21:00:00,24.3,92,1008.4,7.5,339,0.0
2026-02-24 22:00:00,23.8,94,1008.2,5.6,331,0.0
2026-02-24 23:00:00,23.7,94,1008.4,6.1,326,0.0
2026-02-25 00:00:00,23.8,96,1009.1,4.8,333,0.0
2026-02-25 01:00:00,24.2,97,1010.1,7.7,360,0.0
2026-02-25 02:00:00,24.4,91,1010.8,7.9,24,0.0
2026-02-25 03:00:00,24.4,83,1012.2,20.4,354,0.1
2026-02-25 04:00:00,26.0,76,1012.0,6.2,350,0.1
2026-02-25 05:00:00,28.2,70,1012.2,8.1,332,0.0
2026-02-25 06:00:00,29.9,68,1011.6,11.6,283,0.0
2026-02-25 07:00:00,30.2,66,1010.3,14.1,268,0.0
2026-02-25 08:00:00,29.1,71,1009.6,13.4,265,0.1
2026-02-25 09:00:00,29.9,65,1008.5,11.4,257,0.0
2026-02-25 10:00:00,29.8,67,1008.2,11.6,266,0.2
2026-02-25 11:00:00,28.7,73,1008.2,12.5,254,0.3
2026-02-25 12:00:00,26.6,82,1008.3,8.8,224,1.7
2026-02-25 13:00:00,24.6,90,1009.6,3.3,261,1.2
2026-02-25 14:00:00,24.6,89,1010.6,4.1,103,0.0
2026-02-25 15:00:00,23.9,93,1011.3,7.8,103,0.0
2026-02-25 16:00:00,22.2,97,1012.3,14.8,14,3.0
2026-02-25 17:00:00,22.6,94,1012.5,4.2,25,2.1
2026-02-25 18:00:00,22.4,97,1011.9,6.3,24,0.7
2026-02-25 19:00:00,22.5,97,1011.6,3.0,33,0.0
2026-02-25 20:00:00,22.4,98,1010.7,4.2,5,0.0
2026-02-25 21:00:00,22.4,97,1010.3,6.1,5,0.0
2026-02-25 22:00:00,22.3,96,1009.8,6.0,17,0.0
2026-02-25 23:00:00,22.3,96,1009.5,6.4,18,0.0
2026-02-26 00:00:00,21.7,94,1009.5,5.6,25,0.0
2026-02-26 01:00:00,22.2,95,1010.3,5.4,6,0.0
2026-02-26 02:00:00,23.4,90,1010.9,7.0,10,0.0
2026-02-26 03:00:00,25.9,84,1011.3,5.0,360,0.0
2026-02-26 04:00:00,28.0,73,1011.5,4.2,342,0.0
2026-02-26 05:00:00,29.6,65,1011.2,5.2,295,0.0
2026-02-26 06:00:00,30.8,62,1010.4,7.2,270,0.0
2026-02-26 07:00:00,29.8,66,1009.1,13.8,264,0.9
2026-02-26 08:00:00,28.1,74,1008.5,8.0,226,1.3
2026-02-26 09:00:00,29.9,63,1007.4,8.3,272,0.2
2026-02-26 10:00:00,29.7,66,1007.1,4.4,325,0.1
2026-02-26 11:00:00,29.2,67,1006.9,2.6,258,0.0
2026-02-26 12:00:00,29.7,65,1006.4,5.7,257,0.0
2026-02-26 13:00:00,28.3,74,1007.3,4.1,272,0.2
2026-02-26 14:00:00,26.3,82,1008.2,6.8,335,0.5
2026-02-26 15:00:00,25.0,93,1008.8,5.9,90,0.6
2026-02-26 16:00:00,24.6,93,1009.3,3.4,360,0.0
2026-02-26 17:00:00,24.5,92,1009.5,3.8,17,0.0
2026-02-26 18:00:00,24.6,93,1009.4,7.3,81,0.0
2026-02-26 19:00:00,23.5,96,1009.0,12.1,182,0.0
2026-02-26 20:00:00,23.3,95,1008.1,2.3,176,0.2
2026-02-26 21:00:00,23.4,96,1007.2,4.1,195,0.0
2026-02-26 22:00:00,23.2,96,1006.5,0.6,56,0.0
2026-02-26 23:00:00,22.6,96,1006.8,3.2,63,0.0
2026-02-27 00:00:00,22.5,98,1008.1,6.7,355,0.0
2026-02-27 01:00:00,21.9,97,1008.5,11.1,302,1.9
2026-02-27 02:00:00,22.2,96,1009.2,9.4,320,2.6
2026-02-27 03:00:00,23.6,93,1009.8,7.6,47,0.4
2026-02-27 04:00:00,25.5,84,1010.1,6.1,45,0.0
2026-02-27 05:00:00,28.6,72,1009.8,5.6,353,0.0
2026-02-27 06:00:00,30.1,65,1009.0,9.4,315,0.1
2026-02-27 07:00:00,30.9,62,1007.9,9.6,308,0.0
2026-02-27 08:00:00,31.1,61,1006.4,15.7,274,0.1
2026-02-27 09:00:00,29.7,67,1005.7,8.9,310,0.2
2026-02-27 10:00:00,28.7,68,1005.5,0.2,360,0.5
2026-02-27 11:00:00,29.1,67,1005.4,1.8,169,0.0
2026-02-27 12:00:00,29.0,64,1005.4,5.4,304,0.0
2026-02-27 13:00:00,28.6,68,1005.6,3.0,287,0.0
2026-02-27 14:00:00,27.3,79,1006.6,0.8,27,0.0
2026-02-27 15:00:00,26.3,82,1007.3,2.8,45,0.0
2026-02-27 16:00:00,25.6,81,1007.7,4.3,85,0.0
2026-02-27 17:00:00,24.9,85,1007.6,2.8,79,0.0
2026-02-27 18:00:00,25.0,90,1007.6,4.0,36,0.0
2026-02-27 19:00:00,24.5,88,1007.0,6.2,8,0.0
2026-02-27 20:00:00,24.5,85,1006.5,9.1,339,0.0
2026-02-27 21:00:00,24.0,86,1006.0,8.5,356,0.0
2026-02-27 22:00:00,23.7,86,1005.7,9.3,15,0.0
2026-02-27 23:00:00,23.8,84,1005.8,9.2,4,0.0
2026-02-28 00:00:00,23.8,90,1006.0,2.3,122,0.0
2026-02-28 01:00:00,22.7,96,1007.2,12.1,220,1.1
2026-02-28 02:00:00,24.0,92,1008.1,5.8,126,0.2
2026-02-28 03:00:00,25.6,85,1009.4,10.7,290,0.0
2026-02-28 04:00:00,26.9,75,1009.8,7.7,301,0.0
2026-02-28 05:00:00,29.2,65,1009.7,4.6,279,0.0
2026-02-28 06:00:00,29.3,67,1009.1,7.7,258,0.0
2026-02-28 07:00:00,30.2,64,1008.0,11.2,255,0.1
2026-02-28 08:00:00,30.3,62,1007.1,11.0,259,0.1
2026-02-28 09:00:00,29.2,62,1006.5,11.3,217,1.4
2026-02-28 10:00:00,29.6,61,1006.3,8.1,227,0.3
2026-02-28 11:00:00,27.2,73,1006.5,9.1,197,1.4
2026-02-28 12:00:00,28.3,66,1006.4,9.2,281,0.4
2026-02-28 13:00:00,27.4,74,1007.0,5.6,285,0.0
2026-02-28 14:00:00,26.5,84,1007.7,0.8,333,0.0
2026-02-28 15:00:00,26.0,86,1008.3,0.2,270,0.0
2026-02-28 16:00:00,25.3,89,1008.8,1.3,8,0.0
2026-02-28 17:00:00,24.6,92,1008.6,3.5,28,0.0
2026-02-28 18:00:00,24.5,91,1008.5,4.1,13,0.0
2026-02-28 19:00:00,24.2,91,1007.8,4.6,334,0.0
2026-02-28 20:00:00,23.8,90,1007.1,5.9,348,0.0
2026-02-28 21:00:00,23.3,90,1006.4,6.3,357,0.0
2026-02-28 22:00:00,22.9,89,1006.3,6.3,3,0.0
2026-02-28 23:00:00,22.4,91,1006.3,8.0,18,0.0
2026-03-01 00:00:00,22.5,92,1006.6,6.4,11,0.0
2026-03-01 01:00:00,22.6,90,1007.6,8.2,14,0.0
2026-03-01 02:00:00,23.9,84,1008.5,9.6,8,0.0
2026-03-01 03:00:00,26.8,74,1009.3,7.8,8,0.0
2026-03-01 04:00:00,29.2,64,1009.7,8.3,1,0.0
2026-03-01 05:00:00,31.0,50,1009.7,3.0,335,0.0
2026-03-01 06:00:00,31.2,47,1008.7,1.8,174,0.0
2026-03-01 07:00:00,31.7,48,1007.9,7.1,261,0.0
2026-03-01 08:00:00,30.4,58,1007.4,11.3,250,0.2
2026-03-01 09:00:00,30.6,55,1006.5,15.4,233,0.0
2026-03-01 10:00:00,30.1,60,1006.3,17.4,244,0.6
2026-03-01 11:00:00,28.5,66,1007.3,9.7,219,0.6
2026-03-01 12:00:00,28.4,64,1007.1,11.0,220,0.4
2026-03-01 13:00:00,27.2,73,1007.5,7.2,251,0.0
2026-03-01 14:00:00,26.1,82,1008.5,0.6,198,0.0
2026-03-01 15:00:00,25.6,85,1009.3,1.0,158,0.0
2026-03-01 16:00:00,24.9,88,1010.1,2.8,40,0.0
2026-03-01 17:00:00,24.1,89,1010.3,3.0,17,0.0
2026-03-01 18:00:00,24.1,90,1010.2,6.8,343,0.0
2026-03-01 19:00:00,23.8,94,1009.7,8.8,327,0.0
2026-03-01 20:00:00,23.6,94,1009.1,6.9,329,0.0
2026-03-01 21:00:00,23.3,94,1008.6,6.4,342,0.0
2026-03-01 22:00:00,22.8,95,1008.3,5.8,5,0.0
2026-03-01 23:00:00,22.4,96,1008.4,7.0,12,0.0
2026-03-02 00:00:00,22.1,95,1008.4,4.4,27,0.0
2026-03-02 01:00:00,22.0,94,1009.4,3.8,25,0.0
2026-03-02 02:00:00,23.3,88,1010.2,6.7,14,0.0
2026-03-02 03:00:00,26.6,73,1011.1,5.9,20,0.0
2026-03-02 04:00:00,28.8,67,1011.5,2.8,325,0.0
2026-03-02 05:00:00,30.4,55,1011.5,3.6,267,0.0
2026-03-02 06:00:00,30.4,54,1010.9,4.2,258,0.1
2026-03-02 07:00:00,30.6,55,1009.9,8.5,253,0.2
2026-03-02 08:00:00,30.3,59,1008.9,11.7,249,0.2
2026-03-02 09:00:00,30.3,61,1007.9,13.8,254,0.1
2026-03-02 10:00:00,30.0,65,1007.1,15.6,256,0.3
2026-03-02 11:00:00,29.1,65,1007.4,15.4,256,0.5
2026-03-02 12:00:00,28.3,66,1007.3,11.5,260,0.0
2026-03-02 13:00:00,27.4,72,1007.8,9.6,258,0.0
2026-03-02 14:00:00,26.9,78,1008.5,6.7,262,0.0
2026-03-02 15:00:00,26.5,82,1009.6,3.1,216,0.0
2026-03-02 16:00:00,25.7,87,1010.3,1.7,342,0.0
2026-03-02 17:00:00,24.8,90,1010.5,3.2,333,0.0
2026-03-02 18:00:00,24.6,94,1010.4,6.7,344,0.0
2026-03-02 19:00:00,24.5,94,1009.9,5.4,330,0.0
2026-03-02 20:00:00,24.2,95,1009.1,5.8,338,0.0
2026-03-02 21:00:00,23.9,96,1008.7,5.7,332,0.0
2026-03-02 22:00:00,23.6,97,1008.7,5.4,339,0.0
2026-03-02 23:00:00,23.1,98,1008.8,3.8,343,0.0
2026-03-03 00:00:00,22.6,94,1009.1,5.4,8,0.0
2026-03-03 01:00:00,22.5,94,1009.9,7.2,4,0.0
2026-03-03 02:00:00,23.7,87,1010.8,7.4,359,0.0
2026-03-03 03:00:00,26.5,74,1011.5,6.9,7,0.0
2026-03-03 04:00:00,29.2,57,1011.9,5.0,21,0.0
2026-03-03 05:00:00,31.0,48,1012.1,1.1,72,0.0
2026-03-03 06:00:00,31.7,42,1011.3,2.2,99,0.0
2026-03-03 07:00:00,33.5,35,1009.7,1.5,225,0.0
2026-03-03 08:00:00,31.5,50,1009.1,15.5,238,0.2
2026-03-03 09:00:00,29.2,57,1008.5,18.8,224,0.5
2026-03-03 10:00:00,30.4,56,1007.9,12.1,197,0.0
2026-03-03 11:00:00,28.6,67,1008.0,17.2,215,0.6
2026-03-03 12:00:00,27.5,69,1008.3,12.0,204,0.0
2026-03-03 13:00:00,26.7,73,1008.9,11.2,190,0.1
2026-03-03 14:00:00,26.4,75,1010.0,4.7,176,0.0
2026-03-03 15:00:00,25.9,78,1010.8,2.2,145,0.0
2026-03-03 16:00:00,25.4,79,1011.5,3.0,57,0.0
2026-03-03 17:00:00,24.5,82,1011.5,3.2,34,0.0
2026-03-03 18:00:00,23.9,90,1011.2,3.8,17,0.0
2026-03-03 19:00:00,23.3,92,1010.7,3.5,21,0.0
2026-03-03 20:00:00,22.7,92,1009.9,3.8,3,0.0
2026-03-03 21:00:00,22.4,93,1009.5,4.9,360,0.0
2026-03-03 22:00:00,21.9,93,1009.0,5.0,2,0.0
2026-03-03 23:00:00,21.3,95,1009.1,3.8,8,0.0
2026-03-04 00:00:00,21.8,91,1009.4,1.0,301,0.0
2026-03-04 01:00:00,22.1,90,1010.2,0.6,326,0.0
2026-03-04 02:00:00,23.4,85,1010.8,2.0,360,0.0
2026-03-04 03:00:00,26.3,71,1011.8,0.9,307,0.0
2026-03-04 04:00:00,29.1,60,1012.4,4.2,220,0.0
2026-03-04 05:00:00,30.5,51,1012.3,6.4,209,0.0
2026-03-04 06:00:00,31.3,45,1011.8,6.6,189,0.0
2026-03-04 07:00:00,31.9,45,1010.7,9.6,217,0.0
2026-03-04 08:00:00,31.0,53,1009.8,14.3,231,0.0
2026-03-04 09:00:00,30.6,53,1008.7,18.5,237,0.0
2026-03-04 10:00:00,30.9,50,1007.7,19.3,239,0.0
2026-03-04 11:00:00,29.8,57,1008.0,18.7,229,0.0
2026-03-04 12:00:00,28.7,61,1008.4,12.2,217,0.0
2026-03-04 13:00:00,27.8,62,1008.9,8.2,212,0.0
2026-03-04 14:00:00,27.1,64,1009.9,5.8,166,0.0
2026-03-04 15:00:00,26.5,69,1010.8,1.8,186,0.0
2026-03-04 16:00:00,26.2,71,1011.7,2.6,168,0.0
2026-03-04 17:00:00,25.9,76,1011.6,1.7,193,0.0
2026-03-04 18:00:00,25.4,82,1011.5,0.6,56,0.0
2026-03-04 19:00:00,24.8,83,1010.9,1.1,360,0.0
2026-03-04 20:00:00,24.0,86,1010.3,3.1,7,0.0
2026-03-04 21:00:00,23.6,88,1009.8,3.7,346,0.0
2026-03-04 22:00:00,23.3,88,1009.3,6.3,3,0.0
2026-03-04 23:00:00,23.0,86,1009.2,6.4,11,0.0
2026-03-05 00:00:00,22.9,84,1009.4,6.6,9,0.0
2026-03-05 01:00:00,23.1,82,1010.0,6.5,6,0.0
2026-03-05 02:00:00,24.5,77,1010.6,8.7,5,0.0
2026-03-05 03:00:00,27.6,64,1011.1,9.9,350,0.0
2026-03-05 04:00:00,29.9,55,1011.3,10.9,341,0.0
2026-03-05 05:00:00,31.8,47,1011.0,9.1,335,0.0
2026-03-05 06:00:00,32.7,42,1010.4,5.2,301,0.0
2026-03-05 07:00:00,32.4,48,1009.5,12.5,263,0.0
2026-03-05 08:00:00,31.1,54,1008.4,17.0,252,0.2
2026-03-05 09:00:00,31.2,55,1007.6,17.2,256,0.0
2026-03-05 10:00:00,30.8,58,1007.1,15.7,251,0.6
2026-03-05 11:00:00,29.3,60,1007.5,14.3,253,0.4
2026-03-05 12:00:00,28.4,65,1007.6,12.2,278,0.1
2026-03-05 13:00:00,28.1,69,1007.9,7.2,242,0.0
2026-03-05 14:00:00,27.5,73,1008.5,4.2,245,0.0
2026-03-05 15:00:00,27.2,78,1009.3,0.6,236,0.0
2026-03-05 16:00:00,26.7,79,1010.1,0.3,225,0.0
2026-03-05 17:00:00,25.9,82,1010.3,1.5,21,0.0
2026-03-05 18:00:00,25.5,85,1010.2,1.3,315,0.0
2026-03-05 19:00:00,25.0,89,1009.6,1.8,323,0.0
2026-03-05 20:00:00,24.1,94,1008.9,2.3,337,0.0
2026-03-05 21:00:00,23.5,97,1008.3,2.7,337,0.0
2026-03-05 22:00:00,23.2,99,1008.0,4.2,348,0.0
2026-03-05 23:00:00,23.0,98,1008.1,4.9,6,0.0
2026-03-06 00:00:00,23.0,97,1008.2,6.0,16,0.0
2026-03-06 01:00:00,23.0,92,1009.1,5.6,31,0.0
2026-03-06 02:00:00,24.4,84,1010.0,5.0,46,0.0
2026-03-06 03:00:00,27.3,74,1011.0,4.3,17,0.0
2026-03-06 04:00:00,29.3,66,1011.5,5.0,296,0.1
2026-03-06 05:00:00,30.6,58,1011.4,7.6,269,0.1
2026-03-06 06:00:00,31.4,53,1010.5,9.3,257,0.1
2026-03-06 07:00:00,31.2,56,1009.4,11.4,259,0.1
2026-03-06 08:00:00,30.8,58,1008.2,13.5,257,0.1
2026-03-06 09:00:00,30.7,61,1007.2,16.5,256,0.4
2026-03-06 10:00:00,30.1,64,1006.6,20.8,258,0.2
2026-03-06 11:00:00,29.2,64,1006.9,15.9,260,0.6
2026-03-06 12:00:00,28.4,70,1007.1,13.0,256,0.1
2026-03-06 13:00:00,27.7,74,1007.7,11.5,250,0.0
2026-03-06 14:00:00,27.4,76,1008.4,7.1,246,0.0
2026-03-06 15:00:00,26.6,80,1009.3,1.8,233,0.0
2026-03-06 16:00:00,25.9,86,1010.2,1.5,306,0.0
2026-03-06 17:00:00,25.4,88,1010.2,5.3,315,0.0
2026-03-06 18:00:00,24.7,94,1010.2,4.2,320,0.0
2026-03-06 19:00:00,24.8,93,1009.6,6.7,329,0.0
2026-03-06 20:00:00,24.4,95,1008.7,6.5,6,0.0
2026-03-06 21:00:00,23.9,97,1008.5,5.2,31,0.0
2026-03-06 22:00:00,23.6,97,1008.2,4.9,28,0.0
2026-03-06 23:00:00,23.1,97,1008.4,3.6,27,0.0
2026-03-07 00:00:00,24.2,97,1008.5,5.9,325,0.0
2026-03-07 01:00:00,24.3,97,1009.3,6.5,341,0.0
2026-03-07 02:00:00,25.3,93,1009.8,7.4,347,0.0
2026-03-07 03:00:00,27.3,80,1010.5,8.2,334,0.2
2026-03-07 04:00:00,29.2,70,1011.0,8.6,306,0.3
2026-03-07 05:00:00,30.4,64,1010.9,9.4,288,0.3
2026-03-07 06:00:00,30.6,63,1010.3,10.4,279,0.5
2026-03-07 07:00:00,31.0,63,1009.3,13.0,273,0.3
2026-03-07 08:00:00,30.5,65,1008.2,17.6,271,0.8
2026-03-07 09:00:00,30.2,65,1007.4,19.0,265,0.6
2026-03-07 10:00:00,29.7,69,1006.8,18.1,264,0.2
2026-03-07 11:00:00,28.4,74,1007.1,16.0,268,0.0
2026-03-07 12:00:00,28.3,75,1007.1,14.6,271,0.0
2026-03-07 13:00:00,27.7,77,1007.9,10.6,273,0.0
2026-03-07 14:00:00,26.8,83,1008.8,3.7,346,0.1
2026-03-07 15:00:00,25.9,86,1009.8,11.0,335,0.2
2026-03-07 16:00:00,24.7,90,1010.6,9.2,344,0.0
2026-03-07 17:00:00,24.1,89,1011.1,8.1,347,0.0
2026-03-07 18:00:00,24.0,91,1011.0,9.0,348,0.0
2026-03-07 19:00:00,24.1,90,1010.2,8.0,352,0.0
2026-03-07 20:00:00,23.8,92,1009.4,8.5,354,0.0
2026-03-07 21:00:00,23.6,94,1008.8,7.7,351,0.0
2026-03-07 22:00:00,23.6,95,1008.2,7.9,343,0.0
2026-03-07 23:00:00,23.6,96,1008.3,7.6,345,0.0
2026-03-08 00:00:00,23.6,95,1008.3,8.5,4,0.0
2026-03-08 01:00:00,23.9,95,1009.0,9.2,12,0.0
2026-03-08 02:00:00,25.0,91,1009.9,9.9,10,0.0
2026-03-08 03:00:00,27.1,82,1010.4,9.4,2,0.0
2026-03-08 04:00:00,29.7,64,1010.9,8.5,353,0.0
2026-03-08 05:00:00,31.5,53,1010.7,4.1,311,0.0
2026-03-08 06:00:00,32.2,47,1010.1,4.4,258,0.0
2026-03-08 07:00:00,32.5,46,1009.0,7.9,258,0.1
2026-03-08 08:00:00,31.8,52,1008.1,13.0,237,0.3
2026-03-08 09:00:00,31.1,51,1007.0,16.2,222,0.1
2026-03-08 10:00:00,30.9,62,1006.7,14.3,227,0.1
2026-03-08 11:00:00,29.4,68,1007.0,15.5,230,1.7
2026-03-08 12:00:00,28.2,74,1007.3,16.1,204,0.0
2026-03-08 13:00:00,27.1,77,1007.9,7.5,201,0.0
2026-03-08 14:00:00,26.8,82,1008.9,0.9,127,0.0
2026-03-08 15:00:00,26.4,81,1009.7,3.3,99,0.0
2026-03-08 16:00:00,25.9,80,1010.4,4.0,90,0.0
2026-03-08 17:00:00,25.1,83,1010.4,3.1,69,0.0
2026-03-08 18:00:00,24.8,84,1010.4,2.1,345,0.0
2026-03-08 19:00:00,24.5,88,1009.9,2.6,326,0.0
2026-03-08 20:00:00,24.1,91,1009.1,4.9,343,0.0
2026-03-08 21:00:00,23.5,94,1008.5,5.4,4,0.0
2026-03-08 22:00:00,23.1,94,1008.4,4.8,15,0.0
2026-03-08 23:00:00,22.8,95,1008.5,5.1,17,0.0
2026-03-09 00:00:00,23.1,96,1008.8,3.1,7,0.0
2026-03-09 01:00:00,23.4,94,1009.4,4.3,15,0.0
2026-03-09 02:00:00,24.9,83,1010.2,6.7,3,0.0
2026-03-09 03:00:00,27.8,73,1010.5,6.3,357,0.0
2026-03-09 04:00:00,30.0,61,1011.0,4.4,341,0.0
2026-03-09 05:00:00,31.5,50,1010.8,1.4,270,0.0
2026-03-09 06:00:00,31.7,47,1010.2,5.4,256,0.1
2026-03-09 07:00:00,31.6,51,1009.2,9.0,241,0.2
2026-03-09 08:00:00,29.8,62,1008.5,18.2,219,1.1
2026-03-09 09:00:00,29.4,67,1007.6,16.4,243,0.5
2026-03-09 10:00:00,29.2,67,1007.3,14.5,215,0.3
2026-03-09 11:00:00,29.3,59,1007.0,15.7,208,0.1
2026-03-09 12:00:00,28.4,65,1007.6,11.0,232,0.0
2026-03-09 13:00:00,26.9,73,1008.2,7.6,232,0.4
2026-03-09 14:00:00,26.1,79,1008.7,3.2,227,0.0
2026-03-09 15:00:00,25.2,87,1009.8,2.9,11,0.0
2026-03-09 16:00:00,24.6,89,1010.3,3.6,3,0.0
2026-03-09 17:00:00,24.1,91,1010.4,4.0,18,0.0
2026-03-09 18:00:00,24.4,86,1010.1,6.2,33,0.0
2026-03-09 19:00:00,24.5,84,1009.5,4.4,330,0.0
2026-03-09 20:00:00,24.6,85,1008.6,6.4,302,0.0
2026-03-09 21:00:00,23.2,91,1008.4,3.8,341,0.0
2026-03-09 22:00:00,22.0,95,1008.4,3.5,62,0.0
2026-03-09 23:00:00,21.1,95,1008.5,5.0,55,0.0
2026-03-10 00:00:00,21.5,89,1009.2,6.0,46,0.0
2026-03-10 01:00:00,22.3,79,1010.0,8.3,34,0.0
2026-03-10 02:00:00,24.3,69,1010.8,12.5,39,0.0
2026-03-10 03:00:00,28.2,54,1011.5,12.1,44,0.0
2026-03-10 04:00:00,30.0,40,1012.1,10.6,62,0.0
2026-03-10 05:00:00,31.4,39,1011.8,8.5,88,0.0
2026-03-10 06:00:00,32.1,39,1011.0,3.6,117,0.0
2026-03-10 07:00:00,33.5,35,1009.9,5.9,194,0.0
2026-03-10 08:00:00,33.3,40,1009.0,11.1,227,0.0
2026-03-10 09:00:00,32.7,39,1007.7,16.9,226,0.0
2026-03-10 10:00:00,31.6,46,1006.9,20.5,215,0.0
2026-03-10 11:00:00,29.9,56,1006.9,22.2,212,0.0
2026-03-10 12:00:00,29.3,57,1007.7,16.0,241,0.0
2026-03-10 13:00:00,28.5,61,1008.3,10.9,253,0.0
2026-03-10 14:00:00,28.1,70,1009.0,8.7,263,0.0
2026-03-10 15:00:00,27.8,73,1009.8,6.3,270,0.0
2026-03-10 16:00:00,27.1,76,1010.7,3.2,322,0.0
2026-03-10 17:00:00,26.4,78,1011.0,3.4,18,0.0
2026-03-10 18:00:00,26.8,77,1010.7,4.5,353,0.0
2026-03-10 19:00:00,26.0,81,1010.2,0.7,194,0.0
2026-03-10 20:00:00,25.4,85,1009.9,4.0,150,0.0
2026-03-10 21:00:00,24.8,89,1009.3,3.2,124,0.0
2026-03-10 22:00:00,24.5,89,1009.2,2.1,75,0.0
2026-03-10 23:00:00,24.2,87,1009.6,3.4,96,0.0
2026-03-11 00:00:00,24.0,83,1009.5,2.9,79,0.0
2026-03-11 01:00:00,23.9,83,1010.2,3.6,45,0.0
2026-03-11 02:00:00,25.8,74,1010.9,5.0,19,0.0
2026-03-11 03:00:00,27.9,67,1011.4,3.2,344,0.0
2026-03-11 04:00:00,29.8,58,1011.8,1.5,7,0.0
2026-03-11 05:00:00,31.5,52,1011.8,0.2,360,0.0
2026-03-11 06:00:00,31.1,53,1011.3,3.2,254,0.0
2026-03-11 07:00:00,31.8,54,1010.3,9.8,239,0.1
2026-03-11 08:00:00,30.6,59,1009.3,13.1,217,0.8
2026-03-11 09:00:00,30.3,61,1008.5,13.7,220,0.9
2026-03-11 10:00:00,30.9,58,1007.8,11.6,229,0.1
2026-03-11 11:00:00,30.2,60,1007.6,11.2,230,0.0
2026-03-11 12:00:00,30.1,60,1007.6,13.3,218,0.0
2026-03-11 13:00:00,28.8,69,1008.3,14.1,236,0.0
2026-03-11 14:00:00,28.0,74,1008.8,12.5,247,0.0
2026-03-11 15:00:00,27.7,77,1009.6,5.2,274,0.0
2026-03-11 16:00:00,25.9,84,1010.8,10.3,355,1.6
2026-03-11 17:00:00,24.8,90,1010.8,8.2,278,0.3
2026-03-11 18:00:00,24.8,92,1010.9,11.4,355,0.0
2026-03-11 19:00:00,24.8,88,1010.1,7.1,15,0.1
2026-03-11 20:00:00,24.8,87,1009.5,7.9,347,0.0
2026-03-11 21:00:00,24.6,87,1008.8,8.2,334,0.0
2026-03-11 22:00:00,24.5,88,1008.7,8.3,336,0.0
2026-03-11 23:00:00,24.2,89,1008.5,8.0,335,0.0
2026-03-12 00:00:00,24.4,91,1008.3,6.7,314,0.0
2026-03-12 01:00:00,24.1,91,1009.2,3.7,346,0.0
2026-03-12 02:00:00,25.0,87,1009.8,4.5,34,0.0
2026-03-12 03:00:00,27.2,76,1010.3,3.6,41,0.0
2026-03-12 04:00:00,29.9,59,1010.5,2.3,86,0.0
2026-03-12 05:00:00,31.6,49,1010.3,2.4,99,0.0
2026-03-12 06:00:00,31.7,46,1009.6,1.3,180,0.1
2026-03-12 07:00:00,32.0,49,1008.4,8.6,221,0.6
2026-03-12 08:00:00,30.7,61,1007.3,12.9,227,1.5
2026-03-12 09:00:00,30.6,61,1006.7,9.7,227,0.4
2026-03-12 10:00:00,30.6,63,1006.1,9.2,231,0.2
2026-03-12 11:00:00,28.7,69,1006.3,10.6,222,0.5
2026-03-12 12:00:00,29.0,69,1006.1,12.8,220,0.1
2026-03-12 13:00:00,27.5,76,1007.0,8.1,252,0.3
2026-03-12 14:00:00,26.4,84,1007.7,1.5,194,0.1
2026-03-12 15:00:00,26.1,88,1008.4,3.9,298,0.0
2026-03-12 16:00:00,25.4,93,1009.1,1.5,135,0.1
2026-03-12 17:00:00,24.9,94,1009.3,1.5,97,0.0
2026-03-12 18:00:00,24.8,92,1009.4,8.4,80,0.0
2026-03-12 19:00:00,24.7,86,1008.7,4.1,41,0.0
2026-03-12 20:00:00,24.0,89,1007.9,3.3,9,0.0
2026-03-12 21:00:00,23.5,93,1007.2,3.6,354,0.0
2026-03-12 22:00:00,23.5,94,1007.0,5.4,334,0.0
2026-03-12 23:00:00,23.3,94,1007.3,2.3,337,0.0
2026-03-13 00:00:00,23.8,95,1007.5,2.0,355,0.0
2026-03-13 01:00:00,23.8,95,1008.3,1.0,158,0.0
2026-03-13 02:00:00,25.3,90,1009.2,4.0,234,0.0
2026-03-13 03:00:00,27.4,78,1009.8,3.1,260,0.0
2026-03-13 04:00:00,29.4,67,1009.9,4.0,288,0.0
2026-03-13 05:00:00,30.8,58,1009.9,3.2,251,0.0
2026-03-13 06:00:00,30.3,60,1009.3,5.9,223,0.0
2026-03-13 07:00:00,30.8,62,1007.9,11.1,238,0.1
2026-03-13 08:00:00,30.8,62,1007.1,13.3,254,0.1
2026-03-13 09:00:00,29.4,68,1006.6,8.9,214,0.8
2026-03-13 10:00:00,29.0,71,1005.9,11.4,205,1.3
2026-03-13 11:00:00,29.2,64,1006.1,7.8,203,0.1
2026-03-13 12:00:00,29.1,65,1005.9,9.0,217,0.1
2026-03-13 13:00:00,28.1,70,1006.5,10.1,202,0.0
2026-03-13 14:00:00,27.3,76,1007.4,6.1,175,0.0
2026-03-13 15:00:00,26.8,81,1008.4,5.0,167,0.0
2026-03-13 16:00:00,26.1,86,1009.2,2.7,143,0.0
2026-03-13 17:00:00,25.6,87,1009.7,3.1,97,0.0
2026-03-13 18:00:00,25.6,89,1009.7,2.9,120,0.0
2026-03-13 19:00:00,24.8,92,1009.5,4.0,309,0.0
2026-03-13 20:00:00,23.9,93,1009.1,12.5,339,0.0
2026-03-13 21:00:00,23.5,82,1008.4,6.3,345,0.0
2026-03-13 22:00:00,23.2,83,1008.3,1.5,291,0.0
2026-03-13 23:00:00,23.4,84,1008.4,0.4,243,0.0
2026-03-14 00:00:00,22.9,94,1008.9,3.5,62,0.0
2026-03-14 01:00:00,23.2,90,1009.8,5.4,69,0.0
2026-03-14 02:00:00,24.6,82,1010.8,4.7,47,0.0
2026-03-14 03:00:00,27.4,70,1011.5,1.6,153,0.0
2026-03-14 04:00:00,29.8,59,1011.9,1.8,217,0.0
2026-03-14 05:00:00,31.7,49,1012.0,2.7,217,0.0
2026-03-14 06:00:00,32.4,43,1011.3,4.9,197,0.0
2026-03-14 07:00:00,32.6,46,1010.2,8.9,205,0.2
2026-03-14 08:00:00,31.9,57,1009.2,13.0,199,0.2
2026-03-14 09:00:00,30.2,62,1008.6,16.2,170,1.7
2026-03-14 10:00:00,29.4,60,1008.1,15.4,175,0.6
2026-03-14 11:00:00,29.1,71,1007.5,16.4,181,0.1
2026-03-14 12:00:00,27.5,76,1008.1,11.5,197,0.0
2026-03-14 13:00:00,27.4,79,1008.4,8.1,186,0.0
2026-03-14 14:00:00,27.1,82,1009.5,5.3,168,0.0
2026-03-14 15:00:00,26.4,86,1010.6,4.1,135,0.0
2026-03-14 16:00:00,26.0,88,1011.2,4.7,118,0.0
2026-03-14 17:00:00,25.5,90,1011.4,4.6,64,0.0
2026-03-14 18:00:00,25.1,92,1011.5,3.6,49,0.0
2026-03-14 19:00:00,25.1,89,1010.8,4.5,50,0.0
2026-03-14 20:00:00,24.7,91,1010.0,5.1,42,0.0
2026-03-14 21:00:00,24.1,92,1009.5,6.3,27,0.0
2026-03-14 22:00:00,23.7,94,1008.9,5.9,12,0.0
2026-03-14 23:00:00,23.3,94,1009.2,4.1,2,0.0
2026-03-15 00:00:00,23.2,93,1009.5,2.2,48,0.0
2026-03-15 01:00:00,23.2,93,1010.4,2.6,12,0.0
2026-03-15 02:00:00,24.7,87,1011.2,4.2,5,0.0
2026-03-15 03:00:00,27.3,76,1012.3,2.5,360,0.0
2026-03-15 04:00:00,29.3,66,1013.0,2.4,261,0.0
2026-03-15 05:00:00,30.9,55,1012.9,4.7,252,0.0
2026-03-15 06:00:00,31.3,52,1012.3,5.1,264,0.0
2026-03-15 07:00:00,32.2,50,1010.8,6.5,256,0.0
2026-03-15 08:00:00,32.2,51,1009.4,10.8,233,0.0
2026-03-15 09:00:00,31.5,51,1008.3,16.5,219,0.0
2026-03-15 10:00:00,31.2,60,1008.0,16.2,221,0.0
2026-03-15 11:00:00,30.2,62,1008.0,13.4,211,0.0
2026-03-15 12:00:00,28.7,69,1008.2,11.3,211,0.0
2026-03-15 13:00:00,27.7,73,1008.5,6.5,210,0.0
2026-03-15 14:00:00,27.0,77,1009.3,2.3,184,0.0
2026-03-15 15:00:00,26.6,79,1010.2,2.9,158,0.0
2026-03-15 16:00:00,26.4,81,1010.7,1.5,173,0.0
2026-03-15 17:00:00,26.2,82,1011.0,0.6,162,0.0
2026-03-15 18:00:00,25.9,85,1010.7,0.2,270,0.0
2026-03-15 19:00:00,25.4,88,1010.1,1.8,315,0.1
2026-03-15 20:00:00,24.9,91,1009.3,2.7,360,0.0
2026-03-15 21:00:00,24.4,94,1008.6,4.2,25,0.0
2026-03-15 22:00:00,23.9,95,1008.1,4.9,24,0.0
2026-03-15 23:00:00,23.6,94,1008.1,5.3,8,0.0
2026-03-16 00:00:00,23.4,91,1008.4,3.2,34,0.0
2026-03-16 01:00:00,23.4,91,1009.1,4.2,5,0.0
2026-03-16 02:00:00,24.8,85,1010.2,6.7,6,0.0
2026-03-16 03:00:00,27.6,75,1011.0,7.7,357,0.0
2026-03-16 04:00:00,30.0,59,1011.2,4.6,347,0.0
2026-03-16 05:00:00,31.8,49,1011.3,3.1,283,0.0
2026-03-16 06:00:00,32.3,49,1010.6,5.6,245,0.0
2026-03-16 07:00:00,32.6,49,1009.3,10.2,240,0.0
2026-03-16 08:00:00,32.0,47,1008.3,14.9,226,0.0
2026-03-16 09:00:00,31.3,56,1007.2,17.6,237,0.6
2026-03-16 10:00:00,30.6,61,1006.9,13.8,244,0.3
2026-03-16 11:00:00,29.7,63,1006.9,14.6,225,0.4
2026-03-16 12:00:00,29.1,64,1007.1,11.9,222,0.1
2026-03-16 13:00:00,28.4,66,1007.8,9.8,220,0.0
2026-03-16 14:00:00,27.9,71,1008.7,4.5,178,0.0
2026-03-16 15:00:00,27.6,73,1009.3,2.6,168,0.0
2026-03-16 16:00:00,27.1,76,1010.0,0.9,191,0.0
2026-03-16 17:00:00,26.5,79,1010.3,1.8,323,0.0
2026-03-16 18:00:00,25.2,88,1010.2,15.5,338,0.0
2026-03-16 19:00:00,24.6,86,1009.5,9.8,354,0.0
2026-03-16 20:00:00,24.6,86,1008.9,11.1,352,0.0
2026-03-16 21:00:00,24.3,87,1008.1,10.7,354,0.0
2026-03-16 22:00:00,24.2,86,1007.6,10.1,1,0.0
2026-03-16 23:00:00,24.0,86,1007.6,9.1,350,0.0
2026-03-17 00:00:00,24.1,86,1007.4,6.8,3,0.0
2026-03-17 01:00:00,24.3,85,1008.1,4.0,3,0.0
2026-03-17 02:00:00,25.9,79,1009.1,4.4,7,0.0
2026-03-17 03:00:00,28.9,65,1009.9,3.4,357,0.0
2026-03-17 04:00:00,30.9,56,1010.5,3.1,280,0.0
2026-03-17 05:00:00,32.1,51,1010.5,7.0,249,0.0
2026-03-17 06:00:00,31.7,58,1009.9,8.6,237,0.1
2026-03-17 07:00:00,32.1,57,1008.8,12.6,236,0.0
2026-03-17 08:00:00,31.2,62,1008.1,15.3,238,0.5
2026-03-17 09:00:00,28.7,71,1007.7,11.8,216,1.4
2026-03-17 10:00:00,30.2,62,1006.7,5.9,215,0.1
2026-03-17 11:00:00,29.2,65,1006.8,9.3,254,0.4
2026-03-17 12:00:00,27.8,72,1007.1,10.2,143,2.6
2026-03-17 13:00:00,26.8,80,1007.7,0.5,90,0.5
2026-03-17 14:00:00,25.8,88,1008.3,2.4,27,0.2
2026-03-17 15:00:00,25.5,89,1008.9,5.0,339,0.0
2026-03-17 16:00:00,25.0,93,1009.5,6.0,351,0.0
2026-03-17 17:00:00,24.6,94,1009.8,6.7,3,0.0
2026-03-17 18:00:00,25.0,95,1009.7,4.7,9,0.0
2026-03-17 19:00:00,24.9,95,1009.0,3.9,13,0.0
2026-03-17 20:00:00,24.6,95,1007.9,4.8,349,0.0
2026-03-17 21:00:00,24.4,93,1007.3,4.9,343,0.0
2026-03-17 22:00:00,24.3,92,1007.5,5.3,350,0.0
2026-03-17 23:00:00,24.1,94,1007.9,4.2,350,0.0
2026-03-18 00:00:00,23.7,93,1008.2,2.6,56,0.0
2026-03-18 01:00:00,23.7,93,1009.3,2.1,105,0.6
2026-03-18 02:00:00,25.3,91,1010.0,3.5,261,0.1
2026-03-18 03:00:00,26.3,82,1010.9,9.3,242,0.5
2026-03-18 04:00:00,27.7,77,1011.3,6.3,235,0.0
2026-03-18 05:00:00,29.1,72,1011.3,7.2,248,0.1
2026-03-18 06:00:00,31.0,62,1010.7,8.2,230,0.1
2026-03-18 07:00:00,31.6,59,1009.7,9.8,226,0.0
2026-03-18 08:00:00,27.6,74,1009.2,12.6,182,2.7
2026-03-18 09:00:00,30.3,62,1007.8,11.5,180,0.1
2026-03-18 10:00:00,30.3,64,1007.2,13.7,196,0.0
2026-03-18 11:00:00,26.1,83,1008.2,9.5,127,4.6
2026-03-18 12:00:00,27.7,73,1007.9,10.8,169,0.1
2026-03-18 13:00:00,25.9,82,1008.6,8.9,115,0.3
2026-03-18 14:00:00,25.3,83,1009.3,5.1,107,0.0
2026-03-18 15:00:00,24.6,87,1009.9,3.0,52,0.0
2026-03-18 16:00:00,24.4,88,1010.5,5.2,59,0.0
2026-03-18 17:00:00,24.1,88,1011.0,4.3,33,0.0
2026-03-18 18:00:00,25.5,83,1010.7,1.8,37,0.0
2026-03-18 19:00:00,25.5,84,1010.3,0.9,11,0.0
2026-03-18 20:00:00,25.0,86,1009.7,2.4,347,0.0
2026-03-18 21:00:00,24.6,89,1009.1,9.0,1,0.1
2026-03-18 22:00:00,22.5,92,1009.6,10.5,7,0.2
2026-03-18 23:00:00,22.8,92,1009.6,9.2,4,0.1
2026-03-19 00:00:00,23.1,94,1010.2,8.2,320,1.2
2026-03-19 01:00:00,23.2,95,1011.2,4.0,342,0.0
2026-03-19 02:00:00,24.3,90,1011.8,3.8,355,0.0
2026-03-19 03:00:00,26.3,80,1012.5,4.5,337,0.0
2026-03-19 04:00:00,28.2,71,1012.9,7.1,333,0.0
2026-03-19 05:00:00,30.0,64,1012.8,6.8,331,0.1
2026-03-19 06:00:00,31.6,55,1011.8,5.7,305,0.1
2026-03-19 07:00:00,31.9,58,1010.7,10.1,265,0.0
2026-03-19 08:00:00,28.9,70,1010.3,16.1,207,1.9
2026-03-19 09:00:00,29.5,67,1009.2,8.5,253,0.0
2026-03-19 10:00:00,29.2,68,1008.4,7.5,226,0.1
2026-03-19 11:00:00,27.1,75,1008.4,9.7,266,1.2
2026-03-19 12:00:00,29.3,64,1008.0,5.6,274,0.2
2026-03-19 13:00:00,27.9,75,1008.5,1.3,34,0.1
2026-03-19 14:00:00,27.0,79,1009.3,1.8,323,0.0
2026-03-19 15:00:00,26.2,84,1010.3,1.9,319,0.0
2026-03-19 16:00:00,25.6,87,1010.8,1.8,37,0.0
2026-03-19 17:00:00,24.9,89,1011.0,4.0,63,0.0
2026-03-19 18:00:00,24.9,85,1010.8,4.8,42,0.0
2026-03-19 19:00:00,25.0,84,1010.4,4.5,40,0.0
2026-03-19 20:00:00,24.6,86,1009.4,3.6,27,0.0
2026-03-19 21:00:00,24.2,88,1008.6,3.5,12,0.0
2026-03-19 22:00:00,24.2,88,1008.5,5.2,16,0.0
2026-03-19 23:00:00,24.0,86,1008.3,5.7,28,0.0
2026-03-20 00:00:00,24.0,86,1008.6,7.0,4,0.0
2026-03-20 01:00:00,24.4,85,1009.4,8.6,8,0.0
2026-03-20 02:00:00,25.7,82,1010.2,7.5,10,0.0
2026-03-20 03:00:00,28.3,70,1010.8,8.1,6,0.0
2026-03-20 04:00:00,30.2,59,1011.0,10.6,356,0.0
2026-03-20 05:00:00,31.8,49,1010.7,10.0,337,0.0
2026-03-20 06:00:00,32.8,43,1009.8,7.2,307,0.0
2026-03-20 07:00:00,33.1,44,1008.7,10.5,274,0.0
2026-03-20 08:00:00,32.2,53,1007.6,14.9,269,0.1
2026-03-20 09:00:00,31.5,57,1006.5,16.9,270,0.0
2026-03-20 10:00:00,30.9,58,1006.2,14.2,273,0.0
2026-03-20 11:00:00,30.5,61,1006.1,9.4,272,0.0
2026-03-20 12:00:00,29.8,65,1006.7,8.5,249,0.1
2026-03-20 13:00:00,29.0,71,1007.4,6.8,243,0.1
2026-03-20 14:00:00,27.9,79,1008.2,1.8,204,0.0
2026-03-20 15:00:00,27.5,81,1009.1,3.7,169,0.0
2026-03-20 16:00:00,26.9,84,1009.7,2.7,127,0.0
2026-03-20 17:00:00,26.1,86,1009.7,3.9,118,0.0
2026-03-20 18:00:00,26.0,87,1009.4,1.3,98,0.0
2026-03-20 19:00:00,25.2,88,1009.0,2.3,23,0.0
2026-03-20 20:00:00,24.7,88,1008.4,4.3,22,0.0
2026-03-20 21:00:00,24.2,86,1007.9,4.4,27,0.0
2026-03-20 22:00:00,23.9,88,1007.5,4.7,23,0.0
2026-03-20 23:00:00,23.5,90,1007.6,4.6,11,0.0
2026-03-21 00:00:00,23.9,91,1007.7,4.3,5,0.0
2026-03-21 01:00:00,23.8,90,1008.5,3.8,17,0.0
2026-03-21 02:00:00,25.9,82,1009.3,4.5,14,0.0
2026-03-21 03:00:00,28.6,72,1009.9,3.4,6,0.0
2026-03-21 04:00:00,30.8,58,1010.4,2.5,300,0.0
2026-03-21 05:00:00,32.3,51,1010.4,3.9,242,0.0
2026-03-21 06:00:00,32.0,52,1009.9,6.0,219,0.2
2026-03-21 07:00:00,32.2,54,1009.0,9.3,229,0.3
2026-03-21 08:00:00,31.8,55,1007.9,11.2,224,0.5
2026-03-21 09:00:00,31.1,59,1007.4,13.5,210,0.1
2026-03-21 10:00:00,30.5,64,1006.8,13.5,221,0.7
2026-03-21 11:00:00,29.1,70,1006.9,11.8,214,1.9
2026-03-21 12:00:00,29.9,65,1006.9,11.2,212,0.1
2026-03-21 13:00:00,29.1,68,1007.6,7.3,218,0.0
2026-03-21 14:00:00,28.2,74,1008.2,4.6,222,0.0
2026-03-21 15:00:00,27.6,79,1009.1,2.0,180,0.0
2026-03-21 16:00:00,27.4,80,1009.9,0.9,11,0.0
2026-03-21 17:00:00,26.7,83,1010.2,5.5,9,0.0
2026-03-21 18:00:00,25.6,86,1010.3,3.5,78,0.0
2026-03-21 19:00:00,25.5,86,1009.7,3.3,77,0.0
2026-03-21 20:00:00,24.6,91,1009.3,11.2,355,0.0
2026-03-21 21:00:00,24.0,89,1008.8,8.1,347,0.0
2026-03-21 22:00:00,23.6,89,1008.4,6.9,340,0.0
2026-03-21 23:00:00,23.2,90,1008.6,5.9,333,0.0
2026-03-22 00:00:00,24.1,92,1008.8,4.3,355,0.0
2026-03-22 01:00:00,24.0,92,1009.6,3.8,25,0.0
2026-03-22 02:00:00,25.6,84,1010.4,4.9,350,0.0
2026-03-22 03:00:00,28.0,72,1010.9,5.4,345,0.0
2026-03-22 04:00:00,30.4,61,1011.4,4.0,306,0.0
2026-03-22 05:00:00,31.8,54,1011.1,4.9,246,0.1
2026-03-22 06:00:00,31.9,51,1010.5,5.4,233,0.1
2026-03-22 07:00:00,32.2,53,1009.5,7.3,242,0.3
2026-03-22 08:00:00,31.9,55,1008.6,9.6,242,0.1
2026-03-22 09:00:00,31.6,56,1007.9,10.7,222,0.0
2026-03-22 10:00:00,31.5,59,1007.6,10.7,221,0.2
2026-03-22 11:00:00,29.3,65,1007.9,11.4,215,0.8
2026-03-22 12:00:00,29.8,66,1007.9,12.8,215,0.0
2026-03-22 13:00:00,29.0,68,1008.4,9.1,218,0.0
2026-03-22 14:00:00,28.5,73,1009.2,2.8,215,0.0
2026-03-22 15:00:00,27.9,79,1009.8,0.6,304,0.0
2026-03-22 16:00:00,27.4,79,1010.6,7.6,332,0.1
2026-03-22 17:00:00,26.4,82,1010.6,7.0,356,0.0
2026-03-22 18:00:00,25.5,84,1010.5,6.1,341,0.0
2026-03-22 19:00:00,25.5,84,1009.8,5.8,356,0.0
2026-03-22 20:00:00,25.1,86,1009.3,6.5,2,0.0
2026-03-22 21:00:00,24.8,88,1009.0,8.9,352,0.0
2026-03-22 22:00:00,24.7,87,1008.6,8.7,353,0.0
2026-03-22 23:00:00,24.4,88,1008.8,10.0,354,0.0
2026-03-23 00:00:00,24.6,89,1009.1,7.6,1,0.0
2026-03-23 01:00:00,24.4,88,1009.9,5.1,18,0.0
2026-03-23 02:00:00,25.8,80,1010.3,5.1,10,0.0
2026-03-23 03:00:00,28.4,67,1010.9,2.9,22,0.0
2026-03-23 04:00:00,31.0,54,1011.0,3.8,155,0.0
2026-03-23 05:00:00,32.4,49,1010.6,7.6,198,0.0
2026-03-23 06:00:00,32.4,48,1010.3,8.2,209,0.0
2026-03-23 07:00:00,32.3,52,1009.2,10.6,227,0.2
2026-03-23 08:00:00,31.5,54,1008.4,13.7,235,0.4
2026-03-23 09:00:00,31.6,55,1007.3,12.3,232,0.1
2026-03-23 10:00:00,31.6,61,1007.0,11.3,243,0.0
2026-03-23 11:00:00,30.6,65,1006.8,13.2,242,0.0
2026-03-23 12:00:00,29.7,63,1007.1,14.7,223,0.0
2026-03-23 13:00:00,28.7,70,1007.7,10.7,230,0.0
2026-03-23 14:00:00,28.5,72,1008.3,8.1,225,0.0
2026-03-23 15:00:00,27.9,75,1008.8,3.7,215,0.0
2026-03-23 16:00:00,27.4,80,1009.8,0.4,207,0.0
2026-03-23 17:00:00,26.8,82,1010.1,0.8,297,0.0
2026-03-23 18:00:00,26.5,85,1010.2,2.9,313,0.0
2026-03-23 19:00:00,26.4,87,1009.5,2.9,338,0.0
2026-03-23 20:00:00,26.1,88,1009.2,4.0,8,0.0
2026-03-23 21:00:00,25.6,89,1008.6,4.3,22,0.0
2026-03-23 22:00:00,24.9,91,1008.3,3.2,27,0.0
2026-03-23 23:00:00,24.5,92,1008.5,3.8,17,0.0
2026-03-24 00:00:00,24.7,88,1008.6,4.6,13,0.0
2026-03-24 01:00:00,24.9,85,1009.2,6.9,7,0.0
2026-03-24 02:00:00,26.3,76,1009.8,9.4,356,0.0
2026-03-24 03:00:00,29.1,64,1010.0,11.9,358,0.0
2026-03-24 04:00:00,31.5,48,1010.2,9.0,12,0.0
2026-03-24 05:00:00,33.3,39,1010.0,4.7,2,0.0
2026-03-24 06:00:00,34.1,36,1009.5,4.5,320,0.0
2026-03-24 07:00:00,34.6,39,1008.0,9.9,267,0.0
2026-03-24 08:00:00,32.9,50,1007.1,17.6,255,0.2
2026-03-24 09:00:00,31.4,56,1006.5,17.8,252,0.1
2026-03-24 10:00:00,32.2,55,1006.1,11.3,250,0.0
2026-03-24 11:00:00,30.5,64,1006.1,17.6,242,0.6
2026-03-24 12:00:00,29.9,60,1006.4,12.6,246,0.0
2026-03-24 13:00:00,29.0,67,1007.0,9.5,195,0.0
2026-03-24 14:00:00,28.4,72,1007.9,8.1,193,0.0
2026-03-24 15:00:00,28.0,75,1008.7,4.5,187,0.1
2026-03-24 16:00:00,27.5,80,1009.3,1.8,186,0.0
2026-03-24 17:00:00,27.1,81,1009.6,0.4,270,0.0
2026-03-24 18:00:00,26.4,85,1009.5,2.1,31,0.0
2026-03-24 19:00:00,25.9,87,1008.6,3.6,357,0.0
2026-03-24 20:00:00,25.3,90,1008.2,4.3,345,0.0
2026-03-24 21:00:00,24.9,92,1007.8,5.0,345,0.0
2026-03-24 22:00:00,24.5,93,1007.6,6.5,358,0.0
2026-03-24 23:00:00,24.0,92,1007.8,6.5,14,0.0
2026-03-25 00:00:00,23.7,91,1007.8,4.1,29,0.0
2026-03-25 01:00:00,23.6,90,1008.8,4.2,7,0.0
2026-03-25 02:00:00,25.5,79,1009.5,6.5,354,0.0
2026-03-25 03:00:00,28.3,65,1010.3,6.0,10,0.0
2026-03-25 04:00:00,31.2,49,1010.5,3.5,75,0.0
2026-03-25 05:00:00,33.1,41,1010.0,1.7,198,0.0
2026-03-25 06:00:00,34.0,38,1009.6,4.2,239,0.0
2026-03-25 07:00:00,34.2,42,1008.3,10.5,239,0.0
2026-03-25 08:00:00,32.5,52,1007.3,17.8,249,0.0
2026-03-25 09:00:00,32.1,48,1006.3,13.8,239,0.0
2026-03-25 10:00:00,32.8,52,1005.8,10.3,229,0.0
2026-03-25 11:00:00,31.3,63,1005.5,15.8,222,0.1
2026-03-25 12:00:00,30.3,59,1005.9,12.1,213,0.0
2026-03-25 13:00:00,29.2,69,1006.4,11.0,203,0.0
2026-03-25 14:00:00,28.7,72,1006.9,7.3,203,0.0
2026-03-25 15:00:00,28.1,76,1007.6,2.4,167,0.0
2026-03-25 16:00:00,27.5,80,1008.1,2.1,165,0.0
2026-03-25 17:00:00,27.1,81,1009.0,0.8,27,0.0
2026-03-25 18:00:00,26.4,83,1008.9,3.6,33,0.0
2026-03-25 19:00:00,26.1,83,1008.4,3.4,6,0.0
2026-03-25 20:00:00,25.4,85,1007.9,3.6,340,0.0
2026-03-25 21:00:00,24.6,88,1007.4,3.8,355,0.0
2026-03-25 22:00:00,23.9,89,1007.3,3.2,19,0.0
2026-03-25 23:00:00,23.2,91,1007.7,3.6,27,0.0
2026-03-26 00:00:00,22.6,94,1007.6,3.9,37,0.0
2026-03-26 01:00:00,22.3,88,1008.3,4.8,65,0.0
2026-03-26 02:00:00,24.1,75,1009.1,4.9,57,0.0
2026-03-26 03:00:00,28.0,60,1009.9,3.1,36,0.0
2026-03-26 04:00:00,31.2,39,1010.3,1.5,353,0.0
2026-03-26 05:00:00,33.1,32,1010.0,1.9,248,0.0
2026-03-26 06:00:00,33.8,33,1009.7,7.7,231,0.0
2026-03-26 07:00:00,32.8,50,1008.8,14.4,220,0.0
2026-03-26 08:00:00,32.6,45,1007.6,17.9,216,0.0
2026-03-26 09:00:00,32.5,48,1006.9,17.5,222,0.0
2026-03-26 10:00:00,31.8,50,1006.3,18.4,214,0.0
2026-03-26 11:00:00,31.3,56,1006.2,15.8,204,0.0
2026-03-26 12:00:00,30.6,56,1006.2,14.3,221,0.0
2026-03-26 13:00:00,29.1,61,1006.7,11.5,238,0.0
2026-03-26 14:00:00,28.4,66,1007.9,6.1,247,0.0
2026-03-26 15:00:00,27.9,71,1009.3,3.7,325,0.0
2026-03-26 16:00:00,27.5,73,1010.2,3.6,351,0.0
2026-03-26 17:00:00,27.0,76,1010.6,3.8,343,0.0
2026-03-26 18:00:00,26.4,81,1010.3,3.6,327,0.0
2026-03-26 19:00:00,26.2,83,1009.5,5.2,344,0.0
2026-03-26 20:00:00,25.7,85,1008.8,4.8,347,0.0
2026-03-26 21:00:00,25.1,87,1008.1,4.5,355,0.0
2026-03-26 22:00:00,24.6,88,1007.9,4.9,360,0.0
2026-03-26 23:00:00,24.5,88,1008.3,5.8,351,0.0
2026-03-27 00:00:00,23.7,89,1008.4,3.0,38,0.0
2026-03-27 01:00:00,23.3,89,1008.9,3.1,24,0.0
2026-03-27 02:00:00,25.3,78,1009.5,5.0,26,0.0
2026-03-27 03:00:00,28.8,62,1010.1,3.8,45,0.0
2026-03-27 04:00:00,31.5,46,1010.4,1.8,349,0.0
2026-03-27 05:00:00,33.2,41,1010.2,2.1,250,0.0
2026-03-27 06:00:00,33.7,41,1009.5,6.9,225,0.0
2026-03-27 07:00:00,34.0,44,1008.2,11.7,221,0.0
2026-03-27 08:00:00,33.5,48,1007.1,15.5,226,0.0
2026-03-27 09:00:00,32.5,53,1005.9,17.0,240,0.0
2026-03-27 10:00:00,32.6,54,1005.7,16.7,250,0.0
2026-03-27 11:00:00,31.1,54,1006.0,16.1,260,0.0
2026-03-27 12:00:00,30.6,57,1006.5,12.3,262,0.0
2026-03-27 13:00:00,29.5,66,1007.1,10.1,254,0.0
2026-03-27 14:00:00,29.1,66,1008.1,9.0,272,0.0
2026-03-27 15:00:00,29.3,65,1009.0,5.1,288,0.0
2026-03-27 16:00:00,28.7,68,1009.8,4.8,338,0.0
2026-03-27 17:00:00,27.9,74,1010.2,7.9,349,0.0
2026-03-27 18:00:00,26.0,84,1010.1,13.1,351,0.0
2026-03-27 19:00:00,26.2,83,1009.6,8.7,352,0.0
2026-03-27 20:00:00,25.8,86,1008.9,10.3,354,0.0
2026-03-27 21:00:00,25.6,87,1008.2,10.0,347,0.0
2026-03-27 22:00:00,25.3,89,1008.1,8.1,348,0.0
2026-03-27 23:00:00,25.0,90,1008.1,9.4,360,0.0
2026-03-28 00:00:00,25.4,91,1008.0,7.7,342,0.0
2026-03-28 01:00:00,25.5,91,1008.3,8.3,2,0.0
2026-03-28 02:00:00,26.7,85,1009.0,9.2,358,0.0
2026-03-28 03:00:00,28.4,76,1009.5,11.1,347,0.1
2026-03-28 04:00:00,30.7,63,1009.6,10.7,320,0.1
2026-03-28 05:00:00,32.0,57,1009.3,12.7,301,0.0
2026-03-28 06:00:00,32.2,59,1008.4,17.0,287,0.1
2026-03-28 07:00:00,29.8,70,1007.6,19.5,280,2.7
2026-03-28 08:00:00,29.8,72,1006.6,18.9,288,0.9
2026-03-28 09:00:00,30.5,69,1005.3,19.8,277,0.0
2026-03-28 10:00:00,30.1,68,1005.3,18.2,272,0.8
2026-03-28 11:00:00,26.9,84,1005.9,10.9,290,5.0
2026-03-28 12:00:00,28.9,72,1005.5,13.4,290,0.1
2026-03-28 13:00:00,28.8,72,1006.6,10.0,293,0.0
2026-03-28 14:00:00,27.7,75,1007.9,14.4,323,0.0
2026-03-28 15:00:00,25.4,79,1008.5,9.8,13,0.0
2026-03-28 16:00:00,24.8,83,1008.9,7.8,4,0.0
2026-03-28 17:00:00,24.8,85,1009.2,9.1,7,0.0
2026-03-28 18:00:00,25.4,87,1008.8,8.7,323,0.0
2026-03-28 19:00:00,25.5,86,1008.1,9.5,331,0.0
2026-03-28 20:00:00,25.0,88,1007.5,12.2,323,0.0
2026-03-28 21:00:00,24.7,89,1006.7,12.5,332,0.0
2026-03-28 22:00:00,24.6,89,1006.0,12.7,347,0.0
2026-03-28 23:00:00,24.3,91,1005.9,14.3,354,0.0
2026-03-29 00:00:00,25.5,85,1006.2,10.0,347,0.0
2026-03-29 01:00:00,25.5,86,1007.1,10.8,342,0.0
2026-03-29 02:00:00,26.7,81,1008.0,9.7,345,0.0
2026-03-29 03:00:00,28.7,72,1008.6,10.4,343,0.0
2026-03-29 04:00:00,31.0,62,1008.7,12.6,336,0.0
2026-03-29 05:00:00,33.0,53,1008.2,14.1,326,0.0
2026-03-29 06:00:00,33.6,45,1008.1,13.6,311,0.0
2026-03-29 07:00:00,33.5,48,1007.1,15.9,299,0.1
2026-03-29 08:00:00,33.0,53,1005.7,16.9,290,0.0
2026-03-29 09:00:00,32.7,56,1004.4,18.2,279,0.0
2026-03-29 10:00:00,31.6,61,1004.0,20.7,272,0.1
2026-03-29 11:00:00,31.2,65,1004.3,19.1,270,0.0
2026-03-29 12:00:00,29.9,69,1004.9,14.5,285,0.0
2026-03-29 13:00:00,29.0,72,1005.9,7.3,281,0.0
2026-03-29 14:00:00,28.3,76,1006.8,3.9,307,0.1
2026-03-29 15:00:00,27.8,80,1007.3,3.9,323,0.0
2026-03-29 16:00:00,27.5,83,1007.6,4.5,346,0.0
2026-03-29 17:00:00,26.9,88,1008.1,6.5,3,0.0
2026-03-29 18:00:00,26.7,89,1008.0,6.7,357,0.0
2026-03-29 19:00:00,26.2,90,1007.3,7.0,4,0.0
2026-03-29 20:00:00,25.7,91,1006.6,4.7,9,0.0
2026-03-29 21:00:00,25.3,93,1005.8,5.1,10,0.0
2026-03-29 22:00:00,25.1,93,1005.4,6.6,21,0.0
2026-03-29 23:00:00,24.9,93,1005.4,5.8,7,0.0
2026-03-30 00:00:00,24.7,91,1006.3,5.8,360,0.0
2026-03-30 01:00:00,24.6,91,1007.1,6.8,342,0.0
2026-03-30 02:00:00,26.2,86,1008.0,5.6,4,0.0
2026-03-30 03:00:00,28.5,76,1008.6,5.4,352,0.0
2026-03-30 04:00:00,30.5,67,1009.2,6.8,318,0.0
2026-03-30 05:00:00,32.0,57,1009.3,6.1,270,0.0
2026-03-30 06:00:00,32.9,49,1009.0,7.3,247,0.2
2026-03-30 07:00:00,32.1,56,1008.5,14.1,249,0.8
2026-03-30 08:00:00,30.5,70,1007.6,17.2,254,2.8
2026-03-30 09:00:00,30.3,74,1006.8,16.3,259,0.1
2026-03-30 10:00:00,29.7,74,1006.6,9.0,254,1.4
2026-03-30 11:00:00,28.8,80,1006.2,7.7,240,0.1
2026-03-30 12:00:00,28.7,75,1006.8,2.0,243,0.0
2026-03-30 13:00:00,27.9,83,1007.4,0.6,304,0.0
2026-03-30 14:00:00,27.2,85,1007.8,1.8,360,0.0
2026-03-30 15:00:00,26.5,88,1008.5,3.9,16,0.0
2026-03-30 16:00:00,25.9,89,1008.8,5.5,17,0.0
2026-03-30 17:00:00,25.2,88,1009.2,4.8,22,0.0
2026-03-30 18:00:00,24.9,88,1008.5,5.4,20,0.0
2026-03-30 19:00:00,24.6,88,1007.7,5.2,12,0.0
2026-03-30 20:00:00,24.0,89,1007.1,4.7,7,0.0
2026-03-30 21:00:00,23.8,89,1006.3,3.1,31,0.0
2026-03-30 22:00:00,23.3,89,1006.2,2.8,50,0.0
2026-03-30 23:00:00,23.1,89,1006.3,1.5,54,0.0
2026-03-31 00:00:00,23.2,92,1006.6,2.9,22,0.0
2026-03-31 01:00:00,23.3,91,1007.1,2.2,14,0.0
2026-03-31 02:00:00,25.1,84,1008.0,2.4,13,0.0
2026-03-31 03:00:00,27.9,75,1009.0,0.6,72,0.0
2026-03-31 04:00:00,30.0,65,1009.7,1.5,256,0.0
2026-03-31 05:00:00,31.3,58,1009.6,5.0,240,0.0
2026-03-31 06:00:00,31.8,54,1009.1,5.9,230,0.0
2026-03-31 07:00:00,31.8,56,1008.2,8.2,237,0.1
2026-03-31 08:00:00,31.5,58,1007.4,11.4,232,0.1
2026-03-31 09:00:00,31.8,54,1006.2,11.8,224,0.1
2026-03-31 10:00:00,31.5,59,1005.5,14.4,210,0.0
2026-03-31 11:00:00,30.6,61,1005.6,14.9,201,0.0
2026-03-31 12:00:00,29.5,62,1005.9,13.6,191,0.0
2026-03-31 13:00:00,28.5,70,1006.8,9.0,181,0.0
2026-03-31 14:00:00,27.5,77,1007.7,7.7,152,0.1
2026-03-31 15:00:00,27.1,82,1008.4,4.5,143,0.1
2026-03-31 16:00:00,26.3,86,1009.3,3.4,87,0.0
2026-03-31 17:00:00,26.0,86,1009.7,4.0,80,0.0
2026-03-31 18:00:00,25.7,87,1009.7,3.3,13,0.0
2026-03-31 19:00:00,25.5,88,1009.0,3.6,33,0.0
2026-03-31 20:00:00,24.9,89,1008.5,4.2,47,0.0
2026-03-31 21:00:00,24.3,91,1007.9,4.1,34,0.0
2026-03-31 22:00:00,24.1,91,1007.8,5.4,15,0.0
2026-03-31 23:00:00,23.9,92,1007.9,6.9,7,0.0
2026-04-01 00:00:00,23.7,91,1008.0,4.3,48,0.0
2026-04-01 01:00:00,24.2,89,1008.5,3.2,27,0.0
2026-04-01 02:00:00,26.3,80,1009.1,3.3,6,0.0
2026-04-01 03:00:00,28.7,70,1009.5,2.7,340,0.0
2026-04-01 04:00:00,30.6,60,1009.8,1.3,270,0.0
2026-04-01 05:00:00,31.8,55,1009.4,5.0,244,0.0
2026-04-01 06:00:00,32.4,51,1008.9,5.5,243,0.0
2026-04-01 07:00:00,32.7,53,1007.6,10.2,228,0.0
2026-04-01 08:00:00,32.0,56,1006.9,15.8,225,0.0
2026-04-01 09:00:00,31.6,56,1005.8,15.7,231,0.0
2026-04-01 10:00:00,31.9,56,1005.4,13.1,238,0.0
2026-04-01 11:00:00,31.3,55,1005.4,17.3,222,0.0
2026-04-01 12:00:00,29.4,66,1006.2,15.2,219,0.0
2026-04-01 13:00:00,28.7,66,1007.0,9.4,210,0.0
2026-04-01 14:00:00,28.2,69,1008.0,6.7,153,0.0
2026-04-01 15:00:00,27.9,73,1008.5,5.3,170,0.0
2026-04-01 16:00:00,27.5,76,1009.5,5.8,173,0.0
2026-04-01 17:00:00,26.7,80,1010.1,4.4,159,0.0
2026-04-01 18:00:00,26.6,81,1010.1,0.4,180,0.0
2026-04-01 19:00:00,26.6,82,1009.5,0.3,225,0.0
2026-04-01 20:00:00,25.8,85,1008.9,2.7,307,0.0
2026-04-01 21:00:00,25.5,89,1008.3,4.6,321,0.0
2026-04-01 22:00:00,24.9,92,1007.9,4.8,345,0.0
2026-04-01 23:00:00,24.1,93,1008.1,4.2,7,0.0
2026-04-02 00:00:00,24.2,91,1008.3,4.5,37,0.0
2026-04-02 01:00:00,24.5,88,1009.0,4.9,28,0.0
2026-04-02 02:00:00,26.6,78,1009.7,4.8,15,0.0
2026-04-02 03:00:00,29.2,69,1010.7,2.2,48,0.0
2026-04-02 04:00:00,31.1,58,1011.3,1.2,207,0.0
2026-04-02 05:00:00,32.2,51,1011.0,4.5,227,0.0
2026-04-02 06:00:00,32.4,51,1010.7,8.5,263,0.0
2026-04-02 07:00:00,33.0,51,1009.8,10.9,262,0.0
2026-04-02 08:00:00,33.2,49,1008.5,12.8,255,0.0
2026-04-02 09:00:00,32.7,51,1007.5,13.1,252,0.3
2026-04-02 10:00:00,31.5,58,1007.3,14.6,251,0.8
2026-04-02 11:00:00,30.9,59,1007.4,14.1,242,0.2
2026-04-02 12:00:00,30.8,61,1007.1,12.0,248,0.0
2026-04-02 13:00:00,29.9,61,1008.2,10.3,226,0.0
2026-04-02 14:00:00,29.8,61,1008.9,5.5,199,0.0
2026-04-02 15:00:00,29.3,63,1009.7,2.9,173,0.0
2026-04-02 16:00:00,28.3,70,1010.7,3.2,106,0.0
2026-04-02 17:00:00,27.6,74,1011.1,3.2,16,0.0
2026-04-02 18:00:00,27.3,77,1011.3,9.7,1,0.0
2026-04-02 19:00:00,26.7,82,1010.6,8.2,14,0.1
2026-04-02 20:00:00,25.5,88,1010.4,10.3,355,0.0
2026-04-02 21:00:00,24.8,86,1009.5,11.2,350,0.0
2026-04-02 22:00:00,24.7,83,1009.3,7.9,340,0.0
2026-04-02 23:00:00,24.4,86,1009.1,7.8,341,0.0
2026-04-03 00:00:00,25.3,91,1009.1,7.0,334,0.0
2026-04-03 01:00:00,25.1,93,1009.9,5.8,286,0.4
2026-04-03 02:00:00,26.4,86,1010.8,6.0,323,0.1
2026-04-03 03:00:00,28.1,75,1011.5,3.5,294,0.0
2026-04-03 04:00:00,29.9,66,1011.7,5.0,305,0.0
2026-04-03 05:00:00,31.6,59,1011.7,7.0,274,0.0
2026-04-03 06:00:00,32.5,55,1010.5,7.6,289,0.0
2026-04-03 07:00:00,32.8,57,1009.7,10.4,256,0.2
2026-04-03 08:00:00,32.4,59,1008.7,13.5,245,0.0
2026-04-03 09:00:00,32.2,57,1007.8,12.0,261,0.0
2026-04-03 10:00:00,31.7,61,1007.3,10.3,245,0.0
2026-04-03 11:00:00,31.0,62,1007.1,10.2,244,0.0
2026-04-03 12:00:00,30.4,63,1007.1,4.4,261,0.1
2026-04-03 13:00:00,29.7,66,1008.3,6.0,260,0.0
2026-04-03 14:00:00,26.3,83,1009.7,17.1,319,0.5
2026-04-03 15:00:00,25.7,84,1010.1,3.0,14,0.0
2026-04-03 16:00:00,25.6,87,1010.6,4.3,358,0.0
2026-04-03 17:00:00,25.2,91,1011.1,6.7,357,0.0
2026-04-03 18:00:00,25.1,88,1010.7,3.1,10,0.0
2026-04-03 19:00:00,25.3,87,1010.0,3.2,38,0.0
2026-04-03 20:00:00,25.3,88,1009.3,5.2,22,0.0
2026-04-03 21:00:00,25.0,91,1008.4,4.0,8,0.0
2026-04-03 22:00:00,24.8,92,1008.1,5.6,2,0.0
2026-04-03 23:00:00,24.7,92,1008.0,7.7,360,0.0
2026-04-04 00:00:00,24.8,92,1008.3,8.7,4,0.0
2026-04-04 01:00:00,25.2,90,1008.7,7.2,12,0.0
2026-04-04 02:00:00,26.6,85,1009.5,5.8,36,0.0
2026-04-04 03:00:00,28.8,71,1010.2,5.4,21,0.0
2026-04-04 04:00:00,30.2,63,1010.5,4.8,326,0.0
2026-04-04 05:00:00,31.6,56,1010.3,7.6,288,0.0
2026-04-04 06:00:00,32.5,54,1009.7,12.2,286,0.0
2026-04-04 07:00:00,32.3,53,1008.7,16.5,280,0.2
2026-04-04 08:00:00,31.4,61,1008.1,16.3,295,1.3
2026-04-04 09:00:00,31.8,58,1007.0,16.6,280,0.0
2026-04-04 10:00:00,31.3,59,1006.7,15.7,276,0.1
2026-04-04 11:00:00,30.7,64,1006.5,15.9,276,0.0
2026-04-04 12:00:00,29.9,70,1007.0,14.2,282,0.0
2026-04-04 13:00:00,29.4,67,1007.9,11.9,299,0.1
2026-04-04 14:00:00,28.5,71,1008.9,10.6,339,0.0
2026-04-04 15:00:00,27.4,78,1009.6,9.4,1,0.0
2026-04-04 16:00:00,26.7,80,1010.1,8.1,18,0.0
2026-04-04 17:00:00,26.2,82,1010.1,7.0,1,0.0
2026-04-04 18:00:00,26.3,84,1009.7,8.2,341,0.0
2026-04-04 19:00:00,26.3,84,1009.1,7.2,346,0.0
2026-04-04 20:00:00,26.1,85,1008.7,7.9,349,0.0
2026-04-04 21:00:00,26.0,85,1008.3,7.7,359,0.0
2026-04-04 22:00:00,25.9,85,1008.1,7.7,335,0.0
2026-04-04 23:00:00,25.5,86,1008.1,9.3,331,0.0
2026-04-05 00:00:00,24.2,91,1008.5,11.2,355,0.0
2026-04-05 01:00:00,24.4,91,1008.8,9.9,10,0.0
2026-04-05 02:00:00,26.2,82,1009.5,8.7,4,0.0
2026-04-05 03:00:00,29.1,70,1010.2,10.4,349,0.0
2026-04-05 04:00:00,31.3,61,1010.4,14.1,333,0.0
2026-04-05 05:00:00,32.8,53,1010.0,16.3,323,0.0
2026-04-05 06:00:00,34.3,49,1009.5,17.1,307,0.0
2026-04-05 07:00:00,34.2,51,1008.4,18.8,292,0.0
2026-04-05 08:00:00,33.8,51,1007.2,21.2,288,0.0
2026-04-05 09:00:00,32.0,57,1006.3,20.6,289,0.9
2026-04-05 10:00:00,31.9,59,1005.8,20.4,292,0.2
2026-04-05 11:00:00,30.8,65,1006.0,18.6,297,0.6
2026-04-05 12:00:00,31.2,63,1006.3,18.3,295,0.0
2026-04-05 13:00:00,30.9,63,1007.0,16.7,299,0.0
2026-04-05 14:00:00,30.4,66,1007.8,15.1,303,0.0
2026-04-05 15:00:00,30.1,67,1008.6,15.6,309,0.0
2026-04-05 16:00:00,29.7,70,1009.3,15.3,316,0.0
2026-04-05 17:00:00,29.1,73,1009.6,13.4,328,0.0
2026-04-05 18:00:00,27.6,80,1009.9,9.5,360,0.0
2026-04-05 19:00:00,27.2,83,1009.5,8.5,356,0.0
2026-04-05 20:00:00,26.9,84,1008.9,9.9,338,0.0
2026-04-05 21:00:00,26.4,84,1008.8,9.1,338,0.0
2026-04-05 22:00:00,25.9,84,1008.6,8.3,346,0.0
2026-04-05 23:00:00,25.8,84,1008.5,8.1,336,0.0
2026-04-06 00:00:00,25.7,90,1008.7,8.6,2,0.0
2026-04-06 01:00:00,25.9,87,1009.2,9.9,341,0.0
2026-04-06 02:00:00,27.1,81,1009.8,11.4,335,0.0
2026-04-06 03:00:00,28.9,72,1010.6,13.0,346,0.0
2026-04-06 04:00:00,31.2,63,1011.1,14.0,331,0.0
2026-04-06 05:00:00,32.8,56,1010.9,15.4,315,0.0
2026-04-06 06:00:00,33.9,51,1010.8,14.9,322,0.0
2026-04-06 07:00:00,34.4,51,1009.9,16.8,302,0.0
2026-04-06 08:00:00,31.0,70,1009.2,17.2,283,9.8
2026-04-06 09:00:00,28.9,74,1008.5,20.0,311,4.5
2026-04-06 10:00:00,29.0,74,1008.6,13.8,343,1.1
2026-04-06 11:00:00,28.6,76,1008.6,8.8,355,0.2
2026-04-06 12:00:00,29.8,70,1007.8,13.4,319,0.1
2026-04-06 13:00:00,29.5,70,1008.8,12.2,308,0.0
2026-04-06 14:00:00,29.1,73,1009.5,14.4,304,0.0
2026-04-06 15:00:00,28.8,74,1010.3,12.3,316,0.0
2026-04-06 16:00:00,28.3,76,1010.8,10.5,331,0.0
2026-04-06 17:00:00,27.7,80,1011.2,9.6,344,0.0
2026-04-06 18:00:00,27.0,85,1011.0,10.7,352,0.0
2026-04-06 19:00:00,26.8,84,1010.5,12.2,351,0.0
2026-04-06 20:00:00,26.5,85,1009.7,12.5,348,0.0
2026-04-06 21:00:00,26.2,87,1009.3,13.5,346,0.0
2026-04-06 22:00:00,25.9,88,1008.9,13.7,351,0.0
2026-04-06 23:00:00,25.7,89,1008.9,13.4,355,0.0
2026-04-07 00:00:00,26.2,87,1009.2,15.0,350,0.0
2026-04-07 01:00:00,26.2,87,1009.8,15.2,353,0.0
2026-04-07 02:00:00,27.0,85,1010.4,14.3,354,0.0
2026-04-07 03:00:00,28.6,78,1011.3,17.7,351,0.0
2026-04-07 04:00:00,30.1,68,1011.5,19.3,342,0.0
2026-04-07 05:00:00,31.6,60,1010.9,20.1,330,0.0
2026-04-07 06:00:00,32.5,57,1010.4,19.9,322,0.0
2026-04-07 07:00:00,32.9,56,1009.6,18.7,309,0.0
2026-04-07 08:00:00,33.1,55,1008.5,21.9,301,0.0
2026-04-07 09:00:00,32.5,57,1007.6,24.1,303,0.0
2026-04-07 10:00:00,31.8,59,1007.2,24.3,301,0.0
2026-04-07 11:00:00,30.8,62,1007.1,23.5,303,0.0
2026-04-07 12:00:00,29.5,68,1006.8,23.7,302,0.0
2026-04-07 13:00:00,28.9,71,1007.8,21.6,304,0.0
2026-04-07 14:00:00,28.4,72,1008.6,20.9,308,0.0
2026-04-07 15:00:00,28.1,73,1009.2,18.2,319,0.0
2026-04-07 16:00:00,27.6,75,1010.0,15.1,332,0.0
2026-04-07 17:00:00,27.0,78,1010.2,13.1,347,0.0
2026-04-07 18:00:00,26.5,79,1010.0,13.5,346,0.0
2026-04-07 19:00:00,26.0,82,1009.3,13.4,349,0.0
2026-04-07 20:00:00,25.6,84,1008.6,13.7,350,0.0
2026-04-07 21:00:00,25.0,88,1008.0,13.9,359,0.0
2026-04-07 22:00:00,24.6,90,1007.5,14.2,359,0.0
2026-04-07 23:00:00,24.6,89,1007.8,14.5,353,0.0
2026-04-08 00:00:00,24.8,89,1008.3,15.8,359,0.0
2026-04-08 01:00:00,24.9,89,1008.4,16.2,3,0.0
2026-04-08 02:00:00,26.3,83,1009.3,15.7,360,0.0
2026-04-08 03:00:00,28.4,73,1009.8,18.4,357,0.0
2026-04-08 04:00:00,30.3,62,1010.2,19.3,348,0.0
2026-04-08 05:00:00,31.8,56,1010.1,16.3,339,0.0
2026-04-08 06:00:00,33.1,50,1009.2,16.4,337,0.0
2026-04-08 07:00:00,34.2,46,1008.4,15.5,315,0.0
2026-04-08 08:00:00,33.0,55,1007.5,20.9,288,0.0
2026-04-08 09:00:00,32.2,58,1006.4,22.2,284,0.0
2026-04-08 10:00:00,31.7,58,1006.1,20.7,285,0.0
2026-04-08 11:00:00,30.8,60,1006.0,21.0,286,0.0
2026-04-08 12:00:00,30.2,63,1006.1,18.7,291,0.0
2026-04-08 13:00:00,29.5,66,1007.5,13.2,296,0.0
2026-04-08 14:00:00,29.1,69,1008.8,12.0,309,0.0
2026-04-08 15:00:00,28.8,70,1009.6,13.3,318,0.0
2026-04-08 16:00:00,28.3,73,1010.2,12.0,325,0.0
2026-04-08 17:00:00,27.8,76,1010.6,10.3,329,0.0
2026-04-08 18:00:00,27.5,78,1010.5,10.9,331,0.0
2026-04-08 19:00:00,27.1,80,1010.0,9.1,342,0.0
2026-04-08 20:00:00,26.9,82,1009.0,9.1,333,0.0
2026-04-08 21:00:00,26.7,83,1008.5,8.1,331,0.0
2026-04-08 22:00:00,26.4,85,1008.8,8.6,345,0.0
2026-04-08 23:00:00,26.1,86,1009.1,9.4,342,0.0
2026-04-09 00:00:00,25.6,89,1009.6,9.4,342,0.0
2026-04-09 01:00:00,26.1,83,1010.1,8.6,352,0.0
2026-04-09 02:00:00,27.3,78,1010.8,8.3,346,0.0
2026-04-09 03:00:00,29.6,69,1011.4,11.4,333,0.0
2026-04-09 04:00:00,31.3,62,1011.7,12.2,315,0.0
2026-04-09 05:00:00,32.5,57,1011.4,14.6,296,0.0
2026-04-09 06:00:00,32.6,57,1011.1,15.9,290,0.0
2026-04-09 07:00:00,32.5,56,1010.2,17.7,291,0.0
2026-04-09 08:00:00,32.7,54,1009.1,15.7,300,0.1
2026-04-09 09:00:00,31.9,56,1008.0,16.9,301,0.8
2026-04-09 10:00:00,31.6,59,1007.6,10.1,310,0.6
2026-04-09 11:00:00,30.9,61,1007.4,9.4,313,0.0
2026-04-09 12:00:00,30.0,69,1007.6,16.5,311,0.0
2026-04-09 13:00:00,29.4,72,1008.6,6.4,333,0.1
2026-04-09 14:00:00,27.0,86,1009.7,7.7,12,1.9
2026-04-09 15:00:00,26.4,85,1010.2,10.2,49,0.0
2026-04-09 16:00:00,26.0,84,1010.7,5.5,11,0.0
2026-04-09 17:00:00,26.1,83,1010.7,7.7,342,0.0
2026-04-09 18:00:00,26.2,86,1010.3,8.4,353,0.0
2026-04-09 19:00:00,26.2,87,1009.5,9.5,358,0.0
2026-04-09 20:00:00,26.0,88,1008.9,10.3,357,0.0
2026-04-09 21:00:00,25.9,89,1008.2,11.4,355,0.0
2026-04-09 22:00:00,25.8,90,1007.9,11.8,352,0.0
2026-04-09 23:00:00,25.6,91,1008.0,10.7,353,0.0
2026-04-10 00:00:00,25.8,91,1008.5,11.9,350,0.0
2026-04-10 01:00:00,26.0,90,1009.1,10.8,350,0.0
2026-04-10 02:00:00,27.5,83,1009.8,10.2,347,0.0
2026-04-10 03:00:00,29.9,70,1010.7,12.1,350,0.0
2026-04-10 04:00:00,32.4,55,1011.2,12.3,342,0.0
2026-04-10 05:00:00,34.2,48,1010.8,9.3,324,0.0
2026-04-10 06:00:00,34.8,48,1010.2,7.2,282,0.0
2026-04-10 07:00:00,33.8,58,1009.5,14.1,260,0.2
2026-04-10 08:00:00,31.2,70,1009.1,11.2,272,0.8
2026-04-10 09:00:00,31.4,63,1008.0,10.6,256,0.3
2026-04-10 10:00:00,31.1,65,1007.8,6.0,231,0.0
2026-04-10 11:00:00,30.2,68,1007.7,10.1,254,0.3
2026-04-10 12:00:00,29.7,75,1008.1,5.4,249,0.0
2026-04-10 13:00:00,27.6,85,1009.2,4.8,333,0.2
2026-04-10 14:00:00,27.1,90,1010.3,3.0,57,0.5
2026-04-10 15:00:00,26.3,96,1011.2,3.3,189,0.0
2026-04-10 16:00:00,26.0,92,1012.0,3.9,193,0.8
2026-04-10 17:00:00,25.5,95,1012.7,3.0,284,0.0
2026-04-10 18:00:00,24.1,96,1011.9,7.1,351,0.0
2026-04-10 19:00:00,24.5,94,1011.2,7.7,344,0.0
2026-04-10 20:00:00,24.2,96,1010.4,9.1,350,0.0
2026-04-10 21:00:00,23.9,96,1009.6,9.5,1,0.0
2026-04-10 22:00:00,23.7,97,1009.4,8.4,7,0.0
2026-04-10 23:00:00,23.6,98,1009.5,6.6,22,0.0
2026-04-11 00:00:00,24.8,95,1009.5,8.6,11,0.0
2026-04-11 01:00:00,25.1,94,1010.0,7.0,18,0.0
2026-04-11 02:00:00,26.6,91,1010.7,6.6,347,0.0
2026-04-11 03:00:00,28.6,81,1011.1,7.9,336,0.0
2026-04-11 04:00:00,30.3,70,1011.3,10.7,318,0.0
2026-04-11 05:00:00,31.5,63,1010.7,10.7,306,0.1
2026-04-11 06:00:00,31.8,66,1010.3,11.3,295,0.0
2026-04-11 07:00:00,32.3,65,1009.1,13.0,292,0.1
2026-04-11 08:00:00,31.3,68,1007.9,15.7,289,1.2
2026-04-11 09:00:00,30.8,70,1006.8,17.9,283,1.0
2026-04-11 10:00:00,30.9,68,1006.3,16.5,277,0.2
2026-04-11 11:00:00,30.3,74,1006.3,17.1,278,0.5
2026-04-11 12:00:00,29.7,77,1006.3,15.6,294,1.4
2026-04-11 13:00:00,28.7,79,1007.7,4.4,243,0.4
2026-04-11 14:00:00,27.3,87,1008.7,2.1,345,0.4
2026-04-11 15:00:00,26.8,90,1009.2,5.1,48,0.1
2026-04-11 16:00:00,26.1,94,1009.4,2.0,333,0.0
2026-04-11 17:00:00,25.9,95,1009.7,4.0,350,0.0
2026-04-11 18:00:00,26.4,96,1009.4,9.2,318,0.0
2026-04-11 19:00:00,26.2,95,1008.7,7.8,331,0.0
2026-04-11 20:00:00,25.9,96,1008.1,6.5,341,0.0
2026-04-11 21:00:00,25.6,96,1007.2,5.7,347,0.0
2026-04-11 22:00:00,25.2,96,1006.9,5.7,349,0.0
2026-04-11 23:00:00,25.1,95,1006.7,5.5,349,0.0
2026-04-12 00:00:00,25.3,92,1007.2,8.6,352,0.0
2026-04-12 01:00:00,25.5,91,1007.7,6.8,358,0.0
2026-04-12 02:00:00,27.0,86,1008.4,7.4,347,0.0
2026-04-12 03:00:00,29.2,76,1008.9,9.0,354,0.0
2026-04-12 04:00:00,31.4,63,1009.1,8.5,353,0.0
2026-04-12 05:00:00,33.0,53,1008.7,3.9,332,0.0
2026-04-12 06:00:00,33.2,47,1008.0,2.8,252,0.0
2026-04-12 07:00:00,33.6,46,1007.4,6.4,245,0.1
2026-04-12 08:00:00,32.7,51,1006.6,12.2,224,0.2
2026-04-12 09:00:00,32.3,50,1005.7,12.8,214,0.1
2026-04-12 10:00:00,32.5,54,1005.3,13.1,210,0.0
2026-04-12 11:00:00,31.4,59,1005.3,14.1,222,0.0
2026-04-12 12:00:00,30.6,60,1005.5,10.9,204,0.0
2026-04-12 13:00:00,29.8,68,1006.4,8.6,210,0.0
2026-04-12 14:00:00,28.7,75,1007.7,1.9,214,0.0
2026-04-12 15:00:00,28.3,79,1008.3,2.3,94,0.0
2026-04-12 16:00:00,27.5,84,1009.0,2.8,63,0.0
2026-04-12 17:00:00,26.8,87,1009.4,3.1,59,0.0
2026-04-12 18:00:00,26.4,90,1009.0,7.1,9,0.0
2026-04-12 19:00:00,26.6,84,1008.7,7.4,7,0.0
2026-04-12 20:00:00,26.4,83,1008.3,7.4,359,0.0
2026-04-12 21:00:00,26.2,85,1007.9,8.6,331,0.0
2026-04-12 22:00:00,25.8,88,1007.5,10.6,346,0.0
2026-04-12 23:00:00,25.4,89,1007.4,9.8,352,0.0
2026-04-13 00:00:00,25.5,88,1007.9,6.5,346,0.0
2026-04-13 01:00:00,25.9,87,1008.8,6.8,338,0.0
2026-04-13 02:00:00,27.4,83,1009.7,6.9,343,0.0
2026-04-13 03:00:00,29.6,73,1010.3,8.7,353,0.0
2026-04-13 04:00:00,31.6,62,1010.5,7.3,343,0.0
2026-04-13 05:00:00,33.2,51,1010.0,6.1,300,0.0
2026-04-13 06:00:00,33.1,52,1009.5,8.5,270,0.0
2026-04-13 07:00:00,33.3,55,1008.6,10.8,272,0.1
2026-04-13 08:00:00,32.9,58,1007.6,13.2,277,0.2
2026-04-13 09:00:00,32.4,62,1006.6,17.1,268,0.1
2026-04-13 10:00:00,31.8,65,1006.1,18.4,261,0.8
2026-04-13 11:00:00,30.1,74,1006.5,16.2,262,0.4
2026-04-13 12:00:00,28.9,79,1006.9,12.5,286,0.0
2026-04-13 13:00:00,28.9,77,1007.7,10.1,287,0.0
2026-04-13 14:00:00,27.9,81,1009.0,1.9,34,0.3
2026-04-13 15:00:00,27.2,88,1009.7,5.9,349,0.1
2026-04-13 16:00:00,26.4,94,1010.4,5.6,360,0.0
2026-04-13 17:00:00,26.1,96,1010.3,7.3,349,0.0
2026-04-13 18:00:00,25.6,98,1010.2,8.3,344,0.0
2026-04-13 19:00:00,25.6,97,1009.0,6.3,353,0.1
2026-04-13 20:00:00,25.7,97,1008.2,6.9,351,0.0
2026-04-13 21:00:00,25.8,96,1007.7,5.8,9,0.0
2026-04-13 22:00:00,25.5,98,1007.4,6.5,360,0.0
2026-04-13 23:00:00,25.2,98,1007.5,5.9,360,0.0
2026-04-14 00:00:00,25.6,97,1007.9,8.8,360,0.0
2026-04-14 01:00:00,25.7,98,1008.7,7.4,7,0.0
2026-04-14 02:00:00,27.2,89,1009.5,8.3,4,0.0
2026-04-14 03:00:00,29.2,77,1010.0,10.1,349,0.0
2026-04-14 04:00:00,31.2,65,1010.6,9.3,336,0.0
2026-04-14 05:00:00,32.7,57,1010.3,8.0,318,0.1
2026-04-14 06:00:00,33.3,53,1009.3,6.4,295,0.1
2026-04-14 07:00:00,33.2,54,1008.6,9.1,278,0.1
2026-04-14 08:00:00,33.5,54,1007.4,10.8,273,0.1
2026-04-14 09:00:00,32.8,58,1006.5,13.8,258,0.2
2026-04-14 10:00:00,31.8,65,1005.8,16.2,251,0.2
2026-04-14 11:00:00,30.6,71,1005.8,16.5,248,0.3
2026-04-14 12:00:00,30.5,69,1006.1,12.6,253,0.0
2026-04-14 13:00:00,29.7,73,1007.0,10.5,233,0.0
2026-04-14 14:00:00,29.3,75,1008.0,5.2,211,0.1
2026-04-14 15:00:00,28.5,79,1008.8,3.1,167,0.0
2026-04-14 16:00:00,28.1,83,1009.6,1.6,153,0.0
2026-04-14 17:00:00,27.2,87,1009.8,6.0,319,0.0
2026-04-14 18:00:00,26.1,91,1009.1,7.2,348,0.0
2026-04-14 19:00:00,26.0,92,1008.5,7.6,338,0.0
2026-04-14 20:00:00,25.8,92,1007.9,7.0,348,0.0
2026-04-14 21:00:00,25.6,94,1007.3,7.9,360,0.0
2026-04-14 22:00:00,25.2,98,1007.0,7.6,15,0.0
2026-04-14 23:00:00,25.1,98,1006.8,9.2,12,0.0
2026-04-15 00:00:00,25.7,97,1007.1,10.7,17,0.0
2026-04-15 01:00:00,25.9,94,1007.5,8.2,22,0.0
2026-04-15 02:00:00,27.4,85,1008.1,6.3,15,0.0
2026-04-15 03:00:00,29.9,71,1008.5,7.6,360,0.0
2026-04-15 04:00:00,32.0,61,1008.6,7.2,323,0.0
2026-04-15 05:00:00,33.5,52,1008.2,8.3,284,0.0
2026-04-15 06:00:00,33.9,49,1007.7,8.8,275,0.0
2026-04-15 07:00:00,33.9,50,1006.8,11.7,275,0.1
2026-04-15 08:00:00,32.9,57,1006.0,17.1,270,0.6
2026-04-15 09:00:00,32.7,60,1004.9,18.4,266,0.0
2026-04-15 10:00:00,31.6,66,1004.3,19.7,262,0.4
2026-04-15 11:00:00,30.6,67,1004.5,14.8,270,0.0
2026-04-15 12:00:00,30.3,70,1004.6,13.8,283,0.0
2026-04-15 13:00:00,29.3,71,1005.6,9.4,270,0.2
2026-04-15 14:00:00,29.1,74,1006.7,6.6,291,0.1
2026-04-15 15:00:00,28.6,78,1007.5,6.6,313,0.0
2026-04-15 16:00:00,28.0,81,1008.2,6.9,337,0.0
2026-04-15 17:00:00,27.6,82,1008.4,7.9,339,0.0
2026-04-15 18:00:00,27.0,88,1008.0,10.9,331,0.0
2026-04-15 19:00:00,26.9,85,1007.3,9.8,336,0.0
2026-04-15 20:00:00,26.4,88,1006.6,10.2,347,0.0
2026-04-15 21:00:00,26.0,91,1006.1,9.9,357,0.0
2026-04-15 22:00:00,25.8,93,1006.0,9.1,353,0.0
2026-04-15 23:00:00,25.6,94,1006.0,8.6,344,0.0
2026-04-16 00:00:00,25.7,95,1006.2,10.3,11,0.0
2026-04-16 01:00:00,26.0,92,1006.8,10.8,18,0.0
2026-04-16 02:00:00,27.7,83,1007.7,10.2,7,0.0
2026-04-16 03:00:00,29.8,70,1008.2,12.1,353,0.0
2026-04-16 04:00:00,31.8,61,1008.5,12.0,347,0.0
2026-04-16 05:00:00,33.9,50,1008.1,11.0,330,0.0
2026-04-16 06:00:00,34.9,43,1007.5,8.7,307,0.0
2026-04-16 07:00:00,34.0,50,1006.8,14.6,271,0.0
2026-04-16 08:00:00,33.0,58,1006.0,20.3,271,0.0
2026-04-16 09:00:00,33.1,57,1004.8,18.5,271,0.0
2026-04-16 10:00:00,32.7,58,1004.5,20.2,261,0.0
2026-04-16 11:00:00,31.8,63,1004.5,15.6,263,0.0
2026-04-16 12:00:00,30.2,69,1005.0,12.9,254,2.4
2026-04-16 13:00:00,29.5,73,1005.9,10.5,299,0.0
2026-04-16 14:00:00,28.3,79,1007.3,14.6,327,0.0
2026-04-16 15:00:00,27.1,79,1007.8,6.8,331,0.0
2026-04-16 16:00:00,26.7,83,1008.2,3.4,357,0.0
2026-04-16 17:00:00,26.3,85,1008.8,5.3,348,0.0
2026-04-16 18:00:00,26.7,87,1008.1,6.4,349,0.0
2026-04-16 19:00:00,26.6,89,1007.6,7.1,345,0.0
2026-04-16 20:00:00,26.3,89,1007.0,8.3,346,0.0
2026-04-16 21:00:00,26.1,88,1006.7,8.6,350,0.0
2026-04-16 22:00:00,25.8,88,1006.3,8.3,355,0.0
2026-04-16 23:00:00,25.6,90,1006.4,9.0,359,0.0
2026-04-17 00:00:00,25.7,89,1006.4,9.6,355,0.0
2026-04-17 01:00:00,26.0,88,1007.0,9.0,358,0.0
2026-04-17 02:00:00,27.5,82,1007.9,8.5,1,0.0
2026-04-17 03:00:00,29.8,72,1008.6,10.1,358,0.0
2026-04-17 04:00:00,31.8,64,1009.1,9.9,339,0.0
2026-04-17 05:00:00,33.5,53,1009.0,8.4,315,0.0
2026-04-17 06:00:00,33.4,53,1008.5,8.6,293,0.0
2026-04-17 07:00:00,33.1,56,1007.8,11.0,280,0.1
2026-04-17 08:00:00,32.0,64,1006.8,14.4,278,0.3
2026-04-17 09:00:00,32.0,62,1005.5,16.0,271,0.0
2026-04-17 10:00:00,32.2,61,1005.0,16.0,251,0.4
2026-04-17 11:00:00,31.5,61,1005.0,15.1,273,0.0
2026-04-17 12:00:00,30.1,63,1005.2,12.6,284,0.0
2026-04-17 13:00:00,29.1,72,1006.0,6.7,270,0.1
2026-04-17 14:00:00,28.0,83,1006.9,2.3,270,0.0
2026-04-17 15:00:00,27.4,89,1007.5,1.3,304,0.0
2026-04-17 16:00:00,26.8,91,1008.5,2.4,9,0.0
2026-04-17 17:00:00,26.9,86,1008.9,4.0,360,0.1
2026-04-17 18:00:00,26.8,88,1008.8,7.1,345,0.1
2026-04-17 19:00:00,26.5,91,1008.1,7.1,322,0.1
2026-04-17 20:00:00,26.2,94,1007.7,5.3,327,0.2
2026-04-17 21:00:00,25.9,95,1007.1,4.8,340,0.1
2026-04-17 22:00:00,25.5,96,1006.8,3.6,360,0.0
2026-04-17 23:00:00,25.0,97,1006.9,2.5,8,0.0
2026-04-18 00:00:00,25.8,96,1007.0,7.1,336,0.0
2026-04-18 01:00:00,25.8,97,1007.5,6.4,350,0.0
2026-04-18 02:00:00,27.7,86,1008.3,6.4,352,0.0
2026-04-18 03:00:00,30.0,73,1008.8,7.2,342,0.0
2026-04-18 04:00:00,31.8,63,1009.0,6.2,319,0.0
2026-04-18 05:00:00,33.1,54,1008.7,7.0,288,0.0
2026-04-18 06:00:00,33.1,53,1008.3,9.0,267,0.1
2026-04-18 07:00:00,33.0,56,1007.7,12.5,266,0.1
2026-04-18 08:00:00,32.8,58,1006.9,13.0,272,0.1
2026-04-18 09:00:00,32.4,60,1005.6,15.0,266,0.0
2026-04-18 10:00:00,31.9,66,1005.2,15.9,252,0.0
2026-04-18 11:00:00,31.3,64,1004.9,16.5,263,0.3
2026-04-18 12:00:00,30.6,69,1005.3,11.0,272,0.4
2026-04-18 13:00:00,29.9,71,1006.0,10.5,265,0.2
2026-04-18 14:00:00,29.1,75,1006.8,7.4,266,0.0
2026-04-18 15:00:00,28.6,77,1007.8,2.5,315,0.0
2026-04-18 16:00:00,28.2,81,1008.4,2.9,356,0.0
2026-04-18 17:00:00,27.7,85,1009.1,3.9,336,0.0
2026-04-18 18:00:00,26.9,82,1008.9,6.1,336,0.0
2026-04-18 19:00:00,26.9,84,1008.1,7.0,348,0.0
2026-04-18 20:00:00,26.6,87,1007.6,6.1,355,0.0
2026-04-18 21:00:00,26.4,90,1007.0,7.8,8,0.0
2026-04-18 22:00:00,25.9,92,1006.9,7.0,12,0.0
2026-04-18 23:00:00,25.3,94,1006.9,4.0,10,0.0
2026-04-19 00:00:00,26.1,93,1006.8,4.5,313,0.0
2026-04-19 01:00:00,26.4,93,1007.4,3.7,331,0.0
2026-04-19 02:00:00,28.0,84,1008.3,5.6,331,0.0
2026-04-19 03:00:00,30.0,71,1008.9,5.0,334,0.0
2026-04-19 04:00:00,31.8,61,1009.3,5.2,292,0.0
2026-04-19 05:00:00,33.0,56,1009.1,8.3,270,0.0
2026-04-19 06:00:00,33.2,55,1008.2,10.4,260,0.3
2026-04-19 07:00:00,32.5,61,1007.6,13.4,259,0.4
2026-04-19 08:00:00,32.1,63,1006.7,14.4,260,1.6
2026-04-19 09:00:00,31.9,64,1005.7,17.3,256,1.3
2026-04-19 10:00:00,31.0,66,1005.6,16.2,251,0.8
2026-04-19 11:00:00,30.0,68,1005.7,12.1,250,0.5
2026-04-19 12:00:00,29.8,70,1005.8,9.7,255,0.0
2026-04-19 13:00:00,29.4,71,1006.6,7.1,261,0.0
2026-04-19 14:00:00,28.9,76,1007.4,7.8,293,0.0
2026-04-19 15:00:00,28.2,81,1008.3,6.1,298,0.0
2026-04-19 16:00:00,27.4,87,1009.3,1.1,351,0.1
2026-04-19 17:00:00,26.8,91,1009.5,2.4,17,0.3
2026-04-19 18:00:00,26.4,91,1009.1,8.3,338,0.0
2026-04-19 19:00:00,26.3,92,1008.6,5.4,340,0.0
2026-04-19 20:00:00,25.8,94,1008.0,1.7,311,0.0
2026-04-19 21:00:00,25.6,95,1007.3,7.1,317,0.1
2026-04-19 22:00:00,25.5,94,1007.0,7.8,4,0.0
2026-04-19 23:00:00,25.1,95,1006.9,9.4,8,0.0
2026-04-20 00:00:00,25.6,94,1006.9,9.6,352,0.0
2026-04-20 01:00:00,26.0,91,1007.4,10.8,2,0.0
2026-04-20 02:00:00,27.5,83,1008.2,9.7,360,0.0
2026-04-20 03:00:00,29.7,73,1008.8,9.2,354,0.0
2026-04-20 04:00:00,31.7,61,1009.0,8.5,331,0.0
2026-04-20 05:00:00,33.3,53,1008.7,8.7,310,0.0
2026-04-20 06:00:00,33.8,50,1007.8,9.6,284,0.0
2026-04-20 07:00:00,33.4,54,1006.8,13.0,275,0.1
2026-04-20 08:00:00,32.0,63,1005.9,19.8,269,0.3
2026-04-20 09:00:00,32.1,62,1005.0,19.3,261,0.1
2026-04-20 10:00:00,30.5,71,1004.8,18.4,243,1.8
2026-04-20 11:00:00,29.8,74,1004.9,11.2,276,0.3
2026-04-20 12:00:00,29.5,74,1005.0,8.8,255,0.3
2026-04-20 13:00:00,28.9,77,1005.9,6.7,272,0.0
2026-04-20 14:00:00,28.3,81,1007.0,8.5,295,0.0
2026-04-20 15:00:00,27.9,82,1007.7,2.1,285,0.0
2026-04-20 16:00:00,27.3,87,1008.4,0.3,315,0.0
2026-04-20 17:00:00,26.9,88,1009.1,0.6,326,0.0
2026-04-20 18:00:00,26.5,91,1008.5,1.8,336,0.0
2026-04-20 19:00:00,26.2,93,1008.1,1.5,21,0.0
2026-04-20 20:00:00,25.9,94,1007.5,1.5,7,0.0
2026-04-20 21:00:00,25.7,95,1006.6,1.8,349,0.0
2026-04-20 22:00:00,25.3,95,1006.2,2.7,337,0.0
2026-04-20 23:00:00,25.3,94,1006.2,3.9,344,0.0
2026-04-21 00:00:00,25.2,92,1006.3,3.1,54,0.0
2026-04-21 01:00:00,25.5,93,1006.8,3.4,18,0.0
2026-04-21 02:00:00,27.0,89,1007.3,5.0,2,0.0
2026-04-21 03:00:00,29.4,76,1007.7,7.5,339,0.0
2026-04-21 04:00:00,31.0,67,1008.0,9.1,321,0.1
2026-04-21 05:00:00,32.4,59,1007.9,9.7,305,0.1
2026-04-21 06:00:00,33.2,54,1007.1,11.4,301,0.1
2026-04-21 07:00:00,33.5,54,1006.1,12.9,282,0.1
2026-04-21 08:00:00,32.6,60,1005.3,16.6,269,0.9
2026-04-21 09:00:00,31.1,65,1005.0,17.4,262,0.6
2026-04-21 10:00:00,29.8,73,1004.9,14.7,255,3.2
2026-04-21 11:00:00,29.4,77,1004.8,13.0,272,0.1
2026-04-21 12:00:00,27.8,84,1005.2,4.6,219,0.1
2026-04-21 13:00:00,26.3,90,1006.4,4.5,119,0.8
2026-04-21 14:00:00,25.3,95,1007.4,5.9,135,1.4
2026-04-21 15:00:00,24.6,96,1008.1,8.4,146,1.1
2026-04-21 16:00:00,24.7,94,1008.4,2.2,35,0.1
2026-04-21 17:00:00,24.5,96,1008.8,1.4,337,0.0
2026-04-21 18:00:00,24.7,96,1008.3,1.7,32,0.0
2026-04-21 19:00:00,24.6,97,1007.8,3.1,339,0.0
2026-04-21 20:00:00,24.7,97,1007.0,10.1,336,0.0
2026-04-21 21:00:00,24.7,95,1006.4,8.8,355,0.0
2026-04-21 22:00:00,24.4,96,1006.0,7.8,355,0.0
2026-04-21 23:00:00,24.3,96,1006.2,8.7,347,0.0
2026-04-22 00:00:00,24.4,98,1006.3,7.4,347,0.0
2026-04-22 01:00:00,25.1,96,1006.6,8.6,349,0.0
2026-04-22 02:00:00,26.7,90,1007.2,7.2,357,0.0
2026-04-22 03:00:00,28.8,80,1008.1,7.6,346,0.0
2026-04-22 04:00:00,30.8,69,1008.5,10.1,331,0.0
2026-04-22 05:00:00,32.0,63,1008.4,10.3,311,0.2
2026-04-22 06:00:00,32.1,60,1007.6,7.3,293,0.4
2026-04-22 07:00:00,32.3,62,1006.7,9.7,269,0.3
2026-04-22 08:00:00,31.8,65,1005.7,13.5,254,0.9
2026-04-22 09:00:00,31.4,65,1004.9,13.8,257,0.6
2026-04-22 10:00:00,30.9,71,1004.5,12.9,233,0.9
2026-04-22 11:00:00,30.4,71,1004.2,12.5,229,0.0
2026-04-22 12:00:00,30.2,72,1004.1,9.3,238,0.0
2026-04-22 13:00:00,29.4,77,1004.8,7.5,222,0.0
2026-04-22 14:00:00,28.9,79,1005.8,6.1,212,0.0
2026-04-22 15:00:00,28.5,81,1006.6,3.6,183,0.0
2026-04-22 16:00:00,28.0,85,1007.2,1.5,291,0.0
2026-04-22 17:00:00,27.1,89,1007.7,2.4,324,0.1
2026-04-22 18:00:00,26.2,91,1007.3,5.7,325,0.0
2026-04-22 19:00:00,26.1,93,1006.6,4.2,320,0.1
2026-04-22 20:00:00,26.1,92,1006.1,5.6,331,0.1
2026-04-22 21:00:00,26.0,93,1005.4,8.5,354,0.0
2026-04-22 22:00:00,25.6,95,1005.1,6.5,13,0.0
2026-04-22 23:00:00,25.2,96,1005.5,3.6,9,0.0
2026-04-23 00:00:00,25.4,98,1005.5,3.2,344,0.0
2026-04-23 01:00:00,26.0,97,1006.0,2.9,360,0.1
2026-04-23 02:00:00,27.6,88,1006.8,2.8,15,0.0
2026-04-23 03:00:00,29.5,75,1007.3,4.8,345,0.0
2026-04-23 04:00:00,31.1,67,1007.7,4.9,303,0.1
2026-04-23 05:00:00,32.2,61,1007.5,7.2,271,0.1
2026-04-23 06:00:00,32.2,60,1006.8,8.5,264,0.2
2026-04-23 07:00:00,32.2,64,1005.9,11.8,263,0.4
2026-04-23 08:00:00,31.8,64,1005.3,13.9,257,1.8
2026-04-23 09:00:00,31.6,68,1004.5,16.4,255,1.8
2026-04-23 10:00:00,30.4,70,1004.5,13.3,249,1.0
2026-04-23 11:00:00,30.5,70,1004.5,10.7,256,0.7
2026-04-23 12:00:00,27.6,80,1004.8,7.4,227,0.5
2026-04-23 13:00:00,27.1,81,1005.4,2.7,127,0.1
2026-04-23 14:00:00,26.9,85,1006.3,2.7,118,0.0
2026-04-23 15:00:00,26.5,90,1006.8,0.5,270,0.0
2026-04-23 16:00:00,26.1,92,1007.4,2.5,339,0.0
2026-04-23 17:00:00,26.0,93,1007.8,2.4,48,0.0
2026-04-23 18:00:00,26.2,94,1007.0,5.3,350,0.0
2026-04-23 19:00:00,26.0,95,1006.4,5.5,351,0.0
2026-04-23 20:00:00,25.9,96,1005.7,5.5,349,0.0
2026-04-23 21:00:00,25.7,96,1005.1,5.8,353,0.0
2026-04-23 22:00:00,25.5,96,1005.1,7.4,359,0.0
2026-04-23 23:00:00,25.2,96,1005.6,6.7,8,0.0
2026-04-24 00:00:00,25.7,96,1005.2,7.0,4,0.0
2026-04-24 01:00:00,25.9,96,1006.0,7.4,13,0.0
2026-04-24 02:00:00,27.7,89,1007.0,8.5,360,0.0
2026-04-24 03:00:00,29.5,78,1007.9,9.9,344,0.0
2026-04-24 04:00:00,30.9,71,1008.0,8.9,328,0.3
2026-04-24 05:00:00,32.0,64,1007.7,9.5,307,0.1
2026-04-24 06:00:00,32.4,60,1006.8,9.5,292,0.5
2026-04-24 07:00:00,32.2,66,1005.8,11.7,267,0.2
2026-04-24 08:00:00,31.0,72,1005.3,12.5,266,2.3
2026-04-24 09:00:00,30.2,73,1005.2,12.8,220,1.8
2026-04-24 10:00:00,27.9,85,1005.3,10.3,213,2.9
2026-04-24 11:00:00,28.5,82,1005.1,9.3,188,0.0
2026-04-24 12:00:00,29.4,77,1005.0,8.6,217,0.2
2026-04-24 13:00:00,28.5,83,1005.3,2.6,214,0.0
2026-04-24 14:00:00,28.0,87,1006.2,2.2,9,0.0
2026-04-24 15:00:00,27.6,90,1006.7,1.6,27,0.0
2026-04-24 16:00:00,27.0,93,1007.4,2.9,43,0.0
2026-04-24 17:00:00,27.0,92,1007.6,3.1,111,0.0
2026-04-24 18:00:00,26.8,93,1007.3,2.3,94,0.1
2026-04-24 19:00:00,26.6,95,1006.7,2.0,260,0.0
2026-04-24 20:00:00,26.0,96,1006.1,2.3,212,0.4
2026-04-24 21:00:00,26.1,95,1005.6,3.4,254,0.0
2026-04-24 22:00:00,25.5,95,1005.6,3.2,214,0.0
2026-04-24 23:00:00,25.6,94,1006.1,2.4,207,0.0
2026-04-25 00:00:00,25.5,95,1006.7,1.6,333,0.0
2026-04-25 01:00:00,26.2,96,1007.2,1.3,16,0.0
2026-04-25 02:00:00,27.2,90,1008.1,1.5,30,0.0
2026-04-25 03:00:00,28.5,83,1008.5,1.1,9,0.0
2026-04-25 04:00:00,30.0,75,1008.8,2.6,282,0.1
2026-04-25 05:00:00,31.1,69,1008.7,5.2,243,0.2
2026-04-25 06:00:00,31.1,67,1008.3,7.9,229,0.3
2026-04-25 07:00:00,31.2,68,1007.3,9.3,234,0.5
2026-04-25 08:00:00,30.8,70,1006.6,11.5,225,0.6
2026-04-25 09:00:00,31.1,68,1005.7,15.0,220,0.1
2026-04-25 10:00:00,30.6,69,1005.5,14.1,215,0.0
2026-04-25 11:00:00,30.5,67,1005.6,15.0,203,0.3
2026-04-25 12:00:00,29.3,73,1005.8,13.2,184,0.0
2026-04-25 13:00:00,28.6,78,1006.4,11.3,187,0.0
2026-04-25 14:00:00,28.0,82,1007.1,7.1,187,0.0
2026-04-25 15:00:00,27.5,85,1008.0,4.6,162,0.0
2026-04-25 16:00:00,27.1,88,1008.6,4.5,137,0.0
2026-04-25 17:00:00,26.7,89,1008.7,4.5,119,0.0
2026-04-25 18:00:00,26.7,90,1008.2,3.2,117,0.0
2026-04-25 19:00:00,26.5,91,1007.5,3.4,108,0.0
2026-04-25 20:00:00,26.1,91,1006.6,3.4,93,0.0
2026-04-25 21:00:00,25.7,91,1006.2,4.0,72,0.0
2026-04-25 22:00:00,25.2,92,1006.5,4.1,45,0.0
2026-04-25 23:00:00,25.0,93,1006.8,5.6,40,0.0
2026-04-26 00:00:00,24.9,91,1007.2,4.7,43,0.0
2026-04-26 01:00:00,25.6,88,1007.9,5.5,44,0.0
2026-04-26 02:00:00,27.7,82,1008.3,4.2,36,0.0
2026-04-26 03:00:00,29.7,73,1008.8,3.2,34,0.0
2026-04-26 04:00:00,31.3,64,1009.1,2.1,290,0.0
2026-04-26 05:00:00,32.3,58,1008.8,5.2,245,0.1
2026-04-26 06:00:00,32.7,57,1007.9,6.3,246,0.2
2026-04-26 07:00:00,32.8,58,1007.0,8.1,252,0.1
2026-04-26 08:00:00,32.6,58,1006.1,11.4,241,0.3
2026-04-26 09:00:00,32.6,58,1005.2,12.9,231,0.1
2026-04-26 10:00:00,32.0,63,1004.7,13.8,241,0.0
2026-04-26 11:00:00,31.3,65,1004.5,13.7,240,0.0
2026-04-26 12:00:00,30.0,68,1004.9,10.6,251,0.0
2026-04-26 13:00:00,29.6,69,1005.3,5.6,274,0.0
2026-04-26 14:00:00,28.7,77,1006.3,2.5,266,0.0
2026-04-26 15:00:00,28.7,77,1007.3,0.4,153,0.0
2026-04-26 16:00:00,28.4,78,1008.0,0.3,135,0.0
2026-04-26 17:00:00,27.9,80,1008.3,0.6,162,0.0
2026-04-26 18:00:00,26.6,89,1008.0,7.7,359,0.0
2026-04-26 19:00:00,26.3,88,1007.3,5.1,4,0.0
2026-04-26 20:00:00,26.0,89,1006.6,3.8,355,0.0
2026-04-26 21:00:00,25.8,91,1006.1,5.2,333,0.0
2026-04-26 22:00:00,25.6,92,1006.0,6.0,343,0.0
2026-04-26 23:00:00,25.4,93,1006.1,5.8,353,0.0
2026-04-27 00:00:00,25.9,94,1006.1,4.3,327,0.0
2026-04-27 01:00:00,26.2,94,1006.9,4.1,347,0.0
2026-04-27 02:00:00,27.6,87,1007.6,5.2,354,0.0
2026-04-27 03:00:00,29.7,75,1008.2,6.8,343,0.1
2026-04-27 04:00:00,31.2,67,1008.5,8.0,316,0.1
2026-04-27 05:00:00,32.0,63,1007.9,9.4,290,0.1
2026-04-27 06:00:00,32.7,58,1007.3,11.8,278,0.1
2026-04-27 07:00:00,32.6,61,1006.6,13.3,269,0.2
2026-04-27 08:00:00,31.7,64,1005.5,15.7,270,0.7
2026-04-27 09:00:00,31.9,64,1004.3,16.4,265,1.6
2026-04-27 10:00:00,30.3,72,1004.1,17.7,260,1.4
2026-04-27 11:00:00,29.9,73,1004.2,10.6,273,0.2
2026-04-27 12:00:00,29.6,73,1003.9,14.1,274,0.1
2026-04-27 13:00:00,28.5,78,1005.0,2.5,266,0.2
2026-04-27 14:00:00,26.6,87,1006.1,2.8,117,0.4
2026-04-27 15:00:00,26.4,90,1006.9,2.3,86,0.0
2026-04-27 16:00:00,26.1,93,1007.4,0.8,333,0.0
2026-04-27 17:00:00,26.2,94,1007.9,1.2,27,0.0
2026-04-27 18:00:00,26.8,93,1007.1,7.9,309,0.2
2026-04-27 19:00:00,26.7,93,1006.8,5.9,305,0.0
2026-04-27 20:00:00,25.6,98,1006.6,0.9,191,0.3
2026-04-27 21:00:00,25.4,99,1005.9,5.9,38,0.0
2026-04-27 22:00:00,25.5,97,1005.9,5.9,43,0.0
2026-04-27 23:00:00,25.7,96,1005.9,4.3,338,0.0
2026-04-28 00:00:00,24.6,96,1006.5,3.3,276,0.0
2026-04-28 01:00:00,25.1,93,1006.5,4.2,350,0.0
2026-04-28 02:00:00,26.1,91,1007.2,7.0,360,0.0
2026-04-28 03:00:00,28.2,80,1007.9,6.4,352,0.0
2026-04-28 04:00:00,29.9,72,1008.0,5.6,291,0.1
2026-04-28 05:00:00,30.7,70,1007.9,9.7,272,0.6
2026-04-28 06:00:00,30.9,73,1007.3,9.7,270,0.3
2026-04-28 07:00:00,31.0,72,1006.7,11.9,272,0.3
2026-04-28 08:00:00,30.6,72,1006.0,11.2,265,0.2
2026-04-28 09:00:00,29.7,76,1005.6,10.8,271,0.4
2026-04-28 10:00:00,28.9,79,1005.2,11.0,300,0.2
2026-04-28 11:00:00,28.9,77,1004.8,8.7,302,0.0
2026-04-28 12:00:00,28.5,81,1005.0,4.7,302,0.5
2026-04-28 13:00:00,26.4,91,1005.7,2.1,70,3.3
2026-04-28 14:00:00,26.1,95,1006.4,6.3,358,0.8
2026-04-28 15:00:00,25.5,94,1007.4,4.0,69,2.7
2026-04-28 16:00:00,25.0,95,1008.7,5.5,11,1.8
2026-04-28 17:00:00,24.7,97,1008.1,7.2,58,0.1
2026-04-28 18:00:00,24.4,97,1008.1,8.7,13,0.0
2026-04-28 19:00:00,24.5,98,1007.3,7.4,56,0.1
2026-04-28 20:00:00,24.4,97,1006.4,5.2,46,0.0
2026-04-28 21:00:00,24.3,97,1005.9,2.2,9,0.0
2026-04-28 22:00:00,24.4,97,1005.7,5.2,338,0.0
2026-04-28 23:00:00,24.5,96,1006.3,4.6,347,0.0
2026-04-29 00:00:00,24.1,97,1006.3,7.0,347,0.0
2026-04-29 01:00:00,23.9,96,1007.3,9.6,334,4.8
2026-04-29 02:00:00,24.5,95,1007.7,4.8,326,0.0
2026-04-29 03:00:00,24.5,91,1009.5,2.3,212,6.8
2026-04-29 04:00:00,24.8,90,1009.5,3.4,115,0.0
2026-04-29 05:00:00,25.9,88,1009.3,5.9,121,1.7
2026-04-29 06:00:00,27.5,83,1008.9,2.1,290,0.0
2026-04-29 07:00:00,29.3,76,1008.2,6.5,278,0.0
2026-04-29 08:00:00,29.5,75,1006.9,10.3,257,0.1
2026-04-29 09:00:00,28.2,83,1006.4,10.1,264,1.4
2026-04-29 10:00:00,28.8,79,1005.8,8.7,276,0.0
2026-04-29 11:00:00,28.5,79,1005.8,8.5,257,0.3
2026-04-29 12:00:00,28.2,82,1006.1,3.5,325,0.1
2026-04-29 13:00:00,26.8,89,1006.7,1.0,239,0.9
2026-04-29 14:00:00,26.4,93,1007.5,2.4,153,0.0
2026-04-29 15:00:00,26.4,93,1008.6,2.9,210,0.0
2026-04-29 16:00:00,26.4,93,1008.7,1.6,180,0.0
2026-04-29 17:00:00,26.1,91,1009.4,6.9,171,1.5
2026-04-29 18:00:00,25.9,92,1009.0,4.2,205,2.1
2026-04-29 19:00:00,25.0,94,1008.6,4.1,119,0.6
2026-04-29 20:00:00,24.7,96,1007.7,3.1,77,0.0
2026-04-29 21:00:00,24.3,98,1007.3,3.1,28,0.0
2026-04-29 22:00:00,24.3,97,1006.7,5.6,22,0.0
2026-04-29 23:00:00,24.3,96,1007.0,5.5,32,0.0
2026-04-30 00:00:00,25.3,98,1007.2,10.9,343,0.0
2026-04-30 01:00:00,25.5,97,1007.9,10.8,360,0.0
2026-04-30 02:00:00,26.3,95,1008.7,9.7,1,0.0
2026-04-30 03:00:00,27.7,89,1009.3,9.0,360,0.0
2026-04-30 04:00:00,29.5,79,1009.6,6.9,343,0.0
2026-04-30 05:00:00,30.7,73,1009.5,7.0,302,0.0
2026-04-30 06:00:00,31.8,70,1008.6,8.5,276,0.0
2026-04-30 07:00:00,31.6,69,1008.1,12.9,258,0.8
2026-04-30 08:00:00,30.9,73,1007.7,9.2,244,0.1
2026-04-30 09:00:00,29.5,78,1006.9,10.3,257,1.8
2026-04-30 10:00:00,29.5,80,1006.6,8.3,250,0.4
2026-04-30 11:00:00,27.9,83,1006.9,10.2,253,5.1
2026-04-30 12:00:00,25.8,92,1008.0,7.0,269,0.2
2026-04-30 13:00:00,26.1,91,1007.8,4.2,342,0.1
2026-04-30 14:00:00,25.7,95,1008.6,4.7,4,0.0
2026-04-30 15:00:00,25.4,96,1009.4,6.3,15,0.0
2026-04-30 16:00:00,25.1,96,1010.2,5.1,17,0.0
2026-04-30 17:00:00,25.0,95,1010.5,4.2,20,0.0
2026-04-30 18:00:00,25.2,93,1010.4,10.6,358,0.0
2026-04-30 19:00:00,24.6,93,1010.1,17.2,355,0.2
2026-04-30 20:00:00,24.4,94,1008.4,8.3,359,0.0
2026-04-30 21:00:00,24.2,95,1007.8,4.3,343,0.0
2026-04-30 22:00:00,24.4,94,1007.5,6.4,324,0.0
2026-04-30 23:00:00,24.1,95,1007.7,3.7,346,0.0
2026-05-01 00:00:00,24.9,92,1008.0,5.6,339,0.0
2026-05-01 01:00:00,25.6,90,1008.6,5.7,347,0.0
2026-05-01 02:00:00,26.9,88,1009.2,5.1,350,0.0
2026-05-01 03:00:00,28.5,80,1009.7,4.8,335,0.0
2026-05-01 04:00:00,29.8,75,1010.3,7.6,313,0.1
2026-05-01 05:00:00,30.7,73,1010.1,9.3,306,0.1
2026-05-01 06:00:00,32.0,67,1009.5,11.7,291,0.0
2026-05-01 07:00:00,30.4,73,1008.9,14.8,269,0.5
2026-05-01 08:00:00,30.3,76,1007.7,13.3,278,0.3
2026-05-01 09:00:00,30.1,77,1006.7,15.1,267,0.0
2026-05-01 10:00:00,28.8,83,1006.4,11.4,275,0.7
2026-05-01 11:00:00,28.6,83,1006.5,8.4,293,0.2
2026-05-01 12:00:00,28.1,83,1006.2,8.9,351,0.1
2026-05-01 13:00:00,27.7,85,1006.5,6.2,322,0.0
2026-05-01 14:00:00,27.2,89,1007.3,5.8,334,0.0
2026-05-01 15:00:00,26.7,92,1007.9,4.1,319,0.0
2026-05-01 16:00:00,26.7,92,1008.8,4.5,310,0.0
2026-05-01 17:00:00,26.7,92,1009.2,7.3,308,0.0
2026-05-01 18:00:00,27.1,92,1008.5,9.4,310,0.0
2026-05-01 19:00:00,26.8,93,1007.8,7.5,327,0.0
2026-05-01 20:00:00,26.3,96,1007.1,5.6,353,0.0
2026-05-01 21:00:00,25.8,97,1006.7,5.3,12,0.0
2026-05-01 22:00:00,25.5,97,1006.2,6.5,24,0.0
2026-05-01 23:00:00,25.4,96,1006.2,5.2,22,0.0
2026-05-02 00:00:00,25.9,96,1006.6,8.1,354,1.3
2026-05-02 01:00:00,26.3,93,1007.4,7.5,330,0.5
2026-05-02 02:00:00,27.1,91,1008.3,7.1,315,0.1
2026-05-02 03:00:00,28.0,86,1009.3,8.3,294,0.2
2026-05-02 04:00:00,29.7,78,1009.5,9.7,305,0.1
2026-05-02 05:00:00,30.2,76,1009.5,11.9,288,0.1
2026-05-02 06:00:00,31.3,70,1008.8,15.1,279,0.1
2026-05-02 07:00:00,30.3,79,1008.5,9.2,263,2.6
2026-05-02 08:00:00,29.9,78,1007.2,12.0,286,0.2
2026-05-02 09:00:00,29.9,76,1006.3,12.9,288,0.2
2026-05-02 10:00:00,28.0,83,1005.9,13.5,289,4.6
2026-05-02 11:00:00,27.3,88,1006.0,7.6,301,3.2
2026-05-02 12:00:00,26.7,90,1005.8,9.0,355,0.9
2026-05-02 13:00:00,26.3,92,1006.5,11.6,354,0.0
2026-05-02 14:00:00,25.7,93,1007.4,9.3,19,0.0
2026-05-02 15:00:00,25.6,92,1007.7,9.0,15,0.0
2026-05-02 16:00:00,25.7,91,1008.0,7.7,359,0.0
2026-05-02 17:00:00,25.5,92,1008.1,7.9,348,0.0
2026-05-02 18:00:00,25.0,91,1007.6,7.5,340,0.0
2026-05-02 19:00:00,25.2,91,1007.2,7.2,323,0.0
2026-05-02 20:00:00,25.3,91,1007.1,7.1,333,0.0
2026-05-02 21:00:00,25.1,92,1006.6,6.6,344,0.0
2026-05-02 22:00:00,24.9,92,1006.0,7.6,357,0.0
2026-05-02 23:00:00,24.9,91,1006.1,7.7,360,0.0
2026-05-03 00:00:00,25.5,92,1007.2,7.9,333,0.0
2026-05-03 01:00:00,25.8,91,1007.9,7.4,319,0.0
2026-05-03 02:00:00,27.0,86,1008.3,8.1,321,0.0
2026-05-03 03:00:00,28.4,80,1009.1,8.2,310,0.0
2026-05-03 04:00:00,30.0,72,1009.1,12.0,319,0.0
2026-05-03 05:00:00,31.1,66,1008.8,14.1,312,0.0
2026-05-03 06:00:00,31.7,63,1008.0,13.4,309,0.0
2026-05-03 07:00:00,32.2,62,1007.4,12.4,291,0.0
2026-05-03 08:00:00,30.8,67,1006.7,15.2,280,0.5
2026-05-03 09:00:00,30.7,67,1006.3,13.5,273,0.3
2026-05-03 10:00:00,30.4,71,1005.9,13.0,303,0.9
2026-05-03 11:00:00,30.3,70,1005.7,11.2,302,0.0
2026-05-03 12:00:00,28.9,80,1005.8,13.9,300,0.0
2026-05-03 13:00:00,26.6,93,1007.1,8.7,315,3.6
2026-05-03 14:00:00,26.2,93,1007.7,8.7,308,0.1
2026-05-03 15:00:00,25.9,93,1008.2,6.5,332,0.1
2026-05-03 16:00:00,25.6,94,1009.1,4.8,295,0.0
2026-05-03 17:00:00,25.6,95,1009.3,4.3,315,0.0
2026-05-03 18:00:00,25.6,96,1008.6,9.0,331,0.1
2026-05-03 19:00:00,25.7,95,1008.2,9.1,330,0.0
2026-05-03 20:00:00,25.7,95,1007.7,9.3,310,0.2
2026-05-03 21:00:00,25.5,96,1006.3,11.2,315,0.0
2026-05-03 22:00:00,25.3,97,1006.2,5.3,327,0.0
2026-05-03 23:00:00,25.0,97,1006.3,4.2,340,0.0
2026-05-04 00:00:00,25.8,97,1006.0,7.2,6,0.0
2026-05-04 01:00:00,26.1,96,1007.0,7.1,10,0.0
2026-05-04 02:00:00,27.3,91,1008.0,6.9,6,0.0
2026-05-04 03:00:00,29.1,79,1008.6,10.5,340,0.1
2026-05-04 04:00:00,30.6,68,1009.0,13.0,325,0.1
2026-05-04 05:00:00,31.7,60,1008.8,13.6,314,0.0
2026-05-04 06:00:00,32.7,53,1007.9,13.0,311,0.0
2026-05-04 07:00:00,33.5,50,1007.4,12.9,297,0.0
2026-05-04 08:00:00,33.3,52,1006.4,16.3,281,0.0
2026-05-04 09:00:00,32.2,57,1005.5,19.3,269,0.0
2026-05-04 10:00:00,31.3,62,1005.6,16.5,276,0.0
2026-05-04 11:00:00,31.3,60,1005.6,16.4,279,0.0
2026-05-04 12:00:00,29.4,70,1005.6,7.2,297,0.0
2026-05-04 13:00:00,28.1,80,1006.1,3.9,338,0.8
2026-05-04 14:00:00,25.5,96,1007.6,11.4,333,1.2
2026-05-04 15:00:00,25.1,94,1008.7,9.7,333,0.2
2026-05-04 16:00:00,25.0,95,1009.1,5.6,331,0.0
2026-05-04 17:00:00,24.7,96,1009.2,7.4,354,0.0
2026-05-04 18:00:00,24.5,94,1008.5,8.5,360,0.0
2026-05-04 19:00:00,24.7,93,1007.7,8.1,359,0.0
2026-05-04 20:00:00,24.6,93,1006.7,6.0,3,0.0
2026-05-04 21:00:00,24.4,94,1006.8,8.1,360,0.0
2026-05-04 22:00:00,24.5,92,1006.7,7.9,359,0.0
2026-05-04 23:00:00,24.4,91,1006.8,6.5,352,0.0
2026-05-05 00:00:00,25.5,89,1007.2,4.9,343,0.0
2026-05-05 01:00:00,25.3,92,1007.9,12.0,12,0.2
2026-05-05 02:00:00,25.4,89,1008.5,14.9,359,0.0
2026-05-05 03:00:00,27.3,80,1008.8,12.8,358,0.0
2026-05-05 04:00:00,29.4,72,1009.0,9.2,356,0.0
2026-05-05 05:00:00,30.9,67,1008.8,7.8,320,0.1
2026-05-05 06:00:00,30.7,68,1008.3,7.0,288,0.1
2026-05-05 07:00:00,29.1,78,1007.7,12.9,262,3.2
2026-05-05 08:00:00,28.5,82,1007.6,4.6,252,0.7
2026-05-05 09:00:00,27.6,85,1006.6,3.0,335,0.3
2026-05-05 10:00:00,27.8,85,1005.8,6.2,330,0.5
2026-05-05 11:00:00,28.1,82,1005.3,11.4,329,0.6
2026-05-05 12:00:00,30.3,65,1005.1,11.9,312,0.0
2026-05-05 13:00:00,28.8,73,1006.3,10.4,314,0.0
2026-05-05 14:00:00,28.1,78,1007.2,7.9,313,0.0
2026-05-05 15:00:00,26.4,89,1008.0,7.3,300,2.8
2026-05-05 16:00:00,25.4,93,1008.5,9.1,352,0.1
2026-05-05 17:00:00,25.0,93,1008.5,9.0,357,0.0
2026-05-05 18:00:00,25.2,93,1008.1,9.9,358,0.0
2026-05-05 19:00:00,25.0,93,1006.9,12.1,4,0.0
2026-05-05 20:00:00,25.1,92,1005.8,13.4,5,0.0
2026-05-05 21:00:00,25.0,92,1005.5,13.7,360,0.0
2026-05-05 22:00:00,24.9,92,1005.4,13.2,355,0.0
2026-05-05 23:00:00,24.8,92,1005.2,12.4,358,0.0
2026-05-06 00:00:00,25.3,90,1005.4,10.5,355,0.0
2026-05-06 01:00:00,25.6,89,1005.8,11.9,350,0.0
2026-05-06 02:00:00,26.7,86,1006.1,12.7,352,0.0
2026-05-06 03:00:00,28.5,79,1006.8,11.7,358,0.0
2026-05-06 04:00:00,30.1,72,1007.0,12.0,352,0.0
2026-05-06 05:00:00,31.5,66,1006.8,11.8,344,0.1
2026-05-06 06:00:00,32.9,59,1005.9,8.5,342,0.0
2026-05-06 07:00:00,33.4,58,1005.2,10.4,298,0.1
2026-05-06 08:00:00,31.9,66,1004.3,15.1,273,3.2
2026-05-06 09:00:00,28.6,82,1004.1,14.8,347,6.5
2026-05-06 10:00:00,27.5,84,1004.1,8.5,97,0.4
2026-05-06 11:00:00,26.5,91,1003.9,7.3,74,0.7
2026-05-06 12:00:00,26.4,91,1004.0,2.1,70,0.1
2026-05-06 13:00:00,26.1,95,1004.5,3.5,51,0.1
2026-05-06 14:00:00,25.8,96,1005.4,4.7,58,0.0
2026-05-06 15:00:00,25.8,95,1005.9,3.2,109,0.1
2026-05-06 16:00:00,25.9,94,1006.4,6.9,157,0.2
2026-05-06 17:00:00,26.2,94,1006.4,6.3,175,0.1
2026-05-06 18:00:00,26.5,93,1006.3,7.4,180,0.0
2026-05-06 19:00:00,26.3,95,1006.2,7.2,183,0.0
2026-05-06 20:00:00,26.1,91,1005.9,7.5,197,1.0
2026-05-06 21:00:00,25.5,93,1005.2,1.8,294,0.1
2026-05-06 22:00:00,25.3,95,1004.9,3.1,320,0.1
2026-05-06 23:00:00,24.7,98,1005.3,5.7,351,0.0
2026-05-07 00:00:00,25.0,95,1005.1,3.8,85,0.0
2026-05-07 01:00:00,25.1,94,1005.7,2.4,48,0.0
2026-05-07 02:00:00,26.0,94,1006.6,2.3,356,0.0
2026-05-07 03:00:00,27.2,90,1007.2,3.8,352,0.0
2026-05-07 04:00:00,28.6,80,1007.4,3.7,346,0.0
2026-05-07 05:00:00,30.0,71,1007.2,3.4,288,0.0
2026-05-07 06:00:00,30.4,70,1005.9,3.4,328,0.0
2026-05-07 07:00:00,31.4,66,1005.2,1.1,279,0.0
2026-05-07 08:00:00,31.6,66,1004.3,7.4,238,0.0
2026-05-07 09:00:00,30.2,74,1003.8,13.6,238,0.5
2026-05-07 10:00:00,29.6,74,1004.1,9.1,252,0.3
2026-05-07 11:00:00,28.2,79,1004.3,3.4,238,0.5
2026-05-07 12:00:00,28.9,76,1004.3,2.8,349,1.8
2026-05-07 13:00:00,26.0,90,1005.7,3.8,107,2.6
2026-05-07 14:00:00,25.6,94,1006.3,6.6,13,1.6
2026-05-07 15:00:00,24.9,97,1006.6,9.2,12,0.2
2026-05-07 16:00:00,24.7,96,1006.9,8.7,14,0.1
2026-05-07 17:00:00,24.7,96,1007.4,10.0,34,0.0
2026-05-07 18:00:00,25.1,94,1007.1,10.1,22,0.0
2026-05-07 19:00:00,25.4,92,1006.2,10.8,360,0.0
2026-05-07 20:00:00,25.4,91,1005.6,10.3,355,0.0
2026-05-07 21:00:00,25.2,90,1005.0,12.0,348,0.0
2026-05-07 22:00:00,25.0,90,1004.7,12.3,350,0.0
2026-05-07 23:00:00,24.8,90,1004.7,12.2,351,0.0
2026-05-08 00:00:00,24.3,93,1005.4,11.4,354,0.0
2026-05-08 01:00:00,24.7,91,1005.8,12.1,345,0.2
2026-05-08 02:00:00,25.7,91,1005.9,8.7,356,0.0
2026-05-08 03:00:00,27.2,88,1006.1,5.6,7,0.0
2026-05-08 04:00:00,28.9,79,1006.2,2.9,356,0.0
2026-05-08 05:00:00,30.3,73,1006.2,1.2,297,0.0
2026-05-08 06:00:00,31.6,63,1006.2,3.8,360,0.1
2026-05-08 07:00:00,32.6,60,1005.5,2.7,356,0.0
2026-05-08 08:00:00,32.8,60,1004.7,2.4,167,0.0
2026-05-08 09:00:00,29.1,81,1004.1,8.2,147,3.5
2026-05-08 10:00:00,28.5,83,1003.5,2.8,162,1.0
2026-05-08 11:00:00,29.5,76,1003.5,6.8,228,0.2
2026-05-08 12:00:00,29.4,77,1003.7,4.2,277,0.0
2026-05-08 13:00:00,27.9,86,1004.9,1.2,297,1.3
2026-05-08 14:00:00,26.6,94,1006.0,4.7,9,2.1
2026-05-08 15:00:00,26.2,95,1006.3,7.7,12,0.0
2026-05-08 16:00:00,25.6,96,1007.4,5.9,31,0.0
2026-05-08 17:00:00,25.4,96,1007.5,3.8,11,0.0
2026-05-08 18:00:00,25.3,94,1007.3,6.2,52,0.0
2026-05-08 19:00:00,25.2,93,1006.3,3.3,29,0.0
2026-05-08 20:00:00,25.1,94,1005.7,4.1,77,0.1
2026-05-08 21:00:00,25.1,94,1005.0,4.2,160,0.1
2026-05-08 22:00:00,25.5,93,1005.1,4.6,159,0.0
2026-05-08 23:00:00,25.5,94,1005.5,5.6,151,0.1
2026-05-09 00:00:00,25.0,96,1005.7,3.4,72,0.3
2026-05-09 01:00:00,24.7,99,1006.2,7.6,71,0.2
2026-05-09 02:00:00,25.6,96,1006.7,4.7,83,0.2
2026-05-09 03:00:00,26.7,93,1007.4,4.8,115,0.1
2026-05-09 04:00:00,28.3,87,1007.8,3.2,137,0.4
2026-05-09 05:00:00,28.7,83,1008.4,7.2,215,0.4
2026-05-09 06:00:00,25.7,91,1008.8,9.4,244,5.9
2026-05-09 07:00:00,26.6,85,1007.8,8.5,257,0.1
2026-05-09 08:00:00,26.8,85,1006.5,3.7,293,0.9
2026-05-09 09:00:00,27.1,83,1005.7,6.1,300,0.6
2026-05-09 10:00:00,27.3,82,1004.6,8.1,307,0.1
2026-05-09 11:00:00,28.0,78,1004.2,8.4,307,0.0
2026-05-09 12:00:00,27.3,87,1004.6,3.8,8,0.1
2026-05-09 13:00:00,26.3,94,1005.1,7.1,16,0.2
2026-05-09 14:00:00,25.7,95,1006.1,8.4,23,0.3
2026-05-09 15:00:00,25.5,94,1006.7,7.7,9,0.1
2026-05-09 16:00:00,25.5,94,1007.1,7.2,6,0.0
2026-05-09 17:00:00,25.6,92,1006.9,8.5,353,0.0
2026-05-09 18:00:00,25.7,93,1006.7,11.1,346,0.0
2026-05-09 19:00:00,25.6,94,1005.9,11.7,350,0.0
2026-05-09 20:00:00,25.4,94,1005.2,9.0,350,0.0
2026-05-09 21:00:00,25.2,94,1004.4,10.7,338,0.0
2026-05-09 22:00:00,25.2,93,1004.5,10.3,344,0.0
2026-05-09 23:00:00,25.0,93,1004.3,8.9,336,0.0
2026-05-10 00:00:00,24.6,96,1004.4,3.6,37,0.0
2026-05-10 01:00:00,24.8,95,1004.9,1.5,60,0.0
2026-05-10 02:00:00,26.0,92,1005.8,1.8,6,0.0
2026-05-10 03:00:00,27.6,84,1006.8,4.0,98,0.0
2026-05-10 04:00:00,29.0,80,1007.3,6.4,142,0.0
2026-05-10 05:00:00,29.5,77,1007.3,6.3,173,0.1
2026-05-10 06:00:00,26.7,85,1007.5,8.1,197,0.0
2026-05-10 07:00:00,27.5,83,1006.8,3.7,235,1.4
2026-05-10 08:00:00,28.6,83,1006.1,5.1,243,0.3
2026-05-10 09:00:00,28.9,80,1004.7,3.9,227,0.2
2026-05-10 10:00:00,28.0,82,1004.2,6.7,234,0.6
2026-05-10 11:00:00,27.3,85,1004.3,5.4,256,2.8
2026-05-10 12:00:00,28.8,78,1004.2,4.6,198,0.2
2026-05-10 13:00:00,27.0,89,1005.0,8.5,245,0.0
2026-05-10 14:00:00,26.7,90,1005.8,6.5,247,0.0
2026-05-10 15:00:00,26.4,92,1006.7,3.7,215,0.0
2026-05-10 16:00:00,26.2,93,1007.1,2.4,189,0.0
2026-05-10 17:00:00,25.8,94,1007.3,0.6,214,0.1
2026-05-10 18:00:00,25.8,95,1007.1,2.3,113,0.0
2026-05-10 19:00:00,25.2,96,1006.5,3.8,73,1.7
2026-05-10 20:00:00,25.0,98,1005.7,7.6,18,0.0
2026-05-10 21:00:00,24.7,97,1005.1,6.7,355,0.0
2026-05-10 22:00:00,24.4,98,1004.9,6.5,14,0.0
2026-05-10 23:00:00,24.3,98,1005.0,7.2,14,0.0
2026-05-11 00:00:00,25.3,96,1005.0,1.9,338,0.0
2026-05-11 01:00:00,25.7,96,1005.7,4.4,353,0.0
2026-05-11 02:00:00,26.7,92,1006.7,6.2,10,0.0
2026-05-11 03:00:00,28.1,84,1007.3,7.6,346,0.1
2026-05-11 04:00:00,29.1,78,1007.6,9.9,305,0.1
2026-05-11 05:00:00,29.4,79,1007.1,10.0,296,0.1
2026-05-11 06:00:00,30.1,76,1007.1,12.3,278,0.2
2026-05-11 07:00:00,29.6,75,1006.1,15.3,278,1.6
2026-05-11 08:00:00,29.1,82,1005.6,10.6,288,0.4
2026-05-11 09:00:00,29.5,78,1004.9,7.4,267,0.1
2026-05-11 10:00:00,27.2,82,1004.8,9.4,294,0.4
2026-05-11 11:00:00,28.1,81,1004.2,5.5,319,0.1
2026-05-11 12:00:00,29.5,74,1004.5,9.9,302,0.5
2026-05-11 13:00:00,28.6,80,1004.8,7.6,313,0.0
2026-05-11 14:00:00,28.1,83,1005.7,6.7,326,0.0
2026-05-11 15:00:00,27.6,86,1006.2,6.7,351,0.0
2026-05-11 16:00:00,27.0,89,1006.7,8.6,2,0.0
2026-05-11 17:00:00,26.6,89,1006.7,7.2,4,0.0
2026-05-11 18:00:00,26.7,87,1006.1,11.2,357,0.0
2026-05-11 19:00:00,26.6,86,1005.3,11.1,352,0.0
2026-05-11 20:00:00,26.4,85,1004.7,12.0,339,0.0
2026-05-11 21:00:00,26.1,87,1004.3,11.7,329,0.0
2026-05-11 22:00:00,25.7,90,1003.9,12.4,339,0.0
2026-05-11 23:00:00,25.1,93,1004.0,11.6,347,0.0
2026-05-12 00:00:00,25.7,91,1003.9,12.5,340,0.0
2026-05-12 01:00:00,25.9,90,1004.4,12.8,345,0.0
2026-05-12 02:00:00,26.6,88,1005.1,10.8,349,0.0
2026-05-12 03:00:00,28.5,82,1006.0,11.2,345,0.0
2026-05-12 04:00:00,29.7,78,1006.4,13.6,329,0.0
2026-05-12 05:00:00,30.6,75,1006.2,15.2,316,0.0
2026-05-12 06:00:00,30.7,75,1005.4,15.4,300,0.0
2026-05-12 07:00:00,28.8,85,1005.4,15.9,282,0.8
2026-05-12 08:00:00,28.4,84,1004.4,16.5,278,0.6
2026-05-12 09:00:00,29.9,74,1003.5,14.8,294,0.2
2026-05-12 10:00:00,28.3,87,1003.4,13.0,287,1.3
2026-05-12 11:00:00,28.0,89,1003.3,13.0,301,0.9
2026-05-12 12:00:00,28.8,82,1003.2,8.4,312,0.5
2026-05-12 13:00:00,27.0,89,1004.0,9.4,4,0.3
2026-05-12 14:00:00,26.0,92,1004.6,9.0,33,0.1
2026-05-12 15:00:00,25.9,90,1005.4,6.3,3,0.0
2026-05-12 16:00:00,25.9,90,1006.3,4.8,340,0.0
2026-05-12 17:00:00,26.1,90,1006.6,4.4,341,0.0
2026-05-12 18:00:00,26.6,88,1006.2,8.9,336,0.0
2026-05-12 19:00:00,26.4,90,1005.3,8.2,352,0.0
2026-05-12 20:00:00,25.9,92,1004.9,9.4,343,0.0
2026-05-12 21:00:00,25.4,96,1004.7,7.2,288,0.5
2026-05-12 22:00:00,25.7,95,1004.3,7.9,327,0.1
2026-05-12 23:00:00,25.5,94,1004.4,8.6,311,0.1
2026-05-13 00:00:00,25.4,95,1004.3,8.5,342,0.1
2026-05-13 01:00:00,25.5,94,1004.9,8.6,345,0.0
2026-05-13 02:00:00,25.9,93,1005.7,8.1,354,0.1
2026-05-13 03:00:00,27.0,86,1006.6,8.9,335,0.1
2026-05-13 04:00:00,28.1,81,1006.6,11.1,312,0.1
2026-05-13 05:00:00,29.4,78,1006.2,11.5,301,0.1
2026-05-13 06:00:00,30.0,72,1005.9,15.5,308,0.0
2026-05-13 07:00:00,29.5,75,1005.2,16.1,302,0.2
2026-05-13 08:00:00,29.2,74,1004.1,17.4,296,0.5
2026-05-13 09:00:00,28.7,80,1003.0,17.6,294,0.2
2026-05-13 10:00:00,28.7,80,1002.6,14.7,298,0.0
2026-05-13 11:00:00,28.0,83,1002.8,12.9,316,0.3
2026-05-13 12:00:00,29.0,79,1002.3,12.8,318,0.2
2026-05-13 13:00:00,28.2,82,1003.1,9.8,330,0.0
2026-05-13 14:00:00,27.6,86,1003.8,8.4,340,0.0
2026-05-13 15:00:00,27.4,87,1004.4,10.3,341,0.0
2026-05-13 16:00:00,27.5,86,1005.1,11.4,336,0.0
2026-05-13 17:00:00,27.3,86,1005.1,11.4,336,0.0
2026-05-13 18:00:00,27.3,89,1004.0,11.7,337,0.0
2026-05-13 19:00:00,27.2,89,1003.6,11.3,329,0.1
2026-05-13 20:00:00,26.8,91,1003.2,10.7,314,0.2
2026-05-13 21:00:00,26.7,92,1002.4,7.9,325,0.0
2026-05-13 22:00:00,26.2,95,1002.3,5.6,343,0.1
2026-05-13 23:00:00,25.5,96,1002.9,7.2,298,0.3
2026-05-14 00:00:00,26.2,95,1002.8,12.3,305,0.8
2026-05-14 01:00:00,26.1,95,1003.6,12.6,333,0.3
2026-05-14 02:00:00,26.4,95,1004.3,13.1,326,0.2
2026-05-14 03:00:00,27.0,91,1005.2,11.6,321,0.1
2026-05-14 04:00:00,28.0,84,1005.7,12.3,310,0.1
2026-05-14 05:00:00,29.1,82,1005.9,13.5,295,0.1
2026-05-14 06:00:00,28.4,77,1005.4,14.8,315,0.6
2026-05-14 07:00:00,26.2,87,1005.0,13.3,308,1.1
2026-05-14 08:00:00,28.7,79,1004.2,13.5,297,0.2
2026-05-14 09:00:00,29.1,79,1003.2,14.6,303,0.1
2026-05-14 10:00:00,27.4,81,1002.7,17.0,312,0.5
2026-05-14 11:00:00,26.8,90,1002.8,12.7,310,1.2
2026-05-14 12:00:00,27.0,85,1003.0,10.2,350,0.3
2026-05-14 13:00:00,26.8,88,1003.9,6.1,348,0.0
2026-05-14 14:00:00,26.7,89,1004.6,5.6,360,0.0
2026-05-14 15:00:00,26.4,92,1005.1,5.6,345,0.0
2026-05-14 16:00:00,26.2,93,1005.6,6.0,344,0.0
2026-05-14 17:00:00,26.2,93,1005.8,4.7,328,0.0
2026-05-14 18:00:00,24.9,94,1005.0,6.6,307,0.1
2026-05-14 19:00:00,25.4,91,1004.3,9.4,322,0.0
2026-05-14 20:00:00,25.6,93,1004.0,10.6,305,0.0
2026-05-14 21:00:00,25.5,93,1003.5,9.3,286,0.0
2026-05-14 22:00:00,25.1,94,1003.4,9.2,309,0.2
2026-05-14 23:00:00,24.7,96,1003.4,7.0,334,0.3
2026-05-15 00:00:00,23.2,98,1003.9,5.7,347,0.0
2026-05-15 01:00:00,24.0,97,1005.0,3.2,344,0.0
2026-05-15 02:00:00,24.5,98,1005.2,9.4,358,0.0
2026-05-15 03:00:00,25.2,96,1005.5,7.9,340,0.2
2026-05-15 04:00:00,26.2,90,1006.2,10.8,345,0.0
2026-05-15 05:00:00,26.4,88,1006.0,11.4,336,0.1
2026-05-15 06:00:00,26.4,91,1005.5,14.4,320,0.9
2026-05-15 07:00:00,26.6,94,1005.0,14.6,331,2.0
2026-05-15 08:00:00,26.8,91,1004.7,13.4,318,1.0
2026-05-15 09:00:00,26.8,89,1003.9,14.1,322,0.7
2026-05-15 10:00:00,26.6,94,1003.6,11.0,319,1.0
2026-05-15 11:00:00,26.9,91,1003.3,14.0,294,0.9
2026-05-15 12:00:00,24.9,98,1003.1,9.5,14,0.9
2026-05-15 13:00:00,25.2,97,1003.5,9.9,345,0.3
2026-05-15 14:00:00,25.2,97,1004.1,8.3,336,0.1
2026-05-15 15:00:00,25.2,97,1004.8,9.6,327,0.0
2026-05-15 16:00:00,24.9,96,1005.3,6.9,332,0.0
2026-05-15 17:00:00,25.0,95,1005.5,6.2,296,0.0
2026-05-15 18:00:00,25.4,96,1004.7,10.9,326,0.0
2026-05-15 19:00:00,24.9,97,1004.3,9.2,344,0.0
2026-05-15 20:00:00,24.7,97,1004.0,8.6,359,0.0
2026-05-15 21:00:00,24.6,96,1003.2,8.8,356,0.0
2026-05-15 22:00:00,24.3,96,1002.7,8.1,3,0.0
2026-05-15 23:00:00,24.3,96,1003.3,7.8,345,0.0
2026-05-16 00:00:00,24.4,95,1003.0,7.1,339,0.0
2026-05-16 01:00:00,24.7,95,1003.8,6.3,342,0.0
2026-05-16 02:00:00,26.0,93,1005.0,5.9,348,0.0
2026-05-16 03:00:00,26.7,89,1005.7,7.7,279,0.2
2026-05-16 04:00:00,28.3,81,1006.3,10.7,277,0.3
2026-05-16 05:00:00,29.9,73,1005.9,12.0,277,0.1
2026-05-16 06:00:00,29.8,70,1006.0,16.0,295,1.6
2026-05-16 07:00:00,28.6,79,1005.7,9.7,317,0.8
2026-05-16 08:00:00,28.9,76,1004.9,13.8,287,0.3
2026-05-16 09:00:00,27.3,80,1004.1,25.9,312,0.6
2026-05-16 10:00:00,27.6,81,1003.6,19.4,326,0.1
2026-05-16 11:00:00,27.6,82,1003.7,15.3,332,0.2
2026-05-16 12:00:00,27.6,84,1002.8,13.5,352,0.7
2026-05-16 13:00:00,26.8,89,1003.4,9.9,360,0.0
2026-05-16 14:00:00,26.4,91,1004.1,10.4,350,0.0
2026-05-16 15:00:00,26.0,93,1004.8,10.9,351,0.0
2026-05-16 16:00:00,26.0,93,1005.6,11.3,343,0.0
2026-05-16 17:00:00,25.9,92,1005.8,12.7,339,0.0
2026-05-16 18:00:00,26.6,89,1005.1,13.3,335,0.0
2026-05-16 19:00:00,26.6,87,1004.9,12.3,331,0.0
2026-05-16 20:00:00,26.4,89,1004.7,10.3,337,0.0
2026-05-16 21:00:00,26.3,89,1004.4,9.6,343,0.0
2026-05-16 22:00:00,26.1,90,1003.7,9.7,317,0.0
2026-05-16 23:00:00,25.5,92,1004.7,16.9,315,0.2
2026-05-17 00:00:00,23.9,97,1004.6,11.7,257,0.4
2026-05-17 01:00:00,24.2,96,1005.8,10.5,282,5.1
2026-05-17 02:00:00,24.8,96,1006.5,10.0,247,7.8
2026-05-17 03:00:00,25.6,95,1007.0,8.6,272,5.5
2026-05-17 04:00:00,26.8,89,1007.3,13.2,300,0.4
2026-05-17 05:00:00,28.0,82,1007.2,8.2,303,0.1
2026-05-17 06:00:00,28.8,80,1006.7,13.9,274,0.1
2026-05-17 07:00:00,28.7,81,1006.4,12.6,274,0.4
2026-05-17 08:00:00,28.4,82,1005.6,12.4,273,0.1
2026-05-17 09:00:00,26.8,89,1004.7,16.2,271,3.3
2026-05-17 10:00:00,26.0,93,1004.7,17.0,264,4.6
2026-05-17 11:00:00,25.9,94,1004.4,13.0,275,0.9
2026-05-17 12:00:00,27.9,81,1003.9,13.7,297,0.6
2026-05-17 13:00:00,26.4,90,1005.0,10.4,288,0.4
2026-05-17 14:00:00,26.1,91,1005.7,10.0,308,0.2
2026-05-17 15:00:00,25.8,93,1006.5,8.9,342,0.1
2026-05-17 16:00:00,25.0,97,1007.8,10.8,345,1.2
2026-05-17 17:00:00,25.0,98,1007.9,7.9,349,0.7
2026-05-17 18:00:00,25.6,97,1007.2,7.9,339,0.1
2026-05-17 19:00:00,25.1,99,1006.5,6.3,340,0.2
2026-05-17 20:00:00,24.7,99,1005.9,8.3,358,0.0
2026-05-17 21:00:00,24.5,97,1005.5,6.3,7,0.3
2026-05-17 22:00:00,24.1,99,1005.2,8.4,20,0.4
2026-05-17 23:00:00,23.8,99,1005.2,7.3,33,0.0
2026-05-18 00:00:00,24.9,98,1005.3,3.4,357,0.0
2026-05-18 01:00:00,25.1,97,1005.8,4.2,25,0.0
2026-05-18 02:00:00,26.3,93,1006.5,3.8,25,0.0
2026-05-18 03:00:00,27.6,84,1007.5,6.9,309,0.2
2026-05-18 04:00:00,27.0,89,1008.0,8.2,244,3.0
2026-05-18 05:00:00,28.9,78,1008.2,12.5,263,0.0
2026-05-18 06:00:00,29.9,73,1007.3,13.3,232,0.0
2026-05-18 07:00:00,29.8,74,1006.9,16.0,234,0.1
2026-05-18 08:00:00,29.7,74,1006.4,16.7,241,0.1
2026-05-18 09:00:00,29.6,74,1005.8,17.4,251,0.0
2026-05-18 10:00:00,28.9,77,1005.3,17.6,256,0.1
2026-05-18 11:00:00,27.7,80,1005.5,16.4,253,0.3
2026-05-18 12:00:00,29.3,72,1005.6,14.8,243,1.3
2026-05-18 13:00:00,28.7,73,1006.1,13.2,235,0.1
2026-05-18 14:00:00,28.4,74,1007.0,10.5,233,0.0
2026-05-18 15:00:00,27.8,77,1007.8,8.3,229,0.1
2026-05-18 16:00:00,27.2,81,1008.8,7.1,229,0.2
2026-05-18 17:00:00,26.9,83,1008.9,7.3,222,0.4
2026-05-18 18:00:00,26.7,85,1008.6,7.5,250,0.3
2026-05-18 19:00:00,25.1,94,1008.3,5.6,277,1.6
2026-05-18 20:00:00,25.1,97,1007.7,2.5,225,2.3
2026-05-18 21:00:00,25.2,96,1007.3,8.0,216,1.9
2026-05-18 22:00:00,25.5,94,1006.7,4.1,195,1.3
2026-05-18 23:00:00,25.2,95,1006.9,3.2,223,1.7
2026-05-19 00:00:00,24.9,95,1007.5,9.5,205,0.8
2026-05-19 01:00:00,25.3,96,1007.9,4.0,216,1.1
2026-05-19 02:00:00,26.2,94,1008.3,4.6,206,0.7
2026-05-19 03:00:00,27.1,89,1008.7,6.9,211,0.5
2026-05-19 04:00:00,28.2,81,1008.8,11.5,221,0.1
2026-05-19 05:00:00,28.7,79,1008.7,13.4,222,0.3
2026-05-19 06:00:00,28.8,79,1008.3,8.7,232,0.3
2026-05-19 07:00:00,29.4,76,1007.7,9.6,227,0.0
2026-05-19 08:00:00,28.8,79,1007.4,11.5,231,0.1
2026-05-19 09:00:00,28.8,79,1006.3,11.6,233,0.1
2026-05-19 10:00:00,28.2,79,1005.5,13.2,241,0.3
2026-05-19 11:00:00,28.4,79,1005.3,11.7,250,0.2
2026-05-19 12:00:00,29.6,74,1005.6,9.9,248,0.1
2026-05-19 13:00:00,27.4,83,1006.4,15.5,247,0.4
2026-05-19 14:00:00,26.7,89,1007.0,10.5,282,0.6
2026-05-19 15:00:00,26.5,90,1008.0,6.7,279,0.1
2026-05-19 16:00:00,26.0,93,1009.0,7.2,288,0.6
2026-05-19 17:00:00,25.5,96,1009.7,5.2,331,1.4
2026-05-19 18:00:00,25.6,96,1009.0,7.0,357,1.2
2026-05-19 19:00:00,24.1,100,1009.2,10.1,41,2.6
2026-05-19 20:00:00,24.0,99,1007.9,5.0,64,0.7
2026-05-19 21:00:00,24.1,99,1007.3,4.6,69,0.2
2026-05-19 22:00:00,24.8,97,1007.5,3.4,270,0.5
2026-05-19 23:00:00,24.8,96,1007.4,6.2,296,0.3
2026-05-20 00:00:00,25.2,97,1007.1,7.9,336,0.2
2026-05-20 01:00:00,25.2,98,1007.4,7.3,351,0.0
2026-05-20 02:00:00,26.0,96,1008.1,5.8,4,0.0
2026-05-20 03:00:00,27.2,89,1008.5,6.7,329,0.1
2026-05-20 04:00:00,28.9,80,1008.7,11.4,293,0.4
2026-05-20 05:00:00,29.7,76,1008.6,15.5,274,0.3
2026-05-20 06:00:00,30.5,72,1008.1,16.7,269,0.3
2026-05-20 07:00:00,30.5,72,1007.5,18.7,262,0.1
2026-05-20 08:00:00,30.2,74,1006.9,17.9,264,0.1
2026-05-20 09:00:00,29.9,75,1006.0,16.7,264,0.0
2026-05-20 10:00:00,29.5,77,1005.8,18.7,269,0.0
2026-05-20 11:00:00,29.0,79,1005.9,17.1,272,0.0
2026-05-20 12:00:00,29.5,78,1005.5,12.3,273,0.0
2026-05-20 13:00:00,28.8,80,1006.4,11.3,270,0.0
2026-05-20 14:00:00,28.5,81,1007.1,11.2,276,0.0
2026-05-20 15:00:00,28.4,80,1007.7,10.7,275,0.0
2026-05-20 16:00:00,28.0,82,1008.6,11.4,275,0.1
2026-05-20 17:00:00,27.6,84,1008.9,10.6,266,0.2
2026-05-20 18:00:00,27.3,87,1007.8,5.4,268,0.2
2026-05-20 19:00:00,27.0,89,1007.3,5.1,266,0.1
2026-05-20 20:00:00,26.8,90,1006.7,6.3,272,0.1
2026-05-20 21:00:00,26.6,92,1006.3,6.0,291,0.2
2026-05-20 22:00:00,26.3,94,1006.3,6.1,294,0.4
2026-05-20 23:00:00,26.2,96,1006.6,6.0,286,0.4
2026-05-21 00:00:00,26.3,95,1006.7,6.0,273,0.4
2026-05-21 01:00:00,26.4,95,1007.2,8.2,260,0.2
2026-05-21 02:00:00,27.2,92,1008.0,10.1,264,0.2
2026-05-21 03:00:00,28.1,86,1008.6,11.0,274,0.2
2026-05-21 04:00:00,29.3,79,1008.7,13.4,266,0.6
2026-05-21 05:00:00,29.6,77,1008.4,16.3,259,0.7
2026-05-21 06:00:00,30.8,72,1007.6,14.5,263,0.4
2026-05-21 07:00:00,30.2,75,1008.3,21.9,252,0.1
2026-05-21 08:00:00,29.2,80,1007.5,17.0,249,0.2
2026-05-21 09:00:00,29.1,80,1006.9,15.5,250,0.0
2026-05-21 10:00:00,28.4,83,1006.5,17.6,250,0.0
2026-05-21 11:00:00,28.4,81,1006.6,17.4,249,0.0
2026-05-21 12:00:00,27.2,93,1006.7,11.5,267,0.0
2026-05-21 13:00:00,26.7,92,1007.2,14.6,252,0.7
2026-05-21 14:00:00,26.5,93,1007.9,13.5,258,0.2
2026-05-21 15:00:00,26.2,95,1008.8,12.3,259,0.0
2026-05-21 16:00:00,26.2,94,1009.4,9.2,266,0.0
2026-05-21 17:00:00,26.3,91,1009.7,9.2,268,0.1
2026-05-21 18:00:00,26.2,93,1008.8,9.9,275,0.8
2026-05-21 19:00:00,25.9,93,1008.4,12.3,282,0.2
2026-05-21 20:00:00,25.2,97,1008.6,8.1,313,4.1
2026-05-21 21:00:00,24.6,99,1008.6,6.5,347,4.4
2026-05-21 22:00:00,24.0,99,1008.3,10.1,24,4.0
2026-05-21 23:00:00,23.9,99,1008.4,11.2,40,0.7
2026-05-22 00:00:00,24.3,98,1008.6,7.4,346,0.2
2026-05-22 01:00:00,24.8,97,1009.6,7.6,317,0.1
2026-05-22 02:00:00,25.1,97,1010.8,11.6,307,0.3
2026-05-22 03:00:00,25.8,92,1011.1,9.9,314,0.2
2026-05-22 04:00:00,27.3,84,1012.0,15.6,289,0.1
2026-05-22 05:00:00,28.1,80,1011.3,13.4,307,0.1
2026-05-22 06:00:00,28.4,78,1010.6,16.9,285,0.0
2026-05-22 07:00:00,28.9,76,1010.2,18.5,286,0.1
2026-05-22 08:00:00,27.9,86,1010.1,15.6,281,2.0
2026-05-22 09:00:00,27.4,86,1009.7,17.5,289,1.2
2026-05-22 10:00:00,27.7,86,1009.3,13.3,293,1.6
2026-05-22 11:00:00,27.8,82,1009.3,16.5,283,0.7
2026-05-22 12:00:00,28.0,79,1008.9,16.2,294,0.9
2026-05-22 13:00:00,27.2,83,1009.6,13.9,301,0.0
2026-05-22 14:00:00,27.0,84,1010.1,13.4,305,0.0
2026-05-22 15:00:00,26.9,84,1010.7,15.2,311,0.0
2026-05-22 16:00:00,26.8,84,1010.9,14.9,317,0.0
2026-05-22 17:00:00,26.5,87,1010.9,13.8,327,0.0
2026-05-22 18:00:00,26.7,85,1010.2,13.2,331,0.1
2026-05-22 19:00:00,26.3,88,1009.6,14.3,343,0.0
2026-05-22 20:00:00,25.6,93,1009.1,14.8,354,0.0
2026-05-22 21:00:00,25.3,94,1008.7,14.7,348,0.0
2026-05-22 22:00:00,25.4,91,1008.6,15.2,349,0.0
2026-05-22 23:00:00,25.4,90,1008.6,14.8,347,0.0
2026-05-23 00:00:00,25.5,92,1009.3,13.4,323,0.0
2026-05-23 01:00:00,25.5,93,1010.0,12.7,331,0.0
2026-05-23 02:00:00,26.6,88,1010.6,14.1,343,0.0
2026-05-23 03:00:00,28.0,82,1011.0,14.0,340,0.0
2026-05-23 04:00:00,29.0,76,1011.4,16.4,317,0.1
2026-05-23 05:00:00,29.6,75,1011.2,17.7,303,0.1
2026-05-23 06:00:00,30.6,70,1010.7,17.2,302,0.0
2026-05-23 07:00:00,30.7,69,1010.4,17.4,296,0.0
2026-05-23 08:00:00,30.0,71,1009.9,19.1,296,0.7
2026-05-23 09:00:00,29.8,73,1008.8,20.3,285,0.5
2026-05-23 10:00:00,28.7,79,1008.9,20.6,291,0.3
2026-05-23 11:00:00,27.7,83,1008.9,19.4,298,0.7
2026-05-23 12:00:00,28.2,84,1008.9,16.2,302,0.5
2026-05-23 13:00:00,27.2,85,1009.6,17.2,313,0.1
2026-05-23 14:00:00,26.5,88,1010.6,11.7,355,0.1
2026-05-23 15:00:00,25.4,94,1011.4,10.3,331,0.4
2026-05-23 16:00:00,25.3,95,1011.8,10.5,341,0.4
2026-05-23 17:00:00,25.4,95,1011.6,9.6,322,0.0
2026-05-23 18:00:00,25.5,93,1010.8,13.0,323,0.0
2026-05-23 19:00:00,25.6,93,1010.4,10.8,324,0.0
2026-05-23 20:00:00,24.9,96,1010.0,13.6,318,0.7
2026-05-23 21:00:00,25.0,96,1009.7,13.7,321,0.4
2026-05-23 22:00:00,24.2,98,1009.6,11.4,345,1.9
2026-05-23 23:00:00,23.6,97,1010.4,11.8,331,6.3
2026-05-24 00:00:00,25.0,96,1009.4,13.3,318,6.1
2026-05-24 01:00:00,24.0,98,1010.8,14.9,349,2.6
2026-05-24 02:00:00,24.3,97,1010.9,11.3,359,1.0
2026-05-24 03:00:00,26.0,92,1011.5,13.1,348,0.3
2026-05-24 04:00:00,27.3,85,1012.0,16.2,330,0.2
2026-05-24 05:00:00,28.4,81,1011.7,18.2,300,0.3
2026-05-24 06:00:00,26.9,88,1011.4,20.7,295,3.3
2026-05-24 07:00:00,27.2,84,1010.9,17.8,294,1.5
2026-05-24 08:00:00,28.2,80,1010.6,19.0,303,0.7
2026-05-24 09:00:00,25.9,95,1010.2,14.4,311,3.5
2026-05-24 10:00:00,25.6,92,1009.5,16.4,312,2.4
2026-05-24 11:00:00,26.4,92,1009.1,14.5,306,0.9
2026-05-24 12:00:00,26.4,93,1009.1,16.3,317,2.0
2026-05-24 13:00:00,25.4,94,1010.2,18.4,331,0.2
2026-05-24 14:00:00,24.7,96,1010.3,13.9,350,0.1
2026-05-24 15:00:00,24.4,96,1010.8,13.9,350,0.0
2026-05-24 16:00:00,24.6,95,1010.9,15.2,354,0.0
2026-05-24 17:00:00,24.3,95,1010.9,13.9,358,0.0
2026-05-24 18:00:00,24.7,92,1010.3,15.5,359,0.0
2026-05-24 19:00:00,24.6,92,1010.3,13.5,357,0.0
2026-05-24 20:00:00,24.7,92,1010.0,10.9,348,0.0
2026-05-24 21:00:00,24.6,93,1009.2,9.7,348,0.0
2026-05-24 22:00:00,24.5,93,1009.1,9.3,351,0.0
2026-05-24 23:00:00,24.6,93,1008.7,9.9,359,0.0
2026-05-25 00:00:00,25.4,90,1009.0,8.2,320,0.0
2026-05-25 01:00:00,25.2,92,1009.4,7.2,341,0.0
2026-05-25 02:00:00,26.6,88,1010.1,6.0,351,0.0
2026-05-25 03:00:00,27.8,86,1010.7,8.9,313,0.1
2026-05-25 04:00:00,28.5,83,1011.0,13.5,286,0.2
2026-05-25 05:00:00,28.9,79,1011.1,13.8,276,0.1
2026-05-25 06:00:00,28.8,79,1010.4,13.5,278,0.2
2026-05-25 07:00:00,27.4,88,1010.1,14.1,289,2.2
2026-05-25 08:00:00,25.8,95,1010.1,12.2,296,8.3
2026-05-25 09:00:00,26.1,93,1009.1,11.5,284,1.8
2026-05-25 10:00:00,26.9,88,1008.3,14.4,293,0.8
2026-05-25 11:00:00,27.5,83,1008.0,13.8,291,0.2
2026-05-25 12:00:00,26.7,93,1008.3,10.2,315,0.1
2026-05-25 13:00:00,25.9,97,1008.8,7.4,357,0.4
2026-05-25 14:00:00,25.6,98,1009.7,6.0,33,0.1
2026-05-25 15:00:00,25.6,97,1010.3,5.9,320,0.1
2026-05-25 16:00:00,25.3,98,1010.9,5.2,340,0.1
2026-05-25 17:00:00,25.0,97,1010.9,5.5,349,0.0
2026-05-25 18:00:00,25.6,96,1010.6,5.4,358,0.0
2026-05-25 19:00:00,25.3,97,1010.2,5.1,352,0.0
2026-05-25 20:00:00,25.1,97,1009.4,5.0,2,0.0
2026-05-25 21:00:00,24.9,97,1008.8,5.7,11,0.0
2026-05-25 22:00:00,24.8,97,1008.5,5.8,9,0.0
2026-05-25 23:00:00,24.7,98,1009.0,5.6,4,0.0
2026-05-26 00:00:00,25.0,97,1008.7,5.3,10,0.3
2026-05-26 01:00:00,25.3,97,1009.4,6.5,300,0.2
2026-05-26 02:00:00,26.1,93,1010.1,7.5,290,0.1
2026-05-26 03:00:00,27.3,86,1010.8,8.9,277,0.1
2026-05-26 04:00:00,28.1,82,1011.1,10.5,265,0.1
2026-05-26 05:00:00,28.8,79,1011.0,10.5,265,0.2
2026-05-26 06:00:00,29.0,78,1010.5,11.7,274,0.3
2026-05-26 07:00:00,29.0,80,1010.4,15.4,265,0.4
2026-05-26 08:00:00,29.1,77,1009.5,17.1,267,0.2
2026-05-26 09:00:00,27.6,83,1009.0,16.4,275,0.9
2026-05-26 10:00:00,27.9,82,1008.3,17.1,290,0.9
2026-05-26 11:00:00,28.2,81,1007.8,15.4,281,0.3
2026-05-26 12:00:00,27.2,91,1008.2,11.2,272,0.1
2026-05-26 13:00:00,26.0,94,1008.9,8.8,282,0.8
2026-05-26 14:00:00,25.9,95,1010.0,6.2,287,1.5
2026-05-26 15:00:00,25.6,97,1010.9,5.4,334,0.5
2026-05-26 16:00:00,25.2,98,1011.9,5.5,351,1.0
2026-05-26 17:00:00,25.2,98,1011.9,5.9,20,0.3
2026-05-26 18:00:00,25.7,99,1010.9,5.6,4,0.1
2026-05-26 19:00:00,25.2,99,1010.6,7.1,34,0.0
2026-05-26 20:00:00,24.9,98,1009.9,7.6,36,0.0
2026-05-26 21:00:00,25.1,95,1009.4,5.4,21,0.1
2026-05-26 22:00:00,24.9,95,1009.4,4.7,302,1.1
2026-05-26 23:00:00,24.7,97,1009.3,6.5,357,0.4
2026-05-27 00:00:00,24.7,98,1009.1,7.6,359,0.0
2026-05-27 01:00:00,24.7,97,1010.0,5.3,12,0.5
2026-05-27 02:00:00,26.0,95,1010.7,4.5,358,0.1
2026-05-27 03:00:00,27.7,85,1011.3,3.1,336,0.0
2026-05-27 04:00:00,29.0,77,1011.5,6.9,290,0.1
2026-05-27 05:00:00,29.8,73,1011.4,9.3,286,0.0
2026-05-27 06:00:00,28.3,82,1011.0,12.0,263,0.0
2026-05-27 07:00:00,29.1,78,1010.6,13.0,276,1.2
2026-05-27 08:00:00,28.5,81,1010.2,14.2,271,1.8
2026-05-27 09:00:00,27.9,83,1009.8,14.2,285,1.7
2026-05-27 10:00:00,26.8,89,1009.0,8.1,269,2.5
2026-05-27 11:00:00,27.9,83,1009.0,6.8,282,0.3
2026-05-27 12:00:00,27.7,90,1008.6,10.6,285,0.1
2026-05-27 13:00:00,27.2,90,1009.5,6.3,325,0.2
2026-05-27 14:00:00,26.4,95,1010.2,4.7,351,0.1
2026-05-27 15:00:00,26.1,97,1010.8,4.2,12,0.1
2026-05-27 16:00:00,25.7,97,1010.9,6.2,38,0.0
2026-05-27 17:00:00,25.4,96,1011.0,5.5,52,0.0
2026-05-27 18:00:00,26.0,96,1010.3,2.2,66,0.0
2026-05-27 19:00:00,25.8,96,1009.9,1.8,53,0.0
2026-05-27 20:00:00,26.0,96,1009.5,1.0,301,0.1
2026-05-27 21:00:00,25.1,96,1009.2,4.3,315,0.9
2026-05-27 22:00:00,24.3,99,1009.7,7.3,16,3.2
2026-05-27 23:00:00,24.3,99,1009.5,2.2,48,1.1
2026-05-28 00:00:00,24.0,98,1010.4,4.2,47,0.2
2026-05-28 01:00:00,24.7,96,1010.4,3.4,32,0.9
2026-05-28 02:00:00,25.5,94,1011.0,4.1,34,0.2
2026-05-28 03:00:00,27.0,85,1011.9,1.0,329,0.0
2026-05-28 04:00:00,28.4,79,1012.4,5.8,270,0.1
2026-05-28 05:00:00,28.0,78,1012.3,10.2,249,0.5
2026-05-28 06:00:00,27.3,86,1012.0,5.4,266,0.5
2026-05-28 07:00:00,26.8,88,1011.4,7.7,270,1.4
2026-05-28 08:00:00,27.6,83,1010.2,9.7,252,0.4
2026-05-28 09:00:00,28.0,80,1009.2,10.5,273,0.3
2026-05-28 10:00:00,28.2,80,1009.0,11.3,277,0.3
2026-05-28 11:00:00,26.3,89,1008.9,12.2,286,1.8
2026-05-28 12:00:00,26.8,87,1009.5,10.5,275,4.3
2026-05-28 13:00:00,26.6,90,1010.0,5.9,310,0.1
2026-05-28 14:00:00,26.5,91,1010.5,5.8,326,0.0
2026-05-28 15:00:00,26.2,94,1010.8,3.9,344,0.1
2026-05-28 16:00:00,25.7,97,1011.2,7.1,10,0.5
2026-05-28 17:00:00,25.5,97,1011.7,8.5,18,0.0
2026-05-28 18:00:00,25.8,94,1011.2,8.0,28,0.0
2026-05-28 19:00:00,25.4,94,1010.9,5.3,350,0.3
2026-05-28 20:00:00,25.4,96,1010.1,6.2,291,0.3
2026-05-28 21:00:00,25.2,96,1009.2,5.4,318,0.1
2026-05-28 22:00:00,24.4,96,1009.9,10.1,266,2.0
2026-05-28 23:00:00,24.2,99,1010.2,6.3,31,0.5
2026-05-29 00:00:00,24.8,97,1009.2,3.1,3,0.2
2026-05-29 01:00:00,24.1,99,1010.2,9.1,39,3.4
2026-05-29 02:00:00,24.5,97,1011.1,3.6,18,0.6
2026-05-29 03:00:00,25.8,93,1011.2,6.6,22,0.2
2026-05-29 04:00:00,27.5,85,1011.8,10.1,267,0.1
2026-05-29 05:00:00,28.1,81,1011.3,8.5,243,0.1
2026-05-29 06:00:00,28.6,80,1011.0,14.5,239,0.0
2026-05-29 07:00:00,27.3,84,1010.3,15.9,244,0.5
2026-05-29 08:00:00,28.2,82,1009.8,17.3,255,1.0
2026-05-29 09:00:00,27.2,86,1009.0,17.2,252,1.0
2026-05-29 10:00:00,26.9,85,1008.6,16.3,256,0.6
2026-05-29 11:00:00,25.6,94,1009.0,9.7,246,2.1
2026-05-29 12:00:00,27.6,84,1008.8,12.9,264,0.7
2026-05-29 13:00:00,26.8,84,1008.8,11.2,266,0.1
2026-05-29 14:00:00,26.8,85,1009.6,9.0,271,0.0
2026-05-29 15:00:00,26.6,87,1010.5,7.4,274,0.1
2026-05-29 16:00:00,26.5,88,1010.9,4.7,270,0.0
2026-05-29 17:00:00,26.3,89,1011.0,4.0,302,0.0
2026-05-29 18:00:00,26.3,89,1011.0,7.0,293,0.1
2026-05-29 19:00:00,26.1,90,1010.2,4.0,300,0.1
2026-05-29 20:00:00,25.8,91,1009.3,3.5,336,0.1
2026-05-29 21:00:00,25.4,92,1009.1,12.9,297,0.3
2026-05-29 22:00:00,24.4,96,1009.0,10.1,297,0.5
2026-05-29 23:00:00,24.2,98,1009.0,4.3,2,0.2
2026-05-30 00:00:00,24.5,99,1008.6,9.0,355,0.0
2026-05-30 01:00:00,24.5,99,1009.3,8.8,358,0.0
2026-05-30 02:00:00,25.6,91,1010.2,7.9,317,0.0
2026-05-30 03:00:00,26.5,88,1010.1,8.0,304,0.1
2026-05-30 04:00:00,28.0,80,1010.5,9.2,271,0.0
2026-05-30 05:00:00,28.4,78,1010.7,10.3,265,0.0
2026-05-30 06:00:00,25.6,87,1011.2,16.9,268,0.0
2026-05-30 07:00:00,26.1,87,1011.0,12.6,298,1.4
2026-05-30 08:00:00,27.9,79,1009.5,10.7,293,0.2
2026-05-30 09:00:00,28.3,78,1008.3,12.5,276,0.0
2026-05-30 10:00:00,28.2,79,1007.6,12.7,278,0.0
2026-05-30 11:00:00,27.6,82,1007.3,11.2,267,0.0
2026-05-30 12:00:00,27.9,80,1007.2,14.1,280,0.0
2026-05-30 13:00:00,27.4,81,1008.4,13.5,270,0.2
2026-05-30 14:00:00,26.6,87,1009.4,10.1,274,0.2
2026-05-30 15:00:00,25.3,94,1010.6,8.4,344,0.5
2026-05-30 16:00:00,24.9,96,1011.1,6.7,36,0.2
2026-05-30 17:00:00,24.4,98,1010.7,8.3,51,0.0
2026-05-30 18:00:00,25.6,99,1010.2,3.0,327,0.0
2026-05-30 19:00:00,25.5,99,1009.8,2.2,336,0.0
2026-05-30 20:00:00,25.3,98,1008.9,3.4,18,0.0
2026-05-30 21:00:00,25.2,97,1008.5,2.2,360,0.0
2026-05-30 22:00:00,25.2,96,1008.1,4.0,36,0.0
2026-05-30 23:00:00,24.8,95,1008.0,3.9,28,0.0
2026-05-31 00:00:00,25.9,94,1007.7,5.8,324,0.0
2026-05-31 01:00:00,25.8,94,1008.4,5.6,318,0.0
2026-05-31 02:00:00,26.4,91,1009.1,4.5,326,0.0
2026-05-31 03:00:00,27.4,85,1009.7,3.4,344,0.1
2026-05-31 04:00:00,28.1,83,1010.0,3.3,315,0.0
2026-05-31 05:00:00,29.2,77,1010.2,6.9,287,0.0
2026-05-31 06:00:00,30.2,71,1009.5,11.8,283,0.1
2026-05-31 07:00:00,29.5,75,1009.4,13.2,275,0.1
2026-05-31 08:00:00,29.6,74,1008.8,13.3,272,0.2
2026-05-31 09:00:00,29.5,74,1007.8,14.7,276,0.1
2026-05-31 10:00:00,29.1,77,1007.4,14.9,278,0.2
2026-05-31 11:00:00,28.3,80,1007.5,15.5,282,0.4
2026-05-31 12:00:00,28.1,83,1007.7,12.4,272,0.9
2026-05-31 13:00:00,27.0,88,1008.5,10.2,280,0.5
2026-05-31 14:00:00,25.7,93,1009.7,11.4,309,1.1
2026-05-31 15:00:00,25.6,96,1010.4,8.0,322,0.7
2026-05-31 16:00:00,25.7,96,1011.0,3.7,337,0.0
2026-05-31 17:00:00,25.4,98,1011.2,3.8,355,0.0
2026-05-31 18:00:00,25.2,98,1010.6,7.5,343,0.0
2026-05-31 19:00:00,25.0,98,1010.3,8.1,4,0.0
2026-05-31 20:00:00,24.7,98,1009.7,9.4,17,0.0
2026-05-31 21:00:00,24.4,97,1009.2,7.1,10,0.0
2026-05-31 22:00:00,24.3,97,1008.8,6.0,357,0.0
2026-05-31 23:00:00,24.4,97,1009.1,5.0,330,0.0
2026-06-01 00:00:00,24.7,95,1008.4,6.0,333,0.0
2026-06-01 01:00:00,25.0,96,1009.6,6.1,282,0.0
2026-06-01 02:00:00,26.3,90,1009.9,5.5,251,0.1
2026-06-01 03:00:00,27.3,85,1009.8,5.7,252,0.1
2026-06-01 04:00:00,28.4,81,1010.1,8.7,236,0.0
2026-06-01 05:00:00,28.7,80,1010.1,9.9,237,0.0
2026-06-01 06:00:00,29.9,76,1009.3,10.7,248,0.0
2026-06-01 07:00:00,29.5,78,1009.1,12.3,241,0.0
2026-06-01 08:00:00,29.4,77,1008.8,13.8,239,0.0
2026-06-01 09:00:00,29.2,77,1008.2,15.9,244,0.0
2026-06-01 10:00:00,28.6,79,1007.6,17.5,245,0.3
2026-06-01 11:00:00,28.7,78,1008.0,13.6,262,0.3
2026-06-01 12:00:00,28.1,83,1007.4,11.9,266,0.1
2026-06-01 13:00:00,27.0,90,1008.2,8.0,279,0.7
2026-06-01 14:00:00,26.7,92,1009.2,4.1,285,0.2
2026-06-01 15:00:00,26.7,92,1009.9,3.4,276,0.1
2026-06-01 16:00:00,26.5,92,1010.3,3.9,257,0.1
2026-06-01 17:00:00,26.4,91,1010.5,2.1,200,0.2
2026-06-01 18:00:00,26.8,89,1010.2,0.2,360,0.0
2026-06-01 19:00:00,26.2,92,1009.4,0.8,117,0.0
2026-06-01 20:00:00,26.0,92,1008.6,0.8,207,0.0
2026-06-01 21:00:00,25.8,93,1008.2,2.0,225,0.0
2026-06-01 22:00:00,25.9,91,1008.3,1.2,243,0.1
2026-06-01 23:00:00,25.8,91,1008.6,0.0,270,0.0
2026-06-02 00:00:00,25.2,95,1008.1,6.3,108,0.1
2026-06-02 01:00:00,25.4,95,1008.7,7.3,132,0.1
2026-06-02 02:00:00,26.7,93,1009.2,6.0,127,0.0
2026-06-02 03:00:00,27.9,83,1009.7,5.2,146,0.0
2026-06-02 04:00:00,29.1,75,1009.7,7.9,193,0.0
2026-06-02 05:00:00,29.6,73,1009.7,12.3,209,0.1
2026-06-02 06:00:00,30.1,69,1009.5,13.5,226,0.1
2026-06-02 07:00:00,30.0,70,1009.3,15.9,231,0.0
2026-06-02 08:00:00,29.8,71,1008.7,15.7,236,0.0
2026-06-02 09:00:00,29.8,70,1007.6,16.2,235,0.0
2026-06-02 10:00:00,29.5,71,1007.0,16.8,237,0.1
2026-06-02 11:00:00,29.1,72,1007.3,16.8,235,0.0
2026-06-02 12:00:00,27.7,83,1007.3,11.1,258,0.1
2026-06-02 13:00:00,27.3,87,1007.9,5.7,257,0.5
2026-06-02 14:00:00,25.6,94,1009.2,9.5,281,1.6
2026-06-02 15:00:00,25.2,97,1010.0,4.5,323,1.5
2026-06-02 16:00:00,24.7,98,1010.4,3.9,34,1.1
2026-06-02 17:00:00,24.5,99,1010.4,7.2,84,0.1
2026-06-02 18:00:00,24.8,99,1009.8,7.6,93,0.2
2026-06-02 19:00:00,24.5,99,1009.2,7.2,94,0.1
2026-06-02 20:00:00,24.6,98,1008.7,3.3,99,0.3
2026-06-02 21:00:00,25.0,96,1008.3,4.2,301,0.2
2026-06-02 22:00:00,24.2,98,1008.4,8.5,335,3.3
2026-06-02 23:00:00,24.4,98,1008.4,2.2,346,1.1
2026-06-03 00:00:00,25.2,93,1008.2,6.4,262,4.9
2026-06-03 01:00:00,24.8,96,1009.5,9.8,264,1.7
2026-06-03 02:00:00,25.1,96,1009.6,6.4,281,2.3
2026-06-03 03:00:00,26.2,93,1010.0,1.8,225,0.4
2026-06-03 04:00:00,27.6,85,1010.2,10.7,261,1.1
2026-06-03 05:00:00,27.0,86,1010.2,15.0,280,2.6
2026-06-03 06:00:00,28.7,83,1009.4,14.7,264,1.8
2026-06-03 07:00:00,29.9,66,1008.9,21.2,265,0.4
2026-06-03 08:00:00,29.4,72,1008.3,20.3,263,0.9
2026-06-03 09:00:00,29.6,73,1007.2,20.7,270,0.2
2026-06-03 10:00:00,29.6,71,1006.6,20.3,263,0.1
2026-06-03 11:00:00,27.8,79,1006.4,21.4,272,0.6
2026-06-03 12:00:00,28.8,75,1006.5,18.4,269,0.8
2026-06-03 13:00:00,28.5,74,1007.3,18.6,266,0.2
2026-06-03 14:00:00,27.6,79,1007.9,14.6,270,0.2
2026-06-03 15:00:00,26.5,86,1008.8,12.0,279,0.4
2026-06-03 16:00:00,25.8,91,1009.4,9.0,290,0.9
2026-06-03 17:00:00,25.9,91,1009.6,12.1,273,0.7
2026-06-03 18:00:00,25.9,91,1009.2,9.7,288,1.4
2026-06-03 19:00:00,25.4,94,1008.4,2.4,297,0.9
2026-06-03 20:00:00,24.5,96,1007.8,5.1,350,1.2
2026-06-03 21:00:00,23.9,99,1007.8,10.8,350,3.2
2026-06-03 22:00:00,24.3,96,1007.7,7.9,300,3.3
2026-06-03 23:00:00,24.5,97,1007.9,5.0,339,1.6
2026-06-04 00:00:00,25.1,96,1007.0,2.4,138,0.6
2026-06-04 01:00:00,24.9,98,1007.9,0.5,315,0.8
2026-06-04 02:00:00,25.5,98,1008.1,5.3,38,0.8
2026-06-04 03:00:00,25.6,91,1009.4,10.0,287,2.2
2026-06-04 04:00:00,26.3,90,1010.0,11.0,285,1.2
2026-06-04 05:00:00,26.7,89,1009.9,12.6,271,2.5
2026-06-04 06:00:00,26.5,92,1009.4,17.6,252,1.5
2026-06-04 07:00:00,26.5,90,1009.3,17.1,272,2.0
2026-06-04 08:00:00,26.6,93,1008.2,15.4,263,3.7
2026-06-04 09:00:00,26.0,90,1007.4,19.1,261,2.3
2026-06-04 10:00:00,26.5,90,1007.2,21.8,261,3.1
2026-06-04 11:00:00,26.1,90,1007.3,22.4,261,1.2
2026-06-04 12:00:00,25.7,93,1008.1,20.5,262,6.2
2026-06-04 13:00:00,25.4,94,1008.0,15.9,286,1.2
2026-06-04 14:00:00,24.9,94,1008.9,19.0,275,2.0
2026-06-04 15:00:00,25.1,94,1009.3,15.6,277,3.1
2026-06-04 16:00:00,25.2,94,1009.8,15.9,283,1.7
2026-06-04 17:00:00,25.3,94,1010.2,14.3,288,1.1
2026-06-04 18:00:00,25.2,93,1010.1,12.0,294,1.0
2026-06-04 19:00:00,25.0,94,1009.4,14.7,295,1.6
2026-06-04 20:00:00,24.9,93,1008.7,12.4,280,1.0
2026-06-04 21:00:00,25.0,93,1007.9,12.6,290,0.4
2026-06-04 22:00:00,24.9,93,1007.6,9.7,282,0.5
2026-06-04 23:00:00,25.0,93,1007.9,8.6,278,0.5
2026-06-05 00:00:00,25.2,96,1007.2,15.9,282,1.0
2026-06-05 01:00:00,25.4,96,1008.2,14.4,300,0.8
2026-06-05 02:00:00,25.6,96,1008.9,13.6,313,0.5
2026-06-05 03:00:00,25.1,96,1009.3,12.4,327,1.3
2026-06-05 04:00:00,26.2,95,1009.5,10.6,317,1.0
2026-06-05 05:00:00,27.6,89,1009.2,13.9,314,0.1
2026-06-05 06:00:00,29.5,79,1008.2,18.5,315,0.0
2026-06-05 07:00:00,30.2,73,1008.0,20.4,307,0.2
2026-06-05 08:00:00,29.5,71,1007.6,21.8,300,0.2
2026-06-05 09:00:00,29.1,75,1006.9,21.4,296,0.1
2026-06-05 10:00:00,28.6,77,1006.6,21.1,297,0.0
2026-06-05 11:00:00,27.6,81,1006.4,22.1,305,0.1
2026-06-05 12:00:00,26.0,89,1006.9,20.1,306,0.2
2026-06-05 13:00:00,26.4,87,1007.2,13.0,312,0.0
2026-06-05 14:00:00,26.4,89,1007.7,9.1,306,0.0
2026-06-05 15:00:00,25.6,93,1008.3,13.8,318,0.3
2026-06-05 16:00:00,24.9,96,1008.9,10.5,336,0.6
2026-06-05 17:00:00,25.3,94,1009.4,6.2,324,0.1
2026-06-05 18:00:00,26.2,89,1008.8,5.0,270,0.4
2026-06-05 19:00:00,25.7,87,1008.6,6.6,303,0.6
2026-06-05 20:00:00,25.4,92,1008.0,4.3,287,0.4
2026-06-05 21:00:00,25.5,93,1007.1,5.6,249,0.0
2026-06-05 22:00:00,25.5,94,1007.3,9.9,245,0.1
2026-06-05 23:00:00,25.1,95,1007.8,8.2,261,0.2
2026-06-06 00:00:00,24.8,97,1007.7,5.6,241,0.9
2026-06-06 01:00:00,25.2,96,1008.4,6.4,260,0.4
2026-06-06 02:00:00,26.2,95,1008.9,2.8,220,0.1
2026-06-06 03:00:00,26.9,89,1009.8,9.8,252,0.8
2026-06-06 04:00:00,26.8,84,1010.4,12.4,270,0.4
2026-06-06 05:00:00,26.7,85,1010.7,13.4,265,1.7
2026-06-06 06:00:00,28.4,79,1010.1,17.5,268,0.8
2026-06-06 07:00:00,28.3,81,1009.9,15.9,288,0.4
2026-06-06 08:00:00,27.3,81,1009.3,19.0,283,0.6
2026-06-06 09:00:00,28.2,79,1008.1,18.0,290,0.3
2026-06-06 10:00:00,28.3,81,1007.6,22.1,270,0.2
2026-06-06 11:00:00,27.7,85,1007.6,21.5,262,0.1
2026-06-06 12:00:00,27.6,82,1007.4,18.7,262,0.1
2026-06-06 13:00:00,26.9,87,1008.3,13.7,252,0.0
2026-06-06 14:00:00,26.7,89,1008.9,13.3,257,0.1
2026-06-06 15:00:00,24.9,94,1010.0,19.7,261,1.2
2026-06-06 16:00:00,25.1,94,1010.4,12.0,261,0.0
2026-06-06 17:00:00,25.4,94,1011.0,12.0,248,0.0
2026-06-06 18:00:00,26.0,91,1010.6,13.0,287,0.1
2026-06-06 19:00:00,25.9,93,1009.8,10.3,273,0.1
2026-06-06 20:00:00,25.3,97,1009.5,6.8,302,0.7
2026-06-06 21:00:00,24.5,96,1009.9,19.7,291,4.9
2026-06-06 22:00:00,23.7,96,1009.5,17.6,284,3.1
2026-06-06 23:00:00,24.5,96,1009.4,9.0,255,3.3
2026-06-07 00:00:00,25.2,90,1009.0,5.4,266,1.4
2026-06-07 01:00:00,24.6,95,1009.8,12.2,295,1.2
2026-06-07 02:00:00,25.5,94,1010.3,4.6,257,0.9
2026-06-07 03:00:00,26.7,91,1010.8,6.0,253,0.2
2026-06-07 04:00:00,27.2,86,1011.4,10.6,268,0.3
2026-06-07 05:00:00,25.9,93,1011.8,13.5,245,5.6
2026-06-07 06:00:00,27.1,83,1010.9,19.6,269,0.9
2026-06-07 07:00:00,27.9,84,1010.6,14.5,256,1.2
2026-06-07 08:00:00,27.2,89,1010.0,20.8,266,2.5
2026-06-07 09:00:00,26.7,85,1009.2,20.7,267,0.4
2026-06-07 10:00:00,26.2,91,1009.3,21.3,278,2.1
2026-06-07 11:00:00,25.6,94,1009.2,18.4,268,2.1
2026-06-07 12:00:00,26.3,90,1009.1,19.6,267,1.4
2026-06-07 13:00:00,26.0,89,1009.6,18.3,264,0.6
2026-06-07 14:00:00,25.2,92,1010.3,18.9,257,1.4
2026-06-07 15:00:00,25.0,95,1011.0,15.2,286,0.9
2026-06-07 16:00:00,24.7,94,1012.0,18.2,258,4.8
2026-06-07 17:00:00,25.3,94,1012.2,17.9,261,1.0
2026-06-07 18:00:00,25.8,93,1011.0,15.4,249,0.5
2026-06-07 19:00:00,25.7,93,1010.9,14.6,254,0.4
2026-06-07 20:00:00,25.5,93,1010.3,11.0,264,0.9
2026-06-07 21:00:00,25.0,93,1010.1,16.3,250,1.0
2026-06-07 22:00:00,24.9,94,1009.6,17.6,259,0.9
2026-06-07 23:00:00,24.1,95,1010.3,21.1,266,2.7
2026-06-08 00:00:00,24.8,95,1009.9,17.5,289,5.9
2026-06-08 01:00:00,24.6,96,1011.0,16.8,288,1.7
2026-06-08 02:00:00,25.5,95,1011.4,16.1,295,0.7
2026-06-08 03:00:00,26.3,95,1011.5,16.8,303,0.2
2026-06-08 04:00:00,26.9,92,1011.4,17.0,312,0.1
2026-06-08 05:00:00,27.1,81,1011.7,19.5,293,0.3
2026-06-08 06:00:00,27.3,87,1011.4,19.9,297,1.3
2026-06-08 07:00:00,26.9,84,1010.9,21.1,302,1.0
2026-06-08 08:00:00,25.9,91,1010.5,15.0,310,1.0
2026-06-08 09:00:00,27.1,88,1009.6,18.3,293,0.5
2026-06-08 10:00:00,26.9,85,1009.4,16.8,288,0.6
2026-06-08 11:00:00,26.6,88,1009.0,15.5,290,0.9
2026-06-08 12:00:00,28.3,84,1008.2,13.4,282,1.1
2026-06-08 13:00:00,26.5,90,1009.2,18.4,274,0.8
2026-06-08 14:00:00,26.5,91,1010.5,18.4,279,0.4
2026-06-08 15:00:00,26.8,93,1010.8,17.3,270,0.8
2026-06-08 16:00:00,27.0,89,1011.4,18.8,280,0.1
2026-06-08 17:00:00,26.8,90,1011.3,19.4,276,0.1
2026-06-08 18:00:00,26.6,89,1011.2,15.2,276,0.7
2026-06-08 19:00:00,25.8,92,1010.8,13.2,273,0.3
2026-06-08 20:00:00,25.4,93,1010.4,16.0,279,0.8
2026-06-08 21:00:00,26.1,91,1009.6,16.6,275,0.1
2026-06-08 22:00:00,25.9,92,1009.1,14.4,278,0.1
2026-06-08 23:00:00,25.8,92,1009.6,17.6,281,0.1
2026-06-09 00:00:00,25.9,95,1009.5,11.7,297,0.3
2026-06-09 01:00:00,24.9,96,1010.3,16.7,292,0.5
2026-06-09 02:00:00,26.0,93,1010.6,14.0,277,0.3
2026-06-09 03:00:00,27.6,88,1010.8,17.2,275,0.0
2026-06-09 04:00:00,26.9,83,1011.6,21.9,294,0.3
2026-06-09 05:00:00,27.4,86,1011.1,15.7,315,0.9
2026-06-09 06:00:00,29.0,79,1010.3,18.8,299,0.3
2026-06-09 07:00:00,27.1,85,1010.2,21.1,293,1.5
2026-06-09 08:00:00,27.3,84,1009.9,22.6,291,0.6
2026-06-09 09:00:00,25.7,95,1009.5,17.3,292,2.5
2026-06-09 10:00:00,27.3,87,1008.7,17.6,299,0.3
2026-06-09 11:00:00,26.9,83,1008.0,18.4,291,0.1
2026-06-09 12:00:00,28.0,84,1007.9,20.4,274,1.2
2026-06-09 13:00:00,27.1,83,1008.7,19.4,278,0.0
2026-06-09 14:00:00,27.4,86,1009.0,19.2,275,0.1
2026-06-09 15:00:00,26.7,86,1010.0,18.0,270,0.0
2026-06-09 16:00:00,26.8,89,1010.7,15.5,273,0.1
2026-06-09 17:00:00,26.9,90,1010.9,16.9,271,0.0
2026-06-09 18:00:00,26.6,90,1010.3,15.6,262,0.0
2026-06-09 19:00:00,26.2,93,1010.0,13.6,265,0.1
2026-06-09 20:00:00,25.9,91,1009.7,18.0,258,0.4
2026-06-09 21:00:00,25.7,91,1009.2,16.8,266,0.0
2026-06-09 22:00:00,25.8,92,1008.4,12.3,262,0.0
2026-06-09 23:00:00,25.5,94,1009.1,14.0,271,0.5
2026-06-10 00:00:00,25.7,96,1008.6,9.2,273,1.8
2026-06-10 01:00:00,24.8,96,1009.7,12.6,268,2.9
2026-06-10 02:00:00,25.5,95,1010.4,15.8,269,0.6
2026-06-10 03:00:00,26.6,88,1010.7,16.2,279,0.2
2026-06-10 04:00:00,27.3,83,1010.7,14.2,279,0.1
2026-06-10 05:00:00,26.7,87,1010.9,13.8,290,1.0
2026-06-10 06:00:00,26.1,91,1011.5,26.0,294,1.9
2026-06-10 07:00:00,25.6,93,1010.6,17.5,292,1.9
2026-06-10 08:00:00,28.3,79,1009.6,15.7,292,0.3
2026-06-10 09:00:00,27.9,81,1008.3,15.9,292,0.0
2026-06-10 10:00:00,27.6,82,1007.8,16.4,285,0.1
2026-06-10 11:00:00,27.0,87,1007.6,17.7,282,0.2
2026-06-10 12:00:00,27.9,86,1007.4,16.6,289,0.1
2026-06-10 13:00:00,27.5,86,1007.9,16.8,295,0.0
2026-06-10 14:00:00,27.0,86,1008.6,14.7,311,0.0
2026-06-10 15:00:00,26.5,88,1009.4,10.3,320,0.0
2026-06-10 16:00:00,25.9,90,1010.4,10.4,326,0.4
2026-06-10 17:00:00,25.9,92,1010.3,4.1,347,0.1
2026-06-10 18:00:00,25.9,93,1010.5,4.6,329,0.0
2026-06-10 19:00:00,26.0,94,1009.5,9.8,296,0.1
2026-06-10 20:00:00,25.4,94,1008.9,16.5,283,0.3
2026-06-10 21:00:00,25.4,95,1008.1,15.8,277,0.3
2026-06-10 22:00:00,25.5,93,1007.6,15.8,278,0.2
2026-06-10 23:00:00,25.0,94,1008.1,12.3,278,0.7
2026-06-11 00:00:00,25.4,94,1007.4,14.2,283,1.0
2026-06-11 01:00:00,25.3,95,1007.9,13.0,266,0.6
2026-06-11 02:00:00,25.5,95,1008.9,12.4,268,1.5
2026-06-11 03:00:00,26.4,94,1009.5,14.7,278,1.1
2026-06-11 04:00:00,26.0,90,1010.2,15.2,280,1.1
2026-06-11 05:00:00,26.1,90,1010.5,17.0,277,1.8
2026-06-11 06:00:00,26.3,90,1010.0,16.6,248,1.6
2026-06-11 07:00:00,25.4,95,1009.8,19.3,273,3.3
2026-06-11 08:00:00,25.1,96,1009.3,16.2,291,4.2
2026-06-11 09:00:00,25.4,95,1008.6,11.5,266,2.7
2026-06-11 10:00:00,25.4,93,1008.4,15.7,279,0.7
2026-06-11 11:00:00,25.0,94,1008.2,13.6,277,1.1
2026-06-11 12:00:00,26.7,87,1008.0,6.1,282,3.2
2026-06-11 13:00:00,26.2,93,1007.9,1.7,283,0.0
2026-06-11 14:00:00,25.9,92,1009.2,5.1,225,0.0
2026-06-11 15:00:00,24.5,95,1010.4,19.0,264,1.5
2026-06-11 16:00:00,24.7,96,1010.9,14.0,285,0.2
2026-06-11 17:00:00,25.0,94,1010.9,10.5,290,0.1
2026-06-11 18:00:00,25.0,95,1010.4,9.2,305,0.6
2026-06-11 19:00:00,24.2,98,1010.0,13.3,245,1.9
2026-06-11 20:00:00,24.2,96,1009.2,8.8,250,0.6
2026-06-11 21:00:00,24.6,95,1008.9,12.6,251,0.5
2026-06-11 22:00:00,23.7,97,1008.9,10.9,263,0.6
2026-06-11 23:00:00,24.1,97,1009.1,3.8,341,0.2
2026-06-12 00:00:00,23.8,97,1009.6,12.5,264,0.7
2026-06-12 01:00:00,23.9,97,1010.2,7.2,295,0.9
2026-06-12 02:00:00,23.9,97,1010.6,9.8,336,0.8
2026-06-12 03:00:00,24.3,96,1011.3,15.8,328,0.7
2026-06-12 04:00:00,25.0,91,1011.6,13.6,316,0.1
2026-06-12 05:00:00,25.6,88,1011.6,12.4,304,0.2
2026-06-12 06:00:00,26.6,86,1010.5,13.0,332,0.2
2026-06-12 07:00:00,27.1,84,1010.3,12.7,306,0.2
2026-06-12 08:00:00,27.6,83,1009.5,11.7,287,0.0
2026-06-12 09:00:00,28.4,78,1008.9,13.8,277,0.1
2026-06-12 10:00:00,26.7,87,1008.7,15.6,263,1.1
2026-06-12 11:00:00,26.6,84,1008.9,13.9,269,0.2
2026-06-12 12:00:00,27.4,81,1008.2,13.0,275,0.0
2026-06-12 13:00:00,26.2,85,1009.1,13.5,275,0.4
2026-06-12 14:00:00,25.5,94,1010.1,14.7,277,2.6
2026-06-12 15:00:00,25.4,96,1010.8,11.0,269,2.8
2026-06-12 16:00:00,25.4,96,1011.0,10.4,272,2.1
2026-06-12 17:00:00,25.0,96,1012.0,9.6,258,0.4
2026-06-12 18:00:00,24.8,96,1012.3,5.7,259,1.2
2026-06-12 19:00:00,24.8,96,1011.9,5.5,279,0.5
2026-06-12 20:00:00,24.6,96,1010.8,5.6,297,0.7
2026-06-12 21:00:00,24.4,98,1010.2,2.9,270,0.5
2026-06-12 22:00:00,24.2,97,1010.2,3.6,273,0.6
2026-06-12 23:00:00,24.3,97,1010.0,2.3,309,0.3
2026-06-13 00:00:00,24.4,97,1009.5,4.6,281,0.2
2026-06-13 01:00:00,24.3,98,1010.5,7.1,277,0.2
2026-06-13 02:00:00,25.3,94,1011.0,5.4,262,0.2
2026-06-13 03:00:00,24.9,93,1012.1,11.1,301,2.5
2026-06-13 04:00:00,25.2,95,1012.2,10.4,298,2.1
2026-06-13 05:00:00,26.8,86,1011.9,14.7,290,0.3
2026-06-13 06:00:00,27.5,80,1011.5,15.4,291,1.8
2026-06-13 07:00:00,27.9,79,1011.0,16.1,290,0.2
2026-06-13 08:00:00,27.8,79,1010.3,15.0,291,0.0
2026-06-13 09:00:00,27.5,80,1009.5,14.1,286,0.0
2026-06-13 10:00:00,27.2,83,1009.0,13.0,280,0.0
2026-06-13 11:00:00,27.0,83,1009.2,13.7,265,0.0
2026-06-13 12:00:00,27.0,85,1009.1,9.6,290,0.2
2026-06-13 13:00:00,26.7,86,1009.2,9.5,295,0.0
2026-06-13 14:00:00,26.4,87,1009.7,10.8,285,0.0
2026-06-13 15:00:00,26.4,88,1010.5,10.3,281,0.0
2026-06-13 16:00:00,26.1,90,1011.2,8.6,282,0.0
2026-06-13 17:00:00,26.1,90,1011.7,9.2,282,0.0
2026-06-13 18:00:00,25.8,90,1011.3,7.3,300,0.1
2026-06-13 19:00:00,25.7,90,1011.0,8.4,312,0.1
2026-06-13 20:00:00,25.6,90,1010.1,8.7,307,0.1
2026-06-13 21:00:00,25.4,91,1009.6,8.1,299,0.1
2026-06-13 22:00:00,25.2,92,1009.3,4.8,326,0.1
2026-06-13 23:00:00,25.1,93,1009.6,5.3,322,0.0
2026-06-14 00:00:00,25.0,93,1009.4,9.7,349,0.0
2026-06-14 01:00:00,24.9,93,1010.2,8.1,360,0.0
2026-06-14 02:00:00,25.4,90,1010.8,14.8,316,0.3
2026-06-14 03:00:00,26.3,88,1011.2,13.0,318,0.3
2026-06-14 04:00:00,27.8,80,1011.3,13.6,321,0.1
2026-06-14 05:00:00,28.4,77,1010.7,17.1,306,0.5
2026-06-14 06:00:00,28.7,80,1010.4,15.9,302,1.0
2026-06-14 07:00:00,29.1,76,1009.8,14.3,312,0.3
2026-06-14 08:00:00,29.8,75,1009.1,16.7,305,0.3
2026-06-14 09:00:00,29.2,74,1008.0,20.3,303,0.1
2026-06-14 10:00:00,28.1,78,1007.6,21.1,310,0.6
2026-06-14 11:00:00,28.2,78,1007.3,21.5,305,0.3
2026-06-14 12:00:00,28.1,81,1007.1,19.6,311,0.0
2026-06-14 13:00:00,27.4,85,1007.2,17.2,310,0.0
2026-06-14 14:00:00,27.1,85,1008.1,16.5,311,0.0
2026-06-14 15:00:00,26.8,87,1008.8,16.2,314,0.0
2026-06-14 16:00:00,26.6,87,1008.9,14.7,319,0.0
2026-06-14 17:00:00,26.4,88,1009.5,12.7,328,0.0
2026-06-14 18:00:00,26.5,88,1009.0,12.6,331,0.0
2026-06-14 19:00:00,26.3,89,1008.6,14.2,331,0.0
2026-06-14 20:00:00,25.9,90,1008.1,14.0,332,0.1
2026-06-14 21:00:00,25.5,92,1007.8,12.7,335,0.0
2026-06-14 22:00:00,25.4,93,1007.8,10.2,332,0.0
2026-06-14 23:00:00,25.2,94,1008.0,9.2,337,0.0
2026-06-15 00:00:00,25.1,94,1007.8,10.0,343,0.1
2026-06-15 01:00:00,25.3,93,1008.2,11.4,319,0.0
2026-06-15 02:00:00,26.4,89,1008.7,13.0,317,0.0
2026-06-15 03:00:00,27.4,84,1009.4,13.0,316,0.0
2026-06-15 04:00:00,28.0,83,1009.6,16.3,312,0.3
2026-06-15 05:00:00,28.7,81,1009.6,17.7,305,0.1
2026-06-15 06:00:00,28.3,82,1009.1,17.4,307,0.3
2026-06-15 07:00:00,28.6,79,1008.4,19.9,314,0.5
2026-06-15 08:00:00,29.5,77,1007.5,21.9,300,0.1
2026-06-15 09:00:00,29.0,79,1007.2,20.8,307,0.1
2026-06-15 10:00:00,28.5,77,1006.7,21.8,312,0.5
2026-06-15 11:00:00,28.2,81,1006.6,18.9,310,0.2
2026-06-15 12:00:00,28.5,82,1006.3,17.7,311,0.3
2026-06-15 13:00:00,27.7,85,1007.1,14.6,320,0.2
2026-06-15 14:00:00,27.1,87,1008.1,12.8,328,0.1
2026-06-15 15:00:00,26.6,90,1008.9,9.4,348,0.1
2026-06-15 16:00:00,26.2,93,1009.3,7.3,344,0.0
2026-06-15 17:00:00,25.9,94,1009.4,7.4,331,0.0
2026-06-15 18:00:00,26.2,93,1009.0,8.8,316,0.0
2026-06-15 19:00:00,26.1,93,1008.5,8.9,324,0.0
2026-06-15 20:00:00,26.1,92,1008.3,10.9,320,0.0
2026-06-15 21:00:00,25.8,92,1007.8,15.1,324,0.1
2026-06-15 22:00:00,24.8,95,1007.8,15.3,348,0.0
2026-06-15 23:00:00,24.2,94,1007.8,15.5,350,0.0
2026-06-16 00:00:00,25.3,93,1008.0,13.3,347,0.0
2026-06-16 01:00:00,25.1,94,1008.5,12.8,360,0.0
2026-06-16 02:00:00,25.8,92,1009.1,13.2,357,0.0
2026-06-16 03:00:00,26.8,86,1009.4,11.9,359,0.0
2026-06-16 04:00:00,28.4,80,1009.4,13.0,343,0.0
2026-06-16 05:00:00,29.6,73,1008.9,16.9,322,0.1
2026-06-16 06:00:00,29.9,72,1008.4,18.2,313,0.2
2026-06-16 07:00:00,29.6,75,1007.8,18.1,298,0.6
2026-06-16 08:00:00,29.1,82,1007.1,18.0,291,0.5
2026-06-16 09:00:00,28.8,82,1006.5,19.3,281,0.2
2026-06-16 10:00:00,28.4,83,1006.0,20.7,283,0.0
2026-06-16 11:00:00,28.2,83,1006.1,19.2,285,0.0
2026-06-16 12:00:00,28.2,84,1006.3,17.3,290,0.0
2026-06-16 13:00:00,26.3,89,1006.8,13.2,304,0.6
2026-06-16 14:00:00,26.3,95,1007.9,8.9,310,0.9
2026-06-16 15:00:00,24.4,98,1009.2,10.3,29,1.4
2026-06-16 16:00:00,23.5,98,1010.1,7.8,52,2.4
2026-06-16 17:00:00,24.2,97,1010.4,11.3,331,0.3
2026-06-16 18:00:00,25.0,97,1009.8,8.2,352,0.9
2026-06-16 19:00:00,25.0,98,1009.2,7.6,3,0.0
2026-06-16 20:00:00,24.9,97,1008.7,7.6,357,0.0
2026-06-16 21:00:00,25.0,96,1008.3,8.0,346,0.0
2026-06-16 22:00:00,25.0,96,1008.3,6.4,344,0.0
2026-06-16 23:00:00,24.7,98,1008.9,7.2,347,0.0
2026-06-17 00:00:00,25.0,96,1009.0,8.9,347,0.0
2026-06-17 01:00:00,25.0,97,1009.5,7.6,356,0.0
2026-06-17 02:00:00,26.0,95,1010.3,10.6,345,0.1
2026-06-17 03:00:00,26.9,84,1010.8,12.2,327,0.1
2026-06-17 04:00:00,27.4,79,1011.1,15.8,302,0.3
2026-06-17 05:00:00,28.1,78,1011.0,13.7,308,0.1
2026-06-17 06:00:00,27.3,82,1010.6,15.0,290,0.0
2026-06-17 07:00:00,27.3,82,1010.2,13.6,285,0.3
2026-06-17 08:00:00,27.8,83,1009.2,13.1,291,0.4
2026-06-17 09:00:00,28.6,76,1008.2,15.3,285,0.1
2026-06-17 10:00:00,28.2,76,1007.5,15.2,281,0.1
2026-06-17 11:00:00,28.0,77,1007.6,13.6,304,0.2
2026-06-17 12:00:00,28.0,78,1007.5,12.9,288,0.2
2026-06-17 13:00:00,27.1,82,1007.7,10.8,307,0.3
2026-06-17 14:00:00,26.6,85,1008.4,10.4,321,0.0
2026-06-17 15:00:00,26.3,87,1009.1,10.4,337,0.0
2026-06-17 16:00:00,25.8,90,1009.3,9.7,345,0.0
2026-06-17 17:00:00,25.4,92,1009.6,8.8,351,0.0
2026-06-17 18:00:00,25.7,90,1008.9,11.4,337,0.0
2026-06-17 19:00:00,25.5,91,1009.0,10.1,333,0.0
2026-06-17 20:00:00,25.5,90,1008.7,10.3,333,0.0
2026-06-17 21:00:00,25.6,90,1008.4,9.3,328,0.0
2026-06-17 22:00:00,25.6,91,1008.6,9.4,325,0.0
2026-06-17 23:00:00,25.4,91,1008.6,9.6,320,0.1
2026-06-18 00:00:00,25.1,93,1008.5,10.3,1,0.9
2026-06-18 01:00:00,24.7,94,1009.1,8.5,358,0.0
2026-06-18 02:00:00,25.7,90,1009.4,6.7,316,0.0
2026-06-18 03:00:00,27.3,84,1009.9,9.4,322,0.0
2026-06-18 04:00:00,28.0,80,1010.5,13.5,315,0.0
2026-06-18 05:00:00,28.7,79,1010.3,14.1,308,0.1
2026-06-18 06:00:00,29.7,73,1009.7,16.4,300,0.2
2026-06-18 07:00:00,28.9,76,1009.1,19.7,294,0.3
2026-06-18 08:00:00,28.4,80,1008.9,17.7,310,0.9
2026-06-18 09:00:00,27.1,88,1008.4,13.6,317,2.7
2026-06-18 10:00:00,26.1,86,1007.7,16.7,310,1.1
2026-06-18 11:00:00,26.1,90,1007.7,13.4,332,0.8
2026-06-18 12:00:00,25.9,97,1007.5,7.4,353,0.5
2026-06-18 13:00:00,25.7,96,1007.9,9.1,351,0.5
2026-06-18 14:00:00,25.4,97,1008.5,6.5,13,0.0
2026-06-18 15:00:00,25.2,97,1009.2,6.7,2,0.0
2026-06-18 16:00:00,25.1,97,1009.6,7.2,356,0.0
2026-06-18 17:00:00,25.1,97,1010.0,8.4,351,0.0
2026-06-18 18:00:00,25.3,97,1009.3,8.5,336,0.0
2026-06-18 19:00:00,24.9,98,1009.1,6.4,335,0.0
2026-06-18 20:00:00,24.9,98,1008.4,7.3,327,0.1
2026-06-18 21:00:00,24.8,97,1008.1,7.9,333,0.0
2026-06-18 22:00:00,24.8,97,1008.0,7.6,348,0.0
2026-06-18 23:00:00,24.4,98,1008.2,7.7,12,0.0
2026-06-19 00:00:00,24.8,97,1008.0,6.0,353,0.0
2026-06-19 01:00:00,24.9,97,1008.8,7.9,336,0.0
2026-06-19 02:00:00,25.2,97,1009.3,7.9,357,0.2
2026-06-19 03:00:00,26.1,93,1009.9,8.9,13,0.1
2026-06-19 04:00:00,27.5,83,1009.9,10.2,347,0.2
2026-06-19 05:00:00,29.0,72,1009.6,12.3,323,0.1
2026-06-19 06:00:00,30.2,66,1009.2,14.1,312,0.0
2026-06-19 07:00:00,30.4,65,1008.2,15.8,305,0.0
2026-06-19 08:00:00,30.3,67,1007.7,15.5,303,0.0
2026-06-19 09:00:00,30.1,68,1007.3,16.2,299,0.0
2026-06-19 10:00:00,29.4,71,1006.9,16.6,287,0.0
2026-06-19 11:00:00,28.2,75,1007.2,16.0,284,0.0
2026-06-19 12:00:00,28.3,79,1006.9,15.9,292,0.0
2026-06-19 13:00:00,27.6,81,1007.5,15.0,294,0.0
2026-06-19 14:00:00,27.2,82,1008.2,14.3,298,0.0
2026-06-19 15:00:00,26.9,85,1008.8,12.9,297,0.0
2026-06-19 16:00:00,26.6,88,1009.8,11.3,301,0.0
2026-06-19 17:00:00,26.2,90,1010.0,10.1,309,0.0
2026-06-19 18:00:00,26.1,90,1009.6,9.3,311,0.0
2026-06-19 19:00:00,25.4,92,1009.5,5.6,335,0.0
2026-06-19 20:00:00,24.7,94,1009.0,4.9,8,0.0
2026-06-19 21:00:00,24.2,94,1008.4,5.6,17,0.0
2026-06-19 22:00:00,23.9,94,1008.2,6.3,24,0.0
2026-06-19 23:00:00,23.6,93,1008.4,6.1,28,0.0
2026-06-20 00:00:00,24.1,93,1008.5,6.9,20,0.0
2026-06-20 01:00:00,24.2,93,1009.2,7.2,18,0.0
2026-06-20 02:00:00,25.8,89,1009.8,5.9,27,0.0
2026-06-20 03:00:00,27.7,81,1010.1,6.3,336,0.0
2026-06-20 04:00:00,28.6,77,1010.3,8.9,308,0.0
2026-06-20 05:00:00,29.4,73,1010.2,9.0,293,0.0
2026-06-20 06:00:00,30.3,68,1009.3,11.8,301,0.0
2026-06-20 07:00:00,30.3,70,1008.9,11.6,288,0.0
2026-06-20 08:00:00,29.9,72,1008.1,13.9,273,0.0
2026-06-20 09:00:00,29.5,72,1007.8,15.9,265,0.0
2026-06-20 10:00:00,29.2,73,1007.5,14.6,266,0.0
2026-06-20 11:00:00,28.7,80,1008.0,14.1,263,0.0
2026-06-20 12:00:00,28.8,78,1008.0,13.7,273,0.0
2026-06-20 13:00:00,28.0,81,1008.8,10.0,279,0.0
2026-06-20 14:00:00,27.5,83,1009.2,8.3,283,0.0
2026-06-20 15:00:00,27.2,86,1010.0,5.8,296,0.0
2026-06-20 16:00:00,27.0,86,1011.1,9.1,288,0.0
2026-06-20 17:00:00,26.5,87,1011.1,7.9,286,0.1
2026-06-20 18:00:00,26.1,88,1010.6,12.9,282,0.6
2026-06-20 19:00:00,26.0,90,1010.3,9.9,307,0.0
2026-06-20 20:00:00,25.7,92,1009.4,8.3,312,0.0
2026-06-20 21:00:00,25.3,94,1009.0,7.6,326,0.1
2026-06-20 22:00:00,25.1,95,1008.7,6.0,343,0.0
2026-06-20 23:00:00,24.8,94,1009.3,7.4,299,0.7
2026-06-21 00:00:00,24.9,97,1008.5,5.4,360,0.5
2026-06-21 01:00:00,25.0,98,1009.3,5.6,358,0.1
2026-06-21 02:00:00,25.8,96,1009.5,5.5,27,0.0
2026-06-21 03:00:00,26.7,90,1010.4,9.6,296,0.2
2026-06-21 04:00:00,27.0,87,1010.4,11.3,292,0.2
2026-06-21 05:00:00,28.5,78,1010.0,11.0,284,0.0
2026-06-21 06:00:00,29.1,75,1009.2,14.7,282,0.0
2026-06-21 07:00:00,29.4,75,1009.4,12.4,292,0.1
2026-06-21 08:00:00,29.0,77,1008.9,13.7,292,0.1
2026-06-21 09:00:00,28.0,80,1008.3,12.9,285,0.8
2026-06-21 10:00:00,26.4,89,1007.9,14.5,302,2.9
2026-06-21 11:00:00,26.5,90,1007.5,13.5,289,0.9
2026-06-21 12:00:00,28.2,81,1007.6,13.1,303,2.0
2026-06-21 13:00:00,26.5,90,1008.7,9.2,360,0.1
2026-06-21 14:00:00,25.5,94,1009.3,7.3,9,0.0
2026-06-21 15:00:00,24.9,96,1010.1,7.0,18,0.6
2026-06-21 16:00:00,24.3,98,1011.0,11.0,3,0.6
2026-06-21 17:00:00,24.0,98,1010.7,7.4,360,0.3
2026-06-21 18:00:00,24.3,98,1010.6,12.6,5,0.1
2026-06-21 19:00:00,24.1,98,1009.8,11.5,346,0.0
2026-06-21 20:00:00,24.0,97,1009.4,9.8,334,0.0
2026-06-21 21:00:00,24.0,97,1009.1,10.3,338,0.0
2026-06-21 22:00:00,24.0,97,1009.3,8.7,336,0.0
2026-06-21 23:00:00,24.2,97,1008.9,5.9,342,0.0
2026-06-22 00:00:00,23.8,98,1008.8,9.8,353,0.0
2026-06-22 01:00:00,23.9,98,1010.0,7.5,336,0.0
2026-06-22 02:00:00,24.4,98,1010.7,6.2,339,0.8
2026-06-22 03:00:00,25.2,94,1011.1,9.0,334,0.3
2026-06-22 04:00:00,26.7,87,1011.6,8.4,315,0.1
2026-06-22 05:00:00,27.4,83,1011.3,7.1,280,0.1
2026-06-22 06:00:00,25.9,91,1011.1,14.2,241,0.3
2026-06-22 07:00:00,25.6,90,1010.9,15.8,249,2.1
2026-06-22 08:00:00,26.7,87,1009.9,16.2,260,0.9
2026-06-22 09:00:00,27.4,81,1009.3,18.5,280,0.3
2026-06-22 10:00:00,27.2,82,1008.8,17.6,284,0.2
2026-06-22 11:00:00,27.0,82,1008.6,16.3,289,0.0
2026-06-22 12:00:00,26.0,93,1009.1,13.7,310,0.0
2026-06-22 13:00:00,25.7,94,1009.5,10.9,320,0.2
2026-06-22 14:00:00,25.3,95,1010.3,9.5,338,0.0
2026-06-22 15:00:00,25.1,96,1010.7,8.5,335,0.0
2026-06-22 16:00:00,25.1,96,1010.8,9.3,323,0.1
2026-06-22 17:00:00,24.8,98,1010.7,8.9,342,0.0
2026-06-22 18:00:00,24.9,96,1010.5,11.1,335,0.0
2026-06-22 19:00:00,24.6,97,1010.2,10.4,342,0.0
2026-06-22 20:00:00,24.5,96,1009.2,9.4,340,0.0
2026-06-22 21:00:00,24.5,96,1008.8,9.2,359,0.0
2026-06-22 22:00:00,24.3,96,1009.1,8.8,359,0.1
2026-06-22 23:00:00,24.3,96,1009.3,9.1,345,0.2
2026-06-23 00:00:00,24.5,97,1009.0,9.5,351,0.2
2026-06-23 01:00:00,24.5,96,1009.4,9.5,335,0.0
2026-06-23 02:00:00,25.3,92,1009.8,10.3,335,0.0
2026-06-23 03:00:00,26.4,87,1009.9,11.7,343,0.1
2026-06-23 04:00:00,27.0,84,1010.4,13.8,319,0.2
2026-06-23 05:00:00,27.4,82,1010.3,14.8,304,0.2
2026-06-23 06:00:00,27.4,82,1009.7,16.0,305,0.1
2026-06-23 07:00:00,27.9,79,1009.2,19.6,300,0.2
2026-06-23 08:00:00,27.9,79,1008.4,17.4,302,0.0
2026-06-23 09:00:00,28.8,76,1007.6,19.6,300,0.0
2026-06-23 10:00:00,29.0,75,1007.2,20.5,302,0.0
2026-06-23 11:00:00,28.3,76,1007.5,19.6,315,0.2
2026-06-23 12:00:00,27.9,80,1007.7,17.3,321,0.1
2026-06-23 13:00:00,27.0,84,1008.4,16.4,329,0.0
2026-06-23 14:00:00,26.7,86,1009.4,15.9,328,0.1
2026-06-23 15:00:00,26.3,88,1009.8,14.5,332,0.1
2026-06-23 16:00:00,25.7,92,1010.0,13.2,343,0.1
2026-06-23 17:00:00,25.4,94,1010.4,10.1,348,0.0
2026-06-23 18:00:00,25.7,91,1010.1,10.2,326,0.0
2026-06-23 19:00:00,25.6,90,1009.7,12.6,314,0.1
2026-06-23 20:00:00,25.4,92,1009.1,12.2,315,0.1
2026-06-23 21:00:00,25.3,93,1008.5,12.7,325,0.0
2026-06-23 22:00:00,25.0,94,1008.3,11.1,335,0.0
2026-06-23 23:00:00,24.7,95,1008.0,11.7,345,0.0
2026-06-24 00:00:00,25.1,92,1008.0,11.5,350,0.0
2026-06-24 01:00:00,24.8,94,1008.4,9.4,359,0.0
2026-06-24 02:00:00,25.8,91,1009.0,7.5,340,0.0
2026-06-24 03:00:00,27.2,85,1009.4,6.2,352,0.0
2026-06-24 04:00:00,28.5,79,1009.6,10.5,333,0.1
2026-06-24 05:00:00,28.9,76,1009.5,11.9,304,0.3
2026-06-24 06:00:00,29.3,73,1009.6,17.1,299,0.4
2026-06-24 07:00:00,29.3,76,1009.3,17.0,298,0.3
2026-06-24 08:00:00,29.3,75,1008.8,17.7,299,0.2
2026-06-24 09:00:00,28.4,80,1008.2,18.0,292,0.7
2026-06-24 10:00:00,27.6,83,1008.2,19.6,316,0.9
2026-06-24 11:00:00,26.7,87,1008.2,16.1,310,0.7
2026-06-24 12:00:00,28.1,84,1007.9,13.1,314,0.2
2026-06-24 13:00:00,27.2,87,1008.1,13.4,318,0.1
2026-06-24 14:00:00,26.8,86,1008.7,12.7,324,0.0
2026-06-24 15:00:00,26.3,90,1009.1,8.8,332,0.0
2026-06-24 16:00:00,25.5,92,1009.9,11.2,312,0.2
2026-06-24 17:00:00,25.3,94,1010.3,10.6,339,0.5
2026-06-24 18:00:00,25.7,93,1010.0,10.0,322,0.0
2026-06-24 19:00:00,25.5,93,1009.7,10.2,321,0.1
2026-06-24 20:00:00,25.3,94,1008.8,11.4,327,0.1
2026-06-24 21:00:00,24.9,95,1008.5,11.3,340,0.1
2026-06-24 22:00:00,24.7,96,1008.6,10.2,343,0.1
2026-06-24 23:00:00,24.5,96,1008.4,9.5,339,0.0
2026-06-25 00:00:00,25.0,96,1008.0,7.7,11,0.0
2026-06-25 01:00:00,25.2,95,1008.3,7.2,359,0.0
2026-06-25 02:00:00,26.0,92,1009.2,10.0,321,0.3
2026-06-25 03:00:00,27.1,88,1009.4,10.2,315,0.1
2026-06-25 04:00:00,28.3,82,1009.6,14.0,300,0.1
2026-06-25 05:00:00,28.8,80,1009.3,15.9,290,0.1
2026-06-25 06:00:00,29.5,75,1009.1,18.5,294,0.9
2026-06-25 07:00:00,29.4,76,1008.6,19.5,291,0.0
2026-06-25 08:00:00,29.2,77,1008.0,19.7,291,0.0
2026-06-25 09:00:00,29.5,74,1007.3,19.9,293,0.0
2026-06-25 10:00:00,29.4,74,1006.6,20.5,293,0.0
2026-06-25 11:00:00,28.9,76,1006.3,20.2,292,0.0
2026-06-25 12:00:00,28.5,78,1006.7,19.5,299,0.0
2026-06-25 13:00:00,27.8,80,1007.2,18.7,299,0.0
2026-06-25 14:00:00,27.5,80,1007.9,15.8,302,0.0
2026-06-25 15:00:00,27.3,81,1008.9,14.9,301,0.0
2026-06-25 16:00:00,27.1,82,1009.4,13.3,308,0.0
2026-06-25 17:00:00,26.7,84,1009.5,14.1,307,0.1
2026-06-25 18:00:00,26.6,87,1008.9,13.0,312,0.2
2026-06-25 19:00:00,26.0,91,1008.7,13.4,310,0.1
2026-06-25 20:00:00,25.6,91,1008.1,15.4,307,0.2
2026-06-25 21:00:00,25.6,92,1007.7,12.6,311,0.1
2026-06-25 22:00:00,24.6,95,1008.0,13.2,316,0.9
2026-06-25 23:00:00,24.2,97,1008.2,16.1,320,0.7
2026-06-26 00:00:00,24.7,96,1008.1,15.8,315,0.3
2026-06-26 01:00:00,24.2,98,1009.2,12.8,321,0.5
2026-06-26 02:00:00,24.7,96,1009.4,11.7,329,0.4
2026-06-26 03:00:00,25.4,94,1009.9,13.9,330,0.5
2026-06-26 04:00:00,26.1,91,1010.3,12.3,335,0.3
2026-06-26 05:00:00,27.4,85,1010.1,16.5,309,0.2
2026-06-26 06:00:00,28.2,81,1009.8,18.9,300,0.1
2026-06-26 07:00:00,25.7,93,1010.0,13.4,285,5.1
2026-06-26 08:00:00,26.7,89,1008.8,19.4,296,1.0
2026-06-26 09:00:00,27.5,83,1007.7,17.9,309,0.4
2026-06-26 10:00:00,28.4,77,1006.8,22.0,313,0.1
2026-06-26 11:00:00,28.0,79,1006.8,19.1,313,0.2
2026-06-26 12:00:00,28.1,79,1006.8,16.8,325,0.0
2026-06-26 13:00:00,27.4,82,1007.3,12.6,327,0.0
2026-06-26 14:00:00,26.7,86,1007.9,9.9,331,0.0
2026-06-26 15:00:00,26.4,89,1008.9,10.3,338,0.0
2026-06-26 16:00:00,26.5,88,1009.3,12.3,338,0.0
2026-06-26 17:00:00,26.4,87,1009.1,13.3,339,0.0
2026-06-26 18:00:00,26.3,87,1008.9,11.8,340,0.0
2026-06-26 19:00:00,25.9,89,1008.5,10.6,334,0.0
2026-06-26 20:00:00,25.6,91,1007.9,10.3,333,0.0
2026-06-26 21:00:00,25.4,91,1007.1,11.2,334,0.0
2026-06-26 22:00:00,25.3,91,1007.0,10.3,338,0.0
2026-06-26 23:00:00,25.1,91,1007.0,10.1,329,0.0
2026-06-27 00:00:00,25.1,91,1006.9,9.8,340,0.0
2026-06-27 01:00:00,25.0,92,1008.0,10.0,354,0.0
2026-06-27 02:00:00,26.1,88,1008.5,10.1,343,0.0
2026-06-27 03:00:00,27.2,83,1008.6,12.0,328,0.0
2026-06-27 04:00:00,27.7,83,1009.0,15.3,315,0.3
2026-06-27 05:00:00,28.9,78,1009.0,15.4,305,0.0
2026-06-27 06:00:00,28.4,78,1008.3,16.3,301,0.1
2026-06-27 07:00:00,29.0,78,1007.9,14.5,292,0.4
2026-06-27 08:00:00,28.6,80,1007.4,16.7,287,0.3
2026-06-27 09:00:00,28.5,81,1006.5,18.5,295,0.2
2026-06-27 10:00:00,27.2,88,1006.3,17.0,298,1.4
2026-06-27 11:00:00,27.7,85,1005.9,15.3,291,0.3
2026-06-27 12:00:00,28.1,83,1006.1,16.7,302,0.5
2026-06-27 13:00:00,27.4,85,1006.7,12.8,309,0.0
2026-06-27 14:00:00,27.0,87,1007.5,12.0,317,0.0
2026-06-27 15:00:00,26.7,88,1008.4,11.4,321,0.2
2026-06-27 16:00:00,26.5,89,1008.6,10.3,325,0.0
2026-06-27 17:00:00,26.1,91,1008.9,9.8,324,0.1
2026-06-27 18:00:00,25.8,92,1008.4,11.0,345,0.1
2026-06-27 19:00:00,25.5,93,1007.9,10.8,334,0.0
2026-06-27 20:00:00,25.3,93,1007.8,11.1,337,0.0
2026-06-27 21:00:00,25.2,93,1007.3,11.5,335,0.0
2026-06-27 22:00:00,25.2,92,1007.2,13.1,327,0.1
2026-06-27 23:00:00,25.1,92,1007.0,11.1,331,0.1
2026-06-28 00:00:00,25.0,94,1007.0,10.2,319,0.1
2026-06-28 01:00:00,24.0,95,1008.7,18.6,323,0.6
2026-06-28 02:00:00,23.7,96,1009.3,15.1,337,1.3
2026-06-28 03:00:00,25.0,93,1009.3,14.5,337,0.5
2026-06-28 04:00:00,26.4,89,1009.4,15.9,323,0.4
2026-06-28 05:00:00,27.5,82,1009.6,19.1,308,0.5
2026-06-28 06:00:00,26.6,85,1009.1,20.7,301,1.1
2026-06-28 07:00:00,28.6,76,1008.5,18.7,313,0.1
2026-06-28 08:00:00,27.4,80,1007.7,20.3,300,0.3
2026-06-28 09:00:00,27.7,78,1007.2,20.3,297,0.7
2026-06-28 10:00:00,27.1,80,1006.4,20.7,301,0.5
2026-06-28 11:00:00,26.5,90,1006.6,18.2,309,2.6
2026-06-28 12:00:00,26.5,86,1006.6,17.1,309,0.3
2026-06-28 13:00:00,24.6,95,1007.8,16.3,317,1.3
2026-06-28 14:00:00,24.9,96,1007.8,15.4,324,0.3
2026-06-28 15:00:00,24.7,96,1008.8,14.7,312,0.4
2026-06-28 16:00:00,24.4,96,1008.9,14.8,315,0.6
2026-06-28 17:00:00,24.3,97,1009.1,11.8,327,0.1
2026-06-28 18:00:00,24.4,92,1009.1,16.8,332,0.3
2026-06-28 19:00:00,24.5,92,1008.9,14.6,327,0.0
2026-06-28 20:00:00,24.5,92,1008.5,15.5,328,0.0
2026-06-28 21:00:00,24.5,93,1007.9,15.7,332,0.0
2026-06-28 22:00:00,24.5,93,1007.9,15.8,328,0.1
2026-06-28 23:00:00,24.6,92,1007.8,15.9,332,0.1
2026-06-29 00:00:00,24.5,90,1008.2,16.2,325,0.1
2026-06-29 01:00:00,24.1,93,1009.0,18.6,322,0.6
2026-06-29 02:00:00,24.8,92,1009.4,17.3,321,0.5
2026-06-29 03:00:00,25.6,86,1009.8,17.4,325,0.4
2026-06-29 04:00:00,26.8,84,1010.3,17.1,317,0.5
2026-06-29 05:00:00,28.1,76,1009.9,19.1,303,0.3
2026-06-29 06:00:00,27.6,73,1010.9,26.0,294,0.2
2026-06-29 07:00:00,27.4,74,1010.5,22.8,291,0.0
2026-06-29 08:00:00,27.5,76,1009.9,23.6,291,0.2
2026-06-29 09:00:00,27.7,76,1008.7,24.5,295,0.3
2026-06-29 10:00:00,28.0,75,1007.7,21.7,310,0.0
2026-06-29 11:00:00,27.5,77,1007.2,18.2,325,0.0
2026-06-29 12:00:00,27.5,77,1006.8,20.4,340,0.0
2026-06-29 13:00:00,26.8,80,1007.2,19.3,345,0.0
2026-06-29 14:00:00,26.1,83,1008.2,16.4,345,0.0
2026-06-29 15:00:00,25.7,84,1009.0,13.3,352,0.0
2026-06-29 16:00:00,25.2,86,1009.4,15.2,336,0.0
2026-06-29 17:00:00,25.3,87,1009.8,18.1,330,0.0
2026-06-29 18:00:00,25.4,85,1009.9,19.7,333,0.0
2026-06-29 19:00:00,25.0,87,1009.6,20.1,339,0.0
2026-06-29 20:00:00,25.0,87,1008.9,20.5,341,0.0
2026-06-29 21:00:00,24.6,88,1008.2,18.3,341,0.0
2026-06-29 22:00:00,24.4,89,1008.2,17.6,334,0.0
2026-06-29 23:00:00,24.4,89,1008.3,17.1,332,0.0
2026-06-30 00:00:00,24.7,88,1008.4,16.1,329,0.0
2026-06-30 01:00:00,24.8,88,1008.9,16.0,330,0.0
2026-06-30 02:00:00,25.7,86,1009.6,17.6,334,0.0
2026-06-30 03:00:00,25.6,92,1010.8,11.3,314,1.3
2026-06-30 04:00:00,26.2,87,1011.2,19.8,308,0.7
2026-06-30 05:00:00,25.8,88,1011.2,20.4,320,1.9
2026-06-30 06:00:00,26.8,81,1010.8,15.1,324,0.3
2026-06-30 07:00:00,27.6,77,1010.3,20.8,297,0.0
2026-06-30 08:00:00,27.6,78,1009.7,19.9,305,0.1
2026-06-30 09:00:00,28.1,76,1008.5,19.6,311,0.0
2026-06-30 10:00:00,28.5,74,1007.6,22.1,305,0.0
2026-06-30 11:00:00,27.9,76,1007.4,21.5,308,0.0
2026-06-30 12:00:00,27.6,76,1008.0,21.1,320,0.0
2026-06-30 13:00:00,26.9,78,1008.6,20.2,323,0.0
2026-06-30 14:00:00,26.4,78,1009.2,17.7,330,0.0
2026-06-30 15:00:00,26.0,79,1009.8,13.8,336,0.0
2026-06-30 16:00:00,25.6,82,1010.3,11.4,347,0.0
2026-06-30 17:00:00,25.0,87,1011.1,12.2,323,0.1
2026-06-30 18:00:00,24.9,91,1010.8,14.5,316,0.6
2026-06-30 19:00:00,24.5,95,1010.6,14.7,334,0.7
2026-06-30 20:00:00,24.2,97,1009.9,12.3,346,0.4
2026-06-30 21:00:00,23.9,98,1009.3,12.8,349,0.1
2026-06-30 22:00:00,23.8,97,1009.0,14.1,349,0.1
2026-06-30 23:00:00,23.5,98,1008.7,14.4,350,0.0
2026-07-01 00:00:00,24.3,92,1008.8,13.9,341,0.0
2026-07-01 01:00:00,24.4,92,1009.4,13.9,340,0.1
2026-07-01 02:00:00,25.0,90,1009.7,16.1,338,0.0
2026-07-01 03:00:00,25.5,89,1010.0,14.7,348,0.0
2026-07-01 04:00:00,27.0,82,1010.2,16.4,329,0.0
2026-07-01 05:00:00,27.8,78,1010.0,17.7,311,0.1
2026-07-01 06:00:00,27.9,78,1009.8,18.5,310,0.1
2026-07-01 07:00:00,28.1,77,1009.5,17.3,308,0.0
2026-07-01 08:00:00,28.0,77,1008.8,18.6,295,0.1
2026-07-01 09:00:00,27.9,78,1007.9,19.1,295,0.0
2026-07-01 10:00:00,27.6,80,1007.4,18.3,295,0.0
2026-07-01 11:00:00,27.1,83,1007.1,15.9,302,0.0
2026-07-01 12:00:00,27.5,81,1007.3,17.1,303,0.0
2026-07-01 13:00:00,26.7,84,1007.7,14.0,307,0.0
2026-07-01 14:00:00,26.2,86,1008.4,13.9,316,0.0
2026-07-01 15:00:00,25.9,88,1009.0,13.3,324,0.0
2026-07-01 16:00:00,25.5,90,1009.9,11.0,334,0.0
2026-07-01 17:00:00,25.4,89,1010.2,10.3,344,0.0
2026-07-01 18:00:00,25.8,89,1010.0,8.6,340,0.0
2026-07-01 19:00:00,25.6,90,1009.6,7.8,328,0.0
2026-07-01 20:00:00,25.5,90,1009.1,10.7,329,0.0
2026-07-01 21:00:00,25.2,90,1008.6,11.3,333,0.0
2026-07-01 22:00:00,24.7,91,1008.3,10.1,344,0.0
2026-07-01 23:00:00,24.2,92,1008.0,10.2,353,0.0
2026-07-02 00:00:00,24.5,94,1007.8,10.3,2,0.0
2026-07-02 01:00:00,24.5,94,1008.5,11.1,331,0.2
2026-07-02 02:00:00,25.4,91,1009.2,12.2,338,0.1
2026-07-02 03:00:00,26.6,85,1009.6,13.1,317,0.1
2026-07-02 04:00:00,27.3,81,1009.6,18.0,296,0.1
2026-07-02 05:00:00,27.6,81,1009.7,18.9,297,0.4
2026-07-02 06:00:00,28.7,75,1009.4,18.9,284,0.1
2026-07-02 07:00:00,28.8,76,1009.1,19.7,285,0.1
2026-07-02 08:00:00,28.8,76,1008.6,20.7,287,0.2
2026-07-02 09:00:00,28.6,76,1007.6,22.2,281,0.1
2026-07-02 10:00:00,28.6,76,1007.2,22.7,289,0.1
2026-07-02 11:00:00,28.5,73,1007.0,23.5,286,0.1
2026-07-02 12:00:00,28.2,79,1007.2,17.8,288,0.2
2026-07-02 13:00:00,27.1,82,1008.2,19.2,299,0.2
2026-07-02 14:00:00,26.2,87,1008.8,16.1,323,0.2
2026-07-02 15:00:00,25.8,89,1009.8,10.8,327,0.0
2026-07-02 16:00:00,25.1,91,1010.6,12.5,330,0.6
2026-07-02 17:00:00,24.5,96,1010.9,11.6,356,0.4
2026-07-02 18:00:00,24.9,97,1010.7,9.2,359,0.0
2026-07-02 19:00:00,24.8,97,1010.3,7.0,3,0.1
2026-07-02 20:00:00,24.1,97,1009.9,9.1,350,0.5
2026-07-02 21:00:00,24.1,99,1009.8,6.7,355,0.8
2026-07-02 22:00:00,24.0,99,1009.5,7.9,349,0.1
2026-07-02 23:00:00,23.9,98,1009.4,8.4,351,0.1
2026-07-03 00:00:00,24.2,98,1009.7,8.1,331,0.2
2026-07-03 01:00:00,24.5,98,1009.8,1.2,117,1.0
2026-07-03 02:00:00,24.8,95,1010.4,9.1,30,0.8
2026-07-03 03:00:00,25.4,94,1010.9,10.4,309,1.2
2026-07-03 04:00:00,27.0,87,1011.0,11.3,314,0.1
2026-07-03 05:00:00,26.6,84,1010.9,16.5,300,0.8
2026-07-03 06:00:00,28.0,78,1010.6,16.6,300,0.1
2026-07-03 07:00:00,27.9,74,1010.4,16.1,286,0.1
2026-07-03 08:00:00,27.5,81,1010.0,18.9,273,0.7
2026-07-03 09:00:00,26.3,88,1009.7,21.5,284,4.0
2026-07-03 10:00:00,26.1,87,1009.3,18.4,292,0.4
2026-07-03 11:00:00,26.3,84,1009.1,17.3,290,0.4
2026-07-03 12:00:00,26.5,84,1009.4,16.3,296,0.7
2026-07-03 13:00:00,26.0,87,1009.2,11.3,314,0.1
2026-07-03 14:00:00,24.8,91,1010.3,19.2,299,0.5
2026-07-03 15:00:00,24.7,94,1010.7,14.0,319,0.6
2026-07-03 16:00:00,24.5,94,1011.6,16.8,325,0.0
2026-07-03 17:00:00,24.3,94,1011.6,14.8,333,0.1
2026-07-03 18:00:00,24.1,95,1011.5,17.7,327,0.1
2026-07-03 19:00:00,24.0,95,1011.2,17.3,313,0.6
2026-07-03 20:00:00,23.8,96,1010.3,14.5,324,0.3
2026-07-03 21:00:00,23.9,96,1009.8,18.0,311,0.3
2026-07-03 22:00:00,24.1,97,1009.4,14.5,318,0.1
2026-07-03 23:00:00,24.0,95,1009.7,17.7,308,1.2
2026-07-04 00:00:00,24.3,96,1009.4,15.9,332,0.3
2026-07-04 01:00:00,24.0,97,1009.9,17.4,320,0.6
2026-07-04 02:00:00,24.4,95,1010.4,16.0,320,0.2
2026-07-04 03:00:00,25.3,92,1010.8,14.0,322,0.1
2026-07-04 04:00:00,25.4,91,1011.0,16.1,305,1.5
2026-07-04 05:00:00,26.4,86,1011.1,17.7,294,0.6
2026-07-04 06:00:00,26.5,84,1010.4,19.8,306,2.2
2026-07-04 07:00:00,26.2,86,1010.3,21.9,295,1.1
2026-07-04 08:00:00,26.0,86,1009.6,22.1,286,1.5
2026-07-04 09:00:00,26.1,85,1009.0,22.5,282,0.5
2026-07-04 10:00:00,26.2,88,1008.4,19.2,275,0.4
2026-07-04 11:00:00,26.0,89,1008.4,16.7,290,0.9
2026-07-04 12:00:00,26.9,84,1008.1,14.6,300,2.2
2026-07-04 13:00:00,26.7,85,1008.5,14.2,308,0.0
2026-07-04 14:00:00,26.5,86,1008.7,13.6,304,0.0
2026-07-04 15:00:00,26.3,87,1009.3,13.1,300,0.0
2026-07-04 16:00:00,26.1,89,1010.0,10.1,301,0.0
2026-07-04 17:00:00,25.6,91,1010.2,9.5,314,0.2
2026-07-04 18:00:00,25.6,90,1009.9,10.3,322,0.1
2026-07-04 19:00:00,25.3,90,1009.5,10.1,311,0.1
2026-07-04 20:00:00,25.0,91,1008.9,10.9,310,0.2
2026-07-04 21:00:00,24.7,94,1008.4,10.3,319,0.2
2026-07-04 22:00:00,24.4,96,1008.2,9.8,325,0.1
2026-07-04 23:00:00,24.2,96,1008.4,9.4,331,0.2
2026-07-05 00:00:00,24.2,95,1008.1,10.4,316,0.1
2026-07-05 01:00:00,24.2,96,1008.7,10.5,319,0.9
2026-07-05 02:00:00,25.3,93,1009.0,10.3,324,0.7
2026-07-05 03:00:00,26.7,89,1009.4,13.1,307,0.6
2026-07-05 04:00:00,27.8,85,1009.6,17.1,295,0.9
2026-07-05 05:00:00,28.9,75,1009.8,21.1,287,0.2
2026-07-05 06:00:00,29.4,70,1009.6,21.1,287,0.0
2026-07-05 07:00:00,29.3,71,1009.4,21.1,284,0.0
2026-07-05 08:00:00,29.0,73,1008.9,22.9,281,0.0
2026-07-05 09:00:00,28.8,73,1008.2,24.0,284,0.0
2026-07-05 10:00:00,28.6,74,1007.6,21.9,289,0.0
2026-07-05 11:00:00,28.1,77,1007.2,19.3,291,0.0
2026-07-05 12:00:00,27.9,78,1007.7,16.2,299,0.0
2026-07-05 13:00:00,27.1,83,1008.1,14.4,300,0.0
2026-07-05 14:00:00,26.6,86,1008.8,11.7,302,0.0
2026-07-05 15:00:00,26.2,87,1009.5,9.8,302,0.1
2026-07-05 16:00:00,25.8,90,1010.3,5.6,310,0.1
2026-07-05 17:00:00,25.6,91,1010.3,5.1,309,0.0
2026-07-05 18:00:00,25.9,87,1009.9,11.9,300,0.1
2026-07-05 19:00:00,25.7,87,1009.3,9.4,305,0.0
2026-07-05 20:00:00,25.4,88,1008.9,7.8,302,0.0
2026-07-05 21:00:00,25.3,88,1008.5,9.3,297,0.1
2026-07-05 22:00:00,25.6,87,1008.3,10.9,294,0.0
2026-07-05 23:00:00,25.6,87,1008.5,12.8,292,0.1
2026-07-06 00:00:00,25.7,87,1008.3,13.3,297,0.1
2026-07-06 01:00:00,25.5,87,1008.9,11.6,313,0.0
2026-07-06 02:00:00,26.7,83,1009.5,13.2,304,0.0
2026-07-06 03:00:00,28.0,76,1009.8,13.4,298,0.0
2026-07-06 04:00:00,28.6,72,1009.7,17.2,290,0.0
2026-07-06 05:00:00,29.2,69,1010.0,18.5,289,0.0
2026-07-06 06:00:00,29.5,64,1009.5,21.6,298,0.0
2026-07-06 07:00:00,29.6,65,1009.6,22.7,294,0.0
2026-07-06 08:00:00,29.3,70,1009.0,19.6,296,0.0
2026-07-06 09:00:00,29.5,69,1008.2,19.4,296,0.0
2026-07-06 10:00:00,29.1,70,1007.5,19.6,297,0.0
2026-07-06 11:00:00,28.6,73,1007.5,18.7,294,0.0
2026-07-06 12:00:00,28.4,75,1007.6,17.1,303,0.0
2026-07-06 13:00:00,27.4,81,1008.3,15.0,303,0.0
2026-07-06 14:00:00,26.9,82,1009.0,14.8,306,0.0
2026-07-06 15:00:00,26.6,84,1009.7,13.4,305,0.0
2026-07-06 16:00:00,26.4,85,1010.2,12.8,305,0.0
2026-07-06 17:00:00,26.2,87,1010.5,10.8,302,0.0
2026-07-06 18:00:00,26.1,89,1010.2,9.8,314,0.0
2026-07-06 19:00:00,25.8,90,1009.6,8.4,312,0.0
2026-07-06 20:00:00,25.6,91,1009.2,9.5,307,0.0
2026-07-06 21:00:00,25.7,89,1009.0,11.4,298,0.2
2026-07-06 22:00:00,25.3,91,1009.1,12.6,301,0.1
2026-07-06 23:00:00,25.4,91,1009.2,11.6,303,0.2
2026-07-07 00:00:00,24.9,96,1009.1,12.7,303,0.5
2026-07-07 01:00:00,24.9,96,1010.2,11.2,318,0.7
2026-07-07 02:00:00,26.0,93,1010.6,12.9,303,0.1
2026-07-07 03:00:00,27.6,83,1010.8,17.1,298,0.0
2026-07-07 04:00:00,28.4,76,1010.9,21.3,297,0.1
2026-07-07 05:00:00,28.9,74,1010.7,22.6,291,0.0
2026-07-07 06:00:00,29.5,70,1010.4,21.1,295,0.0
2026-07-07 07:00:00,29.4,71,1010.0,23.5,294,0.0
2026-07-07 08:00:00,29.4,73,1009.2,22.6,293,0.0
2026-07-07 09:00:00,29.4,73,1008.5,21.9,294,0.0
2026-07-07 10:00:00,29.0,75,1008.2,21.6,294,0.0
2026-07-07 11:00:00,28.5,78,1008.0,21.2,292,0.0
2026-07-07 12:00:00,28.4,80,1008.2,18.8,297,0.0
2026-07-07 13:00:00,27.5,83,1008.4,18.5,299,0.0
2026-07-07 14:00:00,27.0,85,1009.2,18.0,303,0.0
2026-07-07 15:00:00,26.9,86,1009.6,17.7,308,0.0
2026-07-07 16:00:00,26.8,87,1010.0,16.2,307,0.0
2026-07-07 17:00:00,26.6,89,1010.2,15.0,308,0.0
2026-07-07 18:00:00,26.3,88,1010.1,13.8,320,0.0
2026-07-07 19:00:00,26.0,90,1009.4,13.2,322,0.0
2026-07-07 20:00:00,25.9,91,1009.0,12.6,326,0.0
2026-07-07 21:00:00,25.6,91,1008.6,14.3,335,0.1
2026-07-07 22:00:00,24.8,93,1008.4,12.0,332,0.0
2026-07-07 23:00:00,24.3,95,1009.3,14.5,306,0.8
2026-07-08 00:00:00,24.6,93,1008.6,11.6,321,0.0
2026-07-08 01:00:00,24.7,94,1009.7,17.5,299,0.7
2026-07-08 02:00:00,25.5,92,1009.9,15.3,320,0.3
2026-07-08 03:00:00,26.8,86,1010.1,15.9,315,0.0
2026-07-08 04:00:00,27.9,81,1010.1,17.0,306,0.1
2026-07-08 05:00:00,27.8,79,1010.1,20.5,299,0.4
2026-07-08 06:00:00,29.0,79,1009.3,18.8,306,0.9
2026-07-08 07:00:00,29.3,77,1009.1,20.0,299,0.2
2026-07-08 08:00:00,28.2,83,1008.9,17.0,312,1.0
2026-07-08 09:00:00,28.8,79,1008.0,22.5,307,0.1
2026-07-08 10:00:00,27.7,84,1007.7,21.7,300,0.5
2026-07-08 11:00:00,28.6,78,1007.6,17.4,314,0.1
2026-07-08 12:00:00,28.3,78,1007.8,20.2,323,0.3
2026-07-08 13:00:00,27.7,79,1008.1,16.3,315,0.0
2026-07-08 14:00:00,27.3,81,1008.7,16.7,304,0.0
2026-07-08 15:00:00,26.0,87,1009.6,18.1,316,0.9
2026-07-08 16:00:00,25.3,93,1010.0,13.1,351,0.3
2026-07-08 17:00:00,24.3,96,1010.3,13.0,1,0.4
2026-07-08 18:00:00,24.9,96,1009.9,10.5,354,0.2
2026-07-08 19:00:00,24.7,96,1009.4,9.3,335,0.1
2026-07-08 20:00:00,24.6,96,1008.8,10.3,344,0.2
2026-07-08 21:00:00,24.0,97,1008.8,13.7,357,0.2
2026-07-08 22:00:00,23.9,95,1008.7,14.6,336,0.1
2026-07-08 23:00:00,23.8,94,1008.8,15.9,333,0.1
2026-07-09 00:00:00,24.2,94,1008.4,14.5,349,0.0
2026-07-09 01:00:00,24.4,93,1009.0,14.0,352,0.0
2026-07-09 02:00:00,25.3,91,1009.7,12.1,355,0.0
2026-07-09 03:00:00,27.1,84,1010.2,15.0,336,0.0
2026-07-09 04:00:00,28.4,78,1010.1,18.3,332,0.0
2026-07-09 05:00:00,29.2,73,1010.3,21.8,318,0.1
2026-07-09 06:00:00,29.3,71,1009.8,24.6,309,0.2
2026-07-09 07:00:00,29.1,72,1009.5,24.4,308,0.3
2026-07-09 08:00:00,29.2,73,1009.2,23.7,300,0.2
2026-07-09 09:00:00,29.3,71,1008.5,24.4,300,0.0
2026-07-09 10:00:00,28.9,72,1008.0,26.1,302,0.0
2026-07-09 11:00:00,28.4,75,1007.8,23.4,303,0.0
2026-07-09 12:00:00,28.0,83,1008.0,20.0,308,0.0
2026-07-09 13:00:00,27.5,83,1008.6,19.6,309,0.1
2026-07-09 14:00:00,27.0,83,1009.4,18.8,319,0.1
2026-07-09 15:00:00,26.5,85,1010.1,15.4,326,0.0
2026-07-09 16:00:00,26.3,86,1010.5,14.3,331,0.0
2026-07-09 17:00:00,25.9,88,1010.7,13.8,334,0.0
2026-07-09 18:00:00,25.8,88,1010.4,12.7,337,0.0
2026-07-09 19:00:00,25.4,90,1010.2,10.9,347,0.0
2026-07-09 20:00:00,25.1,93,1009.9,9.8,336,0.1
2026-07-09 21:00:00,25.0,93,1009.3,9.7,338,0.0
2026-07-09 22:00:00,24.6,94,1009.1,9.8,340,0.0
2026-07-09 23:00:00,24.5,93,1009.4,9.7,329,0.0
2026-07-10 00:00:00,25.0,93,1009.2,10.1,331,0.0
2026-07-10 01:00:00,24.9,95,1010.1,8.6,344,0.2
2026-07-10 02:00:00,25.8,90,1010.8,12.3,339,0.0
2026-07-10 03:00:00,26.3,84,1011.8,17.0,324,0.2
2026-07-10 04:00:00,26.8,84,1011.9,14.1,321,0.2
2026-07-10 05:00:00,28.2,79,1011.8,17.0,319,0.0
2026-07-10 06:00:00,27.7,79,1011.3,17.2,313,0.1
2026-07-10 07:00:00,28.2,82,1010.9,14.7,310,1.0
2026-07-10 08:00:00,28.5,76,1010.5,18.0,299,0.3
2026-07-10 09:00:00,28.3,78,1010.0,19.6,296,0.2
2026-07-10 10:00:00,28.0,79,1009.4,19.3,301,0.0
2026-07-10 11:00:00,28.1,79,1009.3,18.2,304,0.0
2026-07-10 12:00:00,27.6,81,1009.6,14.1,328,0.0
2026-07-10 13:00:00,26.2,88,1010.4,13.9,337,0.3
2026-07-10 14:00:00,25.7,90,1011.3,14.3,319,0.1
2026-07-10 15:00:00,25.4,92,1011.7,13.4,332,0.1
2026-07-10 16:00:00,24.9,95,1011.9,9.7,345,0.0
2026-07-10 17:00:00,24.6,96,1012.0,9.0,338,0.1
2026-07-10 18:00:00,24.8,94,1011.5,9.7,345,0.0
2026-07-10 19:00:00,24.6,95,1011.3,9.1,335,0.0
2026-07-10 20:00:00,24.6,94,1010.4,10.4,334,0.1
2026-07-10 21:00:00,24.6,95,1009.7,10.0,337,0.0
2026-07-10 22:00:00,24.7,95,1009.5,9.0,327,0.1
2026-07-10 23:00:00,24.5,96,1009.7,8.3,330,0.0
2026-07-11 00:00:00,25.3,94,1009.2,12.3,321,0.1
2026-07-11 01:00:00,25.1,96,1010.1,12.8,318,0.3
2026-07-11 02:00:00,25.0,95,1010.8,13.7,320,0.6
2026-07-11 03:00:00,26.1,90,1011.1,14.8,322,0.1
2026-07-11 04:00:00,27.2,86,1011.0,14.8,320,0.1
2026-07-11 05:00:00,28.3,80,1010.9,19.0,305,0.2
2026-07-11 06:00:00,28.9,77,1010.1,21.7,307,0.1
2026-07-11 07:00:00,29.2,74,1009.8,22.5,305,0.1
2026-07-11 08:00:00,29.3,75,1008.7,23.5,307,0.3
2026-07-11 09:00:00,29.1,78,1007.5,23.4,303,0.1
2026-07-11 10:00:00,28.8,80,1007.0,23.8,302,0.0
2026-07-11 11:00:00,28.2,82,1007.0,22.9,301,0.0
2026-07-11 12:00:00,28.2,81,1006.9,20.4,305,0.0
2026-07-11 13:00:00,27.4,85,1007.6,17.3,301,0.0
2026-07-11 14:00:00,27.1,87,1008.7,16.8,303,0.0
2026-07-11 15:00:00,26.9,88,1009.5,15.2,305,0.0
2026-07-11 16:00:00,26.6,89,1009.9,15.5,309,0.0
2026-07-11 17:00:00,26.2,90,1009.8,15.5,318,0.0
2026-07-11 18:00:00,26.0,90,1009.7,13.4,328,0.0
2026-07-11 19:00:00,25.7,91,1009.3,10.7,329,0.0
2026-07-11 20:00:00,25.4,93,1008.5,11.8,331,0.1
2026-07-11 21:00:00,25.3,93,1008.0,12.2,336,0.1
2026-07-11 22:00:00,24.9,95,1007.8,9.0,334,0.0
2026-07-11 23:00:00,24.7,96,1007.8,7.8,334,0.0
2026-07-12 00:00:00,25.2,94,1007.5,10.2,330,0.0
2026-07-12 01:00:00,25.3,94,1007.9,10.2,328,0.0
2026-07-12 02:00:00,26.2,89,1008.6,14.1,323,0.1
2026-07-12 03:00:00,26.9,86,1008.9,17.4,315,0.3
2026-07-12 04:00:00,27.7,83,1009.2,18.4,309,0.2
2026-07-12 05:00:00,28.7,77,1009.1,20.1,299,0.1
2026-07-12 06:00:00,29.3,75,1008.4,21.9,300,0.2
2026-07-12 07:00:00,29.2,76,1007.8,22.9,292,0.2
2026-07-12 08:00:00,29.3,76,1007.5,23.6,289,0.0
2026-07-12 09:00:00,29.0,77,1006.8,24.2,288,0.0
2026-07-12 10:00:00,28.6,79,1006.4,23.7,290,0.0
2026-07-12 11:00:00,28.2,80,1006.3,23.2,295,0.0
2026-07-12 12:00:00,27.7,83,1006.1,23.3,301,0.0
2026-07-12 13:00:00,27.1,84,1006.9,20.8,308,0.0
2026-07-12 14:00:00,26.8,84,1007.8,20.0,314,0.0
2026-07-12 15:00:00,26.6,85,1008.6,19.7,315,0.0
2026-07-12 16:00:00,26.3,86,1008.9,18.5,318,0.0
2026-07-12 17:00:00,26.1,87,1009.2,16.4,324,0.0
2026-07-12 18:00:00,26.2,87,1008.8,15.7,332,0.0
2026-07-12 19:00:00,26.1,87,1008.3,14.9,330,0.0
2026-07-12 20:00:00,25.6,89,1007.7,14.7,332,0.0
2026-07-12 21:00:00,25.1,92,1007.3,13.7,337,0.0
2026-07-12 22:00:00,24.8,93,1007.2,13.0,336,0.0
2026-07-12 23:00:00,24.7,93,1007.2,12.2,336,0.0
2026-07-13 00:00:00,25.3,93,1007.3,12.7,333,0.0
2026-07-13 01:00:00,25.1,94,1008.2,13.1,323,0.0
2026-07-13 02:00:00,26.0,91,1008.9,15.6,326,0.1
2026-07-13 03:00:00,26.6,89,1009.4,17.1,327,0.4
2026-07-13 04:00:00,27.8,82,1009.6,19.5,312,0.4
2026-07-13 05:00:00,28.9,76,1009.6,22.8,303,0.1
2026-07-13 06:00:00,29.2,76,1009.3,24.9,303,0.0
2026-07-13 07:00:00,29.2,77,1008.7,24.6,301,0.0
2026-07-13 08:00:00,29.3,75,1008.1,24.7,303,0.0
2026-07-13 09:00:00,29.2,75,1007.1,25.2,304,0.0
2026-07-13 10:00:00,28.8,79,1006.5,24.9,302,0.0
2026-07-13 11:00:00,28.3,81,1006.7,24.2,305,0.0
2026-07-13 12:00:00,28.1,85,1006.6,23.9,305,0.0
2026-07-13 13:00:00,27.2,88,1007.2,21.5,310,0.0
2026-07-13 14:00:00,26.9,89,1007.7,20.8,316,0.0
2026-07-13 15:00:00,26.7,89,1008.5,18.4,321,0.0
2026-07-13 16:00:00,26.5,90,1009.0,17.1,321,0.0
2026-07-13 17:00:00,26.3,91,1009.8,16.5,322,0.0
2026-07-13 18:00:00,26.3,91,1009.0,16.7,327,0.0
2026-07-13 19:00:00,26.0,92,1009.0,16.2,329,0.0
2026-07-13 20:00:00,25.7,93,1008.3,15.4,328,0.0
2026-07-13 21:00:00,25.4,94,1007.6,14.2,328,0.0
2026-07-13 22:00:00,25.4,94,1007.2,13.9,333,0.0
2026-07-13 23:00:00,25.3,94,1007.2,14.1,335,0.0
2026-07-14 00:00:00,25.4,93,1007.1,14.3,337,0.0
2026-07-14 01:00:00,25.5,93,1007.5,14.3,341,0.0
2026-07-14 02:00:00,26.3,87,1008.2,16.5,336,0.0
2026-07-14 03:00:00,27.6,82,1008.6,18.7,330,0.0
2026-07-14 04:00:00,28.7,76,1009.0,20.7,323,0.0
2026-07-14 05:00:00,29.1,74,1009.1,21.6,314,0.1
2026-07-14 06:00:00,29.9,72,1008.2,22.4,316,0.2
2026-07-14 07:00:00,30.1,73,1007.5,22.8,311,0.1
2026-07-14 08:00:00,30.0,75,1006.8,22.9,304,0.0
2026-07-14 09:00:00,29.6,76,1006.2,23.9,301,0.0
2026-07-14 10:00:00,28.9,79,1006.1,24.9,295,0.0
2026-07-14 11:00:00,28.3,82,1006.4,25.0,297,0.0
2026-07-14 12:00:00,27.9,80,1006.6,24.1,300,0.0
2026-07-14 13:00:00,27.2,83,1007.2,21.7,302,0.0
2026-07-14 14:00:00,27.0,84,1007.9,20.9,305,0.0
2026-07-14 15:00:00,26.8,85,1008.9,19.5,308,0.0
2026-07-14 16:00:00,26.6,86,1009.8,16.8,311,0.0
2026-07-14 17:00:00,26.5,87,1010.2,15.4,315,0.0
2026-07-14 18:00:00,26.4,87,1009.5,15.0,316,0.0
2026-07-14 19:00:00,26.3,87,1009.4,14.5,311,0.0
2026-07-14 20:00:00,26.0,89,1009.1,13.6,313,0.0
2026-07-14 21:00:00,25.7,91,1008.7,12.1,317,0.0
2026-07-14 22:00:00,25.5,92,1008.6,11.6,323,0.0
2026-07-14 23:00:00,25.0,95,1008.7,9.7,312,0.1
2026-07-15 00:00:00,25.7,91,1008.7,11.6,330,0.3
2026-07-15 01:00:00,25.2,94,1009.3,11.0,330,0.0
2026-07-15 02:00:00,26.1,90,1009.7,13.5,324,0.2
2026-07-15 03:00:00,26.8,86,1010.2,16.6,319,0.5
2026-07-15 04:00:00,28.2,75,1010.4,17.2,318,0.4
2026-07-15 05:00:00,29.0,72,1010.2,19.5,310,0.1
2026-07-15 06:00:00,29.6,70,1009.4,22.7,308,0.0
2026-07-15 07:00:00,28.9,77,1009.1,21.8,296,0.0
2026-07-15 08:00:00,28.8,77,1008.6,22.8,294,0.0
2026-07-15 09:00:00,28.5,76,1007.9,23.0,290,0.0
2026-07-15 10:00:00,28.1,78,1007.4,23.4,293,0.0
2026-07-15 11:00:00,27.9,80,1007.5,22.3,295,0.0
2026-07-15 12:00:00,27.9,79,1007.6,21.6,300,0.0
2026-07-15 13:00:00,27.2,81,1008.2,20.5,301,0.0
2026-07-15 14:00:00,26.7,83,1009.0,17.9,304,0.0
2026-07-15 15:00:00,26.5,85,1009.7,15.5,308,0.0
2026-07-15 16:00:00,26.2,86,1010.2,13.5,312,0.0
2026-07-15 17:00:00,25.9,88,1010.5,11.2,316,0.0
2026-07-15 18:00:00,25.9,88,1010.0,11.2,315,0.0
2026-07-15 19:00:00,25.4,90,1009.9,8.0,314,0.0
2026-07-15 20:00:00,25.2,92,1009.4,7.9,321,0.1
2026-07-15 21:00:00,25.0,93,1009.1,7.4,331,0.1
2026-07-15 22:00:00,24.8,94,1009.2,9.0,330,0.1
2026-07-15 23:00:00,24.9,93,1009.5,8.9,335,0.0
2026-07-16 00:00:00,25.0,93,1009.1,9.4,343,0.0
2026-07-16 01:00:00,24.7,94,1009.9,9.6,355,0.0
2026-07-16 02:00:00,25.5,92,1010.4,8.8,359,0.0
2026-07-16 03:00:00,27.1,84,1010.8,9.4,347,0.0
2026-07-16 04:00:00,28.2,75,1011.1,13.0,321,0.0
2026-07-16 05:00:00,28.7,72,1011.0,16.4,303,0.0
2026-07-16 06:00:00,28.9,73,1010.5,17.1,298,0.0
2026-07-16 07:00:00,28.5,76,1010.2,18.3,295,0.0
2026-07-16 08:00:00,28.7,76,1009.3,18.0,292,0.0
2026-07-16 09:00:00,28.6,76,1008.6,17.5,289,0.0
2026-07-16 10:00:00,28.4,76,1008.0,18.6,290,0.0
2026-07-16 11:00:00,28.1,77,1008.1,19.1,293,0.0
2026-07-16 12:00:00,28.0,77,1008.2,17.5,298,0.0
2026-07-16 13:00:00,27.3,81,1008.6,14.7,298,0.0
2026-07-16 14:00:00,26.8,83,1009.2,14.9,302,0.0
2026-07-16 15:00:00,26.5,84,1010.2,12.6,307,0.0
2026-07-16 16:00:00,26.1,86,1010.9,11.6,303,0.0
2026-07-16 17:00:00,25.8,88,1011.1,10.5,301,0.0
2026-07-16 18:00:00,25.9,87,1010.8,12.2,296,0.0
2026-07-16 19:00:00,25.4,90,1010.4,11.3,306,0.1
2026-07-16 20:00:00,24.8,92,1009.9,9.8,306,0.2
2026-07-16 21:00:00,24.7,93,1009.4,8.0,312,0.1
2026-07-16 22:00:00,24.5,94,1009.2,8.4,323,0.0
2026-07-16 23:00:00,24.4,93,1009.3,8.4,332,0.1
2026-07-17 00:00:00,24.9,91,1009.1,8.0,322,0.1
2026-07-17 01:00:00,24.7,92,1009.8,7.6,324,0.1
2026-07-17 02:00:00,25.8,90,1010.4,8.2,320,0.1
2026-07-17 03:00:00,27.1,82,1010.8,13.0,289,0.2
2026-07-17 04:00:00,28.1,76,1011.0,16.4,282,0.1
2026-07-17 05:00:00,28.5,75,1011.1,18.3,281,0.0
2026-07-17 06:00:00,29.4,71,1010.6,19.4,280,0.0
2026-07-17 07:00:00,29.3,72,1010.4,18.4,278,0.0
2026-07-17 08:00:00,29.3,72,1010.1,20.7,281,0.0
2026-07-17 09:00:00,28.7,73,1009.3,21.6,285,0.1
2026-07-17 10:00:00,28.6,73,1008.8,21.1,293,0.2
2026-07-17 11:00:00,28.1,75,1008.7,18.3,292,0.0
2026-07-17 12:00:00,27.4,82,1008.7,13.5,280,0.0
2026-07-17 13:00:00,25.9,88,1009.2,9.2,287,0.4
2026-07-17 14:00:00,24.0,97,1010.4,13.0,336,1.1
2026-07-17 15:00:00,24.4,96,1010.9,7.5,312,0.4
2026-07-17 16:00:00,24.5,97,1011.4,3.2,43,0.1
2026-07-17 17:00:00,24.4,99,1011.7,4.0,51,0.0
2026-07-17 18:00:00,24.4,99,1011.1,3.7,29,0.0
2026-07-17 19:00:00,24.1,99,1010.6,4.2,7,0.0
2026-07-17 20:00:00,24.2,98,1010.1,5.8,353,0.0
2026-07-17 21:00:00,24.1,98,1009.6,5.8,355,0.0
2026-07-17 22:00:00,24.0,98,1009.2,5.2,356,0.0
2026-07-17 23:00:00,23.8,98,1009.9,8.0,344,0.1
2026-07-18 00:00:00,24.3,94,1009.6,8.3,326,0.0
2026-07-18 01:00:00,23.9,97,1010.1,6.0,5,0.1
2026-07-18 02:00:00,24.7,96,1010.3,6.6,17,0.0
2026-07-18 03:00:00,26.5,88,1010.6,7.7,348,0.0
2026-07-18 04:00:00,28.0,78,1010.5,14.4,317,0.2
2026-07-18 05:00:00,28.1,77,1010.7,19.3,301,0.4
2026-07-18 06:00:00,29.4,69,1010.0,19.5,302,0.1
2026-07-18 07:00:00,29.2,70,1009.7,21.0,291,0.0
2026-07-18 08:00:00,29.1,71,1009.2,21.3,289,0.0
2026-07-18 09:00:00,29.1,71,1008.5,20.8,291,0.0
2026-07-18 10:00:00,28.8,73,1007.9,20.0,289,0.0
2026-07-18 11:00:00,28.3,75,1008.0,19.1,294,0.0
2026-07-18 12:00:00,28.3,75,1008.0,20.0,303,0.0
2026-07-18 13:00:00,27.4,80,1008.7,16.5,305,0.0
2026-07-18 14:00:00,26.7,83,1009.3,13.9,309,0.0
2026-07-18 15:00:00,26.1,87,1010.1,11.8,313,0.0
2026-07-18 16:00:00,25.8,89,1010.7,11.1,313,0.0
2026-07-18 17:00:00,25.7,90,1010.9,7.5,316,0.0
2026-07-18 18:00:00,25.0,92,1010.7,11.9,318,0.5
2026-07-18 19:00:00,24.7,94,1010.1,9.3,338,0.2
2026-07-18 20:00:00,24.5,95,1009.7,12.3,331,0.2
2026-07-18 21:00:00,24.4,96,1009.3,10.8,336,0.1
2026-07-18 22:00:00,24.1,96,1009.1,8.9,336,0.0
2026-07-18 23:00:00,23.9,97,1008.9,8.6,340,0.0
2026-07-19 00:00:00,24.0,93,1008.8,10.9,344,0.0
2026-07-19 01:00:00,24.0,94,1009.6,9.9,345,0.0
2026-07-19 02:00:00,25.2,89,1009.9,10.3,347,0.0
2026-07-19 03:00:00,26.6,83,1010.2,10.6,339,0.0
2026-07-19 04:00:00,27.6,79,1010.1,13.2,323,0.3
2026-07-19 05:00:00,28.5,75,1010.3,16.3,307,0.4
2026-07-19 06:00:00,29.1,71,1009.6,17.0,290,0.4
2026-07-19 07:00:00,28.7,76,1009.1,16.8,280,0.5
2026-07-19 08:00:00,28.9,72,1008.7,17.4,280,0.4
2026-07-19 09:00:00,28.7,77,1008.1,18.4,278,0.2
2026-07-19 10:00:00,28.4,78,1007.8,18.8,279,0.0
2026-07-19 11:00:00,28.1,79,1007.6,20.8,288,0.0
2026-07-19 12:00:00,27.6,81,1007.9,18.8,297,0.0
2026-07-19 13:00:00,27.0,85,1008.8,14.5,300,0.0
2026-07-19 14:00:00,26.6,87,1009.6,13.6,298,0.0
2026-07-19 15:00:00,26.4,88,1010.3,13.4,301,0.0
2026-07-19 16:00:00,25.7,90,1010.7,12.1,305,0.3
2026-07-19 17:00:00,24.9,94,1011.2,11.0,326,1.3
2026-07-19 18:00:00,25.5,90,1010.7,12.3,331,3.0
2026-07-19 19:00:00,24.9,92,1010.3,13.9,320,0.2
2026-07-19 20:00:00,24.1,95,1010.0,10.3,324,0.3
2026-07-19 21:00:00,24.1,96,1009.6,9.8,337,0.4
2026-07-19 22:00:00,24.1,96,1009.6,11.5,326,0.1
2026-07-19 23:00:00,24.0,97,1009.9,12.6,338,0.1
2026-07-20 00:00:00,24.3,95,1009.7,9.7,348,0.0
2026-07-20 01:00:00,24.4,95,1010.0,10.2,352,0.0
2026-07-20 02:00:00,24.7,94,1010.6,10.4,352,0.0
2026-07-20 03:00:00,26.3,86,1010.9,11.0,345,0.0
2026-07-20 04:00:00,27.2,80,1011.3,15.2,314,0.2
2026-07-20 05:00:00,28.0,77,1011.5,17.1,308,0.2
2026-07-20 06:00:00,29.1,72,1010.6,18.4,311,0.2
2026-07-20 07:00:00,29.1,74,1010.1,18.8,310,0.5
2026-07-20 08:00:00,29.3,72,1009.4,19.2,304,0.2
2026-07-20 09:00:00,29.3,71,1008.6,19.4,303,0.0
2026-07-20 10:00:00,28.7,74,1008.2,19.0,301,0.0
2026-07-20 11:00:00,28.3,76,1007.9,18.2,298,0.0
2026-07-20 12:00:00,28.0,79,1008.0,15.1,299,0.0
2026-07-20 13:00:00,27.2,82,1008.6,13.7,303,0.0
2026-07-20 14:00:00,26.5,85,1009.2,13.0,313,0.0
2026-07-20 15:00:00,26.2,87,1009.9,12.9,312,0.0
2026-07-20 16:00:00,26.0,88,1010.4,11.7,319,0.0
2026-07-20 17:00:00,25.7,89,1010.9,11.4,322,0.0
2026-07-20 18:00:00,25.9,88,1010.6,11.5,318,0.0
2026-07-20 19:00:00,25.7,89,1010.4,10.3,324,0.0
2026-07-20 20:00:00,25.5,90,1010.0,9.9,327,0.0
2026-07-20 21:00:00,25.3,91,1009.4,9.7,331,0.0
2026-07-20 22:00:00,25.1,92,1009.3,8.8,337,0.0
2026-07-20 23:00:00,25.0,92,1009.4,6.7,346,0.0
2026-07-21 00:00:00,25.3,93,1009.1,5.6,2,0.0
2026-07-21 01:00:00,25.1,94,1009.5,5.6,343,0.0
2026-07-21 02:00:00,26.2,90,1010.1,4.8,338,0.0
2026-07-21 03:00:00,27.5,82,1010.5,6.1,310,0.1
2026-07-21 04:00:00,28.2,80,1010.6,11.0,298,0.4
2026-07-21 05:00:00,28.9,75,1010.4,13.3,291,0.2
2026-07-21 06:00:00,29.6,72,1009.7,14.3,291,0.0
2026-07-21 07:00:00,29.9,72,1009.3,15.8,287,0.0
2026-07-21 08:00:00,29.9,72,1008.9,16.4,282,0.0
2026-07-21 09:00:00,29.6,73,1008.3,16.3,283,0.0
2026-07-21 10:00:00,29.1,75,1007.7,16.2,285,0.0
2026-07-21 11:00:00,28.8,77,1007.6,16.1,286,0.0
2026-07-21 12:00:00,28.7,78,1008.0,13.3,279,0.0
2026-07-21 13:00:00,27.9,83,1008.8,9.9,279,0.0
2026-07-21 14:00:00,27.4,84,1009.3,11.2,286,0.0
2026-07-21 15:00:00,27.2,85,1010.1,9.7,304,0.0
2026-07-21 16:00:00,26.9,86,1010.9,8.5,306,0.0
2026-07-21 17:00:00,26.5,87,1011.1,11.2,319,0.0
2026-07-21 18:00:00,26.1,89,1010.8,9.4,331,0.0
2026-07-21 19:00:00,25.3,93,1010.2,8.9,351,0.1
2026-07-21 20:00:00,24.9,95,1009.7,7.2,354,0.1
2026-07-21 21:00:00,24.9,95,1009.4,6.8,349,0.0
2026-07-21 22:00:00,24.6,97,1009.0,5.8,346,0.0
2026-07-21 23:00:00,24.3,98,1009.2,5.9,360,0.0
2026-07-22 00:00:00,24.4,99,1009.1,5.6,6,0.0
2026-07-22 01:00:00,24.4,98,1009.5,5.6,356,0.0
2026-07-22 02:00:00,25.5,95,1010.0,6.9,351,0.0
2026-07-22 03:00:00,27.0,85,1010.2,9.3,324,0.0
2026-07-22 04:00:00,28.5,77,1009.9,12.1,310,0.0
2026-07-22 05:00:00,29.5,72,1009.6,13.8,302,0.0
2026-07-22 06:00:00,30.4,69,1009.0,16.9,294,0.0
2026-07-22 07:00:00,29.8,72,1009.1,16.7,281,0.0
2026-07-22 08:00:00,29.8,70,1008.9,16.7,276,0.0
2026-07-22 09:00:00,29.5,72,1008.3,16.4,271,0.0
2026-07-22 10:00:00,29.2,74,1007.8,15.5,274,0.0
2026-07-22 11:00:00,28.9,76,1007.7,15.5,282,0.0
2026-07-22 12:00:00,28.8,78,1008.3,16.1,292,0.0
2026-07-22 13:00:00,27.9,83,1008.9,13.9,294,0.0
2026-07-22 14:00:00,27.5,83,1009.6,13.0,307,0.0
2026-07-22 15:00:00,27.5,82,1010.1,13.6,313,0.0
2026-07-22 16:00:00,27.0,84,1010.7,12.7,316,0.0
2026-07-22 17:00:00,26.7,85,1010.7,14.5,328,0.0
2026-07-22 18:00:00,26.3,87,1010.6,13.3,322,0.0
2026-07-22 19:00:00,25.7,90,1010.1,9.7,336,0.0
2026-07-22 20:00:00,25.2,93,1009.4,10.5,341,0.1
2026-07-22 21:00:00,25.0,94,1008.9,10.5,333,0.1
2026-07-22 22:00:00,24.5,96,1008.6,7.8,4,0.0
2026-07-22 23:00:00,24.2,96,1008.6,8.0,18,0.0
2026-07-23 00:00:00,24.7,97,1008.1,5.5,343,0.0
2026-07-23 01:00:00,24.6,97,1008.7,6.1,346,0.0
2026-07-23 02:00:00,25.7,93,1009.1,6.3,357,0.0
2026-07-23 03:00:00,27.5,82,1009.2,9.6,340,0.0
2026-07-23 04:00:00,28.3,78,1009.3,14.6,315,0.4
2026-07-23 05:00:00,29.1,74,1009.3,14.4,307,0.2
2026-07-23 06:00:00,30.5,66,1008.9,16.8,308,0.1
2026-07-23 07:00:00,30.4,67,1008.5,17.4,302,0.0
2026-07-23 08:00:00,30.5,67,1008.0,18.9,294,0.0
2026-07-23 09:00:00,29.8,71,1007.5,19.7,286,0.0
2026-07-23 10:00:00,29.3,73,1007.1,18.7,284,0.0
2026-07-23 11:00:00,28.7,77,1007.3,17.3,282,0.0
2026-07-23 12:00:00,28.4,80,1007.8,15.5,285,0.0
2026-07-23 13:00:00,27.5,85,1008.3,13.2,287,0.0
2026-07-23 14:00:00,27.0,87,1009.0,12.9,297,0.0
2026-07-23 15:00:00,26.9,86,1009.5,12.0,311,0.0
2026-07-23 16:00:00,26.7,86,1009.9,10.8,314,0.0
2026-07-23 17:00:00,26.5,87,1010.1,10.9,316,0.0
2026-07-23 18:00:00,26.5,85,1009.9,12.3,320,0.0
2026-07-23 19:00:00,26.2,86,1009.4,13.4,317,0.1
2026-07-23 20:00:00,25.7,88,1009.2,14.9,326,0.1
2026-07-23 21:00:00,25.0,90,1008.8,11.8,331,0.1
2026-07-23 22:00:00,24.6,94,1008.5,9.1,353,0.0
2026-07-23 23:00:00,24.2,96,1008.2,9.0,6,0.0
2026-07-24 00:00:00,24.7,96,1007.9,10.7,5,0.0
2026-07-24 01:00:00,24.7,94,1008.4,10.1,357,0.0
2026-07-24 02:00:00,26.0,88,1009.0,9.3,352,0.0
2026-07-24 03:00:00,27.8,78,1009.4,8.6,348,0.0
2026-07-24 04:00:00,28.8,73,1009.5,15.0,316,0.2
2026-07-24 05:00:00,28.6,75,1009.5,16.3,311,0.3
2026-07-24 06:00:00,30.3,66,1008.7,17.2,305,0.1
2026-07-24 07:00:00,30.4,66,1008.1,18.1,298,0.0
2026-07-24 08:00:00,30.3,66,1007.5,18.6,293,0.0
2026-07-24 09:00:00,30.2,67,1006.9,18.1,292,0.0
2026-07-24 10:00:00,29.6,70,1006.4,18.0,291,0.0
2026-07-24 11:00:00,28.9,76,1006.4,16.5,292,0.0
2026-07-24 12:00:00,29.0,75,1006.2,19.5,304,0.0
2026-07-24 13:00:00,27.9,82,1006.8,16.4,310,0.2
2026-07-24 14:00:00,27.1,84,1007.7,18.6,311,0.1
2026-07-24 15:00:00,27.1,83,1008.6,16.0,317,0.0
2026-07-24 16:00:00,26.8,85,1008.9,14.5,329,0.0
2026-07-24 17:00:00,26.5,87,1009.4,13.2,336,0.0
2026-07-24 18:00:00,26.4,86,1009.2,13.1,335,0.0
2026-07-24 19:00:00,26.2,87,1008.5,13.6,334,0.0
2026-07-24 20:00:00,26.0,89,1008.2,14.1,338,0.0
2026-07-24 21:00:00,25.7,90,1007.5,14.1,341,0.0
2026-07-24 22:00:00,25.5,90,1007.4,13.8,340,0.0
2026-07-24 23:00:00,25.4,90,1007.3,13.5,347,0.0
2026-07-25 00:00:00,25.4,89,1007.0,13.8,342,0.0
2026-07-25 01:00:00,25.3,88,1007.7,13.9,339,0.0
2026-07-25 02:00:00,26.5,82,1008.3,13.1,335,0.0
2026-07-25 03:00:00,28.4,74,1008.7,15.5,331,0.0
2026-07-25 04:00:00,29.8,69,1008.7,17.7,327,0.0
2026-07-25 05:00:00,30.6,65,1008.4,17.3,316,0.0
2026-07-25 06:00:00,31.4,63,1008.1,18.3,311,0.1
2026-07-25 07:00:00,31.2,64,1007.7,18.6,303,0.1
2026-07-25 08:00:00,31.2,65,1007.1,20.8,297,0.0
2026-07-25 09:00:00,30.3,69,1006.4,22.7,293,0.0
2026-07-25 10:00:00,29.7,72,1006.1,21.7,293,0.0
2026-07-25 11:00:00,29.2,75,1006.2,20.4,292,0.0
2026-07-25 12:00:00,29.0,77,1006.2,20.5,302,0.0
2026-07-25 13:00:00,28.1,81,1006.7,18.2,308,0.0
2026-07-25 14:00:00,27.5,84,1007.6,18.2,313,0.0
2026-07-25 15:00:00,27.3,86,1008.4,15.6,322,0.0
2026-07-25 16:00:00,27.2,86,1009.0,15.1,327,0.0
2026-07-25 17:00:00,27.0,86,1009.3,13.8,328,0.0
2026-07-25 18:00:00,27.0,84,1008.9,15.4,330,0.1
2026-07-25 19:00:00,26.5,86,1008.6,13.9,335,0.0
2026-07-25 20:00:00,26.1,89,1008.1,13.2,343,0.0
2026-07-25 21:00:00,25.7,91,1007.4,12.2,344,0.0
2026-07-25 22:00:00,25.4,92,1007.2,11.0,345,0.0
2026-07-25 23:00:00,25.2,93,1007.4,10.1,348,0.0
2026-07-26 00:00:00,25.6,91,1007.5,11.1,344,0.1
2026-07-26 01:00:00,25.2,93,1008.4,13.8,347,0.1
2026-07-26 02:00:00,26.2,87,1008.8,10.2,346,0.0
2026-07-26 03:00:00,28.0,78,1009.2,14.0,336,0.1
2026-07-26 04:00:00,29.1,72,1009.6,17.7,316,0.3
2026-07-26 05:00:00,29.5,72,1009.7,19.5,310,0.8
2026-07-26 06:00:00,31.8,59,1009.2,21.7,310,0.1
2026-07-26 07:00:00,31.6,58,1008.8,22.2,302,0.0
2026-07-26 08:00:00,31.3,60,1008.4,22.2,294,0.0
2026-07-26 09:00:00,30.5,65,1007.4,21.5,291,0.0
2026-07-26 10:00:00,30.1,67,1007.1,21.6,295,0.0
2026-07-26 11:00:00,29.5,71,1006.9,20.9,297,0.0
2026-07-26 12:00:00,29.5,68,1006.9,22.0,305,0.0
2026-07-26 13:00:00,28.4,73,1007.3,19.7,310,0.0
2026-07-26 14:00:00,28.0,74,1008.1,19.4,311,0.0
2026-07-26 15:00:00,27.8,75,1008.8,17.6,317,0.0
2026-07-26 16:00:00,27.7,75,1009.2,17.2,319,0.0
2026-07-26 17:00:00,27.5,77,1009.4,16.8,322,0.0
2026-07-26 18:00:00,27.4,77,1008.3,18.0,322,0.0
2026-07-26 19:00:00,27.0,80,1008.0,15.9,328,0.0
2026-07-26 20:00:00,26.6,83,1007.5,15.4,330,0.0
2026-07-26 21:00:00,26.2,85,1007.3,15.1,332,0.0
2026-07-26 22:00:00,25.8,87,1007.3,14.5,332,0.0
2026-07-26 23:00:00,25.5,88,1007.7,13.8,327,0.0
2026-07-27 00:00:00,26.3,85,1007.4,15.9,314,0.0
2026-07-27 01:00:00,25.8,87,1007.7,16.7,320,0.1
2026-07-27 02:00:00,26.8,83,1007.7,15.9,326,0.0
2026-07-27 03:00:00,27.8,78,1008.2,19.6,319,0.2
2026-07-27 04:00:00,28.8,74,1008.4,21.1,314,0.5
2026-07-27 05:00:00,29.5,70,1008.5,24.4,304,0.4
2026-07-27 06:00:00,30.8,65,1008.3,24.0,300,0.5
2026-07-27 07:00:00,30.4,67,1008.4,24.5,291,0.1
2026-07-27 08:00:00,30.0,69,1008.1,24.1,294,0.5
2026-07-27 09:00:00,30.2,68,1007.3,23.9,289,0.2
2026-07-27 10:00:00,29.7,71,1006.7,21.1,287,0.1
2026-07-27 11:00:00,29.1,76,1006.5,18.3,283,0.0
2026-07-27 12:00:00,28.9,76,1006.8,17.3,292,0.0
2026-07-27 13:00:00,28.1,79,1007.2,12.9,295,0.0
2026-07-27 14:00:00,27.5,82,1007.4,10.7,301,0.0
2026-07-27 15:00:00,27.0,83,1008.3,9.2,298,0.0
2026-07-27 16:00:00,26.5,83,1009.0,11.2,282,0.3
2026-07-27 17:00:00,26.2,88,1009.5,16.1,260,0.3
2026-07-27 18:00:00,26.8,83,1008.9,12.2,279,0.0
2026-07-27 19:00:00,25.8,87,1008.5,11.2,294,0.2
2026-07-27 20:00:00,24.8,95,1008.0,10.2,315,0.8
2026-07-27 21:00:00,24.4,97,1007.7,8.9,315,0.6
2026-07-27 22:00:00,24.3,98,1007.1,8.6,330,0.4
2026-07-27 23:00:00,24.2,98,1007.1,3.8,31,0.2
2026-07-28 00:00:00,24.8,94,1007.1,7.3,350,0.0
2026-07-28 01:00:00,24.6,95,1007.4,7.9,3,0.2
2026-07-28 02:00:00,26.0,91,1007.8,6.8,335,0.1
2026-07-28 03:00:00,26.5,86,1008.7,11.1,330,0.7
2026-07-28 04:00:00,27.9,83,1008.6,14.8,312,0.2
2026-07-28 05:00:00,29.2,73,1008.8,19.1,298,0.0
2026-07-28 06:00:00,30.1,68,1008.2,21.2,288,0.6
2026-07-28 07:00:00,29.9,71,1008.0,20.3,280,0.2
2026-07-28 08:00:00,29.8,71,1007.4,20.2,278,0.1
2026-07-28 09:00:00,29.5,73,1006.6,21.5,276,0.2
2026-07-28 10:00:00,29.2,75,1006.4,21.7,275,0.1
2026-07-28 11:00:00,28.8,76,1006.1,20.6,275,0.0
2026-07-28 12:00:00,28.9,74,1006.1,18.8,287,0.0
2026-07-28 13:00:00,28.1,76,1006.3,17.9,289,0.0
2026-07-28 14:00:00,27.5,80,1006.8,15.5,295,0.0
2026-07-28 15:00:00,26.8,85,1007.6,15.2,296,0.2
2026-07-28 16:00:00,26.7,85,1008.5,13.9,295,0.1
2026-07-28 17:00:00,26.4,86,1008.9,14.4,298,0.1
2026-07-28 18:00:00,25.8,84,1008.7,9.7,297,0.0
2026-07-28 19:00:00,24.4,94,1008.5,11.1,317,0.8
2026-07-28 20:00:00,24.4,95,1007.9,9.6,343,0.2
2026-07-28 21:00:00,24.4,97,1007.0,8.4,340,0.1
2026-07-28 22:00:00,24.6,96,1007.1,11.4,327,0.2
2026-07-28 23:00:00,24.0,97,1006.9,9.6,340,0.4
2026-07-29 00:00:00,25.4,91,1006.4,13.5,289,0.6
2026-07-29 01:00:00,25.5,89,1007.0,14.9,289,0.2
2026-07-29 02:00:00,26.3,88,1007.8,14.7,294,0.4
2026-07-29 03:00:00,28.0,80,1008.2,14.3,295,0.2
2026-07-29 04:00:00,29.3,74,1008.8,18.4,287,0.0
2026-07-29 05:00:00,29.0,75,1008.5,20.7,285,0.3
2026-07-29 06:00:00,30.0,70,1007.8,23.1,279,0.3
2026-07-29 07:00:00,30.0,69,1007.6,25.0,283,0.0
2026-07-29 08:00:00,30.0,70,1006.9,25.5,283,0.0
2026-07-29 09:00:00,29.9,71,1006.3,24.4,288,0.1
2026-07-29 10:00:00,29.6,71,1005.6,23.9,291,0.1
2026-07-29 11:00:00,29.1,74,1005.5,22.3,294,0.1
2026-07-29 12:00:00,29.1,75,1005.5,18.5,299,0.0
2026-07-29 13:00:00,28.1,79,1005.9,17.6,298,0.0
2026-07-29 14:00:00,27.5,81,1006.4,15.1,297,0.1
2026-07-29 15:00:00,27.5,81,1007.1,16.0,296,0.1
2026-07-29 16:00:00,27.3,82,1008.0,17.8,292,0.1
2026-07-29 17:00:00,27.0,84,1008.4,15.8,291,0.7
2026-07-29 18:00:00,26.7,85,1007.8,14.9,305,1.2
2026-07-29 19:00:00,26.2,88,1006.9,8.7,304,0.2
2026-07-29 20:00:00,25.4,90,1006.8,15.2,303,0.3
2026-07-29 21:00:00,24.1,96,1006.1,8.9,19,1.0
2026-07-29 22:00:00,23.5,99,1005.9,12.9,15,0.7
2026-07-29 23:00:00,22.5,100,1005.9,11.8,38,0.9
2026-07-30 00:00:00,24.9,96,1005.0,8.7,315,0.4
2026-07-30 01:00:00,24.5,95,1005.4,9.8,325,0.6
2026-07-30 02:00:00,24.2,97,1006.3,14.6,5,0.7
2026-07-30 03:00:00,25.6,94,1006.4,9.6,348,0.6
2026-07-30 04:00:00,27.8,83,1006.4,14.7,317,0.0
2026-07-30 05:00:00,27.9,80,1006.7,22.1,303,0.5
2026-07-30 06:00:00,29.9,70,1006.4,24.6,302,0.2
2026-07-30 07:00:00,30.1,68,1005.9,24.0,293,0.1
2026-07-30 08:00:00,30.2,68,1005.1,25.6,291,0.0
2026-07-30 09:00:00,29.8,71,1004.5,24.2,285,0.0
2026-07-30 10:00:00,29.4,74,1003.7,23.9,281,0.1
2026-07-30 11:00:00,28.9,77,1003.7,23.4,285,0.0
2026-07-30 12:00:00,28.0,80,1004.0,23.9,292,0.0
2026-07-30 13:00:00,27.4,81,1004.6,19.2,297,0.0
2026-07-30 14:00:00,26.9,84,1005.4,19.2,290,0.3
2026-07-30 15:00:00,27.1,85,1005.9,16.2,294,0.0
2026-07-30 16:00:00,27.2,83,1006.5,16.6,301,0.1
2026-07-30 17:00:00,26.6,86,1006.9,15.3,315,0.4
2026-07-30 18:00:00,27.0,82,1006.3,16.0,311,0.6
2026-07-30 19:00:00,26.4,85,1006.1,12.5,314,0.2
2026-07-30 20:00:00,25.3,90,1005.5,14.7,325,0.6
2026-07-30 21:00:00,24.0,97,1005.0,14.3,6,0.7
2026-07-30 22:00:00,23.7,98,1004.5,13.8,7,0.4
2026-07-30 23:00:00,23.7,98,1004.5,12.6,358,0.2
2026-07-31 00:00:00,24.8,95,1003.9,13.9,356,0.1
2026-07-31 01:00:00,24.4,96,1004.6,13.5,4,0.1
2026-07-31 02:00:00,25.3,93,1005.2,14.5,333,0.5
2026-07-31 03:00:00,26.5,90,1005.9,17.5,323,0.5
2026-07-31 04:00:00,28.0,82,1006.1,16.3,319,0.2
2026-07-31 05:00:00,28.3,78,1006.5,19.3,303,0.3
2026-07-31 06:00:00,31.0,69,1005.5,22.3,313,0.1
2026-07-31 07:00:00,29.4,73,1005.6,23.2,316,0.5
2026-07-31 08:00:00,29.7,67,1005.2,24.6,316,0.1
2026-07-31 09:00:00,29.1,72,1004.1,23.6,306,0.4
2026-07-31 10:00:00,26.0,85,1004.5,27.2,283,1.2
2026-07-31 11:00:00,26.6,85,1004.6,18.1,308,0.5
2026-07-31 12:00:00,27.7,77,1004.5,20.6,301,0.0
2026-07-31 13:00:00,26.8,80,1004.9,16.4,302,0.0
2026-07-31 14:00:00,25.4,90,1006.1,13.4,282,0.3
2026-07-31 15:00:00,24.9,95,1007.2,13.8,307,1.4
2026-07-31 16:00:00,24.6,97,1007.9,12.3,281,2.7
2026-07-31 17:00:00,24.2,97,1008.2,18.0,282,3.3
2026-07-31 18:00:00,24.5,93,1008.7,21.4,269,6.7
2026-07-31 19:00:00,24.2,94,1008.5,20.0,265,8.9
2026-07-31 20:00:00,24.3,94,1007.9,19.6,271,3.2
2026-07-31 21:00:00,24.4,94,1007.6,17.6,286,3.2
2026-07-31 22:00:00,24.2,95,1007.3,16.6,289,2.5
2026-07-31 23:00:00,24.3,96,1007.0,14.0,288,2.4
2026-08-01 00:00:00,24.0,97,1007.2,18.8,290,0.7
2026-08-01 01:00:00,24.2,96,1008.1,23.0,299,3.6
2026-08-01 02:00:00,24.0,94,1008.5,22.2,295,4.2
2026-08-01 03:00:00,24.8,94,1008.9,17.1,299,0.7
2026-08-01 04:00:00,25.5,90,1009.1,19.1,296,0.8
2026-08-01 05:00:00,26.1,86,1009.0,16.2,309,0.2
2026-08-01 06:00:00,28.1,74,1008.0,18.7,291,0.0
2026-08-01 07:00:00,26.9,83,1007.8,22.2,305,0.9
2026-08-01 08:00:00,27.4,82,1007.6,19.5,299,0.3
2026-08-01 09:00:00,26.4,81,1007.1,24.2,306,0.6
2026-08-01 10:00:00,25.3,91,1006.9,18.0,311,1.4
2026-08-01 11:00:00,24.9,94,1007.3,22.3,308,1.4
2026-08-01 12:00:00,26.4,85,1006.9,18.6,313,0.5
2026-08-01 13:00:00,25.9,86,1007.5,19.5,314,0.2
2026-08-01 14:00:00,25.5,88,1008.2,20.1,314,0.3
2026-08-01 15:00:00,25.0,90,1009.0,22.8,319,0.2
2026-08-01 16:00:00,24.8,90,1009.9,21.1,323,0.1
2026-08-01 17:00:00,24.6,91,1010.2,19.6,327,0.3
2026-08-01 18:00:00,24.6,91,1009.8,21.0,321,0.5
2026-08-01 19:00:00,24.0,94,1009.3,19.1,321,1.2
2026-08-01 20:00:00,24.0,96,1008.7,20.3,327,0.3
2026-08-01 21:00:00,24.0,95,1008.1,19.9,328,0.2
2026-08-01 22:00:00,23.8,96,1008.2,18.9,330,0.2
2026-08-01 23:00:00,23.5,97,1008.8,17.1,326,0.6
2026-08-02 00:00:00,23.9,96,1008.1,19.5,324,0.6
2026-08-02 01:00:00,23.9,96,1008.3,16.1,333,0.3
2026-08-02 02:00:00,24.4,96,1009.3,17.4,338,0.3
2026-08-02 03:00:00,25.3,91,1009.6,15.8,339,0.1
2026-08-02 04:00:00,25.3,88,1009.8,19.2,340,0.2
2026-08-02 05:00:00,25.6,89,1009.7,17.2,342,0.1
2026-08-02 06:00:00,27.5,80,1008.9,18.4,336,0.0
2026-08-02 07:00:00,27.9,77,1008.5,15.5,337,0.0
2026-08-02 08:00:00,27.3,78,1008.6,17.0,332,0.3
2026-08-02 09:00:00,27.0,85,1007.6,15.1,324,0.5
2026-08-02 10:00:00,25.4,94,1007.4,14.1,310,2.3
2026-08-02 11:00:00,24.5,93,1007.4,16.2,308,2.9
2026-08-02 12:00:00,25.4,93,1007.8,13.9,312,2.3
2026-08-02 13:00:00,24.5,97,1008.5,9.6,307,1.8
2026-08-02 14:00:00,24.5,95,1008.9,13.1,308,0.8
2026-08-02 15:00:00,24.3,96,1009.4,13.1,311,0.8
2026-08-02 16:00:00,23.8,98,1010.4,14.4,326,1.7
2026-08-02 17:00:00,23.5,99,1010.7,12.9,345,1.4
2026-08-02 18:00:00,24.5,98,1009.6,9.7,345,0.8
2026-08-02 19:00:00,23.5,99,1010.0,13.7,357,1.2
2026-08-02 20:00:00,22.9,100,1009.6,13.9,5,3.6
2026-08-02 21:00:00,23.1,98,1008.7,12.3,345,2.5
2026-08-02 22:00:00,23.6,97,1008.7,12.6,324,1.0
2026-08-02 23:00:00,23.9,97,1008.9,14.6,321,0.7
2026-08-03 00:00:00,23.4,98,1008.2,12.7,347,0.7
2026-08-03 01:00:00,23.3,98,1008.9,11.0,349,0.6
2026-08-03 02:00:00,23.8,97,1009.8,16.1,325,1.1
2026-08-03 03:00:00,24.3,97,1010.4,16.8,332,0.5
2026-08-03 04:00:00,24.9,96,1010.5,16.3,335,0.2
2026-08-03 05:00:00,25.8,89,1010.4,17.1,332,0.3
2026-08-03 06:00:00,27.6,79,1009.9,18.6,326,0.3
2026-08-03 07:00:00,27.2,81,1009.4,17.1,321,0.0
2026-08-03 08:00:00,28.7,74,1008.9,22.5,306,0.1
2026-08-03 09:00:00,27.9,78,1008.2,21.8,298,0.0
2026-08-03 10:00:00,27.5,80,1007.9,20.1,294,0.0
2026-08-03 11:00:00,27.1,82,1007.8,19.2,296,0.0
2026-08-03 12:00:00,27.6,77,1007.4,21.9,306,0.1
2026-08-03 13:00:00,26.4,80,1008.1,21.2,310,0.0
2026-08-03 14:00:00,25.9,82,1008.9,20.8,310,0.0
2026-08-03 15:00:00,25.5,86,1009.4,19.9,316,0.0
2026-08-03 16:00:00,25.2,88,1010.3,18.0,328,0.0
2026-08-03 17:00:00,25.2,87,1010.7,18.0,334,0.0
2026-08-03 18:00:00,25.5,82,1010.7,20.8,332,0.0
2026-08-03 19:00:00,24.6,89,1010.3,19.3,335,0.4
2026-08-03 20:00:00,24.0,95,1009.7,18.2,342,0.8
2026-08-03 21:00:00,23.7,97,1009.0,17.3,346,0.6
2026-08-03 22:00:00,23.6,97,1008.7,18.0,339,0.3
2026-08-03 23:00:00,23.6,97,1008.8,17.3,341,0.0
2026-08-04 00:00:00,24.1,94,1008.2,15.3,342,0.0
2026-08-04 01:00:00,23.9,96,1008.7,12.7,352,0.4
2026-08-04 02:00:00,24.6,92,1009.5,16.1,340,0.3
2026-08-04 03:00:00,24.6,95,1010.5,15.0,337,3.0
2026-08-04 04:00:00,26.1,90,1010.7,15.5,332,0.6
2026-08-04 05:00:00,27.6,82,1010.8,17.9,322,0.1
2026-08-04 06:00:00,27.5,82,1010.5,20.3,322,0.1
2026-08-04 07:00:00,27.2,81,1010.0,19.7,330,1.2
2026-08-04 08:00:00,28.4,73,1009.5,22.9,318,0.2
2026-08-04 09:00:00,27.9,73,1008.6,24.7,310,0.1
2026-08-04 10:00:00,27.7,73,1008.1,23.7,311,0.1
2026-08-04 11:00:00,26.8,79,1008.0,20.7,309,0.0
2026-08-04 12:00:00,26.7,84,1008.2,18.6,333,0.1
2026-08-04 13:00:00,26.1,83,1008.6,18.2,326,0.0
2026-08-04 14:00:00,25.5,85,1009.6,17.3,337,0.0
2026-08-04 15:00:00,24.9,89,1010.2,15.9,340,0.0
2026-08-04 16:00:00,24.8,89,1010.7,16.6,331,0.0
2026-08-04 17:00:00,24.6,89,1011.1,16.3,334,0.0
2026-08-04 18:00:00,24.8,88,1010.2,17.1,328,0.1
2026-08-04 19:00:00,24.6,90,1010.1,15.5,322,0.0
2026-08-04 20:00:00,24.6,91,1009.6,14.4,332,0.0
2026-08-04 21:00:00,24.1,92,1009.2,15.9,326,0.2
2026-08-04 22:00:00,24.1,92,1009.0,13.2,338,0.1
2026-08-04 23:00:00,23.8,94,1009.1,14.3,335,0.2
2026-08-05 00:00:00,23.5,96,1009.2,17.3,333,0.2
2026-08-05 01:00:00,22.8,98,1009.9,15.7,336,4.7
2026-08-05 02:00:00,23.3,98,1009.7,14.8,346,2.3
2026-08-05 03:00:00,24.1,95,1009.8,15.7,345,0.5
2026-08-05 04:00:00,26.0,86,1009.8,19.2,337,0.1
2026-08-05 05:00:00,27.8,77,1009.4,20.9,328,0.0
2026-08-05 06:00:00,29.2,67,1008.9,23.3,327,0.0
2026-08-05 07:00:00,29.5,64,1008.3,24.5,318,0.0
2026-08-05 08:00:00,29.3,67,1007.6,23.5,321,0.0
2026-08-05 09:00:00,28.9,71,1006.7,23.1,319,0.0
2026-08-05 10:00:00,28.5,73,1006.3,22.8,314,0.1
2026-08-05 11:00:00,27.7,77,1006.1,21.0,308,0.0
2026-08-05 12:00:00,27.7,79,1005.9,16.6,307,0.0
2026-08-05 13:00:00,26.5,82,1006.8,19.3,304,0.0
2026-08-05 14:00:00,25.9,86,1007.8,18.1,307,0.0
2026-08-05 15:00:00,25.8,88,1008.5,15.8,308,0.0
2026-08-05 16:00:00,25.7,89,1009.2,15.3,309,0.0
2026-08-05 17:00:00,25.8,90,1009.7,16.8,308,0.0
2026-08-05 18:00:00,25.8,89,1009.2,14.8,306,0.1
2026-08-05 19:00:00,25.2,89,1008.9,10.4,307,0.0
2026-08-05 20:00:00,23.9,96,1008.7,11.9,312,0.9
2026-08-05 21:00:00,23.9,96,1008.0,11.1,324,0.2
2026-08-05 22:00:00,23.5,97,1008.1,11.9,322,0.6
2026-08-05 23:00:00,23.4,98,1008.4,10.9,333,0.3
2026-08-06 00:00:00,24.5,95,1007.9,10.2,334,0.5
2026-08-06 01:00:00,24.4,94,1008.7,7.0,310,0.1
2026-08-06 02:00:00,24.3,94,1009.3,13.9,300,0.4
2026-08-06 03:00:00,24.7,93,1009.9,17.8,293,0.5
2026-08-06 04:00:00,25.9,89,1010.2,16.0,296,0.4
2026-08-06 05:00:00,24.6,94,1010.5,16.5,277,3.5
2026-08-06 06:00:00,27.2,79,1009.5,18.4,273,1.1
2026-08-06 07:00:00,27.3,82,1009.2,17.0,288,0.3
2026-08-06 08:00:00,27.2,81,1008.8,20.1,295,0.4
2026-08-06 09:00:00,26.1,85,1008.4,20.9,299,0.8
2026-08-06 10:00:00,25.8,85,1007.8,18.5,294,0.0
2026-08-06 11:00:00,26.0,85,1007.6,17.2,301,0.1
2026-08-06 12:00:00,26.0,88,1007.4,15.5,305,0.2
2026-08-06 13:00:00,24.5,96,1008.3,14.9,316,0.7
2026-08-06 14:00:00,24.6,95,1009.3,12.1,308,0.2
2026-08-06 15:00:00,24.5,95,1009.9,14.7,303,0.0
2026-08-06 16:00:00,24.3,95,1010.1,12.8,299,0.1
2026-08-06 17:00:00,24.2,96,1010.7,13.9,300,0.2
2026-08-06 18:00:00,24.0,96,1010.2,15.0,313,0.7
2026-08-06 19:00:00,24.0,97,1009.0,14.7,318,1.2
2026-08-06 20:00:00,23.8,98,1008.7,13.5,316,0.5
2026-08-06 21:00:00,23.7,98,1008.2,11.3,304,0.2
2026-08-06 22:00:00,23.1,98,1008.2,21.8,286,2.4
2026-08-06 23:00:00,23.1,98,1008.4,14.1,297,3.0
2026-08-07 00:00:00,23.6,97,1008.3,18.6,306,1.8
2026-08-07 01:00:00,23.7,98,1008.5,16.0,315,0.4
2026-08-07 02:00:00,24.4,96,1008.9,17.0,323,0.2
2026-08-07 03:00:00,25.2,93,1009.2,18.7,317,0.0
2026-08-07 04:00:00,26.5,87,1009.2,16.7,315,0.0
2026-08-07 05:00:00,27.6,82,1009.4,19.2,307,0.0
2026-08-07 06:00:00,27.8,76,1008.6,24.6,312,0.1
2026-08-07 07:00:00,28.2,76,1008.0,24.9,309,0.9
2026-08-07 08:00:00,28.1,75,1007.7,22.4,307,0.1
2026-08-07 09:00:00,27.3,76,1007.1,24.2,303,0.1
2026-08-07 10:00:00,25.5,88,1006.7,18.2,302,0.1
2026-08-07 11:00:00,26.0,86,1006.9,17.0,298,0.0
2026-08-07 12:00:00,26.5,83,1006.7,18.5,312,0.1
2026-08-07 13:00:00,25.8,86,1008.0,17.9,319,0.0
2026-08-07 14:00:00,25.1,89,1008.4,16.9,329,0.0
2026-08-07 15:00:00,25.0,89,1009.2,15.2,344,0.0
2026-08-07 16:00:00,24.8,91,1009.9,13.9,339,0.0
2026-08-07 17:00:00,24.6,93,1010.2,10.6,332,0.0
2026-08-07 18:00:00,24.9,91,1009.5,14.2,328,0.7
2026-08-07 19:00:00,24.1,92,1009.4,14.8,310,0.6
2026-08-07 20:00:00,23.4,97,1008.8,18.6,307,1.2
2026-08-07 21:00:00,23.3,98,1007.8,13.9,309,0.6
2026-08-07 22:00:00,23.4,98,1007.6,12.1,313,0.3
2026-08-07 23:00:00,23.5,98,1007.7,13.1,328,0.5
2026-08-08 00:00:00,23.7,96,1007.6,14.1,316,1.7
2026-08-08 01:00:00,23.6,97,1008.4,11.3,306,0.6
2026-08-08 02:00:00,23.6,98,1008.6,10.5,331,0.3
2026-08-08 03:00:00,24.4,95,1009.6,15.1,322,0.3
2026-08-08 04:00:00,24.6,95,1010.1,12.7,317,0.2
2026-08-08 05:00:00,25.3,92,1010.2,15.5,316,0.2
2026-08-08 06:00:00,27.4,81,1009.3,15.5,306,0.1
2026-08-08 07:00:00,26.9,83,1009.3,14.4,290,0.0
2026-08-08 08:00:00,25.5,84,1009.2,19.8,299,0.3
2026-08-08 09:00:00,25.4,88,1008.5,14.0,311,0.5
2026-08-08 10:00:00,26.1,87,1007.6,16.1,292,0.2
2026-08-08 11:00:00,25.9,88,1007.7,15.0,300,0.2
2026-08-08 12:00:00,26.1,88,1007.4,21.3,323,0.4
2026-08-08 13:00:00,25.5,89,1008.1,17.4,323,0.2
2026-08-08 14:00:00,25.3,91,1008.7,15.1,325,0.0
2026-08-08 15:00:00,25.0,94,1009.3,17.4,330,0.2
2026-08-08 16:00:00,24.7,95,1010.2,15.7,342,0.1
2026-08-08 17:00:00,24.3,96,1010.1,12.9,339,0.0
2026-08-08 18:00:00,25.0,93,1009.5,15.4,328,0.0
2026-08-08 19:00:00,24.9,92,1009.2,16.1,325,0.0
2026-08-08 20:00:00,24.8,91,1008.7,16.8,314,0.0
2026-08-08 21:00:00,24.5,89,1008.3,18.7,311,0.5
2026-08-08 22:00:00,24.3,93,1008.2,17.2,310,0.4
2026-08-08 23:00:00,24.1,94,1008.3,15.5,317,0.3
2026-08-09 00:00:00,23.9,97,1008.1,15.4,336,0.4
2026-08-09 01:00:00,23.5,98,1008.5,12.6,341,0.3
2026-08-09 02:00:00,24.5,95,1009.0,14.7,338,0.0
2026-08-09 03:00:00,25.5,92,1009.8,14.7,329,0.3
2026-08-09 04:00:00,27.0,87,1010.1,13.1,328,0.1
2026-08-09 05:00:00,28.1,79,1010.0,19.6,314,0.2
2026-08-09 06:00:00,29.2,72,1009.3,22.8,313,0.1
2026-08-09 07:00:00,29.0,72,1009.0,22.7,299,0.2
2026-08-09 08:00:00,28.1,78,1008.5,22.8,306,1.0
2026-08-09 09:00:00,28.6,76,1007.8,20.5,299,0.1
2026-08-09 10:00:00,28.2,78,1007.0,21.2,294,0.2
2026-08-09 11:00:00,27.5,82,1007.0,18.5,294,0.0
2026-08-09 12:00:00,27.3,83,1007.3,19.2,302,0.0
2026-08-09 13:00:00,26.6,86,1007.9,17.8,303,0.0
2026-08-09 14:00:00,26.2,87,1008.8,17.5,310,0.0
2026-08-09 15:00:00,26.0,88,1009.7,16.1,320,0.0
2026-08-09 16:00:00,25.8,89,1010.2,13.7,327,0.0
2026-08-09 17:00:00,25.4,91,1010.4,12.2,331,0.0
2026-08-09 18:00:00,25.5,91,1009.8,12.8,340,0.1
2026-08-09 19:00:00,25.0,93,1009.2,11.7,347,0.1
2026-08-09 20:00:00,24.7,94,1008.6,11.1,338,0.0
2026-08-09 21:00:00,24.5,96,1008.1,9.3,342,0.0
2026-08-09 22:00:00,24.3,98,1007.7,10.5,335,0.0
2026-08-09 23:00:00,24.2,96,1007.9,9.6,337,0.2
2026-08-10 00:00:00,24.5,94,1007.7,10.6,337,0.1
2026-08-10 01:00:00,24.3,94,1008.4,11.1,335,0.0
2026-08-10 02:00:00,25.3,89,1009.1,14.3,319,0.0
2026-08-10 03:00:00,26.5,85,1009.5,14.3,318,0.0
2026-08-10 04:00:00,26.9,84,1009.8,14.8,296,0.1
2026-08-10 05:00:00,27.3,83,1009.6,17.3,282,0.2
2026-08-10 06:00:00,28.4,78,1008.6,17.1,290,0.2
2026-08-10 07:00:00,28.5,78,1007.9,18.8,294,0.2
2026-08-10 08:00:00,28.5,78,1007.1,20.3,294,0.0
2026-08-10 09:00:00,28.3,77,1006.3,21.7,293,0.0
2026-08-10 10:00:00,27.7,81,1005.8,22.4,293,0.0
2026-08-10 11:00:00,27.1,83,1005.7,20.8,292,0.0
2026-08-10 12:00:00,27.6,83,1005.8,17.3,304,0.0
2026-08-10 13:00:00,26.7,85,1006.4,18.9,306,0.0
2026-08-10 14:00:00,26.2,86,1007.4,17.2,307,0.0
2026-08-10 15:00:00,25.9,88,1008.1,15.3,310,0.0
2026-08-10 16:00:00,25.7,89,1008.9,13.4,314,0.0
2026-08-10 17:00:00,25.5,91,1009.2,11.7,319,0.0
2026-08-10 18:00:00,25.7,90,1008.8,11.1,320,0.0
2026-08-10 19:00:00,25.4,92,1008.4,9.9,327,0.0
2026-08-10 20:00:00,25.1,93,1007.7,9.5,328,0.0
2026-08-10 21:00:00,24.8,93,1006.8,11.0,334,0.0
2026-08-10 22:00:00,24.8,92,1006.2,12.5,330,0.0
2026-08-10 23:00:00,24.7,92,1006.4,12.4,330,0.0
2026-08-11 00:00:00,25.2,91,1006.1,12.7,331,0.0
2026-08-11 01:00:00,25.1,91,1006.6,12.2,332,0.0
2026-08-11 02:00:00,26.0,90,1007.1,11.5,338,0.0
2026-08-11 03:00:00,27.5,83,1007.8,13.6,340,0.0
2026-08-11 04:00:00,28.5,77,1008.4,16.3,318,0.1
2026-08-11 05:00:00,28.3,78,1008.4,18.6,304,0.3
2026-08-11 06:00:00,28.4,78,1007.8,17.2,307,0.3
2026-08-11 07:00:00,28.8,78,1007.6,17.5,298,1.5
2026-08-11 08:00:00,28.1,80,1007.3,16.0,306,1.1
2026-08-11 09:00:00,28.7,76,1006.3,20.5,304,0.1
2026-08-11 10:00:00,27.7,81,1006.0,20.2,295,0.0
2026-08-11 11:00:00,26.9,85,1005.9,17.5,297,0.0
2026-08-11 12:00:00,26.7,85,1006.2,17.9,302,0.0
2026-08-11 13:00:00,26.2,86,1007.2,14.1,307,0.0
2026-08-11 14:00:00,25.7,88,1008.0,12.3,310,0.0
2026-08-11 15:00:00,25.6,89,1008.8,12.2,308,0.0
2026-08-11 16:00:00,25.6,90,1009.7,12.5,309,0.0
2026-08-11 17:00:00,25.4,91,1010.1,10.5,308,0.0
2026-08-11 18:00:00,25.4,87,1009.8,12.0,332,0.0
2026-08-11 19:00:00,25.1,90,1009.2,11.4,339,0.0
2026-08-11 20:00:00,24.8,92,1008.5,10.3,337,0.0
2026-08-11 21:00:00,24.5,93,1007.7,11.6,341,0.0
2026-08-11 22:00:00,24.4,94,1007.4,11.4,344,0.0
2026-08-11 23:00:00,24.2,94,1007.8,10.6,350,0.0
2026-08-12 00:00:00,24.7,92,1007.3,11.4,348,0.0
2026-08-12 01:00:00,24.6,92,1007.9,11.6,342,0.1
2026-08-12 02:00:00,25.1,91,1009.0,14.5,326,0.3
2026-08-12 03:00:00,26.4,86,1009.7,12.4,341,0.1
2026-08-12 04:00:00,27.2,83,1009.6,14.9,324,0.6
2026-08-12 05:00:00,28.2,81,1009.7,16.7,305,0.8
2026-08-12 06:00:00,28.7,76,1009.3,17.3,295,0.0
2026-08-12 07:00:00,28.6,78,1009.2,15.9,293,0.3
2026-08-12 08:00:00,28.9,77,1008.6,17.1,291,0.1
2026-08-12 09:00:00,28.5,79,1008.2,17.4,290,0.0
2026-08-12 10:00:00,27.9,82,1007.9,17.2,286,0.0
2026-08-12 11:00:00,27.6,83,1007.9,16.8,285,0.0
2026-08-12 12:00:00,27.6,83,1008.0,16.0,296,0.0
2026-08-12 13:00:00,26.8,86,1009.1,15.0,300,0.0
2026-08-12 14:00:00,26.4,89,1009.9,13.2,302,0.0
2026-08-12 15:00:00,26.1,90,1011.1,12.0,309,0.0
2026-08-12 16:00:00,25.9,91,1011.7,11.6,321,0.0
2026-08-12 17:00:00,25.7,92,1012.0,11.2,325,0.0
2026-08-12 18:00:00,25.9,91,1011.5,11.1,312,0.0
2026-08-12 19:00:00,25.4,92,1011.0,11.6,311,0.1
2026-08-12 20:00:00,25.0,93,1010.5,11.0,312,0.2
2026-08-12 21:00:00,24.9,95,1009.9,9.9,316,0.0
2026-08-12 22:00:00,24.8,95,1009.7,8.6,321,0.0
2026-08-12 23:00:00,24.6,96,1009.8,8.3,333,0.0
2026-08-13 00:00:00,24.8,95,1009.5,7.6,360,0.3
2026-08-13 01:00:00,24.5,95,1010.3,11.5,335,0.3
2026-08-13 02:00:00,24.7,95,1010.7,11.7,316,0.5
2026-08-13 03:00:00,26.0,88,1011.4,13.1,328,0.0
2026-08-13 04:00:00,27.7,78,1011.4,15.0,309,0.1
2026-08-13 05:00:00,27.4,79,1011.8,18.0,299,0.5
2026-08-13 06:00:00,28.7,78,1011.2,17.4,302,0.2
2026-08-13 07:00:00,28.6,76,1010.7,18.9,297,0.2
2026-08-13 08:00:00,27.5,78,1010.3,18.1,294,0.2
2026-08-13 09:00:00,27.9,83,1009.4,18.7,294,0.5
2026-08-13 10:00:00,27.8,80,1009.0,18.6,298,0.1
2026-08-13 11:00:00,27.5,80,1009.1,19.7,298,0.1
2026-08-13 12:00:00,27.3,81,1009.1,18.0,303,0.0
2026-08-13 13:00:00,26.4,85,1010.0,15.2,310,0.0
2026-08-13 14:00:00,25.9,86,1010.4,14.0,307,0.0
2026-08-13 15:00:00,25.7,88,1011.1,13.3,311,0.0
2026-08-13 16:00:00,25.5,90,1011.5,13.0,319,0.0
2026-08-13 17:00:00,25.3,91,1011.8,13.5,313,0.0
2026-08-13 18:00:00,25.6,88,1011.7,11.9,322,0.0
2026-08-13 19:00:00,25.3,90,1011.6,10.0,321,0.0
2026-08-13 20:00:00,25.1,91,1010.9,10.2,315,0.0
2026-08-13 21:00:00,24.8,92,1010.0,10.0,311,0.0
2026-08-13 22:00:00,24.4,94,1009.5,10.4,307,0.0
2026-08-13 23:00:00,24.5,91,1009.8,12.9,311,0.1
2026-08-14 00:00:00,24.6,92,1009.6,9.6,326,0.1
2026-08-14 01:00:00,24.5,93,1010.5,8.6,321,0.0
2026-08-14 02:00:00,25.3,90,1010.9,9.1,335,0.0
2026-08-14 03:00:00,26.4,85,1011.6,13.1,303,0.0
2026-08-14 04:00:00,27.4,81,1011.2,13.3,306,0.2
2026-08-14 05:00:00,27.7,79,1011.5,16.9,277,0.2
2026-08-14 06:00:00,28.9,74,1010.6,19.0,293,0.3
2026-08-14 07:00:00,28.9,70,1010.5,18.7,293,0.1
2026-08-14 08:00:00,28.3,76,1010.1,20.9,285,0.0
2026-08-14 09:00:00,27.9,79,1009.3,21.0,285,0.0
2026-08-14 10:00:00,27.7,76,1009.2,21.0,288,0.1
2026-08-14 11:00:00,26.8,82,1009.2,19.6,289,0.2
2026-08-14 12:00:00,26.6,84,1009.1,17.5,291,0.1
2026-08-14 13:00:00,25.9,88,1009.9,14.6,297,0.0
2026-08-14 14:00:00,24.6,94,1010.8,14.9,281,1.2
2026-08-14 15:00:00,24.4,97,1011.2,11.0,271,1.8
2026-08-14 16:00:00,24.4,96,1011.7,13.5,280,0.2
2026-08-14 17:00:00,24.3,97,1011.9,14.1,309,0.6
2026-08-14 18:00:00,24.3,98,1011.7,10.2,330,0.1
2026-08-14 19:00:00,23.8,97,1011.5,12.1,317,1.0
2026-08-14 20:00:00,23.7,98,1011.0,9.3,326,0.2
2026-08-14 21:00:00,23.7,98,1010.3,8.1,332,0.0
2026-08-14 22:00:00,23.7,99,1009.9,8.1,342,0.0
2026-08-14 23:00:00,23.6,99,1010.1,9.3,335,0.0
2026-08-15 00:00:00,23.6,99,1010.3,9.6,343,0.0
2026-08-15 01:00:00,23.6,99,1010.6,9.3,332,0.1
2026-08-15 02:00:00,24.6,97,1011.1,9.6,322,0.0
2026-08-15 03:00:00,25.9,90,1011.4,10.7,323,0.0
2026-08-15 04:00:00,27.2,82,1011.6,13.0,308,0.0
2026-08-15 05:00:00,28.2,77,1011.5,15.9,295,0.0
2026-08-15 06:00:00,28.9,73,1011.0,17.6,293,0.0
2026-08-15 07:00:00,29.0,73,1010.6,17.8,291,0.0
2026-08-15 08:00:00,29.0,74,1009.7,18.2,290,0.0
2026-08-15 09:00:00,28.6,76,1009.0,18.4,288,0.0
2026-08-15 10:00:00,28.1,79,1008.8,17.5,290,0.0
2026-08-15 11:00:00,27.6,82,1008.5,16.5,290,0.0
2026-08-15 12:00:00,27.4,83,1008.9,13.8,284,0.0
2026-08-15 13:00:00,26.4,89,1009.4,10.3,273,0.0
2026-08-15 14:00:00,25.9,92,1010.2,9.7,274,0.0
2026-08-15 15:00:00,25.7,93,1010.7,8.3,292,0.0
2026-08-15 16:00:00,25.7,92,1011.1,10.4,300,0.0
2026-08-15 17:00:00,25.5,92,1011.3,10.3,306,0.0
2026-08-15 18:00:00,24.6,93,1011.0,5.6,345,0.0
2026-08-15 19:00:00,24.4,95,1010.6,3.8,352,0.1
2026-08-15 20:00:00,24.4,96,1010.2,6.4,342,0.1
2026-08-15 21:00:00,24.2,97,1009.5,6.2,345,0.0
2026-08-15 22:00:00,24.2,98,1009.3,6.6,347,0.1
2026-08-15 23:00:00,24.1,98,1009.2,6.4,328,0.1
2026-08-16 00:00:00,24.3,97,1009.3,6.9,335,0.0
2026-08-16 01:00:00,24.1,98,1009.5,5.8,344,0.0
2026-08-16 02:00:00,25.1,94,1010.1,5.7,349,0.0
2026-08-16 03:00:00,26.5,87,1010.7,7.4,331,0.0
2026-08-16 04:00:00,27.6,81,1011.0,11.7,304,0.0
2026-08-16 05:00:00,27.7,77,1010.9,15.5,293,0.1
2026-08-16 06:00:00,28.2,78,1010.4,16.3,288,0.2
2026-08-16 07:00:00,28.3,78,1009.9,16.8,285,0.1
2026-08-16 08:00:00,28.4,78,1009.3,16.0,278,0.1
2026-08-16 09:00:00,28.2,80,1008.8,14.9,271,0.0
2026-08-16 10:00:00,27.9,81,1008.7,15.7,266,0.0
2026-08-16 11:00:00,27.2,85,1008.6,15.0,267,0.0
2026-08-16 12:00:00,27.2,83,1008.7,14.1,275,0.0
2026-08-16 13:00:00,26.3,89,1009.5,12.4,278,0.0
2026-08-16 14:00:00,25.9,90,1010.3,12.1,273,0.0
2026-08-16 15:00:00,25.8,89,1011.1,10.6,268,0.1
2026-08-16 16:00:00,25.3,93,1011.7,10.2,277,0.2
2026-08-16 17:00:00,25.2,92,1012.1,10.2,288,0.3
2026-08-16 18:00:00,24.6,94,1012.1,11.2,288,0.9
2026-08-16 19:00:00,24.4,96,1011.5,10.5,297,0.4
2026-08-16 20:00:00,24.2,96,1011.0,11.0,308,0.4
2026-08-16 21:00:00,24.1,98,1010.5,9.1,321,0.2
2026-08-16 22:00:00,24.0,97,1010.2,9.0,323,0.3
2026-08-16 23:00:00,23.8,98,1010.3,6.3,340,0.9
2026-08-17 00:00:00,24.3,98,1009.8,7.5,310,0.2
2026-08-17 01:00:00,24.0,97,1010.5,6.5,314,0.6
2026-08-17 02:00:00,24.6,98,1011.0,8.3,359,0.5
2026-08-17 03:00:00,25.6,94,1011.6,8.8,341,0.1
2026-08-17 04:00:00,27.0,87,1012.0,10.2,306,0.2
2026-08-17 05:00:00,27.6,82,1012.0,12.7,293,0.1
2026-08-17 06:00:00,28.9,74,1011.3,17.2,300,0.4
2026-08-17 07:00:00,28.7,77,1011.0,17.5,291,0.0
2026-08-17 08:00:00,28.6,79,1010.3,17.9,288,0.0
2026-08-17 09:00:00,28.5,78,1009.5,19.4,289,0.0
2026-08-17 10:00:00,28.0,80,1009.2,19.2,287,0.0
2026-08-17 11:00:00,27.5,83,1009.3,18.2,287,0.0
2026-08-17 12:00:00,27.6,82,1009.7,17.2,288,0.0
2026-08-17 13:00:00,26.8,87,1010.4,14.7,298,0.0
2026-08-17 14:00:00,26.3,89,1010.8,13.5,306,0.0
2026-08-17 15:00:00,26.1,90,1011.6,14.3,306,0.0
2026-08-17 16:00:00,26.1,89,1012.3,12.7,305,0.0
2026-08-17 17:00:00,25.9,90,1012.7,12.7,310,0.0
2026-08-17 18:00:00,25.3,90,1012.3,9.7,326,0.0
2026-08-17 19:00:00,24.8,92,1012.2,8.2,341,0.0
2026-08-17 20:00:00,24.5,94,1012.0,8.5,339,0.0
2026-08-17 21:00:00,24.3,95,1011.4,7.8,345,0.1
2026-08-17 22:00:00,23.8,97,1011.1,6.5,2,0.0
2026-08-17 23:00:00,23.6,96,1010.9,7.6,357,0.0
2026-08-18 00:00:00,24.3,94,1010.7,8.3,347,0.0
2026-08-18 01:00:00,24.3,94,1011.2,8.0,352,0.0
2026-08-18 02:00:00,25.6,91,1011.7,8.1,354,0.0
2026-08-18 03:00:00,26.9,83,1012.4,11.5,328,0.0
2026-08-18 04:00:00,27.7,79,1012.4,15.5,315,0.2
2026-08-18 05:00:00,28.4,75,1012.4,18.1,305,0.2
2026-08-18 06:00:00,29.5,69,1011.6,19.2,307,0.0
2026-08-18 07:00:00,29.2,71,1011.0,20.8,298,0.0
2026-08-18 08:00:00,28.9,74,1010.3,23.1,297,0.0
2026-08-18 09:00:00,28.5,77,1009.5,22.8,297,0.0
2026-08-18 10:00:00,28.2,77,1008.7,21.7,296,0.0
2026-08-18 11:00:00,27.5,81,1008.9,20.4,297,0.0
2026-08-18 12:00:00,27.3,80,1009.1,19.6,303,0.0
2026-08-18 13:00:00,26.3,86,1009.7,16.9,305,0.0
2026-08-18 14:00:00,26.0,87,1010.6,16.1,312,0.0
2026-08-18 15:00:00,25.7,87,1011.0,14.4,320,0.0
2026-08-18 16:00:00,25.5,87,1011.8,12.5,324,0.0
2026-08-18 17:00:00,25.3,88,1012.3,12.3,322,0.0
2026-08-18 18:00:00,25.4,86,1012.0,13.0,326,0.0
2026-08-18 19:00:00,25.0,88,1011.3,12.7,330,0.0
2026-08-18 20:00:00,24.8,89,1010.6,12.9,332,0.0
2026-08-18 21:00:00,24.6,90,1010.3,11.6,336,0.0
2026-08-18 22:00:00,24.3,91,1010.1,11.3,343,0.0
2026-08-18 23:00:00,24.2,92,1010.3,9.8,346,0.0
2026-08-19 00:00:00,24.7,93,1010.3,8.2,341,0.0
2026-08-19 01:00:00,24.7,92,1010.7,9.3,326,0.0
2026-08-19 02:00:00,25.7,88,1011.2,10.8,327,0.2
2026-08-19 03:00:00,26.8,82,1011.6,11.8,326,0.1
2026-08-19 04:00:00,28.0,76,1011.9,13.6,316,0.1
2026-08-19 05:00:00,28.4,77,1011.8,16.5,297,0.2
2026-08-19 06:00:00,28.6,76,1011.3,16.5,288,0.4
2026-08-19 07:00:00,28.2,76,1011.0,18.7,286,0.4
2026-08-19 08:00:00,28.1,80,1010.3,19.9,287,0.2
2026-08-19 09:00:00,28.0,79,1009.4,20.7,285,0.3
2026-08-19 10:00:00,27.8,81,1009.2,21.2,290,0.0
2026-08-19 11:00:00,27.1,84,1009.2,21.4,291,0.0
2026-08-19 12:00:00,27.6,82,1008.7,19.5,307,0.1
2026-08-19 13:00:00,26.8,85,1009.6,19.5,304,0.0
2026-08-19 14:00:00,26.5,86,1010.3,18.1,316,0.0
2026-08-19 15:00:00,26.2,87,1010.7,16.3,316,0.0
2026-08-19 16:00:00,26.1,88,1011.8,14.8,312,0.0
2026-08-19 17:00:00,26.0,88,1012.3,14.7,317,0.0
2026-08-19 18:00:00,26.0,89,1011.6,15.0,326,0.0
2026-08-19 19:00:00,25.7,89,1010.9,14.5,323,0.1
2026-08-19 20:00:00,25.3,90,1010.9,10.9,324,0.0
2026-08-19 21:00:00,24.9,92,1010.3,11.3,326,0.0
2026-08-19 22:00:00,24.7,93,1010.0,12.6,323,0.1
2026-08-19 23:00:00,24.5,94,1010.3,12.2,323,0.1
2026-08-20 00:00:00,23.5,98,1009.8,9.6,320,0.0
2026-08-20 01:00:00,23.7,98,1010.2,9.0,327,0.0
2026-08-20 02:00:00,24.7,97,1010.7,7.6,341,0.0
2026-08-20 03:00:00,26.3,90,1011.5,9.0,337,0.0
2026-08-20 04:00:00,27.5,82,1011.7,14.8,317,0.3
2026-08-20 05:00:00,28.4,75,1011.5,17.3,298,0.3
2026-08-20 06:00:00,28.9,73,1011.0,18.0,294,0.4
2026-08-20 07:00:00,28.9,77,1010.3,19.3,288,0.2
2026-08-20 08:00:00,28.3,78,1009.7,19.3,294,0.2
2026-08-20 09:00:00,28.7,76,1008.8,22.8,292,0.1
2026-08-20 10:00:00,28.1,79,1009.0,23.1,287,0.0
2026-08-20 11:00:00,27.6,81,1009.2,21.7,285,0.0
2026-08-20 12:00:00,27.8,77,1008.6,22.4,315,0.1
2026-08-20 13:00:00,27.1,78,1008.9,19.6,321,0.0
2026-08-20 14:00:00,26.7,80,1009.8,18.6,326,0.0
2026-08-20 15:00:00,26.4,81,1010.5,17.8,328,0.0
2026-08-20 16:00:00,26.2,81,1011.2,17.2,332,0.0
2026-08-20 17:00:00,25.9,83,1011.6,16.0,334,0.0
2026-08-20 18:00:00,26.1,83,1010.8,17.0,336,0.0
2026-08-20 19:00:00,25.8,85,1010.5,15.4,333,0.0
2026-08-20 20:00:00,25.4,88,1010.1,12.3,328,0.0
2026-08-20 21:00:00,25.0,90,1009.4,11.4,329,0.0
2026-08-20 22:00:00,24.8,91,1009.0,11.0,328,0.0
2026-08-20 23:00:00,24.6,92,1009.3,10.7,333,0.0
2026-08-21 00:00:00,24.7,92,1009.4,8.5,335,0.0
2026-08-21 01:00:00,24.6,92,1009.9,9.0,340,0.0
2026-08-21 02:00:00,25.7,90,1010.7,8.3,349,0.0
2026-08-21 03:00:00,27.1,83,1011.5,9.3,335,0.0
2026-08-21 04:00:00,28.0,78,1011.6,15.3,314,0.2
2026-08-21 05:00:00,28.9,73,1011.3,17.7,305,0.1
2026-08-21 06:00:00,29.7,69,1010.6,18.6,303,0.0
2026-08-21 07:00:00,29.3,70,1010.0,19.7,295,0.0
2026-08-21 08:00:00,29.4,70,1009.3,21.7,296,0.0
2026-08-21 09:00:00,29.1,70,1008.8,23.0,294,0.0
2026-08-21 10:00:00,28.5,72,1008.7,22.9,292,0.0
2026-08-21 11:00:00,28.0,75,1008.9,20.5,293,0.0
2026-08-21 12:00:00,27.7,77,1009.1,19.6,293,0.0
2026-08-21 13:00:00,26.9,80,1010.0,17.2,298,0.0
2026-08-21 14:00:00,26.5,80,1010.7,16.8,303,0.0
2026-08-21 15:00:00,26.3,81,1011.4,15.4,312,0.0
2026-08-21 16:00:00,26.0,83,1011.9,14.2,320,0.0
2026-08-21 17:00:00,25.7,84,1012.0,13.0,325,0.0
2026-08-21 18:00:00,25.9,83,1011.4,14.4,320,0.0
2026-08-21 19:00:00,25.5,84,1010.7,14.8,320,0.0
2026-08-21 20:00:00,25.1,85,1010.0,14.1,328,0.0
2026-08-21 21:00:00,24.7,87,1009.3,13.1,333,0.0
2026-08-21 22:00:00,24.3,90,1009.1,12.6,331,0.0
2026-08-21 23:00:00,24.3,90,1009.3,12.6,336,0.0
2026-08-22 00:00:00,24.8,88,1009.4,13.4,327,0.0
2026-08-22 01:00:00,24.8,88,1009.9,12.9,330,0.0
2026-08-22 02:00:00,25.9,84,1010.8,14.4,331,0.0
2026-08-22 03:00:00,27.2,78,1011.3,14.9,329,0.0
2026-08-22 04:00:00,27.8,76,1011.3,18.0,311,0.3
2026-08-22 05:00:00,28.3,74,1011.1,18.4,303,0.3
2026-08-22 06:00:00,29.1,69,1010.4,22.5,309,0.5
2026-08-22 07:00:00,29.3,70,1009.8,23.2,302,0.1
2026-08-22 08:00:00,29.4,70,1009.1,23.7,299,0.0
2026-08-22 09:00:00,29.0,71,1008.4,24.3,302,0.0
2026-08-22 10:00:00,28.9,72,1008.0,22.0,303,0.0
2026-08-22 11:00:00,28.3,75,1008.0,22.9,306,0.0
2026-08-22 12:00:00,27.8,76,1008.3,20.1,308,0.0
2026-08-22 13:00:00,27.1,78,1009.1,18.3,311,0.0
2026-08-22 14:00:00,26.7,81,1009.8,15.3,316,0.0
2026-08-22 15:00:00,26.4,83,1010.6,15.9,317,0.0
2026-08-22 16:00:00,26.2,85,1011.2,15.0,322,0.1
2026-08-22 17:00:00,25.9,86,1011.6,13.2,330,0.0
2026-08-22 18:00:00,25.7,88,1010.9,12.5,332,0.2
2026-08-22 19:00:00,25.3,90,1010.4,9.6,339,0.0
2026-08-22 20:00:00,24.8,91,1009.9,9.7,329,0.0
2026-08-22 21:00:00,24.5,92,1009.3,8.2,328,0.1
2026-08-22 22:00:00,23.9,94,1009.2,9.6,334,0.3
2026-08-22 23:00:00,23.9,94,1009.1,11.7,345,0.1
2026-08-23 00:00:00,24.4,93,1009.1,10.4,307,0.0
2026-08-23 01:00:00,24.2,95,1009.5,9.6,355,0.3
2026-08-23 02:00:00,24.7,96,1010.4,10.8,18,0.3
2026-08-23 03:00:00,26.0,90,1011.0,9.5,15,0.2
2026-08-23 04:00:00,27.0,85,1011.5,10.8,355,0.4
2026-08-23 05:00:00,28.0,81,1011.3,11.6,324,0.3
2026-08-23 06:00:00,29.0,73,1010.3,21.5,301,0.2
2026-08-23 07:00:00,29.2,73,1009.9,21.3,288,0.2
2026-08-23 08:00:00,29.3,72,1009.2,23.1,283,0.1
2026-08-23 09:00:00,29.2,73,1008.5,23.2,284,0.0
2026-08-23 10:00:00,28.6,76,1008.3,21.2,282,0.1
2026-08-23 11:00:00,28.2,78,1008.3,19.8,281,0.2
2026-08-23 12:00:00,27.7,81,1008.6,15.8,277,0.1
2026-08-23 13:00:00,27.0,82,1009.5,12.2,279,0.0
2026-08-23 14:00:00,25.2,88,1010.7,13.0,311,0.6
2026-08-23 15:00:00,25.0,95,1011.3,8.9,302,0.9
2026-08-23 16:00:00,24.9,95,1012.0,7.0,314,0.2
2026-08-23 17:00:00,24.0,98,1012.6,11.7,10,1.2
2026-08-23 18:00:00,24.4,98,1011.4,8.1,12,0.3
2026-08-23 19:00:00,24.0,99,1010.8,9.5,25,0.3
2026-08-23 20:00:00,23.8,99,1010.4,10.6,4,0.5
2026-08-23 21:00:00,23.9,96,1009.7,9.0,325,0.1
2026-08-23 22:00:00,23.8,97,1009.6,9.9,335,0.1
2026-08-23 23:00:00,23.7,98,1009.8,9.2,357,0.0
