timestamp,pm25,temperature,humidity,pressure,wind_speed,wind_direction,rainfall,hour,day_of_week,month,pm25_lag_1,pm25_lag_3,pm25_lag_6,pm25_lag_12,pm25_lag_24,pm25_lag_48,pm25_rolling_mean_6,pm25_rolling_mean_12,pm25_rolling_mean_24
2026-02-24 00:00:00,12.0,19.9,96,953.7,6.9,123,0.5,0,1,2,12.0,14.6,26.6,87.9,18.5,14.3,27.599999999999998,49.19166666666667,45.65833333333333
2026-02-24 01:00:00,12.0,20.2,94,954.8,6.0,123,0.1,1,1,2,12.0,26.1,39.0,78.8,44.3,12.0,25.166666666666668,42.86666666666667,45.387499999999996
2026-02-24 02:00:00,18.0,20.2,92,955.9,4.5,127,0.0,2,1,2,12.0,12.0,47.3,80.0,30.3,18.9,20.666666666666668,37.300000000000004,44.041666666666664
2026-02-24 03:00:00,19.3,21.5,85,956.7,7.0,179,0.0,3,1,2,18.0,12.0,14.6,55.8,22.8,59.2,15.783333333333331,32.13333333333333,43.52916666666667
2026-02-24 04:00:00,44.0,23.5,73,957.2,7.9,160,0.0,4,1,2,19.3,12.0,26.1,66.5,36.7,26.2,16.566666666666666,29.09166666666667,43.38333333333333
2026-02-24 05:00:00,26.1,25.0,64,957.6,8.4,138,0.0,5,1,2,44.0,18.0,12.0,55.7,65.2,37.7,19.55,27.21666666666667,43.6875
2026-02-24 06:00:00,30.2,25.8,59,957.1,6.4,153,0.0,6,1,2,26.1,19.3,12.0,26.6,24.4,41.6,21.900000000000002,24.75,42.05833333333333
2026-02-24 07:00:00,73.7,27.1,53,956.0,3.8,177,0.0,7,1,2,30.2,44.0,12.0,39.0,35.0,71.4,24.933333333333337,25.05,42.3
2026-02-24 08:00:00,69.1,27.9,49,954.8,1.7,167,0.0,8,1,2,73.7,26.1,18.0,47.3,55.4,62.7,35.21666666666667,27.941666666666666,43.9125
2026-02-24 09:00:00,92.2,28.3,45,953.9,2.7,138,0.0,9,1,2,69.1,30.2,19.3,14.6,60.7,81.7,43.73333333333333,29.758333333333336,44.48333333333333
2026-02-24 10:00:00,85.7,28.8,41,953.7,2.7,132,0.0,10,1,2,92.2,73.7,44.0,26.1,79.9,93.3,55.88333333333333,36.225,45.79583333333333
2026-02-24 11:00:00,81.8,28.9,37,953.6,4.3,112,0.0,11,1,2,85.7,69.1,26.1,12.0,32.3,68.6,62.833333333333336,41.19166666666667,46.0375
2026-02-24 12:00:00,87.3,28.9,38,953.5,2.4,144,0.0,12,1,2,81.8,92.2,30.2,12.0,87.9,41.8,72.11666666666666,47.00833333333333,48.1
2026-02-24 13:00:00,67.2,27.6,43,954.3,4.5,76,0.0,13,1,2,87.3,85.7,73.7,12.0,78.8,85.5,81.63333333333333,53.28333333333333,48.074999999999996
2026-02-24 14:00:00,65.9,26.2,49,954.9,5.4,75,0.0,14,1,2,67.2,81.8,69.1,18.0,80.0,65.2,80.55,57.88333333333333,47.59166666666667
2026-02-24 15:00:00,83.1,25.1,56,955.4,3.6,120,0.0,15,1,2,65.9,87.3,92.2,19.3,55.8,62.2,80.01666666666667,61.875,47.00416666666666
2026-02-24 16:00:00,57.5,24.4,59,955.9,4.1,103,0.0,16,1,2,83.1,67.2,85.7,44.0,66.5,56.1,78.5,67.19166666666668,48.14166666666667
2026-02-24 17:00:00,40.5,23.3,65,956.2,3.7,101,0.0,17,1,2,57.5,65.9,81.8,26.1,55.7,68.3,73.8,68.31666666666666,47.76666666666667
2026-02-24 18:00:00,60.4,22.2,77,955.9,3.4,115,0.0,18,1,2,40.5,83.1,87.3,30.2,26.6,46.5,66.91666666666667,69.51666666666667,47.13333333333333
2026-02-24 19:00:00,37.6,22.2,75,955.8,4.3,105,0.0,19,1,2,60.4,57.5,67.2,73.7,39.0,68.5,62.43333333333334,72.03333333333333,48.541666666666664
2026-02-24 20:00:00,28.4,21.7,77,955.0,4.2,115,0.0,20,1,2,37.6,40.5,65.9,69.1,47.3,34.8,57.5,69.025,48.48333333333334
2026-02-24 21:00:00,12.0,21.4,78,954.6,5.3,118,0.0,21,1,2,28.4,60.4,83.1,92.2,14.6,21.3,51.25,65.63333333333334,47.69583333333333
2026-02-24 22:00:00,25.8,21.2,79,954.3,5.5,122,0.0,22,1,2,12.0,37.6,57.5,85.7,26.1,34.7,39.4,58.949999999999996,47.5875
2026-02-24 23:00:00,28.4,20.8,80,954.2,4.7,97,0.0,23,1,2,25.8,28.4,40.5,81.8,12.0,12.0,34.11666666666667,53.958333333333336,47.574999999999996
2026-02-25 00:00:00,20.6,20.9,86,954.9,2.6,164,0.0,0,2,2,28.4,12.0,60.4,87.3,12.0,18.5,32.1,49.50833333333333,48.25833333333333
2026-02-25 01:00:00,31.5,21.0,84,955.8,3.0,166,0.0,1,2,2,20.6,25.8,37.6,67.2,12.0,44.3,25.46666666666667,43.949999999999996,48.61666666666667
2026-02-25 02:00:00,37.4,21.2,84,956.6,4.1,135,0.0,2,2,2,31.5,28.4,28.4,65.9,18.0,30.3,24.45,40.975,49.42916666666667
2026-02-25 03:00:00,12.0,22.9,79,957.7,3.3,139,0.0,3,2,2,37.4,20.6,12.0,83.1,19.3,22.8,25.95,38.6,50.237500000000004
2026-02-25 04:00:00,53.2,25.1,67,958.4,4.1,124,0.0,4,2,2,12.0,31.5,25.8,57.5,44.0,36.7,25.95,32.675,49.93333333333334
2026-02-25 05:00:00,67.2,27.1,55,958.3,5.1,107,0.0,5,2,2,53.2,37.4,28.4,40.5,26.1,65.2,30.51666666666667,32.31666666666666,50.31666666666667
2026-02-25 06:00:00,52.2,28.6,43,957.9,6.2,97,0.0,6,2,2,67.2,12.0,20.6,60.4,30.2,24.4,36.983333333333334,34.541666666666664,52.02916666666667
2026-02-25 07:00:00,40.0,28.7,39,957.1,5.6,83,0.0,7,2,2,52.2,53.2,31.5,37.6,73.7,35.0,42.25,33.858333333333334,52.945833333333326
2026-02-25 08:00:00,53.8,29.0,37,956.3,3.5,81,0.0,8,2,2,40.0,67.2,37.4,28.4,69.1,55.4,43.666666666666664,34.05833333333333,51.541666666666664
2026-02-25 09:00:00,88.9,29.0,36,955.4,3.7,61,0.0,9,2,2,53.8,52.2,12.0,12.0,92.2,60.7,46.4,36.175000000000004,50.90416666666667
2026-02-25 10:00:00,77.2,29.0,36,955.1,2.6,39,0.0,10,2,2,88.9,40.0,53.2,25.8,85.7,79.9,59.21666666666667,42.583333333333336,50.76666666666666
2026-02-25 11:00:00,87.7,28.6,36,955.3,3.7,14,0.0,11,2,2,77.2,53.8,67.2,28.4,81.8,32.3,63.21666666666667,46.86666666666667,50.412499999999994
2026-02-25 12:00:00,74.4,27.7,44,954.8,4.0,207,0.0,12,2,2,87.7,88.9,52.2,20.6,87.3,87.9,66.63333333333334,51.80833333333334,50.65833333333333
2026-02-25 13:00:00,72.6,26.3,50,955.3,5.6,149,0.0,13,2,2,74.4,77.2,40.0,31.5,67.2,78.8,70.33333333333333,56.291666666666664,50.12083333333334
2026-02-25 14:00:00,67.5,26.0,50,955.9,6.1,120,0.0,14,2,2,72.6,87.7,53.8,37.4,65.9,80.0,75.76666666666667,59.71666666666667,50.34583333333333
2026-02-25 15:00:00,64.8,25.4,61,956.4,2.3,113,0.0,15,2,2,67.5,74.4,88.9,12.0,83.1,55.8,78.05000000000001,62.225,50.4125
2026-02-25 16:00:00,74.2,24.9,61,956.6,1.6,174,0.0,16,2,2,64.8,72.6,77.2,53.2,57.5,66.5,74.03333333333333,66.625,49.65
2026-02-25 17:00:00,61.6,23.8,61,956.6,3.5,192,0.0,17,2,2,74.2,67.5,87.7,67.2,40.5,55.7,73.53333333333335,68.375,50.34583333333333
2026-02-25 18:00:00,71.1,22.9,70,956.1,1.9,119,0.0,18,2,2,61.6,64.8,74.4,52.2,60.4,26.6,69.18333333333332,67.90833333333335,51.224999999999994
2026-02-25 19:00:00,55.9,22.6,70,955.8,3.4,90,0.0,19,2,2,71.1,74.2,72.6,40.0,37.6,39.0,68.63333333333333,69.48333333333333,51.67083333333334
2026-02-25 20:00:00,16.6,22.0,72,955.5,4.7,90,0.0,20,2,2,55.9,61.6,67.5,53.8,28.4,47.3,65.85,70.80833333333334,52.43333333333333
2026-02-25 21:00:00,34.5,21.6,74,955.0,4.3,95,0.0,21,2,2,16.6,71.1,64.8,88.9,12.0,14.6,57.366666666666674,67.70833333333333,51.94166666666667
2026-02-25 22:00:00,21.7,21.1,74,954.5,6.4,101,0.0,22,2,2,34.5,55.9,74.2,77.2,25.8,26.1,52.31666666666666,63.17499999999999,52.87916666666667
2026-02-25 23:00:00,12.0,20.7,76,954.4,3.5,69,0.0,23,2,2,21.7,16.6,61.6,87.7,28.4,12.0,43.56666666666666,58.550000000000004,52.70833333333334
2026-02-26 00:00:00,22.9,20.4,81,954.4,3.9,103,0.0,0,3,2,12.0,34.5,71.1,74.4,20.6,12.0,35.3,52.24166666666667,52.025000000000006
2026-02-26 01:00:00,39.6,21.0,80,955.2,2.7,143,0.0,1,3,2,22.9,21.7,55.9,72.6,31.5,12.0,27.266666666666666,47.949999999999996,52.12083333333334
2026-02-26 02:00:00,26.7,21.1,81,956.2,4.6,239,0.0,2,3,2,39.6,12.0,16.6,67.5,37.4,18.0,24.55,45.199999999999996,52.45833333333334
2026-02-26 03:00:00,23.2,22.8,77,957.1,3.8,265,0.0,3,3,2,26.7,22.9,34.5,64.8,12.0,19.3,26.233333333333334,41.8,52.012499999999996
2026-02-26 04:00:00,72.6,25.3,63,957.7,1.2,153,0.0,4,3,2,23.2,39.6,21.7,74.2,53.2,44.0,24.349999999999998,38.333333333333336,52.479166666666664
2026-02-26 05:00:00,48.0,27.0,51,957.4,5.3,108,0.0,5,3,2,72.6,26.7,12.0,61.6,67.2,26.1,32.833333333333336,38.199999999999996,53.2875
2026-02-26 06:00:00,84.5,28.5,43,956.8,4.3,112,0.0,6,3,2,48.0,23.2,22.9,71.1,52.2,30.2,38.833333333333336,37.06666666666667,52.48749999999999
2026-02-26 07:00:00,47.8,28.7,40,955.7,1.7,252,0.0,7,3,2,84.5,72.6,39.6,55.9,40.0,73.7,49.099999999999994,38.18333333333333,53.833333333333336
2026-02-26 08:00:00,57.9,29.2,39,954.7,1.9,253,0.0,8,3,2,47.8,48.0,26.7,16.6,53.8,69.1,50.46666666666666,37.50833333333333,54.15833333333334
2026-02-26 09:00:00,73.6,29.6,37,953.7,2.7,266,0.0,9,3,2,57.9,84.5,23.2,34.5,88.9,92.2,55.666666666666664,40.949999999999996,54.32916666666666
2026-02-26 10:00:00,89.2,29.7,36,953.1,4.4,235,0.0,10,3,2,73.6,47.8,72.6,21.7,77.2,85.7,64.06666666666666,44.208333333333336,53.69166666666667
2026-02-26 11:00:00,82.9,29.6,37,953.0,5.5,226,0.0,11,3,2,89.2,57.9,48.0,12.0,87.7,81.8,66.83333333333333,49.833333333333336,54.19166666666666
2026-02-26 12:00:00,78.4,29.2,42,952.8,2.0,5,0.0,12,3,2,82.9,73.6,84.5,22.9,74.4,87.3,72.64999999999999,55.74166666666667,53.99166666666667
2026-02-26 13:00:00,91.4,27.2,46,953.1,7.7,102,0.0,13,3,2,78.4,89.2,47.8,39.6,72.6,67.2,71.63333333333334,60.36666666666667,54.15833333333333
2026-02-26 14:00:00,86.8,25.4,53,953.6,8.1,103,0.0,14,3,2,91.4,82.9,57.9,26.7,67.5,65.9,78.89999999999999,64.68333333333334,54.94166666666666
2026-02-26 15:00:00,86.3,24.3,56,954.1,7.8,109,0.0,15,3,2,86.8,78.4,73.6,23.2,64.8,83.1,83.71666666666667,69.69166666666666,55.74583333333334
2026-02-26 16:00:00,47.6,23.7,58,954.5,6.0,119,0.0,16,3,2,86.3,91.4,89.2,72.6,74.2,57.5,85.83333333333333,74.95,56.64166666666667
2026-02-26 17:00:00,70.4,23.5,59,954.1,7.0,116,0.0,17,3,2,47.6,86.8,82.9,48.0,61.6,40.5,78.89999999999999,72.86666666666666,55.53333333333333
2026-02-26 18:00:00,50.3,22.7,67,953.8,4.8,132,0.0,18,3,2,70.4,86.3,78.4,84.5,71.1,60.4,76.81666666666668,74.73333333333333,55.900000000000006
2026-02-26 19:00:00,46.3,23.1,64,953.3,4.1,151,0.0,19,3,2,50.3,47.6,91.4,47.8,55.9,37.6,72.13333333333334,71.88333333333334,55.03333333333333
2026-02-26 20:00:00,38.8,22.5,69,952.6,3.8,121,0.0,20,3,2,46.3,70.4,86.8,57.9,16.6,28.4,64.61666666666667,71.75833333333334,54.63333333333333
2026-02-26 21:00:00,34.4,22.3,68,952.2,3.2,142,0.0,21,3,2,38.8,50.3,86.3,73.6,34.5,12.0,56.61666666666667,70.16666666666667,55.55833333333333
2026-02-26 22:00:00,14.0,21.9,67,951.6,5.2,134,0.0,22,3,2,34.4,46.3,47.6,89.2,21.7,25.8,47.96666666666667,66.9,55.55416666666667
2026-02-26 23:00:00,12.0,21.5,69,951.7,5.5,113,0.0,23,3,2,14.0,38.8,70.4,82.9,12.0,28.4,42.36666666666667,60.63333333333333,55.23333333333333
2026-02-27 00:00:00,12.4,21.6,76,952.1,2.9,176,0.0,0,4,2,12.0,34.4,50.3,78.4,22.9,20.6,32.63333333333333,54.725,55.23333333333333
2026-02-27 01:00:00,19.4,22.6,69,953.1,3.7,194,0.0,1,4,2,12.4,14.0,46.3,91.4,39.6,31.5,26.316666666666666,49.225,54.79583333333334
2026-02-27 02:00:00,17.7,22.9,68,954.1,4.8,228,0.0,2,4,2,19.4,12.0,38.8,86.8,26.7,37.4,21.833333333333332,43.225,53.95416666666666
2026-02-27 03:00:00,12.0,24.0,65,955.3,3.6,237,0.0,3,4,2,17.7,12.4,34.4,86.3,23.2,12.0,18.316666666666666,37.46666666666667,53.57916666666667
2026-02-27 04:00:00,34.3,25.6,58,956.4,7.4,252,0.0,4,4,2,12.0,19.4,14.0,47.6,72.6,53.2,14.583333333333334,31.275000000000002,53.112500000000004
2026-02-27 05:00:00,22.9,26.9,51,956.4,8.4,250,0.0,5,4,2,34.3,17.7,12.0,70.4,48.0,67.2,17.966666666666665,30.166666666666668,51.51666666666666
2026-02-27 06:00:00,45.3,28.3,44,955.8,6.1,214,0.0,6,4,2,22.9,12.0,12.4,50.3,84.5,52.2,19.78333333333333,26.208333333333332,50.47083333333334
2026-02-27 07:00:00,50.8,29.3,41,954.7,4.5,223,0.0,7,4,2,45.3,34.3,19.4,46.3,47.8,40.0,25.266666666666666,25.79166666666666,48.837500000000006
2026-02-27 08:00:00,61.6,30.2,38,953.7,4.4,249,0.0,8,4,2,50.8,22.9,17.7,38.8,57.9,53.8,30.499999999999996,26.16666666666666,48.9625
2026-02-27 09:00:00,81.8,30.4,36,952.5,4.5,247,0.0,9,4,2,61.6,45.3,12.0,34.4,73.6,88.9,37.81666666666666,28.066666666666666,49.11666666666667
2026-02-27 10:00:00,61.0,30.4,34,952.1,4.5,247,0.0,10,4,2,81.8,50.8,34.3,14.0,89.2,77.2,49.449999999999996,32.01666666666666,49.458333333333336
2026-02-27 11:00:00,82.3,30.1,35,952.0,2.9,270,0.0,11,4,2,61.0,61.6,22.9,12.0,82.9,87.7,53.9,35.93333333333333,48.28333333333334
2026-02-27 12:00:00,95.8,30.2,37,951.7,2.5,262,0.0,12,4,2,82.3,81.8,45.3,12.4,78.4,74.4,63.800000000000004,41.791666666666664,48.25833333333333
2026-02-27 13:00:00,78.0,29.0,44,952.0,1.4,203,0.0,13,4,2,95.8,61.0,50.8,19.4,91.4,72.6,72.21666666666665,48.74166666666667,48.98333333333333
2026-02-27 14:00:00,76.2,27.4,51,952.4,6.7,146,0.0,14,4,2,78.0,82.3,61.6,17.7,86.8,67.5,76.75,53.625,48.425000000000004
2026-02-27 15:00:00,67.0,26.4,50,952.9,10.4,113,0.0,15,4,2,76.2,95.8,81.8,12.0,86.3,64.8,79.18333333333334,58.5,47.98333333333334
2026-02-27 16:00:00,71.8,25.4,53,953.0,7.5,130,0.0,16,4,2,67.0,78.0,61.0,34.3,47.6,74.2,76.71666666666667,63.083333333333336,47.17916666666667
2026-02-27 17:00:00,30.3,24.5,56,953.0,7.7,120,0.0,17,4,2,71.8,76.2,82.3,22.9,70.4,61.6,78.51666666666667,66.20833333333333,48.1875
2026-02-27 18:00:00,48.2,24.0,60,952.6,7.0,125,0.0,18,4,2,30.3,67.0,95.8,45.3,50.3,71.1,69.85,66.825,46.51666666666666
2026-02-27 19:00:00,14.5,23.9,61,952.3,7.4,141,0.0,19,4,2,48.2,71.8,78.0,50.8,46.3,55.9,61.916666666666664,67.06666666666666,46.42916666666667
2026-02-27 20:00:00,28.8,23.4,62,951.5,8.1,135,0.0,20,4,2,14.5,30.3,76.2,61.6,38.8,16.6,51.333333333333336,64.04166666666667,45.104166666666664
2026-02-27 21:00:00,17.2,22.8,63,950.9,7.4,139,0.0,21,4,2,28.8,48.2,67.0,81.8,34.4,34.5,43.43333333333333,61.30833333333333,44.6875
2026-02-27 22:00:00,12.0,22.4,65,950.7,6.7,142,0.0,22,4,2,17.2,14.5,71.8,61.0,14.0,21.7,35.13333333333333,55.925000000000004,43.97083333333333
2026-02-27 23:00:00,35.8,21.5,74,950.9,2.6,65,0.0,23,4,2,12.0,28.8,30.3,82.3,12.0,12.0,25.166666666666668,51.84166666666667,43.887499999999996
2026-02-28 00:00:00,19.9,20.8,78,951.3,2.3,108,0.0,0,5,2,35.8,17.2,48.2,95.8,12.4,22.9,26.083333333333332,47.96666666666666,44.87916666666666
2026-02-28 01:00:00,12.0,22.0,70,952.1,6.2,154,0.0,1,5,2,19.9,12.0,14.5,78.0,19.4,39.6,21.366666666666664,41.641666666666666,45.19166666666666
2026-02-28 02:00:00,17.0,22.3,68,953.4,6.8,209,0.0,2,5,2,12.0,35.8,28.8,76.2,17.7,26.7,20.95,36.141666666666666,44.88333333333333
2026-02-28 03:00:00,12.0,23.6,64,955.0,9.3,246,0.0,3,5,2,17.0,19.9,17.2,67.0,12.0,23.2,18.983333333333334,31.208333333333332,44.854166666666664
2026-02-28 04:00:00,12.0,25.4,56,955.8,9.4,244,0.0,4,5,2,12.0,12.0,12.0,71.8,34.3,72.6,18.116666666666664,26.625,44.854166666666664
2026-02-28 05:00:00,37.0,27.7,47,955.8,7.5,222,0.0,5,5,2,12.0,17.0,35.8,30.3,22.9,48.0,18.116666666666664,21.641666666666666,43.925000000000004
2026-02-28 06:00:00,45.5,29.2,40,955.3,8.8,200,0.0,6,5,2,37.0,12.0,19.9,48.2,45.3,84.5,18.316666666666666,22.2,44.512499999999996
2026-02-28 07:00:00,47.5,30.5,36,954.2,8.0,208,0.0,7,5,2,45.5,12.0,12.0,14.5,50.8,47.8,22.583333333333332,21.974999999999998,44.520833333333336
2026-02-28 08:00:00,56.0,31.0,34,953.2,6.9,217,0.0,8,5,2,47.5,37.0,17.0,28.8,61.6,57.9,28.5,24.724999999999998,44.38333333333333
2026-02-28 09:00:00,56.2,31.2,32,952.5,6.5,224,0.0,9,5,2,56.0,45.5,12.0,17.2,81.8,73.6,35.0,26.991666666666664,44.15
2026-02-28 10:00:00,100.8,31.6,30,952.0,5.6,239,0.0,10,5,2,56.2,47.5,12.0,12.0,61.0,89.2,42.36666666666667,30.241666666666664,43.083333333333336
2026-02-28 11:00:00,69.9,31.4,28,951.9,5.6,268,0.0,11,5,2,100.8,56.0,37.0,35.8,82.3,82.9,57.166666666666664,37.641666666666666,44.74166666666667
2026-02-28 12:00:00,79.5,31.3,29,952.0,4.8,239,0.0,12,5,2,69.9,56.2,45.5,19.9,95.8,78.4,62.65,40.48333333333333,44.224999999999994
2026-02-28 13:00:00,92.2,30.4,32,952.3,5.7,229,0.0,13,5,2,79.5,100.8,47.5,12.0,78.0,91.4,68.31666666666666,45.449999999999996,43.54583333333333
2026-02-28 14:00:00,89.8,28.6,40,952.7,6.5,167,0.0,14,5,2,92.2,69.9,56.0,17.0,76.2,86.8,75.76666666666667,52.13333333333333,44.137499999999996
2026-02-28 15:00:00,52.7,27.3,45,953.5,7.5,123,0.0,15,5,2,89.8,79.5,56.2,12.0,67.0,86.3,81.39999999999999,58.199999999999996,44.70416666666666
2026-02-28 16:00:00,45.4,26.3,47,953.8,6.2,123,0.0,16,5,2,52.7,92.2,100.8,12.0,71.8,47.6,80.81666666666668,61.59166666666667,44.10833333333333
2026-02-28 17:00:00,47.4,25.4,50,953.7,7.3,142,0.0,17,5,2,45.4,89.8,69.9,37.0,30.3,70.4,71.58333333333333,64.375,43.00833333333333
2026-02-28 18:00:00,55.8,24.5,59,953.6,9.1,139,0.0,18,5,2,47.4,52.7,79.5,45.5,48.2,50.3,67.83333333333333,65.24166666666666,43.72083333333333
2026-02-28 19:00:00,12.8,24.2,63,953.4,8.8,136,0.0,19,5,2,55.8,45.4,92.2,47.5,14.5,46.3,63.88333333333333,66.10000000000001,44.0375
2026-02-28 20:00:00,18.8,23.6,64,952.7,7.2,118,0.0,20,5,2,12.8,47.4,89.8,56.0,28.8,38.8,50.65,63.208333333333336,43.96666666666667
2026-02-28 21:00:00,16.3,23.1,66,952.1,5.8,104,0.0,21,5,2,18.8,55.8,52.7,56.2,17.2,34.4,38.81666666666667,60.10833333333333,43.550000000000004
2026-02-28 22:00:00,30.8,22.7,66,951.8,4.8,103,0.0,22,5,2,16.3,12.8,45.4,100.8,12.0,14.0,32.74999999999999,56.78333333333333,43.512499999999996
2026-02-28 23:00:00,36.1,22.6,63,951.7,6.0,129,0.0,23,5,2,30.8,18.8,47.4,69.9,35.8,12.0,30.316666666666666,50.949999999999996,44.29583333333333
2026-03-01 00:00:00,35.3,21.9,72,951.4,3.4,148,0.0,0,6,3,36.1,16.3,55.8,79.5,19.9,12.4,28.433333333333334,48.13333333333333,44.30833333333334
2026-03-01 01:00:00,12.0,21.8,71,953.1,10.8,273,0.0,1,6,3,35.3,30.8,12.8,92.2,12.0,19.4,25.016666666666666,44.449999999999996,44.949999999999996
2026-03-01 02:00:00,33.3,22.0,71,954.3,8.1,267,0.0,2,6,3,12.0,36.1,18.8,89.8,17.0,17.7,24.88333333333333,37.766666666666666,44.949999999999996
2026-03-01 03:00:00,19.4,24.0,59,955.6,10.3,259,0.0,3,6,3,33.3,35.3,16.3,52.7,12.0,12.0,27.3,33.05833333333333,45.62916666666666
2026-03-01 04:00:00,23.9,26.3,48,956.3,9.3,243,0.0,4,6,3,19.4,12.0,30.8,45.4,12.0,34.3,27.816666666666663,30.28333333333333,45.9375
2026-03-01 05:00:00,33.5,28.6,39,956.3,9.1,231,0.0,5,6,3,23.9,33.3,36.1,47.4,37.0,22.9,26.66666666666666,28.491666666666664,46.43333333333333
2026-03-01 06:00:00,26.7,30.2,35,955.7,9.3,234,0.0,6,6,3,33.5,19.4,35.3,55.8,45.5,45.3,26.23333333333333,27.333333333333332,46.287499999999994
2026-03-01 07:00:00,66.3,31.7,31,954.9,8.4,250,0.0,7,6,3,26.7,23.9,12.0,12.8,47.5,50.8,24.8,24.908333333333335,45.50416666666666
2026-03-01 08:00:00,44.5,32.6,27,954.0,8.5,264,0.0,8,6,3,66.3,33.5,33.3,18.8,56.0,61.6,33.85,29.366666666666664,46.287499999999994
2026-03-01 09:00:00,43.5,31.9,28,953.1,9.9,267,0.0,9,6,3,44.5,26.7,19.4,16.3,56.2,81.8,35.71666666666666,31.50833333333333,45.80833333333333
2026-03-01 10:00:00,55.8,32.5,27,952.9,7.6,277,0.0,10,6,3,43.5,66.3,23.9,30.8,100.8,61.0,39.73333333333333,33.775,45.27916666666666
2026-03-01 11:00:00,72.1,32.7,25,952.8,5.5,308,0.0,11,6,3,55.8,44.5,33.5,36.1,69.9,82.3,45.050000000000004,35.858333333333334,43.40416666666666
2026-03-01 12:00:00,62.4,32.4,26,952.9,3.6,273,0.0,12,6,3,72.1,43.5,26.7,35.3,79.5,95.8,51.48333333333333,38.85833333333333,43.49583333333333
2026-03-01 13:00:00,84.8,31.5,27,953.4,1.2,219,0.0,13,6,3,62.4,55.8,66.3,12.0,92.2,78.0,57.43333333333334,41.11666666666667,42.78333333333333
2026-03-01 14:00:00,91.0,30.6,30,954.1,4.7,90,0.0,14,6,3,84.8,72.1,44.5,33.3,89.8,76.2,60.51666666666667,47.18333333333333,42.475
2026-03-01 15:00:00,82.1,29.3,37,955.0,8.7,130,0.0,15,6,3,91.0,62.4,43.5,19.4,52.7,67.0,68.26666666666667,51.99166666666667,42.525
2026-03-01 16:00:00,62.6,28.0,42,955.5,7.1,142,0.0,16,6,3,82.1,84.8,55.8,23.9,45.4,71.8,74.7,57.21666666666667,43.75
2026-03-01 17:00:00,62.0,26.6,46,955.4,7.0,89,0.0,17,6,3,62.6,91.0,72.1,33.5,47.4,30.3,75.83333333333333,60.44166666666666,44.46666666666666
2026-03-01 18:00:00,25.8,25.8,51,955.3,6.5,124,0.0,18,6,3,62.0,82.1,62.4,26.7,55.8,48.2,74.15,62.81666666666666,45.074999999999996
2026-03-01 19:00:00,28.1,25.0,57,955.1,6.0,131,0.0,19,6,3,25.8,62.6,84.8,66.3,12.8,14.5,68.05,62.74166666666667,43.824999999999996
2026-03-01 20:00:00,52.5,24.5,61,954.3,6.5,124,0.0,20,6,3,28.1,62.0,91.0,44.5,18.8,28.8,58.6,59.55833333333333,44.462500000000006
2026-03-01 21:00:00,28.7,24.3,62,953.7,6.6,123,0.0,21,6,3,52.5,25.8,82.1,43.5,16.3,17.2,52.18333333333334,60.224999999999994,45.866666666666674
2026-03-01 22:00:00,16.8,23.9,62,953.2,4.9,126,0.0,22,6,3,28.7,28.1,62.6,55.8,30.8,12.0,43.28333333333333,58.99166666666667,46.383333333333326
2026-03-01 23:00:00,12.0,23.5,63,953.3,3.1,118,0.0,23,6,3,16.8,52.5,62.0,72.1,36.1,35.8,35.65,55.74166666666667,45.79999999999999
2026-03-02 00:00:00,30.5,22.9,67,954.0,5.9,220,0.0,0,0,3,12.0,28.7,25.8,62.4,35.3,19.9,27.316666666666666,50.73333333333333,44.79583333333333
2026-03-02 01:00:00,32.5,23.0,67,954.9,3.1,242,0.0,1,0,3,30.5,16.8,28.1,84.8,12.0,12.0,28.099999999999998,48.074999999999996,44.59583333333334
2026-03-02 02:00:00,62.7,23.2,66,955.7,2.4,253,0.0,2,0,3,32.5,12.0,52.5,91.0,33.3,17.0,28.833333333333332,43.71666666666667,45.45000000000001
2026-03-02 03:00:00,66.9,25.8,54,957.0,1.0,225,0.0,3,0,3,62.7,30.5,28.7,82.1,19.4,12.0,30.53333333333333,41.358333333333334,46.67499999999999
2026-03-02 04:00:00,48.3,28.6,43,957.9,2.5,240,0.0,4,0,3,66.9,32.5,16.8,62.6,23.9,12.0,36.900000000000006,40.09166666666667,48.65416666666667
2026-03-02 05:00:00,45.7,30.6,36,958.1,3.3,229,0.0,5,0,3,48.3,62.7,12.0,62.0,33.5,37.0,42.15,38.9,49.67083333333333
2026-03-02 06:00:00,65.9,31.2,33,957.5,1.9,221,0.0,6,0,3,45.7,66.9,30.5,25.8,26.7,45.5,47.76666666666667,37.541666666666664,50.17916666666667
2026-03-02 07:00:00,68.2,33.0,28,956.6,1.3,188,0.0,7,0,3,65.9,48.3,32.5,28.1,66.3,47.5,53.666666666666664,40.88333333333333,51.8125
2026-03-02 08:00:00,87.0,33.8,25,955.7,1.3,188,0.0,8,0,3,68.2,45.7,62.7,52.5,44.5,56.0,59.616666666666674,44.225,51.89166666666666
2026-03-02 09:00:00,83.7,33.9,24,954.7,2.3,122,0.0,9,0,3,87.0,65.9,66.9,28.7,43.5,56.2,63.666666666666664,47.1,53.662499999999994
2026-03-02 10:00:00,70.4,34.1,23,954.1,5.1,51,0.0,10,0,3,83.7,68.2,48.3,16.8,55.8,100.8,66.46666666666667,51.68333333333333,55.3375
2026-03-02 11:00:00,76.1,33.4,25,954.1,7.1,56,0.0,11,0,3,70.4,87.0,45.7,12.0,72.1,69.9,70.14999999999999,56.150000000000006,55.94583333333333
2026-03-02 12:00:00,56.6,31.8,32,954.5,11.3,83,0.0,12,0,3,76.1,83.7,65.9,30.5,62.4,79.5,75.21666666666667,61.49166666666667,56.112500000000004
2026-03-02 13:00:00,83.0,31.0,35,955.2,10.8,91,0.0,13,0,3,56.6,70.4,68.2,32.5,84.8,92.2,73.66666666666667,63.666666666666664,55.87083333333334
2026-03-02 14:00:00,62.6,30.2,37,955.9,9.8,103,0.0,14,0,3,83.0,76.1,87.0,62.7,91.0,89.8,76.13333333333333,67.875,55.79583333333334
2026-03-02 15:00:00,44.9,29.2,40,956.6,7.4,119,0.0,15,0,3,62.6,56.6,83.7,66.9,82.1,52.7,72.06666666666666,67.86666666666666,54.612500000000004
2026-03-02 16:00:00,74.9,28.0,45,957.2,6.1,114,0.0,16,0,3,44.9,83.0,70.4,48.3,62.6,45.4,65.60000000000001,66.03333333333333,53.0625
2026-03-02 17:00:00,59.1,27.2,48,957.4,5.2,86,0.0,17,0,3,74.9,62.6,76.1,45.7,62.0,47.4,66.35000000000001,68.25,53.574999999999996
2026-03-02 18:00:00,53.8,26.7,51,957.0,3.8,93,0.0,18,0,3,59.1,44.9,56.6,65.9,25.8,55.8,63.51666666666667,69.36666666666666,53.45416666666667
2026-03-02 19:00:00,36.7,26.5,51,956.2,2.7,82,0.0,19,0,3,53.8,74.9,83.0,68.2,28.1,12.8,63.050000000000004,68.35833333333333,54.62083333333334
2026-03-02 20:00:00,40.2,25.8,54,955.7,0.9,270,0.0,20,0,3,36.7,59.1,62.6,87.0,52.5,18.8,55.333333333333336,65.73333333333333,54.979166666666664
2026-03-02 21:00:00,32.6,25.1,56,955.3,1.7,319,0.0,21,0,3,40.2,53.8,44.9,83.7,28.7,16.3,51.6,61.833333333333336,54.46666666666666
2026-03-02 22:00:00,26.3,24.7,58,954.6,2.3,302,0.0,22,0,3,32.6,36.7,74.9,70.4,16.8,30.8,49.55000000000001,57.57500000000001,54.62916666666667
2026-03-02 23:00:00,24.3,23.9,61,954.6,4.8,138,0.0,23,0,3,26.3,40.2,59.1,76.1,12.0,36.1,41.45,53.9,55.025000000000006
2026-03-03 00:00:00,12.0,22.8,73,954.9,1.5,225,0.0,0,1,3,24.3,32.6,53.8,56.6,30.5,35.3,35.65,49.58333333333334,55.537499999999994
2026-03-03 01:00:00,12.0,22.8,73,955.5,2.1,255,0.0,1,1,3,12.0,26.3,36.7,83.0,32.5,12.0,28.683333333333334,45.866666666666674,54.76666666666667
2026-03-03 02:00:00,22.8,23.0,73,956.3,2.2,279,0.0,2,1,3,12.0,24.3,40.2,62.6,62.7,33.3,24.566666666666666,39.95,53.9125
2026-03-03 03:00:00,60.2,26.2,56,957.6,0.7,194,0.0,3,1,3,22.8,12.0,32.6,44.9,66.9,19.4,21.666666666666668,36.63333333333333,52.25
2026-03-03 04:00:00,43.2,29.4,39,958.5,3.7,101,0.0,4,1,3,60.2,12.0,26.3,74.9,48.3,23.9,26.26666666666667,37.90833333333334,51.97083333333333
2026-03-03 05:00:00,20.7,31.9,23,958.9,8.9,61,0.0,5,1,3,43.2,22.8,24.3,59.1,45.7,33.5,29.083333333333332,35.26666666666667,51.75833333333333
2026-03-03 06:00:00,38.4,32.5,23,958.3,9.7,59,0.0,6,1,3,20.7,60.2,12.0,53.8,65.9,26.7,28.483333333333334,32.06666666666667,50.71666666666667
2026-03-03 07:00:00,55.3,33.4,22,957.5,9.9,61,0.0,7,1,3,38.4,43.2,12.0,36.7,68.2,66.3,32.88333333333333,30.783333333333335,49.570833333333326
2026-03-03 08:00:00,50.6,34.0,22,956.5,10.2,60,0.0,8,1,3,55.3,20.7,22.8,40.2,87.0,44.5,40.1,32.333333333333336,49.03333333333334
2026-03-03 09:00:00,71.6,34.1,22,955.8,10.6,58,0.0,9,1,3,50.6,38.4,60.2,32.6,83.7,43.5,44.73333333333333,33.199999999999996,47.51666666666667
2026-03-03 10:00:00,35.9,33.9,22,955.0,10.8,58,0.0,10,1,3,71.6,55.3,43.2,26.3,70.4,55.8,46.63333333333333,36.449999999999996,47.01250000000001
2026-03-03 11:00:00,63.3,33.3,23,955.1,10.8,62,0.0,11,1,3,35.9,50.6,20.7,24.3,76.1,72.1,45.416666666666664,37.25,45.574999999999996
2026-03-03 12:00:00,78.5,32.5,24,955.1,10.4,60,0.0,12,1,3,63.3,71.6,38.4,12.0,56.6,62.4,52.51666666666667,40.5,45.041666666666664
2026-03-03 13:00:00,69.3,31.7,26,955.8,9.7,66,0.0,13,1,3,78.5,35.9,55.3,12.0,83.0,84.8,59.20000000000001,46.041666666666664,45.95416666666666
2026-03-03 14:00:00,74.2,30.6,29,956.6,9.0,75,0.0,14,1,3,69.3,63.3,50.6,22.8,62.6,91.0,61.53333333333333,50.81666666666666,45.38333333333333
2026-03-03 15:00:00,69.9,29.5,31,957.4,7.8,83,0.0,15,1,3,74.2,78.5,71.6,60.2,44.9,82.1,65.46666666666665,55.1,45.86666666666667
2026-03-03 16:00:00,53.3,28.5,33,957.8,6.3,77,0.0,16,1,3,69.9,69.3,35.9,43.2,74.9,62.6,65.18333333333332,55.90833333333333,46.90833333333333
2026-03-03 17:00:00,57.7,28.1,33,958.0,6.4,74,0.0,17,1,3,53.3,74.2,63.3,20.7,59.1,62.0,68.08333333333333,56.75,46.00833333333333
2026-03-03 18:00:00,64.1,26.7,40,957.4,1.4,90,0.0,18,1,3,57.7,69.9,78.5,38.4,53.8,25.8,67.14999999999999,59.833333333333336,45.949999999999996
2026-03-03 19:00:00,47.7,26.6,37,957.2,1.5,201,0.0,19,1,3,64.1,53.3,69.3,55.3,36.7,28.1,64.75,61.974999999999994,46.37916666666667
2026-03-03 20:00:00,49.9,25.6,40,956.4,1.8,259,0.0,20,1,3,47.7,57.7,74.2,50.6,40.2,52.5,61.150000000000006,61.34166666666667,46.837500000000006
2026-03-03 21:00:00,41.3,24.3,46,955.7,2.1,211,0.0,21,1,3,49.9,64.1,69.9,71.6,32.6,28.7,57.1,61.28333333333333,47.24166666666667
2026-03-03 22:00:00,16.2,23.0,56,955.1,3.9,223,0.0,22,1,3,41.3,47.7,53.3,35.9,26.3,16.8,52.333333333333336,58.758333333333326,47.604166666666664
2026-03-03 23:00:00,26.7,22.0,64,954.8,3.4,212,0.0,23,1,3,16.2,49.9,57.7,63.3,24.3,12.0,46.15,57.11666666666667,47.18333333333333
2026-03-04 00:00:00,34.2,20.9,81,955.4,1.1,198,0.0,0,2,3,26.7,41.3,64.1,78.5,12.0,30.5,40.98333333333333,54.06666666666666,47.28333333333333
2026-03-04 01:00:00,12.0,21.9,69,956.3,3.1,347,0.0,1,2,3,34.2,16.2,47.7,69.3,12.0,32.5,36.0,50.375,48.208333333333336
2026-03-04 02:00:00,24.4,23.1,56,957.2,4.0,10,0.0,2,2,3,12.0,26.7,49.9,74.2,22.8,62.7,30.05,45.6,48.208333333333336
2026-03-04 03:00:00,52.4,26.3,39,958.7,1.7,72,0.0,3,2,3,24.4,34.2,41.3,69.9,60.2,66.9,25.8,41.449999999999996,48.275
2026-03-04 04:00:00,38.9,29.1,29,959.6,6.2,68,0.0,4,2,3,52.4,12.0,16.2,53.3,43.2,48.3,27.649999999999995,39.99166666666667,47.949999999999996
2026-03-04 05:00:00,12.0,30.9,24,959.9,9.5,53,0.0,5,2,3,38.9,24.4,26.7,57.7,20.7,45.7,31.433333333333334,38.791666666666664,47.770833333333336
2026-03-04 06:00:00,31.9,31.9,22,959.4,11.5,50,0.0,6,2,3,12.0,52.4,34.2,64.1,38.4,65.9,28.98333333333333,34.98333333333333,47.40833333333334
2026-03-04 07:00:00,24.4,32.9,19,958.4,12.1,52,0.0,7,2,3,31.9,38.9,12.0,47.7,55.3,68.2,28.599999999999998,32.300000000000004,47.137499999999996
2026-03-04 08:00:00,60.6,33.4,19,957.4,11.7,58,0.0,8,2,3,24.4,12.0,24.4,49.9,50.6,87.0,30.666666666666668,30.358333333333334,45.85
2026-03-04 09:00:00,55.3,33.6,18,956.4,11.3,57,0.0,9,2,3,60.6,31.9,52.4,41.3,71.6,83.7,36.699999999999996,31.25,46.26666666666666
2026-03-04 10:00:00,33.6,33.4,18,955.7,11.8,52,0.0,10,2,3,55.3,24.4,38.9,16.2,35.9,70.4,37.18333333333334,32.416666666666664,45.5875
2026-03-04 11:00:00,75.8,32.9,19,955.5,11.2,49,0.0,11,2,3,33.6,60.6,12.0,26.7,63.3,76.1,36.300000000000004,33.86666666666667,45.49166666666667
2026-03-04 12:00:00,77.7,32.0,20,955.6,11.2,42,0.0,12,2,3,75.8,55.3,31.9,34.2,78.5,56.6,46.93333333333334,37.958333333333336,46.012499999999996
2026-03-04 13:00:00,67.5,31.2,21,956.2,9.2,47,0.0,13,2,3,77.7,33.6,24.4,12.0,69.3,83.0,54.56666666666666,41.583333333333336,45.979166666666664
2026-03-04 14:00:00,72.2,30.1,25,956.8,8.1,43,0.0,14,2,3,67.5,75.8,60.6,24.4,74.2,62.6,61.75,46.208333333333336,45.90416666666667
2026-03-04 15:00:00,78.0,29.0,28,957.5,6.1,34,0.0,15,2,3,72.2,77.7,55.3,52.4,69.9,44.9,63.68333333333334,50.19166666666666,45.820833333333326
2026-03-04 16:00:00,58.2,28.7,28,957.9,3.3,45,0.0,16,2,3,78.0,67.5,33.6,38.9,53.3,74.9,67.46666666666665,52.32500000000001,46.15833333333334
2026-03-04 17:00:00,48.0,27.9,30,957.8,0.6,214,0.0,17,2,3,58.2,72.2,75.8,12.0,57.7,59.1,71.56666666666668,53.93333333333333,46.36249999999999
2026-03-04 18:00:00,41.8,26.3,41,957.2,0.4,207,0.0,18,2,3,48.0,78.0,77.7,31.9,64.1,53.8,66.93333333333334,56.93333333333333,45.958333333333336
2026-03-04 19:00:00,32.2,26.3,34,956.8,1.2,243,0.0,19,2,3,41.8,58.2,67.5,24.4,47.7,36.7,60.95000000000001,57.758333333333326,45.02916666666666
2026-03-04 20:00:00,44.5,25.4,36,955.9,3.1,315,0.0,20,2,3,32.2,48.0,72.2,60.6,49.9,40.2,55.06666666666667,58.40833333333333,44.383333333333326
2026-03-04 21:00:00,36.4,24.3,40,955.1,3.6,297,0.0,21,2,3,44.5,41.8,78.0,55.3,41.3,32.6,50.45000000000001,57.06666666666666,44.15833333333333
2026-03-04 22:00:00,24.8,23.1,47,954.6,4.0,280,0.0,22,2,3,36.4,32.2,58.2,33.6,16.2,26.3,43.51666666666667,55.49166666666667,43.95416666666666
2026-03-04 23:00:00,31.2,22.2,53,953.9,4.0,252,0.0,23,2,3,24.8,44.5,48.0,75.8,26.7,24.3,37.95,54.75833333333333,44.3125
2026-03-05 00:00:00,22.6,21.0,65,954.1,2.7,274,0.0,0,3,3,31.2,36.4,41.8,77.7,34.2,12.0,35.15,51.041666666666664,44.5
2026-03-05 01:00:00,19.8,21.7,59,955.2,6.0,286,0.0,1,3,3,22.6,24.8,32.2,67.5,12.0,12.0,31.95,46.449999999999996,44.01666666666667
2026-03-05 02:00:00,33.5,22.6,51,956.1,5.9,293,0.0,2,3,3,19.8,31.2,44.5,72.2,24.4,22.8,29.883333333333336,42.475,44.34166666666667
2026-03-05 03:00:00,20.4,26.2,38,957.6,2.7,250,0.0,3,3,3,33.5,22.6,36.4,78.0,52.4,60.2,28.05,39.25,44.72083333333333
2026-03-05 04:00:00,24.6,30.1,26,958.4,2.7,332,0.0,4,3,3,20.4,19.8,24.8,58.2,38.9,43.2,25.383333333333336,34.449999999999996,43.387499999999996
2026-03-05 05:00:00,37.2,32.6,14,958.3,8.9,27,0.0,5,3,3,24.6,33.5,31.2,48.0,12.0,20.7,25.349999999999998,31.650000000000002,42.791666666666664
2026-03-05 06:00:00,36.8,33.0,14,958.0,11.1,29,0.0,6,3,3,37.2,20.4,22.6,41.8,31.9,38.4,26.350000000000005,30.75,43.84166666666667
2026-03-05 07:00:00,55.0,33.8,14,957.0,10.9,33,0.0,7,3,3,36.8,24.6,19.8,32.2,24.4,55.3,28.716666666666665,30.333333333333332,44.04583333333333
2026-03-05 08:00:00,74.8,34.2,14,956.0,10.1,33,0.0,8,3,3,55.0,37.2,33.5,44.5,60.6,50.6,34.583333333333336,32.233333333333334,45.320833333333326
2026-03-05 09:00:00,55.1,34.5,14,954.8,9.3,36,0.0,9,3,3,74.8,36.8,20.4,36.4,55.3,71.6,41.46666666666667,34.75833333333333,45.9125
2026-03-05 10:00:00,44.5,34.3,14,954.2,10.0,34,0.0,10,3,3,55.1,55.0,24.6,24.8,33.6,35.9,47.25,36.31666666666666,45.90416666666667
2026-03-05 11:00:00,61.2,33.8,14,953.8,10.6,24,0.0,11,3,3,44.5,74.8,37.2,31.2,75.8,63.3,50.56666666666666,37.958333333333336,46.35833333333333
2026-03-05 12:00:00,60.8,32.8,16,954.0,10.5,24,0.0,12,3,3,61.2,55.1,36.8,22.6,77.7,78.5,54.56666666666666,40.458333333333336,45.75
2026-03-05 13:00:00,71.2,32.1,18,954.2,8.5,24,0.0,13,3,3,60.8,44.5,55.0,19.8,67.5,69.3,58.56666666666667,43.64166666666667,45.04583333333334
2026-03-05 14:00:00,74.4,31.2,21,954.7,6.4,22,0.0,14,3,3,71.2,61.2,74.8,33.5,72.2,74.2,61.26666666666666,47.925000000000004,45.199999999999996
2026-03-05 15:00:00,97.3,30.0,24,955.4,2.2,145,0.0,15,3,3,74.4,60.8,55.1,20.4,78.0,69.9,61.20000000000001,51.333333333333336,45.291666666666664
2026-03-05 16:00:00,67.4,28.4,27,955.8,0.6,214,0.0,16,3,3,97.3,71.2,44.5,24.6,58.2,53.3,68.23333333333333,57.74166666666667,46.09583333333333
2026-03-05 17:00:00,56.6,27.3,30,955.8,3.6,213,0.0,17,3,3,67.4,74.4,61.2,37.2,48.0,57.7,72.05,61.30833333333334,46.479166666666664
2026-03-05 18:00:00,57.5,25.8,38,955.2,1.8,217,0.0,18,3,3,56.6,97.3,60.8,36.8,41.8,64.1,71.28333333333333,62.92499999999999,46.8375
2026-03-05 19:00:00,70.6,25.5,36,954.5,2.9,248,0.0,19,3,3,57.5,67.4,71.2,55.0,32.2,47.7,70.73333333333333,64.64999999999999,47.49166666666667
2026-03-05 20:00:00,35.5,24.4,42,953.7,6.0,280,0.0,20,3,3,70.6,56.6,74.4,74.8,44.5,49.9,70.63333333333334,65.95,49.09166666666667
2026-03-05 21:00:00,31.4,24.1,43,953.1,6.2,296,0.0,21,3,3,35.5,57.5,97.3,55.1,36.4,41.3,64.14999999999999,62.675000000000004,48.71666666666667
2026-03-05 22:00:00,12.0,24.4,36,952.6,6.2,339,0.0,22,3,3,31.4,70.6,67.4,44.5,24.8,16.2,53.166666666666664,60.699999999999996,48.50833333333333
2026-03-05 23:00:00,12.0,24.5,32,952.3,5.9,358,0.0,23,3,3,12.0,35.5,56.6,61.2,31.2,26.7,43.93333333333333,57.99166666666667,47.974999999999994
2026-03-06 00:00:00,28.1,21.9,48,952.5,3.6,307,0.0,0,4,3,12.0,31.4,57.5,60.8,22.6,34.2,36.5,53.89166666666666,47.175000000000004
2026-03-06 01:00:00,34.8,22.7,42,953.5,5.9,305,0.0,1,4,3,28.1,12.0,70.6,71.2,19.8,12.0,31.599999999999998,51.166666666666664,47.40416666666667
2026-03-06 02:00:00,12.0,23.2,39,954.8,8.3,316,0.0,2,4,3,34.8,12.0,35.5,74.4,33.5,24.4,25.633333333333336,48.13333333333333,48.02916666666667
2026-03-06 03:00:00,14.5,25.7,32,956.0,4.5,307,0.0,3,4,3,12.0,28.1,31.4,97.3,20.4,52.4,21.71666666666667,42.93333333333334,47.13333333333333
2026-03-06 04:00:00,23.5,29.4,24,957.0,4.7,320,0.0,4,4,3,14.5,34.8,12.0,67.4,24.6,38.9,18.9,36.03333333333333,46.887499999999996
2026-03-06 05:00:00,33.3,32.3,16,957.1,6.8,360,0.0,5,4,3,23.5,12.0,12.0,56.6,37.2,12.0,20.816666666666666,32.375,46.84166666666667
2026-03-06 06:00:00,28.8,33.6,13,956.6,8.0,31,0.0,6,4,3,33.3,14.5,28.1,57.5,36.8,31.9,24.366666666666664,30.433333333333334,46.67916666666667
2026-03-06 07:00:00,75.3,34.5,13,955.7,9.2,42,0.0,7,4,3,28.8,23.5,34.8,70.6,55.0,24.4,24.483333333333334,28.041666666666668,46.34583333333333
2026-03-06 08:00:00,27.4,34.9,13,954.6,9.4,47,0.0,8,4,3,75.3,33.3,12.0,35.5,74.8,60.6,31.23333333333333,28.433333333333326,47.19166666666666
2026-03-06 09:00:00,53.4,35.1,14,953.7,8.7,43,0.0,9,4,3,27.4,28.8,14.5,31.4,55.1,55.3,33.8,27.75833333333333,45.21666666666667
2026-03-06 10:00:00,76.0,35.1,14,953.1,7.9,35,0.0,10,4,3,53.4,75.3,23.5,12.0,44.5,33.6,40.28333333333333,29.591666666666665,45.145833333333336
2026-03-06 11:00:00,61.8,34.6,15,952.8,8.6,29,0.0,11,4,3,76.0,27.4,33.3,12.0,61.2,75.8,49.03333333333333,34.925,46.458333333333336
2026-03-06 12:00:00,74.5,33.5,17,953.2,9.4,32,0.0,12,4,3,61.8,53.4,28.8,28.1,60.8,77.7,53.78333333333333,39.074999999999996,46.48333333333334
2026-03-06 13:00:00,76.8,32.4,19,953.7,8.9,38,0.0,13,4,3,74.5,76.0,75.3,34.8,71.2,67.5,61.4,42.94166666666666,47.05416666666667
2026-03-06 14:00:00,63.1,31.1,22,954.3,8.5,54,0.0,14,4,3,76.8,61.8,27.4,12.0,74.4,72.2,61.65,46.44166666666666,47.2875
2026-03-06 15:00:00,69.0,30.0,25,955.0,6.5,60,0.0,15,4,3,63.1,74.5,53.4,14.5,97.3,78.0,67.6,50.699999999999996,46.81666666666666
2026-03-06 16:00:00,48.7,29.1,27,955.4,5.1,23,0.0,16,4,3,69.0,76.8,76.0,23.5,67.4,58.2,70.2,55.24166666666667,45.637499999999996
2026-03-06 17:00:00,57.4,28.7,27,955.0,4.4,99,0.0,17,4,3,48.7,63.1,61.8,33.3,56.6,48.0,65.64999999999999,57.34166666666667,44.85833333333333
2026-03-06 18:00:00,63.9,27.3,36,954.2,0.9,53,0.0,18,4,3,57.4,69.0,74.5,28.8,57.5,41.8,64.91666666666667,59.349999999999994,44.89166666666667
2026-03-06 19:00:00,38.4,27.1,29,953.9,2.8,288,0.0,19,4,3,63.9,48.7,76.8,75.3,70.6,32.2,63.15,62.275,45.15833333333333
2026-03-06 20:00:00,21.2,25.9,32,953.2,2.1,255,0.0,20,4,3,38.4,57.4,63.1,27.4,35.5,44.5,56.75,59.199999999999996,43.81666666666666
2026-03-06 21:00:00,31.0,23.8,40,952.5,7.6,265,0.0,21,4,3,21.2,63.9,69.0,53.4,31.4,36.4,49.76666666666667,58.68333333333334,43.22083333333333
2026-03-06 22:00:00,12.0,22.9,44,952.4,6.4,292,0.0,22,4,3,31.0,38.4,48.7,76.0,12.0,24.8,43.43333333333334,56.81666666666666,43.20416666666667
2026-03-06 23:00:00,12.0,22.8,45,952.3,5.1,274,0.0,23,4,3,12.0,21.2,57.4,61.8,12.0,31.2,37.31666666666667,51.48333333333333,43.20416666666667
2026-03-07 00:00:00,45.2,21.8,58,952.5,1.3,236,0.0,0,5,3,12.0,31.0,63.9,74.5,28.1,22.6,29.75,47.333333333333336,43.20416666666667
2026-03-07 01:00:00,25.6,21.6,59,953.5,4.5,272,0.0,1,5,3,45.2,12.0,38.4,76.8,34.8,19.8,26.633333333333336,44.89166666666667,43.916666666666664
2026-03-07 02:00:00,15.1,22.0,59,954.5,3.2,254,0.0,2,5,3,25.6,12.0,21.2,63.1,12.0,33.5,24.5,40.625,43.53333333333333
2026-03-07 03:00:00,40.6,26.8,39,956.0,1.7,283,0.0,3,5,3,15.1,45.2,31.0,69.0,14.5,20.4,23.483333333333334,36.625,43.662499999999994
2026-03-07 04:00:00,47.2,30.8,23,957.1,4.3,107,0.0,4,5,3,40.6,25.6,12.0,48.7,23.5,24.6,25.083333333333332,34.25833333333333,44.75
2026-03-07 05:00:00,27.7,32.6,19,957.2,8.3,77,0.0,5,5,3,47.2,15.1,12.0,57.4,33.3,37.2,30.950000000000003,34.13333333333333,45.737500000000004
2026-03-07 06:00:00,30.8,33.4,17,957.0,8.3,79,0.0,6,5,3,27.7,40.6,45.2,63.9,28.8,36.8,33.56666666666667,31.658333333333335,45.50416666666666
2026-03-07 07:00:00,49.8,34.5,16,956.2,8.4,70,0.0,7,5,3,30.8,47.2,25.6,38.4,75.3,55.0,31.166666666666668,28.899999999999995,45.587500000000006
2026-03-07 08:00:00,46.8,35.1,16,955.2,9.5,57,0.0,8,5,3,49.8,27.7,15.1,21.2,27.4,74.8,35.199999999999996,29.849999999999998,44.525
2026-03-07 09:00:00,57.3,35.3,16,954.2,9.8,41,0.0,9,5,3,46.8,30.8,40.6,31.0,53.4,55.1,40.483333333333334,31.983333333333334,45.333333333333336
2026-03-07 10:00:00,65.5,35.2,16,953.6,8.8,33,0.0,10,5,3,57.3,49.8,47.2,12.0,76.0,44.5,43.26666666666667,34.175000000000004,45.49583333333334
2026-03-07 11:00:00,69.4,34.8,17,953.6,8.2,38,0.0,11,5,3,65.5,46.8,27.7,12.0,61.8,61.2,46.31666666666666,38.63333333333333,45.05833333333334
2026-03-07 12:00:00,49.0,33.8,18,953.8,11.0,50,0.0,12,5,3,69.4,57.3,30.8,45.2,74.5,60.8,53.26666666666667,43.416666666666664,45.375
2026-03-07 13:00:00,80.1,32.8,19,954.3,8.7,53,0.0,13,5,3,49.0,65.5,49.8,25.6,76.8,71.2,56.29999999999999,43.73333333333333,44.3125
2026-03-07 14:00:00,82.3,31.5,22,955.1,6.4,79,0.0,14,5,3,80.1,69.4,46.8,15.1,63.1,74.4,61.349999999999994,48.275,44.449999999999996
2026-03-07 15:00:00,58.0,30.3,25,955.8,5.3,80,0.0,15,5,3,82.3,49.0,57.3,40.6,69.0,97.3,67.26666666666667,53.875,45.25
2026-03-07 16:00:00,80.8,29.4,27,956.3,3.6,110,0.0,16,5,3,58.0,80.1,65.5,47.2,48.7,67.4,67.38333333333334,55.324999999999996,44.791666666666664
2026-03-07 17:00:00,54.0,28.2,30,956.5,4.3,165,0.0,17,5,3,80.8,82.3,69.4,27.7,57.4,56.6,69.93333333333334,58.125,46.12916666666666
2026-03-07 18:00:00,43.8,26.7,34,956.1,3.8,211,0.0,18,5,3,54.0,58.0,49.0,30.8,63.9,57.5,67.36666666666667,60.31666666666666,45.987500000000004
2026-03-07 19:00:00,46.4,26.4,37,955.4,3.2,199,0.0,19,5,3,43.8,80.8,80.1,49.8,38.4,70.6,66.5,61.4,45.15
2026-03-07 20:00:00,35.8,25.8,39,954.5,2.1,329,0.0,20,5,3,46.4,54.0,82.3,46.8,21.2,35.5,60.88333333333333,61.11666666666667,45.48333333333334
2026-03-07 21:00:00,35.0,24.8,43,953.8,3.4,288,0.0,21,5,3,35.8,43.8,58.0,57.3,31.0,31.4,53.133333333333326,60.199999999999996,46.09166666666667
2026-03-07 22:00:00,12.0,24.0,48,953.7,5.4,194,0.0,22,5,3,35.0,46.4,80.8,65.5,12.0,12.0,49.29999999999999,58.34166666666667,46.25833333333333
2026-03-07 23:00:00,14.8,23.9,48,953.8,3.4,252,0.0,23,5,3,12.0,35.8,54.0,69.4,12.0,12.0,37.833333333333336,53.88333333333333,46.25833333333333
2026-03-08 00:00:00,26.1,23.0,56,953.8,1.4,40,0.0,0,6,3,14.8,35.0,43.8,49.0,45.2,28.1,31.299999999999997,49.333333333333336,46.375
2026-03-08 01:00:00,12.0,23.5,52,954.8,3.8,101,0.0,1,6,3,26.1,12.0,46.4,80.1,25.6,34.8,28.350000000000005,47.425000000000004,45.57916666666667
2026-03-08 02:00:00,28.5,23.6,51,955.7,2.0,360,0.0,2,6,3,12.0,14.8,35.8,82.3,15.1,12.0,22.61666666666667,41.75,45.01250000000001
2026-03-08 03:00:00,20.4,25.9,43,957.1,3.1,103,0.0,3,6,3,28.5,26.1,35.0,58.0,40.6,14.5,21.400000000000002,37.266666666666666,45.57083333333333
2026-03-08 04:00:00,44.7,28.5,38,957.8,4.6,101,0.0,4,6,3,20.4,12.0,12.0,80.8,47.2,23.5,18.966666666666665,34.13333333333333,44.729166666666664
2026-03-08 05:00:00,39.8,31.2,29,957.9,6.2,82,0.0,5,6,3,44.7,28.5,14.8,54.0,27.7,33.3,24.416666666666668,31.125,44.625
2026-03-08 06:00:00,83.2,32.0,26,957.6,8.4,71,0.0,6,6,3,39.8,20.4,26.1,43.8,30.8,28.8,28.583333333333332,29.941666666666666,45.12916666666666
2026-03-08 07:00:00,31.1,33.5,22,956.7,9.8,58,0.0,7,6,3,83.2,44.7,12.0,46.4,49.8,75.3,38.1,33.225,47.3125
2026-03-08 08:00:00,36.7,34.2,20,956.0,10.1,47,0.0,8,6,3,31.1,39.8,28.5,35.8,46.8,27.4,41.28333333333334,31.950000000000003,46.53333333333333
2026-03-08 09:00:00,56.7,34.5,20,954.7,9.6,41,0.0,9,6,3,36.7,83.2,20.4,35.0,57.3,53.4,42.65,32.025,46.112500000000004
2026-03-08 10:00:00,56.7,34.4,20,953.9,10.0,36,0.0,10,6,3,56.7,31.1,44.7,12.0,65.5,76.0,48.699999999999996,33.833333333333336,46.0875
2026-03-08 11:00:00,60.3,34.0,20,953.7,10.8,30,0.0,11,6,3,56.7,36.7,39.8,14.8,69.4,61.8,50.70000000000001,37.55833333333333,45.72083333333333
2026-03-08 12:00:00,60.2,32.9,22,954.1,11.5,44,0.0,12,6,3,60.3,56.7,83.2,26.1,49.0,74.5,54.11666666666667,41.35,45.34166666666667
2026-03-08 13:00:00,59.0,32.1,23,954.7,9.4,47,0.0,13,6,3,60.2,56.7,31.1,12.0,80.1,76.8,50.28333333333334,44.19166666666667,45.80833333333334
2026-03-08 14:00:00,61.0,30.5,31,955.5,6.9,65,0.0,14,6,3,59.0,60.3,36.7,28.5,82.3,63.1,54.93333333333334,48.10833333333334,44.92916666666667
2026-03-08 15:00:00,72.0,29.3,40,956.5,6.6,99,0.0,15,6,3,61.0,60.2,56.7,20.4,58.0,69.0,58.98333333333334,50.81666666666667,44.041666666666664
2026-03-08 16:00:00,58.2,28.2,45,956.7,5.1,108,0.0,16,6,3,72.0,59.0,56.7,44.7,80.8,48.7,61.53333333333334,55.116666666666674,44.625
2026-03-08 17:00:00,60.1,27.3,48,956.9,4.2,140,0.0,17,6,3,58.2,61.0,60.3,39.8,54.0,57.4,61.78333333333333,56.24166666666667,43.68333333333334
2026-03-08 18:00:00,57.8,26.1,54,956.6,2.8,165,0.0,18,6,3,60.1,72.0,60.2,83.2,43.8,63.9,61.75,57.93333333333334,43.9375
2026-03-08 19:00:00,60.7,25.6,57,956.4,3.8,177,0.0,19,6,3,57.8,58.2,59.0,31.1,46.4,38.4,61.349999999999994,55.81666666666667,44.520833333333336
2026-03-08 20:00:00,35.6,24.9,60,955.5,4.0,183,0.0,20,6,3,60.7,60.1,61.0,36.7,35.8,21.2,61.633333333333326,58.28333333333333,45.11666666666667
2026-03-08 21:00:00,45.1,24.1,65,954.6,3.0,284,0.0,21,6,3,35.6,57.8,72.0,56.7,35.0,31.0,57.4,58.19166666666667,45.10833333333333
2026-03-08 22:00:00,41.5,23.2,69,953.9,4.4,297,0.0,22,6,3,45.1,60.7,58.2,56.7,12.0,12.0,52.916666666666664,57.225,45.52916666666667
2026-03-08 23:00:00,25.4,22.5,74,953.9,3.4,302,0.0,23,6,3,41.5,35.6,60.1,60.3,14.8,12.0,50.13333333333333,55.958333333333336,46.75833333333333
2026-03-09 00:00:00,12.0,22.9,76,955.0,5.5,109,0.0,0,0,3,25.4,45.1,57.8,60.2,26.1,45.2,44.35,53.050000000000004,47.20000000000001
2026-03-09 01:00:00,25.3,22.9,74,955.7,7.2,109,0.0,1,0,3,12.0,41.5,60.7,59.0,12.0,25.6,36.71666666666667,49.03333333333333,46.61249999999999
2026-03-09 02:00:00,12.0,22.9,77,956.4,5.7,101,0.0,2,0,3,25.3,25.4,35.6,61.0,28.5,15.1,30.816666666666666,46.224999999999994,47.166666666666664
2026-03-09 03:00:00,23.2,24.6,72,957.5,5.6,84,0.0,3,0,3,12.0,12.0,45.1,72.0,20.4,40.6,26.883333333333336,42.14166666666667,46.479166666666664
2026-03-09 04:00:00,39.4,27.2,60,958.3,6.7,88,0.0,4,0,3,23.2,25.3,41.5,58.2,44.7,47.2,23.233333333333334,38.075,46.59583333333334
2026-03-09 05:00:00,41.2,30.0,45,958.4,6.4,98,0.0,5,0,3,39.4,12.0,25.4,60.1,39.8,27.7,22.883333333333336,36.50833333333333,46.375
2026-03-09 06:00:00,43.4,31.6,33,958.2,8.2,76,0.0,6,0,3,41.2,23.2,12.0,57.8,83.2,30.8,25.516666666666666,34.93333333333334,46.43333333333334
2026-03-09 07:00:00,57.5,33.1,26,957.4,9.9,68,0.0,7,0,3,43.4,39.4,25.3,60.7,31.1,49.8,30.75,33.733333333333334,44.775
2026-03-09 08:00:00,37.9,33.7,24,956.5,11.4,72,0.0,8,0,3,57.5,41.2,12.0,35.6,36.7,46.8,36.11666666666667,33.46666666666667,45.875
2026-03-09 09:00:00,40.6,33.6,25,955.6,12.5,72,0.0,9,0,3,37.9,43.4,23.2,45.1,56.7,57.3,40.43333333333333,33.65833333333333,45.925000000000004
2026-03-09 10:00:00,62.2,33.3,27,955.0,10.9,78,0.0,10,0,3,40.6,57.5,39.4,41.5,56.7,65.5,43.333333333333336,33.28333333333333,45.25416666666666
2026-03-09 11:00:00,83.6,32.8,29,954.7,11.4,85,0.0,11,0,3,62.2,37.9,41.2,25.4,60.3,69.4,47.13333333333333,35.00833333333333,45.48333333333333
2026-03-09 12:00:00,61.5,31.5,33,955.2,12.9,81,0.0,12,0,3,83.6,40.6,43.4,12.0,60.2,49.0,54.199999999999996,39.858333333333334,46.45416666666667
2026-03-09 13:00:00,60.0,30.4,40,956.0,11.2,87,0.0,13,0,3,61.5,62.2,57.5,25.3,59.0,80.1,57.21666666666666,43.98333333333333,46.50833333333333
2026-03-09 14:00:00,66.3,29.2,46,956.7,9.4,114,0.0,14,0,3,60.0,83.6,37.9,12.0,61.0,82.3,57.633333333333326,46.875,46.550000000000004
2026-03-09 15:00:00,65.0,28.1,51,957.6,8.6,123,0.0,15,0,3,66.3,61.5,40.6,23.2,72.0,58.0,62.36666666666667,51.4,46.770833333333336
2026-03-09 16:00:00,58.2,26.9,55,958.0,7.5,132,0.0,16,0,3,65.0,60.0,62.2,39.4,58.2,80.8,66.43333333333334,54.883333333333326,46.479166666666664
2026-03-09 17:00:00,30.1,26.2,58,958.0,7.5,145,0.0,17,0,3,58.2,66.3,83.6,41.2,60.1,54.0,65.76666666666667,56.449999999999996,46.479166666666664
2026-03-09 18:00:00,45.1,25.3,66,957.7,7.5,143,0.0,18,0,3,30.1,65.0,61.5,43.4,57.8,43.8,56.85,55.525000000000006,45.229166666666664
2026-03-09 19:00:00,49.2,24.7,70,957.2,6.8,143,0.0,19,0,3,45.1,58.2,60.0,57.5,60.7,46.4,54.116666666666674,55.666666666666664,44.70000000000001
2026-03-09 20:00:00,17.6,24.1,75,956.5,5.6,138,0.0,20,0,3,49.2,30.1,66.3,37.9,35.6,35.8,52.31666666666667,54.975,44.22083333333333
2026-03-09 21:00:00,47.9,23.7,78,956.1,3.5,102,0.0,21,0,3,17.6,45.1,65.0,40.6,45.1,35.0,44.199999999999996,53.28333333333333,43.47083333333333
2026-03-09 22:00:00,33.3,23.3,80,956.1,4.7,113,0.0,22,0,3,47.9,49.2,58.2,62.2,41.5,12.0,41.35,53.89166666666666,43.5875
2026-03-09 23:00:00,23.1,22.8,83,956.0,6.4,122,0.0,23,0,3,33.3,17.6,30.1,83.6,25.4,14.8,37.2,51.48333333333333,43.24583333333334
2026-03-10 00:00:00,15.6,22.4,84,956.8,6.3,117,0.0,0,1,3,23.1,47.9,45.1,61.5,12.0,26.1,36.03333333333333,46.44166666666666,43.15
2026-03-10 01:00:00,32.2,22.7,82,957.7,5.8,116,0.0,1,1,3,15.6,33.3,49.2,60.0,25.3,12.0,31.116666666666664,42.61666666666667,43.300000000000004
2026-03-10 02:00:00,12.0,23.2,78,958.7,5.5,117,0.0,2,1,3,32.2,23.1,17.6,66.3,12.0,28.5,28.283333333333335,40.300000000000004,43.587500000000006
2026-03-10 03:00:00,17.7,25.3,64,959.6,6.5,114,0.0,3,1,3,12.0,15.6,47.9,65.0,23.2,20.4,27.349999999999998,35.775000000000006,43.587500000000006
2026-03-10 04:00:00,28.0,27.7,48,960.3,8.4,124,0.0,4,1,3,17.7,32.2,33.3,58.2,39.4,44.7,22.316666666666666,31.83333333333334,43.35833333333333
2026-03-10 05:00:00,12.0,29.8,37,960.5,9.4,121,0.0,5,1,3,28.0,12.0,23.1,30.1,41.2,39.8,21.433333333333334,29.316666666666666,42.88333333333333
2026-03-10 06:00:00,37.6,30.8,34,960.2,9.7,117,0.0,6,1,3,12.0,17.7,15.6,45.1,43.4,83.2,19.583333333333336,27.808333333333337,41.666666666666664
2026-03-10 07:00:00,39.0,32.0,31,959.5,10.2,107,0.0,7,1,3,37.6,28.0,32.2,49.2,57.5,31.1,23.25,27.183333333333334,41.425000000000004
2026-03-10 08:00:00,63.1,32.5,31,958.5,10.7,104,0.0,8,1,3,39.0,12.0,12.0,17.6,37.9,36.7,24.383333333333336,26.333333333333332,40.65416666666667
2026-03-10 09:00:00,73.5,32.5,31,957.6,11.0,100,0.0,9,1,3,63.1,37.6,17.7,47.9,40.6,56.7,32.9,30.125,41.704166666666666
2026-03-10 10:00:00,54.7,32.2,31,956.9,11.2,100,0.0,10,1,3,73.5,39.0,28.0,33.3,62.2,56.7,42.2,32.25833333333333,43.074999999999996
2026-03-10 11:00:00,57.8,31.8,33,956.6,11.5,100,0.0,11,1,3,54.7,63.1,12.0,23.1,83.6,60.3,46.650000000000006,34.041666666666664,42.762499999999996
2026-03-10 12:00:00,79.3,30.5,37,956.6,11.4,114,0.0,12,1,3,57.8,73.5,37.6,15.6,61.5,60.2,54.28333333333334,36.93333333333333,41.6875
2026-03-10 13:00:00,65.2,29.6,41,957.5,10.1,119,0.0,13,1,3,79.3,54.7,39.0,32.2,60.0,59.0,61.23333333333333,42.24166666666667,42.42916666666667
2026-03-10 14:00:00,49.6,28.8,43,958.2,9.1,115,0.0,14,1,3,65.2,57.8,63.1,12.0,66.3,61.0,65.60000000000001,44.991666666666674,42.645833333333336
2026-03-10 15:00:00,72.0,28.1,46,958.8,7.6,108,0.0,15,1,3,49.6,79.3,73.5,17.7,65.0,72.0,63.35,48.125,41.949999999999996
2026-03-10 16:00:00,74.5,27.2,49,959.1,7.1,97,0.0,16,1,3,72.0,65.2,54.7,28.0,58.2,58.2,63.1,52.65,42.24166666666667
2026-03-10 17:00:00,74.5,26.5,52,958.7,5.8,97,0.0,17,1,3,74.5,49.6,57.8,12.0,30.1,60.1,66.39999999999999,56.525,42.92083333333334
2026-03-10 18:00:00,51.1,25.7,55,958.3,4.6,138,0.0,18,1,3,74.5,72.0,79.3,37.6,45.1,57.8,69.18333333333334,61.73333333333333,44.770833333333336
2026-03-10 19:00:00,32.3,25.2,57,957.5,5.2,153,0.0,19,1,3,51.1,74.5,65.2,39.0,49.2,60.7,64.48333333333333,62.85833333333333,45.02083333333334
2026-03-10 20:00:00,23.6,24.7,57,957.0,6.4,151,0.0,20,1,3,32.3,74.5,49.6,63.1,17.6,35.6,59.0,62.29999999999999,44.31666666666667
2026-03-10 21:00:00,30.7,24.1,53,956.6,5.6,159,0.0,21,1,3,23.6,51.1,72.0,73.5,47.9,45.1,54.666666666666664,59.00833333333333,44.56666666666666
2026-03-10 22:00:00,28.2,23.6,51,956.5,4.0,175,0.0,22,1,3,30.7,32.3,74.5,54.7,33.3,41.5,47.78333333333333,55.44166666666666,43.849999999999994
2026-03-10 23:00:00,31.4,23.1,53,956.5,3.8,175,0.0,23,1,3,28.2,23.6,74.5,57.8,23.1,25.4,40.06666666666667,53.23333333333333,43.637499999999996
2026-03-11 00:00:00,35.3,22.8,53,957.2,4.1,180,0.0,0,2,3,31.4,30.7,51.1,79.3,15.6,12.0,32.88333333333333,51.03333333333334,43.98333333333334
2026-03-11 01:00:00,26.4,23.1,52,957.7,6.4,188,0.0,1,2,3,35.3,28.2,32.3,65.2,32.2,25.3,30.25,47.36666666666667,44.80416666666667
2026-03-11 02:00:00,27.0,23.8,49,958.8,6.0,201,0.0,2,2,3,26.4,31.4,23.6,49.6,12.0,12.0,29.266666666666666,44.13333333333333,44.5625
2026-03-11 03:00:00,26.5,26.0,40,959.7,5.3,208,0.0,3,2,3,27.0,35.3,30.7,72.0,17.7,23.2,29.833333333333332,42.24999999999999,45.1875
2026-03-11 04:00:00,35.3,28.7,31,960.4,7.7,192,0.0,4,2,3,26.5,26.4,28.2,74.5,28.0,39.4,29.133333333333336,38.458333333333336,45.554166666666674
2026-03-11 05:00:00,28.1,30.8,25,960.6,6.8,183,0.0,5,2,3,35.3,27.0,31.4,74.5,12.0,41.2,30.316666666666663,35.19166666666667,45.85833333333334
2026-03-11 06:00:00,30.7,31.4,25,960.0,5.1,176,0.0,6,2,3,28.1,26.5,35.3,51.1,37.6,43.4,29.76666666666667,31.325,46.52916666666667
2026-03-11 07:00:00,64.3,33.0,23,959.0,4.2,140,0.0,7,2,3,30.7,35.3,26.4,32.3,39.0,57.5,29.0,29.625,46.24166666666667
2026-03-11 08:00:00,44.0,34.0,22,957.8,7.3,110,0.0,8,2,3,64.3,28.1,27.0,23.6,63.1,37.9,35.31666666666666,32.291666666666664,47.29583333333333
2026-03-11 09:00:00,62.6,34.3,22,956.6,12.3,87,0.0,9,2,3,44.0,30.7,26.5,30.7,73.5,40.6,38.15,33.99166666666667,46.5
2026-03-11 10:00:00,53.1,33.9,22,955.8,13.1,72,0.0,10,2,3,62.6,64.3,35.3,28.2,54.7,62.2,44.166666666666664,36.65,46.04583333333334
2026-03-11 11:00:00,69.9,33.5,22,955.6,10.7,70,0.0,11,2,3,53.1,44.0,28.1,31.4,57.8,83.6,47.13333333333333,38.725,45.979166666666664
2026-03-11 12:00:00,84.9,32.7,25,955.7,9.0,68,0.0,12,2,3,69.9,62.6,30.7,35.3,79.3,61.5,54.1,41.93333333333334,46.48333333333334
2026-03-11 13:00:00,53.6,31.8,27,956.2,9.3,71,0.0,13,2,3,84.9,53.1,64.3,26.4,65.2,60.0,63.13333333333333,46.06666666666666,46.71666666666667
2026-03-11 14:00:00,50.1,30.7,31,956.6,8.3,101,0.0,14,2,3,53.6,69.9,44.0,27.0,49.6,66.3,61.35,48.333333333333336,46.23333333333334
2026-03-11 15:00:00,73.6,29.4,34,957.3,7.5,110,0.0,15,2,3,50.1,84.9,62.6,26.5,72.0,65.0,62.36666666666667,50.25833333333333,46.25416666666666
2026-03-11 16:00:00,65.4,28.3,37,957.4,6.0,97,0.0,16,2,3,73.6,53.6,53.1,35.3,74.5,58.2,64.2,54.18333333333334,46.320833333333326
2026-03-11 17:00:00,63.3,27.6,39,957.3,5.2,121,0.0,17,2,3,65.4,50.1,69.9,28.1,74.5,30.1,66.25,56.69166666666666,45.94166666666666
2026-03-11 18:00:00,25.4,26.8,43,956.9,4.1,103,0.0,18,2,3,63.3,73.6,84.9,30.7,51.1,45.1,65.15,59.625,45.474999999999994
2026-03-11 19:00:00,32.6,26.5,44,956.4,4.3,147,0.0,19,2,3,25.4,65.4,53.6,64.3,32.3,49.2,55.23333333333333,59.18333333333334,44.40416666666667
2026-03-11 20:00:00,41.3,25.4,47,955.6,2.8,235,0.0,20,2,3,32.6,63.3,50.1,44.0,23.6,17.6,51.73333333333333,56.541666666666664,44.416666666666664
2026-03-11 21:00:00,32.5,24.0,55,954.9,5.1,287,0.0,21,2,3,41.3,25.4,73.6,62.6,30.7,47.9,50.26666666666667,56.31666666666667,45.15416666666666
2026-03-11 22:00:00,18.3,23.0,61,954.5,5.8,286,0.0,22,2,3,32.5,32.6,65.4,53.1,28.2,33.3,43.416666666666664,53.80833333333334,45.229166666666664
2026-03-11 23:00:00,12.0,22.2,65,954.0,5.7,252,0.0,23,2,3,18.3,41.3,63.3,69.9,31.4,23.1,35.56666666666667,50.90833333333333,44.81666666666667
2026-03-12 00:00:00,12.1,21.1,75,954.2,3.1,220,0.0,0,3,3,12.0,32.5,25.4,84.9,35.3,15.6,27.016666666666666,46.083333333333336,44.00833333333333
2026-03-12 01:00:00,12.0,21.5,73,955.0,4.4,235,0.0,1,3,3,12.1,18.3,32.6,53.6,26.4,32.2,24.799999999999997,40.016666666666666,43.041666666666664
2026-03-12 02:00:00,32.0,22.7,66,955.5,3.3,241,0.0,2,3,3,12.0,12.0,41.3,50.1,27.0,12.0,21.366666666666664,36.55,42.44166666666667
2026-03-12 03:00:00,42.6,27.2,48,956.7,0.6,236,0.0,3,3,3,32.0,12.1,32.5,73.6,26.5,17.7,19.816666666666666,35.041666666666664,42.65
2026-03-12 04:00:00,41.3,31.8,23,957.4,4.8,105,0.0,4,3,3,42.6,12.0,18.3,65.4,35.3,28.0,21.5,32.458333333333336,43.32083333333333
2026-03-12 05:00:00,42.5,33.7,17,957.5,8.7,85,0.0,5,3,3,41.3,32.0,12.0,63.3,28.1,12.0,25.333333333333332,30.45,43.57083333333333
2026-03-12 06:00:00,12.0,33.9,17,957.1,10.3,71,0.0,6,3,3,42.5,42.6,12.1,25.4,30.7,37.6,30.416666666666668,28.71666666666667,44.17083333333334
2026-03-12 07:00:00,59.1,34.8,17,956.1,10.3,65,0.0,7,3,3,12.0,41.3,12.0,32.6,64.3,39.0,30.400000000000002,27.600000000000005,43.39166666666667
2026-03-12 08:00:00,57.8,35.2,16,954.9,11.0,65,0.0,8,3,3,59.1,42.5,32.0,41.3,44.0,63.1,38.25,29.808333333333334,43.175000000000004
2026-03-12 09:00:00,27.4,35.3,16,954.0,11.4,71,0.0,9,3,3,57.8,12.0,42.6,32.5,62.6,73.5,42.550000000000004,31.183333333333334,43.75
2026-03-12 10:00:00,69.3,35.1,17,953.2,11.2,72,0.0,10,3,3,27.4,59.1,41.3,18.3,53.1,54.7,40.01666666666666,30.75833333333333,42.28333333333334
2026-03-12 11:00:00,61.5,34.6,18,953.2,9.4,70,0.0,11,3,3,69.3,57.8,42.5,12.0,69.9,57.8,44.68333333333334,35.00833333333333,42.958333333333336
2026-03-12 12:00:00,54.9,33.8,19,953.6,10.4,64,0.0,12,3,3,61.5,27.4,12.0,12.1,84.9,79.3,47.85,39.13333333333333,42.608333333333334
2026-03-12 13:00:00,44.8,33.0,20,954.0,8.0,81,0.0,13,3,3,54.9,69.3,59.1,12.0,53.6,65.2,55.0,42.699999999999996,41.358333333333334
2026-03-12 14:00:00,94.2,31.8,24,954.5,6.1,93,0.0,14,3,3,44.8,61.5,57.8,32.0,50.1,49.6,52.61666666666667,45.43333333333334,40.99166666666667
2026-03-12 15:00:00,57.4,30.6,28,955.1,5.9,78,0.0,15,3,3,94.2,54.9,27.4,42.6,73.6,72.0,58.68333333333334,50.61666666666667,42.82916666666667
2026-03-12 16:00:00,69.6,29.6,31,955.3,4.4,128,0.0,16,3,3,57.4,44.8,69.3,41.3,65.4,74.5,63.68333333333333,51.849999999999994,42.15416666666666
2026-03-12 17:00:00,47.8,28.3,33,955.3,4.4,171,0.0,17,3,3,69.6,94.2,61.5,42.5,63.3,74.5,63.73333333333333,54.208333333333336,42.329166666666666
2026-03-12 18:00:00,57.8,27.1,35,954.7,6.2,163,0.0,18,3,3,47.8,57.4,54.9,12.0,25.4,51.1,61.449999999999996,54.650000000000006,41.68333333333333
2026-03-12 19:00:00,37.6,27.3,33,954.1,5.4,186,0.0,19,3,3,57.8,69.6,44.8,59.1,32.6,32.3,61.93333333333334,58.46666666666667,43.03333333333333
2026-03-12 20:00:00,16.5,26.4,34,953.5,5.2,178,0.0,20,3,3,37.6,47.8,94.2,57.8,41.3,23.6,60.73333333333333,56.675000000000004,43.24166666666667
2026-03-12 21:00:00,12.0,25.7,35,952.7,3.8,180,0.0,21,3,3,16.5,57.8,57.4,27.4,32.5,30.7,47.78333333333333,53.23333333333334,42.208333333333336
2026-03-12 22:00:00,31.8,25.2,36,952.4,4.4,192,0.0,22,3,3,12.0,37.6,69.6,69.3,18.3,28.2,40.21666666666666,51.949999999999996,41.354166666666664
2026-03-12 23:00:00,12.0,24.6,38,952.3,6.0,201,0.0,23,3,3,31.8,16.5,47.8,61.5,12.0,31.4,33.916666666666664,48.824999999999996,41.916666666666664
2026-03-13 00:00:00,27.4,23.6,45,952.4,3.6,183,0.0,0,4,3,12.0,12.0,57.8,54.9,12.1,35.3,27.95,44.699999999999996,41.916666666666664
2026-03-13 01:00:00,30.5,24.8,39,953.3,2.5,300,0.0,1,4,3,27.4,31.8,37.6,44.8,12.0,26.4,22.883333333333336,42.40833333333334,42.55416666666667
2026-03-13 02:00:00,34.0,24.7,42,954.0,1.5,324,0.0,2,4,3,30.5,12.0,16.5,94.2,32.0,27.0,21.700000000000003,41.21666666666667,43.324999999999996
2026-03-13 03:00:00,32.5,28.7,31,955.5,1.3,106,0.0,3,4,3,34.0,27.4,12.0,57.4,42.6,26.5,24.616666666666664,36.199999999999996,43.40833333333333
2026-03-13 04:00:00,48.4,32.2,20,956.3,2.7,138,0.0,4,4,3,32.5,30.5,31.8,69.6,41.3,35.3,28.03333333333333,34.125,42.987500000000004
2026-03-13 05:00:00,47.0,34.3,15,956.3,5.0,105,0.0,5,4,3,48.4,34.0,12.0,47.8,42.5,28.1,30.799999999999997,32.35833333333333,43.28333333333333
2026-03-13 06:00:00,47.0,34.9,13,955.6,6.3,93,0.0,6,4,3,47.0,32.5,27.4,57.8,12.0,30.7,36.63333333333333,32.291666666666664,43.47083333333333
2026-03-13 07:00:00,41.8,35.9,13,954.7,9.4,82,0.0,7,4,3,47.0,48.4,30.5,37.6,59.1,64.3,39.9,31.391666666666666,44.92916666666667
2026-03-13 08:00:00,50.2,36.1,13,953.8,13.2,73,0.0,8,4,3,41.8,47.0,34.0,16.5,57.8,44.0,41.78333333333333,31.741666666666664,44.208333333333336
2026-03-13 09:00:00,29.1,35.9,13,952.9,14.6,70,0.0,9,4,3,50.2,47.0,32.5,12.0,27.4,62.6,44.48333333333333,34.55,43.89166666666667
2026-03-13 10:00:00,55.6,35.6,14,952.5,12.8,75,0.0,10,4,3,29.1,41.8,48.4,31.8,69.3,53.1,43.916666666666664,35.975,43.9625
2026-03-13 11:00:00,76.1,35.0,16,952.5,11.4,83,0.0,11,4,3,55.6,50.2,47.0,12.0,61.5,69.9,45.11666666666667,37.958333333333336,43.39166666666667
2026-03-13 12:00:00,70.1,34.2,18,952.7,13.0,76,0.0,12,4,3,76.1,29.1,47.0,27.4,54.9,84.9,49.96666666666667,43.300000000000004,44.0
2026-03-13 13:00:00,63.2,33.2,21,953.2,12.1,95,0.0,13,4,3,70.1,55.6,41.8,30.5,44.8,53.6,53.81666666666666,46.85833333333333,44.63333333333333
2026-03-13 14:00:00,52.1,31.7,26,954.0,11.1,106,0.0,14,4,3,63.2,76.1,50.2,34.0,94.2,50.1,57.38333333333333,49.583333333333336,45.400000000000006
2026-03-13 15:00:00,32.2,30.1,31,954.6,9.5,127,0.0,15,4,3,52.1,70.1,29.1,32.5,57.4,73.6,57.699999999999996,51.09166666666667,43.645833333333336
2026-03-13 16:00:00,65.2,29.2,35,954.8,7.6,133,0.0,16,4,3,32.2,63.2,55.6,48.4,69.6,65.4,58.21666666666667,51.06666666666666,42.59583333333334
2026-03-13 17:00:00,37.3,28.5,36,954.8,7.8,124,0.0,17,4,3,65.2,52.1,76.1,47.0,47.8,63.3,59.81666666666667,52.46666666666667,42.4125
2026-03-13 18:00:00,42.1,27.1,42,954.9,10.3,131,0.0,18,4,3,37.3,32.2,70.1,47.0,57.8,25.4,53.35,51.65833333333333,41.975
2026-03-13 19:00:00,23.0,25.8,53,954.6,9.3,156,0.0,19,4,3,42.1,65.2,63.2,41.8,37.6,32.6,48.68333333333334,51.25,41.32083333333333
2026-03-13 20:00:00,31.4,25.2,58,954.4,7.7,152,0.0,20,4,3,23.0,37.3,52.1,50.2,16.5,41.3,41.98333333333334,49.68333333333334,40.7125
2026-03-13 21:00:00,27.6,24.6,61,953.8,7.2,155,0.0,21,4,3,31.4,42.1,32.2,29.1,12.0,32.5,38.53333333333333,48.11666666666667,41.333333333333336
2026-03-13 22:00:00,12.0,24.3,59,953.7,6.8,178,0.0,22,4,3,27.6,23.0,65.2,55.6,31.8,18.3,37.76666666666667,47.99166666666667,41.983333333333334
2026-03-13 23:00:00,12.0,24.3,56,953.5,7.6,202,0.0,23,4,3,12.0,31.4,37.3,76.1,12.0,12.0,28.900000000000002,44.35833333333333,41.15833333333334
2026-03-14 00:00:00,14.9,23.9,61,953.8,6.4,209,0.0,0,5,3,12.0,27.6,42.1,70.1,27.4,12.1,24.683333333333337,39.016666666666666,41.15833333333334
2026-03-14 01:00:00,12.0,23.9,61,954.7,6.6,221,0.0,1,5,3,14.9,12.0,23.0,63.2,30.5,12.0,20.15,34.41666666666667,40.6375
2026-03-14 02:00:00,12.0,24.5,59,955.6,5.1,234,0.0,2,5,3,12.0,12.0,31.4,52.1,34.0,32.0,18.316666666666666,30.150000000000002,39.86666666666667
2026-03-14 03:00:00,43.3,27.2,48,956.8,2.9,210,0.0,3,5,3,12.0,14.9,27.6,32.2,32.5,42.6,15.083333333333334,26.808333333333337,38.95
2026-03-14 04:00:00,14.0,30.4,37,957.7,5.3,188,0.0,4,5,3,43.3,12.0,12.0,65.2,48.4,41.3,17.7,27.73333333333333,39.4
2026-03-14 05:00:00,45.8,32.7,27,957.8,8.5,178,0.0,5,5,3,14.0,12.0,12.0,37.3,47.0,42.5,18.03333333333333,23.46666666666667,37.96666666666666
2026-03-14 06:00:00,44.3,33.4,24,957.3,10.7,173,0.0,6,5,3,45.8,43.3,14.9,42.1,47.0,12.0,23.666666666666668,24.174999999999997,37.916666666666664
2026-03-14 07:00:00,62.2,34.6,20,956.5,9.5,169,0.0,7,5,3,44.3,14.0,12.0,23.0,41.8,59.1,28.566666666666663,24.35833333333333,37.80416666666667
2026-03-14 08:00:00,35.0,35.5,17,955.6,7.9,160,0.0,8,5,3,62.2,45.8,12.0,31.4,50.2,57.8,36.93333333333333,27.625,38.65416666666667
2026-03-14 09:00:00,50.1,35.4,17,954.4,9.7,161,0.0,9,5,3,35.0,44.3,43.3,27.6,29.1,27.4,40.766666666666666,27.925,38.020833333333336
2026-03-14 10:00:00,68.3,35.4,17,953.9,10.1,164,0.0,10,5,3,50.1,62.2,14.0,12.0,55.6,69.3,41.9,29.799999999999997,38.895833333333336
2026-03-14 11:00:00,79.4,34.7,18,953.5,10.1,158,0.0,11,5,3,68.3,35.0,45.8,12.0,76.1,61.5,50.949999999999996,34.49166666666667,39.425000000000004
2026-03-14 12:00:00,52.4,33.9,19,953.7,11.1,151,0.0,12,5,3,79.4,50.1,44.3,14.9,70.1,54.9,56.550000000000004,40.10833333333333,39.5625
2026-03-14 13:00:00,78.1,32.5,24,954.7,12.3,130,0.0,13,5,3,52.4,68.3,62.2,12.0,63.2,44.8,57.9,43.23333333333333,38.824999999999996
2026-03-14 14:00:00,55.0,31.7,28,955.4,12.6,117,0.0,14,5,3,78.1,79.4,35.0,12.0,52.1,94.2,60.54999999999999,48.74166666666667,39.44583333333333
2026-03-14 15:00:00,46.7,30.8,30,956.1,12.0,120,0.0,15,5,3,55.0,52.4,50.1,43.3,32.2,57.4,63.883333333333326,52.324999999999996,39.56666666666667
2026-03-14 16:00:00,48.7,29.7,33,956.4,11.5,110,0.0,16,5,3,46.7,78.1,68.3,14.0,65.2,69.6,63.31666666666666,52.60833333333333,40.170833333333334
2026-03-14 17:00:00,30.5,28.0,42,956.5,11.6,126,0.0,17,5,3,48.7,55.0,79.4,45.8,37.3,47.8,60.050000000000004,55.5,39.483333333333334
2026-03-14 18:00:00,30.9,26.6,46,956.3,9.8,140,0.0,18,5,3,30.5,46.7,52.4,44.3,42.1,57.8,51.9,54.225,39.199999999999996
2026-03-14 19:00:00,21.2,25.8,52,955.8,8.4,137,0.0,19,5,3,30.9,48.7,78.1,62.2,23.0,37.6,48.31666666666666,53.10833333333334,38.73333333333333
2026-03-14 20:00:00,39.3,25.0,58,955.4,5.1,122,0.0,20,5,3,21.2,30.5,55.0,35.0,31.4,16.5,38.833333333333336,49.69166666666666,38.65833333333333
2026-03-14 21:00:00,25.9,24.5,61,955.0,5.9,104,0.0,21,5,3,39.3,30.9,46.7,50.1,27.6,12.0,36.21666666666667,50.050000000000004,38.9875
2026-03-14 22:00:00,14.2,23.8,66,954.7,6.4,98,0.0,22,5,3,25.9,21.2,48.7,68.3,12.0,31.8,32.75,48.03333333333333,38.916666666666664
2026-03-14 23:00:00,12.0,23.3,70,954.8,6.0,111,0.0,23,5,3,14.2,39.3,30.5,79.4,12.0,12.0,27.0,43.525,39.00833333333333
2026-03-15 00:00:00,30.2,22.8,76,955.1,4.4,117,0.0,0,6,3,12.0,25.9,30.9,52.4,14.9,27.4,23.916666666666668,37.90833333333334,39.00833333333333
2026-03-15 01:00:00,12.0,23.0,74,955.9,3.6,162,0.0,1,6,3,30.2,14.2,21.2,78.1,12.0,30.5,23.799999999999997,36.05833333333333,39.645833333333336
2026-03-15 02:00:00,19.5,23.9,68,957.0,3.8,199,0.0,2,6,3,12.0,12.0,39.3,55.0,12.0,34.0,22.266666666666666,30.55,39.645833333333336
2026-03-15 03:00:00,30.1,25.4,58,958.4,6.1,230,0.0,3,6,3,19.5,30.2,25.9,46.7,43.3,32.5,18.966666666666665,27.59166666666667,39.958333333333336
2026-03-15 04:00:00,37.0,28.0,47,959.0,7.3,203,0.0,4,6,3,30.1,12.0,14.2,48.7,14.0,48.4,19.666666666666668,26.208333333333332,39.40833333333334
2026-03-15 05:00:00,13.1,31.1,32,959.0,11.8,200,0.0,5,6,3,37.0,19.5,12.0,30.5,45.8,47.0,23.46666666666667,25.233333333333334,40.36666666666667
2026-03-15 06:00:00,17.8,31.7,28,958.4,14.7,197,0.0,6,6,3,13.1,30.1,30.2,30.9,44.3,47.0,23.650000000000002,23.78333333333333,39.00416666666666
2026-03-15 07:00:00,45.4,33.1,24,957.4,13.6,198,0.0,7,6,3,17.8,37.0,12.0,21.2,62.2,41.8,21.583333333333332,22.691666666666663,37.9
2026-03-15 08:00:00,35.5,33.8,22,956.2,10.8,198,0.0,8,6,3,45.4,13.1,19.5,39.3,35.0,50.2,27.150000000000002,24.708333333333332,37.199999999999996
2026-03-15 09:00:00,59.1,33.8,22,954.9,10.4,200,0.0,9,6,3,35.5,17.8,30.1,25.9,50.1,29.1,29.816666666666666,24.391666666666666,37.22083333333333
2026-03-15 10:00:00,78.4,33.9,21,954.2,10.2,201,0.0,10,6,3,59.1,45.4,37.0,14.2,68.3,55.6,34.65,27.15833333333333,37.59583333333334
2026-03-15 11:00:00,77.9,33.8,21,953.8,9.1,201,0.0,11,6,3,78.4,35.5,13.1,12.0,79.4,76.1,41.550000000000004,32.50833333333333,38.016666666666666
2026-03-15 12:00:00,66.3,33.2,22,953.8,11.0,199,0.0,12,6,3,77.9,59.1,17.8,30.2,52.4,70.1,52.35,38.0,37.954166666666666
2026-03-15 13:00:00,70.7,32.6,23,954.0,8.9,198,0.0,13,6,3,66.3,78.4,45.4,12.0,78.1,63.2,60.43333333333334,41.00833333333333,38.53333333333334
2026-03-15 14:00:00,58.2,30.8,30,954.8,10.0,157,0.0,14,6,3,70.7,77.9,35.5,19.5,55.0,52.1,64.65,45.900000000000006,38.225
2026-03-15 15:00:00,67.7,29.6,31,955.4,8.2,170,0.0,15,6,3,58.2,66.3,59.1,30.1,46.7,32.2,68.43333333333334,49.125,38.358333333333334
2026-03-15 16:00:00,60.7,29.2,29,956.0,6.8,168,0.0,16,6,3,67.7,70.7,78.4,37.0,48.7,65.2,69.86666666666667,52.25833333333333,39.23333333333333
2026-03-15 17:00:00,60.4,28.3,31,956.4,6.7,117,0.0,17,6,3,60.7,58.2,77.9,13.1,30.5,37.3,66.91666666666667,54.23333333333334,39.733333333333334
2026-03-15 18:00:00,48.8,27.7,34,956.6,9.4,342,0.0,18,6,3,60.4,67.7,66.3,17.8,30.9,42.1,64.0,58.175000000000004,40.979166666666664
2026-03-15 19:00:00,26.5,25.6,49,956.4,9.3,19,0.0,19,6,3,48.8,60.7,70.7,45.4,21.2,23.0,61.083333333333336,60.75833333333333,41.725
2026-03-15 20:00:00,12.3,24.8,53,955.5,6.1,47,0.0,20,6,3,26.5,60.4,58.2,35.5,39.3,31.4,53.71666666666667,59.18333333333334,41.94583333333333
2026-03-15 21:00:00,12.8,24.6,53,954.5,5.4,86,0.0,21,6,3,12.3,48.8,67.7,59.1,25.9,27.6,46.06666666666667,57.25000000000001,40.82083333333333
2026-03-15 22:00:00,12.0,24.6,53,953.9,7.5,132,0.0,22,6,3,12.8,26.5,60.7,78.4,14.2,12.0,36.916666666666664,53.39166666666667,40.275
2026-03-15 23:00:00,12.0,24.0,57,953.6,8.2,122,0.0,23,6,3,12.0,12.3,60.4,77.9,12.0,12.0,28.8,47.85833333333333,40.18333333333334
2026-03-16 00:00:00,18.7,23.6,64,953.7,4.8,101,0.0,0,0,3,12.0,12.8,48.8,66.3,30.2,14.9,20.733333333333334,42.36666666666667,40.18333333333334
2026-03-16 01:00:00,19.3,23.6,68,954.4,4.5,151,0.0,1,0,3,18.7,12.0,26.5,70.7,12.0,12.0,15.716666666666667,38.4,39.704166666666666
2026-03-16 02:00:00,12.0,24.1,66,955.2,4.4,125,0.0,2,0,3,19.3,12.0,12.3,58.2,19.5,12.0,14.516666666666667,34.11666666666667,40.00833333333333
2026-03-16 03:00:00,30.7,26.1,57,956.5,3.8,109,0.0,3,0,3,12.0,18.7,12.8,67.7,30.1,43.3,14.466666666666667,30.266666666666666,39.69583333333333
2026-03-16 04:00:00,31.1,28.8,44,957.2,4.4,145,0.0,4,0,3,30.7,19.3,12.0,60.7,37.0,14.0,17.45,27.183333333333334,39.72083333333333
2026-03-16 05:00:00,53.0,31.4,32,957.3,6.8,178,0.0,5,0,3,31.1,12.0,12.0,60.4,13.1,45.8,20.633333333333333,24.71666666666667,39.475
2026-03-16 06:00:00,46.9,31.8,29,957.0,9.6,189,0.0,6,0,3,53.0,30.7,18.7,48.8,17.8,44.3,27.46666666666667,24.099999999999998,41.1375
2026-03-16 07:00:00,38.6,33.0,26,956.1,10.5,199,0.0,7,0,3,46.9,31.1,19.3,26.5,45.4,62.2,32.166666666666664,23.941666666666666,42.35
2026-03-16 08:00:00,43.8,33.4,25,954.8,9.4,222,0.0,8,0,3,38.6,53.0,12.0,12.3,35.5,35.0,35.38333333333333,24.95,42.06666666666667
2026-03-16 09:00:00,65.1,33.3,25,953.8,9.8,221,0.0,9,0,3,43.8,46.9,30.7,12.8,59.1,50.1,40.68333333333333,27.575,42.4125
2026-03-16 10:00:00,48.2,33.2,25,953.3,8.2,218,0.1,10,0,3,65.1,38.6,31.1,12.0,78.4,68.3,46.416666666666664,31.933333333333337,42.6625
2026-03-16 11:00:00,43.0,30.0,36,953.4,13.4,265,0.2,11,0,3,48.2,43.8,53.0,12.0,77.9,79.4,49.26666666666666,34.95,41.40416666666667
2026-03-16 12:00:00,95.5,32.5,22,952.8,2.0,360,0.0,12,0,3,43.0,65.1,46.9,18.7,66.3,52.4,47.599999999999994,37.53333333333333,39.95
2026-03-16 13:00:00,97.8,30.7,28,953.9,4.0,339,0.0,13,0,3,95.5,48.2,38.6,19.3,70.7,78.1,55.699999999999996,43.93333333333333,41.166666666666664
2026-03-16 14:00:00,93.2,30.3,34,954.8,2.4,297,0.0,14,0,3,97.8,43.0,43.8,12.0,58.2,55.0,65.56666666666666,50.475,42.295833333333334
2026-03-16 15:00:00,56.0,26.7,49,955.8,13.9,43,0.0,15,0,3,93.2,95.5,65.1,30.7,67.7,46.7,73.8,57.24166666666667,43.75416666666666
2026-03-16 16:00:00,37.3,25.7,50,955.6,5.4,98,0.0,16,0,3,56.0,97.8,48.2,31.1,60.7,48.7,72.28333333333333,59.349999999999994,43.26666666666666
2026-03-16 17:00:00,44.2,26.0,48,955.3,9.2,110,0.0,17,0,3,37.3,93.2,43.0,53.0,60.4,30.5,70.46666666666667,59.86666666666667,42.291666666666664
2026-03-16 18:00:00,28.5,26.7,45,955.1,11.3,144,0.0,18,0,3,44.2,56.0,95.5,46.9,48.8,30.9,70.66666666666667,59.133333333333326,41.61666666666667
2026-03-16 19:00:00,14.2,25.8,51,954.7,10.7,150,0.0,19,0,3,28.5,37.3,97.8,38.6,26.5,21.2,59.5,57.599999999999994,40.770833333333336
2026-03-16 20:00:00,18.1,24.7,57,953.7,9.6,146,0.0,20,0,3,14.2,44.2,93.2,43.8,12.3,39.3,45.56666666666666,55.56666666666666,40.25833333333333
2026-03-16 21:00:00,12.0,24.3,56,953.3,8.1,137,0.0,21,0,3,18.1,28.5,56.0,65.1,12.8,25.9,33.050000000000004,53.425000000000004,40.5
2026-03-16 22:00:00,12.0,23.6,58,953.1,7.3,120,0.0,22,0,3,12.0,14.2,37.3,48.2,12.0,14.2,25.71666666666667,49.0,40.46666666666667
2026-03-16 23:00:00,12.0,23.0,60,953.2,6.4,122,0.0,23,0,3,12.0,18.1,44.2,43.0,12.0,12.0,21.5,45.98333333333334,40.46666666666667
2026-03-17 00:00:00,12.0,22.3,72,953.2,6.0,117,0.0,0,1,3,12.0,12.0,28.5,95.5,18.7,30.2,16.133333333333333,43.4,40.46666666666667
2026-03-17 01:00:00,12.0,22.3,72,954.2,4.5,140,0.0,1,1,3,12.0,12.0,14.2,97.8,19.3,12.0,13.383333333333333,36.44166666666667,40.1875
2026-03-17 02:00:00,25.5,22.9,68,955.2,5.1,172,0.0,2,1,3,12.0,12.0,18.1,93.2,12.0,19.5,13.016666666666666,29.291666666666668,39.88333333333333
2026-03-17 03:00:00,30.0,24.7,59,956.5,4.1,182,0.0,3,1,3,25.5,12.0,12.0,56.0,30.7,30.1,14.25,23.650000000000002,40.44583333333333
2026-03-17 04:00:00,22.1,27.1,49,957.2,4.7,198,0.0,4,1,3,30.0,12.0,12.0,37.3,31.1,37.0,17.25,21.483333333333334,40.416666666666664
2026-03-17 05:00:00,49.9,29.2,41,957.2,6.5,208,0.0,5,1,3,22.1,25.5,12.0,44.2,53.0,13.1,18.933333333333334,20.216666666666665,40.041666666666664
2026-03-17 06:00:00,33.8,30.9,35,956.7,5.7,169,0.0,6,1,3,49.9,30.0,12.0,28.5,46.9,17.8,25.25,20.691666666666666,39.9125
2026-03-17 07:00:00,69.8,31.0,31,955.9,7.8,185,0.0,7,1,3,33.8,22.1,12.0,14.2,38.6,45.4,28.883333333333336,21.133333333333336,39.36666666666667
2026-03-17 08:00:00,67.6,30.4,30,954.9,6.7,185,0.0,8,1,3,69.8,49.9,25.5,18.1,43.8,35.5,38.516666666666666,25.766666666666666,40.666666666666664
2026-03-17 09:00:00,54.3,30.5,31,954.2,5.9,153,0.0,9,1,3,67.6,33.8,30.0,12.0,65.1,59.1,45.53333333333333,29.891666666666662,41.65833333333333
2026-03-17 10:00:00,78.2,30.4,29,953.4,2.9,210,0.4,10,1,3,54.3,69.8,22.1,12.0,48.2,78.4,49.583333333333336,33.416666666666664,41.208333333333336
2026-03-17 11:00:00,94.8,30.0,31,953.7,6.3,204,0.0,11,1,3,78.2,67.6,49.9,12.0,43.0,77.9,58.93333333333333,38.93333333333333,42.458333333333336
2026-03-17 12:00:00,53.8,29.2,41,952.7,9.3,122,0.0,12,1,3,94.8,54.3,33.8,12.0,95.5,66.3,66.41666666666667,45.833333333333336,44.61666666666667
2026-03-17 13:00:00,53.0,28.6,41,953.6,7.0,132,0.0,13,1,3,53.8,78.2,69.8,12.0,97.8,70.7,69.75,49.31666666666666,42.87916666666666
2026-03-17 14:00:00,53.2,27.5,44,954.4,8.3,110,0.0,14,1,3,53.0,94.8,67.6,25.5,93.2,58.2,66.95,52.73333333333333,41.012499999999996
2026-03-17 15:00:00,81.0,26.4,50,955.1,7.2,129,0.0,15,1,3,53.2,53.8,54.3,30.0,56.0,67.7,64.55,55.041666666666664,39.34583333333333
2026-03-17 16:00:00,67.7,25.5,54,955.7,6.4,115,0.0,16,1,3,81.0,53.0,78.2,22.1,37.3,60.7,69.0,59.291666666666664,40.387499999999996
2026-03-17 17:00:00,45.3,24.8,57,956.2,8.6,102,0.0,17,1,3,67.7,53.2,94.8,49.9,44.2,60.4,67.25,63.09166666666666,41.65416666666667
2026-03-17 18:00:00,47.2,24.7,64,956.4,7.4,119,0.0,18,1,3,45.3,81.0,53.8,33.8,28.5,48.8,59.0,62.708333333333336,41.699999999999996
2026-03-17 19:00:00,12.0,22.9,70,956.9,15.1,200,0.0,19,1,3,47.2,67.7,53.0,69.8,14.2,26.5,57.900000000000006,63.824999999999996,42.479166666666664
2026-03-17 20:00:00,20.1,21.5,76,955.6,8.4,205,0.0,20,1,3,12.0,45.3,53.2,67.6,18.1,12.3,51.06666666666666,59.008333333333326,42.387499999999996
2026-03-17 21:00:00,12.0,21.0,79,954.9,12.8,232,0.7,21,1,3,20.1,47.2,81.0,54.3,12.0,12.8,45.550000000000004,55.050000000000004,42.47083333333333
2026-03-17 22:00:00,12.0,20.6,78,954.7,11.8,220,0.7,22,1,3,12.0,12.0,67.7,78.2,12.0,12.0,34.05,51.525,42.47083333333333
2026-03-17 23:00:00,12.0,20.6,80,954.9,10.2,231,1.0,23,1,3,12.0,20.1,45.3,94.8,12.0,12.0,24.766666666666666,46.00833333333333,42.47083333333333
2026-03-18 00:00:00,12.0,20.4,81,955.6,8.8,250,0.9,0,2,3,12.0,12.0,47.2,53.8,12.0,18.7,19.21666666666667,39.108333333333334,42.47083333333333
2026-03-18 01:00:00,12.0,20.6,78,955.1,6.4,112,0.2,1,2,3,12.0,12.0,12.0,53.0,12.0,19.3,13.35,35.625,42.47083333333333
2026-03-18 02:00:00,14.6,20.7,76,955.7,8.7,95,0.2,2,2,3,12.0,12.0,20.1,53.2,25.5,12.0,13.35,32.208333333333336,42.47083333333333
2026-03-18 03:00:00,51.0,21.6,73,956.8,3.2,196,0.0,3,2,3,14.6,12.0,12.0,81.0,30.0,30.7,12.433333333333332,28.99166666666667,42.016666666666666
2026-03-18 04:00:00,29.8,23.1,65,958.1,3.4,25,0.1,4,2,3,51.0,12.0,12.0,67.7,22.1,31.1,18.933333333333334,26.49166666666667,42.89166666666667
2026-03-18 05:00:00,28.7,25.2,49,958.1,6.5,96,0.0,5,2,3,29.8,14.6,12.0,45.3,49.9,53.0,21.900000000000002,23.333333333333332,43.2125
2026-03-18 06:00:00,12.0,23.2,66,958.8,13.7,21,0.0,6,2,3,28.7,51.0,12.0,47.2,33.8,46.9,24.683333333333334,21.95,42.329166666666666
2026-03-18 07:00:00,35.8,25.6,55,957.8,13.4,68,0.0,7,2,3,12.0,29.8,12.0,12.0,69.8,38.6,24.683333333333334,19.016666666666666,41.420833333333334
2026-03-18 08:00:00,51.6,27.0,44,956.9,12.4,89,0.0,8,2,3,35.8,28.7,14.6,20.1,67.6,43.8,28.650000000000002,21.0,40.00416666666666
2026-03-18 09:00:00,30.2,27.8,42,956.0,8.0,117,0.0,9,2,3,51.6,12.0,51.0,12.0,54.3,65.1,34.81666666666667,23.625,39.3375
2026-03-18 10:00:00,71.2,27.7,42,954.9,7.4,97,0.0,10,2,3,30.2,35.8,29.8,12.0,78.2,48.2,31.349999999999998,25.141666666666666,38.333333333333336
2026-03-18 11:00:00,87.9,27.7,40,954.7,6.4,106,0.0,11,2,3,71.2,51.6,28.7,12.0,94.8,43.0,38.25,30.075,38.041666666666664
2026-03-18 12:00:00,50.3,26.7,45,954.1,10.6,109,0.0,12,2,3,87.9,30.2,12.0,12.0,53.8,95.5,48.116666666666674,36.4,37.75416666666667
2026-03-18 13:00:00,69.7,25.8,50,955.0,8.4,113,0.0,13,2,3,50.3,71.2,35.8,12.0,53.0,97.8,54.5,39.59166666666667,37.608333333333334
2026-03-18 14:00:00,57.2,24.8,55,955.6,8.9,115,0.0,14,2,3,69.7,87.9,51.6,14.6,53.2,93.2,60.15,44.4,38.30416666666667
2026-03-18 15:00:00,56.8,23.9,59,956.7,8.9,99,0.0,15,2,3,57.2,50.3,30.2,51.0,81.0,56.0,61.083333333333336,47.949999999999996,38.47083333333333
2026-03-18 16:00:00,71.4,23.1,62,957.5,8.6,90,0.0,16,2,3,56.8,69.7,71.2,29.8,67.7,37.3,65.51666666666667,48.43333333333334,37.4625
2026-03-18 17:00:00,32.6,22.2,65,957.9,8.6,92,0.0,17,2,3,71.4,57.2,87.9,28.7,45.3,44.2,65.55,51.900000000000006,37.61666666666667
2026-03-18 18:00:00,41.6,21.6,70,956.9,7.5,117,0.0,18,2,3,32.6,56.8,50.3,12.0,47.2,28.5,56.333333333333336,52.225,37.0875
2026-03-18 19:00:00,24.4,21.1,78,956.5,6.6,131,0.0,19,2,3,41.6,71.4,69.7,35.8,12.0,14.2,54.88333333333333,54.69166666666666,36.85416666666667
2026-03-18 20:00:00,27.1,20.8,83,956.0,5.8,150,0.0,20,2,3,24.4,32.6,57.2,51.6,20.1,18.1,47.33333333333334,53.741666666666674,37.37083333333333
2026-03-18 21:00:00,24.7,20.8,84,955.5,3.4,137,0.0,21,2,3,27.1,41.6,56.8,30.2,12.0,12.0,42.31666666666666,51.699999999999996,37.6625
2026-03-18 22:00:00,25.0,20.5,88,954.9,2.4,153,0.0,22,2,3,24.7,24.4,71.4,71.2,12.0,12.0,36.96666666666667,51.24166666666667,38.19166666666667
2026-03-18 23:00:00,25.0,20.5,87,955.0,3.3,189,0.0,23,2,3,25.0,27.1,32.6,87.9,12.0,12.0,29.233333333333334,47.39166666666667,38.733333333333334
2026-03-19 00:00:00,25.3,19.8,87,955.7,3.8,197,0.0,0,3,3,25.0,24.7,41.6,50.3,12.0,12.0,27.96666666666667,42.15,39.275
2026-03-19 01:00:00,14.2,20.2,86,956.5,4.0,183,0.0,1,3,3,25.3,25.0,24.4,69.7,12.0,12.0,25.25,40.06666666666667,39.82916666666667
2026-03-19 02:00:00,18.4,20.8,84,957.3,1.6,174,0.0,2,3,3,14.2,25.0,27.1,57.2,14.6,25.5,23.549999999999997,35.44166666666667,39.920833333333334
2026-03-19 03:00:00,32.3,22.6,74,958.5,2.7,217,0.0,3,3,3,18.4,25.3,24.7,56.8,51.0,30.0,22.099999999999998,32.208333333333336,40.079166666666666
2026-03-19 04:00:00,35.7,24.5,65,959.1,4.0,238,0.0,4,3,3,32.3,14.2,25.0,71.4,29.8,22.1,23.366666666666664,30.166666666666668,39.300000000000004
2026-03-19 05:00:00,26.0,26.4,57,959.1,5.7,242,0.0,5,3,3,35.7,18.4,25.0,32.6,28.7,49.9,25.149999999999995,27.191666666666666,39.54583333333333
2026-03-19 06:00:00,66.2,27.3,54,958.8,3.6,267,0.0,6,3,3,26.0,32.3,25.3,41.6,12.0,33.8,25.316666666666663,26.641666666666666,39.43333333333333
2026-03-19 07:00:00,62.6,28.9,47,957.7,2.4,253,0.0,7,3,3,66.2,35.7,14.2,24.4,35.8,69.8,32.13333333333333,28.691666666666663,41.69166666666667
2026-03-19 08:00:00,76.6,29.8,43,956.5,0.6,56,0.0,8,3,3,62.6,26.0,18.4,27.1,51.6,67.6,40.2,31.875,42.80833333333333
2026-03-19 09:00:00,81.6,30.4,39,954.9,3.1,77,0.0,9,3,3,76.6,66.2,32.3,24.7,30.2,54.3,49.9,36.0,43.85
2026-03-19 10:00:00,93.9,30.0,38,953.6,3.5,51,0.0,10,3,3,81.6,62.6,35.7,25.0,71.2,78.2,58.11666666666667,40.74166666666667,45.99166666666667
2026-03-19 11:00:00,94.2,29.9,34,953.1,3.3,41,0.0,11,3,3,93.9,76.6,26.0,25.0,87.9,94.8,67.81666666666666,46.48333333333333,46.9375
2026-03-19 12:00:00,83.3,29.8,32,952.9,6.3,103,0.0,12,3,3,94.2,81.6,66.2,25.3,50.3,53.8,79.18333333333334,52.25,47.20000000000001
2026-03-19 13:00:00,51.9,27.7,43,953.6,12.2,123,0.0,13,3,3,83.3,93.9,62.6,14.2,69.7,53.0,82.03333333333335,57.083333333333336,48.574999999999996
2026-03-19 14:00:00,72.8,26.5,49,954.9,8.3,96,0.0,14,3,3,51.9,94.2,76.6,18.4,57.2,53.2,80.25,60.224999999999994,47.833333333333336
2026-03-19 15:00:00,46.1,26.0,50,955.9,8.6,112,0.0,15,3,3,72.8,83.3,81.6,32.3,56.8,81.0,79.61666666666666,64.75833333333334,48.48333333333333
2026-03-19 16:00:00,66.4,25.1,53,956.5,8.4,135,0.0,16,3,3,46.1,51.9,93.9,35.7,71.4,67.7,73.7,65.90833333333333,48.0375
2026-03-19 17:00:00,36.6,24.2,55,956.7,9.4,125,0.0,17,3,3,66.4,72.8,94.2,26.0,32.6,45.3,69.11666666666666,68.46666666666667,47.82916666666667
2026-03-19 18:00:00,57.8,23.6,62,956.5,4.9,141,0.0,18,3,3,36.6,46.1,83.3,66.2,41.6,47.2,59.51666666666666,69.35000000000001,47.99583333333334
2026-03-19 19:00:00,49.4,23.4,64,956.1,3.3,171,0.0,19,3,3,57.8,66.4,51.9,62.6,24.4,12.0,55.26666666666666,68.64999999999999,48.67083333333333
2026-03-19 20:00:00,39.0,23.1,66,955.1,4.3,105,0.0,20,3,3,49.4,36.6,72.8,76.6,27.1,20.1,54.849999999999994,67.55,49.712500000000006
2026-03-19 21:00:00,39.8,22.7,68,954.5,4.6,111,0.0,21,3,3,39.0,57.8,46.1,81.6,24.7,12.0,49.21666666666666,64.41666666666667,50.208333333333336
2026-03-19 22:00:00,13.2,22.0,70,954.1,8.0,96,0.0,22,3,3,39.8,49.4,66.4,93.9,25.0,12.0,48.166666666666664,60.93333333333334,50.8375
2026-03-19 23:00:00,12.0,21.2,75,954.1,6.7,98,0.0,23,3,3,13.2,39.0,36.6,94.2,25.0,12.0,39.3,54.208333333333336,50.34583333333333
2026-03-20 00:00:00,31.6,20.0,87,954.7,2.2,270,0.0,0,4,3,12.0,39.8,57.8,83.3,25.3,12.0,35.199999999999996,47.35833333333333,49.80416666666667
2026-03-20 01:00:00,17.6,20.4,86,955.6,4.1,308,0.0,1,4,3,31.6,13.2,49.4,51.9,14.2,12.0,30.833333333333332,43.050000000000004,50.06666666666666
2026-03-20 02:00:00,39.3,21.0,83,956.5,4.3,315,0.0,2,4,3,17.6,12.0,39.0,72.8,18.4,14.6,25.533333333333335,40.19166666666666,50.20833333333332
2026-03-20 03:00:00,45.4,22.5,75,957.2,2.6,282,0.0,3,4,3,39.3,31.6,39.8,46.1,32.3,51.0,25.583333333333332,37.4,51.07916666666667
2026-03-20 04:00:00,39.1,25.1,61,957.6,2.4,253,0.0,4,4,3,45.4,17.6,13.2,66.4,35.7,29.8,26.516666666666666,37.34166666666667,51.625
2026-03-20 05:00:00,56.3,27.2,48,957.2,2.0,270,0.0,5,4,3,39.1,39.3,12.0,36.6,26.0,28.7,30.833333333333332,35.06666666666667,51.76666666666667
2026-03-20 06:00:00,74.4,27.7,47,956.9,1.5,277,0.0,6,4,3,56.3,45.4,31.6,57.8,66.2,12.0,38.21666666666667,36.708333333333336,53.02916666666667
2026-03-20 07:00:00,64.1,29.0,42,956.0,1.8,264,0.0,7,4,3,74.4,39.1,17.6,49.4,62.6,35.8,45.35,38.09166666666667,53.37083333333334
2026-03-20 08:00:00,57.9,29.8,36,954.9,2.6,254,0.0,8,4,3,64.1,56.3,39.3,39.0,76.6,51.6,53.1,39.31666666666667,53.43333333333334
2026-03-20 09:00:00,83.7,30.2,33,953.6,4.7,254,0.0,9,4,3,57.9,74.4,45.4,39.8,81.6,30.2,56.199999999999996,40.891666666666666,52.65416666666666
2026-03-20 10:00:00,82.0,30.4,32,952.7,5.5,287,0.0,10,4,3,83.7,64.1,39.1,13.2,93.9,71.2,62.583333333333336,44.550000000000004,52.74166666666667
2026-03-20 11:00:00,100.6,30.1,31,952.5,4.8,295,0.0,11,4,3,82.0,57.9,56.3,12.0,94.2,87.9,69.73333333333333,50.28333333333333,52.24583333333333
2026-03-20 12:00:00,86.6,30.8,29,952.7,7.0,269,0.0,12,4,3,100.6,83.7,74.4,31.6,83.3,50.3,77.11666666666667,57.666666666666664,52.512499999999996
2026-03-20 13:00:00,76.9,30.0,31,952.8,3.4,267,0.0,13,4,3,86.6,82.0,64.1,17.6,51.9,69.7,79.14999999999999,62.25,52.65
2026-03-20 14:00:00,66.2,28.4,36,953.6,6.2,78,0.0,14,4,3,76.9,100.6,57.9,39.3,72.8,57.2,81.28333333333332,67.19166666666666,53.69166666666667
2026-03-20 15:00:00,69.1,27.3,43,954.2,7.9,78,0.0,15,4,3,66.2,86.6,83.7,45.4,46.1,56.8,82.66666666666667,69.43333333333332,53.416666666666664
2026-03-20 16:00:00,56.6,27.1,44,954.7,6.7,126,0.0,16,4,3,69.1,76.9,82.0,39.1,66.4,71.4,80.23333333333333,71.40833333333333,54.375
2026-03-20 17:00:00,47.6,25.6,51,955.1,7.6,93,0.0,17,4,3,56.6,66.2,100.6,56.3,36.6,32.6,76.0,72.86666666666666,53.96666666666666
2026-03-20 18:00:00,42.2,25.4,54,954.7,7.2,102,0.0,18,4,3,47.6,69.1,86.6,74.4,57.8,41.6,67.16666666666667,72.14166666666667,54.425000000000004
2026-03-20 19:00:00,42.6,25.1,54,954.2,7.8,130,0.0,19,4,3,42.2,56.6,76.9,64.1,49.4,24.4,59.76666666666667,69.45833333333333,53.775
2026-03-20 20:00:00,44.5,24.2,58,954.0,6.4,106,0.0,20,4,3,42.6,47.6,66.2,57.9,39.0,27.1,54.050000000000004,67.66666666666667,53.49166666666667
2026-03-20 21:00:00,32.7,23.4,62,953.6,6.8,108,0.0,21,4,3,44.5,42.2,69.1,83.7,39.8,24.7,50.43333333333333,66.55,53.72083333333333
2026-03-20 22:00:00,29.7,23.0,65,953.3,6.0,119,0.0,22,4,3,32.7,42.6,56.6,82.0,13.2,25.0,44.366666666666674,62.300000000000004,53.425000000000004
2026-03-20 23:00:00,25.6,22.6,67,953.0,4.7,88,0.0,23,4,3,29.7,44.5,47.6,100.6,12.0,25.0,39.88333333333333,57.94166666666666,54.11249999999999
2026-03-21 00:00:00,35.8,22.0,74,953.5,3.1,216,0.0,0,5,3,25.6,32.7,42.2,86.6,31.6,25.3,36.21666666666667,51.69166666666667,54.67916666666667
2026-03-21 01:00:00,15.7,22.5,72,954.6,4.1,257,0.0,1,5,3,35.8,29.7,42.6,76.9,17.6,14.2,35.150000000000006,47.458333333333336,54.854166666666664
2026-03-21 02:00:00,18.2,23.4,68,955.4,3.1,291,0.0,2,5,3,15.7,25.6,44.5,66.2,39.3,18.4,30.666666666666668,42.358333333333334,54.775000000000006
2026-03-21 03:00:00,34.0,25.7,59,956.8,4.1,293,0.0,3,5,3,18.2,35.8,32.7,69.1,45.4,32.3,26.28333333333333,38.358333333333334,53.895833333333336
2026-03-21 04:00:00,35.1,27.2,54,957.6,5.8,309,0.0,4,5,3,34.0,15.7,29.7,56.6,39.1,35.7,26.5,35.43333333333333,53.42083333333334
2026-03-21 05:00:00,52.5,29.0,44,957.5,3.0,303,0.0,5,5,3,35.1,18.2,25.6,47.6,56.3,26.0,27.399999999999995,33.64166666666667,53.25416666666666
2026-03-21 06:00:00,53.4,28.5,46,957.2,0.6,342,0.1,6,5,3,52.5,34.0,35.8,42.2,74.4,66.2,31.883333333333336,34.050000000000004,53.09583333333333
2026-03-21 07:00:00,77.5,29.9,42,956.4,0.6,124,0.0,7,5,3,53.4,35.1,15.7,42.6,64.1,62.6,34.81666666666666,34.983333333333334,52.22083333333334
2026-03-21 08:00:00,82.8,30.7,39,955.5,1.3,196,0.0,8,5,3,77.5,52.5,18.2,44.5,57.9,76.6,45.11666666666667,37.891666666666666,52.77916666666667
2026-03-21 09:00:00,92.7,30.9,37,954.4,1.4,220,0.0,9,5,3,82.8,53.4,34.0,32.7,83.7,81.6,55.88333333333333,41.083333333333336,53.81666666666667
2026-03-21 10:00:00,73.5,31.2,34,953.9,2.4,261,0.0,10,5,3,92.7,77.5,35.1,29.7,82.0,93.9,65.66666666666667,46.083333333333336,54.19166666666667
2026-03-21 11:00:00,102.3,30.6,36,953.8,2.9,277,0.0,11,5,3,73.5,82.8,52.5,25.6,100.6,94.2,72.06666666666666,49.73333333333333,53.837500000000006
2026-03-21 12:00:00,86.7,32.5,25,953.4,4.5,272,0.0,12,5,3,102.3,92.7,53.4,35.8,86.6,83.3,80.36666666666666,56.125,53.90833333333333
2026-03-21 13:00:00,116.5,30.5,30,954.2,2.3,157,0.0,13,5,3,86.7,73.5,77.5,15.7,76.9,51.9,85.91666666666667,60.36666666666667,53.9125
2026-03-21 14:00:00,65.0,28.2,45,955.1,7.8,75,0.0,14,5,3,116.5,102.3,82.8,18.2,66.2,72.8,92.41666666666667,68.76666666666667,55.5625
2026-03-21 15:00:00,83.5,27.2,53,956.0,9.4,89,0.0,15,5,3,65.0,86.7,92.7,34.0,69.1,46.1,89.45,72.66666666666667,55.51250000000001
2026-03-21 16:00:00,72.1,25.7,63,956.5,8.1,115,0.0,16,5,3,83.5,116.5,73.5,35.1,56.6,66.4,87.91666666666667,76.79166666666667,56.112500000000004
2026-03-21 17:00:00,60.1,25.0,68,956.5,7.7,99,0.0,17,5,3,72.1,65.0,102.3,52.5,47.6,36.6,87.68333333333334,79.875,56.75833333333333
2026-03-21 18:00:00,37.9,25.0,72,956.2,7.1,126,0.0,18,5,3,60.1,83.5,86.7,53.4,42.2,57.8,80.64999999999999,80.50833333333334,57.27916666666666
2026-03-21 19:00:00,49.8,25.0,71,955.9,6.5,148,0.0,19,5,3,37.9,72.1,116.5,77.5,42.6,49.4,72.51666666666667,79.21666666666667,57.1
2026-03-21 20:00:00,25.8,24.5,75,955.1,4.3,132,0.0,20,5,3,49.8,60.1,65.0,82.8,44.5,39.0,61.4,76.90833333333333,57.4
2026-03-21 21:00:00,30.5,24.0,79,954.6,3.9,156,0.0,21,5,3,25.8,37.9,83.5,92.7,32.7,39.8,54.86666666666667,72.15833333333335,56.62083333333333
2026-03-21 22:00:00,52.7,23.4,83,954.1,2.4,126,0.0,22,5,3,30.5,49.8,72.1,73.5,29.7,13.2,46.03333333333333,66.97500000000001,56.52916666666666
2026-03-21 23:00:00,15.3,23.0,85,954.1,3.1,204,0.0,23,5,3,52.7,25.8,60.1,102.3,25.6,12.0,42.800000000000004,65.24166666666666,57.487500000000004
2026-03-22 00:00:00,45.2,22.5,88,954.6,0.6,72,0.0,0,6,3,15.3,30.5,37.9,86.7,35.8,31.6,35.333333333333336,57.991666666666674,57.05833333333333
2026-03-22 01:00:00,17.0,22.9,85,955.7,2.8,63,0.0,1,6,3,45.2,52.7,49.8,116.5,15.7,17.6,36.550000000000004,54.53333333333333,57.449999999999996
2026-03-22 02:00:00,21.6,23.5,82,956.7,3.3,96,0.0,2,6,3,17.0,15.3,25.8,65.0,18.2,39.3,31.083333333333332,46.24166666666667,57.50416666666666
2026-03-22 03:00:00,33.4,25.3,72,957.7,4.4,111,0.0,3,6,3,21.6,45.2,30.5,83.5,34.0,45.4,30.383333333333336,42.625,57.645833333333336
2026-03-22 04:00:00,12.0,27.5,59,958.4,5.6,115,0.0,4,6,3,33.4,17.0,52.7,72.1,35.1,39.1,30.866666666666664,38.449999999999996,57.62083333333333
2026-03-22 05:00:00,36.2,29.5,43,958.6,6.1,109,0.0,5,6,3,12.0,21.6,15.3,60.1,52.5,56.3,24.083333333333332,33.44166666666666,56.65833333333333
2026-03-22 06:00:00,53.7,30.5,38,957.7,5.6,115,0.0,6,6,3,36.2,33.4,45.2,37.9,53.4,74.4,27.566666666666666,31.45,55.979166666666664
2026-03-22 07:00:00,42.9,30.8,38,956.8,4.7,108,0.1,7,6,3,53.7,12.0,17.0,49.8,77.5,64.1,28.983333333333334,32.76666666666667,55.99166666666667
2026-03-22 08:00:00,80.2,31.0,38,956.1,3.1,130,0.1,8,6,3,42.9,36.2,21.6,25.8,82.8,57.9,33.300000000000004,32.19166666666667,54.54999999999999
2026-03-22 09:00:00,90.0,31.1,38,955.3,2.9,176,0.2,9,6,3,80.2,53.7,33.4,30.5,92.7,83.7,43.06666666666666,36.725,54.44166666666666
2026-03-22 10:00:00,77.9,31.4,37,954.8,1.8,204,0.0,10,6,3,90.0,42.9,12.0,52.7,73.5,82.0,52.5,41.68333333333334,54.32916666666666
2026-03-22 11:00:00,98.0,31.1,38,954.7,0.2,270,0.0,11,6,3,77.9,80.2,36.2,15.3,102.3,100.6,63.48333333333333,43.78333333333334,54.512499999999996
2026-03-22 12:00:00,67.9,29.7,43,954.5,10.5,86,0.0,12,6,3,98.0,90.0,53.7,45.2,86.7,86.6,73.78333333333335,50.675000000000004,54.333333333333336
2026-03-22 13:00:00,75.8,29.8,42,955.3,5.9,70,0.0,13,6,3,67.9,77.9,42.9,17.0,116.5,76.9,76.14999999999999,52.56666666666666,53.54999999999999
2026-03-22 14:00:00,67.0,29.3,45,955.9,7.5,82,0.0,14,6,3,75.8,98.0,80.2,21.6,65.0,66.2,81.63333333333334,57.46666666666667,51.854166666666664
2026-03-22 15:00:00,58.1,28.2,52,956.5,8.6,78,0.0,15,6,3,67.0,67.9,90.0,33.4,83.5,69.1,79.43333333333334,61.25000000000001,51.9375
2026-03-22 16:00:00,54.6,27.5,55,956.9,8.6,88,0.0,16,6,3,58.1,75.8,77.9,12.0,72.1,56.6,74.11666666666666,63.30833333333333,50.87916666666666
2026-03-22 17:00:00,32.9,26.9,58,957.0,8.7,97,0.0,17,6,3,54.6,67.0,98.0,36.2,60.1,47.6,70.23333333333333,66.85833333333333,50.15
2026-03-22 18:00:00,43.2,26.4,62,956.9,7.4,103,0.0,18,6,3,32.9,58.1,67.9,53.7,37.9,42.2,59.383333333333326,66.58333333333333,49.01666666666667
2026-03-22 19:00:00,12.0,25.2,67,957.1,9.9,105,0.2,19,6,3,43.2,54.6,75.8,42.9,49.8,42.6,55.26666666666667,65.70833333333333,49.237500000000004
2026-03-22 20:00:00,22.8,24.5,71,956.2,7.4,124,0.0,20,6,3,12.0,32.9,67.0,80.2,25.8,44.5,44.63333333333333,63.13333333333333,47.6625
2026-03-22 21:00:00,25.6,24.0,74,955.5,5.9,113,0.0,21,6,3,22.8,43.2,58.1,90.0,30.5,32.7,37.266666666666666,58.349999999999994,47.5375
2026-03-22 22:00:00,12.0,23.6,76,955.1,5.8,112,0.0,22,6,3,25.6,12.0,54.6,77.9,52.7,29.7,31.849999999999998,52.98333333333333,47.33333333333334
2026-03-22 23:00:00,34.5,23.3,78,954.9,4.3,105,0.0,23,6,3,12.0,22.8,32.9,98.0,15.3,25.6,24.75,47.49166666666667,45.63750000000001
2026-03-23 00:00:00,19.3,23.7,78,955.5,5.0,105,0.0,0,0,3,34.5,25.6,43.2,67.9,45.2,35.8,25.016666666666666,42.199999999999996,46.4375
2026-03-23 01:00:00,12.0,23.7,79,956.2,5.1,107,0.0,1,0,3,19.3,12.0,12.0,75.8,17.0,15.7,21.033333333333335,38.15,45.35833333333334
2026-03-23 02:00:00,38.0,24.4,76,957.0,4.3,118,0.0,2,0,3,12.0,34.5,22.8,67.0,21.6,18.2,21.03333333333333,32.833333333333336,45.150000000000006
2026-03-23 03:00:00,35.7,26.5,63,957.7,5.3,135,0.0,3,0,3,38.0,19.3,25.6,58.1,33.4,34.0,23.566666666666663,30.416666666666668,45.833333333333336
2026-03-23 04:00:00,13.8,29.1,46,958.0,8.6,139,0.0,4,0,3,35.7,12.0,12.0,54.6,12.0,35.1,25.25,28.55,45.929166666666674
2026-03-23 05:00:00,41.5,31.0,36,957.9,7.3,136,0.0,5,0,3,13.8,38.0,34.5,32.9,36.2,52.5,25.55,25.149999999999995,46.00416666666667
2026-03-23 06:00:00,49.0,31.5,33,957.1,7.1,135,0.0,6,0,3,41.5,35.7,19.3,43.2,53.7,53.4,26.71666666666667,25.866666666666664,46.225
2026-03-23 07:00:00,39.4,32.8,29,956.3,5.4,132,0.0,7,0,3,49.0,13.8,12.0,12.0,42.9,77.5,31.666666666666668,26.349999999999998,46.02916666666667
2026-03-23 08:00:00,70.2,33.5,28,955.5,5.0,142,0.0,8,0,3,39.4,41.5,38.0,22.8,80.2,82.8,36.23333333333333,28.633333333333336,45.88333333333333
2026-03-23 09:00:00,55.6,34.0,27,954.6,7.8,134,0.0,9,0,3,70.2,49.0,35.7,25.6,90.0,92.7,41.6,32.583333333333336,45.46666666666667
2026-03-23 10:00:00,74.7,33.4,29,954.0,7.1,137,0.0,10,0,3,55.6,39.4,13.8,12.0,77.9,73.5,44.916666666666664,35.083333333333336,44.03333333333334
2026-03-23 11:00:00,77.8,32.7,32,954.0,6.8,117,0.0,11,0,3,74.7,70.2,41.5,34.5,98.0,102.3,55.06666666666666,40.30833333333333,43.9
2026-03-23 12:00:00,55.1,31.7,31,954.3,8.9,83,0.0,12,0,3,77.8,55.6,49.0,19.3,67.9,86.7,61.11666666666667,43.916666666666664,43.05833333333334
2026-03-23 13:00:00,69.1,31.6,31,954.8,8.8,90,0.0,13,0,3,55.1,74.7,39.4,12.0,75.8,116.5,62.13333333333333,46.900000000000006,42.525
2026-03-23 14:00:00,53.7,30.2,35,955.5,9.7,106,0.0,14,0,3,69.1,77.8,70.2,38.0,67.0,65.0,67.08333333333333,51.65833333333334,42.24583333333334
2026-03-23 15:00:00,59.6,29.4,38,956.0,7.4,84,0.0,15,0,3,53.7,55.1,55.6,35.7,58.1,83.5,64.33333333333333,52.96666666666667,41.69166666666667
2026-03-23 16:00:00,57.1,28.3,43,956.4,7.5,110,0.0,16,0,3,59.6,69.1,74.7,13.8,54.6,72.1,65.0,54.958333333333336,41.75416666666667
2026-03-23 17:00:00,36.6,27.7,46,956.2,6.8,115,0.0,17,0,3,57.1,53.7,77.8,41.5,32.9,60.1,62.06666666666666,58.56666666666667,41.858333333333334
2026-03-23 18:00:00,56.7,27.2,48,955.9,8.3,117,0.0,18,0,3,36.6,59.6,55.1,49.0,43.2,37.9,55.20000000000001,58.15833333333334,42.0125
2026-03-23 19:00:00,43.0,26.3,52,955.8,8.0,142,0.0,19,0,3,56.7,57.1,69.1,39.4,12.0,49.8,55.46666666666667,58.800000000000004,42.574999999999996
2026-03-23 20:00:00,57.1,25.3,60,955.2,5.6,158,0.0,20,0,3,43.0,36.6,53.7,70.2,22.8,25.8,51.116666666666674,59.1,43.86666666666667
2026-03-23 21:00:00,21.1,24.9,65,954.5,4.3,158,0.0,21,0,3,57.1,56.7,59.6,55.6,25.6,30.5,51.68333333333334,58.00833333333333,45.29583333333334
2026-03-23 22:00:00,26.5,24.5,68,954.2,4.7,184,0.0,22,0,3,21.1,43.0,57.1,74.7,12.0,52.7,45.26666666666667,55.13333333333333,45.10833333333333
2026-03-23 23:00:00,12.0,23.7,72,954.0,5.8,216,0.0,23,0,3,26.5,57.1,36.6,77.8,34.5,15.3,40.166666666666664,51.116666666666674,45.7125
2026-03-24 00:00:00,51.7,23.9,72,954.4,4.3,178,0.0,0,1,3,12.0,21.1,56.7,55.1,19.3,45.2,36.06666666666667,45.63333333333333,44.775
2026-03-24 01:00:00,12.0,24.1,72,954.7,4.1,178,0.0,1,1,3,51.7,26.5,43.0,69.1,12.0,17.0,35.233333333333334,45.35,46.125
2026-03-24 02:00:00,44.8,24.8,68,955.5,2.5,159,0.0,2,1,3,12.0,12.0,57.1,53.7,38.0,21.6,30.066666666666666,40.59166666666667,46.125
2026-03-24 03:00:00,34.0,27.0,57,956.5,4.8,165,0.0,3,1,3,44.8,51.7,21.1,59.6,35.7,33.4,28.016666666666666,39.85,46.40833333333333
2026-03-24 04:00:00,34.5,29.7,44,957.2,6.3,173,0.0,4,1,3,34.0,12.0,26.5,57.1,13.8,12.0,30.166666666666668,37.71666666666667,46.3375
2026-03-24 05:00:00,31.1,31.7,34,957.0,5.6,176,0.0,5,1,3,34.5,44.8,12.0,36.6,41.5,36.2,31.5,35.833333333333336,47.199999999999996
2026-03-24 06:00:00,51.7,32.1,33,956.5,6.1,204,0.0,6,1,3,31.1,34.0,51.7,56.7,49.0,53.7,34.68333333333334,35.375,46.76666666666666
2026-03-24 07:00:00,55.7,32.9,32,955.9,5.9,230,0.0,7,1,3,51.7,34.5,12.0,43.0,39.4,42.9,34.68333333333333,34.958333333333336,46.87916666666666
2026-03-24 08:00:00,62.1,33.5,31,954.7,6.0,253,0.0,8,1,3,55.7,31.1,44.8,57.1,70.2,80.2,41.96666666666667,36.01666666666667,47.55833333333334
2026-03-24 09:00:00,75.9,33.7,31,954.0,6.0,277,0.0,9,1,3,62.1,51.7,34.0,21.1,55.6,90.0,44.85,36.43333333333333,47.22083333333333
2026-03-24 10:00:00,72.9,33.6,31,953.4,4.5,277,0.0,10,1,3,75.9,55.7,34.5,26.5,74.7,77.9,51.833333333333336,41.0,48.06666666666666
2026-03-24 11:00:00,96.3,33.7,30,952.8,3.5,12,0.0,11,1,3,72.9,62.1,31.1,12.0,77.8,98.0,58.23333333333334,44.86666666666667,47.991666666666674
2026-03-24 12:00:00,85.5,30.8,37,953.2,4.2,187,0.1,12,1,3,96.3,75.9,51.7,51.7,55.1,67.9,69.10000000000001,51.89166666666667,48.762499999999996
2026-03-24 13:00:00,58.8,30.2,39,954.0,2.7,188,0.0,13,1,3,85.5,72.9,55.7,12.0,69.1,75.8,74.73333333333333,54.70833333333334,50.02916666666667
2026-03-24 14:00:00,67.6,28.6,45,955.4,6.7,265,0.3,14,1,3,58.8,96.3,62.1,44.8,53.7,67.0,75.25,58.60833333333334,49.6
2026-03-24 15:00:00,75.1,27.1,55,955.4,4.9,309,0.2,15,1,3,67.6,85.5,75.9,34.0,59.6,58.1,76.16666666666667,60.50833333333333,50.179166666666674
2026-03-24 16:00:00,57.4,26.0,65,955.9,5.0,300,0.1,16,1,3,75.1,58.8,72.9,34.5,57.1,54.6,76.03333333333335,63.93333333333334,50.824999999999996
2026-03-24 17:00:00,64.6,25.5,70,955.4,3.1,234,0.0,17,1,3,57.4,67.6,96.3,31.1,36.6,32.9,73.45,65.84166666666667,50.8375
2026-03-24 18:00:00,40.8,25.7,71,955.7,6.9,231,0.0,18,1,3,64.6,75.1,85.5,51.7,56.7,43.2,68.16666666666667,68.63333333333333,52.00416666666667
2026-03-24 19:00:00,24.7,25.1,69,955.7,7.8,224,0.0,19,1,3,40.8,57.4,58.8,55.7,43.0,12.0,60.71666666666666,67.72500000000001,51.34166666666667
2026-03-24 20:00:00,25.1,25.2,68,954.5,5.4,130,0.0,20,1,3,24.7,64.6,67.6,62.1,57.1,22.8,55.03333333333333,65.14166666666667,50.57916666666667
2026-03-24 21:00:00,30.3,25.1,67,953.9,3.2,218,0.0,21,1,3,25.1,40.8,75.1,75.9,21.1,25.6,47.949999999999996,62.05833333333333,49.24583333333333
2026-03-24 22:00:00,12.0,24.9,68,953.7,4.6,193,0.0,22,1,3,30.3,24.7,57.4,72.9,26.5,12.0,40.483333333333334,58.25833333333333,49.62916666666666
2026-03-24 23:00:00,24.2,24.4,70,953.2,5.5,212,0.0,23,1,3,12.0,25.1,64.6,96.3,12.0,34.5,32.916666666666664,53.18333333333334,49.025
2026-03-25 00:00:00,28.3,24.1,77,953.2,4.8,205,0.0,0,2,3,24.2,30.3,40.8,85.5,51.7,19.3,26.183333333333334,47.17499999999999,49.53333333333333
2026-03-25 01:00:00,50.5,24.4,77,954.3,4.1,225,0.0,1,2,3,28.3,12.0,24.7,58.8,12.0,12.0,24.099999999999998,42.40833333333333,48.55833333333333
2026-03-25 02:00:00,25.9,25.3,71,955.6,3.5,258,0.0,2,2,3,50.5,24.2,25.1,67.6,44.8,38.0,28.400000000000002,41.71666666666666,50.162499999999994
2026-03-25 03:00:00,20.8,28.0,56,956.7,5.1,247,0.0,3,2,3,25.9,28.3,30.3,75.1,34.0,35.7,28.53333333333333,38.24166666666667,49.375
2026-03-25 04:00:00,23.2,30.3,44,957.5,6.5,240,0.0,4,2,3,20.8,50.5,12.0,57.4,34.5,13.8,26.95,33.71666666666667,48.824999999999996
2026-03-25 05:00:00,25.4,32.0,36,957.5,6.2,234,0.0,5,2,3,23.2,25.9,24.2,64.6,31.1,41.5,28.816666666666663,30.86666666666667,48.354166666666664
2026-03-25 06:00:00,52.4,32.1,38,957.1,5.7,226,0.0,6,2,3,25.4,20.8,28.3,40.8,51.7,49.0,29.016666666666666,27.599999999999998,48.116666666666674
2026-03-25 07:00:00,62.1,32.5,36,956.3,3.9,233,0.0,7,2,3,52.4,23.2,50.5,24.7,55.7,39.4,33.03333333333333,28.566666666666663,48.145833333333336
2026-03-25 08:00:00,64.2,33.0,34,955.4,4.4,240,0.1,8,2,3,62.1,25.4,25.9,25.1,62.1,70.2,34.96666666666666,31.683333333333334,48.4125
2026-03-25 09:00:00,75.9,33.3,33,954.3,4.0,252,0.0,9,2,3,64.2,52.4,20.8,30.3,75.9,55.6,41.35,34.94166666666666,48.5
2026-03-25 10:00:00,81.3,33.5,32,953.9,3.4,254,0.0,10,2,3,75.9,62.1,23.2,12.0,72.9,74.7,50.53333333333334,38.74166666666667,48.5
2026-03-25 11:00:00,89.8,33.0,32,953.4,4.0,63,0.0,11,2,3,81.3,64.2,25.4,24.2,96.3,77.8,60.21666666666667,44.51666666666667,48.849999999999994
2026-03-25 12:00:00,86.3,31.3,35,954.0,1.0,338,0.0,12,2,3,89.8,75.9,52.4,28.3,85.5,55.1,70.95,49.98333333333333,48.57916666666667
2026-03-25 13:00:00,75.9,30.2,40,954.5,9.0,127,0.0,13,2,3,86.3,81.3,62.1,50.5,58.8,69.1,76.60000000000001,54.81666666666667,48.612500000000004
2026-03-25 14:00:00,60.9,28.8,49,954.8,6.1,122,0.0,14,2,3,75.9,89.8,64.2,25.9,67.6,53.7,78.89999999999999,56.93333333333334,49.324999999999996
2026-03-25 15:00:00,77.2,28.4,51,955.4,6.0,123,0.0,15,2,3,60.9,86.3,75.9,20.8,75.1,59.6,78.35000000000001,59.85,49.04583333333333
2026-03-25 16:00:00,59.2,28.3,51,955.6,7.5,150,0.0,16,2,3,77.2,75.9,81.3,23.2,57.4,57.1,78.56666666666668,64.55,49.13333333333333
2026-03-25 17:00:00,49.1,28.3,48,955.8,6.5,141,0.0,17,2,3,59.2,60.9,89.8,25.4,64.6,36.6,74.88333333333334,67.55,49.20833333333334
2026-03-25 18:00:00,54.0,27.3,52,955.7,4.9,144,0.0,18,2,3,49.1,77.2,86.3,52.4,40.8,56.7,68.10000000000001,69.52499999999999,48.5625
2026-03-25 19:00:00,36.5,27.3,49,955.5,6.9,135,0.0,19,2,3,54.0,59.2,75.9,62.1,24.7,43.0,62.71666666666667,69.65833333333333,49.112500000000004
2026-03-25 20:00:00,12.0,26.6,53,955.1,7.2,148,0.0,20,2,3,36.5,49.1,60.9,64.2,25.1,57.1,56.150000000000006,67.52499999999999,49.604166666666664
2026-03-25 21:00:00,32.1,25.9,57,954.3,4.6,159,0.0,21,2,3,12.0,54.0,77.2,75.9,30.3,21.1,48.0,63.175000000000004,49.05833333333334
2026-03-25 22:00:00,12.0,25.4,62,954.1,3.2,137,0.0,22,2,3,32.1,36.5,59.2,81.3,12.0,26.5,40.483333333333334,59.525000000000006,49.13333333333333
2026-03-25 23:00:00,33.3,24.9,66,954.5,2.8,101,0.0,23,2,3,12.0,12.0,49.1,89.8,24.2,12.0,32.61666666666667,53.75,49.13333333333333
2026-03-26 00:00:00,27.0,24.1,72,955.1,0.7,90,0.0,0,3,3,33.3,32.1,54.0,86.3,28.3,51.7,29.98333333333333,49.041666666666664,49.51250000000001
2026-03-26 01:00:00,28.1,24.6,68,956.0,2.2,132,0.0,1,3,3,27.0,12.0,36.5,75.9,50.5,12.0,25.48333333333333,44.1,49.45833333333334
2026-03-26 02:00:00,41.8,25.5,66,956.6,2.4,132,0.0,2,3,3,28.1,33.3,12.0,60.9,25.9,44.8,24.083333333333332,40.11666666666667,48.525000000000006
2026-03-26 03:00:00,41.3,28.0,53,957.5,3.6,123,0.0,3,3,3,41.8,27.0,32.1,77.2,20.8,34.0,29.049999999999997,38.525,49.1875
2026-03-26 04:00:00,48.1,30.7,39,958.0,4.3,132,0.0,4,3,3,41.3,28.1,12.0,59.2,23.2,34.5,30.583333333333332,35.53333333333334,50.041666666666664
2026-03-26 05:00:00,59.3,32.6,32,958.1,2.4,138,0.0,5,3,3,48.1,41.8,33.3,49.1,25.4,31.1,36.6,34.60833333333333,51.07916666666667
2026-03-26 06:00:00,55.4,33.2,32,957.8,1.9,151,0.0,6,3,3,59.3,41.3,27.0,54.0,52.4,51.7,40.93333333333334,35.458333333333336,52.49166666666667
2026-03-26 07:00:00,59.3,33.9,30,956.9,2.7,118,0.0,7,3,3,55.4,48.1,28.1,36.5,62.1,55.7,45.666666666666664,35.575,52.616666666666674
2026-03-26 08:00:00,81.8,34.5,27,956.1,3.1,111,0.0,8,3,3,59.3,59.3,41.8,12.0,64.2,62.1,50.86666666666667,37.475,52.5
2026-03-26 09:00:00,70.3,34.9,22,955.1,5.2,70,0.0,9,3,3,81.8,55.4,41.3,32.1,75.9,75.9,57.533333333333324,43.291666666666664,53.23333333333334
2026-03-26 10:00:00,79.6,35.1,22,954.6,7.4,72,0.0,10,3,3,70.3,59.3,48.1,12.0,81.3,72.9,62.36666666666667,46.474999999999994,53.0
2026-03-26 11:00:00,51.8,34.9,22,954.1,10.4,67,0.0,11,3,3,79.6,81.8,59.3,33.3,89.8,96.3,67.61666666666666,52.10833333333333,52.92916666666667
2026-03-26 12:00:00,50.7,34.2,24,954.3,10.2,64,0.0,12,3,3,51.8,70.3,55.4,27.0,86.3,85.5,66.36666666666666,53.65,51.34583333333334
2026-03-26 13:00:00,69.5,32.8,29,954.8,9.0,103,0.0,13,3,3,50.7,79.6,59.3,28.1,75.9,58.8,65.58333333333333,55.625,49.86249999999999
2026-03-26 14:00:00,73.4,31.2,35,955.6,9.3,122,0.0,14,3,3,69.5,51.8,81.8,41.8,60.9,67.6,67.28333333333333,59.074999999999996,49.59583333333333
2026-03-26 15:00:00,65.8,29.9,39,956.1,7.5,147,0.0,15,3,3,73.4,50.7,70.3,41.3,77.2,75.1,65.88333333333333,61.70833333333332,50.11666666666667
2026-03-26 16:00:00,50.7,29.0,41,956.5,5.9,168,0.0,16,3,3,65.8,69.5,79.6,48.1,59.2,57.4,65.13333333333334,63.75,49.64166666666666
2026-03-26 17:00:00,67.3,28.2,43,956.5,5.8,154,0.0,17,3,3,50.7,73.4,51.8,59.3,49.1,64.6,60.31666666666666,63.96666666666666,49.287499999999994
2026-03-26 18:00:00,42.6,27.3,48,956.0,5.1,157,0.0,18,3,3,67.3,65.8,50.7,55.4,54.0,40.8,62.900000000000006,64.63333333333334,50.04583333333333
2026-03-26 19:00:00,36.6,26.8,50,955.6,5.4,178,0.0,19,3,3,42.6,50.7,69.5,59.3,36.5,24.7,61.550000000000004,63.56666666666667,49.57083333333333
2026-03-26 20:00:00,12.0,26.0,55,955.1,5.4,178,0.0,20,3,3,36.6,67.3,73.4,81.8,12.0,25.1,56.06666666666666,61.67499999999999,49.574999999999996
2026-03-26 21:00:00,15.0,25.6,56,954.1,6.5,175,0.0,21,3,3,12.0,42.6,65.8,70.3,32.1,30.3,45.833333333333336,55.85833333333333,49.574999999999996
2026-03-26 22:00:00,22.2,25.0,62,953.5,3.2,199,0.0,22,3,3,15.0,36.6,50.7,79.6,12.0,12.0,37.36666666666667,51.25,48.862500000000004
2026-03-26 23:00:00,21.4,24.7,62,953.7,2.4,253,0.0,23,3,3,22.2,12.0,67.3,51.8,33.3,24.2,32.61666666666667,46.46666666666667,49.2875
2026-03-27 00:00:00,12.0,23.9,70,953.9,3.5,258,0.0,0,4,3,21.4,15.0,42.6,50.7,27.0,28.3,24.96666666666667,43.93333333333334,48.79166666666666
2026-03-27 01:00:00,14.9,24.7,61,954.8,5.8,265,0.0,1,4,3,12.0,22.2,36.6,69.5,28.1,50.5,19.866666666666667,40.708333333333336,48.16666666666666
2026-03-27 02:00:00,35.9,25.5,60,955.7,5.3,260,0.0,2,4,3,14.9,21.4,12.0,73.4,41.8,25.9,16.25,36.15833333333334,47.61666666666667
2026-03-27 03:00:00,31.0,27.9,51,956.5,4.3,246,0.0,3,4,3,35.9,12.0,15.0,65.8,41.3,20.8,20.233333333333334,33.03333333333333,47.37083333333334
2026-03-27 04:00:00,36.4,30.7,41,957.2,5.1,243,0.0,4,4,3,31.0,14.9,22.2,50.7,48.1,23.2,22.900000000000002,30.133333333333336,46.94166666666667
2026-03-27 05:00:00,57.8,33.0,32,957.3,5.0,240,0.0,5,4,3,36.4,35.9,21.4,67.3,59.3,25.4,25.266666666666666,28.941666666666663,46.45416666666666
2026-03-27 06:00:00,74.1,33.4,31,956.7,5.8,250,0.0,6,4,3,57.8,31.0,12.0,42.6,55.4,52.4,31.333333333333332,28.150000000000002,46.39166666666666
2026-03-27 07:00:00,58.2,34.2,29,955.9,6.9,247,0.0,7,4,3,74.1,36.4,14.9,36.6,59.3,62.1,41.68333333333333,30.775000000000002,47.17083333333333
2026-03-27 08:00:00,69.3,35.0,27,954.9,7.8,238,0.0,8,4,3,58.2,57.8,35.9,12.0,81.8,64.2,48.9,32.574999999999996,47.125
2026-03-27 09:00:00,54.7,35.4,26,953.5,9.1,234,0.0,9,4,3,69.3,74.1,31.0,15.0,70.3,75.9,54.46666666666666,37.35,46.604166666666664
2026-03-27 10:00:00,39.6,35.5,25,952.6,10.2,238,0.0,10,4,3,54.7,58.2,36.4,22.2,79.6,81.3,58.416666666666664,40.65833333333333,45.95416666666667
2026-03-27 11:00:00,72.8,35.1,25,952.2,10.2,247,0.0,11,4,3,39.6,69.3,57.8,21.4,51.8,89.8,58.949999999999996,42.108333333333334,44.2875
2026-03-27 12:00:00,79.5,35.0,24,951.9,7.8,244,0.0,12,4,3,72.8,54.7,74.1,12.0,50.7,86.3,61.449999999999996,46.39166666666667,45.1625
2026-03-27 13:00:00,95.0,33.8,27,952.4,5.6,239,0.0,13,4,3,79.5,39.6,58.2,14.9,69.5,75.9,62.35,52.01666666666667,46.362500000000004
2026-03-27 14:00:00,74.6,32.5,32,953.2,5.7,217,0.0,14,4,3,95.0,72.8,69.3,35.9,73.4,60.9,68.48333333333333,58.69166666666667,47.425000000000004
2026-03-27 15:00:00,54.6,31.3,34,954.0,4.5,233,0.0,15,4,3,74.6,79.5,54.7,31.0,65.8,77.2,69.36666666666667,61.916666666666664,47.474999999999994
2026-03-27 16:00:00,31.5,30.3,36,954.7,5.8,270,0.0,16,4,3,54.6,95.0,39.6,36.4,50.7,59.2,69.35,63.883333333333326,47.00833333333333
2026-03-27 17:00:00,23.7,29.3,40,955.1,10.6,269,0.0,17,4,3,31.5,74.6,72.8,57.8,67.3,49.1,68.0,63.474999999999994,46.208333333333336
2026-03-27 18:00:00,20.0,27.2,46,955.5,11.5,287,0.0,18,4,3,23.7,54.6,79.5,74.1,42.6,54.0,59.81666666666666,60.63333333333333,44.39166666666666
2026-03-27 19:00:00,43.4,26.3,50,954.7,11.5,243,0.0,19,4,3,20.0,31.5,95.0,58.2,36.6,36.5,49.9,56.125,43.449999999999996
2026-03-27 20:00:00,22.5,26.6,50,953.5,7.8,257,0.0,20,4,3,43.4,23.7,74.6,69.3,12.0,12.0,41.300000000000004,54.89166666666666,43.73333333333333
2026-03-27 21:00:00,12.0,26.7,50,952.9,5.4,272,0.0,21,4,3,22.5,20.0,54.6,54.7,15.0,32.1,32.61666666666667,50.99166666666667,44.17083333333333
2026-03-27 22:00:00,26.1,26.2,51,952.4,5.8,244,0.0,22,4,3,12.0,43.4,31.5,39.6,22.2,12.0,25.51666666666667,47.43333333333334,44.04583333333333
2026-03-27 23:00:00,12.0,26.0,52,952.5,5.1,266,0.0,23,4,3,26.1,22.5,23.7,72.8,21.4,33.3,24.61666666666667,46.30833333333334,44.208333333333336
2026-03-28 00:00:00,17.8,25.2,57,953.1,10.0,221,0.0,0,5,3,12.0,12.0,20.0,79.5,12.0,27.0,22.666666666666668,41.24166666666667,43.81666666666667
2026-03-28 01:00:00,12.0,25.7,53,953.5,8.6,247,0.0,1,5,3,17.8,26.1,43.4,95.0,14.9,28.1,22.3,36.1,44.05833333333334
2026-03-28 02:00:00,12.8,26.5,50,954.1,7.5,250,0.0,2,5,3,12.0,12.0,22.5,74.6,35.9,41.8,17.066666666666666,29.183333333333337,43.9375
2026-03-28 03:00:00,12.8,28.0,48,954.7,6.9,264,0.0,3,5,3,12.8,17.8,12.0,54.6,31.0,41.3,15.450000000000001,24.03333333333333,42.975
2026-03-28 04:00:00,26.6,31.1,36,955.2,9.2,286,0.0,4,5,3,12.8,12.0,26.1,31.5,36.4,48.1,15.583333333333334,20.55,42.21666666666667
2026-03-28 05:00:00,14.3,33.1,25,954.9,9.9,307,0.0,5,5,3,26.6,12.8,12.0,23.7,57.8,59.3,15.66666666666667,20.14166666666667,41.80833333333333
2026-03-28 06:00:00,61.7,33.0,27,954.8,9.0,285,0.0,6,5,3,14.3,12.8,17.8,20.0,74.1,55.4,16.05,19.358333333333334,39.99583333333333
2026-03-28 07:00:00,58.5,33.9,25,953.7,7.7,286,0.0,7,5,3,61.7,26.6,12.0,43.4,58.2,59.3,23.366666666666664,22.833333333333332,39.479166666666664
2026-03-28 08:00:00,49.5,34.8,23,952.4,7.2,282,0.0,8,5,3,58.5,14.3,12.8,22.5,69.3,81.8,31.116666666666664,24.09166666666667,39.49166666666667
2026-03-28 09:00:00,73.2,35.1,22,951.2,8.5,277,0.0,9,5,3,49.5,61.7,12.8,12.0,54.7,70.3,37.23333333333333,26.34166666666667,38.666666666666664
2026-03-28 10:00:00,64.9,35.2,22,950.6,9.6,275,0.0,10,5,3,73.2,58.5,26.6,26.1,39.6,79.6,47.300000000000004,31.441666666666666,39.4375
2026-03-28 11:00:00,60.9,34.8,22,950.2,10.3,275,0.0,11,5,3,64.9,49.5,14.3,12.0,72.8,51.8,53.68333333333334,34.675000000000004,40.49166666666667
2026-03-28 12:00:00,62.8,34.3,24,950.0,15.0,226,0.0,12,5,3,60.9,73.2,61.7,17.8,79.5,50.7,61.45000000000001,38.75,39.99583333333333
2026-03-28 13:00:00,78.2,33.4,27,950.9,11.1,223,0.0,13,5,3,62.8,64.9,58.5,12.0,95.0,69.5,61.63333333333333,42.5,39.300000000000004
2026-03-28 14:00:00,70.1,32.9,28,951.6,5.2,224,0.0,14,5,3,78.2,60.9,49.5,12.8,74.6,73.4,64.91666666666667,48.01666666666667,38.6
2026-03-28 15:00:00,65.8,31.9,31,952.1,5.7,156,0.0,15,5,3,70.1,62.8,73.2,12.8,54.6,65.8,68.35000000000001,52.791666666666664,38.4125
2026-03-28 16:00:00,45.8,30.4,35,952.9,5.1,157,0.0,16,5,3,65.8,78.2,64.9,26.6,31.5,50.7,67.11666666666666,57.208333333333336,38.87916666666667
2026-03-28 17:00:00,69.2,29.9,37,952.9,3.5,152,0.0,17,5,3,45.8,70.1,60.9,14.3,23.7,67.3,63.93333333333333,58.80833333333334,39.475
2026-03-28 18:00:00,37.4,28.3,43,952.5,3.2,214,0.0,18,5,3,69.2,65.8,62.8,61.7,20.0,42.6,65.31666666666666,63.38333333333333,41.37083333333333
2026-03-28 19:00:00,43.2,28.3,42,952.0,4.8,257,0.0,19,5,3,37.4,45.8,78.2,58.5,43.4,36.6,61.083333333333336,61.35833333333334,42.09583333333333
2026-03-28 20:00:00,36.2,27.8,44,951.5,5.1,207,0.0,20,5,3,43.2,69.2,70.1,49.5,22.5,12.0,55.25,60.08333333333332,42.0875
2026-03-28 21:00:00,53.0,27.0,48,950.9,4.7,238,0.0,21,5,3,36.2,37.4,65.8,73.2,12.0,15.0,49.599999999999994,58.975,42.65833333333333
2026-03-28 22:00:00,12.0,26.0,51,950.9,3.2,142,0.0,22,5,3,53.0,43.2,45.8,64.9,26.1,22.2,47.46666666666667,57.291666666666664,44.36666666666667
2026-03-28 23:00:00,16.5,25.4,54,950.8,4.1,209,0.0,23,5,3,12.0,36.2,69.2,60.9,12.0,21.4,41.833333333333336,52.88333333333333,43.77916666666667
2026-03-29 00:00:00,12.7,25.2,52,951.9,8.4,247,0.0,0,6,3,16.5,53.0,37.4,62.8,17.8,12.0,33.050000000000004,49.18333333333333,43.96666666666667
2026-03-29 01:00:00,20.5,25.3,48,953.1,7.8,251,0.0,1,6,3,12.7,12.0,43.2,78.2,12.0,14.9,28.933333333333337,45.00833333333333,43.75416666666666
2026-03-29 02:00:00,34.0,26.1,42,954.0,5.1,243,0.0,2,6,3,20.5,16.5,36.2,70.1,12.8,35.9,25.150000000000002,40.199999999999996,44.10833333333333
2026-03-29 03:00:00,32.0,28.2,35,954.9,4.5,299,0.0,3,6,3,34.0,12.7,53.0,65.8,12.8,31.0,24.78333333333333,37.19166666666666,44.99166666666667
2026-03-29 04:00:00,20.2,30.6,31,955.6,5.4,339,0.0,4,6,3,32.0,20.5,12.0,45.8,26.6,36.4,21.283333333333335,34.375,45.791666666666664
2026-03-29 05:00:00,27.8,32.7,28,955.6,6.1,5,0.0,5,6,3,20.2,34.0,16.5,69.2,14.3,57.8,22.649999999999995,32.24166666666667,45.525000000000006
2026-03-29 06:00:00,46.0,33.4,26,955.2,5.6,6,0.0,6,6,3,27.8,32.0,12.7,37.4,61.7,74.1,24.53333333333333,28.791666666666668,46.0875
2026-03-29 07:00:00,60.6,35.1,23,954.5,5.6,7,0.0,7,6,3,46.0,20.2,20.5,43.2,58.5,58.2,30.083333333333332,29.50833333333333,45.43333333333334
2026-03-29 08:00:00,54.5,35.6,21,953.3,6.4,8,0.0,8,6,3,60.6,27.8,34.0,36.2,49.5,69.3,36.766666666666666,30.958333333333332,45.520833333333336
2026-03-29 09:00:00,71.5,36.3,20,952.1,6.7,9,0.0,9,6,3,54.5,46.0,32.0,53.0,73.2,54.7,40.18333333333333,32.483333333333334,45.729166666666664
2026-03-29 10:00:00,71.3,36.6,20,951.3,7.9,360,0.0,10,6,3,71.5,60.6,20.2,12.0,64.9,39.6,46.76666666666667,34.025,45.65833333333333
2026-03-29 11:00:00,68.2,36.0,21,951.0,8.8,358,0.0,11,6,3,71.3,54.5,27.8,16.5,60.9,72.8,55.28333333333333,38.96666666666667,45.925000000000004
2026-03-29 12:00:00,76.5,35.1,22,951.0,10.0,14,0.0,12,6,3,68.2,71.5,46.0,12.7,62.8,79.5,62.01666666666667,43.275,46.229166666666664
2026-03-29 13:00:00,65.4,34.5,23,951.8,6.9,39,0.0,13,6,3,76.5,71.3,60.6,20.5,78.2,95.0,67.10000000000001,48.59166666666667,46.79999999999999
2026-03-29 14:00:00,86.6,33.6,24,952.6,6.1,95,0.0,14,6,3,65.4,68.2,54.5,34.0,70.1,74.6,67.89999999999999,52.333333333333336,46.26666666666667
2026-03-29 15:00:00,66.4,32.3,29,953.2,6.2,150,0.0,15,6,3,86.6,76.5,71.5,32.0,65.8,54.6,73.25,56.71666666666667,46.95416666666666
2026-03-29 16:00:00,48.7,31.3,32,953.7,5.2,155,0.0,16,6,3,66.4,65.4,71.3,20.2,45.8,31.5,72.39999999999999,59.583333333333336,46.979166666666664
2026-03-29 17:00:00,79.4,30.5,34,953.6,4.2,133,0.0,17,6,3,48.7,86.6,68.2,27.8,69.2,23.7,68.63333333333334,61.958333333333336,47.1
2026-03-29 18:00:00,36.0,29.3,38,953.5,6.4,137,0.0,18,6,3,79.4,66.4,76.5,46.0,37.4,20.0,70.50000000000001,66.25833333333334,47.525
2026-03-29 19:00:00,24.4,28.7,40,952.9,7.5,172,0.0,19,6,3,36.0,48.7,65.4,60.6,43.2,43.4,63.75,65.425,47.46666666666666
2026-03-29 20:00:00,12.0,28.1,43,952.3,7.1,164,0.0,20,6,3,24.4,79.4,86.6,54.5,36.2,22.5,56.916666666666664,62.40833333333333,46.68333333333334
2026-03-29 21:00:00,24.4,27.4,46,951.6,4.5,209,0.0,21,6,3,12.0,36.0,66.4,71.5,53.0,12.0,44.48333333333334,58.86666666666667,45.675000000000004
2026-03-29 22:00:00,16.0,27.0,49,951.1,4.6,211,0.0,22,6,3,24.4,24.4,48.7,71.3,12.0,26.1,37.483333333333334,54.94166666666666,44.48333333333334
2026-03-29 23:00:00,12.0,26.5,51,951.0,4.8,241,0.0,23,6,3,16.0,12.0,79.4,68.2,16.5,12.0,32.03333333333333,50.333333333333336,44.650000000000006
2026-03-30 00:00:00,37.0,26.2,60,951.4,1.8,135,0.0,0,0,3,12.0,24.4,36.0,76.5,12.7,17.8,20.8,45.65,44.462500000000006
2026-03-30 01:00:00,28.5,26.6,57,952.6,3.8,135,0.0,1,0,3,37.0,16.0,24.4,65.4,20.5,12.0,20.966666666666665,42.358333333333334,45.475
2026-03-30 02:00:00,12.0,27.3,55,953.8,3.1,167,0.0,2,0,3,28.5,12.0,12.0,86.6,34.0,12.8,21.650000000000002,39.28333333333333,45.80833333333334
2026-03-30 03:00:00,24.2,29.5,47,954.9,4.4,173,0.0,3,0,3,12.0,37.0,24.4,66.4,32.0,12.8,21.650000000000002,33.06666666666667,44.89166666666667
2026-03-30 04:00:00,36.3,31.8,40,955.5,7.4,194,0.0,4,0,3,24.2,28.5,16.0,48.7,20.2,26.6,21.616666666666664,29.549999999999997,44.56666666666666
2026-03-30 05:00:00,31.2,33.8,34,955.7,9.0,192,0.0,5,0,3,36.3,12.0,12.0,79.4,27.8,14.3,25.0,28.516666666666666,45.237500000000004
2026-03-30 06:00:00,40.2,34.3,30,955.7,10.1,191,0.0,6,0,3,31.2,24.2,37.0,36.0,46.0,61.7,28.2,24.5,45.37916666666666
2026-03-30 07:00:00,64.6,35.8,26,955.1,10.5,183,0.0,7,0,3,40.2,36.3,28.5,24.4,60.6,58.5,28.733333333333334,24.850000000000005,45.137499999999996
2026-03-30 08:00:00,62.7,36.3,23,953.9,9.7,176,0.0,8,0,3,64.6,31.2,12.0,12.0,54.5,49.5,34.75,28.2,45.30416666666667
2026-03-30 09:00:00,68.6,33.5,27,953.2,4.1,283,0.0,9,0,3,62.7,40.2,24.2,24.4,71.5,73.2,43.199999999999996,32.425,45.645833333333336
2026-03-30 10:00:00,49.2,30.2,43,953.3,12.1,305,0.3,10,0,3,68.6,64.6,36.3,16.0,71.3,64.9,50.6,36.108333333333334,45.525
2026-03-30 11:00:00,43.7,30.8,40,952.9,7.7,258,0.0,11,0,3,49.2,62.7,31.2,12.0,68.2,60.9,52.75,38.875,44.604166666666664
2026-03-30 12:00:00,81.4,32.6,34,952.3,4.3,114,0.0,12,0,3,43.7,68.6,40.2,37.0,76.5,62.8,54.833333333333336,41.516666666666666,43.583333333333336
2026-03-30 13:00:00,72.8,32.5,33,952.9,8.6,131,0.0,13,0,3,81.4,49.2,64.6,28.5,65.4,78.2,61.699999999999996,45.21666666666667,43.7875
2026-03-30 14:00:00,55.6,31.6,35,953.4,8.3,129,0.0,14,0,3,72.8,43.7,62.7,12.0,86.6,70.1,63.06666666666666,48.90833333333333,44.09583333333333
2026-03-30 15:00:00,81.2,30.7,36,954.1,6.3,141,0.0,15,0,3,55.6,81.4,68.6,24.2,66.4,65.8,61.88333333333333,52.541666666666664,42.80416666666667
2026-03-30 16:00:00,63.6,30.0,39,955.0,5.1,129,0.0,16,0,3,81.2,72.8,49.2,36.3,48.7,45.8,63.98333333333333,57.291666666666664,43.42083333333333
2026-03-30 17:00:00,56.6,29.0,42,955.5,6.9,110,0.0,17,0,3,63.6,55.6,43.7,31.2,79.4,69.2,66.38333333333334,59.56666666666667,44.041666666666664
2026-03-30 18:00:00,35.9,27.8,50,954.5,8.6,113,0.0,18,0,3,56.6,81.2,81.4,40.2,36.0,37.4,68.53333333333335,61.68333333333333,43.09166666666667
2026-03-30 19:00:00,43.7,27.2,56,954.0,9.1,124,0.0,19,0,3,35.9,63.6,72.8,64.6,24.4,43.2,60.949999999999996,61.32500000000001,43.0875
2026-03-30 20:00:00,36.3,27.0,59,953.2,8.8,101,0.0,20,0,3,43.7,56.6,55.6,62.7,12.0,36.2,56.099999999999994,59.583333333333336,43.89166666666667
2026-03-30 21:00:00,12.0,23.2,74,954.3,10.6,318,1.3,21,0,3,36.3,35.9,81.2,68.6,24.4,53.0,52.88333333333333,57.38333333333333,44.90416666666667
2026-03-30 22:00:00,12.0,24.0,75,953.5,5.5,341,0.0,22,0,3,12.0,43.7,63.6,49.2,16.0,12.0,41.35,52.66666666666668,44.387499999999996
2026-03-30 23:00:00,13.0,24.1,74,954.1,2.2,318,0.0,23,0,3,12.0,36.3,56.6,43.7,12.0,16.5,32.75,49.56666666666667,44.22083333333333
2026-03-31 00:00:00,12.0,23.6,70,955.0,12.0,50,0.0,0,1,3,13.0,12.0,35.9,81.4,37.0,12.7,25.48333333333333,47.00833333333333,44.262499999999996
2026-03-31 01:00:00,12.0,23.3,69,956.0,8.6,49,0.0,1,1,3,12.0,12.0,43.7,72.8,28.5,20.5,21.5,41.225,43.22083333333333
2026-03-31 02:00:00,22.5,23.3,69,956.7,12.1,32,0.0,2,1,3,12.0,13.0,36.3,55.6,12.0,34.0,16.216666666666665,36.15833333333333,42.53333333333334
2026-03-31 03:00:00,21.8,24.9,63,957.4,10.1,63,0.0,3,1,3,22.5,12.0,12.0,81.2,24.2,32.0,13.916666666666666,33.4,42.97083333333333
2026-03-31 04:00:00,35.4,27.2,55,957.8,8.4,62,0.0,4,1,3,21.8,12.0,12.0,63.6,36.3,20.2,15.549999999999999,28.450000000000003,42.87083333333334
2026-03-31 05:00:00,36.2,29.6,44,957.8,9.0,77,0.0,5,1,3,35.4,22.5,13.0,56.6,31.2,27.8,19.45,26.099999999999998,42.833333333333336
2026-03-31 06:00:00,12.0,29.2,47,957.6,15.1,89,0.0,6,1,3,36.2,21.8,12.0,35.9,40.2,46.0,23.316666666666666,24.399999999999995,43.041666666666664
2026-03-31 07:00:00,53.8,29.9,46,956.5,12.3,98,0.0,7,1,3,12.0,35.4,12.0,43.7,64.6,60.6,23.316666666666666,22.40833333333333,41.86666666666667
2026-03-31 08:00:00,47.6,31.1,43,955.6,8.3,94,0.0,8,1,3,53.8,36.2,22.5,36.3,62.7,54.5,30.28333333333333,23.25,41.416666666666664
2026-03-31 09:00:00,65.2,31.1,42,954.6,6.2,134,0.0,9,1,3,47.6,12.0,21.8,12.0,68.6,71.5,34.46666666666667,24.191666666666666,40.7875
2026-03-31 10:00:00,81.0,31.5,40,953.5,5.6,119,0.0,10,1,3,65.2,53.8,35.4,12.0,49.2,71.3,41.699999999999996,28.625,40.645833333333336
2026-03-31 11:00:00,79.8,31.3,38,953.3,2.1,75,0.0,11,1,3,81.0,47.6,36.2,13.0,43.7,68.2,49.300000000000004,34.375,41.97083333333334
2026-03-31 12:00:00,91.3,32.0,37,952.8,2.8,117,0.0,12,1,3,79.8,65.2,12.0,12.0,81.4,76.5,56.56666666666667,39.94166666666667,43.475
2026-03-31 13:00:00,67.1,30.7,41,953.3,7.4,124,0.2,13,1,3,91.3,81.0,53.8,12.0,72.8,65.4,69.78333333333332,46.550000000000004,43.887499999999996
2026-03-31 14:00:00,56.3,29.4,48,954.1,7.5,120,0.0,14,1,3,67.1,79.8,47.6,22.5,55.6,86.6,72.0,51.14166666666667,43.650000000000006
2026-03-31 15:00:00,69.6,28.4,53,954.8,5.2,106,0.0,15,1,3,56.3,91.3,65.2,21.8,81.2,66.4,73.45,53.958333333333336,43.67916666666667
2026-03-31 16:00:00,37.0,27.7,56,955.4,5.8,120,0.0,16,1,3,69.6,67.1,81.0,35.4,63.6,48.7,74.18333333333332,57.94166666666667,43.19583333333333
2026-03-31 17:00:00,52.7,27.3,58,955.5,5.2,146,0.0,17,1,3,37.0,56.3,79.8,36.2,56.6,79.4,66.85,58.074999999999996,42.0875
2026-03-31 18:00:00,41.5,27.1,59,954.6,5.7,122,0.0,18,1,3,52.7,69.6,91.3,12.0,35.9,36.0,62.333333333333336,59.449999999999996,41.925
2026-03-31 19:00:00,31.8,26.5,61,954.3,6.5,132,0.0,19,1,3,41.5,37.0,67.1,53.8,43.7,24.4,54.03333333333334,61.90833333333333,42.15833333333333
2026-03-31 20:00:00,18.4,26.0,63,954.1,5.5,136,0.0,20,1,3,31.8,52.7,56.3,47.6,36.3,12.0,48.15,60.074999999999996,41.6625
2026-03-31 21:00:00,26.1,25.4,66,953.9,6.4,137,0.0,21,1,3,18.4,41.5,69.6,65.2,12.0,24.4,41.83333333333333,57.64166666666667,40.916666666666664
2026-03-31 22:00:00,22.8,24.7,71,953.6,6.7,146,0.0,22,1,3,26.1,31.8,37.0,81.0,12.0,16.0,34.583333333333336,54.38333333333333,41.50416666666666
2026-03-31 23:00:00,12.0,24.2,77,953.9,4.2,160,0.0,23,1,3,22.8,18.4,52.7,79.8,13.0,12.0,32.21666666666666,49.53333333333333,41.954166666666666
2026-04-01 00:00:00,24.7,23.9,83,954.3,2.3,129,0.0,0,2,4,12.0,26.1,41.5,91.3,12.0,37.0,25.433333333333334,43.88333333333333,41.9125
2026-04-01 01:00:00,33.7,24.5,78,955.1,4.0,122,0.0,1,2,4,24.7,22.8,31.8,67.1,12.0,28.5,22.633333333333336,38.33333333333333,42.44166666666666
2026-04-01 02:00:00,40.6,24.8,78,956.0,5.6,117,0.0,2,2,4,33.7,12.0,18.4,56.3,22.5,12.0,22.95,35.550000000000004,43.34583333333333
2026-04-01 03:00:00,12.0,26.4,70,956.8,5.0,128,0.0,3,2,4,40.6,24.7,26.1,69.6,21.8,24.2,26.650000000000002,34.24166666666667,44.099999999999994
2026-04-01 04:00:00,61.9,28.7,58,957.5,5.2,136,0.0,4,2,4,12.0,33.7,22.8,37.0,35.4,36.3,24.3,29.441666666666666,43.69166666666666
2026-04-01 05:00:00,46.0,30.8,47,957.4,5.4,143,0.0,5,2,4,61.9,40.6,12.0,52.7,36.2,31.2,30.816666666666663,31.51666666666667,44.79583333333333
2026-04-01 06:00:00,51.4,31.6,46,956.9,5.6,153,0.0,6,2,4,46.0,12.0,24.7,41.5,12.0,40.2,36.48333333333333,30.958333333333332,45.20416666666667
2026-04-01 07:00:00,63.0,32.0,44,956.0,5.4,140,0.0,7,2,4,51.4,61.9,33.7,31.8,53.8,64.6,40.93333333333333,31.78333333333333,46.84583333333333
2026-04-01 08:00:00,69.7,32.8,37,954.9,5.8,129,0.0,8,2,4,63.0,46.0,40.6,18.4,47.6,62.7,45.81666666666666,34.38333333333333,47.229166666666664
2026-04-01 09:00:00,71.8,33.1,33,953.8,5.4,132,0.0,9,2,4,69.7,51.4,12.0,26.1,65.2,68.6,50.666666666666664,38.65833333333333,48.15
2026-04-01 10:00:00,89.0,33.4,31,952.9,3.3,144,0.0,10,2,4,71.8,63.0,61.9,22.8,81.0,49.2,60.63333333333333,42.46666666666667,48.425000000000004
2026-04-01 11:00:00,90.9,33.5,30,952.5,4.0,122,0.0,11,2,4,89.0,69.7,46.0,12.0,79.8,43.7,65.15,47.98333333333333,48.75833333333333
2026-04-01 12:00:00,83.5,33.0,30,952.4,12.3,98,0.0,12,2,4,90.9,71.8,51.4,24.7,91.3,81.4,72.63333333333334,54.55833333333334,49.22083333333333
2026-04-01 13:00:00,51.2,31.9,35,953.3,11.6,102,0.0,13,2,4,83.5,89.0,63.0,33.7,67.1,72.8,77.98333333333333,59.458333333333336,48.895833333333336
2026-04-01 14:00:00,81.1,31.2,39,954.2,9.1,104,0.0,14,2,4,51.2,90.9,69.7,40.6,56.3,55.6,76.01666666666667,60.916666666666664,48.23333333333333
2026-04-01 15:00:00,60.0,30.2,42,955.0,7.3,106,0.0,15,2,4,81.1,83.5,71.8,12.0,69.6,81.2,77.91666666666667,64.29166666666667,49.26666666666667
2026-04-01 16:00:00,61.0,29.3,45,955.8,9.1,105,0.0,16,2,4,60.0,51.2,89.0,61.9,37.0,63.6,75.95,68.29166666666667,48.86666666666667
2026-04-01 17:00:00,36.1,28.6,46,956.0,10.2,113,0.0,17,2,4,61.0,81.1,90.9,46.0,52.7,56.6,71.28333333333333,68.21666666666667,49.86666666666667
2026-04-01 18:00:00,12.0,27.4,51,955.4,9.5,134,0.0,18,2,4,36.1,60.0,83.5,51.4,41.5,35.9,62.150000000000006,67.39166666666667,49.17499999999999
2026-04-01 19:00:00,37.1,26.4,56,955.3,9.1,150,0.0,19,2,4,12.0,61.0,51.2,63.0,31.8,43.7,50.23333333333334,64.10833333333333,47.945833333333326
2026-04-01 20:00:00,39.2,25.9,57,954.6,6.6,151,0.0,20,2,4,37.1,36.1,81.1,69.7,18.4,36.3,47.88333333333333,61.95000000000001,48.166666666666664
2026-04-01 21:00:00,18.7,25.3,57,954.4,5.7,134,0.0,21,2,4,39.2,12.0,60.0,71.8,26.1,12.0,40.9,59.40833333333333,49.03333333333334
2026-04-01 22:00:00,30.4,24.9,55,954.0,4.6,129,0.0,22,2,4,18.7,37.1,61.0,89.0,22.8,12.0,34.016666666666666,54.98333333333334,48.724999999999994
2026-04-01 23:00:00,37.7,24.6,54,954.0,4.6,126,0.0,23,2,4,30.4,39.2,36.1,90.9,12.0,13.0,28.916666666666668,50.1,49.041666666666664
2026-04-02 00:00:00,46.6,23.7,64,954.9,1.9,338,0.0,0,3,4,37.7,18.7,12.0,83.5,24.7,12.0,29.183333333333337,45.666666666666664,50.112500000000004
2026-04-02 01:00:00,12.0,24.1,63,956.1,4.4,353,0.0,1,3,4,46.6,30.4,37.1,51.2,33.7,12.0,34.95,42.59166666666667,51.025
2026-04-02 02:00:00,19.4,25.0,57,957.0,4.8,42,0.0,2,3,4,12.0,37.7,39.2,81.1,40.6,22.5,30.76666666666667,39.324999999999996,50.12083333333334
2026-04-02 03:00:00,45.4,26.8,48,957.9,5.5,58,0.0,3,3,4,19.4,46.6,18.7,60.0,12.0,21.8,27.46666666666667,34.18333333333333,49.237500000000004
2026-04-02 04:00:00,17.7,29.0,39,958.4,5.2,76,0.0,4,3,4,45.4,12.0,30.4,61.0,61.9,35.4,31.916666666666668,32.96666666666667,50.62916666666666
2026-04-02 05:00:00,49.7,30.9,33,958.3,6.2,97,0.0,5,3,4,17.7,19.4,37.7,36.1,46.0,36.2,29.8,29.358333333333334,48.787499999999994
2026-04-02 06:00:00,16.9,31.2,37,958.3,8.0,117,0.0,6,3,4,49.7,45.4,46.6,12.0,51.4,12.0,31.8,30.491666666666664,48.94166666666667
2026-04-02 07:00:00,54.4,32.0,36,957.5,7.7,126,0.0,7,3,4,16.9,17.7,12.0,37.1,63.0,53.8,26.849999999999998,30.899999999999995,47.50416666666666
2026-04-02 08:00:00,66.0,32.4,35,956.4,6.0,119,0.0,8,3,4,54.4,49.7,19.4,39.2,69.7,47.6,33.916666666666664,32.34166666666667,47.145833333333336
2026-04-02 09:00:00,35.3,33.0,33,955.2,4.9,129,0.0,9,3,4,66.0,16.9,45.4,18.7,71.8,65.2,41.68333333333334,34.574999999999996,46.99166666666667
2026-04-02 10:00:00,76.9,33.5,32,954.2,6.6,125,0.0,10,3,4,35.3,54.4,17.7,30.4,89.0,81.0,40.0,35.958333333333336,45.47083333333333
2026-04-02 11:00:00,67.1,33.3,32,953.6,9.2,125,0.0,11,3,4,76.9,66.0,49.7,37.7,90.9,79.8,49.86666666666667,39.833333333333336,44.96666666666667
2026-04-02 12:00:00,47.9,32.3,33,953.6,10.4,122,0.0,12,3,4,67.1,35.3,16.9,46.6,83.5,91.3,52.76666666666667,42.28333333333333,43.975
2026-04-02 13:00:00,63.6,31.5,35,954.6,9.7,125,0.0,13,3,4,47.9,76.9,54.4,12.0,51.2,67.1,57.93333333333334,42.391666666666666,42.49166666666667
2026-04-02 14:00:00,60.9,30.8,36,955.4,8.9,128,0.0,14,3,4,63.6,67.1,66.0,19.4,81.1,56.3,59.46666666666666,46.69166666666666,43.00833333333333
2026-04-02 15:00:00,56.6,30.0,40,955.8,7.4,119,0.0,15,3,4,60.9,47.9,35.3,45.4,60.0,69.6,58.61666666666667,50.15,42.166666666666664
2026-04-02 16:00:00,61.1,29.4,42,956.6,7.4,113,0.0,16,3,4,56.6,63.6,76.9,17.7,61.0,37.0,62.166666666666664,51.083333333333336,42.025
2026-04-02 17:00:00,68.3,28.9,43,956.9,5.6,119,0.0,17,3,4,61.1,60.9,67.1,49.7,36.1,52.7,59.53333333333333,54.699999999999996,42.02916666666666
2026-04-02 18:00:00,12.4,28.1,48,956.4,7.9,120,0.0,18,3,4,68.3,56.6,47.9,16.9,12.0,41.5,59.73333333333334,56.25,43.37083333333333
2026-04-02 19:00:00,46.1,27.6,50,956.0,6.6,123,0.0,19,3,4,12.4,61.1,63.6,54.4,37.1,31.8,53.81666666666666,55.875,43.387499999999996
2026-04-02 20:00:00,23.0,26.9,53,955.5,6.2,126,0.0,20,3,4,46.1,68.3,60.9,66.0,39.2,18.4,50.9,55.18333333333334,43.762499999999996
2026-04-02 21:00:00,27.6,26.2,56,955.1,7.3,134,0.0,21,3,4,23.0,12.4,56.6,35.3,18.7,26.1,44.583333333333336,51.6,43.0875
2026-04-02 22:00:00,32.0,25.4,61,954.6,6.9,147,0.0,22,3,4,27.6,46.1,61.1,76.9,30.4,22.8,39.75,50.958333333333336,43.458333333333336
2026-04-02 23:00:00,12.0,24.9,65,954.3,6.2,147,0.0,23,3,4,32.0,23.0,68.3,67.1,37.7,12.0,34.9,47.21666666666666,43.525
2026-04-03 00:00:00,50.0,24.4,71,954.6,1.1,279,0.0,0,4,4,12.0,27.6,12.4,47.9,46.6,24.7,25.516666666666666,42.62500000000001,42.45416666666667
2026-04-03 01:00:00,12.0,24.9,63,955.8,9.1,321,0.0,1,4,4,50.0,32.0,46.1,63.6,12.0,33.7,31.78333333333333,42.800000000000004,42.59583333333334
2026-04-03 02:00:00,19.5,25.7,59,957.0,5.7,302,0.0,2,4,4,12.0,12.0,23.0,60.9,19.4,40.6,26.099999999999998,38.5,42.59583333333334
2026-04-03 03:00:00,40.3,27.9,50,957.5,3.4,317,0.0,3,4,4,19.5,50.0,27.6,56.6,45.4,12.0,25.516666666666666,35.050000000000004,42.6
2026-04-03 04:00:00,37.4,29.9,44,957.9,3.1,234,0.0,4,4,4,40.3,12.0,32.0,61.1,17.7,61.9,27.633333333333336,33.69166666666666,42.387499999999996
2026-04-03 05:00:00,30.2,31.4,39,957.6,4.2,211,0.0,5,4,4,37.4,19.5,12.0,68.3,49.7,46.0,28.53333333333333,31.71666666666667,43.208333333333336
2026-04-03 06:00:00,59.1,32.0,35,957.3,2.9,202,0.0,6,4,4,30.2,40.3,50.0,12.4,16.9,51.4,31.566666666666666,28.541666666666668,42.395833333333336
2026-04-03 07:00:00,73.1,33.3,31,956.5,2.5,201,0.0,7,4,4,59.1,37.4,12.0,46.1,54.4,63.0,33.083333333333336,32.43333333333334,44.15416666666667
2026-04-03 08:00:00,81.1,34.5,27,955.4,4.2,190,0.0,8,4,4,73.1,30.2,19.5,23.0,66.0,69.7,43.26666666666667,34.68333333333333,44.93333333333334
2026-04-03 09:00:00,62.1,34.9,27,954.5,6.6,191,0.0,9,4,4,81.1,59.1,40.3,27.6,35.3,71.8,53.53333333333333,39.525,45.5625
2026-04-03 10:00:00,79.7,34.9,28,953.7,7.0,193,0.0,10,4,4,62.1,73.1,37.4,32.0,76.9,89.0,57.166666666666664,42.4,46.67916666666667
2026-04-03 11:00:00,57.9,34.4,29,953.1,7.0,198,0.0,11,4,4,79.7,81.1,30.2,12.0,67.1,90.9,64.21666666666667,46.375,46.79583333333333
2026-04-03 12:00:00,87.5,34.3,27,952.8,7.5,150,0.0,12,4,4,57.9,62.1,59.1,50.0,47.9,83.5,68.83333333333333,50.199999999999996,46.4125
2026-04-03 13:00:00,91.3,33.4,28,953.0,7.5,138,0.0,13,4,4,87.5,79.7,73.1,12.0,63.6,51.2,73.56666666666666,53.324999999999996,48.0625
2026-04-03 14:00:00,65.5,32.1,32,953.7,7.2,129,0.0,14,4,4,91.3,57.9,81.1,19.5,60.9,81.1,76.6,59.93333333333333,49.21666666666667
2026-04-03 15:00:00,78.9,31.2,34,954.7,6.1,109,0.0,15,4,4,65.5,87.5,62.1,40.3,56.6,60.0,74.0,63.76666666666666,49.40833333333333
2026-04-03 16:00:00,34.3,30.7,35,955.5,6.0,85,0.0,16,4,4,78.9,91.3,79.7,37.4,61.1,61.0,76.8,66.98333333333333,50.337500000000006
2026-04-03 17:00:00,67.1,30.1,35,955.8,4.7,113,0.0,17,4,4,34.3,65.5,57.9,30.2,68.3,36.1,69.23333333333333,66.72500000000001,49.22083333333333
2026-04-03 18:00:00,19.0,29.5,36,955.0,7.6,142,0.0,18,4,4,67.1,78.9,87.5,59.1,12.4,12.0,70.76666666666667,69.8,49.17083333333333
2026-04-03 19:00:00,23.7,29.1,36,954.6,8.4,138,0.0,19,4,4,19.0,34.3,91.3,73.1,46.1,37.1,59.35,66.45833333333333,49.44583333333333
2026-04-03 20:00:00,28.0,28.1,41,954.5,7.5,132,0.0,20,4,4,23.7,67.1,65.5,81.1,23.0,39.2,48.083333333333336,62.34166666666667,48.512499999999996
2026-04-03 21:00:00,15.5,27.1,44,954.0,10.5,323,0.0,21,4,4,28.0,19.0,78.9,62.1,27.6,18.7,41.833333333333336,57.916666666666664,48.72083333333333
2026-04-03 22:00:00,33.6,26.9,47,953.2,3.1,54,0.0,22,4,4,15.5,23.7,34.3,79.7,32.0,30.4,31.266666666666662,54.03333333333333,48.21666666666667
2026-04-03 23:00:00,34.8,26.1,51,953.2,5.2,331,0.0,23,4,4,33.6,28.0,67.1,57.9,12.0,37.7,31.149999999999995,50.19166666666666,48.28333333333333
2026-04-04 00:00:00,15.7,26.3,54,953.4,5.5,259,0.0,0,5,4,34.8,15.5,19.0,87.5,50.0,46.6,25.766666666666666,48.26666666666667,49.23333333333334
2026-04-04 01:00:00,12.0,26.3,53,954.9,10.3,289,0.0,1,5,4,15.7,33.6,23.7,91.3,12.0,12.0,25.216666666666665,42.28333333333333,47.80416666666667
2026-04-04 02:00:00,24.4,27.1,52,955.7,6.4,322,0.0,2,5,4,12.0,34.8,28.0,65.5,19.5,19.4,23.266666666666666,35.675,47.80416666666667
2026-04-04 03:00:00,23.2,28.6,49,956.2,5.3,315,0.0,3,5,4,24.4,15.7,15.5,78.9,40.3,45.4,22.666666666666668,32.25,48.00833333333333
2026-04-04 04:00:00,69.7,30.7,40,956.9,5.4,307,0.0,4,5,4,23.2,12.0,33.6,34.3,37.4,17.7,23.95,27.608333333333334,47.29583333333334
2026-04-04 05:00:00,41.8,32.2,34,956.6,4.7,310,0.0,5,5,4,69.7,24.4,34.8,67.1,30.2,49.7,29.96666666666667,30.558333333333334,48.64166666666667
2026-04-04 06:00:00,50.0,31.8,35,956.1,4.1,311,0.0,6,5,4,41.8,23.2,15.7,19.0,59.1,16.9,31.13333333333333,28.450000000000003,49.125
2026-04-04 07:00:00,58.7,33.3,32,955.6,3.6,311,0.0,7,5,4,50.0,69.7,12.0,23.7,73.1,54.4,36.85,31.03333333333333,48.74583333333334
2026-04-04 08:00:00,67.1,34.5,29,954.4,3.8,287,0.0,8,5,4,58.7,41.8,24.4,28.0,81.1,66.0,44.63333333333333,33.949999999999996,48.145833333333336
2026-04-04 09:00:00,58.6,34.6,29,953.1,4.7,279,0.0,9,5,4,67.1,50.0,23.2,15.5,62.1,35.3,51.75,37.208333333333336,47.5625
2026-04-04 10:00:00,106.4,34.4,29,952.3,3.7,293,0.0,10,5,4,58.6,58.7,69.7,33.6,79.7,76.9,57.65,40.8,47.416666666666664
2026-04-04 11:00:00,77.5,33.8,30,952.1,3.0,295,0.0,11,5,4,106.4,67.1,41.8,34.8,57.9,67.1,63.76666666666667,46.86666666666667,48.52916666666667
2026-04-04 12:00:00,70.7,33.1,31,951.9,8.8,101,0.0,12,5,4,77.5,58.6,50.0,15.7,87.5,47.9,69.71666666666667,50.42499999999999,49.34583333333333
2026-04-04 13:00:00,89.0,33.0,31,952.9,4.8,77,0.1,13,5,4,70.7,106.4,58.7,12.0,91.3,63.6,73.16666666666667,55.00833333333333,48.645833333333336
2026-04-04 14:00:00,63.3,32.7,31,953.5,4.6,69,0.0,14,5,4,89.0,77.5,67.1,24.4,65.5,60.9,78.21666666666667,61.425000000000004,48.550000000000004
2026-04-04 15:00:00,95.3,32.2,32,953.8,5.7,139,0.0,15,5,4,63.3,70.7,58.6,23.2,78.9,56.6,77.58333333333333,64.66666666666667,48.458333333333336
2026-04-04 16:00:00,66.4,31.1,36,954.7,5.9,160,0.0,16,5,4,95.3,89.0,106.4,69.7,34.3,61.1,83.7,70.675,49.14166666666666
2026-04-04 17:00:00,55.8,30.8,37,954.7,2.9,133,0.0,17,5,4,66.4,63.3,77.5,41.8,67.1,68.3,77.03333333333333,70.4,50.479166666666664
2026-04-04 18:00:00,64.6,29.9,41,953.9,1.7,328,0.0,18,5,4,55.8,95.3,70.7,50.0,19.0,12.4,73.41666666666667,71.56666666666666,50.00833333333333
2026-04-04 19:00:00,41.3,29.7,42,953.9,6.6,347,0.0,19,5,4,64.6,66.4,89.0,58.7,23.7,46.1,72.39999999999999,72.78333333333333,51.90833333333333
2026-04-04 20:00:00,48.1,28.9,45,953.3,4.2,317,0.0,20,5,4,41.3,55.8,63.3,67.1,28.0,23.0,64.45,71.33333333333333,52.64166666666667
2026-04-04 21:00:00,47.7,28.0,49,952.9,5.5,234,0.0,21,5,4,48.1,64.6,95.3,58.6,15.5,27.6,61.916666666666664,69.75,53.479166666666664
2026-04-04 22:00:00,41.1,27.3,53,952.6,6.0,314,0.0,22,5,4,47.7,41.3,66.4,106.4,33.6,32.0,53.98333333333333,68.84166666666667,54.82083333333333
2026-04-04 23:00:00,37.3,27.1,53,952.7,4.9,352,0.0,23,5,4,41.1,48.1,55.8,77.5,34.8,12.0,49.76666666666667,63.400000000000006,55.13333333333333
2026-04-05 00:00:00,22.9,27.5,52,952.8,2.8,225,0.0,0,6,4,37.3,47.7,64.6,70.7,15.7,50.0,46.68333333333334,60.050000000000004,55.23749999999999
2026-04-05 01:00:00,12.0,27.4,53,953.7,6.9,147,0.0,1,6,4,22.9,41.1,41.3,89.0,12.0,12.0,39.733333333333334,56.06666666666666,55.5375
2026-04-05 02:00:00,37.1,28.6,46,954.7,0.9,191,0.0,2,6,4,12.0,37.3,48.1,63.3,24.4,19.5,34.85,49.65,55.5375
2026-04-05 03:00:00,39.6,30.2,41,955.8,5.1,324,0.0,3,6,4,37.1,22.9,47.7,95.3,23.2,40.3,33.016666666666666,47.46666666666667,56.06666666666666
2026-04-05 04:00:00,20.4,31.0,39,956.3,8.5,308,0.0,4,6,4,39.6,12.0,41.1,66.4,69.7,37.4,31.666666666666668,42.824999999999996,56.75
2026-04-05 05:00:00,38.1,31.7,37,956.3,6.3,325,0.1,5,6,4,20.4,37.1,37.3,55.8,41.8,30.2,28.216666666666665,38.99166666666667,54.695833333333326
2026-04-05 06:00:00,51.1,31.5,39,955.7,6.5,332,0.4,6,6,4,38.1,39.6,22.9,64.6,50.0,59.1,28.349999999999998,37.51666666666667,54.541666666666664
2026-04-05 07:00:00,80.3,31.9,39,955.2,6.0,355,0.8,7,6,4,51.1,20.4,12.0,41.3,58.7,73.1,33.050000000000004,36.391666666666666,54.5875
2026-04-05 08:00:00,38.1,32.4,39,953.9,5.3,10,0.7,8,6,4,80.3,38.1,37.1,48.1,67.1,81.1,44.43333333333334,39.641666666666666,55.48749999999999
2026-04-05 09:00:00,63.0,32.3,40,953.0,4.0,350,0.2,9,6,4,38.1,51.1,39.6,47.7,58.6,62.1,44.6,38.80833333333334,54.27916666666667
2026-04-05 10:00:00,76.7,32.3,40,952.2,3.8,343,0.1,10,6,4,63.0,80.3,20.4,41.1,106.4,79.7,48.5,40.083333333333336,54.462500000000006
2026-04-05 11:00:00,90.3,32.6,38,951.9,4.8,315,0.0,11,6,4,76.7,38.1,38.1,37.3,77.5,57.9,57.88333333333335,43.050000000000004,53.225
2026-04-05 12:00:00,48.3,33.9,27,951.7,5.4,318,0.0,12,6,4,90.3,63.0,51.1,22.9,70.7,87.5,66.58333333333333,47.46666666666667,53.75833333333333
2026-04-05 13:00:00,70.9,33.4,27,952.4,4.5,286,0.0,13,6,4,48.3,76.7,80.3,12.0,89.0,91.3,66.11666666666666,49.583333333333336,52.824999999999996
2026-04-05 14:00:00,70.6,32.1,31,953.4,5.8,4,0.0,14,6,4,70.9,90.3,38.1,37.1,63.3,65.5,64.55,54.491666666666674,52.07083333333333
2026-04-05 15:00:00,64.2,31.3,36,953.7,6.2,98,0.0,15,6,4,70.6,48.3,63.0,39.6,95.3,78.9,69.96666666666667,57.28333333333333,52.375
2026-04-05 16:00:00,62.5,30.4,42,954.1,7.6,102,0.0,16,6,4,64.2,70.9,76.7,20.4,66.4,34.3,70.16666666666667,59.333333333333336,51.07916666666667
2026-04-05 17:00:00,53.1,29.3,47,954.6,6.5,85,0.0,17,6,4,62.5,70.6,90.3,38.1,55.8,67.1,67.8,62.84166666666667,50.916666666666664
2026-04-05 18:00:00,60.7,29.4,49,954.3,3.2,133,0.0,18,6,4,53.1,64.2,48.3,51.1,64.6,19.0,61.6,64.09166666666667,50.80416666666667
2026-04-05 19:00:00,43.8,29.1,50,954.0,4.2,173,0.0,19,6,4,60.7,62.5,70.9,80.3,41.3,23.7,63.666666666666664,64.89166666666667,50.64166666666667
2026-04-05 20:00:00,46.6,28.6,52,953.0,4.6,171,0.0,20,6,4,43.8,53.1,70.6,38.1,48.1,28.0,59.150000000000006,61.85,50.74583333333333
2026-04-05 21:00:00,49.4,27.9,53,952.6,5.4,206,0.0,21,6,4,46.6,60.7,64.2,63.0,47.7,15.5,55.15,62.55833333333334,50.68333333333334
2026-04-05 22:00:00,24.3,27.3,54,952.6,5.1,234,0.0,22,6,4,49.4,43.8,62.5,76.7,41.1,33.6,52.68333333333334,61.425000000000004,50.75416666666666
2026-04-05 23:00:00,20.0,26.3,58,952.8,5.5,261,0.0,23,6,4,24.3,46.6,53.1,90.3,37.3,34.8,46.31666666666667,57.05833333333334,50.05416666666667
2026-04-06 00:00:00,21.5,25.2,66,953.2,8.2,293,0.0,0,0,4,20.0,49.4,60.7,48.3,22.9,15.7,40.8,51.199999999999996,49.333333333333336
2026-04-06 01:00:00,12.0,25.1,62,954.3,9.7,305,0.0,1,0,4,21.5,24.3,43.8,70.9,12.0,12.0,34.266666666666666,48.96666666666667,49.275
2026-04-06 02:00:00,12.0,26.2,48,955.1,8.6,307,0.0,2,0,4,12.0,20.0,46.6,70.6,37.1,24.4,28.966666666666665,44.05833333333334,49.275
2026-04-06 03:00:00,12.0,28.2,39,955.8,10.1,313,0.0,3,0,4,12.0,21.5,49.4,64.2,39.6,23.2,23.2,39.175000000000004,48.229166666666664
2026-04-06 04:00:00,24.8,30.2,33,956.4,9.8,317,0.0,4,0,4,12.0,12.0,24.3,62.5,20.4,69.7,16.966666666666665,34.824999999999996,47.07916666666666
2026-04-06 05:00:00,23.0,31.9,30,956.5,8.6,323,0.0,5,0,4,24.8,12.0,20.0,53.1,38.1,41.8,17.05,31.683333333333334,47.26250000000001
2026-04-06 06:00:00,44.9,32.4,30,956.5,7.8,314,0.0,6,0,4,23.0,12.0,21.5,60.7,51.1,50.0,17.55,29.175,46.63333333333333
2026-04-06 07:00:00,59.6,33.8,28,955.8,7.3,280,0.0,7,0,4,44.9,24.8,12.0,43.8,80.3,58.7,21.45,27.85833333333333,46.375
2026-04-06 08:00:00,63.3,34.3,26,954.8,9.6,250,0.0,8,0,4,59.6,23.0,12.0,46.6,38.1,67.1,29.383333333333336,29.175,45.51250000000001
2026-04-06 09:00:00,65.4,34.4,26,953.9,11.1,248,0.0,9,0,4,63.3,44.9,12.0,49.4,63.0,58.6,37.93333333333333,30.566666666666666,46.5625
2026-04-06 10:00:00,61.5,34.3,25,953.1,8.9,246,0.0,10,0,4,65.4,59.6,24.8,24.3,76.7,106.4,46.833333333333336,31.900000000000002,46.662499999999994
2026-04-06 11:00:00,101.9,34.6,24,952.6,8.2,247,0.0,11,0,4,61.5,63.3,23.0,20.0,90.3,77.5,52.949999999999996,35.0,46.02916666666666
2026-04-06 12:00:00,49.3,34.7,21,952.0,13.1,247,0.0,12,0,4,101.9,65.4,44.9,21.5,48.3,70.7,66.10000000000001,41.825,46.512499999999996
2026-04-06 13:00:00,44.5,33.8,23,952.8,15.4,240,0.0,13,0,4,49.3,61.5,59.6,12.0,70.9,89.0,66.83333333333333,44.14166666666667,46.55416666666667
2026-04-06 14:00:00,56.0,32.9,25,953.5,13.9,219,0.0,14,0,4,44.5,101.9,63.3,12.0,70.6,63.3,64.31666666666666,46.85,45.45416666666666
2026-04-06 15:00:00,38.0,31.9,27,954.1,10.1,215,0.0,15,0,4,56.0,49.3,65.4,12.0,64.2,95.3,63.1,50.51666666666667,44.84583333333333
2026-04-06 16:00:00,51.4,30.8,29,954.6,7.8,218,0.0,16,0,4,38.0,44.5,61.5,24.8,62.5,66.4,58.53333333333333,52.68333333333334,43.75416666666666
2026-04-06 17:00:00,72.7,29.7,30,955.0,7.5,250,0.0,17,0,4,51.4,56.0,101.9,23.0,53.1,55.8,56.85,54.900000000000006,43.291666666666664
2026-04-06 18:00:00,31.7,29.0,29,954.6,9.4,267,0.0,18,0,4,72.7,38.0,49.3,44.9,60.7,64.6,51.98333333333333,59.041666666666664,44.10833333333334
2026-04-06 19:00:00,33.5,28.5,29,954.4,7.0,288,0.0,19,0,4,31.7,51.4,44.5,59.6,43.8,41.3,49.050000000000004,57.94166666666666,42.9
2026-04-06 20:00:00,25.8,27.5,30,954.1,6.8,323,0.0,20,0,4,33.5,72.7,56.0,63.3,46.6,48.1,47.21666666666667,55.76666666666667,42.47083333333334
2026-04-06 21:00:00,19.5,27.3,28,953.4,6.7,294,0.0,21,0,4,25.8,31.7,38.0,65.4,49.4,47.7,42.18333333333333,52.64166666666667,41.604166666666664
2026-04-06 22:00:00,12.0,26.3,30,953.1,8.9,302,0.0,22,0,4,19.5,33.5,51.4,61.5,24.3,41.1,39.1,48.81666666666667,40.358333333333334
2026-04-06 23:00:00,28.5,25.6,33,953.2,7.1,317,0.0,23,0,4,12.0,25.8,72.7,101.9,20.0,37.3,32.53333333333334,44.69166666666667,39.84583333333333
2026-04-07 00:00:00,41.0,24.7,41,953.5,2.2,9,0.0,0,1,4,28.5,19.5,31.7,49.3,21.5,22.9,25.166666666666668,38.574999999999996,40.199999999999996
2026-04-07 01:00:00,25.9,25.3,38,954.7,5.2,335,0.0,1,1,4,41.0,12.0,33.5,44.5,12.0,12.0,26.71666666666667,37.88333333333333,41.012499999999996
2026-04-07 02:00:00,25.0,26.2,36,955.5,4.5,331,0.0,2,1,4,25.9,28.5,25.8,56.0,12.0,37.1,25.45,36.333333333333336,41.59166666666666
2026-04-07 03:00:00,29.6,28.3,31,956.4,5.2,333,0.0,3,1,4,25.0,41.0,19.5,38.0,12.0,39.6,25.316666666666666,33.75,42.13333333333333
2026-04-07 04:00:00,24.7,30.9,27,956.8,9.1,353,0.0,4,1,4,29.6,25.9,12.0,51.4,24.8,20.4,27.0,33.050000000000004,42.86666666666667
2026-04-07 05:00:00,17.1,32.0,25,956.7,10.5,353,0.0,5,1,4,24.7,25.0,28.5,72.7,23.0,38.1,29.116666666666664,30.825,42.862500000000004
2026-04-07 06:00:00,34.1,32.3,26,956.5,7.6,345,0.0,6,1,4,17.1,29.6,41.0,31.7,44.9,51.1,27.21666666666667,26.191666666666666,42.61666666666667
2026-04-07 07:00:00,67.6,33.7,23,955.7,7.1,322,0.0,7,1,4,34.1,24.7,25.9,33.5,59.6,80.3,26.066666666666666,26.39166666666667,42.166666666666664
2026-04-07 08:00:00,54.3,34.5,21,954.7,8.7,292,0.0,8,1,4,67.6,17.1,25.0,25.8,63.3,38.1,33.016666666666666,29.233333333333334,42.5
2026-04-07 09:00:00,52.1,34.6,21,953.9,11.6,275,0.0,9,1,4,54.3,34.1,29.6,19.5,65.4,63.0,37.9,31.608333333333334,42.125
2026-04-07 10:00:00,56.9,34.0,23,953.2,12.4,280,0.0,10,1,4,52.1,67.6,24.7,12.0,61.5,76.7,41.65,34.324999999999996,41.57083333333333
2026-04-07 11:00:00,38.7,33.6,24,952.8,9.8,306,0.0,11,1,4,56.9,54.3,17.1,28.5,101.9,90.3,47.01666666666667,38.06666666666667,41.37916666666667
2026-04-07 12:00:00,79.2,33.6,23,952.3,7.3,301,0.0,12,1,4,38.7,52.1,34.1,41.0,49.3,48.3,50.61666666666667,38.916666666666664,38.74583333333333
2026-04-07 13:00:00,69.0,33.3,23,952.8,7.0,339,0.0,13,1,4,79.2,56.9,67.6,25.9,44.5,70.9,58.13333333333333,42.1,39.99166666666667
2026-04-07 14:00:00,67.2,31.7,28,953.4,10.7,351,0.0,14,1,4,69.0,38.7,54.3,25.0,56.0,70.6,58.36666666666667,45.69166666666667,41.012499999999996
2026-04-07 15:00:00,75.8,31.3,28,954.1,9.1,343,0.0,15,1,4,67.2,79.2,52.1,29.6,38.0,64.2,60.51666666666667,49.208333333333336,41.479166666666664
2026-04-07 16:00:00,49.7,30.9,28,954.3,7.0,342,0.0,16,1,4,75.8,69.0,56.9,24.7,51.4,62.5,64.46666666666667,53.05833333333334,43.05416666666667
2026-04-07 17:00:00,60.2,30.3,29,954.5,5.1,337,0.0,17,1,4,49.7,67.2,38.7,17.1,72.7,53.1,63.26666666666667,55.14166666666666,42.98333333333333
2026-04-07 18:00:00,55.6,29.8,30,954.4,1.4,230,0.0,18,1,4,60.2,75.8,79.2,34.1,31.7,60.7,66.85000000000001,58.73333333333334,42.4625
2026-04-07 19:00:00,41.0,29.2,32,954.1,1.5,173,0.0,19,1,4,55.6,49.7,69.0,67.6,33.5,43.8,62.916666666666664,60.525000000000006,43.458333333333336
2026-04-07 20:00:00,42.7,28.7,32,953.6,3.8,315,0.0,20,1,4,41.0,60.2,67.2,54.3,25.8,46.6,58.25,58.30833333333334,43.770833333333336
2026-04-07 21:00:00,13.1,27.6,34,952.9,4.4,302,0.0,21,1,4,42.7,55.6,75.8,52.1,19.5,49.4,54.166666666666664,57.34166666666667,44.475
2026-04-07 22:00:00,35.6,26.8,36,952.7,2.6,51,0.0,22,1,4,13.1,41.0,49.7,56.9,12.0,24.3,43.71666666666667,54.09166666666667,44.208333333333336
2026-04-07 23:00:00,14.4,26.2,37,952.5,4.9,332,0.0,23,1,4,35.6,42.7,60.2,38.7,28.5,20.0,41.36666666666667,52.31666666666667,45.19166666666667
2026-04-08 00:00:00,12.0,25.2,43,953.1,8.7,310,0.0,0,2,4,14.4,13.1,55.6,79.2,41.0,21.5,33.733333333333334,50.291666666666664,44.604166666666664
2026-04-08 01:00:00,27.6,25.8,41,954.0,9.6,322,0.0,1,2,4,12.0,35.6,41.0,69.0,25.9,12.0,26.46666666666667,44.69166666666666,43.395833333333336
2026-04-08 02:00:00,16.6,26.6,40,955.0,8.7,313,0.0,2,2,4,27.6,14.4,42.7,67.2,25.0,12.0,24.233333333333334,41.24166666666667,43.46666666666667
2026-04-08 03:00:00,12.0,28.9,31,956.3,8.9,326,0.0,3,2,4,16.6,12.0,13.1,75.8,29.6,12.0,19.883333333333336,37.025000000000006,43.116666666666674
2026-04-08 04:00:00,22.1,30.9,27,956.7,8.5,342,0.0,4,2,4,12.0,27.6,35.6,49.7,24.7,24.8,19.7,31.708333333333332,42.38333333333333
2026-04-08 05:00:00,37.5,32.5,24,956.5,7.1,351,0.0,5,2,4,22.1,16.6,14.4,60.2,17.1,23.0,17.45,29.40833333333333,42.275
2026-04-08 06:00:00,51.1,33.3,23,955.9,5.2,326,0.0,6,2,4,37.5,12.0,12.0,55.6,34.1,44.9,21.3,27.516666666666666,43.125
2026-04-08 07:00:00,67.3,34.8,20,955.3,7.1,306,0.0,7,2,4,51.1,22.1,27.6,41.0,67.6,59.6,27.816666666666666,27.14166666666667,43.833333333333336
2026-04-08 08:00:00,37.5,35.4,19,954.4,9.6,300,0.0,8,2,4,67.3,37.5,16.6,42.7,54.3,63.3,34.43333333333334,29.333333333333332,43.82083333333333
2026-04-08 09:00:00,77.8,35.6,19,953.3,11.2,294,0.0,9,2,4,37.5,51.1,12.0,13.1,52.1,65.4,37.916666666666664,28.899999999999995,43.12083333333334
2026-04-08 10:00:00,55.9,35.2,20,952.7,13.0,294,0.0,10,2,4,77.8,67.3,22.1,35.6,56.9,61.5,48.883333333333326,34.291666666666664,44.19166666666667
2026-04-08 11:00:00,62.2,34.9,21,952.4,10.6,302,0.0,11,2,4,55.9,37.5,37.5,14.4,38.7,101.9,54.51666666666667,35.983333333333334,44.15
2026-04-08 12:00:00,76.1,34.7,21,952.3,9.7,310,0.0,12,2,4,62.2,77.8,51.1,12.0,79.2,49.3,58.63333333333333,39.96666666666667,45.12916666666667
2026-04-08 13:00:00,64.0,34.4,21,952.8,3.2,3,0.0,13,2,4,76.1,55.9,67.3,27.6,69.0,44.5,62.79999999999999,45.30833333333334,45.0
2026-04-08 14:00:00,83.7,33.0,24,953.2,5.9,102,0.0,14,2,4,64.0,62.2,37.5,16.6,67.2,56.0,62.25,48.34166666666667,44.791666666666664
2026-04-08 15:00:00,61.1,31.9,27,953.8,8.0,132,0.0,15,2,4,83.7,76.1,77.8,12.0,75.8,38.0,69.95,53.93333333333333,45.479166666666664
2026-04-08 16:00:00,54.0,31.4,27,954.4,5.7,127,0.0,16,2,4,61.1,64.0,55.9,22.1,49.7,51.4,67.16666666666666,58.025,44.86666666666667
2026-04-08 17:00:00,24.7,30.9,27,954.4,7.0,119,0.0,17,2,4,54.0,83.7,62.2,37.5,60.2,72.7,66.85,60.68333333333333,45.04583333333333
2026-04-08 18:00:00,55.5,29.3,32,954.4,4.3,253,0.0,18,2,4,24.7,61.1,76.1,51.1,55.6,31.7,60.6,59.61666666666667,43.56666666666667
2026-04-08 19:00:00,55.1,28.4,36,953.8,4.6,228,0.0,19,2,4,55.5,54.0,64.0,67.3,41.0,33.5,57.166666666666664,59.98333333333334,43.5625
2026-04-08 20:00:00,12.0,28.1,36,953.5,6.6,127,0.0,20,2,4,55.1,24.7,83.7,37.5,42.7,25.8,55.68333333333333,58.96666666666667,44.15
2026-04-08 21:00:00,12.6,27.9,38,952.9,5.0,125,0.0,21,2,4,12.0,55.5,61.1,77.8,13.1,19.5,43.73333333333333,56.84166666666667,42.87083333333333
2026-04-08 22:00:00,35.6,27.6,42,953.0,3.4,162,0.0,22,2,4,12.6,55.1,54.0,55.9,35.6,12.0,35.65,51.40833333333333,42.85
2026-04-08 23:00:00,23.8,26.5,45,953.6,7.3,298,0.0,23,2,4,35.6,12.0,24.7,62.2,14.4,28.5,32.583333333333336,49.71666666666667,42.85
2026-04-09 00:00:00,25.7,26.0,47,953.7,4.7,270,0.0,0,3,4,23.8,12.6,55.5,76.1,12.0,41.0,32.43333333333333,46.51666666666667,43.24166666666667
2026-04-09 01:00:00,20.0,25.9,49,954.8,5.1,266,0.0,1,3,4,25.7,35.6,55.1,64.0,27.6,25.9,27.46666666666667,42.31666666666666,43.8125
2026-04-09 02:00:00,24.9,27.0,45,956.0,4.2,295,0.0,2,3,4,20.0,23.8,12.0,83.7,16.6,25.0,21.61666666666667,38.65,43.49583333333334
2026-04-09 03:00:00,42.3,29.3,36,956.8,4.9,327,0.0,3,3,4,24.9,25.7,12.6,61.1,12.0,29.6,23.76666666666667,33.75,43.84166666666667
2026-04-09 04:00:00,12.0,31.4,29,957.4,6.6,349,0.0,4,3,4,42.3,20.0,35.6,54.0,22.1,24.7,28.71666666666667,32.18333333333334,45.104166666666664
2026-04-09 05:00:00,38.7,33.0,25,957.2,6.5,354,0.0,5,3,4,12.0,24.9,23.8,24.7,37.5,17.1,24.78333333333333,28.683333333333337,44.68333333333334
2026-04-09 06:00:00,55.9,33.5,26,956.8,6.3,353,0.0,6,3,4,38.7,42.3,25.7,55.5,51.1,34.1,27.266666666666666,29.849999999999998,44.73333333333333
2026-04-09 07:00:00,41.9,35.1,23,956.1,5.1,324,0.0,7,3,4,55.9,12.0,20.0,55.1,67.3,67.6,32.300000000000004,29.883333333333336,44.93333333333333
2026-04-09 08:00:00,60.4,36.3,20,954.9,8.8,285,0.0,8,3,4,41.9,38.7,24.9,12.0,37.5,54.3,35.949999999999996,28.78333333333333,43.875
2026-04-09 09:00:00,48.8,36.3,20,953.9,13.9,280,0.0,9,3,4,60.4,55.9,42.3,12.6,77.8,52.1,41.86666666666667,32.81666666666667,44.82916666666667
2026-04-09 10:00:00,65.7,35.9,22,953.4,13.5,283,0.0,10,3,4,48.8,41.9,12.0,35.6,55.9,56.9,42.949999999999996,35.833333333333336,43.62083333333334
2026-04-09 11:00:00,55.6,35.5,22,953.2,15.9,288,0.0,11,3,4,65.7,60.4,38.7,23.8,62.2,38.7,51.9,38.34166666666667,44.02916666666667
2026-04-09 12:00:00,66.0,34.6,23,953.6,11.5,292,0.0,12,3,4,55.6,48.8,55.9,25.7,76.1,79.2,54.71666666666667,40.99166666666667,43.75416666666667
2026-04-09 13:00:00,74.0,33.9,24,954.3,9.5,307,0.0,13,3,4,66.0,65.7,41.9,20.0,64.0,69.0,56.4,44.35,43.333333333333336
2026-04-09 14:00:00,75.0,33.4,26,955.0,7.3,332,0.0,14,3,4,74.0,55.6,60.4,24.9,83.7,67.2,61.75,48.85,43.75
2026-04-09 15:00:00,59.4,32.7,27,955.5,5.8,14,0.0,15,3,4,75.0,66.0,48.8,42.3,61.1,75.8,64.18333333333334,53.025000000000006,43.387499999999996
2026-04-09 16:00:00,61.1,31.8,29,956.1,4.9,39,0.0,16,3,4,59.4,74.0,65.7,12.0,54.0,49.7,65.95,54.449999999999996,43.31666666666667
2026-04-09 17:00:00,58.5,31.1,31,956.2,5.2,31,0.0,17,3,4,61.1,75.0,55.6,38.7,24.7,60.2,65.18333333333334,58.541666666666664,43.612500000000004
2026-04-09 18:00:00,42.8,30.2,34,956.1,3.3,29,0.0,18,3,4,58.5,59.4,66.0,55.9,55.5,55.6,65.66666666666667,60.19166666666667,45.020833333333336
2026-04-09 19:00:00,31.5,29.8,35,955.6,3.7,35,0.0,19,3,4,42.8,61.1,74.0,41.9,55.1,41.0,61.79999999999999,59.099999999999994,44.49166666666667
2026-04-09 20:00:00,12.0,28.3,39,955.2,9.2,125,0.0,20,3,4,31.5,58.5,75.0,60.4,12.0,42.7,54.71666666666666,58.23333333333333,43.50833333333333
2026-04-09 21:00:00,28.5,27.0,49,954.7,5.7,108,0.0,21,3,4,12.0,42.8,59.4,48.8,12.6,13.1,44.21666666666667,54.199999999999996,43.50833333333333
2026-04-09 22:00:00,34.0,26.3,53,954.6,4.5,104,0.0,22,3,4,28.5,31.5,61.1,65.7,35.6,35.6,39.06666666666666,52.50833333333333,44.17083333333334
2026-04-09 23:00:00,12.0,26.1,55,954.5,2.1,165,0.0,23,3,4,34.0,12.0,58.5,55.6,23.8,14.4,34.550000000000004,49.86666666666667,44.104166666666664
2026-04-10 00:00:00,18.5,25.7,60,955.0,5.8,284,0.0,0,4,4,12.0,28.5,42.8,66.0,25.7,12.0,26.8,46.23333333333333,43.612500000000004
2026-04-10 01:00:00,22.0,26.2,56,955.8,4.7,288,0.0,1,4,4,18.5,34.0,31.5,74.0,20.0,27.6,22.75,42.275,43.3125
2026-04-10 02:00:00,51.3,27.8,46,956.9,3.4,288,0.0,2,4,4,22.0,12.0,12.0,75.0,24.9,16.6,21.166666666666668,37.94166666666666,43.395833333333336
2026-04-10 03:00:00,30.7,30.2,34,957.9,3.7,299,0.0,3,4,4,51.3,18.5,28.5,59.4,42.3,12.0,27.71666666666667,35.96666666666666,44.49583333333333
2026-04-10 04:00:00,27.1,32.1,30,958.6,2.8,315,0.0,4,4,4,30.7,22.0,34.0,61.1,12.0,22.1,28.083333333333332,33.574999999999996,44.012499999999996
2026-04-10 05:00:00,39.8,33.8,27,958.3,2.2,48,0.0,5,4,4,27.1,51.3,12.0,58.5,38.7,37.5,26.933333333333334,30.741666666666664,44.64166666666667
2026-04-10 06:00:00,53.3,34.5,27,957.7,5.2,46,0.0,6,4,4,39.8,30.7,18.5,42.8,55.9,51.1,31.566666666666663,29.183333333333326,44.6875
2026-04-10 07:00:00,50.3,35.8,25,956.9,6.3,31,0.0,7,4,4,53.3,27.1,22.0,31.5,41.9,67.3,37.36666666666667,30.058333333333334,44.57916666666666
2026-04-10 08:00:00,57.5,36.8,23,955.8,9.2,12,0.0,8,4,4,50.3,39.8,51.3,12.0,60.4,37.5,42.083333333333336,31.625,44.929166666666674
2026-04-10 09:00:00,77.1,36.8,22,954.7,12.2,8,0.0,9,4,4,57.5,53.3,30.7,28.5,48.8,77.8,43.11666666666667,35.416666666666664,44.80833333333334
2026-04-10 10:00:00,61.4,36.4,22,954.2,11.3,10,0.0,10,4,4,77.1,50.3,27.1,34.0,65.7,55.9,50.849999999999994,39.46666666666667,45.987500000000004
2026-04-10 11:00:00,51.4,36.1,21,953.9,10.2,14,0.0,11,4,4,61.4,57.5,39.8,12.0,55.6,62.2,56.56666666666666,41.75,45.80833333333334
2026-04-10 12:00:00,66.0,35.1,24,954.2,10.1,27,0.0,12,4,4,51.4,77.1,53.3,18.5,66.0,76.1,58.5,45.03333333333333,45.633333333333326
2026-04-10 13:00:00,68.4,34.5,24,954.9,10.2,28,0.0,13,4,4,66.0,61.4,50.3,22.0,74.0,64.0,60.61666666666667,48.99166666666667,45.633333333333326
2026-04-10 14:00:00,45.8,33.6,26,955.8,8.4,40,0.0,14,4,4,68.4,51.4,57.5,51.3,75.0,83.7,63.633333333333326,52.85833333333333,45.4
2026-04-10 15:00:00,58.9,32.8,30,956.3,6.9,62,0.0,15,4,4,45.8,66.0,77.1,30.7,59.4,61.1,61.68333333333333,52.400000000000006,44.18333333333334
2026-04-10 16:00:00,70.0,31.8,33,956.8,6.0,57,0.0,16,4,4,58.9,68.4,61.4,27.1,61.1,54.0,58.650000000000006,54.75,44.1625
2026-04-10 17:00:00,74.8,31.1,34,956.9,5.9,52,0.0,17,4,4,70.0,45.8,51.4,39.8,58.5,24.7,60.083333333333336,58.324999999999996,44.53333333333333
2026-04-10 18:00:00,64.2,30.3,36,956.6,4.2,102,0.0,18,4,4,74.8,58.9,66.0,53.3,42.8,55.5,63.98333333333333,61.24166666666667,45.2125
2026-04-10 19:00:00,44.9,30.0,37,956.1,4.1,113,0.0,19,4,4,64.2,70.0,68.4,50.3,31.5,55.1,63.68333333333334,62.15,46.104166666666664
2026-04-10 20:00:00,38.8,29.5,38,955.4,1.3,214,0.0,20,4,4,44.9,74.8,45.8,57.5,12.0,12.0,59.76666666666667,61.699999999999996,46.6625
2026-04-10 21:00:00,17.3,28.7,40,955.0,4.2,162,0.0,21,4,4,38.8,64.2,58.9,77.1,28.5,12.6,58.6,60.14166666666667,47.77916666666667
2026-04-10 22:00:00,24.1,27.8,42,954.9,3.6,150,0.0,22,4,4,17.3,44.9,70.0,61.4,34.0,35.6,51.66666666666666,55.15833333333333,47.3125
2026-04-10 23:00:00,24.2,26.6,51,954.7,4.5,180,0.0,23,4,4,24.1,38.8,74.8,51.4,12.0,23.8,44.01666666666667,52.050000000000004,46.900000000000006
2026-04-11 00:00:00,31.1,26.2,60,954.9,1.5,104,0.0,0,5,4,24.2,17.3,64.2,66.0,18.5,25.7,35.583333333333336,49.78333333333333,47.40833333333333
2026-04-11 01:00:00,49.1,26.7,58,955.7,1.5,210,0.0,1,5,4,31.1,24.1,44.9,68.4,22.0,20.0,30.066666666666666,46.875,47.93333333333334
2026-04-11 02:00:00,19.0,27.7,58,956.8,1.5,194,0.0,2,5,4,49.1,24.2,38.8,45.8,51.3,24.9,30.766666666666666,45.26666666666667,49.0625
2026-04-11 03:00:00,26.2,29.9,53,957.8,1.1,189,0.0,3,5,4,19.0,31.1,17.3,58.9,30.7,42.3,27.46666666666667,43.03333333333334,47.71666666666667
2026-04-11 04:00:00,64.2,32.2,40,958.4,2.6,155,0.0,4,5,4,26.2,49.1,24.1,70.0,27.1,12.0,28.95,40.30833333333333,47.52916666666667
2026-04-11 05:00:00,33.4,34.0,31,958.0,2.4,126,0.0,5,5,4,64.2,19.0,24.2,74.8,39.8,38.7,35.63333333333333,39.824999999999996,49.074999999999996
2026-04-11 06:00:00,65.6,34.5,30,957.6,3.1,118,0.0,6,5,4,33.4,26.2,31.1,64.2,53.3,55.9,37.16666666666667,36.375,48.80833333333333
2026-04-11 07:00:00,78.7,36.5,25,956.7,1.8,127,0.0,7,5,4,65.6,64.2,49.1,44.9,50.3,41.9,42.916666666666664,36.49166666666667,49.32083333333333
2026-04-11 08:00:00,79.3,37.4,23,955.3,2.1,110,0.0,8,5,4,78.7,33.4,19.0,38.8,57.5,60.4,47.85,39.30833333333334,50.50416666666667
2026-04-11 09:00:00,82.2,37.9,22,954.1,3.5,66,0.0,9,5,4,79.3,65.6,26.2,17.3,77.1,48.8,57.9,42.68333333333334,51.4125
2026-04-11 10:00:00,65.3,37.6,24,953.4,7.5,55,0.0,10,5,4,82.2,78.7,64.2,24.1,61.4,65.7,67.23333333333333,48.09166666666667,51.62500000000001
2026-04-11 11:00:00,49.8,36.8,24,953.2,9.7,50,0.0,11,5,4,65.3,79.3,33.4,24.2,51.4,55.6,67.41666666666667,51.525,51.7875
2026-04-11 12:00:00,75.9,36.0,26,953.1,10.7,63,0.0,12,5,4,49.8,82.2,65.6,31.1,66.0,66.0,70.14999999999999,53.65833333333334,51.72083333333333
2026-04-11 13:00:00,82.0,35.2,28,953.7,10.5,71,0.0,13,5,4,75.9,65.3,78.7,49.1,68.4,74.0,71.86666666666666,57.39166666666667,52.13333333333333
2026-04-11 14:00:00,57.7,34.1,31,954.6,9.8,60,0.0,14,5,4,82.0,49.8,79.3,19.0,45.8,75.0,72.41666666666667,60.13333333333333,52.70000000000001
2026-04-11 15:00:00,66.6,33.0,34,955.1,7.9,69,0.0,15,5,4,57.7,75.9,82.2,26.2,58.9,59.4,68.81666666666668,63.35833333333333,53.195833333333326
2026-04-11 16:00:00,48.6,32.1,36,955.3,8.0,62,0.0,16,5,4,66.6,82.0,65.3,64.2,70.0,61.1,66.21666666666665,66.725,53.51666666666667
2026-04-11 17:00:00,38.6,31.3,36,955.2,6.0,93,0.0,17,5,4,48.6,57.7,49.8,33.4,74.8,58.5,63.43333333333334,65.425,52.625
2026-04-11 18:00:00,41.2,30.4,40,955.0,6.2,111,0.0,18,5,4,38.6,66.6,75.9,65.6,64.2,42.8,61.56666666666667,65.85833333333333,51.116666666666674
2026-04-11 19:00:00,53.9,30.3,39,954.1,5.2,117,0.0,19,5,4,41.2,48.6,82.0,78.7,44.9,31.5,55.78333333333333,63.82500000000001,50.15833333333333
2026-04-11 20:00:00,48.1,29.6,41,953.7,3.8,169,0.0,20,5,4,53.9,38.6,57.7,79.3,38.8,12.0,51.099999999999994,61.75833333333333,50.53333333333333
2026-04-11 21:00:00,26.8,28.9,44,953.0,3.0,218,0.0,21,5,4,48.1,41.2,66.6,82.2,17.3,28.5,49.5,59.15833333333334,50.92083333333333
2026-04-11 22:00:00,27.0,28.5,45,952.5,1.8,169,0.0,22,5,4,26.8,53.9,48.6,65.3,24.1,34.0,42.86666666666667,54.541666666666664,51.31666666666667
2026-04-11 23:00:00,42.4,28.0,47,952.5,0.8,297,0.0,23,5,4,27.0,48.1,38.6,49.8,24.2,12.0,39.26666666666667,51.35,51.4375
2026-04-12 00:00:00,27.7,27.3,53,952.6,3.7,129,0.0,0,6,4,42.4,26.8,41.2,75.9,31.1,18.5,39.9,50.73333333333333,52.19583333333333
2026-04-12 01:00:00,25.2,27.4,55,953.5,4.0,122,0.0,1,6,4,27.7,27.0,53.9,82.0,49.1,22.0,37.65,46.71666666666667,52.05416666666667
2026-04-12 02:00:00,25.8,28.4,53,954.5,2.3,176,0.0,2,6,4,25.2,42.4,48.1,57.7,19.0,51.3,32.86666666666667,41.983333333333334,51.05833333333334
2026-04-12 03:00:00,48.7,30.5,46,955.5,4.4,192,0.0,3,6,4,25.8,27.7,26.8,66.6,26.2,30.7,29.150000000000002,39.324999999999996,51.34166666666667
2026-04-12 04:00:00,41.8,32.9,36,955.8,5.9,182,0.0,4,6,4,48.7,25.2,27.0,48.6,64.2,27.1,32.800000000000004,37.833333333333336,52.27916666666667
2026-04-12 05:00:00,27.4,34.8,30,955.6,6.2,172,0.0,5,6,4,41.8,25.8,42.4,38.6,33.4,39.8,35.266666666666666,37.26666666666667,51.34583333333333
2026-04-12 06:00:00,49.0,35.6,28,955.0,6.7,171,0.0,6,6,4,27.4,48.7,27.7,41.2,65.6,53.3,32.766666666666666,36.333333333333336,51.09583333333334
2026-04-12 07:00:00,62.6,37.2,24,954.2,4.0,170,0.0,7,6,4,49.0,41.8,25.2,53.9,78.7,50.3,36.31666666666667,36.983333333333334,50.40416666666667
2026-04-12 08:00:00,69.8,38.1,21,952.9,4.9,163,0.0,8,6,4,62.6,27.4,25.8,48.1,79.3,57.5,42.550000000000004,37.708333333333336,49.73333333333333
2026-04-12 09:00:00,96.1,38.3,19,951.7,5.6,151,0.0,9,6,4,69.8,49.0,48.7,26.8,82.2,77.1,49.88333333333333,39.516666666666666,49.3375
2026-04-12 10:00:00,83.9,37.5,20,951.4,2.7,188,0.0,10,6,4,96.1,62.6,41.8,27.0,65.3,61.4,57.78333333333333,45.291666666666664,49.916666666666664
2026-04-12 11:00:00,72.3,36.8,21,951.3,1.8,101,0.0,11,6,4,83.9,69.8,27.4,42.4,49.8,51.4,64.8,50.03333333333333,50.69166666666666
2026-04-12 12:00:00,79.4,36.6,23,951.7,7.3,74,0.0,12,6,4,72.3,96.1,49.0,27.7,75.9,66.0,72.28333333333335,52.525,51.62916666666666
2026-04-12 13:00:00,72.0,35.5,25,952.4,9.2,107,0.0,13,6,4,79.4,83.9,62.6,25.2,82.0,68.4,77.35000000000001,56.833333333333336,51.775
2026-04-12 14:00:00,56.0,34.5,29,953.0,10.6,141,0.0,14,6,4,72.0,72.3,69.8,25.8,57.7,45.8,78.91666666666667,60.73333333333334,51.35833333333333
2026-04-12 15:00:00,59.9,33.6,32,953.6,9.6,131,0.0,15,6,4,56.0,79.4,96.1,48.7,66.6,58.9,76.61666666666666,63.25,51.2875
2026-04-12 16:00:00,52.2,32.2,34,953.9,10.1,121,0.0,16,6,4,59.9,72.0,83.9,41.8,48.6,70.0,70.58333333333333,64.18333333333334,51.00833333333333
2026-04-12 17:00:00,28.6,30.8,41,954.3,12.8,132,0.0,17,6,4,52.2,56.0,72.3,27.4,38.6,74.8,65.3,65.05,51.15833333333333
2026-04-12 18:00:00,20.8,29.2,50,954.3,10.7,145,0.0,18,6,4,28.6,59.9,79.4,49.0,41.2,64.2,58.01666666666666,65.14999999999999,50.74166666666667
2026-04-12 19:00:00,23.8,28.8,53,953.9,8.8,149,0.0,19,6,4,20.8,52.2,72.0,62.6,53.9,44.9,48.25,62.800000000000004,49.89166666666667
2026-04-12 20:00:00,13.5,28.4,53,953.4,8.3,153,0.0,20,6,4,23.8,28.6,56.0,69.8,48.1,38.8,40.21666666666667,59.56666666666666,48.637499999999996
2026-04-12 21:00:00,12.0,28.1,53,952.8,7.5,169,0.0,21,6,4,13.5,20.8,59.9,96.1,26.8,17.3,33.13333333333333,54.875,47.19583333333333
2026-04-12 22:00:00,12.5,27.7,51,952.5,7.6,184,0.0,22,6,4,12.0,23.8,52.2,83.9,27.0,24.1,25.150000000000002,47.86666666666667,46.57916666666666
2026-04-12 23:00:00,18.6,27.5,50,952.5,7.6,181,0.0,23,6,4,12.5,13.5,28.6,72.3,42.4,24.2,18.533333333333335,41.916666666666664,45.974999999999994
2026-04-13 00:00:00,12.0,27.4,54,952.9,6.6,193,0.0,0,0,4,18.6,12.0,20.8,79.4,27.7,31.1,16.866666666666667,37.44166666666667,44.98333333333334
2026-04-13 01:00:00,12.0,27.7,54,953.8,5.9,220,0.0,1,0,4,12.0,12.5,23.8,72.0,25.2,49.1,15.4,31.825,44.32916666666667
2026-04-13 02:00:00,12.0,28.6,51,955.1,6.8,235,0.0,2,0,4,12.0,18.6,13.5,56.0,25.8,19.0,13.433333333333332,26.825,43.77916666666667
2026-04-13 03:00:00,20.1,30.3,48,956.1,12.0,221,0.0,3,0,4,12.0,12.0,12.0,59.9,48.7,26.2,13.183333333333332,23.15833333333333,43.20416666666667
2026-04-13 04:00:00,12.0,33.0,38,956.3,13.6,210,0.0,4,0,4,20.1,12.0,12.5,52.2,41.8,64.2,14.533333333333331,19.841666666666665,42.012499999999996
2026-04-13 05:00:00,35.9,35.2,31,956.3,12.8,208,0.0,5,0,4,12.0,12.0,18.6,28.6,27.4,33.4,14.449999999999998,16.491666666666667,40.770833333333336
2026-04-13 06:00:00,39.9,35.6,30,956.0,11.8,207,0.0,6,0,4,35.9,20.1,12.0,20.8,49.0,65.6,17.333333333333332,17.1,41.125
2026-04-13 07:00:00,39.7,36.6,27,955.6,10.2,206,0.0,7,0,4,39.9,12.0,12.0,23.8,62.6,78.7,21.983333333333334,18.691666666666666,40.74583333333333
2026-04-13 08:00:00,67.0,37.2,26,954.7,9.6,213,0.0,8,0,4,39.7,35.9,12.0,13.5,69.8,79.3,26.599999999999998,20.016666666666666,39.791666666666664
2026-04-13 09:00:00,51.4,37.3,26,953.7,8.9,220,0.0,9,0,4,67.0,39.9,20.1,12.0,96.1,82.2,35.766666666666666,24.474999999999998,39.675000000000004
2026-04-13 10:00:00,88.4,37.4,25,952.9,8.3,237,0.0,10,0,4,51.4,39.7,12.0,12.5,83.9,65.3,40.983333333333334,27.75833333333333,37.8125
2026-04-13 11:00:00,73.5,37.2,25,952.8,9.2,250,0.0,11,0,4,88.4,67.0,35.9,18.6,72.3,49.8,53.71666666666667,34.083333333333336,38.0
2026-04-13 12:00:00,86.6,37.1,23,952.5,6.5,231,0.0,12,0,4,73.5,51.4,39.9,12.0,79.4,75.9,59.98333333333333,38.65833333333333,38.050000000000004
2026-04-13 13:00:00,70.4,36.4,24,953.0,8.0,216,0.0,13,0,4,86.6,88.4,39.7,12.0,72.0,82.0,67.76666666666667,44.875,38.35
2026-04-13 14:00:00,68.8,35.6,26,953.8,8.4,191,0.0,14,0,4,70.4,73.5,67.0,12.0,56.0,57.7,72.88333333333334,49.74166666666667,38.28333333333333
2026-04-13 15:00:00,73.5,34.1,31,954.2,7.7,159,0.0,15,0,4,68.8,86.6,51.4,20.1,59.9,66.6,73.18333333333334,54.474999999999994,38.81666666666667
2026-04-13 16:00:00,74.2,33.0,32,954.8,7.0,116,0.0,16,0,4,73.5,70.4,88.4,12.0,52.2,48.6,76.86666666666667,58.92499999999999,39.38333333333333
2026-04-13 17:00:00,29.2,32.2,30,955.1,11.1,136,0.0,17,0,4,74.2,68.8,73.5,35.9,28.6,38.6,74.5,64.10833333333333,40.300000000000004
2026-04-13 18:00:00,17.2,30.1,44,954.9,10.5,149,0.0,18,0,4,29.2,73.5,86.6,39.9,20.8,41.2,67.11666666666666,63.550000000000004,40.324999999999996
2026-04-13 19:00:00,40.7,29.3,50,954.4,8.4,149,0.0,19,0,4,17.2,74.2,70.4,39.7,23.8,53.9,55.550000000000004,61.65833333333333,40.175000000000004
2026-04-13 20:00:00,31.1,28.8,51,954.0,6.5,152,0.0,20,0,4,40.7,29.2,68.8,67.0,13.5,48.1,50.6,61.74166666666667,40.87916666666667
2026-04-13 21:00:00,46.6,28.4,51,953.4,4.6,171,0.0,21,0,4,31.1,17.2,73.5,51.4,12.0,26.8,44.31666666666666,58.75000000000001,41.612500000000004
2026-04-13 22:00:00,12.0,28.0,51,953.0,4.9,170,0.0,22,0,4,46.6,40.7,74.2,88.4,12.5,27.0,39.833333333333336,58.349999999999994,43.05416666666667
2026-04-13 23:00:00,33.3,27.8,51,953.2,4.9,208,0.0,23,0,4,12.0,31.1,29.2,73.5,18.6,42.4,29.46666666666667,51.98333333333333,43.03333333333333
2026-04-14 00:00:00,12.0,27.5,55,953.5,7.9,229,0.0,0,1,4,33.3,46.6,17.2,86.6,12.0,27.7,30.150000000000002,48.63333333333333,43.645833333333336
2026-04-14 01:00:00,12.0,27.9,55,954.4,8.7,240,0.0,1,1,4,12.0,12.0,40.7,70.4,12.0,25.2,29.28333333333333,42.416666666666664,43.645833333333336
2026-04-14 02:00:00,32.4,29.3,50,955.3,8.1,239,0.0,2,1,4,12.0,33.3,31.1,68.8,12.0,25.8,24.5,37.550000000000004,43.645833333333336
2026-04-14 03:00:00,12.0,31.7,43,956.0,8.3,221,0.0,3,1,4,32.4,12.0,46.6,73.5,20.1,48.7,24.71666666666667,34.516666666666666,44.49583333333334
2026-04-14 04:00:00,37.3,34.1,35,956.4,8.5,208,0.0,4,1,4,12.0,12.0,12.0,74.2,12.0,41.8,18.95,29.391666666666666,44.15833333333333
2026-04-14 05:00:00,25.2,36.0,29,956.3,7.6,214,0.0,5,1,4,37.3,32.4,33.3,29.2,35.9,27.4,23.166666666666668,26.316666666666666,45.2125
2026-04-14 06:00:00,55.5,36.2,28,956.0,6.8,220,0.0,6,1,4,25.2,12.0,12.0,17.2,39.9,49.0,21.816666666666666,25.983333333333334,44.76666666666667
2026-04-14 07:00:00,75.4,37.4,25,955.2,6.3,215,0.0,7,1,4,55.5,37.3,12.0,40.7,39.7,62.6,29.066666666666666,29.175,45.416666666666664
2026-04-14 08:00:00,46.0,38.2,23,953.9,8.4,215,0.0,8,1,4,75.4,25.2,32.4,31.1,67.0,69.8,39.63333333333333,32.06666666666666,46.90416666666666
2026-04-14 09:00:00,63.9,38.3,23,952.9,10.4,212,0.0,9,1,4,46.0,55.5,12.0,46.6,51.4,96.1,41.9,33.30833333333334,46.02916666666666
2026-04-14 10:00:00,72.9,38.4,21,952.1,9.4,215,0.0,10,1,4,63.9,75.4,37.3,12.0,88.4,83.9,50.550000000000004,34.75,46.550000000000004
2026-04-14 11:00:00,81.1,38.1,22,951.7,9.0,213,0.0,11,1,4,72.9,46.0,25.2,33.3,73.5,72.3,56.48333333333333,39.824999999999996,45.90416666666667
2026-04-14 12:00:00,50.1,37.1,24,951.6,11.0,190,0.0,12,1,4,81.1,63.9,55.5,12.0,86.6,79.4,65.8,43.80833333333334,46.22083333333333
2026-04-14 13:00:00,55.7,36.0,27,952.2,11.6,176,0.0,13,1,4,50.1,72.9,75.4,12.0,70.4,72.0,64.9,46.98333333333333,44.699999999999996
2026-04-14 14:00:00,56.0,35.8,27,952.9,8.7,158,0.0,14,1,4,55.7,81.1,46.0,32.4,68.8,56.0,61.61666666666667,50.625,44.0875
2026-04-14 15:00:00,58.3,34.7,30,953.3,9.1,142,0.0,15,1,4,56.0,50.1,63.9,12.0,73.5,59.9,63.28333333333334,52.59166666666667,43.55416666666667
2026-04-14 16:00:00,49.3,33.4,32,953.7,10.1,139,0.0,16,1,4,58.3,55.7,72.9,37.3,74.2,52.2,62.35,56.449999999999996,42.92083333333333
2026-04-14 17:00:00,23.3,32.2,33,954.0,11.3,137,0.0,17,1,4,49.3,56.0,81.1,25.2,29.2,28.6,58.416666666666664,57.45000000000001,41.88333333333333
2026-04-14 18:00:00,37.2,30.8,38,953.7,9.6,146,0.0,18,1,4,23.3,58.3,50.1,55.5,17.2,20.8,48.78333333333333,57.291666666666664,41.6375
2026-04-14 19:00:00,32.7,30.2,41,953.1,7.8,148,0.0,19,1,4,37.2,49.3,55.7,75.4,40.7,23.8,46.63333333333333,55.76666666666667,42.47083333333333
2026-04-14 20:00:00,38.5,29.7,43,952.5,5.5,144,0.0,20,1,4,32.7,23.3,56.0,46.0,31.1,13.5,42.800000000000004,52.208333333333336,42.1375
2026-04-14 21:00:00,12.0,29.2,45,951.9,6.1,137,0.0,21,1,4,38.5,37.2,58.3,63.9,46.6,12.0,39.88333333333333,51.583333333333336,42.44583333333333
2026-04-14 22:00:00,30.2,28.6,47,951.3,5.6,186,0.0,22,1,4,12.0,32.7,49.3,72.9,12.0,12.5,32.166666666666664,47.25833333333333,41.00416666666667
2026-04-14 23:00:00,19.0,28.0,49,951.5,5.7,204,0.0,23,1,4,30.2,38.5,23.3,81.1,33.3,18.6,28.983333333333334,43.699999999999996,41.762499999999996
2026-04-15 00:00:00,12.0,27.7,53,951.6,5.4,217,0.0,0,2,4,19.0,12.0,37.2,50.1,12.0,12.0,28.26666666666667,38.525,41.166666666666664
2026-04-15 01:00:00,13.2,28.1,50,952.5,8.8,213,0.0,1,2,4,12.0,30.2,32.7,55.7,12.0,12.0,24.066666666666666,35.35,41.166666666666664
2026-04-15 02:00:00,21.3,29.5,43,953.4,6.9,229,0.0,2,2,4,13.2,19.0,38.5,56.0,32.4,12.0,20.816666666666666,31.808333333333334,41.21666666666667
2026-04-15 03:00:00,26.3,31.9,36,954.3,9.9,225,0.0,3,2,4,21.3,12.0,12.0,58.3,12.0,20.1,17.95,28.916666666666668,40.75416666666666
2026-04-15 04:00:00,37.8,34.1,30,954.7,10.3,220,0.0,4,2,4,26.3,13.2,30.2,49.3,37.3,12.0,20.333333333333332,26.25,41.35
2026-04-15 05:00:00,27.9,36.1,23,954.6,10.2,221,0.0,5,2,4,37.8,21.3,19.0,23.3,25.2,35.9,21.599999999999998,25.291666666666668,41.37083333333333
2026-04-15 06:00:00,25.9,36.7,22,954.2,10.3,227,0.0,6,2,4,27.9,26.3,12.0,37.2,55.5,39.9,23.083333333333332,25.675,41.483333333333334
2026-04-15 07:00:00,44.1,38.0,20,953.5,9.7,228,0.0,7,2,4,25.9,37.8,13.2,32.7,75.4,39.7,25.399999999999995,24.73333333333333,40.25
2026-04-15 08:00:00,57.3,38.4,20,952.7,10.6,224,0.0,8,2,4,44.1,27.9,21.3,38.5,46.0,67.0,30.55,25.683333333333334,38.94583333333333
2026-04-15 09:00:00,45.9,38.6,19,951.6,10.2,224,0.0,9,2,4,57.3,25.9,26.3,12.0,63.9,51.4,36.55,27.25,39.416666666666664
2026-04-15 10:00:00,66.7,38.6,19,950.9,9.2,227,0.0,10,2,4,45.9,44.1,37.8,30.2,72.9,88.4,39.81666666666667,30.075,38.666666666666664
2026-04-15 11:00:00,58.2,38.2,19,950.3,10.5,239,0.0,11,2,4,66.7,57.3,27.9,19.0,81.1,73.5,44.63333333333333,33.11666666666667,38.40833333333334
2026-04-15 12:00:00,59.4,37.9,18,950.2,10.8,252,0.0,12,2,4,58.2,45.9,25.9,12.0,50.1,86.6,49.68333333333334,36.38333333333333,37.454166666666666
2026-04-15 13:00:00,76.5,37.5,19,950.6,8.6,237,0.0,13,2,4,59.4,66.7,44.1,13.2,55.7,70.4,55.26666666666667,40.333333333333336,37.84166666666666
2026-04-15 14:00:00,83.3,35.9,23,951.1,6.9,195,0.0,14,2,4,76.5,58.2,57.3,21.3,56.0,68.8,60.666666666666664,45.60833333333333,38.708333333333336
2026-04-15 15:00:00,103.7,34.4,27,952.0,1.2,27,0.0,15,2,4,83.3,59.4,45.9,26.3,58.3,73.5,65.0,50.775000000000006,39.84583333333334
2026-04-15 16:00:00,76.1,33.7,28,952.5,6.5,62,0.0,16,2,4,103.7,76.5,66.7,37.8,49.3,74.2,74.63333333333334,57.225,41.737500000000004
2026-04-15 17:00:00,56.8,33.2,29,952.7,6.7,136,0.0,17,2,4,76.1,83.3,58.2,27.9,23.3,29.2,76.2,60.416666666666664,42.854166666666664
2026-04-15 18:00:00,45.2,31.1,36,952.5,12.4,140,0.0,18,2,4,56.8,103.7,59.4,25.9,37.2,17.2,75.96666666666665,62.82500000000001,44.25
2026-04-15 19:00:00,38.2,30.3,45,951.8,8.7,150,0.0,19,2,4,45.2,76.1,76.5,44.1,32.7,40.7,73.60000000000001,64.43333333333332,44.583333333333336
2026-04-15 20:00:00,42.3,29.6,51,951.5,6.9,150,0.0,20,2,4,38.2,56.8,83.3,57.3,38.5,31.1,67.21666666666667,63.94166666666667,44.8125
2026-04-15 21:00:00,39.0,28.6,56,951.1,5.2,164,0.0,21,2,4,42.3,45.2,103.7,45.9,12.0,46.6,60.383333333333326,62.69166666666666,44.97083333333334
2026-04-15 22:00:00,21.0,28.3,58,950.9,5.0,165,0.0,22,2,4,39.0,38.2,76.1,66.7,30.2,12.0,49.6,62.11666666666667,46.09583333333334
2026-04-15 23:00:00,12.0,27.9,59,950.6,4.3,182,0.0,23,2,4,21.0,42.3,56.8,58.2,19.0,33.3,40.416666666666664,58.30833333333333,45.712500000000006
2026-04-16 00:00:00,12.0,27.4,62,950.7,8.8,226,0.0,0,3,4,12.0,39.0,45.2,59.4,12.0,12.0,32.949999999999996,54.458333333333336,45.42083333333334
2026-04-16 01:00:00,12.0,27.9,60,951.6,10.1,235,0.0,1,3,4,12.0,21.0,38.2,76.5,13.2,12.0,27.416666666666668,50.50833333333333,45.42083333333334
2026-04-16 02:00:00,13.1,29.5,51,952.5,8.2,221,0.0,2,3,4,12.0,12.0,42.3,83.3,21.3,32.4,23.05,45.133333333333326,45.37083333333334
2026-04-16 03:00:00,29.0,31.4,44,953.9,7.9,325,0.0,3,3,4,13.1,12.0,39.0,103.7,26.3,12.0,18.183333333333334,39.28333333333333,45.02916666666667
2026-04-16 04:00:00,63.7,33.4,36,954.5,3.4,313,0.0,4,3,4,29.0,12.0,21.0,76.1,37.8,37.3,16.516666666666666,33.05833333333333,45.14166666666667
2026-04-16 05:00:00,39.8,35.4,30,954.7,4.4,261,0.0,5,3,4,63.7,13.1,12.0,56.8,27.9,25.2,23.633333333333336,32.025,46.22083333333333
2026-04-16 06:00:00,39.4,36.2,28,954.4,7.8,218,0.0,6,3,4,39.8,29.0,12.0,45.2,25.9,55.5,28.266666666666666,30.608333333333334,46.71666666666667
2026-04-16 07:00:00,69.4,37.4,23,953.8,7.0,212,0.0,7,3,4,39.4,63.7,12.0,38.2,44.1,75.4,32.833333333333336,30.125,47.27916666666667
2026-04-16 08:00:00,42.0,38.0,21,952.8,6.8,212,0.0,8,3,4,69.4,39.8,13.1,42.3,57.3,46.0,42.4,32.725,48.333333333333336
2026-04-16 09:00:00,51.6,38.3,20,951.7,8.1,209,0.0,9,3,4,42.0,39.4,29.0,39.0,45.9,63.9,47.21666666666667,32.699999999999996,47.69583333333333
2026-04-16 10:00:00,86.1,38.4,19,950.9,8.5,207,0.0,10,3,4,51.6,69.4,63.7,21.0,66.7,72.9,50.98333333333334,33.75,47.93333333333334
2026-04-16 11:00:00,62.6,38.3,19,950.6,10.0,206,0.0,11,3,4,86.1,42.0,39.8,12.0,58.2,81.1,54.71666666666666,39.175,48.74166666666667
2026-04-16 12:00:00,72.1,37.7,21,950.2,10.7,210,0.0,12,3,4,62.6,51.6,39.4,12.0,59.4,50.1,58.51666666666666,43.39166666666667,48.92499999999999
2026-04-16 13:00:00,71.1,37.1,22,951.3,4.9,197,0.0,13,3,4,72.1,86.1,69.4,12.0,76.5,55.7,63.96666666666666,48.4,49.45416666666667
2026-04-16 14:00:00,75.8,36.5,23,952.3,8.2,130,0.0,14,3,4,71.1,62.6,42.0,13.1,83.3,56.0,64.25,53.324999999999996,49.229166666666664
2026-04-16 15:00:00,54.3,34.9,26,952.9,10.0,128,0.0,15,3,4,75.8,72.1,51.6,29.0,103.7,58.3,69.88333333333334,58.550000000000004,48.916666666666664
2026-04-16 16:00:00,32.7,33.6,28,953.5,11.8,129,0.0,16,3,4,54.3,71.1,86.1,63.7,76.1,49.3,70.33333333333333,60.65833333333333,46.85833333333333
2026-04-16 17:00:00,54.2,31.3,39,954.1,11.7,135,0.0,17,3,4,32.7,75.8,62.6,39.8,56.8,23.3,61.43333333333333,58.074999999999996,45.04999999999999
2026-04-16 18:00:00,47.9,30.3,51,954.1,8.4,160,0.0,18,3,4,54.2,54.3,72.1,39.4,45.2,37.2,60.03333333333333,59.275,44.94166666666666
2026-04-16 19:00:00,35.8,29.8,59,953.3,7.3,138,0.0,19,3,4,47.9,32.7,71.1,69.4,38.2,32.7,56.0,59.98333333333333,45.05416666666667
2026-04-16 20:00:00,25.7,29.5,62,953.0,7.4,116,0.0,20,3,4,35.8,54.2,75.8,42.0,42.3,38.5,50.11666666666667,57.18333333333333,44.95416666666667
2026-04-16 21:00:00,21.4,29.2,63,952.6,5.7,134,0.0,21,3,4,25.7,47.9,54.3,51.6,39.0,12.0,41.766666666666666,55.824999999999996,44.262499999999996
2026-04-16 22:00:00,21.4,28.8,63,952.0,5.3,168,0.0,22,3,4,21.4,35.8,32.7,86.1,21.0,30.2,36.28333333333333,53.30833333333334,43.52916666666667
2026-04-16 23:00:00,16.7,28.5,64,952.3,5.4,222,0.0,23,3,4,21.4,25.7,54.2,62.6,12.0,19.0,34.4,47.916666666666664,43.54583333333333
2026-04-17 00:00:00,12.9,27.9,72,952.8,4.6,189,0.0,0,4,4,16.7,21.4,47.9,72.1,12.0,12.0,28.149999999999995,44.09166666666666,43.74166666666667
2026-04-17 01:00:00,20.2,28.3,69,953.7,7.5,233,0.0,1,4,4,12.9,21.4,35.8,71.1,12.0,13.2,22.316666666666663,39.15833333333333,43.77916666666667
2026-04-17 02:00:00,45.5,29.5,62,954.3,6.8,222,0.0,2,4,4,20.2,16.7,25.7,75.8,13.1,21.3,19.71666666666667,34.916666666666664,44.12083333333334
2026-04-17 03:00:00,47.9,32.0,48,955.3,7.1,214,0.0,3,4,4,45.5,12.9,21.4,54.3,29.0,26.3,23.016666666666666,32.391666666666666,45.47083333333333
2026-04-17 04:00:00,12.0,34.6,35,956.0,8.5,215,0.0,4,4,4,47.9,20.2,21.4,32.7,63.7,37.8,27.433333333333334,31.858333333333334,46.258333333333326
2026-04-17 05:00:00,41.3,36.6,26,955.9,7.5,207,0.0,5,4,4,12.0,45.5,16.7,54.2,39.8,27.9,25.866666666666664,30.133333333333336,44.104166666666664
2026-04-17 06:00:00,64.5,36.7,26,955.7,6.0,219,0.0,6,4,4,41.3,47.9,12.9,47.9,39.4,25.9,29.96666666666667,29.058333333333326,44.166666666666664
2026-04-17 07:00:00,61.9,38.0,21,954.8,4.7,208,0.0,7,4,4,64.5,12.0,20.2,35.8,69.4,44.1,38.56666666666666,30.441666666666663,45.2125
2026-04-17 08:00:00,63.2,39.1,18,953.9,5.9,198,0.0,8,4,4,61.9,41.3,45.5,25.7,42.0,57.3,45.51666666666667,32.61666666666667,44.9
2026-04-17 09:00:00,58.9,39.5,17,952.7,8.0,194,0.0,9,4,4,63.2,64.5,47.9,21.4,51.6,45.9,48.46666666666667,35.74166666666667,45.78333333333333
2026-04-17 10:00:00,69.5,39.0,18,952.1,8.3,202,0.0,10,4,4,58.9,61.9,12.0,21.4,86.1,66.7,50.300000000000004,38.86666666666667,46.0875
2026-04-17 11:00:00,63.8,38.4,19,951.7,7.7,189,0.0,11,4,4,69.5,63.2,41.3,16.7,62.6,58.2,59.88333333333333,42.875,45.395833333333336
2026-04-17 12:00:00,63.7,38.2,18,951.7,8.4,121,0.0,12,4,4,63.8,58.9,64.5,12.9,72.1,59.4,63.633333333333326,46.800000000000004,45.44583333333333
2026-04-17 13:00:00,72.7,37.3,20,952.3,9.5,101,0.0,13,4,4,63.7,69.5,61.9,20.2,71.1,76.5,63.5,51.03333333333333,45.09583333333333
2026-04-17 14:00:00,89.3,36.1,23,953.1,8.8,79,0.0,14,4,4,72.7,63.8,63.2,45.5,75.8,83.3,65.3,55.40833333333333,45.1625
2026-04-17 15:00:00,67.5,35.0,24,953.7,8.6,98,0.0,15,4,4,89.3,63.7,58.9,47.9,54.3,103.7,69.65,59.05833333333333,45.724999999999994
2026-04-17 16:00:00,63.5,34.1,26,954.3,7.6,91,0.0,16,4,4,67.5,72.7,69.5,12.0,32.7,76.1,71.08333333333333,60.69166666666666,46.275
2026-04-17 17:00:00,60.9,33.1,29,954.4,7.1,100,0.0,17,4,4,63.5,89.3,63.8,41.3,54.2,56.8,70.08333333333333,64.98333333333333,47.55833333333333
2026-04-17 18:00:00,38.2,32.0,34,954.1,6.7,142,0.0,18,4,4,60.9,67.5,63.7,64.5,47.9,45.2,69.60000000000001,66.61666666666666,47.8375
2026-04-17 19:00:00,38.5,30.9,39,953.6,7.8,154,0.0,19,4,4,38.2,63.5,72.7,61.9,35.8,38.2,65.35,64.425,47.43333333333334
2026-04-17 20:00:00,42.7,30.0,44,953.0,7.1,144,0.0,20,4,4,38.5,60.9,89.3,63.2,25.7,42.3,59.65,62.475,47.54583333333334
2026-04-17 21:00:00,12.0,29.2,51,952.5,6.3,141,0.0,21,4,4,42.7,38.2,67.5,58.9,21.4,39.0,51.88333333333333,60.76666666666667,48.25416666666667
2026-04-17 22:00:00,19.3,28.3,58,952.0,4.9,172,0.0,22,4,4,12.0,38.5,63.5,69.5,21.4,21.0,42.63333333333333,56.85833333333334,47.862500000000004
2026-04-17 23:00:00,23.7,27.7,62,951.8,5.3,198,0.0,23,4,4,19.3,42.7,60.9,63.8,16.7,12.0,35.26666666666667,52.675000000000004,47.775000000000006
2026-04-18 00:00:00,12.0,27.4,65,952.3,4.9,216,0.0,0,5,4,23.7,12.0,38.2,63.7,12.9,12.0,29.066666666666666,49.333333333333336,48.06666666666667
2026-04-18 01:00:00,12.0,27.4,65,952.9,6.8,245,0.0,1,5,4,12.0,19.3,38.5,72.7,20.2,12.0,24.7,45.025000000000006,48.02916666666667
2026-04-18 02:00:00,55.6,28.4,60,954.0,5.0,251,0.0,2,5,4,12.0,23.7,42.7,89.3,45.5,13.1,20.28333333333333,39.96666666666666,47.6875
2026-04-18 03:00:00,22.8,31.3,49,955.0,5.2,250,0.0,3,5,4,55.6,12.0,12.0,67.5,47.9,29.0,22.433333333333337,37.15833333333333,48.10833333333333
2026-04-18 04:00:00,23.9,34.0,37,955.4,7.2,271,0.0,4,5,4,22.8,12.0,19.3,63.5,12.0,63.7,24.233333333333334,33.43333333333333,47.0625
2026-04-18 05:00:00,56.1,36.3,28,955.4,5.7,261,0.0,5,5,4,23.9,55.6,23.7,60.9,41.3,39.8,25.0,30.133333333333336,47.55833333333334
2026-04-18 06:00:00,75.1,36.6,25,955.1,3.1,257,0.0,6,5,4,56.1,22.8,12.0,38.2,64.5,39.4,30.400000000000002,29.733333333333334,48.175000000000004
2026-04-18 07:00:00,67.0,38.0,20,954.7,3.6,207,0.0,7,5,4,75.1,23.9,12.0,38.5,61.9,69.4,40.916666666666664,32.80833333333333,48.616666666666674
2026-04-18 08:00:00,88.4,38.9,19,953.7,4.9,197,0.0,8,5,4,67.0,56.1,55.6,42.7,63.2,42.0,50.083333333333336,35.18333333333333,48.82916666666667
2026-04-18 09:00:00,78.3,39.0,19,952.8,4.4,187,0.0,9,5,4,88.4,75.1,22.8,12.0,58.9,51.6,55.54999999999999,38.99166666666667,49.87916666666666
2026-04-18 10:00:00,73.5,38.9,19,952.3,4.0,159,0.0,10,5,4,78.3,67.0,23.9,19.3,69.5,86.1,64.8,44.51666666666667,50.6875
2026-04-18 11:00:00,76.4,37.9,21,951.8,6.3,141,0.0,11,5,4,73.5,88.4,56.1,23.7,63.8,62.6,73.06666666666666,49.03333333333333,50.854166666666664
2026-04-18 12:00:00,53.3,37.5,22,951.6,9.2,133,0.0,12,5,4,76.4,78.3,75.1,12.0,63.7,72.1,76.45,53.425000000000004,51.37916666666666
2026-04-18 13:00:00,78.0,35.9,27,952.4,7.8,130,0.0,13,5,4,53.3,73.5,67.0,12.0,72.7,71.1,72.81666666666666,56.86666666666667,50.94583333333333
2026-04-18 14:00:00,62.2,34.6,32,953.2,7.0,162,0.0,14,5,4,78.0,76.4,88.4,55.6,89.3,75.8,74.64999999999999,62.36666666666667,51.166666666666664
2026-04-18 15:00:00,76.9,33.8,34,953.8,5.7,125,0.0,15,5,4,62.2,53.3,78.3,22.8,67.5,54.3,70.28333333333335,62.916666666666664,50.0375
2026-04-18 16:00:00,54.1,33.1,35,954.1,8.0,140,0.0,16,5,4,76.9,78.0,73.5,23.9,63.5,32.7,70.05,67.425,50.429166666666674
2026-04-18 17:00:00,43.8,32.2,36,954.0,8.2,158,0.0,17,5,4,54.1,62.2,76.4,56.1,60.9,54.2,66.81666666666668,69.94166666666666,50.0375
2026-04-18 18:00:00,30.2,31.1,40,953.8,9.9,138,0.0,18,5,4,43.8,76.9,53.3,75.1,38.2,47.9,61.38333333333333,68.91666666666667,49.324999999999996
2026-04-18 19:00:00,35.4,29.3,53,953.1,9.3,148,0.0,19,5,4,30.2,54.1,78.0,67.0,38.5,35.8,57.53333333333333,65.175,48.99166666666667
2026-04-18 20:00:00,38.5,28.4,61,952.3,7.6,158,0.0,20,5,4,35.4,43.8,62.2,88.4,42.7,25.7,50.43333333333334,62.541666666666664,48.862500000000004
2026-04-18 21:00:00,14.4,27.9,63,951.9,6.1,152,0.0,21,5,4,38.5,30.2,76.9,78.3,12.0,21.4,46.48333333333333,58.38333333333333,48.6875
2026-04-18 22:00:00,19.0,27.5,64,951.5,4.2,115,0.0,22,5,4,14.4,35.4,54.1,73.5,19.3,21.4,36.06666666666667,53.05833333333333,48.787499999999994
2026-04-18 23:00:00,34.7,27.2,64,951.5,3.2,146,0.0,23,5,4,19.0,38.5,43.8,76.4,23.7,16.7,30.216666666666665,48.51666666666666,48.775
2026-04-19 00:00:00,12.0,26.7,71,951.3,4.3,248,0.0,0,6,4,34.7,14.4,30.2,53.3,12.0,12.9,28.700000000000003,45.041666666666664,49.23333333333333
2026-04-19 01:00:00,50.3,26.6,72,952.3,5.9,258,0.0,1,6,4,12.0,19.0,35.4,78.0,12.0,20.2,25.666666666666668,41.6,49.23333333333333
2026-04-19 02:00:00,23.0,27.9,65,953.5,3.1,239,0.0,2,6,4,50.3,34.7,38.5,62.2,55.6,45.5,28.150000000000002,39.291666666666664,50.82916666666666
2026-04-19 03:00:00,31.3,30.2,55,954.6,5.1,264,0.0,3,6,4,23.0,12.0,14.4,76.9,22.8,47.9,25.566666666666666,36.025,49.47083333333333
2026-04-19 04:00:00,34.5,32.5,44,955.2,7.0,249,0.0,4,6,4,31.3,50.3,19.0,54.1,23.9,12.0,28.38333333333333,32.225,49.824999999999996
2026-04-19 05:00:00,39.3,34.4,38,955.4,7.7,245,0.0,5,6,4,34.5,23.0,34.7,43.8,56.1,41.3,30.96666666666667,30.59166666666667,50.26666666666666
2026-04-19 06:00:00,42.6,35.2,35,954.8,7.1,232,0.0,6,6,4,39.3,31.3,12.0,30.2,75.1,64.5,31.733333333333334,30.21666666666667,49.56666666666667
2026-04-19 07:00:00,56.4,36.9,28,954.2,5.1,231,0.0,7,6,4,42.6,34.5,50.3,35.4,67.0,61.9,36.833333333333336,31.25,48.2125
2026-04-19 08:00:00,105.6,37.7,24,953.3,4.2,227,0.0,8,6,4,56.4,39.3,23.0,38.5,88.4,63.2,37.85,33.0,47.770833333333336
2026-04-19 09:00:00,92.5,38.1,22,952.3,5.4,222,0.0,9,6,4,105.6,42.6,31.3,14.4,78.3,58.9,51.61666666666667,38.59166666666667,48.487500000000004
2026-04-19 10:00:00,63.3,38.3,22,951.5,5.2,194,0.0,10,6,4,92.5,56.4,34.5,19.0,73.5,69.5,61.81666666666666,45.1,49.07916666666667
2026-04-19 11:00:00,73.4,37.6,22,951.3,7.5,170,0.0,11,6,4,63.3,105.6,39.3,34.7,76.4,63.8,66.61666666666666,48.791666666666664,48.65416666666667
2026-04-19 12:00:00,74.3,36.7,24,951.7,9.4,150,0.0,12,6,4,73.4,92.5,42.6,12.0,53.3,63.7,72.3,52.01666666666666,48.52916666666667
2026-04-19 13:00:00,95.0,35.5,26,952.5,5.2,356,0.0,13,6,4,74.3,63.3,56.4,50.3,78.0,72.7,77.58333333333333,57.208333333333336,49.40416666666667
2026-04-19 14:00:00,73.1,34.7,30,953.3,7.9,344,0.0,14,6,4,95.0,73.4,105.6,23.0,62.2,89.3,84.01666666666667,60.93333333333334,50.112500000000004
2026-04-19 15:00:00,72.9,34.2,31,954.2,4.3,332,0.0,15,6,4,73.1,74.3,92.5,31.3,76.9,67.5,78.60000000000001,65.10833333333333,50.56666666666666
2026-04-19 16:00:00,51.6,33.1,33,954.9,7.1,311,0.0,16,6,4,72.9,95.0,63.3,34.5,54.1,63.5,75.33333333333333,68.575,50.4
2026-04-19 17:00:00,39.2,31.8,36,954.9,6.4,315,0.0,17,6,4,51.6,73.1,73.4,39.3,43.8,60.9,73.38333333333334,70.0,50.29583333333333
2026-04-19 18:00:00,27.1,29.8,39,954.6,8.5,305,0.0,18,6,4,39.2,72.9,74.3,42.6,30.2,38.2,67.68333333333334,69.99166666666666,50.104166666666664
2026-04-19 19:00:00,49.0,29.5,40,953.8,6.4,306,0.0,19,6,4,27.1,51.6,95.0,56.4,35.4,38.5,59.81666666666666,68.7,49.975
2026-04-19 20:00:00,27.8,29.2,40,953.3,7.2,298,0.0,20,6,4,49.0,39.2,73.1,105.6,38.5,42.7,52.15,68.08333333333333,50.541666666666664
2026-04-19 21:00:00,12.0,28.8,41,953.0,8.9,298,0.0,21,6,4,27.8,27.1,72.9,92.5,14.4,12.0,44.6,61.6,50.09583333333333
2026-04-19 22:00:00,12.0,28.4,39,952.8,11.4,308,0.0,22,6,4,12.0,49.0,51.6,63.3,19.0,19.3,34.45,54.89166666666667,49.99583333333334
2026-04-19 23:00:00,12.0,27.8,39,952.8,10.7,315,0.0,23,6,4,12.0,27.8,39.2,73.4,34.7,23.7,27.850000000000005,50.61666666666667,49.70416666666667
2026-04-20 00:00:00,12.0,26.6,55,952.7,7.1,285,0.0,0,0,4,12.0,12.0,27.1,74.3,12.0,12.0,23.316666666666666,45.5,48.75833333333333
2026-04-20 01:00:00,12.0,26.9,53,953.3,4.9,274,0.0,1,0,4,12.0,12.0,49.0,95.0,50.3,12.0,20.8,40.30833333333333,48.75833333333333
2026-04-20 02:00:00,17.6,27.9,48,954.0,2.5,315,0.0,2,0,4,12.0,12.0,27.8,73.1,23.0,55.6,14.633333333333333,33.391666666666666,47.1625
2026-04-20 03:00:00,24.7,29.9,41,955.0,4.6,26,0.0,3,0,4,17.6,12.0,12.0,72.9,31.3,22.8,12.933333333333335,28.76666666666667,46.9375
2026-04-20 04:00:00,46.7,32.1,34,955.4,6.1,23,0.0,4,0,4,24.7,12.0,12.0,51.6,34.5,23.9,15.050000000000002,24.75,46.6625
2026-04-20 05:00:00,32.4,34.4,28,955.4,6.1,14,0.0,5,0,4,46.7,17.6,12.0,39.2,39.3,56.1,20.833333333333332,24.34166666666667,47.17083333333334
2026-04-20 06:00:00,47.3,35.1,28,954.7,8.3,41,0.0,6,0,4,32.4,24.7,12.0,27.1,42.6,75.1,24.233333333333334,23.775000000000002,46.883333333333326
2026-04-20 07:00:00,70.0,36.6,24,954.1,8.8,49,0.0,7,0,4,47.3,46.7,12.0,49.0,56.4,67.0,30.116666666666664,25.458333333333332,47.07916666666667
2026-04-20 08:00:00,60.8,36.8,23,952.9,8.9,62,0.0,8,0,4,70.0,32.4,17.6,27.8,105.6,88.4,39.78333333333333,27.208333333333332,47.645833333333336
2026-04-20 09:00:00,66.3,37.1,22,952.0,6.6,68,0.0,9,0,4,60.8,47.3,24.7,12.0,92.5,78.3,46.98333333333333,29.958333333333332,45.77916666666667
2026-04-20 10:00:00,56.4,37.1,23,951.3,7.5,79,0.0,10,0,4,66.3,70.0,46.7,12.0,63.3,73.5,53.916666666666664,34.483333333333334,44.6875
2026-04-20 11:00:00,70.9,36.8,23,950.8,8.8,89,0.0,11,0,4,56.4,60.8,32.4,12.0,73.4,76.4,55.53333333333333,38.18333333333333,44.400000000000006
2026-04-20 12:00:00,67.1,36.2,21,950.9,10.1,63,0.0,12,0,4,70.9,66.3,47.3,12.0,74.3,53.3,61.949999999999996,43.09166666666667,44.29583333333333
2026-04-20 13:00:00,91.5,35.7,23,951.8,10.2,73,0.0,13,0,4,67.1,56.4,70.0,12.0,95.0,78.0,65.25,47.68333333333334,43.99583333333334
2026-04-20 14:00:00,65.4,34.8,26,952.7,10.3,79,0.0,14,0,4,91.5,70.9,60.8,17.6,73.1,62.2,68.83333333333333,54.30833333333334,43.85
2026-04-20 15:00:00,61.3,33.9,28,953.0,9.0,77,0.0,15,0,4,65.4,67.1,66.3,24.7,72.9,76.9,69.60000000000001,58.291666666666664,43.52916666666667
2026-04-20 16:00:00,64.7,32.9,31,953.5,8.9,124,0.0,16,0,4,61.3,91.5,56.4,46.7,51.6,54.1,68.76666666666667,61.34166666666666,43.04583333333333
2026-04-20 17:00:00,54.0,31.7,37,953.9,6.8,115,0.0,17,0,4,64.7,65.4,70.9,32.4,39.2,43.8,70.14999999999999,62.84166666666667,43.59166666666667
2026-04-20 18:00:00,48.9,30.9,41,953.3,7.0,116,0.0,18,0,4,54.0,61.3,67.1,47.3,27.1,30.2,67.33333333333333,64.64166666666667,44.208333333333336
2026-04-20 19:00:00,36.0,30.5,42,952.8,7.5,132,0.0,19,0,4,48.9,64.7,91.5,70.0,49.0,35.4,64.3,64.77499999999999,45.11666666666667
2026-04-20 20:00:00,40.3,30.2,44,952.2,5.5,136,0.0,20,0,4,36.0,54.0,65.4,60.8,27.8,38.5,55.04999999999999,61.94166666666666,44.574999999999996
2026-04-20 21:00:00,44.4,29.4,46,951.8,5.4,132,0.0,21,0,4,40.3,48.9,61.3,66.3,12.0,14.4,50.86666666666667,60.23333333333334,45.09583333333333
2026-04-20 22:00:00,13.4,28.8,51,951.4,6.1,150,0.0,22,0,4,44.4,36.0,64.7,56.4,12.0,19.0,48.04999999999999,58.40833333333333,46.44583333333333
2026-04-20 23:00:00,29.4,28.2,57,951.5,3.5,145,0.0,23,0,4,13.4,40.3,54.0,70.9,12.0,34.7,39.5,54.824999999999996,46.50416666666666
2026-04-21 00:00:00,19.9,27.3,67,952.0,4.8,211,0.0,0,1,4,29.4,44.4,48.9,67.1,12.0,12.0,35.4,51.36666666666667,47.229166666666664
2026-04-21 01:00:00,18.7,27.4,65,953.2,5.2,292,0.0,1,1,4,19.9,13.4,36.0,91.5,12.0,50.3,30.566666666666663,47.43333333333333,47.55833333333333
2026-04-21 02:00:00,33.7,28.4,60,954.1,4.6,283,0.0,2,1,4,18.7,29.4,40.3,65.4,17.6,23.0,27.683333333333334,41.36666666666667,47.8375
2026-04-21 03:00:00,12.0,30.4,50,955.0,5.1,288,0.0,3,1,4,33.7,19.9,44.4,61.3,24.7,31.3,26.583333333333332,38.725,48.50833333333333
2026-04-21 04:00:00,15.9,33.5,33,955.4,7.7,281,0.0,4,1,4,12.0,18.7,13.4,64.7,46.7,34.5,21.183333333333334,34.61666666666667,47.979166666666664
2026-04-21 05:00:00,34.8,35.0,27,955.3,9.1,302,0.0,5,1,4,15.9,33.7,29.4,54.0,32.4,39.3,21.599999999999998,30.549999999999997,46.69583333333333
2026-04-21 06:00:00,67.1,34.9,28,955.2,6.6,313,0.0,6,1,4,34.8,12.0,19.9,48.9,47.3,42.6,22.5,28.95,46.79583333333334
2026-04-21 07:00:00,68.5,36.1,26,954.3,6.3,285,0.0,7,1,4,67.1,15.9,18.7,36.0,70.0,56.4,30.366666666666664,30.46666666666667,47.62083333333333
2026-04-21 08:00:00,71.4,36.6,25,953.3,4.6,324,0.0,8,1,4,68.5,34.8,33.7,40.3,60.8,105.6,38.666666666666664,33.175000000000004,47.55833333333333
2026-04-21 09:00:00,81.0,36.6,25,952.2,4.8,42,0.0,9,1,4,71.4,67.1,12.0,44.4,66.3,92.5,44.95000000000001,35.766666666666666,48.0
2026-04-21 10:00:00,68.2,36.2,25,951.6,8.5,72,0.0,10,1,4,81.0,68.5,15.9,13.4,56.4,63.3,56.45000000000001,38.81666666666666,48.612500000000004
2026-04-21 11:00:00,59.7,36.1,25,951.1,7.2,65,0.0,11,1,4,68.2,71.4,34.8,29.4,70.9,73.4,65.16666666666667,43.38333333333333,49.104166666666664
2026-04-21 12:00:00,64.8,34.9,26,951.1,6.8,61,0.0,12,1,4,59.7,81.0,67.1,19.9,67.1,74.3,69.31666666666668,45.90833333333333,48.637499999999996
2026-04-21 13:00:00,81.3,35.0,26,951.8,4.9,84,0.0,13,1,4,64.8,68.2,68.5,18.7,91.5,95.0,68.93333333333334,49.650000000000006,48.541666666666664
2026-04-21 14:00:00,81.5,34.2,27,952.6,2.4,163,0.0,14,1,4,81.3,59.7,71.4,33.7,65.4,73.1,71.06666666666666,54.86666666666667,48.11666666666667
2026-04-21 15:00:00,51.6,32.3,37,953.4,13.7,237,0.0,15,1,4,81.5,64.8,81.0,12.0,61.3,72.9,72.75,58.85,48.7875
2026-04-21 16:00:00,34.0,28.7,55,954.3,10.7,217,0.0,16,1,4,51.6,81.3,68.2,15.9,64.7,51.6,67.85000000000001,62.150000000000006,48.38333333333333
2026-04-21 17:00:00,47.7,28.4,55,954.5,9.4,238,0.0,17,1,4,34.0,81.5,59.7,34.8,54.0,39.2,62.15,63.65833333333333,47.104166666666664
2026-04-21 18:00:00,61.9,27.9,57,953.0,6.7,250,0.2,18,1,4,47.7,51.6,64.8,67.1,48.9,27.1,60.15,64.73333333333333,46.84166666666667
2026-04-21 19:00:00,45.9,28.3,55,952.7,6.0,224,0.0,19,1,4,61.9,34.0,81.3,68.5,36.0,49.0,59.666666666666664,64.3,47.38333333333333
2026-04-21 20:00:00,25.8,27.7,60,952.3,6.9,217,0.0,20,1,4,45.9,47.7,81.5,71.4,40.3,27.8,53.76666666666667,62.416666666666664,47.79583333333333
2026-04-21 21:00:00,17.6,27.1,63,951.7,6.9,245,0.0,21,1,4,25.8,61.9,51.6,81.0,44.4,12.0,44.48333333333333,58.61666666666667,47.19166666666666
2026-04-21 22:00:00,34.8,26.4,64,951.9,5.9,259,0.0,22,1,4,17.6,45.9,34.0,68.2,13.4,12.0,38.81666666666667,53.333333333333336,46.074999999999996
2026-04-21 23:00:00,12.0,26.3,63,952.7,7.3,20,0.0,23,1,4,34.8,25.8,47.7,59.7,29.4,12.0,38.949999999999996,50.54999999999999,46.96666666666667
2026-04-22 00:00:00,18.4,26.5,59,952.8,1.1,72,0.0,0,2,4,12.0,17.6,61.9,64.8,19.9,12.0,33.0,46.574999999999996,46.24166666666667
2026-04-22 01:00:00,24.5,27.3,54,953.4,3.3,311,0.0,1,2,4,18.4,34.8,45.9,81.3,18.7,12.0,25.75,42.708333333333336,46.179166666666674
2026-04-22 02:00:00,13.4,28.6,43,954.5,6.0,319,0.0,2,2,4,24.5,12.0,25.8,81.5,33.7,17.6,22.183333333333334,37.975,46.42083333333334
2026-04-22 03:00:00,19.6,30.8,32,955.1,5.4,300,0.0,3,2,4,13.4,18.4,17.6,51.6,12.0,24.7,20.116666666666664,32.300000000000004,45.574999999999996
2026-04-22 04:00:00,21.0,33.8,22,955.5,4.8,292,0.0,4,2,4,19.6,24.5,34.8,34.0,15.9,46.7,20.45,29.63333333333333,45.89166666666667
2026-04-22 05:00:00,63.1,35.7,20,955.1,2.9,281,0.0,5,2,4,21.0,13.4,12.0,47.7,34.8,32.4,18.150000000000002,28.549999999999997,46.104166666666664
2026-04-22 06:00:00,66.9,34.6,29,954.8,5.5,328,0.0,6,2,4,63.1,19.6,18.4,61.9,67.1,47.3,26.666666666666668,29.833333333333332,47.28333333333333
2026-04-22 07:00:00,78.4,36.2,26,954.0,3.3,324,0.0,7,2,4,66.9,21.0,24.5,45.9,68.5,70.0,34.75,30.25,47.275000000000006
2026-04-22 08:00:00,65.5,37.2,22,952.8,3.0,346,0.0,8,2,4,78.4,63.1,13.4,25.8,71.4,60.8,43.73333333333333,32.958333333333336,47.6875
2026-04-22 09:00:00,80.3,37.3,22,951.9,5.5,27,0.0,9,2,4,65.5,66.9,19.6,17.6,81.0,66.3,52.416666666666664,36.26666666666667,47.44166666666666
2026-04-22 10:00:00,46.7,37.2,22,951.3,6.4,54,0.0,10,2,4,80.3,78.4,21.0,34.8,68.2,56.4,62.53333333333334,41.49166666666667,47.412499999999994
2026-04-22 11:00:00,84.2,36.5,22,951.3,10.0,120,0.0,11,2,4,46.7,65.5,63.1,12.0,59.7,70.9,66.81666666666668,42.483333333333334,46.51666666666666
2026-04-22 12:00:00,46.7,37.8,18,950.5,10.0,113,0.0,12,2,4,84.2,80.3,66.9,18.4,64.8,67.1,70.33333333333333,48.5,47.5375
2026-04-22 13:00:00,74.3,33.1,33,951.4,11.6,137,0.0,13,2,4,46.7,46.7,78.4,24.5,81.3,91.5,66.96666666666668,50.85833333333334,46.78333333333333
2026-04-22 14:00:00,80.1,33.5,32,952.1,4.4,153,0.0,14,2,4,74.3,84.2,65.5,13.4,81.5,65.4,66.28333333333333,55.00833333333333,46.49166666666667
2026-04-22 15:00:00,72.7,33.0,33,952.8,5.0,145,0.0,15,2,4,80.1,46.7,80.3,19.6,51.6,61.3,68.71666666666667,60.56666666666667,46.43333333333333
2026-04-22 16:00:00,70.2,32.5,36,953.3,6.3,141,0.0,16,2,4,72.7,74.3,46.7,21.0,34.0,64.7,67.45,64.99166666666666,47.3125
2026-04-22 17:00:00,64.6,31.4,37,953.5,7.5,150,0.0,17,2,4,70.2,80.1,84.2,63.1,47.7,54.0,71.36666666666666,69.09166666666667,48.82083333333333
2026-04-22 18:00:00,38.5,30.2,43,953.2,7.3,128,0.0,18,2,4,64.6,72.7,46.7,66.9,61.9,48.9,68.10000000000001,69.21666666666667,49.525
2026-04-22 19:00:00,34.1,29.8,46,952.7,6.9,133,0.0,19,2,4,38.5,70.2,74.3,78.4,45.9,36.0,66.73333333333333,66.85000000000001,48.54999999999999
2026-04-22 20:00:00,43.8,29.1,49,952.0,7.4,151,0.0,20,2,4,34.1,64.6,80.1,65.5,25.8,40.3,60.03333333333333,63.15833333333334,48.05833333333334
2026-04-22 21:00:00,19.1,28.4,51,951.8,5.6,153,0.0,21,2,4,43.8,38.5,72.7,80.3,17.6,44.4,53.98333333333333,61.35,48.80833333333334
2026-04-22 22:00:00,15.4,27.9,54,951.5,4.2,115,0.0,22,2,4,19.1,34.1,70.2,46.7,34.8,13.4,45.050000000000004,56.25,48.87083333333333
2026-04-22 23:00:00,36.0,27.7,55,951.5,5.1,141,0.0,23,2,4,15.4,43.8,64.6,84.2,12.0,29.4,35.916666666666664,53.64166666666667,48.0625
2026-04-23 00:00:00,24.6,26.9,67,951.6,2.5,98,0.0,0,3,4,36.0,19.1,38.5,46.7,18.4,19.9,31.149999999999995,49.625,49.0625
2026-04-23 01:00:00,21.6,27.6,58,952.0,3.1,190,0.0,1,3,4,24.6,15.4,34.1,74.3,24.5,18.7,28.833333333333332,47.78333333333333,49.320833333333326
2026-04-23 02:00:00,23.8,28.5,56,953.1,2.2,215,0.0,2,3,4,21.6,36.0,43.8,80.1,13.4,33.7,26.75,43.39166666666667,49.199999999999996
2026-04-23 03:00:00,28.9,30.9,46,953.8,2.9,202,0.0,3,3,4,23.8,24.6,19.1,72.7,19.6,12.0,23.416666666666668,38.699999999999996,49.63333333333333
2026-04-23 04:00:00,40.8,33.5,36,954.3,3.4,227,0.0,4,3,4,28.9,21.6,15.4,70.2,21.0,15.9,25.05,35.05,50.020833333333336
2026-04-23 05:00:00,63.6,35.5,29,954.4,3.1,267,0.0,5,3,4,40.8,23.8,36.0,64.6,63.1,34.8,29.28333333333333,32.6,50.84583333333333
2026-04-23 06:00:00,38.5,36.1,26,954.1,3.6,237,0.0,6,3,4,63.6,28.9,24.6,38.5,66.9,67.1,33.88333333333333,32.51666666666667,50.86666666666667
2026-04-23 07:00:00,82.0,37.1,21,953.4,2.4,77,0.0,7,3,4,38.5,40.8,21.6,34.1,78.4,68.5,36.199999999999996,32.51666666666667,49.68333333333333
2026-04-23 08:00:00,66.4,37.3,20,952.7,7.0,67,0.0,8,3,4,82.0,63.6,23.8,43.8,65.5,71.4,46.26666666666667,36.50833333333333,49.833333333333336
2026-04-23 09:00:00,49.9,36.2,24,952.5,11.3,14,0.0,9,3,4,66.4,38.5,28.9,19.1,80.3,81.0,53.36666666666667,38.391666666666666,49.87083333333334
2026-04-23 10:00:00,70.6,36.2,23,951.6,9.6,355,0.0,10,3,4,49.9,82.0,40.8,15.4,46.7,68.2,56.86666666666667,40.958333333333336,48.604166666666664
2026-04-23 11:00:00,67.6,36.0,23,951.5,9.4,18,0.0,11,3,4,70.6,66.4,63.6,36.0,84.2,59.7,61.833333333333336,45.55833333333334,49.6
2026-04-23 12:00:00,75.4,36.0,20,951.5,8.6,90,0.0,12,3,4,67.6,49.9,38.5,24.6,46.7,64.8,62.5,48.19166666666666,48.90833333333333
2026-04-23 13:00:00,61.5,35.4,21,952.2,7.4,72,0.0,13,3,4,75.4,70.6,82.0,21.6,74.3,81.3,68.64999999999999,52.42499999999999,50.104166666666664
2026-04-23 14:00:00,83.7,34.2,25,952.7,5.6,65,0.0,14,3,4,61.5,67.6,66.4,23.8,80.1,81.5,65.23333333333333,55.75,49.57083333333333
2026-04-23 15:00:00,86.4,33.2,27,953.2,3.4,122,0.0,15,3,4,83.7,75.4,49.9,28.9,72.7,51.6,68.11666666666666,60.74166666666667,49.72083333333334
2026-04-23 16:00:00,50.4,32.6,29,953.6,5.0,103,0.0,16,3,4,86.4,61.5,70.6,40.8,70.2,34.0,74.2,65.53333333333333,50.291666666666664
2026-04-23 17:00:00,58.2,31.7,32,953.6,4.7,97,0.0,17,3,4,50.4,83.7,67.6,63.6,64.6,47.7,70.83333333333333,66.33333333333333,49.46666666666667
2026-04-23 18:00:00,56.4,30.6,37,952.8,5.2,258,0.0,18,3,4,58.2,86.4,75.4,38.5,38.5,61.9,69.26666666666667,65.88333333333334,49.20000000000001
2026-04-23 19:00:00,47.9,29.2,43,952.0,5.6,266,0.0,19,3,4,56.4,50.4,61.5,82.0,34.1,45.9,66.10000000000001,67.375,49.94583333333333
2026-04-23 20:00:00,33.7,28.2,48,951.5,5.4,300,0.0,20,3,4,47.9,58.2,83.7,66.4,43.8,25.8,63.833333333333336,64.53333333333335,50.520833333333336
2026-04-23 21:00:00,47.4,27.7,49,950.9,4.2,282,0.0,21,3,4,33.7,56.4,86.4,49.9,19.1,17.6,55.5,61.80833333333333,50.1
2026-04-23 22:00:00,54.2,26.9,53,950.5,6.5,226,0.0,22,3,4,47.4,47.9,50.4,70.6,15.4,34.8,49.0,61.599999999999994,51.27916666666667
2026-04-23 23:00:00,12.1,27.2,51,950.5,7.6,202,0.0,23,3,4,54.2,33.7,58.2,67.6,36.0,12.0,49.63333333333333,60.23333333333333,52.895833333333336
2026-04-24 00:00:00,43.4,26.4,56,951.0,5.6,220,0.0,0,4,4,12.1,47.4,56.4,75.4,24.6,18.4,41.949999999999996,55.60833333333334,51.9
2026-04-24 01:00:00,42.4,26.9,57,951.8,2.7,332,0.0,1,4,4,43.4,54.2,47.9,61.5,21.6,24.5,39.78333333333334,52.94166666666667,52.68333333333334
2026-04-24 02:00:00,12.0,28.5,51,953.2,3.8,301,0.0,2,4,4,42.4,12.1,33.7,83.7,23.8,13.4,38.86666666666667,51.349999999999994,53.550000000000004
2026-04-24 03:00:00,16.4,31.5,38,954.1,6.3,265,0.0,3,4,4,12.0,43.4,47.4,86.4,28.9,19.6,35.25,45.375,53.05833333333334
2026-04-24 04:00:00,26.1,33.4,31,954.7,9.1,288,0.0,4,4,4,16.4,42.4,54.2,50.4,40.8,21.0,30.083333333333332,39.541666666666664,52.537499999999994
2026-04-24 05:00:00,52.8,35.3,26,954.6,6.1,313,0.0,5,4,4,26.1,12.0,12.1,58.2,63.6,63.1,25.400000000000002,37.516666666666666,51.925000000000004
2026-04-24 06:00:00,53.6,35.8,25,954.1,1.3,304,0.0,6,4,4,52.8,16.4,43.4,56.4,38.5,66.9,32.18333333333333,37.06666666666667,51.475
2026-04-24 07:00:00,73.1,37.1,24,953.4,3.3,354,0.0,7,4,4,53.6,26.1,42.4,47.9,82.0,78.4,33.88333333333333,36.833333333333336,52.104166666666664
2026-04-24 08:00:00,54.0,37.7,23,952.6,7.3,9,0.0,8,4,4,73.1,52.8,12.0,33.7,66.4,65.5,39.0,38.93333333333333,51.73333333333334
2026-04-24 09:00:00,49.4,35.2,29,952.5,8.8,136,0.0,9,4,4,54.0,53.6,16.4,47.4,49.9,80.3,46.0,40.625,51.21666666666667
2026-04-24 10:00:00,78.7,36.1,24,952.0,4.7,184,0.0,10,4,4,49.4,73.1,26.1,54.2,70.6,46.7,51.5,40.791666666666664,51.19583333333333
2026-04-24 11:00:00,85.1,36.4,23,951.5,6.2,168,0.0,11,4,4,78.7,54.0,52.8,12.1,67.6,84.2,60.26666666666667,42.833333333333336,51.53333333333333
2026-04-24 12:00:00,73.1,36.2,21,951.5,8.2,112,0.0,12,4,4,85.1,49.4,53.6,43.4,75.4,46.7,65.64999999999999,48.916666666666664,52.262499999999996
2026-04-24 13:00:00,68.5,35.4,23,952.2,8.8,116,0.0,13,4,4,73.1,78.7,73.1,42.4,61.5,74.3,68.89999999999999,51.39166666666667,52.166666666666664
2026-04-24 14:00:00,97.0,34.3,26,952.9,6.2,131,0.0,14,4,4,68.5,85.1,54.0,12.0,83.7,80.1,68.13333333333333,53.56666666666666,52.458333333333336
2026-04-24 15:00:00,72.2,33.6,28,953.6,4.7,164,0.0,15,4,4,97.0,73.1,49.4,16.4,86.4,72.7,75.3,60.65,53.012499999999996
2026-04-24 16:00:00,40.7,32.6,31,954.2,7.6,179,0.0,16,4,4,72.2,68.5,78.7,26.1,50.4,70.2,79.10000000000001,65.3,52.42083333333334
2026-04-24 17:00:00,55.2,31.9,33,954.0,8.2,166,0.0,17,4,4,40.7,97.0,85.1,52.8,58.2,64.6,72.76666666666667,66.51666666666667,52.01666666666666
2026-04-24 18:00:00,43.8,31.3,36,953.5,6.9,166,0.0,18,4,4,55.2,72.2,73.1,53.6,56.4,38.5,67.78333333333333,66.71666666666665,51.89166666666666
2026-04-24 19:00:00,30.3,30.3,38,953.1,7.4,166,0.0,19,4,4,43.8,40.7,68.5,73.1,47.9,34.1,62.900000000000006,65.9,51.36666666666667
2026-04-24 20:00:00,20.6,29.6,41,952.3,7.7,156,0.0,20,4,4,30.3,55.2,97.0,54.0,33.7,43.8,56.53333333333333,62.333333333333336,50.63333333333333
2026-04-24 21:00:00,36.9,28.7,45,951.6,6.6,171,0.0,21,4,4,20.6,43.8,72.2,49.4,47.4,19.1,43.800000000000004,59.550000000000004,50.0875
2026-04-24 22:00:00,43.7,28.3,47,951.4,5.6,173,0.0,22,4,4,36.9,30.3,40.7,78.7,54.2,15.4,37.916666666666664,58.50833333333333,49.650000000000006
2026-04-24 23:00:00,15.6,27.8,50,951.8,4.7,223,0.0,23,4,4,43.7,20.6,55.2,85.1,12.1,36.0,38.416666666666664,55.59166666666667,49.2125
2026-04-25 00:00:00,38.5,26.9,62,951.8,3.0,253,0.0,0,5,4,15.6,36.9,43.8,73.1,43.4,24.6,31.816666666666666,49.800000000000004,49.35833333333334
2026-04-25 01:00:00,27.2,27.2,63,952.8,5.5,257,0.0,1,5,4,38.5,43.7,30.3,68.5,42.4,21.6,30.933333333333334,46.916666666666664,49.15416666666667
2026-04-25 02:00:00,18.7,28.7,55,954.1,3.1,257,0.0,2,5,4,27.2,15.6,20.6,97.0,12.0,23.8,30.416666666666668,43.475,48.520833333333336
2026-04-25 03:00:00,56.1,31.5,43,955.3,3.3,225,0.0,3,5,4,18.7,38.5,36.9,72.2,16.4,28.9,30.099999999999998,36.949999999999996,48.79999999999999
2026-04-25 04:00:00,35.4,33.9,34,956.0,3.9,242,0.0,4,5,4,56.1,27.2,43.7,40.7,26.1,40.8,33.3,35.608333333333334,50.45416666666667
2026-04-25 05:00:00,53.6,35.6,28,956.0,3.1,239,0.0,5,5,4,35.4,18.7,15.6,55.2,52.8,63.6,31.916666666666668,35.166666666666664,50.84166666666666
2026-04-25 06:00:00,45.1,36.1,27,955.5,4.0,240,0.0,6,5,4,53.6,56.1,38.5,43.8,53.6,38.5,38.25,35.03333333333333,50.875
2026-04-25 07:00:00,70.3,37.6,22,954.9,1.5,234,0.0,7,5,4,45.1,35.4,27.2,30.3,73.1,82.0,39.35,35.14166666666667,50.520833333333336
2026-04-25 08:00:00,88.8,37.9,21,954.0,1.1,9,0.0,8,5,4,70.3,53.6,18.7,20.6,54.0,66.4,46.53333333333333,38.475,50.40416666666666
2026-04-25 09:00:00,61.1,38.0,20,953.2,4.4,60,0.0,9,5,4,88.8,45.1,56.1,36.9,49.4,49.9,58.21666666666667,44.15833333333333,51.854166666666664
2026-04-25 10:00:00,72.9,38.2,20,952.5,6.7,74,0.0,10,5,4,61.1,70.3,35.4,43.7,78.7,70.6,59.04999999999999,46.175000000000004,52.34166666666667
2026-04-25 11:00:00,78.1,38.0,20,952.3,9.9,74,0.0,11,5,4,72.9,88.8,53.6,15.6,85.1,67.6,65.3,48.60833333333333,52.1
2026-04-25 12:00:00,47.5,36.9,21,952.5,11.4,93,0.0,12,5,4,78.1,61.1,45.1,38.5,73.1,75.4,69.38333333333333,53.81666666666666,51.80833333333334
2026-04-25 13:00:00,75.1,36.1,22,953.0,10.4,116,0.0,13,5,4,47.5,72.9,70.3,27.2,68.5,61.5,69.78333333333335,54.56666666666666,50.74166666666667
2026-04-25 14:00:00,47.2,35.2,24,953.6,8.6,127,0.0,14,5,4,75.1,78.1,88.8,18.7,97.0,83.7,70.58333333333333,58.55833333333334,51.01666666666666
2026-04-25 15:00:00,93.8,33.7,29,954.0,7.6,165,0.0,15,5,4,47.2,47.5,61.1,56.1,72.2,86.4,63.65,60.93333333333333,48.94166666666666
2026-04-25 16:00:00,53.9,32.9,31,954.5,6.8,158,0.0,16,5,4,93.8,75.1,72.9,35.4,40.7,50.4,69.10000000000001,64.075,49.84166666666666
2026-04-25 17:00:00,55.9,32.1,33,954.6,6.7,166,0.0,17,5,4,53.9,47.2,78.1,53.6,55.2,58.2,65.93333333333332,65.61666666666666,50.39166666666667
2026-04-25 18:00:00,27.2,32.0,35,954.0,6.6,163,0.0,18,5,4,55.9,93.8,47.5,45.1,43.8,56.4,62.23333333333334,65.80833333333332,50.42083333333334
2026-04-25 19:00:00,13.5,31.4,38,953.6,8.6,147,0.0,19,5,4,27.2,53.9,75.1,70.3,30.3,47.9,58.849999999999994,64.31666666666668,49.729166666666664
2026-04-25 20:00:00,32.7,29.9,50,952.8,8.8,152,0.0,20,5,4,13.5,55.9,47.2,88.8,20.6,33.7,48.583333333333336,59.583333333333336,49.02916666666666
2026-04-25 21:00:00,18.6,29.0,57,952.1,7.5,153,0.0,21,5,4,32.7,27.2,93.8,61.1,36.9,47.4,46.166666666666664,54.90833333333333,49.53333333333333
2026-04-25 22:00:00,35.9,28.5,60,951.8,6.2,159,0.0,22,5,4,18.6,13.5,53.9,72.9,43.7,54.2,33.63333333333333,51.36666666666667,48.770833333333336
2026-04-25 23:00:00,12.0,28.2,60,951.8,4.4,161,0.0,23,5,4,35.9,32.7,55.9,78.1,15.6,12.1,30.633333333333336,48.28333333333333,48.44583333333333
2026-04-26 00:00:00,12.0,27.9,62,952.1,5.4,194,0.0,0,6,4,12.0,18.6,27.2,47.5,38.5,43.4,23.316666666666666,42.775,48.29583333333333
2026-04-26 01:00:00,26.0,28.4,58,953.0,4.7,238,0.0,1,6,4,12.0,35.9,13.5,75.1,27.2,42.4,20.783333333333335,39.81666666666667,47.19166666666666
2026-04-26 02:00:00,26.9,29.7,52,954.2,3.5,246,0.0,2,6,4,26.0,12.0,32.7,47.2,18.7,12.0,22.866666666666664,35.725,47.14166666666666
2026-04-26 03:00:00,31.1,32.2,43,955.0,5.5,226,0.0,3,6,4,26.9,12.0,18.6,93.8,56.1,16.4,21.900000000000002,34.03333333333333,47.48333333333334
2026-04-26 04:00:00,12.9,34.5,34,955.4,8.1,215,0.0,4,6,4,31.1,26.0,35.9,53.9,35.4,26.1,23.983333333333334,28.808333333333337,46.44166666666666
2026-04-26 05:00:00,37.7,36.2,29,955.2,8.4,217,0.0,5,6,4,12.9,26.9,12.0,55.9,53.6,52.8,20.150000000000002,25.391666666666666,45.50416666666667
2026-04-26 06:00:00,34.5,36.2,29,954.6,8.3,219,0.0,6,6,4,37.7,31.1,12.0,27.2,45.1,53.6,24.433333333333334,23.875,44.84166666666667
2026-04-26 07:00:00,69.0,37.6,26,954.1,8.2,230,0.0,7,6,4,34.5,12.9,26.0,13.5,70.3,73.1,28.183333333333334,24.483333333333334,44.400000000000006
2026-04-26 08:00:00,40.9,37.6,25,953.3,10.7,243,0.0,8,6,4,69.0,37.7,26.9,32.7,88.8,54.0,35.35,29.108333333333338,44.34583333333333
2026-04-26 09:00:00,78.9,36.8,25,952.4,8.4,228,0.0,9,6,4,40.9,34.5,31.1,18.6,61.1,49.4,37.68333333333333,29.791666666666668,42.35
2026-04-26 10:00:00,93.4,37.7,24,951.5,6.7,189,0.0,10,6,4,78.9,69.0,12.9,35.9,72.9,78.7,45.65,34.81666666666667,43.09166666666667
2026-04-26 11:00:00,96.8,37.6,23,950.6,7.4,180,0.0,11,6,4,93.4,40.9,37.7,12.0,78.1,85.1,59.06666666666667,39.608333333333334,43.94583333333333
2026-04-26 12:00:00,68.4,37.0,23,950.6,11.7,191,0.0,12,6,4,96.8,78.9,34.5,12.0,47.5,73.1,68.91666666666667,46.675000000000004,44.725
2026-04-26 13:00:00,48.1,36.0,24,951.2,12.9,173,0.0,13,6,4,68.4,93.4,69.0,26.0,75.1,68.5,74.56666666666666,51.375,45.59583333333333
2026-04-26 14:00:00,61.9,36.1,24,951.8,9.4,142,0.0,14,6,4,48.1,96.8,40.9,26.9,47.2,97.0,71.08333333333333,53.21666666666667,44.47083333333333
2026-04-26 15:00:00,50.1,35.4,25,952.1,6.3,167,0.0,15,6,4,61.9,68.4,78.9,31.1,93.8,72.2,74.58333333333333,56.13333333333333,45.083333333333336
2026-04-26 16:00:00,59.5,33.6,29,952.6,6.6,197,0.0,16,6,4,50.1,48.1,93.4,12.9,53.9,40.7,69.78333333333335,57.71666666666667,43.262499999999996
2026-04-26 17:00:00,56.3,32.6,32,952.6,4.0,198,0.0,17,6,4,59.5,61.9,96.8,37.7,55.9,55.2,64.13333333333334,61.6,43.49583333333334
2026-04-26 18:00:00,54.7,32.0,34,951.8,7.1,189,0.0,18,6,4,56.3,50.1,68.4,34.5,27.2,43.8,57.38333333333333,63.15,43.512499999999996
2026-04-26 19:00:00,14.9,31.5,35,951.2,6.5,203,0.0,19,6,4,54.7,59.5,48.1,69.0,13.5,30.3,55.1,64.83333333333333,44.65833333333333
2026-04-26 20:00:00,26.1,30.2,38,950.8,6.5,124,0.0,20,6,4,14.9,56.3,61.9,40.9,32.7,20.6,49.56666666666666,60.324999999999996,44.71666666666667
2026-04-26 21:00:00,32.6,29.0,48,950.4,5.0,145,0.0,21,6,4,26.1,54.7,50.1,78.9,18.6,36.9,43.6,59.09166666666667,44.44166666666666
2026-04-26 22:00:00,12.0,28.5,54,950.0,6.6,159,0.0,22,6,4,32.6,14.9,59.5,93.4,35.9,43.7,40.68333333333333,55.23333333333334,45.025000000000006
2026-04-26 23:00:00,23.0,28.0,58,950.1,5.2,146,0.0,23,6,4,12.0,26.1,56.3,96.8,12.0,15.6,32.766666666666666,48.45000000000001,44.02916666666667
2026-04-27 00:00:00,12.0,27.6,59,951.0,7.9,221,0.0,0,0,4,23.0,32.6,54.7,68.4,12.0,38.5,27.21666666666667,42.300000000000004,44.487500000000004
2026-04-27 01:00:00,12.0,27.7,56,952.3,10.2,256,0.0,1,0,4,12.0,12.0,14.9,48.1,26.0,27.2,20.099999999999998,37.6,44.487500000000004
2026-04-27 02:00:00,17.6,28.9,55,953.0,8.2,232,0.0,2,0,4,12.0,23.0,26.1,61.9,26.9,18.7,19.616666666666667,34.59166666666667,43.90416666666667
2026-04-27 03:00:00,12.0,31.6,45,953.6,9.2,235,0.0,3,0,4,17.6,12.0,32.6,50.1,31.1,56.1,18.2,30.900000000000002,43.51666666666667
2026-04-27 04:00:00,36.0,34.5,34,954.0,11.4,259,0.0,4,0,4,12.0,12.0,12.0,59.5,12.9,35.4,14.766666666666666,27.724999999999998,42.72083333333334
2026-04-27 05:00:00,53.1,36.5,27,953.7,11.8,261,0.0,5,0,4,36.0,17.6,23.0,56.3,37.7,53.6,18.766666666666666,25.766666666666666,43.68333333333334
2026-04-27 06:00:00,55.9,36.8,27,953.0,9.8,240,0.0,6,0,4,53.1,12.0,12.0,54.7,34.5,45.1,23.78333333333333,25.5,44.324999999999996
2026-04-27 07:00:00,51.3,38.3,24,952.5,9.3,234,0.0,7,0,4,55.9,36.0,12.0,14.9,69.0,70.3,31.099999999999998,25.599999999999998,45.21666666666667
2026-04-27 08:00:00,73.0,39.1,22,951.5,8.3,257,0.0,8,0,4,51.3,53.1,17.6,26.1,40.9,88.8,37.65,28.633333333333336,44.479166666666664
2026-04-27 09:00:00,76.1,39.1,21,950.4,7.7,258,0.0,9,0,4,73.0,55.9,12.0,32.6,78.9,61.1,46.88333333333333,32.541666666666664,45.81666666666666
2026-04-27 10:00:00,59.3,38.7,21,949.6,7.9,246,0.0,10,0,4,76.1,51.3,36.0,12.0,93.4,72.9,57.56666666666666,36.166666666666664,45.699999999999996
2026-04-27 11:00:00,74.0,38.5,20,949.3,9.6,242,0.0,11,0,4,59.3,73.0,53.1,23.0,96.8,78.1,61.449999999999996,40.10833333333333,44.27916666666667
2026-04-27 12:00:00,64.7,37.6,22,949.1,10.9,241,0.0,12,0,4,74.0,76.1,55.9,12.0,68.4,47.5,64.93333333333332,44.35833333333333,43.32916666666667
2026-04-27 13:00:00,59.0,36.7,24,949.7,11.6,231,0.0,13,0,4,64.7,59.3,51.3,12.0,48.1,75.1,66.39999999999999,48.75,43.175000000000004
2026-04-27 14:00:00,74.3,34.6,30,950.1,11.4,211,0.0,14,0,4,59.0,74.0,73.0,17.6,61.9,47.2,67.68333333333334,52.666666666666664,43.62916666666667
2026-04-27 15:00:00,108.8,34.2,30,950.5,8.6,196,0.0,15,0,4,74.3,64.7,76.1,12.0,50.1,93.8,67.89999999999999,57.39166666666666,44.145833333333336
2026-04-27 16:00:00,42.6,34.2,30,950.9,8.9,187,0.0,16,0,4,108.8,59.0,59.3,36.0,59.5,53.9,73.35,65.45833333333333,46.59166666666667
2026-04-27 17:00:00,73.1,34.0,29,951.1,8.5,201,0.0,17,0,4,42.6,74.3,74.0,53.1,56.3,55.9,70.56666666666668,66.00833333333333,45.887499999999996
2026-04-27 18:00:00,63.4,32.8,33,950.4,5.3,188,0.0,18,0,4,73.1,108.8,64.7,55.9,54.7,27.2,70.41666666666667,67.675,46.587500000000006
2026-04-27 19:00:00,36.8,31.9,35,950.1,5.5,189,0.0,19,0,4,63.4,42.6,59.0,51.3,14.9,13.5,70.19999999999999,68.3,46.949999999999996
2026-04-27 20:00:00,52.5,30.8,38,949.8,7.2,155,0.0,20,0,4,36.8,73.1,74.3,73.0,26.1,32.7,66.49999999999999,67.09166666666667,47.862500000000004
2026-04-27 21:00:00,30.5,29.4,45,949.7,6.4,162,0.0,21,0,4,52.5,63.4,108.8,76.1,32.6,18.6,62.86666666666667,65.38333333333334,48.962500000000006
2026-04-27 22:00:00,19.5,28.7,51,949.7,2.6,115,0.0,22,0,4,30.5,36.8,42.6,59.3,12.0,35.9,49.81666666666666,61.583333333333336,48.875
2026-04-27 23:00:00,12.0,28.3,55,950.3,1.6,63,0.0,23,0,4,19.5,52.5,73.1,74.0,23.0,12.0,45.96666666666666,58.26666666666667,49.1875
2026-04-28 00:00:00,21.9,27.3,68,950.6,5.2,274,0.0,0,1,4,12.0,30.5,63.4,64.7,12.0,12.0,35.78333333333333,53.1,48.729166666666664
2026-04-28 01:00:00,21.1,27.9,60,951.7,4.5,227,0.0,1,1,4,21.9,19.5,36.8,59.0,12.0,26.0,28.866666666666664,49.53333333333333,49.14166666666666
2026-04-28 02:00:00,26.4,29.3,48,952.5,4.3,248,0.0,2,1,4,21.1,12.0,52.5,74.3,17.6,26.9,26.25,46.375,49.520833333333336
2026-04-28 03:00:00,42.6,31.3,41,953.0,4.1,247,0.0,3,1,4,26.4,21.9,30.5,108.8,12.0,31.1,21.900000000000002,42.38333333333333,49.887499999999996
2026-04-28 04:00:00,33.3,34.2,34,953.4,5.7,238,0.0,4,1,4,42.6,21.1,19.5,42.6,36.0,12.9,23.916666666666668,36.86666666666667,51.1625
2026-04-28 05:00:00,32.7,36.4,28,953.3,7.6,243,0.0,5,1,4,33.3,26.4,12.0,73.1,53.1,37.7,26.21666666666667,36.09166666666666,51.050000000000004
2026-04-28 06:00:00,41.5,36.3,30,953.1,8.4,260,0.0,6,1,4,32.7,42.6,21.9,63.4,55.9,34.5,29.666666666666668,32.725,50.20000000000001
2026-04-28 07:00:00,68.6,37.4,26,952.4,7.0,267,0.0,7,1,4,41.5,33.3,21.1,36.8,51.3,69.0,32.93333333333333,30.900000000000002,49.6
2026-04-28 08:00:00,66.9,38.8,20,951.2,5.4,272,0.0,8,1,4,68.6,32.7,26.4,52.5,73.0,40.9,40.85,33.550000000000004,50.32083333333333
2026-04-28 09:00:00,54.6,39.3,18,950.2,7.3,327,0.0,9,1,4,66.9,41.5,42.6,30.5,76.1,78.9,47.6,34.75,50.06666666666666
2026-04-28 10:00:00,51.4,39.1,18,949.4,10.5,354,0.0,10,1,4,54.6,68.6,33.3,19.5,59.3,93.4,49.6,36.75833333333333,49.17083333333333
2026-04-28 11:00:00,48.5,38.6,19,949.1,11.2,11,0.0,11,1,4,51.4,66.9,32.7,12.0,74.0,96.8,52.61666666666667,39.416666666666664,48.84166666666666
2026-04-28 12:00:00,88.8,38.9,16,948.8,7.0,58,0.0,12,1,4,48.5,54.6,41.5,21.9,64.7,68.4,55.25,42.458333333333336,47.77916666666666
2026-04-28 13:00:00,55.5,36.3,26,949.4,12.2,137,0.0,13,1,4,88.8,51.4,68.6,21.1,59.0,48.1,63.13333333333333,48.03333333333333,48.78333333333333
2026-04-28 14:00:00,78.8,33.8,38,950.6,8.0,138,0.0,14,1,4,55.5,48.5,66.9,26.4,74.3,61.9,60.95000000000001,50.9,48.637499999999996
2026-04-28 15:00:00,63.3,33.2,41,951.0,10.7,153,0.0,15,1,4,78.8,88.8,54.6,42.6,108.8,50.1,62.93333333333334,55.26666666666667,48.824999999999996
2026-04-28 16:00:00,60.2,32.3,44,951.9,8.0,164,0.0,16,1,4,63.3,55.5,51.4,33.3,42.6,59.5,64.38333333333333,56.99166666666667,46.92916666666667
2026-04-28 17:00:00,65.9,31.7,46,952.2,9.5,202,0.0,17,1,4,60.2,78.8,48.5,32.7,73.1,56.3,65.85000000000001,59.23333333333334,47.6625
2026-04-28 18:00:00,35.8,29.9,47,952.0,8.4,215,0.0,18,1,4,65.9,63.3,88.8,41.5,63.4,54.7,68.75,62.0,47.36249999999999
2026-04-28 19:00:00,57.1,29.7,45,951.5,6.4,234,0.0,19,1,4,35.8,60.2,55.5,68.6,36.8,14.9,59.916666666666664,61.525,46.212500000000006
2026-04-28 20:00:00,34.3,29.2,45,951.0,8.5,238,0.0,20,1,4,57.1,65.9,78.8,66.9,52.5,26.1,60.18333333333333,60.56666666666666,47.05833333333333
2026-04-28 21:00:00,36.6,29.1,45,950.3,7.0,241,0.0,21,1,4,34.3,35.8,63.3,54.6,30.5,32.6,52.76666666666666,57.85,46.29999999999999
2026-04-28 22:00:00,30.2,28.6,47,950.0,6.9,242,0.0,22,1,4,36.6,57.1,60.2,51.4,19.5,12.0,48.31666666666667,56.349999999999994,46.55416666666667
2026-04-28 23:00:00,12.0,28.1,48,950.2,7.6,242,0.0,23,1,4,30.2,34.3,65.9,48.5,12.0,23.0,43.31666666666666,54.583333333333336,46.99999999999999
2026-04-29 00:00:00,12.0,28.0,51,950.8,8.2,279,0.0,0,2,4,12.0,36.6,35.8,88.8,21.9,12.0,34.333333333333336,51.541666666666664,46.99999999999999
2026-04-29 01:00:00,12.0,28.1,49,952.2,7.3,280,0.0,1,2,4,12.0,30.2,57.1,55.5,21.1,12.0,30.366666666666664,45.14166666666667,46.5875
2026-04-29 02:00:00,13.2,29.1,47,953.0,7.5,249,0.0,2,2,4,12.0,12.0,34.3,78.8,26.4,17.6,22.849999999999998,41.516666666666666,46.20833333333332
2026-04-29 03:00:00,43.9,31.7,41,953.6,7.8,241,0.0,3,2,4,13.2,12.0,36.6,63.3,42.6,12.0,19.333333333333332,36.05,45.65833333333333
2026-04-29 04:00:00,36.6,34.4,33,953.9,9.1,255,0.0,4,2,4,43.9,12.0,30.2,60.2,33.3,36.0,20.55,34.43333333333334,45.7125
2026-04-29 05:00:00,28.1,36.5,27,953.8,8.6,271,0.0,5,2,4,36.6,13.2,12.0,65.9,32.7,53.1,21.616666666666664,32.46666666666666,45.849999999999994
2026-04-29 06:00:00,52.1,35.5,28,953.9,6.6,259,0.0,6,2,4,28.1,43.9,12.0,35.8,41.5,55.9,24.3,29.316666666666666,45.65833333333333
2026-04-29 07:00:00,63.9,37.5,23,953.3,5.3,260,0.0,7,2,4,52.1,36.6,12.0,57.1,68.6,51.3,30.983333333333334,30.674999999999997,46.099999999999994
2026-04-29 08:00:00,72.5,38.5,20,952.1,4.9,260,0.0,8,2,4,63.9,28.1,13.2,34.3,66.9,73.0,39.63333333333333,31.24166666666667,45.90416666666667
2026-04-29 09:00:00,76.5,39.2,18,950.7,6.0,279,0.0,9,2,4,72.5,52.1,43.9,36.6,54.6,76.1,49.51666666666667,34.425000000000004,46.13750000000001
2026-04-29 10:00:00,86.1,39.4,18,950.1,7.4,296,0.0,10,2,4,76.5,63.9,36.6,30.2,51.4,59.3,54.949999999999996,37.75,47.050000000000004
2026-04-29 11:00:00,71.7,39.0,18,949.5,8.7,307,0.0,11,2,4,86.1,72.5,28.1,12.0,48.5,74.0,63.199999999999996,42.40833333333333,48.49583333333334
2026-04-29 12:00:00,76.3,38.1,19,949.2,2.7,233,0.0,12,2,4,71.7,76.5,52.1,12.0,88.8,64.7,70.46666666666667,47.38333333333333,49.462500000000006
2026-04-29 13:00:00,88.4,37.2,21,949.9,3.1,97,0.0,13,2,4,76.3,86.1,63.9,12.0,55.5,59.0,74.5,52.74166666666667,48.94166666666666
2026-04-29 14:00:00,47.4,35.9,25,950.5,10.4,134,0.0,14,2,4,88.4,71.7,72.5,13.2,78.8,74.3,78.58333333333333,59.10833333333333,50.3125
2026-04-29 15:00:00,62.1,34.3,29,951.2,9.7,156,0.0,15,2,4,47.4,76.3,76.5,43.9,63.3,108.8,74.4,61.958333333333336,49.00416666666666
2026-04-29 16:00:00,53.2,33.3,32,951.8,8.0,189,0.0,16,2,4,62.1,88.4,86.1,36.6,60.2,42.6,72.0,63.474999999999994,48.95416666666667
2026-04-29 17:00:00,69.4,32.6,33,952.3,6.3,177,0.0,17,2,4,53.2,47.4,71.7,28.1,65.9,73.1,66.51666666666667,64.85833333333333,48.6625
2026-04-29 18:00:00,50.6,31.9,36,951.9,5.7,221,0.0,18,2,4,69.4,62.1,76.3,52.1,35.8,63.4,66.13333333333334,68.3,48.80833333333333
2026-04-29 19:00:00,22.6,31.3,38,951.5,8.1,204,0.0,19,2,4,50.6,53.2,88.4,63.9,57.1,36.8,61.85,68.175,49.425000000000004
2026-04-29 20:00:00,41.8,30.6,39,951.1,7.3,196,0.0,20,2,4,22.6,69.4,47.4,72.5,34.3,52.5,50.88333333333333,64.73333333333333,47.987500000000004
2026-04-29 21:00:00,35.0,30.4,39,950.7,7.8,230,0.0,21,2,4,41.8,50.6,62.1,76.5,36.6,30.5,49.949999999999996,62.175000000000004,48.300000000000004
2026-04-29 22:00:00,12.0,30.5,39,950.3,11.8,219,0.0,22,2,4,35.0,22.6,53.2,86.1,30.2,19.5,45.43333333333334,58.71666666666667,48.23333333333333
2026-04-29 23:00:00,12.0,30.0,40,950.8,10.8,226,0.0,23,2,4,12.0,41.8,69.4,71.7,12.0,12.0,38.56666666666667,52.541666666666664,47.475
2026-04-30 00:00:00,14.8,29.1,45,951.9,7.9,286,0.0,0,3,4,12.0,35.0,50.6,76.3,12.0,21.9,29.0,47.56666666666666,47.475
2026-04-30 01:00:00,24.7,29.3,46,952.9,6.2,229,0.0,1,3,4,14.8,12.0,22.6,88.4,12.0,21.1,23.033333333333335,42.44166666666667,47.59166666666667
2026-04-30 02:00:00,28.6,30.1,45,953.6,6.2,244,0.0,2,3,4,24.7,12.0,41.8,47.4,13.2,26.4,23.383333333333336,37.13333333333333,48.12083333333334
2026-04-30 03:00:00,12.0,32.3,39,954.3,7.5,287,0.0,3,3,4,28.6,14.8,35.0,62.1,43.9,42.6,21.183333333333334,35.56666666666667,48.76250000000001
2026-04-30 04:00:00,32.9,35.2,24,954.7,10.8,322,0.0,4,3,4,12.0,24.7,12.0,53.2,36.6,33.3,17.349999999999998,31.391666666666666,47.43333333333334
2026-04-30 05:00:00,51.1,36.9,19,954.6,9.1,330,0.0,5,3,4,32.9,28.6,12.0,69.4,28.1,32.7,20.833333333333332,29.7,47.27916666666667
2026-04-30 06:00:00,43.8,36.5,20,954.2,9.0,307,0.0,6,3,4,51.1,12.0,14.8,50.6,52.1,41.5,27.349999999999998,28.175,48.237500000000004
2026-04-30 07:00:00,42.3,37.8,19,953.5,9.4,296,0.0,7,3,4,43.8,32.9,24.7,22.6,63.9,68.6,32.18333333333333,27.608333333333334,47.89166666666667
2026-04-30 08:00:00,63.8,38.5,18,952.7,10.6,289,0.0,8,3,4,42.3,51.1,28.6,41.8,72.5,66.9,35.11666666666667,29.25,46.99166666666667
2026-04-30 09:00:00,66.9,38.8,16,951.5,11.9,285,0.0,9,3,4,63.8,43.8,12.0,35.0,76.5,54.6,40.983333333333334,31.083333333333332,46.62916666666666
2026-04-30 10:00:00,47.4,38.9,15,950.9,12.3,280,0.0,10,3,4,66.9,42.3,32.9,12.0,86.1,51.4,50.13333333333333,33.74166666666667,46.229166666666664
2026-04-30 11:00:00,48.5,38.5,16,950.2,8.8,265,0.0,11,3,4,47.4,63.8,51.1,12.0,71.7,48.5,52.54999999999999,36.69166666666666,44.61666666666667
2026-04-30 12:00:00,79.7,38.2,16,949.8,7.4,293,0.0,12,3,4,48.5,66.9,43.8,14.8,76.3,88.8,52.11666666666667,39.73333333333333,43.65
2026-04-30 13:00:00,97.3,38.1,16,950.2,5.3,303,0.0,13,3,4,79.7,47.4,42.3,24.7,88.4,55.5,58.1,45.14166666666667,43.791666666666664
2026-04-30 14:00:00,82.8,36.5,17,950.7,3.4,254,0.0,14,3,4,97.3,48.5,63.8,28.6,47.4,78.8,67.26666666666667,51.19166666666666,44.1625
2026-04-30 15:00:00,69.0,35.5,19,951.6,1.6,360,0.0,15,3,4,82.8,79.7,66.9,12.0,62.1,63.3,70.43333333333334,55.708333333333336,45.637499999999996
2026-04-30 16:00:00,72.7,34.2,22,952.4,6.7,71,0.0,16,3,4,69.0,97.3,47.4,32.9,53.2,60.2,70.78333333333333,60.458333333333336,45.925000000000004
2026-04-30 17:00:00,52.2,33.6,24,953.1,4.0,111,0.0,17,3,4,72.7,82.8,48.5,51.1,69.4,65.9,75.0,63.775,46.737500000000004
2026-04-30 18:00:00,65.4,31.8,30,951.7,8.1,241,0.0,18,3,4,52.2,69.0,79.7,43.8,50.6,35.8,75.61666666666667,63.86666666666667,46.020833333333336
2026-04-30 19:00:00,38.7,31.3,32,951.2,8.8,270,0.0,19,3,4,65.4,72.7,97.3,42.3,22.6,57.1,73.23333333333333,65.66666666666667,46.637499999999996
2026-04-30 20:00:00,36.3,31.4,30,951.1,10.6,302,0.0,20,3,4,38.7,52.2,82.8,63.8,41.8,34.3,63.46666666666667,65.36666666666667,47.30833333333334
2026-04-30 21:00:00,26.1,31.4,27,950.8,10.4,287,0.0,21,3,4,36.3,65.4,69.0,66.9,35.0,36.6,55.71666666666667,63.074999999999996,47.07916666666666
2026-04-30 22:00:00,44.7,29.8,30,951.2,6.9,256,0.0,22,3,4,26.1,38.7,72.7,47.4,12.0,30.2,48.56666666666667,59.675000000000004,46.708333333333336
2026-04-30 23:00:00,23.4,28.5,34,951.5,6.4,230,0.0,23,3,4,44.7,36.3,52.2,48.5,12.0,12.0,43.900000000000006,59.449999999999996,48.070833333333326
2026-05-01 00:00:00,12.0,27.3,50,951.5,9.3,246,0.0,0,4,5,23.4,26.1,65.4,79.7,14.8,12.0,39.1,57.35833333333334,48.54583333333333
2026-05-01 01:00:00,16.6,28.1,41,952.8,8.1,275,0.0,1,4,5,12.0,44.7,38.7,97.3,24.7,12.0,30.2,51.71666666666667,48.42916666666667
2026-05-01 02:00:00,24.8,29.3,34,953.8,7.1,263,0.0,2,4,5,16.6,23.4,36.3,82.8,28.6,13.2,26.51666666666667,44.99166666666667,48.09166666666666
2026-05-01 03:00:00,12.0,31.1,31,954.6,9.9,270,0.0,3,4,5,24.8,12.0,26.1,69.0,12.0,43.9,24.599999999999998,40.15833333333334,47.93333333333334
2026-05-01 04:00:00,12.0,33.3,25,955.0,12.8,284,0.0,4,4,5,12.0,16.6,44.7,72.7,32.9,36.6,22.25,35.40833333333334,47.93333333333334
2026-05-01 05:00:00,21.8,34.9,21,954.4,13.2,287,0.0,5,4,5,12.0,24.8,23.4,52.2,51.1,28.1,16.8,30.350000000000005,47.0625
2026-05-01 06:00:00,39.5,34.2,23,954.5,12.6,274,0.0,6,4,5,21.8,12.0,12.0,65.4,43.8,52.1,16.533333333333335,27.816666666666663,45.84166666666667
2026-05-01 07:00:00,26.5,35.7,20,953.8,12.1,270,0.0,7,4,5,39.5,12.0,16.6,38.7,42.3,63.9,21.116666666666667,25.65833333333333,45.6625
2026-05-01 08:00:00,51.0,36.5,20,952.7,12.3,266,0.0,8,4,5,26.5,21.8,24.8,36.3,63.8,72.5,22.766666666666666,24.64166666666667,45.00416666666667
2026-05-01 09:00:00,50.1,37.0,21,951.2,12.2,261,0.0,9,4,5,51.0,39.5,12.0,26.1,66.9,76.5,27.133333333333336,25.866666666666664,44.47083333333333
2026-05-01 10:00:00,73.4,37.7,20,950.2,10.7,263,0.0,10,4,5,50.1,26.5,12.0,44.7,47.4,86.1,33.483333333333334,27.866666666666664,43.770833333333336
2026-05-01 11:00:00,47.2,37.9,18,949.4,10.9,292,0.0,11,4,5,73.4,51.0,21.8,23.4,48.5,71.7,43.71666666666667,30.258333333333336,44.854166666666664
2026-05-01 12:00:00,47.6,37.6,18,949.2,13.8,305,0.0,12,4,5,47.2,50.1,39.5,12.0,79.7,76.3,47.949999999999996,32.24166666666667,44.800000000000004
2026-05-01 13:00:00,66.0,37.1,18,949.7,10.3,305,0.0,13,4,5,47.6,73.4,26.5,16.6,97.3,88.4,49.300000000000004,35.208333333333336,43.462500000000006
2026-05-01 14:00:00,73.1,35.8,20,950.3,6.5,358,0.0,14,4,5,66.0,47.2,51.0,24.8,82.8,47.4,55.88333333333333,39.324999999999996,42.15833333333333
2026-05-01 15:00:00,69.8,34.7,22,951.0,4.5,74,0.0,15,4,5,73.1,47.6,50.1,12.0,69.0,62.1,59.56666666666666,43.35,41.75416666666667
2026-05-01 16:00:00,55.4,33.3,26,951.4,5.3,128,0.0,16,4,5,69.8,66.0,73.4,12.0,72.7,53.2,62.85,48.166666666666664,41.7875
2026-05-01 17:00:00,67.9,31.9,30,951.8,6.3,175,0.0,17,4,5,55.4,73.1,47.2,21.8,52.2,69.4,59.85,51.78333333333333,41.06666666666667
2026-05-01 18:00:00,57.9,30.3,35,950.8,6.4,238,0.0,18,4,5,67.9,69.8,47.6,39.5,65.4,50.6,63.300000000000004,55.625,41.72083333333334
2026-05-01 19:00:00,31.5,29.6,39,950.4,7.5,235,0.0,19,4,5,57.9,55.4,66.0,26.5,38.7,22.6,65.01666666666667,57.15833333333333,41.40833333333334
2026-05-01 20:00:00,25.5,29.4,39,950.1,8.6,255,0.0,20,4,5,31.5,67.9,73.1,51.0,36.3,41.8,59.26666666666666,57.574999999999996,41.108333333333334
2026-05-01 21:00:00,24.0,29.6,30,950.0,10.4,285,0.0,21,4,5,25.5,57.9,69.8,50.1,26.1,35.0,51.333333333333336,55.449999999999996,40.65833333333333
2026-05-01 22:00:00,12.0,29.4,29,950.2,13.2,302,0.0,22,4,5,24.0,31.5,55.4,73.4,44.7,12.0,43.699999999999996,53.275,40.57083333333333
2026-05-01 23:00:00,12.0,28.7,33,950.4,11.1,299,0.0,23,4,5,12.0,25.5,67.9,47.2,23.4,12.0,36.46666666666667,48.15833333333333,39.208333333333336
2026-05-02 00:00:00,12.0,28.2,39,950.5,9.3,283,0.0,0,5,5,12.0,24.0,57.9,47.6,12.0,14.8,27.150000000000002,45.224999999999994,38.733333333333334
2026-05-02 01:00:00,28.1,28.9,39,951.3,8.5,291,0.0,1,5,5,12.0,12.0,31.5,66.0,16.6,24.7,19.5,42.25833333333333,38.733333333333334
2026-05-02 02:00:00,42.9,30.1,37,952.5,8.9,295,0.0,2,5,5,28.1,12.0,25.5,73.1,24.8,28.6,18.933333333333334,39.1,39.2125
2026-05-02 03:00:00,12.0,32.1,33,953.2,11.1,309,0.0,3,5,5,42.9,12.0,24.0,69.8,12.0,12.0,21.833333333333332,36.583333333333336,39.96666666666667
2026-05-02 04:00:00,27.0,34.1,28,953.6,10.9,316,0.0,4,5,5,12.0,28.1,12.0,55.4,12.0,32.9,19.833333333333332,31.766666666666666,39.96666666666667
2026-05-02 05:00:00,31.4,36.1,24,953.4,9.5,324,0.0,5,5,5,27.0,42.9,12.0,67.9,21.8,51.1,22.333333333333332,29.400000000000002,40.59166666666667
2026-05-02 06:00:00,49.2,36.5,21,952.8,7.7,321,0.0,6,5,5,31.4,12.0,12.0,57.9,39.5,43.8,25.566666666666663,26.35833333333333,40.99166666666667
2026-05-02 07:00:00,50.1,37.8,19,952.2,7.0,310,0.0,7,5,5,49.2,27.0,28.1,31.5,26.5,42.3,31.766666666666666,25.633333333333336,41.395833333333336
2026-05-02 08:00:00,57.0,38.4,18,951.0,7.5,287,0.0,8,5,5,50.1,31.4,42.9,25.5,51.0,63.8,35.43333333333333,27.183333333333334,42.37916666666667
2026-05-02 09:00:00,55.4,38.8,16,949.7,9.5,271,0.0,9,5,5,57.0,49.2,12.0,24.0,50.1,66.9,37.78333333333333,29.808333333333334,42.62916666666667
2026-05-02 10:00:00,52.2,38.9,16,948.8,11.9,271,0.0,10,5,5,55.4,50.1,27.0,12.0,73.4,47.4,45.01666666666667,32.425000000000004,42.849999999999994
2026-05-02 11:00:00,54.3,38.5,15,948.6,12.7,276,0.0,11,5,5,52.2,57.0,31.4,12.0,47.2,48.5,49.21666666666667,35.775,41.96666666666666
2026-05-02 12:00:00,57.6,37.6,17,947.8,9.6,264,0.0,12,5,5,54.3,55.4,49.2,12.0,47.6,79.7,53.03333333333334,39.300000000000004,42.2625
2026-05-02 13:00:00,59.8,37.7,17,948.4,5.5,229,0.0,13,5,5,57.6,52.2,50.1,28.1,66.0,97.3,54.43333333333333,43.1,42.67916666666667
2026-05-02 14:00:00,86.0,36.9,18,948.9,6.4,205,0.0,14,5,5,59.8,54.3,57.0,42.9,73.1,82.8,56.050000000000004,45.74166666666667,42.420833333333334
2026-05-02 15:00:00,72.1,35.7,20,949.9,2.6,106,0.0,15,5,5,86.0,57.6,55.4,12.0,69.8,69.0,60.88333333333333,49.333333333333336,42.958333333333336
2026-05-02 16:00:00,62.6,34.7,22,950.7,5.8,51,0.0,16,5,5,72.1,59.8,52.2,27.0,55.4,72.7,63.666666666666664,54.34166666666667,43.05416666666667
2026-05-02 17:00:00,43.2,34.1,23,951.1,5.2,84,0.0,17,5,5,62.6,86.0,54.3,31.4,67.9,52.2,65.39999999999999,57.30833333333334,43.354166666666664
2026-05-02 18:00:00,34.6,32.3,29,950.2,12.5,220,0.0,18,5,5,43.2,72.1,57.6,49.2,57.9,65.4,63.550000000000004,58.291666666666664,42.324999999999996
2026-05-02 19:00:00,20.8,32.2,28,949.3,13.2,212,0.0,19,5,5,34.6,62.6,59.8,50.1,31.5,38.7,59.71666666666667,57.074999999999996,41.354166666666664
2026-05-02 20:00:00,12.0,31.6,28,948.9,11.5,222,0.0,20,5,5,20.8,43.2,86.0,57.0,25.5,36.3,53.21666666666667,54.633333333333326,40.90833333333333
2026-05-02 21:00:00,12.0,30.5,29,948.8,12.6,246,0.0,21,5,5,12.0,34.6,72.1,55.4,24.0,26.1,40.88333333333333,50.883333333333326,40.34583333333333
2026-05-02 22:00:00,13.9,29.7,29,948.9,13.7,259,0.0,22,5,5,12.0,20.8,62.6,52.2,12.0,44.7,30.86666666666667,47.26666666666666,39.84583333333333
2026-05-02 23:00:00,19.4,29.2,27,949.2,11.5,287,0.0,23,5,5,13.9,12.0,43.2,54.3,12.0,23.4,22.75,44.07500000000001,39.925000000000004
2026-05-03 00:00:00,31.5,28.8,35,949.9,6.5,347,0.0,0,6,5,19.4,12.0,34.6,57.6,12.0,12.0,18.78333333333333,41.166666666666664,40.233333333333334
2026-05-03 01:00:00,34.9,29.2,34,951.1,3.6,290,0.0,1,6,5,31.5,13.9,20.8,59.8,28.1,16.6,18.266666666666666,38.99166666666667,41.045833333333334
2026-05-03 02:00:00,14.0,30.5,30,952.0,5.3,305,0.0,2,6,5,34.9,19.4,12.0,86.0,42.9,24.8,20.616666666666667,36.916666666666664,41.329166666666666
2026-05-03 03:00:00,31.9,32.5,26,952.7,8.9,315,0.0,3,6,5,14.0,31.5,12.0,72.1,12.0,12.0,20.95,30.916666666666668,40.125
2026-05-03 04:00:00,12.0,34.9,22,953.1,10.9,320,0.0,4,6,5,31.9,34.9,13.9,62.6,27.0,12.0,24.266666666666666,27.566666666666663,40.954166666666666
2026-05-03 05:00:00,33.7,36.5,21,953.0,11.2,330,0.0,5,6,5,12.0,14.0,19.4,43.2,31.4,21.8,23.95,23.349999999999998,40.329166666666666
2026-05-03 06:00:00,35.3,36.2,22,952.6,9.4,330,0.0,6,6,5,33.7,31.9,31.5,34.6,49.2,39.5,26.333333333333332,22.558333333333334,40.425000000000004
2026-05-03 07:00:00,47.5,37.6,20,952.1,9.3,331,0.0,7,6,5,35.3,12.0,34.9,20.8,50.1,26.5,26.966666666666665,22.616666666666664,39.84583333333333
2026-05-03 08:00:00,55.7,38.2,18,951.3,9.5,331,0.0,8,6,5,47.5,33.7,14.0,12.0,57.0,51.0,29.066666666666666,24.841666666666665,39.7375
2026-05-03 09:00:00,60.7,38.7,17,950.4,8.7,328,0.0,9,6,5,55.7,35.3,31.9,12.0,55.4,50.1,36.016666666666666,28.483333333333334,39.68333333333333
2026-05-03 10:00:00,78.9,38.8,17,950.0,7.3,318,0.0,10,6,5,60.7,47.5,12.0,13.9,52.2,73.4,40.81666666666667,32.541666666666664,39.90416666666666
2026-05-03 11:00:00,99.0,38.2,17,949.5,7.3,301,0.0,11,6,5,78.9,55.7,33.7,19.4,54.3,47.2,51.96666666666667,37.958333333333336,41.01666666666667
2026-05-03 12:00:00,75.3,37.3,18,948.4,9.9,295,0.0,12,6,5,99.0,60.7,35.3,31.5,57.6,47.6,62.85,44.59166666666667,42.87916666666666
2026-05-03 13:00:00,75.4,37.4,18,949.2,5.2,360,0.0,13,6,5,75.3,78.9,47.5,34.9,59.8,66.0,69.51666666666667,48.24166666666667,43.61666666666667
2026-05-03 14:00:00,67.8,36.9,18,949.9,6.9,67,0.0,14,6,5,75.4,99.0,55.7,14.0,86.0,73.1,74.16666666666667,51.61666666666667,44.26666666666667
2026-05-03 15:00:00,45.7,34.4,28,951.1,13.5,113,0.0,15,6,5,67.8,75.3,60.7,31.9,72.1,69.8,76.18333333333334,56.1,43.50833333333333
2026-05-03 16:00:00,49.6,31.4,42,951.9,9.1,128,0.0,16,6,5,45.7,75.4,78.9,12.0,62.6,55.4,73.68333333333334,57.25,42.40833333333333
2026-05-03 17:00:00,37.9,30.5,45,952.1,7.1,117,0.0,17,6,5,49.6,67.8,99.0,33.7,43.2,67.9,68.8,60.38333333333333,41.86666666666667
2026-05-03 18:00:00,41.1,28.7,51,951.8,9.9,122,0.0,18,6,5,37.9,45.7,75.3,35.3,34.6,57.9,58.61666666666667,60.73333333333333,41.645833333333336
2026-05-03 19:00:00,17.9,28.1,51,951.3,9.3,118,0.0,19,6,5,41.1,49.6,75.4,47.5,20.8,31.5,52.916666666666664,61.21666666666667,41.916666666666664
2026-05-03 20:00:00,37.7,27.6,53,950.6,7.3,123,0.0,20,6,5,17.9,37.9,67.8,55.7,12.0,25.5,43.333333333333336,58.75,41.795833333333334
2026-05-03 21:00:00,12.0,27.4,54,950.5,6.8,148,0.0,21,6,5,37.7,41.1,45.7,60.7,12.0,24.0,38.31666666666667,57.25,42.866666666666674
2026-05-03 22:00:00,15.1,27.0,56,950.6,5.8,154,0.0,22,6,5,12.0,17.9,49.6,78.9,13.9,12.0,32.699999999999996,53.19166666666667,42.866666666666674
2026-05-03 23:00:00,41.0,26.6,58,951.0,3.1,190,0.0,23,6,5,15.1,37.7,37.9,99.0,19.4,12.0,26.95,47.875,42.916666666666664
2026-05-04 00:00:00,22.6,26.1,63,951.0,3.4,186,0.0,0,0,5,41.0,12.0,41.1,75.3,31.5,12.0,27.46666666666667,43.041666666666664,43.81666666666666
2026-05-04 01:00:00,22.1,26.5,58,952.0,2.7,208,0.0,1,0,5,22.6,15.1,17.9,75.4,34.9,28.1,24.383333333333336,38.65,43.44583333333333
2026-05-04 02:00:00,40.0,27.6,51,952.6,3.6,237,0.0,2,0,5,22.1,41.0,37.7,67.8,14.0,42.9,25.083333333333332,34.208333333333336,42.9125
2026-05-04 03:00:00,12.0,30.3,38,953.2,4.2,280,0.0,3,0,5,40.0,22.6,12.0,45.7,31.9,12.0,25.46666666666667,31.89166666666667,43.99583333333334
2026-05-04 04:00:00,29.6,33.4,24,953.6,8.3,319,0.0,4,0,5,12.0,22.1,15.1,49.6,12.0,27.0,25.46666666666667,29.083333333333332,43.166666666666664
2026-05-04 05:00:00,39.4,35.4,17,953.6,9.7,326,0.0,5,0,5,29.6,40.0,41.0,37.9,33.7,31.4,27.883333333333336,27.416666666666668,43.9
2026-05-04 06:00:00,53.5,35.5,18,953.6,8.0,318,0.0,6,0,5,39.4,12.0,22.6,41.1,35.3,49.2,27.61666666666667,27.541666666666668,44.137499999999996
2026-05-04 07:00:00,41.2,37.0,16,953.3,6.5,309,0.0,7,0,5,53.5,29.6,22.1,17.9,47.5,50.1,32.76666666666667,28.575000000000003,44.895833333333336
2026-05-04 08:00:00,74.1,37.8,15,952.2,6.5,298,0.0,8,0,5,41.2,39.4,40.0,37.7,55.7,57.0,35.949999999999996,30.516666666666666,44.63333333333333
2026-05-04 09:00:00,52.9,38.3,14,951.0,7.3,287,0.0,9,0,5,74.1,53.5,12.0,12.0,60.7,55.4,41.63333333333333,33.550000000000004,45.4
2026-05-04 10:00:00,65.8,38.8,13,949.9,10.8,271,0.0,10,0,5,52.9,41.2,29.6,15.1,78.9,52.2,48.449999999999996,36.958333333333336,45.074999999999996
2026-05-04 11:00:00,65.5,37.8,14,949.1,12.4,270,0.0,11,0,5,65.8,74.1,39.4,41.0,99.0,54.3,54.48333333333333,41.18333333333333,44.52916666666667
2026-05-04 12:00:00,61.3,37.6,13,948.9,11.1,283,0.0,12,0,5,65.5,52.9,53.5,22.6,75.3,57.6,58.833333333333336,43.224999999999994,43.13333333333333
2026-05-04 13:00:00,76.8,37.3,13,949.3,5.8,321,0.0,13,0,5,61.3,65.8,41.2,22.1,75.4,59.8,60.133333333333326,46.449999999999996,42.550000000000004
2026-05-04 14:00:00,86.5,36.2,14,949.7,5.9,117,0.0,14,0,5,76.8,65.5,74.1,40.0,67.8,86.0,66.06666666666666,51.008333333333326,42.608333333333334
2026-05-04 15:00:00,63.5,34.6,19,951.0,7.9,164,0.0,15,0,5,86.5,61.3,52.9,12.0,45.7,72.1,68.13333333333333,54.883333333333326,43.387499999999996
2026-05-04 16:00:00,49.7,33.3,23,951.6,9.3,144,0.0,16,0,5,63.5,76.8,65.8,29.6,49.6,62.6,69.89999999999999,59.17499999999999,44.12916666666666
2026-05-04 17:00:00,28.0,31.7,28,952.3,12.2,142,0.0,17,0,5,49.7,86.5,65.5,39.4,37.9,43.2,67.21666666666667,60.849999999999994,44.13333333333333
2026-05-04 18:00:00,56.0,30.4,42,951.7,9.5,144,0.0,18,0,5,28.0,63.5,61.3,53.5,41.1,34.6,60.96666666666666,59.9,43.72083333333333
2026-05-04 19:00:00,12.0,30.2,46,951.7,8.9,138,0.0,19,0,5,56.0,49.7,76.8,41.2,17.9,20.8,60.083333333333336,60.10833333333333,44.34166666666667
2026-05-04 20:00:00,13.9,29.1,55,951.6,7.7,120,0.0,20,0,5,12.0,28.0,86.5,74.1,37.7,12.0,49.28333333333333,57.67499999999999,44.09583333333333
2026-05-04 21:00:00,13.8,28.1,63,951.6,9.8,114,0.0,21,0,5,13.9,56.0,63.5,52.9,12.0,12.0,37.18333333333333,52.65833333333333,43.104166666666664
2026-05-04 22:00:00,26.6,27.5,65,951.8,9.8,120,0.0,22,0,5,13.8,12.0,49.7,65.8,15.1,13.9,28.900000000000002,49.400000000000006,43.17916666666667
2026-05-04 23:00:00,12.8,26.9,67,952.1,8.5,118,0.0,23,0,5,26.6,13.9,28.0,65.5,41.0,19.4,25.05,46.13333333333333,43.65833333333333
2026-05-05 00:00:00,22.7,26.1,74,953.0,3.6,186,0.0,0,1,5,12.8,13.8,56.0,61.3,22.6,31.5,22.516666666666666,41.74166666666667,42.48333333333333
2026-05-05 01:00:00,14.0,26.2,74,953.4,6.1,177,0.0,1,1,5,22.7,26.6,12.0,76.8,22.1,34.9,16.96666666666667,38.525,42.4875
2026-05-05 02:00:00,42.2,27.7,63,954.1,2.8,215,0.0,2,1,5,14.0,12.8,13.9,86.5,40.0,14.0,17.3,33.291666666666664,42.15
2026-05-05 03:00:00,38.8,30.1,48,954.5,5.6,205,0.0,3,1,5,42.2,22.7,13.8,63.5,12.0,31.9,22.016666666666666,29.599999999999998,42.24166666666667
2026-05-05 04:00:00,51.2,32.7,33,954.6,6.5,228,0.0,4,1,5,38.8,14.0,26.6,49.7,29.6,12.0,26.183333333333334,27.541666666666668,43.35833333333334
2026-05-05 05:00:00,67.1,34.3,28,954.6,5.7,261,0.0,5,1,5,51.2,42.2,12.8,28.0,39.4,33.7,30.283333333333335,27.666666666666668,44.25833333333333
2026-05-05 06:00:00,69.2,35.1,26,953.9,4.6,279,0.0,6,1,5,67.1,38.8,22.7,56.0,53.5,35.3,39.333333333333336,30.925,45.4125
2026-05-05 07:00:00,60.4,36.8,20,953.3,3.4,286,0.0,7,1,5,69.2,51.2,14.0,12.0,41.2,47.5,47.083333333333336,32.025,46.06666666666667
2026-05-05 08:00:00,64.6,37.8,18,952.5,3.2,308,0.0,8,1,5,60.4,67.1,42.2,13.9,74.1,55.7,54.81666666666667,36.05833333333334,46.86666666666667
2026-05-05 09:00:00,75.2,37.9,17,951.5,2.2,318,0.0,9,1,5,64.6,69.2,38.8,13.8,52.9,60.7,58.550000000000004,40.28333333333333,46.47083333333334
2026-05-05 10:00:00,80.8,38.2,16,950.8,3.6,333,0.0,10,1,5,75.2,60.4,51.2,26.6,65.8,78.9,64.61666666666666,45.400000000000006,47.4
2026-05-05 11:00:00,80.4,37.8,16,950.4,3.7,321,0.0,11,1,5,80.8,64.6,67.1,12.8,65.5,99.0,69.55,49.916666666666664,48.025
2026-05-05 12:00:00,88.9,37.7,13,949.9,5.9,108,0.0,12,1,5,80.4,75.2,69.2,22.7,61.3,75.3,71.76666666666667,55.550000000000004,48.645833333333336
2026-05-05 13:00:00,72.9,36.0,19,950.7,10.7,127,0.0,13,1,5,88.9,80.8,60.4,14.0,76.8,75.4,75.05,61.06666666666666,49.79583333333334
2026-05-05 14:00:00,65.6,34.7,24,951.4,11.8,133,0.0,14,1,5,72.9,80.4,64.6,42.2,86.5,67.8,77.13333333333333,65.97500000000001,49.63333333333333
2026-05-05 15:00:00,31.0,31.5,34,952.4,13.6,154,0.0,15,1,5,65.6,88.9,75.2,38.8,63.5,45.7,77.3,67.925,48.762499999999996
2026-05-05 16:00:00,40.6,30.0,41,952.8,12.1,139,0.0,16,1,5,31.0,72.9,80.8,51.2,49.7,49.6,69.93333333333334,67.27499999999999,47.40833333333334
2026-05-05 17:00:00,58.8,29.8,42,953.2,6.0,111,0.0,17,1,5,40.6,65.6,80.4,67.1,28.0,37.9,63.23333333333334,66.39166666666667,47.02916666666667
2026-05-05 18:00:00,51.3,28.8,45,953.3,2.0,153,0.0,18,1,5,58.8,31.0,88.9,69.2,56.0,41.1,59.633333333333326,65.7,48.3125
2026-05-05 19:00:00,52.0,28.7,46,952.7,3.0,147,0.0,19,1,5,51.3,40.6,72.9,60.4,12.0,17.9,53.36666666666667,64.20833333333333,48.116666666666674
2026-05-05 20:00:00,43.9,28.2,49,952.4,8.0,132,0.0,20,1,5,52.0,58.8,65.6,64.6,13.9,37.7,49.88333333333333,63.50833333333333,49.78333333333334
2026-05-05 21:00:00,12.0,27.4,53,952.0,8.8,136,0.0,21,1,5,43.9,51.3,31.0,75.2,13.8,12.0,46.26666666666667,61.78333333333333,51.03333333333333
2026-05-05 22:00:00,12.0,26.5,58,951.8,7.7,121,0.0,22,1,5,12.0,52.0,40.6,80.8,26.6,15.1,43.1,56.51666666666666,50.958333333333336
2026-05-05 23:00:00,12.0,25.6,65,951.9,8.1,108,0.0,23,1,5,12.0,43.9,58.8,80.4,12.8,41.0,38.333333333333336,50.78333333333333,50.349999999999994
2026-05-06 00:00:00,12.0,25.5,84,953.1,14.2,108,0.0,0,2,5,12.0,12.0,51.3,88.9,22.7,22.6,30.53333333333333,45.083333333333336,50.31666666666666
2026-05-06 01:00:00,14.3,25.8,82,953.6,11.2,114,0.0,1,2,5,12.0,12.0,52.0,72.9,14.0,22.1,23.983333333333334,38.675000000000004,49.87083333333333
2026-05-06 02:00:00,25.9,26.4,78,954.2,10.2,116,0.0,2,2,5,14.3,12.0,43.9,65.6,42.2,40.0,17.7,33.791666666666664,49.883333333333326
2026-05-06 03:00:00,12.0,27.6,71,954.4,9.5,119,0.0,3,2,5,25.9,12.0,12.0,31.0,38.8,12.0,14.700000000000001,30.483333333333334,49.20416666666667
2026-05-06 04:00:00,47.8,29.8,59,954.8,6.5,114,0.0,4,2,5,12.0,14.3,12.0,40.6,51.2,29.6,14.700000000000001,28.900000000000002,48.0875
2026-05-06 05:00:00,28.1,32.1,45,954.5,4.5,106,0.0,5,2,5,47.8,25.9,12.0,58.8,67.1,39.4,20.666666666666668,29.5,47.94583333333333
2026-05-06 06:00:00,67.7,32.2,43,954.2,2.5,98,0.0,6,2,5,28.1,12.0,12.0,51.3,69.2,53.5,23.349999999999998,26.941666666666666,46.32083333333333
2026-05-06 07:00:00,72.0,34.1,35,953.2,3.9,66,0.0,7,2,5,67.7,47.8,14.3,52.0,60.4,41.2,32.63333333333333,28.308333333333337,46.258333333333326
2026-05-06 08:00:00,62.8,35.3,30,952.4,6.6,61,0.0,8,2,5,72.0,28.1,25.9,43.9,64.6,74.1,42.25,29.975000000000005,46.74166666666667
2026-05-06 09:00:00,58.3,35.8,27,951.3,7.5,57,0.0,9,2,5,62.8,67.7,12.0,12.0,75.2,52.9,48.400000000000006,31.55,46.666666666666664
2026-05-06 10:00:00,63.1,35.6,27,950.8,7.9,60,0.0,10,2,5,58.3,72.0,47.8,12.0,80.8,65.8,56.116666666666674,35.40833333333334,45.962500000000006
2026-05-06 11:00:00,52.2,35.3,27,950.0,7.7,54,0.0,11,2,5,63.1,62.8,28.1,12.0,80.4,65.5,58.666666666666664,39.666666666666664,45.225
2026-05-06 12:00:00,62.1,34.8,26,950.0,9.0,84,0.0,12,2,5,52.2,58.3,67.7,12.0,88.9,61.3,62.68333333333333,43.01666666666666,44.050000000000004
2026-05-06 13:00:00,63.1,34.1,28,950.6,10.0,99,0.0,13,2,5,62.1,63.1,72.0,14.3,72.9,76.8,61.75,47.19166666666666,42.93333333333333
2026-05-06 14:00:00,73.9,33.4,30,951.2,9.9,105,0.0,14,2,5,63.1,52.2,62.8,25.9,65.6,86.5,60.26666666666667,51.25833333333333,42.525
2026-05-06 15:00:00,43.8,32.5,34,951.7,9.7,114,0.0,15,2,5,73.9,62.1,58.3,12.0,31.0,63.5,62.11666666666667,55.25833333333333,42.87083333333333
2026-05-06 16:00:00,47.0,31.4,37,952.4,10.5,125,0.0,16,2,5,43.8,63.1,63.1,47.8,40.6,49.7,59.699999999999996,57.90833333333334,43.40416666666667
2026-05-06 17:00:00,33.6,30.2,44,952.4,10.4,132,0.0,17,2,5,47.0,73.9,52.2,28.1,58.8,28.0,57.01666666666667,57.84166666666667,43.67083333333334
2026-05-06 18:00:00,45.2,29.4,50,952.0,8.6,143,0.0,18,2,5,33.6,43.8,62.1,67.7,51.3,56.0,53.916666666666664,58.29999999999999,42.62083333333333
2026-05-06 19:00:00,35.8,28.8,54,951.8,9.1,153,0.0,19,2,5,45.2,47.0,63.1,72.0,52.0,12.0,51.1,56.425000000000004,42.36666666666667
2026-05-06 20:00:00,16.4,28.1,58,951.3,8.6,150,0.0,20,2,5,35.8,33.6,73.9,62.8,43.9,13.9,46.550000000000004,53.40833333333333,41.69166666666667
2026-05-06 21:00:00,27.3,27.3,64,951.0,8.6,151,0.0,21,2,5,16.4,45.2,43.8,58.3,12.0,13.8,36.96666666666667,49.541666666666664,40.545833333333334
2026-05-06 22:00:00,30.8,26.6,69,951.4,7.1,150,0.0,22,2,5,27.3,35.8,47.0,63.1,12.0,26.6,34.21666666666666,46.958333333333336,41.18333333333334
2026-05-06 23:00:00,12.0,26.1,71,951.6,7.7,141,0.0,23,2,5,30.8,16.4,33.6,52.2,12.0,12.8,31.51666666666667,44.26666666666666,41.96666666666667
2026-05-07 00:00:00,32.8,25.7,75,951.6,6.5,129,0.0,0,3,5,12.0,27.3,45.2,62.1,12.0,22.7,27.916666666666668,40.916666666666664,41.96666666666667
2026-05-07 01:00:00,23.3,26.0,74,952.7,5.8,129,0.0,1,3,5,32.8,30.8,35.8,63.1,14.3,14.0,25.849999999999998,38.475,42.833333333333336
2026-05-07 02:00:00,12.0,26.8,71,953.8,6.2,134,0.0,2,3,5,23.3,12.0,16.4,73.9,25.9,42.2,23.766666666666666,35.15833333333333,43.208333333333336
2026-05-07 03:00:00,32.4,28.4,63,954.6,7.4,148,0.0,3,3,5,12.0,32.8,27.3,43.8,12.0,38.8,23.03333333333333,30.0,42.62916666666667
2026-05-07 04:00:00,22.5,30.3,54,954.9,8.4,157,0.0,4,3,5,32.4,23.3,30.8,47.0,47.8,51.2,23.883333333333336,29.05,43.479166666666664
2026-05-07 05:00:00,30.4,31.9,45,954.9,8.7,162,0.0,5,3,5,22.5,12.0,12.0,33.6,28.1,67.1,22.5,27.008333333333336,42.425000000000004
2026-05-07 06:00:00,41.7,32.9,40,954.5,7.9,167,0.0,6,3,5,30.4,32.4,32.8,45.2,67.7,69.2,25.566666666666663,26.741666666666664,42.520833333333336
2026-05-07 07:00:00,49.9,34.4,36,954.1,6.2,158,0.0,7,3,5,41.7,22.5,23.3,35.8,72.0,60.4,27.05,26.45,41.4375
2026-05-07 08:00:00,55.9,35.2,32,953.1,6.1,140,0.0,8,3,5,49.9,30.4,12.0,16.4,62.8,64.6,31.48333333333333,27.625,40.516666666666666
2026-05-07 09:00:00,39.7,34.1,33,951.9,11.1,110,0.0,9,3,5,55.9,41.7,32.4,27.3,58.3,75.2,38.8,30.916666666666668,40.229166666666664
2026-05-07 10:00:00,69.6,33.3,34,951.8,4.1,38,0.1,10,3,5,39.7,49.9,22.5,30.8,63.1,80.8,40.016666666666666,31.95,39.45416666666667
2026-05-07 11:00:00,100.3,34.4,30,951.2,3.1,21,0.0,11,3,5,69.6,55.9,30.4,12.0,52.2,80.4,47.866666666666674,35.18333333333333,39.725
2026-05-07 12:00:00,45.1,33.4,32,951.0,9.9,89,0.0,12,3,5,100.3,39.7,41.7,32.8,62.1,88.9,59.51666666666666,42.541666666666664,41.729166666666664
2026-05-07 13:00:00,54.7,32.6,36,951.9,11.4,118,0.1,13,3,5,45.1,69.6,49.9,23.3,63.1,72.9,60.083333333333336,43.56666666666666,41.020833333333336
2026-05-07 14:00:00,83.3,32.2,37,952.4,8.0,95,0.0,14,3,5,54.7,100.3,55.9,12.0,73.9,65.6,60.88333333333333,46.18333333333334,40.67083333333333
2026-05-07 15:00:00,84.0,32.6,36,952.6,6.0,97,0.0,15,3,5,83.3,45.1,39.7,32.4,43.8,31.0,65.45,52.125,41.0625
2026-05-07 16:00:00,60.9,31.8,38,953.9,7.7,51,0.0,16,3,5,84.0,54.7,69.6,22.5,47.0,40.6,72.83333333333333,56.425000000000004,42.737500000000004
2026-05-07 17:00:00,24.8,30.0,45,954.7,10.8,72,0.0,17,3,5,60.9,83.3,100.3,30.4,33.6,58.8,71.38333333333333,59.625,43.31666666666666
2026-05-07 18:00:00,37.5,28.2,53,954.1,9.3,80,0.0,18,3,5,24.8,84.0,45.1,41.7,45.2,51.3,58.800000000000004,59.15833333333333,42.949999999999996
2026-05-07 19:00:00,44.3,27.5,57,953.9,7.4,84,0.0,19,3,5,37.5,60.9,54.7,49.9,35.8,52.0,57.53333333333333,58.80833333333334,42.62916666666666
2026-05-07 20:00:00,23.7,26.9,59,953.7,8.9,84,0.0,20,3,5,44.3,24.8,83.3,55.9,16.4,43.9,55.800000000000004,58.34166666666667,42.98333333333333
2026-05-07 21:00:00,16.6,26.4,62,953.1,6.7,106,0.0,21,3,5,23.7,37.5,84.0,39.7,27.3,12.0,45.86666666666667,55.65833333333333,43.2875
2026-05-07 22:00:00,44.5,26.2,64,953.0,2.9,83,0.0,22,3,5,16.6,44.3,60.9,69.6,30.8,12.0,34.63333333333333,53.73333333333334,42.84166666666667
2026-05-07 23:00:00,12.0,25.4,68,953.6,11.2,89,0.0,23,3,5,44.5,23.7,24.8,100.3,12.0,12.0,31.899999999999995,51.64166666666667,43.4125
2026-05-08 00:00:00,12.0,26.2,73,953.1,9.3,131,0.0,0,4,5,12.0,16.6,37.5,45.1,32.8,12.0,29.76666666666667,44.28333333333334,43.4125
2026-05-08 01:00:00,12.0,26.4,72,953.9,7.4,131,0.0,1,4,5,12.0,44.5,44.3,54.7,23.3,14.3,25.51666666666667,41.525,42.545833333333334
2026-05-08 02:00:00,28.3,27.0,67,954.5,6.8,125,0.0,2,4,5,12.0,12.0,23.7,83.3,12.0,25.9,20.133333333333333,37.96666666666666,42.074999999999996
2026-05-08 03:00:00,12.0,28.3,59,955.1,6.7,117,0.0,3,4,5,28.3,12.0,16.6,84.0,32.4,12.0,20.9,33.38333333333333,42.75416666666666
2026-05-08 04:00:00,33.2,29.8,51,955.5,6.0,115,0.0,4,4,5,12.0,12.0,44.5,60.9,22.5,47.8,20.133333333333333,27.383333333333336,41.90416666666667
2026-05-08 05:00:00,44.9,31.3,46,955.5,5.7,118,0.0,5,4,5,33.2,28.3,12.0,24.8,30.4,28.1,18.25,25.075,42.35
2026-05-08 06:00:00,52.3,33.3,42,954.8,6.6,123,0.0,6,4,5,44.9,12.0,12.0,37.5,41.7,67.7,23.733333333333334,26.75,42.95416666666667
2026-05-08 07:00:00,49.5,34.0,39,954.4,8.0,106,0.0,7,4,5,52.3,33.2,12.0,44.3,49.9,72.0,30.45,27.98333333333333,43.395833333333336
2026-05-08 08:00:00,50.2,34.8,34,953.4,9.9,100,0.0,8,4,5,49.5,44.9,28.3,23.7,55.9,62.8,36.699999999999996,28.416666666666668,43.37916666666666
2026-05-08 09:00:00,56.1,34.6,34,952.6,10.1,107,0.0,9,4,5,50.2,52.3,12.0,16.6,39.7,58.3,40.35,30.625,43.14166666666667
2026-05-08 10:00:00,86.7,33.9,35,951.9,11.2,95,0.0,10,4,5,56.1,49.5,33.2,44.5,69.6,63.1,47.699999999999996,33.916666666666664,43.824999999999996
2026-05-08 11:00:00,52.1,33.5,36,951.7,9.7,86,0.0,11,4,5,86.7,50.2,44.9,12.0,100.3,52.2,56.61666666666667,37.43333333333334,44.5375
2026-05-08 12:00:00,94.0,33.6,34,951.6,12.6,104,0.0,12,4,5,52.1,56.1,52.3,12.0,45.1,62.1,57.81666666666667,40.775,42.52916666666667
2026-05-08 13:00:00,57.3,32.7,36,952.6,13.1,102,0.0,13,4,5,94.0,86.7,49.5,12.0,54.7,63.1,64.76666666666667,47.60833333333333,44.56666666666666
2026-05-08 14:00:00,61.3,32.2,37,953.2,11.2,120,0.0,14,4,5,57.3,52.1,50.2,28.3,83.3,73.9,66.06666666666668,51.38333333333333,44.675000000000004
2026-05-08 15:00:00,62.8,31.4,40,953.7,11.1,122,0.0,15,4,5,61.3,94.0,56.1,12.0,84.0,43.8,67.91666666666667,54.133333333333326,43.75833333333333
2026-05-08 16:00:00,59.5,30.3,44,954.2,11.2,125,0.0,16,4,5,62.8,57.3,86.7,33.2,60.9,47.0,69.03333333333333,58.36666666666667,42.875
2026-05-08 17:00:00,53.9,28.4,55,954.8,10.3,131,0.0,17,4,5,59.5,61.3,52.1,44.9,24.8,33.6,64.5,60.55833333333334,42.81666666666666
2026-05-08 18:00:00,16.1,27.6,61,954.5,9.5,123,0.0,18,4,5,53.9,62.8,94.0,52.3,37.5,45.2,64.8,61.30833333333334,44.02916666666667
2026-05-08 19:00:00,24.7,27.2,64,954.2,9.0,127,0.0,19,4,5,16.1,59.5,57.3,49.5,44.3,35.8,51.81666666666666,58.291666666666664,43.137499999999996
2026-05-08 20:00:00,25.8,26.6,69,953.5,7.0,132,0.0,20,4,5,24.7,53.9,61.3,50.2,23.7,16.4,46.383333333333326,56.224999999999994,42.32083333333333
2026-05-08 21:00:00,12.0,26.1,73,953.0,5.0,131,0.0,21,4,5,25.8,16.1,62.8,56.1,16.6,27.3,40.46666666666667,54.19166666666667,42.40833333333334
2026-05-08 22:00:00,34.9,25.7,76,952.8,4.5,137,0.0,22,4,5,12.0,24.7,59.5,86.7,44.5,30.8,32.0,50.51666666666667,42.21666666666667
2026-05-08 23:00:00,36.1,25.3,78,953.0,5.4,130,0.0,23,4,5,34.9,25.8,53.9,52.1,12.0,12.0,27.899999999999995,46.199999999999996,41.81666666666667
2026-05-09 00:00:00,12.0,24.7,84,953.1,6.1,135,0.0,0,5,5,36.1,12.0,16.1,94.0,12.0,32.8,24.933333333333337,44.86666666666667,42.82083333333333
2026-05-09 01:00:00,24.3,25.1,82,954.1,6.2,131,0.0,1,5,5,12.0,34.9,24.7,57.3,12.0,23.3,24.25,38.03333333333333,42.82083333333333
2026-05-09 02:00:00,12.0,26.2,75,955.0,7.3,134,0.0,2,5,5,24.3,36.1,25.8,61.3,28.3,12.0,24.183333333333334,35.28333333333333,43.333333333333336
2026-05-09 03:00:00,12.0,28.2,63,955.7,7.5,140,0.0,3,5,5,12.0,12.0,12.0,62.8,12.0,32.4,21.883333333333336,31.175,42.65416666666666
2026-05-09 04:00:00,26.7,30.3,52,956.0,5.9,135,0.0,4,5,5,12.0,24.3,34.9,59.5,33.2,22.5,21.883333333333336,26.941666666666666,42.65416666666666
2026-05-09 05:00:00,49.9,32.3,43,955.8,4.5,119,0.0,5,5,5,26.7,12.0,36.1,53.9,44.9,30.4,20.516666666666666,24.208333333333332,42.38333333333333
2026-05-09 06:00:00,58.5,33.4,42,955.4,5.1,48,0.0,6,5,5,49.9,12.0,12.0,16.1,52.3,41.7,22.816666666666666,23.875,42.59166666666667
2026-05-09 07:00:00,57.2,33.8,40,954.8,8.3,56,0.0,7,5,5,58.5,26.7,24.3,24.7,49.5,49.9,30.566666666666666,27.40833333333333,42.849999999999994
2026-05-09 08:00:00,52.3,33.9,37,954.1,8.0,62,0.0,8,5,5,57.2,49.9,12.0,25.8,50.2,55.9,36.05,30.116666666666664,43.17083333333333
2026-05-09 09:00:00,68.1,34.3,34,952.9,7.2,65,0.0,9,5,5,52.3,58.5,12.0,12.0,56.1,39.7,42.76666666666666,32.324999999999996,43.25833333333333
2026-05-09 10:00:00,71.0,34.5,30,951.8,8.6,57,0.0,10,5,5,68.1,57.2,26.7,34.9,86.7,69.6,52.11666666666667,37.0,43.75833333333333
2026-05-09 11:00:00,61.1,34.7,28,951.2,7.8,67,0.0,11,5,5,71.0,52.3,49.9,36.1,52.1,100.3,59.5,40.00833333333333,43.104166666666664
2026-05-09 12:00:00,74.1,34.3,27,950.9,10.3,95,0.0,12,5,5,61.1,68.1,58.5,12.0,94.0,45.1,61.366666666666674,42.09166666666666,43.479166666666664
2026-05-09 13:00:00,66.3,33.5,32,951.6,9.8,82,0.0,13,5,5,74.1,71.0,57.2,24.3,57.3,54.7,63.96666666666667,47.26666666666666,42.65
2026-05-09 14:00:00,62.5,32.8,35,952.5,8.7,96,0.0,14,5,5,66.3,61.1,52.3,12.0,61.3,83.3,65.48333333333333,50.76666666666667,43.025
2026-05-09 15:00:00,43.1,31.9,38,953.5,9.3,108,0.0,15,5,5,62.5,74.1,68.1,12.0,62.8,84.0,67.18333333333334,54.975,43.074999999999996
2026-05-09 16:00:00,72.8,30.8,42,953.9,8.9,124,0.0,16,5,5,43.1,66.3,71.0,26.7,59.5,60.9,63.01666666666666,57.56666666666666,42.25416666666666
2026-05-09 17:00:00,49.0,30.0,43,954.3,7.3,121,0.0,17,5,5,72.8,62.5,61.1,49.9,53.9,24.8,63.31666666666666,61.40833333333333,42.80833333333333
2026-05-09 18:00:00,63.1,29.4,45,953.8,6.1,109,0.0,18,5,5,49.0,43.1,74.1,58.5,16.1,37.5,61.29999999999999,61.333333333333336,42.604166666666664
2026-05-09 19:00:00,42.1,29.0,46,953.8,9.4,121,0.0,19,5,5,63.1,72.8,66.3,57.2,24.7,44.3,59.46666666666667,61.71666666666667,44.5625
2026-05-09 20:00:00,20.9,27.5,58,953.1,8.7,130,0.0,20,5,5,42.1,49.0,62.5,52.3,25.8,23.7,55.43333333333333,60.45833333333332,45.287499999999994
2026-05-09 21:00:00,12.0,26.6,70,952.5,9.8,137,0.0,21,5,5,20.9,63.1,43.1,68.1,12.0,16.6,48.5,57.84166666666667,45.083333333333336
2026-05-09 22:00:00,21.2,25.9,76,952.2,8.3,141,0.0,22,5,5,12.0,42.1,72.8,71.0,34.9,44.5,43.31666666666666,53.166666666666664,45.083333333333336
2026-05-09 23:00:00,12.0,25.4,79,952.1,7.8,132,0.0,23,5,5,21.2,20.9,49.0,61.1,36.1,12.0,34.71666666666667,49.01666666666666,44.512499999999996
2026-05-10 00:00:00,30.3,24.7,82,952.6,8.1,119,0.0,0,6,5,12.0,12.0,63.1,74.1,12.0,12.0,28.55,44.92499999999999,43.508333333333326
2026-05-10 01:00:00,12.0,25.0,81,953.5,9.2,130,0.0,1,6,5,30.3,21.2,42.1,66.3,24.3,12.0,23.083333333333332,41.275,44.270833333333336
2026-05-10 02:00:00,24.0,25.9,78,954.1,7.5,134,0.0,2,6,5,12.0,12.0,20.9,62.5,12.0,28.3,18.066666666666666,36.75,43.75833333333333
2026-05-10 03:00:00,23.3,27.1,71,954.6,4.7,140,0.0,3,6,5,24.0,30.3,12.0,43.1,12.0,12.0,18.583333333333332,33.541666666666664,44.25833333333333
2026-05-10 04:00:00,32.0,29.7,58,954.7,5.0,154,0.0,4,6,5,23.3,12.0,21.2,72.8,26.7,33.2,20.466666666666665,31.891666666666666,44.729166666666664
2026-05-10 05:00:00,41.9,32.2,45,954.0,4.3,156,0.0,5,6,5,32.0,24.0,12.0,49.0,49.9,44.9,22.266666666666666,28.491666666666664,44.949999999999996
2026-05-10 06:00:00,55.0,32.7,44,953.3,2.2,132,0.0,6,6,5,41.9,23.3,30.3,63.1,58.5,52.3,27.25,27.899999999999995,44.61666666666667
2026-05-10 07:00:00,68.9,34.6,37,952.5,1.4,360,0.0,7,6,5,55.0,32.0,12.0,42.1,57.2,49.5,31.366666666666664,27.224999999999998,44.47083333333333
2026-05-10 08:00:00,81.5,35.8,32,951.7,2.9,360,0.0,8,6,5,68.9,41.9,24.0,20.9,52.3,50.2,40.85,29.458333333333332,44.958333333333336
2026-05-10 09:00:00,79.5,36.3,27,950.8,7.2,14,0.1,9,6,5,81.5,55.0,23.3,12.0,68.1,56.1,50.43333333333334,34.50833333333333,46.175000000000004
2026-05-10 10:00:00,83.8,36.0,26,950.4,8.0,36,0.1,10,6,5,79.5,68.9,32.0,21.2,71.0,86.7,59.79999999999999,40.13333333333333,46.65
2026-05-10 11:00:00,65.7,35.7,27,950.0,10.7,41,0.0,11,6,5,83.8,81.5,41.9,12.0,61.1,52.1,68.43333333333332,45.35,47.18333333333333
2026-05-10 12:00:00,55.2,35.4,26,949.8,11.3,48,0.0,12,6,5,65.7,79.5,55.0,30.3,74.1,94.0,72.39999999999999,49.824999999999996,47.375
2026-05-10 13:00:00,64.8,35.0,26,950.6,10.3,91,0.0,13,6,5,55.2,83.8,68.9,12.0,66.3,57.3,72.43333333333334,51.9,46.587500000000006
2026-05-10 14:00:00,41.3,34.6,27,951.2,9.5,136,0.0,14,6,5,64.8,65.7,81.5,24.0,62.5,61.3,71.75,56.29999999999999,46.525
2026-05-10 15:00:00,44.9,33.1,33,951.9,12.1,142,0.0,15,6,5,41.3,55.2,79.5,23.3,43.1,62.8,65.05,57.74166666666667,45.64166666666666
2026-05-10 16:00:00,59.1,31.4,38,952.3,11.6,132,0.0,16,6,5,44.9,64.8,83.8,32.0,72.8,59.5,59.28333333333333,59.541666666666664,45.71666666666667
2026-05-10 17:00:00,36.6,30.4,41,952.7,11.8,126,0.0,17,6,5,59.1,41.3,65.7,41.9,49.0,53.9,55.166666666666664,61.800000000000004,45.145833333333336
2026-05-10 18:00:00,31.6,28.9,55,952.5,12.3,143,0.0,18,6,5,36.6,44.9,55.2,55.0,63.1,16.1,50.31666666666666,61.35833333333334,44.62916666666667
2026-05-10 19:00:00,39.5,27.7,67,951.9,11.1,146,0.0,19,6,5,31.6,59.1,64.8,68.9,42.1,24.7,46.383333333333326,59.40833333333333,43.31666666666667
2026-05-10 20:00:00,18.5,26.9,72,951.6,9.1,144,0.0,20,6,5,39.5,36.6,41.3,81.5,20.9,25.8,42.166666666666664,56.958333333333336,43.208333333333336
2026-05-10 21:00:00,32.0,26.3,72,951.3,8.7,140,0.0,21,6,5,18.5,31.6,44.9,79.5,12.0,12.0,38.36666666666667,51.708333333333336,43.10833333333334
2026-05-10 22:00:00,15.6,25.8,72,951.4,7.4,139,0.0,22,6,5,32.0,39.5,59.1,83.8,21.2,34.9,36.21666666666667,47.75,43.94166666666667
2026-05-10 23:00:00,19.0,25.5,73,951.5,6.6,133,0.0,23,6,5,15.6,18.5,36.6,65.7,12.0,36.1,28.966666666666665,42.06666666666666,43.708333333333336
2026-05-11 00:00:00,22.2,25.1,76,952.4,7.5,130,0.0,0,0,5,19.0,32.0,31.6,55.2,30.3,12.0,26.03333333333333,38.175,44.0
2026-05-11 01:00:00,12.0,25.2,79,953.4,7.4,122,0.0,1,0,5,22.2,15.6,39.5,64.8,12.0,24.3,24.46666666666667,35.425000000000004,43.6625
2026-05-11 02:00:00,30.1,26.2,76,954.0,7.9,139,0.0,2,0,5,12.0,19.0,18.5,41.3,24.0,12.0,19.883333333333333,31.025000000000002,43.6625
2026-05-11 03:00:00,50.7,28.1,65,954.6,6.3,182,0.0,3,0,5,30.1,22.2,32.0,44.9,23.3,12.0,21.816666666666666,30.091666666666665,43.916666666666664
2026-05-11 04:00:00,37.9,30.1,55,955.0,7.9,197,0.0,4,0,5,50.7,12.0,15.6,59.1,32.0,26.7,24.933333333333337,30.575,45.05833333333334
2026-05-11 05:00:00,38.6,32.0,46,954.6,6.8,197,0.0,5,0,5,37.9,30.1,19.0,36.6,41.9,49.9,28.650000000000002,28.808333333333334,45.304166666666674
2026-05-11 06:00:00,63.1,32.7,43,954.3,4.0,207,0.0,6,0,5,38.6,50.7,22.2,31.6,55.0,58.5,31.916666666666668,28.975000000000005,45.166666666666664
2026-05-11 07:00:00,66.2,34.1,38,953.4,2.4,216,0.0,7,0,5,63.1,37.9,12.0,39.5,68.9,57.2,38.733333333333334,31.599999999999998,45.50416666666666
2026-05-11 08:00:00,84.5,35.3,33,952.3,1.5,210,0.0,8,0,5,66.2,38.6,30.1,18.5,81.5,52.3,47.76666666666667,33.824999999999996,45.39166666666667
2026-05-11 09:00:00,101.2,36.5,28,951.2,1.9,131,0.0,9,0,5,84.5,63.1,50.7,32.0,79.5,68.1,56.833333333333336,39.324999999999996,45.51666666666667
2026-05-11 10:00:00,95.1,36.7,25,950.6,3.7,79,0.0,10,0,5,101.2,66.2,37.9,15.6,83.8,71.0,65.25,45.09166666666667,46.42083333333334
2026-05-11 11:00:00,67.5,36.5,25,950.3,9.4,40,0.0,11,0,5,95.1,84.5,38.6,19.0,65.7,61.1,74.78333333333333,51.71666666666667,46.89166666666667
2026-05-11 12:00:00,67.7,35.7,27,950.0,13.5,52,0.0,12,0,5,67.5,101.2,63.1,22.2,55.2,74.1,79.6,55.75833333333333,46.96666666666667
2026-05-11 13:00:00,63.7,35.0,29,950.7,10.4,64,0.0,13,0,5,67.7,95.1,66.2,12.0,64.8,66.3,80.36666666666667,59.550000000000004,47.487500000000004
2026-05-11 14:00:00,47.8,34.4,30,951.4,9.4,101,0.0,14,0,5,63.7,67.5,84.5,30.1,41.3,62.5,79.95,63.85833333333334,47.44166666666667
2026-05-11 15:00:00,56.0,33.2,33,952.1,9.8,116,0.0,15,0,5,47.8,67.7,101.2,50.7,44.9,43.1,73.83333333333333,65.33333333333333,47.712500000000006
2026-05-11 16:00:00,52.2,32.2,36,952.4,9.2,135,0.0,16,0,5,56.0,63.7,95.1,37.9,59.1,72.8,66.3,65.77499999999999,48.175000000000004
2026-05-11 17:00:00,53.1,31.1,40,952.9,8.7,122,0.0,17,0,5,52.2,47.8,67.5,38.6,36.6,49.0,59.150000000000006,66.96666666666667,47.88750000000001
2026-05-11 18:00:00,40.6,30.3,43,952.3,8.8,129,0.0,18,0,5,53.1,56.0,67.7,63.1,31.6,63.1,56.75,68.175,48.574999999999996
2026-05-11 19:00:00,12.3,29.4,48,951.7,10.0,144,0.0,19,0,5,40.6,52.2,63.7,66.2,39.5,42.1,52.23333333333333,66.3,48.949999999999996
2026-05-11 20:00:00,28.7,28.3,58,951.1,8.5,153,0.0,20,0,5,12.3,53.1,47.8,84.5,18.5,20.9,43.666666666666664,61.80833333333334,47.81666666666667
2026-05-11 21:00:00,21.0,27.5,64,950.8,6.0,155,0.0,21,0,5,28.7,40.6,56.0,101.2,32.0,12.0,40.483333333333334,57.15833333333334,48.24166666666667
2026-05-11 22:00:00,37.7,27.1,67,950.7,5.0,131,0.0,22,0,5,21.0,12.3,52.2,95.1,15.6,21.2,34.65,50.475,47.78333333333333
2026-05-11 23:00:00,45.4,26.7,70,950.9,4.9,129,0.0,23,0,5,37.7,28.7,53.1,67.5,19.0,12.0,32.23333333333333,45.69166666666667,48.70416666666666
2026-05-12 00:00:00,24.3,26.2,74,951.4,4.0,141,0.0,0,1,5,45.4,21.0,40.6,67.7,22.2,30.3,30.95,43.85,49.80416666666667
2026-05-12 01:00:00,39.3,26.5,73,952.0,4.1,131,0.0,1,1,5,24.3,37.7,12.3,63.7,12.0,12.0,28.233333333333334,40.23333333333333,49.89166666666667
2026-05-12 02:00:00,12.0,27.6,67,952.7,5.1,188,0.0,2,1,5,39.3,45.4,28.7,47.8,30.1,24.0,32.73333333333333,38.199999999999996,51.02916666666667
2026-05-12 03:00:00,37.4,29.4,58,953.5,6.4,212,0.0,3,1,5,12.0,24.3,21.0,56.0,50.7,23.3,29.95,35.21666666666667,50.275
2026-05-12 04:00:00,37.0,31.5,48,953.5,4.6,193,0.0,4,1,5,37.4,39.3,37.7,52.2,37.9,32.0,32.68333333333333,33.66666666666667,49.72083333333333
2026-05-12 05:00:00,44.3,33.6,39,953.1,4.0,201,0.0,5,1,5,37.0,12.0,45.4,53.1,38.6,41.9,32.56666666666666,32.4,49.68333333333334
2026-05-12 06:00:00,56.2,34.6,37,952.5,3.8,211,0.0,6,1,5,44.3,37.4,24.3,40.6,63.1,55.0,32.38333333333333,31.666666666666668,49.92083333333333
2026-05-12 07:00:00,81.5,35.8,31,951.7,1.3,214,0.0,7,1,5,56.2,37.0,39.3,12.3,66.2,68.9,37.699999999999996,32.96666666666667,49.63333333333333
2026-05-12 08:00:00,87.4,36.6,28,950.7,3.8,85,0.2,8,1,5,81.5,44.3,12.0,28.7,84.5,81.5,44.73333333333333,38.73333333333333,50.270833333333336
2026-05-12 09:00:00,63.5,35.8,30,949.7,9.1,69,0.7,9,1,5,87.4,56.2,37.4,21.0,101.2,79.5,57.29999999999999,43.625,50.39166666666666
2026-05-12 10:00:00,48.3,34.6,35,949.2,9.5,75,0.6,10,1,5,63.5,81.5,37.0,37.7,95.1,83.8,61.65,47.166666666666664,48.820833333333326
2026-05-12 11:00:00,74.9,34.3,37,948.8,8.3,92,0.1,11,1,5,48.3,87.4,44.3,45.4,67.5,65.7,63.53333333333333,48.04999999999999,46.87083333333334
2026-05-12 12:00:00,92.3,34.8,34,948.8,10.3,105,0.3,12,1,5,74.9,63.5,56.2,24.3,67.7,55.2,68.63333333333334,50.50833333333333,47.17916666666667
2026-05-12 13:00:00,62.6,33.5,39,949.5,11.0,116,0.1,13,1,5,92.3,48.3,81.5,39.3,63.7,64.8,74.64999999999999,56.175000000000004,48.20416666666666
2026-05-12 14:00:00,53.2,33.0,40,950.0,10.8,126,0.0,14,1,5,62.6,74.9,87.4,12.0,47.8,41.3,71.5,58.11666666666667,48.15833333333333
2026-05-12 15:00:00,54.0,32.0,44,950.6,10.3,142,0.0,15,1,5,53.2,92.3,63.5,37.4,56.0,44.9,65.8,61.54999999999999,48.38333333333333
2026-05-12 16:00:00,68.2,31.2,47,951.5,8.4,133,0.0,16,1,5,54.0,62.6,48.3,37.0,52.2,59.1,64.21666666666665,62.93333333333333,48.300000000000004
2026-05-12 17:00:00,51.1,30.5,49,952.0,7.3,130,0.0,17,1,5,68.2,53.2,74.9,44.3,53.1,36.6,67.53333333333335,65.53333333333333,48.96666666666666
2026-05-12 18:00:00,65.7,30.1,51,951.2,9.3,139,0.0,18,1,5,51.1,54.0,92.3,56.2,40.6,31.6,63.56666666666666,66.10000000000001,48.88333333333333
2026-05-12 19:00:00,31.6,29.2,55,950.6,10.6,140,0.0,19,1,5,65.7,68.2,62.6,81.5,12.3,39.5,59.13333333333335,66.89166666666667,49.929166666666674
2026-05-12 20:00:00,46.9,28.2,63,950.2,9.9,155,0.0,20,1,5,31.6,51.1,53.2,87.4,28.7,18.5,53.96666666666667,62.73333333333333,50.73333333333333
2026-05-12 21:00:00,18.0,27.5,68,949.9,8.5,168,0.0,21,1,5,46.9,65.7,54.0,63.5,21.0,32.0,52.916666666666664,59.35833333333333,51.491666666666674
2026-05-12 22:00:00,12.4,27.1,71,949.9,6.4,172,0.0,22,1,5,18.0,31.6,68.2,48.3,37.7,15.6,46.916666666666664,55.56666666666666,51.366666666666674
2026-05-12 23:00:00,23.6,26.9,72,950.1,4.3,180,0.0,23,1,5,12.4,46.9,51.1,74.9,45.4,19.0,37.61666666666667,52.57500000000001,50.3125
2026-05-13 00:00:00,34.6,26.5,73,950.5,5.9,160,0.0,0,2,5,23.6,18.0,65.7,92.3,24.3,22.2,33.03333333333334,48.29999999999999,49.40416666666667
2026-05-13 01:00:00,18.4,26.6,73,951.1,5.3,156,0.0,1,2,5,34.6,12.4,31.6,62.6,39.3,12.0,27.849999999999998,43.49166666666667,49.833333333333336
2026-05-13 02:00:00,18.9,27.7,68,952.0,4.7,178,0.0,2,2,5,18.4,23.6,46.9,53.2,12.0,30.1,25.650000000000002,39.80833333333333,48.962500000000006
2026-05-13 03:00:00,29.8,29.6,59,952.4,4.4,207,0.0,3,2,5,18.9,34.6,18.0,54.0,37.4,50.7,20.983333333333334,36.949999999999996,49.25
2026-05-13 04:00:00,46.6,31.8,49,952.6,5.3,218,0.0,4,2,5,29.8,18.4,12.4,68.2,37.0,37.9,22.95,34.93333333333333,48.93333333333333
2026-05-13 05:00:00,28.6,33.8,41,952.3,6.5,242,0.0,5,2,5,46.6,18.9,23.6,51.1,44.3,38.6,28.649999999999995,33.13333333333333,49.333333333333336
2026-05-13 06:00:00,52.3,34.8,37,951.7,7.1,246,0.0,6,2,5,28.6,29.8,34.6,65.7,56.2,63.1,29.483333333333334,31.25833333333333,48.67916666666667
2026-05-13 07:00:00,62.7,35.8,35,950.8,6.0,249,0.2,7,2,5,52.3,46.6,18.4,31.6,81.5,66.2,32.43333333333333,30.141666666666666,48.51666666666666
2026-05-13 08:00:00,89.1,36.6,32,949.8,3.2,236,0.1,8,2,5,62.7,28.6,18.9,46.9,87.4,84.5,39.81666666666667,32.73333333333333,47.73333333333333
2026-05-13 09:00:00,73.5,36.8,30,948.7,3.1,216,0.1,9,2,5,89.1,52.3,29.8,18.0,63.5,101.2,51.51666666666667,36.25,47.804166666666674
2026-05-13 10:00:00,100.4,36.9,29,948.3,1.0,225,0.1,10,2,5,73.5,62.7,46.6,12.4,48.3,95.1,58.79999999999999,40.875,48.22083333333334
2026-05-13 11:00:00,84.3,36.6,29,947.6,3.1,144,0.1,11,2,5,100.4,89.1,28.6,23.6,74.9,67.5,67.76666666666667,48.208333333333336,50.39166666666666
2026-05-13 12:00:00,86.5,36.4,28,947.3,8.9,98,0.0,12,2,5,84.3,73.5,52.3,34.6,92.3,67.7,77.05,53.26666666666667,50.78333333333333
2026-05-13 13:00:00,75.8,34.6,35,947.9,10.0,111,0.8,13,2,5,86.5,100.4,62.7,18.4,62.6,63.7,82.75,57.59166666666667,50.541666666666664
2026-05-13 14:00:00,68.6,34.4,35,949.0,8.9,133,0.1,14,2,5,75.8,84.3,89.1,18.9,53.2,47.8,84.93333333333334,62.375,51.09166666666667
2026-05-13 15:00:00,63.5,33.5,39,949.6,7.4,148,0.0,15,2,5,68.6,86.5,73.5,29.8,54.0,56.0,81.51666666666667,66.51666666666667,51.73333333333333
2026-05-13 16:00:00,71.8,32.6,43,950.3,7.1,161,0.0,16,2,5,63.5,75.8,100.4,46.6,68.2,52.2,79.85000000000001,69.325,52.12916666666666
2026-05-13 17:00:00,76.8,31.8,45,950.7,7.6,168,0.0,17,2,5,71.8,68.6,84.3,28.6,51.1,53.1,75.08333333333333,71.425,52.27916666666667
2026-05-13 18:00:00,52.7,31.3,45,949.9,7.4,154,0.0,18,2,5,76.8,63.5,86.5,52.3,65.7,40.6,73.83333333333333,75.44166666666666,53.349999999999994
2026-05-13 19:00:00,30.8,30.5,47,949.2,7.3,144,0.0,19,2,5,52.7,71.8,75.8,62.7,31.6,12.3,68.2,75.475,52.80833333333333
2026-05-13 20:00:00,29.4,29.9,48,948.5,6.5,157,0.0,20,2,5,30.8,76.8,68.6,89.1,46.9,28.7,60.699999999999996,72.81666666666668,52.775
2026-05-13 21:00:00,23.9,29.4,50,948.2,4.6,144,0.0,21,2,5,29.4,52.7,63.5,73.5,18.0,21.0,54.166666666666664,67.84166666666667,52.04583333333333
2026-05-13 22:00:00,51.5,29.1,52,948.4,3.1,193,0.0,22,2,5,23.9,30.8,71.8,100.4,12.4,37.7,47.56666666666666,63.708333333333336,52.291666666666664
2026-05-13 23:00:00,12.0,28.9,52,949.4,5.4,310,0.0,23,2,5,51.5,29.4,76.8,84.3,23.6,45.4,44.18333333333333,59.63333333333333,53.92083333333334
2026-05-14 00:00:00,12.0,28.6,59,949.4,1.9,119,0.0,0,3,5,12.0,23.9,52.7,86.5,34.6,24.3,33.38333333333333,53.60833333333333,53.4375
2026-05-14 01:00:00,26.0,28.5,59,949.9,1.6,243,0.0,1,3,5,12.0,51.5,30.8,75.8,18.4,39.3,26.600000000000005,47.4,52.49583333333334
2026-05-14 02:00:00,25.8,29.4,56,950.7,2.2,194,0.0,2,3,5,26.0,12.0,29.4,68.6,18.9,12.0,25.8,43.25,52.8125
2026-05-14 03:00:00,30.2,31.2,50,951.1,3.5,195,0.0,3,3,5,25.8,12.0,23.9,63.5,29.8,37.4,25.2,39.68333333333333,53.1
2026-05-14 04:00:00,46.1,33.4,40,951.3,3.8,229,0.0,4,3,5,30.2,26.0,51.5,71.8,46.6,37.0,26.25,36.90833333333334,53.116666666666674
2026-05-14 05:00:00,75.8,35.5,34,951.1,5.4,264,0.0,5,3,5,46.1,25.8,12.0,76.8,28.6,44.3,25.349999999999998,34.766666666666666,53.09583333333333
2026-05-14 06:00:00,65.6,35.8,33,950.7,1.1,171,0.0,6,3,5,75.8,30.2,12.0,52.7,52.3,56.2,35.983333333333334,34.68333333333333,55.0625
2026-05-14 07:00:00,55.9,36.1,32,950.0,2.9,133,0.0,7,3,5,65.6,46.1,26.0,30.8,62.7,81.5,44.916666666666664,35.75833333333333,55.616666666666674
2026-05-14 08:00:00,72.1,36.5,32,949.3,4.3,107,0.0,8,3,5,55.9,75.8,25.8,29.4,89.1,87.4,49.9,37.85,55.333333333333336
2026-05-14 09:00:00,58.8,36.9,32,948.2,3.2,137,0.0,9,3,5,72.1,65.6,30.2,23.9,73.5,63.5,57.61666666666667,41.40833333333333,54.625
2026-05-14 10:00:00,88.2,36.3,34,947.8,4.9,123,0.0,10,3,5,58.8,55.9,46.1,51.5,100.4,48.3,62.38333333333333,44.31666666666666,54.012499999999996
2026-05-14 11:00:00,95.1,35.2,36,947.2,5.5,157,0.1,11,3,5,88.2,72.1,75.8,12.0,84.3,74.9,69.39999999999999,47.375,53.50416666666666
2026-05-14 12:00:00,83.2,35.8,35,947.4,6.6,111,0.0,12,3,5,95.1,58.8,65.6,12.0,86.5,92.3,72.61666666666667,54.29999999999999,53.95416666666667
2026-05-14 13:00:00,98.6,34.4,40,948.0,4.9,114,0.2,13,3,5,83.2,88.2,55.9,26.0,75.8,62.6,75.55,60.23333333333333,53.81666666666667
2026-05-14 14:00:00,60.4,34.1,41,948.4,9.3,130,0.0,14,3,5,98.6,95.1,72.1,25.8,68.6,53.2,82.66666666666667,66.28333333333333,54.76666666666666
2026-05-14 15:00:00,53.5,33.3,43,949.0,10.5,139,0.0,15,3,5,60.4,83.2,58.8,30.2,63.5,54.0,80.71666666666667,69.16666666666667,54.425000000000004
2026-05-14 16:00:00,58.9,32.5,46,949.6,8.2,148,0.0,16,3,5,53.5,98.6,88.2,46.1,71.8,68.2,79.83333333333333,71.10833333333333,54.00833333333333
2026-05-14 17:00:00,39.0,32.1,46,950.0,7.0,157,0.0,17,3,5,58.9,60.4,95.1,75.8,76.8,51.1,74.95,72.175,53.47083333333333
2026-05-14 18:00:00,34.6,31.8,48,949.3,10.3,145,0.0,18,3,5,39.0,53.5,83.2,65.6,52.7,65.7,65.60000000000001,69.10833333333333,51.895833333333336
2026-05-14 19:00:00,12.0,30.6,55,948.9,9.5,141,0.0,19,3,5,34.6,58.9,98.6,55.9,30.8,31.6,57.5,66.52499999999999,51.14166666666667
2026-05-14 20:00:00,59.8,29.8,62,948.3,8.7,148,0.0,20,3,5,12.0,39.0,60.4,72.1,29.4,46.9,43.06666666666667,62.86666666666667,50.35833333333334
2026-05-14 21:00:00,32.1,29.3,67,948.1,6.3,175,0.0,21,3,5,59.8,34.6,53.5,58.8,23.9,18.0,42.96666666666667,61.84166666666666,51.625
2026-05-14 22:00:00,47.8,29.0,68,948.6,5.7,279,0.0,22,3,5,32.1,12.0,58.9,88.2,51.5,12.4,39.4,59.61666666666667,51.96666666666666
2026-05-14 23:00:00,13.9,28.7,63,949.1,8.2,237,0.1,23,3,5,47.8,59.8,39.0,95.1,12.0,23.6,37.550000000000004,56.25,51.81249999999999
2026-05-15 00:00:00,12.0,27.8,65,950.0,6.4,230,0.0,0,4,5,13.9,32.1,34.6,83.2,12.0,34.6,33.36666666666667,49.48333333333334,51.89166666666666
2026-05-15 01:00:00,27.9,27.5,66,950.8,2.7,203,0.1,1,4,5,12.0,47.8,12.0,98.6,26.0,18.4,29.599999999999998,43.550000000000004,51.89166666666666
2026-05-15 02:00:00,32.0,28.8,60,951.6,3.5,231,0.0,2,4,5,27.9,13.9,59.8,60.4,25.8,18.9,32.25,37.65833333333333,51.97083333333333
2026-05-15 03:00:00,31.1,30.3,55,952.0,3.0,213,0.0,3,4,5,32.0,12.0,32.1,53.5,30.2,29.8,27.616666666666664,35.291666666666664,52.229166666666664
2026-05-15 04:00:00,41.8,32.3,47,952.1,5.0,251,0.0,4,4,5,31.1,27.9,47.8,58.9,46.1,46.6,27.45,33.425000000000004,52.26666666666666
2026-05-15 05:00:00,55.0,34.3,40,951.9,7.3,263,0.0,5,4,5,41.8,32.0,13.9,39.0,75.8,28.6,26.45,32.0,52.0875
2026-05-15 06:00:00,38.1,34.4,40,951.1,6.1,273,0.0,6,4,5,55.0,31.1,12.0,34.6,65.6,52.3,33.3,33.333333333333336,51.22083333333333
2026-05-15 07:00:00,47.3,36.4,34,950.3,5.4,300,0.0,7,4,5,38.1,41.8,27.9,12.0,55.9,62.7,37.65,33.625,50.074999999999996
2026-05-15 08:00:00,64.1,36.8,30,949.5,7.6,348,0.0,8,4,5,47.3,55.0,32.0,59.8,72.1,89.1,40.88333333333333,36.56666666666667,49.71666666666667
2026-05-15 09:00:00,63.8,37.4,27,948.6,8.4,353,0.0,9,4,5,64.1,38.1,31.1,32.1,58.8,73.5,46.23333333333333,36.925,49.383333333333326
2026-05-15 10:00:00,84.6,37.4,27,948.2,8.1,356,0.0,10,4,5,63.8,47.3,41.8,47.8,88.2,100.4,51.68333333333333,39.56666666666667,49.59166666666666
2026-05-15 11:00:00,56.7,37.1,27,947.7,7.0,342,0.0,11,4,5,84.6,64.1,55.0,13.9,95.1,84.3,58.81666666666666,42.63333333333333,49.44166666666667
2026-05-15 12:00:00,80.1,37.4,25,947.4,8.5,335,0.0,12,4,5,56.7,63.8,38.1,12.0,83.2,86.5,59.099999999999994,46.199999999999996,47.84166666666667
2026-05-15 13:00:00,66.9,36.5,26,948.1,9.8,334,0.0,13,4,5,80.1,84.6,47.3,27.9,98.6,75.8,66.10000000000001,51.875,47.7125
2026-05-15 14:00:00,83.2,35.9,28,948.6,8.9,336,0.0,14,4,5,66.9,56.7,64.1,32.0,60.4,68.6,69.36666666666666,55.125,46.39166666666667
2026-05-15 15:00:00,72.7,35.2,30,949.4,8.5,339,0.0,15,4,5,83.2,80.1,63.8,31.1,53.5,63.5,72.55,59.39166666666667,47.34166666666666
2026-05-15 16:00:00,74.3,34.8,31,949.7,6.9,332,0.0,16,4,5,72.7,66.9,84.6,41.8,58.9,71.8,74.03333333333335,62.85833333333333,48.14166666666666
2026-05-15 17:00:00,52.9,33.9,33,949.9,3.8,343,0.0,17,4,5,74.3,83.2,56.7,55.0,39.0,76.8,72.31666666666666,65.56666666666666,48.78333333333333
2026-05-15 18:00:00,32.6,34.0,33,949.3,7.8,158,0.0,18,4,5,52.9,72.7,80.1,38.1,34.6,52.7,71.68333333333334,65.39166666666667,49.362500000000004
2026-05-15 19:00:00,38.5,32.9,38,948.5,7.3,152,0.0,19,4,5,32.6,74.3,66.9,47.3,12.0,30.8,63.76666666666666,64.93333333333334,49.27916666666666
2026-05-15 20:00:00,15.3,32.2,42,948.5,8.3,139,0.0,20,4,5,38.5,52.9,83.2,64.1,59.8,29.4,59.03333333333333,64.2,50.383333333333326
2026-05-15 21:00:00,35.2,31.1,47,948.1,5.8,146,0.0,21,4,5,15.3,32.6,72.7,63.8,32.1,23.9,47.71666666666667,60.13333333333333,48.52916666666667
2026-05-15 22:00:00,15.8,30.3,51,948.0,5.5,107,0.0,22,4,5,35.2,38.5,74.3,84.6,47.8,51.5,41.46666666666667,57.75,48.65833333333333
2026-05-15 23:00:00,12.0,29.7,56,948.3,4.2,130,0.0,23,4,5,15.8,15.3,52.9,56.7,13.9,12.0,31.716666666666665,52.01666666666667,47.32500000000001
2026-05-16 00:00:00,15.0,29.4,63,948.7,3.0,256,0.0,0,5,5,12.0,35.2,32.6,80.1,12.0,12.0,24.900000000000002,48.291666666666664,47.24583333333334
2026-05-16 01:00:00,28.9,29.6,62,949.2,2.2,166,0.0,1,5,5,15.0,15.8,38.5,66.9,27.9,26.0,21.96666666666667,42.86666666666667,47.37083333333334
2026-05-16 02:00:00,12.0,30.6,59,950.1,4.1,146,0.0,2,5,5,28.9,12.0,15.3,83.2,32.0,25.8,20.366666666666667,39.699999999999996,47.412499999999994
2026-05-16 03:00:00,45.0,32.2,52,950.8,4.0,159,0.0,3,5,5,12.0,15.0,35.2,72.7,31.1,30.2,19.816666666666666,33.766666666666666,46.57916666666666
2026-05-16 04:00:00,47.0,34.0,43,951.2,3.8,197,0.0,4,5,5,45.0,28.9,15.8,74.3,41.8,46.1,21.45,31.458333333333332,47.15833333333333
2026-05-16 05:00:00,76.9,35.5,37,951.4,2.5,210,0.0,5,5,5,47.0,12.0,12.0,52.9,55.0,75.8,26.650000000000002,29.183333333333334,47.375
2026-05-16 06:00:00,61.5,36.8,35,951.3,4.9,156,0.0,6,5,5,76.9,45.0,15.0,32.6,38.1,65.6,37.46666666666667,31.183333333333337,48.2875
2026-05-16 07:00:00,75.4,37.7,32,950.6,3.2,117,0.0,7,5,5,61.5,47.0,28.9,38.5,47.3,55.9,45.21666666666667,33.59166666666667,49.262499999999996
2026-05-16 08:00:00,40.8,33.8,41,950.4,14.1,117,0.0,8,5,5,75.4,76.9,12.0,15.3,64.1,72.1,52.96666666666667,36.666666666666664,50.43333333333333
2026-05-16 09:00:00,107.1,33.5,46,949.6,2.0,190,0.9,9,5,5,40.8,61.5,45.0,35.2,63.8,58.8,57.76666666666667,38.791666666666664,49.462500000000006
2026-05-16 10:00:00,82.5,34.6,41,949.1,5.0,128,0.0,10,5,5,107.1,75.4,47.0,15.8,84.6,88.2,68.11666666666666,44.78333333333333,51.26666666666667
2026-05-16 11:00:00,67.8,34.9,39,948.3,3.4,148,0.1,11,5,5,82.5,40.8,76.9,12.0,56.7,95.1,74.03333333333333,50.34166666666667,51.17916666666667
2026-05-16 12:00:00,63.3,36.4,30,947.8,9.0,142,0.0,12,5,5,67.8,107.1,61.5,15.0,80.1,83.2,72.51666666666667,54.991666666666674,51.64166666666666
2026-05-16 13:00:00,59.3,34.9,34,948.5,12.7,148,0.0,13,5,5,63.3,82.5,75.4,28.9,66.9,98.6,72.81666666666668,59.01666666666667,50.94166666666666
2026-05-16 14:00:00,56.3,34.0,38,949.3,11.6,143,0.0,14,5,5,59.3,67.8,40.8,12.0,83.2,60.4,70.13333333333333,61.54999999999999,50.625
2026-05-16 15:00:00,53.8,32.9,42,950.2,11.7,139,0.0,15,5,5,56.3,63.3,107.1,45.0,72.7,53.5,72.71666666666665,65.24166666666666,49.50416666666667
2026-05-16 16:00:00,38.4,32.4,44,950.9,9.2,141,0.0,16,5,5,53.8,59.3,82.5,47.0,74.3,58.9,63.833333333333336,65.975,48.71666666666667
2026-05-16 17:00:00,82.1,31.9,44,951.2,9.0,149,0.0,17,5,5,38.4,56.3,67.8,76.9,52.9,39.0,56.48333333333333,65.25833333333333,47.22083333333334
2026-05-16 18:00:00,45.1,30.7,51,951.3,8.2,131,0.0,18,5,5,82.1,53.8,63.3,61.5,32.6,34.6,58.86666666666667,65.69166666666666,48.4375
2026-05-16 19:00:00,31.4,30.0,54,950.6,9.0,128,0.0,19,5,5,45.1,38.4,59.3,75.4,38.5,12.0,55.833333333333336,64.325,48.958333333333336
2026-05-16 20:00:00,12.0,29.4,57,950.2,8.8,133,0.0,20,5,5,31.4,82.1,56.3,40.8,15.3,59.8,51.18333333333334,60.65833333333333,48.6625
2026-05-16 21:00:00,22.0,28.9,61,949.4,8.3,136,0.0,21,5,5,12.0,45.1,53.8,107.1,35.2,32.1,43.800000000000004,58.258333333333326,48.525
2026-05-16 22:00:00,21.0,28.4,65,949.4,7.5,145,0.0,22,5,5,22.0,31.4,38.4,82.5,15.8,47.8,38.5,51.166666666666664,47.975
2026-05-16 23:00:00,12.0,28.0,68,949.6,3.3,209,0.0,23,5,5,21.0,12.0,82.1,67.8,12.0,13.9,35.6,46.041666666666664,48.19166666666666
2026-05-17 00:00:00,19.1,27.6,65,950.2,3.6,237,0.0,0,6,5,12.0,22.0,45.1,63.3,15.0,12.0,23.916666666666668,41.391666666666666,48.19166666666666
2026-05-17 01:00:00,13.3,27.8,64,950.8,3.0,232,0.0,1,6,5,19.1,21.0,31.4,59.3,28.9,27.9,19.583333333333332,37.708333333333336,48.36249999999999
2026-05-17 02:00:00,20.7,28.9,59,951.7,2.7,200,0.0,2,6,5,13.3,12.0,12.0,56.3,12.0,32.0,16.566666666666666,33.87499999999999,47.7125
2026-05-17 03:00:00,35.2,30.8,50,952.3,2.3,180,0.0,3,6,5,20.7,19.1,22.0,53.8,45.0,31.1,18.016666666666666,30.90833333333333,48.074999999999996
2026-05-17 04:00:00,41.2,33.0,41,952.6,2.0,170,0.0,4,6,5,35.2,13.3,21.0,38.4,47.0,41.8,20.21666666666667,29.358333333333334,47.666666666666664
2026-05-17 05:00:00,51.0,34.7,36,952.4,2.0,170,0.0,5,6,5,41.2,20.7,12.0,82.1,76.9,55.0,23.583333333333332,29.591666666666665,47.425000000000004
2026-05-17 06:00:00,59.7,35.3,35,952.1,5.1,157,0.0,6,6,5,51.0,35.2,19.1,45.1,61.5,38.1,30.083333333333332,27.0,46.34583333333333
2026-05-17 07:00:00,49.5,36.0,34,951.4,6.1,161,0.0,7,6,5,59.7,41.2,13.3,31.4,75.4,47.3,36.85,28.216666666666665,46.270833333333336
2026-05-17 08:00:00,69.6,36.6,34,950.7,6.8,153,0.0,8,6,5,49.5,51.0,20.7,12.0,40.8,64.1,42.88333333333333,29.724999999999998,45.19166666666667
2026-05-17 09:00:00,84.6,36.2,35,949.9,7.6,109,0.0,9,6,5,69.6,59.7,35.2,22.0,107.1,63.8,51.03333333333334,34.525,46.39166666666666
2026-05-17 10:00:00,88.0,34.6,41,949.3,8.8,101,0.3,10,6,5,84.6,49.5,41.2,21.0,82.5,84.6,59.26666666666667,39.74166666666667,45.45416666666667
2026-05-17 11:00:00,40.7,34.5,41,948.7,7.1,124,0.1,11,6,5,88.0,69.6,51.0,12.0,67.8,56.7,67.06666666666666,45.324999999999996,45.68333333333334
2026-05-17 12:00:00,50.5,35.0,38,948.4,11.2,96,0.0,12,6,5,40.7,84.6,59.7,19.1,63.3,80.1,65.35,47.71666666666667,44.55416666666667
2026-05-17 13:00:00,56.4,34.0,41,949.0,12.1,102,0.0,13,6,5,50.5,88.0,49.5,13.3,59.3,66.9,63.81666666666666,50.333333333333336,44.020833333333336
2026-05-17 14:00:00,79.3,33.3,43,949.6,10.7,115,0.0,14,6,5,56.4,40.7,69.6,20.7,56.3,83.2,64.96666666666667,53.925000000000004,43.9
2026-05-17 15:00:00,71.7,32.8,44,950.3,10.5,129,0.0,15,6,5,79.3,50.5,84.6,35.2,53.8,72.7,66.58333333333333,58.80833333333334,44.85833333333334
2026-05-17 16:00:00,65.2,32.1,46,951.1,9.9,138,0.0,16,6,5,71.7,56.4,88.0,41.2,38.4,74.3,64.43333333333334,61.85,45.604166666666664
2026-05-17 17:00:00,38.2,31.4,49,951.5,7.8,143,0.0,17,6,5,65.2,79.3,40.7,51.0,82.1,52.9,60.63333333333333,63.85,46.72083333333333
2026-05-17 18:00:00,40.8,30.7,52,951.1,9.8,142,0.0,18,6,5,38.2,71.7,50.5,59.7,45.1,32.6,60.21666666666667,62.78333333333333,44.89166666666667
2026-05-17 19:00:00,33.4,30.0,53,950.2,10.1,139,0.0,19,6,5,40.8,65.2,56.4,49.5,31.4,38.5,58.6,61.208333333333336,44.712500000000006
2026-05-17 20:00:00,12.0,29.5,54,949.3,11.1,143,0.0,20,6,5,33.4,38.2,79.3,69.6,12.0,15.3,54.76666666666666,59.86666666666667,44.79583333333333
2026-05-17 21:00:00,12.0,28.8,59,948.8,8.4,152,0.0,21,6,5,12.0,40.8,71.7,84.6,22.0,35.2,43.550000000000004,55.06666666666666,44.79583333333333
2026-05-17 22:00:00,12.0,28.2,65,949.1,5.4,194,0.0,22,6,5,12.0,33.4,65.2,88.0,21.0,15.8,33.6,49.01666666666667,44.37916666666666
2026-05-17 23:00:00,16.1,27.8,68,949.3,5.2,196,0.0,23,6,5,12.0,12.0,38.2,40.7,12.0,12.0,24.733333333333334,42.68333333333334,44.00416666666666
2026-05-18 00:00:00,24.6,27.9,67,950.2,4.9,213,0.0,0,0,5,16.1,12.0,40.8,50.5,19.1,15.0,21.05,40.63333333333333,44.175000000000004
2026-05-18 01:00:00,12.0,27.9,67,950.5,2.5,201,0.0,1,0,5,24.6,12.0,33.4,56.4,13.3,28.9,18.349999999999998,38.475,44.40416666666667
2026-05-18 02:00:00,22.0,29.1,62,951.4,2.4,228,0.0,2,0,5,12.0,16.1,12.0,79.3,20.7,12.0,14.783333333333331,34.775,44.35
2026-05-18 03:00:00,36.2,30.9,53,952.0,2.8,235,0.0,3,0,5,22.0,24.6,12.0,71.7,35.2,45.0,16.45,30.0,44.40416666666667
2026-05-18 04:00:00,42.5,32.7,45,952.4,3.8,229,0.0,4,0,5,36.2,12.0,12.0,65.2,41.2,47.0,20.483333333333334,27.041666666666668,44.44583333333333
2026-05-18 05:00:00,45.8,34.4,39,952.3,4.3,222,0.0,5,0,5,42.5,22.0,16.1,38.2,51.0,76.9,25.566666666666666,25.149999999999995,44.5
2026-05-18 06:00:00,45.4,35.4,37,951.9,4.6,191,0.0,6,0,5,45.8,36.2,24.6,40.8,59.7,61.5,30.516666666666666,25.78333333333333,44.28333333333333
2026-05-18 07:00:00,63.9,36.3,33,951.2,4.3,163,0.1,7,0,5,45.4,42.5,12.0,33.4,49.5,75.4,33.983333333333334,26.166666666666668,43.6875
2026-05-18 08:00:00,73.2,36.5,32,950.5,5.9,140,0.4,8,0,5,63.9,45.8,22.0,12.0,69.6,40.8,42.63333333333333,28.708333333333332,44.2875
2026-05-18 09:00:00,82.0,36.6,32,949.7,5.4,132,0.1,9,0,5,73.2,45.4,36.2,12.0,84.6,107.1,51.166666666666664,33.80833333333333,44.4375
2026-05-18 10:00:00,88.3,36.7,31,949.3,4.4,120,0.0,10,0,5,82.0,63.9,42.5,12.0,88.0,82.5,58.800000000000004,39.641666666666666,44.32916666666667
2026-05-18 11:00:00,76.3,36.6,31,948.8,4.3,114,0.0,11,0,5,88.3,73.2,45.8,16.1,40.7,67.8,66.43333333333334,46.0,44.34166666666667
2026-05-18 12:00:00,55.5,36.2,31,948.3,13.2,100,0.0,12,0,5,76.3,82.0,45.4,24.6,50.5,63.3,71.51666666666667,51.01666666666666,45.824999999999996
2026-05-18 13:00:00,59.8,35.0,34,949.3,12.5,110,0.0,13,0,5,55.5,88.3,63.9,12.0,56.4,59.3,73.2,53.59166666666666,46.03333333333333
2026-05-18 14:00:00,56.8,34.4,36,950.0,10.5,117,0.0,14,0,5,59.8,76.3,73.2,22.0,79.3,56.3,72.51666666666667,57.574999999999996,46.175000000000004
2026-05-18 15:00:00,39.6,33.7,40,950.9,9.0,127,0.0,15,0,5,56.8,55.5,82.0,36.2,71.7,53.8,69.78333333333333,60.474999999999994,45.23749999999999
2026-05-18 16:00:00,54.8,33.0,43,951.5,8.6,129,0.0,16,0,5,39.6,59.8,88.3,42.5,65.2,38.4,62.71666666666667,60.75833333333333,43.9
2026-05-18 17:00:00,38.3,32.4,45,951.7,8.0,138,0.0,17,0,5,54.8,56.8,76.3,45.8,38.2,82.1,57.133333333333326,61.78333333333333,43.46666666666666
2026-05-18 18:00:00,57.7,31.6,48,950.9,7.9,164,0.0,18,0,5,38.3,39.6,55.5,45.4,40.8,45.1,50.800000000000004,61.15833333333333,43.47083333333333
2026-05-18 19:00:00,45.2,31.0,50,949.9,8.8,157,0.0,19,0,5,57.7,54.8,59.8,63.9,33.4,31.4,51.166666666666664,62.18333333333333,44.175000000000004
2026-05-18 20:00:00,12.0,30.2,55,949.4,8.3,141,0.0,20,0,5,45.2,38.3,56.8,73.2,12.0,12.0,48.73333333333333,60.625,44.666666666666664
2026-05-18 21:00:00,23.3,29.4,62,949.2,7.7,143,0.0,21,0,5,12.0,57.7,39.6,82.0,12.0,22.0,41.266666666666666,55.525,44.666666666666664
2026-05-18 22:00:00,17.5,28.9,66,949.2,6.2,154,0.0,22,0,5,23.3,45.2,54.8,88.3,12.0,21.0,38.550000000000004,50.633333333333326,45.137499999999996
2026-05-18 23:00:00,12.0,28.5,68,949.5,4.2,160,0.0,23,0,5,17.5,12.0,38.3,76.3,16.1,12.0,32.333333333333336,44.73333333333333,45.36666666666667
2026-05-19 00:00:00,32.1,28.0,71,949.9,7.1,221,0.0,0,1,5,12.0,23.3,57.7,55.5,24.6,19.1,27.950000000000003,39.375,45.19583333333333
2026-05-19 01:00:00,25.2,28.1,71,950.8,9.1,231,0.0,1,1,5,32.1,17.5,45.2,59.8,12.0,13.3,23.683333333333334,37.425000000000004,45.508333333333326
2026-05-19 02:00:00,12.0,29.1,67,951.6,8.4,239,0.0,2,1,5,25.2,12.0,12.0,56.8,22.0,20.7,20.35,34.541666666666664,46.05833333333333
2026-05-19 03:00:00,19.3,30.8,58,952.2,9.4,250,0.0,3,1,5,12.0,32.1,23.3,39.6,36.2,35.2,20.349999999999998,30.808333333333334,45.64166666666666
2026-05-19 04:00:00,35.1,32.8,48,952.4,9.4,253,0.0,4,1,5,19.3,25.2,17.5,54.8,42.5,41.2,19.683333333333334,29.116666666666664,44.9375
2026-05-19 05:00:00,15.1,34.8,40,952.3,8.7,253,0.0,5,1,5,35.1,12.0,12.0,38.3,45.8,51.0,22.616666666666664,27.475000000000005,44.62916666666667
2026-05-19 06:00:00,27.9,35.7,38,952.2,7.3,242,0.0,6,1,5,15.1,19.3,32.1,57.7,45.4,59.7,23.13333333333333,25.541666666666668,43.349999999999994
2026-05-19 07:00:00,62.5,36.8,34,951.3,7.0,238,0.0,7,1,5,27.9,35.1,25.2,45.2,63.9,49.5,22.433333333333334,23.058333333333334,42.62083333333334
2026-05-19 08:00:00,84.8,37.5,32,950.6,7.2,238,0.0,8,1,5,62.5,15.1,12.0,12.0,73.2,69.6,28.650000000000002,24.5,42.5625
2026-05-19 09:00:00,74.9,37.8,31,949.7,6.6,248,0.0,9,1,5,84.8,27.9,19.3,23.3,82.0,84.6,40.78333333333333,30.566666666666666,43.04583333333333
2026-05-19 10:00:00,69.1,37.9,29,949.0,6.1,238,0.1,10,1,5,74.9,62.5,35.1,17.5,88.3,88.0,50.04999999999999,34.86666666666667,42.75
2026-05-19 11:00:00,64.5,37.5,30,948.3,7.3,242,0.0,11,1,5,69.1,84.8,15.1,12.0,76.3,40.7,55.71666666666667,39.166666666666664,41.949999999999996
2026-05-19 12:00:00,60.5,37.5,28,948.4,7.3,254,0.0,12,1,5,64.5,74.9,27.9,32.1,55.5,50.5,63.949999999999996,43.541666666666664,41.458333333333336
2026-05-19 13:00:00,73.4,36.7,29,949.1,7.0,252,0.0,13,1,5,60.5,69.1,62.5,25.2,59.8,56.4,69.38333333333334,45.90833333333333,41.666666666666664
2026-05-19 14:00:00,47.2,35.7,31,949.8,11.3,245,0.2,14,1,5,73.4,64.5,84.8,12.0,56.8,79.3,71.2,49.925000000000004,42.233333333333334
2026-05-19 15:00:00,51.0,34.6,36,950.4,10.7,245,0.0,15,1,5,47.2,60.5,74.9,19.3,39.6,71.7,64.93333333333334,52.85833333333334,41.833333333333336
2026-05-19 16:00:00,49.9,33.8,39,950.9,7.6,234,0.0,16,1,5,51.0,73.4,69.1,35.1,54.8,65.2,60.95000000000001,55.5,42.30833333333333
2026-05-19 17:00:00,47.3,32.9,42,951.3,8.2,238,0.0,17,1,5,49.9,47.2,64.5,15.1,38.3,38.2,57.75,56.73333333333333,42.104166666666664
2026-05-19 18:00:00,49.6,32.1,45,950.8,7.2,243,0.0,18,1,5,47.3,51.0,60.5,27.9,57.7,40.8,54.88333333333333,59.416666666666664,42.479166666666664
2026-05-19 19:00:00,25.1,31.1,48,950.3,10.1,245,0.0,19,1,5,49.6,49.9,73.4,62.5,45.2,33.4,53.06666666666666,61.224999999999994,42.141666666666666
2026-05-19 20:00:00,34.4,30.4,50,949.7,9.8,252,0.0,20,1,5,25.1,47.3,47.2,84.8,12.0,12.0,45.01666666666667,58.10833333333333,41.30416666666667
2026-05-19 21:00:00,21.4,29.6,56,949.2,10.5,263,0.0,21,1,5,34.4,49.6,51.0,74.9,23.3,12.0,42.88333333333333,53.90833333333333,42.2375
2026-05-19 22:00:00,12.0,29.1,61,949.1,10.9,262,0.0,22,1,5,21.4,25.1,49.9,69.1,17.5,12.0,37.95,49.449999999999996,42.15833333333333
2026-05-19 23:00:00,20.8,28.7,63,949.5,9.0,265,0.0,23,1,5,12.0,34.4,47.3,64.5,12.0,16.1,31.633333333333336,44.69166666666666,41.92916666666667
2026-05-20 00:00:00,12.0,28.2,66,949.7,11.2,260,0.0,0,2,5,20.8,21.4,49.6,60.5,32.1,24.6,27.216666666666665,41.050000000000004,42.295833333333334
2026-05-20 01:00:00,12.0,28.3,65,950.4,11.0,268,0.0,1,2,5,12.0,12.0,25.1,73.4,25.2,12.0,20.95,37.00833333333333,41.458333333333336
2026-05-20 02:00:00,12.0,29.6,60,951.3,11.7,268,0.0,2,2,5,12.0,20.8,34.4,47.2,12.0,22.0,18.766666666666666,31.89166666666667,40.90833333333334
2026-05-20 03:00:00,18.8,31.6,53,951.7,11.9,274,0.0,3,2,5,12.0,12.0,21.4,51.0,19.3,36.2,15.033333333333333,28.958333333333332,40.90833333333334
2026-05-20 04:00:00,12.0,33.8,44,951.9,12.4,280,0.0,4,2,5,18.8,12.0,12.0,49.9,35.1,42.5,14.600000000000001,26.274999999999995,40.887499999999996
2026-05-20 05:00:00,40.0,36.0,37,951.9,11.9,285,0.0,5,2,5,12.0,12.0,20.8,47.3,15.1,45.8,14.6,23.116666666666664,39.925
2026-05-20 06:00:00,31.8,36.3,35,951.5,11.9,285,0.0,6,2,5,40.0,18.8,12.0,49.6,27.9,45.4,17.8,22.508333333333336,40.9625
2026-05-20 07:00:00,29.8,37.7,30,950.9,11.4,286,0.0,7,2,5,31.8,12.0,12.0,25.1,62.5,63.9,21.099999999999998,21.025000000000002,41.125
2026-05-20 08:00:00,49.9,38.4,28,950.2,10.7,277,0.0,8,2,5,29.8,40.0,12.0,34.4,84.8,73.2,24.066666666666666,21.416666666666668,39.762499999999996
2026-05-20 09:00:00,71.7,38.5,28,949.4,8.7,266,0.2,9,2,5,49.9,31.8,18.8,21.4,74.9,82.0,30.383333333333336,22.708333333333332,38.30833333333333
2026-05-20 10:00:00,75.9,37.9,28,948.9,8.2,255,0.1,10,2,5,71.7,29.8,12.0,12.0,69.1,88.3,39.199999999999996,26.900000000000002,38.175000000000004
2026-05-20 11:00:00,78.2,37.9,27,948.6,9.0,267,0.0,11,2,5,75.9,49.9,40.0,20.8,64.5,76.3,49.85,32.225,38.458333333333336
2026-05-20 12:00:00,76.2,38.2,25,948.4,8.0,242,0.0,12,2,5,78.2,71.7,31.8,12.0,60.5,55.5,56.21666666666667,37.00833333333333,39.02916666666667
2026-05-20 13:00:00,50.9,37.2,27,948.8,10.8,233,0.0,13,2,5,76.2,75.9,29.8,12.0,73.4,59.8,63.61666666666667,42.358333333333334,39.68333333333333
2026-05-20 14:00:00,65.5,36.0,31,949.4,11.3,222,0.0,14,2,5,50.9,78.2,49.9,12.0,47.2,56.8,67.13333333333334,45.6,38.74583333333334
2026-05-20 15:00:00,51.1,35.1,34,949.8,10.7,225,0.0,15,2,5,65.5,76.2,71.7,18.8,51.0,39.6,69.73333333333333,50.05833333333334,39.50833333333333
2026-05-20 16:00:00,34.8,34.0,36,950.3,11.7,253,0.0,16,2,5,51.1,50.9,75.9,12.0,49.9,54.8,66.3,52.75,39.512499999999996
2026-05-20 17:00:00,40.7,32.9,38,950.3,10.8,244,0.0,17,2,5,34.8,65.5,78.2,40.0,47.3,38.3,59.449999999999996,54.650000000000006,38.88333333333333
2026-05-20 18:00:00,38.8,32.5,39,949.7,11.0,256,0.0,18,2,5,40.7,51.1,76.2,31.8,49.6,57.7,53.199999999999996,54.708333333333336,38.608333333333334
2026-05-20 19:00:00,12.0,32.1,42,949.3,11.1,256,0.0,19,2,5,38.8,34.8,50.9,29.8,25.1,45.2,46.96666666666667,55.291666666666664,38.15833333333334
2026-05-20 20:00:00,20.7,31.6,44,948.9,13.3,260,0.0,20,2,5,12.0,40.7,65.5,49.9,34.4,12.0,40.483333333333334,53.80833333333334,37.612500000000004
2026-05-20 21:00:00,26.5,31.0,47,948.8,13.0,268,0.0,21,2,5,20.7,38.8,51.1,71.7,21.4,23.3,33.016666666666666,51.375,37.041666666666664
2026-05-20 22:00:00,12.0,30.4,49,949.2,12.8,272,0.0,22,2,5,26.5,12.0,34.8,75.9,12.0,17.5,28.916666666666668,47.60833333333333,37.25416666666667
2026-05-20 23:00:00,12.5,30.0,51,949.8,12.4,272,0.0,23,2,5,12.0,20.7,40.7,78.2,20.8,12.0,25.116666666666664,42.28333333333334,37.25416666666667
2026-05-21 00:00:00,12.0,29.4,54,950.2,11.9,272,0.0,0,3,5,12.5,26.5,38.8,76.2,12.0,32.1,20.416666666666668,36.80833333333334,36.90833333333333
2026-05-21 01:00:00,12.0,29.3,56,950.7,11.7,271,0.0,1,3,5,12.0,12.0,12.0,50.9,12.0,25.2,15.949999999999998,31.458333333333332,36.90833333333333
2026-05-21 02:00:00,12.0,30.6,52,951.7,13.0,276,0.0,2,3,5,12.0,12.5,20.7,65.5,12.0,12.0,15.949999999999998,28.21666666666667,36.90833333333333
2026-05-21 03:00:00,12.0,32.5,46,952.2,13.4,285,0.0,3,3,5,12.0,12.0,26.5,51.1,18.8,19.3,14.5,23.758333333333336,36.90833333333333
2026-05-21 04:00:00,15.3,34.5,40,952.4,12.6,294,0.0,4,3,5,12.0,12.0,12.0,34.8,12.0,35.1,12.083333333333334,20.5,36.625
2026-05-21 05:00:00,23.5,36.5,34,952.2,11.7,304,0.0,5,3,5,15.3,12.0,12.5,40.7,40.0,15.1,12.633333333333335,18.875,36.7625
2026-05-21 06:00:00,59.6,37.9,30,951.8,10.8,316,0.0,6,3,5,23.5,12.0,12.0,38.8,31.8,27.9,14.466666666666669,17.441666666666666,36.075
2026-05-21 07:00:00,72.3,39.0,26,951.0,9.5,323,0.0,7,3,5,59.6,15.3,12.0,12.0,29.8,62.5,22.400000000000002,19.175,37.23333333333333
2026-05-21 08:00:00,58.2,39.6,23,950.2,8.0,326,0.0,8,3,5,72.3,23.5,12.0,20.7,49.9,84.8,32.449999999999996,24.2,39.00416666666667
2026-05-21 09:00:00,63.2,40.0,21,949.2,6.8,335,0.0,9,3,5,58.2,59.6,12.0,26.5,71.7,74.9,40.15,27.325,39.35
2026-05-21 10:00:00,67.8,40.0,22,948.8,7.7,344,0.0,10,3,5,63.2,72.3,15.3,12.0,75.9,69.1,48.68333333333334,30.383333333333336,38.99583333333333
2026-05-21 11:00:00,67.5,39.1,24,948.7,10.4,352,0.0,11,3,5,67.8,58.2,23.5,12.5,78.2,64.5,57.43333333333334,35.03333333333333,38.65833333333333
2026-05-21 12:00:00,71.5,40.0,20,948.2,5.4,334,0.0,12,3,5,67.5,63.2,59.6,12.0,76.2,60.5,64.76666666666667,39.61666666666667,38.2125
2026-05-21 13:00:00,62.0,39.2,21,948.6,4.9,332,0.0,13,3,5,71.5,67.8,72.3,12.0,50.9,73.4,66.75,44.574999999999996,38.01666666666667
2026-05-21 14:00:00,81.4,37.9,23,949.4,4.0,273,0.0,14,3,5,62.0,67.5,58.2,12.0,65.5,47.2,65.03333333333335,48.74166666666667,38.479166666666664
2026-05-21 15:00:00,94.1,36.9,26,950.2,4.5,254,0.0,15,3,5,81.4,71.5,63.2,12.0,51.1,51.0,68.89999999999999,54.525,39.141666666666666
2026-05-21 16:00:00,57.6,34.9,32,950.7,10.3,230,0.0,16,3,5,94.1,62.0,67.8,15.3,34.8,49.9,74.05,61.36666666666667,40.93333333333334
2026-05-21 17:00:00,49.2,33.5,39,951.1,10.4,262,0.0,17,3,5,57.6,81.4,67.5,23.5,40.7,47.3,72.35000000000001,64.89166666666667,41.88333333333333
2026-05-21 18:00:00,52.3,32.5,43,950.4,8.5,238,0.0,18,3,5,49.2,94.1,71.5,59.6,38.8,49.6,69.3,67.03333333333335,42.237500000000004
2026-05-21 19:00:00,15.5,32.0,44,950.1,10.7,235,0.0,19,3,5,52.3,57.6,62.0,72.3,12.0,25.1,66.1,66.425,42.800000000000004
2026-05-21 20:00:00,12.0,31.7,45,949.9,12.8,259,0.0,20,3,5,15.5,49.2,81.4,58.2,20.7,34.4,58.35,61.69166666666666,42.94583333333333
2026-05-21 21:00:00,12.0,31.1,50,949.7,13.6,259,0.0,21,3,5,12.0,52.3,94.1,63.2,26.5,21.4,46.78333333333333,57.84166666666667,42.583333333333336
2026-05-21 22:00:00,12.0,30.7,53,950.2,14.4,271,0.0,22,3,5,12.0,15.5,57.6,67.8,12.0,12.0,33.1,53.574999999999996,41.979166666666664
2026-05-21 23:00:00,12.0,30.3,56,950.7,15.5,273,0.0,23,3,5,12.0,12.0,49.2,67.5,12.5,20.8,25.5,48.925000000000004,41.979166666666664
2026-05-22 00:00:00,12.0,29.6,60,951.4,16.0,270,0.0,0,4,5,12.0,12.0,52.3,71.5,12.0,12.0,19.299999999999997,44.300000000000004,41.958333333333336
2026-05-22 01:00:00,12.0,29.3,63,951.9,17.1,268,0.0,1,4,5,12.0,12.0,15.5,62.0,12.0,12.0,12.583333333333334,39.34166666666667,41.958333333333336
2026-05-22 02:00:00,12.0,29.8,63,952.9,18.5,264,0.0,2,4,5,12.0,12.0,12.0,81.4,12.0,12.0,12.0,35.175000000000004,41.958333333333336
2026-05-22 03:00:00,12.0,30.7,60,953.7,19.5,266,0.0,3,4,5,12.0,12.0,12.0,94.1,12.0,18.8,12.0,29.391666666666666,41.958333333333336
2026-05-22 04:00:00,12.0,32.5,53,954.0,19.3,269,0.0,4,4,5,12.0,12.0,12.0,57.6,15.3,12.0,12.0,22.55,41.958333333333336
2026-05-22 05:00:00,12.0,34.4,46,954.0,18.2,279,0.0,5,4,5,12.0,12.0,12.0,49.2,23.5,40.0,12.0,18.75,41.82083333333333
2026-05-22 06:00:00,25.2,33.3,47,954.0,18.9,280,0.0,6,4,5,12.0,12.0,12.0,52.3,59.6,31.8,12.0,15.649999999999999,41.34166666666666
2026-05-22 07:00:00,19.2,34.0,44,953.2,17.7,285,0.0,7,4,5,25.2,12.0,12.0,15.5,72.3,29.8,14.200000000000001,13.391666666666667,39.90833333333333
2026-05-22 08:00:00,51.2,36.1,38,952.4,16.8,289,0.0,8,4,5,19.2,12.0,12.0,12.0,58.2,49.9,15.4,13.700000000000001,37.69583333333333
2026-05-22 09:00:00,64.4,36.4,38,951.5,15.7,294,0.0,9,4,5,51.2,25.2,12.0,12.0,63.2,71.7,21.933333333333334,16.96666666666667,37.40416666666666
2026-05-22 10:00:00,50.2,36.4,38,951.3,14.9,292,0.1,10,4,5,64.4,19.2,12.0,12.0,67.8,75.9,30.666666666666668,21.333333333333332,37.454166666666666
2026-05-22 11:00:00,44.0,36.0,39,951.1,11.9,295,0.1,11,4,5,50.2,51.2,12.0,12.0,67.5,78.2,37.03333333333333,24.51666666666667,36.72083333333333
2026-05-22 12:00:00,71.3,36.8,29,951.2,10.6,270,0.0,12,4,5,44.0,64.4,25.2,12.0,71.5,76.2,42.36666666666667,27.183333333333337,35.74166666666667
2026-05-22 13:00:00,41.8,34.3,41,951.2,15.1,250,0.0,13,4,5,71.3,50.2,19.2,12.0,62.0,50.9,50.050000000000004,32.125,35.73333333333333
2026-05-22 14:00:00,57.9,33.6,44,951.6,13.3,251,0.0,14,4,5,41.8,44.0,51.2,12.0,81.4,65.5,53.81666666666667,34.608333333333334,34.891666666666666
2026-05-22 15:00:00,44.7,32.8,44,952.5,13.5,249,0.0,15,4,5,57.9,71.3,64.4,12.0,94.1,51.1,54.93333333333333,38.43333333333333,33.9125
2026-05-22 16:00:00,33.2,32.2,45,952.8,13.4,259,0.0,16,4,5,44.7,41.8,50.2,12.0,57.6,34.8,51.65,41.15833333333334,31.854166666666668
2026-05-22 17:00:00,13.3,31.5,45,953.0,14.2,252,0.0,17,4,5,33.2,57.9,44.0,12.0,49.2,40.7,48.81666666666667,42.925000000000004,30.837500000000002
2026-05-22 18:00:00,12.0,31.5,48,952.7,15.5,265,0.0,18,4,5,13.3,44.7,71.3,25.2,52.3,38.8,43.699999999999996,43.03333333333333,29.34166666666667
2026-05-22 19:00:00,16.0,30.6,53,952.0,13.9,268,0.0,19,4,5,12.0,33.2,41.8,19.2,15.5,12.0,33.81666666666667,41.93333333333334,27.662500000000005
2026-05-22 20:00:00,12.0,30.2,56,951.4,14.2,274,0.0,20,4,5,16.0,13.3,57.9,51.2,12.0,20.7,29.51666666666667,41.666666666666664,27.683333333333337
2026-05-22 21:00:00,12.0,29.7,60,951.3,14.4,282,0.0,21,4,5,12.0,12.0,44.7,64.4,12.0,26.5,21.86666666666667,38.4,27.683333333333337
2026-05-22 22:00:00,12.0,29.5,61,951.4,14.9,282,0.0,22,4,5,12.0,16.0,33.2,50.2,12.0,12.0,16.416666666666668,34.03333333333334,27.683333333333337
2026-05-22 23:00:00,12.0,29.2,61,951.7,15.9,282,0.0,23,4,5,12.0,12.0,13.3,44.0,12.0,12.5,12.883333333333335,30.850000000000005,27.683333333333337
2026-05-23 00:00:00,12.0,28.0,62,952.6,13.1,283,0.0,0,5,5,12.0,12.0,12.0,71.3,12.0,12.0,12.666666666666666,28.183333333333337,27.683333333333337
2026-05-23 01:00:00,16.9,28.2,63,953.0,13.0,280,0.0,1,5,5,12.0,12.0,16.0,41.8,12.0,12.0,12.666666666666666,23.24166666666667,27.683333333333337
2026-05-23 02:00:00,12.0,29.4,61,953.9,16.2,282,0.0,2,5,5,16.9,12.0,12.0,57.9,12.0,12.0,12.816666666666665,21.166666666666668,27.887500000000003
2026-05-23 03:00:00,12.0,31.0,56,954.2,17.4,288,0.0,3,5,5,12.0,12.0,12.0,44.7,12.0,12.0,12.816666666666665,17.341666666666665,27.887500000000003
2026-05-23 04:00:00,12.0,32.8,50,954.5,17.7,295,0.0,4,5,5,12.0,16.9,12.0,33.2,12.0,15.3,12.816666666666665,14.616666666666667,27.887500000000003
2026-05-23 05:00:00,12.0,34.7,43,954.6,17.2,303,0.0,5,5,5,12.0,12.0,12.0,13.3,12.0,23.5,12.816666666666665,12.85,27.887500000000003
2026-05-23 06:00:00,27.1,36.3,37,954.2,15.3,312,0.0,6,5,5,12.0,12.0,12.0,12.0,25.2,59.6,12.816666666666665,12.741666666666667,27.887500000000003
2026-05-23 07:00:00,59.2,36.8,33,953.2,14.3,320,0.0,7,5,5,27.1,12.0,16.9,16.0,19.2,72.3,15.333333333333334,14.0,27.96666666666667
2026-05-23 08:00:00,29.3,37.2,31,952.4,14.1,335,0.0,8,5,5,59.2,12.0,12.0,12.0,51.2,58.2,22.383333333333336,17.6,29.63333333333333
2026-05-23 09:00:00,54.9,35.8,35,952.0,11.9,319,0.8,9,5,5,29.3,27.1,12.0,12.0,64.4,63.2,25.26666666666667,19.041666666666668,28.720833333333335
2026-05-23 10:00:00,64.1,36.4,34,951.7,11.8,327,0.0,10,5,5,54.9,59.2,12.0,12.0,50.2,67.8,32.416666666666664,22.61666666666667,28.325000000000003
2026-05-23 11:00:00,48.3,36.6,30,951.3,13.6,349,0.0,11,5,5,64.1,29.3,12.0,12.0,44.0,67.5,41.1,26.958333333333332,28.90416666666667
2026-05-23 12:00:00,68.1,37.0,28,951.1,10.8,2,0.0,12,5,5,48.3,54.9,27.1,12.0,71.3,71.5,47.15,29.983333333333334,29.083333333333332
2026-05-23 13:00:00,83.3,36.5,28,951.2,4.9,10,0.0,13,5,5,68.1,64.1,59.2,16.9,41.8,62.0,53.98333333333333,34.65833333333333,28.950000000000003
2026-05-23 14:00:00,84.2,35.5,30,951.6,6.3,263,0.0,14,5,5,83.3,48.3,29.3,12.0,57.9,81.4,57.99999999999999,40.19166666666666,30.679166666666664
2026-05-23 15:00:00,51.8,34.2,36,952.1,9.0,267,0.0,15,5,5,84.2,68.1,54.9,12.0,44.7,94.1,67.14999999999999,46.208333333333336,31.775000000000002
2026-05-23 16:00:00,35.9,32.5,42,952.9,11.1,250,0.0,16,5,5,51.8,83.3,64.1,12.0,33.2,57.6,66.63333333333333,49.525,32.07083333333333
2026-05-23 17:00:00,36.4,30.8,50,953.2,12.5,245,0.0,17,5,5,35.9,84.2,48.3,12.0,13.3,49.2,61.93333333333334,51.51666666666666,32.18333333333333
2026-05-23 18:00:00,18.6,30.5,52,952.9,9.5,255,0.0,18,5,5,36.4,51.8,68.1,27.1,12.0,52.3,59.949999999999996,53.54999999999999,33.145833333333336
2026-05-23 19:00:00,12.0,29.8,52,952.6,13.0,252,0.0,19,5,5,18.6,35.9,83.3,59.2,16.0,15.5,51.70000000000001,52.84166666666666,33.42083333333333
2026-05-23 20:00:00,12.0,28.6,60,952.3,13.3,249,0.0,20,5,5,12.0,36.4,84.2,29.3,12.0,12.0,39.81666666666667,48.90833333333333,33.25416666666666
2026-05-23 21:00:00,13.4,28.3,64,951.9,12.7,255,0.0,21,5,5,12.0,18.6,51.8,54.9,12.0,12.0,27.78333333333333,47.46666666666666,33.25416666666666
2026-05-23 22:00:00,12.0,28.3,64,951.8,12.9,261,0.0,22,5,5,13.4,12.0,35.9,64.1,12.0,12.0,21.383333333333336,44.00833333333333,33.3125
2026-05-23 23:00:00,14.0,27.9,64,952.2,13.3,271,0.0,23,5,5,12.0,12.0,36.4,48.3,12.0,12.0,17.4,39.666666666666664,33.3125
2026-05-24 00:00:00,12.0,26.5,70,952.8,15.3,272,0.0,0,6,5,14.0,13.4,18.6,68.1,12.0,12.0,13.666666666666666,36.80833333333333,33.395833333333336
2026-05-24 01:00:00,12.0,26.5,72,953.4,16.0,273,0.0,1,6,5,12.0,12.0,12.0,83.3,16.9,12.0,12.566666666666668,32.13333333333333,33.395833333333336
2026-05-24 02:00:00,12.0,27.5,70,954.0,16.3,276,0.0,2,6,5,12.0,14.0,12.0,84.2,12.0,12.0,12.566666666666668,26.191666666666666,33.19166666666667
2026-05-24 03:00:00,12.0,29.3,63,954.4,17.1,285,0.0,3,6,5,12.0,12.0,13.4,51.8,12.0,12.0,12.566666666666668,20.175,33.19166666666667
2026-05-24 04:00:00,12.0,31.3,57,954.7,17.9,294,0.0,4,6,5,12.0,12.0,12.0,35.9,12.0,12.0,12.333333333333334,16.858333333333334,33.19166666666667
2026-05-24 05:00:00,20.6,33.5,48,954.9,18.4,302,0.0,5,6,5,12.0,12.0,14.0,36.4,12.0,12.0,12.333333333333334,14.866666666666667,33.19166666666667
2026-05-24 06:00:00,12.2,34.5,45,954.7,16.6,307,0.0,6,6,5,20.6,12.0,12.0,18.6,27.1,25.2,13.433333333333332,13.549999999999999,33.55
2026-05-24 07:00:00,39.7,35.5,41,954.0,15.8,311,0.0,7,6,5,12.2,12.0,12.0,12.0,59.2,19.2,13.466666666666667,13.016666666666667,32.92916666666667
2026-05-24 08:00:00,44.0,36.8,35,952.9,14.8,317,0.0,8,6,5,39.7,20.6,12.0,12.0,29.3,51.2,18.083333333333332,15.325000000000001,32.11666666666667
2026-05-24 09:00:00,50.6,37.5,29,951.7,14.0,323,0.0,9,6,5,44.0,12.2,12.0,13.4,54.9,64.4,23.416666666666668,17.991666666666667,32.729166666666664
2026-05-24 10:00:00,65.6,37.7,23,951.3,14.1,325,0.0,10,6,5,50.6,39.7,12.0,12.0,64.1,50.2,29.849999999999998,21.091666666666665,32.55
2026-05-24 11:00:00,72.0,37.0,23,950.9,13.3,319,0.0,11,6,5,65.6,44.0,20.6,14.0,48.3,44.0,38.78333333333333,25.558333333333334,32.6125
2026-05-24 12:00:00,45.6,37.6,25,950.8,11.7,315,0.0,12,6,5,72.0,50.6,12.2,12.0,68.1,71.3,47.35,30.391666666666666,33.6
2026-05-24 13:00:00,58.6,36.8,27,951.4,10.2,302,0.0,13,6,5,45.6,65.6,39.7,12.0,83.3,41.8,52.916666666666664,33.19166666666667,32.6625
2026-05-24 14:00:00,50.5,35.8,29,951.8,9.9,285,0.0,14,6,5,58.6,72.0,44.0,12.0,84.2,57.9,56.06666666666666,37.074999999999996,31.633333333333336
2026-05-24 15:00:00,63.8,34.1,34,952.2,11.5,270,0.0,15,6,5,50.5,45.6,50.6,12.0,51.8,44.7,57.15,40.28333333333333,30.229166666666668
2026-05-24 16:00:00,42.5,33.4,36,952.3,12.1,276,0.0,16,6,5,63.8,58.6,65.6,12.0,35.9,33.2,59.35,44.6,30.729166666666668
2026-05-24 17:00:00,42.8,33.0,35,952.5,11.2,274,0.0,17,6,5,42.5,50.5,72.0,20.6,36.4,13.3,55.5,47.14166666666667,31.004166666666666
2026-05-24 18:00:00,44.7,32.3,37,952.3,12.6,271,0.0,18,6,5,42.8,63.8,45.6,12.2,18.6,12.0,50.633333333333326,48.99166666666667,31.270833333333332
2026-05-24 19:00:00,17.2,31.4,41,951.8,13.7,272,0.0,19,6,5,44.7,42.5,58.6,39.7,12.0,16.0,50.48333333333333,51.70000000000001,32.358333333333334
2026-05-24 20:00:00,12.0,30.6,44,951.3,13.7,273,0.0,20,6,5,17.2,42.8,50.5,44.0,12.0,12.0,43.583333333333336,49.824999999999996,32.575
2026-05-24 21:00:00,12.0,30.0,47,950.8,14.2,279,0.0,21,6,5,12.0,44.7,63.8,50.6,13.4,12.0,37.166666666666664,47.15833333333333,32.575
2026-05-24 22:00:00,12.0,29.5,48,951.2,14.2,282,0.0,22,6,5,12.0,17.2,42.5,65.6,12.0,12.0,28.53333333333333,43.94166666666666,32.516666666666666
2026-05-24 23:00:00,12.0,29.1,50,951.4,14.7,287,0.0,23,6,5,12.0,12.0,42.8,72.0,14.0,12.0,23.45,39.475,32.516666666666666
2026-05-25 00:00:00,12.0,29.1,55,951.9,14.7,303,0.0,0,0,5,12.0,12.0,44.7,45.6,12.0,12.0,18.316666666666666,34.475,32.43333333333333
2026-05-25 01:00:00,12.0,29.3,54,952.4,10.8,300,0.0,1,0,5,12.0,12.0,17.2,58.6,12.0,16.9,12.866666666666667,31.674999999999997,32.43333333333333
2026-05-25 02:00:00,12.0,30.3,51,953.1,12.5,307,0.0,2,0,5,12.0,12.0,12.0,50.5,12.0,12.0,12.0,27.791666666666668,32.43333333333333
2026-05-25 03:00:00,21.8,32.0,47,954.0,13.3,310,0.0,3,0,5,12.0,12.0,12.0,63.8,12.0,12.0,12.0,24.583333333333332,32.43333333333333
2026-05-25 04:00:00,12.0,33.7,42,954.2,12.7,309,0.0,4,0,5,21.8,12.0,12.0,42.5,12.0,12.0,13.633333333333333,21.083333333333332,32.84166666666666
2026-05-25 05:00:00,31.8,35.6,36,954.4,12.2,311,0.0,5,0,5,12.0,12.0,12.0,42.8,20.6,12.0,13.633333333333333,18.541666666666668,32.84166666666666
2026-05-25 06:00:00,43.9,36.4,33,953.8,11.3,314,0.0,6,0,5,31.8,21.8,12.0,44.7,12.2,27.1,16.933333333333334,17.625,33.30833333333333
2026-05-25 07:00:00,74.9,36.9,31,953.2,4.8,245,0.7,7,0,5,43.9,12.0,12.0,17.2,39.7,59.2,22.25,17.558333333333334,34.62916666666667
2026-05-25 08:00:00,58.1,37.1,30,952.1,10.2,246,0.2,8,0,5,74.9,31.8,12.0,12.0,44.0,29.3,32.733333333333334,22.36666666666667,36.09583333333334
2026-05-25 09:00:00,54.9,36.3,34,951.4,12.5,262,0.4,9,0,5,58.1,43.9,21.8,12.0,50.6,54.9,40.416666666666664,26.208333333333332,36.68333333333333
2026-05-25 10:00:00,84.9,36.0,33,951.2,9.5,351,0.2,10,0,5,54.9,74.9,12.0,12.0,65.6,64.1,45.93333333333334,29.783333333333335,36.862500000000004
2026-05-25 11:00:00,83.8,35.7,34,950.6,8.0,316,0.2,11,0,5,84.9,58.1,31.8,12.0,72.0,48.3,58.083333333333336,35.858333333333334,37.666666666666664
2026-05-25 12:00:00,67.5,35.1,33,950.3,9.9,189,0.0,12,0,5,83.8,54.9,43.9,12.0,45.6,68.1,66.75,41.84166666666667,38.15833333333333
2026-05-25 13:00:00,62.7,35.0,34,951.3,10.9,276,0.0,13,0,5,67.5,84.9,74.9,12.0,58.6,83.3,70.68333333333334,46.46666666666667,39.07083333333333
2026-05-25 14:00:00,61.5,33.2,43,951.9,8.3,274,0.1,14,0,5,62.7,83.8,58.1,12.0,50.5,84.2,68.65,50.69166666666667,39.24166666666667
2026-05-25 15:00:00,64.6,32.0,51,952.7,8.1,270,0.0,15,0,5,61.5,67.5,54.9,21.8,63.8,51.8,69.21666666666667,54.81666666666667,39.699999999999996
2026-05-25 16:00:00,56.3,31.5,53,952.9,9.4,273,0.0,16,0,5,64.6,62.7,84.9,12.0,42.5,35.9,70.83333333333333,58.383333333333326,39.733333333333334
2026-05-25 17:00:00,34.2,31.1,53,953.0,8.7,275,0.0,17,0,5,56.3,61.5,83.8,31.8,42.8,36.4,66.06666666666666,62.074999999999996,40.30833333333333
2026-05-25 18:00:00,39.2,30.2,56,952.6,9.2,266,0.0,18,0,5,34.2,64.6,67.5,43.9,44.7,18.6,57.79999999999999,62.275,39.95
2026-05-25 19:00:00,13.9,29.9,55,951.9,9.0,275,0.0,19,0,5,39.2,56.3,62.7,74.9,17.2,12.0,53.083333333333336,61.88333333333333,39.72083333333333
2026-05-25 20:00:00,32.3,29.6,54,951.5,9.2,274,0.0,20,0,5,13.9,34.2,61.5,58.1,12.0,12.0,44.949999999999996,56.800000000000004,39.583333333333336
2026-05-25 21:00:00,25.7,29.4,54,951.2,9.5,269,0.0,21,0,5,32.3,39.2,64.6,54.9,12.0,13.4,40.083333333333336,54.650000000000006,40.42916666666667
2026-05-25 22:00:00,15.2,29.0,51,951.7,6.8,273,0.0,22,0,5,25.7,13.9,56.3,84.9,12.0,12.0,33.6,52.21666666666667,41.0
2026-05-25 23:00:00,28.6,25.1,79,952.4,3.4,87,1.2,23,0,5,15.2,32.3,34.2,83.8,12.0,14.0,26.75,46.40833333333333,41.13333333333333
2026-05-26 00:00:00,12.0,28.4,57,952.3,8.9,284,0.7,0,1,5,28.6,25.7,39.2,67.5,12.0,12.0,25.816666666666666,41.80833333333333,41.824999999999996
2026-05-26 01:00:00,12.0,28.5,58,952.9,8.7,266,0.0,1,1,5,12.0,15.2,13.9,62.7,12.0,12.0,21.28333333333333,37.18333333333333,41.824999999999996
2026-05-26 02:00:00,12.7,29.6,55,953.6,11.9,285,0.0,2,1,5,12.0,28.6,32.3,61.5,12.0,12.0,20.966666666666665,32.958333333333336,41.824999999999996
2026-05-26 03:00:00,31.6,31.5,49,954.5,11.5,295,0.0,3,1,5,12.7,12.0,25.7,64.6,21.8,12.0,17.7,28.891666666666666,41.854166666666664
2026-05-26 04:00:00,12.0,33.2,44,955.2,12.1,313,0.0,4,1,5,31.6,12.0,15.2,56.3,12.0,12.0,18.683333333333334,26.141666666666666,42.262499999999996
2026-05-26 05:00:00,12.0,34.4,41,954.6,14.5,304,0.0,5,1,5,12.0,12.7,28.6,34.2,31.8,20.6,18.150000000000002,22.45,42.262499999999996
2026-05-26 06:00:00,29.7,35.1,40,954.4,9.4,288,0.0,6,1,5,12.0,31.6,12.0,39.2,43.9,12.2,15.383333333333335,20.599999999999998,41.4375
2026-05-26 07:00:00,61.4,35.5,38,953.3,9.4,300,0.0,7,1,5,29.7,12.0,12.0,13.9,74.9,39.7,18.333333333333332,19.808333333333334,40.84583333333333
2026-05-26 08:00:00,47.1,36.5,36,952.6,8.7,307,0.0,8,1,5,61.4,12.0,12.7,32.3,58.1,44.0,26.566666666666666,23.766666666666666,40.28333333333333
2026-05-26 09:00:00,56.6,35.8,35,951.6,11.5,328,0.3,9,1,5,47.1,29.7,31.6,25.7,54.9,50.6,32.3,25.0,39.824999999999996
2026-05-26 10:00:00,88.6,34.9,40,951.3,4.0,350,1.1,10,1,5,56.6,61.4,12.0,15.2,84.9,65.6,36.46666666666667,27.575000000000003,39.895833333333336
2026-05-26 11:00:00,64.6,35.5,39,950.6,8.0,312,0.2,11,1,5,88.6,47.1,12.0,28.6,83.8,72.0,49.23333333333333,33.69166666666667,40.050000000000004
2026-05-26 12:00:00,73.5,36.9,30,950.1,10.8,270,0.6,12,1,5,64.6,56.6,29.7,12.0,67.5,45.6,58.0,36.69166666666667,39.25
2026-05-26 13:00:00,61.6,36.1,32,950.7,9.4,244,0.0,13,1,5,73.5,88.6,61.4,12.0,62.7,58.6,65.3,41.81666666666667,39.5
2026-05-26 14:00:00,48.5,34.8,38,951.3,8.5,234,0.0,14,1,5,61.6,64.6,47.1,12.7,61.5,50.5,65.33333333333333,45.949999999999996,39.454166666666666
2026-05-26 15:00:00,52.0,33.4,42,952.4,10.2,228,0.0,15,1,5,48.5,73.5,56.6,31.6,64.6,63.8,65.56666666666666,48.93333333333333,38.9125
2026-05-26 16:00:00,60.0,32.4,44,953.0,8.5,235,0.0,16,1,5,52.0,61.6,88.6,12.0,56.3,42.5,64.8,50.63333333333333,38.387499999999996
2026-05-26 17:00:00,45.7,32.0,45,953.4,10.1,243,0.0,17,1,5,60.0,48.5,64.6,12.0,34.2,42.8,60.03333333333333,54.63333333333333,38.541666666666664
2026-05-26 18:00:00,41.0,29.3,59,953.6,10.7,254,0.0,18,1,5,45.7,52.0,73.5,29.7,39.2,44.7,56.88333333333333,57.44166666666667,39.020833333333336
2026-05-26 19:00:00,57.5,29.0,61,952.9,8.5,265,0.1,19,1,5,41.0,60.0,61.6,61.4,13.9,17.2,51.46666666666667,58.38333333333333,39.09583333333333
2026-05-26 20:00:00,27.2,28.6,65,952.0,7.3,280,0.2,20,1,5,57.5,45.7,48.5,47.1,32.3,12.0,50.78333333333333,58.05833333333334,40.9125
2026-05-26 21:00:00,12.0,28.7,65,951.8,7.5,260,0.0,21,1,5,27.2,41.0,52.0,56.6,25.7,12.0,47.23333333333333,56.4,40.699999999999996
2026-05-26 22:00:00,12.0,28.6,62,952.0,9.4,234,0.0,22,1,5,12.0,57.5,60.0,88.6,15.2,12.0,40.56666666666667,52.68333333333333,40.12916666666666
2026-05-26 23:00:00,14.8,27.8,62,952.6,10.5,235,0.0,23,1,5,12.0,27.2,45.7,64.6,28.6,12.0,32.56666666666667,46.29999999999999,39.99583333333333
2026-05-27 00:00:00,12.0,23.2,90,953.7,13.9,270,0.0,0,2,5,14.8,12.0,41.0,73.5,12.0,12.0,27.416666666666668,42.15,39.420833333333334
2026-05-27 01:00:00,12.0,23.8,90,954.6,10.8,244,0.3,1,2,5,12.0,12.0,57.5,61.6,12.0,12.0,22.583333333333332,37.025,39.420833333333334
2026-05-27 02:00:00,12.0,25.0,83,955.5,10.9,251,0.0,2,2,5,12.0,14.8,27.2,48.5,12.7,12.0,15.0,32.89166666666667,39.420833333333334
2026-05-27 03:00:00,12.0,25.4,81,956.6,12.7,243,0.9,3,2,5,12.0,12.0,12.0,52.0,31.6,21.8,12.466666666666669,29.850000000000005,39.391666666666666
2026-05-27 04:00:00,12.0,26.8,78,955.8,14.0,258,1.0,4,2,5,12.0,12.0,12.0,60.0,12.0,12.0,12.466666666666669,26.51666666666667,38.575
2026-05-27 05:00:00,25.6,29.6,65,955.5,12.6,279,0.0,5,2,5,12.0,12.0,14.8,45.7,12.0,31.8,12.466666666666669,22.51666666666667,38.575
2026-05-27 06:00:00,26.3,27.1,76,956.3,14.1,275,0.0,6,2,5,25.6,12.0,12.0,41.0,29.7,43.9,14.266666666666666,20.84166666666667,39.14166666666667
2026-05-27 07:00:00,43.4,29.6,61,955.0,12.8,273,0.0,7,2,5,26.3,12.0,12.0,57.5,61.4,74.9,16.650000000000002,19.616666666666667,39.0
2026-05-27 08:00:00,28.8,31.6,51,953.9,14.0,285,0.0,8,2,5,43.4,25.6,12.0,27.2,47.1,58.1,21.883333333333336,18.441666666666666,38.25
2026-05-27 09:00:00,50.6,32.3,49,952.8,14.7,298,0.0,9,2,5,28.8,26.3,12.0,12.0,56.6,54.9,24.683333333333334,18.575,37.487500000000004
2026-05-27 10:00:00,45.0,32.5,49,952.2,14.4,299,0.0,10,2,5,50.6,43.4,12.0,12.0,88.6,84.9,31.116666666666664,21.791666666666668,37.237500000000004
2026-05-27 11:00:00,48.1,32.3,51,951.4,13.0,297,0.0,11,2,5,45.0,28.8,25.6,14.8,64.6,83.8,36.61666666666667,24.541666666666668,35.42083333333333
2026-05-27 12:00:00,62.8,31.4,54,951.6,12.4,289,0.0,12,2,5,48.1,50.6,26.3,12.0,73.5,67.5,40.36666666666667,27.316666666666666,34.733333333333334
2026-05-27 13:00:00,61.6,30.3,61,951.7,10.2,280,0.0,13,2,5,62.8,45.0,43.4,12.0,61.6,62.7,46.449999999999996,31.549999999999997,34.2875
2026-05-27 14:00:00,65.5,29.6,65,952.2,10.0,277,0.0,14,2,5,61.6,48.1,28.8,12.0,48.5,61.5,49.48333333333334,35.68333333333333,34.2875
2026-05-27 15:00:00,68.1,28.8,67,952.6,9.6,264,0.0,15,2,5,65.5,62.8,50.6,12.0,52.0,64.6,55.6,40.141666666666666,34.99583333333334
2026-05-27 16:00:00,52.1,28.3,68,953.1,9.5,259,0.0,16,2,5,68.1,61.6,45.0,12.0,60.0,56.3,58.51666666666666,44.81666666666666,35.666666666666664
2026-05-27 17:00:00,29.6,27.8,68,953.4,10.2,253,0.0,17,2,5,52.1,65.5,48.1,25.6,45.7,34.2,59.699999999999996,48.15833333333333,35.3375
2026-05-27 18:00:00,18.5,26.8,73,953.3,12.1,253,0.0,18,2,5,29.6,68.1,62.8,26.3,41.0,39.2,56.616666666666674,48.49166666666667,34.666666666666664
2026-05-27 19:00:00,38.5,26.7,73,952.8,12.0,249,0.0,19,2,5,18.5,52.1,61.6,43.4,57.5,13.9,49.23333333333333,47.84166666666667,33.729166666666664
2026-05-27 20:00:00,29.7,26.5,74,952.2,11.8,249,0.0,20,2,5,38.5,29.6,65.5,28.8,27.2,32.3,45.383333333333326,47.43333333333334,32.9375
2026-05-27 21:00:00,12.0,26.4,73,951.8,11.9,252,0.0,21,2,5,29.7,18.5,68.1,50.6,12.0,25.7,39.416666666666664,47.508333333333326,33.041666666666664
2026-05-27 22:00:00,12.0,26.2,73,951.8,11.9,255,0.0,22,2,5,12.0,38.5,52.1,45.0,12.0,15.2,30.066666666666663,44.291666666666664,33.041666666666664
2026-05-27 23:00:00,12.0,26.0,73,952.2,12.3,264,0.0,23,2,5,12.0,29.7,29.6,48.1,14.8,28.6,23.38333333333333,41.541666666666664,33.041666666666664
2026-05-28 00:00:00,12.0,26.0,75,952.5,12.4,256,0.0,0,3,5,12.0,12.0,18.5,62.8,12.0,12.0,20.45,38.53333333333333,32.925
2026-05-28 01:00:00,12.0,26.2,76,953.3,11.5,259,0.0,1,3,5,12.0,12.0,38.5,61.6,12.0,12.0,19.366666666666667,34.300000000000004,32.925
2026-05-28 02:00:00,14.8,27.4,74,954.2,10.2,262,0.0,2,3,5,12.0,12.0,29.7,65.5,12.0,12.7,14.950000000000001,30.166666666666668,32.925
2026-05-28 03:00:00,24.0,29.2,67,954.8,12.3,267,0.0,3,3,5,14.8,12.0,12.0,68.1,12.0,31.6,12.466666666666667,25.941666666666666,33.041666666666664
2026-05-28 04:00:00,34.8,30.8,58,955.1,12.9,283,0.0,4,3,5,24.0,12.0,12.0,52.1,12.0,12.0,14.466666666666667,22.266666666666666,33.541666666666664
2026-05-28 05:00:00,30.7,32.7,51,955.2,12.3,293,0.0,5,3,5,34.8,14.8,12.0,29.6,25.6,12.0,18.266666666666666,20.825,34.49166666666667
2026-05-28 06:00:00,20.0,33.4,48,954.8,11.5,297,0.0,6,3,5,30.7,24.0,12.0,18.5,26.3,29.7,21.38333333333333,20.916666666666668,34.704166666666666
2026-05-28 07:00:00,55.7,34.6,44,953.9,10.3,297,0.0,7,3,5,20.0,34.8,12.0,38.5,43.4,61.4,22.716666666666665,21.041666666666668,34.44166666666667
2026-05-28 08:00:00,27.7,35.6,40,952.7,9.5,291,0.0,8,3,5,55.7,30.7,14.8,29.7,28.8,47.1,30.0,22.475000000000005,34.95416666666667
2026-05-28 09:00:00,61.5,36.0,37,952.0,8.4,290,0.0,9,3,5,27.7,20.0,24.0,12.0,50.6,56.6,32.15,22.308333333333334,34.90833333333333
2026-05-28 10:00:00,84.4,36.2,36,951.2,8.0,293,0.0,10,3,5,61.5,55.7,34.8,12.0,45.0,88.6,38.4,26.433333333333334,35.362500000000004
2026-05-28 11:00:00,84.9,36.1,35,950.9,7.9,313,0.0,11,3,5,84.4,27.7,30.7,12.0,48.1,64.6,46.666666666666664,32.46666666666667,37.00416666666667
2026-05-28 12:00:00,61.0,35.5,37,950.3,6.3,342,0.3,12,3,5,84.9,61.5,20.0,12.0,62.8,73.5,55.70000000000001,38.541666666666664,38.5375
2026-05-28 13:00:00,87.6,34.1,50,950.9,4.5,230,0.0,13,3,5,61.0,84.4,55.7,12.0,61.6,61.6,62.53333333333334,42.625,38.4625
2026-05-28 14:00:00,81.0,32.1,55,951.8,8.6,200,0.0,14,3,5,87.6,84.9,27.7,14.8,65.5,48.5,67.85,48.925000000000004,39.54583333333333
2026-05-28 15:00:00,64.9,30.8,56,952.5,9.6,194,0.0,15,3,5,81.0,61.0,61.5,24.0,68.1,52.0,76.73333333333333,54.44166666666667,40.19166666666666
2026-05-28 16:00:00,44.7,30.4,58,952.9,10.8,216,0.0,16,3,5,64.9,87.6,84.4,34.8,52.1,60.0,77.3,57.85,40.05833333333334
2026-05-28 17:00:00,56.6,30.1,58,953.0,10.2,229,0.0,17,3,5,44.7,81.0,84.9,30.7,29.6,45.7,70.68333333333334,58.675000000000004,39.75
2026-05-28 18:00:00,32.3,29.7,61,952.6,10.8,218,0.0,18,3,5,56.6,64.9,61.0,20.0,18.5,41.0,65.96666666666667,60.83333333333334,40.875
2026-05-28 19:00:00,35.6,29.5,61,952.1,11.6,223,0.0,19,3,5,32.3,44.7,87.6,55.7,38.5,57.5,61.18333333333333,61.85833333333334,41.449999999999996
2026-05-28 20:00:00,33.9,29.4,60,951.8,12.2,232,0.0,20,3,5,35.6,56.6,81.0,27.7,29.7,27.2,52.51666666666667,60.18333333333334,41.329166666666666
2026-05-28 21:00:00,19.2,28.9,61,951.3,11.7,243,0.0,21,3,5,33.9,32.3,64.9,61.5,12.0,12.0,44.666666666666664,60.699999999999996,41.50416666666667
2026-05-28 22:00:00,12.0,28.8,59,951.5,13.8,253,0.0,22,3,5,19.2,35.6,44.7,84.4,12.0,12.0,37.05,57.175000000000004,41.80416666666667
2026-05-28 23:00:00,12.0,28.5,59,951.9,12.5,255,0.0,23,3,5,12.0,33.9,56.6,84.9,12.0,14.8,31.599999999999998,51.14166666666667,41.80416666666667
2026-05-29 00:00:00,12.0,27.5,68,952.7,12.5,240,0.0,0,4,5,12.0,19.2,32.3,61.0,12.0,12.0,24.166666666666668,45.06666666666667,41.80416666666667
2026-05-29 01:00:00,12.0,27.8,66,953.6,14.1,248,0.0,1,4,5,12.0,12.0,35.6,87.6,12.0,12.0,20.78333333333333,40.983333333333334,41.80416666666667
2026-05-29 02:00:00,12.0,28.7,62,954.6,14.5,258,0.0,2,4,5,12.0,12.0,33.9,81.0,14.8,12.0,16.849999999999998,34.68333333333333,41.80416666666667
2026-05-29 03:00:00,12.0,29.6,59,954.7,15.1,261,0.0,3,4,5,12.0,12.0,19.2,64.9,24.0,12.0,13.199999999999998,28.933333333333334,41.6875
2026-05-29 04:00:00,12.0,31.2,53,954.7,15.3,268,0.0,4,4,5,12.0,12.0,12.0,44.7,34.8,12.0,12.0,24.525000000000002,41.1875
2026-05-29 05:00:00,29.0,33.0,46,954.7,15.1,272,0.0,5,4,5,12.0,12.0,12.0,56.6,30.7,25.6,12.0,21.8,40.237500000000004
2026-05-29 06:00:00,32.4,33.6,43,954.3,12.6,279,0.0,6,4,5,29.0,12.0,12.0,32.3,20.0,26.3,14.833333333333334,19.5,40.166666666666664
2026-05-29 07:00:00,49.0,34.5,39,953.7,11.7,287,0.0,7,4,5,32.4,12.0,12.0,35.6,55.7,43.4,18.233333333333334,19.508333333333333,40.68333333333333
2026-05-29 08:00:00,39.4,35.3,36,952.7,10.7,292,0.0,8,4,5,49.0,29.0,12.0,33.9,27.7,28.8,24.400000000000002,20.625,40.40416666666667
2026-05-29 09:00:00,59.0,36.1,34,951.6,9.9,297,0.0,9,4,5,39.4,32.4,12.0,19.2,61.5,50.6,28.96666666666667,21.083333333333332,40.891666666666666
2026-05-29 10:00:00,74.4,36.4,33,950.9,9.8,302,0.0,10,4,5,59.0,49.0,12.0,12.0,84.4,45.0,36.800000000000004,24.400000000000002,40.7875
2026-05-29 11:00:00,65.6,36.2,32,950.2,10.0,300,0.0,11,4,5,74.4,39.4,29.0,12.0,84.9,48.1,47.20000000000001,29.600000000000005,40.37083333333334
2026-05-29 12:00:00,93.6,36.8,29,950.4,8.7,288,0.0,12,4,5,65.6,59.0,32.4,12.0,61.0,62.8,53.300000000000004,34.06666666666667,39.56666666666666
2026-05-29 13:00:00,78.5,35.3,33,950.5,7.6,242,0.0,13,4,5,93.6,74.4,49.0,12.0,87.6,61.6,63.5,40.86666666666667,40.925
2026-05-29 14:00:00,91.0,33.6,41,950.7,8.8,229,0.0,14,4,5,78.5,65.6,39.4,12.0,81.0,65.5,68.41666666666667,46.40833333333333,40.545833333333334
2026-05-29 15:00:00,39.9,32.7,43,951.2,8.3,236,0.0,15,4,5,91.0,93.6,59.0,12.0,64.9,68.1,77.01666666666667,52.99166666666667,40.9625
2026-05-29 16:00:00,38.7,31.6,49,951.8,8.0,239,0.0,16,4,5,39.9,78.5,74.4,12.0,44.7,52.1,73.83333333333333,55.31666666666666,39.92083333333333
2026-05-29 17:00:00,67.8,31.1,51,952.2,7.7,239,0.0,17,4,5,38.7,91.0,65.6,29.0,56.6,29.6,67.88333333333334,57.541666666666664,39.670833333333334
2026-05-29 18:00:00,49.8,31.2,51,951.4,8.9,246,0.0,18,4,5,67.8,39.9,93.6,32.4,32.3,18.5,68.25,60.775,40.137499999999996
2026-05-29 19:00:00,21.7,30.6,52,951.2,10.2,239,0.0,19,4,5,49.8,38.7,78.5,49.0,35.6,38.5,60.949999999999996,62.225,40.86666666666667
2026-05-29 20:00:00,12.3,30.4,52,951.3,13.2,235,0.0,20,4,5,21.7,67.8,91.0,39.4,33.9,29.7,51.48333333333334,59.949999999999996,40.2875
2026-05-29 21:00:00,13.1,29.8,52,950.9,13.4,243,0.0,21,4,5,12.3,49.8,39.9,59.0,19.2,12.0,38.36666666666667,57.69166666666667,39.3875
2026-05-29 22:00:00,12.0,29.4,51,950.3,15.0,263,0.0,22,4,5,13.1,21.7,38.7,74.4,12.0,12.0,33.9,53.866666666666674,39.13333333333333
2026-05-29 23:00:00,12.0,29.1,53,951.3,13.3,268,0.0,23,4,5,12.0,12.3,67.8,65.6,12.0,12.0,29.450000000000003,48.666666666666664,39.13333333333333
2026-05-30 00:00:00,12.0,28.3,61,951.5,13.3,272,0.0,0,5,5,12.0,13.1,49.8,93.6,12.0,12.0,20.15,44.20000000000001,39.13333333333333
2026-05-30 01:00:00,12.0,28.2,63,952.4,14.2,271,0.0,1,5,5,12.0,12.0,21.7,78.5,12.0,12.0,13.85,37.4,39.13333333333333
2026-05-30 02:00:00,12.0,29.2,59,953.1,16.3,281,0.0,2,5,5,12.0,12.0,12.3,91.0,12.0,14.8,12.233333333333333,31.85833333333333,39.13333333333333
2026-05-30 03:00:00,12.0,30.6,53,954.0,15.4,289,0.0,3,5,5,12.0,12.0,13.1,39.9,12.0,24.0,12.183333333333332,25.274999999999995,39.13333333333333
2026-05-30 04:00:00,12.2,32.3,45,954.6,15.5,299,0.0,4,5,5,12.0,12.0,12.0,38.7,12.0,34.8,12.0,22.95,39.13333333333333
2026-05-30 05:00:00,19.4,33.8,38,954.6,16.1,309,0.0,5,5,5,12.2,12.0,12.0,67.8,29.0,30.7,12.033333333333333,20.741666666666667,39.141666666666666
2026-05-30 06:00:00,12.0,34.6,37,954.6,15.9,309,0.0,6,5,5,19.4,12.0,12.0,49.8,32.4,20.0,13.266666666666666,16.708333333333332,38.74166666666667
2026-05-30 07:00:00,18.8,35.8,30,953.5,15.3,313,0.0,7,5,5,12.0,12.2,12.0,21.7,49.0,55.7,13.266666666666666,13.558333333333332,37.891666666666666
2026-05-30 08:00:00,37.5,36.6,26,952.4,14.6,314,0.0,8,5,5,18.8,19.4,12.0,12.3,39.4,27.7,14.399999999999999,13.316666666666665,36.63333333333333
2026-05-30 09:00:00,39.7,37.0,25,951.5,13.9,312,0.0,9,5,5,37.5,12.0,12.0,13.1,59.0,61.5,18.65,15.416666666666666,36.55416666666667
2026-05-30 10:00:00,53.4,36.8,25,950.9,12.1,312,0.0,10,5,5,39.7,18.8,12.2,12.0,74.4,84.4,23.266666666666666,17.633333333333333,35.75
2026-05-30 11:00:00,55.1,36.4,26,950.4,11.2,314,0.0,11,5,5,53.4,37.5,19.4,12.0,65.6,84.9,30.13333333333333,21.083333333333332,34.875
2026-05-30 12:00:00,65.4,36.5,27,950.1,11.4,297,0.0,12,5,5,55.1,39.7,12.0,12.0,93.6,61.0,36.083333333333336,24.675,34.4375
2026-05-30 13:00:00,58.8,35.8,28,950.2,8.5,291,0.0,13,5,5,65.4,53.4,18.8,12.0,78.5,87.6,44.98333333333333,29.125,33.2625
2026-05-30 14:00:00,71.7,35.0,30,950.6,7.4,313,0.0,14,5,5,58.8,55.1,37.5,12.0,91.0,81.0,51.65,33.025,32.44166666666667
2026-05-30 15:00:00,78.4,34.2,33,951.4,5.2,248,0.0,15,5,5,71.7,65.4,39.7,12.0,39.9,64.9,57.35,38.0,31.637500000000003
2026-05-30 16:00:00,58.0,33.1,37,951.8,6.4,218,0.0,16,5,5,78.4,58.8,53.4,12.2,38.7,44.7,63.800000000000004,43.53333333333333,33.24166666666667
2026-05-30 17:00:00,50.6,31.6,42,952.3,8.5,209,0.0,17,5,5,58.0,71.7,55.1,19.4,67.8,56.6,64.56666666666666,47.35,34.045833333333334
2026-05-30 18:00:00,44.3,31.1,44,952.1,10.6,230,0.0,18,5,5,50.6,78.4,65.4,12.0,49.8,32.3,63.81666666666667,49.95000000000001,33.329166666666666
2026-05-30 19:00:00,12.0,30.3,48,952.2,9.7,243,0.0,19,5,5,44.3,58.0,58.8,18.8,21.7,35.6,60.300000000000004,52.64166666666667,33.1
2026-05-30 20:00:00,28.4,29.7,52,952.2,10.0,250,0.0,20,5,5,12.0,50.6,71.7,37.5,12.3,33.9,52.5,52.074999999999996,32.69583333333333
2026-05-30 21:00:00,12.0,29.3,55,951.9,11.0,255,0.0,21,5,5,28.4,44.3,78.4,39.7,13.1,19.2,45.28333333333333,51.31666666666666,33.36666666666667
2026-05-30 22:00:00,12.0,28.9,57,951.8,10.4,260,0.0,22,5,5,12.0,12.0,58.0,53.4,12.0,12.0,34.21666666666667,49.00833333333333,33.32083333333333
2026-05-30 23:00:00,12.0,28.7,57,952.0,12.1,267,0.0,23,5,5,12.0,28.4,50.6,55.1,12.0,12.0,26.55,45.55833333333334,33.32083333333333
2026-05-31 00:00:00,12.0,28.2,63,952.3,11.3,257,0.0,0,6,5,12.0,12.0,44.3,65.4,12.0,12.0,20.116666666666664,41.96666666666667,33.32083333333333
2026-05-31 01:00:00,12.0,28.6,62,953.1,12.1,266,0.0,1,6,5,12.0,12.0,12.0,58.8,12.0,12.0,14.733333333333334,37.516666666666666,33.32083333333333
2026-05-31 02:00:00,12.0,30.0,53,954.0,15.2,277,0.0,2,6,5,12.0,12.0,28.4,71.7,12.0,12.0,14.733333333333334,33.61666666666667,33.32083333333333
2026-05-31 03:00:00,12.0,31.3,50,954.6,17.3,294,0.0,3,6,5,12.0,12.0,12.0,78.4,12.0,12.0,12.0,28.641666666666666,33.32083333333333
2026-05-31 04:00:00,12.0,32.7,45,955.2,17.1,306,0.1,4,6,5,12.0,12.0,12.0,58.0,12.2,12.0,12.0,23.10833333333333,33.32083333333333
2026-05-31 05:00:00,12.0,30.7,51,955.7,16.3,315,0.4,5,6,5,12.0,12.0,12.0,50.6,19.4,29.0,12.0,19.275000000000002,33.3125
2026-05-31 06:00:00,19.6,31.8,50,954.9,14.6,300,0.0,6,6,5,12.0,12.0,12.0,44.3,12.0,32.4,12.0,16.058333333333334,33.00416666666667
2026-05-31 07:00:00,31.5,33.9,39,954.3,14.7,306,0.0,7,6,5,19.6,12.0,12.0,12.0,18.8,49.0,13.266666666666666,14.0,33.32083333333333
2026-05-31 08:00:00,46.0,34.8,35,953.4,12.2,298,0.0,8,6,5,31.5,12.0,12.0,28.4,37.5,39.4,16.516666666666666,15.625,33.85
2026-05-31 09:00:00,53.9,35.5,33,952.3,11.4,296,0.0,9,6,5,46.0,19.6,12.0,12.0,39.7,59.0,22.183333333333334,17.09166666666667,34.204166666666666
2026-05-31 10:00:00,67.7,35.7,32,951.7,10.1,294,0.0,10,6,5,53.9,31.5,12.0,12.0,53.4,74.4,29.166666666666668,20.583333333333332,34.795833333333334
2026-05-31 11:00:00,75.8,35.8,31,951.4,9.9,289,0.0,11,6,5,67.7,46.0,12.0,12.0,55.1,65.6,38.449999999999996,25.225000000000005,35.391666666666666
2026-05-31 12:00:00,81.9,35.0,32,950.6,8.8,279,0.0,12,6,5,75.8,53.9,19.6,12.0,65.4,93.6,49.083333333333336,30.541666666666668,36.25416666666666
2026-05-31 13:00:00,68.1,34.9,31,951.1,8.5,264,0.0,13,6,5,81.9,67.7,31.5,12.0,58.8,78.5,59.46666666666666,36.36666666666667,36.94166666666667
2026-05-31 14:00:00,73.9,34.1,33,951.8,7.2,267,0.0,14,6,5,68.1,75.8,46.0,12.0,71.7,91.0,65.56666666666666,41.041666666666664,37.329166666666666
2026-05-31 15:00:00,82.7,33.3,36,952.5,6.1,256,0.0,15,6,5,73.9,81.9,53.9,12.0,78.4,39.9,70.21666666666665,46.199999999999996,37.420833333333334
2026-05-31 16:00:00,52.5,31.9,39,953.1,6.7,265,0.0,16,6,5,82.7,68.1,67.7,12.0,58.0,38.7,75.01666666666667,52.09166666666667,37.6
2026-05-31 17:00:00,61.5,31.0,40,953.5,6.5,264,0.0,17,6,5,52.5,73.9,75.8,12.0,50.6,67.8,72.48333333333333,55.46666666666667,37.37083333333333
2026-05-31 18:00:00,31.4,30.3,43,953.5,8.6,309,0.0,18,6,5,61.5,82.7,81.9,19.6,44.3,49.8,70.10000000000001,59.59166666666667,37.824999999999996
2026-05-31 19:00:00,43.4,29.5,46,953.1,9.2,309,0.0,19,6,5,31.4,52.5,68.1,31.5,12.0,21.7,61.68333333333334,60.574999999999996,37.2875
2026-05-31 20:00:00,25.4,28.9,48,952.5,8.2,311,0.0,20,6,5,43.4,61.5,73.9,46.0,28.4,12.3,57.56666666666666,61.56666666666666,38.59583333333334
2026-05-31 21:00:00,28.6,28.2,50,952.0,8.1,302,0.0,21,6,5,25.4,31.4,82.7,53.9,12.0,13.1,49.48333333333334,59.85,38.47083333333334
2026-05-31 22:00:00,12.0,27.8,50,951.9,7.3,320,0.0,22,6,5,28.6,43.4,52.5,67.7,12.0,12.0,40.46666666666666,57.74166666666667,39.1625
2026-05-31 23:00:00,26.0,27.4,51,952.3,6.7,301,0.0,23,6,5,12.0,25.4,61.5,75.8,12.0,12.0,33.71666666666667,53.099999999999994,39.1625
2026-06-01 00:00:00,14.6,27.9,49,952.5,10.3,308,0.0,0,0,6,26.0,28.6,31.4,81.9,12.0,12.0,27.8,48.949999999999996,39.74583333333334
2026-06-01 01:00:00,12.0,28.2,47,953.0,10.3,316,0.0,1,0,6,14.6,12.0,43.4,68.1,12.0,12.0,25.0,43.34166666666667,39.854166666666664
2026-06-01 02:00:00,12.0,29.6,44,954.0,9.7,305,0.0,2,0,6,12.0,26.0,25.4,73.9,12.0,12.0,19.766666666666666,38.666666666666664,39.854166666666664
2026-06-01 03:00:00,12.0,31.4,38,954.4,10.6,310,0.0,3,0,6,12.0,14.6,28.6,82.7,12.0,12.0,17.53333333333333,33.50833333333333,39.854166666666664
2026-06-01 04:00:00,14.2,33.1,34,955.0,9.2,320,0.0,4,0,6,12.0,12.0,12.0,52.5,12.0,12.2,14.766666666666666,27.616666666666664,39.854166666666664
2026-06-01 05:00:00,62.1,34.7,29,954.9,8.7,328,0.0,5,0,6,14.2,12.0,26.0,61.5,12.0,19.4,15.133333333333333,24.425,39.94583333333333
2026-06-01 06:00:00,51.6,34.8,30,954.9,7.8,328,0.0,6,0,6,62.1,12.0,14.6,31.4,19.6,12.0,21.150000000000002,24.474999999999998,42.03333333333334
2026-06-01 07:00:00,53.6,35.4,28,954.2,7.4,326,0.0,7,0,6,51.6,14.2,12.0,43.4,31.5,18.8,27.316666666666666,26.158333333333335,43.36666666666667
2026-06-01 08:00:00,80.8,35.8,26,953.8,8.5,322,0.0,8,0,6,53.6,62.1,12.0,25.4,46.0,37.5,34.25,27.00833333333333,44.2875
2026-06-01 09:00:00,71.4,35.6,27,952.7,7.7,303,0.0,9,0,6,80.8,51.6,12.0,28.6,53.9,39.7,45.71666666666667,31.625,45.737500000000004
2026-06-01 10:00:00,82.5,35.4,29,952.0,6.9,275,0.0,10,0,6,71.4,53.6,14.2,12.0,67.7,53.4,55.616666666666674,35.19166666666666,46.46666666666666
2026-06-01 11:00:00,82.5,35.3,30,951.5,6.5,251,0.0,11,0,6,82.5,80.8,62.1,26.0,75.8,55.1,67.0,41.06666666666666,47.083333333333336
2026-06-01 12:00:00,82.6,35.1,31,951.2,6.7,284,0.0,12,0,6,82.5,71.4,51.6,14.6,81.9,65.4,70.39999999999999,45.775,47.36249999999999
2026-06-01 13:00:00,98.1,34.3,33,951.8,6.2,282,0.0,13,0,6,82.6,82.5,53.6,12.0,68.1,58.8,75.56666666666666,51.44166666666666,47.39166666666667
2026-06-01 14:00:00,73.5,33.7,34,952.2,6.3,265,0.0,14,0,6,98.1,82.5,80.8,12.0,73.9,71.7,82.98333333333333,58.61666666666667,48.64166666666666
2026-06-01 15:00:00,79.3,33.5,35,952.8,6.3,257,0.0,15,0,6,73.5,82.6,71.4,12.0,82.7,78.4,81.76666666666667,63.74166666666667,48.625
2026-06-01 16:00:00,55.3,33.2,36,953.4,6.1,242,0.0,16,0,6,79.3,98.1,82.5,14.2,52.5,58.0,83.08333333333333,69.35,48.48333333333333
2026-06-01 17:00:00,49.8,31.8,40,953.7,6.8,233,0.0,17,0,6,55.3,73.5,82.5,62.1,61.5,50.6,78.55,72.77499999999999,48.6
2026-06-01 18:00:00,39.3,29.7,47,953.7,5.9,282,0.0,18,0,6,49.8,79.3,82.6,51.6,31.4,44.3,73.1,71.75,48.112500000000004
2026-06-01 19:00:00,54.5,29.4,50,953.2,7.0,260,0.0,19,0,6,39.3,55.3,98.1,53.6,43.4,12.0,65.88333333333333,70.725,48.44166666666666
2026-06-01 20:00:00,30.7,29.3,50,952.7,6.0,267,0.0,20,0,6,54.5,49.8,73.5,80.8,25.4,28.4,58.61666666666665,70.8,48.90416666666667
2026-06-01 21:00:00,12.0,28.5,53,952.4,9.9,285,0.0,21,0,6,30.7,39.3,79.3,71.4,28.6,12.0,51.48333333333333,66.625,49.125
2026-06-01 22:00:00,12.0,27.9,55,951.9,6.2,258,0.0,22,0,6,12.0,54.5,55.3,82.5,12.0,12.0,40.266666666666666,61.675000000000004,48.43333333333334
2026-06-01 23:00:00,12.0,27.7,58,952.3,9.9,265,0.0,23,0,6,12.0,30.7,49.8,82.5,26.0,12.0,33.05,55.800000000000004,48.43333333333334
2026-06-02 00:00:00,15.0,28.4,54,953.4,5.8,279,0.0,0,1,6,12.0,12.0,39.3,82.6,14.6,12.0,26.75,49.925000000000004,47.85
2026-06-02 01:00:00,18.5,28.2,56,953.9,5.8,274,0.0,1,1,6,15.0,12.0,54.5,98.1,12.0,12.0,22.7,44.291666666666664,47.86666666666667
2026-06-02 02:00:00,24.7,29.2,52,954.2,6.0,263,0.0,2,1,6,18.5,12.0,30.7,73.5,12.0,12.0,16.7,37.65833333333333,48.137499999999996
2026-06-02 03:00:00,12.0,30.0,48,954.3,5.6,276,0.0,3,1,6,24.7,15.0,12.0,79.3,12.0,12.0,15.699999999999998,33.59166666666666,48.666666666666664
2026-06-02 04:00:00,47.6,31.9,42,954.5,5.4,256,0.0,4,1,6,12.0,18.5,12.0,55.3,14.2,12.0,15.699999999999998,27.983333333333334,48.666666666666664
2026-06-02 05:00:00,50.1,33.6,38,954.3,5.1,252,0.0,5,1,6,47.6,24.7,12.0,49.8,62.1,12.0,21.633333333333336,27.34166666666667,50.05833333333333
2026-06-02 06:00:00,50.2,34.3,36,953.9,9.2,298,0.0,6,1,6,50.1,12.0,15.0,39.3,51.6,19.6,27.983333333333334,27.366666666666664,49.55833333333333
2026-06-02 07:00:00,68.4,34.1,37,953.3,7.9,283,0.3,7,1,6,50.2,47.6,18.5,54.5,53.6,31.5,33.85,28.275000000000002,49.5
2026-06-02 08:00:00,51.4,34.9,36,952.5,7.0,302,0.0,8,1,6,68.4,50.1,24.7,30.7,80.8,46.0,42.166666666666664,29.433333333333334,50.11666666666667
2026-06-02 09:00:00,91.6,35.5,34,951.6,7.7,307,0.0,9,1,6,51.4,50.2,12.0,12.0,71.4,53.9,46.61666666666667,31.15833333333333,48.89166666666666
2026-06-02 10:00:00,73.7,35.1,35,950.9,7.9,300,0.0,10,1,6,91.6,68.4,47.6,12.0,82.5,67.7,59.88333333333333,37.791666666666664,49.73333333333334
2026-06-02 11:00:00,52.8,34.8,33,950.4,7.2,284,0.2,11,1,6,73.7,51.4,50.1,12.0,82.5,75.8,64.23333333333333,42.93333333333334,49.36666666666667
2026-06-02 12:00:00,81.6,35.3,33,950.1,6.8,295,0.1,12,1,6,52.8,91.6,50.2,15.0,82.6,81.9,64.68333333333334,46.333333333333336,48.12916666666667
2026-06-02 13:00:00,78.4,34.7,34,950.5,3.7,281,0.0,13,1,6,81.6,73.7,68.4,18.5,98.1,68.1,69.91666666666667,51.88333333333333,48.0875
2026-06-02 14:00:00,92.2,34.2,35,951.0,1.9,158,0.0,14,1,6,78.4,52.8,51.4,24.7,73.5,73.9,71.58333333333333,56.875,47.26666666666667
2026-06-02 15:00:00,77.1,33.5,38,951.7,3.9,143,0.0,15,1,6,92.2,81.6,91.6,12.0,79.3,82.7,78.38333333333334,62.50000000000001,48.04583333333334
2026-06-02 16:00:00,69.2,32.7,41,952.5,2.9,184,0.0,16,1,6,77.1,78.4,73.7,47.6,55.3,52.5,75.96666666666667,67.925,47.95416666666667
2026-06-02 17:00:00,65.8,31.9,45,953.1,4.6,201,0.0,17,1,6,69.2,92.2,52.8,50.1,49.8,61.5,75.21666666666667,69.72500000000001,48.53333333333333
2026-06-02 18:00:00,57.1,31.0,48,952.4,6.1,225,0.0,18,1,6,65.8,77.1,81.6,50.2,39.3,31.4,77.38333333333334,71.03333333333333,49.199999999999996
2026-06-02 19:00:00,46.8,30.4,49,951.9,5.3,262,0.0,19,1,6,57.1,69.2,78.4,68.4,54.5,43.4,73.3,71.60833333333333,49.94166666666666
2026-06-02 20:00:00,55.3,29.6,52,951.4,6.2,255,0.0,20,1,6,46.8,65.8,92.2,51.4,30.7,25.4,68.03333333333333,69.80833333333334,49.62083333333334
2026-06-02 21:00:00,12.0,28.5,53,951.4,11.7,241,0.0,21,1,6,55.3,57.1,77.1,91.6,12.0,28.6,61.88333333333333,70.13333333333334,50.645833333333336
2026-06-02 22:00:00,17.5,28.4,53,951.0,8.4,280,0.0,22,1,6,12.0,46.8,69.2,73.7,12.0,12.0,51.03333333333333,63.5,50.645833333333336
2026-06-02 23:00:00,12.0,28.2,52,950.9,7.4,296,0.0,23,1,6,17.5,55.3,65.8,52.8,12.0,26.0,42.416666666666664,58.81666666666666,50.875
2026-06-03 00:00:00,12.0,27.3,60,951.1,7.4,276,0.0,0,2,6,12.0,12.0,57.1,81.6,15.0,14.6,33.449999999999996,55.416666666666664,50.875
2026-06-03 01:00:00,33.2,26.8,63,951.8,8.5,282,0.0,1,2,6,12.0,17.5,46.8,78.4,18.5,12.0,25.933333333333334,49.61666666666667,50.75
2026-06-03 02:00:00,12.0,28.1,60,952.8,11.0,288,0.0,2,2,6,33.2,12.0,55.3,92.2,24.7,12.0,23.666666666666668,45.85,51.362500000000004
2026-06-03 03:00:00,12.0,29.8,55,953.1,12.4,289,0.0,3,2,6,12.0,12.0,12.0,77.1,12.0,12.0,16.45,39.166666666666664,50.833333333333336
2026-06-03 04:00:00,15.1,31.3,49,953.1,12.6,292,0.0,4,2,6,12.0,33.2,17.5,69.2,47.6,14.2,16.45,33.74166666666667,50.833333333333336
2026-06-03 05:00:00,34.2,33.0,42,952.9,13.0,299,0.0,5,2,6,15.1,12.0,12.0,65.8,50.1,62.1,16.05,29.233333333333334,49.479166666666664
2026-06-03 06:00:00,22.8,33.2,44,952.6,12.7,309,0.0,6,2,6,34.2,12.0,12.0,57.1,50.2,51.6,19.750000000000004,26.599999999999998,48.81666666666667
2026-06-03 07:00:00,44.8,33.2,43,952.0,11.4,309,0.0,7,2,6,22.8,15.1,33.2,46.8,68.4,53.6,21.55,23.74166666666667,47.675000000000004
2026-06-03 08:00:00,64.0,33.7,41,951.3,10.1,305,0.0,8,2,6,44.8,34.2,12.0,55.3,51.4,80.8,23.483333333333334,23.575,46.69166666666666
2026-06-03 09:00:00,37.6,34.2,38,950.0,8.3,297,0.0,9,2,6,64.0,22.8,12.0,12.0,91.6,71.4,32.15,24.3,47.21666666666667
2026-06-03 10:00:00,81.4,34.4,37,949.4,7.1,280,0.1,10,2,6,37.6,44.8,15.1,17.5,73.7,82.5,36.416666666666664,26.433333333333334,44.96666666666667
2026-06-03 11:00:00,74.1,34.1,37,949.0,8.0,279,0.1,11,2,6,81.4,64.0,34.2,12.0,52.8,82.5,47.46666666666667,31.758333333333336,45.2875
2026-06-03 12:00:00,85.7,33.5,38,949.1,10.2,279,0.0,12,2,6,74.1,37.6,22.8,12.0,81.6,82.6,54.11666666666667,36.93333333333333,46.175000000000004
2026-06-03 13:00:00,39.1,32.6,41,949.8,8.6,254,0.0,13,2,6,85.7,81.4,44.8,33.2,78.4,98.1,64.6,43.074999999999996,46.34583333333333
2026-06-03 14:00:00,58.0,32.2,44,950.0,10.4,242,0.0,14,2,6,39.1,74.1,64.0,12.0,92.2,73.5,63.65,43.56666666666666,44.708333333333336
2026-06-03 15:00:00,58.3,31.2,50,950.5,11.6,249,0.0,15,2,6,58.0,85.7,37.6,12.0,77.1,79.3,62.65,47.4,43.28333333333333
2026-06-03 16:00:00,45.6,30.1,55,951.0,9.3,257,0.0,16,2,6,58.3,39.1,81.4,15.1,69.2,55.3,66.10000000000001,51.25833333333333,42.5
2026-06-03 17:00:00,56.1,29.8,56,951.4,7.4,248,0.0,17,2,6,45.6,58.0,74.1,34.2,65.8,49.8,60.13333333333333,53.800000000000004,41.516666666666666
2026-06-03 18:00:00,48.6,29.4,58,951.0,10.4,234,0.0,18,2,6,56.1,58.3,85.7,22.8,57.1,39.3,57.13333333333333,55.625,41.112500000000004
2026-06-03 19:00:00,23.6,28.7,61,950.6,12.4,236,0.0,19,2,6,48.6,45.6,39.1,44.8,46.8,54.5,50.95000000000001,57.775,40.75833333333333
2026-06-03 20:00:00,12.0,27.9,63,949.9,12.5,240,0.0,20,2,6,23.6,56.1,58.0,64.0,55.3,30.7,48.36666666666667,56.00833333333333,39.791666666666664
2026-06-03 21:00:00,19.9,27.3,64,949.7,11.3,250,0.0,21,2,6,12.0,48.6,58.3,37.6,12.0,12.0,40.699999999999996,51.675000000000004,37.9875
2026-06-03 22:00:00,12.0,27.2,63,949.6,11.0,266,0.0,22,2,6,19.9,23.6,45.6,81.4,17.5,12.0,34.300000000000004,50.199999999999996,38.31666666666666
2026-06-03 23:00:00,12.0,26.9,64,949.8,11.4,264,0.0,23,2,6,12.0,12.0,56.1,74.1,12.0,12.0,28.7,44.416666666666664,38.0875
2026-06-04 00:00:00,12.0,27.0,67,950.2,13.4,266,0.0,0,3,6,12.0,19.9,48.6,85.7,12.0,15.0,21.349999999999998,39.24166666666667,38.0875
2026-06-04 01:00:00,12.0,27.2,64,950.9,15.0,280,0.0,1,3,6,12.0,12.0,23.6,39.1,33.2,18.5,15.25,33.1,38.0875
2026-06-04 02:00:00,12.0,28.1,60,951.5,14.4,282,0.0,2,3,6,12.0,12.0,12.0,58.0,12.0,24.7,13.316666666666668,30.84166666666667,37.20416666666667
2026-06-04 03:00:00,13.9,29.5,55,952.0,13.7,286,0.0,3,3,6,12.0,12.0,19.9,58.3,12.0,12.0,13.316666666666668,27.008333333333336,37.20416666666667
2026-06-04 04:00:00,12.0,30.2,52,952.2,13.0,292,0.0,4,3,6,13.9,12.0,12.0,45.6,15.1,47.6,12.316666666666668,23.308333333333334,37.28333333333334
2026-06-04 05:00:00,12.0,32.0,46,952.3,12.3,293,0.0,5,3,6,12.0,12.0,12.0,56.1,34.2,50.1,12.316666666666668,20.508333333333336,37.15416666666667
2026-06-04 06:00:00,43.9,33.9,41,952.0,11.9,273,0.0,6,3,6,12.0,13.9,12.0,48.6,22.8,50.2,12.316666666666668,16.833333333333332,36.229166666666664
2026-06-04 07:00:00,43.2,34.0,38,951.4,12.0,279,0.3,7,3,6,43.9,12.0,12.0,23.6,44.8,68.4,17.633333333333333,16.441666666666666,37.108333333333334
2026-06-04 08:00:00,48.2,34.2,38,950.7,11.8,282,0.1,8,3,6,43.2,12.0,12.0,12.0,64.0,51.4,22.833333333333332,18.075,37.041666666666664
2026-06-04 09:00:00,61.1,34.4,39,949.6,9.7,274,0.2,9,3,6,48.2,43.9,13.9,19.9,37.6,91.6,28.866666666666664,21.09166666666667,36.38333333333333
2026-06-04 10:00:00,64.7,35.0,37,949.0,8.8,268,0.0,10,3,6,61.1,43.2,12.0,12.0,81.4,73.7,36.733333333333334,24.525000000000002,37.362500000000004
2026-06-04 11:00:00,65.4,34.5,37,948.5,9.9,272,0.0,11,3,6,64.7,48.2,12.0,12.0,74.1,52.8,45.51666666666667,28.916666666666668,36.666666666666664
2026-06-04 12:00:00,30.4,33.6,39,948.8,11.2,281,0.0,12,3,6,65.4,61.1,43.9,12.0,85.7,81.6,54.416666666666664,33.36666666666667,36.30416666666667
2026-06-04 13:00:00,73.8,32.7,42,949.2,8.6,311,0.0,13,3,6,30.4,64.7,43.2,12.0,39.1,78.4,52.166666666666664,34.9,34.0
2026-06-04 14:00:00,66.2,31.8,47,950.0,9.8,310,0.3,14,3,6,73.8,65.4,48.2,12.0,58.0,92.2,57.26666666666666,40.050000000000004,35.44583333333333
2026-06-04 15:00:00,82.2,31.3,48,950.2,6.1,302,0.0,15,3,6,66.2,30.4,61.1,13.9,58.3,77.1,60.26666666666666,44.56666666666666,35.7875
2026-06-04 16:00:00,50.6,30.8,51,950.5,5.5,251,0.0,16,3,6,82.2,73.8,64.7,12.0,45.6,69.2,63.78333333333334,50.25833333333333,36.78333333333333
2026-06-04 17:00:00,24.4,29.8,58,950.6,7.1,246,0.0,17,3,6,50.6,66.2,65.4,12.0,56.1,65.8,61.43333333333333,53.475,36.99166666666667
2026-06-04 18:00:00,39.0,28.3,65,950.4,7.4,229,0.0,18,3,6,24.4,82.2,30.4,43.9,48.6,57.1,54.6,54.50833333333333,35.67083333333333
2026-06-04 19:00:00,15.6,28.0,65,950.0,7.5,249,0.0,19,3,6,39.0,50.6,73.8,43.2,23.6,46.8,56.03333333333334,54.1,35.270833333333336
2026-06-04 20:00:00,14.7,27.6,66,949.7,7.5,246,0.0,20,3,6,15.6,24.4,66.2,48.2,12.0,55.3,46.333333333333336,51.800000000000004,34.9375
2026-06-04 21:00:00,20.8,27.5,66,949.4,8.4,245,0.0,21,3,6,14.7,39.0,82.2,61.1,19.9,12.0,37.75000000000001,49.008333333333326,35.050000000000004
2026-06-04 22:00:00,12.0,27.4,65,949.5,9.2,250,0.0,22,3,6,20.8,15.6,50.6,64.7,12.0,17.5,27.516666666666666,45.650000000000006,35.0875
2026-06-04 23:00:00,15.0,27.2,65,950.0,9.6,267,0.0,23,3,6,12.0,14.7,24.4,65.4,12.0,12.0,21.083333333333332,41.25833333333333,35.0875
2026-06-05 00:00:00,12.0,26.6,73,950.5,15.0,276,0.0,0,4,6,15.0,20.8,39.0,30.4,12.0,12.0,19.516666666666666,37.05833333333334,35.2125
2026-06-05 01:00:00,12.0,26.3,76,950.8,14.2,277,0.1,1,4,6,12.0,12.0,15.6,73.8,12.0,33.2,15.016666666666666,35.525,35.2125
2026-06-05 02:00:00,12.0,27.2,71,951.2,15.2,280,0.0,2,4,6,12.0,15.0,14.7,66.2,12.0,12.0,14.416666666666666,30.375,35.2125
2026-06-05 03:00:00,12.0,28.6,65,951.4,13.2,282,0.0,3,4,6,12.0,12.0,20.8,82.2,13.9,12.0,13.966666666666669,25.858333333333334,35.2125
2026-06-05 04:00:00,12.0,29.1,62,951.4,12.4,283,0.0,4,4,6,12.0,12.0,12.0,50.6,12.0,15.1,12.5,20.008333333333333,35.13333333333333
2026-06-05 05:00:00,18.4,29.6,60,951.4,12.0,283,0.0,5,4,6,12.0,12.0,15.0,24.4,12.0,34.2,12.5,16.791666666666668,35.13333333333333
2026-06-05 06:00:00,33.1,30.3,58,951.7,11.8,281,0.0,6,4,6,18.4,12.0,12.0,39.0,43.9,22.8,13.066666666666668,16.291666666666668,35.4
2026-06-05 07:00:00,44.7,31.0,55,951.3,12.1,291,0.0,7,4,6,33.1,12.0,12.0,15.6,43.2,44.8,16.583333333333332,15.799999999999999,34.949999999999996
2026-06-05 08:00:00,34.1,31.7,52,950.5,11.6,292,0.0,8,4,6,44.7,18.4,12.0,14.7,48.2,64.0,22.03333333333333,18.225,35.012499999999996
2026-06-05 09:00:00,72.5,32.4,49,949.2,10.5,290,0.0,9,4,6,34.1,33.1,12.0,20.8,61.1,37.6,25.71666666666667,19.841666666666665,34.425000000000004
2026-06-05 10:00:00,65.2,33.2,46,948.7,8.8,301,0.0,10,4,6,72.5,44.7,12.0,12.0,64.7,81.4,35.800000000000004,24.150000000000002,34.9
2026-06-05 11:00:00,63.1,33.5,43,948.2,8.0,312,0.0,11,4,6,65.2,34.1,18.4,15.0,65.4,74.1,44.666666666666664,28.583333333333332,34.920833333333334
2026-06-05 12:00:00,71.7,32.3,45,948.0,7.1,315,0.0,12,4,6,63.1,72.5,33.1,12.0,30.4,85.7,52.11666666666667,32.59166666666667,34.824999999999996
2026-06-05 13:00:00,62.9,32.1,47,948.6,6.7,279,0.0,13,4,6,71.7,65.2,44.7,12.0,73.8,39.1,58.55000000000001,37.56666666666667,36.545833333333334
2026-06-05 14:00:00,90.5,31.8,49,949.3,6.3,263,0.0,14,4,6,62.9,63.1,34.1,12.0,66.2,58.0,61.583333333333336,41.80833333333333,36.09166666666667
2026-06-05 15:00:00,53.1,31.4,53,949.8,5.6,241,0.0,15,4,6,90.5,71.7,72.5,12.0,82.2,58.3,70.98333333333333,48.35,37.104166666666664
2026-06-05 16:00:00,52.8,30.8,56,950.3,7.0,220,0.0,16,4,6,53.1,62.9,65.2,12.0,50.6,45.6,67.75,51.775000000000006,35.891666666666666
2026-06-05 17:00:00,44.8,29.8,60,951.0,10.4,242,0.0,17,4,6,52.8,90.5,63.1,18.4,24.4,56.1,65.68333333333332,55.175000000000004,35.983333333333334
2026-06-05 18:00:00,12.0,25.3,85,950.6,16.7,240,0.0,18,4,6,44.8,53.1,71.7,33.1,39.0,48.6,62.63333333333333,57.375,36.833333333333336
2026-06-05 19:00:00,22.0,25.8,80,950.3,11.1,256,0.3,19,4,6,12.0,52.8,62.9,44.7,15.6,23.6,52.68333333333334,55.61666666666667,35.708333333333336
2026-06-05 20:00:00,12.0,24.5,85,950.7,13.2,331,1.5,20,4,6,22.0,44.8,90.5,34.1,14.7,12.0,45.86666666666667,53.724999999999994,35.975
2026-06-05 21:00:00,12.0,23.8,91,949.5,15.8,287,4.0,21,4,6,12.0,12.0,53.1,72.5,20.8,19.9,32.78333333333333,51.883333333333326,35.862500000000004
2026-06-05 22:00:00,12.0,23.7,89,949.5,16.7,292,1.3,22,4,6,12.0,22.0,52.8,65.2,12.0,12.0,25.933333333333334,46.84166666666666,35.49583333333334
2026-06-05 23:00:00,12.0,23.7,89,949.3,10.7,277,0.1,23,4,6,12.0,12.0,44.8,63.1,15.0,12.0,19.13333333333333,42.40833333333334,35.49583333333334
2026-06-06 00:00:00,12.0,26.7,70,949.7,11.6,313,0.0,0,5,6,12.0,12.0,12.0,71.7,12.0,12.0,13.666666666666666,38.15,35.37083333333334
2026-06-06 01:00:00,12.0,26.6,70,950.2,9.9,307,0.0,1,5,6,12.0,12.0,22.0,62.9,12.0,12.0,13.666666666666666,33.175000000000004,35.37083333333334
2026-06-06 02:00:00,12.0,27.3,66,950.8,9.2,303,0.0,2,5,6,12.0,12.0,12.0,90.5,12.0,12.0,12.0,28.933333333333337,35.37083333333334
2026-06-06 03:00:00,12.0,29.3,60,951.5,9.5,302,0.0,3,5,6,12.0,12.0,12.0,53.1,12.0,13.9,12.0,22.39166666666667,35.37083333333334
2026-06-06 04:00:00,27.1,31.2,53,951.8,9.8,310,0.0,4,5,6,12.0,12.0,12.0,52.8,12.0,12.0,12.0,18.966666666666665,35.37083333333334
2026-06-06 05:00:00,33.0,32.9,45,951.8,10.9,322,0.0,5,5,6,27.1,12.0,12.0,44.8,18.4,12.0,14.516666666666666,16.825,36.0
2026-06-06 06:00:00,38.9,34.2,40,951.9,10.8,339,0.0,6,5,6,33.0,12.0,12.0,12.0,33.1,43.9,18.016666666666666,15.841666666666669,36.60833333333333
2026-06-06 07:00:00,33.9,33.7,42,951.5,9.2,343,0.1,7,5,6,38.9,27.1,12.0,22.0,44.7,43.2,22.5,18.083333333333332,36.85
2026-06-06 08:00:00,70.3,34.5,39,950.7,6.9,329,0.0,8,5,6,33.9,33.0,12.0,12.0,34.1,48.2,26.150000000000002,19.075,36.4
2026-06-06 09:00:00,58.6,35.2,38,949.6,7.2,321,0.0,9,5,6,70.3,38.9,12.0,12.0,72.5,61.1,35.86666666666667,23.933333333333334,37.90833333333333
2026-06-06 10:00:00,42.2,34.8,37,949.2,8.0,306,0.0,10,5,6,58.6,33.9,27.1,12.0,65.2,64.7,43.63333333333333,27.816666666666666,37.329166666666666
2026-06-06 11:00:00,69.4,34.4,38,948.9,7.8,299,0.0,11,5,6,42.2,70.3,33.0,12.0,63.1,65.4,46.15,30.333333333333332,36.37083333333334
2026-06-06 12:00:00,94.8,33.6,39,948.7,0.2,270,0.0,12,5,6,69.4,58.6,38.9,12.0,71.7,30.4,52.21666666666667,35.11666666666667,36.63333333333333
2026-06-06 13:00:00,104.4,31.7,48,949.8,4.7,171,0.2,13,5,6,94.8,42.2,33.9,12.0,62.9,73.8,61.53333333333333,42.016666666666666,37.59583333333333
2026-06-06 14:00:00,74.8,30.8,52,950.3,1.3,45,0.3,14,5,6,104.4,69.4,70.3,12.0,90.5,66.2,73.28333333333333,49.71666666666667,39.324999999999996
2026-06-06 15:00:00,93.8,30.9,52,950.8,5.3,102,0.0,15,5,6,74.8,94.8,58.6,12.0,53.1,82.2,74.03333333333333,54.949999999999996,38.670833333333334
2026-06-06 16:00:00,74.5,30.6,54,951.4,1.9,73,0.0,16,5,6,93.8,104.4,42.2,27.1,52.8,50.6,79.9,61.76666666666667,40.36666666666667
2026-06-06 17:00:00,56.4,30.4,50,951.6,7.7,159,0.0,17,5,6,74.5,74.8,69.4,33.0,44.8,24.4,85.28333333333335,65.71666666666667,41.270833333333336
2026-06-06 18:00:00,31.8,29.6,59,951.6,8.2,251,0.0,18,5,6,56.4,93.8,94.8,38.9,12.0,39.0,83.11666666666666,67.66666666666667,41.75416666666666
2026-06-06 19:00:00,17.1,28.7,63,951.3,10.3,239,0.0,19,5,6,31.8,74.5,104.4,33.9,22.0,15.6,72.61666666666666,67.075,42.579166666666666
2026-06-06 20:00:00,27.7,27.3,71,951.1,17.8,240,0.0,20,5,6,17.1,56.4,74.8,70.3,12.0,14.7,58.06666666666667,65.675,42.375
2026-06-06 21:00:00,12.0,27.0,71,950.8,13.9,264,0.0,21,5,6,27.7,31.8,93.8,58.6,12.0,20.8,50.21666666666667,62.125,43.02916666666667
2026-06-06 22:00:00,12.0,26.6,73,950.6,12.8,264,0.0,22,5,6,12.0,17.1,74.5,42.2,12.0,12.0,36.583333333333336,58.241666666666674,43.02916666666667
2026-06-06 23:00:00,12.0,26.7,74,950.8,12.1,265,0.0,23,5,6,12.0,27.7,56.4,69.4,12.0,15.0,26.166666666666668,55.725,43.02916666666667
2026-06-07 00:00:00,12.0,24.8,92,951.3,11.8,279,0.0,0,6,6,12.0,12.0,31.8,94.8,12.0,12.0,18.76666666666667,50.94166666666667,43.02916666666667
2026-06-07 01:00:00,12.0,25.2,91,951.5,10.3,265,0.5,1,6,6,12.0,12.0,17.1,104.4,12.0,12.0,15.466666666666667,44.041666666666664,43.02916666666667
2026-06-07 02:00:00,12.0,26.0,87,952.2,7.4,263,0.0,2,6,6,12.0,12.0,27.7,74.8,12.0,12.0,14.616666666666667,36.34166666666666,43.02916666666667
2026-06-07 03:00:00,27.1,27.8,75,952.8,9.8,275,0.0,3,6,6,12.0,12.0,12.0,93.8,12.0,12.0,12.0,31.10833333333333,43.02916666666667
2026-06-07 04:00:00,26.7,28.1,71,953.1,12.2,289,0.0,4,6,6,27.1,12.0,12.0,74.5,27.1,12.0,14.516666666666666,25.55,43.65833333333333
2026-06-07 05:00:00,40.3,28.6,68,953.1,12.9,293,0.0,5,6,6,26.7,12.0,12.0,56.4,33.0,18.4,16.966666666666665,21.566666666666666,43.64166666666667
2026-06-07 06:00:00,24.6,31.0,57,952.7,11.2,292,0.0,6,6,6,40.3,27.1,12.0,31.8,38.9,33.1,21.683333333333334,20.224999999999998,43.94583333333333
2026-06-07 07:00:00,58.9,33.2,48,952.1,8.6,299,0.2,7,6,6,24.6,26.7,12.0,17.1,33.9,44.7,23.78333333333333,19.625,43.349999999999994
2026-06-07 08:00:00,78.6,34.6,41,951.2,7.6,313,0.0,8,6,6,58.9,40.3,12.0,27.7,70.3,34.1,31.599999999999998,23.108333333333334,44.39166666666666
2026-06-07 09:00:00,74.5,35.0,39,950.3,8.9,306,0.0,9,6,6,78.6,24.6,27.1,12.0,58.6,72.5,42.699999999999996,27.349999999999998,44.737500000000004
2026-06-07 10:00:00,52.8,34.9,38,949.6,9.7,304,0.0,10,6,6,74.5,58.9,26.7,12.0,42.2,65.2,50.6,32.55833333333333,45.4
2026-06-07 11:00:00,49.2,34.3,39,949.1,9.7,298,0.1,11,6,6,52.8,78.6,40.3,12.0,69.4,63.1,54.949999999999996,35.958333333333336,45.84166666666666
2026-06-07 12:00:00,67.7,33.2,45,948.9,6.0,303,0.0,12,6,6,49.2,74.5,24.6,12.0,94.8,71.7,56.43333333333334,39.05833333333333,45.0
2026-06-07 13:00:00,67.8,32.0,54,949.6,5.2,295,0.0,13,6,6,67.7,52.8,58.9,12.0,104.4,62.9,63.61666666666667,43.699999999999996,43.87083333333334
2026-06-07 14:00:00,72.3,30.7,56,950.5,10.7,297,0.0,14,6,6,67.8,49.2,78.6,12.0,74.8,90.5,65.10000000000001,48.35,42.34583333333334
2026-06-07 15:00:00,58.3,29.2,63,951.1,9.0,270,0.0,15,6,6,72.3,67.7,74.5,27.1,93.8,53.1,64.05,53.375,42.24166666666667
2026-06-07 16:00:00,68.6,29.2,64,951.4,8.7,265,0.0,16,6,6,58.3,67.8,52.8,26.7,74.5,52.8,61.349999999999994,55.974999999999994,40.762499999999996
2026-06-07 17:00:00,12.8,27.1,76,952.5,18.6,240,0.0,17,6,6,68.6,72.3,49.2,40.3,56.4,44.8,63.98333333333333,59.46666666666666,40.516666666666666
2026-06-07 18:00:00,21.4,26.6,79,952.1,11.0,230,0.0,18,6,6,12.8,58.3,67.7,24.6,31.8,12.0,57.91666666666666,57.175000000000004,38.7
2026-06-07 19:00:00,34.7,26.0,78,951.4,10.6,246,0.0,19,6,6,21.4,68.6,67.8,58.9,17.1,22.0,50.199999999999996,56.90833333333333,38.266666666666666
2026-06-07 20:00:00,12.0,25.5,80,951.2,12.9,262,0.0,20,6,6,34.7,12.8,72.3,78.6,27.7,12.0,44.68333333333334,54.89166666666666,38.99999999999999
2026-06-07 21:00:00,12.0,25.4,81,951.0,11.9,264,0.0,21,6,6,12.0,21.4,58.3,74.5,12.0,12.0,34.63333333333333,49.34166666666666,38.34583333333333
2026-06-07 22:00:00,12.0,25.5,82,951.0,12.2,268,0.0,22,6,6,12.0,34.7,68.6,52.8,12.0,12.0,26.916666666666668,44.133333333333326,38.34583333333333
2026-06-07 23:00:00,12.0,25.7,80,950.8,12.1,271,0.0,23,6,6,12.0,12.0,12.8,49.2,12.0,12.0,17.483333333333334,40.733333333333334,38.34583333333333
2026-06-08 00:00:00,13.9,24.9,79,951.3,8.7,266,0.0,0,0,6,12.0,12.0,21.4,67.7,12.0,12.0,17.35,37.63333333333333,38.34583333333333
2026-06-08 01:00:00,21.9,25.0,80,951.8,7.3,290,0.0,1,0,6,13.9,12.0,34.7,67.8,12.0,12.0,16.1,33.15,38.425000000000004
2026-06-08 02:00:00,12.0,25.9,76,952.5,7.4,296,0.0,2,0,6,21.9,12.0,12.0,72.3,12.0,12.0,13.966666666666667,29.325,38.8375
2026-06-08 03:00:00,12.0,27.1,72,952.8,7.2,307,0.0,3,0,6,12.0,13.9,12.0,58.3,27.1,12.0,13.966666666666667,24.3,38.8375
2026-06-08 04:00:00,32.0,29.2,63,953.0,7.5,314,0.0,4,0,6,12.0,21.9,12.0,68.6,26.7,27.1,13.966666666666667,20.441666666666666,38.208333333333336
2026-06-08 05:00:00,34.3,31.0,55,952.5,7.0,293,0.0,5,0,6,32.0,12.0,12.0,12.8,40.3,33.0,17.3,17.391666666666666,38.42916666666667
2026-06-08 06:00:00,26.8,31.1,53,952.7,9.3,314,0.0,6,0,6,34.3,12.0,13.9,21.4,24.6,38.9,21.016666666666666,19.183333333333334,38.17916666666667
2026-06-08 07:00:00,32.7,30.8,55,952.1,10.5,299,0.1,7,0,6,26.8,32.0,21.9,34.7,58.9,33.9,23.166666666666668,19.633333333333333,38.270833333333336
2026-06-08 08:00:00,51.0,31.1,55,951.2,10.0,293,0.0,8,0,6,32.7,34.3,12.0,12.0,78.6,70.3,24.96666666666667,19.466666666666665,37.17916666666667
2026-06-08 09:00:00,53.0,31.6,52,950.2,10.4,287,0.0,9,0,6,51.0,26.8,12.0,12.0,74.5,58.6,31.46666666666667,22.716666666666665,36.02916666666666
2026-06-08 10:00:00,77.9,31.3,53,949.9,10.3,265,0.0,10,0,6,53.0,32.7,32.0,12.0,52.8,42.2,38.300000000000004,26.13333333333333,35.13333333333333
2026-06-08 11:00:00,66.6,30.6,57,949.7,10.5,267,0.2,11,0,6,77.9,51.0,34.3,12.0,49.2,69.4,45.949999999999996,31.625,36.17916666666667
2026-06-08 12:00:00,52.9,29.6,61,949.7,12.2,251,0.0,12,0,6,66.6,53.0,26.8,13.9,67.7,94.8,51.333333333333336,36.175,36.90416666666666
2026-06-08 13:00:00,56.9,29.4,61,950.2,12.4,246,0.0,13,0,6,52.9,77.9,32.7,21.9,67.8,104.4,55.68333333333333,39.425000000000004,36.2875
2026-06-08 14:00:00,49.1,28.9,65,950.9,9.9,238,0.0,14,0,6,56.9,66.6,51.0,12.0,72.3,74.8,59.71666666666666,42.34166666666667,35.833333333333336
2026-06-08 15:00:00,54.7,29.1,62,951.5,12.2,241,0.0,15,0,6,49.1,52.9,53.0,12.0,58.3,93.8,59.4,45.43333333333334,34.86666666666667
2026-06-08 16:00:00,60.1,28.6,62,952.1,14.0,246,0.0,16,0,6,54.7,56.9,77.9,32.0,68.6,74.5,59.68333333333333,48.99166666666667,34.71666666666667
2026-06-08 17:00:00,28.8,27.6,68,951.9,13.3,245,0.0,17,0,6,60.1,49.1,66.6,34.3,12.8,56.4,56.71666666666667,51.333333333333336,34.362500000000004
2026-06-08 18:00:00,23.6,27.8,71,951.2,14.6,251,0.0,18,0,6,28.8,54.7,52.9,26.8,21.4,31.8,50.416666666666664,50.875,35.02916666666666
2026-06-08 19:00:00,24.8,26.9,75,951.1,13.6,263,0.0,19,0,6,23.6,60.1,56.9,32.7,34.7,17.1,45.53333333333333,50.60833333333333,35.12083333333333
2026-06-08 20:00:00,12.0,26.6,77,950.3,12.1,264,0.0,20,0,6,24.8,28.8,49.1,51.0,12.0,27.7,40.18333333333334,49.949999999999996,34.708333333333336
2026-06-08 21:00:00,22.8,26.6,77,949.9,12.1,258,0.0,21,0,6,12.0,23.6,54.7,53.0,12.0,12.0,34.0,46.699999999999996,34.708333333333336
2026-06-08 22:00:00,12.0,26.5,78,950.0,13.6,264,0.0,22,0,6,22.8,24.8,60.1,77.9,12.0,12.0,28.683333333333334,44.18333333333334,35.15833333333334
2026-06-08 23:00:00,12.0,26.3,79,950.2,14.1,263,0.0,23,0,6,12.0,12.0,28.8,66.6,12.0,12.0,20.666666666666668,38.69166666666667,35.15833333333334
2026-06-09 00:00:00,12.0,25.6,80,951.0,12.7,283,0.0,0,1,6,12.0,22.8,23.6,52.9,13.9,12.0,17.866666666666667,34.14166666666667,35.15833333333334
2026-06-09 01:00:00,12.0,25.6,81,951.2,11.1,277,0.0,1,1,6,12.0,12.0,24.8,56.9,21.9,12.0,15.933333333333332,30.733333333333334,35.079166666666666
2026-06-09 02:00:00,12.0,26.5,79,951.4,11.2,270,0.0,2,1,6,12.0,12.0,12.0,49.1,12.0,12.0,13.799999999999999,26.99166666666667,34.666666666666664
2026-06-09 03:00:00,12.0,27.8,72,951.9,14.1,277,0.0,3,1,6,12.0,12.0,22.8,54.7,12.0,27.1,13.799999999999999,23.900000000000002,34.666666666666664
2026-06-09 04:00:00,12.0,29.0,66,952.3,15.4,280,0.0,4,1,6,12.0,12.0,12.0,60.1,32.0,26.7,12.0,20.341666666666665,34.666666666666664
2026-06-09 05:00:00,17.2,29.7,62,952.2,15.4,280,0.0,5,1,6,12.0,12.0,12.0,28.8,34.3,40.3,12.0,16.333333333333332,33.833333333333336
2026-06-09 06:00:00,40.2,29.6,62,952.0,14.1,281,0.0,6,1,6,17.2,12.0,12.0,23.6,26.8,24.6,12.866666666666667,15.366666666666665,33.12083333333333
2026-06-09 07:00:00,55.1,30.4,60,951.4,13.4,288,0.0,7,1,6,40.2,12.0,12.0,24.8,32.7,58.9,17.566666666666666,16.75,33.67916666666667
2026-06-09 08:00:00,53.0,31.6,56,950.7,11.6,285,0.0,8,1,6,55.1,17.2,12.0,12.0,51.0,78.6,24.75,19.275,34.612500000000004
2026-06-09 09:00:00,41.9,32.2,52,949.6,10.9,289,0.0,9,1,6,53.0,40.2,12.0,22.8,53.0,74.5,31.583333333333332,22.691666666666666,34.69583333333333
2026-06-09 10:00:00,43.6,28.7,69,949.3,11.7,335,1.0,10,1,6,41.9,55.1,12.0,12.0,77.9,52.8,36.56666666666667,24.28333333333333,34.233333333333334
2026-06-09 11:00:00,37.8,28.5,69,949.2,14.8,249,0.2,11,1,6,43.6,53.0,17.2,12.0,66.6,49.2,41.833333333333336,26.916666666666668,32.80416666666667
2026-06-09 12:00:00,76.5,27.9,75,949.5,8.3,281,0.0,12,1,6,37.8,41.9,40.2,12.0,52.9,67.7,45.26666666666667,29.066666666666666,31.604166666666668
2026-06-09 13:00:00,78.9,27.7,76,949.5,6.8,245,0.1,13,1,6,76.5,43.6,55.1,12.0,56.9,67.8,51.31666666666666,34.44166666666667,32.5875
2026-06-09 14:00:00,54.6,27.9,75,950.1,10.7,250,0.0,14,1,6,78.9,37.8,53.0,12.0,49.1,72.3,55.28333333333334,40.01666666666667,33.50416666666667
2026-06-09 15:00:00,51.1,27.8,74,950.7,11.1,233,0.0,15,1,6,54.6,76.5,41.9,12.0,54.7,58.3,55.550000000000004,43.56666666666667,33.733333333333334
2026-06-09 16:00:00,45.4,27.5,74,951.1,12.2,241,0.0,16,1,6,51.1,78.9,43.6,12.0,60.1,68.6,57.083333333333336,46.824999999999996,33.583333333333336
2026-06-09 17:00:00,25.0,27.1,74,951.4,13.8,238,0.0,17,1,6,45.4,54.6,37.8,17.2,28.8,12.8,57.38333333333333,49.60833333333334,32.97083333333333
2026-06-09 18:00:00,13.7,27.2,74,950.9,16.1,239,0.0,18,1,6,25.0,51.1,76.5,40.2,23.6,21.4,55.25,50.25833333333333,32.8125
2026-06-09 19:00:00,38.7,25.6,79,950.3,16.1,250,0.0,19,1,6,13.7,45.4,78.9,55.1,24.8,34.7,44.78333333333333,48.050000000000004,32.4
2026-06-09 20:00:00,12.0,25.0,81,949.5,15.8,262,0.0,20,1,6,38.7,25.0,54.6,53.0,12.0,12.0,38.083333333333336,46.68333333333334,32.979166666666664
2026-06-09 21:00:00,12.0,25.1,83,949.5,13.0,270,0.0,21,1,6,12.0,13.7,51.1,41.9,22.8,12.0,30.983333333333334,43.26666666666667,32.979166666666664
2026-06-09 22:00:00,12.0,25.1,83,949.8,13.6,278,0.0,22,1,6,12.0,38.7,45.4,43.6,12.0,12.0,24.46666666666667,40.775000000000006,32.52916666666667
2026-06-09 23:00:00,15.0,25.0,83,950.3,13.2,276,0.0,23,1,6,12.0,12.0,25.0,37.8,12.0,12.0,18.900000000000002,38.14166666666667,32.52916666666667
2026-06-10 00:00:00,12.0,25.7,80,950.2,16.1,290,0.0,0,2,6,15.0,12.0,13.7,76.5,12.0,13.9,17.233333333333334,36.24166666666667,32.65416666666667
2026-06-10 01:00:00,12.0,25.9,78,950.7,15.4,291,0.0,1,2,6,12.0,12.0,38.7,78.9,12.0,21.9,16.95,30.866666666666664,32.65416666666667
2026-06-10 02:00:00,12.0,26.8,75,951.5,15.0,290,0.0,2,2,6,12.0,15.0,12.0,54.6,12.0,12.0,12.5,25.291666666666668,32.65416666666667
2026-06-10 03:00:00,12.0,27.9,71,952.0,15.7,295,0.0,3,2,6,12.0,12.0,12.0,51.1,12.0,12.0,12.5,21.741666666666664,32.65416666666667
2026-06-10 04:00:00,12.0,29.3,66,951.9,15.6,294,0.0,4,2,6,12.0,12.0,12.0,45.4,12.0,32.0,12.5,18.48333333333333,32.65416666666667
2026-06-10 05:00:00,12.0,31.0,60,952.0,15.3,294,0.0,5,2,6,12.0,12.0,15.0,25.0,17.2,34.3,12.5,15.700000000000001,32.65416666666667
2026-06-10 06:00:00,27.3,31.8,54,951.9,14.2,302,0.0,6,2,6,12.0,12.0,12.0,13.7,40.2,26.8,12.0,14.616666666666667,32.4375
2026-06-10 07:00:00,36.0,32.7,50,951.3,13.2,302,0.0,7,2,6,27.3,12.0,12.0,38.7,55.1,32.7,14.549999999999999,15.75,31.900000000000002
2026-06-10 08:00:00,53.2,33.5,47,950.5,11.4,303,0.0,8,2,6,36.0,12.0,12.0,12.0,53.0,51.0,18.55,15.525,31.104166666666668
2026-06-10 09:00:00,63.9,33.9,45,949.5,10.0,304,0.0,9,2,6,53.2,27.3,12.0,12.0,41.9,53.0,25.416666666666668,18.958333333333332,31.1125
2026-06-10 10:00:00,72.7,34.0,44,949.0,9.0,301,0.0,10,2,6,63.9,36.0,12.0,12.0,43.6,77.9,34.06666666666667,23.28333333333333,32.02916666666667
2026-06-10 11:00:00,65.9,33.9,45,948.4,7.8,296,0.0,11,2,6,72.7,53.2,12.0,15.0,37.8,66.6,44.18333333333334,28.34166666666667,33.24166666666667
2026-06-10 12:00:00,63.4,32.8,47,948.4,6.5,272,0.0,12,2,6,65.9,63.9,27.3,12.0,76.5,52.9,53.166666666666664,32.583333333333336,34.4125
2026-06-10 13:00:00,62.7,30.2,61,949.3,10.3,258,0.7,13,2,6,63.4,72.7,36.0,12.0,78.9,56.9,59.18333333333333,36.86666666666667,33.86666666666667
2026-06-10 14:00:00,53.4,28.0,68,949.8,10.4,225,0.2,14,2,6,62.7,65.9,53.2,12.0,54.6,49.1,63.63333333333333,41.09166666666667,33.19166666666667
2026-06-10 15:00:00,47.1,27.9,70,950.4,10.5,232,0.1,15,2,6,53.4,63.4,63.9,12.0,51.1,54.7,63.666666666666664,44.541666666666664,33.14166666666667
2026-06-10 16:00:00,42.7,27.7,70,950.7,11.6,228,0.0,16,2,6,47.1,62.7,72.7,12.0,45.4,60.1,60.866666666666674,47.46666666666667,32.975
2026-06-10 17:00:00,19.4,27.8,67,950.8,11.2,229,0.0,17,2,6,42.7,53.4,65.9,12.0,25.0,28.8,55.86666666666667,50.025,32.862500000000004
2026-06-10 18:00:00,25.2,28.0,65,950.6,14.5,232,0.0,18,2,6,19.4,47.1,63.4,27.3,13.7,23.6,48.11666666666667,50.64166666666667,32.62916666666667
2026-06-10 19:00:00,12.0,27.5,66,950.2,14.7,243,0.0,19,2,6,25.2,42.7,62.7,36.0,38.7,24.8,41.75,50.46666666666667,33.108333333333334
2026-06-10 20:00:00,12.0,27.1,67,949.6,15.5,252,0.0,20,2,6,12.0,19.4,53.4,53.2,12.0,12.0,33.300000000000004,48.46666666666667,31.995833333333337
2026-06-10 21:00:00,12.0,27.0,69,949.4,14.5,264,0.0,21,2,6,12.0,25.2,47.1,63.9,12.0,22.8,26.400000000000002,45.03333333333333,31.995833333333337
2026-06-10 22:00:00,12.0,26.7,70,949.5,14.0,269,0.0,22,2,6,12.0,12.0,42.7,72.7,12.0,12.0,20.55,40.708333333333336,31.995833333333337
2026-06-10 23:00:00,12.0,26.3,70,949.9,14.4,274,0.0,23,2,6,12.0,12.0,19.4,65.9,15.0,12.0,15.433333333333332,35.65,31.995833333333337
2026-06-11 00:00:00,22.8,25.8,72,950.2,11.3,290,0.0,0,3,6,12.0,12.0,25.2,63.4,12.0,12.0,14.200000000000001,31.15833333333333,31.870833333333337
2026-06-11 01:00:00,15.5,25.9,72,951.0,6.4,281,0.0,1,3,6,22.8,12.0,12.0,62.7,12.0,12.0,13.799999999999999,27.775000000000002,32.32083333333333
2026-06-11 02:00:00,21.8,26.9,67,952.1,2.0,243,0.0,2,3,6,15.5,12.0,12.0,53.4,12.0,12.0,14.383333333333333,23.841666666666665,32.46666666666667
2026-06-11 03:00:00,18.8,28.0,64,952.4,5.8,275,0.0,3,3,6,21.8,22.8,12.0,47.1,12.0,12.0,16.016666666666666,21.208333333333332,32.87500000000001
2026-06-11 04:00:00,25.9,29.3,61,952.7,7.7,273,0.0,4,3,6,18.8,15.5,12.0,42.7,12.0,12.0,17.150000000000002,18.85,33.15833333333333
2026-06-11 05:00:00,31.2,30.9,57,952.6,8.6,282,0.0,5,3,6,25.9,21.8,12.0,19.4,12.0,17.2,19.466666666666665,17.45,33.7375
2026-06-11 06:00:00,45.0,31.7,55,951.9,8.6,271,0.0,6,3,6,31.2,18.8,22.8,25.2,27.3,40.2,22.666666666666668,18.433333333333334,34.5375
2026-06-11 07:00:00,40.8,32.8,50,951.1,8.4,280,0.0,7,3,6,45.0,25.9,15.5,12.0,36.0,55.1,26.366666666666664,20.083333333333332,35.275
2026-06-11 08:00:00,62.5,33.7,47,950.3,8.1,282,0.0,8,3,6,40.8,31.2,21.8,12.0,53.2,53.0,30.583333333333332,22.483333333333334,35.475
2026-06-11 09:00:00,88.3,34.3,44,949.5,7.2,271,0.0,9,3,6,62.5,45.0,18.8,12.0,63.9,41.9,37.36666666666667,26.691666666666666,35.862500000000004
2026-06-11 10:00:00,78.1,34.5,42,949.1,7.6,267,0.0,10,3,6,88.3,40.8,25.9,12.0,72.7,43.6,48.949999999999996,33.050000000000004,36.87916666666666
2026-06-11 11:00:00,76.0,34.3,42,948.6,8.1,253,0.0,11,3,6,78.1,62.5,31.2,12.0,65.9,37.8,57.65,38.55833333333333,37.104166666666664
2026-06-11 12:00:00,68.3,34.3,45,948.1,8.0,245,0.0,12,3,6,76.0,88.3,45.0,22.8,63.4,76.5,65.11666666666666,43.89166666666667,37.525
2026-06-11 13:00:00,95.7,32.5,54,948.3,5.6,228,0.0,13,3,6,68.3,78.1,40.8,15.5,62.7,78.9,69.0,47.68333333333333,37.729166666666664
2026-06-11 14:00:00,77.8,30.3,63,948.7,8.5,168,0.0,14,3,6,95.7,76.0,62.5,21.8,53.4,54.6,78.15,54.36666666666667,39.104166666666664
2026-06-11 15:00:00,69.8,29.6,64,949.6,9.6,163,0.0,15,3,6,77.8,68.3,88.3,18.8,47.1,51.1,80.69999999999999,59.03333333333333,40.12083333333333
2026-06-11 16:00:00,42.0,29.3,64,950.5,8.1,185,0.0,16,3,6,69.8,95.7,78.1,25.9,42.7,45.4,77.61666666666666,63.28333333333333,41.06666666666667
2026-06-11 17:00:00,50.1,29.0,60,950.8,8.5,215,0.0,17,3,6,42.0,77.8,76.0,31.2,19.4,25.0,71.6,64.625,41.0375
2026-06-11 18:00:00,36.5,28.6,61,950.9,7.4,184,0.0,18,3,6,50.1,69.8,68.3,45.0,25.2,13.7,67.28333333333333,66.2,42.31666666666667
2026-06-11 19:00:00,40.5,28.0,63,950.4,7.6,208,0.0,19,3,6,36.5,42.0,95.7,40.8,12.0,38.7,61.98333333333333,65.49166666666667,42.787499999999994
2026-06-11 20:00:00,12.0,27.6,61,949.6,8.6,229,0.0,20,3,6,40.5,50.1,77.8,62.5,12.0,12.0,52.78333333333333,65.46666666666667,43.974999999999994
2026-06-11 21:00:00,12.0,27.1,60,949.5,11.2,232,0.0,21,3,6,12.0,36.5,69.8,88.3,12.0,12.0,41.81666666666667,61.25833333333333,43.974999999999994
2026-06-11 22:00:00,12.0,27.0,58,949.6,13.2,246,0.0,22,3,6,12.0,40.5,42.0,78.1,12.0,12.0,32.18333333333334,54.900000000000006,43.974999999999994
2026-06-11 23:00:00,12.0,26.6,65,950.0,12.8,265,0.0,23,3,6,12.0,12.0,50.1,76.0,12.0,15.0,27.183333333333337,49.39166666666667,43.974999999999994
2026-06-12 00:00:00,12.0,25.9,70,950.7,10.8,259,0.0,0,4,6,12.0,12.0,36.5,68.3,22.8,12.0,20.833333333333332,44.05833333333334,43.974999999999994
2026-06-12 01:00:00,12.0,26.2,75,951.5,9.3,242,0.0,1,4,6,12.0,12.0,40.5,95.7,15.5,12.0,16.75,39.36666666666667,43.525
2026-06-12 02:00:00,12.9,27.5,72,952.5,11.0,245,0.0,2,4,6,12.0,12.0,12.0,77.8,21.8,12.0,12.0,32.391666666666666,43.37916666666666
2026-06-12 03:00:00,12.0,28.8,67,953.0,12.8,253,0.0,3,4,6,12.9,12.0,12.0,69.8,18.8,12.0,12.15,26.983333333333334,43.00833333333333
2026-06-12 04:00:00,12.0,30.4,60,953.3,11.8,263,0.0,4,4,6,12.0,12.0,12.0,42.0,25.9,12.0,12.15,22.166666666666668,42.725
2026-06-12 05:00:00,26.8,31.8,54,953.4,11.5,270,0.0,5,4,6,12.0,12.9,12.0,50.1,31.2,12.0,12.15,19.666666666666668,42.145833333333336
2026-06-12 06:00:00,33.2,30.8,56,953.3,11.4,266,0.0,6,4,6,26.8,12.0,12.0,36.5,45.0,27.3,14.616666666666667,17.725,41.9625
2026-06-12 07:00:00,43.7,31.8,51,952.8,10.7,278,0.0,7,4,6,33.2,12.0,12.0,40.5,40.8,36.0,18.150000000000002,17.45,41.47083333333333
2026-06-12 08:00:00,54.2,32.9,47,952.1,10.9,279,0.0,8,4,6,43.7,26.8,12.9,12.0,62.5,53.2,23.433333333333337,17.71666666666667,41.59166666666667
2026-06-12 09:00:00,49.9,33.9,42,951.3,10.0,276,0.0,9,4,6,54.2,33.2,12.0,12.0,88.3,63.9,30.316666666666666,21.233333333333334,41.24583333333333
2026-06-12 10:00:00,85.8,34.1,40,950.9,9.7,272,0.0,10,4,6,49.9,43.7,12.0,12.0,78.1,72.7,36.63333333333333,24.39166666666667,39.645833333333336
2026-06-12 11:00:00,67.8,33.8,41,950.3,9.4,266,0.0,11,4,6,85.8,54.2,26.8,12.0,76.0,65.9,48.93333333333334,30.541666666666668,39.96666666666667
2026-06-12 12:00:00,77.9,34.0,39,949.8,8.3,256,0.0,12,4,6,67.8,49.9,33.2,12.0,68.3,63.4,55.76666666666666,35.19166666666667,39.625
2026-06-12 13:00:00,77.4,32.9,46,950.2,6.3,257,0.0,13,4,6,77.9,85.8,43.7,12.0,95.7,62.7,63.21666666666667,40.68333333333334,40.025
2026-06-12 14:00:00,66.0,31.6,53,950.9,6.4,230,0.0,14,4,6,77.4,67.8,54.2,12.9,77.8,53.4,68.83333333333333,46.13333333333333,39.2625
2026-06-12 15:00:00,54.8,30.9,56,951.7,7.2,212,0.0,15,4,6,66.0,77.9,49.9,12.0,69.8,47.1,70.8,50.55833333333334,38.770833333333336
2026-06-12 16:00:00,64.3,30.4,56,952.7,9.3,224,0.0,16,4,6,54.8,77.4,85.8,12.0,42.0,42.7,71.61666666666666,54.125,38.145833333333336
2026-06-12 17:00:00,49.7,29.7,58,952.7,8.5,241,0.0,17,4,6,64.3,66.0,67.8,26.8,50.1,19.4,68.03333333333333,58.48333333333334,39.074999999999996
2026-06-12 18:00:00,39.2,28.8,63,952.4,4.8,283,0.0,18,4,6,49.7,54.8,77.9,33.2,36.5,25.2,65.01666666666667,60.39166666666666,39.05833333333333
2026-06-12 19:00:00,64.4,27.9,67,951.8,5.3,237,0.0,19,4,6,39.2,64.3,77.4,43.7,40.5,12.0,58.56666666666666,60.89166666666667,39.170833333333334
2026-06-12 20:00:00,24.9,27.5,68,950.9,6.8,230,0.0,20,4,6,64.4,49.7,66.0,54.2,12.0,12.0,56.400000000000006,62.61666666666667,40.166666666666664
2026-06-12 21:00:00,17.9,27.3,68,950.5,7.2,251,0.0,21,4,6,24.9,39.2,54.8,49.9,12.0,12.0,49.550000000000004,60.17499999999999,40.704166666666666
2026-06-12 22:00:00,23.6,27.2,67,950.7,6.9,240,0.0,22,4,6,17.9,64.4,64.3,85.8,12.0,12.0,43.4,57.50833333333333,40.949999999999996
2026-06-12 23:00:00,12.0,27.1,64,951.1,10.5,253,0.0,23,4,6,23.6,24.9,49.7,67.8,12.0,12.0,36.61666666666667,52.324999999999996,41.43333333333333
2026-06-13 00:00:00,12.0,25.1,75,952.4,8.9,243,0.0,0,5,6,12.0,17.9,39.2,77.9,12.0,22.8,30.333333333333332,47.67499999999999,41.43333333333333
2026-06-13 01:00:00,12.0,24.5,82,952.9,10.0,229,0.3,1,5,6,12.0,23.6,64.4,77.4,12.0,15.5,25.8,42.18333333333333,41.43333333333333
2026-06-13 02:00:00,19.1,25.4,80,953.7,6.0,217,0.0,2,5,6,12.0,12.0,24.9,66.0,12.9,21.8,17.066666666666666,36.733333333333334,41.43333333333333
2026-06-13 03:00:00,19.3,26.8,75,953.8,10.4,253,0.0,3,5,6,19.1,12.0,17.9,54.8,12.0,18.8,16.099999999999998,32.824999999999996,41.69166666666667
2026-06-13 04:00:00,25.9,28.2,71,954.0,13.2,266,0.0,4,5,6,19.3,12.0,23.6,64.3,12.0,25.9,16.333333333333332,29.866666666666664,41.99583333333333
2026-06-13 05:00:00,12.0,29.5,65,954.0,13.5,271,0.0,5,5,6,25.9,19.1,12.0,49.7,26.8,31.2,16.71666666666667,26.66666666666667,42.575
2026-06-13 06:00:00,17.1,31.2,57,953.7,12.4,272,0.0,6,5,6,12.0,19.3,12.0,39.2,33.2,45.0,16.71666666666667,23.525000000000002,41.958333333333336
2026-06-13 07:00:00,38.7,31.6,56,953.1,11.9,267,0.0,7,5,6,17.1,25.9,12.0,64.4,43.7,40.8,17.566666666666666,21.683333333333334,41.2875
2026-06-13 08:00:00,42.2,32.1,54,952.4,12.1,269,0.0,8,5,6,38.7,12.0,19.1,24.9,54.2,62.5,22.01666666666667,19.541666666666668,41.079166666666666
2026-06-13 09:00:00,58.9,32.9,50,951.3,11.2,268,0.0,9,5,6,42.2,17.1,19.3,17.9,49.9,88.3,25.866666666666664,20.983333333333334,40.57916666666667
2026-06-13 10:00:00,45.0,32.8,48,950.8,11.7,272,0.0,10,5,6,58.9,38.7,25.9,23.6,85.8,78.1,32.46666666666666,24.400000000000002,40.954166666666666
2026-06-13 11:00:00,83.7,28.1,67,951.1,5.1,318,1.1,11,5,6,45.0,42.2,12.0,12.0,67.8,76.0,35.65,26.183333333333334,39.25416666666667
2026-06-13 12:00:00,56.3,30.3,50,950.5,14.1,265,0.9,12,5,6,83.7,58.9,17.1,12.0,77.9,68.3,47.6,32.15833333333333,39.916666666666664
2026-06-13 13:00:00,54.4,29.0,56,951.5,12.3,277,0.1,13,5,6,56.3,45.0,38.7,12.0,77.4,95.7,54.13333333333333,35.85,39.016666666666666
2026-06-13 14:00:00,69.1,28.2,62,951.6,7.6,263,0.1,14,5,6,54.4,83.7,42.2,19.1,66.0,77.8,56.75,39.38333333333333,38.05833333333333
2026-06-13 15:00:00,64.3,27.8,64,952.1,7.9,223,0.0,15,5,6,69.1,56.3,58.9,19.3,54.8,69.8,61.23333333333333,43.54999999999999,38.1875
2026-06-13 16:00:00,68.4,27.0,70,952.6,6.5,204,0.0,16,5,6,64.3,54.4,45.0,25.9,64.3,42.0,62.133333333333326,47.300000000000004,38.583333333333336
2026-06-13 17:00:00,63.1,26.8,71,952.6,4.9,172,0.2,17,5,6,68.4,69.1,83.7,12.0,49.7,50.1,66.03333333333333,50.84166666666667,38.75416666666667
2026-06-13 18:00:00,35.3,25.1,80,951.8,9.4,225,0.1,18,5,6,63.1,64.3,56.3,17.1,39.2,36.5,62.599999999999994,55.1,39.3125
2026-06-13 19:00:00,35.8,25.7,73,951.2,8.6,231,0.3,19,5,6,35.3,68.4,54.4,38.7,64.4,40.5,59.099999999999994,56.61666666666667,39.15
2026-06-13 20:00:00,13.6,26.0,69,950.8,8.6,221,0.0,20,5,6,35.8,63.1,69.1,42.2,24.9,12.0,56.0,56.375,37.958333333333336
2026-06-13 21:00:00,33.1,26.1,66,950.7,8.6,247,0.0,21,5,6,13.6,35.3,64.3,58.9,17.9,12.0,46.74999999999999,53.99166666666667,37.487500000000004
2026-06-13 22:00:00,22.0,26.1,63,950.4,9.9,255,0.0,22,5,6,33.1,35.8,68.4,45.0,23.6,12.0,41.550000000000004,51.84166666666666,38.12083333333334
2026-06-13 23:00:00,12.0,26.6,58,951.3,14.6,257,0.0,23,5,6,22.0,13.6,63.1,83.7,12.0,12.0,33.81666666666666,49.92499999999999,38.05416666666667
2026-06-14 00:00:00,12.0,26.1,66,951.9,15.3,252,0.0,0,6,6,12.0,33.1,35.3,56.3,12.0,12.0,25.299999999999997,43.949999999999996,38.05416666666667
2026-06-14 01:00:00,12.0,26.0,69,952.4,15.7,267,0.0,1,6,6,12.0,22.0,35.8,54.4,12.0,12.0,21.416666666666668,40.25833333333333,38.05416666666667
2026-06-14 02:00:00,12.0,26.3,71,953.0,15.1,273,0.0,2,6,6,12.0,12.0,13.6,69.1,19.1,12.9,17.45,36.725,38.05416666666667
2026-06-14 03:00:00,12.0,26.7,72,953.1,15.6,277,0.0,3,6,6,12.0,12.0,33.1,64.3,19.3,12.0,17.183333333333334,31.96666666666667,37.75833333333333
2026-06-14 04:00:00,12.0,28.1,65,953.1,16.0,287,0.0,4,6,6,12.0,12.0,22.0,68.4,25.9,12.0,13.666666666666666,27.608333333333334,37.45416666666667
2026-06-14 05:00:00,39.9,30.4,57,953.1,15.7,295,0.0,5,6,6,12.0,12.0,12.0,63.1,12.0,26.8,12.0,22.908333333333335,36.875
2026-06-14 06:00:00,12.0,30.2,59,953.1,13.5,293,0.0,6,6,6,39.9,12.0,12.0,35.3,17.1,33.2,16.650000000000002,20.974999999999998,38.0375
2026-06-14 07:00:00,40.1,31.5,55,952.5,12.3,285,0.0,7,6,6,12.0,12.0,12.0,35.8,38.7,43.7,16.650000000000002,19.033333333333335,37.825
2026-06-14 08:00:00,45.9,32.3,52,951.9,12.5,286,0.0,8,6,6,40.1,39.9,12.0,13.6,42.2,54.2,21.333333333333332,19.391666666666666,37.88333333333333
2026-06-14 09:00:00,60.3,32.6,51,950.5,12.7,282,0.1,9,6,6,45.9,12.0,12.0,33.1,58.9,49.9,26.983333333333334,22.083333333333332,38.0375
2026-06-14 10:00:00,52.2,33.0,48,950.2,12.8,284,0.0,10,6,6,60.3,40.1,12.0,22.0,45.0,85.8,35.03333333333333,24.349999999999998,38.09583333333333
2026-06-14 11:00:00,59.3,32.5,47,949.5,13.2,290,0.0,11,6,6,52.2,45.9,39.9,12.0,83.7,67.8,41.733333333333334,26.866666666666664,38.395833333333336
2026-06-14 12:00:00,64.6,32.4,47,949.3,11.3,270,0.2,12,6,6,59.3,60.3,12.0,12.0,56.3,77.9,44.96666666666667,30.808333333333334,37.37916666666666
2026-06-14 13:00:00,59.8,30.6,57,949.8,6.2,287,0.1,13,6,6,64.6,52.2,40.1,12.0,54.4,77.4,53.73333333333333,35.19166666666667,37.725
2026-06-14 14:00:00,80.9,29.8,63,949.7,5.5,197,0.0,14,6,6,59.8,59.3,45.9,12.0,69.1,66.0,57.01666666666666,39.175000000000004,37.949999999999996
2026-06-14 15:00:00,75.3,29.0,65,950.4,5.9,256,0.0,15,6,6,80.9,64.6,60.3,12.0,64.3,54.8,62.849999999999994,44.916666666666664,38.44166666666666
2026-06-14 16:00:00,61.6,28.3,70,951.0,3.7,349,0.0,16,6,6,75.3,59.8,52.2,12.0,68.4,64.3,65.35,50.19166666666666,38.9
2026-06-14 17:00:00,39.3,27.8,69,951.1,6.6,229,0.0,17,6,6,61.6,80.9,59.3,39.9,63.1,49.7,66.91666666666667,54.324999999999996,38.61666666666667
2026-06-14 18:00:00,34.7,26.9,66,950.7,7.6,243,0.0,18,6,6,39.3,75.3,64.6,12.0,35.3,39.2,63.58333333333332,54.275000000000006,37.625
2026-06-14 19:00:00,35.2,26.7,64,950.5,10.4,249,0.0,19,6,6,34.7,61.6,59.8,40.1,35.8,64.4,58.6,56.166666666666664,37.6
2026-06-14 20:00:00,12.0,27.0,57,950.2,13.6,265,0.0,20,6,6,35.2,39.3,80.9,45.9,13.6,24.9,54.5,55.75833333333333,37.574999999999996
2026-06-14 21:00:00,12.0,27.3,55,950.2,12.9,282,0.0,21,6,6,12.0,34.7,75.3,60.3,33.1,17.9,43.01666666666667,52.93333333333334,37.50833333333333
2026-06-14 22:00:00,12.0,26.8,60,950.2,13.9,295,0.0,22,6,6,12.0,35.2,61.6,52.2,22.0,23.6,32.46666666666667,48.90833333333333,36.62916666666666
2026-06-14 23:00:00,12.0,26.6,62,950.7,14.3,298,0.0,23,6,6,12.0,12.0,39.3,59.3,12.0,12.0,24.200000000000003,45.55833333333334,36.2125
2026-06-15 00:00:00,12.0,26.5,62,951.0,12.4,300,0.0,0,0,6,12.0,12.0,34.7,64.6,12.0,12.0,19.650000000000002,41.61666666666667,36.2125
2026-06-15 01:00:00,12.0,26.4,65,951.5,11.6,292,0.0,1,0,6,12.0,12.0,35.2,59.8,12.0,12.0,15.866666666666669,37.233333333333334,36.2125
2026-06-15 02:00:00,26.9,27.4,63,952.1,10.3,286,0.0,2,0,6,12.0,12.0,12.0,80.9,12.0,19.1,12.0,33.25,36.2125
2026-06-15 03:00:00,12.0,28.8,56,952.6,14.3,298,0.0,3,0,6,26.9,12.0,12.0,75.3,12.0,19.3,14.483333333333334,28.75,36.833333333333336
2026-06-15 04:00:00,12.0,30.2,52,952.9,15.7,307,0.0,4,0,6,12.0,12.0,12.0,61.6,12.0,25.9,14.483333333333334,23.474999999999998,36.833333333333336
2026-06-15 05:00:00,29.5,31.5,49,952.8,15.3,309,0.0,5,0,6,12.0,26.9,12.0,39.3,39.9,12.0,14.483333333333334,19.341666666666665,36.833333333333336
2026-06-15 06:00:00,22.3,32.3,47,952.6,14.0,308,0.0,6,0,6,29.5,12.0,12.0,34.7,12.0,17.1,17.400000000000002,18.525000000000002,36.4
2026-06-15 07:00:00,12.0,33.0,47,952.1,13.5,311,0.0,7,0,6,22.3,12.0,12.0,35.2,40.1,38.7,19.116666666666667,17.491666666666667,36.829166666666666
2026-06-15 08:00:00,52.6,33.6,45,951.6,13.0,312,0.0,8,0,6,12.0,29.5,26.9,12.0,45.9,42.2,19.116666666666667,15.558333333333335,35.65833333333333
2026-06-15 09:00:00,50.4,33.9,42,950.7,12.5,315,0.0,9,0,6,52.6,22.3,12.0,12.0,60.3,58.9,23.400000000000002,18.941666666666666,35.9375
2026-06-15 10:00:00,56.0,34.0,41,950.3,12.0,311,0.0,10,0,6,50.4,12.0,12.0,12.0,52.2,45.0,29.8,22.141666666666666,35.525
2026-06-15 11:00:00,69.5,33.5,41,949.7,11.7,313,0.0,11,0,6,56.0,52.6,29.5,12.0,59.3,83.7,37.13333333333333,25.808333333333334,35.68333333333333
2026-06-15 12:00:00,89.3,33.9,37,949.4,9.2,315,0.0,12,0,6,69.5,50.4,22.3,12.0,64.6,56.3,43.800000000000004,30.600000000000005,36.108333333333334
2026-06-15 13:00:00,56.1,33.2,39,949.8,6.2,327,0.0,13,0,6,89.3,56.0,12.0,12.0,59.8,54.4,54.96666666666667,37.041666666666664,37.137499999999996
2026-06-15 14:00:00,92.2,32.5,47,950.6,2.5,291,0.0,14,0,6,56.1,69.5,52.6,26.9,80.9,69.1,62.31666666666666,40.71666666666667,36.983333333333334
2026-06-15 15:00:00,75.5,31.5,50,951.1,5.0,226,0.0,15,0,6,92.2,89.3,50.4,12.0,75.3,64.3,68.91666666666667,46.15833333333334,37.45416666666667
2026-06-15 16:00:00,65.1,30.6,54,951.7,6.4,230,0.0,16,0,6,75.5,56.1,56.0,12.0,61.6,68.4,73.10000000000001,51.45000000000001,37.4625
2026-06-15 17:00:00,59.1,29.5,57,951.9,6.5,246,0.0,17,0,6,65.1,92.2,69.5,29.5,39.3,63.1,74.61666666666666,55.875,37.60833333333333
2026-06-15 18:00:00,38.2,29.2,55,951.3,8.4,222,0.0,18,0,6,59.1,75.5,89.3,22.3,34.7,35.3,72.88333333333334,58.34166666666667,38.43333333333333
2026-06-15 19:00:00,12.0,28.6,55,951.0,7.0,266,0.0,19,0,6,38.2,65.1,56.1,12.0,35.2,35.8,64.36666666666666,59.666666666666664,38.579166666666666
2026-06-15 20:00:00,12.0,28.3,52,950.6,11.1,277,0.0,20,0,6,12.0,59.1,92.2,52.6,12.0,13.6,57.01666666666667,59.666666666666664,37.612500000000004
2026-06-15 21:00:00,14.2,28.0,52,950.7,9.9,299,0.0,21,0,6,12.0,38.2,75.5,50.4,12.0,33.1,43.65,56.28333333333334,37.612500000000004
2026-06-15 22:00:00,20.7,27.2,56,950.5,9.8,316,0.0,22,0,6,14.2,12.0,65.1,56.0,12.0,22.0,33.43333333333333,53.26666666666666,37.70416666666667
2026-06-15 23:00:00,12.0,26.9,53,950.5,11.1,306,0.0,23,0,6,20.7,12.0,59.1,69.5,12.0,12.0,26.03333333333333,50.324999999999996,38.06666666666667
2026-06-16 00:00:00,12.0,27.1,53,951.2,13.2,300,0.0,0,1,6,12.0,14.2,38.2,89.3,12.0,12.0,18.183333333333334,45.53333333333333,38.06666666666667
2026-06-16 01:00:00,12.0,27.1,56,951.6,13.0,301,0.0,1,1,6,12.0,20.7,12.0,56.1,12.0,12.0,13.816666666666668,39.09166666666667,38.06666666666667
2026-06-16 02:00:00,12.0,28.2,55,952.3,12.6,303,0.0,2,1,6,12.0,12.0,12.0,92.2,26.9,12.0,13.816666666666668,35.416666666666664,38.06666666666667
2026-06-16 03:00:00,12.0,29.3,53,952.9,13.9,306,0.0,3,1,6,12.0,12.0,14.2,75.5,12.0,12.0,13.816666666666668,28.733333333333334,37.44583333333333
2026-06-16 04:00:00,12.0,31.1,48,953.3,14.5,314,0.0,4,1,6,12.0,12.0,20.7,65.1,12.0,12.0,13.450000000000001,23.441666666666666,37.44583333333333
2026-06-16 05:00:00,12.0,32.6,44,953.2,14.8,319,0.0,5,1,6,12.0,12.0,12.0,59.1,29.5,39.9,12.0,19.016666666666666,37.44583333333333
2026-06-16 06:00:00,14.6,32.7,45,953.2,12.0,314,0.0,6,1,6,12.0,12.0,12.0,38.2,22.3,12.0,12.0,15.091666666666669,36.71666666666667
2026-06-16 07:00:00,35.6,33.7,42,952.5,11.8,316,0.0,7,1,6,14.6,12.0,12.0,12.0,12.0,40.1,12.433333333333332,13.125,36.395833333333336
2026-06-16 08:00:00,53.8,34.3,38,951.9,11.2,318,0.0,8,1,6,35.6,12.0,12.0,12.0,52.6,45.9,16.366666666666667,15.091666666666667,37.37916666666667
2026-06-16 09:00:00,55.6,34.9,34,951.0,9.9,307,0.0,9,1,6,53.8,14.6,12.0,14.2,50.4,60.3,23.333333333333332,18.575,37.42916666666667
2026-06-16 10:00:00,64.8,35.2,32,950.7,11.2,303,0.0,10,1,6,55.6,35.6,12.0,20.7,56.0,52.2,30.599999999999998,22.025000000000002,37.645833333333336
2026-06-16 11:00:00,80.1,34.9,32,950.2,11.1,306,0.0,11,1,6,64.8,53.8,12.0,12.0,69.5,59.3,39.4,25.7,38.012499999999996
2026-06-16 12:00:00,63.1,35.2,30,949.8,8.9,302,0.0,12,1,6,80.1,55.6,14.6,12.0,89.3,64.6,50.75,31.375,38.454166666666666
2026-06-16 13:00:00,62.6,34.5,31,950.1,7.8,318,0.0,13,1,6,63.1,64.8,35.6,12.0,56.1,59.8,58.833333333333336,35.63333333333333,37.362500000000004
2026-06-16 14:00:00,85.2,33.9,33,950.7,4.4,308,0.0,14,1,6,62.6,80.1,53.8,12.0,92.2,80.9,63.333333333333336,39.85,37.63333333333333
2026-06-16 15:00:00,88.2,33.3,36,951.4,4.1,241,0.0,15,1,6,85.2,63.1,55.6,12.0,75.5,75.3,68.56666666666666,45.949999999999996,37.34166666666666
2026-06-16 16:00:00,74.3,32.1,41,952.0,7.3,228,0.0,16,1,6,88.2,62.6,64.8,12.0,65.1,61.6,74.0,52.300000000000004,37.87083333333333
2026-06-16 17:00:00,55.1,30.4,50,952.3,8.0,226,0.0,17,1,6,74.3,85.2,80.1,12.0,59.1,39.3,75.58333333333333,57.49166666666667,38.25416666666666
2026-06-16 18:00:00,49.0,30.3,50,951.9,7.8,232,0.0,18,1,6,55.1,88.2,63.1,14.6,38.2,34.7,71.41666666666667,61.083333333333336,38.0875
2026-06-16 19:00:00,46.8,29.3,52,951.4,6.8,253,0.0,19,1,6,49.0,74.3,62.6,35.6,12.0,35.2,69.06666666666666,63.949999999999996,38.5375
2026-06-16 20:00:00,15.2,28.4,56,951.0,5.8,254,0.0,20,1,6,46.8,55.1,85.2,53.8,12.0,12.0,66.43333333333334,64.88333333333333,39.9875
2026-06-16 21:00:00,19.2,27.9,58,950.9,6.7,262,0.0,21,1,6,15.2,49.0,88.2,55.6,14.2,12.0,54.76666666666666,61.666666666666664,40.12083333333333
2026-06-16 22:00:00,18.1,27.4,59,950.7,6.9,279,0.0,22,1,6,19.2,46.8,74.3,64.8,20.7,12.0,43.26666666666666,58.63333333333333,40.329166666666666
2026-06-16 23:00:00,12.0,27.3,57,951.2,8.0,293,0.0,23,1,6,18.1,15.2,55.1,80.1,12.0,12.0,33.9,54.74166666666667,40.22083333333333
2026-06-17 00:00:00,20.5,27.5,50,951.8,9.7,292,0.0,0,2,6,12.0,19.2,49.0,63.1,12.0,12.0,26.71666666666667,49.06666666666666,40.22083333333333
2026-06-17 01:00:00,12.0,27.3,49,952.4,8.5,294,0.0,1,2,6,20.5,18.1,46.8,62.6,12.0,12.0,21.96666666666667,45.51666666666666,40.574999999999996
2026-06-17 02:00:00,12.0,28.9,45,953.1,9.7,294,0.0,2,2,6,12.0,12.0,15.2,85.2,12.0,26.9,16.166666666666668,41.300000000000004,40.574999999999996
2026-06-17 03:00:00,23.6,30.6,45,953.5,11.7,311,0.0,3,2,6,12.0,20.5,19.2,88.2,12.0,12.0,15.633333333333335,35.199999999999996,40.574999999999996
2026-06-17 04:00:00,21.9,32.4,42,953.6,10.7,325,0.0,4,2,6,23.6,12.0,18.1,74.3,12.0,12.0,16.366666666666667,29.816666666666663,41.05833333333333
2026-06-17 05:00:00,30.9,34.0,38,953.8,10.6,346,0.0,5,2,6,21.9,12.0,12.0,55.1,12.0,29.5,17.0,25.450000000000003,41.47083333333333
2026-06-17 06:00:00,28.7,35.0,37,953.3,10.1,329,0.0,6,2,6,30.9,23.6,20.5,49.0,14.6,22.3,20.15,23.433333333333334,42.25833333333333
2026-06-17 07:00:00,30.0,35.6,32,952.7,10.6,316,0.0,7,2,6,28.7,21.9,12.0,46.8,35.6,12.0,21.516666666666666,21.741666666666664,42.84583333333333
2026-06-17 08:00:00,60.9,35.9,32,952.1,11.6,307,0.0,8,2,6,30.0,30.9,12.0,15.2,53.8,52.6,24.516666666666666,20.341666666666665,42.6125
2026-06-17 09:00:00,54.9,36.2,29,951.2,10.5,301,0.0,9,2,6,60.9,28.7,23.6,19.2,55.6,50.4,32.666666666666664,24.150000000000002,42.90833333333333
2026-06-17 10:00:00,66.2,35.7,30,950.4,10.1,295,0.1,10,2,6,54.9,30.0,21.9,18.1,64.8,56.0,37.88333333333333,27.125,42.87916666666666
2026-06-17 11:00:00,62.8,35.6,31,950.3,9.5,302,0.0,11,2,6,66.2,60.9,30.9,12.0,80.1,69.5,45.26666666666667,31.133333333333336,42.9375
2026-06-17 12:00:00,80.3,35.6,32,949.7,10.5,294,0.0,12,2,6,62.8,54.9,28.7,20.5,63.1,89.3,50.583333333333336,35.36666666666667,42.21666666666667
2026-06-17 13:00:00,55.9,32.4,43,950.2,15.8,277,1.1,13,2,6,80.3,66.2,30.0,12.0,62.6,56.1,59.18333333333334,40.35,42.93333333333334
2026-06-17 14:00:00,66.5,32.0,44,951.0,8.2,244,0.0,14,2,6,55.9,62.8,60.9,12.0,85.2,92.2,63.5,44.00833333333333,42.65416666666666
2026-06-17 15:00:00,46.7,31.7,45,951.6,7.7,240,0.0,15,2,6,66.5,80.3,54.9,23.6,88.2,75.5,64.43333333333334,48.550000000000004,41.875
2026-06-17 16:00:00,73.8,31.3,47,952.1,7.0,249,0.0,16,2,6,46.7,55.9,66.2,21.9,74.3,65.1,63.06666666666666,50.474999999999994,40.145833333333336
2026-06-17 17:00:00,51.9,30.4,50,952.3,8.4,254,0.0,17,2,6,73.8,66.5,62.8,30.9,55.1,59.1,64.33333333333333,54.800000000000004,40.125
2026-06-17 18:00:00,54.2,30.7,45,951.9,4.6,281,0.0,18,2,6,51.9,46.7,80.3,28.7,49.0,38.2,62.51666666666666,56.550000000000004,39.99166666666667
2026-06-17 19:00:00,24.1,29.8,49,952.0,10.0,99,0.0,19,2,6,54.2,73.8,55.9,30.0,46.8,12.0,58.166666666666664,58.675000000000004,40.208333333333336
2026-06-17 20:00:00,29.9,28.5,56,951.9,4.6,141,0.0,20,2,6,24.1,51.9,66.5,60.9,15.2,12.0,52.86666666666667,58.18333333333333,39.2625
2026-06-17 21:00:00,52.0,28.1,58,951.6,4.0,162,0.0,21,2,6,29.9,54.2,46.7,54.9,19.2,14.2,46.76666666666667,55.6,39.875
2026-06-17 22:00:00,19.4,27.3,63,951.7,6.5,214,0.0,22,2,6,52.0,24.1,73.8,66.2,18.1,20.7,47.650000000000006,55.35833333333334,41.24166666666667
2026-06-17 23:00:00,40.4,27.5,62,951.5,7.8,238,0.0,23,2,6,19.4,29.9,51.9,62.8,12.0,12.0,38.583333333333336,51.458333333333336,41.295833333333334
2026-06-18 00:00:00,12.0,27.8,63,951.9,8.3,274,0.0,0,3,6,40.4,52.0,54.2,80.3,20.5,12.0,36.666666666666664,49.59166666666667,42.479166666666664
2026-06-18 01:00:00,12.0,28.0,55,952.6,11.4,301,0.0,1,3,6,12.0,19.4,24.1,55.9,12.0,12.0,29.633333333333336,43.9,42.125
2026-06-18 02:00:00,12.0,29.4,49,953.0,12.5,316,0.0,2,3,6,12.0,40.4,29.9,66.5,12.0,12.0,27.616666666666664,40.24166666666667,42.125
2026-06-18 03:00:00,12.0,31.0,45,953.6,12.9,318,0.0,3,3,6,12.0,12.0,52.0,46.7,23.6,12.0,24.633333333333336,35.699999999999996,42.125
2026-06-18 04:00:00,12.0,32.1,43,953.9,13.7,326,0.0,4,3,6,12.0,12.0,19.4,73.8,21.9,12.0,17.96666666666667,32.80833333333333,41.641666666666666
2026-06-18 05:00:00,24.3,33.4,41,954.0,12.5,324,0.0,5,3,6,12.0,12.0,40.4,51.9,30.9,12.0,16.733333333333334,27.65833333333333,41.229166666666664
2026-06-18 06:00:00,35.3,34.5,38,953.3,13.4,325,0.0,6,3,6,24.3,12.0,12.0,54.2,28.7,14.6,14.049999999999999,25.358333333333334,40.954166666666666
2026-06-18 07:00:00,45.0,34.5,38,953.1,13.2,329,0.1,7,3,6,35.3,12.0,12.0,24.1,30.0,35.6,17.933333333333334,23.78333333333333,41.229166666666664
2026-06-18 08:00:00,52.4,33.9,40,952.3,9.8,332,0.0,8,3,6,45.0,24.3,12.0,29.9,60.9,53.8,23.433333333333334,25.524999999999995,41.854166666666664
2026-06-18 09:00:00,57.0,34.8,39,951.4,9.0,327,0.1,9,3,6,52.4,35.3,12.0,52.0,54.9,55.6,30.166666666666668,27.400000000000002,41.5
2026-06-18 10:00:00,64.2,35.2,37,950.7,9.6,317,0.0,10,3,6,57.0,45.0,12.0,19.4,66.2,64.8,37.666666666666664,27.816666666666666,41.5875
2026-06-18 11:00:00,75.7,35.0,37,950.3,10.4,314,0.0,11,3,6,64.2,52.4,24.3,40.4,62.8,80.1,46.36666666666667,31.549999999999997,41.50416666666667
2026-06-18 12:00:00,52.8,34.6,36,950.0,7.9,311,0.0,12,3,6,75.7,57.0,35.3,12.0,80.3,63.1,54.93333333333333,34.49166666666667,42.041666666666664
2026-06-18 13:00:00,74.3,33.9,38,950.3,7.6,308,0.0,13,3,6,52.8,64.2,45.0,12.0,55.9,62.6,57.849999999999994,37.891666666666666,40.895833333333336
2026-06-18 14:00:00,59.2,33.5,39,951.0,6.8,292,0.0,14,3,6,74.3,75.7,52.4,12.0,66.5,85.2,62.73333333333334,43.083333333333336,41.6625
2026-06-18 15:00:00,72.4,33.3,38,951.6,5.2,276,0.0,15,3,6,59.2,52.8,57.0,12.0,46.7,88.2,63.86666666666667,47.01666666666667,41.358333333333334
2026-06-18 16:00:00,82.4,33.0,39,952.0,3.8,253,0.0,16,3,6,72.4,74.3,64.2,12.0,73.8,74.3,66.43333333333334,52.050000000000004,42.42916666666667
2026-06-18 17:00:00,57.7,32.1,43,952.1,5.8,240,0.0,17,3,6,82.4,59.2,75.7,24.3,51.9,55.1,69.46666666666667,57.916666666666664,42.7875
2026-06-18 18:00:00,53.0,31.4,43,952.2,7.0,222,0.0,18,3,6,57.7,72.4,52.8,35.3,54.2,49.0,66.46666666666667,60.70000000000001,43.02916666666667
2026-06-18 19:00:00,22.5,30.5,47,952.0,5.7,217,0.1,19,3,6,53.0,82.4,74.3,45.0,24.1,46.8,66.5,62.175000000000004,42.979166666666664
2026-06-18 20:00:00,29.5,29.9,51,951.7,4.4,238,0.0,20,3,6,22.5,57.7,59.2,52.4,29.9,15.2,57.86666666666667,60.300000000000004,42.9125
2026-06-18 21:00:00,40.4,29.2,55,951.6,1.8,281,0.0,21,3,6,29.5,53.0,72.4,57.0,52.0,19.2,52.916666666666664,58.39166666666667,42.895833333333336
2026-06-18 22:00:00,41.9,28.7,58,951.2,5.0,218,0.0,22,3,6,40.4,22.5,82.4,64.2,19.4,18.1,47.583333333333336,57.00833333333333,42.4125
2026-06-18 23:00:00,21.1,27.9,64,951.1,8.2,232,0.0,23,3,6,41.9,29.5,57.7,75.7,40.4,12.0,40.833333333333336,55.150000000000006,43.35
2026-06-19 00:00:00,12.0,26.2,73,951.6,12.2,233,0.0,0,4,6,21.1,40.4,53.0,52.8,12.0,20.5,34.733333333333334,50.6,42.545833333333334
2026-06-19 01:00:00,12.0,26.1,73,952.2,9.2,235,0.0,1,4,6,12.0,41.9,22.5,74.3,12.0,12.0,27.899999999999995,47.20000000000001,42.545833333333334
2026-06-19 02:00:00,12.0,27.4,65,952.5,11.5,247,0.0,2,4,6,12.0,21.1,29.5,59.2,12.0,12.0,26.149999999999995,42.00833333333333,42.545833333333334
2026-06-19 03:00:00,12.0,29.2,56,953.0,13.2,272,0.0,3,4,6,12.0,12.0,40.4,72.4,12.0,23.6,23.233333333333334,38.075,42.545833333333334
2026-06-19 04:00:00,15.9,30.7,50,953.4,14.6,296,0.0,4,4,6,12.0,12.0,41.9,82.4,12.0,21.9,18.5,33.041666666666664,42.545833333333334
2026-06-19 05:00:00,29.5,32.1,46,953.6,13.9,310,0.0,5,4,6,15.9,12.0,21.1,57.7,24.3,30.9,14.166666666666666,27.5,42.708333333333336
2026-06-19 06:00:00,29.3,33.2,44,953.2,10.5,305,0.0,6,4,6,29.5,12.0,12.0,53.0,35.3,28.7,15.566666666666668,25.150000000000002,42.925000000000004
2026-06-19 07:00:00,42.9,33.9,41,952.9,8.9,306,0.0,7,4,6,29.3,15.9,12.0,22.5,45.0,30.0,18.45,23.175,42.675000000000004
2026-06-19 08:00:00,71.7,34.7,39,952.3,8.5,306,0.0,8,4,6,42.9,29.5,12.0,29.5,52.4,60.9,23.599999999999998,24.875,42.5875
2026-06-19 09:00:00,63.4,34.8,38,951.6,8.3,303,0.0,9,4,6,71.7,29.3,12.0,40.4,57.0,54.9,33.550000000000004,28.39166666666667,43.39166666666667
2026-06-19 10:00:00,55.3,34.7,38,951.3,7.8,299,0.0,10,4,6,63.4,42.9,15.9,41.9,64.2,66.2,42.11666666666667,30.308333333333334,43.65833333333333
2026-06-19 11:00:00,66.8,34.3,38,950.6,8.4,298,0.0,11,4,6,55.3,71.7,29.5,21.1,75.7,62.8,48.68333333333333,31.425,43.2875
2026-06-19 12:00:00,56.4,34.9,34,950.4,9.0,286,0.1,12,4,6,66.8,63.4,29.3,12.0,52.8,80.3,54.9,35.23333333333333,42.916666666666664
2026-06-19 13:00:00,76.7,34.4,34,951.1,8.1,266,0.0,13,4,6,56.4,55.3,42.9,12.0,74.3,55.9,59.41666666666666,38.93333333333333,43.06666666666666
2026-06-19 14:00:00,64.0,33.6,38,951.6,9.1,243,0.0,14,4,6,76.7,66.8,71.7,12.0,59.2,66.5,65.05,44.324999999999996,43.166666666666664
2026-06-19 15:00:00,36.1,33.1,40,952.4,8.9,234,0.0,15,4,6,64.0,56.4,63.4,12.0,72.4,46.7,63.76666666666667,48.65833333333333,43.36666666666667
2026-06-19 16:00:00,52.3,32.1,44,952.8,8.0,232,0.0,16,4,6,36.1,76.7,55.3,15.9,82.4,73.8,59.21666666666666,50.666666666666664,41.854166666666664
2026-06-19 17:00:00,36.2,30.9,48,953.3,8.4,228,0.0,17,4,6,52.3,64.0,66.8,29.5,57.7,51.9,58.71666666666667,53.699999999999996,40.6
2026-06-19 18:00:00,64.3,31.0,48,952.9,5.4,262,0.0,18,4,6,36.2,36.1,56.4,29.3,53.0,54.2,53.61666666666667,54.25833333333333,39.704166666666666
2026-06-19 19:00:00,47.8,30.5,48,952.1,6.4,241,0.0,19,4,6,64.3,52.3,76.7,42.9,22.5,24.1,54.93333333333334,57.175000000000004,40.175000000000004
2026-06-19 20:00:00,20.5,30.0,50,951.8,6.1,227,0.0,20,4,6,47.8,36.2,64.0,71.7,29.5,29.9,50.11666666666667,57.583333333333336,41.229166666666664
2026-06-19 21:00:00,35.0,29.4,50,951.6,8.5,235,0.0,21,4,6,20.5,64.3,36.1,63.4,40.4,52.0,42.86666666666667,53.31666666666667,40.854166666666664
2026-06-19 22:00:00,32.4,29.1,51,951.1,6.8,248,0.0,22,4,6,35.0,47.8,52.3,55.3,41.9,19.4,42.68333333333334,50.95000000000001,40.62916666666667
2026-06-19 23:00:00,12.0,29.1,51,951.4,10.9,251,0.0,23,4,6,32.4,20.5,36.2,66.8,21.1,40.4,39.36666666666667,49.041666666666664,40.233333333333334
2026-06-20 00:00:00,12.0,28.6,51,952.4,9.7,274,0.0,0,5,6,12.0,35.0,64.3,56.4,12.0,12.0,35.333333333333336,44.475,39.854166666666664
2026-06-20 01:00:00,32.5,28.3,52,952.7,8.0,276,0.0,1,5,6,12.0,32.4,47.8,76.7,12.0,12.0,26.616666666666664,40.775,39.854166666666664
2026-06-20 02:00:00,14.4,29.7,47,953.1,10.7,286,0.0,2,5,6,32.5,12.0,20.5,64.0,12.0,12.0,24.066666666666666,37.09166666666667,40.708333333333336
2026-06-20 03:00:00,12.0,31.3,43,953.5,15.3,306,0.0,3,5,6,14.4,12.0,35.0,36.1,12.0,12.0,23.05,32.958333333333336,40.80833333333334
2026-06-20 04:00:00,30.6,32.8,41,953.8,14.8,319,0.0,4,5,6,12.0,32.5,32.4,52.3,15.9,12.0,19.216666666666665,30.95,40.80833333333334
2026-06-20 05:00:00,21.6,32.6,43,953.7,12.5,324,0.0,5,5,6,30.6,14.4,12.0,36.2,29.5,24.3,18.916666666666668,29.14166666666667,41.42083333333333
2026-06-20 06:00:00,39.7,34.9,37,953.5,11.1,331,0.0,6,5,6,21.6,12.0,12.0,64.3,29.3,35.3,20.51666666666667,27.924999999999997,41.09166666666666
2026-06-20 07:00:00,46.2,36.1,34,952.9,9.3,342,0.0,7,5,6,39.7,30.6,32.5,47.8,42.9,45.0,25.133333333333336,25.875,41.525
2026-06-20 08:00:00,55.3,36.8,33,952.3,8.6,345,0.0,8,5,6,46.2,21.6,14.4,20.5,71.7,52.4,27.416666666666668,25.74166666666667,41.6625
2026-06-20 09:00:00,50.4,36.9,33,951.2,8.5,336,0.0,9,5,6,55.3,39.7,12.0,35.0,63.4,57.0,34.23333333333333,28.64166666666667,40.979166666666664
2026-06-20 10:00:00,79.1,36.1,34,950.9,7.4,319,0.2,10,5,6,50.4,46.2,30.6,32.4,55.3,64.2,40.63333333333333,29.925,40.4375
2026-06-20 11:00:00,76.3,35.7,35,950.7,7.5,310,0.1,11,5,6,79.1,55.3,21.6,12.0,66.8,75.7,48.71666666666666,33.81666666666666,41.42916666666667
2026-06-20 12:00:00,90.2,35.0,36,950.2,3.8,315,0.2,12,5,6,76.3,50.4,39.7,12.0,56.4,52.8,57.83333333333332,39.175,41.824999999999996
2026-06-20 13:00:00,77.5,34.3,38,951.1,3.4,267,0.0,13,5,6,90.2,79.1,46.2,32.5,76.7,74.3,66.25,45.69166666666666,43.23333333333333
2026-06-20 14:00:00,84.3,31.5,50,952.4,4.4,251,0.5,14,5,6,77.5,76.3,55.3,14.4,64.0,59.2,71.46666666666665,49.44166666666666,43.26666666666666
2026-06-20 15:00:00,75.3,31.3,51,953.1,7.9,246,0.0,15,5,6,84.3,90.2,50.4,12.0,36.1,72.4,76.3,55.26666666666667,44.112500000000004
2026-06-20 16:00:00,49.9,30.1,55,953.9,9.7,204,0.0,16,5,6,75.3,77.5,79.1,30.6,52.3,82.4,80.45,60.541666666666664,45.74583333333334
2026-06-20 17:00:00,36.2,29.1,59,954.4,3.3,261,0.0,17,5,6,49.9,84.3,76.3,21.6,36.2,57.7,75.58333333333333,62.15,45.645833333333336
2026-06-20 18:00:00,48.9,26.9,72,953.9,6.5,208,0.1,18,5,6,36.2,75.3,90.2,39.7,64.3,53.0,68.9,63.36666666666667,45.645833333333336
2026-06-20 19:00:00,37.1,27.0,69,953.3,7.1,240,0.3,19,5,6,48.9,49.9,77.5,46.2,47.8,22.5,62.01666666666667,64.13333333333334,45.00416666666667
2026-06-20 20:00:00,28.4,27.5,65,952.6,7.2,267,0.0,20,5,6,37.1,36.2,84.3,55.3,20.5,29.5,55.28333333333334,63.375,44.55833333333333
2026-06-20 21:00:00,24.5,27.4,64,952.6,8.2,278,0.0,21,5,6,28.4,48.9,75.3,50.4,35.0,40.4,45.96666666666667,61.13333333333333,44.887499999999996
2026-06-20 22:00:00,21.9,26.9,65,952.7,8.5,305,0.0,22,5,6,24.5,37.1,49.9,79.1,32.4,41.9,37.5,58.975,44.449999999999996
2026-06-20 23:00:00,13.4,25.9,72,953.0,4.8,259,0.7,23,5,6,21.9,28.4,36.2,76.3,12.0,21.1,32.833333333333336,54.208333333333336,44.012499999999996
2026-06-21 00:00:00,12.0,26.3,69,953.0,9.5,271,1.3,0,6,6,13.4,24.5,48.9,90.2,12.0,12.0,29.033333333333335,48.96666666666666,44.07083333333333
2026-06-21 01:00:00,12.0,26.5,67,953.4,12.1,272,0.0,1,6,6,12.0,21.9,37.1,77.5,32.5,12.0,22.883333333333336,42.45,44.07083333333333
2026-06-21 02:00:00,12.0,27.1,64,953.6,11.0,269,0.0,2,6,6,12.0,13.4,28.4,84.3,14.4,12.0,18.7,36.99166666666667,43.21666666666667
2026-06-21 03:00:00,12.4,28.1,61,953.8,10.7,282,0.0,3,6,6,12.0,12.0,24.5,75.3,12.0,12.0,15.966666666666667,30.96666666666667,43.11666666666667
2026-06-21 04:00:00,12.0,29.3,58,954.0,12.0,291,0.0,4,6,6,12.4,12.0,21.9,49.9,30.6,15.9,13.950000000000001,25.724999999999998,43.13333333333333
2026-06-21 05:00:00,12.0,29.6,57,953.7,11.0,293,0.0,5,6,6,12.0,12.0,13.4,36.2,21.6,29.5,12.299999999999999,22.566666666666666,42.358333333333334
2026-06-21 06:00:00,49.0,30.4,56,953.8,7.5,294,0.0,6,6,6,12.0,12.4,12.0,48.9,39.7,29.3,12.066666666666668,20.55,41.958333333333336
2026-06-21 07:00:00,55.6,31.7,51,953.4,4.6,306,0.0,7,6,6,49.0,12.0,12.0,37.1,46.2,42.9,18.233333333333334,20.558333333333334,42.34583333333333
2026-06-21 08:00:00,52.1,32.6,48,952.7,3.8,301,0.0,8,6,6,55.6,12.0,12.0,28.4,55.3,71.7,25.5,22.099999999999998,42.737500000000004
2026-06-21 09:00:00,78.3,32.4,48,951.6,3.2,317,0.0,9,6,6,52.1,49.0,12.4,24.5,50.4,63.4,32.18333333333334,24.075,42.604166666666664
2026-06-21 10:00:00,80.3,32.0,48,951.3,1.8,315,0.0,10,6,6,78.3,55.6,12.0,21.9,79.1,55.3,43.166666666666664,28.558333333333334,43.76666666666667
2026-06-21 11:00:00,96.4,31.5,50,950.8,2.2,138,0.0,11,6,6,80.3,52.1,12.0,13.4,76.3,66.8,54.550000000000004,33.425000000000004,43.81666666666666
2026-06-21 12:00:00,72.1,31.5,52,950.4,5.2,178,0.0,12,6,6,96.4,78.3,49.0,12.0,90.2,56.4,68.61666666666666,40.34166666666667,44.65416666666667
2026-06-21 13:00:00,64.3,30.7,57,950.6,6.9,189,0.0,13,6,6,72.1,80.3,55.6,12.0,77.5,76.7,72.46666666666667,45.35,43.9
2026-06-21 14:00:00,81.9,29.8,60,951.5,7.9,215,0.0,14,6,6,64.3,96.4,52.1,12.0,84.3,64.0,73.91666666666667,49.708333333333336,43.349999999999994
2026-06-21 15:00:00,75.3,29.0,64,952.4,6.2,216,0.0,15,6,6,81.9,72.1,78.3,12.4,75.3,36.1,78.88333333333334,55.53333333333333,43.25
2026-06-21 16:00:00,51.5,28.5,66,952.8,6.5,204,0.0,16,6,6,75.3,64.3,80.3,12.0,49.9,52.3,78.38333333333334,60.775,43.25
2026-06-21 17:00:00,41.4,28.2,67,953.0,6.9,200,0.0,17,6,6,51.5,81.9,96.4,12.0,36.2,36.2,73.58333333333333,64.06666666666666,43.31666666666666
2026-06-21 18:00:00,28.8,28.3,68,952.2,10.0,200,0.0,18,6,6,41.4,75.3,72.1,49.0,48.9,64.3,64.41666666666667,66.51666666666667,43.53333333333333
2026-06-21 19:00:00,52.1,27.8,69,951.8,10.4,210,0.0,19,6,6,28.8,51.5,64.3,55.6,37.1,47.8,57.199999999999996,64.83333333333333,42.69583333333333
2026-06-21 20:00:00,33.7,27.4,69,951.1,10.4,217,0.0,20,6,6,52.1,41.4,81.9,52.1,28.4,20.5,55.166666666666664,64.54166666666667,43.32083333333333
2026-06-21 21:00:00,20.8,27.1,68,951.0,12.1,218,0.0,21,6,6,33.7,28.8,75.3,78.3,24.5,35.0,47.13333333333333,63.008333333333326,43.541666666666664
2026-06-21 22:00:00,12.0,26.9,68,951.0,12.5,221,0.0,22,6,6,20.8,52.1,51.5,80.3,21.9,32.4,38.05,58.21666666666667,43.387499999999996
2026-06-21 23:00:00,12.0,26.6,69,951.2,12.3,236,0.0,23,6,6,12.0,33.7,41.4,96.4,13.4,12.0,31.46666666666667,52.525,42.974999999999994
2026-06-22 00:00:00,12.0,26.9,70,952.1,13.1,249,0.0,0,0,6,12.0,20.8,28.8,72.1,12.0,12.0,26.566666666666666,45.49166666666667,42.916666666666664
2026-06-22 01:00:00,12.0,26.6,72,952.7,13.7,254,0.0,1,0,6,12.0,12.0,52.1,64.3,12.0,32.5,23.766666666666666,40.483333333333334,42.916666666666664
2026-06-22 02:00:00,12.0,27.2,72,953.2,13.3,261,0.0,2,0,6,12.0,12.0,33.7,81.9,12.0,14.4,17.083333333333332,36.125,42.916666666666664
2026-06-22 03:00:00,12.0,28.4,67,953.6,13.6,265,0.0,3,0,6,12.0,12.0,20.8,75.3,12.4,12.0,13.466666666666667,30.3,42.916666666666664
2026-06-22 04:00:00,12.0,30.0,59,954.0,14.2,266,0.0,4,0,6,12.0,12.0,12.0,51.5,12.0,30.6,12.0,25.025000000000002,42.9
2026-06-22 05:00:00,21.7,31.3,52,953.7,13.7,261,0.0,5,0,6,12.0,12.0,12.0,41.4,12.0,21.6,12.0,21.733333333333334,42.9
2026-06-22 06:00:00,29.7,32.0,50,953.5,10.4,255,0.0,6,0,6,21.7,12.0,12.0,28.8,49.0,39.7,13.616666666666667,20.091666666666665,43.30416666666667
2026-06-22 07:00:00,37.2,33.0,48,952.9,11.0,247,0.0,7,0,6,29.7,12.0,12.0,52.1,55.6,46.2,16.566666666666666,20.166666666666668,42.5
2026-06-22 08:00:00,68.7,33.2,47,952.0,11.3,250,0.0,8,0,6,37.2,21.7,12.0,33.7,52.1,55.3,20.76666666666667,18.925,41.733333333333334
2026-06-22 09:00:00,40.8,32.9,47,950.9,10.1,250,0.0,9,0,6,68.7,29.7,12.0,20.8,78.3,50.4,30.21666666666667,21.84166666666667,42.425
2026-06-22 10:00:00,57.3,33.2,47,950.3,8.9,236,0.0,10,0,6,40.8,37.2,12.0,12.0,80.3,79.1,35.01666666666667,23.508333333333336,40.862500000000004
2026-06-22 11:00:00,72.5,32.8,48,949.9,7.1,236,0.0,11,0,6,57.3,68.7,21.7,12.0,96.4,76.3,42.56666666666667,27.28333333333333,39.90416666666667
2026-06-22 12:00:00,78.6,32.5,45,949.5,8.7,218,0.0,12,0,6,72.5,40.8,29.7,12.0,72.1,90.2,51.03333333333333,32.324999999999996,38.90833333333333
2026-06-22 13:00:00,110.8,32.7,43,950.6,9.6,221,0.0,13,0,6,78.6,57.3,37.2,12.0,64.3,77.5,59.18333333333334,37.875,39.17916666666667
2026-06-22 14:00:00,74.4,32.2,46,951.3,7.3,213,0.0,14,0,6,110.8,72.5,68.7,12.0,81.9,84.3,71.45,46.10833333333333,41.11666666666667
2026-06-22 15:00:00,62.6,31.9,47,952.4,7.1,195,0.0,15,0,6,74.4,78.6,40.8,12.0,75.3,75.3,72.4,51.30833333333334,40.80416666666667
2026-06-22 16:00:00,50.2,31.4,50,952.6,7.7,183,0.0,16,0,6,62.6,110.8,57.3,12.0,51.5,49.9,76.03333333333333,55.525,40.275
2026-06-22 17:00:00,23.5,30.6,54,952.7,7.7,208,0.0,17,0,6,50.2,74.4,72.5,21.7,41.4,36.2,74.85000000000001,58.708333333333336,40.22083333333333
2026-06-22 18:00:00,39.4,27.1,72,952.7,5.5,221,0.0,18,0,6,23.5,62.6,78.6,29.7,28.8,48.9,66.68333333333334,58.85833333333333,39.475
2026-06-22 19:00:00,43.3,27.3,71,952.0,4.6,169,0.1,19,0,6,39.4,50.2,110.8,37.2,52.1,37.1,60.15,59.666666666666664,39.916666666666664
2026-06-22 20:00:00,32.9,27.9,67,951.5,7.2,217,0.0,20,0,6,43.3,23.5,74.4,68.7,33.7,28.4,48.900000000000006,60.17499999999999,39.550000000000004
2026-06-22 21:00:00,12.0,26.0,71,951.5,10.1,272,0.4,21,0,6,32.9,39.4,62.6,40.8,20.8,24.5,41.98333333333333,57.19166666666667,39.516666666666666
2026-06-22 22:00:00,12.0,23.6,86,951.6,10.6,279,1.0,22,0,6,12.0,43.3,50.2,57.3,12.0,21.9,33.55,54.791666666666664,39.15
2026-06-22 23:00:00,12.0,23.9,87,951.3,8.7,275,0.6,23,0,6,12.0,32.9,23.5,72.5,12.0,13.4,27.183333333333334,51.01666666666667,39.15
2026-06-23 00:00:00,12.0,25.6,74,951.3,15.5,272,0.1,0,1,6,12.0,12.0,39.4,78.6,12.0,12.0,25.266666666666666,45.975,39.15
2026-06-23 01:00:00,12.0,25.5,75,951.6,15.3,268,0.0,1,1,6,12.0,12.0,43.3,110.8,12.0,12.0,20.7,40.425,39.15
2026-06-23 02:00:00,12.0,25.8,74,952.1,15.5,265,0.0,2,1,6,12.0,12.0,32.9,74.4,12.0,12.0,15.483333333333334,32.19166666666666,39.15
2026-06-23 03:00:00,12.0,27.0,67,952.2,17.5,265,0.0,3,1,6,12.0,12.0,12.0,62.6,12.0,12.4,12.0,26.991666666666664,39.15
2026-06-23 04:00:00,12.0,28.7,59,952.4,16.2,261,0.0,4,1,6,12.0,12.0,12.0,50.2,12.0,12.0,12.0,22.774999999999995,39.15
2026-06-23 05:00:00,12.1,29.5,56,952.4,15.5,257,0.0,5,1,6,12.0,12.0,12.0,23.5,21.7,12.0,12.0,19.591666666666665,39.15
2026-06-23 06:00:00,30.8,30.0,56,952.9,13.6,252,0.0,6,1,6,12.1,12.0,12.0,39.4,29.7,49.0,12.016666666666666,18.641666666666666,38.75
2026-06-23 07:00:00,24.2,29.8,58,952.1,15.2,249,0.2,7,1,6,30.8,12.0,12.0,43.3,37.2,55.6,15.15,17.925,38.795833333333334
2026-06-23 08:00:00,63.8,30.9,54,951.4,14.6,248,0.0,8,1,6,24.2,12.1,12.0,32.9,68.7,52.1,17.183333333333334,16.333333333333332,38.25416666666666
2026-06-23 09:00:00,51.0,31.4,52,950.1,13.2,246,0.0,9,1,6,63.8,30.8,12.0,12.0,40.8,78.3,25.816666666666663,18.90833333333333,38.050000000000004
2026-06-23 10:00:00,56.0,31.9,49,949.6,12.9,247,0.0,10,1,6,51.0,24.2,12.0,12.0,57.3,80.3,32.31666666666666,22.15833333333333,38.475
2026-06-23 11:00:00,69.2,31.8,48,949.1,13.5,240,0.0,11,1,6,56.0,63.8,12.1,12.0,72.5,96.4,39.65,25.825,38.420833333333334
2026-06-23 12:00:00,59.8,31.8,45,949.0,13.8,241,0.2,12,1,6,69.2,51.0,30.8,12.0,78.6,72.1,49.166666666666664,30.59166666666667,38.28333333333333
2026-06-23 13:00:00,37.8,31.1,46,949.9,17.4,237,0.0,13,1,6,59.8,56.0,24.2,12.0,110.8,64.3,54.0,34.574999999999996,37.5
2026-06-23 14:00:00,28.1,30.3,48,951.0,18.8,246,0.1,14,1,6,37.8,69.2,63.8,12.0,74.4,81.9,56.26666666666667,36.725,34.458333333333336
2026-06-23 15:00:00,51.8,28.7,57,951.3,11.1,241,0.0,15,1,6,28.1,59.8,51.0,12.0,62.6,75.3,50.31666666666666,38.06666666666667,32.52916666666666
2026-06-23 16:00:00,49.5,28.4,59,951.5,9.8,234,0.0,16,1,6,51.8,37.8,56.0,12.0,50.2,51.5,50.449999999999996,41.38333333333333,32.079166666666666
2026-06-23 17:00:00,12.0,28.5,57,951.9,11.5,243,0.0,17,1,6,49.5,28.1,69.2,12.1,23.5,41.4,49.36666666666667,44.50833333333333,32.05
2026-06-23 18:00:00,12.0,27.6,57,951.9,17.5,262,0.0,18,1,6,12.0,51.8,59.8,30.8,39.4,28.8,39.833333333333336,44.5,31.57083333333333
2026-06-23 19:00:00,13.0,26.7,62,951.4,17.5,261,0.0,19,1,6,12.0,49.5,37.8,24.2,43.3,52.1,31.866666666666664,42.93333333333334,30.429166666666664
2026-06-23 20:00:00,12.0,26.0,66,950.7,16.1,263,0.0,20,1,6,13.0,12.0,28.1,63.8,32.9,33.7,27.733333333333334,42.0,29.166666666666668
2026-06-23 21:00:00,12.0,25.5,69,950.1,14.8,260,0.0,21,1,6,12.0,12.0,51.8,51.0,12.0,20.8,25.05,37.68333333333333,28.29583333333333
2026-06-23 22:00:00,12.0,25.4,71,950.0,12.7,254,0.1,22,1,6,12.0,13.0,49.5,56.0,12.0,12.0,18.416666666666668,34.43333333333333,28.29583333333333
2026-06-23 23:00:00,12.0,25.4,69,949.8,13.1,243,0.0,23,1,6,12.0,12.0,12.0,69.2,12.0,12.0,12.166666666666666,30.766666666666666,28.29583333333333
2026-06-24 00:00:00,12.0,24.6,74,950.2,13.1,252,0.0,0,2,6,12.0,12.0,12.0,59.8,12.0,12.0,12.166666666666666,26.0,28.29583333333333
2026-06-24 01:00:00,12.0,24.7,75,950.7,12.7,249,0.0,1,2,6,12.0,12.0,13.0,37.8,12.0,12.0,12.166666666666666,22.016666666666666,28.29583333333333
2026-06-24 02:00:00,12.0,25.6,72,951.1,13.5,245,0.0,2,2,6,12.0,12.0,12.0,28.1,12.0,12.0,12.0,19.866666666666667,28.29583333333333
2026-06-24 03:00:00,12.0,27.0,64,951.1,18.6,253,0.0,3,2,6,12.0,12.0,12.0,51.8,12.0,12.0,12.0,18.525000000000002,28.29583333333333
2026-06-24 04:00:00,12.0,27.9,60,950.9,17.8,258,0.0,4,2,6,12.0,12.0,12.0,49.5,12.0,12.0,12.0,15.208333333333334,28.29583333333333
2026-06-24 05:00:00,12.0,28.9,57,951.0,16.2,261,0.0,5,2,6,12.0,12.0,12.0,12.0,12.1,21.7,12.0,12.083333333333334,28.29583333333333
2026-06-24 06:00:00,12.0,29.5,53,951.5,17.5,269,0.0,6,2,6,12.0,12.0,12.0,12.0,30.8,29.7,12.0,12.083333333333334,28.291666666666668
2026-06-24 07:00:00,12.0,29.5,52,950.8,17.0,265,0.1,7,2,6,12.0,12.0,12.0,13.0,24.2,37.2,12.0,12.083333333333334,27.50833333333333
2026-06-24 08:00:00,19.7,29.5,52,950.0,15.9,260,0.0,8,2,6,12.0,12.0,12.0,12.0,63.8,68.7,12.0,12.0,27.0
2026-06-24 09:00:00,30.9,31.0,49,949.2,14.5,259,0.0,9,2,6,19.7,12.0,12.0,12.0,51.0,40.8,13.283333333333333,12.641666666666666,25.162499999999998
2026-06-24 10:00:00,49.2,30.9,50,948.8,16.6,246,0.0,10,2,6,30.9,12.0,12.0,12.0,56.0,57.3,16.433333333333334,14.216666666666667,24.325
2026-06-24 11:00:00,48.1,30.5,52,948.4,13.9,253,0.1,11,2,6,49.2,19.7,12.0,12.0,69.2,72.5,22.633333333333336,17.316666666666666,24.041666666666668
2026-06-24 12:00:00,69.7,30.2,49,948.3,12.3,282,0.1,12,2,6,48.1,30.9,12.0,12.0,59.8,78.6,28.650000000000002,20.325,23.162499999999998
2026-06-24 13:00:00,52.9,29.7,51,949.0,10.6,285,0.0,13,2,6,69.7,49.2,12.0,12.0,37.8,110.8,38.266666666666666,25.133333333333336,23.575
2026-06-24 14:00:00,66.2,28.5,57,950.0,9.6,274,0.0,14,2,6,52.9,48.1,19.7,12.0,28.1,74.4,45.083333333333336,28.541666666666668,24.204166666666666
2026-06-24 15:00:00,38.8,27.1,65,950.7,11.4,275,0.0,15,2,6,66.2,69.7,30.9,12.0,51.8,62.6,52.833333333333336,33.05833333333333,25.791666666666668
2026-06-24 16:00:00,73.7,26.6,69,951.3,7.3,287,0.0,16,2,6,38.8,52.9,49.2,12.0,49.5,50.2,54.15,35.291666666666664,25.25
2026-06-24 17:00:00,66.3,26.2,72,951.7,6.3,283,0.0,17,2,6,73.7,66.2,48.1,12.0,12.0,23.5,58.23333333333333,40.43333333333333,26.258333333333336
2026-06-24 18:00:00,20.5,24.6,82,951.5,10.2,262,0.0,18,2,6,66.3,38.8,69.7,12.0,12.0,39.4,61.26666666666667,44.958333333333336,28.520833333333332
2026-06-24 19:00:00,21.6,24.4,82,951.0,8.7,257,0.0,19,2,6,20.5,73.7,52.9,12.0,13.0,43.3,53.06666666666666,45.666666666666664,28.875
2026-06-24 20:00:00,18.3,24.4,81,950.3,8.2,256,0.0,20,2,6,21.6,66.3,66.2,19.7,12.0,32.9,47.849999999999994,46.46666666666667,29.233333333333334
2026-06-24 21:00:00,12.0,24.4,80,949.9,9.3,251,0.0,21,2,6,18.3,20.5,38.8,30.9,12.0,12.0,39.86666666666667,46.349999999999994,29.495833333333337
2026-06-24 22:00:00,12.0,24.0,80,950.0,12.5,252,0.1,22,2,6,12.0,21.6,73.7,49.2,12.0,12.0,35.4,44.775,29.495833333333337
2026-06-24 23:00:00,12.0,24.1,79,950.0,12.5,255,0.0,23,2,6,12.0,18.3,66.3,48.1,12.0,12.0,25.116666666666664,41.675,29.495833333333337
2026-06-25 00:00:00,12.0,23.8,83,950.1,12.8,261,0.0,0,3,6,12.0,12.0,20.5,69.7,12.0,12.0,16.066666666666666,38.666666666666664,29.495833333333337
2026-06-25 01:00:00,12.0,24.0,81,950.7,12.3,260,0.0,1,3,6,12.0,12.0,21.6,52.9,12.0,12.0,14.65,33.85833333333333,29.495833333333337
2026-06-25 02:00:00,12.0,25.1,77,951.5,13.0,265,0.0,2,3,6,12.0,12.0,18.3,66.2,12.0,12.0,13.050000000000002,30.45,29.495833333333337
2026-06-25 03:00:00,12.0,26.5,69,951.7,15.6,281,0.0,3,3,6,12.0,12.0,12.0,38.8,12.0,12.0,12.0,25.933333333333334,29.495833333333337
2026-06-25 04:00:00,12.5,28.0,61,952.1,15.6,289,0.0,4,3,6,12.0,12.0,12.0,73.7,12.0,12.0,12.0,23.7,29.495833333333337
2026-06-25 05:00:00,33.4,29.4,55,951.8,15.2,293,0.0,5,3,6,12.5,12.0,12.0,66.3,12.0,12.1,12.083333333333334,18.599999999999998,29.51666666666667
2026-06-25 06:00:00,36.5,29.5,55,951.6,15.9,290,0.1,6,3,6,33.4,12.0,12.0,20.5,12.0,30.8,15.649999999999999,15.858333333333333,30.408333333333335
2026-06-25 07:00:00,48.3,29.9,53,950.9,17.2,295,0.4,7,3,6,36.5,12.5,12.0,21.6,12.0,24.2,19.73333333333333,17.191666666666666,31.42916666666667
2026-06-25 08:00:00,24.3,29.6,54,950.4,16.9,298,0.6,8,3,6,48.3,33.4,12.0,18.3,19.7,63.8,25.78333333333333,19.416666666666668,32.94166666666667
2026-06-25 09:00:00,40.9,30.0,55,949.5,14.2,296,0.4,9,3,6,24.3,36.5,12.0,12.0,30.9,51.0,27.833333333333332,19.916666666666668,33.13333333333333
2026-06-25 10:00:00,41.2,30.5,54,949.1,11.8,293,0.0,10,3,6,40.9,48.3,12.5,12.0,49.2,56.0,32.65,22.325,33.550000000000004
2026-06-25 11:00:00,26.5,30.3,53,948.4,12.4,286,0.0,11,3,6,41.2,24.3,33.4,12.0,48.1,69.2,37.43333333333333,24.758333333333336,33.21666666666666
2026-06-25 12:00:00,68.1,29.1,58,948.6,11.9,293,0.0,12,3,6,26.5,40.9,36.5,12.0,69.7,59.8,36.28333333333333,25.96666666666667,32.31666666666666
2026-06-25 13:00:00,30.2,28.3,62,949.3,10.2,280,0.0,13,3,6,68.1,41.2,48.3,12.0,52.9,37.8,41.55,30.641666666666666,32.25
2026-06-25 14:00:00,56.1,27.7,66,949.9,8.5,271,0.0,14,3,6,30.2,26.5,24.3,12.0,66.2,28.1,38.53333333333333,32.15833333333333,31.30416666666667
2026-06-25 15:00:00,61.7,27.4,68,950.8,8.0,280,0.0,15,3,6,56.1,68.1,40.9,12.0,38.8,51.8,43.833333333333336,35.833333333333336,30.883333333333336
2026-06-25 16:00:00,60.3,27.0,70,951.4,8.6,290,0.0,16,3,6,61.7,30.2,41.2,12.5,73.7,49.5,47.300000000000004,39.975,31.837500000000002
2026-06-25 17:00:00,23.4,26.2,74,951.6,9.1,284,0.2,17,3,6,60.3,56.1,26.5,33.4,66.3,12.0,50.48333333333333,43.958333333333336,31.27916666666667
2026-06-25 18:00:00,22.5,25.8,77,951.5,9.5,281,0.0,18,3,6,23.4,61.7,68.1,36.5,20.5,12.0,49.96666666666667,43.125,29.49166666666667
2026-06-25 19:00:00,23.3,25.6,78,950.7,10.1,292,0.0,19,3,6,22.5,60.3,30.2,48.3,21.6,13.0,42.36666666666667,41.958333333333336,29.575000000000003
2026-06-25 20:00:00,21.3,25.3,78,950.3,10.6,293,0.0,20,3,6,23.3,23.4,56.1,24.3,18.3,12.0,41.21666666666667,39.875,29.645833333333332
2026-06-25 21:00:00,13.7,24.9,79,949.8,11.2,282,0.0,21,3,6,21.3,22.5,61.7,40.9,12.0,12.0,35.416666666666664,39.625,29.770833333333332
2026-06-25 22:00:00,12.0,24.6,80,949.6,10.3,282,0.0,22,3,6,13.7,23.3,60.3,41.2,12.0,12.0,27.416666666666668,37.358333333333334,29.841666666666665
2026-06-25 23:00:00,12.0,24.4,82,950.0,10.1,287,0.0,23,3,6,12.0,21.3,23.4,26.5,12.0,12.0,19.366666666666667,34.925,29.841666666666665
2026-06-26 00:00:00,12.0,24.6,83,950.3,11.6,277,0.0,0,4,6,12.0,13.7,22.5,68.1,12.0,12.0,17.46666666666667,33.71666666666666,29.841666666666665
2026-06-26 01:00:00,12.0,24.4,86,951.0,11.6,278,0.0,1,4,6,12.0,12.0,23.3,30.2,12.0,12.0,15.716666666666669,29.041666666666668,29.841666666666665
2026-06-26 02:00:00,12.0,24.7,87,951.8,11.2,271,0.3,2,4,6,12.0,12.0,21.3,56.1,12.0,12.0,13.833333333333334,27.525000000000002,29.841666666666665
2026-06-26 03:00:00,13.9,25.5,81,952.0,11.6,276,0.0,3,4,6,12.0,12.0,13.7,61.7,12.0,12.0,12.283333333333333,23.849999999999998,29.841666666666665
2026-06-26 04:00:00,12.0,27.2,73,952.1,13.1,289,0.0,4,4,6,13.9,12.0,12.0,60.3,12.5,12.0,12.316666666666665,19.866666666666667,29.92083333333333
2026-06-26 05:00:00,12.0,28.7,67,952.6,14.1,298,0.0,5,4,6,12.0,12.0,12.0,23.4,33.4,12.0,12.316666666666665,15.841666666666667,29.899999999999995
2026-06-26 06:00:00,16.1,29.2,63,952.7,13.7,304,0.0,6,4,6,12.0,13.9,12.0,22.5,36.5,12.0,12.316666666666665,14.891666666666666,29.00833333333333
2026-06-26 07:00:00,36.8,28.8,62,951.9,14.7,312,0.3,7,4,6,16.1,12.0,12.0,23.3,48.3,12.0,13.0,14.358333333333334,28.15833333333333
2026-06-26 08:00:00,26.2,29.8,59,951.2,13.8,297,0.3,8,4,6,36.8,12.0,12.0,21.3,24.3,19.7,17.133333333333333,15.483333333333334,27.679166666666664
2026-06-26 09:00:00,51.6,30.1,56,950.0,11.3,290,0.0,9,4,6,26.2,16.1,13.9,13.7,40.9,30.9,19.5,15.891666666666666,27.75833333333333
2026-06-26 10:00:00,39.2,30.4,55,949.5,10.5,295,0.0,10,4,6,51.6,36.8,12.0,12.0,41.2,49.2,25.78333333333333,19.05,28.204166666666666
2026-06-26 11:00:00,62.0,30.8,52,948.6,10.5,292,0.0,11,4,6,39.2,26.2,12.0,12.0,26.5,48.1,30.316666666666666,21.316666666666666,28.120833333333337
2026-06-26 12:00:00,84.6,29.6,59,949.1,9.1,297,0.0,12,4,6,62.0,51.6,16.1,12.0,68.1,69.7,38.65,25.483333333333334,29.600000000000005
2026-06-26 13:00:00,62.5,29.0,64,949.6,5.8,300,0.0,13,4,6,84.6,39.2,36.8,12.0,30.2,52.9,50.06666666666666,31.53333333333333,30.287499999999998
2026-06-26 14:00:00,75.9,28.6,68,950.2,4.5,307,0.0,14,4,6,62.5,62.0,26.2,12.0,56.1,66.2,54.35,35.74166666666667,31.63333333333333
2026-06-26 15:00:00,61.0,28.3,69,950.7,4.8,312,0.0,15,4,6,75.9,84.6,51.6,13.9,61.7,38.8,62.63333333333333,41.06666666666667,32.458333333333336
2026-06-26 16:00:00,58.0,27.8,74,951.4,3.8,311,0.0,16,4,6,61.0,62.5,39.2,12.0,60.3,73.7,64.2,44.99166666666667,32.42916666666667
2026-06-26 17:00:00,86.7,27.4,77,951.8,2.1,165,0.0,17,4,6,58.0,75.9,62.0,12.0,23.4,66.3,67.33333333333333,48.824999999999996,32.333333333333336
2026-06-26 18:00:00,36.4,26.0,77,951.9,7.1,229,0.3,18,4,6,86.7,61.0,84.6,16.1,22.5,20.5,71.45,55.050000000000004,34.97083333333333
2026-06-26 19:00:00,19.5,24.7,85,951.4,7.3,324,1.6,19,4,6,36.4,58.0,62.5,36.8,23.3,21.6,63.41666666666668,56.74166666666667,35.55
2026-06-26 20:00:00,43.5,24.1,92,950.0,4.4,261,1.0,20,4,6,19.5,86.7,75.9,26.2,21.3,18.3,56.25,55.300000000000004,35.391666666666666
2026-06-26 21:00:00,12.0,24.2,89,949.8,5.6,272,0.3,21,4,6,43.5,36.4,61.0,51.6,13.7,12.0,50.85,56.74166666666667,36.31666666666666
2026-06-26 22:00:00,32.9,24.4,88,949.4,5.6,255,0.0,22,4,6,12.0,19.5,58.0,39.2,12.0,12.0,42.68333333333334,53.44166666666667,36.24583333333333
2026-06-26 23:00:00,12.0,24.4,87,949.6,7.6,262,0.1,23,4,6,32.9,43.5,86.7,62.0,12.0,12.0,38.5,52.916666666666664,37.11666666666667
2026-06-27 00:00:00,17.2,24.8,86,950.1,8.5,270,0.1,0,5,6,12.0,12.0,36.4,84.6,12.0,12.0,26.05,48.75,37.11666666666667
2026-06-27 01:00:00,12.0,25.2,84,950.7,8.4,286,0.0,1,5,6,17.2,32.9,19.5,62.5,12.0,12.0,22.849999999999998,43.13333333333333,37.333333333333336
2026-06-27 02:00:00,12.0,26.1,79,951.3,9.7,295,0.0,2,5,6,12.0,12.0,43.5,75.9,12.0,12.0,21.599999999999998,38.925,37.333333333333336
2026-06-27 03:00:00,12.0,27.3,72,951.6,13.2,299,0.0,3,5,6,12.0,17.2,12.0,61.0,13.9,12.0,16.35,33.6,37.333333333333336
2026-06-27 04:00:00,12.0,27.9,67,952.0,13.3,300,0.0,4,5,6,12.0,12.0,32.9,58.0,12.0,12.5,16.349999999999998,29.516666666666666,37.25416666666667
2026-06-27 05:00:00,20.0,28.7,65,952.0,13.8,303,0.2,5,5,6,12.0,12.0,12.0,86.7,12.0,33.4,12.866666666666667,25.683333333333334,37.25416666666667
2026-06-27 06:00:00,19.8,27.9,70,952.3,12.8,292,0.1,6,5,6,20.0,12.0,17.2,36.4,16.1,36.5,14.200000000000001,20.125,37.5875
2026-06-27 07:00:00,49.4,28.1,69,951.6,11.5,300,0.3,7,5,6,19.8,12.0,12.0,19.5,36.8,48.3,14.633333333333333,18.741666666666667,37.74166666666667
2026-06-27 08:00:00,51.5,28.3,70,951.0,9.9,297,0.2,8,5,6,49.4,20.0,12.0,43.5,26.2,24.3,20.866666666666664,21.233333333333334,38.26666666666667
2026-06-27 09:00:00,53.6,27.8,73,949.8,9.7,270,0.1,9,5,6,51.5,19.8,12.0,12.0,51.6,40.9,27.45,21.900000000000002,39.32083333333333
2026-06-27 10:00:00,47.5,28.1,71,949.2,10.2,277,0.2,10,5,6,53.6,49.4,12.0,32.9,39.2,41.2,34.38333333333333,25.366666666666664,39.40416666666667
2026-06-27 11:00:00,68.0,28.3,70,948.2,8.4,285,0.0,11,5,6,47.5,51.5,20.0,12.0,62.0,26.5,40.300000000000004,26.583333333333332,39.75
2026-06-27 12:00:00,87.3,27.9,75,948.8,6.8,259,0.0,12,5,6,68.0,53.6,19.8,17.2,84.6,68.1,48.300000000000004,31.25,40.0
2026-06-27 13:00:00,68.3,27.9,74,950.0,4.8,301,0.0,13,5,6,87.3,47.5,49.4,12.0,62.5,30.2,59.54999999999999,37.09166666666666,40.112500000000004
2026-06-27 14:00:00,68.9,27.3,78,950.3,4.8,312,0.0,14,5,6,68.3,68.0,51.5,12.0,75.9,56.1,62.699999999999996,41.78333333333333,40.354166666666664
2026-06-27 15:00:00,85.4,26.8,82,950.7,4.0,288,0.0,15,5,6,68.9,87.3,53.6,12.0,61.0,61.7,65.60000000000001,46.525,40.0625
2026-06-27 16:00:00,59.8,26.5,83,950.8,4.9,246,0.0,16,5,6,85.4,68.3,47.5,12.0,58.0,60.3,70.89999999999999,52.64166666666667,41.079166666666666
2026-06-27 17:00:00,40.2,26.2,83,951.4,6.7,243,0.0,17,5,6,59.8,68.9,68.0,20.0,86.7,23.4,72.95,56.625,41.15416666666667
2026-06-27 18:00:00,38.0,25.2,90,951.2,2.5,176,0.0,18,5,6,40.2,85.4,87.3,19.8,36.4,22.5,68.31666666666666,58.30833333333334,39.21666666666667
2026-06-27 19:00:00,60.8,25.0,92,950.1,5.2,268,0.8,19,5,6,38.0,59.8,68.3,49.4,19.5,23.3,60.1,59.82500000000001,39.28333333333334
2026-06-27 20:00:00,48.1,24.6,94,949.9,1.0,112,0.2,20,5,6,60.8,40.2,68.9,51.5,43.5,21.3,58.85,60.775000000000006,41.00416666666667
2026-06-27 21:00:00,29.9,24.4,97,949.3,4.8,20,0.5,21,5,6,48.1,38.0,85.4,53.6,12.0,13.7,55.38333333333333,60.491666666666674,41.19583333333333
2026-06-27 22:00:00,13.2,24.6,96,949.3,6.6,244,0.6,22,5,6,29.9,60.8,59.8,47.5,32.9,12.0,46.13333333333333,58.51666666666667,41.94166666666667
2026-06-27 23:00:00,21.0,24.3,94,949.2,9.2,239,0.2,23,5,6,13.2,48.1,40.2,68.0,12.0,12.0,38.36666666666667,55.65833333333333,41.12083333333334
2026-06-28 00:00:00,12.0,24.7,89,949.8,9.8,262,0.3,0,6,6,21.0,29.9,38.0,87.3,17.2,12.0,35.166666666666664,51.74166666666667,41.49583333333334
2026-06-28 01:00:00,12.0,24.7,88,950.0,8.8,269,0.0,1,6,6,12.0,13.2,60.8,68.3,12.0,12.0,30.833333333333332,45.46666666666666,41.27916666666667
2026-06-28 02:00:00,12.0,25.6,84,950.7,10.5,257,0.0,2,6,6,12.0,21.0,48.1,68.9,12.0,12.0,22.7,40.775,41.27916666666667
2026-06-28 03:00:00,12.0,27.0,76,950.9,11.2,273,0.0,3,6,6,12.0,12.0,29.9,85.4,12.0,13.9,16.683333333333334,36.03333333333333,41.27916666666667
2026-06-28 04:00:00,12.0,28.6,70,951.2,7.8,274,0.0,4,6,6,12.0,12.0,13.2,59.8,12.0,12.0,13.700000000000001,29.916666666666668,41.27916666666667
2026-06-28 05:00:00,15.3,30.0,64,951.3,7.4,277,0.0,5,6,6,12.0,12.0,21.0,40.2,20.0,12.0,13.5,25.933333333333334,41.27916666666667
2026-06-28 06:00:00,39.8,31.1,60,950.9,8.3,274,0.0,6,6,6,15.3,12.0,12.0,38.0,19.8,16.1,12.549999999999999,23.858333333333334,41.083333333333336
2026-06-28 07:00:00,34.5,31.8,58,950.6,7.6,277,0.0,7,6,6,39.8,12.0,12.0,60.8,49.4,36.8,17.183333333333334,24.008333333333336,41.916666666666664
2026-06-28 08:00:00,49.9,32.6,53,948.9,5.4,249,0.1,8,6,6,34.5,15.3,12.0,48.1,51.5,26.2,20.933333333333334,21.816666666666663,41.29583333333333
2026-06-28 09:00:00,12.0,25.4,87,948.0,17.3,262,3.0,9,6,6,49.9,39.8,12.0,29.9,53.6,51.6,27.25,21.966666666666665,41.229166666666664
2026-06-28 10:00:00,84.1,27.6,80,947.1,3.8,349,2.5,10,6,6,12.0,34.5,12.0,13.2,47.5,39.2,27.25,20.475,39.49583333333334
2026-06-28 11:00:00,90.4,29.1,70,947.4,4.3,222,0.1,11,6,6,84.1,49.9,15.3,21.0,68.0,62.0,39.266666666666666,26.383333333333336,41.020833333333336
2026-06-28 12:00:00,91.7,28.8,71,948.0,4.5,203,0.0,12,6,6,90.4,12.0,39.8,12.0,87.3,84.6,51.78333333333334,32.166666666666664,41.95416666666667
2026-06-28 13:00:00,72.1,28.1,75,948.3,4.7,247,0.0,13,6,6,91.7,84.1,34.5,12.0,68.3,62.5,60.43333333333334,38.80833333333333,42.137499999999996
2026-06-28 14:00:00,61.8,27.5,80,949.2,4.8,312,0.0,14,6,6,72.1,90.4,49.9,12.0,68.9,75.9,66.7,43.81666666666666,42.295833333333334
2026-06-28 15:00:00,52.6,27.3,80,949.4,5.8,330,0.0,15,6,6,61.8,91.7,12.0,12.0,85.4,61.0,68.68333333333334,47.96666666666667,42.0
2026-06-28 16:00:00,16.7,23.2,95,950.9,14.3,246,3.7,16,6,6,52.6,72.1,84.1,12.0,59.8,58.0,75.45,51.35,40.63333333333333
2026-06-28 17:00:00,55.3,23.6,97,950.8,5.7,229,2.0,17,6,6,16.7,61.8,90.4,15.3,40.2,86.7,64.21666666666667,51.74166666666667,38.8375
2026-06-28 18:00:00,40.8,26.0,82,951.0,6.9,245,0.6,18,6,6,55.3,52.6,91.7,39.8,38.0,36.4,58.36666666666665,55.07500000000001,39.46666666666666
2026-06-28 19:00:00,45.8,25.6,84,950.2,9.7,254,0.0,19,6,6,40.8,16.7,72.1,34.5,60.8,19.5,49.883333333333326,55.15833333333333,39.583333333333336
2026-06-28 20:00:00,15.7,25.2,85,949.5,8.2,251,0.0,20,6,6,45.8,55.3,61.8,49.9,48.1,43.5,45.5,56.099999999999994,38.958333333333336
2026-06-28 21:00:00,12.1,24.9,87,949.0,8.6,244,0.0,21,6,6,15.7,40.8,52.6,12.0,29.9,12.0,37.81666666666666,53.25,37.608333333333334
2026-06-28 22:00:00,20.9,24.6,88,948.8,9.8,240,0.0,22,6,6,12.1,45.8,16.7,84.1,13.2,32.9,31.066666666666666,53.25833333333333,36.86666666666667
2026-06-28 23:00:00,12.0,24.3,89,948.8,9.8,244,0.0,23,6,6,20.9,15.7,55.3,90.4,21.0,12.0,31.766666666666662,47.99166666666667,37.1875
2026-06-29 00:00:00,12.0,24.3,92,949.2,9.7,252,0.0,0,0,6,12.0,12.1,40.8,91.7,12.0,17.2,24.549999999999997,41.458333333333336,36.8125
2026-06-29 01:00:00,12.0,24.3,90,949.2,10.4,259,0.0,1,0,6,12.0,20.9,45.8,72.1,12.0,12.0,19.75,34.81666666666667,36.8125
2026-06-29 02:00:00,12.0,24.7,87,949.6,10.2,260,0.0,2,0,6,12.0,12.0,15.7,61.8,12.0,12.0,14.116666666666665,29.808333333333334,36.8125
2026-06-29 03:00:00,34.1,25.7,80,950.0,11.9,267,0.0,3,0,6,12.0,12.0,12.1,52.6,12.0,12.0,13.5,25.65833333333333,36.8125
2026-06-29 04:00:00,17.7,26.3,77,950.6,10.1,270,0.0,4,0,6,34.1,12.0,20.9,16.7,12.0,12.0,17.166666666666668,24.116666666666664,37.73333333333333
2026-06-29 05:00:00,27.5,27.0,74,950.8,8.0,261,0.0,5,0,6,17.7,12.0,12.0,55.3,15.3,20.0,16.633333333333333,24.2,37.97083333333333
2026-06-29 06:00:00,47.7,27.1,72,950.8,11.4,264,0.0,6,0,6,27.5,34.1,12.0,40.8,39.8,19.8,19.21666666666667,21.88333333333333,38.479166666666664
2026-06-29 07:00:00,55.6,28.4,66,950.7,9.6,253,0.0,7,0,6,47.7,17.7,12.0,45.8,34.5,49.4,25.166666666666668,22.458333333333332,38.80833333333334
2026-06-29 08:00:00,66.7,29.5,62,950.0,9.5,261,0.1,8,0,6,55.6,27.5,12.0,15.7,49.9,51.5,32.43333333333334,23.275000000000002,39.6875
2026-06-29 09:00:00,36.8,29.4,62,949.0,11.7,269,0.3,9,0,6,66.7,47.7,34.1,12.1,12.0,53.6,41.550000000000004,27.525000000000002,40.387499999999996
2026-06-29 10:00:00,67.1,29.4,62,948.4,10.9,261,0.2,10,0,6,36.8,55.6,17.7,20.9,84.1,47.5,42.0,29.583333333333332,41.42083333333333
2026-06-29 11:00:00,67.9,29.6,61,947.4,9.8,262,0.1,11,0,6,67.1,66.7,27.5,12.0,90.4,68.0,50.23333333333333,33.43333333333333,40.7125
2026-06-29 12:00:00,70.7,29.1,64,947.8,12.5,234,0.0,12,0,6,67.9,36.8,47.7,12.0,91.7,87.3,56.96666666666667,38.09166666666667,39.775
2026-06-29 13:00:00,76.0,27.9,72,948.1,10.1,243,0.2,13,0,6,70.7,67.1,55.6,12.0,72.1,68.3,60.800000000000004,42.98333333333333,38.9
2026-06-29 14:00:00,69.7,27.3,75,948.9,9.7,239,0.0,14,0,6,76.0,67.9,66.7,12.0,61.8,68.9,64.2,48.31666666666666,39.0625
2026-06-29 15:00:00,68.0,26.9,76,949.7,9.3,245,0.0,15,0,6,69.7,70.7,36.8,34.1,52.6,85.4,64.7,53.125,39.39166666666667
2026-06-29 16:00:00,75.8,26.6,77,950.3,8.5,243,0.0,16,0,6,68.0,76.0,67.1,17.7,16.7,59.8,69.89999999999999,55.949999999999996,40.03333333333334
2026-06-29 17:00:00,58.7,26.3,77,950.9,11.2,242,0.0,17,0,6,75.8,69.7,67.9,27.5,55.3,40.2,71.35000000000001,60.791666666666664,42.49583333333333
2026-06-29 18:00:00,14.5,26.2,75,950.6,14.8,260,0.0,18,0,6,58.7,68.0,70.7,47.7,40.8,38.0,69.81666666666666,63.39166666666667,42.6375
2026-06-29 19:00:00,12.0,25.5,81,950.3,16.5,257,0.0,19,0,6,14.5,75.8,76.0,55.6,45.8,60.8,60.449999999999996,60.625,41.541666666666664
2026-06-29 20:00:00,12.0,24.6,86,949.4,16.5,262,0.0,20,0,6,12.0,58.7,69.7,66.7,15.7,48.1,49.78333333333333,56.99166666666667,40.13333333333333
2026-06-29 21:00:00,12.0,24.3,87,948.9,16.5,259,0.0,21,0,6,12.0,14.5,68.0,36.8,12.1,29.9,40.166666666666664,52.43333333333334,39.979166666666664
2026-06-29 22:00:00,12.0,24.0,86,948.8,16.9,259,0.0,22,0,6,12.0,12.0,75.8,67.1,20.9,13.2,30.833333333333332,50.36666666666667,39.975
2026-06-29 23:00:00,12.0,23.8,86,949.2,16.1,264,0.0,23,0,6,12.0,12.0,58.7,67.9,12.0,21.0,20.2,45.775,39.604166666666664
2026-06-30 00:00:00,12.0,23.9,87,949.6,17.0,263,0.0,0,1,6,12.0,12.0,14.5,70.7,12.0,12.0,12.416666666666666,41.11666666666667,39.604166666666664
2026-06-30 01:00:00,12.0,24.1,86,950.2,16.3,263,0.0,1,1,6,12.0,12.0,12.0,76.0,12.0,12.0,12.0,36.225,39.604166666666664
2026-06-30 02:00:00,12.0,24.7,82,950.3,19.1,270,0.0,2,1,6,12.0,12.0,12.0,69.7,12.0,12.0,12.0,30.891666666666666,39.604166666666664
2026-06-30 03:00:00,12.0,25.7,77,950.8,18.3,275,0.0,3,1,6,12.0,12.0,12.0,68.0,34.1,12.0,12.0,26.083333333333332,39.604166666666664
2026-06-30 04:00:00,12.0,27.1,70,950.9,19.8,274,0.0,4,1,6,12.0,12.0,12.0,75.8,17.7,12.0,12.0,21.416666666666668,38.68333333333334
2026-06-30 05:00:00,12.0,27.9,67,950.8,18.1,275,0.0,5,1,6,12.0,12.0,12.0,58.7,27.5,15.3,12.0,16.099999999999998,38.44583333333333
2026-06-30 06:00:00,31.7,28.2,64,950.8,18.7,281,0.0,6,1,6,12.0,12.0,12.0,14.5,47.7,39.8,12.0,12.208333333333334,37.800000000000004
2026-06-30 07:00:00,12.0,29.1,60,950.9,19.0,277,0.0,7,1,6,31.7,12.0,12.0,12.0,55.6,34.5,15.283333333333333,13.641666666666667,37.13333333333333
2026-06-30 08:00:00,27.0,29.2,60,950.3,17.4,280,0.0,8,1,6,12.0,12.0,12.0,12.0,66.7,49.9,15.283333333333333,13.641666666666666,35.31666666666667
2026-06-30 09:00:00,54.2,29.4,58,949.5,16.1,276,0.3,9,1,6,27.0,31.7,12.0,12.0,36.8,12.0,17.783333333333335,14.891666666666666,33.6625
2026-06-30 10:00:00,44.7,29.3,60,948.8,16.5,277,0.6,10,1,6,54.2,12.0,12.0,12.0,67.1,84.1,24.816666666666666,18.40833333333333,34.3875
2026-06-30 11:00:00,55.4,29.8,58,947.7,14.6,279,0.2,11,1,6,44.7,27.0,12.0,12.0,67.9,90.4,30.26666666666667,21.133333333333333,33.45416666666667
2026-06-30 12:00:00,72.7,28.8,64,948.3,12.1,260,0.7,12,1,6,55.4,54.2,31.7,12.0,70.7,91.7,37.5,24.75,32.93333333333334
2026-06-30 13:00:00,65.4,28.3,68,948.8,11.1,263,0.0,13,1,6,72.7,44.7,12.0,12.0,76.0,72.1,44.333333333333336,29.808333333333337,33.016666666666666
2026-06-30 14:00:00,47.4,27.9,67,949.2,13.5,272,0.0,14,1,6,65.4,55.4,27.0,12.0,69.7,61.8,53.23333333333334,34.25833333333333,32.574999999999996
2026-06-30 15:00:00,44.3,26.6,73,950.2,13.1,285,0.0,15,1,6,47.4,72.7,54.2,12.0,68.0,52.6,56.63333333333333,37.208333333333336,31.645833333333332
2026-06-30 16:00:00,29.6,26.4,73,950.5,10.8,274,0.0,16,1,6,44.3,65.4,44.7,12.0,75.8,16.7,54.98333333333334,39.9,30.65833333333333
2026-06-30 17:00:00,47.8,26.3,74,951.1,11.3,272,0.0,17,1,6,29.6,47.4,55.4,12.0,58.7,55.3,52.46666666666667,41.36666666666667,28.733333333333334
2026-06-30 18:00:00,16.9,26.3,72,950.8,14.8,264,0.0,18,1,6,47.8,44.3,72.7,31.7,14.5,40.8,51.20000000000001,44.35,28.279166666666665
2026-06-30 19:00:00,12.0,26.1,72,950.2,15.7,261,0.0,19,1,6,16.9,29.6,65.4,12.0,12.0,45.8,41.9,43.11666666666667,28.379166666666663
2026-06-30 20:00:00,12.0,25.4,75,949.5,15.9,261,0.0,20,1,6,12.0,47.8,47.4,27.0,12.0,15.7,33.0,43.11666666666667,28.379166666666663
2026-06-30 21:00:00,12.0,24.7,80,949.1,15.4,260,0.2,21,1,6,12.0,16.9,44.3,54.2,12.0,12.1,27.099999999999998,41.86666666666667,28.379166666666663
2026-06-30 22:00:00,12.0,24.3,83,948.9,15.3,261,0.5,22,1,6,12.0,12.0,29.6,44.7,12.0,20.9,21.71666666666667,38.35,28.379166666666663
2026-06-30 23:00:00,12.0,23.8,86,948.7,16.0,261,0.6,23,1,6,12.0,12.0,47.8,55.4,12.0,12.0,18.78333333333333,35.625,28.379166666666663
2026-07-01 00:00:00,12.0,24.3,83,949.0,14.6,261,0.2,0,2,7,12.0,12.0,16.9,72.7,12.0,12.0,12.816666666666668,32.00833333333333,28.379166666666663
2026-07-01 01:00:00,12.0,24.2,83,949.7,16.1,263,0.1,1,2,7,12.0,12.0,12.0,65.4,12.0,12.0,12.0,26.95,28.379166666666663
2026-07-01 02:00:00,12.0,23.7,89,949.7,17.2,265,0.8,2,2,7,12.0,12.0,12.0,47.4,12.0,12.0,12.0,22.5,28.379166666666663
2026-07-01 03:00:00,12.0,23.9,90,949.9,14.8,264,0.5,3,2,7,12.0,12.0,12.0,44.3,12.0,34.1,12.0,19.55,28.379166666666663
2026-07-01 04:00:00,12.0,24.5,88,950.1,13.2,266,0.5,4,2,7,12.0,12.0,12.0,29.6,12.0,17.7,12.0,16.858333333333334,28.379166666666663
2026-07-01 05:00:00,12.0,26.2,78,950.5,17.8,264,0.2,5,2,7,12.0,12.0,12.0,47.8,12.0,27.5,12.0,15.391666666666666,28.379166666666663
2026-07-01 06:00:00,16.7,25.6,81,950.6,15.7,254,0.1,6,2,7,12.0,12.0,12.0,16.9,31.7,47.7,12.0,12.408333333333333,28.379166666666663
2026-07-01 07:00:00,32.6,26.2,76,950.2,15.5,260,0.0,7,2,7,16.7,12.0,12.0,12.0,12.0,55.6,12.783333333333333,12.391666666666666,27.754166666666666
2026-07-01 08:00:00,23.4,27.6,68,949.3,16.4,266,0.1,8,2,7,32.6,12.0,12.0,12.0,27.0,66.7,16.216666666666665,14.108333333333334,28.6125
2026-07-01 09:00:00,21.2,28.8,63,948.3,19.0,266,0.2,9,2,7,23.4,16.7,12.0,12.0,54.2,36.8,18.116666666666664,15.058333333333332,28.462500000000002
2026-07-01 10:00:00,33.4,29.1,63,947.6,18.6,261,0.0,10,2,7,21.2,32.6,12.0,12.0,44.7,67.1,19.65,15.825000000000001,27.087500000000002
2026-07-01 11:00:00,47.0,28.9,63,947.5,17.2,265,0.0,11,2,7,33.4,23.4,12.0,12.0,55.4,67.9,23.21666666666667,17.608333333333334,26.61666666666667
2026-07-01 12:00:00,44.9,29.0,61,947.3,16.9,261,0.0,12,2,7,47.0,21.2,16.7,12.0,72.7,70.7,29.05,20.525000000000002,26.266666666666666
2026-07-01 13:00:00,47.3,27.9,65,948.2,16.2,260,0.0,13,2,7,44.9,33.4,32.6,12.0,65.4,76.0,33.75,23.266666666666666,25.108333333333334
2026-07-01 14:00:00,32.6,26.4,71,949.0,16.1,254,0.0,14,2,7,47.3,47.0,23.4,12.0,47.4,69.7,36.199999999999996,26.208333333333332,24.354166666666668
2026-07-01 15:00:00,32.4,26.3,74,949.6,15.9,258,0.0,15,2,7,32.6,44.9,21.2,12.0,44.3,68.0,37.733333333333334,27.925,23.737499999999997
2026-07-01 16:00:00,32.6,25.9,76,950.3,15.8,256,0.0,16,2,7,32.4,47.3,33.4,12.0,29.6,75.8,39.6,29.625,23.241666666666664
2026-07-01 17:00:00,12.0,25.5,78,950.8,15.9,256,0.0,17,2,7,32.6,32.6,47.0,12.0,47.8,58.7,39.46666666666666,31.34166666666667,23.366666666666664
2026-07-01 18:00:00,12.0,25.1,80,950.5,17.2,257,0.0,18,2,7,12.0,32.4,44.9,16.7,16.9,14.5,33.63333333333333,31.34166666666667,21.875
2026-07-01 19:00:00,12.0,24.3,86,950.0,18.2,259,0.5,19,2,7,12.0,32.6,47.3,32.6,12.0,12.0,28.150000000000002,30.95,21.670833333333334
2026-07-01 20:00:00,12.0,23.9,90,949.5,17.3,260,0.6,20,2,7,12.0,12.0,32.6,23.4,12.0,12.0,22.266666666666666,29.23333333333333,21.670833333333334
2026-07-01 21:00:00,12.0,23.7,91,948.9,17.8,262,0.6,21,2,7,12.0,12.0,32.4,21.2,12.0,12.0,18.833333333333332,28.28333333333333,21.670833333333334
2026-07-01 22:00:00,12.0,23.5,91,948.7,17.8,264,0.5,22,2,7,12.0,12.0,32.6,33.4,12.0,12.0,15.433333333333332,27.51666666666667,21.670833333333334
2026-07-01 23:00:00,12.0,23.5,90,948.9,17.5,267,0.5,23,2,7,12.0,12.0,12.0,47.0,12.0,12.0,12.0,25.73333333333333,21.670833333333334
2026-07-02 00:00:00,12.0,23.8,89,948.7,19.1,265,0.2,0,3,7,12.0,12.0,12.0,44.9,12.0,12.0,12.0,22.816666666666663,21.670833333333334
2026-07-02 01:00:00,12.0,23.7,89,949.2,18.0,269,0.4,1,3,7,12.0,12.0,12.0,47.3,12.0,12.0,12.0,20.075,21.670833333333334
2026-07-02 02:00:00,12.0,24.2,86,949.7,16.2,268,0.0,2,3,7,12.0,12.0,12.0,32.6,12.0,12.0,12.0,17.133333333333333,21.670833333333334
2026-07-02 03:00:00,12.0,24.9,83,949.9,16.8,264,0.0,3,3,7,12.0,12.0,12.0,32.4,12.0,12.0,12.0,15.416666666666666,21.670833333333334
2026-07-02 04:00:00,12.0,25.8,79,950.4,18.6,268,0.1,4,3,7,12.0,12.0,12.0,32.6,12.0,12.0,12.0,13.716666666666667,21.670833333333334
2026-07-02 05:00:00,12.0,25.6,82,950.4,15.5,271,0.5,5,3,7,12.0,12.0,12.0,12.0,12.0,12.0,12.0,12.0,21.670833333333334
2026-07-02 06:00:00,29.4,25.4,82,950.7,14.8,264,0.2,6,3,7,12.0,12.0,12.0,12.0,16.7,31.7,12.0,12.0,21.670833333333334
2026-07-02 07:00:00,50.1,26.4,75,950.3,14.0,262,0.1,7,3,7,29.4,12.0,12.0,12.0,32.6,12.0,14.9,13.450000000000001,22.2
2026-07-02 08:00:00,12.0,28.0,64,949.7,18.9,270,0.0,8,3,7,50.1,12.0,12.0,12.0,23.4,27.0,21.25,16.625,22.929166666666664
2026-07-02 09:00:00,21.2,28.6,61,949.0,19.9,274,0.0,9,3,7,12.0,29.4,12.0,12.0,21.2,54.2,21.25,16.625,22.454166666666666
2026-07-02 10:00:00,44.4,28.2,65,948.4,18.7,269,0.0,10,3,7,21.2,50.1,12.0,12.0,33.4,44.7,22.78333333333333,17.391666666666666,22.454166666666666
2026-07-02 11:00:00,70.4,27.8,67,948.2,16.9,273,0.2,11,3,7,44.4,12.0,12.0,12.0,47.0,55.4,28.183333333333334,20.091666666666665,22.912499999999998
2026-07-02 12:00:00,44.8,27.8,70,948.5,16.4,301,0.2,12,3,7,70.4,21.2,29.4,12.0,44.9,72.7,37.916666666666664,24.958333333333332,23.8875
2026-07-02 13:00:00,57.9,25.0,89,948.6,10.1,290,1.7,13,3,7,44.8,44.4,50.1,12.0,47.3,65.4,40.48333333333333,27.691666666666666,23.883333333333336
2026-07-02 14:00:00,44.3,25.6,86,949.2,11.9,265,0.3,14,3,7,57.9,70.4,12.0,12.0,32.6,47.4,41.78333333333333,31.516666666666666,24.325000000000003
2026-07-02 15:00:00,42.8,26.2,77,950.0,14.0,263,0.0,15,3,7,44.3,44.8,21.2,12.0,32.4,44.3,47.166666666666664,34.208333333333336,24.8125
2026-07-02 16:00:00,44.7,26.3,73,950.4,14.4,271,0.0,16,3,7,42.8,57.9,44.4,12.0,32.6,29.6,50.76666666666667,36.775,25.245833333333337
2026-07-02 17:00:00,29.5,25.9,73,950.8,13.9,271,0.1,17,3,7,44.7,44.3,70.4,12.0,12.0,47.8,50.81666666666667,39.5,25.75
2026-07-02 18:00:00,24.1,25.5,76,950.6,15.0,264,0.2,18,3,7,29.5,42.8,44.8,29.4,12.0,16.9,44.0,40.958333333333336,26.479166666666668
2026-07-02 19:00:00,12.0,24.6,81,950.3,17.1,269,0.3,19,3,7,24.1,44.7,57.9,50.1,12.0,12.0,40.55,40.51666666666667,26.983333333333334
2026-07-02 20:00:00,12.0,23.9,86,949.8,16.9,267,0.6,20,3,7,12.0,29.5,44.3,12.0,12.0,12.0,32.9,37.34166666666667,26.983333333333334
2026-07-02 21:00:00,12.0,23.7,88,949.4,16.5,262,0.6,21,3,7,12.0,24.1,42.8,21.2,12.0,12.0,27.516666666666666,37.34166666666667,26.983333333333334
2026-07-02 22:00:00,12.0,23.6,89,949.0,17.5,262,0.4,22,3,7,12.0,12.0,44.7,44.4,12.0,12.0,22.383333333333336,36.574999999999996,26.983333333333334
2026-07-02 23:00:00,12.0,23.5,90,948.9,17.8,261,0.3,23,3,7,12.0,12.0,29.5,70.4,12.0,12.0,16.933333333333334,33.875,26.983333333333334
2026-07-03 00:00:00,12.0,23.5,90,949.1,18.4,258,0.2,0,4,7,12.0,12.0,24.1,44.8,12.0,12.0,14.016666666666666,29.008333333333336,26.983333333333334
2026-07-03 01:00:00,12.0,23.7,89,949.3,18.2,259,0.1,1,4,7,12.0,12.0,12.0,57.9,12.0,12.0,12.0,26.274999999999995,26.983333333333334
2026-07-03 02:00:00,12.0,24.8,84,949.7,17.9,260,0.0,2,4,7,12.0,12.0,12.0,44.3,12.0,12.0,12.0,22.45,26.983333333333334
2026-07-03 03:00:00,12.0,26.6,73,949.6,23.1,262,0.0,3,4,7,12.0,12.0,12.0,42.8,12.0,12.0,12.0,19.758333333333333,26.983333333333334
2026-07-03 04:00:00,12.0,27.5,69,950.0,24.5,268,0.0,4,4,7,12.0,12.0,12.0,44.7,12.0,12.0,12.0,17.191666666666666,26.983333333333334
2026-07-03 05:00:00,12.0,28.0,66,950.0,24.5,271,0.1,5,4,7,12.0,12.0,12.0,29.5,12.0,12.0,12.0,14.466666666666667,26.983333333333334
2026-07-03 06:00:00,12.0,28.3,64,950.1,25.4,267,0.1,6,4,7,12.0,12.0,12.0,24.1,29.4,16.7,12.0,13.008333333333333,26.983333333333334
2026-07-03 07:00:00,12.0,27.1,71,949.8,21.4,264,0.2,7,4,7,12.0,12.0,12.0,12.0,50.1,32.6,12.0,12.0,26.258333333333336
2026-07-03 08:00:00,30.4,27.0,73,949.5,19.9,265,0.2,8,4,7,12.0,12.0,12.0,12.0,12.0,23.4,12.0,12.0,24.670833333333334
2026-07-03 09:00:00,12.6,26.1,77,948.8,21.0,264,1.0,9,4,7,30.4,12.0,12.0,12.0,21.2,21.2,15.066666666666668,13.533333333333333,25.4375
2026-07-03 10:00:00,23.0,25.3,85,948.4,17.1,262,1.1,10,4,7,12.6,12.0,12.0,12.0,44.4,33.4,15.166666666666666,13.583333333333334,25.079166666666666
2026-07-03 11:00:00,27.8,25.1,84,948.0,17.5,261,0.5,11,4,7,23.0,30.4,12.0,12.0,70.4,47.0,17.0,14.5,24.1875
2026-07-03 12:00:00,39.1,25.2,82,947.8,17.6,256,0.3,12,4,7,27.8,12.6,12.0,12.0,44.8,44.9,19.633333333333333,15.816666666666668,22.412499999999998
2026-07-03 13:00:00,50.1,25.4,81,947.9,15.9,261,0.2,13,4,7,39.1,23.0,12.0,12.0,57.9,47.3,24.150000000000002,18.075,22.175
2026-07-03 14:00:00,53.1,25.7,77,948.4,16.5,263,0.0,14,4,7,50.1,27.8,30.4,12.0,44.3,32.6,30.5,21.25,21.849999999999998
2026-07-03 15:00:00,21.5,25.4,79,948.8,17.5,255,0.2,15,4,7,53.1,39.1,12.6,12.0,42.8,32.4,34.28333333333333,24.675,22.21666666666667
2026-07-03 16:00:00,12.7,25.0,82,949.2,16.5,254,0.2,16,4,7,21.5,50.1,23.0,12.0,44.7,32.6,35.76666666666667,25.46666666666667,21.32916666666667
2026-07-03 17:00:00,43.5,24.8,84,949.5,16.7,258,0.2,17,4,7,12.7,53.1,27.8,12.0,29.5,12.0,34.050000000000004,25.525000000000002,19.995833333333334
2026-07-03 18:00:00,12.0,24.2,84,949.0,18.8,257,0.3,18,4,7,43.5,21.5,39.1,12.0,24.1,12.0,36.666666666666664,28.150000000000002,20.57916666666667
2026-07-03 19:00:00,12.0,23.9,86,948.3,19.5,261,0.1,19,4,7,12.0,12.7,50.1,12.0,12.0,12.0,32.15,28.150000000000002,20.075
2026-07-03 20:00:00,12.0,23.7,86,947.9,19.4,263,0.2,20,4,7,12.0,43.5,53.1,30.4,12.0,12.0,25.8,28.150000000000002,20.075
2026-07-03 21:00:00,12.0,23.5,88,947.6,18.8,264,0.2,21,4,7,12.0,12.0,21.5,12.6,12.0,12.0,18.95,26.61666666666667,20.075
2026-07-03 22:00:00,12.0,23.3,88,947.4,19.7,265,0.3,22,4,7,12.0,12.0,12.7,23.0,12.0,12.0,17.366666666666667,26.566666666666666,20.075
2026-07-03 23:00:00,12.0,23.1,90,947.5,20.7,267,0.6,23,4,7,12.0,12.0,43.5,27.8,12.0,12.0,17.25,25.650000000000002,20.075
2026-07-04 00:00:00,12.0,22.8,94,947.4,21.8,260,1.0,0,5,7,12.0,12.0,12.0,39.1,12.0,12.0,12.0,24.333333333333332,20.075
2026-07-04 01:00:00,12.0,22.9,93,947.7,19.6,263,0.7,1,5,7,12.0,12.0,12.0,50.1,12.0,12.0,12.0,22.075,20.075
2026-07-04 02:00:00,12.0,23.4,90,948.2,19.7,266,0.4,2,5,7,12.0,12.0,12.0,53.1,12.0,12.0,12.0,18.900000000000002,20.075
2026-07-04 03:00:00,12.0,24.3,85,948.3,19.0,264,0.2,3,5,7,12.0,12.0,12.0,21.5,12.0,12.0,12.0,15.475,20.075
2026-07-04 04:00:00,12.0,24.7,85,948.5,20.2,266,0.6,4,5,7,12.0,12.0,12.0,12.7,12.0,12.0,12.0,14.683333333333332,20.075
2026-07-04 05:00:00,12.0,24.0,89,948.3,19.1,274,1.1,5,5,7,12.0,12.0,12.0,43.5,12.0,12.0,12.0,14.625,20.075
2026-07-04 06:00:00,22.4,24.2,85,948.4,15.4,264,0.3,6,5,7,12.0,12.0,12.0,12.0,12.0,29.4,12.0,12.0,20.075
2026-07-04 07:00:00,19.2,24.2,88,947.9,19.4,271,0.7,7,5,7,22.4,12.0,12.0,12.0,12.0,50.1,13.733333333333334,12.866666666666667,20.508333333333333
2026-07-04 08:00:00,12.0,24.4,90,947.5,15.8,263,0.8,8,5,7,19.2,12.0,12.0,12.0,30.4,12.0,14.933333333333332,13.466666666666667,20.808333333333334
2026-07-04 09:00:00,28.0,24.7,88,946.8,20.9,269,0.4,9,5,7,12.0,22.4,12.0,12.0,12.6,21.2,14.933333333333332,13.466666666666667,20.041666666666668
2026-07-04 10:00:00,18.9,24.6,88,946.3,18.4,268,0.7,10,5,7,28.0,19.2,12.0,12.0,23.0,44.4,17.599999999999998,14.799999999999999,20.683333333333334
2026-07-04 11:00:00,36.1,24.4,89,945.8,19.7,262,0.7,11,5,7,18.9,12.0,12.0,12.0,27.8,70.4,18.75,15.375,20.5125
2026-07-04 12:00:00,13.0,25.2,84,945.9,17.8,263,0.3,12,5,7,36.1,28.0,22.4,12.0,39.1,44.8,22.766666666666666,17.383333333333333,20.858333333333334
2026-07-04 13:00:00,12.0,24.3,87,946.2,19.0,258,0.4,13,5,7,13.0,18.9,19.2,12.0,50.1,57.9,21.2,17.466666666666665,19.770833333333332
2026-07-04 14:00:00,34.8,24.3,86,946.6,19.0,257,0.0,14,5,7,12.0,36.1,12.0,12.0,53.1,44.3,20.0,17.466666666666665,18.183333333333334
2026-07-04 15:00:00,25.4,24.3,85,947.2,21.3,256,0.0,15,5,7,34.8,13.0,28.0,12.0,21.5,42.8,23.8,19.366666666666664,17.42083333333333
2026-07-04 16:00:00,12.0,24.3,85,947.3,21.4,253,0.1,16,5,7,25.4,12.0,18.9,12.0,12.7,44.7,23.366666666666664,20.48333333333333,17.583333333333332
2026-07-04 17:00:00,12.0,23.9,87,947.7,22.2,256,0.6,17,5,7,12.0,34.8,36.1,12.0,43.5,29.5,22.216666666666665,20.48333333333333,17.554166666666667
2026-07-04 18:00:00,13.7,23.6,86,947.7,22.8,256,0.3,18,5,7,12.0,25.4,13.0,22.4,12.0,24.1,18.2,20.48333333333333,16.241666666666667
2026-07-04 19:00:00,12.0,23.4,86,947.4,21.3,255,0.2,19,5,7,13.7,12.0,12.0,19.2,12.0,12.0,18.316666666666666,19.758333333333333,16.3125
2026-07-04 20:00:00,12.0,23.2,89,946.9,20.9,252,2.0,20,5,7,12.0,12.0,34.8,12.0,12.0,12.0,18.316666666666666,19.158333333333335,16.3125
2026-07-04 21:00:00,12.0,23.4,88,946.0,21.9,256,0.1,21,5,7,12.0,13.7,25.4,28.0,12.0,12.0,14.516666666666666,19.158333333333335,16.3125
2026-07-04 22:00:00,12.0,23.4,87,946.2,20.9,257,0.1,22,5,7,12.0,12.0,12.0,18.9,12.0,12.0,12.283333333333333,17.825,16.3125
2026-07-04 23:00:00,12.0,23.2,88,946.5,20.1,254,0.4,23,5,7,12.0,12.0,12.0,36.1,12.0,12.0,12.283333333333333,17.25,16.3125
2026-07-05 00:00:00,12.0,23.8,85,947.0,20.5,257,0.1,0,6,7,12.0,12.0,13.7,13.0,12.0,12.0,12.283333333333333,15.241666666666667,16.3125
2026-07-05 01:00:00,12.0,23.9,84,947.5,19.5,261,0.0,1,6,7,12.0,12.0,12.0,12.0,12.0,12.0,12.0,15.158333333333333,16.3125
2026-07-05 02:00:00,12.0,24.3,83,948.1,15.5,261,0.0,2,6,7,12.0,12.0,12.0,34.8,12.0,12.0,12.0,15.158333333333333,16.3125
2026-07-05 03:00:00,12.0,24.9,80,948.2,17.7,258,0.0,3,6,7,12.0,12.0,12.0,25.4,12.0,12.0,12.0,13.258333333333335,16.3125
2026-07-05 04:00:00,12.0,26.1,74,948.5,24.4,259,0.1,4,6,7,12.0,12.0,12.0,12.0,12.0,12.0,12.0,12.141666666666667,16.3125
2026-07-05 05:00:00,13.8,26.3,75,948.5,21.1,256,0.1,5,6,7,12.0,12.0,12.0,12.0,12.0,12.0,12.0,12.141666666666667,16.3125
2026-07-05 06:00:00,12.0,26.4,74,948.1,20.9,263,0.0,6,6,7,13.8,12.0,12.0,13.7,22.4,12.0,12.299999999999999,12.291666666666666,16.3875
2026-07-05 07:00:00,12.0,26.8,71,947.7,21.2,258,0.0,7,6,7,12.0,12.0,12.0,12.0,19.2,12.0,12.299999999999999,12.149999999999999,15.954166666666667
2026-07-05 08:00:00,12.0,27.9,65,947.3,24.2,255,0.0,8,6,7,12.0,13.8,12.0,12.0,12.0,30.4,12.299999999999999,12.149999999999999,15.654166666666667
2026-07-05 09:00:00,30.4,27.0,71,946.7,19.4,252,0.0,9,6,7,12.0,12.0,12.0,12.0,28.0,12.6,12.299999999999999,12.149999999999999,15.654166666666667
2026-07-05 10:00:00,17.8,27.4,68,946.8,22.0,255,0.0,10,6,7,30.4,12.0,12.0,12.0,18.9,23.0,15.366666666666665,13.683333333333332,15.754166666666665
2026-07-05 11:00:00,50.0,25.3,80,946.5,17.1,255,0.3,11,6,7,17.8,12.0,13.8,12.0,36.1,27.8,16.333333333333332,14.166666666666666,15.708333333333334
2026-07-05 12:00:00,60.5,27.2,73,946.3,14.3,247,1.0,12,6,7,50.0,30.4,12.0,12.0,13.0,39.1,22.366666666666664,17.333333333333332,16.287499999999998
2026-07-05 13:00:00,30.0,26.7,70,946.7,19.5,251,0.0,13,6,7,60.5,17.8,12.0,12.0,12.0,50.1,30.45,21.375,18.266666666666666
2026-07-05 14:00:00,12.0,26.3,71,947.1,19.1,252,0.0,14,6,7,30.0,50.0,12.0,12.0,34.8,53.1,33.449999999999996,22.875,19.016666666666666
2026-07-05 15:00:00,21.4,25.9,71,947.9,18.2,252,0.0,15,6,7,12.0,60.5,30.4,12.0,25.4,21.5,33.449999999999996,22.875,18.066666666666666
2026-07-05 16:00:00,21.3,25.3,75,948.3,18.4,250,0.1,16,6,7,21.4,30.0,17.8,12.0,12.0,12.7,31.95,23.65833333333333,17.9
2026-07-05 17:00:00,26.9,25.7,73,948.2,21.1,253,0.0,17,6,7,21.3,12.0,50.0,13.8,12.0,43.5,32.53333333333334,24.433333333333334,18.287499999999998
2026-07-05 18:00:00,12.0,25.4,72,947.5,20.4,245,0.0,18,6,7,26.9,21.4,60.5,12.0,13.7,12.0,28.683333333333334,25.524999999999995,18.90833333333333
2026-07-05 19:00:00,12.0,25.1,74,947.0,20.6,248,0.0,19,6,7,12.0,21.3,30.0,12.0,12.0,12.0,20.599999999999998,25.524999999999995,18.8375
2026-07-05 20:00:00,12.0,24.7,77,946.6,19.2,245,0.0,20,6,7,12.0,26.9,12.0,12.0,12.0,12.0,17.599999999999998,25.524999999999995,18.8375
2026-07-05 21:00:00,12.0,24.4,78,946.2,18.8,242,0.0,21,6,7,12.0,12.0,21.4,30.4,12.0,12.0,17.599999999999998,25.524999999999995,18.8375
2026-07-05 22:00:00,12.0,24.1,81,946.5,17.6,245,0.0,22,6,7,12.0,12.0,21.3,17.8,12.0,12.0,16.03333333333333,23.991666666666664,18.8375
2026-07-05 23:00:00,12.0,24.0,83,946.5,18.8,244,0.2,23,6,7,12.0,12.0,26.9,50.0,12.0,12.0,14.483333333333333,23.50833333333333,18.8375
2026-07-06 00:00:00,12.0,23.7,87,946.2,19.8,244,0.4,0,0,7,12.0,12.0,12.0,60.5,12.0,12.0,12.0,20.341666666666665,18.8375
2026-07-06 01:00:00,12.0,23.9,85,946.7,18.8,243,0.0,1,0,7,12.0,12.0,12.0,30.0,12.0,12.0,12.0,16.3,18.8375
2026-07-06 02:00:00,15.2,24.4,83,947.7,14.7,241,0.0,2,0,7,12.0,12.0,12.0,12.0,12.0,12.0,12.0,14.800000000000002,18.8375
2026-07-06 03:00:00,12.0,24.6,83,948.2,15.7,239,0.0,3,0,7,15.2,12.0,12.0,21.4,12.0,12.0,12.533333333333333,15.066666666666668,18.97083333333333
2026-07-06 04:00:00,12.0,25.2,82,948.5,15.4,241,0.1,4,0,7,12.0,12.0,12.0,21.3,12.0,12.0,12.533333333333333,14.283333333333333,18.97083333333333
2026-07-06 05:00:00,12.0,25.6,81,948.3,17.9,248,0.5,5,0,7,12.0,15.2,12.0,26.9,13.8,12.0,12.533333333333333,13.508333333333333,18.97083333333333
2026-07-06 06:00:00,12.0,28.0,66,948.0,22.2,252,0.2,6,0,7,12.0,12.0,12.0,12.0,12.0,22.4,12.533333333333333,12.266666666666666,18.895833333333332
2026-07-06 07:00:00,12.0,28.9,61,947.6,23.1,252,0.0,7,0,7,12.0,12.0,12.0,12.0,12.0,19.2,12.533333333333333,12.266666666666666,18.895833333333332
2026-07-06 08:00:00,12.0,29.5,59,946.9,21.6,249,0.0,8,0,7,12.0,12.0,15.2,12.0,12.0,12.0,12.533333333333333,12.266666666666666,18.895833333333332
2026-07-06 09:00:00,12.0,30.5,55,946.3,23.2,250,0.0,9,0,7,12.0,12.0,12.0,12.0,30.4,28.0,12.0,12.266666666666666,18.895833333333332
2026-07-06 10:00:00,24.8,31.1,53,945.7,22.9,249,0.1,10,0,7,12.0,12.0,12.0,12.0,17.8,18.9,12.0,12.266666666666666,18.129166666666666
2026-07-06 11:00:00,42.7,29.8,58,945.4,21.5,246,0.2,11,0,7,24.8,12.0,12.0,12.0,50.0,36.1,14.133333333333333,13.333333333333334,18.42083333333333
2026-07-06 12:00:00,28.9,28.6,65,945.7,18.9,246,0.1,12,0,7,42.7,12.0,12.0,12.0,60.5,13.0,19.25,15.891666666666666,18.116666666666664
2026-07-06 13:00:00,12.0,27.8,69,946.1,17.4,237,0.0,13,0,7,28.9,24.8,12.0,12.0,30.0,12.0,22.066666666666666,17.3,16.8
2026-07-06 14:00:00,29.4,27.6,66,946.6,19.1,240,0.0,14,0,7,12.0,42.7,12.0,15.2,12.0,34.8,22.066666666666666,17.3,16.05
2026-07-06 15:00:00,12.0,27.4,66,947.2,19.4,243,0.0,15,0,7,29.4,28.9,12.0,12.0,21.4,25.4,24.96666666666667,18.483333333333334,16.775
2026-07-06 16:00:00,23.8,27.0,67,947.9,18.6,240,0.0,16,0,7,12.0,12.0,24.8,12.0,21.3,12.0,24.96666666666667,18.483333333333334,16.383333333333333
2026-07-06 17:00:00,12.0,26.7,69,948.3,19.2,236,0.0,17,0,7,23.8,29.4,42.7,12.0,26.9,12.0,24.8,19.466666666666665,16.4875
2026-07-06 18:00:00,12.0,25.6,73,947.8,22.4,240,0.0,18,0,7,12.0,12.0,28.9,12.0,12.0,13.7,19.683333333333334,19.466666666666665,15.866666666666667
2026-07-06 19:00:00,12.0,25.1,76,947.4,20.5,238,0.0,19,0,7,12.0,23.8,12.0,12.0,12.0,12.0,16.866666666666664,19.466666666666665,15.866666666666667
2026-07-06 20:00:00,12.0,24.6,80,946.7,19.7,238,0.1,20,0,7,12.0,12.0,29.4,12.0,12.0,12.0,16.866666666666664,19.466666666666665,15.866666666666667
2026-07-06 21:00:00,12.0,24.7,80,946.3,18.3,239,0.0,21,0,7,12.0,12.0,12.0,12.0,12.0,12.0,13.966666666666667,19.466666666666665,15.866666666666667
2026-07-06 22:00:00,12.0,24.9,78,946.4,19.7,240,0.0,22,0,7,12.0,12.0,23.8,24.8,12.0,12.0,13.966666666666667,19.466666666666665,15.866666666666667
2026-07-06 23:00:00,12.0,24.8,79,946.8,18.7,240,0.0,23,0,7,12.0,12.0,12.0,42.7,12.0,12.0,12.0,18.4,15.866666666666667
2026-07-07 00:00:00,12.0,24.6,81,946.6,20.6,238,0.0,0,1,7,12.0,12.0,12.0,28.9,12.0,12.0,12.0,15.841666666666667,15.866666666666667
2026-07-07 01:00:00,12.0,24.9,79,947.4,19.7,235,0.0,1,1,7,12.0,12.0,12.0,12.0,12.0,12.0,12.0,14.433333333333332,15.866666666666667
2026-07-07 02:00:00,12.0,25.0,79,948.0,19.1,234,0.1,2,1,7,12.0,12.0,12.0,29.4,15.2,12.0,12.0,14.433333333333332,15.866666666666667
2026-07-07 03:00:00,12.0,25.8,78,948.5,19.2,236,0.1,3,1,7,12.0,12.0,12.0,12.0,12.0,12.0,12.0,12.983333333333334,15.733333333333334
2026-07-07 04:00:00,12.0,27.1,72,948.7,24.0,240,0.1,4,1,7,12.0,12.0,12.0,23.8,12.0,12.0,12.0,12.983333333333334,15.733333333333334
2026-07-07 05:00:00,12.0,27.5,71,948.3,22.0,236,0.0,5,1,7,12.0,12.0,12.0,12.0,12.0,13.8,12.0,12.0,15.733333333333334
2026-07-07 06:00:00,12.0,28.7,65,948.6,23.5,239,0.2,6,1,7,12.0,12.0,12.0,12.0,12.0,12.0,12.0,12.0,15.733333333333334
2026-07-07 07:00:00,12.0,29.9,58,948.1,24.3,250,0.1,7,1,7,12.0,12.0,12.0,12.0,12.0,12.0,12.0,12.0,15.733333333333334
2026-07-07 08:00:00,21.0,30.8,53,947.5,24.5,247,0.3,8,1,7,12.0,12.0,12.0,12.0,12.0,12.0,12.0,12.0,15.733333333333334
2026-07-07 09:00:00,12.0,30.8,58,946.6,22.4,246,0.6,9,1,7,21.0,12.0,12.0,12.0,12.0,30.4,13.5,12.75,16.108333333333334
2026-07-07 10:00:00,26.7,31.6,51,946.2,23.0,246,0.1,10,1,7,12.0,12.0,12.0,12.0,24.8,17.8,13.5,12.75,16.108333333333334
2026-07-07 11:00:00,36.0,31.4,50,945.8,24.0,245,0.1,11,1,7,26.7,21.0,12.0,12.0,42.7,50.0,15.950000000000001,13.975,16.1875
2026-07-07 12:00:00,62.0,27.9,76,946.0,14.0,239,0.1,12,1,7,36.0,12.0,12.0,12.0,28.9,60.5,19.95,15.975,15.908333333333331
2026-07-07 13:00:00,36.9,27.8,70,946.7,19.9,240,0.0,13,1,7,62.0,26.7,12.0,12.0,12.0,30.0,28.28333333333333,20.141666666666666,17.287499999999998
2026-07-07 14:00:00,37.3,26.4,76,947.9,18.3,246,0.3,14,1,7,36.9,36.0,21.0,12.0,29.4,12.0,32.43333333333333,22.21666666666667,18.325
2026-07-07 15:00:00,20.3,26.5,75,948.3,16.4,243,0.0,15,1,7,37.3,62.0,12.0,12.0,12.0,21.4,35.15,24.325,18.654166666666665
2026-07-07 16:00:00,12.0,26.8,71,949.1,18.0,246,0.0,16,1,7,20.3,36.9,26.7,12.0,23.8,21.3,36.53333333333333,25.016666666666666,19.0
2026-07-07 17:00:00,12.0,26.6,69,949.3,19.2,244,0.0,17,1,7,12.0,37.3,36.0,12.0,12.0,26.9,34.083333333333336,25.016666666666666,18.508333333333333
2026-07-07 18:00:00,12.0,25.8,75,948.8,19.4,242,0.0,18,1,7,12.0,20.3,62.0,12.0,12.0,12.0,30.083333333333332,25.016666666666666,18.508333333333333
2026-07-07 19:00:00,12.0,25.6,76,948.2,20.1,240,0.0,19,1,7,12.0,12.0,36.9,12.0,12.0,12.0,21.75,25.016666666666666,18.508333333333333
2026-07-07 20:00:00,12.0,25.1,78,947.5,19.6,237,0.0,20,1,7,12.0,12.0,37.3,21.0,12.0,12.0,17.599999999999998,25.016666666666666,18.508333333333333
2026-07-07 21:00:00,12.0,24.9,79,947.1,18.7,238,0.0,21,1,7,12.0,12.0,20.3,12.0,12.0,12.0,13.383333333333335,24.266666666666666,18.508333333333333
2026-07-07 22:00:00,13.7,24.7,80,947.0,18.2,240,0.0,22,1,7,12.0,12.0,12.0,26.7,12.0,12.0,12.0,24.266666666666666,18.508333333333333
2026-07-07 23:00:00,12.0,24.6,80,947.2,18.4,241,0.0,23,1,7,13.7,12.0,12.0,36.0,12.0,12.0,12.283333333333331,23.183333333333334,18.579166666666666
2026-07-08 00:00:00,12.0,24.4,81,947.6,18.7,236,0.0,0,2,7,12.0,12.0,12.0,62.0,12.0,12.0,12.283333333333331,21.183333333333334,18.579166666666666
2026-07-08 01:00:00,12.0,24.8,80,948.0,19.8,237,0.0,1,2,7,12.0,13.7,12.0,36.9,12.0,12.0,12.283333333333331,17.016666666666666,18.579166666666666
2026-07-08 02:00:00,12.0,25.3,79,948.7,17.5,233,0.0,2,2,7,12.0,12.0,12.0,37.3,12.0,15.2,12.283333333333331,14.941666666666668,18.579166666666666
2026-07-08 03:00:00,12.0,25.9,76,948.9,19.3,237,0.0,3,2,7,12.0,12.0,12.0,20.3,12.0,12.0,12.283333333333331,12.833333333333334,18.579166666666666
2026-07-08 04:00:00,12.0,27.8,68,949.2,24.4,248,0.0,4,2,7,12.0,12.0,13.7,12.0,12.0,12.0,12.283333333333331,12.141666666666667,18.579166666666666
2026-07-08 05:00:00,12.0,29.4,60,948.8,24.6,252,0.0,5,2,7,12.0,12.0,12.0,12.0,12.0,12.0,12.0,12.141666666666667,18.579166666666666
2026-07-08 06:00:00,12.0,29.3,60,949.2,25.7,252,0.0,6,2,7,12.0,12.0,12.0,12.0,12.0,12.0,12.0,12.141666666666667,18.579166666666666
2026-07-08 07:00:00,12.0,30.5,55,948.9,25.6,252,0.1,7,2,7,12.0,12.0,12.0,12.0,12.0,12.0,12.0,12.141666666666667,18.579166666666666
2026-07-08 08:00:00,12.0,30.9,54,948.2,23.1,250,0.1,8,2,7,12.0,12.0,12.0,12.0,21.0,12.0,12.0,12.141666666666667,18.579166666666666
2026-07-08 09:00:00,19.5,32.4,49,947.4,21.5,251,0.0,9,2,7,12.0,12.0,12.0,12.0,12.0,12.0,12.0,12.141666666666667,18.204166666666666
2026-07-08 10:00:00,19.9,32.0,49,947.1,20.8,256,0.0,10,2,7,19.5,12.0,12.0,13.7,26.7,24.8,13.25,12.766666666666667,18.516666666666666
2026-07-08 11:00:00,43.0,31.4,53,946.6,16.6,247,0.2,11,2,7,19.9,12.0,12.0,12.0,36.0,42.7,14.566666666666668,13.283333333333331,18.233333333333334
2026-07-08 12:00:00,47.6,30.5,58,947.0,17.6,241,0.0,12,2,7,43.0,19.5,12.0,12.0,62.0,28.9,19.733333333333334,15.866666666666665,18.525000000000002
2026-07-08 13:00:00,55.7,29.1,63,947.6,12.9,228,0.0,13,2,7,47.6,19.9,12.0,12.0,36.9,12.0,25.666666666666668,18.833333333333332,17.925
2026-07-08 14:00:00,70.8,28.6,65,948.3,14.3,255,0.0,14,2,7,55.7,43.0,12.0,12.0,37.3,29.4,32.949999999999996,22.474999999999998,18.708333333333332
2026-07-08 15:00:00,32.2,27.9,65,948.9,16.7,258,0.0,15,2,7,70.8,47.6,19.5,12.0,20.3,12.0,42.75,27.375,20.104166666666668
2026-07-08 16:00:00,43.6,27.2,69,949.8,14.7,256,0.0,16,2,7,32.2,55.7,19.9,12.0,12.0,23.8,44.86666666666667,29.058333333333334,20.6
2026-07-08 17:00:00,23.6,26.2,73,950.2,18.9,257,0.0,17,2,7,43.6,70.8,43.0,12.0,12.0,12.0,48.81666666666666,31.691666666666666,21.916666666666668
2026-07-08 18:00:00,12.0,24.9,83,949.9,17.8,256,0.4,18,2,7,23.6,32.2,47.6,12.0,12.0,12.0,45.583333333333336,32.65833333333333,22.400000000000002
2026-07-08 19:00:00,12.0,24.5,84,949.4,16.5,256,0.0,19,2,7,12.0,43.6,55.7,12.0,12.0,12.0,39.65,32.65833333333333,22.400000000000002
2026-07-08 20:00:00,12.0,24.2,83,949.0,15.5,262,0.0,20,2,7,12.0,23.6,70.8,12.0,12.0,12.0,32.36666666666667,32.65833333333333,22.400000000000002
2026-07-08 21:00:00,12.4,24.3,82,949.1,13.4,265,0.0,21,2,7,12.0,12.0,32.2,19.5,12.0,12.0,22.566666666666666,32.65833333333333,22.400000000000002
2026-07-08 22:00:00,19.0,24.6,83,949.3,11.9,264,0.0,22,2,7,12.4,12.0,43.6,19.9,13.7,12.0,19.26666666666667,32.06666666666667,22.416666666666668
2026-07-08 23:00:00,12.0,24.6,85,949.6,12.4,254,0.0,23,2,7,19.0,12.0,23.6,43.0,12.0,12.0,15.166666666666666,31.99166666666667,22.6375
2026-07-09 00:00:00,12.0,24.1,84,949.9,12.4,261,0.0,0,3,7,12.0,12.4,12.0,47.6,12.0,12.0,13.233333333333334,29.408333333333335,22.6375
2026-07-09 01:00:00,12.0,24.2,85,950.6,13.0,252,0.0,1,3,7,12.0,19.0,12.0,55.7,12.0,12.0,13.233333333333334,26.441666666666666,22.6375
2026-07-09 02:00:00,12.0,24.3,87,951.4,14.0,255,0.2,2,3,7,12.0,12.0,12.0,70.8,12.0,12.0,13.233333333333334,22.8,22.6375
2026-07-09 03:00:00,12.0,24.7,86,952.0,13.1,257,0.1,3,3,7,12.0,12.0,12.4,32.2,12.0,12.0,13.233333333333334,17.900000000000002,22.6375
2026-07-09 04:00:00,12.0,26.1,80,952.1,14.0,257,0.0,4,3,7,12.0,12.0,19.0,43.6,12.0,12.0,13.166666666666666,16.21666666666667,22.6375
2026-07-09 05:00:00,19.6,28.0,68,951.9,17.4,265,0.1,5,3,7,12.0,12.0,12.0,23.6,12.0,12.0,12.0,13.583333333333334,22.6375
2026-07-09 06:00:00,12.0,29.4,62,951.9,19.1,262,0.0,6,3,7,19.6,12.0,12.0,12.0,12.0,12.0,13.266666666666666,13.25,22.954166666666666
2026-07-09 07:00:00,12.0,30.3,56,951.4,19.1,268,0.0,7,3,7,12.0,12.0,12.0,12.0,12.0,12.0,13.266666666666666,13.25,22.954166666666666
2026-07-09 08:00:00,13.4,30.4,55,950.7,19.3,267,0.0,8,3,7,12.0,19.6,12.0,12.0,12.0,21.0,13.266666666666666,13.25,22.954166666666666
2026-07-09 09:00:00,38.1,30.9,55,950.1,16.6,266,0.1,9,3,7,13.4,12.0,12.0,12.4,19.5,12.0,13.5,13.366666666666667,23.0125
2026-07-09 10:00:00,40.2,31.6,54,949.7,16.3,264,0.0,10,3,7,38.1,12.0,12.0,19.0,19.9,26.7,17.849999999999998,15.508333333333333,23.787499999999998
2026-07-09 11:00:00,63.3,31.4,53,949.3,16.0,267,0.0,11,3,7,40.2,13.4,19.6,12.0,43.0,36.0,22.55,17.275000000000002,24.633333333333336
2026-07-09 12:00:00,51.0,30.3,58,949.7,12.1,285,0.1,12,3,7,63.3,38.1,12.0,12.0,47.6,62.0,29.833333333333332,21.55,25.479166666666668
2026-07-09 13:00:00,71.4,29.6,60,950.2,11.7,266,0.0,13,3,7,51.0,40.2,12.0,12.0,55.7,36.9,36.333333333333336,24.8,25.620833333333334
2026-07-09 14:00:00,62.8,28.4,66,950.9,9.6,254,0.0,14,3,7,71.4,63.3,13.4,12.0,70.8,37.3,46.23333333333333,29.75,26.275000000000002
2026-07-09 15:00:00,64.7,27.7,71,951.6,8.7,238,0.0,15,3,7,62.8,51.0,38.1,12.0,32.2,20.3,54.46666666666666,33.983333333333334,25.941666666666666
2026-07-09 16:00:00,54.5,27.1,73,952.1,8.1,231,0.0,16,3,7,64.7,71.4,40.2,12.0,43.6,12.0,58.9,38.375,27.295833333333334
2026-07-09 17:00:00,25.4,26.6,73,952.3,8.6,239,0.0,17,3,7,54.5,62.8,63.3,19.6,23.6,12.0,61.28333333333334,41.916666666666664,27.75
2026-07-09 18:00:00,34.2,27.2,70,952.0,11.2,252,0.0,18,3,7,25.4,64.7,51.0,12.0,12.0,12.0,54.96666666666667,42.4,27.825
2026-07-09 19:00:00,12.0,26.9,70,951.5,13.4,265,0.0,19,3,7,34.2,54.5,71.4,12.0,12.0,12.0,52.166666666666664,44.25,28.75
2026-07-09 20:00:00,12.0,26.5,72,951.1,12.3,263,0.0,20,3,7,12.0,25.4,62.8,13.4,12.0,12.0,42.266666666666666,44.25,28.75
2026-07-09 21:00:00,12.0,26.2,73,950.8,13.9,270,0.0,21,3,7,12.0,34.2,64.7,38.1,12.4,12.0,33.800000000000004,44.13333333333333,28.75
2026-07-09 22:00:00,12.0,25.8,75,950.7,14.6,273,0.0,22,3,7,12.0,12.0,54.5,40.2,19.0,13.7,25.016666666666666,41.958333333333336,28.733333333333334
2026-07-09 23:00:00,12.0,25.2,77,951.0,14.8,271,0.0,23,3,7,12.0,12.0,25.4,63.3,12.0,12.0,17.933333333333334,39.608333333333334,28.441666666666666
2026-07-10 00:00:00,12.0,24.6,79,951.7,14.6,274,0.0,0,4,7,12.0,12.0,34.2,51.0,12.0,12.0,15.699999999999998,35.333333333333336,28.441666666666666
2026-07-10 01:00:00,12.0,24.5,79,952.5,13.4,275,0.0,1,4,7,12.0,12.0,12.0,71.4,12.0,12.0,12.0,32.083333333333336,28.441666666666666
2026-07-10 02:00:00,12.0,25.2,75,953.0,15.9,279,0.0,2,4,7,12.0,12.0,12.0,62.8,12.0,12.0,12.0,27.133333333333336,28.441666666666666
2026-07-10 03:00:00,12.0,26.6,68,953.2,18.1,286,0.0,3,4,7,12.0,12.0,12.0,64.7,12.0,12.0,12.0,22.900000000000002,28.441666666666666
2026-07-10 04:00:00,12.0,28.3,59,953.8,17.4,289,0.0,4,4,7,12.0,12.0,12.0,54.5,12.0,12.0,12.0,18.508333333333333,28.441666666666666
2026-07-10 05:00:00,42.7,30.1,50,954.1,15.9,286,0.0,5,4,7,12.0,12.0,12.0,25.4,19.6,12.0,12.0,14.966666666666667,28.441666666666666
2026-07-10 06:00:00,12.0,29.9,52,953.7,13.3,280,0.0,6,4,7,42.7,12.0,12.0,34.2,12.0,12.0,17.116666666666667,16.408333333333335,29.40416666666667
2026-07-10 07:00:00,12.0,31.5,46,953.4,16.7,276,0.0,7,4,7,12.0,12.0,12.0,12.0,12.0,12.0,17.116666666666667,14.558333333333335,29.40416666666667
2026-07-10 08:00:00,34.4,32.1,44,952.8,16.7,269,0.0,8,4,7,12.0,42.7,12.0,12.0,13.4,12.0,17.116666666666667,14.558333333333335,29.40416666666667
2026-07-10 09:00:00,48.4,31.9,44,952.0,16.2,270,0.0,9,4,7,34.4,12.0,12.0,12.0,38.1,19.5,20.849999999999998,16.425,30.27916666666667
2026-07-10 10:00:00,28.3,32.3,43,951.5,15.1,268,0.0,10,4,7,48.4,12.0,12.0,12.0,40.2,19.9,26.916666666666668,19.458333333333332,30.708333333333332
2026-07-10 11:00:00,18.9,32.3,43,951.0,15.9,275,0.0,11,4,7,28.3,34.4,42.7,12.0,63.3,43.0,29.633333333333336,20.816666666666666,30.212499999999995
2026-07-10 12:00:00,62.8,32.7,42,951.1,13.5,279,0.0,12,4,7,18.9,48.4,12.0,12.0,51.0,47.6,25.666666666666668,21.391666666666666,28.3625
2026-07-10 13:00:00,96.6,31.8,47,951.5,10.5,267,0.0,13,4,7,62.8,28.3,12.0,12.0,71.4,55.7,34.13333333333333,25.625,28.854166666666668
2026-07-10 14:00:00,82.4,30.8,52,951.6,6.7,256,0.0,14,4,7,96.6,18.9,34.4,12.0,62.8,70.8,48.23333333333333,32.675000000000004,29.90416666666667
2026-07-10 15:00:00,51.3,29.9,57,952.2,7.2,271,0.0,15,4,7,82.4,62.8,48.4,12.0,64.7,32.2,56.23333333333333,38.541666666666664,30.72083333333333
2026-07-10 16:00:00,60.3,29.1,62,952.7,6.7,289,0.0,16,4,7,51.3,96.6,28.3,12.0,54.5,43.6,56.71666666666667,41.81666666666667,30.162499999999998
2026-07-10 17:00:00,45.6,28.5,64,952.5,7.6,271,0.0,17,4,7,60.3,82.4,18.9,42.7,25.4,23.6,62.050000000000004,45.84166666666667,30.40416666666667
2026-07-10 18:00:00,44.1,28.6,62,952.3,9.3,262,0.0,18,4,7,45.6,51.3,62.8,12.0,34.2,12.0,66.5,46.083333333333336,31.245833333333337
2026-07-10 19:00:00,15.6,28.3,61,952.0,12.3,267,0.0,19,4,7,44.1,60.3,96.6,12.0,12.0,12.0,63.38333333333333,48.75833333333333,31.65833333333333
2026-07-10 20:00:00,12.0,28.1,63,951.5,14.4,271,0.0,20,4,7,15.6,45.6,82.4,34.4,12.0,12.0,49.88333333333333,49.05833333333334,31.808333333333334
2026-07-10 21:00:00,12.0,27.4,66,950.7,14.6,271,0.0,21,4,7,12.0,44.1,51.3,48.4,12.0,12.4,38.15,47.19166666666667,31.808333333333334
2026-07-10 22:00:00,12.0,26.7,69,950.8,14.0,269,0.0,22,4,7,12.0,15.6,60.3,28.3,12.0,19.0,31.600000000000005,44.15833333333333,31.808333333333334
2026-07-10 23:00:00,12.0,25.9,72,951.0,13.7,275,0.0,23,4,7,12.0,12.0,45.6,18.9,12.0,12.0,23.55,42.800000000000004,31.808333333333334
2026-07-11 00:00:00,24.3,25.4,76,951.6,14.1,277,0.0,0,5,7,12.0,12.0,44.1,62.8,12.0,12.0,17.95,42.225,31.808333333333334
2026-07-11 01:00:00,12.0,25.2,76,952.3,14.4,279,0.0,1,5,7,24.3,12.0,15.6,96.6,12.0,12.0,14.65,39.016666666666666,32.32083333333333
2026-07-11 02:00:00,12.0,25.8,73,952.9,16.1,284,0.0,2,5,7,12.0,12.0,12.0,82.4,12.0,12.0,14.050000000000002,31.96666666666667,32.32083333333333
2026-07-11 03:00:00,12.0,27.1,66,953.0,17.3,289,0.0,3,5,7,12.0,24.3,12.0,51.3,12.0,12.0,14.050000000000002,26.099999999999998,32.32083333333333
2026-07-11 04:00:00,12.0,28.5,59,953.1,17.1,287,0.0,4,5,7,12.0,12.0,12.0,60.3,12.0,12.0,14.050000000000002,22.825,32.32083333333333
2026-07-11 05:00:00,12.0,30.0,52,953.1,16.4,287,0.0,5,5,7,12.0,12.0,12.0,45.6,42.7,19.6,14.050000000000002,18.8,32.32083333333333
2026-07-11 06:00:00,23.2,31.4,49,953.0,14.9,283,0.0,6,5,7,12.0,12.0,24.3,44.1,12.0,12.0,14.050000000000002,16.0,31.041666666666668
2026-07-11 07:00:00,16.2,32.1,46,952.4,15.5,275,0.0,7,5,7,23.2,12.0,12.0,15.6,12.0,12.0,13.866666666666667,14.258333333333333,31.50833333333333
2026-07-11 08:00:00,24.6,32.4,45,951.7,16.9,277,0.0,8,5,7,16.2,12.0,12.0,12.0,34.4,13.4,14.566666666666668,14.308333333333332,31.683333333333334
2026-07-11 09:00:00,39.6,32.6,44,950.8,17.8,278,0.0,9,5,7,24.6,23.2,12.0,12.0,48.4,38.1,16.666666666666668,15.358333333333333,31.275000000000002
2026-07-11 10:00:00,22.9,32.9,42,950.2,18.6,280,0.0,10,5,7,39.6,16.2,12.0,12.0,28.3,40.2,21.266666666666666,17.65833333333333,30.90833333333333
2026-07-11 11:00:00,33.3,32.7,41,949.8,19.2,282,0.0,11,5,7,22.9,24.6,12.0,12.0,18.9,63.3,23.083333333333332,18.566666666666666,30.683333333333337
2026-07-11 12:00:00,44.9,33.3,39,949.7,15.5,288,0.0,12,5,7,33.3,39.6,23.2,24.3,62.8,51.0,26.633333333333336,20.341666666666665,31.28333333333333
2026-07-11 13:00:00,55.9,31.9,44,950.0,15.6,291,0.8,13,5,7,44.9,22.9,16.2,12.0,96.6,71.4,30.25,22.058333333333334,30.537499999999998
2026-07-11 14:00:00,48.0,30.8,51,950.6,10.6,298,0.0,14,5,7,55.9,33.3,24.6,12.0,82.4,62.8,36.86666666666667,25.71666666666667,28.841666666666665
2026-07-11 15:00:00,71.4,30.0,55,950.9,7.4,277,0.0,15,5,7,48.0,44.9,39.6,12.0,51.3,64.7,40.766666666666666,28.71666666666667,27.40833333333333
2026-07-11 16:00:00,59.8,29.4,58,951.3,6.9,255,0.0,16,5,7,71.4,55.9,22.9,12.0,60.3,54.5,46.06666666666666,33.666666666666664,28.245833333333337
2026-07-11 17:00:00,32.1,28.8,60,951.3,8.7,249,0.0,17,5,7,59.8,48.0,33.3,12.0,45.6,25.4,52.21666666666667,37.65,28.224999999999998
2026-07-11 18:00:00,34.0,29.0,58,950.8,10.4,261,0.0,18,5,7,32.1,71.4,44.9,23.2,44.1,34.2,52.01666666666666,39.324999999999996,27.662499999999998
2026-07-11 19:00:00,12.0,28.4,57,950.4,12.8,276,0.0,19,5,7,34.0,59.8,55.9,16.2,15.6,12.0,50.199999999999996,40.225,27.24166666666667
2026-07-11 20:00:00,16.3,27.7,59,949.8,13.7,271,0.0,20,5,7,12.0,32.1,48.0,24.6,12.0,12.0,42.88333333333333,39.875,27.09166666666667
2026-07-11 21:00:00,12.0,27.1,62,949.2,15.1,268,0.0,21,5,7,16.3,34.0,71.4,39.6,12.0,12.0,37.6,39.18333333333333,27.270833333333332
2026-07-11 22:00:00,12.0,26.3,66,949.2,15.3,271,0.0,22,5,7,12.0,12.0,59.8,22.9,12.0,12.0,27.7,36.88333333333333,27.270833333333332
2026-07-11 23:00:00,12.0,25.6,70,949.3,13.5,266,0.0,23,5,7,12.0,16.3,32.1,33.3,12.0,12.0,19.733333333333334,35.975,27.270833333333332
2026-07-12 00:00:00,12.0,25.1,74,949.6,14.0,269,0.0,0,6,7,12.0,12.0,34.0,44.9,24.3,12.0,16.383333333333336,34.199999999999996,27.270833333333332
2026-07-12 01:00:00,12.0,24.8,74,950.0,15.0,273,0.0,1,6,7,12.0,12.0,12.0,55.9,12.0,12.0,12.716666666666669,31.458333333333332,26.75833333333333
2026-07-12 02:00:00,12.0,25.5,71,950.8,16.5,277,0.0,2,6,7,12.0,12.0,16.3,48.0,12.0,12.0,12.716666666666669,27.799999999999997,26.75833333333333
2026-07-12 03:00:00,12.0,26.8,64,951.3,18.1,279,0.0,3,6,7,12.0,12.0,12.0,71.4,12.0,12.0,12.0,24.799999999999997,26.75833333333333
2026-07-12 04:00:00,12.0,28.3,56,951.3,17.4,277,0.0,4,6,7,12.0,12.0,12.0,59.8,12.0,12.0,12.0,19.849999999999998,26.75833333333333
2026-07-12 05:00:00,12.0,29.9,51,951.5,16.8,276,0.0,5,6,7,12.0,12.0,12.0,32.1,12.0,42.7,12.0,15.866666666666665,26.75833333333333
2026-07-12 06:00:00,13.4,31.4,45,951.2,18.1,277,0.0,6,6,7,12.0,12.0,12.0,34.0,23.2,12.0,12.0,14.191666666666665,26.75833333333333
2026-07-12 07:00:00,27.1,31.5,44,950.5,18.6,276,0.0,7,6,7,13.4,12.0,12.0,12.0,16.2,12.0,12.233333333333333,12.475,26.349999999999998
2026-07-12 08:00:00,32.2,32.2,42,949.8,19.0,277,0.0,8,6,7,27.1,12.0,12.0,16.3,24.6,34.4,14.75,13.733333333333334,26.804166666666664
2026-07-12 09:00:00,31.4,31.9,44,949.2,19.0,282,0.0,9,6,7,32.2,13.4,12.0,12.0,39.6,48.4,18.116666666666667,15.058333333333335,27.120833333333334
2026-07-12 10:00:00,37.1,32.7,42,948.9,19.7,280,0.0,10,6,7,31.4,27.1,12.0,12.0,22.9,28.3,21.349999999999998,16.675,26.77916666666667
2026-07-12 11:00:00,41.2,32.0,44,948.3,20.1,280,0.0,11,6,7,37.1,32.2,12.0,12.0,33.3,18.9,25.53333333333333,18.76666666666667,27.370833333333334
2026-07-12 12:00:00,36.8,33.2,40,948.3,17.5,272,0.0,12,6,7,41.2,31.4,13.4,12.0,44.9,62.8,30.400000000000002,21.200000000000003,27.7
2026-07-12 13:00:00,65.3,32.7,42,948.4,13.4,265,0.0,13,6,7,36.8,37.1,27.1,12.0,55.9,96.6,34.300000000000004,23.26666666666667,27.3625
2026-07-12 14:00:00,74.9,31.6,46,949.0,9.5,280,0.0,14,6,7,65.3,41.2,32.2,12.0,48.0,82.4,40.666666666666664,27.708333333333332,27.754166666666666
2026-07-12 15:00:00,52.9,31.0,50,949.5,8.3,275,0.0,15,6,7,74.9,36.8,31.4,12.0,71.4,51.3,47.78333333333334,32.95,28.875
2026-07-12 16:00:00,57.8,30.3,53,949.7,10.0,264,0.0,16,6,7,52.9,65.3,37.1,12.0,59.8,60.3,51.36666666666667,36.358333333333334,28.104166666666668
2026-07-12 17:00:00,25.7,29.6,54,950.1,10.8,268,0.0,17,6,7,57.8,74.9,41.2,12.0,32.1,45.6,54.81666666666666,40.175000000000004,28.020833333333332
2026-07-12 18:00:00,23.9,29.4,55,950.1,15.0,265,0.0,18,6,7,25.7,52.9,36.8,13.4,34.0,44.1,52.23333333333333,41.31666666666667,27.754166666666666
2026-07-12 19:00:00,12.0,28.2,57,949.9,15.7,266,0.0,19,6,7,23.9,57.8,65.3,27.1,12.0,15.6,50.083333333333336,42.19166666666666,27.333333333333332
2026-07-12 20:00:00,12.0,27.3,61,949.5,15.1,267,0.0,20,6,7,12.0,25.7,74.9,32.2,16.3,12.0,41.199999999999996,40.93333333333333,27.333333333333332
2026-07-12 21:00:00,12.0,26.5,64,949.1,14.6,266,0.0,21,6,7,12.0,23.9,52.9,31.4,12.0,12.0,30.716666666666665,39.25,27.15416666666667
2026-07-12 22:00:00,12.0,25.8,66,949.0,14.2,268,0.0,22,6,7,12.0,12.0,57.8,37.1,12.0,12.0,23.899999999999995,37.63333333333333,27.15416666666667
2026-07-12 23:00:00,12.0,25.2,69,949.1,13.9,270,0.0,23,6,7,12.0,12.0,25.7,41.2,12.0,12.0,16.26666666666667,35.541666666666664,27.15416666666667
2026-07-13 00:00:00,12.0,24.7,74,949.5,14.2,271,0.0,0,0,7,12.0,12.0,23.9,36.8,12.0,24.3,13.983333333333334,33.10833333333333,27.15416666666667
2026-07-13 01:00:00,15.0,24.4,77,950.4,13.9,274,0.0,1,0,7,12.0,12.0,12.0,65.3,12.0,12.0,12.0,31.041666666666668,27.15416666666667
2026-07-13 02:00:00,12.0,25.3,72,951.0,16.6,276,0.0,2,0,7,15.0,12.0,12.0,74.9,12.0,12.0,12.5,26.849999999999998,27.27916666666667
2026-07-13 03:00:00,12.0,26.8,65,951.6,18.3,276,0.0,3,0,7,12.0,12.0,12.0,52.9,12.0,12.0,12.5,21.60833333333333,27.27916666666667
2026-07-13 04:00:00,12.0,28.3,57,951.8,17.8,278,0.0,4,0,7,12.0,15.0,12.0,57.8,12.0,12.0,12.5,18.2,27.27916666666667
2026-07-13 05:00:00,12.0,29.8,52,951.9,17.6,278,0.0,5,0,7,12.0,12.0,12.0,25.7,12.0,12.0,12.5,14.383333333333333,27.27916666666667
2026-07-13 06:00:00,42.7,31.5,46,951.7,15.9,274,0.0,6,0,7,12.0,12.0,12.0,23.9,13.4,23.2,12.5,13.241666666666667,27.27916666666667
2026-07-13 07:00:00,14.0,32.7,42,951.4,16.0,277,0.0,7,0,7,42.7,12.0,15.0,12.0,27.1,16.2,17.616666666666667,14.808333333333332,28.5
2026-07-13 08:00:00,31.0,33.5,41,950.8,16.3,278,0.0,8,0,7,14.0,12.0,12.0,12.0,32.2,24.6,17.45,14.975,27.954166666666666
2026-07-13 09:00:00,33.1,33.9,40,950.1,16.8,280,0.0,9,0,7,31.0,42.7,12.0,12.0,31.4,39.6,20.616666666666667,16.558333333333334,27.904166666666665
2026-07-13 10:00:00,56.7,33.9,41,949.6,16.5,281,0.0,10,0,7,33.1,14.0,12.0,12.0,37.1,22.9,24.133333333333336,18.316666666666666,27.974999999999998
2026-07-13 11:00:00,58.3,33.8,42,949.3,17.1,287,0.0,11,0,7,56.7,31.0,12.0,12.0,41.2,33.3,31.583333333333332,22.041666666666668,28.791666666666668
2026-07-13 12:00:00,71.0,33.7,37,949.1,16.1,280,0.2,12,0,7,58.3,33.1,42.7,12.0,36.8,44.9,39.300000000000004,25.900000000000002,29.504166666666666
2026-07-13 13:00:00,69.5,32.7,46,949.8,14.2,272,0.7,13,0,7,71.0,56.7,14.0,15.0,65.3,55.9,44.01666666666667,30.816666666666666,30.929166666666664
2026-07-13 14:00:00,44.2,32.0,50,950.6,14.1,277,0.0,14,0,7,69.5,58.3,31.0,12.0,74.9,48.0,53.26666666666667,35.358333333333334,31.104166666666668
2026-07-13 15:00:00,57.6,31.5,52,950.9,11.9,273,0.0,15,0,7,44.2,71.0,33.1,12.0,52.9,71.4,55.46666666666667,38.041666666666664,29.825000000000003
2026-07-13 16:00:00,43.5,30.8,54,951.1,11.3,268,0.0,16,0,7,57.6,69.5,56.7,12.0,57.8,59.8,59.550000000000004,41.84166666666667,30.020833333333332
2026-07-13 17:00:00,58.5,30.1,55,951.0,11.0,265,0.0,17,0,7,43.5,44.2,58.3,12.0,25.7,32.1,57.35,44.46666666666667,29.425
2026-07-13 18:00:00,34.6,30.0,55,950.6,11.7,273,0.0,18,0,7,58.5,57.6,71.0,42.7,23.9,34.0,57.38333333333333,48.34166666666667,30.791666666666668
2026-07-13 19:00:00,12.0,29.2,57,950.2,14.5,278,0.0,19,0,7,34.6,43.5,69.5,14.0,12.0,12.0,51.31666666666666,47.666666666666664,31.2375
2026-07-13 20:00:00,12.0,28.5,58,949.8,14.9,283,0.0,20,0,7,12.0,58.5,44.2,31.0,12.0,16.3,41.733333333333334,47.5,31.2375
2026-07-13 21:00:00,12.0,27.7,57,949.5,15.4,281,0.0,21,0,7,12.0,34.6,57.6,33.1,12.0,12.0,36.36666666666667,45.916666666666664,31.2375
2026-07-13 22:00:00,16.9,26.7,59,949.5,15.3,285,0.0,22,0,7,12.0,12.0,43.5,56.7,12.0,12.0,28.766666666666666,44.15833333333334,31.2375
2026-07-13 23:00:00,12.0,26.0,61,949.8,14.3,288,0.0,23,0,7,16.9,12.0,58.5,58.3,12.0,12.0,24.333333333333332,40.84166666666667,31.441666666666666
2026-07-14 00:00:00,12.0,25.3,66,950.3,13.7,286,0.0,0,1,7,12.0,12.0,34.6,71.0,12.0,12.0,16.583333333333332,36.983333333333334,31.441666666666666
2026-07-14 01:00:00,12.0,24.9,68,951.0,12.9,285,0.0,1,1,7,12.0,16.9,12.0,69.5,15.0,12.0,12.816666666666668,32.06666666666667,31.441666666666666
2026-07-14 02:00:00,12.0,25.7,65,951.6,15.6,289,0.0,2,1,7,12.0,12.0,12.0,44.2,12.0,12.0,12.816666666666668,27.275000000000002,31.316666666666666
2026-07-14 03:00:00,12.0,27.1,60,952.0,17.4,290,0.0,3,1,7,12.0,12.0,12.0,57.6,12.0,12.0,12.816666666666668,24.59166666666667,31.316666666666666
2026-07-14 04:00:00,12.0,28.7,53,952.3,18.2,293,0.0,4,1,7,12.0,12.0,16.9,43.5,12.0,12.0,12.816666666666668,20.791666666666668,31.316666666666666
2026-07-14 05:00:00,12.0,30.2,47,952.4,18.2,296,0.0,5,1,7,12.0,12.0,12.0,58.5,12.0,12.0,12.0,18.166666666666668,31.316666666666666
2026-07-14 06:00:00,12.0,31.4,44,952.3,17.0,297,0.0,6,1,7,12.0,12.0,12.0,34.6,42.7,13.4,12.0,14.291666666666666,31.316666666666666
2026-07-14 07:00:00,12.0,31.8,43,951.9,16.6,299,0.0,7,1,7,12.0,12.0,12.0,12.0,14.0,27.1,12.0,12.408333333333333,30.037500000000005
2026-07-14 08:00:00,18.2,32.5,41,951.4,16.6,297,0.0,8,1,7,12.0,12.0,12.0,12.0,31.0,32.2,12.0,12.408333333333333,29.95416666666667
2026-07-14 09:00:00,44.7,32.8,41,950.6,16.2,301,0.0,9,1,7,18.2,12.0,12.0,12.0,33.1,31.4,13.033333333333333,12.924999999999999,29.420833333333334
2026-07-14 10:00:00,48.4,32.7,42,950.3,15.7,304,0.0,10,1,7,44.7,12.0,12.0,16.9,56.7,37.1,18.483333333333334,15.65,29.90416666666667
2026-07-14 11:00:00,42.9,32.6,43,949.9,15.2,304,0.0,11,1,7,48.4,18.2,12.0,12.0,58.3,41.2,24.55,18.275,29.558333333333334
2026-07-14 12:00:00,55.3,32.8,43,949.9,13.4,307,0.0,12,1,7,42.9,44.7,12.0,12.0,71.0,36.8,29.7,20.849999999999998,28.916666666666668
2026-07-14 13:00:00,54.3,31.8,47,950.5,12.0,315,0.0,13,1,7,55.3,48.4,12.0,12.0,69.5,65.3,36.916666666666664,24.458333333333332,28.262500000000003
2026-07-14 14:00:00,83.2,30.9,52,951.0,9.0,334,0.0,14,1,7,54.3,42.9,18.2,12.0,44.2,74.9,43.96666666666667,27.98333333333333,27.629166666666666
2026-07-14 15:00:00,66.6,30.3,53,951.6,7.8,334,0.0,15,1,7,83.2,55.3,44.7,12.0,57.6,52.9,54.800000000000004,33.916666666666664,29.254166666666666
2026-07-14 16:00:00,65.5,29.9,54,952.0,6.4,310,0.0,16,1,7,66.6,54.3,48.4,12.0,43.5,57.8,58.45000000000001,38.46666666666666,29.629166666666663
2026-07-14 17:00:00,76.3,29.3,56,952.1,5.2,274,0.0,17,1,7,65.5,83.2,42.9,12.0,58.5,25.7,61.29999999999999,42.925000000000004,30.54583333333333
2026-07-14 18:00:00,35.2,29.0,59,951.5,6.7,250,0.0,18,1,7,76.3,66.6,55.3,12.0,34.6,23.9,66.86666666666666,48.28333333333333,31.287499999999998
2026-07-14 19:00:00,26.8,28.1,65,950.9,7.1,263,0.0,19,1,7,35.2,65.5,54.3,12.0,12.0,12.0,63.51666666666667,50.21666666666667,31.312499999999996
2026-07-14 20:00:00,23.5,27.9,62,950.6,10.4,280,0.0,20,1,7,26.8,76.3,83.2,18.2,12.0,12.0,58.93333333333333,51.449999999999996,31.92916666666667
2026-07-14 21:00:00,12.0,28.1,53,950.4,12.5,288,0.0,21,1,7,23.5,35.2,66.6,44.7,12.0,12.0,48.98333333333333,51.89166666666666,32.40833333333333
2026-07-14 22:00:00,12.0,27.2,56,950.3,12.5,281,0.0,22,1,7,12.0,26.8,65.5,48.4,16.9,12.0,39.88333333333333,49.166666666666664,32.40833333333333
2026-07-14 23:00:00,12.0,26.5,59,950.5,13.6,285,0.0,23,1,7,12.0,23.5,76.3,42.9,12.0,12.0,30.96666666666667,46.13333333333333,32.204166666666666
2026-07-15 00:00:00,12.0,26.2,61,951.1,14.6,288,0.0,0,2,7,12.0,12.0,35.2,55.3,12.0,12.0,20.25,43.55833333333334,32.204166666666666
2026-07-15 01:00:00,12.0,25.7,64,951.7,12.6,289,0.0,1,2,7,12.0,12.0,26.8,54.3,12.0,15.0,16.383333333333333,39.949999999999996,32.204166666666666
2026-07-15 02:00:00,12.0,26.4,63,952.2,15.5,292,0.0,2,2,7,12.0,12.0,23.5,83.2,12.0,12.0,13.916666666666666,36.425000000000004,32.204166666666666
2026-07-15 03:00:00,15.1,27.4,60,952.5,14.6,294,0.0,3,2,7,12.0,12.0,12.0,66.6,12.0,12.0,12.0,30.491666666666664,32.204166666666666
2026-07-15 04:00:00,12.0,28.9,55,953.2,14.6,297,0.0,4,2,7,15.1,12.0,12.0,65.5,12.0,12.0,12.516666666666667,26.200000000000003,32.333333333333336
2026-07-15 05:00:00,12.0,30.2,48,953.5,14.7,296,0.0,5,2,7,12.0,12.0,12.0,76.3,12.0,12.0,12.516666666666667,21.74166666666667,32.333333333333336
2026-07-15 06:00:00,18.4,31.2,42,953.1,14.9,290,0.0,6,2,7,12.0,15.1,12.0,35.2,12.0,42.7,12.516666666666667,16.383333333333333,32.333333333333336
2026-07-15 07:00:00,24.4,32.0,39,952.6,14.7,287,0.0,7,2,7,18.4,12.0,12.0,26.8,12.0,14.0,13.583333333333334,14.983333333333333,32.6
2026-07-15 08:00:00,56.4,32.4,39,952.0,14.2,283,0.1,8,2,7,24.4,12.0,12.0,23.5,18.2,31.0,15.65,14.783333333333333,33.11666666666667
2026-07-15 09:00:00,37.6,32.9,38,951.1,15.9,280,0.0,9,2,7,56.4,18.4,15.1,12.0,44.7,33.1,23.05,17.525000000000002,34.708333333333336
2026-07-15 10:00:00,30.9,32.9,38,950.8,15.2,281,0.0,10,2,7,37.6,24.4,12.0,12.0,48.4,56.7,26.799999999999997,19.658333333333335,34.4125
2026-07-15 11:00:00,42.2,32.4,39,950.3,15.2,287,0.1,11,2,7,30.9,56.4,12.0,12.0,42.9,58.3,29.95,21.233333333333334,33.68333333333333
2026-07-15 12:00:00,70.1,32.1,40,950.3,13.6,281,0.5,12,2,7,42.2,37.6,18.4,12.0,55.3,71.0,34.98333333333333,23.75,33.65416666666667
2026-07-15 13:00:00,47.9,30.6,45,950.7,13.5,270,0.0,13,2,7,70.1,30.9,24.4,12.0,54.3,69.5,43.6,28.59166666666667,34.270833333333336
2026-07-15 14:00:00,74.7,29.8,49,951.5,9.7,259,0.0,14,2,7,47.9,42.2,56.4,12.0,83.2,44.2,47.51666666666667,31.583333333333332,34.00416666666667
2026-07-15 15:00:00,55.3,29.2,51,951.9,13.4,265,0.0,15,2,7,74.7,70.1,37.6,15.1,66.6,57.6,50.56666666666666,36.80833333333333,33.65
2026-07-15 16:00:00,12.0,27.1,60,952.5,13.8,258,0.0,16,2,7,55.3,47.9,30.9,12.0,65.5,43.5,53.51666666666666,40.15833333333333,33.17916666666667
2026-07-15 17:00:00,47.6,26.3,65,953.0,10.7,258,0.0,17,2,7,12.0,74.7,42.2,12.0,76.3,58.5,50.36666666666667,40.15833333333333,30.950000000000003
2026-07-15 18:00:00,44.9,26.4,67,952.3,11.2,267,0.0,18,2,7,47.6,55.3,70.1,18.4,35.2,34.6,51.26666666666667,43.125,29.754166666666663
2026-07-15 19:00:00,26.3,26.2,68,951.8,11.7,274,0.0,19,2,7,44.9,12.0,47.9,24.4,26.8,12.0,47.06666666666666,45.333333333333336,30.158333333333335
2026-07-15 20:00:00,12.0,26.0,71,951.8,10.9,279,0.0,20,2,7,26.3,47.6,74.7,56.4,23.5,12.0,43.46666666666667,45.49166666666667,30.1375
2026-07-15 21:00:00,24.4,25.9,72,951.5,11.4,276,0.0,21,2,7,12.0,44.9,55.3,37.6,12.0,12.0,33.016666666666666,41.791666666666664,29.65833333333333
2026-07-15 22:00:00,12.0,25.8,72,951.3,12.1,276,0.0,22,2,7,24.4,26.3,12.0,30.9,12.0,16.9,27.86666666666667,40.69166666666667,30.174999999999997
2026-07-15 23:00:00,12.0,25.7,71,951.3,12.0,278,0.0,23,2,7,12.0,12.0,47.6,42.2,12.0,12.0,27.866666666666664,39.11666666666667,30.174999999999997
2026-07-16 00:00:00,12.0,26.1,69,951.5,15.7,287,0.0,0,3,7,12.0,24.4,44.9,70.1,12.0,12.0,21.933333333333334,36.6,30.174999999999997
2026-07-16 01:00:00,12.0,25.9,69,952.2,14.8,286,0.0,1,3,7,12.0,12.0,26.3,47.9,12.0,12.0,16.45,31.758333333333336,30.174999999999997
2026-07-16 02:00:00,12.0,26.7,67,952.8,17.2,284,0.0,2,3,7,12.0,12.0,12.0,74.7,12.0,12.0,14.066666666666668,28.766666666666666,30.174999999999997
2026-07-16 03:00:00,12.0,28.1,60,953.1,18.8,295,0.0,3,3,7,12.0,12.0,24.4,55.3,15.1,12.0,14.066666666666668,23.541666666666668,30.174999999999997
2026-07-16 04:00:00,12.0,29.6,53,953.2,19.0,301,0.0,4,3,7,12.0,12.0,12.0,12.0,12.0,12.0,12.0,19.933333333333334,30.04583333333333
2026-07-16 05:00:00,12.0,30.8,51,953.1,15.8,299,0.0,5,3,7,12.0,12.0,12.0,47.6,12.0,12.0,12.0,19.933333333333334,30.04583333333333
2026-07-16 06:00:00,21.4,31.8,47,953.0,14.0,293,0.0,6,3,7,12.0,12.0,12.0,44.9,18.4,12.0,12.0,16.966666666666665,30.04583333333333
2026-07-16 07:00:00,43.7,31.4,49,952.4,13.1,293,0.7,7,3,7,21.4,12.0,12.0,26.3,24.4,12.0,13.566666666666665,15.008333333333333,30.17083333333333
2026-07-16 08:00:00,40.5,32.6,45,951.9,14.1,286,0.1,8,3,7,43.7,12.0,12.0,12.0,56.4,18.2,18.849999999999998,16.458333333333332,30.974999999999998
2026-07-16 09:00:00,48.5,31.5,47,951.0,12.0,286,0.0,9,3,7,40.5,21.4,12.0,24.4,37.6,44.7,23.599999999999998,18.833333333333332,30.3125
2026-07-16 10:00:00,57.1,30.7,50,950.8,10.3,259,0.0,10,3,7,48.5,43.7,12.0,12.0,30.9,48.4,29.683333333333334,20.841666666666665,30.766666666666666
2026-07-16 11:00:00,72.6,30.0,54,950.3,5.7,279,0.0,11,3,7,57.1,40.5,12.0,12.0,42.2,42.9,37.199999999999996,24.599999999999998,31.858333333333334
2026-07-16 12:00:00,58.7,28.9,60,950.5,12.8,269,0.0,12,3,7,72.6,48.5,21.4,12.0,70.1,55.3,47.29999999999999,29.649999999999995,33.125
2026-07-16 13:00:00,40.4,29.3,55,951.1,11.9,300,0.1,13,3,7,58.7,57.1,43.7,12.0,47.9,54.3,53.51666666666667,33.541666666666664,32.65
2026-07-16 14:00:00,70.2,29.3,56,951.5,7.7,294,0.0,14,3,7,40.4,72.6,40.5,12.0,74.7,83.2,52.96666666666666,35.90833333333333,32.3375
2026-07-16 15:00:00,65.1,28.8,60,952.1,7.8,261,0.0,15,3,7,70.2,58.7,48.5,12.0,55.3,66.6,57.916666666666664,40.75833333333333,32.15
2026-07-16 16:00:00,54.4,28.7,62,952.6,6.3,243,0.0,16,3,7,65.1,40.4,57.1,12.0,12.0,65.5,60.68333333333333,45.18333333333334,32.55833333333333
2026-07-16 17:00:00,37.9,28.3,63,952.7,8.3,254,0.0,17,3,7,54.4,70.2,72.6,12.0,47.6,76.3,60.23333333333333,48.71666666666667,34.324999999999996
2026-07-16 18:00:00,35.2,25.4,78,952.4,9.6,261,0.1,18,3,7,37.9,65.1,58.7,21.4,44.9,35.2,54.449999999999996,50.875,33.920833333333334
2026-07-16 19:00:00,25.4,23.3,90,952.0,12.9,247,1.3,19,3,7,35.2,54.4,40.4,43.7,26.3,26.8,50.53333333333333,52.025,33.516666666666666
2026-07-16 20:00:00,26.1,24.0,88,951.4,10.1,251,0.4,20,3,7,25.4,37.9,70.2,40.5,12.0,23.5,48.03333333333333,50.5,33.479166666666664
2026-07-16 21:00:00,31.7,24.2,86,951.3,6.3,275,0.1,21,3,7,26.1,35.2,65.1,48.5,24.4,12.0,40.68333333333333,49.29999999999999,34.06666666666667
2026-07-16 22:00:00,12.0,24.4,86,950.8,10.2,249,0.2,22,3,7,31.7,25.4,54.4,57.1,12.0,12.0,35.11666666666667,47.9,34.37083333333333
2026-07-16 23:00:00,12.0,24.3,85,950.8,9.0,254,0.0,23,3,7,12.0,26.1,37.9,72.6,12.0,12.0,28.049999999999997,44.14166666666666,34.37083333333333
2026-07-17 00:00:00,12.0,24.7,78,951.0,11.0,265,0.1,0,4,7,12.0,31.7,35.2,58.7,12.0,12.0,23.73333333333333,39.09166666666667,34.37083333333333
2026-07-17 01:00:00,12.0,24.5,80,951.6,10.4,270,0.1,1,4,7,12.0,12.0,25.4,40.4,12.0,12.0,19.866666666666667,35.199999999999996,34.37083333333333
2026-07-17 02:00:00,12.0,25.0,79,952.2,11.6,274,0.2,2,4,7,12.0,12.0,26.1,70.2,12.0,12.0,17.633333333333336,32.833333333333336,34.37083333333333
2026-07-17 03:00:00,18.4,25.4,79,952.6,13.1,285,0.2,3,4,7,12.0,12.0,31.7,65.1,12.0,15.1,15.283333333333333,27.98333333333333,34.37083333333333
2026-07-17 04:00:00,13.0,25.4,81,952.9,11.4,285,0.4,4,4,7,18.4,12.0,12.0,54.4,12.0,12.0,13.066666666666665,24.09166666666667,34.6375
2026-07-17 05:00:00,19.6,25.9,79,953.1,12.6,283,0.6,5,4,7,13.0,12.0,12.0,37.9,12.0,12.0,13.233333333333333,20.641666666666666,34.67916666666667
2026-07-17 06:00:00,47.3,25.9,80,953.0,11.9,272,0.4,6,4,7,19.6,18.4,12.0,35.2,21.4,18.4,14.5,19.116666666666667,34.99583333333333
2026-07-17 07:00:00,28.8,26.8,76,952.6,11.2,274,0.5,7,4,7,47.3,13.0,12.0,25.4,43.7,24.4,20.383333333333333,20.125,36.075
2026-07-17 08:00:00,35.1,25.8,80,952.2,13.0,284,1.3,8,4,7,28.8,19.6,12.0,26.1,40.5,56.4,23.183333333333334,20.408333333333335,35.454166666666666
2026-07-17 09:00:00,73.0,25.0,87,951.1,8.8,301,1.5,9,4,7,35.1,47.3,18.4,31.7,48.5,37.6,27.03333333333333,21.158333333333335,35.229166666666664
2026-07-17 10:00:00,56.1,26.1,85,951.0,5.8,266,1.6,10,4,7,73.0,28.8,13.0,12.0,57.1,30.9,36.13333333333333,24.600000000000005,36.25
2026-07-17 11:00:00,58.9,25.1,90,950.3,8.6,290,2.2,11,4,7,56.1,35.1,19.6,12.0,72.6,42.2,43.31666666666666,28.275000000000002,36.208333333333336
2026-07-17 12:00:00,69.3,29.3,55,950.9,9.6,278,2.2,12,4,7,58.9,73.0,47.3,12.0,58.7,70.1,49.86666666666667,32.18333333333334,35.6375
2026-07-17 13:00:00,80.9,27.3,67,951.2,9.6,293,0.2,13,4,7,69.3,56.1,28.8,12.0,40.4,47.9,53.53333333333333,36.958333333333336,36.079166666666666
2026-07-17 14:00:00,73.7,26.3,74,951.5,4.7,288,0.1,14,4,7,80.9,58.9,35.1,12.0,70.2,74.7,62.21666666666666,42.699999999999996,37.76666666666667
2026-07-17 15:00:00,47.7,26.1,76,952.3,5.8,279,0.0,15,4,7,73.7,69.3,73.0,18.4,65.1,55.3,68.65,47.84166666666667,37.9125
2026-07-17 16:00:00,57.1,25.9,77,952.6,5.6,272,0.0,16,4,7,47.7,80.9,56.1,13.0,54.4,12.0,64.43333333333334,50.28333333333334,37.1875
2026-07-17 17:00:00,54.5,25.9,78,952.8,5.7,261,0.0,17,4,7,57.1,73.7,58.9,19.6,37.9,47.6,64.60000000000001,53.958333333333336,37.300000000000004
2026-07-17 18:00:00,15.3,25.6,73,952.6,12.1,266,0.0,18,4,7,54.5,47.7,69.3,47.3,35.2,44.9,63.866666666666674,56.86666666666667,37.99166666666667
2026-07-17 19:00:00,12.0,25.0,77,952.1,13.4,266,0.0,19,4,7,15.3,57.1,80.9,28.8,25.4,26.3,54.86666666666667,54.199999999999996,37.1625
2026-07-17 20:00:00,12.0,24.6,79,951.2,14.6,270,0.0,20,4,7,12.0,54.5,73.7,35.1,26.1,12.0,43.38333333333333,52.800000000000004,36.604166666666664
2026-07-17 21:00:00,12.0,24.1,82,950.7,13.5,272,0.0,21,4,7,12.0,15.3,47.7,73.0,31.7,24.4,33.1,50.875,36.016666666666666
2026-07-17 22:00:00,12.0,23.2,91,950.5,13.6,276,1.0,22,4,7,12.0,12.0,57.1,56.1,12.0,12.0,27.150000000000002,45.791666666666664,35.19583333333333
2026-07-17 23:00:00,12.0,23.4,91,950.9,13.4,274,0.8,23,4,7,12.0,12.0,54.5,58.9,12.0,12.0,19.633333333333336,42.11666666666667,35.19583333333333
2026-07-18 00:00:00,12.0,24.0,89,950.6,13.2,280,0.2,0,5,7,12.0,12.0,15.3,69.3,12.0,12.0,12.549999999999999,38.208333333333336,35.19583333333333
2026-07-18 01:00:00,12.0,24.2,86,951.4,12.9,282,0.0,1,5,7,12.0,12.0,12.0,80.9,12.0,12.0,12.0,33.43333333333334,35.19583333333333
2026-07-18 02:00:00,12.0,24.9,82,952.0,14.5,285,0.0,2,5,7,12.0,12.0,12.0,73.7,12.0,12.0,12.0,27.691666666666666,35.19583333333333
2026-07-18 03:00:00,12.0,26.4,73,952.2,16.8,291,0.0,3,5,7,12.0,12.0,12.0,47.7,18.4,12.0,12.0,22.55,35.19583333333333
2026-07-18 04:00:00,12.0,27.4,67,952.4,16.8,297,0.0,4,5,7,12.0,12.0,12.0,57.1,13.0,12.0,12.0,19.575,34.92916666666667
2026-07-18 05:00:00,34.9,27.4,67,952.7,14.8,297,0.1,5,5,7,12.0,12.0,12.0,54.5,19.6,12.0,12.0,15.816666666666665,34.887499999999996
2026-07-18 06:00:00,34.1,28.2,62,952.6,13.4,294,0.7,6,5,7,34.9,12.0,12.0,15.3,47.3,21.4,15.816666666666668,14.183333333333332,35.525
2026-07-18 07:00:00,53.0,27.2,66,951.9,12.0,296,0.8,7,5,7,34.1,12.0,12.0,12.0,28.8,43.7,19.5,15.75,34.975
2026-07-18 08:00:00,37.1,28.4,58,951.2,13.4,292,0.0,8,5,7,53.0,34.9,12.0,12.0,35.1,40.5,26.333333333333332,19.166666666666668,35.983333333333334
2026-07-18 09:00:00,39.0,28.5,58,950.6,12.8,285,0.0,9,5,7,37.1,34.1,12.0,12.0,73.0,48.5,30.51666666666667,21.258333333333336,36.06666666666667
2026-07-18 10:00:00,34.8,28.6,58,950.2,12.6,287,0.1,10,5,7,39.0,53.0,12.0,12.0,56.1,57.1,35.01666666666667,23.508333333333336,34.65
2026-07-18 11:00:00,56.8,26.1,79,950.2,8.7,292,1.6,11,5,7,34.8,37.1,34.9,12.0,58.9,72.6,38.81666666666667,25.40833333333333,33.762499999999996
2026-07-18 12:00:00,70.4,27.5,66,950.5,12.4,289,1.3,12,5,7,56.8,39.0,34.1,12.0,69.3,58.7,42.46666666666667,29.141666666666666,33.675000000000004
2026-07-18 13:00:00,67.9,26.1,75,951.1,11.9,304,0.0,13,5,7,70.4,34.8,53.0,12.0,80.9,40.4,48.51666666666667,34.00833333333333,33.72083333333334
2026-07-18 14:00:00,54.2,25.1,82,951.6,10.1,297,0.4,14,5,7,67.9,56.8,37.1,12.0,73.7,70.2,51.0,38.666666666666664,33.17916666666667
2026-07-18 15:00:00,53.7,24.5,88,951.9,9.8,283,0.5,15,5,7,54.2,70.4,39.0,12.0,47.7,65.1,53.85,42.18333333333334,32.36666666666667
2026-07-18 16:00:00,71.1,24.4,91,952.2,9.0,275,0.5,16,5,7,53.7,67.9,34.8,12.0,57.1,54.4,56.300000000000004,45.65833333333333,32.61666666666667
2026-07-18 17:00:00,31.5,24.6,90,952.4,10.6,273,0.1,17,5,7,71.1,54.2,56.8,34.9,54.5,37.9,62.349999999999994,50.583333333333336,33.199999999999996
2026-07-18 18:00:00,28.3,24.4,87,952.0,13.4,265,0.1,18,5,7,31.5,53.7,70.4,34.1,15.3,35.2,58.13333333333333,50.300000000000004,32.24166666666667
2026-07-18 19:00:00,18.0,24.0,86,951.7,12.8,273,0.2,19,5,7,28.3,71.1,67.9,53.0,12.0,25.4,51.11666666666667,49.81666666666667,32.78333333333334
2026-07-18 20:00:00,12.0,23.9,86,951.2,11.6,275,0.0,20,5,7,18.0,31.5,54.2,37.1,12.0,26.1,42.800000000000004,46.900000000000006,33.03333333333334
2026-07-18 21:00:00,12.0,23.8,87,950.8,11.4,274,0.0,21,5,7,12.0,28.3,53.7,39.0,12.0,31.7,35.766666666666666,44.80833333333334,33.03333333333334
2026-07-18 22:00:00,14.6,23.7,87,950.7,10.4,278,0.0,22,5,7,12.0,18.0,71.1,34.8,12.0,12.0,28.816666666666663,42.55833333333333,33.03333333333334
2026-07-18 23:00:00,12.0,23.8,87,950.8,10.3,277,0.0,23,5,7,14.6,12.0,31.5,56.8,12.0,12.0,19.400000000000002,40.875,33.141666666666666
2026-07-19 00:00:00,12.0,23.9,89,951.0,10.4,271,0.0,0,6,7,12.0,12.0,28.3,70.4,12.0,12.0,16.150000000000002,37.14166666666667,33.141666666666666
2026-07-19 01:00:00,30.0,23.9,89,951.5,9.0,269,0.0,1,6,7,12.0,14.6,18.0,67.9,12.0,12.0,13.433333333333335,32.275,33.141666666666666
2026-07-19 02:00:00,12.0,24.6,85,951.9,11.2,264,0.0,2,6,7,30.0,12.0,12.0,54.2,12.0,12.0,15.433333333333332,29.11666666666667,33.891666666666666
2026-07-19 03:00:00,17.2,26.1,76,952.0,15.7,283,0.0,3,6,7,12.0,12.0,12.0,53.7,12.0,18.4,15.433333333333332,25.600000000000005,33.891666666666666
2026-07-19 04:00:00,13.2,25.8,77,952.0,13.9,272,0.3,4,6,7,17.2,30.0,14.6,71.1,12.0,13.0,16.3,22.558333333333334,34.108333333333334
2026-07-19 05:00:00,34.9,28.2,66,951.9,15.2,287,0.1,5,6,7,13.2,12.0,12.0,31.5,34.9,19.6,16.066666666666666,17.733333333333334,34.15833333333333
2026-07-19 06:00:00,36.9,28.4,63,952.2,13.5,284,0.0,6,6,7,34.9,17.2,12.0,28.3,34.1,47.3,19.88333333333333,18.01666666666667,34.15833333333334
2026-07-19 07:00:00,18.6,29.1,58,951.5,13.2,284,0.0,7,6,7,36.9,13.2,30.0,18.0,53.0,28.8,24.03333333333333,18.733333333333334,34.275
2026-07-19 08:00:00,16.2,30.5,51,950.8,13.2,287,0.0,8,6,7,18.6,34.9,12.0,12.0,37.1,35.1,22.13333333333333,18.783333333333335,32.84166666666667
2026-07-19 09:00:00,25.6,30.6,50,949.8,12.9,279,0.0,9,6,7,16.2,36.9,17.2,12.0,39.0,73.0,22.833333333333332,19.133333333333333,31.97083333333333
2026-07-19 10:00:00,41.4,29.9,54,949.5,15.4,259,0.0,10,6,7,25.6,18.6,13.2,14.6,34.8,56.1,24.233333333333334,20.266666666666666,31.412499999999998
2026-07-19 11:00:00,83.4,28.6,65,949.0,12.6,250,0.0,11,6,7,41.4,16.2,34.9,12.0,56.8,58.9,28.933333333333326,22.5,31.6875
2026-07-19 12:00:00,49.6,27.7,69,949.6,15.4,244,0.0,12,6,7,83.4,25.6,36.9,12.0,70.4,69.3,37.01666666666667,28.45,32.79583333333333
2026-07-19 13:00:00,50.2,26.8,77,950.3,9.1,252,0.1,13,6,7,49.6,41.4,18.6,30.0,67.9,80.9,39.13333333333333,31.583333333333332,31.929166666666664
2026-07-19 14:00:00,77.5,26.1,84,950.9,10.5,265,1.1,14,6,7,50.2,83.4,16.2,12.0,54.2,73.7,44.400000000000006,33.266666666666666,31.191666666666666
2026-07-19 15:00:00,38.2,25.4,84,951.8,11.9,273,0.3,15,6,7,77.5,49.6,25.6,17.2,53.7,47.7,54.61666666666667,38.725,32.1625
2026-07-19 16:00:00,43.4,24.7,85,952.4,11.4,266,0.1,16,6,7,38.2,50.2,41.4,13.2,71.1,57.1,56.71666666666667,40.475,31.51666666666667
2026-07-19 17:00:00,33.6,24.4,87,952.6,12.6,260,0.2,17,6,7,43.4,77.5,83.4,34.9,31.5,54.5,57.050000000000004,42.99166666666667,30.3625
2026-07-19 18:00:00,12.0,23.7,87,952.3,15.7,261,0.0,18,6,7,33.6,38.2,49.6,36.9,28.3,15.3,48.75,42.88333333333333,30.450000000000003
2026-07-19 19:00:00,27.6,23.4,88,951.6,12.6,270,0.0,19,6,7,12.0,43.4,50.2,18.6,18.0,12.0,42.48333333333333,40.80833333333334,29.770833333333332
2026-07-19 20:00:00,12.0,23.3,88,951.0,13.3,269,0.0,20,6,7,27.6,33.6,77.5,16.2,12.0,12.0,38.71666666666667,41.55833333333333,30.17083333333333
2026-07-19 21:00:00,12.0,23.4,87,950.5,13.0,274,0.0,21,6,7,12.0,12.0,38.2,25.6,12.0,12.0,27.8,41.208333333333336,30.17083333333333
2026-07-19 22:00:00,12.0,23.4,88,950.1,12.8,269,0.0,22,6,7,12.0,27.6,43.4,41.4,14.6,12.0,23.433333333333337,40.074999999999996,30.17083333333333
2026-07-19 23:00:00,12.0,23.6,87,950.3,13.1,272,0.0,23,6,7,12.0,12.0,33.6,83.4,12.0,12.0,18.200000000000003,37.625,30.0625
2026-07-20 00:00:00,12.0,23.4,90,950.6,14.2,271,0.0,0,0,7,12.0,12.0,12.0,49.6,12.0,12.0,14.6,31.675,30.0625
2026-07-20 01:00:00,12.0,23.6,89,950.9,13.9,270,0.3,1,0,7,12.0,12.0,27.6,50.2,30.0,12.0,14.6,28.541666666666668,30.0625
2026-07-20 02:00:00,12.0,24.2,86,951.5,14.8,275,0.3,2,0,7,12.0,12.0,12.0,77.5,12.0,12.0,12.0,25.358333333333334,29.3125
2026-07-20 03:00:00,12.0,25.0,83,952.1,15.3,272,0.6,3,0,7,12.0,12.0,12.0,38.2,17.2,12.0,12.0,19.900000000000002,29.3125
2026-07-20 04:00:00,14.6,25.8,79,952.5,14.4,271,0.2,4,0,7,12.0,12.0,12.0,43.4,13.2,12.0,12.0,17.71666666666667,29.09583333333333
2026-07-20 05:00:00,12.0,26.9,72,952.6,15.5,275,0.2,5,0,7,14.6,12.0,12.0,33.6,34.9,34.9,12.433333333333332,15.316666666666668,29.154166666666665
2026-07-20 06:00:00,12.0,28.6,60,952.5,18.3,285,0.1,6,0,7,12.0,12.0,12.0,12.0,36.9,34.1,12.433333333333332,13.516666666666666,28.2
2026-07-20 07:00:00,12.0,28.8,58,951.7,16.9,282,0.2,7,0,7,12.0,14.6,12.0,27.6,18.6,53.0,12.433333333333332,13.516666666666666,27.162499999999998
2026-07-20 08:00:00,47.2,28.6,60,950.9,15.6,276,0.5,8,0,7,12.0,12.0,12.0,12.0,16.2,37.1,12.433333333333332,12.216666666666667,26.8875
2026-07-20 09:00:00,42.9,29.4,64,949.9,15.1,268,0.0,9,0,7,47.2,12.0,12.0,12.0,25.6,39.0,18.3,15.15,28.17916666666667
2026-07-20 10:00:00,49.9,29.8,61,949.4,15.1,273,0.0,10,0,7,42.9,12.0,14.6,12.0,41.4,34.8,23.45,17.724999999999998,28.900000000000002
2026-07-20 11:00:00,54.1,28.8,63,949.2,14.2,250,0.2,11,0,7,49.9,47.2,12.0,12.0,83.4,56.8,29.333333333333332,20.883333333333333,29.254166666666666
2026-07-20 12:00:00,45.2,27.0,73,950.1,13.7,269,0.6,12,0,7,54.1,42.9,12.0,12.0,49.6,70.4,36.35,24.391666666666666,28.033333333333335
2026-07-20 13:00:00,46.0,26.3,78,950.9,11.1,258,0.2,13,0,7,45.2,49.9,12.0,12.0,50.2,67.9,41.88333333333333,27.15833333333333,27.850000000000005
2026-07-20 14:00:00,81.9,25.7,82,951.2,11.4,264,0.0,14,0,7,46.0,54.1,47.2,12.0,77.5,54.2,47.550000000000004,29.991666666666664,27.675
2026-07-20 15:00:00,54.7,25.1,86,952.1,10.8,272,0.2,15,0,7,81.9,45.2,42.9,12.0,38.2,53.7,53.333333333333336,35.81666666666667,27.858333333333334
2026-07-20 16:00:00,26.2,24.6,88,952.9,14.4,258,0.2,16,0,7,54.7,46.0,49.9,14.6,43.4,71.1,55.300000000000004,39.375,28.545833333333334
2026-07-20 17:00:00,12.3,24.0,88,953.1,15.5,260,0.1,17,0,7,26.2,81.9,54.1,12.0,33.6,31.5,51.349999999999994,40.34166666666667,27.829166666666666
2026-07-20 18:00:00,12.0,22.9,93,953.0,16.4,261,1.1,18,0,7,12.3,54.7,45.2,12.0,12.0,28.3,44.38333333333333,40.36666666666667,26.941666666666666
2026-07-20 19:00:00,12.0,22.8,93,952.1,18.4,271,1.7,19,0,7,12.0,26.2,46.0,12.0,27.6,18.0,38.85,40.36666666666667,26.941666666666666
2026-07-20 20:00:00,12.0,22.8,93,951.3,17.3,271,2.7,20,0,7,12.0,12.3,81.9,47.2,12.0,12.0,33.18333333333334,40.36666666666667,26.29166666666667
2026-07-20 21:00:00,12.0,23.0,92,950.8,15.9,275,0.6,21,0,7,12.0,12.0,54.7,42.9,12.0,12.0,21.53333333333333,37.43333333333333,26.29166666666667
2026-07-20 22:00:00,12.0,23.1,92,950.5,15.0,273,0.3,22,0,7,12.0,12.0,26.2,49.9,12.0,14.6,14.416666666666666,34.858333333333334,26.29166666666667
2026-07-20 23:00:00,12.0,23.1,92,950.7,14.1,267,0.2,23,0,7,12.0,12.0,12.3,54.1,12.0,12.0,12.049999999999999,31.7,26.29166666666667
2026-07-21 00:00:00,12.0,23.6,90,950.4,16.0,273,0.2,0,1,7,12.0,12.0,12.0,45.2,12.0,12.0,12.0,28.191666666666666,26.29166666666667
2026-07-21 01:00:00,12.0,23.6,90,950.8,16.4,271,0.1,1,1,7,12.0,12.0,12.0,46.0,12.0,30.0,12.0,25.425,26.29166666666667
2026-07-21 02:00:00,12.0,23.7,89,951.6,15.7,271,0.2,2,1,7,12.0,12.0,12.0,81.9,12.0,12.0,12.0,22.59166666666667,26.29166666666667
2026-07-21 03:00:00,12.0,23.8,87,951.9,14.8,269,0.2,3,1,7,12.0,12.0,12.0,54.7,12.0,17.2,12.0,16.766666666666666,26.29166666666667
2026-07-21 04:00:00,19.4,24.7,81,952.2,14.8,271,0.1,4,1,7,12.0,12.0,12.0,26.2,14.6,13.2,12.0,13.208333333333334,26.29166666666667
2026-07-21 05:00:00,19.2,24.6,82,952.1,15.1,270,0.4,5,1,7,19.4,12.0,12.0,12.3,12.0,34.9,13.233333333333334,12.641666666666666,26.49166666666667
2026-07-21 06:00:00,13.8,24.5,86,952.3,14.0,263,0.6,6,1,7,19.2,12.0,12.0,12.0,12.0,36.9,14.433333333333332,13.216666666666667,26.791666666666668
2026-07-21 07:00:00,40.0,24.9,84,952.0,13.0,256,0.6,7,1,7,13.8,19.4,12.0,12.0,12.0,18.6,14.733333333333334,13.366666666666667,26.86666666666667
2026-07-21 08:00:00,46.0,25.3,85,951.5,10.7,250,0.3,8,1,7,40.0,19.2,12.0,12.0,47.2,16.2,19.400000000000002,15.699999999999998,28.033333333333335
2026-07-21 09:00:00,49.4,25.6,84,950.6,7.4,248,0.2,9,1,7,46.0,13.8,12.0,12.0,42.9,25.6,25.066666666666666,18.53333333333333,27.983333333333334
2026-07-21 10:00:00,68.4,26.1,82,950.2,7.1,264,0.1,10,1,7,49.4,40.0,19.4,12.0,49.9,41.4,31.3,21.649999999999995,28.254166666666666
2026-07-21 11:00:00,79.1,26.4,78,949.8,6.8,258,0.0,11,1,7,68.4,46.0,19.2,12.0,54.1,83.4,39.46666666666667,26.349999999999998,29.025000000000002
2026-07-21 12:00:00,38.9,26.7,72,950.2,11.6,255,0.1,12,1,7,79.1,49.4,13.8,12.0,45.2,49.6,49.449999999999996,31.941666666666663,30.066666666666666
2026-07-21 13:00:00,60.3,26.0,72,950.7,12.8,253,0.0,13,1,7,38.9,68.4,40.0,12.0,46.0,50.2,53.63333333333333,34.18333333333333,29.804166666666664
2026-07-21 14:00:00,26.2,24.7,80,951.7,15.7,265,0.6,14,1,7,60.3,79.1,46.0,12.0,81.9,77.5,57.01666666666666,38.208333333333336,30.400000000000002
2026-07-21 15:00:00,15.1,23.1,91,952.1,16.7,251,3.0,15,1,7,26.2,38.9,49.4,12.0,54.7,38.2,53.71666666666667,39.391666666666666,28.079166666666666
2026-07-21 16:00:00,16.5,23.2,90,952.3,17.9,257,1.0,16,1,7,15.1,60.3,68.4,19.4,26.2,43.4,48.0,39.65,26.429166666666664
2026-07-21 17:00:00,14.2,23.4,90,952.5,16.9,251,0.4,17,1,7,16.5,26.2,79.1,19.2,12.3,33.6,39.349999999999994,39.40833333333333,26.025000000000002
2026-07-21 18:00:00,12.0,23.2,90,952.3,16.3,254,0.3,18,1,7,14.2,15.1,38.9,13.8,12.0,12.0,28.533333333333335,38.99166666666667,26.104166666666668
2026-07-21 19:00:00,20.2,23.1,91,951.5,17.5,253,0.5,19,1,7,12.0,16.5,60.3,40.0,12.0,27.6,24.05,38.84166666666667,26.104166666666668
2026-07-21 20:00:00,12.0,22.8,90,950.7,19.1,254,0.7,20,1,7,20.2,14.2,26.2,46.0,12.0,12.0,17.366666666666664,37.19166666666667,26.44583333333333
2026-07-21 21:00:00,12.0,22.5,90,950.3,19.1,256,0.9,21,1,7,12.0,12.0,15.1,49.4,12.0,12.0,15.0,34.358333333333334,26.44583333333333
2026-07-21 22:00:00,12.0,22.5,91,950.1,18.3,256,0.9,22,1,7,12.0,20.2,16.5,68.4,12.0,12.0,14.483333333333333,31.241666666666664,26.44583333333333
2026-07-21 23:00:00,12.0,22.6,92,950.1,17.4,254,0.6,23,1,7,12.0,12.0,14.2,79.1,12.0,12.0,13.733333333333334,26.541666666666668,26.44583333333333
2026-07-22 00:00:00,12.0,22.6,94,950.0,19.6,260,0.6,0,2,7,12.0,12.0,12.0,38.9,12.0,12.0,13.366666666666667,20.95,26.44583333333333
2026-07-22 01:00:00,12.0,22.7,93,950.3,19.1,258,1.4,1,2,7,12.0,12.0,20.2,60.3,12.0,12.0,13.366666666666667,18.708333333333332,26.44583333333333
2026-07-22 02:00:00,12.0,22.8,93,950.8,19.4,257,2.1,2,2,7,12.0,12.0,12.0,26.2,12.0,12.0,12.0,14.683333333333332,26.44583333333333
2026-07-22 03:00:00,12.0,23.1,92,951.0,19.5,252,0.5,3,2,7,12.0,12.0,12.0,15.1,12.0,12.0,12.0,13.5,26.44583333333333
2026-07-22 04:00:00,12.0,23.9,88,951.5,17.8,254,0.0,4,2,7,12.0,12.0,12.0,16.5,19.4,14.6,12.0,13.241666666666665,26.44583333333333
2026-07-22 05:00:00,12.0,25.2,81,951.5,16.6,254,0.0,5,2,7,12.0,12.0,12.0,14.2,19.2,12.0,12.0,12.866666666666665,26.1375
2026-07-22 06:00:00,12.0,25.8,75,952.2,18.1,251,0.1,6,2,7,12.0,12.0,12.0,12.0,13.8,12.0,12.0,12.683333333333332,25.837500000000002
2026-07-22 07:00:00,30.5,26.2,73,951.7,18.1,250,0.3,7,2,7,12.0,12.0,12.0,20.2,40.0,12.0,12.0,12.683333333333332,25.7625
2026-07-22 08:00:00,16.6,26.3,72,951.0,18.4,246,0.0,8,2,7,30.5,12.0,12.0,12.0,46.0,47.2,15.083333333333334,13.541666666666666,25.366666666666664
2026-07-22 09:00:00,42.9,25.8,76,950.3,13.4,246,0.3,9,2,7,16.6,12.0,12.0,12.0,49.4,42.9,15.85,13.925000000000002,24.141666666666666
2026-07-22 10:00:00,68.2,25.4,79,950.0,13.3,249,0.6,10,2,7,42.9,30.5,12.0,12.0,68.4,49.9,21.0,16.5,23.870833333333334
2026-07-22 11:00:00,78.3,24.7,85,950.1,14.4,241,1.1,11,2,7,68.2,16.6,12.0,12.0,79.1,54.1,30.366666666666664,21.183333333333334,23.8625
2026-07-22 12:00:00,23.5,25.2,80,949.6,14.9,234,0.6,12,2,7,78.3,42.9,12.0,12.0,38.9,45.2,41.416666666666664,26.708333333333332,23.829166666666666
2026-07-22 13:00:00,45.3,24.8,80,950.4,15.1,244,0.1,13,2,7,23.5,68.2,30.5,12.0,60.3,46.0,43.333333333333336,27.666666666666668,23.1875
2026-07-22 14:00:00,37.9,24.5,80,951.1,14.8,252,0.1,14,2,7,45.3,78.3,16.6,12.0,26.2,81.9,45.800000000000004,30.441666666666663,22.5625
2026-07-22 15:00:00,34.6,24.1,82,951.5,18.3,246,0.1,15,2,7,37.9,23.5,42.9,12.0,15.1,54.7,49.349999999999994,32.6,23.049999999999997
2026-07-22 16:00:00,31.1,23.8,83,951.7,18.1,246,0.2,16,2,7,34.6,45.3,68.2,12.0,16.5,26.2,47.96666666666667,34.48333333333333,23.8625
2026-07-22 17:00:00,13.8,23.7,84,951.9,17.4,252,0.1,17,2,7,31.1,37.9,78.3,12.0,14.2,12.3,41.78333333333334,36.074999999999996,24.470833333333335
2026-07-22 18:00:00,12.0,23.1,87,951.8,18.5,249,0.5,18,2,7,13.8,34.6,23.5,12.0,12.0,12.0,31.03333333333333,36.225,24.454166666666666
2026-07-22 19:00:00,12.0,23.0,87,951.0,17.5,250,0.0,19,2,7,12.0,31.1,45.3,30.5,20.2,12.0,29.116666666666664,36.225,24.454166666666666
2026-07-22 20:00:00,12.0,23.0,87,950.2,15.5,245,0.0,20,2,7,12.0,13.8,37.9,16.6,12.0,12.0,23.566666666666663,34.68333333333333,24.112499999999997
2026-07-22 21:00:00,12.0,22.8,86,950.0,14.8,239,0.0,21,2,7,12.0,12.0,34.6,42.9,12.0,12.0,19.250000000000004,34.300000000000004,24.112499999999997
2026-07-22 22:00:00,12.0,22.8,86,949.8,14.5,239,0.0,22,2,7,12.0,12.0,31.1,68.2,12.0,12.0,15.483333333333334,31.724999999999998,24.112499999999997
2026-07-22 23:00:00,12.0,22.7,87,949.8,13.6,241,0.0,23,2,7,12.0,12.0,13.8,78.3,12.0,12.0,12.299999999999999,27.041666666666668,24.112499999999997
2026-07-23 00:00:00,12.0,22.9,88,949.9,16.0,241,0.0,0,3,7,12.0,12.0,12.0,23.5,12.0,12.0,12.0,21.516666666666666,24.112499999999997
2026-07-23 01:00:00,12.0,23.1,86,950.1,15.2,244,0.0,1,3,7,12.0,12.0,12.0,45.3,12.0,12.0,12.0,20.558333333333334,24.112499999999997
2026-07-23 02:00:00,12.0,23.6,86,950.7,12.0,242,0.0,2,3,7,12.0,12.0,12.0,37.9,12.0,12.0,12.0,17.783333333333335,24.112499999999997
2026-07-23 03:00:00,12.0,24.8,78,950.8,17.2,242,0.0,3,3,7,12.0,12.0,12.0,34.6,12.0,12.0,12.0,15.625,24.112499999999997
2026-07-23 04:00:00,12.0,26.4,71,950.9,20.6,249,0.1,4,3,7,12.0,12.0,12.0,31.1,12.0,19.4,12.0,13.741666666666667,24.112499999999997
2026-07-23 05:00:00,12.0,27.0,68,951.1,21.5,250,0.2,5,3,7,12.0,12.0,12.0,13.8,12.0,19.2,12.0,12.15,24.112499999999997
2026-07-23 06:00:00,12.0,27.0,69,951.0,17.8,247,0.0,6,3,7,12.0,12.0,12.0,12.0,12.0,13.8,12.0,12.0,24.112499999999997
2026-07-23 07:00:00,12.0,28.0,63,950.8,19.3,243,0.0,7,3,7,12.0,12.0,12.0,12.0,30.5,40.0,12.0,12.0,24.112499999999997
2026-07-23 08:00:00,22.2,27.4,65,950.2,19.6,243,0.0,8,3,7,12.0,12.0,12.0,12.0,16.6,46.0,12.0,12.0,23.341666666666665
2026-07-23 09:00:00,12.0,28.1,61,950.0,24.2,252,0.9,9,3,7,22.2,12.0,12.0,12.0,42.9,49.4,13.700000000000001,12.85,23.575000000000003
2026-07-23 10:00:00,43.2,28.4,60,949.5,17.9,253,0.0,10,3,7,12.0,12.0,12.0,12.0,68.2,68.4,13.700000000000001,12.85,22.287499999999998
2026-07-23 11:00:00,53.7,28.6,56,948.9,15.4,249,0.0,11,3,7,43.2,22.2,12.0,12.0,78.3,79.1,18.900000000000002,15.450000000000001,21.245833333333334
2026-07-23 12:00:00,60.0,25.8,72,949.4,13.1,240,0.0,12,3,7,53.7,12.0,12.0,12.0,23.5,38.9,25.850000000000005,18.925,20.220833333333335
2026-07-23 13:00:00,40.2,26.0,72,949.9,13.4,237,0.0,13,3,7,60.0,43.2,12.0,12.0,45.3,60.3,33.85,22.925,21.74166666666667
2026-07-23 14:00:00,30.5,25.7,72,950.1,13.7,236,0.0,14,3,7,40.2,53.7,22.2,12.0,37.9,26.2,38.550000000000004,25.275000000000002,21.52916666666667
2026-07-23 15:00:00,19.0,25.6,68,950.9,16.1,239,0.0,15,3,7,30.5,60.0,12.0,12.0,34.6,15.1,39.93333333333334,26.816666666666666,21.220833333333335
2026-07-23 16:00:00,24.6,25.3,69,951.2,15.8,238,0.0,16,3,7,19.0,40.2,43.2,12.0,31.1,16.5,41.1,27.400000000000002,20.570833333333333
2026-07-23 17:00:00,57.3,25.1,69,951.6,15.8,236,0.0,17,3,7,24.6,30.5,53.7,12.0,13.8,14.2,38.0,28.45,20.3
2026-07-23 18:00:00,13.8,25.0,71,951.1,17.7,232,0.0,18,3,7,57.3,19.0,60.0,12.0,12.0,12.0,38.6,32.225,22.1125
2026-07-23 19:00:00,26.1,24.6,74,950.6,17.9,236,0.0,19,3,7,13.8,24.6,40.2,12.0,12.0,20.2,30.900000000000002,32.375,22.1875
2026-07-23 20:00:00,12.0,24.3,77,949.9,17.4,242,0.0,20,3,7,26.1,57.3,30.5,22.2,12.0,12.0,28.55,33.550000000000004,22.775000000000002
2026-07-23 21:00:00,12.0,24.0,79,949.2,18.9,246,0.0,21,3,7,12.0,13.8,19.0,12.0,12.0,12.0,25.46666666666667,32.7,22.775000000000002
2026-07-23 22:00:00,12.0,23.9,80,949.3,18.4,244,0.0,22,3,7,12.0,26.1,24.6,43.2,12.0,12.0,24.3,32.7,22.775000000000002
2026-07-23 23:00:00,12.0,23.8,80,949.0,19.0,247,0.0,23,3,7,12.0,12.0,57.3,53.7,12.0,12.0,22.200000000000003,30.100000000000005,22.775000000000002
2026-07-24 00:00:00,12.0,23.8,83,949.4,20.5,250,0.0,0,4,7,12.0,12.0,13.8,60.0,12.0,12.0,14.649999999999999,26.625,22.775000000000002
2026-07-24 01:00:00,12.0,23.7,83,950.1,20.0,253,0.1,1,4,7,12.0,12.0,26.1,40.2,12.0,12.0,14.35,22.625,22.775000000000002
2026-07-24 02:00:00,12.0,24.4,79,950.4,18.4,252,0.0,2,4,7,12.0,12.0,12.0,30.5,12.0,12.0,12.0,20.275,22.775000000000002
2026-07-24 03:00:00,12.0,25.6,73,950.6,24.9,254,0.0,3,4,7,12.0,12.0,12.0,19.0,12.0,12.0,12.0,18.73333333333333,22.775000000000002
2026-07-24 04:00:00,12.0,26.9,67,951.0,24.4,259,0.0,4,4,7,12.0,12.0,12.0,24.6,12.0,12.0,12.0,18.15,22.775000000000002
2026-07-24 05:00:00,12.0,28.2,62,951.3,22.3,259,0.0,5,4,7,12.0,12.0,12.0,57.3,12.0,12.0,12.0,17.099999999999998,22.775000000000002
2026-07-24 06:00:00,12.0,27.7,61,951.3,25.3,259,0.0,6,4,7,12.0,12.0,12.0,13.8,12.0,12.0,12.0,13.324999999999998,22.775000000000002
2026-07-24 07:00:00,12.0,27.4,64,951.0,23.1,261,0.0,7,4,7,12.0,12.0,12.0,26.1,12.0,30.5,12.0,13.174999999999999,22.775000000000002
2026-07-24 08:00:00,44.8,27.3,66,950.4,18.1,257,0.0,8,4,7,12.0,12.0,12.0,12.0,22.2,16.6,12.0,12.0,22.775000000000002
2026-07-24 09:00:00,30.4,27.6,67,949.6,15.0,256,0.0,9,4,7,44.8,12.0,12.0,12.0,12.0,42.9,17.466666666666665,14.733333333333334,23.71666666666667
2026-07-24 10:00:00,68.9,27.4,70,948.9,9.6,237,0.1,10,4,7,30.4,12.0,12.0,12.0,43.2,68.2,20.53333333333333,16.26666666666667,24.483333333333334
2026-07-24 11:00:00,32.1,28.7,64,948.2,12.7,237,0.0,11,4,7,68.9,44.8,12.0,12.0,53.7,78.3,30.016666666666666,21.008333333333336,25.55416666666667
2026-07-24 12:00:00,43.4,29.2,58,948.3,13.3,245,0.0,12,4,7,32.1,30.4,12.0,12.0,60.0,23.5,33.36666666666667,22.683333333333337,24.65416666666667
2026-07-24 13:00:00,63.1,28.3,61,948.5,14.0,235,0.0,13,4,7,43.4,68.9,12.0,12.0,40.2,45.3,38.6,25.3,23.962500000000002
2026-07-24 14:00:00,58.9,27.2,67,949.1,12.9,235,0.0,14,4,7,63.1,32.1,44.8,12.0,30.5,37.9,47.11666666666667,29.558333333333337,24.916666666666668
2026-07-24 15:00:00,31.9,27.1,67,950.0,12.8,246,0.0,15,4,7,58.9,43.4,30.4,12.0,19.0,34.6,49.46666666666666,33.46666666666667,26.099999999999998
2026-07-24 16:00:00,28.2,26.4,68,950.4,11.4,245,0.0,16,4,7,31.9,63.1,68.9,12.0,24.6,31.1,49.71666666666667,35.125,26.6375
2026-07-24 17:00:00,24.1,26.0,69,950.7,12.6,245,0.0,17,4,7,28.2,58.9,32.1,12.0,57.3,13.8,42.93333333333334,36.475,26.787500000000005
2026-07-24 18:00:00,23.6,25.7,68,950.6,15.3,252,0.0,18,4,7,24.1,31.9,43.4,12.0,13.8,12.0,41.6,37.483333333333334,25.40416666666667
2026-07-24 19:00:00,19.7,25.0,71,950.1,14.4,248,0.0,19,4,7,23.6,28.2,63.1,12.0,26.1,12.0,38.300000000000004,38.45,25.8125
2026-07-24 20:00:00,12.0,24.4,74,949.5,14.0,248,0.0,20,4,7,19.7,24.1,58.9,44.8,12.0,12.0,31.066666666666666,39.09166666666667,25.545833333333334
2026-07-24 21:00:00,35.7,23.9,76,949.4,14.1,251,0.0,21,4,7,12.0,23.6,31.9,30.4,12.0,12.0,23.25,36.358333333333334,25.545833333333334
2026-07-24 22:00:00,12.0,23.5,78,949.2,14.6,254,0.0,22,4,7,35.7,19.7,28.2,68.9,12.0,12.0,23.883333333333336,36.800000000000004,26.533333333333335
2026-07-24 23:00:00,12.0,23.3,80,949.3,14.1,256,0.0,23,4,7,12.0,12.0,24.1,32.1,12.0,12.0,21.183333333333334,32.05833333333333,26.533333333333335
2026-07-25 00:00:00,12.0,23.1,82,950.1,13.2,253,0.0,0,5,7,12.0,35.7,23.6,43.4,12.0,12.0,19.166666666666668,30.38333333333333,26.533333333333335
2026-07-25 01:00:00,12.0,23.2,82,950.6,13.7,254,0.0,1,5,7,12.0,12.0,19.7,63.1,12.0,12.0,17.233333333333334,27.766666666666666,26.533333333333335
2026-07-25 02:00:00,12.0,24.0,79,951.3,14.3,256,0.0,2,5,7,12.0,12.0,12.0,58.9,12.0,12.0,15.950000000000001,23.50833333333333,26.533333333333335
2026-07-25 03:00:00,12.0,25.2,72,951.6,19.3,259,0.0,3,5,7,12.0,12.0,35.7,31.9,12.0,12.0,15.950000000000001,19.599999999999998,26.533333333333335
2026-07-25 04:00:00,12.0,26.5,66,951.5,18.7,263,0.0,4,5,7,12.0,12.0,12.0,28.2,12.0,12.0,12.0,17.941666666666666,26.533333333333335
2026-07-25 05:00:00,12.0,27.5,63,951.7,18.6,267,0.0,5,5,7,12.0,12.0,12.0,24.1,12.0,12.0,12.0,16.59166666666667,26.533333333333335
2026-07-25 06:00:00,28.4,27.6,63,951.4,17.5,266,0.0,6,5,7,12.0,12.0,12.0,23.6,12.0,12.0,12.0,15.583333333333334,26.533333333333335
2026-07-25 07:00:00,15.9,27.9,62,951.0,17.3,269,0.0,7,5,7,28.4,12.0,12.0,19.7,12.0,12.0,14.733333333333334,15.983333333333333,27.21666666666667
2026-07-25 08:00:00,41.1,28.4,60,950.4,15.5,267,0.0,8,5,7,15.9,12.0,12.0,12.0,44.8,22.2,15.383333333333333,15.666666666666666,27.379166666666666
2026-07-25 09:00:00,16.3,29.3,58,949.6,14.5,263,0.0,9,5,7,41.1,28.4,12.0,35.7,30.4,12.0,20.233333333333334,18.091666666666665,27.224999999999998
2026-07-25 10:00:00,34.1,29.7,57,948.9,13.7,268,0.0,10,5,7,16.3,15.9,12.0,12.0,68.9,43.2,20.95,16.474999999999998,26.6375
2026-07-25 11:00:00,59.1,29.7,57,948.4,12.1,268,0.0,11,5,7,34.1,41.1,12.0,12.0,32.1,53.7,24.633333333333336,18.316666666666666,25.1875
2026-07-25 12:00:00,49.8,29.1,60,948.6,11.5,253,0.0,12,5,7,59.1,16.3,28.4,12.0,43.4,60.0,32.483333333333334,22.24166666666667,26.3125
2026-07-25 13:00:00,73.1,28.2,66,948.9,9.0,260,0.0,13,5,7,49.8,34.1,15.9,12.0,63.1,40.2,36.05,25.391666666666666,26.579166666666666
2026-07-25 14:00:00,75.4,27.2,71,949.5,8.8,253,0.0,14,5,7,73.1,59.1,41.1,12.0,58.9,30.5,45.583333333333336,30.483333333333334,26.995833333333334
2026-07-25 15:00:00,45.2,26.7,74,949.9,9.3,248,0.0,15,5,7,75.4,49.8,16.3,12.0,31.9,19.0,51.29999999999999,35.76666666666667,27.683333333333334
2026-07-25 16:00:00,53.4,26.4,75,950.5,10.3,258,0.0,16,5,7,45.2,73.1,34.1,12.0,28.2,24.6,56.11666666666667,38.53333333333334,28.2375
2026-07-25 17:00:00,59.9,26.0,76,950.8,10.4,259,0.0,17,5,7,53.4,75.4,59.1,12.0,24.1,57.3,59.333333333333336,41.983333333333334,29.287499999999998
2026-07-25 18:00:00,12.0,26.4,70,950.5,14.1,260,0.0,18,5,7,59.9,45.2,49.8,28.4,23.6,13.8,59.46666666666666,45.975,30.779166666666665
2026-07-25 19:00:00,12.0,25.8,73,950.1,15.0,266,0.0,19,5,7,12.0,53.4,73.1,15.9,19.7,26.1,53.166666666666664,44.60833333333334,30.295833333333334
2026-07-25 20:00:00,12.0,25.3,75,949.6,14.2,271,0.0,20,5,7,12.0,59.9,75.4,41.1,12.0,12.0,42.98333333333333,44.28333333333333,29.974999999999998
2026-07-25 21:00:00,12.0,24.8,78,949.3,14.4,267,0.0,21,5,7,12.0,12.0,45.2,16.3,35.7,12.0,32.416666666666664,41.85833333333333,29.974999999999998
2026-07-25 22:00:00,12.0,24.3,80,949.1,14.2,269,0.0,22,5,7,12.0,12.0,53.4,34.1,12.0,12.0,26.883333333333336,41.5,28.987499999999997
2026-07-25 23:00:00,12.0,24.0,81,949.7,14.4,271,0.0,23,5,7,12.0,12.0,59.9,59.1,12.0,12.0,19.983333333333334,39.65833333333333,28.987499999999997
2026-07-26 00:00:00,12.0,23.9,82,949.7,15.9,267,0.0,0,6,7,12.0,12.0,12.0,49.8,12.0,12.0,12.0,35.73333333333333,28.987499999999997
2026-07-26 01:00:00,12.0,23.8,83,950.6,13.9,269,0.0,1,6,7,12.0,12.0,12.0,73.1,12.0,12.0,12.0,32.583333333333336,28.987499999999997
2026-07-26 02:00:00,12.0,24.5,81,951.1,12.6,268,0.0,2,6,7,12.0,12.0,12.0,75.4,12.0,12.0,12.0,27.491666666666664,28.987499999999997
2026-07-26 03:00:00,12.0,26.0,74,951.0,18.7,272,0.0,3,6,7,12.0,12.0,12.0,45.2,12.0,12.0,12.0,22.208333333333332,28.987499999999997
2026-07-26 04:00:00,12.0,27.5,67,950.9,19.1,279,0.0,4,6,7,12.0,12.0,12.0,53.4,12.0,12.0,12.0,19.441666666666666,28.987499999999997
2026-07-26 05:00:00,12.6,28.5,62,951.1,17.7,287,0.0,5,6,7,12.0,12.0,12.0,59.9,12.0,12.0,12.0,15.991666666666667,28.987499999999997
2026-07-26 06:00:00,12.0,29.0,60,951.1,17.1,285,0.4,6,6,7,12.6,12.0,12.0,12.0,28.4,12.0,12.1,12.049999999999999,29.0125
2026-07-26 07:00:00,40.7,29.4,57,950.7,16.9,281,0.4,7,6,7,12.0,12.0,12.0,12.0,15.9,12.0,12.1,12.049999999999999,28.329166666666666
2026-07-26 08:00:00,32.2,30.0,60,950.0,15.2,266,0.7,8,6,7,40.7,12.6,12.0,12.0,41.1,44.8,16.883333333333336,14.441666666666668,29.3625
2026-07-26 09:00:00,36.7,28.1,71,949.0,12.9,298,2.0,9,6,7,32.2,12.0,12.0,12.0,16.3,30.4,20.25,16.125,28.991666666666664
2026-07-26 10:00:00,45.2,29.6,64,947.9,12.5,288,0.2,10,6,7,36.7,40.7,12.0,12.0,34.1,68.9,24.36666666666667,18.183333333333334,29.84166666666667
2026-07-26 11:00:00,59.1,28.0,71,947.9,16.1,300,1.6,11,6,7,45.2,32.2,12.6,12.0,59.1,32.1,29.900000000000002,20.95,30.30416666666667
2026-07-26 12:00:00,65.2,28.5,71,948.1,7.8,263,0.2,12,6,7,59.1,36.7,12.0,12.0,49.8,43.4,37.650000000000006,24.875,30.304166666666664
2026-07-26 13:00:00,66.6,28.0,73,948.6,8.9,276,0.1,13,6,7,65.2,45.2,40.7,12.0,73.1,63.1,46.51666666666667,29.308333333333337,30.945833333333336
2026-07-26 14:00:00,57.7,26.5,80,949.1,11.3,304,0.1,14,6,7,66.6,59.1,32.2,12.0,75.4,58.9,50.833333333333336,33.858333333333334,30.675
2026-07-26 15:00:00,53.5,25.3,89,949.9,9.7,289,0.4,15,6,7,57.7,65.2,36.7,12.0,45.2,31.9,55.083333333333336,37.666666666666664,29.9375
2026-07-26 16:00:00,29.3,25.3,88,950.6,10.1,272,0.1,16,6,7,53.5,66.6,45.2,12.0,53.4,28.2,57.88333333333333,41.125,30.28333333333333
2026-07-26 17:00:00,61.2,25.2,86,950.4,10.1,267,0.0,17,6,7,29.3,57.7,59.1,12.6,59.9,24.1,55.23333333333333,42.56666666666667,29.27916666666667
2026-07-26 18:00:00,35.1,24.0,93,949.8,13.9,260,0.0,18,6,7,61.2,53.5,65.2,12.0,12.0,23.6,55.583333333333336,46.61666666666667,29.333333333333332
2026-07-26 19:00:00,14.2,23.7,93,949.7,15.1,272,5.1,19,6,7,35.1,29.3,66.6,40.7,12.0,19.7,50.56666666666666,48.541666666666664,30.295833333333334
2026-07-26 20:00:00,12.0,23.5,92,949.1,17.5,270,3.0,20,6,7,14.2,61.2,57.7,32.2,12.0,12.0,41.833333333333336,46.33333333333334,30.387500000000003
2026-07-26 21:00:00,12.0,23.3,92,948.6,18.4,269,2.1,21,6,7,12.0,35.1,53.5,36.7,12.0,35.7,34.21666666666667,44.650000000000006,30.387500000000003
2026-07-26 22:00:00,12.0,23.2,92,948.1,18.0,266,1.7,22,6,7,12.0,14.2,29.3,45.2,12.0,12.0,27.3,42.59166666666667,30.387500000000003
2026-07-26 23:00:00,12.0,23.0,92,948.3,17.6,271,1.4,23,6,7,12.0,12.0,61.2,59.1,12.0,12.0,24.416666666666668,39.824999999999996,30.387500000000003
2026-07-27 00:00:00,12.0,23.8,86,948.6,17.3,271,1.3,0,0,7,12.0,12.0,35.1,65.2,12.0,12.0,16.216666666666665,35.9,30.387500000000003
2026-07-27 01:00:00,12.0,23.8,86,949.1,16.8,273,0.0,1,0,7,12.0,12.0,14.2,66.6,12.0,12.0,12.366666666666667,31.46666666666667,30.387500000000003
2026-07-27 02:00:00,12.0,24.3,85,949.6,14.3,274,0.0,2,0,7,12.0,12.0,12.0,57.7,12.0,12.0,12.0,26.916666666666668,30.387500000000003
2026-07-27 03:00:00,12.0,25.0,81,949.6,15.2,274,0.0,3,0,7,12.0,12.0,12.0,53.5,12.0,12.0,12.0,23.108333333333334,30.387500000000003
2026-07-27 04:00:00,27.2,25.1,82,950.1,13.5,272,0.0,4,0,7,12.0,12.0,12.0,29.3,12.0,12.0,12.0,19.650000000000002,30.387500000000003
2026-07-27 05:00:00,34.6,25.7,79,950.9,15.2,277,0.0,5,0,7,27.2,12.0,12.0,61.2,12.6,12.0,14.533333333333331,19.474999999999998,31.020833333333332
2026-07-27 06:00:00,33.8,25.7,80,950.4,10.7,275,0.2,6,0,7,34.6,12.0,12.0,35.1,12.0,28.4,18.3,17.258333333333336,31.9375
2026-07-27 07:00:00,44.0,26.3,77,950.0,12.4,272,0.1,7,0,7,33.8,27.2,12.0,14.2,40.7,15.9,21.933333333333334,17.15,32.84583333333334
2026-07-27 08:00:00,14.2,27.5,71,949.2,13.9,274,0.1,8,0,7,44.0,34.6,12.0,12.0,32.2,41.1,27.266666666666666,19.633333333333333,32.983333333333334
2026-07-27 09:00:00,44.5,29.0,65,948.2,15.9,273,0.2,9,0,7,14.2,33.8,12.0,12.0,36.7,16.3,27.63333333333333,19.816666666666666,32.233333333333334
2026-07-27 10:00:00,62.6,28.8,67,947.3,15.5,267,0.3,10,0,7,44.5,44.0,27.2,12.0,45.2,34.1,33.050000000000004,22.525000000000002,32.55833333333333
2026-07-27 11:00:00,52.3,28.9,66,946.7,16.6,261,0.1,11,0,7,62.6,14.2,34.6,12.0,59.1,59.1,38.95,26.741666666666664,33.28333333333333
2026-07-27 12:00:00,55.4,26.8,80,947.2,11.4,286,0.0,12,0,7,52.3,44.5,33.8,12.0,65.2,49.8,41.9,30.099999999999998,33.0
2026-07-27 13:00:00,52.0,26.2,85,947.6,11.2,274,0.7,13,0,7,55.4,62.6,44.0,12.0,66.6,73.1,45.5,33.71666666666667,32.59166666666667
2026-07-27 14:00:00,56.8,25.9,88,947.7,9.4,247,0.1,14,0,7,52.0,52.3,14.2,12.0,57.7,75.4,46.833333333333336,37.050000000000004,31.98333333333333
2026-07-27 15:00:00,55.8,25.6,87,949.1,12.1,260,0.1,15,0,7,56.8,55.4,44.5,12.0,53.5,45.2,53.93333333333334,40.78333333333333,31.945833333333336
2026-07-27 16:00:00,47.6,25.2,87,949.3,11.3,261,0.0,16,0,7,55.8,52.0,62.6,27.2,29.3,53.4,55.81666666666666,44.43333333333334,32.041666666666664
2026-07-27 17:00:00,32.7,24.9,87,949.4,13.6,255,0.0,17,0,7,47.6,56.8,52.3,34.6,61.2,59.9,53.31666666666666,46.13333333333333,32.80416666666667
2026-07-27 18:00:00,20.6,25.1,84,949.5,14.6,261,0.0,18,0,7,32.7,55.8,55.4,33.8,35.1,12.0,50.04999999999999,45.974999999999994,31.61666666666667
2026-07-27 19:00:00,17.4,23.5,89,948.8,13.4,256,0.2,19,0,7,20.6,47.6,52.0,44.0,14.2,12.0,44.25,44.875,31.0125
2026-07-27 20:00:00,36.8,23.4,91,948.0,13.3,260,0.3,20,0,7,17.4,32.7,56.8,14.2,12.0,12.0,38.483333333333334,42.65833333333333,31.145833333333332
2026-07-27 21:00:00,12.0,23.2,92,947.5,13.5,258,0.2,21,0,7,36.8,20.6,55.8,44.5,12.0,12.0,35.15,44.541666666666664,32.17916666666667
2026-07-27 22:00:00,12.0,23.3,91,947.4,13.9,259,0.1,22,0,7,12.0,17.4,47.6,62.6,12.0,12.0,27.849999999999998,41.833333333333336,32.17916666666667
2026-07-27 23:00:00,12.0,23.5,90,947.3,15.4,256,0.0,23,0,7,12.0,36.8,32.7,52.3,12.0,12.0,21.916666666666668,37.61666666666667,32.17916666666667
2026-07-28 00:00:00,12.0,24.0,88,947.7,16.8,264,0.1,0,1,7,12.0,12.0,20.6,55.4,12.0,12.0,18.466666666666665,34.25833333333333,32.17916666666667
2026-07-28 01:00:00,12.0,24.0,86,948.0,16.1,264,0.0,1,1,7,12.0,12.0,17.4,52.0,12.0,12.0,17.03333333333333,30.64166666666667,32.17916666666667
2026-07-28 02:00:00,12.0,24.6,84,948.4,12.7,264,0.0,2,1,7,12.0,12.0,36.8,56.8,12.0,12.0,16.13333333333333,27.308333333333337,32.17916666666667
2026-07-28 03:00:00,12.0,26.1,76,948.7,20.1,263,0.0,3,1,7,12.0,12.0,12.0,55.8,12.0,12.0,12.0,23.575000000000003,32.17916666666667
2026-07-28 04:00:00,12.0,27.2,72,948.8,18.4,267,0.0,4,1,7,12.0,12.0,12.0,47.6,27.2,12.0,12.0,19.925,32.17916666666667
2026-07-28 05:00:00,12.0,27.9,68,949.0,18.9,271,0.2,5,1,7,12.0,12.0,12.0,32.7,34.6,12.6,12.0,16.958333333333332,31.545833333333334
2026-07-28 06:00:00,12.0,28.6,63,949.0,20.0,275,0.1,6,1,7,12.0,12.0,12.0,20.6,33.8,12.0,12.0,15.233333333333333,30.604166666666668
2026-07-28 07:00:00,12.0,29.5,59,948.5,20.2,273,0.2,7,1,7,12.0,12.0,12.0,17.4,44.0,40.7,12.0,14.516666666666666,29.69583333333333
2026-07-28 08:00:00,18.9,30.3,60,948.0,17.9,264,0.1,8,1,7,12.0,12.0,12.0,36.8,14.2,32.2,12.0,14.066666666666665,28.362499999999997
2026-07-28 09:00:00,17.8,29.7,63,946.9,17.6,271,0.3,9,1,7,18.9,12.0,12.0,12.0,44.5,36.7,13.15,12.575000000000001,28.558333333333334
2026-07-28 10:00:00,50.9,28.7,68,946.2,13.1,270,0.6,10,1,7,17.8,12.0,12.0,12.0,62.6,45.2,14.116666666666667,13.058333333333335,27.445833333333336
2026-07-28 11:00:00,60.3,28.7,71,946.0,13.0,280,0.4,11,1,7,50.9,18.9,12.0,12.0,52.3,59.1,20.599999999999998,16.3,26.958333333333332
2026-07-28 12:00:00,29.1,25.4,86,946.6,16.0,277,2.3,12,1,7,60.3,17.8,12.0,12.0,55.4,65.2,28.649999999999995,20.325,27.291666666666668
2026-07-28 13:00:00,63.9,24.9,90,946.8,12.4,268,0.9,13,1,7,29.1,50.9,12.0,12.0,52.0,66.6,31.5,21.75,26.19583333333333
2026-07-28 14:00:00,15.2,24.3,89,947.3,16.6,258,0.3,14,1,7,63.9,60.3,18.9,12.0,56.8,57.7,40.15,26.075,26.691666666666666
2026-07-28 15:00:00,43.8,23.6,90,947.9,16.7,271,0.3,15,1,7,15.2,29.1,17.8,12.0,55.8,53.5,39.53333333333333,26.34166666666667,24.958333333333332
2026-07-28 16:00:00,35.8,24.0,90,948.0,16.4,270,0.2,16,1,7,43.8,63.9,50.9,12.0,47.6,29.3,43.86666666666667,28.991666666666664,24.458333333333332
2026-07-28 17:00:00,12.0,24.1,91,948.3,18.0,274,0.6,17,1,7,35.8,15.2,60.3,12.0,32.7,61.2,41.35,30.974999999999998,23.96666666666667
2026-07-28 18:00:00,32.9,23.8,94,948.2,17.6,269,0.6,18,1,7,12.0,43.8,29.1,12.0,20.6,35.1,33.300000000000004,30.974999999999998,23.104166666666668
2026-07-28 19:00:00,12.0,23.6,94,947.7,18.2,272,1.6,19,1,7,32.9,35.8,63.9,12.0,17.4,14.2,33.93333333333333,32.71666666666667,23.61666666666667
2026-07-28 20:00:00,12.0,23.6,95,946.8,19.1,267,1.2,20,1,7,12.0,12.0,15.2,18.9,36.8,12.0,25.28333333333333,32.71666666666667,23.391666666666666
2026-07-28 21:00:00,12.0,23.3,94,946.4,17.6,264,0.7,21,1,7,12.0,32.9,43.8,17.8,12.0,12.0,24.75,32.14166666666667,22.358333333333334
2026-07-28 22:00:00,12.0,23.2,94,946.7,16.5,264,0.5,22,1,7,12.0,12.0,35.8,50.9,12.0,12.0,19.45,31.658333333333335,22.358333333333334
2026-07-28 23:00:00,12.0,23.1,95,946.5,17.0,265,0.5,23,1,7,12.0,12.0,12.0,60.3,12.0,12.0,15.483333333333334,28.416666666666668,22.358333333333334
2026-07-29 00:00:00,12.0,23.0,94,946.3,19.5,265,0.4,0,2,7,12.0,12.0,32.9,29.1,12.0,12.0,15.483333333333334,24.39166666666667,22.358333333333334
2026-07-29 01:00:00,12.0,22.9,94,946.4,18.4,268,0.7,1,2,7,12.0,12.0,12.0,63.9,12.0,12.0,12.0,22.96666666666667,22.358333333333334
2026-07-29 02:00:00,12.0,23.1,93,947.4,18.5,269,0.6,2,2,7,12.0,12.0,12.0,15.2,12.0,12.0,12.0,18.641666666666666,22.358333333333334
2026-07-29 03:00:00,12.0,23.4,93,947.6,19.8,270,0.8,3,2,7,12.0,12.0,12.0,43.8,12.0,12.0,12.0,18.375,22.358333333333334
2026-07-29 04:00:00,19.3,23.6,92,947.7,19.3,269,0.9,4,2,7,12.0,12.0,12.0,35.8,12.0,27.2,12.0,15.725,22.358333333333334
2026-07-29 05:00:00,12.0,23.9,91,947.8,18.0,273,1.3,5,2,7,19.3,12.0,12.0,12.0,12.0,34.6,13.216666666666667,14.35,22.662499999999998
2026-07-29 06:00:00,12.0,24.0,91,947.9,16.6,271,0.8,6,2,7,12.0,12.0,12.0,32.9,12.0,33.8,13.216666666666667,14.35,22.662499999999998
2026-07-29 07:00:00,12.0,24.5,88,947.3,17.3,270,0.8,7,2,7,12.0,19.3,12.0,12.0,12.0,44.0,13.216666666666667,12.608333333333334,22.662499999999998
2026-07-29 08:00:00,31.6,25.2,87,946.7,15.4,265,0.8,8,2,7,12.0,12.0,12.0,12.0,18.9,14.2,13.216666666666667,12.608333333333334,22.662499999999998
2026-07-29 09:00:00,46.3,25.1,86,945.6,15.8,270,0.4,9,2,7,31.6,12.0,12.0,12.0,17.8,44.5,16.483333333333334,14.241666666666667,23.191666666666666
2026-07-29 10:00:00,44.7,25.5,83,945.1,16.9,272,0.2,10,2,7,46.3,12.0,19.3,12.0,50.9,62.6,22.2,17.099999999999998,24.379166666666663
2026-07-29 11:00:00,49.7,25.4,84,944.4,15.8,268,0.7,11,2,7,44.7,31.6,12.0,12.0,60.3,52.3,26.433333333333337,19.825,24.120833333333334
2026-07-29 12:00:00,48.2,24.9,89,945.0,15.7,267,1.2,12,2,7,49.7,46.3,12.0,12.0,29.1,55.4,32.71666666666667,22.96666666666667,23.67916666666667
2026-07-29 13:00:00,67.5,24.1,91,945.2,16.1,260,4.1,13,2,7,48.2,44.7,12.0,12.0,63.9,52.0,38.75,25.983333333333334,24.474999999999998
2026-07-29 14:00:00,50.3,22.7,94,945.6,18.0,262,2.0,14,2,7,67.5,49.7,31.6,12.0,15.2,56.8,48.0,30.608333333333334,24.625
2026-07-29 15:00:00,33.8,23.2,94,946.2,17.3,266,1.9,15,2,7,50.3,48.2,46.3,12.0,43.8,55.8,51.11666666666667,33.800000000000004,26.087500000000002
2026-07-29 16:00:00,21.6,23.5,94,946.4,18.4,268,1.3,16,2,7,33.8,67.5,44.7,19.3,35.8,47.6,49.03333333333333,35.61666666666667,25.670833333333334
2026-07-29 17:00:00,16.8,23.7,93,946.3,20.2,270,0.7,17,2,7,21.6,50.3,49.7,12.0,12.0,32.7,45.18333333333333,35.80833333333333,25.079166666666666
2026-07-29 18:00:00,12.0,23.5,94,946.0,19.8,269,0.8,18,2,7,16.8,33.8,48.2,12.0,32.9,20.6,39.699999999999996,36.208333333333336,25.279166666666665
2026-07-29 19:00:00,12.0,23.6,92,945.6,19.4,269,0.2,19,2,7,12.0,21.6,67.5,12.0,12.0,17.4,33.666666666666664,36.208333333333336,24.40833333333333
2026-07-29 20:00:00,12.0,23.5,91,944.7,20.3,272,0.3,20,2,7,12.0,16.8,50.3,31.6,12.0,36.8,24.416666666666668,36.208333333333336,24.40833333333333
2026-07-29 21:00:00,12.0,23.4,92,944.1,20.7,269,0.3,21,2,7,12.0,12.0,33.8,46.3,12.0,12.0,18.033333333333335,34.574999999999996,24.40833333333333
2026-07-29 22:00:00,12.0,23.3,90,943.5,20.5,269,0.1,22,2,7,12.0,12.0,21.6,44.7,12.0,12.0,14.4,31.71666666666667,24.40833333333333
2026-07-29 23:00:00,12.0,23.3,89,943.1,20.5,268,0.0,23,2,7,12.0,12.0,16.8,49.7,12.0,12.0,12.800000000000002,28.991666666666664,24.40833333333333
2026-07-30 00:00:00,12.0,23.6,89,943.4,20.2,267,0.0,0,3,7,12.0,12.0,12.0,48.2,12.0,12.0,12.0,25.849999999999998,24.40833333333333
2026-07-30 01:00:00,12.0,23.4,90,943.9,19.9,264,0.2,1,3,7,12.0,12.0,12.0,67.5,12.0,12.0,12.0,22.833333333333332,24.40833333333333
2026-07-30 02:00:00,12.0,23.5,90,944.1,19.4,262,0.1,2,3,7,12.0,12.0,12.0,50.3,12.0,12.0,12.0,18.208333333333332,24.40833333333333
2026-07-30 03:00:00,12.0,23.7,89,944.0,22.0,265,0.3,3,3,7,12.0,12.0,12.0,33.8,12.0,12.0,12.0,15.016666666666666,24.40833333333333
2026-07-30 04:00:00,12.0,23.4,93,944.2,24.3,269,3.7,4,3,7,12.0,12.0,12.0,21.6,19.3,12.0,12.0,13.200000000000001,24.40833333333333
2026-07-30 05:00:00,12.0,23.8,92,944.1,23.6,266,1.2,5,3,7,12.0,12.0,12.0,16.8,12.0,12.0,12.0,12.4,24.104166666666668
2026-07-30 06:00:00,12.0,24.0,90,944.7,21.0,264,0.5,6,3,7,12.0,12.0,12.0,12.0,12.0,12.0,12.0,12.0,24.104166666666668
2026-07-30 07:00:00,38.8,24.4,87,944.6,19.2,264,0.9,7,3,7,12.0,12.0,12.0,12.0,12.0,12.0,12.0,12.0,24.104166666666668
2026-07-30 08:00:00,12.0,25.0,83,944.1,19.4,271,1.0,8,3,7,38.8,12.0,12.0,12.0,31.6,18.9,16.466666666666665,14.233333333333334,25.220833333333335
2026-07-30 09:00:00,50.7,24.9,83,943.4,17.3,268,1.5,9,3,7,12.0,12.0,12.0,12.0,46.3,17.8,16.466666666666665,14.233333333333334,24.40416666666667
2026-07-30 10:00:00,29.8,24.6,87,942.7,18.5,263,1.1,10,3,7,50.7,38.8,12.0,12.0,44.7,50.9,22.916666666666668,17.458333333333332,24.587500000000002
2026-07-30 11:00:00,35.1,24.8,87,942.0,18.3,263,0.6,11,3,7,29.8,12.0,12.0,12.0,49.7,60.3,25.883333333333336,18.941666666666666,23.96666666666667
2026-07-30 12:00:00,65.4,24.9,86,942.7,17.1,262,0.5,12,3,7,35.1,50.7,12.0,12.0,48.2,29.1,29.733333333333334,20.866666666666667,23.35833333333333
2026-07-30 13:00:00,22.5,24.5,88,943.0,17.6,259,0.7,13,3,7,65.4,29.8,38.8,12.0,67.5,63.9,38.63333333333333,25.316666666666666,24.075000000000003
2026-07-30 14:00:00,18.7,24.2,89,943.5,17.5,258,0.7,14,3,7,22.5,35.1,12.0,12.0,50.3,15.2,35.916666666666664,26.191666666666666,22.200000000000003
2026-07-30 15:00:00,26.1,23.8,89,944.0,16.9,254,0.3,15,3,7,18.7,65.4,50.7,12.0,33.8,43.8,37.03333333333333,26.75,20.883333333333336
2026-07-30 16:00:00,23.1,24.0,89,944.5,16.2,253,0.3,16,3,7,26.1,22.5,29.8,12.0,21.6,35.8,32.93333333333334,27.925,20.5625
2026-07-30 17:00:00,31.8,24.1,88,945.1,16.2,244,0.1,17,3,7,23.1,18.7,35.1,12.0,16.8,12.0,31.816666666666666,28.849999999999998,20.625
2026-07-30 18:00:00,12.0,23.7,90,944.8,16.8,238,0.5,18,3,7,31.8,26.1,65.4,12.0,12.0,32.9,31.26666666666667,30.5,21.250000000000004
2026-07-30 19:00:00,12.0,23.6,90,944.2,18.6,240,0.4,19,3,7,12.0,23.1,22.5,38.8,12.0,12.0,22.366666666666664,30.5,21.250000000000004
2026-07-30 20:00:00,12.0,23.4,90,943.7,19.3,245,0.4,20,3,7,12.0,31.8,18.7,12.0,12.0,12.0,20.616666666666667,28.266666666666666,21.250000000000004
2026-07-30 21:00:00,12.0,23.4,90,943.3,18.0,243,0.1,21,3,7,12.0,12.0,26.1,50.7,12.0,12.0,19.5,28.266666666666666,21.250000000000004
2026-07-30 22:00:00,12.0,23.5,89,943.3,18.7,241,0.1,22,3,7,12.0,12.0,23.1,29.8,12.0,12.0,17.150000000000002,25.041666666666668,21.250000000000004
2026-07-30 23:00:00,12.0,23.3,90,943.2,19.7,242,0.3,23,3,7,12.0,12.0,31.8,35.1,12.0,12.0,15.299999999999999,23.558333333333334,21.250000000000004
2026-07-31 00:00:00,12.0,23.8,85,943.4,19.7,246,0.2,0,4,7,12.0,12.0,12.0,65.4,12.0,12.0,12.0,21.633333333333336,21.250000000000004
2026-07-31 01:00:00,12.0,23.8,85,943.9,19.1,244,0.0,1,4,7,12.0,12.0,12.0,22.5,12.0,12.0,12.0,17.183333333333334,21.250000000000004
2026-07-31 02:00:00,12.0,24.4,83,944.7,18.8,244,0.0,2,4,7,12.0,12.0,12.0,18.7,12.0,12.0,12.0,16.308333333333334,21.250000000000004
2026-07-31 03:00:00,12.0,25.5,79,944.8,18.9,245,0.0,3,4,7,12.0,12.0,12.0,26.1,12.0,12.0,12.0,15.75,21.250000000000004
2026-07-31 04:00:00,12.0,27.5,68,945.4,24.2,250,0.0,4,4,7,12.0,12.0,12.0,23.1,12.0,19.3,12.0,14.574999999999998,21.250000000000004
2026-07-31 05:00:00,12.0,28.7,62,945.6,24.1,254,0.0,5,4,7,12.0,12.0,12.0,31.8,12.0,12.0,12.0,13.65,21.250000000000004
2026-07-31 06:00:00,12.0,28.6,63,945.8,23.7,255,0.0,6,4,7,12.0,12.0,12.0,12.0,12.0,12.0,12.0,12.0,21.250000000000004
2026-07-31 07:00:00,14.0,27.6,67,945.8,21.8,252,0.1,7,4,7,12.0,12.0,12.0,12.0,38.8,12.0,12.0,12.0,21.250000000000004
2026-07-31 08:00:00,26.8,28.6,63,945.3,20.9,247,0.1,8,4,7,14.0,12.0,12.0,12.0,12.0,31.6,12.333333333333334,12.166666666666666,20.21666666666667
2026-07-31 09:00:00,22.9,29.2,61,944.4,19.9,246,0.3,9,4,7,26.8,12.0,12.0,12.0,50.7,46.3,14.799999999999999,13.399999999999999,20.833333333333336
2026-07-31 10:00:00,32.6,29.4,61,943.7,18.2,252,0.4,10,4,7,22.9,14.0,12.0,12.0,29.8,44.7,16.616666666666667,14.308333333333335,19.675
2026-07-31 11:00:00,44.9,28.7,66,943.4,15.1,250,0.2,11,4,7,32.6,26.8,12.0,12.0,35.1,49.7,20.05,16.025,19.791666666666668
2026-07-31 12:00:00,59.5,27.2,75,944.2,13.7,240,0.0,12,4,7,44.9,22.9,12.0,12.0,65.4,48.2,25.53333333333333,18.76666666666667,20.2
2026-07-31 13:00:00,43.8,26.2,77,945.0,14.6,241,0.1,13,4,7,59.5,32.6,14.0,12.0,22.5,67.5,33.449999999999996,22.724999999999998,19.954166666666666
2026-07-31 14:00:00,45.2,25.6,82,946.0,15.2,243,0.0,14,4,7,43.8,44.9,26.8,12.0,18.7,50.3,38.416666666666664,25.375,20.841666666666665
2026-07-31 15:00:00,48.2,25.2,82,946.7,12.6,237,0.0,15,4,7,45.2,59.5,22.9,12.0,26.1,33.8,41.48333333333333,28.141666666666666,21.94583333333333
2026-07-31 16:00:00,52.4,24.9,85,947.4,10.8,232,0.0,16,4,7,48.2,43.8,32.6,12.0,23.1,21.6,45.699999999999996,31.15833333333333,22.86666666666667
2026-07-31 17:00:00,43.3,24.6,87,948.0,11.1,233,0.0,17,4,7,52.4,45.2,44.9,12.0,31.8,16.8,49.0,34.525,24.087500000000002
2026-07-31 18:00:00,12.0,24.6,87,947.6,13.5,237,0.0,18,4,7,43.3,48.2,59.5,12.0,12.0,12.0,48.73333333333333,37.13333333333333,24.566666666666666
2026-07-31 19:00:00,20.2,24.5,86,947.0,13.4,238,0.0,19,4,7,12.0,52.4,43.8,14.0,12.0,12.0,40.81666666666667,37.13333333333333,24.566666666666666
2026-07-31 20:00:00,12.0,24.5,83,946.2,14.4,244,0.0,20,4,7,20.2,43.3,45.2,26.8,12.0,12.0,36.88333333333333,37.65,24.908333333333335
2026-07-31 21:00:00,12.0,24.2,84,946.0,13.0,243,0.0,21,4,7,12.0,12.0,48.2,22.9,12.0,12.0,31.349999999999998,36.416666666666664,24.908333333333335
2026-07-31 22:00:00,12.0,24.1,85,946.1,11.8,244,0.0,22,4,7,12.0,20.2,52.4,32.6,12.0,12.0,25.316666666666663,35.50833333333333,24.908333333333335
2026-07-31 23:00:00,12.0,23.9,85,946.3,11.0,246,0.0,23,4,7,12.0,12.0,43.3,44.9,12.0,12.0,18.583333333333332,33.791666666666664,24.908333333333335
2026-08-01 00:00:00,12.0,24.0,85,946.8,11.7,253,0.0,0,5,8,12.0,12.0,12.0,59.5,12.0,12.0,13.366666666666667,31.049999999999997,24.908333333333335
2026-08-01 01:00:00,12.0,24.0,86,947.4,12.2,251,0.0,1,5,8,12.0,12.0,20.2,43.8,12.0,12.0,13.366666666666667,27.091666666666665,24.908333333333335
2026-08-01 02:00:00,12.0,24.5,84,948.2,11.2,251,0.0,2,5,8,12.0,12.0,12.0,45.2,12.0,12.0,12.0,24.441666666666663,24.908333333333335
2026-08-01 03:00:00,12.0,25.6,78,948.5,16.3,257,0.0,3,5,8,12.0,12.0,12.0,48.2,12.0,12.0,12.0,21.674999999999997,24.908333333333335
2026-08-01 04:00:00,12.0,26.8,72,948.9,16.4,257,0.1,4,5,8,12.0,12.0,12.0,52.4,12.0,12.0,12.0,18.658333333333335,24.908333333333335
2026-08-01 05:00:00,12.0,27.8,67,948.9,14.3,263,0.3,5,5,8,12.0,12.0,12.0,43.3,12.0,12.0,12.0,15.291666666666666,24.908333333333335
2026-08-01 06:00:00,23.7,28.5,64,948.7,17.2,260,0.3,6,5,8,12.0,12.0,12.0,12.0,12.0,12.0,12.0,12.683333333333332,24.908333333333335
2026-08-01 07:00:00,37.6,29.5,60,948.3,16.7,258,0.1,7,5,8,23.7,12.0,12.0,20.2,14.0,38.8,13.949999999999998,13.658333333333331,25.395833333333332
2026-08-01 08:00:00,55.5,30.2,57,947.9,16.3,259,0.2,8,5,8,37.6,12.0,12.0,12.0,26.8,12.0,18.216666666666665,15.108333333333334,26.379166666666666
2026-08-01 09:00:00,35.0,30.1,57,946.8,15.3,257,0.3,9,5,8,55.5,23.7,12.0,12.0,22.9,50.7,25.46666666666667,18.733333333333334,27.575
2026-08-01 10:00:00,56.3,30.3,56,946.5,15.2,254,0.2,10,5,8,35.0,37.6,12.0,12.0,32.6,29.8,29.3,20.650000000000002,28.079166666666666
2026-08-01 11:00:00,54.9,29.7,60,946.0,12.4,254,0.1,11,5,8,56.3,55.5,12.0,12.0,44.9,35.1,36.68333333333333,24.34166666666667,29.066666666666663
2026-08-01 12:00:00,52.9,28.9,66,946.6,9.5,241,0.0,12,5,8,54.9,35.0,23.7,12.0,59.5,65.4,43.833333333333336,27.916666666666668,29.483333333333334
2026-08-01 13:00:00,74.7,28.1,70,947.2,9.0,233,0.0,13,5,8,52.9,56.3,37.6,12.0,43.8,22.5,48.699999999999996,31.325,29.208333333333332
2026-08-01 14:00:00,82.6,27.1,75,947.7,7.9,237,0.0,14,5,8,74.7,54.9,55.5,12.0,45.2,18.7,54.883333333333326,36.550000000000004,30.495833333333337
2026-08-01 15:00:00,60.2,26.5,76,948.7,9.8,250,0.2,15,5,8,82.6,52.9,35.0,12.0,48.2,26.1,59.4,42.43333333333333,32.05416666666667
2026-08-01 16:00:00,57.4,25.9,79,949.5,10.5,248,0.2,16,5,8,60.2,74.7,56.3,12.0,52.4,23.1,63.599999999999994,46.449999999999996,32.55416666666667
2026-08-01 17:00:00,46.3,25.3,80,950.0,11.3,243,0.0,17,5,8,57.4,82.6,54.9,12.0,43.3,31.8,63.78333333333333,50.23333333333333,32.762499999999996
2026-08-01 18:00:00,27.8,25.2,83,949.8,9.7,241,0.0,18,5,8,46.3,60.2,52.9,23.7,12.0,12.0,62.349999999999994,53.09166666666667,32.887499999999996
2026-08-01 19:00:00,22.6,25.3,82,949.4,12.6,243,0.0,19,5,8,27.8,57.4,74.7,37.6,20.2,12.0,58.166666666666664,53.43333333333333,33.545833333333334
2026-08-01 20:00:00,12.0,25.2,80,949.0,14.2,255,0.0,20,5,8,22.6,46.3,82.6,55.5,12.0,12.0,49.48333333333333,52.18333333333334,33.645833333333336
2026-08-01 21:00:00,12.0,25.1,77,948.7,14.6,261,0.0,21,5,8,12.0,27.8,60.2,35.0,12.0,12.0,37.71666666666667,48.55833333333334,33.645833333333336
2026-08-01 22:00:00,12.0,24.8,79,949.2,14.2,266,0.0,22,5,8,12.0,22.6,57.4,56.3,12.0,12.0,29.683333333333337,46.64166666666667,33.645833333333336
2026-08-01 23:00:00,12.0,24.4,81,949.2,12.6,268,0.0,23,5,8,12.0,12.0,46.3,54.9,12.0,12.0,22.11666666666667,42.949999999999996,33.645833333333336
2026-08-02 00:00:00,12.0,23.9,84,949.7,13.4,262,0.0,0,6,8,12.0,12.0,27.8,52.9,12.0,12.0,16.4,39.375,33.645833333333336
2026-08-02 01:00:00,12.0,24.0,84,950.0,13.6,262,0.0,1,6,8,12.0,12.0,22.6,74.7,12.0,12.0,13.766666666666666,35.96666666666667,33.645833333333336
2026-08-02 02:00:00,12.0,24.5,82,950.7,12.7,263,0.0,2,6,8,12.0,12.0,12.0,82.6,12.0,12.0,12.0,30.741666666666664,33.645833333333336
2026-08-02 03:00:00,12.0,25.6,77,950.5,16.7,268,0.0,3,6,8,12.0,12.0,12.0,60.2,12.0,12.0,12.0,24.858333333333334,33.645833333333336
2026-08-02 04:00:00,12.0,27.4,69,950.9,16.4,271,0.0,4,6,8,12.0,12.0,12.0,57.4,12.0,12.0,12.0,20.84166666666667,33.645833333333336
2026-08-02 05:00:00,12.0,28.5,64,951.0,17.7,275,0.0,5,6,8,12.0,12.0,12.0,46.3,12.0,12.0,12.0,17.058333333333334,33.645833333333336
2026-08-02 06:00:00,27.1,28.9,61,951.2,15.3,278,0.1,6,6,8,12.0,12.0,12.0,27.8,23.7,12.0,12.0,14.200000000000001,33.645833333333336
2026-08-02 07:00:00,38.0,29.8,57,950.9,14.5,284,0.1,7,6,8,27.1,12.0,12.0,22.6,37.6,14.0,14.516666666666667,14.141666666666667,33.7875
2026-08-02 08:00:00,44.2,30.6,53,950.3,15.3,282,0.3,8,6,8,38.0,12.0,12.0,12.0,55.5,26.8,18.85,15.424999999999999,33.80416666666667
2026-08-02 09:00:00,46.7,29.9,58,949.4,14.3,280,0.3,9,6,8,44.2,27.1,12.0,12.0,35.0,22.9,24.21666666666667,18.108333333333334,33.333333333333336
2026-08-02 10:00:00,40.9,30.3,56,948.6,11.6,294,0.1,10,6,8,46.7,38.0,12.0,12.0,56.3,32.6,30.0,21.0,33.82083333333333
2026-08-02 11:00:00,82.8,30.2,57,947.8,11.1,292,0.2,11,6,8,40.9,44.2,12.0,12.0,54.9,44.9,34.81666666666667,23.40833333333333,33.17916666666667
2026-08-02 12:00:00,70.9,28.8,66,948.5,8.2,279,0.1,12,6,8,82.8,46.7,27.1,12.0,52.9,59.5,46.616666666666674,29.308333333333334,34.34166666666666
2026-08-02 13:00:00,48.0,27.4,75,949.4,10.0,287,0.1,13,6,8,70.9,40.9,38.0,12.0,74.7,43.8,53.916666666666664,34.21666666666667,35.09166666666667
2026-08-02 14:00:00,85.2,26.4,82,949.7,6.5,275,0.0,14,6,8,48.0,82.8,44.2,12.0,82.6,45.2,55.583333333333336,37.21666666666667,33.979166666666664
2026-08-02 15:00:00,48.6,26.3,83,950.4,7.7,246,0.0,15,6,8,85.2,70.9,46.7,12.0,60.2,48.2,62.416666666666664,43.31666666666666,34.0875
2026-08-02 16:00:00,66.5,26.0,83,951.1,8.1,258,0.0,16,6,8,48.6,48.0,40.9,12.0,57.4,52.4,62.73333333333333,46.36666666666667,33.604166666666664
2026-08-02 17:00:00,43.4,25.6,84,951.6,9.3,254,0.0,17,6,8,66.5,85.2,82.8,12.0,46.3,43.3,67.0,50.90833333333333,33.983333333333334
2026-08-02 18:00:00,24.8,25.3,81,951.1,12.1,267,0.0,18,6,8,43.4,48.6,70.9,27.1,27.8,12.0,60.43333333333334,53.525,33.862500000000004
2026-08-02 19:00:00,12.0,24.5,84,950.7,11.6,263,0.0,19,6,8,24.8,66.5,48.0,38.0,22.6,20.2,52.75000000000001,53.333333333333336,33.737500000000004
2026-08-02 20:00:00,12.0,24.3,85,950.3,11.2,264,0.0,20,6,8,12.0,43.4,85.2,44.2,12.0,12.0,46.75,51.166666666666664,33.295833333333334
2026-08-02 21:00:00,30.1,24.0,88,949.9,11.2,264,0.0,21,6,8,12.0,24.8,48.6,46.7,12.0,12.0,34.55,48.48333333333334,33.295833333333334
2026-08-02 22:00:00,12.0,23.8,89,950.0,12.6,267,0.0,22,6,8,30.1,12.0,66.5,40.9,12.0,12.0,31.46666666666667,47.1,34.05
2026-08-02 23:00:00,12.0,23.5,91,950.3,12.4,272,0.3,23,6,8,12.0,12.0,43.4,82.8,12.0,12.0,22.383333333333336,44.69166666666667,34.05
2026-08-03 00:00:00,12.0,23.7,91,950.5,10.3,268,0.5,0,0,8,12.0,30.1,24.8,70.9,12.0,12.0,17.15,38.791666666666664,34.05
2026-08-03 01:00:00,12.0,23.7,90,950.8,10.8,270,0.0,1,0,8,12.0,12.0,12.0,48.0,12.0,12.0,15.016666666666666,33.88333333333333,34.05
2026-08-03 02:00:00,12.0,24.5,87,951.6,11.7,271,0.1,2,0,8,12.0,12.0,12.0,85.2,12.0,12.0,15.016666666666666,30.883333333333336,34.05
2026-08-03 03:00:00,12.0,25.5,82,952.0,13.5,267,0.1,3,0,8,12.0,12.0,30.1,48.6,12.0,12.0,15.016666666666666,24.78333333333333,34.05
2026-08-03 04:00:00,12.0,27.0,72,952.4,15.0,276,0.0,4,0,8,12.0,12.0,12.0,66.5,12.0,12.0,12.0,21.733333333333334,34.05
2026-08-03 05:00:00,12.0,28.1,68,952.2,14.9,278,0.0,5,0,8,12.0,12.0,12.0,43.4,12.0,12.0,12.0,17.191666666666666,34.05
2026-08-03 06:00:00,17.2,29.1,60,952.3,14.9,285,0.1,6,0,8,12.0,12.0,12.0,24.8,27.1,23.7,12.0,14.575000000000001,34.05
2026-08-03 07:00:00,20.4,29.9,57,951.8,13.9,287,0.2,7,0,8,17.2,12.0,12.0,12.0,38.0,37.6,12.866666666666667,13.941666666666668,33.6375
2026-08-03 08:00:00,25.6,30.6,54,951.2,12.3,284,0.0,8,0,8,20.4,12.0,12.0,12.0,44.2,55.5,14.266666666666666,14.641666666666667,32.90416666666666
2026-08-03 09:00:00,77.9,30.6,54,949.8,12.6,281,0.4,9,0,8,25.6,17.2,12.0,30.1,46.7,35.0,16.533333333333335,15.775,32.12916666666667
2026-08-03 10:00:00,45.0,29.3,65,949.4,12.8,274,0.3,10,0,8,77.9,20.4,12.0,12.0,40.9,56.3,27.51666666666667,19.758333333333333,33.42916666666667
2026-08-03 11:00:00,56.9,29.6,59,948.9,12.9,277,0.2,11,0,8,45.0,25.6,12.0,12.0,82.8,54.9,33.01666666666667,22.508333333333336,33.6
2026-08-03 12:00:00,76.7,28.5,73,949.3,9.4,300,0.2,12,0,8,56.9,77.9,17.2,12.0,70.9,52.9,40.5,26.25,32.520833333333336
2026-08-03 13:00:00,77.4,27.4,78,949.7,8.3,259,0.0,13,0,8,76.7,45.0,20.4,12.0,48.0,74.7,50.416666666666664,31.641666666666666,32.762499999999996
2026-08-03 14:00:00,73.9,26.1,84,950.5,9.4,275,0.1,14,0,8,77.4,56.9,25.6,12.0,85.2,82.6,59.916666666666664,37.09166666666667,33.9875
2026-08-03 15:00:00,35.5,25.5,88,951.3,8.5,275,0.1,15,0,8,73.9,76.7,77.9,12.0,48.6,60.2,67.96666666666668,42.25,33.51666666666667
2026-08-03 16:00:00,53.9,25.0,89,952.2,9.9,272,0.0,16,0,8,35.5,77.4,45.0,12.0,66.5,57.4,60.9,44.208333333333336,32.97083333333333
2026-08-03 17:00:00,22.6,25.0,89,952.7,10.1,267,0.0,17,0,8,53.9,73.9,56.9,12.0,43.4,46.3,62.38333333333333,47.699999999999996,32.44583333333333
2026-08-03 18:00:00,29.7,23.8,96,952.8,8.5,241,0.1,18,0,8,22.6,35.5,76.7,17.2,24.8,27.8,56.666666666666664,48.583333333333336,31.57916666666667
2026-08-03 19:00:00,30.9,23.6,96,951.9,13.2,273,3.8,19,0,8,29.7,53.9,77.4,20.4,12.0,22.6,48.833333333333336,49.625,31.78333333333333
2026-08-03 20:00:00,12.0,23.6,94,951.4,12.8,272,2.3,20,0,8,30.9,22.6,73.9,25.6,12.0,12.0,41.083333333333336,50.5,32.57083333333333
2026-08-03 21:00:00,12.0,23.4,95,950.9,12.5,275,0.6,21,0,8,12.0,29.7,35.5,77.9,30.1,12.0,30.766666666666666,49.366666666666674,32.57083333333333
2026-08-03 22:00:00,12.0,23.2,94,950.9,13.1,271,0.1,22,0,8,12.0,30.9,53.9,45.0,12.0,12.0,26.849999999999998,43.875,31.816666666666666
2026-08-03 23:00:00,12.0,23.3,92,950.9,13.2,275,0.0,23,0,8,12.0,12.0,22.6,56.9,12.0,12.0,19.866666666666664,41.125,31.816666666666666
2026-08-04 00:00:00,12.0,23.2,95,951.1,13.1,270,0.0,0,1,8,12.0,12.0,29.7,76.7,12.0,12.0,18.099999999999998,37.38333333333333,31.816666666666666
2026-08-04 01:00:00,12.0,23.5,94,951.4,12.8,272,0.3,1,1,8,12.0,12.0,30.9,77.4,12.0,12.0,15.149999999999999,31.99166666666667,31.816666666666666
2026-08-04 02:00:00,12.0,23.9,92,952.3,12.8,270,0.2,2,1,8,12.0,12.0,12.0,73.9,12.0,12.0,12.0,26.541666666666668,31.816666666666666
2026-08-04 03:00:00,12.0,24.4,90,952.3,12.1,280,0.2,3,1,8,12.0,12.0,12.0,35.5,12.0,12.0,12.0,21.383333333333336,31.816666666666666
2026-08-04 04:00:00,12.0,25.9,80,953.0,14.0,292,0.2,4,1,8,12.0,12.0,12.0,53.9,12.0,12.0,12.0,19.425,31.816666666666666
2026-08-04 05:00:00,12.8,26.5,76,953.0,13.5,297,0.2,5,1,8,12.0,12.0,12.0,22.6,12.0,12.0,12.0,15.933333333333332,31.816666666666666
2026-08-04 06:00:00,12.0,26.8,73,953.1,12.6,298,0.1,6,1,8,12.8,12.0,12.0,29.7,17.2,27.1,12.133333333333335,15.116666666666667,31.850000000000005
2026-08-04 07:00:00,15.0,27.2,71,952.6,14.0,298,0.2,7,1,8,12.0,12.0,12.0,30.9,20.4,38.0,12.133333333333335,13.641666666666667,31.633333333333336
2026-08-04 08:00:00,33.1,28.0,67,951.8,14.2,297,0.1,8,1,8,15.0,12.8,12.0,12.0,25.6,44.2,12.633333333333335,12.316666666666668,31.408333333333335
2026-08-04 09:00:00,50.1,28.4,65,950.9,13.4,294,0.1,9,1,8,33.1,12.0,12.0,12.0,77.9,46.7,16.150000000000002,14.075000000000001,31.72083333333333
2026-08-04 10:00:00,56.0,28.6,64,949.9,11.8,289,0.1,10,1,8,50.1,15.0,12.0,12.0,45.0,40.9,22.5,17.25,30.5625
2026-08-04 11:00:00,68.9,28.8,64,949.1,10.2,293,0.1,11,1,8,56.0,33.1,12.8,12.0,56.9,82.8,29.833333333333332,20.916666666666668,31.020833333333332
2026-08-04 12:00:00,48.4,27.2,71,950.1,11.1,302,0.0,12,1,8,68.9,50.1,12.0,12.0,76.7,70.9,39.18333333333333,25.65833333333333,31.520833333333332
2026-08-04 13:00:00,66.4,25.2,84,950.1,3.1,260,0.4,13,1,8,48.4,56.0,15.0,12.0,77.4,48.0,45.25,28.691666666666666,30.34166666666667
2026-08-04 14:00:00,94.1,25.2,87,950.9,4.5,268,0.0,14,1,8,66.4,68.9,33.1,12.0,73.9,85.2,53.81666666666666,33.225,29.883333333333336
2026-08-04 15:00:00,56.1,25.4,87,951.7,5.3,305,0.0,15,1,8,94.1,48.4,50.1,12.0,35.5,48.6,63.98333333333333,40.06666666666667,30.724999999999998
2026-08-04 16:00:00,49.8,25.1,88,951.9,7.0,299,0.0,16,1,8,56.1,66.4,56.0,12.0,53.9,66.5,64.98333333333333,43.74166666666667,31.58333333333334
2026-08-04 17:00:00,35.2,24.8,89,952.3,6.1,284,0.0,17,1,8,49.8,94.1,68.9,12.8,22.6,43.4,63.949999999999996,46.89166666666667,31.412499999999998
2026-08-04 18:00:00,42.6,24.9,90,951.7,8.1,271,0.0,18,1,8,35.2,56.1,48.4,12.0,29.7,24.8,58.333333333333336,48.75833333333333,31.9375
2026-08-04 19:00:00,29.1,24.4,91,951.2,10.0,276,1.2,19,1,8,42.6,49.8,66.4,15.0,30.9,12.0,57.36666666666667,51.30833333333334,32.475
2026-08-04 20:00:00,12.0,23.9,92,950.5,11.6,266,0.7,20,1,8,29.1,35.2,94.1,33.1,12.0,12.0,51.15,52.48333333333334,32.4
2026-08-04 21:00:00,12.0,23.5,93,950.0,11.2,265,0.7,21,1,8,12.0,42.6,56.1,50.1,12.0,30.1,37.46666666666667,50.725,32.4
2026-08-04 22:00:00,12.0,23.5,93,949.8,11.3,272,0.3,22,1,8,12.0,29.1,49.8,56.0,12.0,12.0,30.11666666666667,47.550000000000004,32.4
2026-08-04 23:00:00,13.1,23.4,94,949.8,11.4,266,0.2,23,1,8,12.0,12.0,35.2,68.9,12.0,12.0,23.816666666666666,43.88333333333333,32.4
2026-08-05 00:00:00,12.0,23.6,91,950.0,11.2,271,0.1,0,2,8,13.1,12.0,42.6,48.4,12.0,12.0,20.133333333333336,39.233333333333334,32.44583333333333
2026-08-05 01:00:00,12.0,23.7,90,950.8,10.3,273,0.0,1,2,8,12.0,12.0,29.1,66.4,12.0,12.0,15.033333333333333,36.199999999999996,32.44583333333333
2026-08-05 02:00:00,12.0,24.3,88,951.5,10.1,269,0.1,2,2,8,12.0,13.1,12.0,94.1,12.0,12.0,12.183333333333332,31.666666666666668,32.44583333333333
2026-08-05 03:00:00,12.0,24.8,85,951.4,14.0,277,0.1,3,2,8,12.0,12.0,12.0,56.1,12.0,12.0,12.183333333333332,24.825,32.44583333333333
2026-08-05 04:00:00,12.0,26.1,79,951.6,14.4,282,0.1,4,2,8,12.0,12.0,12.0,49.8,12.0,12.0,12.183333333333332,21.150000000000002,32.44583333333333
2026-08-05 05:00:00,12.0,27.3,72,951.5,14.4,288,0.0,5,2,8,12.0,12.0,13.1,35.2,12.8,12.0,12.183333333333332,18.0,32.44583333333333
2026-08-05 06:00:00,31.3,28.4,69,951.5,13.6,276,0.0,6,2,8,12.0,12.0,12.0,42.6,12.0,17.2,12.0,16.066666666666666,32.4125
2026-08-05 07:00:00,29.6,28.8,66,950.5,14.0,277,0.0,7,2,8,31.3,12.0,12.0,29.1,15.0,20.4,15.216666666666667,15.125,33.21666666666666
2026-08-05 08:00:00,30.8,29.2,66,949.6,13.3,283,0.0,8,2,8,29.6,12.0,12.0,12.0,33.1,25.6,18.150000000000002,15.166666666666666,33.824999999999996
2026-08-05 09:00:00,41.6,29.9,63,948.7,14.4,285,0.0,9,2,8,30.8,31.3,12.0,12.0,50.1,77.9,21.283333333333335,16.73333333333333,33.72916666666667
2026-08-05 10:00:00,42.2,28.1,68,948.0,16.2,285,0.3,10,2,8,41.6,29.6,12.0,12.0,56.0,45.0,26.21666666666667,19.2,33.375
2026-08-05 11:00:00,77.5,28.2,72,947.8,11.5,284,0.1,11,2,8,42.2,30.8,12.0,13.1,68.9,56.9,31.25,21.71666666666667,32.800000000000004
2026-08-05 12:00:00,65.3,26.0,83,948.5,10.4,260,0.1,12,2,8,77.5,41.6,31.3,12.0,48.4,76.7,42.166666666666664,27.083333333333332,33.15833333333333
2026-08-05 13:00:00,47.7,25.7,86,949.2,8.8,255,0.3,13,2,8,65.3,42.2,29.6,12.0,66.4,77.4,47.833333333333336,31.525000000000002,33.8625
2026-08-05 14:00:00,66.9,25.6,88,949.8,9.6,257,0.2,14,2,8,47.7,77.5,30.8,12.0,94.1,73.9,50.85,34.5,33.083333333333336
2026-08-05 15:00:00,50.5,25.5,86,950.5,10.2,262,0.0,15,2,8,66.9,65.3,41.6,12.0,56.1,35.5,56.866666666666674,39.074999999999996,31.95
2026-08-05 16:00:00,35.6,25.2,86,950.9,9.7,268,0.0,16,2,8,50.5,47.7,42.2,12.0,49.8,53.9,58.35,42.28333333333333,31.716666666666665
2026-08-05 17:00:00,31.3,25.1,85,950.9,10.4,262,0.0,17,2,8,35.6,66.9,77.5,12.0,35.2,22.6,57.25,44.25,31.125
2026-08-05 18:00:00,12.0,25.2,84,950.6,11.7,260,0.0,18,2,8,31.3,50.5,65.3,31.3,42.6,29.7,49.550000000000004,45.85833333333333,30.962499999999995
2026-08-05 19:00:00,32.4,24.9,85,950.2,11.4,264,0.0,19,2,8,12.0,35.6,47.7,29.6,29.1,30.9,40.666666666666664,44.25,29.6875
2026-08-05 20:00:00,12.0,24.6,86,950.0,11.5,262,0.0,20,2,8,32.4,31.3,66.9,30.8,12.0,12.0,38.11666666666667,44.48333333333334,29.825000000000003
2026-08-05 21:00:00,12.0,24.3,86,949.3,11.8,264,0.0,21,2,8,12.0,12.0,50.5,41.6,12.0,12.0,28.96666666666667,42.916666666666664,29.825000000000003
2026-08-05 22:00:00,12.0,24.1,87,949.1,12.1,263,0.0,22,2,8,12.0,32.4,35.6,42.2,12.0,12.0,22.55,40.449999999999996,29.825000000000003
2026-08-05 23:00:00,12.0,23.9,88,949.0,12.4,268,0.0,23,2,8,12.0,12.0,31.3,77.5,13.1,12.0,18.616666666666667,37.93333333333333,29.825000000000003
2026-08-06 00:00:00,12.0,23.9,89,949.3,12.2,269,0.0,0,3,8,12.0,12.0,12.0,65.3,12.0,12.0,15.399999999999999,32.475,29.77916666666667
2026-08-06 01:00:00,12.0,23.9,88,949.6,12.4,272,0.0,1,3,8,12.0,12.0,32.4,47.7,12.0,12.0,15.399999999999999,28.03333333333333,29.77916666666667
2026-08-06 02:00:00,12.0,24.7,84,950.5,13.1,269,0.0,2,3,8,12.0,12.0,12.0,66.9,12.0,12.0,12.0,25.058333333333334,29.77916666666667
2026-08-06 03:00:00,12.0,25.8,77,950.7,15.7,276,0.0,3,3,8,12.0,12.0,12.0,50.5,12.0,12.0,12.0,20.483333333333334,29.77916666666667
2026-08-06 04:00:00,12.0,27.0,70,950.7,16.6,283,0.0,4,3,8,12.0,12.0,12.0,35.6,12.0,12.0,12.0,17.275000000000002,29.77916666666667
2026-08-06 05:00:00,12.0,27.7,67,950.6,15.5,283,0.0,5,3,8,12.0,12.0,12.0,31.3,12.0,12.8,12.0,15.308333333333332,29.77916666666667
2026-08-06 06:00:00,22.7,28.2,63,950.8,14.5,276,0.1,6,3,8,12.0,12.0,12.0,12.0,31.3,12.0,12.0,13.699999999999998,29.77916666666667
2026-08-06 07:00:00,12.0,29.4,58,949.9,14.9,281,0.1,7,3,8,22.7,12.0,12.0,32.4,29.6,15.0,13.783333333333333,14.591666666666667,29.420833333333334
2026-08-06 08:00:00,12.0,29.4,57,949.1,15.8,271,0.4,8,3,8,12.0,12.0,12.0,12.0,30.8,33.1,13.783333333333333,12.891666666666666,28.6875
2026-08-06 09:00:00,54.2,28.6,63,948.5,15.7,276,0.8,9,3,8,12.0,22.7,12.0,12.0,41.6,50.1,13.783333333333333,12.891666666666666,27.904166666666665
2026-08-06 10:00:00,67.7,29.0,64,947.7,12.6,272,0.1,10,3,8,54.2,12.0,12.0,12.0,42.2,56.0,20.816666666666666,16.40833333333333,28.42916666666667
2026-08-06 11:00:00,56.1,29.1,62,947.2,13.0,268,0.0,11,3,8,67.7,12.0,12.0,12.0,77.5,68.9,30.100000000000005,21.05,29.491666666666664
2026-08-06 12:00:00,59.4,28.3,67,947.9,12.3,280,0.3,12,3,8,56.1,54.2,22.7,12.0,65.3,48.4,37.45,24.725000000000005,28.599999999999998
2026-08-06 13:00:00,67.1,27.1,74,948.5,8.7,263,0.0,13,3,8,59.4,67.7,12.0,12.0,47.7,66.4,43.56666666666667,28.675,28.354166666666668
2026-08-06 14:00:00,49.2,26.3,79,949.0,9.3,245,0.0,14,3,8,67.1,56.1,12.0,12.0,66.9,94.1,52.75,33.26666666666667,29.162499999999998
2026-08-06 15:00:00,50.0,25.6,82,949.9,12.0,248,0.0,15,3,8,49.2,59.4,54.2,12.0,50.5,56.1,58.95000000000001,36.36666666666667,28.425
2026-08-06 16:00:00,47.6,24.8,85,950.1,12.1,258,0.0,16,3,8,50.0,67.1,67.7,12.0,35.6,49.8,58.25,39.53333333333334,28.40416666666667
2026-08-06 17:00:00,12.0,24.4,88,950.2,11.7,260,0.0,17,3,8,47.6,49.2,56.1,12.0,31.3,35.2,54.9,42.5,28.90416666666667
2026-08-06 18:00:00,18.2,24.4,87,950.1,12.6,257,0.0,18,3,8,12.0,50.0,59.4,22.7,12.0,42.6,47.550000000000004,42.5,28.100000000000005
2026-08-06 19:00:00,30.3,24.1,88,949.8,11.5,270,0.2,19,3,8,18.2,47.6,67.1,12.0,32.4,29.1,40.68333333333333,42.12500000000001,28.358333333333334
2026-08-06 20:00:00,16.5,23.6,91,949.0,12.6,270,0.5,20,3,8,30.3,12.0,49.2,12.0,12.0,12.0,34.55,43.650000000000006,28.270833333333332
2026-08-06 21:00:00,12.0,23.5,92,948.6,14.6,268,0.2,21,3,8,16.5,18.2,50.0,54.2,12.0,12.0,29.099999999999998,44.025000000000006,28.458333333333332
2026-08-06 22:00:00,12.0,23.4,92,948.4,14.1,275,0.0,22,3,8,12.0,30.3,47.6,67.7,12.0,12.0,22.766666666666666,40.50833333333333,28.458333333333332
2026-08-06 23:00:00,12.0,23.5,90,948.7,14.8,279,0.0,23,3,8,12.0,16.5,12.0,56.1,12.0,13.1,16.833333333333332,35.86666666666667,28.458333333333332
2026-08-07 00:00:00,12.0,23.3,92,948.8,17.4,280,0.1,0,4,8,12.0,12.0,18.2,59.4,12.0,12.0,16.833333333333332,32.19166666666666,28.458333333333332
2026-08-07 01:00:00,12.0,23.3,90,949.1,16.3,289,0.0,1,4,8,12.0,12.0,30.3,67.1,12.0,12.0,15.800000000000002,28.241666666666664,28.458333333333332
2026-08-07 02:00:00,12.0,24.0,86,949.9,12.2,287,0.0,2,4,8,12.0,12.0,16.5,49.2,12.0,12.0,12.75,23.649999999999995,28.458333333333332
2026-08-07 03:00:00,12.0,25.2,78,950.0,17.7,293,0.0,3,4,8,12.0,12.0,12.0,50.0,12.0,12.0,12.0,20.55,28.458333333333332
2026-08-07 04:00:00,12.0,26.2,72,950.0,19.2,298,0.0,4,4,8,12.0,12.0,12.0,47.6,12.0,12.0,12.0,17.383333333333336,28.458333333333332
2026-08-07 05:00:00,12.0,27.4,66,950.1,19.6,302,0.0,5,4,8,12.0,12.0,12.0,12.0,12.0,12.0,12.0,14.416666666666666,28.458333333333332
2026-08-07 06:00:00,22.8,27.2,65,950.1,18.9,304,0.0,6,4,8,12.0,12.0,12.0,18.2,22.7,31.3,12.0,14.416666666666666,28.458333333333332
2026-08-07 07:00:00,30.8,27.4,64,949.5,17.0,304,0.1,7,4,8,22.8,12.0,12.0,30.3,12.0,29.6,13.799999999999999,14.799999999999999,28.462500000000002
2026-08-07 08:00:00,34.7,28.1,61,949.1,16.5,303,0.0,8,4,8,30.8,12.0,12.0,16.5,12.0,30.8,16.933333333333334,14.841666666666667,29.245833333333337
2026-08-07 09:00:00,50.8,28.3,61,948.2,16.1,303,0.0,9,4,8,34.7,22.8,12.0,12.0,54.2,41.6,20.71666666666667,16.358333333333334,30.191666666666666
2026-08-07 10:00:00,57.4,28.4,61,947.7,13.4,301,0.0,10,4,8,50.8,30.8,12.0,12.0,67.7,42.2,27.183333333333334,19.591666666666665,30.05
2026-08-07 11:00:00,63.7,28.2,64,946.8,10.8,296,0.0,11,4,8,57.4,34.7,12.0,12.0,56.1,77.5,34.75,23.375,29.620833333333334
2026-08-07 12:00:00,80.6,27.9,66,947.3,11.4,295,0.0,12,4,8,63.7,50.8,22.8,12.0,59.4,65.3,43.36666666666667,27.683333333333334,29.9375
2026-08-07 13:00:00,68.0,27.2,71,947.7,9.2,282,0.0,13,4,8,80.6,57.4,30.8,12.0,67.1,47.7,53.0,33.4,30.82083333333333
2026-08-07 14:00:00,63.0,26.7,73,948.3,10.4,271,0.0,14,4,8,68.0,63.7,34.7,12.0,49.2,66.9,59.199999999999996,38.06666666666666,30.858333333333334
2026-08-07 15:00:00,61.5,26.1,75,949.1,10.6,281,0.0,15,4,8,63.0,80.6,50.8,12.0,50.0,50.5,63.916666666666664,42.31666666666666,31.433333333333334
2026-08-07 16:00:00,48.0,25.3,80,950.0,8.9,284,0.1,16,4,8,61.5,68.0,57.4,12.0,47.6,35.6,65.7,46.44166666666666,31.912499999999998
2026-08-07 17:00:00,47.5,24.7,84,950.0,8.5,282,0.0,17,4,8,48.0,63.0,63.7,12.0,12.0,31.3,64.13333333333334,49.44166666666666,31.929166666666664
2026-08-07 18:00:00,26.1,25.0,81,949.8,11.9,270,0.1,18,4,8,47.5,61.5,80.6,22.8,18.2,12.0,61.43333333333334,52.4,33.40833333333333
2026-08-07 19:00:00,34.3,24.7,81,949.3,11.5,280,0.0,19,4,8,26.1,48.0,68.0,30.8,30.3,32.4,52.349999999999994,52.675000000000004,33.737500000000004
2026-08-07 20:00:00,22.9,24.4,82,948.7,13.7,279,0.0,20,4,8,34.3,47.5,63.0,34.7,16.5,12.0,46.73333333333333,52.96666666666666,33.90416666666666
2026-08-07 21:00:00,12.0,22.8,85,948.2,15.6,291,0.2,21,4,8,22.9,26.1,61.5,50.8,12.0,12.0,40.05,51.98333333333334,34.17083333333333
2026-08-07 22:00:00,12.0,22.5,90,948.1,11.6,291,0.4,22,4,8,12.0,34.3,48.0,57.4,12.0,12.0,31.8,48.75,34.17083333333333
2026-08-07 23:00:00,12.0,22.6,92,948.2,10.2,293,0.1,23,4,8,12.0,22.9,47.5,63.7,12.0,12.0,25.8,44.96666666666667,34.17083333333333
2026-08-08 00:00:00,12.0,23.7,86,948.6,15.4,284,0.1,0,5,8,12.0,12.0,26.1,80.6,12.0,12.0,19.883333333333333,40.65833333333333,34.17083333333333
2026-08-08 01:00:00,12.0,23.7,85,948.9,15.8,287,0.0,1,5,8,12.0,12.0,34.3,68.0,12.0,12.0,17.53333333333333,34.94166666666666,34.17083333333333
2026-08-08 02:00:00,12.0,24.0,84,949.5,13.1,288,0.0,2,5,8,12.0,12.0,22.9,63.0,12.0,12.0,13.816666666666668,30.274999999999995,34.17083333333333
2026-08-08 03:00:00,12.0,25.0,78,949.9,17.1,294,0.0,3,5,8,12.0,12.0,12.0,61.5,12.0,12.0,12.0,26.024999999999995,34.17083333333333
2026-08-08 04:00:00,12.0,26.2,71,950.4,19.4,298,0.0,4,5,8,12.0,12.0,12.0,48.0,12.0,12.0,12.0,21.900000000000002,34.17083333333333
2026-08-08 05:00:00,12.0,27.5,64,950.3,18.8,302,0.0,5,5,8,12.0,12.0,12.0,47.5,12.0,12.0,12.0,18.900000000000002,34.17083333333333
2026-08-08 06:00:00,13.3,27.5,64,950.5,15.1,302,0.1,6,5,8,12.0,12.0,12.0,26.1,22.8,22.7,12.0,15.941666666666668,34.17083333333333
2026-08-08 07:00:00,19.4,28.1,61,949.8,14.7,305,0.0,7,5,8,13.3,12.0,12.0,34.3,30.8,12.0,12.216666666666667,14.875,33.775
2026-08-08 08:00:00,42.4,28.3,60,949.4,13.3,310,0.0,8,5,8,19.4,12.0,12.0,22.9,34.7,12.0,13.450000000000001,13.633333333333333,33.3
2026-08-08 09:00:00,63.7,28.8,58,948.4,12.1,316,0.0,9,5,8,42.4,13.3,12.0,12.0,50.8,54.2,18.516666666666666,15.258333333333331,33.62083333333333
2026-08-08 10:00:00,45.3,28.6,58,947.9,14.5,308,0.0,10,5,8,63.7,19.4,12.0,12.0,57.4,67.7,27.133333333333336,19.566666666666666,34.15833333333333
2026-08-08 11:00:00,62.2,27.7,66,947.4,10.8,308,0.0,11,5,8,45.3,42.4,12.0,12.0,63.7,56.1,32.68333333333333,22.34166666666667,33.65416666666666
2026-08-08 12:00:00,52.0,27.6,69,947.8,8.8,281,0.0,12,5,8,62.2,63.7,13.3,12.0,80.6,59.4,41.050000000000004,26.525000000000002,33.59166666666667
2026-08-08 13:00:00,77.2,26.9,75,948.6,5.8,236,0.0,13,5,8,52.0,45.3,19.4,12.0,68.0,67.1,47.5,29.858333333333334,32.4
2026-08-08 14:00:00,72.1,26.3,80,949.2,5.7,252,0.0,14,5,8,77.2,62.2,42.4,12.0,63.0,49.2,57.13333333333333,35.291666666666664,32.78333333333333
2026-08-08 15:00:00,41.5,25.8,82,950.2,6.0,265,0.0,15,5,8,72.1,52.0,63.7,12.0,61.5,50.0,62.083333333333336,40.300000000000004,33.1625
2026-08-08 16:00:00,42.4,25.3,83,950.8,7.7,254,0.0,16,5,8,41.5,77.2,45.3,12.0,48.0,47.6,58.383333333333326,42.75833333333333,32.329166666666666
2026-08-08 17:00:00,15.4,25.0,82,951.1,8.6,254,0.0,17,5,8,42.4,72.1,62.2,12.0,47.5,12.0,57.900000000000006,45.291666666666664,32.09583333333333
2026-08-08 18:00:00,42.2,24.7,83,950.6,9.3,262,0.1,18,5,8,15.4,41.5,52.0,13.3,26.1,18.2,50.099999999999994,45.574999999999996,30.758333333333336
2026-08-08 19:00:00,37.9,24.5,85,950.4,8.7,277,0.1,19,5,8,42.2,42.4,77.2,19.4,34.3,30.3,48.46666666666666,47.98333333333333,31.429166666666664
2026-08-08 20:00:00,12.0,24.3,87,949.8,8.2,261,0.0,20,5,8,37.9,15.4,72.1,42.4,22.9,16.5,41.916666666666664,49.525,31.579166666666666
2026-08-08 21:00:00,12.0,24.2,85,949.6,11.0,265,0.0,21,5,8,12.0,42.2,41.5,63.7,12.0,12.0,31.900000000000002,46.99166666666667,31.125
2026-08-08 22:00:00,17.7,24.1,85,949.2,12.7,277,0.0,22,5,8,12.0,37.9,42.4,45.3,12.0,12.0,26.983333333333334,42.68333333333334,31.125
2026-08-08 23:00:00,12.0,24.1,85,949.4,13.7,284,0.0,23,5,8,17.7,12.0,15.4,62.2,12.0,12.0,22.866666666666664,40.38333333333333,31.3625
2026-08-09 00:00:00,12.0,24.1,82,949.7,15.3,288,0.0,0,6,8,12.0,12.0,42.2,52.0,12.0,12.0,22.3,36.199999999999996,31.3625
2026-08-09 01:00:00,12.0,23.8,82,950.3,15.3,290,0.0,1,6,8,12.0,17.7,37.9,77.2,12.0,12.0,17.266666666666666,32.86666666666667,31.3625
2026-08-09 02:00:00,12.0,24.5,80,951.2,14.2,288,0.0,2,6,8,12.0,12.0,12.0,72.1,12.0,12.0,12.949999999999998,27.433333333333334,31.3625
2026-08-09 03:00:00,12.0,25.5,75,951.4,19.4,295,0.0,3,6,8,12.0,12.0,12.0,41.5,12.0,12.0,12.949999999999998,22.424999999999997,31.3625
2026-08-09 04:00:00,12.0,26.5,70,951.6,19.2,297,0.0,4,6,8,12.0,12.0,17.7,42.4,12.0,12.0,12.949999999999998,19.966666666666665,31.3625
2026-08-09 05:00:00,12.0,27.8,63,951.4,20.0,296,0.0,5,6,8,12.0,12.0,12.0,15.4,12.0,12.0,12.0,17.433333333333334,31.3625
2026-08-09 06:00:00,12.0,28.5,61,951.4,19.5,296,0.0,6,6,8,12.0,12.0,12.0,42.2,13.3,22.8,12.0,17.150000000000002,31.3625
2026-08-09 07:00:00,12.0,29.1,57,950.8,18.1,297,0.0,7,6,8,12.0,12.0,12.0,37.9,19.4,30.8,12.0,14.633333333333335,31.308333333333334
2026-08-09 08:00:00,43.6,29.8,53,950.1,18.0,296,0.0,8,6,8,12.0,12.0,12.0,12.0,42.4,34.7,12.0,12.475000000000001,31.0
2026-08-09 09:00:00,17.5,30.2,51,949.2,18.0,298,0.0,9,6,8,43.6,12.0,12.0,12.0,63.7,50.8,17.26666666666667,15.108333333333334,31.05
2026-08-09 10:00:00,46.3,30.2,51,948.6,15.0,297,0.0,10,6,8,17.5,12.0,12.0,17.7,45.3,57.4,18.183333333333334,15.566666666666668,29.125
2026-08-09 11:00:00,33.6,29.7,56,948.4,14.6,296,0.0,11,6,8,46.3,43.6,12.0,12.0,62.2,63.7,23.900000000000002,17.95,29.166666666666668
2026-08-09 12:00:00,56.1,29.1,60,949.1,11.2,294,0.0,12,6,8,33.6,17.5,12.0,12.0,52.0,80.6,27.5,19.75,27.974999999999998
2026-08-09 13:00:00,65.8,27.9,67,949.3,7.3,295,0.0,13,6,8,56.1,46.3,12.0,12.0,77.2,68.0,34.85,23.425,28.145833333333332
2026-08-09 14:00:00,65.4,26.9,74,949.7,6.2,282,0.0,14,6,8,65.8,33.6,43.6,12.0,72.1,63.0,43.81666666666666,27.90833333333333,27.670833333333334
2026-08-09 15:00:00,62.2,26.3,77,950.4,6.2,258,0.0,15,6,8,65.4,56.1,17.5,12.0,41.5,61.5,47.449999999999996,32.358333333333334,27.391666666666666
2026-08-09 16:00:00,61.4,25.8,81,951.2,6.1,240,0.0,16,6,8,62.2,65.8,46.3,12.0,42.4,48.0,54.9,36.541666666666664,28.254166666666666
2026-08-09 17:00:00,58.0,25.3,83,951.6,5.8,250,0.0,17,6,8,61.4,65.4,33.6,12.0,15.4,47.5,57.41666666666668,40.65833333333333,29.045833333333334
2026-08-09 18:00:00,40.3,25.5,83,951.2,6.1,289,0.1,18,6,8,58.0,62.2,56.1,12.0,42.2,26.1,61.48333333333334,44.49166666666667,30.82083333333333
2026-08-09 19:00:00,27.5,25.2,83,950.9,6.7,276,0.1,19,6,8,40.3,61.4,65.8,12.0,37.9,34.3,58.849999999999994,46.85,30.74166666666667
2026-08-09 20:00:00,36.6,24.7,84,950.3,7.6,271,0.0,20,6,8,27.5,58.0,65.4,43.6,12.0,22.9,52.46666666666666,48.14166666666667,30.308333333333337
2026-08-09 21:00:00,23.8,24.4,85,949.9,8.6,260,0.0,21,6,8,36.6,40.3,62.2,17.5,12.0,12.0,47.666666666666664,47.55833333333333,31.333333333333332
2026-08-09 22:00:00,12.0,24.2,85,949.5,9.9,265,0.0,22,6,8,23.8,27.5,61.4,46.3,17.7,12.0,41.26666666666667,48.083333333333336,31.825000000000003
2026-08-09 23:00:00,12.0,24.0,85,949.2,11.5,270,0.0,23,6,8,12.0,36.6,58.0,33.6,12.0,12.0,33.03333333333334,45.225,31.587500000000002
2026-08-10 00:00:00,12.0,24.1,83,949.8,12.6,274,0.0,0,0,8,12.0,23.8,40.3,56.1,12.0,12.0,25.36666666666667,43.425000000000004,31.587500000000002
2026-08-10 01:00:00,12.0,23.9,83,950.2,12.7,276,0.0,1,0,8,12.0,12.0,27.5,65.8,12.0,12.0,20.65,39.75,31.587500000000002
2026-08-10 02:00:00,18.6,24.5,81,950.6,12.0,278,0.0,2,0,8,12.0,12.0,36.6,65.4,12.0,12.0,18.066666666666666,35.26666666666667,31.587500000000002
2026-08-10 03:00:00,12.0,25.6,76,950.9,12.8,285,0.0,3,0,8,18.6,12.0,23.8,62.2,12.0,12.0,15.066666666666668,31.366666666666664,31.8625
2026-08-10 04:00:00,12.0,27.0,71,951.4,12.6,287,0.0,4,0,8,12.0,12.0,12.0,61.4,12.0,12.0,13.100000000000001,27.183333333333334,31.8625
2026-08-10 05:00:00,19.9,28.3,64,951.5,14.4,286,0.0,5,0,8,12.0,18.6,12.0,58.0,12.0,12.0,13.100000000000001,23.066666666666666,31.8625
2026-08-10 06:00:00,12.0,29.2,59,951.4,15.6,277,0.0,6,0,8,19.9,12.0,12.0,40.3,12.0,13.3,14.416666666666666,19.891666666666666,32.19166666666667
2026-08-10 07:00:00,45.5,29.7,55,951.1,15.1,271,0.0,7,0,8,12.0,12.0,12.0,27.5,12.0,19.4,14.416666666666666,17.533333333333335,32.19166666666667
2026-08-10 08:00:00,36.9,30.2,53,950.0,14.8,270,0.1,8,0,8,45.5,19.9,18.6,36.6,43.6,42.4,20.0,19.033333333333335,33.5875
2026-08-10 09:00:00,40.5,30.8,50,949.0,14.5,276,0.1,9,0,8,36.9,12.0,12.0,23.8,17.5,63.7,23.049999999999997,19.058333333333334,33.30833333333333
2026-08-10 10:00:00,25.3,30.8,50,948.3,14.4,278,0.1,10,0,8,40.5,45.5,12.0,12.0,46.3,45.3,27.799999999999997,20.45,34.266666666666666
2026-08-10 11:00:00,48.0,30.7,50,947.9,13.3,279,0.2,11,0,8,25.3,36.9,19.9,12.0,33.6,62.2,30.016666666666666,21.558333333333334,33.391666666666666
2026-08-10 12:00:00,59.4,29.5,58,948.4,10.2,284,0.0,12,0,8,48.0,40.5,12.0,12.0,56.1,52.0,34.699999999999996,24.558333333333334,33.99166666666667
2026-08-10 13:00:00,72.3,28.4,66,948.7,5.5,259,0.0,13,0,8,59.4,25.3,45.5,12.0,65.8,77.2,42.6,28.508333333333336,34.12916666666667
2026-08-10 14:00:00,75.1,27.4,72,949.1,6.0,249,0.0,14,0,8,72.3,48.0,36.9,18.6,65.4,72.1,47.06666666666666,33.53333333333333,34.4
2026-08-10 15:00:00,37.9,26.0,78,950.3,9.6,242,0.5,15,0,8,75.1,59.4,40.5,12.0,62.2,41.5,53.43333333333334,38.24166666666667,34.80416666666667
2026-08-10 16:00:00,64.8,25.5,79,950.9,10.0,263,0.1,16,0,8,37.9,72.3,25.3,12.0,61.4,42.4,53.0,40.4,33.791666666666664
2026-08-10 17:00:00,17.6,23.9,86,951.1,13.2,274,0.8,17,0,8,64.8,75.1,48.0,19.9,58.0,15.4,59.583333333333336,44.79999999999999,33.93333333333333
2026-08-10 18:00:00,24.9,24.5,82,950.8,9.9,258,0.4,18,0,8,17.6,37.9,59.4,12.0,40.3,42.2,54.51666666666666,44.60833333333333,32.25
2026-08-10 19:00:00,12.0,24.4,83,950.1,9.5,260,0.0,19,0,8,24.9,64.8,72.3,45.5,27.5,37.9,48.76666666666667,45.68333333333334,31.60833333333333
2026-08-10 20:00:00,35.6,24.6,83,949.7,10.7,261,0.0,20,0,8,12.0,17.6,75.1,36.9,36.6,12.0,38.71666666666666,42.89166666666667,30.962499999999995
2026-08-10 21:00:00,12.0,24.4,84,949.3,11.0,267,0.0,21,0,8,35.6,24.9,37.9,40.5,23.8,12.0,32.13333333333333,42.78333333333333,30.920833333333334
2026-08-10 22:00:00,12.0,24.1,85,949.0,11.5,272,0.0,22,0,8,12.0,12.0,64.8,25.3,12.0,17.7,27.816666666666663,40.40833333333334,30.429166666666664
2026-08-10 23:00:00,12.0,23.8,84,948.9,11.5,274,0.0,23,0,8,12.0,35.6,17.6,48.0,12.0,12.0,19.016666666666666,39.300000000000004,30.429166666666664
2026-08-11 00:00:00,12.0,23.6,87,949.0,11.5,270,0.0,0,1,8,12.0,12.0,24.9,59.4,12.0,12.0,18.083333333333332,36.300000000000004,30.429166666666664
2026-08-11 01:00:00,12.0,23.5,85,949.5,11.9,270,0.0,1,1,8,12.0,12.0,12.0,72.3,12.0,12.0,15.933333333333332,32.35,30.429166666666664
2026-08-11 02:00:00,12.0,24.3,81,950.1,11.2,273,0.0,2,1,8,12.0,12.0,35.6,75.1,18.6,12.0,15.933333333333332,27.325,30.429166666666664
2026-08-11 03:00:00,12.0,25.5,74,950.5,12.9,276,0.0,3,1,8,12.0,12.0,12.0,37.9,12.0,12.0,12.0,22.066666666666666,30.154166666666665
2026-08-11 04:00:00,12.0,27.0,68,951.0,14.3,285,0.0,4,1,8,12.0,12.0,12.0,64.8,12.0,12.0,12.0,19.90833333333333,30.154166666666665
2026-08-11 05:00:00,12.0,28.3,61,951.0,16.1,286,0.0,5,1,8,12.0,12.0,12.0,17.6,19.9,12.0,12.0,15.508333333333333,30.154166666666665
2026-08-11 06:00:00,23.8,28.2,59,950.9,16.2,274,0.0,6,1,8,12.0,12.0,12.0,24.9,12.0,12.0,12.0,15.041666666666666,29.825
2026-08-11 07:00:00,36.1,29.0,56,950.2,15.5,279,0.0,7,1,8,23.8,12.0,12.0,12.0,45.5,12.0,13.966666666666667,14.950000000000001,30.316666666666663
2026-08-11 08:00:00,18.9,29.3,57,949.2,16.9,279,0.0,8,1,8,36.1,12.0,12.0,35.6,36.9,43.6,17.983333333333334,16.958333333333332,29.924999999999997
2026-08-11 09:00:00,42.7,29.7,57,948.1,14.1,274,0.1,9,1,8,18.9,23.8,12.0,12.0,40.5,17.5,19.133333333333336,15.566666666666668,29.174999999999997
2026-08-11 10:00:00,42.1,30.0,56,947.3,13.5,274,0.1,10,1,8,42.7,36.1,12.0,12.0,25.3,46.3,24.25,18.125,29.266666666666666
2026-08-11 11:00:00,61.0,29.8,57,946.7,14.1,277,0.1,11,1,8,42.1,18.9,12.0,12.0,48.0,33.6,29.26666666666667,20.633333333333336,29.96666666666667
2026-08-11 12:00:00,75.1,28.9,59,947.3,12.3,267,0.2,12,1,8,61.0,42.7,23.8,12.0,59.4,56.1,37.43333333333334,24.71666666666667,30.508333333333336
2026-08-11 13:00:00,69.4,28.0,67,947.9,8.7,253,0.0,13,1,8,75.1,42.1,36.1,12.0,72.3,65.8,45.98333333333333,29.974999999999998,31.162499999999998
2026-08-11 14:00:00,81.4,27.2,72,948.5,8.2,244,0.0,14,1,8,69.4,61.0,18.9,12.0,75.1,65.4,51.53333333333333,34.75833333333333,31.041666666666668
2026-08-11 15:00:00,64.7,26.6,74,949.4,8.8,237,0.0,15,1,8,81.4,75.1,42.7,12.0,37.9,62.2,61.95000000000001,40.541666666666664,31.304166666666664
2026-08-11 16:00:00,31.2,26.0,76,950.4,10.8,246,0.0,16,1,8,64.7,69.4,42.1,12.0,64.8,61.4,65.61666666666666,44.93333333333334,32.420833333333334
2026-08-11 17:00:00,36.9,25.6,77,951.1,12.4,246,0.0,17,1,8,31.2,81.4,61.0,12.0,17.6,58.0,63.800000000000004,46.53333333333333,31.020833333333332
2026-08-11 18:00:00,21.4,24.6,81,950.6,13.5,251,0.1,18,1,8,36.9,64.7,75.1,23.8,24.9,40.3,59.78333333333334,48.60833333333333,31.825
2026-08-11 19:00:00,28.7,24.3,83,950.0,13.1,257,0.0,19,1,8,21.4,31.2,69.4,36.1,12.0,27.5,50.833333333333336,48.40833333333334,31.67916666666667
2026-08-11 20:00:00,12.0,24.2,83,949.7,12.9,255,0.0,20,1,8,28.7,36.9,81.4,18.9,35.6,36.6,44.050000000000004,47.791666666666664,32.375
2026-08-11 21:00:00,12.0,24.2,84,949.5,13.2,259,0.0,21,1,8,12.0,21.4,64.7,42.7,12.0,23.8,32.48333333333333,47.21666666666667,31.391666666666666
2026-08-11 22:00:00,12.0,24.0,85,949.4,14.8,260,0.1,22,1,8,12.0,28.7,31.2,42.1,12.0,12.0,23.7,44.65833333333333,31.391666666666666
2026-08-11 23:00:00,12.0,23.2,91,949.3,17.4,264,0.8,23,1,8,12.0,12.0,36.9,61.0,12.0,12.0,20.499999999999996,42.15,31.391666666666666
2026-08-12 00:00:00,12.0,23.5,88,949.6,14.8,261,0.9,0,2,8,12.0,12.0,21.4,75.1,12.0,12.0,16.349999999999998,38.06666666666667,31.391666666666666
2026-08-12 01:00:00,12.0,23.6,87,949.7,14.4,260,0.0,1,2,8,12.0,12.0,28.7,69.4,12.0,12.0,14.783333333333331,32.80833333333334,31.391666666666666
2026-08-12 02:00:00,21.1,24.1,86,950.4,12.9,264,0.0,2,2,8,12.0,12.0,12.0,81.4,12.0,18.6,12.0,28.025000000000002,31.391666666666666
2026-08-12 03:00:00,12.0,25.2,79,950.7,18.0,268,0.0,3,2,8,21.1,12.0,12.0,64.7,12.0,12.0,13.516666666666667,23.0,31.770833333333332
2026-08-12 04:00:00,12.0,27.0,70,951.1,18.4,272,0.0,4,2,8,12.0,12.0,12.0,31.2,12.0,12.0,13.516666666666667,18.60833333333333,31.770833333333332
2026-08-12 05:00:00,16.5,27.7,68,951.3,18.8,276,0.1,5,2,8,12.0,21.1,12.0,36.9,12.0,19.9,13.516666666666667,17.008333333333333,31.770833333333332
2026-08-12 06:00:00,12.8,28.0,66,951.5,19.0,277,0.2,6,2,8,16.5,12.0,12.0,21.4,23.8,12.0,14.266666666666667,15.308333333333332,31.958333333333332
2026-08-12 07:00:00,12.0,28.4,65,950.8,18.6,273,0.3,7,2,8,12.8,12.0,12.0,28.7,36.1,45.5,14.4,14.591666666666667,31.5
2026-08-12 08:00:00,34.7,28.4,66,950.4,16.8,275,0.1,8,2,8,12.0,16.5,21.1,12.0,18.9,36.9,14.4,13.200000000000001,30.495833333333337
2026-08-12 09:00:00,21.5,28.9,63,949.7,16.2,274,0.0,9,2,8,34.7,12.8,12.0,12.0,42.7,40.5,16.666666666666668,15.091666666666669,31.15416666666667
2026-08-12 10:00:00,35.6,29.0,61,949.2,14.1,275,0.0,10,2,8,21.5,12.0,12.0,12.0,42.1,25.3,18.25,15.883333333333335,30.270833333333332
2026-08-12 11:00:00,43.7,29.0,63,948.5,13.3,270,0.4,11,2,8,35.6,34.7,16.5,12.0,61.0,48.0,22.183333333333334,17.85,30.0
2026-08-12 12:00:00,50.2,28.3,67,949.9,11.9,270,0.4,12,2,8,43.7,21.5,12.8,12.0,75.1,59.4,26.71666666666667,20.491666666666667,29.27916666666667
2026-08-12 13:00:00,57.7,27.1,74,950.9,10.7,282,0.1,13,2,8,50.2,35.6,12.0,12.0,69.4,72.3,32.949999999999996,23.675,28.241666666666664
2026-08-12 14:00:00,46.4,25.6,82,951.6,13.7,289,0.1,14,2,8,57.7,43.7,34.7,21.1,81.4,75.1,40.56666666666667,27.483333333333334,27.754166666666666
2026-08-12 15:00:00,59.9,24.5,89,951.6,8.6,282,0.1,15,2,8,46.4,50.2,21.5,12.0,64.7,37.9,42.51666666666667,29.59166666666667,26.295833333333334
2026-08-12 16:00:00,24.8,24.5,90,952.9,9.1,260,0.0,16,2,8,59.9,57.7,35.6,12.0,31.2,64.8,48.916666666666664,33.583333333333336,26.09583333333333
2026-08-12 17:00:00,34.1,24.5,91,953.2,10.6,260,0.0,17,2,8,24.8,46.4,43.7,16.5,36.9,17.6,47.11666666666667,34.65,25.82916666666667
2026-08-12 18:00:00,37.5,25.1,87,953.0,11.8,263,0.0,18,2,8,34.1,59.9,50.2,12.8,21.4,24.9,45.51666666666667,36.11666666666667,25.712499999999995
2026-08-12 19:00:00,12.4,24.7,87,952.2,11.7,267,0.0,19,2,8,37.5,24.8,57.7,12.0,28.7,12.0,43.4,38.175000000000004,26.38333333333333
2026-08-12 20:00:00,47.3,24.3,89,952.1,11.4,265,0.0,20,2,8,12.4,34.1,46.4,34.7,12.0,35.6,35.85,38.208333333333336,25.70416666666667
2026-08-12 21:00:00,12.0,24.0,91,951.4,11.1,263,0.0,21,2,8,47.3,37.5,59.9,21.5,12.0,12.0,35.99999999999999,39.25833333333333,27.175
2026-08-12 22:00:00,12.3,23.9,91,951.4,10.9,263,0.0,22,2,8,12.0,12.4,24.8,35.6,12.0,12.0,28.016666666666666,38.46666666666666,27.175
2026-08-12 23:00:00,12.0,23.7,90,951.6,11.7,267,0.0,23,2,8,12.3,47.3,34.1,43.7,12.0,12.0,25.933333333333334,36.525,27.1875
2026-08-13 00:00:00,12.0,23.5,92,951.9,12.2,271,0.0,0,3,8,12.0,12.0,37.5,50.2,12.0,12.0,22.25,33.88333333333333,27.1875
2026-08-13 01:00:00,12.0,23.5,91,952.4,12.5,274,0.0,1,3,8,12.0,12.3,12.4,57.7,12.0,12.0,18.0,30.7,27.1875
2026-08-13 02:00:00,12.0,24.4,86,952.7,14.1,276,0.0,2,3,8,12.0,12.0,47.3,46.4,21.1,12.0,17.933333333333334,26.891666666666666,27.1875
2026-08-13 03:00:00,12.0,25.6,79,952.9,15.6,281,0.0,3,3,8,12.0,12.0,12.0,59.9,12.0,12.0,12.049999999999999,24.024999999999995,26.808333333333334
2026-08-13 04:00:00,12.0,26.9,71,953.3,16.3,284,0.0,4,3,8,12.0,12.0,12.3,24.8,12.0,12.0,12.049999999999999,20.03333333333333,26.808333333333334
2026-08-13 05:00:00,12.1,27.8,66,953.5,15.9,282,0.2,5,3,8,12.0,12.0,12.0,34.1,16.5,12.0,12.0,18.966666666666665,26.808333333333334
2026-08-13 06:00:00,23.3,26.9,68,953.2,16.6,274,0.2,6,3,8,12.1,12.0,12.0,37.5,12.8,23.8,12.016666666666667,17.133333333333336,26.625
2026-08-13 07:00:00,14.7,27.2,66,952.8,15.9,280,0.0,7,3,8,23.3,12.0,12.0,12.4,12.0,36.1,13.9,15.950000000000001,27.062500000000004
2026-08-13 08:00:00,33.5,27.9,63,951.9,14.6,283,0.0,8,3,8,14.7,12.1,12.0,47.3,34.7,18.9,14.350000000000001,16.14166666666667,27.174999999999997
2026-08-13 09:00:00,57.5,28.6,61,950.8,11.4,296,0.0,9,3,8,33.5,23.3,12.0,12.0,21.5,42.7,17.933333333333334,14.991666666666665,27.125
2026-08-13 10:00:00,37.5,30.0,56,950.4,14.3,288,0.0,10,3,8,57.5,14.7,12.0,12.3,35.6,42.1,25.51666666666667,18.78333333333333,28.625
2026-08-13 11:00:00,60.1,30.0,56,949.7,12.8,287,0.0,11,3,8,37.5,33.5,12.1,12.0,43.7,61.0,29.76666666666667,20.883333333333336,28.704166666666666
2026-08-13 12:00:00,51.7,29.1,60,950.8,11.2,274,0.1,12,3,8,60.1,57.5,23.3,12.0,50.2,75.1,37.76666666666667,24.891666666666666,29.3875
2026-08-13 13:00:00,41.9,27.8,68,950.8,10.2,263,0.0,13,3,8,51.7,37.5,14.7,12.0,57.7,69.4,42.5,28.200000000000003,29.450000000000003
2026-08-13 14:00:00,46.1,26.9,73,951.4,9.9,254,0.0,14,3,8,41.9,60.1,33.5,12.0,46.4,81.4,47.03333333333334,30.691666666666666,28.791666666666668
2026-08-13 15:00:00,52.7,26.5,76,952.1,10.7,276,0.0,15,3,8,46.1,51.7,57.5,12.0,59.9,64.7,49.13333333333333,33.53333333333334,28.77916666666667
2026-08-13 16:00:00,56.9,25.8,80,952.5,10.7,286,0.1,16,3,8,52.7,41.9,37.5,12.0,24.8,31.2,48.333333333333336,36.925000000000004,28.479166666666668
2026-08-13 17:00:00,40.1,25.3,81,952.7,9.2,263,0.0,17,3,8,56.9,46.1,60.1,12.1,34.1,36.9,51.56666666666667,40.666666666666664,29.816666666666663
2026-08-13 18:00:00,12.0,25.4,76,952.6,13.5,278,0.0,18,3,8,40.1,52.7,51.7,23.3,37.5,21.4,48.23333333333333,43.0,30.066666666666666
2026-08-13 19:00:00,31.1,24.9,79,952.5,13.4,281,0.0,19,3,8,12.0,56.9,41.9,14.7,12.4,28.7,41.61666666666667,42.05833333333333,29.004166666666666
2026-08-13 20:00:00,12.0,24.6,79,952.2,13.2,280,0.0,20,3,8,31.1,40.1,46.1,33.5,47.3,12.0,39.81666666666667,43.425000000000004,29.78333333333333
2026-08-13 21:00:00,12.0,24.2,80,951.8,13.4,281,0.0,21,3,8,12.0,12.0,52.7,57.5,12.0,12.0,34.13333333333333,41.63333333333333,28.3125
2026-08-13 22:00:00,12.0,24.0,81,951.2,13.5,280,0.0,22,3,8,12.0,31.1,56.9,37.5,12.3,12.0,27.349999999999998,37.84166666666667,28.3125
2026-08-13 23:00:00,12.0,23.8,83,951.2,13.0,281,0.0,23,3,8,12.0,12.0,40.1,60.1,12.0,12.0,19.866666666666667,35.71666666666667,28.3
2026-08-14 00:00:00,12.0,23.5,84,951.6,13.7,275,0.0,0,4,8,12.0,12.0,12.0,51.7,12.0,12.0,15.183333333333332,31.708333333333332,28.3
2026-08-14 01:00:00,12.0,23.4,85,952.0,14.3,277,0.0,1,4,8,12.0,12.0,31.1,41.9,12.0,12.0,15.183333333333332,28.399999999999995,28.3
2026-08-14 02:00:00,12.0,24.2,82,952.7,13.0,275,0.0,2,4,8,12.0,12.0,12.0,46.1,12.0,21.1,12.0,25.90833333333333,28.3
2026-08-14 03:00:00,12.0,25.4,75,952.6,17.7,279,0.0,3,4,8,12.0,12.0,12.0,52.7,12.0,12.0,12.0,23.066666666666663,28.3
2026-08-14 04:00:00,12.0,26.9,67,952.7,19.2,280,0.0,4,4,8,12.0,12.0,12.0,56.9,12.0,12.0,12.0,19.675,28.3
2026-08-14 05:00:00,13.1,28.0,63,952.7,18.1,281,0.0,5,4,8,12.0,12.0,12.0,40.1,12.1,16.5,12.0,15.933333333333332,28.3
2026-08-14 06:00:00,12.7,28.0,63,952.9,19.8,282,0.0,6,4,8,13.1,12.0,12.0,12.0,23.3,12.8,12.183333333333332,13.683333333333332,28.34166666666667
2026-08-14 07:00:00,12.0,28.2,61,952.5,19.6,281,0.0,7,4,8,12.7,12.0,12.0,31.1,14.7,12.0,12.299999999999999,13.741666666666667,27.899999999999995
2026-08-14 08:00:00,28.5,29.2,58,951.6,18.9,281,0.0,8,4,8,12.0,13.1,12.0,12.0,33.5,34.7,12.299999999999999,12.15,27.787499999999998
2026-08-14 09:00:00,26.4,30.0,54,950.6,18.7,281,0.0,9,4,8,28.5,12.7,12.0,12.0,57.5,21.5,15.049999999999999,13.525,27.579166666666666
2026-08-14 10:00:00,36.4,30.1,54,950.2,17.7,274,0.1,10,4,8,26.4,12.0,12.0,12.0,37.5,35.6,17.45,14.725,26.283333333333335
2026-08-14 11:00:00,25.1,29.4,58,949.3,15.8,271,0.1,11,4,8,36.4,28.5,13.1,12.0,60.1,43.7,21.516666666666666,16.758333333333333,26.2375
2026-08-14 12:00:00,80.5,28.6,64,950.1,10.6,271,0.1,12,4,8,25.1,26.4,12.7,12.0,51.7,50.2,23.516666666666666,17.849999999999998,24.77916666666667
2026-08-14 13:00:00,75.4,27.4,73,950.5,7.9,267,0.2,13,4,8,80.5,36.4,12.0,12.0,41.9,57.7,34.81666666666666,23.558333333333334,25.979166666666668
2026-08-14 14:00:00,66.6,23.9,92,951.4,12.0,294,2.2,14,4,8,75.4,25.1,28.5,12.0,46.1,46.4,45.383333333333326,28.84166666666667,27.375
2026-08-14 15:00:00,65.1,24.0,91,951.6,11.0,285,0.6,15,4,8,66.6,80.5,26.4,12.0,52.7,59.9,51.73333333333333,33.391666666666666,28.229166666666668
2026-08-14 16:00:00,43.3,24.1,90,952.3,11.6,274,0.1,16,4,8,65.1,75.4,36.4,12.0,56.9,24.8,58.18333333333334,37.81666666666666,28.745833333333334
2026-08-14 17:00:00,32.5,23.9,91,952.5,11.0,272,0.0,17,4,8,43.3,66.6,25.1,13.1,40.1,34.1,59.333333333333336,40.425,28.17916666666667
2026-08-14 18:00:00,42.9,24.3,88,952.0,12.8,274,0.0,18,4,8,32.5,65.1,80.5,12.7,12.0,37.5,60.56666666666666,42.041666666666664,27.8625
2026-08-14 19:00:00,22.2,24.4,87,951.2,12.5,275,0.0,19,4,8,42.9,43.3,75.4,12.0,31.1,12.4,54.300000000000004,44.55833333333333,29.150000000000002
2026-08-14 20:00:00,12.0,24.5,85,951.3,13.0,273,0.0,20,4,8,22.2,32.5,66.6,28.5,12.0,47.3,45.43333333333333,45.40833333333333,28.779166666666665
2026-08-14 21:00:00,15.5,24.3,84,951.1,14.0,271,0.0,21,4,8,12.0,42.9,65.1,26.4,12.0,12.0,36.333333333333336,44.03333333333333,28.779166666666665
2026-08-14 22:00:00,12.0,24.1,84,950.9,14.7,276,0.0,22,4,8,15.5,22.2,43.3,36.4,12.0,12.3,28.066666666666666,43.125,28.924999999999997
2026-08-14 23:00:00,12.0,23.9,84,951.0,14.4,280,0.0,23,4,8,12.0,12.0,32.5,25.1,12.0,12.0,22.849999999999998,41.09166666666667,28.924999999999997
2026-08-15 00:00:00,12.0,24.0,82,951.6,15.0,274,0.0,0,5,8,12.0,15.5,42.9,80.5,12.0,12.0,19.433333333333334,40.0,28.924999999999997
2026-08-15 01:00:00,12.0,23.8,83,951.9,14.8,275,0.0,1,5,8,12.0,12.0,22.2,75.4,12.0,12.0,14.283333333333331,34.291666666666664,28.924999999999997
2026-08-15 02:00:00,12.0,24.2,81,952.5,14.4,274,0.0,2,5,8,12.0,12.0,12.0,66.6,12.0,12.0,12.583333333333334,29.008333333333336,28.924999999999997
2026-08-15 03:00:00,12.0,25.4,76,952.6,16.2,274,0.0,3,5,8,12.0,12.0,15.5,65.1,12.0,12.0,12.583333333333334,24.458333333333332,28.924999999999997
2026-08-15 04:00:00,12.0,26.7,69,953.3,18.7,281,0.0,4,5,8,12.0,12.0,12.0,43.3,12.0,12.0,12.0,20.033333333333335,28.924999999999997
2026-08-15 05:00:00,12.0,27.9,64,953.0,19.3,282,0.2,5,5,8,12.0,12.0,12.0,32.5,13.1,12.1,12.0,17.425,28.924999999999997
2026-08-15 06:00:00,12.0,28.3,60,953.2,19.4,277,0.1,6,5,8,12.0,12.0,12.0,42.9,12.7,23.3,12.0,15.716666666666669,28.879166666666663
2026-08-15 07:00:00,12.0,29.3,56,952.4,19.2,278,0.0,7,5,8,12.0,12.0,12.0,22.2,12.0,14.7,12.0,13.141666666666667,28.849999999999998
2026-08-15 08:00:00,14.4,30.0,53,951.6,19.4,280,0.1,8,5,8,12.0,12.0,12.0,12.0,28.5,33.5,12.0,12.291666666666666,28.849999999999998
2026-08-15 09:00:00,28.6,30.3,52,950.3,18.3,283,0.1,9,5,8,14.4,12.0,12.0,15.5,26.4,57.5,12.4,12.491666666666665,28.262500000000003
2026-08-15 10:00:00,24.9,30.2,53,949.9,18.2,282,0.2,10,5,8,28.6,12.0,12.0,12.0,36.4,37.5,15.166666666666666,13.583333333333334,28.35416666666666
2026-08-15 11:00:00,36.6,30.1,53,949.2,16.9,277,0.2,11,5,8,24.9,14.4,12.0,12.0,25.1,60.1,17.316666666666666,14.658333333333331,27.875
2026-08-15 12:00:00,66.7,29.3,57,950.0,15.1,278,0.0,12,5,8,36.6,28.6,12.0,12.0,80.5,51.7,21.416666666666668,16.708333333333332,28.35416666666666
2026-08-15 13:00:00,62.6,28.1,64,950.6,11.9,280,0.1,13,5,8,66.7,24.9,12.0,12.0,75.4,41.9,30.533333333333335,21.266666666666666,27.77916666666667
2026-08-15 14:00:00,75.1,26.9,73,951.3,8.5,295,0.0,14,5,8,62.6,36.6,14.4,12.0,66.6,46.1,38.96666666666667,25.483333333333334,27.245833333333334
2026-08-15 15:00:00,61.2,26.2,78,952.0,7.9,271,0.0,15,5,8,75.1,66.7,28.6,12.0,65.1,52.7,49.083333333333336,30.741666666666664,27.599999999999994
2026-08-15 16:00:00,46.9,25.6,77,952.4,9.8,252,0.0,16,5,8,61.2,62.6,24.9,12.0,43.3,56.9,54.51666666666666,34.84166666666666,27.4375
2026-08-15 17:00:00,12.7,25.1,78,952.6,10.0,261,0.0,17,5,8,46.9,75.1,36.6,12.0,32.5,40.1,58.18333333333334,37.75,27.587499999999995
2026-08-15 18:00:00,13.9,25.6,77,952.0,14.8,260,0.0,18,5,8,12.7,61.2,66.7,12.0,42.9,12.0,54.199999999999996,37.80833333333333,26.7625
2026-08-15 19:00:00,12.0,25.3,78,951.9,15.7,267,0.0,19,5,8,13.9,46.9,62.6,12.0,22.2,31.1,45.4,37.96666666666666,25.554166666666664
2026-08-15 20:00:00,12.0,24.8,79,951.3,15.8,263,0.0,20,5,8,12.0,12.7,75.1,14.4,12.0,12.0,36.96666666666666,37.96666666666666,25.129166666666666
2026-08-15 21:00:00,12.0,24.4,81,950.9,15.5,267,0.0,21,5,8,12.0,13.9,61.2,28.6,15.5,12.0,26.45,37.766666666666666,25.129166666666666
2026-08-15 22:00:00,12.0,24.1,82,950.9,14.2,271,0.0,22,5,8,12.0,12.0,46.9,24.9,12.0,12.0,18.25,36.38333333333333,24.983333333333334
2026-08-15 23:00:00,12.0,23.9,83,951.0,13.5,274,0.0,23,5,8,12.0,12.0,12.7,36.6,12.0,12.0,12.433333333333332,35.30833333333333,24.983333333333334
2026-08-16 00:00:00,12.0,23.9,85,950.9,13.9,273,0.0,0,6,8,12.0,12.0,13.9,66.7,12.0,12.0,12.316666666666665,33.25833333333333,24.983333333333334
2026-08-16 01:00:00,12.0,23.8,85,951.5,13.5,270,0.0,1,6,8,12.0,12.0,12.0,62.6,12.0,12.0,12.0,28.7,24.983333333333334
2026-08-16 02:00:00,12.0,24.2,84,952.3,12.6,267,0.0,2,6,8,12.0,12.0,12.0,75.1,12.0,12.0,12.0,24.48333333333333,24.983333333333334
2026-08-16 03:00:00,12.0,24.6,82,952.5,13.3,271,0.0,3,6,8,12.0,12.0,12.0,61.2,12.0,12.0,12.0,19.224999999999998,24.983333333333334
2026-08-16 04:00:00,12.0,26.0,74,952.7,15.9,280,0.0,4,6,8,12.0,12.0,12.0,46.9,12.0,12.0,12.0,15.125,24.983333333333334
2026-08-16 05:00:00,12.0,26.4,71,952.5,16.1,284,0.2,5,6,8,12.0,12.0,12.0,12.7,12.0,13.1,12.0,12.216666666666667,24.983333333333334
2026-08-16 06:00:00,22.9,28.3,62,952.7,15.3,279,0.0,6,6,8,12.0,12.0,12.0,13.9,12.0,12.7,12.0,12.158333333333331,24.983333333333334
2026-08-16 07:00:00,25.2,28.4,61,952.1,14.7,284,0.0,7,6,8,22.9,12.0,12.0,12.0,12.0,12.0,13.816666666666668,12.908333333333333,25.4375
2026-08-16 08:00:00,12.0,28.5,60,951.6,15.2,289,0.0,8,6,8,25.2,12.0,12.0,12.0,14.4,28.5,16.016666666666666,14.008333333333335,25.9875
2026-08-16 09:00:00,42.4,27.7,64,950.8,15.4,284,0.2,9,6,8,12.0,22.9,12.0,12.0,28.6,26.4,16.016666666666666,14.008333333333335,25.8875
2026-08-16 10:00:00,55.3,27.3,71,950.2,11.3,287,0.3,10,6,8,42.4,25.2,12.0,12.0,24.9,36.4,21.083333333333332,16.541666666666668,26.462500000000002
2026-08-16 11:00:00,63.3,28.4,65,950.2,11.9,292,0.2,11,6,8,55.3,12.0,12.0,12.0,36.6,25.1,28.3,20.150000000000002,27.729166666666668
2026-08-16 12:00:00,59.1,28.6,62,950.6,11.4,281,0.1,12,6,8,63.3,42.4,22.9,12.0,66.7,80.5,36.85,24.425,28.84166666666667
2026-08-16 13:00:00,70.5,27.9,66,950.9,8.0,275,0.0,13,6,8,59.1,55.3,25.2,12.0,62.6,75.4,42.88333333333333,28.349999999999998,28.525000000000002
2026-08-16 14:00:00,66.6,27.3,70,951.2,8.3,259,0.0,14,6,8,70.5,63.3,12.0,12.0,75.1,66.6,50.43333333333334,33.225,28.854166666666668
2026-08-16 15:00:00,60.6,26.9,72,951.8,7.6,248,0.0,15,6,8,66.6,59.1,42.4,12.0,61.2,65.1,59.53333333333333,37.775,28.5
2026-08-16 16:00:00,74.6,26.4,74,952.4,7.2,252,0.0,16,6,8,60.6,70.5,55.3,12.0,46.9,43.3,62.56666666666666,41.825,28.474999999999998
2026-08-16 17:00:00,62.3,26.0,74,952.9,7.6,262,0.0,17,6,8,74.6,66.6,63.3,12.0,12.7,32.5,65.78333333333333,47.041666666666664,29.629166666666666
2026-08-16 18:00:00,52.4,26.3,75,952.6,9.5,245,0.0,18,6,8,62.3,60.6,59.1,22.9,13.9,42.9,65.61666666666666,51.23333333333333,31.69583333333333
2026-08-16 19:00:00,27.2,25.8,77,952.3,11.8,250,0.0,19,6,8,52.4,74.6,70.5,25.2,12.0,22.2,64.49999999999999,53.69166666666667,33.300000000000004
2026-08-16 20:00:00,12.0,25.4,77,952.0,14.9,255,0.0,20,6,8,27.2,62.3,66.6,12.0,12.0,12.0,57.28333333333333,53.85833333333333,33.93333333333333
2026-08-16 21:00:00,12.0,24.8,78,951.9,14.1,259,0.0,21,6,8,12.0,52.4,60.6,42.4,12.0,15.5,48.18333333333333,53.85833333333333,33.93333333333333
2026-08-16 22:00:00,12.0,24.6,80,951.8,13.5,260,0.0,22,6,8,12.0,27.2,74.6,55.3,12.0,12.0,40.083333333333336,51.324999999999996,33.93333333333333
2026-08-16 23:00:00,12.0,24.3,82,952.0,13.3,262,0.0,23,6,8,12.0,12.0,62.3,63.3,12.0,12.0,29.650000000000002,47.71666666666666,33.93333333333333
2026-08-17 00:00:00,12.0,24.2,82,952.1,14.4,261,0.0,0,0,8,12.0,12.0,52.4,59.1,12.0,12.0,21.266666666666666,43.44166666666666,33.93333333333333
2026-08-17 01:00:00,12.0,23.7,84,952.6,14.5,264,0.0,1,0,8,12.0,12.0,27.2,70.5,12.0,12.0,14.533333333333331,39.516666666666666,33.93333333333333
2026-08-17 02:00:00,12.0,24.6,80,953.2,14.4,270,0.0,2,0,8,12.0,12.0,12.0,66.6,12.0,12.0,12.0,34.64166666666666,33.93333333333333
2026-08-17 03:00:00,12.0,26.2,72,953.5,17.9,276,0.0,3,0,8,12.0,12.0,12.0,60.6,12.0,12.0,12.0,30.091666666666665,33.93333333333333
2026-08-17 04:00:00,12.0,27.8,64,954.0,18.0,274,0.0,4,0,8,12.0,12.0,12.0,74.6,12.0,12.0,12.0,26.04166666666666,33.93333333333333
2026-08-17 05:00:00,12.0,28.6,61,954.3,17.5,273,0.0,5,0,8,12.0,12.0,12.0,62.3,12.0,12.0,12.0,20.825,33.93333333333333
2026-08-17 06:00:00,34.1,29.6,55,954.2,18.4,272,0.0,6,0,8,12.0,12.0,12.0,52.4,22.9,12.0,12.0,16.633333333333336,33.93333333333333
2026-08-17 07:00:00,16.8,30.0,53,953.7,19.4,270,0.1,7,0,8,34.1,12.0,12.0,27.2,25.2,12.0,15.683333333333335,15.108333333333334,34.4
2026-08-17 08:00:00,12.0,29.8,55,953.0,19.1,267,0.1,8,0,8,16.8,12.0,12.0,12.0,12.0,14.4,16.483333333333334,14.241666666666667,34.05
2026-08-17 09:00:00,37.1,30.1,56,952.0,18.0,267,0.1,9,0,8,12.0,34.1,12.0,12.0,42.4,28.6,16.483333333333334,14.241666666666667,34.05
2026-08-17 10:00:00,42.1,30.2,55,951.5,16.0,269,0.0,10,0,8,37.1,16.8,12.0,12.0,55.3,24.9,20.666666666666668,16.333333333333332,33.829166666666666
2026-08-17 11:00:00,49.2,30.0,55,951.2,15.1,269,0.2,11,0,8,42.1,12.0,12.0,12.0,63.3,36.6,25.683333333333337,18.841666666666665,33.27916666666666
2026-08-17 12:00:00,47.4,29.5,57,951.8,16.6,275,0.3,12,0,8,49.2,37.1,34.1,12.0,59.1,66.7,31.883333333333336,21.941666666666666,32.69166666666667
2026-08-17 13:00:00,14.0,28.5,60,952.5,15.4,276,0.1,13,0,8,47.4,42.1,16.8,12.0,70.5,62.6,34.1,24.891666666666666,32.204166666666666
2026-08-17 14:00:00,72.2,27.6,66,953.1,12.6,272,0.0,14,0,8,14.0,49.2,12.0,12.0,66.6,75.1,33.63333333333333,25.058333333333334,29.849999999999998
2026-08-17 15:00:00,46.4,27.0,68,953.7,11.7,267,0.0,15,0,8,72.2,47.4,37.1,12.0,60.6,61.2,43.666666666666664,30.075,30.083333333333332
2026-08-17 16:00:00,17.4,26.6,70,954.2,11.9,273,0.0,16,0,8,46.4,14.0,42.1,12.0,74.6,46.9,45.21666666666667,32.94166666666667,29.49166666666667
2026-08-17 17:00:00,33.3,26.5,69,954.4,12.2,270,0.0,17,0,8,17.4,72.2,49.2,12.0,62.3,12.7,41.1,33.391666666666666,27.108333333333334
2026-08-17 18:00:00,20.7,26.2,69,953.9,14.1,268,0.0,18,0,8,33.3,46.4,47.4,34.1,52.4,13.9,38.449999999999996,35.166666666666664,25.900000000000002
2026-08-17 19:00:00,17.5,25.6,71,953.6,12.8,268,0.0,19,0,8,20.7,17.4,14.0,16.8,27.2,12.0,34.0,34.05,24.579166666666666
2026-08-17 20:00:00,12.0,25.1,74,953.2,12.5,266,0.0,20,0,8,17.5,33.3,72.2,12.0,12.0,12.0,34.583333333333336,34.108333333333334,24.175
2026-08-17 21:00:00,12.0,24.7,76,952.8,10.8,267,0.0,21,0,8,12.0,20.7,46.4,37.1,12.0,12.0,24.55,34.108333333333334,24.175
2026-08-17 22:00:00,12.0,24.6,77,952.9,10.6,266,0.0,22,0,8,12.0,17.5,17.4,42.1,12.0,12.0,18.816666666666666,32.016666666666666,24.175
2026-08-17 23:00:00,12.0,24.5,77,952.9,12.1,267,0.0,23,0,8,12.0,12.0,33.3,49.2,12.0,12.0,17.916666666666668,29.50833333333333,24.175
2026-08-18 00:00:00,12.0,24.2,79,953.4,13.5,268,0.0,0,1,8,12.0,12.0,20.7,47.4,12.0,12.0,14.366666666666667,26.40833333333333,24.175
2026-08-18 01:00:00,12.0,23.9,81,953.5,13.7,268,0.0,1,1,8,12.0,12.0,17.5,14.0,12.0,12.0,12.916666666666666,23.458333333333332,24.175
2026-08-18 02:00:00,12.0,24.4,78,954.1,15.8,272,0.0,2,1,8,12.0,12.0,12.0,72.2,12.0,12.0,12.0,23.291666666666668,24.175
2026-08-18 03:00:00,12.0,25.6,71,954.3,17.4,276,0.0,3,1,8,12.0,12.0,12.0,46.4,12.0,12.0,12.0,18.275,24.175
2026-08-18 04:00:00,12.0,26.9,64,954.8,18.7,281,0.0,4,1,8,12.0,12.0,12.0,17.4,12.0,12.0,12.0,15.408333333333331,24.175
2026-08-18 05:00:00,12.0,28.3,58,955.1,17.1,282,0.0,5,1,8,12.0,12.0,12.0,33.3,12.0,12.0,12.0,14.958333333333334,24.175
2026-08-18 06:00:00,12.0,29.3,53,954.9,16.1,281,0.0,6,1,8,12.0,12.0,12.0,20.7,34.1,22.9,12.0,13.183333333333332,24.175
2026-08-18 07:00:00,28.4,30.7,47,954.3,16.6,287,0.1,7,1,8,12.0,12.0,12.0,17.5,16.8,25.2,12.0,12.458333333333334,23.254166666666666
2026-08-18 08:00:00,39.5,31.2,46,953.1,15.9,286,0.4,8,1,8,28.4,12.0,12.0,12.0,12.0,12.0,14.733333333333333,13.366666666666667,23.7375
2026-08-18 09:00:00,22.7,31.0,47,952.1,16.3,276,0.4,9,1,8,39.5,12.0,12.0,12.0,37.1,42.4,19.316666666666666,15.658333333333333,24.883333333333336
2026-08-18 10:00:00,39.0,30.4,51,951.4,15.5,280,0.3,10,1,8,22.7,28.4,12.0,12.0,42.1,55.3,21.099999999999998,16.55,24.283333333333335
2026-08-18 11:00:00,39.0,28.3,66,951.3,14.8,284,0.4,11,1,8,39.0,39.5,12.0,12.0,49.2,63.3,25.599999999999998,18.8,24.15416666666667
2026-08-18 12:00:00,59.2,27.7,69,951.5,10.9,278,0.0,12,1,8,39.0,22.7,12.0,12.0,47.4,59.1,30.099999999999998,21.05,23.729166666666668
2026-08-18 13:00:00,59.4,26.9,74,952.3,8.7,266,0.0,13,1,8,59.2,39.0,28.4,12.0,14.0,70.5,37.96666666666667,24.983333333333334,24.22083333333333
2026-08-18 14:00:00,55.9,26.2,78,952.8,12.1,271,0.0,14,1,8,59.4,39.0,39.5,12.0,72.2,66.6,43.13333333333333,28.933333333333334,26.112499999999997
2026-08-18 15:00:00,55.2,25.5,80,953.0,8.7,262,0.0,15,1,8,55.9,59.2,22.7,12.0,46.4,60.6,45.86666666666667,32.59166666666667,25.433333333333337
2026-08-18 16:00:00,53.0,25.2,82,953.6,8.1,258,0.0,16,1,8,55.2,59.4,39.0,12.0,17.4,74.6,51.28333333333333,36.19166666666667,25.799999999999997
2026-08-18 17:00:00,40.1,25.2,83,953.6,8.8,259,0.0,17,1,8,53.0,55.9,39.0,12.0,33.3,62.3,53.61666666666667,39.608333333333334,27.28333333333333
2026-08-18 18:00:00,25.5,25.4,80,953.2,13.2,256,0.0,18,1,8,40.1,55.2,59.2,12.0,20.7,52.4,53.800000000000004,41.95,27.566666666666666
2026-08-18 19:00:00,12.0,24.7,82,952.9,12.1,255,0.2,19,1,8,25.5,53.0,59.4,28.4,17.5,27.2,48.18333333333334,43.074999999999996,27.766666666666666
2026-08-18 20:00:00,20.3,23.9,85,952.5,11.9,270,0.3,20,1,8,12.0,40.1,55.9,39.5,12.0,12.0,40.28333333333334,41.708333333333336,27.537499999999998
2026-08-18 21:00:00,24.7,24.0,86,952.0,13.0,270,0.1,21,1,8,20.3,25.5,55.2,22.7,12.0,12.0,34.35,40.10833333333333,27.88333333333333
2026-08-18 22:00:00,12.0,23.9,86,952.0,12.4,271,0.0,22,1,8,24.7,12.0,53.0,39.0,12.0,12.0,29.266666666666666,40.275,28.412499999999998
2026-08-18 23:00:00,12.0,23.9,86,951.9,12.9,277,0.0,23,1,8,12.0,20.3,40.1,39.0,12.0,12.0,22.433333333333334,38.025,28.412499999999998
2026-08-19 00:00:00,15.1,24.3,81,952.1,14.5,282,0.0,0,2,8,12.0,24.7,25.5,59.2,12.0,12.0,17.75,35.775,28.412499999999998
2026-08-19 01:00:00,12.0,24.2,80,952.8,13.6,278,0.0,1,2,8,15.1,12.0,12.0,59.4,12.0,12.0,16.01666666666667,32.1,28.541666666666668
2026-08-19 02:00:00,25.0,24.8,78,953.4,14.3,281,0.0,2,2,8,12.0,12.0,20.3,55.9,12.0,12.0,16.016666666666666,28.150000000000002,28.541666666666668
2026-08-19 03:00:00,12.0,25.5,74,953.6,16.6,289,0.0,3,2,8,25.0,15.1,24.7,55.2,12.0,12.0,16.8,25.575,29.083333333333332
2026-08-19 04:00:00,12.0,26.7,67,954.1,15.8,293,0.0,4,2,8,12.0,12.0,12.0,53.0,12.0,12.0,14.683333333333332,21.974999999999998,29.083333333333332
2026-08-19 05:00:00,12.0,27.3,64,954.2,14.8,294,0.0,5,2,8,12.0,25.0,12.0,40.1,12.0,12.0,14.683333333333332,18.558333333333334,29.083333333333332
2026-08-19 06:00:00,12.0,28.2,59,954.0,14.9,292,0.1,6,2,8,12.0,12.0,15.1,25.5,12.0,34.1,14.683333333333332,16.21666666666667,29.083333333333332
2026-08-19 07:00:00,12.0,28.7,56,953.7,14.8,291,0.1,7,2,8,12.0,12.0,12.0,12.0,28.4,16.8,14.166666666666666,15.091666666666669,29.083333333333332
2026-08-19 08:00:00,34.8,29.3,53,952.9,15.9,290,0.1,8,2,8,12.0,12.0,25.0,20.3,39.5,12.0,14.166666666666666,15.091666666666669,28.400000000000002
2026-08-19 09:00:00,23.4,29.2,51,952.0,16.6,301,0.3,9,2,8,34.8,12.0,12.0,24.7,22.7,37.1,15.799999999999999,16.3,28.204166666666666
2026-08-19 10:00:00,69.8,26.9,68,951.6,13.3,318,1.1,10,2,8,23.4,12.0,12.0,12.0,39.0,42.1,17.7,16.191666666666666,28.23333333333333
2026-08-19 11:00:00,79.6,27.4,68,951.4,8.6,303,0.4,11,2,8,69.8,34.8,12.0,12.0,39.0,49.2,27.333333333333332,21.008333333333333,29.516666666666666
2026-08-19 12:00:00,59.3,27.7,62,951.7,14.2,297,0.0,12,2,8,79.6,23.4,12.0,15.1,59.2,47.4,38.6,26.641666666666666,31.208333333333332
2026-08-19 13:00:00,31.5,26.7,68,952.1,10.8,296,0.0,13,2,8,59.3,69.8,12.0,12.0,59.4,14.0,46.48333333333333,30.325,31.212500000000002
2026-08-19 14:00:00,70.1,25.8,73,952.7,10.2,284,0.0,14,2,8,31.5,79.6,34.8,25.0,55.9,72.2,49.73333333333333,31.95,30.05
2026-08-19 15:00:00,55.5,25.1,79,953.1,9.0,270,0.2,15,2,8,70.1,59.3,23.4,12.0,55.2,46.4,55.61666666666667,35.70833333333333,30.641666666666666
2026-08-19 16:00:00,61.0,24.7,83,953.5,8.9,262,0.1,16,2,8,55.5,31.5,69.8,12.0,53.0,17.4,60.96666666666667,39.33333333333333,30.65416666666667
2026-08-19 17:00:00,45.5,24.7,83,953.7,8.6,268,0.0,17,2,8,61.0,70.1,79.6,12.0,40.1,33.3,59.5,43.416666666666664,30.9875
2026-08-19 18:00:00,20.9,25.1,84,953.2,7.0,260,0.0,18,2,8,45.5,55.5,59.3,12.0,25.5,20.7,53.81666666666666,46.208333333333336,31.212500000000002
2026-08-19 19:00:00,39.6,24.4,88,952.7,7.2,284,0.1,19,2,8,20.9,61.0,31.5,12.0,12.0,17.5,47.416666666666664,46.949999999999996,31.020833333333332
2026-08-19 20:00:00,12.0,24.0,89,952.7,10.0,285,0.3,20,2,8,39.6,45.5,70.1,34.8,20.3,12.0,48.76666666666667,49.25,32.170833333333334
2026-08-19 21:00:00,14.2,23.0,91,952.0,8.9,249,0.6,21,2,8,12.0,20.9,55.5,23.4,24.7,12.0,39.083333333333336,47.35,31.825000000000003
2026-08-19 22:00:00,12.0,23.3,90,951.9,9.9,270,0.1,22,2,8,14.2,39.6,61.0,69.8,12.0,12.0,32.199999999999996,46.583333333333336,31.3875
2026-08-19 23:00:00,12.0,23.6,89,951.9,11.4,282,0.0,23,2,8,12.0,12.0,45.5,79.6,12.0,12.0,24.03333333333333,41.76666666666666,31.3875
2026-08-20 00:00:00,12.0,23.4,89,952.1,13.8,285,0.0,0,3,8,12.0,14.2,20.9,59.3,15.1,12.0,18.45,36.13333333333333,31.3875
2026-08-20 01:00:00,12.0,23.4,87,952.4,14.5,290,0.0,1,3,8,12.0,12.0,39.6,31.5,12.0,12.0,16.96666666666667,32.19166666666666,31.25833333333333
2026-08-20 02:00:00,12.0,24.4,82,953.1,12.9,290,0.0,2,3,8,12.0,12.0,12.0,70.1,25.0,12.0,12.366666666666667,30.566666666666663,31.25833333333333
2026-08-20 03:00:00,12.0,25.5,75,953.6,17.6,296,0.0,3,3,8,12.0,12.0,14.2,55.5,12.0,12.0,12.366666666666667,25.724999999999998,30.716666666666665
2026-08-20 04:00:00,12.0,26.9,68,954.1,16.9,301,0.0,4,3,8,12.0,12.0,12.0,61.0,12.0,12.0,12.0,22.099999999999998,30.716666666666665
2026-08-20 05:00:00,26.3,28.1,61,953.9,16.6,301,0.0,5,3,8,12.0,12.0,12.0,45.5,12.0,12.0,12.0,18.01666666666667,30.716666666666665
2026-08-20 06:00:00,12.0,28.6,58,953.9,15.4,303,0.0,6,3,8,26.3,12.0,12.0,20.9,12.0,12.0,14.383333333333333,16.416666666666668,31.3125
2026-08-20 07:00:00,28.6,29.4,54,953.1,15.9,297,0.0,7,3,8,12.0,12.0,12.0,39.6,12.0,28.4,14.383333333333333,15.675000000000002,31.3125
2026-08-20 08:00:00,39.6,30.0,50,952.3,16.4,294,0.0,8,3,8,28.6,26.3,12.0,12.0,34.8,39.5,17.150000000000002,14.758333333333333,32.00416666666666
2026-08-20 09:00:00,45.6,30.0,50,951.4,16.1,295,0.0,9,3,8,39.6,12.0,12.0,14.2,23.4,22.7,21.75,17.058333333333334,32.204166666666666
2026-08-20 10:00:00,42.4,30.0,51,951.0,14.7,298,0.0,10,3,8,45.6,28.6,12.0,12.0,69.8,39.0,27.349999999999998,19.675,33.12916666666667
2026-08-20 11:00:00,72.9,30.3,50,950.5,15.4,300,0.0,11,3,8,42.4,39.6,26.3,12.0,79.6,39.0,32.416666666666664,22.208333333333332,31.987499999999997
2026-08-20 12:00:00,68.4,28.7,58,950.8,14.9,285,0.0,12,3,8,72.9,45.6,12.0,12.0,59.3,59.2,40.18333333333333,27.28333333333333,31.708333333333332
2026-08-20 13:00:00,72.0,27.4,67,951.2,10.2,296,0.0,13,3,8,68.4,42.4,28.6,12.0,31.5,59.4,49.583333333333336,31.983333333333334,32.0875
2026-08-20 14:00:00,58.7,26.6,72,951.6,9.9,302,0.0,14,3,8,72.0,72.9,39.6,12.0,70.1,55.9,56.81666666666666,36.983333333333334,33.775
2026-08-20 15:00:00,71.8,26.2,74,951.9,8.0,290,0.0,15,3,8,58.7,68.4,45.6,12.0,55.5,55.2,60.0,40.875,33.3
2026-08-20 16:00:00,20.5,25.7,77,952.6,7.8,274,0.0,16,3,8,71.8,72.0,42.4,12.0,61.0,53.0,64.36666666666667,45.85833333333333,33.979166666666664
2026-08-20 17:00:00,55.0,25.4,79,952.9,7.7,271,0.0,17,3,8,20.5,58.7,72.9,26.3,45.5,40.1,60.716666666666676,46.56666666666666,32.291666666666664
2026-08-20 18:00:00,66.1,25.6,79,952.8,6.8,268,0.0,18,3,8,55.0,71.8,68.4,12.0,20.9,25.5,57.73333333333333,48.958333333333336,32.6875
2026-08-20 19:00:00,12.0,25.4,78,952.6,9.7,272,0.0,19,3,8,66.1,20.5,72.0,28.6,39.6,12.0,57.35,53.46666666666667,34.57083333333333
2026-08-20 20:00:00,12.0,25.4,75,952.0,11.2,281,0.0,20,3,8,12.0,55.0,58.7,39.6,12.0,20.3,47.35,52.083333333333336,33.42083333333333
2026-08-20 21:00:00,29.4,25.2,75,951.6,11.9,280,0.0,21,3,8,12.0,66.1,71.8,45.6,14.2,24.7,39.56666666666666,49.78333333333333,33.42083333333333
2026-08-20 22:00:00,12.0,24.9,76,951.3,12.5,285,0.0,22,3,8,29.4,12.0,20.5,42.4,12.0,12.0,32.5,48.43333333333333,34.05416666666667
2026-08-20 23:00:00,12.0,24.4,79,951.3,13.0,289,0.0,23,3,8,12.0,12.0,55.0,72.9,12.0,12.0,31.083333333333332,45.9,34.05416666666667
2026-08-21 00:00:00,12.0,24.2,80,951.8,15.1,288,0.0,0,4,8,12.0,29.4,66.1,68.4,12.0,15.1,23.916666666666668,40.825,34.05416666666667
2026-08-21 01:00:00,12.0,23.9,81,952.4,14.3,289,0.0,1,4,8,12.0,12.0,12.0,72.0,12.0,12.0,14.9,36.125,34.05416666666667
2026-08-21 02:00:00,12.0,24.6,77,952.7,14.2,290,0.0,2,4,8,12.0,12.0,12.0,58.7,12.0,25.0,14.9,31.125,34.05416666666667
2026-08-21 03:00:00,12.0,25.7,70,953.1,15.6,292,0.0,3,4,8,12.0,12.0,29.4,71.8,12.0,12.0,14.9,27.233333333333334,34.05416666666667
2026-08-21 04:00:00,21.3,27.0,65,953.6,15.2,293,0.0,4,4,8,12.0,12.0,12.0,20.5,12.0,12.0,12.0,22.25,34.05416666666667
2026-08-21 05:00:00,12.0,28.5,58,953.3,17.4,296,0.0,5,4,8,21.3,12.0,12.0,55.0,26.3,12.0,13.549999999999999,22.316666666666666,34.44166666666667
2026-08-21 06:00:00,12.0,29.6,53,953.1,16.8,300,0.0,6,4,8,12.0,12.0,12.0,66.1,12.0,12.0,13.549999999999999,18.73333333333333,33.84583333333333
2026-08-21 07:00:00,41.8,30.1,49,952.6,17.5,297,0.0,7,4,8,12.0,21.3,12.0,12.0,28.6,12.0,13.549999999999999,14.225,33.84583333333333
2026-08-21 08:00:00,26.3,30.6,46,951.5,18.1,298,0.0,8,4,8,41.8,12.0,12.0,12.0,39.6,34.8,18.516666666666666,16.708333333333332,34.395833333333336
2026-08-21 09:00:00,21.1,30.9,46,950.8,18.5,297,0.0,9,4,8,26.3,12.0,12.0,29.4,45.6,23.4,20.9,17.900000000000002,33.84166666666667
2026-08-21 10:00:00,32.7,30.9,46,950.1,16.9,298,0.0,10,4,8,21.1,41.8,21.3,12.0,42.4,69.8,22.416666666666668,17.208333333333332,32.82083333333333
2026-08-21 11:00:00,46.2,30.6,48,949.7,15.9,296,0.0,11,4,8,32.7,26.3,12.0,12.0,72.9,79.6,24.316666666666666,18.933333333333334,32.416666666666664
2026-08-21 12:00:00,53.5,30.6,48,949.9,11.6,306,0.0,12,4,8,46.2,21.1,12.0,12.0,68.4,59.3,30.01666666666667,21.78333333333333,31.304166666666664
2026-08-21 13:00:00,87.1,29.4,55,950.5,7.4,328,0.0,13,4,8,53.5,32.7,41.8,12.0,72.0,31.5,36.93333333333334,25.241666666666664,30.683333333333334
2026-08-21 14:00:00,69.0,28.3,62,951.2,6.1,341,0.0,14,4,8,87.1,46.2,26.3,12.0,58.7,70.1,44.48333333333333,31.5,31.3125
2026-08-21 15:00:00,64.5,27.9,65,951.9,4.9,231,0.0,15,4,8,69.0,53.5,21.1,12.0,71.8,55.5,51.6,36.25,31.74166666666667
2026-08-21 16:00:00,41.1,27.1,71,952.4,6.5,270,0.1,16,4,8,64.5,87.1,32.7,21.3,20.5,61.0,58.833333333333336,40.625,31.4375
2026-08-21 17:00:00,36.9,26.4,74,952.6,6.7,273,0.1,17,4,8,41.1,69.0,46.2,12.0,55.0,45.5,60.23333333333333,42.275,32.295833333333334
2026-08-21 18:00:00,45.0,26.0,77,952.2,8.1,291,0.0,18,4,8,36.9,64.5,53.5,12.0,66.1,20.9,58.68333333333334,44.35,31.541666666666668
2026-08-21 19:00:00,56.4,25.7,76,951.7,11.0,268,0.0,19,4,8,45.0,41.1,87.1,41.8,12.0,39.6,57.26666666666667,47.1,30.662500000000005
2026-08-21 20:00:00,12.0,25.4,73,951.3,14.3,275,0.0,20,4,8,56.4,36.9,69.0,26.3,12.0,12.0,52.15,48.31666666666667,32.5125
2026-08-21 21:00:00,12.0,25.1,73,951.1,15.9,274,0.0,21,4,8,12.0,45.0,64.5,21.1,29.4,14.2,42.65,47.125,32.512499999999996
2026-08-21 22:00:00,12.0,24.8,74,951.0,15.1,279,0.0,22,4,8,12.0,56.4,41.1,32.7,12.0,12.0,33.9,46.366666666666674,31.787499999999998
2026-08-21 23:00:00,12.0,24.4,76,951.3,13.7,280,0.0,23,4,8,12.0,12.0,36.9,46.2,12.0,12.0,29.049999999999997,44.64166666666667,31.787499999999998
