timestamp,temperature,humidity,pressure,wind_speed,wind_direction,rainfall
2026-02-24 00:00:00,24.0,43,1002.3,8.1,31,0.0
2026-02-24 01:00:00,24.3,41,1002.9,7.6,36,0.0
2026-02-24 02:00:00,24.1,40,1004.0,7.4,6,0.0
2026-02-24 03:00:00,24.7,39,1004.9,5.3,123,0.0
2026-02-24 04:00:00,25.9,37,1005.7,6.2,98,0.0
2026-02-24 05:00:00,28.6,31,1006.1,6.7,92,0.0
2026-02-24 06:00:00,31.5,26,1005.8,7.2,104,0.0
2026-02-24 07:00:00,32.8,22,1005.2,6.8,119,0.0
2026-02-24 08:00:00,33.2,20,1004.3,6.0,119,0.0
2026-02-24 09:00:00,33.8,20,1003.3,4.5,143,0.0
2026-02-24 10:00:00,34.1,19,1002.7,5.4,160,0.0
2026-02-24 11:00:00,34.0,19,1002.5,8.7,193,0.0
2026-02-24 12:00:00,33.4,19,1002.6,6.0,83,0.0
2026-02-24 13:00:00,32.5,20,1002.9,5.1,82,0.0
2026-02-24 14:00:00,31.3,22,1003.8,2.7,110,0.0
2026-02-24 15:00:00,30.9,23,1004.3,4.0,306,0.0
2026-02-24 16:00:00,30.2,25,1004.6,6.4,320,0.0
2026-02-24 17:00:00,29.6,26,1004.8,4.1,38,0.0
2026-02-24 18:00:00,28.2,30,1004.6,2.2,76,0.0
2026-02-24 19:00:00,27.2,33,1004.3,7.8,42,0.0
2026-02-24 20:00:00,25.9,36,1004.3,7.3,74,0.0
2026-02-24 21:00:00,25.0,38,1004.2,6.1,114,0.0
2026-02-24 22:00:00,24.2,40,1004.4,5.2,196,0.0
2026-02-24 23:00:00,24.0,41,1004.4,1.6,96,0.0
2026-02-25 00:00:00,24.3,42,1004.5,5.3,8,0.0
2026-02-25 01:00:00,24.8,41,1005.2,6.0,37,0.0
2026-02-25 02:00:00,24.1,43,1005.9,6.4,68,0.0
2026-02-25 03:00:00,24.7,41,1006.6,6.9,76,0.0
2026-02-25 04:00:00,27.2,36,1007.0,6.0,93,0.0
2026-02-25 05:00:00,29.9,32,1006.9,6.7,106,0.0
2026-02-25 06:00:00,32.2,27,1006.7,5.1,138,0.0
2026-02-25 07:00:00,33.8,23,1005.8,5.0,139,0.0
2026-02-25 08:00:00,34.9,20,1004.9,6.2,134,0.0
2026-02-25 09:00:00,35.2,19,1003.8,6.3,143,0.0
2026-02-25 10:00:00,35.2,19,1003.3,7.2,161,0.0
2026-02-25 11:00:00,34.9,18,1003.5,9.7,170,0.0
2026-02-25 12:00:00,33.9,20,1003.5,10.0,150,0.0
2026-02-25 13:00:00,32.8,23,1003.7,10.0,172,0.0
2026-02-25 14:00:00,32.3,25,1004.4,7.4,186,0.0
2026-02-25 15:00:00,32.0,25,1005.0,2.2,166,0.0
2026-02-25 16:00:00,30.7,27,1005.4,0.7,346,0.0
2026-02-25 17:00:00,30.2,29,1005.6,2.5,270,0.0
2026-02-25 18:00:00,28.9,33,1005.8,9.2,208,0.0
2026-02-25 19:00:00,27.2,38,1005.7,9.6,213,0.0
2026-02-25 20:00:00,26.4,41,1005.5,8.9,218,0.0
2026-02-25 21:00:00,25.4,43,1005.2,8.2,199,0.0
2026-02-25 22:00:00,24.7,45,1004.7,8.2,261,0.0
2026-02-25 23:00:00,24.0,47,1004.7,9.4,269,0.0
2026-02-26 00:00:00,23.1,54,1004.4,8.8,285,0.0
2026-02-26 01:00:00,22.5,58,1004.9,7.4,292,0.0
2026-02-26 02:00:00,21.9,61,1005.7,3.7,215,0.0
2026-02-26 03:00:00,22.8,59,1006.5,3.8,259,0.0
2026-02-26 04:00:00,24.7,53,1006.9,4.2,265,0.0
2026-02-26 05:00:00,27.4,43,1006.6,3.2,270,0.0
2026-02-26 06:00:00,30.1,35,1006.3,3.6,229,0.0
2026-02-26 07:00:00,32.0,29,1005.5,7.4,221,0.0
2026-02-26 08:00:00,32.7,27,1004.4,9.1,221,0.0
2026-02-26 09:00:00,33.0,27,1003.3,9.1,214,0.0
2026-02-26 10:00:00,33.1,26,1002.4,8.7,202,0.0
2026-02-26 11:00:00,32.8,27,1002.1,8.8,197,0.0
2026-02-26 12:00:00,32.0,27,1001.7,10.4,190,0.0
2026-02-26 13:00:00,30.9,25,1002.2,11.8,189,0.0
2026-02-26 14:00:00,29.6,27,1002.7,11.9,179,0.0
2026-02-26 15:00:00,28.8,26,1003.3,9.1,187,0.0
2026-02-26 16:00:00,27.7,28,1003.7,8.0,196,0.0
2026-02-26 17:00:00,26.2,35,1003.6,8.4,208,0.0
2026-02-26 18:00:00,24.9,41,1003.6,8.2,189,0.0
2026-02-26 19:00:00,24.0,45,1003.1,8.1,184,0.0
2026-02-26 20:00:00,23.2,51,1003.0,8.7,197,0.0
2026-02-26 21:00:00,22.3,59,1002.5,8.3,204,0.0
2026-02-26 22:00:00,21.6,65,1002.5,7.9,192,0.0
2026-02-26 23:00:00,20.9,70,1002.4,6.8,192,0.0
2026-02-27 00:00:00,20.3,73,1002.5,6.1,208,0.0
2026-02-27 01:00:00,20.2,72,1003.1,5.7,229,0.0
2026-02-27 02:00:00,20.0,74,1003.8,5.5,226,0.0
2026-02-27 03:00:00,21.0,74,1005.0,5.5,238,0.0
2026-02-27 04:00:00,22.8,69,1005.5,5.9,247,0.0
2026-02-27 05:00:00,24.9,59,1005.5,5.4,244,0.0
2026-02-27 06:00:00,27.0,51,1005.1,5.5,216,0.0
2026-02-27 07:00:00,29.0,40,1004.1,6.6,221,0.0
2026-02-27 08:00:00,30.0,35,1002.9,8.1,225,0.0
2026-02-27 09:00:00,30.5,32,1001.9,9.2,228,0.0
2026-02-27 10:00:00,30.7,31,1001.2,8.9,228,0.0
2026-02-27 11:00:00,30.6,32,1000.9,8.5,224,0.0
2026-02-27 12:00:00,29.7,34,1000.6,9.1,221,0.0
2026-02-27 13:00:00,29.3,34,1000.9,8.4,225,0.0
2026-02-27 14:00:00,29.0,35,1001.4,5.0,199,0.0
2026-02-27 15:00:00,28.1,38,1001.9,8.2,144,0.0
2026-02-27 16:00:00,26.0,49,1002.4,9.4,172,0.0
2026-02-27 17:00:00,24.3,61,1002.6,8.7,188,0.0
2026-02-27 18:00:00,23.3,68,1002.8,9.1,195,0.0
2026-02-27 19:00:00,23.1,69,1002.7,8.8,211,0.0
2026-02-27 20:00:00,22.7,70,1002.4,7.7,219,0.0
2026-02-27 21:00:00,22.4,70,1002.0,5.9,220,0.0
2026-02-27 22:00:00,22.1,68,1001.8,7.0,224,0.0
2026-02-27 23:00:00,21.7,67,1001.5,6.7,226,0.0
2026-02-28 00:00:00,21.6,68,1001.5,6.7,289,0.0
2026-02-28 01:00:00,21.6,67,1002.2,6.4,310,0.0
2026-02-28 02:00:00,21.5,66,1003.1,5.5,341,0.0
2026-02-28 03:00:00,22.5,62,1004.2,3.4,342,0.0
2026-02-28 04:00:00,24.7,48,1005.0,4.9,327,0.0
2026-02-28 05:00:00,26.7,37,1005.3,5.9,333,0.0
2026-02-28 06:00:00,28.6,32,1004.9,5.5,333,0.0
2026-02-28 07:00:00,30.2,28,1004.1,6.4,322,0.0
2026-02-28 08:00:00,31.0,27,1002.9,7.9,315,0.0
2026-02-28 09:00:00,31.4,26,1001.9,7.3,314,0.0
2026-02-28 10:00:00,31.6,26,1001.3,7.4,311,0.0
2026-02-28 11:00:00,31.5,26,1001.1,8.0,314,0.0
2026-02-28 12:00:00,31.1,27,1001.0,8.0,306,0.0
2026-02-28 13:00:00,30.4,29,1001.5,7.1,297,0.0
2026-02-28 14:00:00,29.5,31,1002.2,4.7,272,0.0
2026-02-28 15:00:00,28.4,35,1002.9,7.0,228,0.0
2026-02-28 16:00:00,27.6,35,1003.5,5.8,265,0.0
2026-02-28 17:00:00,26.8,36,1003.6,6.5,256,0.0
2026-02-28 18:00:00,26.5,37,1003.5,5.6,291,0.0
2026-02-28 19:00:00,26.2,37,1003.4,5.1,278,0.0
2026-02-28 20:00:00,25.8,38,1003.0,5.0,289,0.0
2026-02-28 21:00:00,24.2,43,1003.0,9.3,236,0.0
2026-02-28 22:00:00,23.0,51,1002.8,7.6,252,0.0
2026-02-28 23:00:00,22.3,55,1002.7,7.4,247,0.0
2026-03-01 00:00:00,22.1,57,1002.7,8.1,273,0.0
2026-03-01 01:00:00,21.7,59,1003.8,8.7,315,0.0
2026-03-01 02:00:00,21.3,63,1004.6,7.2,309,0.0
2026-03-01 03:00:00,22.4,63,1005.4,4.6,306,0.0
2026-03-01 04:00:00,24.6,56,1006.2,4.8,304,0.0
2026-03-01 05:00:00,27.1,47,1006.4,4.3,312,0.0
2026-03-01 06:00:00,29.5,38,1006.0,5.9,315,0.0
2026-03-01 07:00:00,31.1,33,1005.3,5.1,309,0.0
2026-03-01 08:00:00,32.1,30,1004.2,4.2,313,0.0
2026-03-01 09:00:00,32.8,28,1003.3,3.8,319,0.0
2026-03-01 10:00:00,33.2,27,1002.5,4.3,318,0.0
2026-03-01 11:00:00,33.1,27,1002.2,4.8,307,0.0
2026-03-01 12:00:00,32.6,28,1002.0,2.7,290,0.0
2026-03-01 13:00:00,31.6,31,1002.3,4.6,228,0.0
2026-03-01 14:00:00,30.0,36,1003.2,6.1,203,0.0
2026-03-01 15:00:00,29.4,37,1004.0,4.7,227,0.0
2026-03-01 16:00:00,29.0,39,1004.7,6.7,264,0.0
2026-03-01 17:00:00,28.4,39,1005.2,7.7,259,0.0
2026-03-01 18:00:00,27.6,42,1004.9,6.0,275,0.0
2026-03-01 19:00:00,27.3,42,1004.8,6.3,290,0.0
2026-03-01 20:00:00,26.6,43,1004.5,6.1,300,0.0
2026-03-01 21:00:00,25.7,45,1003.9,6.5,314,0.0
2026-03-01 22:00:00,24.9,47,1003.9,7.1,336,0.0
2026-03-01 23:00:00,24.4,49,1004.0,6.4,344,0.0
2026-03-02 00:00:00,23.4,57,1004.1,1.8,354,0.0
2026-03-02 01:00:00,23.6,53,1005.0,3.3,9,0.0
2026-03-02 02:00:00,23.1,55,1005.9,3.3,311,0.0
2026-03-02 03:00:00,24.0,52,1006.9,2.9,300,0.0
2026-03-02 04:00:00,26.5,44,1007.9,1.7,319,0.0
2026-03-02 05:00:00,29.0,37,1008.1,2.8,342,0.0
2026-03-02 06:00:00,31.0,33,1007.8,4.7,353,0.0
2026-03-02 07:00:00,32.6,28,1007.2,1.7,13,0.0
2026-03-02 08:00:00,33.8,24,1006.2,0.3,225,0.0
2026-03-02 09:00:00,34.5,23,1005.2,1.2,243,0.0
2026-03-02 10:00:00,34.8,21,1004.3,2.0,270,0.0
2026-03-02 11:00:00,34.6,22,1003.9,2.3,293,0.0
2026-03-02 12:00:00,33.9,22,1004.0,5.2,236,0.0
2026-03-02 13:00:00,32.7,24,1004.5,4.8,211,0.0
2026-03-02 14:00:00,31.3,27,1005.2,5.7,191,0.0
2026-03-02 15:00:00,30.8,28,1006.0,5.2,192,0.0
2026-03-02 16:00:00,30.3,30,1006.7,5.3,215,0.0
2026-03-02 17:00:00,29.3,34,1007.1,5.8,216,0.0
2026-03-02 18:00:00,28.6,37,1006.9,3.9,254,0.0
2026-03-02 19:00:00,28.1,38,1006.6,7.1,279,0.0
2026-03-02 20:00:00,26.8,41,1006.2,7.4,292,0.0
2026-03-02 21:00:00,26.2,42,1005.9,7.2,302,0.0
2026-03-02 22:00:00,25.7,42,1005.4,5.8,300,0.0
2026-03-02 23:00:00,25.2,44,1005.2,6.2,330,0.0
2026-03-03 00:00:00,24.3,49,1005.6,6.2,350,0.0
2026-03-03 01:00:00,24.1,49,1006.1,6.7,358,0.0
2026-03-03 02:00:00,23.8,50,1006.7,6.5,13,0.0
2026-03-03 03:00:00,25.1,46,1007.7,4.6,11,0.0
2026-03-03 04:00:00,27.7,38,1008.4,3.3,13,0.0
2026-03-03 05:00:00,30.4,32,1008.7,4.4,21,0.0
2026-03-03 06:00:00,32.6,28,1008.5,5.7,9,0.0
2026-03-03 07:00:00,34.5,22,1007.8,4.0,360,0.0
2026-03-03 08:00:00,35.6,19,1006.7,4.2,320,0.0
2026-03-03 09:00:00,36.4,17,1005.8,6.3,301,0.0
2026-03-03 10:00:00,36.4,17,1004.8,8.5,302,0.0
2026-03-03 11:00:00,36.1,17,1004.4,9.1,306,0.0
2026-03-03 12:00:00,35.5,19,1004.4,8.8,311,0.0
2026-03-03 13:00:00,34.7,20,1005.1,7.7,323,0.0
2026-03-03 14:00:00,33.8,22,1005.8,7.5,340,0.0
2026-03-03 15:00:00,33.3,23,1006.4,6.1,357,0.0
2026-03-03 16:00:00,32.5,24,1007.0,3.6,297,0.0
2026-03-03 17:00:00,30.8,26,1007.3,6.1,247,0.0
2026-03-03 18:00:00,29.4,31,1007.4,2.8,281,0.0
2026-03-03 19:00:00,29.3,31,1007.2,4.6,349,0.0
2026-03-03 20:00:00,28.3,32,1006.9,5.7,349,0.0
2026-03-03 21:00:00,26.9,35,1006.6,7.4,342,0.0
2026-03-03 22:00:00,26.3,36,1006.2,8.1,343,0.0
2026-03-03 23:00:00,25.9,35,1006.1,8.3,349,0.0
2026-03-04 00:00:00,25.4,38,1006.4,7.8,5,0.0
2026-03-04 01:00:00,25.3,37,1007.2,8.6,352,0.0
2026-03-04 02:00:00,24.6,38,1008.0,7.4,331,0.0
2026-03-04 03:00:00,25.6,36,1009.1,6.1,298,0.0
2026-03-04 04:00:00,28.1,31,1009.8,4.8,318,0.0
2026-03-04 05:00:00,31.1,26,1009.9,3.4,342,0.0
2026-03-04 06:00:00,33.7,23,1009.3,4.7,337,0.0
2026-03-04 07:00:00,35.7,18,1008.6,6.1,330,0.0
2026-03-04 08:00:00,36.6,17,1007.6,6.7,322,0.0
2026-03-04 09:00:00,37.0,17,1006.5,8.3,319,0.0
2026-03-04 10:00:00,37.0,17,1005.9,9.6,322,0.0
2026-03-04 11:00:00,36.6,17,1005.5,10.0,324,0.0
2026-03-04 12:00:00,36.1,17,1005.1,10.6,321,0.0
2026-03-04 13:00:00,35.3,18,1005.6,9.1,324,0.0
2026-03-04 14:00:00,34.3,20,1006.1,8.5,353,0.0
2026-03-04 15:00:00,33.5,21,1006.7,7.8,351,0.0
2026-03-04 16:00:00,32.2,22,1007.2,8.0,306,0.0
2026-03-04 17:00:00,30.3,26,1007.7,9.3,297,0.0
2026-03-04 18:00:00,29.2,30,1007.7,9.6,319,0.0
2026-03-04 19:00:00,28.5,31,1007.5,10.2,330,0.0
2026-03-04 20:00:00,27.6,33,1007.2,10.2,330,0.0
2026-03-04 21:00:00,26.8,36,1007.0,10.4,324,0.0
2026-03-04 22:00:00,25.9,39,1006.7,11.3,314,0.0
2026-03-04 23:00:00,25.3,40,1006.5,12.0,320,0.0
2026-03-05 00:00:00,24.6,43,1006.6,11.8,324,0.0
2026-03-05 01:00:00,24.1,43,1007.2,11.5,321,0.0
2026-03-05 02:00:00,23.7,42,1007.8,11.0,320,0.0
2026-03-05 03:00:00,24.6,40,1008.6,7.8,323,0.0
2026-03-05 04:00:00,26.8,36,1009.0,7.5,327,0.0
2026-03-05 05:00:00,29.7,30,1009.3,8.0,322,0.0
2026-03-05 06:00:00,32.6,22,1008.8,9.2,313,0.0
2026-03-05 07:00:00,34.5,17,1008.1,10.3,306,0.0
2026-03-05 08:00:00,35.6,15,1006.8,9.9,303,0.0
2026-03-05 09:00:00,36.2,14,1005.6,9.3,298,0.0
2026-03-05 10:00:00,36.3,13,1004.6,9.5,291,0.0
2026-03-05 11:00:00,36.2,13,1004.0,9.2,290,0.0
2026-03-05 12:00:00,35.6,13,1004.0,9.4,282,0.0
2026-03-05 13:00:00,34.5,14,1004.2,7.8,279,0.0
2026-03-05 14:00:00,33.0,17,1004.4,8.6,271,0.0
2026-03-05 15:00:00,32.1,19,1005.2,9.1,277,0.0
2026-03-05 16:00:00,31.0,21,1005.8,7.6,297,0.0
2026-03-05 17:00:00,29.6,23,1006.2,7.1,297,0.0
2026-03-05 18:00:00,27.9,27,1006.1,8.0,290,0.0
2026-03-05 19:00:00,27.1,30,1005.7,9.7,294,0.0
2026-03-05 20:00:00,26.0,34,1005.4,9.9,282,0.0
2026-03-05 21:00:00,24.8,44,1005.1,10.3,283,0.0
2026-03-05 22:00:00,23.8,56,1004.6,10.1,286,0.0
2026-03-05 23:00:00,23.2,62,1004.3,9.5,289,0.0
2026-03-06 00:00:00,22.3,69,1004.4,9.0,299,0.0
2026-03-06 01:00:00,22.0,71,1004.9,8.6,307,0.0
2026-03-06 02:00:00,21.5,74,1005.7,7.8,310,0.0
2026-03-06 03:00:00,22.5,70,1006.7,6.1,313,0.0
2026-03-06 04:00:00,24.6,61,1007.4,5.1,309,0.0
2026-03-06 05:00:00,27.1,51,1007.4,4.3,303,0.0
2026-03-06 06:00:00,29.5,43,1007.3,3.1,280,0.0
2026-03-06 07:00:00,31.8,34,1006.4,3.8,245,0.0
2026-03-06 08:00:00,33.2,28,1005.2,5.3,242,0.0
2026-03-06 09:00:00,34.2,24,1004.2,6.6,248,0.0
2026-03-06 10:00:00,34.6,23,1003.5,7.3,253,0.0
2026-03-06 11:00:00,34.4,22,1003.0,7.4,257,0.0
2026-03-06 12:00:00,33.7,24,1003.0,6.8,253,0.0
2026-03-06 13:00:00,32.8,25,1003.1,7.1,246,0.0
2026-03-06 14:00:00,31.8,28,1003.6,7.3,232,0.0
2026-03-06 15:00:00,31.2,29,1004.4,7.2,243,0.0
2026-03-06 16:00:00,30.6,30,1004.9,6.2,263,0.0
2026-03-06 17:00:00,30.0,31,1004.8,5.4,274,0.0
2026-03-06 18:00:00,28.5,35,1004.8,3.3,261,0.0
2026-03-06 19:00:00,28.4,34,1004.4,4.7,279,0.0
2026-03-06 20:00:00,27.1,37,1004.2,5.8,274,0.0
2026-03-06 21:00:00,25.5,41,1003.9,8.5,283,0.0
2026-03-06 22:00:00,24.0,46,1004.0,8.1,302,0.0
2026-03-06 23:00:00,22.6,55,1004.1,8.3,314,0.0
2026-03-07 00:00:00,21.6,69,1004.3,8.1,307,0.0
2026-03-07 01:00:00,21.0,78,1005.1,7.5,320,0.0
2026-03-07 02:00:00,20.7,83,1005.8,6.8,338,0.0
2026-03-07 03:00:00,22.1,78,1006.5,4.3,336,0.0
2026-03-07 04:00:00,24.7,69,1007.1,3.7,321,0.0
2026-03-07 05:00:00,27.8,57,1007.4,3.1,315,0.0
2026-03-07 06:00:00,30.6,42,1007.1,2.2,294,0.0
2026-03-07 07:00:00,33.0,33,1006.3,2.7,250,0.0
2026-03-07 08:00:00,34.7,27,1005.2,3.5,246,0.0
2026-03-07 09:00:00,35.7,24,1004.1,4.4,249,0.0
2026-03-07 10:00:00,36.2,23,1003.5,5.5,253,0.0
2026-03-07 11:00:00,36.1,23,1003.4,5.7,257,0.0
2026-03-07 12:00:00,35.2,21,1003.5,6.7,261,0.0
2026-03-07 13:00:00,34.2,23,1004.0,6.7,254,0.0
2026-03-07 14:00:00,33.1,26,1004.4,5.6,248,0.0
2026-03-07 15:00:00,32.3,28,1005.2,4.5,263,0.0
2026-03-07 16:00:00,31.2,31,1006.0,4.1,293,0.0
2026-03-07 17:00:00,30.4,33,1006.2,3.7,331,0.0
2026-03-07 18:00:00,29.1,39,1006.1,3.0,322,0.0
2026-03-07 19:00:00,28.6,40,1006.0,5.8,334,0.0
2026-03-07 20:00:00,27.4,43,1005.3,7.4,321,0.0
2026-03-07 21:00:00,26.7,45,1004.9,8.6,330,0.0
2026-03-07 22:00:00,26.1,46,1004.7,8.5,325,0.0
2026-03-07 23:00:00,25.3,48,1004.5,8.1,331,0.0
2026-03-08 00:00:00,24.0,54,1004.8,7.7,339,0.0
2026-03-08 01:00:00,23.9,55,1005.5,7.5,345,0.0
2026-03-08 02:00:00,23.5,56,1006.2,6.3,340,0.0
2026-03-08 03:00:00,24.8,53,1007.1,3.2,326,0.0
2026-03-08 04:00:00,27.7,44,1007.8,2.2,355,0.0
2026-03-08 05:00:00,31.2,35,1008.1,2.9,4,0.0
2026-03-08 06:00:00,34.0,26,1007.7,5.0,358,0.0
2026-03-08 07:00:00,36.0,20,1006.9,3.8,352,0.0
2026-03-08 08:00:00,37.3,17,1005.7,3.1,339,0.0
2026-03-08 09:00:00,38.3,15,1004.5,3.6,330,0.0
2026-03-08 10:00:00,38.7,14,1003.7,5.0,325,0.0
2026-03-08 11:00:00,38.4,14,1003.5,7.6,332,0.0
2026-03-08 12:00:00,37.7,14,1003.5,8.5,325,0.0
2026-03-08 13:00:00,36.3,16,1004.1,8.4,326,0.0
2026-03-08 14:00:00,35.1,18,1004.9,8.3,344,0.0
2026-03-08 15:00:00,34.1,19,1005.6,8.9,339,0.0
2026-03-08 16:00:00,33.5,19,1006.1,9.1,343,0.0
2026-03-08 17:00:00,33.1,18,1006.1,9.2,337,0.0
2026-03-08 18:00:00,31.7,21,1006.1,10.2,324,0.0
2026-03-08 19:00:00,29.6,25,1006.2,11.9,329,0.0
2026-03-08 20:00:00,27.9,30,1005.6,13.0,336,0.0
2026-03-08 21:00:00,26.9,34,1005.1,12.0,344,0.0
2026-03-08 22:00:00,26.4,36,1004.7,11.0,350,0.0
2026-03-08 23:00:00,26.0,37,1004.7,11.8,344,0.0
2026-03-09 00:00:00,25.9,36,1004.8,12.0,352,0.0
2026-03-09 01:00:00,25.4,37,1005.9,8.5,17,0.0
2026-03-09 02:00:00,24.8,37,1006.6,6.2,7,0.0
2026-03-09 03:00:00,26.4,33,1007.0,6.9,330,0.0
2026-03-09 04:00:00,29.6,28,1007.7,5.1,350,0.0
2026-03-09 05:00:00,32.7,24,1008.0,6.3,18,0.0
2026-03-09 06:00:00,35.5,20,1007.7,7.3,17,0.0
2026-03-09 07:00:00,37.3,17,1006.9,6.4,27,0.0
2026-03-09 08:00:00,38.4,15,1005.8,4.5,40,0.0
2026-03-09 09:00:00,39.3,12,1004.7,3.1,50,0.0
2026-03-09 10:00:00,39.6,11,1003.8,3.3,45,0.0
2026-03-09 11:00:00,39.5,11,1003.5,5.1,42,0.0
2026-03-09 12:00:00,39.0,11,1003.4,6.9,51,0.0
2026-03-09 13:00:00,37.8,12,1003.9,5.1,72,0.0
2026-03-09 14:00:00,36.3,13,1004.7,0.6,198,0.0
2026-03-09 15:00:00,35.0,15,1005.3,2.2,284,0.0
2026-03-09 16:00:00,34.1,16,1006.0,3.0,17,0.0
2026-03-09 17:00:00,32.8,16,1006.1,3.7,349,0.0
2026-03-09 18:00:00,31.2,18,1006.4,8.3,336,0.0
2026-03-09 19:00:00,30.7,18,1006.4,11.7,351,0.0
2026-03-09 20:00:00,29.9,18,1006.2,9.9,356,0.0
2026-03-09 21:00:00,29.2,19,1005.8,9.8,353,0.0
2026-03-09 22:00:00,28.5,19,1005.6,9.5,1,0.0
2026-03-09 23:00:00,27.7,19,1005.6,9.4,26,0.0
2026-03-10 00:00:00,26.7,20,1006.0,9.6,30,0.0
2026-03-10 01:00:00,26.2,22,1006.7,10.0,15,0.0
2026-03-10 02:00:00,25.9,23,1007.4,10.3,23,0.0
2026-03-10 03:00:00,26.9,23,1008.5,7.1,27,0.0
2026-03-10 04:00:00,29.3,21,1009.2,6.0,37,0.0
2026-03-10 05:00:00,32.5,19,1009.5,6.2,41,0.0
2026-03-10 06:00:00,35.9,17,1009.1,5.1,45,0.0
2026-03-10 07:00:00,38.2,14,1008.2,3.8,59,0.0
2026-03-10 08:00:00,39.4,11,1007.2,3.6,90,0.0
2026-03-10 09:00:00,39.9,10,1006.0,3.3,103,0.0
2026-03-10 10:00:00,40.1,10,1005.0,4.4,102,0.0
2026-03-10 11:00:00,39.9,10,1004.5,6.0,100,0.0
2026-03-10 12:00:00,39.1,11,1004.4,8.0,74,0.0
2026-03-10 13:00:00,38.2,12,1004.9,5.6,90,0.0
2026-03-10 14:00:00,36.8,13,1005.5,1.1,198,0.0
2026-03-10 15:00:00,34.9,16,1006.1,4.4,238,0.0
2026-03-10 16:00:00,34.6,16,1006.5,5.3,294,0.0
2026-03-10 17:00:00,34.1,16,1006.6,7.7,332,0.0
2026-03-10 18:00:00,32.5,17,1006.6,8.1,301,0.0
2026-03-10 19:00:00,30.9,19,1006.4,9.3,310,0.0
2026-03-10 20:00:00,29.3,21,1006.3,11.7,331,0.0
2026-03-10 21:00:00,28.7,21,1006.1,12.4,351,0.0
2026-03-10 22:00:00,27.8,23,1005.9,10.3,16,0.0
2026-03-10 23:00:00,27.0,24,1006.1,9.8,32,0.0
2026-03-11 00:00:00,26.8,26,1006.0,8.1,35,0.0
2026-03-11 01:00:00,26.8,26,1006.6,9.1,18,0.0
2026-03-11 02:00:00,26.7,25,1007.2,9.0,5,0.0
2026-03-11 03:00:00,27.2,25,1008.3,7.3,353,0.0
2026-03-11 04:00:00,29.7,22,1008.8,5.7,41,0.0
2026-03-11 05:00:00,32.7,19,1009.0,4.5,53,0.0
2026-03-11 06:00:00,35.7,16,1008.5,4.2,65,0.0
2026-03-11 07:00:00,38.1,14,1007.8,3.1,69,0.0
2026-03-11 08:00:00,39.4,10,1006.5,1.5,111,0.0
2026-03-11 09:00:00,40.0,9,1005.1,0.6,198,0.0
2026-03-11 10:00:00,40.3,9,1004.0,3.1,273,0.0
2026-03-11 11:00:00,39.9,10,1003.5,7.6,292,0.0
2026-03-11 12:00:00,38.9,12,1003.5,10.4,307,0.0
2026-03-11 13:00:00,37.4,13,1004.1,8.8,332,0.0
2026-03-11 14:00:00,36.7,14,1004.6,8.2,346,0.0
2026-03-11 15:00:00,35.4,16,1005.1,7.0,314,0.0
2026-03-11 16:00:00,33.1,19,1005.7,10.6,304,0.0
2026-03-11 17:00:00,31.9,20,1005.7,11.7,324,0.0
2026-03-11 18:00:00,31.2,20,1006.1,11.6,332,0.0
2026-03-11 19:00:00,30.8,20,1005.6,11.4,332,0.0
2026-03-11 20:00:00,30.4,20,1005.2,10.5,331,0.0
2026-03-11 21:00:00,29.7,21,1004.9,9.9,331,0.0
2026-03-11 22:00:00,29.1,22,1004.7,10.7,340,0.0
2026-03-11 23:00:00,28.1,24,1004.4,10.8,330,0.0
2026-03-12 00:00:00,27.1,27,1004.0,8.4,340,0.0
2026-03-12 01:00:00,26.6,28,1004.3,7.0,347,0.0
2026-03-12 02:00:00,26.1,29,1004.8,4.8,326,0.0
2026-03-12 03:00:00,27.4,27,1005.5,3.5,309,0.0
2026-03-12 04:00:00,30.1,23,1006.3,3.0,303,0.0
2026-03-12 05:00:00,32.1,22,1006.7,5.4,296,0.0
2026-03-12 06:00:00,34.0,21,1006.2,6.2,296,0.0
2026-03-12 07:00:00,35.6,17,1005.3,7.2,292,0.0
2026-03-12 08:00:00,36.7,15,1004.3,8.1,288,0.0
2026-03-12 09:00:00,37.4,14,1002.9,8.6,281,0.0
2026-03-12 10:00:00,37.9,13,1002.1,9.6,273,0.0
2026-03-12 11:00:00,37.9,12,1001.8,11.2,280,0.0
2026-03-12 12:00:00,37.5,13,1001.7,10.8,281,0.0
2026-03-12 13:00:00,36.4,14,1001.9,9.4,268,0.0
2026-03-12 14:00:00,35.4,16,1002.5,7.7,258,0.0
2026-03-12 15:00:00,34.7,17,1002.9,4.3,315,0.0
2026-03-12 16:00:00,33.1,19,1003.7,5.0,341,0.0
2026-03-12 17:00:00,32.2,21,1003.7,3.9,323,0.0
2026-03-12 18:00:00,30.6,27,1003.8,2.6,34,0.0
2026-03-12 19:00:00,29.9,26,1003.6,4.7,310,0.0
2026-03-12 20:00:00,28.9,27,1003.7,4.1,319,0.0
2026-03-12 21:00:00,27.6,30,1003.0,4.8,326,0.0
2026-03-12 22:00:00,26.6,31,1002.7,6.8,323,0.0
2026-03-12 23:00:00,26.1,30,1002.5,5.0,319,0.0
2026-03-13 00:00:00,25.3,38,1002.6,3.9,307,0.0
2026-03-13 01:00:00,25.0,39,1002.9,3.6,354,0.0
2026-03-13 02:00:00,24.6,40,1003.6,5.8,356,0.0
2026-03-13 03:00:00,26.0,37,1004.4,0.4,180,0.0
2026-03-13 04:00:00,28.8,33,1005.2,0.4,207,0.0
2026-03-13 05:00:00,31.8,29,1005.1,0.7,194,0.0
2026-03-13 06:00:00,34.3,25,1004.4,2.1,165,0.0
2026-03-13 07:00:00,36.5,18,1003.7,3.1,187,0.0
2026-03-13 08:00:00,37.6,15,1002.6,6.5,231,0.0
2026-03-13 09:00:00,38.1,14,1001.5,11.1,236,0.0
2026-03-13 10:00:00,37.7,16,1000.8,12.5,233,0.0
2026-03-13 11:00:00,37.7,15,1000.3,10.8,232,0.0
2026-03-13 12:00:00,36.9,15,1000.4,12.9,243,0.0
2026-03-13 13:00:00,36.1,17,1000.8,9.0,248,0.0
2026-03-13 14:00:00,34.8,19,1001.3,3.7,227,0.0
2026-03-13 15:00:00,33.9,20,1001.9,5.5,308,0.0
2026-03-13 16:00:00,33.6,20,1002.6,7.5,314,0.0
2026-03-13 17:00:00,31.9,20,1002.9,10.2,277,0.0
2026-03-13 18:00:00,29.9,22,1003.2,12.4,291,0.0
2026-03-13 19:00:00,28.8,24,1003.0,10.8,298,0.0
2026-03-13 20:00:00,27.6,27,1003.0,7.7,261,0.0
2026-03-13 21:00:00,26.4,29,1002.5,8.7,257,0.0
2026-03-13 22:00:00,25.7,31,1002.4,9.6,279,0.0
2026-03-13 23:00:00,25.0,34,1002.3,9.4,278,0.0
2026-03-14 00:00:00,24.5,42,1002.5,9.8,293,0.0
2026-03-14 01:00:00,24.2,44,1003.2,9.4,300,0.0
2026-03-14 02:00:00,23.9,46,1003.8,8.5,305,0.0
2026-03-14 03:00:00,25.1,42,1004.8,5.5,306,0.0
2026-03-14 04:00:00,27.3,37,1005.6,3.2,289,0.0
2026-03-14 05:00:00,29.6,31,1006.0,2.8,255,0.0
2026-03-14 06:00:00,31.9,26,1005.3,4.5,241,0.0
2026-03-14 07:00:00,34.1,20,1004.7,7.2,243,0.0
2026-03-14 08:00:00,35.4,17,1003.5,9.7,243,0.0
2026-03-14 09:00:00,36.1,16,1002.5,10.7,245,0.0
2026-03-14 10:00:00,36.6,15,1001.7,11.0,251,0.0
2026-03-14 11:00:00,36.5,16,1001.0,11.7,256,0.0
2026-03-14 12:00:00,35.9,17,1000.8,11.5,260,0.0
2026-03-14 13:00:00,35.4,17,1000.9,7.8,251,0.0
2026-03-14 14:00:00,34.2,19,1001.6,8.1,258,0.0
2026-03-14 15:00:00,32.9,21,1002.6,12.4,261,0.0
2026-03-14 16:00:00,31.8,20,1003.2,13.1,261,0.0
2026-03-14 17:00:00,30.9,21,1003.7,14.2,269,0.0
2026-03-14 18:00:00,29.6,23,1004.0,11.7,273,0.0
2026-03-14 19:00:00,28.3,25,1003.9,9.2,247,0.0
2026-03-14 20:00:00,27.1,28,1003.9,8.6,237,0.0
2026-03-14 21:00:00,26.2,34,1003.4,8.0,252,0.0
2026-03-14 22:00:00,25.5,43,1003.4,8.4,263,0.0
2026-03-14 23:00:00,24.8,52,1003.2,8.7,266,0.0
2026-03-15 00:00:00,24.6,59,1003.2,7.9,271,0.0
2026-03-15 01:00:00,24.4,63,1003.9,8.5,271,0.0
2026-03-15 02:00:00,24.1,66,1004.8,7.9,271,0.0
2026-03-15 03:00:00,25.4,63,1005.7,7.0,271,0.0
2026-03-15 04:00:00,27.6,53,1006.2,7.4,276,0.0
2026-03-15 05:00:00,30.0,43,1006.2,6.8,272,0.0
2026-03-15 06:00:00,32.2,34,1005.7,6.3,263,0.0
2026-03-15 07:00:00,34.3,25,1004.9,6.8,268,0.0
2026-03-15 08:00:00,35.7,21,1003.7,8.3,275,0.0
2026-03-15 09:00:00,36.7,17,1002.6,10.3,274,0.0
2026-03-15 10:00:00,37.0,17,1001.7,11.9,274,0.0
2026-03-15 11:00:00,36.9,15,1001.3,12.6,270,0.0
2026-03-15 12:00:00,36.2,16,1001.2,11.9,259,0.0
2026-03-15 13:00:00,35.2,18,1001.3,11.3,248,0.0
2026-03-15 14:00:00,34.6,18,1001.8,10.8,232,0.0
2026-03-15 15:00:00,34.3,18,1002.2,9.2,239,0.0
2026-03-15 16:00:00,33.1,19,1003.1,9.7,270,0.0
2026-03-15 17:00:00,31.1,22,1003.2,8.5,215,0.0
2026-03-15 18:00:00,28.7,30,1003.6,10.2,211,0.0
2026-03-15 19:00:00,28.1,39,1003.2,9.0,232,0.0
2026-03-15 20:00:00,27.2,44,1002.6,7.3,226,0.0
2026-03-15 21:00:00,26.3,48,1002.2,6.9,239,0.0
2026-03-15 22:00:00,25.8,47,1002.0,6.8,248,0.0
2026-03-15 23:00:00,25.2,43,1002.1,7.8,277,0.0
2026-03-16 00:00:00,25.3,42,1001.9,9.1,280,0.0
2026-03-16 01:00:00,24.3,52,1002.6,8.8,271,0.0
2026-03-16 02:00:00,23.7,60,1003.3,8.3,276,0.0
2026-03-16 03:00:00,24.8,59,1004.3,6.9,287,0.0
2026-03-16 04:00:00,27.1,48,1004.9,6.9,284,0.0
2026-03-16 05:00:00,29.7,36,1005.0,6.0,277,0.0
2026-03-16 06:00:00,32.0,26,1004.6,6.3,272,0.0
2026-03-16 07:00:00,34.1,18,1003.8,7.9,254,0.0
2026-03-16 08:00:00,35.4,13,1002.6,11.1,245,0.0
2026-03-16 09:00:00,35.7,13,1001.3,12.3,238,0.0
2026-03-16 10:00:00,36.1,12,1000.4,12.3,236,0.0
2026-03-16 11:00:00,36.1,11,999.9,13.0,237,0.0
2026-03-16 12:00:00,35.3,11,1000.1,10.8,237,0.0
2026-03-16 13:00:00,34.7,11,1000.4,7.9,235,0.0
2026-03-16 14:00:00,33.6,13,1000.7,4.2,216,0.0
2026-03-16 15:00:00,31.2,22,1001.6,12.5,203,0.0
2026-03-16 16:00:00,28.3,40,1002.5,11.0,204,0.0
2026-03-16 17:00:00,27.5,40,1002.8,11.4,201,0.0
2026-03-16 18:00:00,26.9,45,1002.7,10.7,188,0.0
2026-03-16 19:00:00,26.4,48,1002.7,9.5,219,0.0
2026-03-16 20:00:00,25.6,54,1002.4,8.1,238,0.0
2026-03-16 21:00:00,25.1,50,1002.0,8.7,252,0.0
2026-03-16 22:00:00,24.9,42,1002.0,8.8,269,0.0
2026-03-16 23:00:00,24.4,39,1001.7,8.5,270,0.0
2026-03-17 00:00:00,24.0,45,1001.4,7.7,273,0.0
2026-03-17 01:00:00,24.0,50,1002.2,7.1,264,0.0
2026-03-17 02:00:00,23.6,56,1003.1,5.6,255,0.0
2026-03-17 03:00:00,24.6,57,1004.1,3.9,208,0.0
2026-03-17 04:00:00,26.5,54,1004.8,4.5,214,0.0
2026-03-17 05:00:00,28.8,45,1005.0,5.1,216,0.0
2026-03-17 06:00:00,30.7,37,1004.5,5.7,215,0.0
2026-03-17 07:00:00,32.8,28,1003.7,6.4,227,0.0
2026-03-17 08:00:00,34.2,23,1002.8,7.7,233,0.0
2026-03-17 09:00:00,35.0,18,1001.7,9.9,241,0.0
2026-03-17 10:00:00,35.3,17,1000.9,10.1,243,0.0
2026-03-17 11:00:00,35.2,17,1000.4,9.8,240,0.0
2026-03-17 12:00:00,34.3,18,1000.6,7.6,223,0.0
2026-03-17 13:00:00,33.8,19,1001.0,7.1,207,0.0
2026-03-17 14:00:00,32.6,20,1001.5,6.2,195,0.0
2026-03-17 15:00:00,32.3,21,1001.8,4.5,151,0.0
2026-03-17 16:00:00,31.0,21,1002.7,9.4,168,0.0
2026-03-17 17:00:00,29.3,22,1003.0,8.9,201,0.0
2026-03-17 18:00:00,27.4,30,1003.3,9.7,223,0.0
2026-03-17 19:00:00,26.7,38,1003.2,9.3,209,0.0
2026-03-17 20:00:00,26.3,43,1002.6,9.5,201,0.0
2026-03-17 21:00:00,25.8,45,1002.1,9.8,206,0.0
2026-03-17 22:00:00,25.3,44,1001.9,8.8,208,0.0
2026-03-17 23:00:00,24.5,43,1002.4,8.1,276,0.0
2026-03-18 00:00:00,24.6,42,1002.0,9.2,293,0.0
2026-03-18 01:00:00,24.5,44,1003.0,10.3,299,0.0
2026-03-18 02:00:00,23.9,51,1004.1,8.8,303,0.0
2026-03-18 03:00:00,24.9,53,1005.2,4.3,312,0.0
2026-03-18 04:00:00,27.0,46,1005.9,2.3,337,0.0
2026-03-18 05:00:00,29.5,36,1006.0,1.5,346,0.0
2026-03-18 06:00:00,31.2,31,1006.1,1.8,135,0.0
2026-03-18 07:00:00,33.3,25,1005.5,3.8,180,0.0
2026-03-18 08:00:00,34.4,24,1004.4,6.0,190,0.0
2026-03-18 09:00:00,34.8,23,1003.2,8.0,200,0.0
2026-03-18 10:00:00,34.6,21,1002.3,8.0,214,0.0
2026-03-18 11:00:00,34.7,20,1002.0,7.9,235,0.0
2026-03-18 12:00:00,34.2,17,1001.9,8.5,215,0.0
2026-03-18 13:00:00,33.6,18,1002.2,8.5,224,0.0
2026-03-18 14:00:00,32.3,19,1002.8,9.0,210,0.0
2026-03-18 15:00:00,30.6,13,1003.6,10.2,187,0.0
2026-03-18 16:00:00,29.2,13,1004.3,10.5,188,0.0
2026-03-18 17:00:00,28.1,17,1004.6,9.6,193,0.0
2026-03-18 18:00:00,27.7,23,1004.9,9.5,190,0.0
2026-03-18 19:00:00,26.6,30,1004.9,9.5,199,0.0
2026-03-18 20:00:00,25.7,39,1004.5,8.2,195,0.0
2026-03-18 21:00:00,25.0,46,1003.9,8.0,205,0.0
2026-03-18 22:00:00,24.2,49,1003.7,5.5,203,0.0
2026-03-18 23:00:00,23.7,52,1004.1,3.8,169,0.0
2026-03-19 00:00:00,24.9,60,1005.5,12.6,295,0.0
2026-03-19 01:00:00,24.5,47,1005.8,15.5,347,0.0
2026-03-19 02:00:00,24.1,46,1006.4,11.3,8,0.0
2026-03-19 03:00:00,24.8,46,1006.7,10.6,34,0.0
2026-03-19 04:00:00,26.5,42,1007.6,3.0,343,0.0
2026-03-19 05:00:00,28.6,36,1007.7,0.7,284,0.0
2026-03-19 06:00:00,30.9,30,1007.1,5.3,38,0.0
2026-03-19 07:00:00,32.8,26,1006.4,4.7,23,0.0
2026-03-19 08:00:00,34.0,22,1004.9,5.5,41,0.0
2026-03-19 09:00:00,34.5,19,1003.5,3.4,43,0.0
2026-03-19 10:00:00,34.8,19,1002.4,5.9,310,0.0
2026-03-19 11:00:00,34.6,19,1002.5,10.8,259,0.0
2026-03-19 12:00:00,32.2,23,1002.6,20.4,318,0.0
2026-03-19 13:00:00,27.5,40,1004.7,28.2,299,0.0
2026-03-19 14:00:00,24.4,54,1007.1,23.6,302,0.0
2026-03-19 15:00:00,23.2,61,1007.3,9.0,350,1.0
2026-03-19 16:00:00,22.6,69,1007.0,6.7,341,0.8
2026-03-19 17:00:00,22.9,67,1006.6,3.8,49,0.0
2026-03-19 18:00:00,22.2,73,1006.2,7.9,123,0.0
2026-03-19 19:00:00,21.7,76,1005.2,3.8,95,0.0
2026-03-19 20:00:00,21.6,78,1004.5,3.5,321,0.0
2026-03-19 21:00:00,20.9,77,1004.3,8.0,320,0.0
2026-03-19 22:00:00,20.4,78,1004.3,6.7,336,0.0
2026-03-19 23:00:00,20.4,79,1004.3,1.1,360,0.0
2026-03-20 00:00:00,20.6,80,1005.3,1.9,236,0.0
2026-03-20 01:00:00,20.8,79,1005.5,1.5,21,0.0
2026-03-20 02:00:00,20.9,79,1006.6,1.9,287,0.0
2026-03-20 03:00:00,22.3,70,1007.1,1.1,189,0.0
2026-03-20 04:00:00,24.5,58,1007.9,1.6,243,0.0
2026-03-20 05:00:00,26.4,48,1007.8,5.2,276,0.0
2026-03-20 06:00:00,27.3,47,1007.3,7.3,308,0.0
2026-03-20 07:00:00,28.5,44,1005.9,7.2,307,0.0
2026-03-20 08:00:00,29.8,37,1004.8,10.1,305,0.0
2026-03-20 09:00:00,30.7,32,1003.5,11.2,303,0.0
2026-03-20 10:00:00,31.2,29,1002.6,12.1,310,0.0
2026-03-20 11:00:00,31.2,26,1002.1,12.2,316,0.0
2026-03-20 12:00:00,30.2,29,1002.9,9.5,323,0.0
2026-03-20 13:00:00,29.8,29,1003.4,8.7,315,0.0
2026-03-20 14:00:00,29.4,30,1003.6,5.7,307,0.0
2026-03-20 15:00:00,29.3,30,1004.2,4.0,352,0.0
2026-03-20 16:00:00,28.5,32,1004.8,3.9,307,0.0
2026-03-20 17:00:00,27.0,36,1005.4,6.1,265,0.0
2026-03-20 18:00:00,26.4,40,1005.6,5.1,278,0.0
2026-03-20 19:00:00,25.9,41,1005.2,5.9,301,0.0
2026-03-20 20:00:00,24.8,43,1005.0,8.4,325,0.0
2026-03-20 21:00:00,24.1,44,1004.8,8.7,336,0.0
2026-03-20 22:00:00,23.6,44,1004.6,9.1,346,0.0
2026-03-20 23:00:00,23.1,44,1004.2,8.5,5,0.0
2026-03-21 00:00:00,22.8,46,1004.5,5.4,8,0.0
2026-03-21 01:00:00,23.2,45,1005.2,5.6,360,0.0
2026-03-21 02:00:00,22.8,46,1006.2,5.9,20,0.0
2026-03-21 03:00:00,23.8,44,1007.1,5.0,64,0.0
2026-03-21 04:00:00,26.8,34,1008.0,3.4,58,0.0
2026-03-21 05:00:00,29.4,28,1008.4,4.3,73,0.0
2026-03-21 06:00:00,30.8,25,1008.5,5.2,94,0.0
2026-03-21 07:00:00,32.0,22,1007.5,3.3,103,0.0
2026-03-21 08:00:00,32.8,20,1006.2,3.1,83,0.0
2026-03-21 09:00:00,33.5,18,1005.1,3.4,58,0.0
2026-03-21 10:00:00,33.8,17,1004.3,4.6,51,0.0
2026-03-21 11:00:00,33.7,17,1003.5,5.3,52,0.0
2026-03-21 12:00:00,32.7,19,1004.1,6.7,63,0.0
2026-03-21 13:00:00,32.3,19,1004.3,6.1,67,0.0
2026-03-21 14:00:00,31.5,19,1004.9,3.4,72,0.0
2026-03-21 15:00:00,30.8,20,1005.8,3.5,255,0.0
2026-03-21 16:00:00,29.7,23,1006.6,4.3,265,0.0
2026-03-21 17:00:00,29.0,25,1006.7,3.3,283,0.0
2026-03-21 18:00:00,28.5,28,1006.4,3.6,307,0.0
2026-03-21 19:00:00,27.6,30,1006.2,6.4,308,0.0
2026-03-21 20:00:00,27.2,30,1005.9,7.4,331,0.0
2026-03-21 21:00:00,26.3,31,1005.6,7.4,4,0.0
2026-03-21 22:00:00,25.2,35,1005.6,6.5,13,0.0
2026-03-21 23:00:00,24.9,37,1005.6,6.5,8,0.0
2026-03-22 00:00:00,23.9,42,1005.6,6.4,29,0.0
2026-03-22 01:00:00,23.9,42,1006.3,8.3,34,0.0
2026-03-22 02:00:00,23.7,43,1007.0,3.6,225,0.0
2026-03-22 03:00:00,25.3,38,1007.9,3.5,255,0.0
2026-03-22 04:00:00,28.4,31,1008.1,1.0,315,0.0
2026-03-22 05:00:00,31.1,25,1008.2,2.4,261,0.0
2026-03-22 06:00:00,32.6,22,1007.9,4.2,317,0.0
2026-03-22 07:00:00,33.8,22,1007.2,5.5,311,0.0
2026-03-22 08:00:00,34.6,22,1006.3,7.3,318,0.0
2026-03-22 09:00:00,35.0,22,1005.2,8.9,331,0.0
2026-03-22 10:00:00,35.0,22,1004.7,8.6,337,0.0
2026-03-22 11:00:00,34.7,22,1004.3,8.2,338,0.0
2026-03-22 12:00:00,34.6,22,1004.1,7.9,330,0.0
2026-03-22 13:00:00,34.1,23,1004.3,10.1,336,0.0
2026-03-22 14:00:00,33.8,23,1004.8,6.5,357,0.0
2026-03-22 15:00:00,33.4,24,1005.4,3.7,309,0.0
2026-03-22 16:00:00,32.1,27,1006.1,6.7,262,0.0
2026-03-22 17:00:00,30.8,31,1006.5,7.8,299,0.0
2026-03-22 18:00:00,30.4,33,1006.1,5.2,319,0.0
2026-03-22 19:00:00,30.0,34,1005.6,5.3,327,0.0
2026-03-22 20:00:00,29.0,37,1004.9,5.9,322,0.0
2026-03-22 21:00:00,28.3,39,1004.6,6.4,320,0.0
2026-03-22 22:00:00,27.6,41,1004.5,7.3,312,0.0
2026-03-22 23:00:00,26.6,47,1004.7,8.0,314,0.0
2026-03-23 00:00:00,26.4,48,1004.5,10.1,316,0.0
2026-03-23 01:00:00,26.3,49,1004.9,10.2,318,0.0
2026-03-23 02:00:00,26.4,49,1005.6,8.7,315,0.0
2026-03-23 03:00:00,27.6,47,1006.2,6.9,319,0.0
2026-03-23 04:00:00,29.8,42,1006.6,8.5,328,0.0
2026-03-23 05:00:00,31.8,36,1006.7,11.5,338,0.0
2026-03-23 06:00:00,33.1,31,1006.5,10.1,321,0.0
2026-03-23 07:00:00,34.5,26,1005.8,10.2,307,0.0
2026-03-23 08:00:00,35.4,22,1004.7,9.6,290,0.0
2026-03-23 09:00:00,36.0,20,1003.7,11.2,274,0.0
2026-03-23 10:00:00,36.1,20,1003.0,12.1,275,0.0
2026-03-23 11:00:00,35.8,20,1002.3,13.0,267,0.0
2026-03-23 12:00:00,35.0,20,1002.6,9.4,278,0.0
2026-03-23 13:00:00,34.4,21,1002.8,11.0,269,0.0
2026-03-23 14:00:00,33.3,24,1003.7,10.2,260,0.0
2026-03-23 15:00:00,32.7,25,1004.2,8.3,283,0.0
2026-03-23 16:00:00,31.7,27,1004.8,7.7,329,0.0
2026-03-23 17:00:00,30.6,30,1004.9,7.9,348,0.0
2026-03-23 18:00:00,29.9,32,1004.5,8.5,335,0.0
2026-03-23 19:00:00,29.3,34,1004.4,8.8,325,0.0
2026-03-23 20:00:00,28.9,36,1004.0,8.6,323,0.0
2026-03-23 21:00:00,28.7,36,1003.8,8.2,320,0.0
2026-03-23 22:00:00,28.0,38,1003.8,8.5,305,0.0
2026-03-23 23:00:00,26.7,42,1003.7,7.6,315,0.0
2026-03-24 00:00:00,26.0,46,1003.6,6.8,331,0.0
2026-03-24 01:00:00,26.0,47,1004.2,5.6,345,0.0
2026-03-24 02:00:00,26.0,47,1004.8,4.8,315,0.0
2026-03-24 03:00:00,27.2,43,1005.3,3.2,341,0.0
2026-03-24 04:00:00,29.3,39,1006.1,3.0,346,0.0
2026-03-24 05:00:00,31.5,34,1006.3,3.4,342,0.0
2026-03-24 06:00:00,33.2,30,1005.6,3.8,341,0.0
2026-03-24 07:00:00,34.8,25,1004.8,2.6,344,0.0
2026-03-24 08:00:00,35.7,23,1003.6,3.2,326,0.0
2026-03-24 09:00:00,35.9,22,1002.7,5.4,310,0.0
2026-03-24 10:00:00,35.7,23,1001.8,8.0,312,0.0
2026-03-24 11:00:00,35.6,22,1001.2,8.3,318,0.0
2026-03-24 12:00:00,35.3,22,1001.2,7.0,302,0.0
2026-03-24 13:00:00,34.7,23,1001.4,6.5,302,0.0
2026-03-24 14:00:00,33.7,27,1001.9,4.7,263,0.0
2026-03-24 15:00:00,33.3,29,1002.4,7.6,256,0.0
2026-03-24 16:00:00,33.1,29,1003.1,8.3,270,0.0
2026-03-24 17:00:00,32.8,30,1002.9,6.8,292,0.0
2026-03-24 18:00:00,32.1,32,1003.0,9.6,311,0.0
2026-03-24 19:00:00,31.1,35,1003.1,7.9,313,0.0
2026-03-24 20:00:00,30.0,37,1002.9,6.6,286,0.0
2026-03-24 21:00:00,29.6,38,1002.7,7.6,267,0.0
2026-03-24 22:00:00,28.0,44,1002.9,9.2,244,0.0
2026-03-24 23:00:00,27.2,49,1002.8,9.6,273,0.0
2026-03-25 00:00:00,26.7,51,1003.2,8.9,294,0.0
2026-03-25 01:00:00,26.6,55,1004.0,8.3,294,0.0
2026-03-25 02:00:00,26.5,57,1004.8,7.5,297,0.0
2026-03-25 03:00:00,27.6,54,1005.6,8.1,309,0.0
2026-03-25 04:00:00,29.6,48,1006.4,8.3,312,0.0
2026-03-25 05:00:00,31.9,38,1006.5,9.7,318,0.0
2026-03-25 06:00:00,33.3,33,1005.9,6.1,326,0.0
2026-03-25 07:00:00,33.6,31,1004.9,2.7,328,0.0
2026-03-25 08:00:00,35.6,26,1003.5,1.2,297,0.0
2026-03-25 09:00:00,35.7,25,1002.4,3.8,275,0.0
2026-03-25 10:00:00,36.6,23,1001.7,7.4,269,0.0
2026-03-25 11:00:00,36.5,23,1001.5,9.5,260,0.0
2026-03-25 12:00:00,35.7,24,1001.5,8.4,279,0.0
2026-03-25 13:00:00,35.3,24,1002.2,8.7,278,0.0
2026-03-25 14:00:00,34.4,25,1002.8,3.7,256,0.0
2026-03-25 15:00:00,33.8,26,1003.3,1.1,198,0.0
2026-03-25 16:00:00,32.9,28,1003.8,2.1,31,0.0
2026-03-25 17:00:00,31.8,31,1004.3,4.4,330,0.0
2026-03-25 18:00:00,30.9,33,1004.7,6.2,303,0.0
2026-03-25 19:00:00,30.1,33,1004.8,8.3,309,0.0
2026-03-25 20:00:00,29.0,33,1004.7,8.0,298,0.0
2026-03-25 21:00:00,27.9,36,1004.4,8.4,290,0.0
2026-03-25 22:00:00,27.1,41,1004.5,8.4,298,0.0
2026-03-25 23:00:00,26.7,44,1004.6,9.1,306,0.0
2026-03-26 00:00:00,26.5,47,1004.6,8.9,313,0.0
2026-03-26 01:00:00,26.0,46,1005.9,9.8,320,0.0
2026-03-26 02:00:00,26.1,43,1006.5,9.0,329,0.0
2026-03-26 03:00:00,27.7,38,1007.3,7.2,338,0.0
2026-03-26 04:00:00,30.0,33,1007.9,7.7,335,0.0
2026-03-26 05:00:00,32.4,28,1007.9,7.6,335,0.0
2026-03-26 06:00:00,34.4,25,1007.6,7.7,330,0.0
2026-03-26 07:00:00,35.8,23,1006.7,6.6,323,0.0
2026-03-26 08:00:00,36.8,21,1005.6,7.4,311,0.0
2026-03-26 09:00:00,37.2,19,1004.7,9.4,301,0.0
2026-03-26 10:00:00,37.4,18,1003.7,9.4,300,0.0
2026-03-26 11:00:00,37.3,17,1003.0,8.1,307,0.0
2026-03-26 12:00:00,36.7,16,1002.9,7.8,322,0.0
2026-03-26 13:00:00,36.1,16,1003.8,8.1,313,0.0
2026-03-26 14:00:00,35.0,18,1004.1,6.1,298,0.0
2026-03-26 15:00:00,33.9,19,1005.0,6.8,292,0.0
2026-03-26 16:00:00,32.8,22,1005.6,7.0,312,0.0
2026-03-26 17:00:00,31.7,23,1005.9,6.9,311,0.0
2026-03-26 18:00:00,30.4,26,1005.9,8.7,317,0.0
2026-03-26 19:00:00,29.6,28,1005.8,9.6,322,0.0
2026-03-26 20:00:00,28.8,29,1005.2,9.3,319,0.0
2026-03-26 21:00:00,27.9,32,1004.6,10.4,316,0.0
2026-03-26 22:00:00,27.4,36,1004.1,8.4,315,0.0
2026-03-26 23:00:00,26.9,39,1003.7,6.8,310,0.0
2026-03-27 00:00:00,26.5,47,1003.7,7.9,309,0.0
2026-03-27 01:00:00,26.3,49,1004.2,7.8,307,0.0
2026-03-27 02:00:00,26.3,50,1004.8,7.7,307,0.0
2026-03-27 03:00:00,27.8,48,1005.6,6.8,312,0.0
2026-03-27 04:00:00,30.1,42,1006.5,7.5,314,0.0
2026-03-27 05:00:00,32.5,35,1006.4,8.5,322,0.0
2026-03-27 06:00:00,34.2,29,1006.0,9.7,318,0.0
2026-03-27 07:00:00,35.7,24,1005.2,9.9,314,0.0
2026-03-27 08:00:00,36.8,21,1003.9,10.2,306,0.0
2026-03-27 09:00:00,37.4,20,1002.5,11.4,299,0.0
2026-03-27 10:00:00,37.6,20,1001.5,12.3,300,0.0
2026-03-27 11:00:00,37.4,20,1000.7,12.7,293,0.0
2026-03-27 12:00:00,36.6,23,1000.5,12.0,291,0.0
2026-03-27 13:00:00,36.0,23,1001.0,13.1,282,0.0
2026-03-27 14:00:00,35.0,25,1001.4,9.4,281,0.0
2026-03-27 15:00:00,34.0,27,1002.3,8.9,289,0.0
2026-03-27 16:00:00,32.9,29,1002.9,10.8,288,0.0
2026-03-27 17:00:00,31.9,31,1003.1,9.5,292,0.0
2026-03-27 18:00:00,30.8,37,1002.9,11.4,289,0.0
2026-03-27 19:00:00,29.9,43,1002.6,10.3,283,0.0
2026-03-27 20:00:00,29.0,47,1002.0,10.5,286,0.0
2026-03-27 21:00:00,28.1,49,1001.6,10.7,286,0.0
2026-03-27 22:00:00,27.4,52,1001.1,11.1,282,0.0
2026-03-27 23:00:00,26.7,56,1000.9,11.2,285,0.0
2026-03-28 00:00:00,26.7,59,1000.3,8.6,301,0.0
2026-03-28 01:00:00,26.7,59,1001.0,8.5,297,0.0
2026-03-28 02:00:00,26.6,59,1001.7,7.0,282,0.0
2026-03-28 03:00:00,27.9,55,1002.5,8.2,285,0.0
2026-03-28 04:00:00,29.7,49,1003.1,10.0,287,0.0
2026-03-28 05:00:00,31.6,40,1003.1,12.9,290,0.0
2026-03-28 06:00:00,33.1,35,1002.8,10.7,277,0.0
2026-03-28 07:00:00,34.6,31,1001.9,11.2,264,0.0
2026-03-28 08:00:00,35.6,29,1000.7,13.1,258,0.0
2026-03-28 09:00:00,36.3,28,999.5,15.0,263,0.0
2026-03-28 10:00:00,36.8,27,998.5,15.5,271,0.0
2026-03-28 11:00:00,36.1,28,998.1,18.9,284,0.0
2026-03-28 12:00:00,35.5,29,997.8,14.4,269,0.0
2026-03-28 13:00:00,34.5,33,998.2,13.8,259,0.0
2026-03-28 14:00:00,33.9,36,999.0,11.4,246,0.0
2026-03-28 15:00:00,33.2,38,999.6,10.4,249,0.0
2026-03-28 16:00:00,32.3,38,1000.6,12.0,246,0.0
2026-03-28 17:00:00,30.8,42,1000.7,9.8,210,0.0
2026-03-28 18:00:00,30.3,47,1001.1,9.9,245,0.0
2026-03-28 19:00:00,29.7,52,1000.9,9.3,257,0.0
2026-03-28 20:00:00,28.8,55,1000.8,9.3,262,0.0
2026-03-28 21:00:00,28.0,57,1000.4,9.5,260,0.0
2026-03-28 22:00:00,27.3,59,1000.4,9.4,262,0.0
2026-03-28 23:00:00,26.6,62,1000.3,10.1,266,0.0
2026-03-29 00:00:00,26.4,63,1000.7,8.4,281,0.0
2026-03-29 01:00:00,26.1,67,1001.6,8.6,268,0.0
2026-03-29 02:00:00,26.0,72,1002.6,7.9,266,0.0
2026-03-29 03:00:00,26.9,72,1003.5,9.0,271,0.0
2026-03-29 04:00:00,28.7,64,1004.3,11.5,279,0.0
2026-03-29 05:00:00,30.3,54,1004.4,10.6,279,0.0
2026-03-29 06:00:00,31.8,47,1004.3,9.0,283,0.0
2026-03-29 07:00:00,33.3,42,1003.7,7.8,274,0.0
2026-03-29 08:00:00,34.3,37,1002.5,9.1,261,0.0
2026-03-29 09:00:00,34.2,33,1002.2,13.4,275,0.4
2026-03-29 10:00:00,33.7,34,1001.3,12.3,273,0.0
2026-03-29 11:00:00,34.0,35,1000.8,13.5,273,0.0
2026-03-29 12:00:00,34.4,29,1000.5,15.0,264,0.0
2026-03-29 13:00:00,32.5,38,1001.0,13.0,271,0.0
2026-03-29 14:00:00,31.9,40,1001.2,7.8,279,0.0
2026-03-29 15:00:00,31.8,41,1001.6,6.5,264,0.0
2026-03-29 16:00:00,31.5,41,1002.3,8.8,268,0.0
2026-03-29 17:00:00,30.6,43,1002.6,7.6,265,0.0
2026-03-29 18:00:00,30.3,47,1002.9,6.6,241,0.0
2026-03-29 19:00:00,29.4,51,1002.6,8.3,257,0.0
2026-03-29 20:00:00,28.7,52,1001.9,8.1,274,0.0
2026-03-29 21:00:00,28.1,55,1001.3,8.0,276,0.0
2026-03-29 22:00:00,27.6,58,1001.2,8.2,280,0.0
2026-03-29 23:00:00,27.0,62,1001.3,8.2,292,0.0
2026-03-30 00:00:00,27.0,65,1001.0,5.8,300,0.0
2026-03-30 01:00:00,27.1,66,1001.9,6.2,300,0.0
2026-03-30 02:00:00,27.3,65,1002.8,5.1,297,0.0
2026-03-30 03:00:00,28.3,61,1004.4,10.3,289,0.0
2026-03-30 04:00:00,29.7,54,1004.5,8.4,312,0.0
2026-03-30 05:00:00,31.6,45,1004.5,6.4,313,0.0
2026-03-30 06:00:00,33.3,40,1004.3,5.9,281,0.0
2026-03-30 07:00:00,34.5,37,1003.4,6.7,254,0.0
2026-03-30 08:00:00,34.6,35,1002.6,9.7,243,0.0
2026-03-30 09:00:00,33.9,36,1002.6,8.6,241,0.6
2026-03-30 10:00:00,32.2,40,1002.5,6.0,233,0.2
2026-03-30 11:00:00,31.9,38,1002.3,8.8,253,0.8
2026-03-30 12:00:00,35.1,28,1000.3,6.2,282,0.0
2026-03-30 13:00:00,34.3,27,1000.2,8.9,342,0.0
2026-03-30 14:00:00,33.9,27,1000.7,5.6,338,0.0
2026-03-30 15:00:00,33.4,28,1001.2,1.2,141,0.0
2026-03-30 16:00:00,32.1,29,1002.2,8.8,311,0.0
2026-03-30 17:00:00,30.2,32,1003.2,8.5,336,0.0
2026-03-30 18:00:00,30.1,37,1002.9,4.4,279,0.0
2026-03-30 19:00:00,29.9,38,1002.8,5.1,287,0.0
2026-03-30 20:00:00,29.1,38,1002.4,8.3,272,0.0
2026-03-30 21:00:00,28.8,39,1002.1,9.0,293,0.0
2026-03-30 22:00:00,27.7,44,1002.2,11.4,275,0.0
2026-03-30 23:00:00,26.7,61,1002.2,10.9,283,0.0
2026-03-31 00:00:00,26.4,62,1002.1,10.2,302,0.0
2026-03-31 01:00:00,26.4,61,1003.0,10.1,305,0.0
2026-03-31 02:00:00,26.7,57,1003.7,8.2,308,0.0
2026-03-31 03:00:00,28.0,52,1004.9,8.6,319,0.0
2026-03-31 04:00:00,29.7,46,1005.7,8.3,326,0.0
2026-03-31 05:00:00,31.4,41,1005.5,5.1,315,0.0
2026-03-31 06:00:00,32.2,41,1005.5,4.0,265,0.0
2026-03-31 07:00:00,33.4,38,1004.8,5.6,230,0.0
2026-03-31 08:00:00,34.4,35,1003.9,7.4,231,0.0
2026-03-31 09:00:00,34.7,34,1002.6,8.9,228,0.0
2026-03-31 10:00:00,34.8,33,1001.3,8.7,227,0.0
2026-03-31 11:00:00,34.8,33,1000.4,9.5,234,0.0
2026-03-31 12:00:00,33.9,28,1000.5,9.9,235,0.0
2026-03-31 13:00:00,33.9,29,1000.6,5.9,259,0.0
2026-03-31 14:00:00,33.9,29,1000.9,7.0,342,0.0
2026-03-31 15:00:00,33.0,32,1001.6,5.8,351,0.0
2026-03-31 16:00:00,32.0,35,1002.9,5.7,246,0.0
2026-03-31 17:00:00,31.1,38,1003.6,6.7,234,0.0
2026-03-31 18:00:00,30.4,41,1003.7,5.6,266,0.0
2026-03-31 19:00:00,29.8,41,1003.6,6.9,277,0.0
2026-03-31 20:00:00,29.0,40,1003.0,8.1,294,0.0
2026-03-31 21:00:00,28.2,41,1002.6,9.3,302,0.0
2026-03-31 22:00:00,27.6,43,1002.4,7.6,301,0.0
2026-03-31 23:00:00,26.7,45,1002.6,7.6,295,0.0
2026-04-01 00:00:00,25.8,50,1002.6,8.9,308,0.0
2026-04-01 01:00:00,25.4,51,1003.5,8.8,313,0.0
2026-04-01 02:00:00,25.3,51,1004.3,7.9,315,0.0
2026-04-01 03:00:00,26.3,47,1005.0,7.4,315,0.0
2026-04-01 04:00:00,28.4,41,1005.5,6.7,316,0.0
2026-04-01 05:00:00,30.6,35,1005.8,5.0,314,0.0
2026-04-01 06:00:00,31.9,34,1005.2,2.8,305,0.0
2026-04-01 07:00:00,33.6,31,1004.5,3.1,242,0.0
2026-04-01 08:00:00,34.7,29,1003.1,6.5,231,0.0
2026-04-01 09:00:00,35.2,27,1002.0,9.4,234,0.0
2026-04-01 10:00:00,35.3,27,1001.0,9.9,241,0.0
2026-04-01 11:00:00,35.2,26,1000.2,10.2,246,0.0
2026-04-01 12:00:00,34.6,28,1000.5,9.8,250,0.0
2026-04-01 13:00:00,33.9,30,1001.0,11.4,247,0.0
2026-04-01 14:00:00,33.2,32,1001.3,7.6,245,0.0
2026-04-01 15:00:00,33.0,33,1001.9,5.5,306,0.0
2026-04-01 16:00:00,31.7,33,1002.6,9.0,301,0.0
2026-04-01 17:00:00,30.5,30,1003.5,10.4,278,0.0
2026-04-01 18:00:00,29.4,30,1003.5,9.7,288,0.0
2026-04-01 19:00:00,29.1,28,1003.4,7.6,288,0.0
2026-04-01 20:00:00,28.5,29,1003.0,5.5,287,0.0
2026-04-01 21:00:00,27.8,32,1002.6,5.4,290,0.0
2026-04-01 22:00:00,27.0,35,1002.5,6.2,278,0.0
2026-04-01 23:00:00,26.1,39,1002.8,7.2,283,0.0
2026-04-02 00:00:00,24.8,55,1003.6,8.4,289,0.0
2026-04-02 01:00:00,24.7,61,1004.2,7.1,297,0.0
2026-04-02 02:00:00,24.8,63,1005.0,6.4,302,0.0
2026-04-02 03:00:00,25.9,59,1005.3,4.8,318,0.0
2026-04-02 04:00:00,27.9,51,1006.0,3.2,289,0.0
2026-04-02 05:00:00,30.1,41,1005.7,0.3,135,0.0
2026-04-02 06:00:00,31.8,36,1005.8,4.3,185,0.0
2026-04-02 07:00:00,33.7,31,1005.3,6.9,205,0.0
2026-04-02 08:00:00,34.7,27,1004.1,9.6,218,0.0
2026-04-02 09:00:00,35.1,26,1003.1,11.1,239,0.0
2026-04-02 10:00:00,35.3,24,1002.0,12.8,254,0.0
2026-04-02 11:00:00,34.9,25,1001.7,14.0,255,0.0
2026-04-02 12:00:00,34.1,29,1001.5,13.5,269,0.0
2026-04-02 13:00:00,33.3,29,1002.1,15.8,289,0.0
2026-04-02 14:00:00,31.1,34,1003.3,16.5,297,0.0
2026-04-02 15:00:00,30.4,36,1004.3,11.7,284,0.0
2026-04-02 16:00:00,29.7,38,1005.0,9.3,283,0.0
2026-04-02 17:00:00,28.9,41,1005.5,7.5,280,0.0
2026-04-02 18:00:00,28.9,40,1005.6,4.9,234,0.0
2026-04-02 19:00:00,28.5,43,1005.3,3.9,214,0.0
2026-04-02 20:00:00,28.4,43,1004.6,3.4,344,0.0
2026-04-02 21:00:00,26.5,51,1004.5,4.0,190,0.4
2026-04-02 22:00:00,26.0,55,1004.5,4.2,234,0.0
2026-04-02 23:00:00,25.8,56,1004.0,2.7,200,0.0
2026-04-03 00:00:00,25.9,54,1003.2,4.0,188,0.0
2026-04-03 01:00:00,25.7,59,1004.0,4.7,242,0.0
2026-04-03 02:00:00,25.9,61,1004.2,3.5,192,0.0
2026-04-03 03:00:00,27.2,55,1005.4,5.4,250,0.0
2026-04-03 04:00:00,28.6,50,1006.2,6.3,250,0.0
2026-04-03 05:00:00,29.6,43,1005.9,7.3,239,0.0
2026-04-03 06:00:00,31.5,36,1005.7,8.8,244,0.0
2026-04-03 07:00:00,32.0,31,1004.7,9.1,255,0.0
2026-04-03 08:00:00,32.9,29,1004.0,15.4,253,0.0
2026-04-03 09:00:00,31.7,34,1003.5,18.5,262,0.2
2026-04-03 10:00:00,30.3,40,1004.0,21.6,270,0.1
2026-04-03 11:00:00,27.5,55,1003.3,14.1,257,0.0
2026-04-03 12:00:00,29.8,42,1003.1,13.1,283,0.0
2026-04-03 13:00:00,29.0,45,1003.4,9.6,261,0.0
2026-04-03 14:00:00,27.4,52,1003.5,6.9,245,0.0
2026-04-03 15:00:00,26.8,56,1003.9,5.0,224,0.0
2026-04-03 16:00:00,26.7,58,1004.4,4.9,213,0.0
2026-04-03 17:00:00,26.4,60,1004.6,5.3,213,0.0
2026-04-03 18:00:00,26.7,62,1004.2,7.0,203,0.0
2026-04-03 19:00:00,26.2,63,1004.1,7.2,208,0.0
2026-04-03 20:00:00,25.9,64,1003.7,6.2,210,0.0
2026-04-03 21:00:00,25.5,65,1003.4,7.0,224,0.0
2026-04-03 22:00:00,25.0,68,1003.6,6.6,244,0.0
2026-04-03 23:00:00,24.3,71,1003.8,6.7,268,0.0
2026-04-04 00:00:00,24.6,62,1003.8,8.6,299,0.0
2026-04-04 01:00:00,24.5,60,1004.5,8.8,305,0.0
2026-04-04 02:00:00,24.6,56,1005.2,6.6,305,0.0
2026-04-04 03:00:00,25.8,47,1006.1,8.2,302,0.0
2026-04-04 04:00:00,27.5,37,1006.6,8.7,308,0.0
2026-04-04 05:00:00,29.0,31,1006.6,8.1,302,0.0
2026-04-04 06:00:00,30.2,32,1006.2,6.9,277,0.0
2026-04-04 07:00:00,31.0,30,1005.5,7.9,270,0.0
2026-04-04 08:00:00,31.7,28,1004.3,8.0,265,0.0
2026-04-04 09:00:00,32.4,24,1003.1,8.8,261,0.0
2026-04-04 10:00:00,32.7,21,1002.0,10.3,254,0.0
2026-04-04 11:00:00,32.6,21,1001.5,10.7,258,0.0
2026-04-04 12:00:00,32.1,19,1001.6,12.2,253,0.0
2026-04-04 13:00:00,31.2,23,1002.0,11.4,264,0.0
2026-04-04 14:00:00,30.4,25,1002.6,9.0,286,0.0
2026-04-04 15:00:00,30.0,25,1002.9,10.1,305,0.0
2026-04-04 16:00:00,29.2,26,1003.6,8.4,325,0.0
2026-04-04 17:00:00,28.4,28,1004.0,6.1,315,0.0
2026-04-04 18:00:00,27.5,32,1003.9,5.9,310,0.0
2026-04-04 19:00:00,26.6,34,1004.0,5.3,235,0.0
2026-04-04 20:00:00,26.1,35,1004.1,5.9,218,0.0
2026-04-04 21:00:00,25.7,36,1003.6,5.4,230,0.0
2026-04-04 22:00:00,25.4,38,1003.4,6.6,253,0.0
2026-04-04 23:00:00,24.6,35,1003.8,8.4,281,0.0
2026-04-05 00:00:00,23.7,41,1004.1,10.1,297,0.0
2026-04-05 01:00:00,23.5,45,1004.8,9.6,310,0.0
2026-04-05 02:00:00,24.0,46,1005.4,7.7,309,0.0
2026-04-05 03:00:00,25.9,42,1005.8,7.0,314,0.0
2026-04-05 04:00:00,27.8,38,1006.1,7.8,322,0.0
2026-04-05 05:00:00,29.7,33,1006.4,7.3,322,0.0
2026-04-05 06:00:00,30.9,31,1006.0,4.5,323,0.0
2026-04-05 07:00:00,31.9,28,1005.3,3.2,317,0.0
2026-04-05 08:00:00,32.7,25,1004.1,4.4,300,0.0
2026-04-05 09:00:00,33.4,23,1002.9,5.7,294,0.0
2026-04-05 10:00:00,33.7,21,1001.9,6.7,301,0.0
2026-04-05 11:00:00,33.6,21,1001.2,7.8,302,0.0
2026-04-05 12:00:00,33.0,22,1001.3,8.3,330,0.0
2026-04-05 13:00:00,32.6,22,1001.6,7.0,318,0.0
2026-04-05 14:00:00,31.9,23,1001.9,6.3,263,0.0
2026-04-05 15:00:00,30.7,25,1002.8,6.7,270,0.0
2026-04-05 16:00:00,29.8,28,1003.4,7.0,318,0.0
2026-04-05 17:00:00,29.5,28,1003.6,6.6,325,0.0
2026-04-05 18:00:00,28.8,30,1003.7,6.9,315,0.0
2026-04-05 19:00:00,28.5,30,1003.5,6.7,301,0.0
2026-04-05 20:00:00,26.7,35,1003.4,7.8,241,0.0
2026-04-05 21:00:00,24.9,40,1003.6,10.2,246,0.0
2026-04-05 22:00:00,24.3,49,1003.7,10.3,269,0.0
2026-04-05 23:00:00,23.9,56,1003.8,10.8,285,0.0
2026-04-06 00:00:00,23.9,58,1003.5,10.2,302,0.0
2026-04-06 01:00:00,23.9,56,1004.5,10.4,306,0.0
2026-04-06 02:00:00,24.2,54,1005.2,8.0,308,0.0
2026-04-06 03:00:00,25.5,51,1005.9,8.5,302,0.0
2026-04-06 04:00:00,27.4,47,1006.4,8.2,299,0.0
2026-04-06 05:00:00,29.7,39,1006.4,7.7,306,0.0
2026-04-06 06:00:00,31.7,31,1006.4,5.8,309,0.0
2026-04-06 07:00:00,33.3,25,1005.7,4.7,274,0.0
2026-04-06 08:00:00,34.3,22,1004.6,7.0,260,0.0
2026-04-06 09:00:00,34.8,20,1003.0,9.2,253,0.0
2026-04-06 10:00:00,34.9,20,1001.9,10.0,257,0.0
2026-04-06 11:00:00,34.8,19,1001.3,12.3,273,0.0
2026-04-06 12:00:00,34.3,20,1001.3,7.7,249,0.0
2026-04-06 13:00:00,34.2,20,1001.4,3.6,250,0.0
2026-04-06 14:00:00,33.2,24,1001.7,7.8,218,0.0
2026-04-06 15:00:00,30.4,35,1002.7,14.4,202,0.0
2026-04-06 16:00:00,28.6,44,1003.6,12.5,213,0.0
2026-04-06 17:00:00,28.4,44,1003.9,12.5,220,0.0
2026-04-06 18:00:00,28.0,45,1004.0,11.0,222,0.0
2026-04-06 19:00:00,27.5,47,1004.1,10.1,251,0.0
2026-04-06 20:00:00,26.7,59,1004.1,11.8,258,0.0
2026-04-06 21:00:00,25.9,67,1004.0,9.5,255,0.0
2026-04-06 22:00:00,25.4,70,1003.5,8.2,248,0.0
2026-04-06 23:00:00,25.0,72,1003.2,7.7,245,0.0
2026-04-07 00:00:00,24.8,75,1003.0,7.9,219,0.0
2026-04-07 01:00:00,24.9,74,1003.7,7.8,220,0.0
2026-04-07 02:00:00,25.2,72,1004.4,8.6,221,0.0
2026-04-07 03:00:00,26.4,66,1005.0,13.0,246,0.0
2026-04-07 04:00:00,28.0,58,1005.4,12.9,242,0.0
2026-04-07 05:00:00,29.9,51,1005.0,12.5,238,0.0
2026-04-07 06:00:00,31.3,47,1004.6,14.3,235,0.0
2026-04-07 07:00:00,32.9,42,1003.6,14.6,232,0.0
2026-04-07 08:00:00,33.6,39,1002.5,17.0,248,0.0
2026-04-07 09:00:00,27.1,61,1002.1,12.3,263,0.7
2026-04-07 10:00:00,28.1,60,1001.8,13.1,189,0.4
2026-04-07 11:00:00,28.4,58,1000.7,11.8,163,0.0
2026-04-07 12:00:00,30.1,55,1000.1,15.5,188,0.0
2026-04-07 13:00:00,29.8,57,1000.4,13.1,193,0.0
2026-04-07 14:00:00,28.6,59,1001.3,11.9,211,0.0
2026-04-07 15:00:00,24.3,76,1002.4,5.2,229,3.0
2026-04-07 16:00:00,23.3,89,1002.0,8.4,135,1.2
2026-04-07 17:00:00,24.5,87,1002.2,8.3,180,0.0
2026-04-07 18:00:00,27.4,59,1002.0,14.9,253,0.0
2026-04-07 19:00:00,26.8,62,1001.7,14.1,247,0.0
2026-04-07 20:00:00,26.3,65,1001.3,12.6,246,0.0
2026-04-07 21:00:00,25.8,68,1000.9,12.0,251,0.0
2026-04-07 22:00:00,25.5,71,1001.0,11.3,252,0.0
2026-04-07 23:00:00,24.9,75,1000.8,9.4,275,0.0
2026-04-08 00:00:00,25.0,76,1000.8,8.1,274,0.0
2026-04-08 01:00:00,25.2,77,1001.5,8.0,261,0.0
2026-04-08 02:00:00,25.4,77,1002.1,10.8,267,0.3
2026-04-08 03:00:00,25.5,75,1003.1,11.6,276,0.3
2026-04-08 04:00:00,27.5,69,1003.5,10.4,278,0.3
2026-04-08 05:00:00,29.1,58,1003.8,10.0,279,0.1
2026-04-08 06:00:00,30.2,51,1003.2,8.8,265,0.0
2026-04-08 07:00:00,31.1,46,1003.0,11.3,263,0.0
2026-04-08 08:00:00,32.5,38,1002.1,12.5,277,0.0
2026-04-08 09:00:00,33.3,33,1001.3,15.5,266,0.0
2026-04-08 10:00:00,33.5,28,1000.4,13.0,259,0.0
2026-04-08 11:00:00,34.1,22,999.7,11.7,265,0.0
2026-04-08 12:00:00,34.2,25,999.4,8.5,295,0.0
2026-04-08 13:00:00,32.9,30,999.8,7.3,293,0.0
2026-04-08 14:00:00,31.8,36,1000.6,4.8,248,0.0
2026-04-08 15:00:00,29.8,46,1001.4,9.7,178,0.0
2026-04-08 16:00:00,28.7,61,1002.1,6.9,160,0.0
2026-04-08 17:00:00,27.9,65,1002.7,7.6,155,0.0
2026-04-08 18:00:00,27.3,69,1002.8,7.4,151,0.0
2026-04-08 19:00:00,27.1,69,1002.9,6.0,209,0.0
2026-04-08 20:00:00,26.6,73,1002.8,6.0,231,0.0
2026-04-08 21:00:00,26.1,71,1002.6,7.8,266,0.0
2026-04-08 22:00:00,25.4,59,1002.8,8.3,269,0.0
2026-04-08 23:00:00,24.5,60,1002.9,7.8,262,0.0
2026-04-09 00:00:00,24.1,67,1003.5,8.4,279,0.0
2026-04-09 01:00:00,24.0,72,1004.5,9.0,292,0.0
2026-04-09 02:00:00,24.3,73,1005.4,7.2,305,0.0
2026-04-09 03:00:00,25.8,66,1006.2,5.1,306,0.0
2026-04-09 04:00:00,27.9,56,1006.7,2.4,287,0.0
2026-04-09 05:00:00,30.3,46,1006.9,1.5,277,0.0
2026-04-09 06:00:00,31.5,41,1006.7,0.6,342,0.0
2026-04-09 07:00:00,33.2,34,1006.1,1.9,41,0.0
2026-04-09 08:00:00,34.3,30,1005.5,4.3,42,0.0
2026-04-09 09:00:00,34.7,27,1004.4,4.9,39,0.0
2026-04-09 10:00:00,35.0,25,1003.8,3.6,33,0.0
2026-04-09 11:00:00,35.0,24,1003.3,1.8,45,0.0
2026-04-09 12:00:00,34.1,24,1003.6,3.9,152,0.0
2026-04-09 13:00:00,33.8,25,1004.1,4.0,141,0.0
2026-04-09 14:00:00,33.5,25,1004.7,3.9,127,0.0
2026-04-09 15:00:00,33.4,24,1005.0,3.8,180,0.0
2026-04-09 16:00:00,31.5,29,1005.5,9.4,200,0.0
2026-04-09 17:00:00,30.0,33,1006.0,6.9,195,0.0
2026-04-09 18:00:00,29.8,35,1006.4,6.6,201,0.0
2026-04-09 19:00:00,29.2,38,1006.2,6.4,227,0.0
2026-04-09 20:00:00,28.0,42,1006.0,7.6,288,0.0
2026-04-09 21:00:00,26.9,46,1005.9,8.7,330,0.0
2026-04-09 22:00:00,26.4,44,1006.1,8.4,48,0.0
2026-04-09 23:00:00,26.3,39,1006.1,7.3,79,0.0
2026-04-10 00:00:00,26.0,45,1006.3,8.6,37,0.0
2026-04-10 01:00:00,26.1,37,1006.9,9.4,60,0.0
2026-04-10 02:00:00,26.3,30,1007.8,8.8,75,0.0
2026-04-10 03:00:00,28.0,23,1008.5,8.8,79,0.0
2026-04-10 04:00:00,30.4,19,1008.9,10.3,86,0.0
2026-04-10 05:00:00,33.0,17,1008.7,11.4,85,0.0
2026-04-10 06:00:00,35.1,14,1008.5,13.3,81,0.0
2026-04-10 07:00:00,36.0,16,1007.9,12.1,75,0.0
2026-04-10 08:00:00,36.9,16,1006.8,10.9,70,0.0
2026-04-10 09:00:00,37.4,15,1005.5,9.9,63,0.0
2026-04-10 10:00:00,37.6,14,1004.6,9.0,61,0.0
2026-04-10 11:00:00,37.5,12,1004.2,8.4,67,0.0
2026-04-10 12:00:00,36.8,10,1004.3,9.0,87,0.0
2026-04-10 13:00:00,36.3,10,1004.3,7.7,106,0.0
2026-04-10 14:00:00,35.9,10,1004.6,5.7,131,0.0
2026-04-10 15:00:00,35.4,10,1005.1,2.8,11,0.0
2026-04-10 16:00:00,33.8,12,1005.5,7.0,339,0.0
2026-04-10 17:00:00,32.9,13,1005.5,6.5,336,0.0
2026-04-10 18:00:00,31.5,16,1005.9,3.5,339,0.0
2026-04-10 19:00:00,31.1,17,1005.6,6.2,339,0.0
2026-04-10 20:00:00,29.8,20,1005.1,6.6,17,0.0
2026-04-10 21:00:00,28.2,24,1004.8,7.4,41,0.0
2026-04-10 22:00:00,27.1,26,1004.4,7.7,54,0.0
2026-04-10 23:00:00,25.8,27,1004.5,9.1,76,0.0
2026-04-11 00:00:00,26.4,27,1004.7,8.2,71,0.0
2026-04-11 01:00:00,26.4,26,1005.0,9.0,77,0.0
2026-04-11 02:00:00,26.5,27,1005.9,5.4,40,0.0
2026-04-11 03:00:00,28.0,24,1007.1,3.8,278,0.0
2026-04-11 04:00:00,30.6,20,1007.5,1.1,9,0.0
2026-04-11 05:00:00,33.4,16,1007.2,1.1,351,0.0
2026-04-11 06:00:00,35.4,13,1006.8,2.7,332,0.0
2026-04-11 07:00:00,37.2,11,1005.9,2.1,329,0.0
2026-04-11 08:00:00,38.2,10,1004.6,3.0,287,0.0
2026-04-11 09:00:00,38.7,11,1003.4,5.3,258,0.0
2026-04-11 10:00:00,38.8,13,1002.6,6.5,264,0.0
2026-04-11 11:00:00,38.7,14,1001.9,4.7,270,0.0
2026-04-11 12:00:00,38.2,15,1001.5,4.9,242,0.0
2026-04-11 13:00:00,38.0,15,1001.6,6.0,261,0.0
2026-04-11 14:00:00,36.4,18,1002.2,6.2,280,0.0
2026-04-11 15:00:00,35.6,20,1002.7,1.0,112,0.0
2026-04-11 16:00:00,34.6,22,1003.0,3.4,65,0.0
2026-04-11 17:00:00,33.4,24,1003.6,6.7,314,0.0
2026-04-11 18:00:00,32.5,27,1003.7,8.6,331,0.0
2026-04-11 19:00:00,32.1,27,1003.2,9.3,320,0.0
2026-04-11 20:00:00,30.5,30,1003.0,6.8,270,0.0
2026-04-11 21:00:00,29.3,31,1002.6,7.0,273,0.0
2026-04-11 22:00:00,28.7,33,1002.1,8.1,267,0.0
2026-04-11 23:00:00,27.9,38,1002.1,9.2,273,0.0
2026-04-12 00:00:00,27.7,44,1001.8,7.3,280,0.0
2026-04-12 01:00:00,27.6,47,1002.3,6.5,293,0.0
2026-04-12 02:00:00,28.0,48,1002.8,4.3,298,0.0
2026-04-12 03:00:00,29.9,43,1003.4,2.4,318,0.0
2026-04-12 04:00:00,32.3,35,1003.6,3.6,6,0.0
2026-04-12 05:00:00,34.7,28,1003.5,3.7,35,0.0
2026-04-12 06:00:00,36.7,22,1002.9,2.8,27,0.0
2026-04-12 07:00:00,38.4,18,1002.1,3.4,342,0.0
2026-04-12 08:00:00,39.1,17,1001.0,5.1,324,0.0
2026-04-12 09:00:00,39.5,16,1000.0,7.2,321,0.0
2026-04-12 10:00:00,39.6,16,999.4,8.7,328,0.0
2026-04-12 11:00:00,39.3,16,999.3,9.5,338,0.0
2026-04-12 12:00:00,38.9,15,999.0,8.4,350,0.0
2026-04-12 13:00:00,38.3,15,999.4,9.9,360,0.0
2026-04-12 14:00:00,37.4,13,1000.0,10.6,359,0.0
2026-04-12 15:00:00,37.0,12,1000.5,10.6,346,0.0
2026-04-12 16:00:00,35.4,13,1001.2,10.7,348,0.0
2026-04-12 17:00:00,34.1,15,1001.8,9.5,339,0.0
2026-04-12 18:00:00,32.6,17,1002.2,9.3,332,0.0
2026-04-12 19:00:00,31.8,18,1001.8,9.9,351,0.0
2026-04-12 20:00:00,31.2,19,1001.2,9.0,6,0.0
2026-04-12 21:00:00,30.1,20,1001.1,8.2,23,0.0
2026-04-12 22:00:00,29.3,21,1001.2,2.8,285,0.0
2026-04-12 23:00:00,28.7,22,1001.4,1.0,112,0.0
2026-04-13 00:00:00,27.8,26,1001.6,8.5,295,0.0
2026-04-13 01:00:00,26.9,28,1002.2,5.7,349,0.0
2026-04-13 02:00:00,27.0,29,1003.2,4.5,2,0.0
2026-04-13 03:00:00,29.3,25,1003.9,3.1,329,0.0
2026-04-13 04:00:00,32.1,21,1004.3,3.6,6,0.0
2026-04-13 05:00:00,34.5,19,1004.7,3.7,11,0.0
2026-04-13 06:00:00,36.4,18,1004.0,3.6,41,0.0
2026-04-13 07:00:00,38.5,13,1003.7,3.1,31,0.0
2026-04-13 08:00:00,39.3,12,1002.7,3.9,344,0.0
2026-04-13 09:00:00,39.8,11,1001.7,5.5,322,0.0
2026-04-13 10:00:00,40.0,12,1001.2,5.7,323,0.0
2026-04-13 11:00:00,40.1,12,1000.6,4.8,340,0.0
2026-04-13 12:00:00,39.7,12,1000.3,4.5,360,0.0
2026-04-13 13:00:00,39.3,13,1000.7,3.9,304,0.0
2026-04-13 14:00:00,37.7,14,1001.3,5.2,254,0.0
2026-04-13 15:00:00,36.9,16,1001.8,3.6,267,0.0
2026-04-13 16:00:00,36.2,17,1002.4,3.1,249,0.0
2026-04-13 17:00:00,34.9,19,1002.9,6.7,289,0.0
2026-04-13 18:00:00,33.5,23,1003.3,9.2,287,0.0
2026-04-13 19:00:00,31.7,25,1003.1,10.2,219,0.0
2026-04-13 20:00:00,30.9,26,1002.6,9.2,250,0.0
2026-04-13 21:00:00,30.2,29,1002.2,8.0,247,0.0
2026-04-13 22:00:00,29.4,34,1001.9,7.9,253,0.0
2026-04-13 23:00:00,28.7,41,1002.0,9.2,270,0.0
2026-04-14 00:00:00,28.2,49,1002.5,9.9,282,0.0
2026-04-14 01:00:00,28.0,49,1002.9,9.2,281,0.0
2026-04-14 02:00:00,28.4,46,1003.8,7.1,280,0.0
2026-04-14 03:00:00,29.8,41,1004.5,7.2,282,0.0
2026-04-14 04:00:00,31.6,36,1004.6,6.0,277,0.0
2026-04-14 05:00:00,34.0,27,1004.5,5.2,270,0.0
2026-04-14 06:00:00,35.9,21,1004.0,5.8,265,0.0
2026-04-14 07:00:00,37.8,17,1003.3,7.4,247,0.0
2026-04-14 08:00:00,39.1,15,1002.0,10.2,246,0.0
2026-04-14 09:00:00,40.1,13,1000.7,12.5,250,0.0
2026-04-14 10:00:00,40.5,12,999.7,14.1,255,0.0
2026-04-14 11:00:00,40.3,13,999.1,14.7,262,0.0
2026-04-14 12:00:00,39.8,14,998.7,12.0,254,0.0
2026-04-14 13:00:00,39.3,15,998.9,11.6,258,0.0
2026-04-14 14:00:00,37.8,17,999.5,8.5,265,0.0
2026-04-14 15:00:00,36.4,18,1000.1,9.5,233,0.0
2026-04-14 16:00:00,33.5,26,1001.0,11.1,202,0.0
2026-04-14 17:00:00,31.9,37,1001.3,9.2,231,0.0
2026-04-14 18:00:00,31.0,43,1001.4,8.3,231,0.0
2026-04-14 19:00:00,30.5,44,1000.9,8.4,242,0.0
2026-04-14 20:00:00,30.3,39,1000.3,9.0,255,0.0
2026-04-14 21:00:00,29.7,38,999.9,10.1,269,0.0
2026-04-14 22:00:00,28.8,44,999.6,10.7,283,0.0
2026-04-14 23:00:00,28.0,51,999.6,9.7,289,0.0
2026-04-15 00:00:00,27.6,59,999.7,9.3,292,0.0
2026-04-15 01:00:00,27.3,61,1000.3,8.3,284,0.0
2026-04-15 02:00:00,27.6,60,1000.8,6.0,275,0.0
2026-04-15 03:00:00,29.2,52,1001.3,5.1,274,0.0
2026-04-15 04:00:00,31.4,43,1001.3,4.2,252,0.0
2026-04-15 05:00:00,33.8,36,1001.4,4.5,247,0.0
2026-04-15 06:00:00,35.6,32,1001.1,4.8,248,0.0
2026-04-15 07:00:00,37.7,25,1000.7,5.7,246,0.0
2026-04-15 08:00:00,38.9,21,999.9,6.9,242,0.0
2026-04-15 09:00:00,39.6,19,998.6,7.4,238,0.0
2026-04-15 10:00:00,39.9,18,997.8,7.4,236,0.0
2026-04-15 11:00:00,39.9,18,997.2,8.0,236,0.0
2026-04-15 12:00:00,39.0,17,997.3,8.3,229,0.0
2026-04-15 13:00:00,38.6,16,997.5,8.1,227,0.0
2026-04-15 14:00:00,37.4,17,998.2,9.0,202,0.0
2026-04-15 15:00:00,36.8,17,998.8,10.1,207,0.0
2026-04-15 16:00:00,32.4,27,999.7,11.3,205,0.0
2026-04-15 17:00:00,31.3,28,999.9,11.1,214,0.0
2026-04-15 18:00:00,30.5,32,1000.0,11.4,219,0.0
2026-04-15 19:00:00,30.1,37,999.6,9.9,226,0.0
2026-04-15 20:00:00,29.4,42,999.4,8.7,238,0.0
2026-04-15 21:00:00,28.8,44,999.2,7.7,240,0.0
2026-04-15 22:00:00,28.3,42,999.2,7.6,263,0.0
2026-04-15 23:00:00,27.5,42,999.2,7.0,271,0.0
2026-04-16 00:00:00,26.7,57,999.3,5.6,287,0.0
2026-04-16 01:00:00,26.7,63,1000.0,3.3,292,0.0
2026-04-16 02:00:00,27.0,64,1000.8,3.3,248,0.0
2026-04-16 03:00:00,28.4,59,1001.6,3.5,258,0.0
2026-04-16 04:00:00,30.6,51,1002.1,3.5,246,0.0
2026-04-16 05:00:00,33.0,42,1002.3,3.5,242,0.0
2026-04-16 06:00:00,34.9,34,1002.3,4.3,255,0.0
2026-04-16 07:00:00,37.2,26,1001.7,5.5,243,0.0
2026-04-16 08:00:00,38.5,21,1000.8,6.6,227,0.0
2026-04-16 09:00:00,39.2,19,999.6,7.0,222,0.0
2026-04-16 10:00:00,39.6,17,998.7,7.3,228,0.0
2026-04-16 11:00:00,39.6,17,998.2,7.7,234,0.0
2026-04-16 12:00:00,38.8,15,998.1,7.7,242,0.0
2026-04-16 13:00:00,38.4,15,998.4,7.4,247,0.0
2026-04-16 14:00:00,37.8,16,999.1,6.4,243,0.0
2026-04-16 15:00:00,37.3,18,999.9,5.6,202,0.0
2026-04-16 16:00:00,35.4,21,1000.8,8.2,195,0.0
2026-04-16 17:00:00,32.2,32,1001.6,11.9,219,0.0
2026-04-16 18:00:00,30.9,38,1001.8,10.8,218,0.0
2026-04-16 19:00:00,30.6,42,1001.6,9.9,232,0.0
2026-04-16 20:00:00,30.0,45,1001.2,9.9,248,0.0
2026-04-16 21:00:00,29.5,40,1000.9,10.3,263,0.0
2026-04-16 22:00:00,28.9,34,1001.0,10.4,271,0.0
2026-04-16 23:00:00,28.0,35,1001.0,10.6,280,0.0
2026-04-17 00:00:00,27.2,47,1001.2,8.2,289,0.0
2026-04-17 01:00:00,27.0,50,1002.1,7.2,295,0.0
2026-04-17 02:00:00,27.3,51,1002.9,5.9,301,0.0
2026-04-17 03:00:00,28.7,45,1003.8,5.5,302,0.0
2026-04-17 04:00:00,30.8,35,1004.5,4.7,293,0.0
2026-04-17 05:00:00,33.2,26,1004.6,4.2,290,0.0
2026-04-17 06:00:00,34.6,21,1004.2,3.2,267,0.0
2026-04-17 07:00:00,36.8,14,1003.4,4.9,260,0.0
2026-04-17 08:00:00,38.2,12,1002.7,7.1,263,0.0
2026-04-17 09:00:00,39.2,11,1001.6,8.1,267,0.0
2026-04-17 10:00:00,40.0,10,1000.7,8.9,276,0.0
2026-04-17 11:00:00,40.2,9,999.8,9.4,282,0.0
2026-04-17 12:00:00,39.3,9,1000.0,8.6,278,0.0
2026-04-17 13:00:00,38.9,11,999.8,6.2,277,0.0
2026-04-17 14:00:00,37.7,12,1000.5,2.7,242,0.0
2026-04-17 15:00:00,36.5,14,1001.0,4.4,210,0.0
2026-04-17 16:00:00,35.6,16,1001.5,5.8,244,0.0
2026-04-17 17:00:00,34.7,20,1002.1,9.7,280,0.0
2026-04-17 18:00:00,33.3,30,1002.4,11.2,269,0.0
2026-04-17 19:00:00,31.9,35,1002.0,12.3,281,0.0
2026-04-17 20:00:00,30.7,39,1001.8,11.7,281,0.0
2026-04-17 21:00:00,29.6,44,1001.7,11.8,297,0.0
2026-04-17 22:00:00,28.9,47,1001.6,10.3,303,0.0
2026-04-17 23:00:00,28.4,49,1001.7,9.7,305,0.0
2026-04-18 00:00:00,28.0,50,1001.9,9.3,306,0.0
2026-04-18 01:00:00,27.8,50,1002.5,9.1,308,0.0
2026-04-18 02:00:00,28.3,48,1003.1,7.6,306,0.0
2026-04-18 03:00:00,30.2,40,1003.7,8.2,311,0.0
2026-04-18 04:00:00,32.8,31,1003.9,8.4,317,0.0
2026-04-18 05:00:00,35.5,23,1003.9,8.8,319,0.0
2026-04-18 06:00:00,37.1,19,1003.5,9.1,322,0.0
2026-04-18 07:00:00,38.8,16,1003.1,8.1,321,0.0
2026-04-18 08:00:00,40.0,14,1002.2,7.3,322,0.0
2026-04-18 09:00:00,40.7,12,1001.2,6.3,323,0.0
2026-04-18 10:00:00,41.1,11,1000.3,5.7,319,0.0
2026-04-18 11:00:00,41.1,11,999.6,6.0,316,0.0
2026-04-18 12:00:00,40.5,10,999.5,5.6,320,0.0
2026-04-18 13:00:00,39.9,10,999.6,4.3,327,0.0
2026-04-18 14:00:00,38.4,11,1000.3,3.8,287,0.0
2026-04-18 15:00:00,37.7,11,1001.1,5.1,276,0.0
2026-04-18 16:00:00,36.9,12,1001.5,4.8,329,0.0
2026-04-18 17:00:00,35.9,14,1001.8,5.7,316,0.0
2026-04-18 18:00:00,34.2,16,1002.0,7.3,280,0.0
2026-04-18 19:00:00,32.3,18,1001.6,9.3,278,0.0
2026-04-18 20:00:00,30.9,19,1001.4,9.7,274,0.0
2026-04-18 21:00:00,29.8,21,1001.0,11.1,282,0.0
2026-04-18 22:00:00,28.8,30,1000.9,11.5,293,0.0
2026-04-18 23:00:00,28.0,38,1000.9,11.9,297,0.0
2026-04-19 00:00:00,27.2,50,1000.9,12.1,302,0.0
2026-04-19 01:00:00,26.8,52,1001.3,11.6,306,0.0
2026-04-19 02:00:00,27.3,45,1002.1,8.9,312,0.0
2026-04-19 03:00:00,28.9,38,1002.8,7.9,311,0.0
2026-04-19 04:00:00,31.3,32,1003.3,7.1,311,0.0
2026-04-19 05:00:00,34.0,24,1003.4,7.0,314,0.0
2026-04-19 06:00:00,35.8,19,1003.1,6.3,305,0.0
2026-04-19 07:00:00,37.5,17,1002.3,6.1,282,0.0
2026-04-19 08:00:00,38.7,16,1001.6,6.8,267,0.0
2026-04-19 09:00:00,39.5,14,1000.6,8.2,255,0.0
2026-04-19 10:00:00,40.0,11,999.8,10.4,253,0.0
2026-04-19 11:00:00,39.9,10,999.2,11.1,250,0.0
2026-04-19 12:00:00,38.3,10,999.4,10.6,259,0.0
2026-04-19 13:00:00,37.7,10,999.9,10.1,266,0.0
2026-04-19 14:00:00,36.7,11,1000.7,6.0,249,0.0
2026-04-19 15:00:00,36.0,12,1001.3,7.3,263,0.0
2026-04-19 16:00:00,34.8,12,1001.6,9.4,267,0.0
2026-04-19 17:00:00,33.6,13,1001.9,10.3,271,0.0
2026-04-19 18:00:00,32.2,15,1001.9,10.9,297,0.0
2026-04-19 19:00:00,31.5,21,1001.3,11.7,299,0.0
2026-04-19 20:00:00,30.3,26,1001.2,8.9,295,0.0
2026-04-19 21:00:00,29.0,30,1001.1,6.7,261,0.0
2026-04-19 22:00:00,27.8,35,1001.2,8.5,271,0.0
2026-04-19 23:00:00,27.0,43,1001.4,9.3,278,0.0
2026-04-20 00:00:00,26.5,58,1001.5,8.0,295,0.0
2026-04-20 01:00:00,26.5,60,1002.0,5.4,300,0.0
2026-04-20 02:00:00,26.9,60,1003.0,3.6,297,0.0
2026-04-20 03:00:00,28.6,54,1003.8,4.6,288,0.0
2026-04-20 04:00:00,31.1,44,1004.1,3.8,275,0.0
2026-04-20 05:00:00,33.9,33,1003.9,2.8,255,0.0
2026-04-20 06:00:00,35.4,27,1003.5,4.6,219,0.0
2026-04-20 07:00:00,37.3,22,1002.6,5.7,224,0.0
2026-04-20 08:00:00,38.5,19,1001.8,5.9,230,0.0
2026-04-20 09:00:00,39.2,18,1000.3,6.8,235,0.0
2026-04-20 10:00:00,39.6,16,999.3,8.4,235,0.0
2026-04-20 11:00:00,39.7,15,999.0,9.5,233,0.0
2026-04-20 12:00:00,38.9,15,999.0,8.8,235,0.0
2026-04-20 13:00:00,38.5,14,999.3,8.7,240,0.0
2026-04-20 14:00:00,37.5,16,999.7,7.4,206,0.0
2026-04-20 15:00:00,36.6,17,1000.1,5.2,205,0.0
2026-04-20 16:00:00,35.8,18,1001.1,8.5,271,0.0
2026-04-20 17:00:00,34.4,18,1001.8,10.1,254,0.0
2026-04-20 18:00:00,33.4,19,1002.0,7.9,267,0.0
2026-04-20 19:00:00,32.2,20,1001.7,8.7,287,0.0
2026-04-20 20:00:00,31.0,21,1001.4,9.5,285,0.0
2026-04-20 21:00:00,29.9,24,1001.2,9.6,274,0.0
2026-04-20 22:00:00,28.7,28,1001.2,9.5,270,0.0
2026-04-20 23:00:00,27.8,36,1001.1,9.8,277,0.0
2026-04-21 00:00:00,27.5,48,1001.1,9.9,289,0.0
2026-04-21 01:00:00,27.5,52,1001.6,10.4,300,0.0
2026-04-21 02:00:00,27.9,50,1002.2,9.2,312,0.0
2026-04-21 03:00:00,29.6,40,1002.9,9.3,319,0.0
2026-04-21 04:00:00,31.8,33,1003.4,8.8,319,0.0
2026-04-21 05:00:00,34.5,24,1003.8,9.3,317,0.0
2026-04-21 06:00:00,36.6,19,1003.0,7.9,309,0.0
2026-04-21 07:00:00,38.3,17,1002.4,7.3,298,0.0
2026-04-21 08:00:00,39.6,14,1001.6,7.7,279,0.0
2026-04-21 09:00:00,40.4,11,1000.3,10.8,259,0.0
2026-04-21 10:00:00,40.6,11,999.7,13.4,258,0.0
2026-04-21 11:00:00,40.0,12,999.3,15.6,264,0.0
2026-04-21 12:00:00,38.8,12,999.3,14.7,255,0.0
2026-04-21 13:00:00,38.3,13,999.5,11.8,261,0.0
2026-04-21 14:00:00,37.6,13,1000.0,9.2,272,0.0
2026-04-21 15:00:00,36.5,13,1000.3,9.8,296,0.0
2026-04-21 16:00:00,35.4,13,1000.9,10.0,290,0.0
2026-04-21 17:00:00,34.3,10,1001.2,9.0,301,0.0
2026-04-21 18:00:00,33.1,10,1001.7,7.6,269,0.0
2026-04-21 19:00:00,31.4,12,1001.6,9.7,241,0.0
2026-04-21 20:00:00,30.6,12,1001.4,9.0,283,0.0
2026-04-21 21:00:00,29.8,12,1001.4,7.9,271,0.0
2026-04-21 22:00:00,28.7,12,1001.4,9.6,287,0.0
2026-04-21 23:00:00,27.8,13,1001.4,10.0,287,0.0
2026-04-22 00:00:00,26.6,31,1001.6,9.5,299,0.0
2026-04-22 01:00:00,26.3,40,1002.0,9.6,307,0.0
2026-04-22 02:00:00,26.8,42,1002.8,7.3,312,0.0
2026-04-22 03:00:00,28.6,37,1003.6,8.4,315,0.0
2026-04-22 04:00:00,31.1,29,1003.9,7.9,315,0.0
2026-04-22 05:00:00,33.8,20,1004.0,7.7,311,0.0
2026-04-22 06:00:00,35.5,17,1003.3,5.9,284,0.0
2026-04-22 07:00:00,37.5,15,1002.6,6.1,258,0.0
2026-04-22 08:00:00,38.8,13,1001.5,8.1,239,0.0
2026-04-22 09:00:00,39.4,14,1000.5,10.6,238,0.0
2026-04-22 10:00:00,39.6,17,999.6,10.7,248,0.0
2026-04-22 11:00:00,39.5,16,999.0,9.6,247,0.0
2026-04-22 12:00:00,38.4,15,998.7,7.3,234,0.0
2026-04-22 13:00:00,38.5,14,998.6,3.1,283,0.0
2026-04-22 14:00:00,37.6,14,999.2,2.1,308,0.0
2026-04-22 15:00:00,36.2,16,1000.1,3.0,218,0.0
2026-04-22 16:00:00,35.1,17,1001.0,9.9,289,0.0
2026-04-22 17:00:00,34.0,20,1001.7,10.3,275,0.0
2026-04-22 18:00:00,32.9,23,1001.7,11.3,284,0.0
2026-04-22 19:00:00,31.5,28,1001.3,9.9,274,0.0
2026-04-22 20:00:00,30.5,28,1001.1,10.1,271,0.0
2026-04-22 21:00:00,29.5,27,1000.9,11.0,281,0.0
2026-04-22 22:00:00,28.4,31,1000.8,10.9,290,0.0
2026-04-22 23:00:00,27.2,42,1001.2,10.4,300,0.0
2026-04-23 00:00:00,26.5,58,1001.4,8.9,308,0.0
2026-04-23 01:00:00,26.1,66,1001.9,8.1,309,0.0
2026-04-23 02:00:00,26.5,69,1002.6,6.1,313,0.0
2026-04-23 03:00:00,28.2,64,1003.5,6.2,316,0.0
2026-04-23 04:00:00,30.7,53,1003.7,6.0,319,0.0
2026-04-23 05:00:00,33.3,39,1003.6,5.1,321,0.0
2026-04-23 06:00:00,34.8,30,1003.1,3.2,308,0.0
2026-04-23 07:00:00,37.0,24,1002.2,3.8,289,0.0
2026-04-23 08:00:00,38.4,21,1001.1,5.2,276,0.0
2026-04-23 09:00:00,39.5,19,999.9,7.0,260,0.0
2026-04-23 10:00:00,40.5,16,999.0,9.9,249,0.0
2026-04-23 11:00:00,40.8,14,998.2,13.5,247,0.0
2026-04-23 12:00:00,40.0,10,998.2,12.8,270,0.0
2026-04-23 13:00:00,39.7,9,998.6,10.0,288,0.0
2026-04-23 14:00:00,38.6,10,999.3,7.6,306,0.0
2026-04-23 15:00:00,37.7,10,1000.0,10.2,291,0.0
2026-04-23 16:00:00,37.1,12,1000.0,11.7,281,0.0
2026-04-23 17:00:00,36.3,14,1000.3,10.5,263,0.0
2026-04-23 18:00:00,34.1,20,1000.9,12.2,303,0.0
2026-04-23 19:00:00,32.2,24,1000.8,7.1,218,0.0
2026-04-23 20:00:00,31.5,25,1000.5,6.9,250,0.0
2026-04-23 21:00:00,30.9,27,1000.2,9.4,271,0.0
2026-04-23 22:00:00,29.9,34,1000.3,9.0,273,0.0
2026-04-23 23:00:00,28.9,43,1001.1,9.2,287,0.0
2026-04-24 00:00:00,28.2,58,1001.0,9.2,293,0.0
2026-04-24 01:00:00,28.0,59,1001.7,8.7,294,0.0
2026-04-24 02:00:00,28.4,56,1002.5,7.1,297,0.0
2026-04-24 03:00:00,30.1,50,1003.0,7.6,298,0.0
2026-04-24 04:00:00,32.4,43,1003.1,6.3,301,0.0
2026-04-24 05:00:00,35.2,33,1002.8,5.9,301,0.0
2026-04-24 06:00:00,37.3,25,1002.3,6.4,297,0.0
2026-04-24 07:00:00,39.5,17,1001.4,7.7,286,0.0
2026-04-24 08:00:00,40.8,14,1000.3,8.8,289,0.0
2026-04-24 09:00:00,41.6,12,999.1,9.5,289,0.0
2026-04-24 10:00:00,41.9,12,998.3,9.7,288,0.0
2026-04-24 11:00:00,41.9,12,998.1,10.4,298,0.0
2026-04-24 12:00:00,41.0,13,997.9,10.6,298,0.0
2026-04-24 13:00:00,40.5,14,998.4,10.1,295,0.0
2026-04-24 14:00:00,39.3,15,999.2,8.1,274,0.0
2026-04-24 15:00:00,38.1,16,999.8,10.3,248,0.0
2026-04-24 16:00:00,37.2,16,1000.4,11.2,255,0.0
2026-04-24 17:00:00,35.9,15,1001.1,11.7,271,0.0
2026-04-24 18:00:00,34.9,17,1001.4,11.7,279,0.0
2026-04-24 19:00:00,34.0,21,1001.2,10.9,306,0.0
2026-04-24 20:00:00,33.0,24,1001.0,9.9,289,0.0
2026-04-24 21:00:00,31.9,28,1001.0,8.1,274,0.0
2026-04-24 22:00:00,30.9,34,1001.0,9.1,284,0.0
2026-04-24 23:00:00,30.1,39,1001.3,9.8,290,0.0
2026-04-25 00:00:00,29.5,47,1001.2,10.1,310,0.0
2026-04-25 01:00:00,29.2,48,1002.2,7.6,317,0.0
2026-04-25 02:00:00,29.7,47,1002.7,6.2,306,0.0
2026-04-25 03:00:00,31.4,42,1003.4,7.7,306,0.0
2026-04-25 04:00:00,33.7,38,1003.7,7.4,304,0.0
2026-04-25 05:00:00,36.2,33,1003.4,6.9,307,0.0
2026-04-25 06:00:00,38.2,27,1003.3,6.0,314,0.0
2026-04-25 07:00:00,40.2,22,1002.4,4.6,306,0.0
2026-04-25 08:00:00,41.5,18,1001.2,3.8,295,0.0
2026-04-25 09:00:00,42.6,14,1000.2,2.4,261,0.0
2026-04-25 10:00:00,43.1,12,999.4,3.5,246,0.0
2026-04-25 11:00:00,43.3,11,998.8,4.4,263,0.0
2026-04-25 12:00:00,42.3,11,998.7,1.8,323,0.0
2026-04-25 13:00:00,41.7,11,998.8,1.4,67,0.0
2026-04-25 14:00:00,40.0,12,999.6,3.3,193,0.0
2026-04-25 15:00:00,39.3,13,1000.5,6.4,234,0.0
2026-04-25 16:00:00,38.9,13,1001.1,6.5,273,0.0
2026-04-25 17:00:00,37.9,13,1001.3,7.8,278,0.0
2026-04-25 18:00:00,35.8,17,1001.3,11.5,280,0.0
2026-04-25 19:00:00,33.8,21,1001.2,11.5,256,0.0
2026-04-25 20:00:00,32.9,25,1000.6,10.9,282,0.0
2026-04-25 21:00:00,31.7,28,1000.1,11.7,288,0.0
2026-04-25 22:00:00,30.4,33,1000.2,11.7,299,0.0
2026-04-25 23:00:00,29.4,41,1000.5,10.8,294,0.0
2026-04-26 00:00:00,28.9,59,1000.2,10.1,295,0.0
2026-04-26 01:00:00,28.8,65,1000.5,9.8,301,0.0
2026-04-26 02:00:00,29.4,65,1001.5,8.3,314,0.0
2026-04-26 03:00:00,31.2,58,1002.3,8.4,318,0.0
2026-04-26 04:00:00,33.8,48,1002.6,5.8,304,0.0
2026-04-26 05:00:00,36.7,38,1002.3,5.6,303,0.0
2026-04-26 06:00:00,39.1,28,1001.7,6.6,305,0.0
2026-04-26 07:00:00,41.3,20,1000.6,5.9,290,0.0
2026-04-26 08:00:00,42.9,14,999.7,6.8,270,0.0
2026-04-26 09:00:00,43.8,11,998.4,9.3,260,0.0
2026-04-26 10:00:00,44.1,10,997.3,12.1,249,0.0
2026-04-26 11:00:00,43.7,10,996.8,14.4,247,0.0
2026-04-26 12:00:00,42.4,10,997.1,13.9,250,0.0
2026-04-26 13:00:00,42.1,10,997.1,8.5,242,0.0
2026-04-26 14:00:00,40.8,10,997.6,6.6,254,0.0
2026-04-26 15:00:00,39.3,11,998.5,8.5,266,0.0
2026-04-26 16:00:00,38.2,12,998.8,10.0,256,0.0
2026-04-26 17:00:00,37.4,13,999.2,12.6,267,0.0
2026-04-26 18:00:00,36.0,17,999.4,12.3,288,0.0
2026-04-26 19:00:00,35.1,20,999.1,11.9,274,0.0
2026-04-26 20:00:00,34.3,24,998.6,12.2,278,0.0
2026-04-26 21:00:00,33.3,28,998.3,10.3,264,0.0
2026-04-26 22:00:00,32.0,31,998.1,9.8,263,0.0
2026-04-26 23:00:00,31.1,35,998.1,10.7,278,0.0
2026-04-27 00:00:00,30.3,42,998.3,10.9,297,0.0
2026-04-27 01:00:00,30.0,43,998.8,11.0,298,0.0
2026-04-27 02:00:00,30.4,42,999.7,7.9,294,0.0
2026-04-27 03:00:00,32.0,38,1000.4,8.0,297,0.0
2026-04-27 04:00:00,34.3,33,1000.7,8.1,295,0.0
2026-04-27 05:00:00,36.7,27,1000.6,7.6,295,0.0
2026-04-27 06:00:00,38.5,22,1000.1,7.1,304,0.0
2026-04-27 07:00:00,40.6,18,999.2,8.0,295,0.0
2026-04-27 08:00:00,42.1,14,998.5,9.9,282,0.0
2026-04-27 09:00:00,43.0,12,997.0,14.2,266,0.0
2026-04-27 10:00:00,43.0,12,996.2,15.3,269,0.0
2026-04-27 11:00:00,43.5,11,995.1,16.8,280,0.0
2026-04-27 12:00:00,42.6,11,995.6,15.4,259,0.0
2026-04-27 13:00:00,41.6,12,995.5,18.2,250,0.0
2026-04-27 14:00:00,39.5,13,996.2,18.0,268,0.0
2026-04-27 15:00:00,38.4,14,996.7,13.0,246,0.0
2026-04-27 16:00:00,35.7,24,997.5,13.2,212,0.0
2026-04-27 17:00:00,34.5,31,998.1,11.0,222,0.0
2026-04-27 18:00:00,33.3,36,998.2,8.5,226,0.0
2026-04-27 19:00:00,32.9,37,998.0,8.4,236,0.0
2026-04-27 20:00:00,32.3,33,997.9,9.2,253,0.0
2026-04-27 21:00:00,31.5,29,997.9,9.6,261,0.0
2026-04-27 22:00:00,30.4,30,998.1,9.2,271,0.0
2026-04-27 23:00:00,29.5,34,998.5,6.8,267,0.0
2026-04-28 00:00:00,28.7,42,998.5,6.1,236,0.0
2026-04-28 01:00:00,28.7,43,999.1,5.1,234,0.0
2026-04-28 02:00:00,29.1,44,1000.1,3.3,225,0.0
2026-04-28 03:00:00,30.6,42,1000.5,4.0,219,0.0
2026-04-28 04:00:00,32.7,37,1001.0,5.3,208,0.0
2026-04-28 05:00:00,35.2,30,1000.8,5.7,221,0.0
2026-04-28 06:00:00,36.6,27,1000.5,5.8,231,0.0
2026-04-28 07:00:00,38.7,22,999.6,7.7,239,0.0
2026-04-28 08:00:00,40.5,19,998.5,10.1,248,0.0
2026-04-28 09:00:00,41.3,18,997.5,13.0,251,0.0
2026-04-28 10:00:00,42.3,15,996.1,11.6,242,0.0
2026-04-28 11:00:00,42.8,12,994.9,17.2,260,0.0
2026-04-28 12:00:00,41.8,12,994.9,16.8,251,0.0
2026-04-28 13:00:00,41.5,12,995.1,16.5,252,0.0
2026-04-28 14:00:00,38.0,21,996.2,14.9,211,0.0
2026-04-28 15:00:00,35.3,28,997.6,12.1,224,0.0
2026-04-28 16:00:00,34.1,33,998.1,11.5,228,0.0
2026-04-28 17:00:00,32.8,41,998.7,10.2,222,0.0
2026-04-28 18:00:00,32.3,41,998.9,10.3,234,0.0
2026-04-28 19:00:00,32.2,28,998.4,10.1,248,0.0
2026-04-28 20:00:00,31.1,27,997.8,9.5,237,0.0
2026-04-28 21:00:00,30.1,30,997.7,9.5,241,0.0
2026-04-28 22:00:00,29.3,34,997.8,9.4,244,0.0
2026-04-28 23:00:00,28.5,37,998.1,8.6,240,0.0
2026-04-29 00:00:00,28.5,40,998.1,7.1,234,0.0
2026-04-29 01:00:00,28.4,41,998.8,6.2,226,0.0
2026-04-29 02:00:00,29.0,41,999.6,5.0,226,0.0
2026-04-29 03:00:00,30.8,42,1000.2,6.9,231,0.0
2026-04-29 04:00:00,32.7,40,1000.6,8.5,232,0.0
2026-04-29 05:00:00,34.8,34,1000.5,8.6,233,0.0
2026-04-29 06:00:00,36.4,29,1000.3,9.0,232,0.0
2026-04-29 07:00:00,38.4,23,999.2,9.9,241,0.0
2026-04-29 08:00:00,39.9,20,998.3,12.0,246,0.0
2026-04-29 09:00:00,40.7,20,997.0,14.2,244,0.0
2026-04-29 10:00:00,41.9,16,995.7,13.8,248,0.0
2026-04-29 11:00:00,41.9,14,995.2,19.5,267,0.0
2026-04-29 12:00:00,41.4,14,995.2,20.1,248,0.0
2026-04-29 13:00:00,36.6,32,995.8,19.2,190,0.0
2026-04-29 14:00:00,34.3,36,996.7,12.9,201,0.0
2026-04-29 15:00:00,33.0,49,997.5,13.5,199,0.0
2026-04-29 16:00:00,31.9,58,997.9,9.6,201,0.0
2026-04-29 17:00:00,31.5,62,998.3,8.2,199,0.0
2026-04-29 18:00:00,31.4,62,998.2,10.0,218,0.0
2026-04-29 19:00:00,31.7,47,998.3,10.6,244,0.0
2026-04-29 20:00:00,31.1,44,998.0,10.6,244,0.0
2026-04-29 21:00:00,30.2,51,997.9,9.7,241,0.0
2026-04-29 22:00:00,29.4,55,997.9,8.6,237,0.0
2026-04-29 23:00:00,28.7,58,998.4,8.6,229,0.0
2026-04-30 00:00:00,28.2,63,998.4,8.4,211,0.0
2026-04-30 01:00:00,28.1,65,999.4,7.1,210,0.0
2026-04-30 02:00:00,28.6,64,1000.2,7.5,204,0.0
2026-04-30 03:00:00,30.1,58,1000.8,8.7,214,0.0
2026-04-30 04:00:00,32.0,49,1001.2,8.7,220,0.0
2026-04-30 05:00:00,34.0,41,1001.3,9.3,217,0.0
2026-04-30 06:00:00,35.4,37,1000.9,10.2,214,0.0
2026-04-30 07:00:00,37.4,31,1000.2,11.0,215,0.0
2026-04-30 08:00:00,39.0,26,999.2,12.3,220,0.0
2026-04-30 09:00:00,40.1,22,997.8,12.4,227,0.0
2026-04-30 10:00:00,40.8,20,997.0,13.0,233,0.0
2026-04-30 11:00:00,40.9,19,996.4,14.0,237,0.0
2026-04-30 12:00:00,39.1,27,996.3,15.0,210,0.0
2026-04-30 13:00:00,36.6,39,996.6,17.2,194,0.0
2026-04-30 14:00:00,33.5,52,997.2,15.7,189,0.0
2026-04-30 15:00:00,32.4,57,998.1,12.5,188,0.0
2026-04-30 16:00:00,31.7,62,999.3,10.8,206,0.0
2026-04-30 17:00:00,31.4,65,999.6,6.8,207,0.0
2026-04-30 18:00:00,30.9,67,999.4,7.4,202,0.0
2026-04-30 19:00:00,30.9,62,998.9,7.7,221,0.0
2026-04-30 20:00:00,30.5,59,998.7,7.4,227,0.0
2026-04-30 21:00:00,30.0,56,998.4,7.5,222,0.0
2026-04-30 22:00:00,29.4,56,998.6,9.4,225,0.0
2026-04-30 23:00:00,28.9,57,998.7,10.9,230,0.0
2026-05-01 00:00:00,28.2,65,998.9,9.6,221,0.0
2026-05-01 01:00:00,28.1,68,999.4,8.2,213,0.0
2026-05-01 02:00:00,28.6,69,1000.3,8.2,220,0.0
2026-05-01 03:00:00,30.1,65,1000.7,9.7,230,0.0
2026-05-01 04:00:00,32.0,57,1001.1,9.1,234,0.0
2026-05-01 05:00:00,34.2,48,1000.9,8.6,229,0.0
2026-05-01 06:00:00,36.0,42,1000.3,8.9,228,0.0
2026-05-01 07:00:00,38.3,34,999.7,9.7,228,0.0
2026-05-01 08:00:00,40.2,27,998.5,10.6,231,0.0
2026-05-01 09:00:00,41.4,23,996.9,12.8,236,0.0
2026-05-01 10:00:00,41.9,21,995.8,13.7,242,0.0
2026-05-01 11:00:00,42.3,19,994.7,12.8,246,0.0
2026-05-01 12:00:00,42.1,18,994.8,17.4,227,0.0
2026-05-01 13:00:00,34.9,49,995.6,20.2,185,0.1
2026-05-01 14:00:00,33.0,57,996.8,16.3,196,0.0
2026-05-01 15:00:00,31.6,66,997.5,13.6,195,0.0
2026-05-01 16:00:00,30.7,73,998.1,10.7,192,0.0
2026-05-01 17:00:00,30.2,76,998.3,9.8,185,0.0
2026-05-01 18:00:00,30.2,78,998.4,7.6,187,0.0
2026-05-01 19:00:00,30.1,78,997.9,6.5,182,0.0
2026-05-01 20:00:00,29.8,78,997.8,5.9,192,0.0
2026-05-01 21:00:00,29.6,78,997.8,6.1,214,0.0
2026-05-01 22:00:00,29.6,70,997.7,9.4,216,0.0
2026-05-01 23:00:00,29.2,66,997.7,9.8,208,0.0
2026-05-02 00:00:00,28.2,72,997.9,10.3,203,0.0
2026-05-02 01:00:00,28.1,75,998.2,9.8,197,0.0
2026-05-02 02:00:00,28.8,73,999.0,9.6,201,0.0
2026-05-02 03:00:00,30.6,64,999.5,10.5,204,0.0
2026-05-02 04:00:00,32.7,55,999.9,10.5,209,0.0
2026-05-02 05:00:00,35.0,45,999.7,10.6,214,0.0
2026-05-02 06:00:00,36.6,38,999.2,11.7,217,0.0
2026-05-02 07:00:00,38.9,30,998.4,12.2,221,0.0
2026-05-02 08:00:00,40.8,23,997.2,14.2,231,0.0
2026-05-02 09:00:00,41.7,19,996.1,16.3,241,0.0
2026-05-02 10:00:00,43.3,13,994.4,15.7,253,0.0
2026-05-02 11:00:00,43.5,11,993.8,20.8,256,0.0
2026-05-02 12:00:00,38.7,34,993.9,18.2,197,0.0
2026-05-02 13:00:00,35.6,45,994.4,19.2,190,0.0
2026-05-02 14:00:00,33.4,54,995.4,15.3,189,0.0
2026-05-02 15:00:00,31.8,64,995.9,14.5,186,0.0
2026-05-02 16:00:00,31.0,69,996.7,11.1,187,0.0
2026-05-02 17:00:00,30.6,72,997.3,8.9,198,0.0
2026-05-02 18:00:00,29.8,77,997.1,9.1,212,0.0
2026-05-02 19:00:00,30.4,65,997.2,10.7,234,0.0
2026-05-02 20:00:00,30.5,46,996.9,11.4,243,0.0
2026-05-02 21:00:00,29.8,45,997.0,11.2,240,0.0
2026-05-02 22:00:00,29.1,47,997.0,9.9,222,0.0
2026-05-02 23:00:00,28.7,49,997.2,9.6,223,0.0
2026-05-03 00:00:00,28.3,52,997.4,9.1,207,0.0
2026-05-03 01:00:00,28.0,55,997.8,9.2,201,0.0
2026-05-03 02:00:00,28.6,58,998.6,8.8,203,0.0
2026-05-03 03:00:00,30.3,54,999.1,11.3,213,0.0
2026-05-03 04:00:00,32.2,47,999.6,11.0,218,0.0
2026-05-03 05:00:00,34.4,39,999.4,11.2,218,0.0
2026-05-03 06:00:00,35.6,36,998.8,11.8,208,0.0
2026-05-03 07:00:00,37.9,29,998.3,13.1,214,0.0
2026-05-03 08:00:00,39.6,23,997.1,13.8,223,0.0
2026-05-03 09:00:00,40.7,20,995.9,14.4,229,0.0
2026-05-03 10:00:00,41.8,16,994.6,13.3,235,0.0
2026-05-03 11:00:00,42.0,14,993.8,15.2,239,0.0
2026-05-03 12:00:00,37.9,35,994.3,19.1,189,0.0
2026-05-03 13:00:00,34.8,45,994.9,18.0,178,0.0
2026-05-03 14:00:00,32.4,56,995.4,14.9,173,0.0
2026-05-03 15:00:00,31.4,64,996.3,13.9,180,0.0
2026-05-03 16:00:00,30.7,71,997.0,8.5,207,0.0
2026-05-03 17:00:00,30.6,71,997.7,5.8,200,0.0
2026-05-03 18:00:00,30.3,74,997.6,5.4,184,0.0
2026-05-03 19:00:00,30.4,72,997.3,5.4,195,0.0
2026-05-03 20:00:00,29.8,75,997.2,5.2,202,0.0
2026-05-03 21:00:00,29.6,75,997.0,8.0,216,0.0
2026-05-03 22:00:00,29.1,70,997.0,7.8,209,0.0
2026-05-03 23:00:00,28.7,65,997.4,9.3,202,0.0
2026-05-04 00:00:00,28.5,70,997.5,8.6,203,0.0
2026-05-04 01:00:00,28.5,73,998.3,10.1,205,0.0
2026-05-04 02:00:00,28.8,72,999.4,11.1,217,0.0
2026-05-04 03:00:00,29.9,67,999.8,9.0,215,0.0
2026-05-04 04:00:00,31.4,59,1000.0,8.3,202,0.0
2026-05-04 05:00:00,33.1,52,1000.3,8.0,194,0.0
2026-05-04 06:00:00,34.2,47,999.8,9.4,188,0.0
2026-05-04 07:00:00,36.2,40,999.1,10.2,193,0.0
2026-05-04 08:00:00,37.6,36,998.3,10.9,197,0.0
2026-05-04 09:00:00,38.9,31,997.0,11.3,207,0.0
2026-05-04 10:00:00,39.6,27,996.0,11.0,208,0.0
2026-05-04 11:00:00,40.0,23,995.0,11.8,218,0.0
2026-05-04 12:00:00,37.5,35,994.7,14.6,181,0.0
2026-05-04 13:00:00,35.9,44,995.3,16.2,183,0.0
2026-05-04 14:00:00,34.0,53,996.1,16.2,184,0.0
2026-05-04 15:00:00,31.4,61,997.1,16.6,179,0.0
2026-05-04 16:00:00,30.3,68,998.1,13.4,176,0.0
2026-05-04 17:00:00,29.8,71,998.9,12.9,164,0.0
2026-05-04 18:00:00,29.4,74,998.7,10.3,169,0.0
2026-05-04 19:00:00,29.3,76,998.5,9.9,168,0.0
2026-05-04 20:00:00,29.0,77,998.8,9.4,175,0.0
2026-05-04 21:00:00,28.9,76,999.1,7.9,183,0.0
2026-05-04 22:00:00,28.8,75,999.3,9.4,184,0.0
2026-05-04 23:00:00,28.4,72,999.9,10.1,190,0.0
2026-05-05 00:00:00,27.9,77,1000.9,10.3,182,0.0
2026-05-05 01:00:00,27.8,74,1001.6,9.5,190,0.0
2026-05-05 02:00:00,28.3,71,1002.6,8.7,197,0.0
2026-05-05 03:00:00,29.6,64,1002.9,9.8,197,0.0
2026-05-05 04:00:00,31.3,55,1003.0,9.9,202,0.0
2026-05-05 05:00:00,33.2,47,1003.3,7.7,217,0.0
2026-05-05 06:00:00,34.0,45,1003.5,7.0,168,0.0
2026-05-05 07:00:00,35.7,39,1002.7,7.2,177,0.0
2026-05-05 08:00:00,36.9,33,1001.5,9.0,190,0.0
2026-05-05 09:00:00,38.2,28,1000.7,7.6,211,0.0
2026-05-05 10:00:00,38.9,22,999.7,5.6,249,0.0
2026-05-05 11:00:00,39.3,18,999.1,4.8,292,0.0
2026-05-05 12:00:00,38.9,16,998.6,7.6,251,0.0
2026-05-05 13:00:00,38.9,15,998.8,6.1,236,0.0
2026-05-05 14:00:00,37.7,16,999.2,5.8,180,0.0
2026-05-05 15:00:00,36.6,18,999.7,6.4,169,0.0
2026-05-05 16:00:00,33.8,31,1000.6,9.0,195,0.0
2026-05-05 17:00:00,31.1,52,1001.1,10.9,204,0.0
2026-05-05 18:00:00,30.4,49,1002.1,6.4,164,0.0
2026-05-05 19:00:00,29.4,65,1001.9,2.3,231,0.0
2026-05-05 20:00:00,29.1,69,1001.8,3.2,218,0.0
2026-05-05 21:00:00,28.6,73,1001.4,3.2,146,0.0
2026-05-05 22:00:00,28.2,77,1001.4,5.5,148,0.0
2026-05-05 23:00:00,27.6,81,1001.6,5.9,130,0.0
2026-05-06 00:00:00,27.2,86,1001.3,5.6,205,0.0
2026-05-06 01:00:00,27.4,85,1001.9,5.2,194,0.0
2026-05-06 02:00:00,28.2,82,1002.7,5.9,166,0.0
2026-05-06 03:00:00,29.9,72,1003.0,7.2,152,0.0
2026-05-06 04:00:00,31.9,62,1003.1,6.6,154,0.0
2026-05-06 05:00:00,34.4,49,1003.0,5.8,160,0.0
2026-05-06 06:00:00,35.6,42,1002.8,4.2,198,0.0
2026-05-06 07:00:00,37.3,34,1001.9,2.5,249,0.0
2026-05-06 08:00:00,38.6,29,1001.0,4.2,275,0.0
2026-05-06 09:00:00,38.5,24,1000.0,6.5,276,0.0
2026-05-06 10:00:00,39.0,20,998.8,4.1,270,0.0
2026-05-06 11:00:00,39.3,20,998.0,1.8,264,0.0
2026-05-06 12:00:00,39.3,18,997.6,1.1,180,0.0
2026-05-06 13:00:00,39.3,18,997.4,1.1,81,0.0
2026-05-06 14:00:00,38.2,19,998.0,3.7,125,0.0
2026-05-06 15:00:00,37.5,20,998.3,5.2,117,0.0
2026-05-06 16:00:00,36.8,22,998.8,4.2,126,0.0
2026-05-06 17:00:00,35.5,24,999.0,8.7,167,0.0
2026-05-06 18:00:00,34.7,26,999.3,5.0,182,0.0
2026-05-06 19:00:00,33.4,29,998.8,8.2,206,0.0
2026-05-06 20:00:00,32.2,39,998.7,7.0,260,0.0
2026-05-06 21:00:00,31.8,43,998.5,5.6,245,0.0
2026-05-06 22:00:00,31.2,44,998.7,6.1,273,0.0
2026-05-06 23:00:00,30.7,39,999.2,8.1,287,0.0
2026-05-07 00:00:00,30.0,43,998.8,9.2,286,0.0
2026-05-07 01:00:00,30.1,45,999.5,7.9,282,0.0
2026-05-07 02:00:00,30.4,46,1000.5,8.3,286,0.0
2026-05-07 03:00:00,31.5,54,1001.2,8.2,302,0.0
2026-05-07 04:00:00,33.6,49,1001.7,6.3,307,0.0
2026-05-07 05:00:00,36.0,39,1001.7,5.1,306,0.0
2026-05-07 06:00:00,37.8,28,1001.4,3.9,257,0.0
2026-05-07 07:00:00,39.9,18,1000.7,5.0,229,0.0
2026-05-07 08:00:00,40.9,15,999.7,6.8,220,0.0
2026-05-07 09:00:00,41.2,14,998.8,8.5,224,0.0
2026-05-07 10:00:00,41.5,13,998.2,8.6,239,0.0
2026-05-07 11:00:00,41.4,13,997.6,7.6,265,0.0
2026-05-07 12:00:00,40.9,12,997.4,4.9,262,0.0
2026-05-07 13:00:00,40.8,12,997.4,5.2,299,0.0
2026-05-07 14:00:00,40.1,13,997.8,7.1,277,0.0
2026-05-07 15:00:00,39.2,13,998.5,6.5,212,0.0
2026-05-07 16:00:00,38.2,15,999.1,6.7,178,0.0
2026-05-07 17:00:00,35.1,23,1000.6,11.8,231,0.0
2026-05-07 18:00:00,33.6,31,1000.5,9.8,235,0.0
2026-05-07 19:00:00,34.0,24,1000.0,11.9,284,0.0
2026-05-07 20:00:00,33.0,24,999.8,10.9,290,0.0
2026-05-07 21:00:00,31.8,28,999.6,9.4,283,0.0
2026-05-07 22:00:00,30.8,32,999.6,8.5,291,0.0
2026-05-07 23:00:00,30.0,34,999.7,8.1,302,0.0
2026-05-08 00:00:00,30.3,37,999.6,8.6,319,0.0
2026-05-08 01:00:00,29.9,36,1000.4,8.7,320,0.0
2026-05-08 02:00:00,30.4,35,1001.3,7.9,315,0.0
2026-05-08 03:00:00,32.1,33,1001.7,8.7,317,0.0
2026-05-08 04:00:00,34.2,30,1002.1,6.4,306,0.0
2026-05-08 05:00:00,36.6,24,1002.1,4.5,286,0.0
2026-05-08 06:00:00,38.1,21,1001.8,4.5,270,0.0
2026-05-08 07:00:00,40.1,17,1001.3,4.9,253,0.0
2026-05-08 08:00:00,41.3,14,1000.5,5.5,234,0.0
2026-05-08 09:00:00,42.0,12,999.6,7.0,228,0.0
2026-05-08 10:00:00,42.2,11,998.8,7.7,234,0.0
2026-05-08 11:00:00,42.1,11,998.4,7.6,232,0.0
2026-05-08 12:00:00,41.4,9,998.3,9.0,255,0.0
2026-05-08 13:00:00,40.9,10,998.7,9.3,262,0.0
2026-05-08 14:00:00,39.9,11,999.1,9.3,251,0.0
2026-05-08 15:00:00,39.1,12,999.9,10.3,234,0.0
2026-05-08 16:00:00,38.8,12,1000.3,6.5,251,0.0
2026-05-08 17:00:00,37.2,14,1000.8,6.1,265,0.0
2026-05-08 18:00:00,35.0,18,1001.2,12.9,243,0.0
2026-05-08 19:00:00,34.2,22,1000.7,13.8,261,0.0
2026-05-08 20:00:00,32.5,29,1000.7,13.7,279,0.0
2026-05-08 21:00:00,31.1,41,1000.6,11.3,288,0.0
2026-05-08 22:00:00,30.3,46,1000.4,10.6,291,0.0
2026-05-08 23:00:00,29.7,49,1000.5,10.5,299,0.0
2026-05-09 00:00:00,29.5,56,1000.6,10.5,305,0.0
2026-05-09 01:00:00,29.4,57,1001.2,9.7,304,0.0
2026-05-09 02:00:00,29.9,55,1001.9,7.8,302,0.0
2026-05-09 03:00:00,31.7,50,1002.3,8.1,315,0.0
2026-05-09 04:00:00,34.2,41,1002.8,9.1,322,0.0
2026-05-09 05:00:00,36.7,32,1002.8,9.3,319,0.0
2026-05-09 06:00:00,38.7,25,1002.5,9.4,313,0.0
2026-05-09 07:00:00,40.8,18,1001.6,8.4,298,0.0
2026-05-09 08:00:00,42.0,14,1000.8,8.3,276,0.0
2026-05-09 09:00:00,42.7,12,999.7,9.8,263,0.0
2026-05-09 10:00:00,43.0,11,998.7,11.1,258,0.0
2026-05-09 11:00:00,43.0,10,998.2,11.1,263,0.0
2026-05-09 12:00:00,42.2,11,998.3,11.0,275,0.0
2026-05-09 13:00:00,41.6,12,998.6,9.8,283,0.0
2026-05-09 14:00:00,40.3,13,998.7,8.2,308,0.0
2026-05-09 15:00:00,39.5,14,999.3,10.2,324,0.0
2026-05-09 16:00:00,38.0,15,1000.2,9.0,327,0.0
2026-05-09 17:00:00,37.0,16,1000.5,9.7,317,0.0
2026-05-09 18:00:00,35.7,18,1000.6,8.7,266,0.0
2026-05-09 19:00:00,34.4,19,1000.6,11.6,246,0.0
2026-05-09 20:00:00,33.7,19,999.8,12.8,270,0.0
2026-05-09 21:00:00,32.3,25,999.3,12.6,273,0.0
2026-05-09 22:00:00,31.3,35,999.2,12.8,280,0.0
2026-05-09 23:00:00,30.7,46,999.2,13.0,281,0.0
2026-05-10 00:00:00,30.4,51,999.5,10.8,303,0.0
2026-05-10 01:00:00,30.2,52,1000.4,9.3,299,0.0
2026-05-10 02:00:00,30.5,52,1001.3,7.6,306,0.0
2026-05-10 03:00:00,31.7,49,1002.4,5.4,346,0.0
2026-05-10 04:00:00,33.5,44,1002.6,5.3,332,0.0
2026-05-10 05:00:00,35.7,37,1002.2,5.5,322,0.0
2026-05-10 06:00:00,37.4,31,1001.6,4.2,317,0.0
2026-05-10 07:00:00,39.8,24,1000.8,5.3,305,0.0
2026-05-10 08:00:00,41.5,18,999.7,6.3,301,0.0
2026-05-10 09:00:00,42.7,15,998.5,6.8,312,0.0
2026-05-10 10:00:00,43.0,14,997.5,7.4,334,0.0
2026-05-10 11:00:00,43.1,13,996.9,8.3,344,0.0
2026-05-10 12:00:00,42.2,13,996.7,7.4,321,0.0
2026-05-10 13:00:00,42.1,12,997.0,5.2,316,0.0
2026-05-10 14:00:00,41.4,12,997.3,0.9,180,0.0
2026-05-10 15:00:00,40.3,14,997.9,7.0,244,0.0
2026-05-10 16:00:00,39.1,15,998.3,10.5,251,0.0
2026-05-10 17:00:00,38.1,16,998.7,12.4,256,0.0
2026-05-10 18:00:00,36.4,18,998.7,13.8,284,0.0
2026-05-10 19:00:00,35.5,19,998.3,14.2,296,0.0
2026-05-10 20:00:00,34.6,21,998.0,15.2,303,0.0
2026-05-10 21:00:00,34.1,29,998.0,12.8,296,0.0
2026-05-10 22:00:00,33.3,32,998.2,11.5,297,0.0
2026-05-10 23:00:00,32.4,34,998.4,11.4,303,0.0
2026-05-11 00:00:00,31.5,44,998.6,12.0,324,0.0
2026-05-11 01:00:00,31.2,44,999.3,9.9,325,0.0
2026-05-11 02:00:00,31.7,42,1000.1,7.6,322,0.0
2026-05-11 03:00:00,33.3,39,1001.0,6.1,313,0.0
2026-05-11 04:00:00,35.3,34,1001.4,5.3,298,0.0
2026-05-11 05:00:00,37.6,28,1001.5,6.0,303,0.0
2026-05-11 06:00:00,39.6,24,1001.2,6.5,304,0.0
2026-05-11 07:00:00,41.7,18,1000.3,7.3,306,0.0
2026-05-11 08:00:00,43.1,15,999.3,7.0,305,0.0
2026-05-11 09:00:00,44.0,13,998.4,5.5,297,0.0
2026-05-11 10:00:00,44.4,12,997.4,5.2,299,0.0
2026-05-11 11:00:00,44.6,11,997.0,3.6,311,0.0
2026-05-11 12:00:00,43.6,11,996.5,6.3,288,0.0
2026-05-11 13:00:00,43.4,11,997.0,5.5,283,0.0
2026-05-11 14:00:00,42.0,12,997.3,3.5,305,0.0
2026-05-11 15:00:00,41.0,13,997.7,4.6,329,0.0
2026-05-11 16:00:00,40.0,15,998.0,8.4,289,0.0
2026-05-11 17:00:00,38.8,16,998.4,12.6,287,0.0
2026-05-11 18:00:00,37.1,18,998.6,10.8,291,0.0
2026-05-11 19:00:00,35.5,20,998.3,11.0,260,0.0
2026-05-11 20:00:00,34.3,21,998.2,11.7,287,0.0
2026-05-11 21:00:00,33.1,24,998.0,12.8,304,0.0
2026-05-11 22:00:00,32.0,36,997.7,13.6,311,0.0
2026-05-11 23:00:00,31.2,47,997.6,11.5,315,0.0
2026-05-12 00:00:00,30.9,55,998.2,9.2,293,0.0
2026-05-12 01:00:00,30.6,60,998.8,8.2,289,0.0
2026-05-12 02:00:00,31.0,60,999.6,7.3,281,0.0
2026-05-12 03:00:00,32.6,53,1000.3,6.6,287,0.0
2026-05-12 04:00:00,34.9,42,1000.6,6.8,295,0.0
2026-05-12 05:00:00,37.5,29,1000.5,7.7,298,0.0
2026-05-12 06:00:00,39.6,22,999.8,6.7,289,0.0
2026-05-12 07:00:00,41.6,18,999.0,7.0,282,0.0
2026-05-12 08:00:00,42.9,15,997.9,7.7,279,0.0
2026-05-12 09:00:00,43.6,14,996.7,8.5,274,0.0
2026-05-12 10:00:00,43.9,13,995.5,8.5,271,0.0
2026-05-12 11:00:00,43.7,13,995.0,8.5,265,0.0
2026-05-12 12:00:00,43.4,13,994.6,7.9,266,0.0
2026-05-12 13:00:00,42.5,14,994.9,9.0,258,0.0
2026-05-12 14:00:00,41.5,16,995.5,9.0,265,0.0
2026-05-12 15:00:00,41.4,17,996.2,6.0,286,0.0
2026-05-12 16:00:00,40.7,18,996.2,3.7,35,0.0
2026-05-12 17:00:00,39.3,19,997.0,6.1,267,0.0
2026-05-12 18:00:00,36.9,22,997.3,10.6,247,0.0
2026-05-12 19:00:00,35.6,20,996.6,10.6,280,0.0
2026-05-12 20:00:00,34.3,23,996.0,11.1,293,0.0
2026-05-12 21:00:00,33.2,27,995.9,10.9,294,0.0
2026-05-12 22:00:00,32.3,30,995.9,10.2,296,0.0
2026-05-12 23:00:00,31.5,34,996.1,9.8,294,0.0
2026-05-13 00:00:00,30.8,48,996.3,8.4,295,0.0
2026-05-13 01:00:00,30.2,55,996.9,7.0,291,0.0
2026-05-13 02:00:00,30.7,57,997.8,5.7,294,0.0
2026-05-13 03:00:00,32.2,54,998.5,4.2,275,0.0
2026-05-13 04:00:00,34.5,45,998.9,5.3,258,0.0
2026-05-13 05:00:00,36.9,35,999.1,6.8,248,0.0
2026-05-13 06:00:00,39.1,27,998.3,7.1,232,0.0
2026-05-13 07:00:00,40.8,24,997.6,8.2,230,0.0
2026-05-13 08:00:00,42.4,20,996.5,8.9,234,0.0
2026-05-13 09:00:00,43.3,16,995.1,10.8,237,0.0
2026-05-13 10:00:00,43.5,14,994.4,12.0,234,0.0
2026-05-13 11:00:00,43.3,14,993.9,11.6,231,0.0
2026-05-13 12:00:00,43.0,15,993.2,11.0,242,0.0
2026-05-13 13:00:00,42.4,15,993.0,11.7,255,0.0
2026-05-13 14:00:00,39.9,23,993.6,15.3,214,0.0
2026-05-13 15:00:00,36.3,33,994.9,13.9,209,0.0
2026-05-13 16:00:00,34.9,36,995.7,11.5,215,0.0
2026-05-13 17:00:00,33.9,44,996.5,10.7,203,0.0
2026-05-13 18:00:00,33.6,48,996.2,8.3,222,0.0
2026-05-13 19:00:00,33.7,42,995.8,9.4,252,0.0
2026-05-13 20:00:00,33.2,40,995.3,9.8,263,0.0
2026-05-13 21:00:00,32.5,42,995.3,9.4,259,0.0
2026-05-13 22:00:00,31.8,43,995.4,8.9,257,0.0
2026-05-13 23:00:00,31.4,43,995.7,9.2,266,0.0
2026-05-14 00:00:00,31.1,39,996.2,9.9,285,0.0
2026-05-14 01:00:00,30.6,42,996.8,9.0,286,0.0
2026-05-14 02:00:00,31.3,42,997.7,7.9,283,0.0
2026-05-14 03:00:00,32.9,40,997.8,8.7,288,0.0
2026-05-14 04:00:00,35.0,35,998.1,8.6,286,0.0
2026-05-14 05:00:00,37.4,29,998.1,8.7,288,0.0
2026-05-14 06:00:00,39.6,23,997.7,8.3,288,0.0
2026-05-14 07:00:00,41.7,17,996.7,11.2,291,0.0
2026-05-14 08:00:00,42.3,18,995.9,13.4,290,0.0
2026-05-14 09:00:00,43.0,17,994.7,12.4,280,0.0
2026-05-14 10:00:00,43.5,15,993.7,12.4,280,0.0
2026-05-14 11:00:00,43.4,14,993.1,13.2,290,0.0
2026-05-14 12:00:00,43.1,13,992.9,14.7,299,0.0
2026-05-14 13:00:00,41.9,14,993.2,14.5,287,0.0
2026-05-14 14:00:00,40.6,16,993.8,13.8,261,0.0
2026-05-14 15:00:00,39.2,18,994.5,13.3,272,0.0
2026-05-14 16:00:00,37.0,27,995.8,18.0,266,0.0
2026-05-14 17:00:00,35.4,35,996.5,17.0,274,0.0
2026-05-14 18:00:00,34.2,38,996.8,14.3,282,0.0
2026-05-14 19:00:00,33.2,41,996.6,13.6,285,0.0
2026-05-14 20:00:00,32.3,45,996.4,13.2,284,0.0
2026-05-14 21:00:00,31.0,53,996.4,12.5,285,0.0
2026-05-14 22:00:00,29.9,63,996.7,12.1,285,0.0
2026-05-14 23:00:00,29.0,70,996.9,11.2,286,0.0
2026-05-15 00:00:00,28.5,75,997.3,9.6,287,0.0
2026-05-15 01:00:00,28.1,77,998.1,10.1,294,0.0
2026-05-15 02:00:00,28.7,74,998.9,9.8,296,0.0
2026-05-15 03:00:00,30.2,65,999.6,7.9,291,0.0
2026-05-15 04:00:00,32.3,54,1000.3,6.6,281,0.0
2026-05-15 05:00:00,34.6,42,1000.2,6.3,273,0.0
2026-05-15 06:00:00,36.1,33,1000.2,6.0,263,0.0
2026-05-15 07:00:00,37.9,25,999.5,7.8,263,0.0
2026-05-15 08:00:00,39.0,21,998.3,9.4,266,0.0
2026-05-15 09:00:00,39.7,20,997.1,10.6,268,0.0
2026-05-15 10:00:00,40.0,18,995.9,11.6,265,0.0
2026-05-15 11:00:00,39.9,18,995.1,12.0,253,0.0
2026-05-15 12:00:00,39.7,18,995.0,12.1,270,0.0
2026-05-15 13:00:00,39.1,20,995.2,9.4,275,0.0
2026-05-15 14:00:00,38.5,21,995.5,5.1,293,0.0
2026-05-15 15:00:00,37.7,21,996.4,11.0,273,0.0
2026-05-15 16:00:00,35.9,23,997.2,9.8,212,0.0
2026-05-15 17:00:00,33.1,46,998.0,10.6,204,0.0
2026-05-15 18:00:00,31.5,67,998.3,9.6,208,0.0
2026-05-15 19:00:00,31.4,63,998.2,8.6,221,0.0
2026-05-15 20:00:00,31.4,52,997.9,9.1,253,0.0
2026-05-15 21:00:00,30.8,52,997.5,9.7,271,0.0
2026-05-15 22:00:00,30.0,59,997.5,10.0,283,0.0
2026-05-15 23:00:00,29.3,67,997.8,9.8,283,0.0
2026-05-16 00:00:00,29.2,71,998.1,8.6,290,0.0
2026-05-16 01:00:00,28.8,74,998.7,8.7,287,0.0
2026-05-16 02:00:00,29.5,70,999.5,8.2,289,0.0
2026-05-16 03:00:00,31.1,63,999.9,7.7,291,0.0
2026-05-16 04:00:00,33.1,53,1000.0,7.0,296,0.0
2026-05-16 05:00:00,35.3,44,999.8,6.2,291,0.0
2026-05-16 06:00:00,37.0,37,999.6,7.2,284,0.0
2026-05-16 07:00:00,38.8,27,998.9,7.4,288,0.0
2026-05-16 08:00:00,40.2,20,998.0,8.9,295,0.0
2026-05-16 09:00:00,40.9,17,997.0,9.7,295,0.0
2026-05-16 10:00:00,41.1,17,996.2,10.5,292,0.0
2026-05-16 11:00:00,40.9,16,995.5,10.6,304,0.0
2026-05-16 12:00:00,40.8,17,995.4,9.4,312,0.0
2026-05-16 13:00:00,40.0,17,995.6,10.6,325,0.0
2026-05-16 14:00:00,39.2,18,996.1,10.7,337,0.0
2026-05-16 15:00:00,38.4,20,996.8,8.6,337,0.0
2026-05-16 16:00:00,37.4,22,997.4,5.4,274,0.0
2026-05-16 17:00:00,36.6,24,998.1,8.4,254,0.0
2026-05-16 18:00:00,35.6,28,998.4,10.3,259,0.0
2026-05-16 19:00:00,34.3,37,998.2,11.1,277,0.0
2026-05-16 20:00:00,33.1,43,998.0,10.9,279,0.0
2026-05-16 21:00:00,32.2,48,997.8,9.6,276,0.0
2026-05-16 22:00:00,31.6,51,997.8,9.6,283,0.0
2026-05-16 23:00:00,31.1,55,998.0,11.4,289,0.0
2026-05-17 00:00:00,30.4,61,998.1,10.3,289,0.0
2026-05-17 01:00:00,30.2,63,998.8,10.3,295,0.0
2026-05-17 02:00:00,31.0,61,999.7,10.2,298,0.0
2026-05-17 03:00:00,32.8,54,1000.3,9.9,297,0.0
2026-05-17 04:00:00,35.0,46,1000.6,9.8,300,0.0
2026-05-17 05:00:00,37.4,38,1000.7,9.6,303,0.0
2026-05-17 06:00:00,39.1,29,1000.4,9.9,316,0.0
2026-05-17 07:00:00,40.3,25,999.8,8.3,318,0.0
2026-05-17 08:00:00,41.1,23,998.7,7.9,319,0.0
2026-05-17 09:00:00,41.7,21,997.5,7.3,324,0.0
2026-05-17 10:00:00,42.1,20,996.8,7.1,322,0.0
2026-05-17 11:00:00,41.9,20,996.0,8.0,316,0.0
2026-05-17 12:00:00,42.0,17,995.7,9.9,305,0.0
2026-05-17 13:00:00,41.2,18,996.0,10.2,294,0.0
2026-05-17 14:00:00,40.5,18,995.9,10.0,284,0.0
2026-05-17 15:00:00,39.7,19,996.2,11.1,277,0.0
2026-05-17 16:00:00,38.8,20,996.9,11.1,293,0.0
2026-05-17 17:00:00,37.9,21,997.3,9.2,296,0.0
2026-05-17 18:00:00,37.1,21,997.6,12.5,278,0.0
2026-05-17 19:00:00,34.9,28,997.3,13.8,285,0.0
2026-05-17 20:00:00,33.4,33,997.2,14.4,279,0.0
2026-05-17 21:00:00,32.6,38,997.0,13.8,288,0.0
2026-05-17 22:00:00,32.3,38,997.0,14.7,298,0.0
2026-05-17 23:00:00,32.0,36,997.5,13.5,301,0.0
2026-05-18 00:00:00,31.6,34,997.2,12.9,314,0.0
2026-05-18 01:00:00,31.3,35,997.8,12.0,315,0.0
2026-05-18 02:00:00,32.1,34,998.8,9.9,314,0.0
2026-05-18 03:00:00,33.7,31,999.2,9.7,312,0.0
2026-05-18 04:00:00,35.9,24,999.5,9.1,308,0.0
2026-05-18 05:00:00,38.2,18,999.6,10.0,306,0.0
2026-05-18 06:00:00,40.0,15,999.0,10.8,300,0.0
2026-05-18 07:00:00,41.4,14,998.6,10.7,290,0.0
2026-05-18 08:00:00,42.5,13,997.7,11.0,281,0.0
2026-05-18 09:00:00,43.1,13,996.8,11.7,271,0.0
2026-05-18 10:00:00,43.0,13,996.3,12.7,262,0.0
2026-05-18 11:00:00,42.7,13,995.7,12.6,257,0.0
2026-05-18 12:00:00,42.4,13,995.5,11.4,251,0.0
2026-05-18 13:00:00,41.5,13,995.8,12.1,255,0.0
2026-05-18 14:00:00,40.4,14,996.1,12.4,260,0.0
2026-05-18 15:00:00,39.4,15,996.5,10.3,258,0.0
2026-05-18 16:00:00,38.0,16,997.3,11.6,291,0.0
2026-05-18 17:00:00,36.8,19,997.9,12.3,264,0.0
2026-05-18 18:00:00,35.2,26,997.6,11.6,263,0.0
2026-05-18 19:00:00,33.9,33,997.0,12.1,272,0.0
2026-05-18 20:00:00,32.9,34,996.6,12.8,281,0.0
2026-05-18 21:00:00,31.9,37,996.6,11.7,283,0.0
2026-05-18 22:00:00,31.0,42,996.7,12.4,286,0.0
2026-05-18 23:00:00,30.2,45,996.9,12.2,295,0.0
2026-05-19 00:00:00,29.7,49,997.3,11.1,299,0.0
2026-05-19 01:00:00,29.0,52,998.1,11.1,299,0.0
2026-05-19 02:00:00,29.2,54,999.1,9.8,300,0.0
2026-05-19 03:00:00,30.6,51,999.5,7.8,299,0.0
2026-05-19 04:00:00,32.8,43,1000.2,6.7,290,0.0
2026-05-19 05:00:00,35.3,34,1000.3,8.0,284,0.0
2026-05-19 06:00:00,37.9,24,999.8,9.4,278,0.0
2026-05-19 07:00:00,39.8,19,999.0,9.9,273,0.0
2026-05-19 08:00:00,41.3,14,998.1,10.3,272,0.0
2026-05-19 09:00:00,42.1,12,997.1,11.0,269,0.0
2026-05-19 10:00:00,42.2,13,996.4,10.8,259,0.0
2026-05-19 11:00:00,41.9,15,995.8,11.2,255,0.0
2026-05-19 12:00:00,41.8,15,995.6,11.2,249,0.0
2026-05-19 13:00:00,41.0,14,995.5,10.2,225,0.0
2026-05-19 14:00:00,40.3,14,996.1,11.8,226,0.0
2026-05-19 15:00:00,35.8,33,997.2,13.8,204,0.0
2026-05-19 16:00:00,33.5,46,998.1,10.7,203,0.0
2026-05-19 17:00:00,32.7,52,998.8,10.8,195,0.0
2026-05-19 18:00:00,32.2,58,998.9,9.9,199,0.0
2026-05-19 19:00:00,31.5,61,998.2,8.5,207,0.0
2026-05-19 20:00:00,31.1,61,997.8,8.7,222,0.0
2026-05-19 21:00:00,31.1,50,997.5,9.4,246,0.0
2026-05-19 22:00:00,30.5,44,997.4,9.8,265,0.0
2026-05-19 23:00:00,29.6,50,997.8,9.2,271,0.0
2026-05-20 00:00:00,29.3,58,998.1,9.0,270,0.0
2026-05-20 01:00:00,28.7,66,998.7,8.7,275,0.0
2026-05-20 02:00:00,29.2,70,999.7,8.5,271,0.0
2026-05-20 03:00:00,30.5,67,1000.0,7.6,266,0.0
2026-05-20 04:00:00,32.3,60,1000.4,6.5,262,0.0
2026-05-20 05:00:00,34.5,51,1000.0,6.1,258,0.0
2026-05-20 06:00:00,37.0,40,999.8,6.7,256,0.0
2026-05-20 07:00:00,39.6,28,999.0,9.5,261,0.0
2026-05-20 08:00:00,40.7,21,998.0,12.2,269,0.0
2026-05-20 09:00:00,41.4,20,997.0,12.3,267,0.0
2026-05-20 10:00:00,41.9,18,996.1,12.4,269,0.0
2026-05-20 11:00:00,42.1,17,995.3,12.3,276,0.0
2026-05-20 12:00:00,41.9,17,995.1,11.6,258,0.0
2026-05-20 13:00:00,41.1,16,995.5,13.6,253,0.0
2026-05-20 14:00:00,39.4,19,996.2,14.6,224,0.0
2026-05-20 15:00:00,34.1,50,997.4,13.5,203,0.0
2026-05-20 16:00:00,32.8,59,998.0,11.1,200,0.0
2026-05-20 17:00:00,31.6,67,998.6,11.0,198,0.0
2026-05-20 18:00:00,31.3,70,998.3,9.5,207,0.0
2026-05-20 19:00:00,31.0,70,998.0,9.0,213,0.0
2026-05-20 20:00:00,30.8,70,997.6,7.9,223,0.0
2026-05-20 21:00:00,31.0,61,997.7,8.7,248,0.0
2026-05-20 22:00:00,30.8,46,997.9,9.0,268,0.0
2026-05-20 23:00:00,29.9,51,998.5,8.1,267,0.0
2026-05-21 00:00:00,29.7,53,998.9,7.2,270,0.0
2026-05-21 01:00:00,28.9,63,999.9,7.9,273,0.0
2026-05-21 02:00:00,29.3,67,1000.8,8.4,280,0.0
2026-05-21 03:00:00,30.8,63,1001.2,8.3,288,0.0
2026-05-21 04:00:00,32.8,52,1001.4,6.8,287,0.0
2026-05-21 05:00:00,35.0,41,1001.3,5.4,276,0.0
2026-05-21 06:00:00,36.4,35,1000.9,4.5,263,0.0
2026-05-21 07:00:00,38.5,27,1000.2,4.6,249,0.0
2026-05-21 08:00:00,39.8,22,999.2,5.2,245,0.0
2026-05-21 09:00:00,40.7,19,998.0,6.8,245,0.0
2026-05-21 10:00:00,41.1,17,997.1,8.5,249,0.0
2026-05-21 11:00:00,41.0,17,996.6,10.1,254,0.0
2026-05-21 12:00:00,40.7,19,996.4,9.5,259,0.0
2026-05-21 13:00:00,40.0,21,996.7,9.9,255,0.0
2026-05-21 14:00:00,39.4,21,997.2,5.1,238,0.0
2026-05-21 15:00:00,38.8,23,997.6,10.2,197,0.0
2026-05-21 16:00:00,35.6,35,998.5,12.1,207,0.0
2026-05-21 17:00:00,34.1,44,999.5,11.8,220,0.0
2026-05-21 18:00:00,33.5,51,999.4,10.5,219,0.0
2026-05-21 19:00:00,33.4,52,999.1,9.7,228,0.0
2026-05-21 20:00:00,33.1,52,999.1,8.8,239,0.0
2026-05-21 21:00:00,32.7,41,999.3,12.5,277,0.0
2026-05-21 22:00:00,31.5,40,999.8,11.0,275,0.0
2026-05-21 23:00:00,30.6,46,1000.5,9.9,273,0.0
2026-05-22 00:00:00,30.4,46,1000.7,8.7,264,0.0
2026-05-22 01:00:00,29.9,53,1001.5,8.8,272,0.0
2026-05-22 02:00:00,30.4,57,1002.5,7.9,282,0.0
2026-05-22 03:00:00,31.8,53,1003.0,6.5,284,0.0
2026-05-22 04:00:00,34.0,43,1003.3,5.2,276,0.0
2026-05-22 05:00:00,36.3,32,1003.1,5.0,268,0.0
2026-05-22 06:00:00,37.9,26,1002.5,5.7,261,0.0
2026-05-22 07:00:00,39.5,25,1001.8,7.2,251,0.0
2026-05-22 08:00:00,40.7,21,1000.9,8.8,255,0.0
2026-05-22 09:00:00,41.5,19,999.8,9.9,260,0.0
2026-05-22 10:00:00,41.9,17,999.2,10.8,268,0.0
2026-05-22 11:00:00,41.8,17,998.6,11.0,269,0.0
2026-05-22 12:00:00,41.5,17,998.5,10.4,247,0.0
2026-05-22 13:00:00,40.9,17,998.7,9.6,250,0.0
2026-05-22 14:00:00,39.5,20,999.1,11.0,208,0.0
2026-05-22 15:00:00,35.2,41,1000.3,13.4,200,0.0
2026-05-22 16:00:00,33.8,51,1001.1,11.3,189,0.0
2026-05-22 17:00:00,33.0,57,1001.4,10.3,192,0.0
2026-05-22 18:00:00,32.9,59,1001.3,11.0,195,0.0
2026-05-22 19:00:00,32.6,60,1001.1,9.7,208,0.0
2026-05-22 20:00:00,33.0,50,1001.1,13.2,265,0.0
2026-05-22 21:00:00,31.9,56,1001.2,13.7,271,0.0
2026-05-22 22:00:00,31.2,61,1001.7,13.0,280,0.0
2026-05-22 23:00:00,30.5,65,1002.0,11.7,285,0.0
2026-05-23 00:00:00,30.2,67,1002.0,9.2,274,0.0
2026-05-23 01:00:00,29.7,70,1002.8,8.5,272,0.0
2026-05-23 02:00:00,30.3,68,1003.6,9.0,273,0.0
2026-05-23 03:00:00,31.5,63,1004.1,9.5,271,0.0
2026-05-23 04:00:00,33.2,57,1004.4,8.7,275,0.0
2026-05-23 05:00:00,35.2,47,1004.4,7.6,273,0.0
2026-05-23 06:00:00,37.0,40,1003.5,7.2,270,0.0
2026-05-23 07:00:00,39.0,31,1002.7,7.7,267,0.0
2026-05-23 08:00:00,40.6,25,1001.9,9.3,260,0.0
2026-05-23 09:00:00,41.5,22,1000.5,10.0,261,0.0
2026-05-23 10:00:00,41.9,21,999.5,10.7,265,0.0
2026-05-23 11:00:00,42.1,20,998.8,11.0,276,0.0
2026-05-23 12:00:00,41.9,20,998.2,12.2,257,0.0
2026-05-23 13:00:00,41.0,20,998.5,11.1,247,0.0
2026-05-23 14:00:00,40.2,22,998.7,9.2,235,0.0
2026-05-23 15:00:00,36.7,40,999.5,15.9,198,0.0
2026-05-23 16:00:00,34.3,56,1000.5,11.1,226,0.0
2026-05-23 17:00:00,34.2,58,1001.1,9.8,215,0.0
2026-05-23 18:00:00,33.5,62,1001.1,9.2,208,0.0
2026-05-23 19:00:00,32.9,65,1000.7,7.3,218,0.0
2026-05-23 20:00:00,33.2,57,1000.7,11.4,264,0.0
2026-05-23 21:00:00,32.7,47,1000.9,12.8,270,0.0
2026-05-23 22:00:00,31.7,48,1000.8,12.1,269,0.0
2026-05-23 23:00:00,30.9,52,1001.1,11.7,265,0.0
2026-05-24 00:00:00,30.4,59,1001.3,11.4,254,0.0
2026-05-24 01:00:00,29.8,68,1002.1,11.8,257,0.0
2026-05-24 02:00:00,30.4,68,1003.0,11.1,261,0.0
2026-05-24 03:00:00,31.7,64,1003.7,10.8,270,0.0
2026-05-24 04:00:00,33.3,57,1004.1,10.8,272,0.0
2026-05-24 05:00:00,35.2,49,1004.0,11.2,267,0.0
2026-05-24 06:00:00,36.9,45,1003.6,10.1,260,0.0
2026-05-24 07:00:00,38.7,38,1002.8,10.8,255,0.0
2026-05-24 08:00:00,39.9,33,1001.7,11.7,255,0.0
2026-05-24 09:00:00,40.7,30,1000.6,12.7,255,0.0
2026-05-24 10:00:00,41.1,28,999.8,13.2,258,0.0
2026-05-24 11:00:00,41.0,27,999.2,13.2,259,0.0
2026-05-24 12:00:00,40.9,24,998.9,12.9,252,0.0
2026-05-24 13:00:00,40.1,26,998.8,13.3,262,0.0
2026-05-24 14:00:00,39.2,29,999.5,13.9,269,0.0
2026-05-24 15:00:00,37.6,31,1000.4,12.2,239,0.0
2026-05-24 16:00:00,35.7,42,1001.1,10.1,209,0.0
2026-05-24 17:00:00,34.2,54,1001.5,8.2,206,0.0
2026-05-24 18:00:00,34.0,53,1001.5,7.7,239,0.0
2026-05-24 19:00:00,33.9,40,1001.0,11.2,264,0.0
2026-05-24 20:00:00,32.3,47,1000.7,11.8,261,0.0
2026-05-24 21:00:00,31.1,54,1000.5,11.9,267,0.0
2026-05-24 22:00:00,29.7,64,1000.9,11.2,271,0.0
2026-05-24 23:00:00,28.8,73,1001.2,10.5,265,0.0
2026-05-25 00:00:00,28.5,76,1001.4,11.9,272,0.0
2026-05-25 01:00:00,28.1,79,1001.7,11.7,271,0.0
2026-05-25 02:00:00,28.9,74,1002.5,10.8,270,0.0
2026-05-25 03:00:00,30.2,67,1003.0,10.4,272,0.0
2026-05-25 04:00:00,32.0,59,1003.3,9.6,266,0.0
2026-05-25 05:00:00,34.1,50,1003.0,8.3,252,0.0
2026-05-25 06:00:00,36.6,39,1002.2,8.1,239,0.0
2026-05-25 07:00:00,38.9,29,1001.1,10.0,240,0.0
2026-05-25 08:00:00,40.3,24,999.9,11.3,243,0.0
2026-05-25 09:00:00,41.3,21,998.7,11.8,249,0.0
2026-05-25 10:00:00,41.9,20,997.9,11.8,253,0.0
2026-05-25 11:00:00,42.1,18,997.3,12.1,252,0.0
2026-05-25 12:00:00,41.9,18,997.0,11.6,258,0.0
2026-05-25 13:00:00,41.4,18,997.0,12.9,261,0.0
2026-05-25 14:00:00,37.8,37,997.8,14.4,206,0.0
2026-05-25 15:00:00,35.3,51,999.1,12.5,238,0.0
2026-05-25 16:00:00,34.7,51,1000.0,11.2,229,0.0
2026-05-25 17:00:00,34.9,40,1000.5,9.8,250,0.0
2026-05-25 18:00:00,34.5,35,1000.5,12.5,258,0.0
2026-05-25 19:00:00,32.3,49,1000.4,13.4,258,0.0
2026-05-25 20:00:00,31.1,61,1000.4,13.5,261,0.0
2026-05-25 21:00:00,30.0,69,1000.3,12.6,266,0.0
2026-05-25 22:00:00,29.5,73,1000.3,11.9,269,0.0
2026-05-25 23:00:00,29.3,75,1000.6,13.1,270,0.0
2026-05-26 00:00:00,28.9,75,1000.9,10.4,261,0.0
2026-05-26 01:00:00,29.0,75,1001.7,10.7,257,0.0
2026-05-26 02:00:00,29.8,70,1002.2,10.3,251,0.0
2026-05-26 03:00:00,31.0,64,1002.7,10.1,248,0.0
2026-05-26 04:00:00,32.5,57,1002.7,9.5,241,0.0
2026-05-26 05:00:00,34.3,50,1002.7,8.9,236,0.0
2026-05-26 06:00:00,36.0,44,1002.2,8.5,222,0.0
2026-05-26 07:00:00,38.1,36,1001.2,9.1,229,0.0
2026-05-26 08:00:00,39.9,30,1000.0,10.4,236,0.0
2026-05-26 09:00:00,41.0,26,998.6,11.1,239,0.0
2026-05-26 10:00:00,41.8,24,997.6,11.3,243,0.0
2026-05-26 11:00:00,42.0,22,997.3,11.0,251,0.0
2026-05-26 12:00:00,42.1,22,996.9,11.3,261,0.0
2026-05-26 13:00:00,41.1,24,997.1,11.3,231,0.0
2026-05-26 14:00:00,37.0,43,998.1,14.5,197,0.0
2026-05-26 15:00:00,34.9,52,998.9,11.7,211,0.0
2026-05-26 16:00:00,33.8,58,999.9,11.0,206,0.0
2026-05-26 17:00:00,33.0,61,1000.7,10.4,203,0.0
2026-05-26 18:00:00,32.4,66,1000.8,8.8,200,0.0
2026-05-26 19:00:00,32.1,67,1000.6,8.2,221,0.0
2026-05-26 20:00:00,32.2,54,1000.4,11.1,258,0.0
2026-05-26 21:00:00,31.3,57,1000.2,11.6,263,0.0
2026-05-26 22:00:00,30.2,67,1000.4,11.9,260,0.0
2026-05-26 23:00:00,29.4,75,1001.1,11.4,266,0.0
2026-05-27 00:00:00,29.0,80,1001.2,12.5,262,0.0
2026-05-27 01:00:00,28.9,80,1001.7,11.8,263,0.0
2026-05-27 02:00:00,29.7,74,1002.4,12.9,255,0.0
2026-05-27 03:00:00,31.0,66,1003.0,11.0,249,0.0
2026-05-27 04:00:00,32.8,57,1003.5,9.9,251,0.0
2026-05-27 05:00:00,34.7,50,1003.5,10.0,249,0.0
2026-05-27 06:00:00,36.4,42,1003.0,7.5,243,0.0
2026-05-27 07:00:00,38.5,34,1002.2,7.6,243,0.0
2026-05-27 08:00:00,40.1,29,1001.2,8.9,246,0.0
2026-05-27 09:00:00,41.3,24,999.9,10.3,255,0.0
2026-05-27 10:00:00,42.1,21,999.0,10.8,259,0.0
2026-05-27 11:00:00,42.2,19,998.4,11.1,254,0.0
2026-05-27 12:00:00,42.6,16,997.9,13.4,265,0.0
2026-05-27 13:00:00,42.0,17,997.9,11.4,242,0.0
2026-05-27 14:00:00,37.5,41,998.9,15.1,195,0.0
2026-05-27 15:00:00,34.8,53,999.6,12.8,196,0.0
2026-05-27 16:00:00,33.7,58,1000.4,11.1,200,0.0
2026-05-27 17:00:00,32.7,63,1001.1,9.7,205,0.0
2026-05-27 18:00:00,32.2,66,1001.0,8.0,205,0.0
2026-05-27 19:00:00,31.6,69,1000.6,5.6,187,0.0
2026-05-27 20:00:00,32.0,62,1000.4,12.0,261,0.0
2026-05-27 21:00:00,30.8,68,1000.3,11.9,267,0.0
2026-05-27 22:00:00,30.2,71,1000.3,11.3,257,0.0
2026-05-27 23:00:00,29.9,72,1000.3,10.4,250,0.0
2026-05-28 00:00:00,29.7,72,1000.7,11.2,267,0.0
2026-05-28 01:00:00,29.1,73,1001.9,11.9,270,0.0
2026-05-28 02:00:00,29.8,69,1003.0,11.4,265,0.0
2026-05-28 03:00:00,30.9,63,1003.4,10.2,252,0.0
2026-05-28 04:00:00,32.5,57,1003.4,9.9,235,0.0
2026-05-28 05:00:00,34.6,49,1003.0,10.4,225,0.0
2026-05-28 06:00:00,36.8,42,1002.2,11.1,217,0.0
2026-05-28 07:00:00,38.9,34,1001.3,12.2,221,0.0
2026-05-28 08:00:00,40.5,29,999.9,13.7,225,0.0
2026-05-28 09:00:00,41.7,26,998.6,14.5,229,0.0
2026-05-28 10:00:00,42.5,24,997.7,15.2,233,0.0
2026-05-28 11:00:00,43.1,22,996.7,16.1,236,0.0
2026-05-28 12:00:00,41.0,30,996.5,16.0,204,0.0
2026-05-28 13:00:00,38.4,41,996.8,15.0,199,0.0
2026-05-28 14:00:00,36.8,48,997.4,14.2,189,0.0
2026-05-28 15:00:00,34.3,56,998.2,12.0,189,0.0
2026-05-28 16:00:00,33.4,61,999.2,8.3,214,0.0
2026-05-28 17:00:00,33.3,63,999.9,7.6,218,0.0
2026-05-28 18:00:00,32.9,64,999.7,8.2,220,0.0
2026-05-28 19:00:00,32.5,59,999.2,9.4,241,0.0
2026-05-28 20:00:00,31.9,62,998.9,8.0,245,0.0
2026-05-28 21:00:00,31.4,64,998.9,11.0,259,0.0
2026-05-28 22:00:00,30.9,65,999.4,12.4,239,0.0
2026-05-28 23:00:00,29.9,67,999.9,14.4,233,0.0
2026-05-29 00:00:00,29.2,69,1000.0,13.2,224,0.0
2026-05-29 01:00:00,28.9,72,1000.7,13.0,223,0.0
2026-05-29 02:00:00,29.8,68,1001.5,16.1,229,0.0
2026-05-29 03:00:00,31.1,63,1001.4,15.4,228,0.0
2026-05-29 04:00:00,32.9,56,1001.5,14.8,227,0.0
2026-05-29 05:00:00,34.9,49,1001.1,14.2,231,0.0
2026-05-29 06:00:00,37.1,42,1000.5,13.3,230,0.0
2026-05-29 07:00:00,38.8,37,999.5,14.8,229,0.0
2026-05-29 08:00:00,40.5,31,998.0,15.9,228,0.0
2026-05-29 09:00:00,41.8,27,996.7,17.0,236,0.0
2026-05-29 10:00:00,42.3,25,995.8,18.1,251,0.0
2026-05-29 11:00:00,42.4,25,995.1,17.9,253,0.0
2026-05-29 12:00:00,41.4,28,995.3,15.9,226,0.0
2026-05-29 13:00:00,38.0,41,995.5,17.2,195,0.0
2026-05-29 14:00:00,34.8,54,996.4,16.1,187,0.0
2026-05-29 15:00:00,34.1,58,997.2,8.9,212,0.0
2026-05-29 16:00:00,33.9,60,997.6,6.7,218,0.0
2026-05-29 17:00:00,34.3,49,998.1,7.4,269,0.0
2026-05-29 18:00:00,33.5,49,997.9,9.2,286,0.0
2026-05-29 19:00:00,32.2,58,998.2,10.6,274,0.0
2026-05-29 20:00:00,31.3,64,998.1,9.1,262,0.0
2026-05-29 21:00:00,30.9,67,998.3,6.4,259,0.0
2026-05-29 22:00:00,30.7,65,998.8,10.2,234,0.0
2026-05-29 23:00:00,30.1,65,999.4,14.1,227,0.0
2026-05-30 00:00:00,29.8,65,999.8,11.7,216,0.0
2026-05-30 01:00:00,29.8,65,1001.1,5.9,194,0.0
2026-05-30 02:00:00,30.3,63,1002.2,6.3,182,0.0
2026-05-30 03:00:00,31.4,59,1002.2,9.6,192,0.0
2026-05-30 04:00:00,32.9,52,1001.6,12.2,204,0.0
2026-05-30 05:00:00,34.6,45,1001.1,13.5,205,0.0
2026-05-30 06:00:00,36.2,40,1000.3,14.7,192,0.0
2026-05-30 07:00:00,37.5,37,999.2,16.2,204,0.0
2026-05-30 08:00:00,38.6,33,998.2,16.9,214,0.0
2026-05-30 09:00:00,39.3,32,997.1,16.3,221,0.0
2026-05-30 10:00:00,40.1,30,996.1,14.9,225,0.0
2026-05-30 11:00:00,40.7,29,995.2,15.2,224,0.0
2026-05-30 12:00:00,38.6,40,995.4,15.1,198,0.0
2026-05-30 13:00:00,36.7,46,995.6,17.7,186,0.0
2026-05-30 14:00:00,33.7,57,996.2,16.7,179,0.0
2026-05-30 15:00:00,33.0,61,997.0,14.2,164,0.0
2026-05-30 16:00:00,32.9,63,997.7,9.5,170,0.0
2026-05-30 17:00:00,32.9,64,998.1,9.4,222,0.0
2026-05-30 18:00:00,27.6,76,1001.6,17.7,12,0.7
2026-05-30 19:00:00,26.6,79,1000.6,7.6,149,1.2
2026-05-30 20:00:00,27.7,78,1001.2,7.9,131,0.1
2026-05-30 21:00:00,27.6,79,1000.5,7.7,164,0.0
2026-05-30 22:00:00,27.6,78,1000.2,5.8,200,0.0
2026-05-30 23:00:00,27.9,76,1000.5,3.6,217,0.0
2026-05-31 00:00:00,25.0,91,1000.8,7.1,165,0.0
2026-05-31 01:00:00,25.7,86,1001.1,5.5,134,0.0
2026-05-31 02:00:00,27.4,77,1001.6,6.1,178,0.0
2026-05-31 03:00:00,29.8,68,1002.2,6.3,195,0.0
2026-05-31 04:00:00,32.0,61,1002.4,9.6,232,0.0
2026-05-31 05:00:00,33.6,53,1002.4,9.3,246,0.0
2026-05-31 06:00:00,35.2,49,1002.0,8.3,229,0.0
2026-05-31 07:00:00,36.5,45,1001.4,8.8,223,0.0
2026-05-31 08:00:00,37.4,40,1000.5,10.9,230,0.0
2026-05-31 09:00:00,38.2,37,999.4,10.5,232,0.0
2026-05-31 10:00:00,38.7,36,998.7,8.3,222,0.0
2026-05-31 11:00:00,39.2,33,998.0,5.4,262,0.0
2026-05-31 12:00:00,38.7,30,997.7,13.0,204,0.0
2026-05-31 13:00:00,35.4,47,999.0,14.1,190,0.0
2026-05-31 14:00:00,34.1,55,999.1,13.0,191,0.0
2026-05-31 15:00:00,32.9,58,999.7,13.2,174,0.0
2026-05-31 16:00:00,31.8,64,1000.1,11.5,194,0.0
2026-05-31 17:00:00,31.3,69,1000.5,9.8,198,0.0
2026-05-31 18:00:00,31.0,74,1000.5,6.2,206,0.0
2026-05-31 19:00:00,30.7,75,1000.6,4.1,193,0.0
2026-05-31 20:00:00,30.8,72,1000.4,8.9,262,0.0
2026-05-31 21:00:00,30.7,64,1000.5,10.8,267,0.0
2026-05-31 22:00:00,30.1,68,1000.5,8.9,264,0.0
2026-05-31 23:00:00,29.8,71,1000.8,9.0,275,0.0
2026-06-01 00:00:00,29.7,74,1001.2,6.9,313,0.0
2026-06-01 01:00:00,29.8,74,1001.9,6.0,299,0.0
2026-06-01 02:00:00,30.8,68,1002.6,7.3,281,0.0
2026-06-01 03:00:00,32.1,62,1003.1,6.7,262,0.0
2026-06-01 04:00:00,33.4,56,1003.4,5.4,249,0.0
2026-06-01 05:00:00,34.9,50,1003.2,5.1,231,0.0
2026-06-01 06:00:00,35.9,48,1002.7,6.9,210,0.0
2026-06-01 07:00:00,36.3,46,1001.5,8.5,208,0.0
2026-06-01 08:00:00,37.6,41,1001.1,8.2,206,0.0
2026-06-01 09:00:00,38.6,36,999.9,9.8,220,0.0
2026-06-01 10:00:00,39.1,34,999.0,10.0,236,0.0
2026-06-01 11:00:00,39.3,31,998.8,9.4,247,0.0
2026-06-01 12:00:00,39.9,29,996.5,13.7,252,0.0
2026-06-01 13:00:00,38.0,37,997.1,15.3,205,0.0
2026-06-01 14:00:00,35.3,47,998.4,14.4,192,0.0
2026-06-01 15:00:00,34.3,51,999.7,13.3,181,0.0
2026-06-01 16:00:00,33.5,54,1000.8,10.6,178,0.0
2026-06-01 17:00:00,28.7,68,1002.6,13.2,80,0.2
2026-06-01 18:00:00,26.4,82,1003.7,13.2,93,6.3
2026-06-01 19:00:00,26.1,83,1003.3,12.4,132,0.4
2026-06-01 20:00:00,26.2,80,1002.0,10.8,169,0.1
2026-06-01 21:00:00,26.2,81,1000.9,6.7,189,0.1
2026-06-01 22:00:00,25.9,85,1000.3,8.9,187,0.0
2026-06-01 23:00:00,26.0,87,1000.1,7.8,175,0.0
2026-06-02 00:00:00,24.1,86,1000.4,12.9,205,0.0
2026-06-02 01:00:00,24.1,88,1000.8,4.6,154,0.0
2026-06-02 02:00:00,24.7,87,1001.0,3.5,165,0.0
2026-06-02 03:00:00,26.3,81,1001.2,3.6,207,0.0
2026-06-02 04:00:00,29.1,70,1002.1,4.1,268,0.0
2026-06-02 05:00:00,31.2,64,1002.2,4.0,262,0.0
2026-06-02 06:00:00,33.2,55,1002.0,9.5,279,0.0
2026-06-02 07:00:00,34.3,49,1001.2,6.8,281,0.0
2026-06-02 08:00:00,35.4,44,1000.3,5.1,287,0.0
2026-06-02 09:00:00,36.1,42,999.0,4.4,297,0.0
2026-06-02 10:00:00,36.7,39,998.2,3.2,308,0.0
2026-06-02 11:00:00,37.0,38,997.4,2.4,347,0.0
2026-06-02 12:00:00,36.7,39,997.6,3.9,317,0.0
2026-06-02 13:00:00,36.3,40,997.6,1.3,304,0.0
2026-06-02 14:00:00,35.7,41,997.9,1.5,120,0.0
2026-06-02 15:00:00,35.5,42,998.5,3.6,108,0.0
2026-06-02 16:00:00,33.8,51,999.1,8.6,178,0.0
2026-06-02 17:00:00,32.1,61,999.6,8.8,197,0.0
2026-06-02 18:00:00,31.1,66,998.9,11.4,175,0.0
2026-06-02 19:00:00,30.5,73,998.9,10.7,175,0.0
2026-06-02 20:00:00,30.1,76,998.9,8.6,178,0.0
2026-06-02 21:00:00,29.9,78,999.1,6.1,182,0.0
2026-06-02 22:00:00,29.6,79,999.0,7.0,181,0.0
2026-06-02 23:00:00,29.4,81,998.7,7.6,179,0.0
2026-06-03 00:00:00,29.5,82,998.6,6.3,153,0.0
2026-06-03 01:00:00,29.3,84,999.0,4.7,198,0.0
2026-06-03 02:00:00,30.7,74,1000.7,7.6,273,0.0
2026-06-03 03:00:00,32.0,65,1000.4,8.2,292,0.0
2026-06-03 04:00:00,33.6,58,999.6,3.6,225,0.0
2026-06-03 05:00:00,35.5,50,999.4,4.6,252,0.0
2026-06-03 06:00:00,36.6,44,999.0,5.3,235,0.1
2026-06-03 07:00:00,37.4,41,998.3,5.4,222,0.1
2026-06-03 08:00:00,38.4,38,997.6,4.5,236,0.0
2026-06-03 09:00:00,39.0,36,996.5,5.1,238,0.0
2026-06-03 10:00:00,39.4,35,995.9,4.9,260,0.1
2026-06-03 11:00:00,38.9,36,995.4,7.1,261,0.1
2026-06-03 12:00:00,39.4,31,994.5,7.0,274,0.0
2026-06-03 13:00:00,37.1,40,995.8,7.2,198,1.1
2026-06-03 14:00:00,36.1,45,995.6,12.0,198,0.1
2026-06-03 15:00:00,34.2,51,996.3,15.0,184,0.0
2026-06-03 16:00:00,32.8,57,996.8,11.2,195,0.0
2026-06-03 17:00:00,32.4,63,997.4,9.6,196,0.0
2026-06-03 18:00:00,31.9,65,997.4,11.0,210,0.0
2026-06-03 19:00:00,31.5,68,996.9,9.6,214,0.0
2026-06-03 20:00:00,31.2,68,996.7,7.9,223,0.0
2026-06-03 21:00:00,31.1,66,996.4,7.1,232,0.0
2026-06-03 22:00:00,30.8,67,996.4,5.6,222,0.0
2026-06-03 23:00:00,30.4,70,996.7,3.6,207,0.0
2026-06-04 00:00:00,30.8,67,997.2,6.2,244,0.0
2026-06-04 01:00:00,30.6,68,997.6,6.3,217,0.0
2026-06-04 02:00:00,31.5,62,998.3,9.8,226,0.0
2026-06-04 03:00:00,32.6,57,998.7,9.0,226,0.0
2026-06-04 04:00:00,34.1,52,998.7,8.9,222,0.0
2026-06-04 05:00:00,35.9,45,998.8,9.6,223,0.0
2026-06-04 06:00:00,37.1,43,998.5,9.9,222,0.0
2026-06-04 07:00:00,37.9,40,997.8,11.3,219,0.0
2026-06-04 08:00:00,38.6,37,996.8,11.5,214,0.0
2026-06-04 09:00:00,39.2,35,995.8,11.5,210,0.1
2026-06-04 10:00:00,39.4,34,995.1,13.0,209,0.1
2026-06-04 11:00:00,38.6,34,994.7,13.5,196,0.1
2026-06-04 12:00:00,38.2,39,994.2,12.5,201,0.0
2026-06-04 13:00:00,37.8,41,993.8,10.9,214,0.1
2026-06-04 14:00:00,36.3,45,994.3,15.5,193,0.0
2026-06-04 15:00:00,34.6,55,994.8,16.0,183,0.0
2026-06-04 16:00:00,33.6,61,995.2,16.7,187,0.0
2026-06-04 17:00:00,32.9,63,996.6,14.4,200,0.0
2026-06-04 18:00:00,33.3,59,996.7,8.4,217,0.0
2026-06-04 19:00:00,33.0,60,996.8,7.9,249,0.0
2026-06-04 20:00:00,32.5,62,996.5,8.9,242,0.0
2026-06-04 21:00:00,31.8,62,996.2,12.9,230,0.0
2026-06-04 22:00:00,31.1,64,996.6,11.6,237,0.0
2026-06-04 23:00:00,30.5,67,996.9,11.0,238,0.0
2026-06-05 00:00:00,30.2,69,997.2,10.2,239,0.0
2026-06-05 01:00:00,29.8,73,997.7,7.9,231,0.0
2026-06-05 02:00:00,30.3,70,998.3,10.5,237,0.0
2026-06-05 03:00:00,31.6,64,999.2,8.2,232,0.0
2026-06-05 04:00:00,32.4,59,1000.0,3.7,203,0.0
2026-06-05 05:00:00,32.9,57,999.7,6.9,217,0.2
2026-06-05 06:00:00,34.8,50,998.9,9.7,204,0.0
2026-06-05 07:00:00,36.4,44,997.9,11.8,218,0.0
2026-06-05 08:00:00,37.6,42,996.9,11.0,221,0.0
2026-06-05 09:00:00,38.7,38,995.9,12.4,228,0.0
2026-06-05 10:00:00,38.8,37,995.2,12.2,236,0.0
2026-06-05 11:00:00,39.3,35,994.5,10.5,233,0.0
2026-06-05 12:00:00,38.9,36,994.0,12.6,205,0.0
2026-06-05 13:00:00,37.1,45,994.2,12.6,190,0.0
2026-06-05 14:00:00,35.8,50,994.9,12.4,178,0.0
2026-06-05 15:00:00,34.3,57,995.7,12.6,185,0.0
2026-06-05 16:00:00,33.4,62,996.5,10.2,193,0.0
2026-06-05 17:00:00,33.0,65,997.1,8.5,187,0.0
2026-06-05 18:00:00,32.8,66,997.2,6.5,186,0.0
2026-06-05 19:00:00,32.3,68,997.2,4.1,203,0.0
2026-06-05 20:00:00,32.3,65,997.2,6.6,249,0.0
2026-06-05 21:00:00,32.0,61,997.1,10.0,261,0.0
2026-06-05 22:00:00,31.3,64,997.3,9.2,270,0.0
2026-06-05 23:00:00,30.8,67,997.5,9.2,264,0.0
2026-06-06 00:00:00,31.0,68,997.7,10.2,257,0.0
2026-06-06 01:00:00,30.8,68,998.4,10.2,257,0.0
2026-06-06 02:00:00,31.4,64,999.2,9.7,251,0.0
2026-06-06 03:00:00,32.5,58,999.7,7.8,247,0.0
2026-06-06 04:00:00,33.9,53,999.8,7.3,232,0.0
2026-06-06 05:00:00,35.5,48,999.5,7.6,216,0.0
2026-06-06 06:00:00,37.4,42,999.4,10.8,198,0.0
2026-06-06 07:00:00,38.5,38,998.9,10.6,199,0.0
2026-06-06 08:00:00,39.3,35,997.9,10.9,200,0.0
2026-06-06 09:00:00,40.0,33,996.8,10.6,206,0.0
2026-06-06 10:00:00,40.3,32,996.2,10.3,216,0.0
2026-06-06 11:00:00,40.5,31,995.8,9.4,225,0.0
2026-06-06 12:00:00,40.0,29,995.0,10.7,211,0.1
2026-06-06 13:00:00,39.0,36,995.2,12.2,206,0.0
2026-06-06 14:00:00,36.4,48,995.8,14.8,196,0.0
2026-06-06 15:00:00,34.7,54,996.7,12.7,187,0.0
2026-06-06 16:00:00,33.7,60,997.9,11.8,187,0.0
2026-06-06 17:00:00,33.3,63,998.9,7.0,224,0.0
2026-06-06 18:00:00,32.9,66,998.9,4.5,196,0.0
2026-06-06 19:00:00,33.1,58,998.4,10.1,275,0.0
2026-06-06 20:00:00,32.2,59,998.7,12.1,271,0.0
2026-06-06 21:00:00,31.4,64,998.9,10.3,272,0.0
2026-06-06 22:00:00,31.0,67,999.2,7.6,295,0.0
2026-06-06 23:00:00,30.7,68,999.5,6.3,290,0.0
2026-06-07 00:00:00,31.0,69,999.1,5.8,284,0.0
2026-06-07 01:00:00,30.9,69,999.7,6.0,280,0.0
2026-06-07 02:00:00,31.5,67,1000.2,7.5,250,0.0
2026-06-07 03:00:00,32.6,61,1000.5,8.9,246,0.0
2026-06-07 04:00:00,33.9,53,1000.7,8.7,238,0.0
2026-06-07 05:00:00,35.3,47,1000.4,8.8,224,0.0
2026-06-07 06:00:00,36.7,44,1000.0,10.9,218,0.0
2026-06-07 07:00:00,37.9,40,999.5,11.3,223,0.0
2026-06-07 08:00:00,38.9,37,998.6,11.3,227,0.0
2026-06-07 09:00:00,39.7,35,997.4,10.6,230,0.0
2026-06-07 10:00:00,40.4,32,996.6,10.8,233,0.0
2026-06-07 11:00:00,40.6,31,996.0,10.3,241,0.0
2026-06-07 12:00:00,41.4,28,995.5,10.0,257,0.0
2026-06-07 13:00:00,38.6,38,995.7,16.2,207,0.0
2026-06-07 14:00:00,35.4,51,996.5,14.6,189,0.0
2026-06-07 15:00:00,33.9,57,997.3,13.6,195,0.0
2026-06-07 16:00:00,33.1,62,998.3,10.2,208,0.0
2026-06-07 17:00:00,32.9,64,998.8,8.8,211,0.0
2026-06-07 18:00:00,32.7,66,998.7,6.8,207,0.0
2026-06-07 19:00:00,32.9,63,998.5,8.8,266,0.0
2026-06-07 20:00:00,32.2,60,998.1,13.9,266,0.0
2026-06-07 21:00:00,30.9,69,997.7,12.6,261,0.0
2026-06-07 22:00:00,30.7,71,998.1,12.2,262,0.0
2026-06-07 23:00:00,30.4,72,998.5,11.4,264,0.0
2026-06-08 00:00:00,30.9,69,998.4,9.2,268,0.0
2026-06-08 01:00:00,30.8,69,998.7,8.7,262,0.0
2026-06-08 02:00:00,31.5,65,999.3,8.8,251,0.0
2026-06-08 03:00:00,32.7,59,999.7,9.7,241,0.0
2026-06-08 04:00:00,34.5,52,999.7,10.9,231,0.0
2026-06-08 05:00:00,35.7,47,999.2,10.9,220,0.0
2026-06-08 06:00:00,37.0,44,998.9,12.2,218,0.0
2026-06-08 07:00:00,38.3,40,998.0,12.9,221,0.0
2026-06-08 08:00:00,39.4,38,997.0,12.9,226,0.0
2026-06-08 09:00:00,40.4,34,995.8,12.0,234,0.0
2026-06-08 10:00:00,41.1,31,995.2,10.9,248,0.0
2026-06-08 11:00:00,41.5,28,994.5,11.4,247,0.0
2026-06-08 12:00:00,39.7,34,994.5,16.1,204,0.0
2026-06-08 13:00:00,37.8,43,994.9,16.3,197,0.0
2026-06-08 14:00:00,35.3,54,995.6,15.4,190,0.0
2026-06-08 15:00:00,33.8,60,996.3,16.2,178,0.0
2026-06-08 16:00:00,32.8,65,997.2,10.7,187,0.0
2026-06-08 17:00:00,32.4,68,998.0,6.8,238,0.0
2026-06-08 18:00:00,32.5,70,998.0,4.2,250,0.0
2026-06-08 19:00:00,32.8,61,997.9,10.6,271,0.0
2026-06-08 20:00:00,31.9,62,997.7,11.0,269,0.0
2026-06-08 21:00:00,31.4,65,997.6,9.8,262,0.0
2026-06-08 22:00:00,31.0,67,997.5,10.6,259,0.0
2026-06-08 23:00:00,30.7,68,997.7,8.7,256,0.0
2026-06-09 00:00:00,30.7,66,997.7,8.9,232,0.0
2026-06-09 01:00:00,30.6,65,998.2,9.2,227,0.0
2026-06-09 02:00:00,31.3,63,998.6,11.5,241,0.0
2026-06-09 03:00:00,32.4,58,999.0,10.4,240,0.0
2026-06-09 04:00:00,33.9,52,998.9,9.8,232,0.0
2026-06-09 05:00:00,35.3,47,998.6,9.4,228,0.0
2026-06-09 06:00:00,36.9,42,998.2,11.9,215,0.0
2026-06-09 07:00:00,37.7,41,997.4,12.0,221,0.0
2026-06-09 08:00:00,39.1,37,996.2,11.7,227,0.0
2026-06-09 09:00:00,39.9,34,995.2,12.7,235,0.0
2026-06-09 10:00:00,41.0,29,994.4,10.8,249,0.0
2026-06-09 11:00:00,41.3,27,993.8,12.0,231,0.0
2026-06-09 12:00:00,39.1,37,993.9,15.8,199,0.1
2026-06-09 13:00:00,37.3,44,994.4,17.0,193,0.0
2026-06-09 14:00:00,35.2,51,995.0,16.9,187,0.0
2026-06-09 15:00:00,34.1,55,995.7,12.1,177,0.0
2026-06-09 16:00:00,33.5,60,996.8,8.5,209,0.0
2026-06-09 17:00:00,34.0,55,997.4,10.0,278,0.0
2026-06-09 18:00:00,33.8,52,997.4,9.6,287,0.0
2026-06-09 19:00:00,33.3,55,997.3,11.0,260,0.0
2026-06-09 20:00:00,32.5,62,997.0,12.6,253,0.0
2026-06-09 21:00:00,32.0,64,996.7,9.4,241,0.0
2026-06-09 22:00:00,31.8,62,996.8,12.2,226,0.0
2026-06-09 23:00:00,31.3,64,997.5,12.9,242,0.0
2026-06-10 00:00:00,30.7,67,997.7,12.0,234,0.0
2026-06-10 01:00:00,30.6,68,998.2,12.4,237,0.0
2026-06-10 02:00:00,31.3,64,998.8,12.4,240,0.0
2026-06-10 03:00:00,32.4,58,999.4,11.6,237,0.0
2026-06-10 04:00:00,33.9,50,999.0,11.7,233,0.0
2026-06-10 05:00:00,35.5,44,998.5,11.8,232,0.0
2026-06-10 06:00:00,36.7,42,998.3,12.3,240,0.0
2026-06-10 07:00:00,38.1,39,997.6,10.2,240,0.0
2026-06-10 08:00:00,39.3,35,996.5,10.0,237,0.0
2026-06-10 09:00:00,40.4,33,995.1,10.5,241,0.0
2026-06-10 10:00:00,41.2,32,994.5,12.1,232,0.0
2026-06-10 11:00:00,41.5,29,993.8,13.7,248,0.0
2026-06-10 12:00:00,40.6,35,993.6,15.8,212,0.0
2026-06-10 13:00:00,36.9,48,994.5,19.2,192,0.0
2026-06-10 14:00:00,35.0,54,994.7,17.7,185,0.0
2026-06-10 15:00:00,33.8,58,995.2,15.5,179,0.0
2026-06-10 16:00:00,32.8,62,996.0,12.2,178,0.0
2026-06-10 17:00:00,32.5,65,996.9,6.2,232,0.0
2026-06-10 18:00:00,32.6,66,997.1,3.9,242,0.0
2026-06-10 19:00:00,32.7,64,996.9,8.7,249,0.0
2026-06-10 20:00:00,32.7,60,996.5,13.5,245,0.0
2026-06-10 21:00:00,31.8,59,996.3,15.7,234,0.0
2026-06-10 22:00:00,30.9,63,996.3,13.8,242,0.0
2026-06-10 23:00:00,30.4,66,996.4,12.7,238,0.0
2026-06-11 00:00:00,30.3,69,996.1,13.3,232,0.0
2026-06-11 01:00:00,30.2,69,996.7,13.3,229,0.0
2026-06-11 02:00:00,30.8,66,997.2,13.5,229,0.0
2026-06-11 03:00:00,31.9,61,997.6,13.1,222,0.0
2026-06-11 04:00:00,33.9,52,997.9,13.5,228,0.0
2026-06-11 05:00:00,35.3,47,997.7,12.9,230,0.0
2026-06-11 06:00:00,37.1,42,997.1,12.2,225,0.0
2026-06-11 07:00:00,38.6,39,996.2,12.6,224,0.0
2026-06-11 08:00:00,39.9,36,995.4,13.6,227,0.0
2026-06-11 09:00:00,40.9,33,994.2,14.5,229,0.0
2026-06-11 10:00:00,41.6,32,993.6,15.2,236,0.0
2026-06-11 11:00:00,41.2,34,993.1,16.5,214,0.0
2026-06-11 12:00:00,39.1,43,993.1,17.1,192,0.0
2026-06-11 13:00:00,35.7,54,993.7,18.0,187,0.0
2026-06-11 14:00:00,34.9,57,994.0,17.1,182,0.0
2026-06-11 15:00:00,33.4,63,994.7,16.0,181,0.0
2026-06-11 16:00:00,32.3,68,995.8,14.1,176,0.0
2026-06-11 17:00:00,31.7,73,995.6,14.7,173,0.0
2026-06-11 18:00:00,31.5,75,995.5,10.5,172,0.0
2026-06-11 19:00:00,31.4,76,995.5,8.3,182,0.0
2026-06-11 20:00:00,31.8,71,995.6,9.8,204,0.0
2026-06-11 21:00:00,32.1,58,995.9,14.2,229,0.0
2026-06-11 22:00:00,31.4,61,996.4,14.9,223,0.0
2026-06-11 23:00:00,30.7,64,996.6,13.9,224,0.0
2026-06-12 00:00:00,30.1,69,996.6,12.4,210,0.0
2026-06-12 01:00:00,29.8,72,997.3,15.2,216,0.0
2026-06-12 02:00:00,30.5,69,997.9,14.6,218,0.0
2026-06-12 03:00:00,31.8,63,998.4,14.1,222,0.0
2026-06-12 04:00:00,33.2,57,998.6,13.9,228,0.0
2026-06-12 05:00:00,34.9,51,998.6,13.9,231,0.0
2026-06-12 06:00:00,36.5,46,998.3,14.4,228,0.0
2026-06-12 07:00:00,38.2,40,997.7,14.2,229,0.0
2026-06-12 08:00:00,39.9,35,997.0,13.7,231,0.0
2026-06-12 09:00:00,40.9,32,995.9,14.1,232,0.0
2026-06-12 10:00:00,41.6,30,995.3,14.1,245,0.0
2026-06-12 11:00:00,42.1,27,994.5,15.7,248,0.0
2026-06-12 12:00:00,38.8,41,994.7,17.7,193,0.0
2026-06-12 13:00:00,37.4,46,994.8,18.7,181,0.0
2026-06-12 14:00:00,34.3,57,995.4,17.8,173,0.0
2026-06-12 15:00:00,33.0,63,996.4,13.8,173,0.0
2026-06-12 16:00:00,32.4,66,997.4,10.2,172,0.0
2026-06-12 17:00:00,32.0,70,998.2,9.9,180,0.0
2026-06-12 18:00:00,31.6,73,998.2,10.1,180,0.0
2026-06-12 19:00:00,31.7,72,998.3,5.8,202,0.0
2026-06-12 20:00:00,32.4,62,998.2,13.2,238,0.0
2026-06-12 21:00:00,31.0,63,998.1,15.1,232,0.0
2026-06-12 22:00:00,30.2,65,998.7,13.3,237,0.0
2026-06-12 23:00:00,29.8,67,999.3,11.8,243,0.0
2026-06-13 00:00:00,29.8,69,999.3,10.0,242,0.0
2026-06-13 01:00:00,29.7,70,1000.1,8.2,230,0.0
2026-06-13 02:00:00,30.6,66,1000.5,9.8,227,0.0
2026-06-13 03:00:00,32.0,60,1000.7,11.1,230,0.0
2026-06-13 04:00:00,33.4,53,1001.0,11.2,232,0.0
2026-06-13 05:00:00,35.1,47,1000.9,10.2,238,0.0
2026-06-13 06:00:00,37.0,40,1000.6,10.2,246,0.0
2026-06-13 07:00:00,37.9,37,999.9,11.4,247,0.0
2026-06-13 08:00:00,39.0,34,998.9,11.0,249,0.0
2026-06-13 09:00:00,40.0,31,997.9,12.3,245,0.0
2026-06-13 10:00:00,40.1,31,997.0,14.3,239,0.1
2026-06-13 11:00:00,40.4,30,996.1,12.5,243,0.0
2026-06-13 12:00:00,40.3,29,996.1,16.6,239,0.0
2026-06-13 13:00:00,39.5,28,996.2,17.8,254,0.0
2026-06-13 14:00:00,37.1,37,997.3,13.5,223,0.0
2026-06-13 15:00:00,34.6,54,998.0,11.4,199,0.0
2026-06-13 16:00:00,33.2,64,998.8,8.8,191,0.0
2026-06-13 17:00:00,33.7,56,999.4,8.1,233,0.0
2026-06-13 18:00:00,34.0,45,999.4,11.9,260,0.0
2026-06-13 19:00:00,32.7,51,999.6,14.5,259,0.0
2026-06-13 20:00:00,31.4,57,999.4,14.3,259,0.0
2026-06-13 21:00:00,30.5,65,999.4,13.7,260,0.0
2026-06-13 22:00:00,29.9,70,999.7,13.2,263,0.0
2026-06-13 23:00:00,29.7,70,999.8,14.5,264,0.0
2026-06-14 00:00:00,29.5,72,999.8,14.2,269,0.0
2026-06-14 01:00:00,29.6,70,1000.7,12.6,268,0.0
2026-06-14 02:00:00,30.4,65,1001.2,12.7,264,0.0
2026-06-14 03:00:00,31.5,59,1001.5,10.4,261,0.0
2026-06-14 04:00:00,33.1,52,1001.9,9.6,256,0.0
2026-06-14 05:00:00,34.3,47,1001.6,10.4,252,0.0
2026-06-14 06:00:00,36.2,41,1001.0,9.8,242,0.0
2026-06-14 07:00:00,37.5,37,1000.3,12.0,256,0.0
2026-06-14 08:00:00,37.6,35,999.6,13.3,257,0.2
2026-06-14 09:00:00,38.4,34,998.6,12.8,256,0.3
2026-06-14 10:00:00,39.2,32,997.2,13.1,263,0.1
2026-06-14 11:00:00,39.7,27,996.3,15.9,280,0.0
2026-06-14 12:00:00,38.9,25,996.2,17.3,253,0.0
2026-06-14 13:00:00,37.8,31,996.5,15.9,276,0.0
2026-06-14 14:00:00,37.0,35,997.1,14.4,270,0.0
2026-06-14 15:00:00,35.7,41,997.7,15.7,281,0.0
2026-06-14 16:00:00,33.9,50,998.9,17.5,282,0.0
2026-06-14 17:00:00,32.4,56,999.6,19.0,277,0.0
2026-06-14 18:00:00,31.7,58,999.4,18.8,273,0.0
2026-06-14 19:00:00,31.3,59,999.2,16.4,269,0.0
2026-06-14 20:00:00,30.8,64,999.3,16.0,262,0.0
2026-06-14 21:00:00,30.3,67,999.1,15.8,258,0.0
2026-06-14 22:00:00,29.9,70,999.2,13.3,261,0.0
2026-06-14 23:00:00,29.7,71,999.5,9.9,265,0.0
2026-06-15 00:00:00,29.8,70,999.5,9.2,254,0.0
2026-06-15 01:00:00,30.3,66,1000.0,11.5,253,0.0
2026-06-15 02:00:00,31.1,60,1000.5,14.8,254,0.0
2026-06-15 03:00:00,31.7,56,1000.6,15.4,247,0.0
2026-06-15 04:00:00,33.4,49,1000.8,15.5,243,0.0
2026-06-15 05:00:00,35.0,42,1000.8,15.5,250,0.0
2026-06-15 06:00:00,34.6,47,1000.6,15.6,241,0.0
2026-06-15 07:00:00,35.6,44,999.9,14.2,246,0.0
2026-06-15 08:00:00,37.5,38,999.0,13.5,249,0.0
2026-06-15 09:00:00,38.6,35,998.2,13.3,251,0.0
2026-06-15 10:00:00,39.0,34,997.3,13.4,255,0.0
2026-06-15 11:00:00,39.1,33,996.3,14.8,269,0.0
2026-06-15 12:00:00,39.6,30,996.0,14.4,252,0.0
2026-06-15 13:00:00,39.1,30,996.2,14.9,255,0.0
2026-06-15 14:00:00,36.3,37,997.4,10.2,234,0.1
2026-06-15 15:00:00,34.8,46,998.4,10.0,218,0.2
2026-06-15 16:00:00,34.1,47,999.5,9.9,261,0.0
2026-06-15 17:00:00,33.1,47,1000.3,12.4,278,0.0
2026-06-15 18:00:00,32.4,53,1000.1,11.4,275,0.0
2026-06-15 19:00:00,31.9,56,999.9,13.2,268,0.0
2026-06-15 20:00:00,31.1,61,999.7,13.2,264,0.0
2026-06-15 21:00:00,30.5,64,999.3,12.5,259,0.0
2026-06-15 22:00:00,30.2,65,999.0,11.6,249,0.0
2026-06-15 23:00:00,29.9,66,999.1,11.8,241,0.0
2026-06-16 00:00:00,30.0,65,999.0,10.0,236,0.0
2026-06-16 01:00:00,29.9,64,1000.1,8.4,233,0.0
2026-06-16 02:00:00,30.6,60,1000.7,10.5,229,0.0
2026-06-16 03:00:00,32.0,54,1001.1,11.1,231,0.0
2026-06-16 04:00:00,33.2,49,1001.5,11.2,232,0.0
2026-06-16 05:00:00,34.1,46,1001.5,11.6,233,0.0
2026-06-16 06:00:00,35.5,42,1000.7,12.7,232,0.0
2026-06-16 07:00:00,36.1,40,1000.4,12.4,240,0.0
2026-06-16 08:00:00,36.9,38,999.8,11.8,234,0.0
2026-06-16 09:00:00,38.3,34,998.8,10.4,236,0.0
2026-06-16 10:00:00,39.0,33,998.0,11.1,231,0.0
2026-06-16 11:00:00,38.4,35,997.3,11.5,241,0.0
2026-06-16 12:00:00,38.6,31,996.6,14.5,229,0.0
2026-06-16 13:00:00,38.2,32,996.9,14.9,225,0.0
2026-06-16 14:00:00,35.2,47,997.4,18.3,190,0.0
2026-06-16 15:00:00,33.1,55,998.7,13.4,197,0.0
2026-06-16 16:00:00,32.6,61,999.8,10.2,189,0.0
2026-06-16 17:00:00,32.3,63,1000.6,6.9,210,0.0
2026-06-16 18:00:00,32.5,62,1000.7,3.0,343,0.0
2026-06-16 19:00:00,32.7,54,1000.4,10.4,278,0.0
2026-06-16 20:00:00,31.8,57,1000.3,14.9,269,0.0
2026-06-16 21:00:00,30.8,63,1000.2,11.2,264,0.0
2026-06-16 22:00:00,30.4,66,999.7,9.4,262,0.0
2026-06-16 23:00:00,30.4,66,999.8,9.2,254,0.0
2026-06-17 00:00:00,30.6,65,1000.4,7.6,245,0.0
2026-06-17 01:00:00,30.1,68,1000.7,9.3,236,0.0
2026-06-17 02:00:00,30.6,66,1001.4,10.4,236,0.0
2026-06-17 03:00:00,31.8,62,1001.6,11.6,233,0.0
2026-06-17 04:00:00,33.0,56,1001.8,11.8,230,0.0
2026-06-17 05:00:00,33.1,56,1002.3,12.4,234,0.1
2026-06-17 06:00:00,35.5,44,1001.6,11.7,233,0.1
2026-06-17 07:00:00,36.8,39,1000.9,12.0,231,0.0
2026-06-17 08:00:00,37.9,35,1000.2,11.1,233,0.0
2026-06-17 09:00:00,38.7,32,998.7,11.3,250,0.0
2026-06-17 10:00:00,39.1,30,998.1,11.7,253,0.0
2026-06-17 11:00:00,39.1,30,997.4,12.7,263,0.0
2026-06-17 12:00:00,35.0,46,997.3,14.5,192,0.4
2026-06-17 13:00:00,34.8,48,997.5,12.6,200,0.0
2026-06-17 14:00:00,33.5,54,998.2,13.4,208,0.1
2026-06-17 15:00:00,31.5,65,999.2,3.5,195,1.4
2026-06-17 16:00:00,30.7,72,999.7,5.9,235,0.4
2026-06-17 17:00:00,27.1,88,1000.8,13.8,117,1.6
2026-06-17 18:00:00,29.1,69,1001.2,2.8,11,1.3
2026-06-17 19:00:00,29.0,75,1000.7,7.1,223,0.1
2026-06-17 20:00:00,28.8,73,1000.8,6.4,202,0.0
2026-06-17 21:00:00,27.0,83,1000.6,8.3,124,0.0
2026-06-17 22:00:00,25.8,88,1000.6,11.3,209,0.0
2026-06-17 23:00:00,26.2,87,1000.6,5.1,188,0.0
2026-06-18 00:00:00,24.3,98,1001.3,11.9,100,0.0
2026-06-18 01:00:00,24.9,97,1001.2,5.5,144,1.3
2026-06-18 02:00:00,26.1,92,1002.1,6.3,143,0.4
2026-06-18 03:00:00,28.1,81,1002.1,6.7,174,0.0
2026-06-18 04:00:00,30.3,71,1002.1,6.2,197,0.0
2026-06-18 05:00:00,32.3,62,1001.9,6.7,224,0.0
2026-06-18 06:00:00,33.3,55,1001.6,9.8,224,0.0
2026-06-18 07:00:00,33.9,52,1001.0,8.4,227,0.1
2026-06-18 08:00:00,34.8,46,999.9,7.0,222,0.2
2026-06-18 09:00:00,36.0,42,998.6,7.7,231,0.0
2026-06-18 10:00:00,36.0,41,997.9,8.6,237,0.1
2026-06-18 11:00:00,35.8,41,997.3,9.6,232,0.1
2026-06-18 12:00:00,36.8,37,996.9,5.4,214,0.2
2026-06-18 13:00:00,30.8,64,997.8,13.5,189,0.6
2026-06-18 14:00:00,30.3,76,997.8,9.6,154,0.3
2026-06-18 15:00:00,30.6,70,998.6,11.9,175,0.0
2026-06-18 16:00:00,30.3,71,999.5,8.3,182,0.0
2026-06-18 17:00:00,30.0,72,999.9,7.3,190,0.0
2026-06-18 18:00:00,29.6,71,999.9,7.3,230,0.0
2026-06-18 19:00:00,29.2,74,999.8,7.1,240,0.0
2026-06-18 20:00:00,28.8,75,999.6,10.7,293,0.0
2026-06-18 21:00:00,27.6,79,999.3,7.7,298,0.1
2026-06-18 22:00:00,27.7,81,999.2,8.0,250,0.1
2026-06-18 23:00:00,27.7,84,999.1,7.3,240,0.0
2026-06-19 00:00:00,27.5,85,999.6,4.5,196,4.0
2026-06-19 01:00:00,27.1,88,1000.3,1.6,180,1.3
2026-06-19 02:00:00,24.5,96,1001.4,14.4,114,5.3
2026-06-19 03:00:00,24.5,95,1001.6,2.9,112,0.5
2026-06-19 04:00:00,27.5,82,1001.8,4.8,158,0.0
2026-06-19 05:00:00,31.0,67,1001.6,5.4,154,0.0
2026-06-19 06:00:00,33.9,48,1001.1,8.7,228,0.1
2026-06-19 07:00:00,34.9,45,1000.5,9.9,235,0.0
2026-06-19 08:00:00,35.6,43,999.8,9.9,233,0.0
2026-06-19 09:00:00,36.3,41,999.1,9.5,241,0.0
2026-06-19 10:00:00,36.5,41,998.2,8.2,244,0.0
2026-06-19 11:00:00,33.8,51,998.1,15.0,194,0.1
2026-06-19 12:00:00,35.4,40,998.0,15.8,173,0.2
2026-06-19 13:00:00,35.4,39,998.2,15.2,196,0.0
2026-06-19 14:00:00,32.7,54,998.6,14.1,191,0.0
2026-06-19 15:00:00,32.8,56,999.3,14.6,171,0.0
2026-06-19 16:00:00,32.5,56,1000.3,11.1,192,0.0
2026-06-19 17:00:00,32.6,53,1001.0,10.1,207,0.0
2026-06-19 18:00:00,32.5,50,1000.9,9.5,224,0.0
2026-06-19 19:00:00,32.2,50,1000.4,9.3,246,0.0
2026-06-19 20:00:00,31.8,53,1000.2,12.6,272,0.0
2026-06-19 21:00:00,31.0,57,999.8,12.3,267,0.0
2026-06-19 22:00:00,30.3,62,999.8,10.5,262,0.0
2026-06-19 23:00:00,30.0,65,1000.1,8.9,261,0.0
2026-06-20 00:00:00,29.8,69,1000.3,7.4,256,0.0
2026-06-20 01:00:00,29.8,69,1001.1,8.7,243,0.0
2026-06-20 02:00:00,30.3,65,1001.5,10.6,252,0.0
2026-06-20 03:00:00,31.5,61,1001.7,10.7,262,0.0
2026-06-20 04:00:00,32.9,54,1002.1,8.7,256,0.0
2026-06-20 05:00:00,34.6,45,1002.1,8.1,249,0.0
2026-06-20 06:00:00,36.0,40,1001.6,9.0,254,0.0
2026-06-20 07:00:00,37.3,36,1000.9,8.8,250,0.0
2026-06-20 08:00:00,38.4,34,1000.4,8.6,247,0.0
2026-06-20 09:00:00,39.1,32,999.4,9.0,244,0.0
2026-06-20 10:00:00,38.8,32,998.7,9.8,247,0.0
2026-06-20 11:00:00,37.9,35,998.2,11.7,229,0.0
2026-06-20 12:00:00,36.3,39,998.0,9.5,190,1.2
2026-06-20 13:00:00,36.7,36,998.2,11.8,208,0.0
2026-06-20 14:00:00,34.6,46,998.9,14.8,196,0.0
2026-06-20 15:00:00,34.3,48,999.4,12.0,189,0.0
2026-06-20 16:00:00,33.9,48,1000.0,10.4,195,0.0
2026-06-20 17:00:00,33.5,49,1000.7,9.7,191,0.0
2026-06-20 18:00:00,33.7,47,1000.5,8.9,251,0.0
2026-06-20 19:00:00,33.0,46,1000.5,13.9,280,0.0
2026-06-20 20:00:00,31.7,53,1000.4,13.9,271,0.0
2026-06-20 21:00:00,31.3,58,1000.0,11.2,269,0.0
2026-06-20 22:00:00,30.9,62,999.9,12.6,259,0.0
2026-06-20 23:00:00,30.5,64,999.9,12.1,253,0.0
2026-06-21 00:00:00,30.2,67,1000.0,10.7,254,0.0
2026-06-21 01:00:00,30.0,67,1000.7,10.4,260,0.0
2026-06-21 02:00:00,30.6,63,1001.3,11.2,265,0.0
2026-06-21 03:00:00,31.7,56,1001.5,10.9,263,0.0
2026-06-21 04:00:00,33.1,50,1001.6,10.9,264,0.0
2026-06-21 05:00:00,34.5,45,1001.1,10.4,260,0.0
2026-06-21 06:00:00,35.6,42,1000.0,9.8,253,0.0
2026-06-21 07:00:00,36.9,39,999.2,10.4,247,0.0
2026-06-21 08:00:00,38.0,36,998.4,10.4,242,0.0
2026-06-21 09:00:00,38.7,34,997.4,9.8,235,0.0
2026-06-21 10:00:00,39.2,33,996.7,10.1,237,0.0
2026-06-21 11:00:00,39.0,33,996.1,10.0,242,0.0
2026-06-21 12:00:00,39.6,27,995.6,11.0,242,0.0
2026-06-21 13:00:00,36.4,40,995.7,15.2,190,0.0
2026-06-21 14:00:00,35.5,45,996.3,14.8,189,0.0
2026-06-21 15:00:00,33.1,54,997.3,12.9,193,0.0
2026-06-21 16:00:00,32.7,60,998.2,10.5,193,0.0
2026-06-21 17:00:00,32.3,63,998.8,10.7,189,0.0
2026-06-21 18:00:00,32.5,62,998.5,10.3,193,0.0
2026-06-21 19:00:00,32.8,52,998.2,10.2,253,0.0
2026-06-21 20:00:00,32.5,49,998.4,12.6,268,0.0
2026-06-21 21:00:00,31.5,56,998.3,12.9,263,0.0
2026-06-21 22:00:00,30.7,63,998.5,12.5,262,0.0
2026-06-21 23:00:00,30.1,67,998.6,10.7,265,0.0
2026-06-22 00:00:00,30.1,67,998.8,7.9,269,0.0
2026-06-22 01:00:00,30.1,68,999.3,7.4,266,0.0
2026-06-22 02:00:00,30.8,63,1000.0,10.3,259,0.0
2026-06-22 03:00:00,31.9,57,1000.3,10.5,267,0.0
2026-06-22 04:00:00,33.2,52,1000.5,9.4,267,0.0
2026-06-22 05:00:00,34.6,47,1000.0,8.0,250,0.0
2026-06-22 06:00:00,35.6,45,999.8,8.0,239,0.0
2026-06-22 07:00:00,36.9,41,999.0,7.8,226,0.0
2026-06-22 08:00:00,38.2,36,998.0,8.1,217,0.0
2026-06-22 09:00:00,39.0,33,996.9,8.7,218,0.0
2026-06-22 10:00:00,38.3,32,996.3,12.5,192,0.0
2026-06-22 11:00:00,35.6,43,996.0,15.7,183,0.3
2026-06-22 12:00:00,38.0,31,995.2,13.3,182,0.1
2026-06-22 13:00:00,36.7,36,995.6,12.5,172,0.3
2026-06-22 14:00:00,34.3,50,996.6,15.7,193,0.0
2026-06-22 15:00:00,32.6,61,997.5,14.4,190,0.0
2026-06-22 16:00:00,31.6,67,998.2,13.5,189,0.0
2026-06-22 17:00:00,31.2,69,998.4,12.9,195,0.0
2026-06-22 18:00:00,31.4,60,998.4,11.9,203,0.0
2026-06-22 19:00:00,31.0,60,998.0,10.5,207,0.0
2026-06-22 20:00:00,30.8,62,998.0,6.5,210,0.0
2026-06-22 21:00:00,30.9,61,997.9,3.1,239,0.0
2026-06-22 22:00:00,30.9,60,997.6,7.6,265,0.0
2026-06-22 23:00:00,30.4,66,997.4,9.0,270,0.0
2026-06-23 00:00:00,26.5,80,997.8,11.7,205,0.0
2026-06-23 01:00:00,24.4,89,998.2,8.9,302,1.5
2026-06-23 02:00:00,27.0,79,998.5,4.7,230,0.2
2026-06-23 03:00:00,29.5,72,998.9,5.4,249,0.0
2026-06-23 04:00:00,31.4,65,998.9,8.1,257,0.1
2026-06-23 05:00:00,32.9,57,998.8,8.5,258,0.1
2026-06-23 06:00:00,34.2,54,998.1,8.3,268,0.0
2026-06-23 07:00:00,35.2,49,997.2,8.1,257,0.1
2026-06-23 08:00:00,36.3,45,996.5,8.3,246,0.0
2026-06-23 09:00:00,37.1,40,995.3,8.2,247,0.0
2026-06-23 10:00:00,38.0,35,994.5,7.5,262,0.0
2026-06-23 11:00:00,38.4,32,993.8,7.8,251,0.0
2026-06-23 12:00:00,38.8,29,993.6,10.3,257,0.0
2026-06-23 13:00:00,38.0,30,993.9,12.2,250,0.0
2026-06-23 14:00:00,36.9,33,995.1,12.4,214,0.0
2026-06-23 15:00:00,33.6,57,995.7,16.8,186,0.0
2026-06-23 16:00:00,32.5,64,996.3,14.4,184,0.0
2026-06-23 17:00:00,31.8,67,996.9,13.6,191,0.0
2026-06-23 18:00:00,32.3,62,996.5,10.4,201,0.0
2026-06-23 19:00:00,32.4,55,996.2,9.9,248,0.0
2026-06-23 20:00:00,31.9,51,996.1,13.0,266,0.0
2026-06-23 21:00:00,30.8,59,996.2,12.6,271,0.0
2026-06-23 22:00:00,30.1,67,996.1,13.6,278,0.0
2026-06-23 23:00:00,29.7,71,996.5,11.8,276,0.0
2026-06-24 00:00:00,29.8,71,996.3,10.2,278,0.0
2026-06-24 01:00:00,29.8,72,997.1,11.2,281,0.0
2026-06-24 02:00:00,30.4,68,997.7,13.5,283,0.0
2026-06-24 03:00:00,31.6,63,998.2,13.9,287,0.1
2026-06-24 04:00:00,33.3,55,998.3,12.7,283,0.0
2026-06-24 05:00:00,35.0,48,998.1,12.1,273,0.0
2026-06-24 06:00:00,36.5,42,997.5,10.8,274,0.0
2026-06-24 07:00:00,37.6,37,996.8,10.3,263,0.0
2026-06-24 08:00:00,38.2,34,996.0,11.3,257,0.0
2026-06-24 09:00:00,38.5,34,995.1,12.5,259,0.0
2026-06-24 10:00:00,38.6,34,994.4,11.9,267,0.0
2026-06-24 11:00:00,38.6,34,993.8,12.4,256,0.0
2026-06-24 12:00:00,39.0,31,993.1,12.3,262,0.0
2026-06-24 13:00:00,37.8,33,993.4,13.0,223,0.0
2026-06-24 14:00:00,33.9,54,994.6,16.3,191,0.1
2026-06-24 15:00:00,32.1,63,995.7,14.8,190,0.0
2026-06-24 16:00:00,31.4,70,996.8,10.7,189,0.0
2026-06-24 17:00:00,31.5,70,997.4,10.2,188,0.0
2026-06-24 18:00:00,31.9,69,997.6,8.1,197,0.0
2026-06-24 19:00:00,32.5,44,997.7,14.1,259,0.0
2026-06-24 20:00:00,31.4,50,997.3,13.5,256,0.0
2026-06-24 21:00:00,30.6,59,997.0,15.2,260,0.0
2026-06-24 22:00:00,30.2,64,997.0,13.2,263,0.0
2026-06-24 23:00:00,30.0,66,997.6,11.0,259,0.0
2026-06-25 00:00:00,29.8,69,997.4,11.3,263,0.0
2026-06-25 01:00:00,29.8,69,998.1,10.9,257,0.0
2026-06-25 02:00:00,30.6,63,998.8,12.0,263,0.0
2026-06-25 03:00:00,31.7,58,999.1,11.7,268,0.0
2026-06-25 04:00:00,33.2,52,999.4,11.7,266,0.0
2026-06-25 05:00:00,34.6,45,999.1,10.0,255,0.0
2026-06-25 06:00:00,35.7,40,998.8,10.3,275,0.0
2026-06-25 07:00:00,36.5,39,998.2,9.2,271,0.3
2026-06-25 08:00:00,37.3,36,997.5,9.3,260,0.0
2026-06-25 09:00:00,38.2,34,996.5,10.8,255,0.0
2026-06-25 10:00:00,38.6,33,995.6,12.4,262,0.0
2026-06-25 11:00:00,38.1,35,995.0,11.4,259,0.0
2026-06-25 12:00:00,38.7,33,994.7,10.2,260,0.0
2026-06-25 13:00:00,38.0,33,995.0,10.5,254,0.0
2026-06-25 14:00:00,36.6,36,996.0,11.8,231,0.0
2026-06-25 15:00:00,34.7,47,996.7,12.9,201,0.1
2026-06-25 16:00:00,33.1,58,997.8,12.0,198,0.0
2026-06-25 17:00:00,32.7,60,998.3,8.2,212,0.0
2026-06-25 18:00:00,33.4,49,998.4,11.6,263,0.0
2026-06-25 19:00:00,32.5,50,998.0,12.8,270,0.0
2026-06-25 20:00:00,31.7,54,997.9,13.0,274,0.0
2026-06-25 21:00:00,31.2,58,997.9,12.6,273,0.0
2026-06-25 22:00:00,30.6,63,998.0,11.7,272,0.0
2026-06-25 23:00:00,30.1,68,998.3,11.2,269,0.0
2026-06-26 00:00:00,30.1,70,998.5,10.7,282,0.0
2026-06-26 01:00:00,30.0,71,999.2,10.3,275,0.0
2026-06-26 02:00:00,30.7,68,999.8,10.3,275,0.0
2026-06-26 03:00:00,31.9,61,1000.1,10.4,278,0.0
2026-06-26 04:00:00,33.5,53,1000.3,10.4,279,0.0
2026-06-26 05:00:00,35.1,45,1000.3,9.9,272,0.0
2026-06-26 06:00:00,36.3,40,999.9,9.5,261,0.0
2026-06-26 07:00:00,37.3,35,999.3,9.3,252,0.1
2026-06-26 08:00:00,38.4,29,998.6,9.5,245,0.0
2026-06-26 09:00:00,38.9,26,997.4,10.5,239,0.0
2026-06-26 10:00:00,39.3,24,996.5,9.7,239,0.0
2026-06-26 11:00:00,39.3,23,995.7,11.0,246,0.0
2026-06-26 12:00:00,38.9,28,995.6,8.9,249,0.0
2026-06-26 13:00:00,38.2,29,996.1,9.5,233,0.0
2026-06-26 14:00:00,38.1,29,996.6,10.7,210,0.0
2026-06-26 15:00:00,34.3,51,997.7,14.5,191,0.0
2026-06-26 16:00:00,33.8,53,998.5,9.9,183,0.0
2026-06-26 17:00:00,33.4,54,999.4,10.3,195,0.0
2026-06-26 18:00:00,33.1,57,999.1,8.0,205,0.0
2026-06-26 19:00:00,33.0,54,998.8,9.6,218,0.0
2026-06-26 20:00:00,32.9,48,998.7,12.7,262,0.0
2026-06-26 21:00:00,32.0,50,998.4,13.7,267,0.0
2026-06-26 22:00:00,31.3,55,998.1,13.5,272,0.0
2026-06-26 23:00:00,30.7,59,998.1,12.5,276,0.0
2026-06-27 00:00:00,30.3,64,998.2,10.6,280,0.0
2026-06-27 01:00:00,30.1,67,998.7,10.1,280,0.0
2026-06-27 02:00:00,30.6,66,999.4,9.8,278,0.0
2026-06-27 03:00:00,31.8,61,999.9,9.6,279,0.0
2026-06-27 04:00:00,33.4,55,1000.1,9.8,275,0.0
2026-06-27 05:00:00,35.2,47,1000.0,9.2,273,0.0
2026-06-27 06:00:00,36.6,43,999.6,7.7,270,0.0
2026-06-27 07:00:00,37.8,39,998.7,9.5,255,0.0
2026-06-27 08:00:00,38.7,36,998.0,9.6,257,0.0
2026-06-27 09:00:00,39.2,34,996.6,9.7,259,0.0
2026-06-27 10:00:00,39.5,32,995.5,8.6,262,0.0
2026-06-27 11:00:00,39.3,32,995.0,7.9,266,0.0
2026-06-27 12:00:00,39.7,30,994.5,9.5,256,0.1
2026-06-27 13:00:00,38.8,31,994.9,10.9,243,0.0
2026-06-27 14:00:00,38.2,31,995.5,11.1,243,0.0
2026-06-27 15:00:00,38.0,31,996.1,10.2,229,0.0
2026-06-27 16:00:00,35.5,44,996.9,12.6,191,0.0
2026-06-27 17:00:00,34.3,51,997.6,10.5,186,0.0
2026-06-27 18:00:00,33.8,54,997.8,11.4,215,0.0
2026-06-27 19:00:00,33.4,54,997.3,9.3,223,0.0
2026-06-27 20:00:00,33.5,47,996.9,11.2,251,0.0
2026-06-27 21:00:00,32.3,44,996.8,14.2,261,0.0
2026-06-27 22:00:00,31.6,48,996.6,12.6,270,0.0
2026-06-27 23:00:00,30.9,54,996.8,11.1,277,0.0
2026-06-28 00:00:00,29.6,64,996.6,10.0,277,0.0
2026-06-28 01:00:00,29.2,71,996.9,10.9,277,0.0
2026-06-28 02:00:00,29.7,71,997.5,10.9,277,0.0
2026-06-28 03:00:00,30.7,66,998.0,10.8,281,0.0
2026-06-28 04:00:00,32.1,59,998.6,10.4,280,0.0
2026-06-28 05:00:00,33.7,52,998.5,9.5,281,0.0
2026-06-28 06:00:00,35.3,45,998.2,8.4,280,0.0
2026-06-28 07:00:00,36.9,41,997.7,8.1,271,0.0
2026-06-28 08:00:00,37.9,39,996.6,7.8,265,0.0
2026-06-28 09:00:00,38.4,37,995.4,7.7,270,0.0
2026-06-28 10:00:00,38.8,36,994.4,8.3,272,0.0
2026-06-28 11:00:00,39.0,34,993.6,9.0,271,0.0
2026-06-28 12:00:00,38.8,34,993.4,9.8,263,0.0
2026-06-28 13:00:00,38.0,34,993.6,9.5,271,0.0
2026-06-28 14:00:00,37.7,34,994.1,7.9,246,0.0
2026-06-28 15:00:00,34.7,46,995.3,13.1,193,0.0
2026-06-28 16:00:00,33.4,55,996.2,10.8,190,0.0
2026-06-28 17:00:00,33.0,59,996.6,9.8,206,0.0
2026-06-28 18:00:00,31.6,71,996.6,7.1,187,0.0
2026-06-28 19:00:00,31.4,71,996.0,8.3,196,0.0
2026-06-28 20:00:00,31.1,72,995.7,9.5,237,0.0
2026-06-28 21:00:00,30.7,63,995.5,12.4,280,0.0
2026-06-28 22:00:00,29.8,68,995.6,12.3,277,0.0
2026-06-28 23:00:00,29.4,73,995.9,11.2,272,0.0
2026-06-29 00:00:00,30.0,68,995.7,12.0,282,0.0
2026-06-29 01:00:00,29.9,68,996.1,11.9,280,0.0
2026-06-29 02:00:00,30.4,66,997.1,10.8,275,0.0
2026-06-29 03:00:00,31.2,63,997.6,10.5,276,0.0
2026-06-29 04:00:00,32.6,56,997.7,10.3,282,0.0
2026-06-29 05:00:00,34.1,50,997.7,9.4,274,0.0
2026-06-29 06:00:00,35.6,44,997.1,10.0,264,0.0
2026-06-29 07:00:00,36.7,41,996.6,10.3,263,0.0
2026-06-29 08:00:00,37.6,39,995.9,9.4,258,0.0
2026-06-29 09:00:00,38.3,37,994.8,8.4,259,0.0
2026-06-29 10:00:00,39.1,35,993.6,7.9,267,0.0
2026-06-29 11:00:00,39.3,34,992.8,10.6,242,0.0
2026-06-29 12:00:00,38.7,34,992.7,10.5,245,0.4
2026-06-29 13:00:00,37.6,36,993.1,15.3,220,0.0
2026-06-29 14:00:00,34.1,52,994.0,15.9,196,0.0
2026-06-29 15:00:00,33.5,56,995.1,13.6,204,0.0
2026-06-29 16:00:00,32.6,62,996.0,13.2,194,0.0
2026-06-29 17:00:00,32.2,65,996.4,12.4,193,0.0
2026-06-29 18:00:00,32.2,67,996.0,8.6,196,0.0
2026-06-29 19:00:00,32.9,57,995.8,8.5,228,0.0
2026-06-29 20:00:00,32.7,51,995.8,12.5,282,0.0
2026-06-29 21:00:00,31.8,57,995.5,12.7,263,0.0
2026-06-29 22:00:00,30.8,64,995.6,14.8,267,0.0
2026-06-29 23:00:00,30.2,69,995.5,12.4,268,0.0
2026-06-30 00:00:00,30.6,65,995.6,10.1,266,0.0
2026-06-30 01:00:00,30.6,64,996.2,11.5,260,0.0
2026-06-30 02:00:00,31.0,61,996.9,12.2,262,0.0
2026-06-30 03:00:00,32.2,55,997.2,13.4,264,0.0
2026-06-30 04:00:00,33.5,50,997.5,12.2,262,0.0
2026-06-30 05:00:00,34.9,45,997.6,10.6,261,0.0
2026-06-30 06:00:00,35.8,43,996.9,10.1,254,0.0
2026-06-30 07:00:00,36.7,41,996.6,9.9,254,0.1
2026-06-30 08:00:00,37.6,38,995.8,8.9,252,0.0
2026-06-30 09:00:00,38.3,36,994.5,9.3,243,0.0
2026-06-30 10:00:00,38.9,35,993.5,9.5,245,0.0
2026-06-30 11:00:00,38.7,34,992.7,11.2,226,0.0
2026-06-30 12:00:00,35.8,45,993.1,18.6,189,0.6
2026-06-30 13:00:00,34.4,51,993.3,16.7,187,0.0
2026-06-30 14:00:00,33.2,58,994.1,14.1,194,0.0
2026-06-30 15:00:00,31.7,69,995.0,16.2,182,0.0
2026-06-30 16:00:00,31.4,71,995.9,14.5,191,0.0
2026-06-30 17:00:00,31.1,70,996.5,13.7,193,0.0
2026-06-30 18:00:00,30.6,71,996.2,8.7,207,0.0
2026-06-30 19:00:00,29.0,80,996.2,11.0,206,0.7
2026-06-30 20:00:00,28.4,86,995.7,10.4,200,0.4
2026-06-30 21:00:00,28.3,88,995.2,8.2,202,0.1
2026-06-30 22:00:00,28.3,87,995.0,6.2,202,0.1
2026-06-30 23:00:00,28.3,85,995.0,5.9,218,0.0
2026-07-01 00:00:00,30.6,67,994.8,11.3,278,0.0
2026-07-01 01:00:00,29.7,72,995.3,9.4,266,0.3
2026-07-01 02:00:00,30.3,71,995.6,8.8,269,0.1
2026-07-01 03:00:00,31.6,64,995.9,9.7,280,0.0
2026-07-01 04:00:00,33.0,58,996.4,7.5,281,0.0
2026-07-01 05:00:00,34.3,52,996.3,6.1,275,0.1
2026-07-01 06:00:00,35.0,49,995.7,7.0,267,0.1
2026-07-01 07:00:00,36.1,46,995.2,5.6,248,0.2
2026-07-01 08:00:00,36.8,44,994.4,4.4,232,0.1
2026-07-01 09:00:00,37.3,42,993.4,6.6,189,0.0
2026-07-01 10:00:00,36.7,43,992.3,6.7,207,0.0
2026-07-01 11:00:00,32.2,64,992.6,13.9,180,0.5
2026-07-01 12:00:00,37.6,38,991.7,12.2,200,0.7
2026-07-01 13:00:00,34.8,48,992.5,18.8,203,0.2
2026-07-01 14:00:00,32.2,62,993.7,15.6,203,0.5
2026-07-01 15:00:00,31.8,64,994.4,13.8,208,0.0
2026-07-01 16:00:00,30.8,69,995.2,13.9,207,0.0
2026-07-01 17:00:00,29.5,76,996.2,10.7,203,0.0
2026-07-01 18:00:00,26.8,91,996.2,12.6,243,0.0
2026-07-01 19:00:00,28.1,86,995.8,6.1,265,0.7
2026-07-01 20:00:00,26.4,90,996.2,17.0,147,0.6
2026-07-01 21:00:00,25.8,91,995.6,10.7,171,0.2
2026-07-01 22:00:00,25.9,91,995.5,8.4,189,0.1
2026-07-01 23:00:00,26.3,90,995.6,5.9,192,0.0
2026-07-02 00:00:00,27.3,85,995.1,7.5,235,0.0
2026-07-02 01:00:00,27.6,79,995.5,4.6,249,0.0
2026-07-02 02:00:00,28.9,72,996.1,5.5,234,0.0
2026-07-02 03:00:00,30.9,66,996.6,7.3,228,0.0
2026-07-02 04:00:00,32.3,62,996.8,8.4,215,0.0
2026-07-02 05:00:00,33.1,59,997.0,6.6,209,0.2
2026-07-02 06:00:00,34.7,54,996.2,3.1,234,0.1
2026-07-02 07:00:00,35.1,54,995.8,5.0,218,0.0
2026-07-02 08:00:00,35.7,49,995.1,5.8,231,0.0
2026-07-02 09:00:00,35.4,49,994.2,3.3,193,0.0
2026-07-02 10:00:00,33.3,57,994.1,12.1,178,0.4
2026-07-02 11:00:00,31.6,67,994.5,13.9,229,0.8
2026-07-02 12:00:00,32.3,62,994.3,13.6,210,0.3
2026-07-02 13:00:00,31.0,70,994.7,12.1,213,0.5
2026-07-02 14:00:00,30.4,73,995.3,11.1,212,0.1
2026-07-02 15:00:00,30.0,75,996.2,10.1,221,0.0
2026-07-02 16:00:00,29.4,77,996.8,11.1,223,0.0
2026-07-02 17:00:00,29.0,80,997.6,8.9,220,0.0
2026-07-02 18:00:00,28.7,78,997.5,7.4,229,0.0
2026-07-02 19:00:00,28.5,79,996.7,6.1,212,0.0
2026-07-02 20:00:00,28.4,79,996.5,6.4,207,0.0
2026-07-02 21:00:00,28.3,81,996.3,4.5,214,0.0
2026-07-02 22:00:00,28.3,82,996.2,4.0,212,0.0
2026-07-02 23:00:00,28.2,84,995.9,3.3,186,0.0
2026-07-03 00:00:00,28.6,84,995.6,3.6,237,0.0
2026-07-03 01:00:00,28.6,86,996.0,4.8,241,0.0
2026-07-03 02:00:00,29.2,81,996.6,4.5,217,0.0
2026-07-03 03:00:00,30.3,75,997.0,5.7,246,0.0
2026-07-03 04:00:00,31.2,71,997.4,6.0,267,0.0
2026-07-03 05:00:00,31.5,69,997.7,4.7,263,0.0
2026-07-03 06:00:00,29.6,76,997.8,4.2,12,0.0
2026-07-03 07:00:00,29.3,79,997.5,4.3,292,1.4
2026-07-03 08:00:00,28.9,82,997.0,1.5,256,0.9
2026-07-03 09:00:00,29.8,78,996.0,7.3,226,0.1
2026-07-03 10:00:00,30.9,70,995.4,10.2,231,0.0
2026-07-03 11:00:00,30.3,70,995.0,11.3,228,0.0
2026-07-03 12:00:00,30.2,83,994.4,12.0,216,0.0
2026-07-03 13:00:00,29.6,81,994.8,11.6,227,0.0
2026-07-03 14:00:00,29.1,80,995.1,13.4,229,0.1
2026-07-03 15:00:00,28.3,85,995.9,10.6,228,0.0
2026-07-03 16:00:00,28.1,86,996.7,9.4,222,0.1
2026-07-03 17:00:00,28.1,86,996.9,8.7,228,0.0
2026-07-03 18:00:00,26.3,85,996.9,7.6,262,0.0
2026-07-03 19:00:00,26.0,87,996.4,6.8,252,0.4
2026-07-03 20:00:00,25.9,91,996.3,4.7,252,0.8
2026-07-03 21:00:00,25.7,93,995.9,4.6,239,1.3
2026-07-03 22:00:00,25.7,95,995.4,4.8,217,1.2
2026-07-03 23:00:00,25.8,95,995.3,4.7,220,0.6
2026-07-04 00:00:00,26.2,96,995.7,6.7,294,1.0
2026-07-04 01:00:00,26.2,95,995.6,5.3,252,0.9
2026-07-04 02:00:00,26.7,96,995.6,4.0,216,0.5
2026-07-04 03:00:00,27.6,92,995.8,4.0,219,0.1
2026-07-04 04:00:00,28.6,85,995.6,4.4,240,0.0
2026-07-04 05:00:00,29.3,80,995.5,3.7,256,0.0
2026-07-04 06:00:00,29.6,69,995.4,9.2,282,0.3
2026-07-04 07:00:00,30.3,64,994.8,8.9,283,0.0
2026-07-04 08:00:00,30.5,64,994.2,7.6,282,0.1
2026-07-04 09:00:00,30.6,65,993.1,8.5,283,0.0
2026-07-04 10:00:00,32.0,61,992.6,8.8,287,0.0
2026-07-04 11:00:00,31.7,62,992.1,8.3,268,0.0
2026-07-04 12:00:00,31.2,63,991.6,7.8,292,0.0
2026-07-04 13:00:00,30.5,68,991.6,5.8,244,0.0
2026-07-04 14:00:00,29.6,71,992.0,7.7,204,0.0
2026-07-04 15:00:00,29.1,72,992.4,8.0,194,0.0
2026-07-04 16:00:00,28.6,76,992.9,12.5,195,0.0
2026-07-04 17:00:00,27.8,88,993.6,10.6,199,0.0
2026-07-04 18:00:00,27.3,91,993.9,10.0,167,0.0
2026-07-04 19:00:00,26.9,93,993.6,8.1,175,0.1
2026-07-04 20:00:00,26.5,95,993.5,10.3,192,0.5
2026-07-04 21:00:00,26.4,95,992.7,8.3,204,0.1
2026-07-04 22:00:00,26.1,95,992.6,8.1,223,0.0
2026-07-04 23:00:00,25.9,95,992.1,4.8,243,0.0
2026-07-05 00:00:00,25.4,97,991.9,5.5,281,0.0
2026-07-05 01:00:00,25.7,96,992.0,6.3,305,0.2
2026-07-05 02:00:00,26.9,92,992.9,9.4,329,0.3
2026-07-05 03:00:00,27.8,88,993.3,8.3,1,0.9
2026-07-05 04:00:00,27.1,92,993.8,6.6,35,4.9
2026-07-05 05:00:00,27.6,90,993.3,3.1,66,2.7
2026-07-05 06:00:00,30.0,78,993.4,8.9,333,0.7
2026-07-05 07:00:00,31.2,72,992.4,9.0,337,0.1
2026-07-05 08:00:00,32.1,69,991.8,6.7,333,0.2
2026-07-05 09:00:00,32.6,69,991.0,5.6,354,0.3
2026-07-05 10:00:00,33.0,68,990.2,4.5,2,0.2
2026-07-05 11:00:00,32.9,69,989.8,4.1,337,0.2
2026-07-05 12:00:00,33.1,64,990.2,3.3,347,9.6
2026-07-05 13:00:00,31.1,75,990.8,3.9,156,0.2
2026-07-05 14:00:00,29.8,86,991.3,3.6,183,1.1
2026-07-05 15:00:00,29.2,91,992.0,1.4,140,1.9
2026-07-05 16:00:00,28.7,94,992.5,5.4,236,0.0
2026-07-05 17:00:00,28.6,93,992.5,3.2,232,0.0
2026-07-05 18:00:00,27.3,96,992.4,4.5,326,0.0
2026-07-05 19:00:00,27.3,96,991.8,5.3,327,0.0
2026-07-05 20:00:00,27.2,96,991.3,4.8,290,0.0
2026-07-05 21:00:00,26.9,95,990.9,6.3,270,0.0
2026-07-05 22:00:00,26.8,92,991.2,5.9,272,0.0
2026-07-05 23:00:00,26.7,91,991.4,4.5,263,0.0
2026-07-06 00:00:00,27.1,92,991.6,6.8,318,0.0
2026-07-06 01:00:00,27.4,90,991.9,6.6,315,0.0
2026-07-06 02:00:00,28.3,87,992.5,5.5,306,0.0
2026-07-06 03:00:00,29.3,83,993.0,4.7,310,0.0
2026-07-06 04:00:00,30.8,78,993.7,5.6,312,0.0
2026-07-06 05:00:00,31.7,74,993.5,6.4,317,0.0
2026-07-06 06:00:00,31.4,72,993.0,10.4,324,0.0
2026-07-06 07:00:00,32.2,70,992.0,10.7,329,0.5
2026-07-06 08:00:00,32.8,70,991.7,9.4,325,0.2
2026-07-06 09:00:00,33.4,67,990.6,8.9,318,0.1
2026-07-06 10:00:00,34.0,65,990.3,6.6,331,0.1
2026-07-06 11:00:00,30.1,85,990.6,10.1,12,4.3
2026-07-06 12:00:00,30.8,80,990.5,6.5,46,7.9
2026-07-06 13:00:00,29.5,92,989.9,2.8,297,2.7
2026-07-06 14:00:00,29.3,93,991.1,4.5,286,1.6
2026-07-06 15:00:00,29.0,95,991.7,4.8,255,1.5
2026-07-06 16:00:00,28.5,95,992.1,5.8,244,1.2
2026-07-06 17:00:00,28.1,95,992.6,6.5,224,0.2
2026-07-06 18:00:00,27.5,90,992.6,8.4,263,0.1
2026-07-06 19:00:00,26.6,94,993.1,2.6,282,3.5
2026-07-06 20:00:00,26.4,95,992.2,3.1,242,2.0
2026-07-06 21:00:00,26.3,97,991.4,7.1,294,0.5
2026-07-06 22:00:00,26.2,96,991.0,9.3,304,0.3
2026-07-06 23:00:00,26.1,95,991.4,8.6,299,0.4
2026-07-07 00:00:00,25.5,97,991.8,8.5,266,0.7
2026-07-07 01:00:00,25.6,96,992.2,7.7,282,0.1
2026-07-07 02:00:00,26.2,92,993.2,12.2,278,0.3
2026-07-07 03:00:00,27.1,89,993.4,9.8,283,0.0
2026-07-07 04:00:00,28.6,83,993.5,14.9,301,0.0
2026-07-07 05:00:00,29.9,77,993.5,14.4,310,0.1
2026-07-07 06:00:00,30.1,77,993.3,10.6,314,0.4
2026-07-07 07:00:00,29.0,87,993.2,6.2,345,4.0
2026-07-07 08:00:00,27.9,93,993.1,7.1,345,8.6
2026-07-07 09:00:00,27.7,94,992.5,7.8,293,6.7
2026-07-07 10:00:00,27.7,94,992.0,5.6,292,2.7
2026-07-07 11:00:00,27.5,95,991.2,7.5,303,1.1
2026-07-07 12:00:00,30.9,74,991.0,9.7,281,0.6
2026-07-07 13:00:00,29.5,81,991.2,9.1,284,0.1
2026-07-07 14:00:00,28.7,84,991.9,8.5,274,0.2
2026-07-07 15:00:00,28.7,85,992.6,6.6,281,0.0
2026-07-07 16:00:00,27.8,89,994.0,4.5,133,0.3
2026-07-07 17:00:00,26.9,93,994.0,6.1,251,1.3
2026-07-07 18:00:00,28.0,89,993.9,8.1,288,0.4
2026-07-07 19:00:00,28.0,88,992.9,10.3,286,0.0
2026-07-07 20:00:00,27.6,91,992.8,5.5,247,0.0
2026-07-07 21:00:00,27.4,93,992.7,6.1,270,0.1
2026-07-07 22:00:00,27.7,91,992.7,8.6,270,0.1
2026-07-07 23:00:00,27.6,92,992.7,8.8,244,0.0
2026-07-08 00:00:00,27.4,96,992.5,9.2,237,0.0
2026-07-08 01:00:00,27.5,96,992.7,7.7,245,0.0
2026-07-08 02:00:00,28.1,93,993.5,8.6,250,0.0
2026-07-08 03:00:00,28.6,89,993.9,9.0,248,0.0
2026-07-08 04:00:00,29.6,82,994.2,11.1,261,0.0
2026-07-08 05:00:00,30.4,76,994.4,10.4,253,0.0
2026-07-08 06:00:00,31.3,71,994.0,10.3,257,0.0
2026-07-08 07:00:00,32.1,67,994.0,9.5,237,0.0
2026-07-08 08:00:00,32.4,64,993.5,10.2,228,0.0
2026-07-08 09:00:00,33.1,60,992.8,12.8,231,0.0
2026-07-08 10:00:00,33.0,59,992.5,14.4,240,0.0
2026-07-08 11:00:00,32.9,60,991.9,12.3,240,0.0
2026-07-08 12:00:00,32.8,67,991.5,10.6,220,0.1
2026-07-08 13:00:00,32.2,71,991.5,8.5,204,0.0
2026-07-08 14:00:00,31.3,76,992.2,7.0,179,0.0
2026-07-08 15:00:00,30.9,77,992.9,8.1,181,0.0
2026-07-08 16:00:00,30.6,75,994.0,7.4,202,0.0
2026-07-08 17:00:00,30.3,74,994.6,7.5,200,0.0
2026-07-08 18:00:00,29.6,77,994.4,11.8,206,0.0
2026-07-08 19:00:00,29.2,78,994.3,9.6,213,0.0
2026-07-08 20:00:00,28.9,78,994.6,11.1,223,0.0
2026-07-08 21:00:00,28.5,78,994.3,12.1,228,0.0
2026-07-08 22:00:00,27.9,80,994.6,11.5,231,0.0
2026-07-08 23:00:00,27.5,83,994.8,12.2,236,0.0
2026-07-09 00:00:00,27.6,84,994.9,11.5,238,0.0
2026-07-09 01:00:00,27.5,86,995.4,11.2,238,0.0
2026-07-09 02:00:00,28.2,83,996.3,10.2,240,0.0
2026-07-09 03:00:00,29.0,78,996.5,12.9,242,0.2
2026-07-09 04:00:00,30.0,72,996.8,11.4,239,0.1
2026-07-09 05:00:00,31.2,65,996.9,12.7,240,0.0
2026-07-09 06:00:00,31.6,65,997.2,13.0,237,0.0
2026-07-09 07:00:00,32.7,60,997.0,13.9,236,0.0
2026-07-09 08:00:00,34.0,54,996.0,14.9,236,0.0
2026-07-09 09:00:00,34.6,51,995.4,15.3,238,0.0
2026-07-09 10:00:00,35.1,49,994.8,14.7,245,0.0
2026-07-09 11:00:00,35.3,49,994.1,13.9,232,0.0
2026-07-09 12:00:00,34.8,51,994.4,8.7,232,0.0
2026-07-09 13:00:00,33.7,56,994.7,10.1,205,0.0
2026-07-09 14:00:00,31.1,74,995.4,12.6,163,0.0
2026-07-09 15:00:00,30.2,80,996.3,10.4,182,0.0
2026-07-09 16:00:00,30.9,67,997.3,11.2,242,0.0
2026-07-09 17:00:00,30.2,69,998.2,14.0,242,0.0
2026-07-09 18:00:00,29.4,75,997.9,13.2,246,0.0
2026-07-09 19:00:00,29.2,76,997.7,12.9,243,0.0
2026-07-09 20:00:00,28.8,76,997.6,14.7,237,0.0
2026-07-09 21:00:00,28.1,80,997.5,13.2,233,0.0
2026-07-09 22:00:00,27.6,83,997.6,12.4,229,0.0
2026-07-09 23:00:00,27.2,86,997.6,11.2,228,0.0
2026-07-10 00:00:00,27.6,85,997.8,12.5,229,0.0
2026-07-10 01:00:00,27.6,86,998.5,11.7,234,0.0
2026-07-10 02:00:00,28.0,84,999.0,12.5,234,0.1
2026-07-10 03:00:00,28.8,79,999.7,12.4,236,0.2
2026-07-10 04:00:00,30.0,73,999.8,14.1,236,0.0
2026-07-10 05:00:00,31.2,66,999.3,14.5,236,0.0
2026-07-10 06:00:00,32.3,58,999.4,16.5,243,0.0
2026-07-10 07:00:00,33.2,55,999.0,16.7,243,0.0
2026-07-10 08:00:00,34.2,50,998.2,16.9,243,0.0
2026-07-10 09:00:00,35.2,47,997.4,16.1,240,0.0
2026-07-10 10:00:00,35.7,45,996.8,16.3,236,0.0
2026-07-10 11:00:00,35.5,47,996.0,13.3,232,0.0
2026-07-10 12:00:00,34.8,49,995.8,11.5,225,0.0
2026-07-10 13:00:00,33.7,53,996.0,10.8,227,0.0
2026-07-10 14:00:00,32.5,57,996.4,11.4,232,0.0
2026-07-10 15:00:00,32.0,58,997.1,14.3,229,0.0
2026-07-10 16:00:00,31.2,62,998.1,11.8,241,0.0
2026-07-10 17:00:00,30.0,69,998.9,10.5,245,0.0
2026-07-10 18:00:00,30.0,68,998.7,16.3,229,0.0
2026-07-10 19:00:00,29.1,71,998.4,19.0,228,0.0
2026-07-10 20:00:00,28.3,76,997.8,16.6,231,0.0
2026-07-10 21:00:00,27.8,79,997.4,15.2,227,0.0
2026-07-10 22:00:00,27.5,81,997.2,13.5,229,0.0
2026-07-10 23:00:00,27.4,82,997.1,13.0,231,0.0
2026-07-11 00:00:00,27.4,84,997.0,12.4,230,0.0
2026-07-11 01:00:00,27.7,83,997.4,13.5,227,0.0
2026-07-11 02:00:00,28.1,82,997.5,13.9,219,0.0
2026-07-11 03:00:00,29.0,77,997.8,18.2,231,0.2
2026-07-11 04:00:00,30.1,70,998.0,18.4,239,0.0
2026-07-11 05:00:00,31.4,64,998.0,19.0,243,0.0
2026-07-11 06:00:00,32.7,56,997.9,19.5,242,0.0
2026-07-11 07:00:00,33.9,51,997.3,19.3,241,0.0
2026-07-11 08:00:00,34.7,47,996.9,18.2,242,0.0
2026-07-11 09:00:00,35.5,44,995.5,17.6,237,0.0
2026-07-11 10:00:00,36.4,41,994.9,19.4,237,0.0
2026-07-11 11:00:00,36.1,42,994.5,17.1,241,0.0
2026-07-11 12:00:00,35.3,47,994.1,14.1,228,0.0
2026-07-11 13:00:00,34.4,51,994.2,14.2,220,0.0
2026-07-11 14:00:00,33.1,55,994.7,14.3,219,0.0
2026-07-11 15:00:00,32.0,58,995.6,18.2,219,0.0
2026-07-11 16:00:00,30.9,63,996.5,20.3,220,0.0
2026-07-11 17:00:00,30.0,67,996.9,19.6,225,0.0
2026-07-11 18:00:00,29.8,69,997.1,17.2,225,0.0
2026-07-11 19:00:00,29.1,73,996.3,16.5,225,0.0
2026-07-11 20:00:00,28.5,76,995.8,15.4,224,0.0
2026-07-11 21:00:00,28.2,77,995.2,14.4,226,0.0
2026-07-11 22:00:00,28.0,79,995.0,13.6,227,0.0
2026-07-11 23:00:00,27.8,81,994.6,12.9,228,0.0
2026-07-12 00:00:00,27.7,82,994.5,12.4,227,0.0
2026-07-12 01:00:00,27.8,81,994.6,12.5,219,0.0
2026-07-12 02:00:00,28.4,78,994.9,13.9,222,0.0
2026-07-12 03:00:00,29.6,70,995.5,17.2,227,0.0
2026-07-12 04:00:00,30.8,65,995.7,18.6,228,0.0
2026-07-12 05:00:00,32.3,57,995.4,18.8,231,0.0
2026-07-12 06:00:00,33.8,52,995.2,19.6,227,0.0
2026-07-12 07:00:00,35.4,45,994.7,19.2,225,0.0
2026-07-12 08:00:00,36.6,41,994.3,20.4,233,0.0
2026-07-12 09:00:00,36.8,40,993.5,20.3,234,0.0
2026-07-12 10:00:00,37.4,38,992.8,20.8,229,0.0
2026-07-12 11:00:00,37.3,39,992.4,19.8,229,0.0
2026-07-12 12:00:00,36.4,42,992.7,16.1,221,0.0
2026-07-12 13:00:00,34.8,51,993.1,14.0,203,0.0
2026-07-12 14:00:00,33.2,58,993.6,13.4,206,0.0
2026-07-12 15:00:00,32.7,56,994.4,17.4,225,0.0
2026-07-12 16:00:00,31.7,61,995.4,19.2,231,0.0
2026-07-12 17:00:00,30.7,65,996.0,18.6,229,0.0
2026-07-12 18:00:00,30.3,67,995.8,17.9,221,0.0
2026-07-12 19:00:00,29.5,70,995.4,17.2,222,0.0
2026-07-12 20:00:00,28.9,73,995.4,16.2,224,0.0
2026-07-12 21:00:00,28.5,75,995.3,15.2,224,0.0
2026-07-12 22:00:00,28.2,77,995.1,14.7,227,0.0
2026-07-12 23:00:00,27.8,79,995.1,13.9,224,0.0
2026-07-13 00:00:00,27.8,80,995.6,12.4,216,0.0
2026-07-13 01:00:00,27.7,80,995.9,12.0,212,0.0
2026-07-13 02:00:00,28.3,78,996.4,11.5,209,0.0
2026-07-13 03:00:00,29.5,71,996.8,15.8,220,0.0
2026-07-13 04:00:00,30.9,64,997.3,16.7,225,0.0
2026-07-13 05:00:00,32.4,57,997.2,16.9,225,0.0
2026-07-13 06:00:00,33.7,51,997.4,16.0,225,0.0
2026-07-13 07:00:00,34.8,48,997.0,16.7,218,0.0
2026-07-13 08:00:00,36.1,43,996.5,18.8,231,0.0
2026-07-13 09:00:00,36.7,42,995.8,19.0,232,0.0
2026-07-13 10:00:00,37.5,40,995.2,18.9,234,0.0
2026-07-13 11:00:00,37.1,41,994.6,19.3,233,0.3
2026-07-13 12:00:00,36.7,42,994.6,16.3,229,0.0
2026-07-13 13:00:00,36.2,43,994.9,15.4,232,0.0
2026-07-13 14:00:00,34.9,48,995.5,15.4,225,0.0
2026-07-13 15:00:00,33.5,53,996.4,17.4,225,0.0
2026-07-13 16:00:00,32.2,58,997.3,16.5,225,0.0
2026-07-13 17:00:00,31.1,61,998.2,17.2,225,0.0
2026-07-13 18:00:00,30.4,63,998.5,16.5,226,0.0
2026-07-13 19:00:00,29.5,65,998.3,16.8,227,0.0
2026-07-13 20:00:00,28.7,69,998.2,15.4,228,0.0
2026-07-13 21:00:00,28.1,73,997.7,14.9,229,0.0
2026-07-13 22:00:00,27.8,76,997.5,13.8,228,0.0
2026-07-13 23:00:00,27.4,79,997.4,13.0,224,0.0
2026-07-14 00:00:00,27.7,79,997.8,11.2,221,0.0
2026-07-14 01:00:00,27.6,81,998.3,10.7,215,0.0
2026-07-14 02:00:00,28.2,79,999.1,10.6,206,0.0
2026-07-14 03:00:00,29.3,73,999.3,15.2,228,0.1
2026-07-14 04:00:00,30.4,67,999.4,16.5,233,0.1
2026-07-14 05:00:00,32.0,60,999.7,17.0,234,0.0
2026-07-14 06:00:00,33.5,53,999.7,16.7,234,0.0
2026-07-14 07:00:00,34.7,48,998.8,15.9,233,0.0
2026-07-14 08:00:00,35.6,43,998.2,15.6,232,0.0
2026-07-14 09:00:00,36.3,40,997.2,16.1,237,0.0
2026-07-14 10:00:00,36.6,39,996.5,15.0,236,0.1
2026-07-14 11:00:00,36.2,41,996.2,14.4,228,0.0
2026-07-14 12:00:00,36.3,39,996.2,13.0,231,0.0
2026-07-14 13:00:00,35.1,42,996.3,13.0,204,0.0
2026-07-14 14:00:00,31.9,63,996.9,15.3,181,0.1
2026-07-14 15:00:00,31.1,67,997.5,10.8,182,0.0
2026-07-14 16:00:00,31.4,65,998.6,10.4,225,0.0
2026-07-14 17:00:00,31.2,60,999.1,12.3,235,0.1
2026-07-14 18:00:00,29.3,72,999.0,7.4,223,0.0
2026-07-14 19:00:00,28.8,74,998.6,4.6,257,0.5
2026-07-14 20:00:00,29.2,73,998.4,10.3,232,0.0
2026-07-14 21:00:00,29.0,74,998.1,11.1,228,0.0
2026-07-14 22:00:00,28.4,77,998.0,10.1,226,0.0
2026-07-14 23:00:00,28.0,80,998.0,9.6,223,0.0
2026-07-15 00:00:00,28.0,80,998.2,9.3,229,0.0
2026-07-15 01:00:00,27.8,81,998.5,9.3,233,0.1
2026-07-15 02:00:00,28.6,77,999.2,8.3,231,0.0
2026-07-15 03:00:00,29.8,69,999.5,10.8,242,0.0
2026-07-15 04:00:00,31.1,62,999.8,11.7,245,0.0
2026-07-15 05:00:00,32.5,56,1000.0,11.6,242,0.0
2026-07-15 06:00:00,33.4,53,999.7,10.9,237,0.0
2026-07-15 07:00:00,34.2,48,999.2,10.3,235,0.1
2026-07-15 08:00:00,35.1,44,998.5,10.7,229,0.1
2026-07-15 09:00:00,35.6,43,997.8,10.6,226,0.0
2026-07-15 10:00:00,35.5,44,997.4,11.5,229,0.1
2026-07-15 11:00:00,33.7,49,996.9,12.9,233,0.4
2026-07-15 12:00:00,29.6,69,997.6,13.8,207,1.9
2026-07-15 13:00:00,29.6,70,997.3,7.0,201,0.2
2026-07-15 14:00:00,29.8,72,998.0,6.4,209,0.0
2026-07-15 15:00:00,30.0,70,998.9,8.1,198,0.0
2026-07-15 16:00:00,29.4,69,999.5,8.6,196,0.0
2026-07-15 17:00:00,28.8,71,1000.0,9.4,203,0.0
2026-07-15 18:00:00,28.9,71,1000.1,8.8,211,0.0
2026-07-15 19:00:00,28.3,73,1000.0,9.7,225,0.0
2026-07-15 20:00:00,27.6,75,999.5,7.8,217,0.0
2026-07-15 21:00:00,27.3,78,999.2,5.9,223,0.0
2026-07-15 22:00:00,27.2,81,999.1,5.7,198,0.0
2026-07-15 23:00:00,27.1,83,999.3,5.0,193,0.0
2026-07-16 00:00:00,28.3,77,999.2,7.8,226,0.0
2026-07-16 01:00:00,28.0,79,999.9,6.4,216,0.0
2026-07-16 02:00:00,28.5,77,1000.4,7.7,233,0.1
2026-07-16 03:00:00,29.4,71,1000.5,7.1,246,0.0
2026-07-16 04:00:00,30.9,62,1000.8,7.2,251,0.0
2026-07-16 05:00:00,32.2,55,1000.8,7.1,251,0.0
2026-07-16 06:00:00,33.2,50,1000.5,7.2,208,0.0
2026-07-16 07:00:00,33.9,48,999.7,6.6,202,0.1
2026-07-16 08:00:00,34.1,48,999.1,7.4,206,0.0
2026-07-16 09:00:00,34.4,47,998.3,10.5,207,0.1
2026-07-16 10:00:00,34.2,49,998.0,11.3,202,0.3
2026-07-16 11:00:00,34.7,47,997.2,8.2,212,0.0
2026-07-16 12:00:00,34.0,49,997.2,15.4,197,0.0
2026-07-16 13:00:00,31.9,60,997.7,12.2,199,0.2
2026-07-16 14:00:00,31.1,65,998.2,11.7,198,0.0
2026-07-16 15:00:00,30.6,70,998.8,10.7,197,0.0
2026-07-16 16:00:00,30.2,72,999.2,9.8,194,0.0
2026-07-16 17:00:00,29.9,72,999.5,10.0,203,0.0
2026-07-16 18:00:00,29.5,70,999.4,10.5,218,0.0
2026-07-16 19:00:00,28.8,74,998.9,8.6,221,0.0
2026-07-16 20:00:00,28.5,77,999.0,9.0,226,0.0
2026-07-16 21:00:00,28.2,79,998.6,9.0,232,0.0
2026-07-16 22:00:00,27.8,83,998.5,8.7,232,0.1
2026-07-16 23:00:00,27.8,83,998.4,7.9,225,0.1
2026-07-17 00:00:00,28.5,79,998.4,6.8,230,0.0
2026-07-17 01:00:00,28.6,78,998.8,7.2,231,0.0
2026-07-17 02:00:00,29.1,75,999.4,7.8,233,0.0
2026-07-17 03:00:00,30.2,70,999.8,8.1,241,0.0
2026-07-17 04:00:00,31.3,65,1000.1,8.5,249,0.1
2026-07-17 05:00:00,32.7,58,1000.0,9.3,248,0.0
2026-07-17 06:00:00,33.7,52,999.7,9.4,247,0.0
2026-07-17 07:00:00,34.5,49,999.3,9.7,242,0.0
2026-07-17 08:00:00,35.2,45,998.3,9.7,248,0.1
2026-07-17 09:00:00,35.8,43,997.4,9.2,249,0.0
2026-07-17 10:00:00,36.0,42,996.6,8.6,241,0.0
2026-07-17 11:00:00,36.1,41,996.3,8.8,231,0.0
2026-07-17 12:00:00,35.7,42,996.2,10.3,234,0.0
2026-07-17 13:00:00,34.8,44,996.2,10.8,223,0.0
2026-07-17 14:00:00,32.1,58,997.5,11.0,191,0.0
2026-07-17 15:00:00,31.4,65,998.2,10.0,188,0.0
2026-07-17 16:00:00,31.2,63,998.8,13.1,217,0.0
2026-07-17 17:00:00,28.9,72,999.5,11.7,214,0.0
2026-07-17 18:00:00,28.5,75,999.0,7.6,207,0.0
2026-07-17 19:00:00,28.7,74,998.6,7.4,212,0.0
2026-07-17 20:00:00,28.9,75,998.7,8.5,222,0.0
2026-07-17 21:00:00,28.7,76,998.4,8.6,229,0.0
2026-07-17 22:00:00,28.7,76,998.1,8.7,243,0.0
2026-07-17 23:00:00,28.6,76,998.2,8.0,247,0.0
2026-07-18 00:00:00,28.7,75,998.3,8.2,260,0.0
2026-07-18 01:00:00,28.4,76,998.6,6.9,255,0.0
2026-07-18 02:00:00,28.9,74,999.0,7.8,248,0.0
2026-07-18 03:00:00,30.0,68,999.2,8.5,258,0.0
2026-07-18 04:00:00,31.2,62,999.4,8.3,257,0.0
2026-07-18 05:00:00,32.3,57,999.3,9.0,248,0.1
2026-07-18 06:00:00,33.1,54,998.8,8.9,232,0.1
2026-07-18 07:00:00,33.4,53,998.2,10.9,230,0.4
2026-07-18 08:00:00,33.8,54,997.2,10.9,234,0.3
2026-07-18 09:00:00,34.1,54,996.8,10.8,233,0.1
2026-07-18 10:00:00,34.8,52,996.0,10.5,237,0.0
2026-07-18 11:00:00,35.0,50,995.3,11.4,235,0.0
2026-07-18 12:00:00,34.1,50,995.2,10.6,220,0.2
2026-07-18 13:00:00,33.8,51,995.7,10.7,216,0.1
2026-07-18 14:00:00,31.4,64,996.8,12.8,189,0.1
2026-07-18 15:00:00,30.3,72,997.4,11.2,195,0.0
2026-07-18 16:00:00,30.0,74,998.3,10.2,193,0.0
2026-07-18 17:00:00,29.1,77,998.6,10.0,198,0.0
2026-07-18 18:00:00,28.5,78,998.3,9.0,202,0.0
2026-07-18 19:00:00,27.8,81,998.3,9.1,195,0.2
2026-07-18 20:00:00,27.1,85,997.9,10.0,210,0.1
2026-07-18 21:00:00,26.4,87,997.7,7.5,191,0.2
2026-07-18 22:00:00,26.6,87,997.7,4.3,185,0.3
2026-07-18 23:00:00,26.9,86,997.7,4.0,183,0.0
2026-07-19 00:00:00,27.3,88,997.5,4.8,202,0.0
2026-07-19 01:00:00,27.3,88,997.8,4.8,228,0.0
2026-07-19 02:00:00,27.8,85,998.1,5.6,209,0.0
2026-07-19 03:00:00,29.1,75,998.3,6.4,230,0.0
2026-07-19 04:00:00,30.2,68,998.7,7.0,244,0.0
2026-07-19 05:00:00,31.3,63,998.6,6.4,227,0.1
2026-07-19 06:00:00,32.1,59,998.3,6.7,214,0.1
2026-07-19 07:00:00,32.8,56,997.7,6.4,207,0.1
2026-07-19 08:00:00,33.1,54,996.8,6.9,203,0.3
2026-07-19 09:00:00,33.5,52,996.3,8.2,209,0.3
2026-07-19 10:00:00,33.8,52,995.5,7.6,214,0.3
2026-07-19 11:00:00,33.6,52,995.0,8.3,200,0.3
2026-07-19 12:00:00,32.6,57,995.1,13.5,196,0.1
2026-07-19 13:00:00,31.0,69,995.6,10.3,179,0.0
2026-07-19 14:00:00,30.3,72,996.1,11.7,177,0.1
2026-07-19 15:00:00,29.6,74,997.0,12.1,191,0.0
2026-07-19 16:00:00,28.9,80,997.7,10.6,191,0.0
2026-07-19 17:00:00,28.7,80,998.3,11.1,197,0.0
2026-07-19 18:00:00,28.7,79,997.9,8.9,214,0.0
2026-07-19 19:00:00,28.3,83,997.8,7.3,210,0.0
2026-07-19 20:00:00,28.1,84,997.3,6.8,205,0.0
2026-07-19 21:00:00,27.7,86,996.7,6.1,210,0.0
2026-07-19 22:00:00,27.6,87,996.6,5.1,198,0.0
2026-07-19 23:00:00,27.4,87,996.8,4.9,186,0.0
2026-07-20 00:00:00,26.9,90,996.5,6.3,187,0.1
2026-07-20 01:00:00,27.0,90,996.9,4.7,173,0.0
2026-07-20 02:00:00,27.8,86,997.4,5.6,176,0.0
2026-07-20 03:00:00,28.5,81,997.9,6.7,211,0.0
2026-07-20 04:00:00,29.4,76,998.3,7.1,221,0.0
2026-07-20 05:00:00,30.4,70,997.9,6.9,217,0.1
2026-07-20 06:00:00,28.8,76,998.2,10.9,239,0.8
2026-07-20 07:00:00,30.8,69,997.5,4.5,265,0.1
2026-07-20 08:00:00,32.5,61,996.4,5.6,237,0.2
2026-07-20 09:00:00,33.4,59,995.5,6.1,247,0.4
2026-07-20 10:00:00,30.3,70,995.3,14.1,191,0.4
2026-07-20 11:00:00,28.1,86,995.2,5.8,184,1.8
2026-07-20 12:00:00,30.0,76,995.4,9.4,187,0.5
2026-07-20 13:00:00,29.7,74,995.6,10.7,192,0.3
2026-07-20 14:00:00,28.6,78,996.1,6.5,186,0.0
2026-07-20 15:00:00,28.8,81,996.8,8.5,168,0.0
2026-07-20 16:00:00,28.6,80,997.7,11.2,195,0.0
2026-07-20 17:00:00,27.8,81,998.2,9.7,204,0.0
2026-07-20 18:00:00,27.8,82,998.0,7.0,203,0.0
2026-07-20 19:00:00,27.8,83,997.5,6.9,203,0.0
2026-07-20 20:00:00,27.8,84,997.0,6.5,194,0.0
2026-07-20 21:00:00,27.7,85,996.5,6.3,211,0.0
2026-07-20 22:00:00,27.5,86,996.4,6.1,212,0.0
2026-07-20 23:00:00,27.3,85,996.3,6.3,211,0.0
2026-07-21 00:00:00,26.9,87,995.9,6.9,205,0.0
2026-07-21 01:00:00,26.8,87,996.5,7.2,212,0.1
2026-07-21 02:00:00,27.3,84,996.9,7.0,212,0.1
2026-07-21 03:00:00,27.7,82,997.3,9.2,228,0.1
2026-07-21 04:00:00,28.6,78,997.6,7.7,231,0.2
2026-07-21 05:00:00,29.3,76,997.5,7.5,233,0.0
2026-07-21 06:00:00,28.8,75,997.4,7.5,246,0.0
2026-07-21 07:00:00,30.6,68,996.9,7.2,243,0.2
2026-07-21 08:00:00,32.6,58,996.1,7.5,240,0.0
2026-07-21 09:00:00,30.3,69,995.2,11.2,269,1.4
2026-07-21 10:00:00,29.0,77,995.0,3.4,238,1.5
2026-07-21 11:00:00,30.3,72,994.4,2.8,195,0.0
2026-07-21 12:00:00,32.3,60,994.1,9.0,241,0.0
2026-07-21 13:00:00,31.5,62,994.4,9.0,232,0.0
2026-07-21 14:00:00,31.0,65,995.0,9.0,232,0.0
2026-07-21 15:00:00,30.1,69,995.4,9.5,226,0.0
2026-07-21 16:00:00,29.2,76,996.3,10.7,213,0.0
2026-07-21 17:00:00,28.6,80,996.6,11.2,222,0.0
2026-07-21 18:00:00,28.1,81,996.8,9.7,230,0.0
2026-07-21 19:00:00,27.7,83,996.0,8.9,236,0.0
2026-07-21 20:00:00,27.7,83,995.6,9.0,248,0.0
2026-07-21 21:00:00,27.5,84,995.0,8.9,252,0.0
2026-07-21 22:00:00,27.5,84,994.8,8.4,254,0.0
2026-07-21 23:00:00,27.3,84,994.8,7.9,254,0.0
2026-07-22 00:00:00,27.5,84,994.2,8.5,266,0.0
2026-07-22 01:00:00,26.9,87,995.3,9.6,253,0.2
2026-07-22 02:00:00,26.8,88,995.7,9.0,254,0.3
2026-07-22 03:00:00,27.0,87,995.8,8.4,255,0.5
2026-07-22 04:00:00,27.8,86,996.0,6.7,264,0.2
2026-07-22 05:00:00,28.6,81,996.0,6.7,267,0.1
2026-07-22 06:00:00,29.2,76,995.9,5.8,248,0.0
2026-07-22 07:00:00,29.8,73,995.4,6.3,246,0.0
2026-07-22 08:00:00,30.4,69,994.9,5.8,248,0.0
2026-07-22 09:00:00,29.7,73,993.9,7.2,242,0.1
2026-07-22 10:00:00,30.3,70,993.6,6.2,237,0.0
2026-07-22 11:00:00,30.9,68,993.0,6.9,239,0.0
2026-07-22 12:00:00,31.2,70,992.5,8.3,214,0.0
2026-07-22 13:00:00,30.1,77,992.7,7.5,201,0.1
2026-07-22 14:00:00,29.4,82,993.1,8.8,208,0.0
2026-07-22 15:00:00,29.0,84,993.8,9.1,210,0.0
2026-07-22 16:00:00,28.3,86,994.3,10.8,227,0.1
2026-07-22 17:00:00,27.2,89,994.9,9.6,233,0.2
2026-07-22 18:00:00,26.4,95,995.0,8.7,240,3.0
2026-07-22 19:00:00,26.0,98,994.0,4.6,193,4.6
2026-07-22 20:00:00,26.1,98,993.4,4.5,194,1.2
2026-07-22 21:00:00,26.1,99,992.8,6.0,207,1.2
2026-07-22 22:00:00,26.6,95,992.4,9.4,274,0.5
2026-07-22 23:00:00,26.1,96,992.2,9.2,277,1.8
2026-07-23 00:00:00,26.2,92,992.4,11.0,300,2.3
2026-07-23 01:00:00,25.5,96,992.5,11.2,268,0.9
2026-07-23 02:00:00,25.8,95,992.8,11.8,283,1.1
2026-07-23 03:00:00,26.9,92,992.9,11.1,286,0.5
2026-07-23 04:00:00,26.7,95,993.4,12.5,303,2.7
2026-07-23 05:00:00,27.1,92,993.0,14.6,302,5.2
2026-07-23 06:00:00,26.6,95,992.8,5.8,309,7.2
2026-07-23 07:00:00,26.8,90,992.0,8.2,293,9.2
2026-07-23 08:00:00,26.9,91,991.5,8.7,322,1.7
2026-07-23 09:00:00,27.4,88,990.8,9.9,331,0.8
2026-07-23 10:00:00,27.3,88,990.5,14.4,337,1.3
2026-07-23 11:00:00,26.9,93,990.1,15.9,334,2.7
2026-07-23 12:00:00,26.5,95,990.2,13.6,319,2.6
2026-07-23 13:00:00,26.2,97,990.9,7.9,270,10.3
2026-07-23 14:00:00,26.0,97,990.9,7.9,246,9.3
2026-07-23 15:00:00,25.9,97,991.3,8.3,226,4.1
2026-07-23 16:00:00,25.9,96,991.8,3.8,211,2.8
2026-07-23 17:00:00,26.0,96,992.2,2.5,98,3.5
2026-07-23 18:00:00,25.5,95,991.9,11.9,267,1.2
2026-07-23 19:00:00,24.9,96,991.7,10.7,247,6.4
2026-07-23 20:00:00,24.8,98,991.8,16.0,277,6.9
2026-07-23 21:00:00,25.0,95,991.2,19.5,292,5.7
2026-07-23 22:00:00,24.8,93,991.3,14.2,282,2.3
2026-07-23 23:00:00,24.9,96,991.6,9.9,282,3.0
2026-07-24 00:00:00,25.4,94,991.0,19.6,252,6.3
2026-07-24 01:00:00,25.6,94,992.1,8.0,216,34.9
2026-07-24 02:00:00,25.6,94,992.9,17.4,251,4.0
2026-07-24 03:00:00,26.3,91,993.4,17.0,242,0.1
2026-07-24 04:00:00,26.5,89,993.6,15.2,237,1.0
2026-07-24 05:00:00,26.8,88,994.0,12.1,230,1.4
2026-07-24 06:00:00,26.1,94,993.4,16.2,236,1.8
2026-07-24 07:00:00,26.6,93,993.1,14.7,237,2.8
2026-07-24 08:00:00,26.9,89,992.5,13.4,237,1.4
2026-07-24 09:00:00,26.8,90,992.0,17.3,236,1.9
2026-07-24 10:00:00,26.7,93,991.0,16.7,234,2.0
2026-07-24 11:00:00,26.3,93,991.2,16.9,241,4.3
2026-07-24 12:00:00,26.8,89,990.6,14.5,232,7.4
2026-07-24 13:00:00,26.0,93,990.5,14.5,226,1.4
2026-07-24 14:00:00,25.6,95,990.9,15.2,241,4.5
2026-07-24 15:00:00,25.6,95,991.4,13.6,231,0.9
2026-07-24 16:00:00,25.7,96,992.2,11.3,216,0.1
2026-07-24 17:00:00,25.7,96,992.6,9.3,212,0.1
2026-07-24 18:00:00,25.6,97,992.8,13.9,246,0.1
2026-07-24 19:00:00,25.5,94,992.3,21.1,250,2.3
2026-07-24 20:00:00,25.3,94,992.4,16.5,257,0.5
2026-07-24 21:00:00,25.0,93,992.2,16.3,251,4.6
2026-07-24 22:00:00,25.0,95,992.0,17.4,249,10.6
2026-07-24 23:00:00,25.3,93,992.2,17.6,250,6.3
2026-07-25 00:00:00,25.4,97,992.6,11.9,266,1.5
2026-07-25 01:00:00,25.3,96,993.3,10.3,258,0.1
2026-07-25 02:00:00,25.9,93,993.7,10.7,303,0.1
2026-07-25 03:00:00,26.4,90,994.1,11.7,295,0.0
2026-07-25 04:00:00,27.3,87,994.9,13.8,284,0.1
2026-07-25 05:00:00,27.4,87,995.1,12.2,271,0.9
2026-07-25 06:00:00,26.5,91,995.5,10.9,261,0.2
2026-07-25 07:00:00,26.6,87,995.8,12.9,245,0.6
2026-07-25 08:00:00,26.7,86,995.5,12.3,245,0.3
2026-07-25 09:00:00,27.5,84,994.8,8.4,223,0.5
2026-07-25 10:00:00,29.4,74,994.1,12.2,244,0.4
2026-07-25 11:00:00,29.3,71,993.8,10.1,268,0.1
2026-07-25 12:00:00,27.2,88,994.3,8.8,203,0.0
2026-07-25 13:00:00,27.4,86,994.6,8.2,221,0.1
2026-07-25 14:00:00,26.8,89,994.8,9.4,232,0.7
2026-07-25 15:00:00,26.6,89,995.3,10.6,219,0.2
2026-07-25 16:00:00,26.7,89,996.3,11.7,233,0.2
2026-07-25 17:00:00,26.4,91,996.8,8.6,211,0.1
2026-07-25 18:00:00,26.1,91,996.3,14.4,240,0.1
2026-07-25 19:00:00,26.0,91,996.2,13.9,233,0.8
2026-07-25 20:00:00,26.1,91,996.1,13.0,237,0.1
2026-07-25 21:00:00,26.2,90,995.7,11.8,247,0.1
2026-07-25 22:00:00,26.1,90,995.5,11.4,246,0.3
2026-07-25 23:00:00,26.0,91,995.7,11.3,245,0.3
2026-07-26 00:00:00,26.6,88,995.6,9.9,233,0.0
2026-07-26 01:00:00,26.5,88,995.7,9.6,242,0.0
2026-07-26 02:00:00,27.0,87,996.4,9.3,242,0.0
2026-07-26 03:00:00,27.9,84,996.8,10.9,243,0.0
2026-07-26 04:00:00,27.6,86,996.9,11.7,249,1.0
2026-07-26 05:00:00,27.7,87,997.2,12.2,248,0.8
2026-07-26 06:00:00,30.5,71,996.6,14.4,255,0.1
2026-07-26 07:00:00,29.8,73,996.3,12.6,267,0.2
2026-07-26 08:00:00,30.6,73,996.3,12.2,262,0.8
2026-07-26 09:00:00,31.9,67,995.3,11.6,258,0.1
2026-07-26 10:00:00,28.9,79,995.2,14.5,278,2.0
2026-07-26 11:00:00,27.4,92,995.3,5.8,240,5.9
2026-07-26 12:00:00,28.8,81,994.6,8.3,229,1.2
2026-07-26 13:00:00,27.8,84,995.2,11.0,259,0.6
2026-07-26 14:00:00,26.7,92,995.4,7.2,199,1.2
2026-07-26 15:00:00,27.0,92,995.7,9.1,221,0.1
2026-07-26 16:00:00,27.0,92,996.7,8.8,227,0.0
2026-07-26 17:00:00,26.9,92,997.1,7.7,216,0.0
2026-07-26 18:00:00,26.8,90,996.3,9.7,204,0.0
2026-07-26 19:00:00,26.6,89,996.1,12.4,221,0.1
2026-07-26 20:00:00,26.0,91,995.4,11.8,230,0.1
2026-07-26 21:00:00,25.8,92,995.4,11.0,232,0.2
2026-07-26 22:00:00,25.6,94,995.5,9.0,237,0.2
2026-07-26 23:00:00,25.1,97,995.1,10.0,201,1.1
2026-07-27 00:00:00,24.9,97,995.4,11.9,209,0.5
2026-07-27 01:00:00,25.0,97,995.6,6.9,219,5.9
2026-07-27 02:00:00,25.4,97,995.1,7.6,242,3.6
2026-07-27 03:00:00,26.2,96,995.5,13.2,263,3.1
2026-07-27 04:00:00,26.6,94,996.1,14.1,263,1.0
2026-07-27 05:00:00,26.1,95,996.5,11.7,256,2.4
2026-07-27 06:00:00,29.2,82,996.0,12.4,270,1.0
2026-07-27 07:00:00,30.5,76,995.5,12.1,285,0.5
2026-07-27 08:00:00,30.1,75,995.5,10.1,270,1.4
2026-07-27 09:00:00,31.1,72,994.8,10.1,265,0.3
2026-07-27 10:00:00,27.6,88,994.3,9.1,240,2.8
2026-07-27 11:00:00,27.3,91,993.3,8.1,211,0.7
2026-07-27 12:00:00,28.7,85,993.2,5.3,282,0.7
2026-07-27 13:00:00,28.5,87,993.4,6.5,226,0.1
2026-07-27 14:00:00,28.0,91,994.2,6.7,224,0.0
2026-07-27 15:00:00,27.8,92,994.5,6.3,219,0.3
2026-07-27 16:00:00,27.6,93,995.1,8.6,200,0.1
2026-07-27 17:00:00,27.4,93,996.0,7.9,167,0.0
2026-07-27 18:00:00,28.0,87,995.4,10.4,226,0.1
2026-07-27 19:00:00,27.7,84,994.8,10.4,240,0.0
2026-07-27 20:00:00,27.4,85,994.6,10.7,247,0.0
2026-07-27 21:00:00,27.1,85,994.4,10.3,251,0.0
2026-07-27 22:00:00,26.9,86,994.5,9.3,252,0.0
2026-07-27 23:00:00,26.6,88,994.6,6.4,248,0.0
2026-07-28 00:00:00,26.6,89,994.4,8.7,243,0.0
2026-07-28 01:00:00,26.5,89,994.6,8.1,235,0.0
2026-07-28 02:00:00,27.1,86,995.0,8.6,244,0.0
2026-07-28 03:00:00,28.0,81,995.0,13.7,253,0.0
2026-07-28 04:00:00,29.1,75,995.8,11.9,252,0.1
2026-07-28 05:00:00,30.3,70,996.0,11.1,250,0.0
2026-07-28 06:00:00,30.8,65,996.2,10.1,243,0.0
2026-07-28 07:00:00,31.6,61,995.7,10.8,238,0.0
2026-07-28 08:00:00,32.5,58,995.3,10.8,244,0.0
2026-07-28 09:00:00,32.4,57,994.3,10.4,253,0.0
2026-07-28 10:00:00,32.7,56,993.1,12.4,249,0.0
2026-07-28 11:00:00,32.7,56,992.2,11.5,248,0.0
2026-07-28 12:00:00,32.2,60,993.0,4.0,190,0.0
2026-07-28 13:00:00,31.6,65,993.1,4.5,133,0.0
2026-07-28 14:00:00,30.5,73,993.7,5.2,119,0.0
2026-07-28 15:00:00,30.0,76,994.3,7.6,144,0.0
2026-07-28 16:00:00,29.0,80,994.9,6.5,175,0.0
2026-07-28 17:00:00,28.7,82,995.3,5.7,208,0.0
2026-07-28 18:00:00,28.6,84,995.4,4.3,163,0.0
2026-07-28 19:00:00,28.4,85,995.2,5.8,234,0.0
2026-07-28 20:00:00,27.9,86,994.7,7.7,252,0.1
2026-07-28 21:00:00,27.6,88,994.0,7.4,252,0.0
2026-07-28 22:00:00,27.4,90,993.9,7.2,248,0.0
2026-07-28 23:00:00,27.3,92,994.0,6.5,256,0.0
2026-07-29 00:00:00,27.3,90,994.1,5.8,272,0.0
2026-07-29 01:00:00,27.2,89,994.8,7.3,263,0.1
2026-07-29 02:00:00,27.5,87,995.3,7.1,260,0.1
2026-07-29 03:00:00,28.1,84,995.6,7.7,259,0.1
2026-07-29 04:00:00,29.1,78,995.7,9.7,266,0.2
2026-07-29 05:00:00,29.8,75,995.8,9.4,273,0.2
2026-07-29 06:00:00,30.8,69,995.9,9.3,260,0.1
2026-07-29 07:00:00,31.5,65,995.1,9.6,266,0.0
2026-07-29 08:00:00,31.5,64,994.8,7.0,266,0.0
2026-07-29 09:00:00,31.7,64,994.2,5.2,254,0.0
2026-07-29 10:00:00,32.2,61,993.5,5.4,266,0.0
2026-07-29 11:00:00,31.9,62,992.7,7.4,267,0.0
2026-07-29 12:00:00,30.9,67,993.0,7.1,261,0.0
2026-07-29 13:00:00,30.2,74,993.5,5.2,243,0.0
2026-07-29 14:00:00,29.7,77,993.5,3.7,241,0.0
2026-07-29 15:00:00,29.7,78,994.1,2.7,242,0.0
2026-07-29 16:00:00,29.4,79,994.5,1.9,197,0.0
2026-07-29 17:00:00,28.9,82,994.5,3.6,229,0.0
2026-07-29 18:00:00,28.4,85,994.2,4.0,180,0.0
2026-07-29 19:00:00,28.3,85,993.9,5.1,207,0.0
2026-07-29 20:00:00,28.1,85,994.0,6.3,250,0.0
2026-07-29 21:00:00,27.9,85,993.4,6.2,255,0.0
2026-07-29 22:00:00,27.6,85,993.2,7.3,263,0.0
2026-07-29 23:00:00,27.3,87,992.9,7.3,263,0.1
2026-07-30 00:00:00,27.2,89,993.0,7.0,282,0.0
2026-07-30 01:00:00,27.2,90,993.3,7.7,282,0.0
2026-07-30 02:00:00,27.4,90,993.5,7.6,278,0.0
2026-07-30 03:00:00,28.1,86,993.9,9.2,290,0.0
2026-07-30 04:00:00,28.6,82,994.4,7.8,283,0.0
2026-07-30 05:00:00,29.3,78,994.1,7.6,285,0.0
2026-07-30 06:00:00,30.8,72,994.3,5.8,292,0.0
2026-07-30 07:00:00,31.8,67,993.5,6.5,284,0.0
2026-07-30 08:00:00,32.3,65,993.0,5.4,276,0.0
2026-07-30 09:00:00,32.5,65,991.8,6.1,273,0.0
2026-07-30 10:00:00,32.4,65,991.0,8.1,267,0.0
2026-07-30 11:00:00,32.1,66,990.3,8.6,260,0.0
2026-07-30 12:00:00,32.1,67,990.6,7.0,267,0.0
2026-07-30 13:00:00,31.4,73,990.3,6.0,243,0.0
2026-07-30 14:00:00,30.6,76,990.8,7.3,228,0.0
2026-07-30 15:00:00,30.2,75,991.5,6.9,229,0.0
2026-07-30 16:00:00,29.9,75,992.1,5.9,250,0.0
2026-07-30 17:00:00,29.4,78,992.3,7.1,264,0.0
2026-07-30 18:00:00,29.4,80,992.1,6.9,275,1.3
2026-07-30 19:00:00,29.1,82,991.3,8.1,274,0.0
2026-07-30 20:00:00,28.9,83,991.0,8.5,272,0.0
2026-07-30 21:00:00,28.5,83,990.5,10.7,278,0.1
2026-07-30 22:00:00,27.6,87,990.5,10.6,281,0.7
2026-07-30 23:00:00,27.0,92,990.4,10.7,282,1.1
2026-07-31 00:00:00,27.8,86,990.5,12.8,286,0.2
2026-07-31 01:00:00,27.7,89,990.0,13.3,295,0.3
2026-07-31 02:00:00,27.5,92,991.1,14.0,302,0.6
2026-07-31 03:00:00,27.3,94,991.9,14.4,317,4.2
2026-07-31 04:00:00,27.6,93,992.1,14.4,334,1.3
2026-07-31 05:00:00,28.8,88,991.7,11.1,318,0.8
2026-07-31 06:00:00,31.1,76,991.1,16.1,325,0.1
2026-07-31 07:00:00,32.1,71,990.5,14.7,327,0.1
2026-07-31 08:00:00,32.5,70,990.1,13.7,328,0.2
2026-07-31 09:00:00,32.3,70,988.6,13.4,327,0.3
2026-07-31 10:00:00,30.3,86,988.7,9.9,15,2.2
2026-07-31 11:00:00,31.2,82,987.3,3.2,270,0.7
2026-07-31 12:00:00,30.4,84,987.5,7.0,360,0.5
2026-07-31 13:00:00,27.7,91,988.6,16.0,262,1.7
2026-07-31 14:00:00,26.5,95,989.5,12.1,300,5.8
2026-07-31 15:00:00,26.5,95,989.9,8.3,266,2.1
2026-07-31 16:00:00,26.3,97,990.8,9.2,270,6.3
2026-07-31 17:00:00,26.6,96,991.4,11.6,289,4.1
2026-07-31 18:00:00,26.1,97,991.2,12.0,291,1.9
2026-07-31 19:00:00,26.0,96,990.8,10.8,260,13.2
2026-07-31 20:00:00,25.9,97,990.3,8.2,279,7.2
2026-07-31 21:00:00,25.8,98,989.9,10.2,293,1.6
2026-07-31 22:00:00,25.8,98,989.6,11.1,314,3.0
2026-07-31 23:00:00,25.8,97,989.6,12.5,305,1.6
2026-08-01 00:00:00,26.2,97,989.9,12.1,290,1.1
2026-08-01 01:00:00,26.3,97,990.4,12.3,284,0.5
2026-08-01 02:00:00,26.4,97,990.9,13.8,284,0.4
2026-08-01 03:00:00,26.4,96,991.5,12.5,290,0.6
2026-08-01 04:00:00,26.8,93,991.7,11.4,299,3.7
2026-08-01 05:00:00,26.8,94,991.9,14.5,313,2.9
2026-08-01 06:00:00,28.0,87,992.0,14.1,295,1.8
2026-08-01 07:00:00,27.5,90,991.7,11.6,285,1.1
2026-08-01 08:00:00,27.5,92,991.1,12.3,292,1.8
2026-08-01 09:00:00,28.1,91,990.4,11.7,283,1.3
2026-08-01 10:00:00,28.0,90,990.1,11.5,273,0.4
2026-08-01 11:00:00,27.5,95,990.1,8.5,275,2.9
2026-08-01 12:00:00,27.9,87,990.1,11.9,276,3.0
2026-08-01 13:00:00,27.2,89,990.2,12.8,264,0.0
2026-08-01 14:00:00,27.0,91,991.2,12.4,267,0.1
2026-08-01 15:00:00,27.0,92,992.2,13.2,272,0.1
2026-08-01 16:00:00,26.7,93,992.8,11.5,270,0.2
2026-08-01 17:00:00,26.5,94,993.2,11.5,253,0.1
2026-08-01 18:00:00,25.9,95,994.1,13.2,265,0.5
2026-08-01 19:00:00,25.7,95,993.8,12.0,256,0.2
2026-08-01 20:00:00,25.6,95,993.4,13.2,260,0.1
2026-08-01 21:00:00,25.6,95,993.4,11.2,258,0.1
2026-08-01 22:00:00,25.7,95,993.3,10.2,252,0.1
2026-08-01 23:00:00,25.8,94,993.6,9.6,253,0.2
2026-08-02 00:00:00,25.8,93,993.9,9.5,243,0.4
2026-08-02 01:00:00,25.8,91,994.6,9.9,241,0.0
2026-08-02 02:00:00,26.4,89,994.8,7.2,245,0.0
2026-08-02 03:00:00,27.4,84,995.4,9.7,248,0.0
2026-08-02 04:00:00,28.6,78,995.6,11.3,253,0.0
2026-08-02 05:00:00,28.8,79,995.6,10.1,243,0.1
2026-08-02 06:00:00,29.2,75,995.8,10.7,258,0.2
2026-08-02 07:00:00,30.0,71,995.7,9.8,257,0.1
2026-08-02 08:00:00,31.2,66,995.1,8.9,257,0.1
2026-08-02 09:00:00,32.2,62,994.4,9.3,245,0.1
2026-08-02 10:00:00,32.6,60,993.5,9.7,236,0.1
2026-08-02 11:00:00,32.3,61,993.3,11.1,253,0.4
2026-08-02 12:00:00,29.8,73,994.1,11.5,279,0.5
2026-08-02 13:00:00,29.1,75,994.5,11.1,277,0.0
2026-08-02 14:00:00,28.2,81,995.0,8.5,266,0.0
2026-08-02 15:00:00,27.9,81,995.8,8.9,249,0.0
2026-08-02 16:00:00,27.8,83,996.4,8.8,229,0.0
2026-08-02 17:00:00,27.3,85,997.3,10.1,239,0.0
2026-08-02 18:00:00,27.1,87,997.4,10.6,259,0.0
2026-08-02 19:00:00,26.9,88,996.9,10.8,252,0.1
2026-08-02 20:00:00,26.8,88,996.8,11.8,258,0.1
2026-08-02 21:00:00,26.6,88,996.7,11.2,259,0.0
2026-08-02 22:00:00,26.6,87,996.6,10.8,259,0.0
2026-08-02 23:00:00,26.4,88,996.6,9.9,267,0.0
2026-08-03 00:00:00,26.4,91,996.4,10.0,253,0.0
2026-08-03 01:00:00,26.5,90,997.0,9.2,259,0.2
2026-08-03 02:00:00,26.3,92,997.7,10.4,260,0.6
2026-08-03 03:00:00,26.8,90,998.1,9.0,265,0.3
2026-08-03 04:00:00,27.7,86,998.5,8.6,259,0.1
2026-08-03 05:00:00,29.4,78,998.5,10.3,269,0.0
2026-08-03 06:00:00,29.9,74,998.8,10.3,267,0.1
2026-08-03 07:00:00,30.8,69,998.5,10.5,265,0.1
2026-08-03 08:00:00,31.5,64,998.2,11.3,270,0.0
2026-08-03 09:00:00,31.4,63,997.2,11.5,267,0.0
2026-08-03 10:00:00,31.5,63,996.6,11.6,258,0.1
2026-08-03 11:00:00,31.2,65,995.9,11.6,255,0.1
2026-08-03 12:00:00,30.3,69,996.1,9.7,268,0.0
2026-08-03 13:00:00,29.3,76,996.4,8.5,257,0.0
2026-08-03 14:00:00,28.7,79,996.5,9.0,270,0.0
2026-08-03 15:00:00,28.1,83,997.8,7.6,251,0.0
2026-08-03 16:00:00,27.7,86,998.5,7.6,216,0.1
2026-08-03 17:00:00,27.3,89,999.3,6.5,204,0.5
2026-08-03 18:00:00,27.7,87,998.9,7.8,202,0.4
2026-08-03 19:00:00,27.6,88,998.5,7.1,216,0.0
2026-08-03 20:00:00,27.1,89,998.4,7.6,218,0.1
2026-08-03 21:00:00,26.7,91,998.3,7.3,216,0.2
2026-08-03 22:00:00,26.4,92,998.3,8.0,226,0.0
2026-08-03 23:00:00,26.2,93,998.4,5.9,235,0.2
2026-08-04 00:00:00,26.6,91,998.0,7.5,249,0.0
2026-08-04 01:00:00,26.6,89,998.8,9.2,254,0.0
2026-08-04 02:00:00,27.0,87,999.4,7.7,249,0.0
2026-08-04 03:00:00,28.0,80,999.8,10.5,264,0.1
2026-08-04 04:00:00,29.0,75,1000.1,9.9,271,0.1
2026-08-04 05:00:00,30.1,69,1000.4,9.2,268,0.1
2026-08-04 06:00:00,31.0,64,1000.1,8.7,265,0.0
2026-08-04 07:00:00,31.9,60,999.5,7.2,252,0.0
2026-08-04 08:00:00,32.7,56,998.7,6.7,234,0.0
2026-08-04 09:00:00,33.0,54,998.1,7.5,217,0.0
2026-08-04 10:00:00,32.8,54,997.1,7.1,221,0.0
2026-08-04 11:00:00,33.0,53,996.2,6.3,215,0.0
2026-08-04 12:00:00,31.6,61,996.6,9.7,254,0.0
2026-08-04 13:00:00,30.5,69,996.7,8.0,280,0.0
2026-08-04 14:00:00,29.6,75,997.3,6.0,275,0.0
2026-08-04 15:00:00,29.1,78,997.9,4.7,196,0.0
2026-08-04 16:00:00,28.4,83,998.8,8.6,170,0.0
2026-08-04 17:00:00,27.9,85,998.8,8.3,184,0.0
2026-08-04 18:00:00,27.8,86,998.4,8.3,202,0.0
2026-08-04 19:00:00,27.5,87,997.8,7.1,223,0.0
2026-08-04 20:00:00,27.4,83,997.6,8.2,247,0.0
2026-08-04 21:00:00,27.2,82,997.2,9.1,255,0.0
2026-08-04 22:00:00,26.9,84,997.1,8.2,248,0.0
2026-08-04 23:00:00,26.6,87,997.1,7.5,246,0.0
2026-08-05 00:00:00,25.4,94,997.1,5.0,195,0.0
2026-08-05 01:00:00,25.5,95,997.3,4.3,336,0.6
2026-08-05 02:00:00,26.4,93,998.2,6.0,286,0.2
2026-08-05 03:00:00,27.0,88,998.2,6.3,268,0.2
2026-08-05 04:00:00,28.2,80,998.2,7.4,270,0.2
2026-08-05 05:00:00,29.5,73,998.2,7.3,261,0.3
2026-08-05 06:00:00,30.4,68,997.8,7.8,255,0.2
2026-08-05 07:00:00,31.2,64,997.3,8.1,242,0.1
2026-08-05 08:00:00,32.0,61,996.2,9.1,240,0.0
2026-08-05 09:00:00,32.9,56,995.5,9.7,243,0.0
2026-08-05 10:00:00,33.0,56,994.6,9.4,238,0.0
2026-08-05 11:00:00,33.1,55,993.9,9.2,231,0.0
2026-08-05 12:00:00,31.8,60,994.4,7.3,226,0.0
2026-08-05 13:00:00,30.9,68,994.8,6.4,218,0.0
2026-08-05 14:00:00,29.8,75,995.3,7.6,192,0.0
2026-08-05 15:00:00,28.8,81,996.0,8.6,181,0.0
2026-08-05 16:00:00,28.2,84,996.6,9.4,188,0.0
2026-08-05 17:00:00,28.1,84,996.8,9.0,190,0.0
2026-08-05 18:00:00,28.1,86,996.6,8.0,207,0.0
2026-08-05 19:00:00,27.8,87,996.2,7.0,220,0.1
2026-08-05 20:00:00,27.7,87,995.7,7.7,237,0.1
2026-08-05 21:00:00,27.1,89,995.6,8.9,249,0.3
2026-08-05 22:00:00,26.7,90,995.8,8.2,261,0.2
2026-08-05 23:00:00,26.7,90,996.0,7.3,245,0.0
2026-08-06 00:00:00,26.8,90,995.7,8.3,237,0.0
2026-08-06 01:00:00,26.5,88,996.3,8.6,239,0.0
2026-08-06 02:00:00,26.8,86,996.7,8.6,241,0.0
2026-08-06 03:00:00,27.8,81,996.8,11.7,247,0.0
2026-08-06 04:00:00,29.0,74,997.3,10.5,251,0.0
2026-08-06 05:00:00,30.1,69,997.2,9.4,247,0.0
2026-08-06 06:00:00,31.0,63,997.1,10.8,237,0.0
2026-08-06 07:00:00,31.8,59,996.6,11.6,237,0.0
2026-08-06 08:00:00,32.4,55,996.0,12.5,245,0.0
2026-08-06 09:00:00,33.2,52,995.2,11.0,251,0.0
2026-08-06 10:00:00,33.2,51,994.7,10.5,251,0.0
2026-08-06 11:00:00,33.6,49,994.1,9.5,248,0.0
2026-08-06 12:00:00,32.0,59,994.5,7.2,248,0.0
2026-08-06 13:00:00,31.5,65,994.3,5.8,265,0.0
2026-08-06 14:00:00,30.7,74,995.1,2.7,298,0.0
2026-08-06 15:00:00,30.3,76,995.7,3.7,209,0.0
2026-08-06 16:00:00,29.4,78,996.6,8.8,255,0.0
2026-08-06 17:00:00,28.7,81,996.9,9.2,272,0.1
2026-08-06 18:00:00,27.4,89,996.9,7.9,237,0.1
2026-08-06 19:00:00,27.3,90,996.4,9.6,258,0.3
2026-08-06 20:00:00,27.0,90,996.2,10.3,251,0.3
2026-08-06 21:00:00,26.7,87,996.3,10.9,257,0.1
2026-08-06 22:00:00,26.3,87,996.6,8.8,259,0.0
2026-08-06 23:00:00,25.8,89,996.5,7.5,249,0.0
2026-08-07 00:00:00,26.4,85,996.2,9.4,238,0.0
2026-08-07 01:00:00,26.2,86,997.0,8.3,243,0.0
2026-08-07 02:00:00,27.0,83,997.4,8.7,252,0.0
2026-08-07 03:00:00,28.1,79,997.3,8.3,246,0.0
2026-08-07 04:00:00,28.5,76,997.5,13.9,256,0.1
2026-08-07 05:00:00,29.6,70,997.6,13.1,263,0.2
2026-08-07 06:00:00,30.1,69,997.5,12.9,254,0.2
2026-08-07 07:00:00,31.4,63,997.2,12.6,257,0.1
2026-08-07 08:00:00,32.2,59,996.6,11.7,261,0.0
2026-08-07 09:00:00,32.9,56,995.9,10.7,256,0.0
2026-08-07 10:00:00,33.5,52,995.3,11.9,260,0.0
2026-08-07 11:00:00,33.4,51,994.7,10.1,268,0.0
2026-08-07 12:00:00,32.0,58,994.8,11.8,246,0.0
2026-08-07 13:00:00,31.2,63,995.0,6.7,236,0.0
2026-08-07 14:00:00,30.2,72,995.3,6.5,208,0.0
2026-08-07 15:00:00,29.7,73,995.7,7.7,240,0.0
2026-08-07 16:00:00,29.1,74,996.3,7.9,250,0.0
2026-08-07 17:00:00,28.6,76,996.7,8.1,246,0.0
2026-08-07 18:00:00,28.6,73,996.7,10.3,259,0.0
2026-08-07 19:00:00,28.1,75,996.9,11.0,266,0.0
2026-08-07 20:00:00,27.6,79,996.8,10.3,274,0.0
2026-08-07 21:00:00,27.1,82,996.7,8.9,263,0.0
2026-08-07 22:00:00,26.7,85,996.7,8.0,256,0.0
2026-08-07 23:00:00,26.2,87,996.6,8.8,247,0.0
2026-08-08 00:00:00,26.6,84,996.4,9.6,258,0.0
2026-08-08 01:00:00,26.7,84,997.2,8.4,261,0.0
2026-08-08 02:00:00,26.9,84,997.9,6.9,253,0.0
2026-08-08 03:00:00,27.4,81,998.1,11.6,264,0.1
2026-08-08 04:00:00,28.8,74,998.1,13.1,268,0.1
2026-08-08 05:00:00,30.4,66,998.1,11.0,266,0.1
2026-08-08 06:00:00,31.6,59,998.4,9.6,258,0.0
2026-08-08 07:00:00,32.6,53,998.0,9.1,255,0.0
2026-08-08 08:00:00,33.0,51,997.7,9.4,262,0.0
2026-08-08 09:00:00,33.1,51,996.7,9.6,261,0.0
2026-08-08 10:00:00,33.3,51,996.0,9.9,255,0.0
2026-08-08 11:00:00,33.1,53,995.4,10.9,251,0.0
2026-08-08 12:00:00,32.6,55,995.4,10.0,240,0.0
2026-08-08 13:00:00,31.9,59,995.8,6.7,256,0.0
2026-08-08 14:00:00,31.0,67,996.2,4.0,278,0.0
2026-08-08 15:00:00,30.8,69,997.0,3.8,265,0.0
2026-08-08 16:00:00,30.0,73,998.0,8.0,186,0.0
2026-08-08 17:00:00,29.0,77,998.3,7.9,193,0.0
2026-08-08 18:00:00,28.8,78,998.3,7.1,196,0.0
2026-08-08 19:00:00,28.4,80,998.2,8.9,242,0.0
2026-08-08 20:00:00,28.2,78,998.0,10.9,264,0.0
2026-08-08 21:00:00,27.6,81,997.9,10.7,257,0.0
2026-08-08 22:00:00,27.3,84,998.0,9.7,260,0.0
2026-08-08 23:00:00,27.0,85,997.8,9.1,256,0.0
2026-08-09 00:00:00,27.1,85,997.9,8.5,268,0.0
2026-08-09 01:00:00,27.3,84,998.6,9.4,274,0.0
2026-08-09 02:00:00,27.6,82,999.2,10.7,276,0.0
2026-08-09 03:00:00,28.1,79,999.5,11.6,276,0.2
2026-08-09 04:00:00,29.1,74,1000.0,10.8,280,0.2
2026-08-09 05:00:00,30.1,68,1000.0,9.4,272,0.3
2026-08-09 06:00:00,30.7,64,999.5,10.3,273,0.2
2026-08-09 07:00:00,31.9,58,999.1,11.0,268,0.7
2026-08-09 08:00:00,32.7,55,998.3,10.6,268,0.5
2026-08-09 09:00:00,33.1,53,997.4,9.7,267,0.1
2026-08-09 10:00:00,33.6,51,996.8,8.5,270,0.0
2026-08-09 11:00:00,33.6,50,996.2,8.8,271,0.0
2026-08-09 12:00:00,32.7,53,996.3,13.1,268,0.0
2026-08-09 13:00:00,31.9,57,996.6,8.6,248,0.0
2026-08-09 14:00:00,31.0,64,996.9,8.3,231,0.0
2026-08-09 15:00:00,30.4,68,997.3,9.2,230,0.0
2026-08-09 16:00:00,30.0,71,997.8,8.1,239,0.0
2026-08-09 17:00:00,29.3,75,998.6,7.8,228,0.0
2026-08-09 18:00:00,28.8,78,998.2,8.4,214,0.0
2026-08-09 19:00:00,28.5,76,998.2,9.2,253,0.0
2026-08-09 20:00:00,28.3,71,998.0,11.9,265,0.0
2026-08-09 21:00:00,27.7,73,997.5,12.1,264,0.0
2026-08-09 22:00:00,27.3,78,997.5,10.4,261,0.0
2026-08-09 23:00:00,26.9,82,997.3,11.5,259,0.0
2026-08-10 00:00:00,27.1,83,997.1,11.6,266,0.0
2026-08-10 01:00:00,27.2,83,997.5,11.2,264,0.0
2026-08-10 02:00:00,27.1,84,998.3,12.2,272,0.0
2026-08-10 03:00:00,27.3,82,998.5,11.0,276,0.2
2026-08-10 04:00:00,28.9,72,998.9,13.0,281,0.2
2026-08-10 05:00:00,29.0,71,998.9,11.7,291,0.1
2026-08-10 06:00:00,29.1,71,998.8,9.8,277,0.3
2026-08-10 07:00:00,28.7,75,998.6,4.6,261,0.8
2026-08-10 08:00:00,28.5,78,998.5,4.0,291,1.3
2026-08-10 09:00:00,28.1,83,997.7,1.5,225,2.0
2026-08-10 10:00:00,27.7,88,996.8,4.0,188,1.2
2026-08-10 11:00:00,27.7,89,995.9,6.4,223,0.7
2026-08-10 12:00:00,27.8,84,996.1,8.5,197,0.3
2026-08-10 13:00:00,27.5,87,996.2,8.2,199,0.1
2026-08-10 14:00:00,27.0,89,996.4,8.1,208,0.1
2026-08-10 15:00:00,26.7,91,997.0,7.1,199,0.0
2026-08-10 16:00:00,26.5,92,997.3,8.3,207,0.0
2026-08-10 17:00:00,26.5,92,997.6,8.3,194,0.0
2026-08-10 18:00:00,26.7,91,997.3,9.0,206,0.0
2026-08-10 19:00:00,26.6,91,996.8,8.2,216,0.0
2026-08-10 20:00:00,26.6,91,996.5,7.3,230,0.1
2026-08-10 21:00:00,26.6,90,996.3,7.7,240,0.1
2026-08-10 22:00:00,26.6,89,996.1,9.7,254,0.0
2026-08-10 23:00:00,26.5,88,995.9,9.8,265,0.0
2026-08-11 00:00:00,26.6,89,996.4,8.8,271,0.0
2026-08-11 01:00:00,26.4,90,996.6,8.7,276,0.1
2026-08-11 02:00:00,26.7,89,997.5,7.0,283,0.4
2026-08-11 03:00:00,26.6,92,997.5,6.7,279,1.6
2026-08-11 04:00:00,26.9,92,998.2,6.3,294,2.2
2026-08-11 05:00:00,27.4,89,998.3,7.0,305,1.3
2026-08-11 06:00:00,28.6,79,998.1,13.0,289,0.6
2026-08-11 07:00:00,29.6,72,997.3,13.3,293,0.2
2026-08-11 08:00:00,29.7,72,996.5,11.9,300,0.1
2026-08-11 09:00:00,30.1,71,995.9,12.0,298,0.1
2026-08-11 10:00:00,29.6,71,995.0,10.6,300,0.1
2026-08-11 11:00:00,29.7,69,994.1,8.2,279,0.1
2026-08-11 12:00:00,29.5,71,994.3,11.5,281,0.1
2026-08-11 13:00:00,29.1,72,995.1,6.6,283,0.0
2026-08-11 14:00:00,28.4,78,996.0,5.1,266,0.0
2026-08-11 15:00:00,27.9,82,996.4,3.6,303,0.0
2026-08-11 16:00:00,27.8,84,997.3,2.5,225,0.0
2026-08-11 17:00:00,27.5,86,997.7,5.7,215,0.0
2026-08-11 18:00:00,27.4,83,997.6,6.4,245,0.0
2026-08-11 19:00:00,26.9,85,997.3,6.0,245,0.0
2026-08-11 20:00:00,26.6,88,997.0,6.0,237,0.0
2026-08-11 21:00:00,26.4,91,996.4,8.1,249,0.1
2026-08-11 22:00:00,26.2,89,996.6,10.0,255,0.1
2026-08-11 23:00:00,25.9,90,996.4,9.4,257,0.0
2026-08-12 00:00:00,26.1,89,996.1,8.9,257,0.0
2026-08-12 01:00:00,26.2,91,997.1,7.5,250,0.0
2026-08-12 02:00:00,26.8,90,997.7,8.5,257,0.2
2026-08-12 03:00:00,26.9,90,998.0,9.4,259,0.3
2026-08-12 04:00:00,27.3,88,998.5,10.1,265,0.1
2026-08-12 05:00:00,27.4,87,999.0,8.0,293,0.3
2026-08-12 06:00:00,29.5,77,998.9,8.3,284,0.4
2026-08-12 07:00:00,28.2,81,998.5,7.3,281,0.6
2026-08-12 08:00:00,28.3,81,998.2,7.2,288,1.0
2026-08-12 09:00:00,28.0,84,997.6,5.1,278,1.1
2026-08-12 10:00:00,28.1,83,997.2,3.1,291,0.4
2026-08-12 11:00:00,28.0,83,996.7,1.8,270,0.2
2026-08-12 12:00:00,27.7,84,996.9,5.8,248,0.9
2026-08-12 13:00:00,27.0,92,997.6,4.4,210,1.6
2026-08-12 14:00:00,26.8,94,998.1,3.6,189,1.8
2026-08-12 15:00:00,26.6,96,998.6,4.3,204,1.5
2026-08-12 16:00:00,26.4,95,999.6,5.5,207,0.6
2026-08-12 17:00:00,26.2,95,1000.0,5.9,192,0.1
2026-08-12 18:00:00,26.1,93,999.9,5.5,207,0.1
2026-08-12 19:00:00,25.8,93,999.4,6.7,211,0.0
2026-08-12 20:00:00,25.6,93,999.3,6.4,207,0.0
2026-08-12 21:00:00,25.5,93,998.9,5.9,207,0.0
2026-08-12 22:00:00,25.5,94,998.5,6.4,220,0.0
2026-08-12 23:00:00,25.5,95,998.5,6.9,213,0.0
2026-08-13 00:00:00,25.1,97,998.6,8.1,223,0.0
2026-08-13 01:00:00,25.2,97,998.8,7.8,232,1.0
2026-08-13 02:00:00,25.9,94,999.3,8.9,238,0.1
2026-08-13 03:00:00,26.8,90,999.7,8.1,231,0.1
2026-08-13 04:00:00,28.0,84,1000.2,8.4,239,0.0
2026-08-13 05:00:00,28.7,79,1000.1,7.1,261,0.0
2026-08-13 06:00:00,30.0,72,999.9,8.8,270,0.3
2026-08-13 07:00:00,30.7,70,999.5,8.3,269,0.0
2026-08-13 08:00:00,31.7,67,998.7,8.8,265,0.0
2026-08-13 09:00:00,31.2,67,998.0,8.5,269,0.0
2026-08-13 10:00:00,31.2,67,997.1,6.5,256,0.0
2026-08-13 11:00:00,27.1,90,997.2,9.8,224,6.0
2026-08-13 12:00:00,29.9,71,997.3,8.2,238,2.9
2026-08-13 13:00:00,29.0,76,997.7,7.1,223,0.0
2026-08-13 14:00:00,28.1,80,998.3,7.8,212,0.1
2026-08-13 15:00:00,27.4,83,999.1,9.4,200,0.0
2026-08-13 16:00:00,26.8,87,999.8,9.2,196,0.0
2026-08-13 17:00:00,26.5,89,999.9,8.5,205,0.0
2026-08-13 18:00:00,26.5,90,999.3,9.1,210,0.0
2026-08-13 19:00:00,26.5,89,998.8,9.6,233,0.2
2026-08-13 20:00:00,26.3,91,998.5,10.5,239,0.2
2026-08-13 21:00:00,26.3,91,998.2,10.2,238,0.0
2026-08-13 22:00:00,26.2,90,997.9,9.1,236,0.0
2026-08-13 23:00:00,26.0,91,998.0,8.0,239,0.0
2026-08-14 00:00:00,26.3,88,998.1,8.4,251,0.0
2026-08-14 01:00:00,26.1,89,998.6,8.7,249,0.1
2026-08-14 02:00:00,26.3,87,999.2,8.0,239,0.0
2026-08-14 03:00:00,26.6,86,999.5,9.5,243,0.1
2026-08-14 04:00:00,27.7,81,999.4,11.8,247,0.2
2026-08-14 05:00:00,29.0,76,999.7,9.9,241,0.4
2026-08-14 06:00:00,30.3,69,999.9,10.9,248,0.1
2026-08-14 07:00:00,29.5,72,999.9,9.1,236,1.0
2026-08-14 08:00:00,30.9,67,999.2,9.3,238,0.1
2026-08-14 09:00:00,31.2,66,998.3,8.5,235,0.1
2026-08-14 10:00:00,31.7,63,997.6,8.1,223,0.1
2026-08-14 11:00:00,31.7,63,996.7,7.5,228,0.3
2026-08-14 12:00:00,27.9,88,997.5,6.0,277,0.3
2026-08-14 13:00:00,28.2,85,997.8,7.3,263,0.4
2026-08-14 14:00:00,27.2,90,998.5,4.3,197,0.8
2026-08-14 15:00:00,27.4,89,998.8,4.5,233,0.0
2026-08-14 16:00:00,27.2,88,999.5,6.0,224,0.0
2026-08-14 17:00:00,27.1,87,999.7,6.3,231,0.0
2026-08-14 18:00:00,27.1,85,999.5,7.9,235,0.0
2026-08-14 19:00:00,26.7,87,998.9,7.4,229,0.0
2026-08-14 20:00:00,26.4,89,998.8,7.3,226,0.1
2026-08-14 21:00:00,25.8,92,998.7,7.5,224,0.9
2026-08-14 22:00:00,25.4,95,998.8,7.7,231,1.2
2026-08-14 23:00:00,25.4,96,998.8,6.1,225,1.1
2026-08-15 00:00:00,25.6,96,998.9,6.3,235,0.2
2026-08-15 01:00:00,25.6,96,999.4,6.1,230,0.6
2026-08-15 02:00:00,26.0,94,999.8,6.4,243,0.1
2026-08-15 03:00:00,26.7,89,1000.1,5.9,256,0.1
2026-08-15 04:00:00,27.8,82,1000.6,6.2,255,0.1
2026-08-15 05:00:00,28.7,79,1000.8,4.0,252,0.2
2026-08-15 06:00:00,29.6,69,1000.4,6.7,256,0.1
2026-08-15 07:00:00,30.9,63,999.8,7.8,251,0.0
2026-08-15 08:00:00,31.6,60,999.1,8.3,240,0.0
2026-08-15 09:00:00,32.0,58,998.4,8.6,234,0.0
2026-08-15 10:00:00,32.1,57,997.6,8.3,228,0.0
2026-08-15 11:00:00,32.2,56,996.9,8.5,232,0.0
2026-08-15 12:00:00,32.0,57,997.1,6.4,230,0.0
2026-08-15 13:00:00,30.7,67,997.3,6.9,200,0.0
2026-08-15 14:00:00,28.2,80,998.2,12.6,182,0.0
2026-08-15 15:00:00,27.9,84,998.8,8.9,209,0.0
2026-08-15 16:00:00,27.7,86,999.6,7.6,218,0.0
2026-08-15 17:00:00,27.6,86,999.9,7.5,243,0.0
2026-08-15 18:00:00,27.6,81,999.5,9.2,259,0.0
2026-08-15 19:00:00,27.2,83,999.3,8.0,236,0.0
2026-08-15 20:00:00,27.1,84,998.8,7.3,239,0.0
2026-08-15 21:00:00,26.9,84,998.4,7.6,242,0.0
2026-08-15 22:00:00,26.6,85,998.0,7.1,240,0.0
2026-08-15 23:00:00,26.1,88,997.9,6.8,217,0.0
2026-08-16 00:00:00,26.0,88,998.0,7.9,227,0.0
2026-08-16 01:00:00,25.7,89,998.4,7.1,225,0.0
2026-08-16 02:00:00,26.4,87,998.6,6.9,227,0.0
2026-08-16 03:00:00,27.3,82,999.4,8.4,235,0.1
2026-08-16 04:00:00,27.6,81,999.7,8.6,229,0.5
2026-08-16 05:00:00,28.5,78,999.6,6.6,223,0.0
2026-08-16 06:00:00,29.4,70,999.2,8.9,228,0.3
2026-08-16 07:00:00,29.5,69,998.9,9.1,232,0.4
2026-08-16 08:00:00,30.3,67,998.2,9.8,234,0.4
2026-08-16 09:00:00,30.4,69,997.7,8.6,229,0.4
2026-08-16 10:00:00,30.8,68,997.1,6.7,224,0.0
2026-08-16 11:00:00,30.8,68,996.4,7.8,226,0.0
2026-08-16 12:00:00,29.8,72,997.1,7.5,220,0.0
2026-08-16 13:00:00,29.0,76,997.4,5.1,170,0.1
2026-08-16 14:00:00,28.2,81,998.0,9.0,160,0.0
2026-08-16 15:00:00,27.5,85,998.5,9.5,179,0.0
2026-08-16 16:00:00,27.4,87,999.3,9.5,189,0.0
2026-08-16 17:00:00,27.2,89,999.4,8.5,197,0.0
2026-08-16 18:00:00,27.2,87,999.2,9.0,223,0.0
2026-08-16 19:00:00,26.8,87,999.0,9.1,229,0.1
2026-08-16 20:00:00,26.5,88,998.6,7.9,229,0.1
2026-08-16 21:00:00,26.4,88,998.5,7.3,230,0.0
2026-08-16 22:00:00,26.4,88,998.3,7.7,234,0.0
2026-08-16 23:00:00,26.2,89,998.4,8.0,236,0.0
2026-08-17 00:00:00,25.9,91,998.2,7.8,220,0.0
2026-08-17 01:00:00,25.8,91,998.7,8.0,220,0.1
2026-08-17 02:00:00,26.4,87,999.2,8.8,226,0.1
2026-08-17 03:00:00,27.2,84,999.8,8.8,226,0.2
2026-08-17 04:00:00,28.0,81,1000.4,9.2,235,0.1
2026-08-17 05:00:00,29.0,77,1000.5,9.2,227,0.0
2026-08-17 06:00:00,29.3,70,1000.1,10.6,230,0.1
2026-08-17 07:00:00,30.1,66,999.8,11.0,228,0.0
2026-08-17 08:00:00,31.0,61,999.0,12.8,232,0.0
2026-08-17 09:00:00,31.5,59,998.5,11.7,226,0.0
2026-08-17 10:00:00,31.1,64,997.7,9.4,204,0.0
2026-08-17 11:00:00,31.7,62,997.3,8.4,223,0.0
2026-08-17 12:00:00,31.1,64,997.5,8.4,214,0.0
2026-08-17 13:00:00,30.1,73,997.8,7.3,173,0.1
2026-08-17 14:00:00,28.8,79,998.2,9.4,182,0.0
2026-08-17 15:00:00,28.5,79,999.1,7.4,206,0.0
2026-08-17 16:00:00,28.0,81,999.9,7.0,224,0.2
2026-08-17 17:00:00,27.5,84,1000.5,7.0,215,0.3
2026-08-17 18:00:00,27.5,83,1000.2,10.7,243,0.1
2026-08-17 19:00:00,27.2,83,1000.1,10.1,246,0.0
2026-08-17 20:00:00,27.0,83,1000.0,9.3,245,0.0
2026-08-17 21:00:00,26.5,84,999.5,8.9,242,0.0
2026-08-17 22:00:00,26.0,86,999.4,7.9,240,0.0
2026-08-17 23:00:00,25.6,88,999.4,6.6,229,0.0
2026-08-18 00:00:00,25.6,89,999.5,6.0,219,0.0
2026-08-18 01:00:00,25.3,90,1000.1,6.3,219,0.0
2026-08-18 02:00:00,26.0,89,1000.5,5.9,223,0.1
2026-08-18 03:00:00,27.2,84,1000.9,7.6,232,0.0
2026-08-18 04:00:00,28.6,76,1001.2,11.7,243,0.0
2026-08-18 05:00:00,29.7,71,1001.4,12.2,242,0.0
2026-08-18 06:00:00,30.6,65,1001.2,14.2,244,0.0
2026-08-18 07:00:00,31.0,62,1000.8,15.0,244,0.0
2026-08-18 08:00:00,31.1,63,1000.3,12.7,241,0.0
2026-08-18 09:00:00,31.9,59,999.5,12.2,243,0.0
2026-08-18 10:00:00,32.1,57,998.7,13.0,243,0.0
2026-08-18 11:00:00,32.4,57,998.0,11.3,241,0.0
2026-08-18 12:00:00,32.1,59,997.9,7.2,233,0.0
2026-08-18 13:00:00,31.3,65,998.1,8.1,233,0.0
2026-08-18 14:00:00,29.9,72,998.6,7.6,234,0.0
2026-08-18 15:00:00,29.3,74,999.5,7.2,248,0.0
2026-08-18 16:00:00,28.6,77,1000.2,7.4,273,0.0
2026-08-18 17:00:00,28.0,79,1000.7,8.0,260,0.0
2026-08-18 18:00:00,27.6,84,1000.4,8.0,243,0.0
2026-08-18 19:00:00,27.0,87,1000.3,8.0,256,0.1
2026-08-18 20:00:00,26.9,87,1000.0,9.8,257,0.0
2026-08-18 21:00:00,26.5,84,999.7,11.6,252,0.0
2026-08-18 22:00:00,26.0,85,999.6,10.6,255,0.0
2026-08-18 23:00:00,25.6,87,999.6,9.2,249,0.0
2026-08-19 00:00:00,25.9,84,999.5,8.8,244,0.0
2026-08-19 01:00:00,25.8,85,999.9,8.8,239,0.0
2026-08-19 02:00:00,26.5,84,1000.4,7.6,223,0.0
2026-08-19 03:00:00,27.0,84,1000.8,7.9,225,0.2
2026-08-19 04:00:00,27.7,83,1001.3,10.3,229,0.3
2026-08-19 05:00:00,28.6,78,1001.7,11.6,231,0.2
2026-08-19 06:00:00,30.1,70,1001.6,13.2,250,0.0
2026-08-19 07:00:00,30.2,71,1001.2,10.8,249,0.1
2026-08-19 08:00:00,31.1,67,1000.6,12.0,242,0.2
2026-08-19 09:00:00,31.9,63,999.8,12.9,237,0.0
2026-08-19 10:00:00,32.3,58,999.0,12.2,229,0.0
2026-08-19 11:00:00,32.6,54,998.4,12.6,232,0.0
2026-08-19 12:00:00,31.0,64,998.7,10.9,239,0.0
2026-08-19 13:00:00,30.6,68,998.8,8.7,225,0.0
2026-08-19 14:00:00,29.7,73,999.2,7.9,215,0.0
2026-08-19 15:00:00,28.7,79,999.9,8.1,184,0.0
2026-08-19 16:00:00,28.1,85,1000.7,6.4,198,0.1
2026-08-19 17:00:00,27.8,86,1001.2,6.0,243,0.0
2026-08-19 18:00:00,28.3,75,1001.0,12.9,277,0.0
2026-08-19 19:00:00,27.5,79,1000.6,12.9,276,0.0
2026-08-19 20:00:00,27.0,82,1000.7,12.4,278,0.0
2026-08-19 21:00:00,26.6,85,1000.4,11.4,275,0.0
2026-08-19 22:00:00,26.1,87,1000.2,8.9,262,0.0
2026-08-19 23:00:00,26.0,86,1000.1,8.7,240,0.0
2026-08-20 00:00:00,26.5,81,999.9,7.7,252,0.0
2026-08-20 01:00:00,25.8,85,1000.5,7.2,243,0.0
2026-08-20 02:00:00,26.5,85,1001.2,5.0,235,0.1
2026-08-20 03:00:00,27.6,79,1001.8,8.1,239,0.1
2026-08-20 04:00:00,28.7,72,1001.8,11.4,246,0.0
2026-08-20 05:00:00,29.7,66,1001.8,10.8,255,0.0
2026-08-20 06:00:00,30.1,65,1001.6,11.6,254,0.1
2026-08-20 07:00:00,30.4,66,1001.1,9.5,243,0.2
2026-08-20 08:00:00,31.2,62,1000.5,9.7,246,0.0
2026-08-20 09:00:00,31.7,60,999.4,10.4,253,0.0
2026-08-20 10:00:00,31.7,59,998.8,11.4,251,0.0
2026-08-20 11:00:00,31.5,60,998.3,9.2,249,0.1
2026-08-20 12:00:00,30.8,64,998.0,4.9,178,0.0
2026-08-20 13:00:00,30.4,69,998.4,5.8,146,0.0
2026-08-20 14:00:00,29.2,74,999.1,7.5,138,0.0
2026-08-20 15:00:00,28.8,76,999.9,6.8,155,0.0
2026-08-20 16:00:00,28.2,82,1000.6,4.8,149,0.2
2026-08-20 17:00:00,27.7,87,1000.9,5.6,197,0.1
2026-08-20 18:00:00,26.7,93,1000.4,6.3,198,0.2
2026-08-20 19:00:00,26.8,89,1000.1,9.1,261,0.1
2026-08-20 20:00:00,26.6,86,999.8,10.4,270,0.1
2026-08-20 21:00:00,26.4,85,999.7,10.6,270,0.1
2026-08-20 22:00:00,26.1,87,999.4,8.5,269,0.0
2026-08-20 23:00:00,25.9,89,999.6,6.3,257,0.0
2026-08-21 00:00:00,26.3,87,999.5,6.7,218,0.0
2026-08-21 01:00:00,25.9,87,1000.0,7.8,226,0.0
2026-08-21 02:00:00,26.4,85,1001.0,6.6,227,0.1
2026-08-21 03:00:00,26.5,85,1000.9,9.1,236,0.4
2026-08-21 04:00:00,27.2,84,1001.2,8.8,251,0.3
2026-08-21 05:00:00,28.4,78,1001.3,9.2,271,0.2
2026-08-21 06:00:00,30.0,67,1000.8,11.2,266,0.3
2026-08-21 07:00:00,30.4,65,1000.5,11.7,267,0.4
2026-08-21 08:00:00,30.7,64,999.7,11.4,264,0.5
2026-08-21 09:00:00,31.6,60,999.0,10.7,262,0.1
2026-08-21 10:00:00,31.7,58,998.3,11.3,271,0.0
2026-08-21 11:00:00,31.7,59,997.6,11.7,270,0.0
2026-08-21 12:00:00,30.3,65,997.9,2.2,194,0.0
2026-08-21 13:00:00,29.8,68,998.1,5.1,144,0.0
2026-08-21 14:00:00,29.3,72,998.7,6.2,144,0.0
2026-08-21 15:00:00,28.8,75,999.1,6.7,174,0.0
2026-08-21 16:00:00,28.4,78,999.8,7.4,186,0.0
2026-08-21 17:00:00,28.0,79,1000.0,8.6,202,0.0
2026-08-21 18:00:00,27.7,81,999.9,7.2,192,0.0
2026-08-21 19:00:00,27.2,83,999.6,8.5,216,0.0
2026-08-21 20:00:00,27.0,84,999.4,9.4,235,0.1
2026-08-21 21:00:00,26.9,85,998.9,7.6,232,0.0
2026-08-21 22:00:00,26.7,87,998.6,7.2,233,0.2
2026-08-21 23:00:00,26.3,89,998.8,8.3,246,0.3
2026-08-22 00:00:00,26.4,90,998.8,5.6,245,0.1
2026-08-22 01:00:00,26.2,90,999.4,6.9,250,0.1
2026-08-22 02:00:00,26.8,84,1000.2,7.7,252,0.1
2026-08-22 03:00:00,27.6,79,1000.7,8.5,246,0.1
2026-08-22 04:00:00,28.7,72,1000.9,10.1,260,0.1
2026-08-22 05:00:00,30.1,66,1001.0,9.6,256,0.1
2026-08-22 06:00:00,31.1,60,1000.7,10.3,259,0.0
2026-08-22 07:00:00,32.4,54,999.9,10.4,256,0.0
2026-08-22 08:00:00,33.1,51,998.8,11.2,258,0.0
2026-08-22 09:00:00,33.2,52,998.0,10.9,264,0.0
2026-08-22 10:00:00,32.8,55,997.3,11.2,270,0.0
2026-08-22 11:00:00,32.6,57,996.8,9.4,267,0.0
2026-08-22 12:00:00,32.0,59,997.0,7.6,267,0.0
2026-08-22 13:00:00,32.0,58,997.2,5.7,252,0.0
2026-08-22 14:00:00,31.4,61,997.5,7.5,235,0.0
2026-08-22 15:00:00,30.6,66,997.9,7.6,255,0.0
2026-08-22 16:00:00,29.9,70,998.6,5.9,227,0.0
2026-08-22 17:00:00,28.8,76,999.1,6.6,209,0.0
2026-08-22 18:00:00,28.5,81,999.3,5.2,200,0.0
2026-08-22 19:00:00,28.3,80,998.8,5.1,287,0.0
2026-08-22 20:00:00,28.1,78,998.6,6.9,275,0.1
2026-08-22 21:00:00,27.3,81,998.2,6.3,263,0.1
2026-08-22 22:00:00,27.1,83,998.1,5.5,257,0.1
2026-08-22 23:00:00,27.0,84,998.1,5.8,274,0.0
2026-08-23 00:00:00,27.4,84,998.2,4.2,258,0.0
2026-08-23 01:00:00,27.1,86,998.8,4.8,245,0.2
2026-08-23 02:00:00,27.3,83,999.7,6.8,245,0.2
2026-08-23 03:00:00,27.9,79,1000.1,8.1,246,0.1
2026-08-23 04:00:00,29.6,69,1000.4,8.3,250,0.0
2026-08-23 05:00:00,30.9,61,1000.5,8.6,237,0.0
2026-08-23 06:00:00,31.8,56,1000.1,11.5,220,0.1
2026-08-23 07:00:00,32.8,50,999.9,12.6,222,0.0
2026-08-23 08:00:00,33.3,49,999.3,12.0,233,0.0
2026-08-23 09:00:00,33.2,49,998.5,11.3,241,0.0
2026-08-23 10:00:00,33.1,50,998.2,10.2,244,0.0
2026-08-23 11:00:00,32.8,52,997.6,9.8,253,0.0
2026-08-23 12:00:00,32.0,56,997.9,7.7,259,0.0
2026-08-23 13:00:00,31.7,57,998.1,5.6,239,0.0
2026-08-23 14:00:00,30.7,65,998.5,7.5,191,0.0
2026-08-23 15:00:00,29.4,76,999.4,8.5,187,0.0
2026-08-23 16:00:00,29.0,79,1000.1,6.4,196,0.0
2026-08-23 17:00:00,28.8,81,1000.5,5.9,203,0.0
2026-08-23 18:00:00,28.7,82,1000.2,4.5,241,0.0
2026-08-23 19:00:00,28.1,85,999.8,7.7,269,0.2
2026-08-23 20:00:00,27.9,83,999.6,8.3,292,0.2
2026-08-23 21:00:00,27.5,82,999.4,9.0,296,0.1
2026-08-23 22:00:00,27.3,82,999.1,8.0,286,0.1
2026-08-23 23:00:00,26.9,82,999.2,7.5,278,0.0
