timestamp,temperature,humidity,pressure,wind_speed,wind_direction,rainfall
2026-02-24 00:00:00,23.1,91,960.8,2.6,344,0.0
2026-02-24 01:00:00,23.3,92,961.8,1.2,117,0.0
2026-02-24 02:00:00,23.9,85,962.8,2.5,111,0.2
2026-02-24 03:00:00,25.2,77,963.5,4.0,87,0.1
2026-02-24 04:00:00,27.2,65,964.2,6.7,84,0.2
2026-02-24 05:00:00,29.4,51,964.2,7.7,90,0.0
2026-02-24 06:00:00,30.5,45,963.6,7.8,94,0.0
2026-02-24 07:00:00,32.5,38,962.3,8.4,97,0.0
2026-02-24 08:00:00,33.6,34,961.1,7.1,84,0.0
2026-02-24 09:00:00,34.3,32,960.1,8.0,76,0.0
2026-02-24 10:00:00,34.7,31,959.7,8.3,76,0.0
2026-02-24 11:00:00,34.1,32,959.7,5.8,74,0.0
2026-02-24 12:00:00,32.0,36,960.0,4.6,101,0.0
2026-02-24 13:00:00,30.9,39,960.7,3.4,227,0.0
2026-02-24 14:00:00,30.5,42,961.5,1.8,259,0.0
2026-02-24 15:00:00,28.6,51,962.8,5.4,266,0.4
2026-02-24 16:00:00,27.4,61,963.5,9.5,180,0.0
2026-02-24 17:00:00,25.4,77,964.1,11.8,193,0.0
2026-02-24 18:00:00,24.6,74,963.9,9.3,238,0.1
2026-02-24 19:00:00,25.1,70,963.8,5.0,2,0.0
2026-02-24 20:00:00,24.5,73,963.2,1.8,349,0.3
2026-02-24 21:00:00,24.4,73,962.6,0.9,349,0.0
2026-02-24 22:00:00,24.2,74,962.3,0.7,166,0.0
2026-02-24 23:00:00,24.2,72,962.4,2.0,350,0.0
2026-02-25 00:00:00,22.2,89,962.9,3.2,251,0.0
2026-02-25 01:00:00,22.9,82,963.7,1.9,304,0.0
2026-02-25 02:00:00,23.4,79,964.4,5.4,233,0.0
2026-02-25 03:00:00,25.0,73,965.4,4.9,208,0.0
2026-02-25 04:00:00,27.2,62,965.8,6.0,187,0.0
2026-02-25 05:00:00,29.5,51,965.9,6.3,173,0.0
2026-02-25 06:00:00,30.9,44,965.5,6.4,140,0.0
2026-02-25 07:00:00,31.9,41,964.0,5.8,129,0.0
2026-02-25 08:00:00,32.7,37,962.7,6.2,195,0.0
2026-02-25 09:00:00,27.1,58,962.0,19.1,239,0.5
2026-02-25 10:00:00,29.3,44,961.3,9.7,88,0.1
2026-02-25 11:00:00,30.8,40,961.7,3.1,135,0.0
2026-02-25 12:00:00,30.1,45,961.6,6.7,186,0.0
2026-02-25 13:00:00,28.2,53,962.1,7.1,207,0.0
2026-02-25 14:00:00,27.0,58,963.0,6.5,224,0.0
2026-02-25 15:00:00,25.8,69,963.7,4.6,222,0.0
2026-02-25 16:00:00,25.5,77,964.8,0.6,56,0.0
2026-02-25 17:00:00,24.5,78,965.1,8.3,141,0.0
2026-02-25 18:00:00,23.8,83,965.1,10.3,155,0.0
2026-02-25 19:00:00,22.8,89,964.6,6.9,189,0.1
2026-02-25 20:00:00,22.4,91,964.0,4.5,241,0.0
2026-02-25 21:00:00,22.4,93,963.3,0.8,225,0.0
2026-02-25 22:00:00,22.1,95,963.1,0.8,207,0.0
2026-02-25 23:00:00,21.9,96,963.2,0.6,288,0.0
2026-02-26 00:00:00,22.5,90,963.1,1.1,9,0.0
2026-02-26 01:00:00,23.0,87,964.1,1.9,248,0.0
2026-02-26 02:00:00,23.6,84,964.8,1.5,187,0.0
2026-02-26 03:00:00,25.0,76,965.3,1.3,188,0.0
2026-02-26 04:00:00,27.1,66,965.6,2.8,169,0.0
2026-02-26 05:00:00,28.9,57,965.2,3.5,165,0.0
2026-02-26 06:00:00,29.9,53,964.5,2.8,140,0.0
2026-02-26 07:00:00,31.0,48,963.1,2.6,65,0.1
2026-02-26 08:00:00,31.6,42,962.0,5.3,52,0.1
2026-02-26 09:00:00,32.1,39,960.8,2.5,135,0.1
2026-02-26 10:00:00,28.0,57,960.6,14.0,227,0.1
2026-02-26 11:00:00,27.9,51,960.5,11.4,231,0.1
2026-02-26 12:00:00,30.4,40,960.4,7.5,222,0.3
2026-02-26 13:00:00,28.0,52,960.9,9.3,236,0.0
2026-02-26 14:00:00,26.1,68,961.3,9.8,232,0.0
2026-02-26 15:00:00,25.4,75,961.9,4.8,233,0.0
2026-02-26 16:00:00,24.7,77,963.3,8.7,77,0.0
2026-02-26 17:00:00,24.3,82,963.4,1.9,146,0.1
2026-02-26 18:00:00,23.6,82,963.2,2.6,146,0.1
2026-02-26 19:00:00,23.4,79,962.7,6.8,228,0.0
2026-02-26 20:00:00,22.6,83,961.9,7.3,260,0.0
2026-02-26 21:00:00,22.7,84,960.9,7.7,307,0.0
2026-02-26 22:00:00,22.8,83,960.4,5.3,327,0.0
2026-02-26 23:00:00,22.7,83,960.4,5.1,337,0.0
2026-02-27 00:00:00,22.6,86,960.7,2.6,295,0.0
2026-02-27 01:00:00,22.9,83,961.5,3.6,229,0.0
2026-02-27 02:00:00,23.5,83,962.7,6.0,205,0.0
2026-02-27 03:00:00,25.1,74,963.4,3.8,199,0.0
2026-02-27 04:00:00,27.7,58,964.0,4.7,182,0.0
2026-02-27 05:00:00,29.5,45,964.0,5.6,176,0.0
2026-02-27 06:00:00,29.8,43,963.4,3.7,151,0.0
2026-02-27 07:00:00,30.8,39,962.4,3.4,87,0.1
2026-02-27 08:00:00,31.4,37,961.1,4.5,85,0.4
2026-02-27 09:00:00,32.2,36,959.8,4.8,158,0.5
2026-02-27 10:00:00,32.1,37,959.2,6.8,178,0.0
2026-02-27 11:00:00,31.0,39,959.2,10.1,213,0.0
2026-02-27 12:00:00,29.6,45,959.4,8.4,230,0.0
2026-02-27 13:00:00,28.0,52,959.6,7.8,248,0.0
2026-02-27 14:00:00,27.1,58,960.4,9.6,233,0.0
2026-02-27 15:00:00,26.7,60,960.9,11.2,233,0.0
2026-02-27 16:00:00,25.7,65,961.4,8.9,220,0.0
2026-02-27 17:00:00,24.8,69,961.0,8.6,219,0.0
2026-02-27 18:00:00,24.5,72,960.9,6.4,218,0.0
2026-02-27 19:00:00,24.0,77,960.6,3.9,196,0.0
2026-02-27 20:00:00,23.8,78,960.0,3.6,252,0.0
2026-02-27 21:00:00,23.5,80,959.8,1.5,30,0.0
2026-02-27 22:00:00,23.0,83,959.7,3.5,348,0.0
2026-02-27 23:00:00,22.4,87,959.7,3.1,336,0.0
2026-02-28 00:00:00,22.6,84,960.0,8.9,352,0.0
2026-02-28 01:00:00,22.8,76,961.1,9.6,355,0.0
2026-02-28 02:00:00,23.6,68,962.2,9.0,359,0.0
2026-02-28 03:00:00,25.4,60,963.0,9.1,27,0.0
2026-02-28 04:00:00,27.3,55,963.7,7.0,26,0.0
2026-02-28 05:00:00,28.9,50,963.6,4.7,72,0.0
2026-02-28 06:00:00,29.6,48,963.2,6.8,65,0.0
2026-02-28 07:00:00,31.1,42,961.9,5.2,61,0.0
2026-02-28 08:00:00,31.7,39,961.0,5.5,63,0.1
2026-02-28 09:00:00,32.0,38,960.1,6.4,63,0.1
2026-02-28 10:00:00,32.0,36,959.7,2.8,27,0.0
2026-02-28 11:00:00,31.8,36,959.5,3.1,291,0.0
2026-02-28 12:00:00,32.7,29,959.3,2.4,77,0.0
2026-02-28 13:00:00,29.7,42,959.6,13.3,240,0.0
2026-02-28 14:00:00,26.9,60,960.8,10.8,252,0.0
2026-02-28 15:00:00,26.2,64,961.4,7.3,216,0.0
2026-02-28 16:00:00,25.7,67,961.9,9.8,224,0.0
2026-02-28 17:00:00,25.3,67,961.6,7.7,208,0.0
2026-02-28 18:00:00,24.6,73,961.9,7.4,214,0.0
2026-02-28 19:00:00,23.8,80,961.5,2.8,225,0.0
2026-02-28 20:00:00,23.4,81,960.8,2.5,249,0.0
2026-02-28 21:00:00,23.1,81,960.2,3.2,243,0.0
2026-02-28 22:00:00,22.6,84,960.1,2.9,274,0.0
2026-02-28 23:00:00,22.0,87,960.2,2.0,315,0.0
2026-03-01 00:00:00,21.3,90,960.3,2.0,275,0.0
2026-03-01 01:00:00,21.8,88,961.4,1.1,288,0.0
2026-03-01 02:00:00,23.2,79,962.6,1.3,278,0.0
2026-03-01 03:00:00,25.6,63,963.6,2.5,4,0.0
2026-03-01 04:00:00,27.8,53,964.4,6.3,24,0.0
2026-03-01 05:00:00,29.7,46,964.5,6.5,44,0.0
2026-03-01 06:00:00,30.7,41,963.8,9.0,59,0.0
2026-03-01 07:00:00,32.3,35,962.6,9.0,55,0.0
2026-03-01 08:00:00,33.6,30,961.5,9.6,49,0.0
2026-03-01 09:00:00,34.2,26,960.6,10.1,47,0.0
2026-03-01 10:00:00,34.6,24,960.0,8.4,45,0.0
2026-03-01 11:00:00,34.1,23,960.1,4.1,52,0.0
2026-03-01 12:00:00,32.5,26,960.6,7.5,57,0.0
2026-03-01 13:00:00,30.5,33,960.8,6.2,38,0.0
2026-03-01 14:00:00,29.5,32,961.3,12.1,123,0.0
2026-03-01 15:00:00,26.6,57,962.2,12.6,200,0.0
2026-03-01 16:00:00,26.0,67,962.9,9.0,247,0.0
2026-03-01 17:00:00,24.9,74,963.1,3.3,193,0.0
2026-03-01 18:00:00,24.0,77,963.5,3.8,188,0.0
2026-03-01 19:00:00,23.9,78,963.5,2.2,145,0.0
2026-03-01 20:00:00,23.5,81,962.9,1.5,249,0.0
2026-03-01 21:00:00,23.2,80,962.3,5.2,301,0.0
2026-03-01 22:00:00,22.6,82,962.0,2.2,279,0.0
2026-03-01 23:00:00,22.5,83,962.1,0.0,270,0.0
2026-03-02 00:00:00,21.8,88,962.1,1.3,315,0.0
2026-03-02 01:00:00,22.2,80,963.0,3.4,335,0.0
2026-03-02 02:00:00,23.6,66,963.9,5.0,334,0.0
2026-03-02 03:00:00,26.6,48,965.0,3.8,360,0.0
2026-03-02 04:00:00,28.7,44,965.7,3.1,21,0.0
2026-03-02 05:00:00,30.8,37,965.9,3.6,60,0.0
2026-03-02 06:00:00,32.1,32,965.3,7.2,58,0.0
2026-03-02 07:00:00,34.1,27,964.3,10.1,59,0.0
2026-03-02 08:00:00,35.1,24,963.3,11.7,59,0.0
2026-03-02 09:00:00,35.6,21,962.2,10.8,60,0.0
2026-03-02 10:00:00,36.0,20,961.0,9.7,66,0.0
2026-03-02 11:00:00,35.5,19,960.9,9.4,67,0.0
2026-03-02 12:00:00,34.5,21,960.7,12.0,77,0.0
2026-03-02 13:00:00,32.9,24,961.1,10.5,74,0.0
2026-03-02 14:00:00,31.3,28,961.7,5.2,131,0.0
2026-03-02 15:00:00,28.5,47,962.9,9.4,188,0.0
2026-03-02 16:00:00,27.3,61,963.5,3.8,183,0.0
2026-03-02 17:00:00,25.3,76,964.3,9.0,179,0.0
2026-03-02 18:00:00,25.3,79,964.3,3.3,234,0.0
2026-03-02 19:00:00,24.9,78,964.0,3.1,220,0.0
2026-03-02 20:00:00,24.6,78,963.1,1.9,253,0.0
2026-03-02 21:00:00,24.3,78,962.6,2.4,207,0.0
2026-03-02 22:00:00,23.7,82,962.4,2.0,180,0.0
2026-03-02 23:00:00,23.1,87,962.5,2.2,189,0.0
2026-03-03 00:00:00,22.8,78,962.7,0.8,207,0.0
2026-03-03 01:00:00,22.6,84,963.6,2.6,124,0.0
2026-03-03 02:00:00,23.2,87,964.8,3.1,80,0.0
2026-03-03 03:00:00,25.2,72,965.8,4.4,81,0.0
2026-03-03 04:00:00,27.6,53,966.5,4.8,77,0.0
2026-03-03 05:00:00,30.0,41,966.7,5.8,76,0.0
2026-03-03 06:00:00,31.7,31,966.0,11.3,65,0.0
2026-03-03 07:00:00,33.1,25,964.8,13.3,58,0.0
2026-03-03 08:00:00,34.4,22,963.7,13.6,67,0.0
2026-03-03 09:00:00,35.0,21,962.6,16.1,66,0.0
2026-03-03 10:00:00,34.7,21,961.7,14.1,62,0.0
2026-03-03 11:00:00,34.3,21,961.5,16.8,58,0.0
2026-03-03 12:00:00,33.0,22,961.7,18.3,66,0.0
2026-03-03 13:00:00,31.9,23,962.2,10.9,54,0.0
2026-03-03 14:00:00,30.6,25,963.2,9.7,94,0.0
2026-03-03 15:00:00,29.3,28,964.1,7.8,119,0.0
2026-03-03 16:00:00,28.2,30,964.9,9.5,129,0.0
2026-03-03 17:00:00,27.2,34,965.3,3.8,169,0.0
2026-03-03 18:00:00,26.2,41,965.2,3.1,190,0.0
2026-03-03 19:00:00,25.5,48,964.7,0.6,214,0.0
2026-03-03 20:00:00,25.2,46,964.0,3.5,339,0.0
2026-03-03 21:00:00,24.7,48,963.4,7.3,349,0.0
2026-03-03 22:00:00,24.3,51,963.0,8.2,10,0.0
2026-03-03 23:00:00,23.9,56,962.9,8.2,41,0.0
2026-03-04 00:00:00,23.2,64,963.3,4.0,58,0.0
2026-03-04 01:00:00,23.5,66,964.2,6.1,58,0.0
2026-03-04 02:00:00,23.9,66,964.9,6.9,39,0.0
2026-03-04 03:00:00,26.0,55,966.1,7.8,52,0.0
2026-03-04 04:00:00,28.3,45,966.8,9.5,51,0.0
2026-03-04 05:00:00,30.3,36,966.9,12.2,49,0.0
2026-03-04 06:00:00,31.2,31,966.4,14.0,47,0.0
2026-03-04 07:00:00,33.0,23,965.3,13.9,52,0.0
2026-03-04 08:00:00,34.0,21,964.3,14.3,65,0.0
2026-03-04 09:00:00,34.6,18,963.1,13.9,63,0.0
2026-03-04 10:00:00,34.6,18,962.2,12.5,70,0.0
2026-03-04 11:00:00,34.2,19,961.9,13.1,83,0.0
2026-03-04 12:00:00,33.2,21,962.1,12.2,106,0.0
2026-03-04 13:00:00,31.7,22,962.6,11.0,120,0.0
2026-03-04 14:00:00,31.1,21,963.3,7.9,110,0.0
2026-03-04 15:00:00,30.4,21,963.9,12.3,100,0.0
2026-03-04 16:00:00,28.3,28,965.2,8.1,137,0.0
2026-03-04 17:00:00,26.6,47,965.5,3.1,167,0.0
2026-03-04 18:00:00,25.9,58,965.3,7.2,238,0.0
2026-03-04 19:00:00,25.1,62,964.6,5.2,270,0.0
2026-03-04 20:00:00,24.4,64,963.9,2.9,292,0.0
2026-03-04 21:00:00,24.0,69,963.3,4.5,173,0.0
2026-03-04 22:00:00,23.1,86,962.9,4.7,187,0.0
2026-03-04 23:00:00,22.5,95,962.9,3.6,189,0.0
2026-03-05 00:00:00,22.1,87,963.1,2.7,290,0.0
2026-03-05 01:00:00,22.7,72,963.9,3.8,341,0.0
2026-03-05 02:00:00,24.2,52,965.0,5.5,341,0.0
2026-03-05 03:00:00,26.7,41,965.6,5.0,19,0.0
2026-03-05 04:00:00,28.4,44,966.0,3.9,53,0.0
2026-03-05 05:00:00,30.5,37,965.8,4.8,65,0.0
2026-03-05 06:00:00,32.1,32,965.3,8.5,54,0.0
2026-03-05 07:00:00,33.7,27,964.1,10.4,45,0.0
2026-03-05 08:00:00,34.6,25,962.7,10.5,52,0.0
2026-03-05 09:00:00,35.0,24,961.7,10.5,63,0.0
2026-03-05 10:00:00,35.3,22,960.9,11.0,75,0.0
2026-03-05 11:00:00,35.4,21,960.8,9.5,90,0.0
2026-03-05 12:00:00,34.3,22,961.0,8.9,97,0.0
2026-03-05 13:00:00,32.8,23,961.0,8.3,123,0.0
2026-03-05 14:00:00,31.9,25,961.6,9.3,131,0.0
2026-03-05 15:00:00,28.0,55,962.3,13.8,213,0.0
2026-03-05 16:00:00,27.2,63,963.0,10.7,224,0.0
2026-03-05 17:00:00,25.3,80,963.5,8.5,179,0.0
2026-03-05 18:00:00,24.2,89,963.4,6.2,213,0.0
2026-03-05 19:00:00,24.2,89,962.9,5.2,229,0.0
2026-03-05 20:00:00,24.2,88,962.3,5.0,232,0.0
2026-03-05 21:00:00,24.1,89,961.7,5.4,200,0.0
2026-03-05 22:00:00,23.6,93,961.3,6.6,197,0.0
2026-03-05 23:00:00,23.1,96,961.3,5.7,204,0.0
2026-03-06 00:00:00,22.6,98,961.5,3.3,248,0.0
2026-03-06 01:00:00,22.7,97,962.4,2.8,252,0.0
2026-03-06 02:00:00,23.5,92,963.5,3.1,220,0.0
2026-03-06 03:00:00,25.6,78,964.6,3.5,189,0.0
2026-03-06 04:00:00,28.2,60,965.3,4.7,184,0.0
2026-03-06 05:00:00,30.7,42,965.3,6.3,177,0.0
2026-03-06 06:00:00,31.9,34,964.7,5.7,156,0.0
2026-03-06 07:00:00,33.8,29,963.6,3.9,152,0.0
2026-03-06 08:00:00,35.2,24,962.2,3.0,123,0.0
2026-03-06 09:00:00,36.1,22,961.0,4.1,105,0.0
2026-03-06 10:00:00,36.4,21,960.0,5.6,88,0.0
2026-03-06 11:00:00,36.0,20,959.7,6.9,76,0.0
2026-03-06 12:00:00,34.9,19,960.0,11.9,72,0.0
2026-03-06 13:00:00,33.5,21,960.5,11.8,82,0.0
2026-03-06 14:00:00,29.8,46,961.1,17.4,218,0.0
2026-03-06 15:00:00,27.4,64,961.9,10.9,234,0.0
2026-03-06 16:00:00,26.7,71,962.7,13.3,216,0.0
2026-03-06 17:00:00,25.2,81,962.4,13.4,223,0.0
2026-03-06 18:00:00,24.7,84,962.6,11.4,208,0.0
2026-03-06 19:00:00,24.2,89,962.3,11.4,208,0.0
2026-03-06 20:00:00,23.9,89,961.7,9.1,231,0.0
2026-03-06 21:00:00,23.8,89,961.6,6.8,217,0.0
2026-03-06 22:00:00,23.3,93,961.3,7.9,213,0.0
2026-03-06 23:00:00,23.1,93,961.5,7.1,225,0.0
2026-03-07 00:00:00,23.0,96,961.8,7.2,217,0.0
2026-03-07 01:00:00,22.8,97,962.7,6.4,218,0.0
2026-03-07 02:00:00,23.6,92,963.4,5.2,226,0.0
2026-03-07 03:00:00,26.0,72,964.3,4.4,207,0.0
2026-03-07 04:00:00,28.7,54,965.1,3.9,193,0.0
2026-03-07 05:00:00,30.9,44,965.0,5.2,180,0.0
2026-03-07 06:00:00,32.1,37,964.6,6.7,156,0.0
2026-03-07 07:00:00,33.9,30,963.5,5.7,152,0.0
2026-03-07 08:00:00,35.0,27,962.4,4.8,127,0.0
2026-03-07 09:00:00,36.0,24,961.3,5.6,115,0.0
2026-03-07 10:00:00,36.5,22,960.3,7.8,98,0.0
2026-03-07 11:00:00,36.0,21,960.1,8.3,74,0.0
2026-03-07 12:00:00,34.7,21,960.6,7.7,66,0.0
2026-03-07 13:00:00,34.2,21,961.0,6.4,74,0.0
2026-03-07 14:00:00,32.2,29,961.5,13.9,181,0.0
2026-03-07 15:00:00,29.0,56,962.6,14.5,232,0.0
2026-03-07 16:00:00,27.0,69,963.3,12.0,206,0.0
2026-03-07 17:00:00,26.3,76,963.8,7.8,214,0.0
2026-03-07 18:00:00,25.7,84,964.1,7.5,213,0.0
2026-03-07 19:00:00,25.4,85,963.4,6.8,230,0.0
2026-03-07 20:00:00,25.0,86,962.9,7.8,236,0.0
2026-03-07 21:00:00,24.5,89,962.3,8.2,209,0.0
2026-03-07 22:00:00,24.0,93,962.0,6.5,204,0.0
2026-03-07 23:00:00,23.8,94,962.1,3.6,221,0.0
2026-03-08 00:00:00,23.9,86,962.2,2.9,317,0.0
2026-03-08 01:00:00,24.2,80,963.2,5.2,354,0.0
2026-03-08 02:00:00,24.9,79,964.3,7.6,8,0.0
2026-03-08 03:00:00,26.6,65,964.9,8.3,18,0.0
2026-03-08 04:00:00,28.8,52,965.7,8.6,23,0.0
2026-03-08 05:00:00,31.0,43,965.4,7.6,36,0.0
2026-03-08 06:00:00,32.2,37,965.1,9.1,54,0.0
2026-03-08 07:00:00,33.8,31,964.0,10.7,61,0.0
2026-03-08 08:00:00,34.9,25,963.0,10.3,68,0.0
2026-03-08 09:00:00,35.6,23,961.6,11.0,65,0.0
2026-03-08 10:00:00,35.5,22,960.8,13.4,62,0.0
2026-03-08 11:00:00,35.3,22,960.4,13.7,73,0.0
2026-03-08 12:00:00,34.1,22,960.9,10.3,85,0.0
2026-03-08 13:00:00,33.0,23,961.3,8.1,102,0.0
2026-03-08 14:00:00,32.0,25,961.9,6.8,117,0.0
2026-03-08 15:00:00,31.1,27,962.5,11.8,155,0.0
2026-03-08 16:00:00,28.1,50,963.4,9.8,226,0.0
2026-03-08 17:00:00,27.4,54,963.8,7.1,207,0.0
2026-03-08 18:00:00,25.8,74,964.1,7.8,202,0.0
2026-03-08 19:00:00,25.3,79,963.9,4.4,249,0.0
2026-03-08 20:00:00,25.0,80,963.2,2.9,223,0.0
2026-03-08 21:00:00,24.8,81,962.4,2.7,212,0.0
2026-03-08 22:00:00,24.6,81,962.1,1.9,209,0.0
2026-03-08 23:00:00,24.2,84,962.3,1.1,189,0.0
2026-03-09 00:00:00,23.9,89,962.9,4.8,27,0.0
2026-03-09 01:00:00,23.9,84,963.8,8.9,43,0.0
2026-03-09 02:00:00,24.0,78,964.7,9.4,40,0.0
2026-03-09 03:00:00,25.5,69,965.3,9.2,48,0.0
2026-03-09 04:00:00,27.9,57,966.1,9.6,52,0.0
2026-03-09 05:00:00,29.5,50,965.8,8.9,63,0.1
2026-03-09 06:00:00,30.4,47,965.2,11.2,72,0.0
2026-03-09 07:00:00,32.1,38,964.2,12.3,67,0.0
2026-03-09 08:00:00,33.3,33,963.2,14.1,67,0.0
2026-03-09 09:00:00,33.8,29,962.1,14.5,59,0.0
2026-03-09 10:00:00,33.5,28,961.3,15.3,58,0.0
2026-03-09 11:00:00,33.8,26,960.7,16.3,70,0.0
2026-03-09 12:00:00,33.2,25,961.2,19.9,72,0.0
2026-03-09 13:00:00,32.2,28,961.8,14.4,80,0.0
2026-03-09 14:00:00,31.1,31,962.6,14.3,95,0.0
2026-03-09 15:00:00,29.8,35,963.8,17.1,101,0.0
2026-03-09 16:00:00,28.7,40,964.7,15.7,85,0.0
2026-03-09 17:00:00,27.4,47,965.3,14.0,81,0.0
2026-03-09 18:00:00,26.6,57,965.0,12.8,76,0.0
2026-03-09 19:00:00,25.2,64,964.7,9.5,11,0.0
2026-03-09 20:00:00,23.8,67,963.8,10.2,347,0.0
2026-03-09 21:00:00,23.3,70,963.3,9.3,344,0.0
2026-03-09 22:00:00,23.0,72,963.1,9.2,360,0.0
2026-03-09 23:00:00,22.8,72,963.5,9.6,43,0.0
2026-03-10 00:00:00,22.1,69,964.2,10.1,59,0.0
2026-03-10 01:00:00,22.0,74,965.2,8.6,54,0.0
2026-03-10 02:00:00,22.5,76,966.2,9.4,60,0.0
2026-03-10 03:00:00,24.6,64,967.0,10.6,56,0.0
2026-03-10 04:00:00,26.9,49,967.9,11.8,47,0.0
2026-03-10 05:00:00,29.2,35,967.4,14.0,46,0.0
2026-03-10 06:00:00,30.4,31,966.9,15.1,55,0.0
2026-03-10 07:00:00,31.8,29,965.7,15.6,68,0.0
2026-03-10 08:00:00,32.5,28,964.9,14.2,66,0.0
2026-03-10 09:00:00,34.6,22,963.3,13.0,64,0.0
2026-03-10 10:00:00,34.6,22,962.2,18.9,75,0.0
2026-03-10 11:00:00,33.5,25,961.9,18.4,94,0.0
2026-03-10 12:00:00,31.9,29,962.9,13.5,82,0.0
2026-03-10 13:00:00,30.5,34,963.4,14.4,94,0.0
2026-03-10 14:00:00,28.7,44,964.0,18.2,86,0.0
2026-03-10 15:00:00,27.1,58,964.8,16.6,90,0.0
2026-03-10 16:00:00,25.9,67,965.7,14.5,73,0.0
2026-03-10 17:00:00,25.3,72,966.0,14.5,69,0.0
2026-03-10 18:00:00,25.4,75,965.7,11.0,52,0.0
2026-03-10 19:00:00,24.1,80,965.1,9.5,2,0.4
2026-03-10 20:00:00,23.2,85,964.9,10.7,5,0.1
2026-03-10 21:00:00,23.1,83,964.2,11.8,16,0.0
2026-03-10 22:00:00,22.6,85,964.2,12.2,13,0.0
2026-03-10 23:00:00,22.5,84,964.4,11.0,23,0.0
2026-03-11 00:00:00,22.3,88,964.8,11.0,24,0.1
2026-03-11 01:00:00,22.4,87,965.4,11.6,26,0.0
2026-03-11 02:00:00,23.1,83,966.2,12.9,44,0.0
2026-03-11 03:00:00,24.6,74,966.7,11.1,50,0.0
2026-03-11 04:00:00,26.6,63,967.2,10.6,46,0.0
2026-03-11 05:00:00,28.6,53,967.4,9.7,45,0.0
2026-03-11 06:00:00,29.9,45,966.9,11.3,57,0.0
2026-03-11 07:00:00,31.4,39,965.8,10.0,54,0.0
2026-03-11 08:00:00,32.8,33,964.4,8.8,57,0.0
2026-03-11 09:00:00,34.0,29,963.1,8.6,51,0.0
2026-03-11 10:00:00,34.3,28,962.2,12.9,37,0.0
2026-03-11 11:00:00,33.6,27,961.8,15.6,41,0.0
2026-03-11 12:00:00,32.4,28,962.2,10.1,100,0.0
2026-03-11 13:00:00,31.5,28,962.6,8.1,86,0.0
2026-03-11 14:00:00,30.6,27,962.8,5.0,71,0.0
2026-03-11 15:00:00,30.2,25,963.5,6.8,65,0.0
2026-03-11 16:00:00,29.5,29,964.3,7.0,100,0.0
2026-03-11 17:00:00,28.2,39,964.9,5.2,131,0.0
2026-03-11 18:00:00,27.2,49,964.9,6.3,125,0.0
2026-03-11 19:00:00,26.8,55,964.4,3.7,79,0.0
2026-03-11 20:00:00,26.2,61,963.7,6.6,73,0.0
2026-03-11 21:00:00,25.4,67,963.1,6.3,77,0.0
2026-03-11 22:00:00,24.7,71,963.1,5.8,68,0.0
2026-03-11 23:00:00,24.2,74,963.0,6.2,57,0.0
2026-03-12 00:00:00,23.7,77,963.2,8.1,39,0.0
2026-03-12 01:00:00,23.7,78,963.9,8.5,28,0.0
2026-03-12 02:00:00,24.5,73,964.7,9.3,34,0.0
2026-03-12 03:00:00,26.2,63,965.1,10.2,49,0.0
2026-03-12 04:00:00,28.2,53,965.7,10.7,50,0.0
2026-03-12 05:00:00,30.1,45,965.5,10.8,47,0.0
2026-03-12 06:00:00,31.7,37,964.6,11.4,55,0.0
2026-03-12 07:00:00,33.3,30,963.4,14.2,60,0.0
2026-03-12 08:00:00,34.3,27,962.2,15.4,67,0.0
2026-03-12 09:00:00,35.1,23,961.2,14.6,64,0.0
2026-03-12 10:00:00,34.9,22,960.4,14.1,59,0.0
2026-03-12 11:00:00,34.5,23,960.3,14.6,56,0.0
2026-03-12 12:00:00,34.8,20,960.3,15.3,62,0.0
2026-03-12 13:00:00,33.7,22,960.7,11.5,73,0.0
2026-03-12 14:00:00,31.5,28,961.3,11.3,70,0.0
2026-03-12 15:00:00,30.6,31,961.9,12.3,87,0.0
2026-03-12 16:00:00,29.8,34,962.8,11.0,91,0.0
2026-03-12 17:00:00,29.1,37,963.2,6.5,98,0.0
2026-03-12 18:00:00,28.4,43,963.2,7.5,110,0.0
2026-03-12 19:00:00,27.5,47,962.8,5.1,73,0.0
2026-03-12 20:00:00,26.7,51,962.3,6.0,29,0.0
2026-03-12 21:00:00,25.9,55,961.7,9.5,21,0.0
2026-03-12 22:00:00,25.2,62,961.4,8.4,37,0.0
2026-03-12 23:00:00,24.4,69,961.4,7.6,63,0.0
2026-03-13 00:00:00,23.7,76,961.7,7.3,80,0.0
2026-03-13 01:00:00,23.5,83,962.5,6.9,67,0.0
2026-03-13 02:00:00,24.2,82,963.4,6.0,49,0.0
2026-03-13 03:00:00,26.4,66,964.5,6.8,55,0.0
2026-03-13 04:00:00,28.7,52,965.0,7.6,59,0.0
2026-03-13 05:00:00,30.6,42,964.9,8.9,58,0.0
2026-03-13 06:00:00,31.7,34,964.3,12.8,64,0.0
2026-03-13 07:00:00,33.3,27,963.0,12.8,64,0.0
2026-03-13 08:00:00,34.4,24,961.9,12.6,68,0.0
2026-03-13 09:00:00,34.8,22,960.9,10.5,66,0.0
2026-03-13 10:00:00,34.9,20,960.0,11.2,60,0.0
2026-03-13 11:00:00,35.2,20,959.8,13.2,68,0.0
2026-03-13 12:00:00,34.1,21,960.0,10.3,88,0.0
2026-03-13 13:00:00,32.8,22,960.4,9.3,74,0.0
2026-03-13 14:00:00,31.1,24,961.3,5.8,74,0.0
2026-03-13 15:00:00,30.2,26,962.0,7.8,116,0.0
2026-03-13 16:00:00,29.0,30,962.7,8.5,186,0.0
2026-03-13 17:00:00,27.0,50,963.2,6.3,211,0.0
2026-03-13 18:00:00,26.5,58,963.5,1.4,270,0.0
2026-03-13 19:00:00,26.3,56,963.3,1.4,230,0.0
2026-03-13 20:00:00,25.7,59,962.9,1.7,238,0.0
2026-03-13 21:00:00,25.2,62,962.3,0.4,180,0.0
2026-03-13 22:00:00,24.5,67,962.1,1.0,211,0.0
2026-03-13 23:00:00,24.1,67,962.3,0.5,360,0.0
2026-03-14 00:00:00,24.2,71,962.8,2.9,356,0.0
2026-03-14 01:00:00,24.3,65,963.9,7.1,34,0.0
2026-03-14 02:00:00,24.7,65,965.0,8.8,43,0.0
2026-03-14 03:00:00,26.3,60,965.9,9.2,47,0.0
2026-03-14 04:00:00,28.5,49,966.5,9.4,50,0.0
2026-03-14 05:00:00,30.6,39,966.7,9.6,53,0.0
2026-03-14 06:00:00,32.1,34,966.0,12.4,57,0.0
2026-03-14 07:00:00,33.7,27,964.9,11.5,58,0.0
2026-03-14 08:00:00,34.8,23,963.6,11.6,62,0.0
2026-03-14 09:00:00,35.1,21,962.4,12.6,68,0.0
2026-03-14 10:00:00,35.3,19,961.8,12.1,75,0.0
2026-03-14 11:00:00,34.7,19,961.3,9.8,96,0.0
2026-03-14 12:00:00,33.9,20,961.7,11.1,115,0.0
2026-03-14 13:00:00,32.3,19,962.2,10.1,125,0.0
2026-03-14 14:00:00,31.5,16,962.9,10.3,106,0.0
2026-03-14 15:00:00,29.2,27,964.0,9.9,199,0.0
2026-03-14 16:00:00,27.5,51,964.6,8.1,223,0.0
2026-03-14 17:00:00,26.3,67,965.1,10.4,217,0.0
2026-03-14 18:00:00,25.5,75,965.0,5.1,262,0.0
2026-03-14 19:00:00,25.4,76,964.6,1.8,270,0.0
2026-03-14 20:00:00,24.9,79,963.9,4.1,209,0.0
2026-03-14 21:00:00,24.3,84,963.5,5.1,203,0.0
2026-03-14 22:00:00,23.8,88,963.1,2.7,184,0.0
2026-03-14 23:00:00,23.4,91,963.2,3.8,185,0.0
2026-03-15 00:00:00,23.1,91,963.5,2.0,260,0.0
2026-03-15 01:00:00,23.5,89,964.3,1.3,278,0.0
2026-03-15 02:00:00,24.1,85,965.3,0.7,346,0.0
2026-03-15 03:00:00,25.9,72,966.5,4.6,42,0.0
2026-03-15 04:00:00,28.0,59,967.3,5.3,45,0.0
2026-03-15 05:00:00,30.3,48,967.2,5.5,58,0.0
2026-03-15 06:00:00,31.7,38,966.6,7.8,67,0.0
2026-03-15 07:00:00,33.3,30,965.4,7.6,63,0.0
2026-03-15 08:00:00,34.4,26,964.1,8.9,61,0.0
2026-03-15 09:00:00,35.0,22,962.9,8.9,62,0.0
2026-03-15 10:00:00,35.6,19,962.0,9.7,56,0.0
2026-03-15 11:00:00,35.4,19,961.6,11.5,49,0.0
2026-03-15 12:00:00,34.3,21,961.6,12.0,58,0.0
2026-03-15 13:00:00,33.1,23,961.9,7.8,58,0.0
2026-03-15 14:00:00,32.3,25,962.4,12.4,88,0.0
2026-03-15 15:00:00,30.0,34,963.3,10.5,158,0.0
2026-03-15 16:00:00,27.6,61,963.7,12.2,218,0.0
2026-03-15 17:00:00,26.2,72,964.1,10.6,226,0.0
2026-03-15 18:00:00,25.5,77,963.8,5.3,235,0.0
2026-03-15 19:00:00,25.3,80,963.5,5.4,195,0.0
2026-03-15 20:00:00,24.7,84,962.9,5.7,208,0.0
2026-03-15 21:00:00,24.2,88,962.4,6.3,215,0.0
2026-03-15 22:00:00,23.7,89,962.0,5.2,250,0.0
2026-03-15 23:00:00,23.5,88,961.9,2.5,315,0.0
2026-03-16 00:00:00,23.1,89,962.1,0.6,326,0.0
2026-03-16 01:00:00,23.6,85,963.0,2.6,348,0.0
2026-03-16 02:00:00,24.5,78,964.1,4.0,357,0.0
2026-03-16 03:00:00,26.4,69,965.3,5.5,27,0.0
2026-03-16 04:00:00,28.5,58,965.9,7.0,46,0.0
2026-03-16 05:00:00,30.6,48,965.8,7.2,55,0.0
2026-03-16 06:00:00,31.5,43,965.1,8.0,74,0.0
2026-03-16 07:00:00,33.6,34,963.8,6.8,63,0.0
2026-03-16 08:00:00,34.8,28,962.3,6.2,54,0.0
2026-03-16 09:00:00,35.6,25,960.9,6.4,65,0.0
2026-03-16 10:00:00,36.1,23,960.1,4.7,81,0.0
2026-03-16 11:00:00,35.9,22,959.9,3.7,133,0.0
2026-03-16 12:00:00,33.3,30,960.2,12.5,298,0.0
2026-03-16 13:00:00,32.1,32,960.5,7.4,257,0.0
2026-03-16 14:00:00,29.1,57,961.5,13.9,213,0.0
2026-03-16 15:00:00,28.4,62,962.6,10.4,228,0.0
2026-03-16 16:00:00,27.1,70,963.0,10.4,200,0.0
2026-03-16 17:00:00,26.1,77,963.3,7.2,207,0.0
2026-03-16 18:00:00,26.5,75,963.5,6.9,211,0.0
2026-03-16 19:00:00,25.4,80,962.8,7.4,202,0.0
2026-03-16 20:00:00,24.6,85,962.3,7.1,195,0.0
2026-03-16 21:00:00,23.9,89,961.6,7.0,224,0.0
2026-03-16 22:00:00,23.6,91,961.1,5.4,233,0.0
2026-03-16 23:00:00,23.4,91,961.5,3.8,245,0.0
2026-03-17 00:00:00,23.5,89,961.9,5.6,33,0.0
2026-03-17 01:00:00,23.8,88,962.6,5.7,32,0.0
2026-03-17 02:00:00,24.5,82,963.4,6.6,57,0.0
2026-03-17 03:00:00,25.9,73,964.1,7.6,72,0.1
2026-03-17 04:00:00,27.9,62,964.8,6.0,63,0.1
2026-03-17 05:00:00,29.9,53,964.7,5.8,60,0.1
2026-03-17 06:00:00,31.1,48,964.3,6.1,66,0.0
2026-03-17 07:00:00,33.1,42,963.4,5.4,75,0.0
2026-03-17 08:00:00,33.8,38,962.0,5.0,52,0.0
2026-03-17 09:00:00,33.5,37,961.0,6.1,93,0.0
2026-03-17 10:00:00,33.7,33,960.2,9.8,136,0.0
2026-03-17 11:00:00,31.6,40,959.7,14.7,198,0.0
2026-03-17 12:00:00,29.9,38,960.1,9.1,229,0.9
2026-03-17 13:00:00,29.8,40,960.8,9.9,222,0.0
2026-03-17 14:00:00,28.3,55,961.2,12.7,210,0.0
2026-03-17 15:00:00,26.7,64,962.1,10.5,196,0.0
2026-03-17 16:00:00,26.1,69,963.0,7.5,213,0.0
2026-03-17 17:00:00,25.7,71,963.5,5.0,240,0.0
2026-03-17 18:00:00,26.5,69,963.0,4.2,200,0.0
2026-03-17 19:00:00,26.0,72,962.8,6.6,206,0.0
2026-03-17 20:00:00,25.2,75,962.1,3.2,341,0.0
2026-03-17 21:00:00,24.2,76,961.9,6.8,55,0.1
2026-03-17 22:00:00,23.2,81,962.3,1.7,58,0.0
2026-03-17 23:00:00,23.1,76,962.4,13.7,23,0.0
2026-03-18 00:00:00,23.2,78,962.4,7.7,16,0.0
2026-03-18 01:00:00,23.4,77,963.6,7.4,353,0.0
2026-03-18 02:00:00,24.2,73,964.4,7.8,9,0.0
2026-03-18 03:00:00,25.8,66,965.1,9.8,28,0.0
2026-03-18 04:00:00,28.0,56,965.6,8.3,34,0.0
2026-03-18 05:00:00,29.9,48,965.6,7.1,49,0.0
2026-03-18 06:00:00,30.8,47,965.7,5.8,39,0.0
2026-03-18 07:00:00,31.7,44,964.5,8.5,21,0.0
2026-03-18 08:00:00,33.2,38,963.1,8.5,35,0.0
2026-03-18 09:00:00,34.1,34,961.7,8.2,41,0.0
2026-03-18 10:00:00,33.3,34,960.7,10.9,112,0.0
2026-03-18 11:00:00,31.5,37,960.7,9.7,177,0.6
2026-03-18 12:00:00,31.4,36,960.5,8.2,161,0.0
2026-03-18 13:00:00,30.7,38,961.1,8.5,253,0.0
2026-03-18 14:00:00,28.2,51,962.5,8.2,280,0.0
2026-03-18 15:00:00,24.2,70,963.7,14.1,341,0.5
2026-03-18 16:00:00,24.5,69,965.1,2.7,328,0.0
2026-03-18 17:00:00,24.5,69,965.3,2.3,238,0.0
2026-03-18 18:00:00,24.7,68,965.0,2.2,66,0.0
2026-03-18 19:00:00,24.1,71,964.6,0.6,304,0.0
2026-03-18 20:00:00,23.1,82,964.6,6.0,10,0.8
2026-03-18 21:00:00,22.3,84,964.3,1.9,41,0.1
2026-03-18 22:00:00,22.1,84,964.2,5.5,49,0.0
2026-03-18 23:00:00,21.9,84,964.3,6.1,14,0.0
2026-03-19 00:00:00,22.9,76,964.1,5.3,18,0.0
2026-03-19 01:00:00,23.1,75,965.2,7.1,34,0.0
2026-03-19 02:00:00,24.0,72,966.1,5.3,28,0.0
2026-03-19 03:00:00,25.7,65,966.9,5.9,67,0.0
2026-03-19 04:00:00,27.6,57,967.2,6.9,70,0.0
2026-03-19 05:00:00,29.4,49,967.2,5.1,86,0.0
2026-03-19 06:00:00,29.9,47,966.5,5.6,84,0.0
2026-03-19 07:00:00,31.8,40,965.4,3.1,126,0.0
2026-03-19 08:00:00,33.1,35,964.0,3.3,189,0.0
2026-03-19 09:00:00,34.0,32,962.3,5.8,202,0.0
2026-03-19 10:00:00,34.1,30,961.4,7.4,209,0.0
2026-03-19 11:00:00,33.5,30,961.0,8.8,192,0.0
2026-03-19 12:00:00,34.0,25,960.6,5.2,209,0.0
2026-03-19 13:00:00,32.8,26,960.8,10.9,218,0.0
2026-03-19 14:00:00,29.8,43,961.8,16.4,237,0.0
2026-03-19 15:00:00,28.2,53,962.7,14.8,228,0.0
2026-03-19 16:00:00,27.0,59,963.5,13.8,220,0.0
2026-03-19 17:00:00,26.2,66,964.0,13.2,219,0.0
2026-03-19 18:00:00,25.7,72,964.1,10.4,224,0.0
2026-03-19 19:00:00,25.3,75,964.2,3.3,41,0.0
2026-03-19 20:00:00,24.9,74,963.4,8.9,28,0.0
2026-03-19 21:00:00,24.9,70,962.8,3.2,63,0.0
2026-03-19 22:00:00,24.2,71,962.7,3.0,25,0.0
2026-03-19 23:00:00,23.9,69,962.7,6.4,18,0.0
2026-03-20 00:00:00,23.9,72,963.1,7.9,13,0.0
2026-03-20 01:00:00,22.1,80,964.0,17.5,17,0.0
2026-03-20 02:00:00,23.0,72,964.8,9.4,7,0.0
2026-03-20 03:00:00,25.1,63,965.7,7.2,51,0.0
2026-03-20 04:00:00,27.4,55,966.0,6.6,77,0.0
2026-03-20 05:00:00,29.5,48,965.7,5.6,83,0.0
2026-03-20 06:00:00,30.0,46,965.3,5.4,75,0.0
2026-03-20 07:00:00,31.8,39,964.1,3.8,95,0.1
2026-03-20 08:00:00,33.0,33,962.4,3.9,137,0.0
2026-03-20 09:00:00,33.9,30,960.9,4.4,159,0.0
2026-03-20 10:00:00,34.3,29,960.4,4.2,192,0.0
2026-03-20 11:00:00,34.2,28,959.9,7.0,192,0.0
2026-03-20 12:00:00,33.4,30,960.4,8.1,183,0.0
2026-03-20 13:00:00,32.0,32,960.9,6.4,205,0.1
2026-03-20 14:00:00,31.2,36,961.3,4.1,214,0.0
2026-03-20 15:00:00,30.3,34,962.0,15.2,196,0.0
2026-03-20 16:00:00,28.1,46,962.7,11.3,233,0.0
2026-03-20 17:00:00,27.6,48,963.1,8.2,237,0.0
2026-03-20 18:00:00,26.3,58,963.3,9.1,197,0.0
2026-03-20 19:00:00,25.4,64,962.8,7.0,212,0.0
2026-03-20 20:00:00,24.8,69,962.3,7.3,220,0.0
2026-03-20 21:00:00,24.5,71,961.6,4.8,239,0.0
2026-03-20 22:00:00,24.1,77,961.0,1.5,240,0.0
2026-03-20 23:00:00,23.6,79,961.4,1.5,126,0.0
2026-03-21 00:00:00,23.5,73,961.7,1.9,241,0.0
2026-03-21 01:00:00,23.9,67,962.6,2.4,347,0.0
2026-03-21 02:00:00,25.3,62,963.6,6.2,10,0.0
2026-03-21 03:00:00,27.1,65,964.6,9.6,33,0.0
2026-03-21 04:00:00,29.1,55,965.3,8.5,46,0.0
2026-03-21 05:00:00,30.8,46,965.4,8.2,49,0.1
2026-03-21 06:00:00,31.3,45,964.8,9.7,50,0.0
2026-03-21 07:00:00,32.8,40,963.6,7.7,60,0.4
2026-03-21 08:00:00,34.2,33,962.3,6.4,74,0.0
2026-03-21 09:00:00,35.2,29,961.2,6.0,81,0.0
2026-03-21 10:00:00,35.9,25,960.3,5.8,106,0.0
2026-03-21 11:00:00,35.7,25,959.8,5.1,138,0.0
2026-03-21 12:00:00,35.7,20,960.1,7.2,141,0.0
2026-03-21 13:00:00,35.0,20,960.5,11.3,143,0.0
2026-03-21 14:00:00,30.1,51,961.5,14.5,214,0.0
2026-03-21 15:00:00,29.0,55,962.6,5.9,243,0.0
2026-03-21 16:00:00,28.1,61,963.7,10.0,201,0.0
2026-03-21 17:00:00,27.3,65,963.8,5.2,226,0.0
2026-03-21 18:00:00,27.0,67,963.8,5.9,191,0.0
2026-03-21 19:00:00,26.2,72,963.4,6.5,214,0.0
2026-03-21 20:00:00,25.7,74,963.1,2.0,355,0.0
2026-03-21 21:00:00,24.7,79,962.8,6.1,40,0.4
2026-03-21 22:00:00,24.2,82,962.6,7.7,360,0.0
2026-03-21 23:00:00,23.8,83,962.7,8.8,356,0.0
2026-03-22 00:00:00,24.6,79,962.9,5.8,30,0.0
2026-03-22 01:00:00,24.7,79,963.7,6.0,17,0.0
2026-03-22 02:00:00,25.4,76,964.6,6.9,39,0.0
2026-03-22 03:00:00,27.1,66,965.3,9.3,34,0.0
2026-03-22 04:00:00,29.4,55,965.9,7.5,33,0.0
2026-03-22 05:00:00,31.5,44,965.8,6.8,65,0.0
2026-03-22 06:00:00,32.5,37,965.4,8.6,82,0.0
2026-03-22 07:00:00,34.0,33,964.4,8.8,70,0.1
2026-03-22 08:00:00,34.6,31,963.3,9.6,70,0.1
2026-03-22 09:00:00,35.1,30,962.3,11.7,76,0.0
2026-03-22 10:00:00,34.7,31,961.8,10.5,70,0.0
2026-03-22 11:00:00,34.5,31,961.5,8.1,61,0.0
2026-03-22 12:00:00,34.3,27,961.5,9.9,68,0.0
2026-03-22 13:00:00,33.5,29,962.0,8.9,99,0.0
2026-03-22 14:00:00,32.3,31,962.5,13.9,110,0.0
2026-03-22 15:00:00,31.2,34,963.3,12.0,134,0.0
2026-03-22 16:00:00,29.8,43,964.3,6.7,164,0.0
2026-03-22 17:00:00,28.4,59,964.6,7.8,185,0.0
2026-03-22 18:00:00,27.8,62,964.6,8.7,228,0.0
2026-03-22 19:00:00,26.8,67,964.1,6.7,218,0.0
2026-03-22 20:00:00,26.3,71,963.6,4.8,222,0.0
2026-03-22 21:00:00,25.9,74,963.3,4.9,204,0.0
2026-03-22 22:00:00,25.5,78,962.9,5.7,208,0.0
2026-03-22 23:00:00,24.9,81,962.9,5.2,211,0.0
2026-03-23 00:00:00,25.1,80,963.0,2.9,330,0.0
2026-03-23 01:00:00,25.6,65,963.7,7.6,355,0.0
2026-03-23 02:00:00,26.0,69,964.7,7.7,31,0.0
2026-03-23 03:00:00,27.5,67,965.5,8.2,33,0.0
2026-03-23 04:00:00,29.5,56,965.9,8.2,29,0.0
2026-03-23 05:00:00,31.5,43,965.7,7.7,53,0.0
2026-03-23 06:00:00,32.6,37,965.4,10.5,63,0.0
2026-03-23 07:00:00,34.1,31,964.1,12.6,61,0.0
2026-03-23 08:00:00,35.2,27,963.1,13.9,65,0.0
2026-03-23 09:00:00,35.5,25,961.8,13.5,65,0.0
2026-03-23 10:00:00,36.0,24,961.0,11.4,67,0.0
2026-03-23 11:00:00,36.0,24,960.7,14.3,75,0.0
2026-03-23 12:00:00,35.0,22,961.0,16.6,72,0.0
2026-03-23 13:00:00,33.0,29,961.5,13.2,95,0.0
2026-03-23 14:00:00,31.7,31,962.3,11.7,117,0.0
2026-03-23 15:00:00,30.7,34,962.8,8.6,126,0.0
2026-03-23 16:00:00,30.0,37,963.5,7.4,104,0.0
2026-03-23 17:00:00,29.2,39,963.8,4.7,171,0.0
2026-03-23 18:00:00,28.6,43,964.5,4.6,169,0.0
2026-03-23 19:00:00,27.5,50,963.8,1.7,131,0.0
2026-03-23 20:00:00,26.7,56,963.4,0.2,90,0.0
2026-03-23 21:00:00,26.2,57,962.6,1.0,121,0.0
2026-03-23 22:00:00,25.5,61,962.5,2.3,86,0.0
2026-03-23 23:00:00,25.0,66,962.7,4.8,68,0.0
2026-03-24 00:00:00,24.5,71,962.8,5.5,67,0.0
2026-03-24 01:00:00,24.4,77,963.5,5.9,52,0.0
2026-03-24 02:00:00,25.1,80,964.2,7.9,47,0.0
2026-03-24 03:00:00,27.1,69,964.9,7.9,41,0.0
2026-03-24 04:00:00,29.0,57,965.4,8.0,48,0.0
2026-03-24 05:00:00,31.0,45,965.4,8.2,54,0.0
2026-03-24 06:00:00,32.4,38,964.8,11.0,60,0.0
2026-03-24 07:00:00,34.1,31,963.4,11.5,58,0.0
2026-03-24 08:00:00,35.1,27,962.1,10.7,63,0.0
2026-03-24 09:00:00,35.6,25,961.0,10.2,69,0.0
2026-03-24 10:00:00,35.9,25,960.2,12.6,71,0.0
2026-03-24 11:00:00,35.8,24,959.9,13.2,66,0.0
2026-03-24 12:00:00,34.8,24,960.2,13.8,66,0.0
2026-03-24 13:00:00,33.8,25,960.6,12.2,56,0.0
2026-03-24 14:00:00,32.6,27,961.4,9.7,68,0.0
2026-03-24 15:00:00,31.6,30,962.1,10.5,117,0.0
2026-03-24 16:00:00,29.8,38,962.9,11.4,185,0.0
2026-03-24 17:00:00,27.7,62,963.0,4.6,193,0.0
2026-03-24 18:00:00,27.5,61,963.4,2.5,262,0.0
2026-03-24 19:00:00,26.9,64,963.1,1.5,135,0.0
2026-03-24 20:00:00,26.3,68,962.5,1.8,114,0.0
2026-03-24 21:00:00,25.9,71,962.2,2.4,63,0.0
2026-03-24 22:00:00,25.6,71,962.0,4.6,54,0.0
2026-03-24 23:00:00,25.4,69,962.3,6.2,44,0.0
2026-03-25 00:00:00,25.0,73,962.4,8.4,42,0.0
2026-03-25 01:00:00,24.6,78,963.4,8.0,34,0.0
2026-03-25 02:00:00,25.5,74,964.2,9.5,36,0.0
2026-03-25 03:00:00,27.3,64,965.2,9.3,46,0.0
2026-03-25 04:00:00,29.6,53,965.7,8.5,58,0.0
2026-03-25 05:00:00,31.7,42,965.2,8.6,74,0.0
2026-03-25 06:00:00,32.9,37,964.8,11.1,74,0.0
2026-03-25 07:00:00,34.5,32,963.6,11.4,72,0.0
2026-03-25 08:00:00,35.6,27,962.4,10.4,75,0.0
2026-03-25 09:00:00,36.6,23,960.9,9.8,83,0.0
2026-03-25 10:00:00,36.8,20,960.2,13.5,69,0.0
2026-03-25 11:00:00,36.1,21,959.8,15.5,62,0.0
2026-03-25 12:00:00,35.3,21,959.9,14.1,83,0.0
2026-03-25 13:00:00,34.2,24,960.6,11.6,96,0.0
2026-03-25 14:00:00,32.4,29,961.3,11.6,96,0.0
2026-03-25 15:00:00,31.2,33,961.9,8.9,128,0.0
2026-03-25 16:00:00,30.5,36,962.4,11.8,102,0.0
2026-03-25 17:00:00,29.8,37,963.3,11.1,82,0.0
2026-03-25 18:00:00,29.1,43,963.5,11.9,75,0.0
2026-03-25 19:00:00,28.1,51,963.5,9.9,58,0.0
2026-03-25 20:00:00,26.8,62,963.0,9.3,49,0.0
2026-03-25 21:00:00,25.8,71,962.4,9.5,32,0.0
2026-03-25 22:00:00,25.1,75,962.1,10.8,36,0.0
2026-03-25 23:00:00,24.6,78,962.4,10.1,33,0.0
2026-03-26 00:00:00,24.1,77,962.6,8.5,35,0.0
2026-03-26 01:00:00,24.2,74,963.3,8.9,34,0.0
2026-03-26 02:00:00,25.3,64,964.0,9.2,40,0.0
2026-03-26 03:00:00,27.4,46,965.1,10.3,44,0.0
2026-03-26 04:00:00,29.4,38,965.7,11.2,50,0.0
2026-03-26 05:00:00,31.2,36,965.5,11.2,57,0.0
2026-03-26 06:00:00,32.3,35,965.3,11.9,60,0.0
2026-03-26 07:00:00,34.2,29,964.2,10.7,59,0.0
2026-03-26 08:00:00,35.7,25,962.9,12.1,65,0.0
2026-03-26 09:00:00,36.2,23,961.9,12.7,74,0.0
2026-03-26 10:00:00,36.1,22,961.3,13.0,84,0.0
2026-03-26 11:00:00,36.3,19,960.9,16.1,83,0.0
2026-03-26 12:00:00,34.6,22,961.4,19.2,77,0.0
2026-03-26 13:00:00,33.3,27,961.9,14.3,78,0.0
2026-03-26 14:00:00,32.7,28,962.6,11.6,102,0.0
2026-03-26 15:00:00,31.4,32,963.6,13.3,111,0.0
2026-03-26 16:00:00,30.5,38,964.4,11.0,94,0.0
2026-03-26 17:00:00,29.8,43,964.9,8.5,88,0.0
2026-03-26 18:00:00,28.8,47,964.5,6.7,74,0.0
2026-03-26 19:00:00,28.1,50,963.9,5.6,75,0.0
2026-03-26 20:00:00,27.1,57,963.6,5.7,44,0.0
2026-03-26 21:00:00,26.3,62,963.1,4.5,34,0.0
2026-03-26 22:00:00,25.7,67,962.7,4.0,69,0.0
2026-03-26 23:00:00,25.1,71,962.8,4.6,79,0.0
2026-03-27 00:00:00,24.4,74,962.6,4.0,69,0.0
2026-03-27 01:00:00,24.2,77,963.2,5.3,62,0.0
2026-03-27 02:00:00,25.1,75,964.2,5.7,35,0.0
2026-03-27 03:00:00,27.3,62,964.9,5.5,54,0.0
2026-03-27 04:00:00,29.7,49,965.3,4.8,61,0.0
2026-03-27 05:00:00,32.1,38,965.1,5.7,55,0.0
2026-03-27 06:00:00,33.7,30,964.4,9.1,54,0.0
2026-03-27 07:00:00,35.4,25,963.4,9.9,53,0.0
2026-03-27 08:00:00,36.3,22,962.2,9.9,53,0.0
2026-03-27 09:00:00,37.0,19,960.8,11.4,63,0.0
2026-03-27 10:00:00,37.4,17,960.2,13.1,67,0.0
2026-03-27 11:00:00,36.9,17,960.0,11.6,66,0.0
2026-03-27 12:00:00,36.0,18,960.4,11.5,80,0.0
2026-03-27 13:00:00,34.8,20,960.6,7.8,103,0.0
2026-03-27 14:00:00,33.0,24,961.4,12.7,142,0.0
2026-03-27 15:00:00,28.9,62,962.4,13.2,218,0.0
2026-03-27 16:00:00,28.1,69,963.2,11.3,217,0.0
2026-03-27 17:00:00,27.0,78,963.6,8.3,213,0.0
2026-03-27 18:00:00,26.7,81,963.4,9.7,220,0.0
2026-03-27 19:00:00,26.1,83,962.8,7.4,221,0.0
2026-03-27 20:00:00,25.6,85,962.0,8.0,222,0.0
2026-03-27 21:00:00,25.2,87,961.6,7.8,209,0.0
2026-03-27 22:00:00,24.9,90,961.4,6.7,207,0.0
2026-03-27 23:00:00,24.6,91,961.6,7.9,215,0.0
2026-03-28 00:00:00,24.6,93,961.5,7.8,224,0.0
2026-03-28 01:00:00,24.3,92,961.8,6.5,210,0.0
2026-03-28 02:00:00,25.0,88,962.7,6.5,203,0.0
2026-03-28 03:00:00,27.1,73,963.4,4.6,191,0.0
2026-03-28 04:00:00,29.9,53,963.8,3.4,177,0.0
2026-03-28 05:00:00,32.3,41,963.6,3.5,152,0.0
2026-03-28 06:00:00,33.9,31,963.1,5.6,117,0.0
2026-03-28 07:00:00,35.3,28,962.0,5.8,124,0.0
2026-03-28 08:00:00,36.8,24,960.3,7.2,109,0.0
2026-03-28 09:00:00,37.3,21,959.1,8.7,112,0.0
2026-03-28 10:00:00,37.3,20,958.7,9.9,122,0.0
2026-03-28 11:00:00,36.8,21,958.1,13.6,152,0.0
2026-03-28 12:00:00,34.7,24,958.6,10.7,189,0.0
2026-03-28 13:00:00,29.7,45,959.4,17.5,246,0.0
2026-03-28 14:00:00,29.8,47,960.1,14.1,243,0.0
2026-03-28 15:00:00,28.3,62,961.1,13.6,230,0.0
2026-03-28 16:00:00,27.2,70,961.7,13.7,215,0.0
2026-03-28 17:00:00,26.5,75,961.9,12.6,226,0.0
2026-03-28 18:00:00,25.7,76,962.1,11.4,229,0.0
2026-03-28 19:00:00,25.3,79,962.0,9.3,230,0.0
2026-03-28 20:00:00,25.0,80,961.4,6.1,242,0.0
2026-03-28 21:00:00,24.6,81,960.3,6.2,197,0.0
2026-03-28 22:00:00,23.4,89,959.8,6.6,193,0.0
2026-03-28 23:00:00,22.4,95,959.9,6.7,218,0.0
2026-03-29 00:00:00,23.8,92,960.6,7.2,199,0.0
2026-03-29 01:00:00,23.6,93,961.4,3.3,209,0.0
2026-03-29 02:00:00,24.7,87,962.2,2.4,207,0.0
2026-03-29 03:00:00,27.3,71,963.1,1.8,90,0.0
2026-03-29 04:00:00,30.2,54,963.6,5.0,64,0.0
2026-03-29 05:00:00,32.9,41,963.3,6.2,64,0.0
2026-03-29 06:00:00,34.3,33,962.7,8.2,57,0.0
2026-03-29 07:00:00,36.2,27,961.7,9.6,60,0.0
2026-03-29 08:00:00,37.2,23,960.4,10.8,69,0.0
2026-03-29 09:00:00,37.6,22,959.1,13.4,86,0.0
2026-03-29 10:00:00,37.4,22,958.4,13.5,87,0.0
2026-03-29 11:00:00,36.5,23,958.4,10.3,87,0.0
2026-03-29 12:00:00,35.9,23,958.4,12.3,82,0.0
2026-03-29 13:00:00,34.9,25,959.3,12.3,96,0.0
2026-03-29 14:00:00,33.2,30,960.2,10.3,186,0.0
2026-03-29 15:00:00,30.8,47,960.6,9.6,256,0.0
2026-03-29 16:00:00,29.5,55,961.6,9.8,206,0.0
2026-03-29 17:00:00,28.8,60,961.8,4.8,248,0.0
2026-03-29 18:00:00,28.8,55,961.9,2.3,241,0.0
2026-03-29 19:00:00,28.2,59,961.6,3.4,212,0.0
2026-03-29 20:00:00,27.2,70,960.8,7.7,208,0.0
2026-03-29 21:00:00,26.4,78,960.1,4.5,203,0.0
2026-03-29 22:00:00,25.8,81,959.7,4.9,208,0.0
2026-03-29 23:00:00,25.6,81,959.7,5.0,226,0.0
2026-03-30 00:00:00,25.9,61,960.5,1.1,270,0.0
2026-03-30 01:00:00,26.2,63,961.4,0.2,180,0.0
2026-03-30 02:00:00,27.0,58,962.3,4.0,352,0.0
2026-03-30 03:00:00,29.0,54,963.1,7.9,13,0.0
2026-03-30 04:00:00,31.2,45,963.8,7.5,11,0.0
2026-03-30 05:00:00,33.3,35,964.2,5.1,27,0.0
2026-03-30 06:00:00,33.6,32,963.9,4.4,81,0.0
2026-03-30 07:00:00,35.6,27,963.4,5.2,110,0.0
2026-03-30 08:00:00,35.8,26,962.1,6.0,129,0.0
2026-03-30 09:00:00,36.2,23,960.8,5.8,129,0.0
2026-03-30 10:00:00,37.2,20,959.9,8.2,104,0.0
2026-03-30 11:00:00,36.4,21,959.4,10.4,69,0.0
2026-03-30 12:00:00,35.8,21,959.7,11.4,74,0.0
2026-03-30 13:00:00,32.8,32,960.7,9.1,201,0.0
2026-03-30 14:00:00,29.9,44,961.0,15.0,259,0.0
2026-03-30 15:00:00,29.2,50,962.0,7.2,231,0.0
2026-03-30 16:00:00,28.6,55,962.7,6.4,230,0.0
2026-03-30 17:00:00,28.1,59,963.1,8.0,228,0.0
2026-03-30 18:00:00,27.5,63,962.5,6.5,226,0.0
2026-03-30 19:00:00,27.3,63,961.8,5.3,232,0.0
2026-03-30 20:00:00,27.0,65,961.2,6.4,216,0.0
2026-03-30 21:00:00,26.4,68,960.6,7.2,215,0.0
2026-03-30 22:00:00,26.0,70,960.6,5.5,207,0.0
2026-03-30 23:00:00,25.6,74,960.7,2.9,169,0.0
2026-03-31 00:00:00,25.2,74,961.2,0.8,315,0.0
2026-03-31 01:00:00,25.5,69,961.9,5.8,4,0.0
2026-03-31 02:00:00,26.2,70,962.9,9.9,32,0.0
2026-03-31 03:00:00,27.7,63,963.8,10.4,36,0.0
2026-03-31 04:00:00,29.7,55,964.6,10.0,39,0.0
2026-03-31 05:00:00,31.8,45,964.5,9.2,45,0.0
2026-03-31 06:00:00,33.2,37,964.0,10.4,58,0.0
2026-03-31 07:00:00,34.8,29,963.1,11.6,66,0.0
2026-03-31 08:00:00,35.9,25,962.0,12.5,70,0.0
2026-03-31 09:00:00,36.2,23,960.8,12.1,63,0.0
2026-03-31 10:00:00,37.0,20,959.7,12.9,62,0.0
2026-03-31 11:00:00,37.3,19,959.0,14.9,62,0.0
2026-03-31 12:00:00,35.0,21,959.7,12.8,71,0.0
2026-03-31 13:00:00,34.5,22,960.3,8.3,103,0.0
2026-03-31 14:00:00,34.1,23,960.8,13.2,130,0.0
2026-03-31 15:00:00,30.7,43,962.0,12.6,193,0.0
2026-03-31 16:00:00,28.8,59,963.0,5.2,226,0.0
2026-03-31 17:00:00,28.7,57,963.6,3.4,212,0.0
2026-03-31 18:00:00,28.4,58,963.5,6.0,241,0.0
2026-03-31 19:00:00,27.6,65,962.9,7.3,218,0.0
2026-03-31 20:00:00,26.6,75,962.4,6.1,225,0.0
2026-03-31 21:00:00,25.7,81,962.0,5.0,165,0.0
2026-03-31 22:00:00,24.7,88,962.1,4.8,153,0.0
2026-03-31 23:00:00,24.2,89,962.3,4.0,93,0.4
2026-04-01 00:00:00,25.0,75,962.7,8.2,67,0.1
2026-04-01 01:00:00,24.9,74,963.3,8.1,45,0.0
2026-04-01 02:00:00,25.3,70,964.1,8.2,40,0.0
2026-04-01 03:00:00,27.0,59,964.6,8.1,55,0.0
2026-04-01 04:00:00,29.0,51,965.1,9.3,62,0.0
2026-04-01 05:00:00,31.1,42,964.7,9.7,61,0.0
2026-04-01 06:00:00,32.4,36,964.2,10.2,66,0.0
2026-04-01 07:00:00,34.2,29,963.1,10.3,65,0.0
2026-04-01 08:00:00,35.4,24,962.1,11.4,71,0.0
2026-04-01 09:00:00,35.7,22,960.9,11.7,73,0.0
2026-04-01 10:00:00,35.6,23,960.1,12.4,74,0.0
2026-04-01 11:00:00,35.8,23,959.7,13.3,74,0.0
2026-04-01 12:00:00,35.3,21,959.9,10.9,70,0.0
2026-04-01 13:00:00,33.8,24,960.7,9.1,82,0.0
2026-04-01 14:00:00,32.6,26,961.5,8.6,158,0.0
2026-04-01 15:00:00,31.3,27,962.0,10.9,193,0.0
2026-04-01 16:00:00,28.3,56,963.1,7.1,196,0.0
2026-04-01 17:00:00,27.2,67,963.5,4.0,175,0.0
2026-04-01 18:00:00,27.1,69,963.5,6.8,222,0.0
2026-04-01 19:00:00,26.4,74,963.1,5.7,229,0.0
2026-04-01 20:00:00,25.7,81,962.6,6.2,197,0.0
2026-04-01 21:00:00,25.0,88,962.0,5.6,187,0.0
2026-04-01 22:00:00,24.6,91,961.9,3.4,183,0.0
2026-04-01 23:00:00,24.2,92,962.1,2.4,54,0.2
2026-04-02 00:00:00,24.3,91,962.5,7.4,56,1.1
2026-04-02 01:00:00,24.4,81,963.3,8.4,37,0.0
2026-04-02 02:00:00,25.0,73,964.3,9.1,34,0.0
2026-04-02 03:00:00,26.6,65,965.4,8.9,38,0.0
2026-04-02 04:00:00,28.7,56,966.1,6.9,45,0.0
2026-04-02 05:00:00,30.7,47,966.0,6.2,57,0.0
2026-04-02 06:00:00,32.1,40,965.4,7.9,70,0.0
2026-04-02 07:00:00,34.1,30,964.6,6.0,83,0.0
2026-04-02 08:00:00,35.3,23,963.1,4.3,95,0.0
2026-04-02 09:00:00,36.1,19,961.8,4.4,120,0.0
2026-04-02 10:00:00,36.2,18,961.2,5.4,138,0.0
2026-04-02 11:00:00,36.2,15,960.8,4.5,164,0.0
2026-04-02 12:00:00,35.9,18,960.5,4.6,191,0.0
2026-04-02 13:00:00,31.5,43,960.9,19.1,241,0.0
2026-04-02 14:00:00,29.3,54,961.8,11.0,232,0.0
2026-04-02 15:00:00,28.9,61,962.8,10.8,228,0.0
2026-04-02 16:00:00,27.6,70,963.8,12.9,219,0.0
2026-04-02 17:00:00,26.9,76,964.3,11.4,217,0.0
2026-04-02 18:00:00,26.3,80,964.3,9.2,211,0.0
2026-04-02 19:00:00,26.1,81,964.1,7.6,211,0.0
2026-04-02 20:00:00,25.7,84,963.7,6.6,213,0.0
2026-04-02 21:00:00,25.3,86,963.0,7.7,219,0.0
2026-04-02 22:00:00,24.9,87,963.0,7.6,234,0.0
2026-04-02 23:00:00,24.5,88,962.7,6.0,229,0.0
2026-04-03 00:00:00,24.0,90,962.8,6.3,211,0.0
2026-04-03 01:00:00,24.2,87,963.5,2.5,240,0.0
2026-04-03 02:00:00,25.4,80,964.4,0.8,297,0.0
2026-04-03 03:00:00,27.9,66,965.3,5.6,31,0.0
2026-04-03 04:00:00,30.3,51,965.8,5.0,41,0.0
2026-04-03 05:00:00,32.0,43,966.0,3.3,84,0.0
2026-04-03 06:00:00,32.5,41,965.2,4.7,97,0.0
2026-04-03 07:00:00,34.5,35,964.2,5.0,120,0.0
2026-04-03 08:00:00,35.8,31,963.0,7.0,145,0.0
2026-04-03 09:00:00,35.9,30,961.7,7.1,164,0.0
2026-04-03 10:00:00,36.0,29,960.8,8.7,175,0.0
2026-04-03 11:00:00,35.6,28,960.1,9.3,205,0.0
2026-04-03 12:00:00,32.9,39,960.2,14.1,253,0.0
2026-04-03 13:00:00,31.4,47,961.2,15.2,219,0.0
2026-04-03 14:00:00,29.8,56,961.8,14.4,226,0.0
2026-04-03 15:00:00,29.2,60,962.7,15.4,224,0.0
2026-04-03 16:00:00,28.3,66,963.1,15.6,218,0.0
2026-04-03 17:00:00,27.3,74,963.7,13.4,220,0.0
2026-04-03 18:00:00,26.8,78,963.5,9.7,204,0.0
2026-04-03 19:00:00,26.0,83,963.0,11.5,197,0.2
2026-04-03 20:00:00,25.0,83,963.1,2.9,43,3.2
2026-04-03 21:00:00,23.1,90,962.7,9.9,251,5.0
2026-04-03 22:00:00,23.4,89,962.2,7.9,258,0.0
2026-04-03 23:00:00,23.2,92,962.2,7.3,210,0.0
2026-04-04 00:00:00,24.6,86,962.2,7.6,202,0.0
2026-04-04 01:00:00,24.5,85,962.7,4.9,208,0.0
2026-04-04 02:00:00,25.2,81,963.3,2.7,208,0.0
2026-04-04 03:00:00,27.4,70,964.1,4.6,171,0.0
2026-04-04 04:00:00,29.7,59,964.8,5.4,159,0.0
2026-04-04 05:00:00,31.7,50,964.6,6.3,167,0.0
2026-04-04 06:00:00,31.5,51,963.9,7.0,170,0.0
2026-04-04 07:00:00,33.8,43,963.1,6.5,175,0.0
2026-04-04 08:00:00,35.0,38,961.7,9.6,206,0.0
2026-04-04 09:00:00,28.9,58,961.2,13.0,274,0.9
2026-04-04 10:00:00,31.3,49,960.7,10.4,236,0.7
2026-04-04 11:00:00,31.3,49,960.2,7.2,199,0.0
2026-04-04 12:00:00,30.3,51,960.4,12.6,224,0.0
2026-04-04 13:00:00,28.9,59,961.0,14.8,219,0.0
2026-04-04 14:00:00,28.0,65,961.9,12.2,209,0.0
2026-04-04 15:00:00,27.8,68,962.7,10.6,206,0.0
2026-04-04 16:00:00,27.6,70,963.8,9.9,183,0.0
2026-04-04 17:00:00,26.7,74,963.8,11.2,225,0.0
2026-04-04 18:00:00,26.2,75,963.4,5.9,220,0.0
2026-04-04 19:00:00,25.7,80,962.8,9.8,229,0.1
2026-04-04 20:00:00,24.8,85,962.0,10.7,226,0.0
2026-04-04 21:00:00,24.2,86,961.3,9.5,212,0.0
2026-04-04 22:00:00,23.7,87,961.2,9.4,206,0.0
2026-04-04 23:00:00,23.6,87,961.3,7.6,216,0.0
2026-04-05 00:00:00,24.3,89,961.5,7.1,214,0.0
2026-04-05 01:00:00,24.3,90,962.2,6.2,192,0.0
2026-04-05 02:00:00,25.2,85,963.3,5.9,191,0.0
2026-04-05 03:00:00,27.6,72,964.2,5.7,191,0.0
2026-04-05 04:00:00,29.8,61,964.7,5.7,212,0.3
2026-04-05 05:00:00,31.0,54,964.5,5.6,207,0.2
2026-04-05 06:00:00,33.1,47,963.8,7.8,171,0.1
2026-04-05 07:00:00,34.2,44,962.7,10.3,180,0.0
2026-04-05 08:00:00,31.0,57,961.8,11.8,239,2.0
2026-04-05 09:00:00,32.9,47,960.4,3.3,264,0.2
2026-04-05 10:00:00,32.2,49,960.0,6.2,165,0.8
2026-04-05 11:00:00,31.0,54,959.8,9.3,216,0.2
2026-04-05 12:00:00,31.7,50,960.0,14.1,226,0.0
2026-04-05 13:00:00,30.3,55,960.8,13.6,220,0.0
2026-04-05 14:00:00,29.1,61,961.5,10.6,235,0.0
2026-04-05 15:00:00,28.5,66,962.3,9.9,213,0.0
2026-04-05 16:00:00,27.6,71,962.7,12.9,216,0.0
2026-04-05 17:00:00,26.9,76,963.0,14.4,220,0.0
2026-04-05 18:00:00,25.8,80,962.9,15.5,205,0.0
2026-04-05 19:00:00,24.0,86,962.4,12.3,203,0.0
2026-04-05 20:00:00,23.8,88,961.8,12.1,205,0.0
2026-04-05 21:00:00,23.4,89,962.1,6.6,154,3.4
2026-04-05 22:00:00,22.9,94,961.8,14.7,188,0.0
2026-04-05 23:00:00,22.8,94,961.8,16.3,217,0.0
2026-04-06 00:00:00,24.0,95,961.8,12.6,200,0.0
2026-04-06 01:00:00,24.2,92,962.2,8.9,218,0.0
2026-04-06 02:00:00,25.5,85,963.2,5.6,207,0.0
2026-04-06 03:00:00,27.9,72,964.3,6.0,189,0.0
2026-04-06 04:00:00,30.4,58,965.1,7.2,179,0.0
2026-04-06 05:00:00,32.5,46,965.0,9.0,181,0.0
2026-04-06 06:00:00,32.4,45,965.4,6.0,147,0.0
2026-04-06 07:00:00,34.1,40,964.5,6.1,156,0.0
2026-04-06 08:00:00,34.7,37,963.1,7.7,177,0.0
2026-04-06 09:00:00,33.7,39,961.9,9.7,252,0.0
2026-04-06 10:00:00,33.6,40,961.3,8.3,281,0.0
2026-04-06 11:00:00,34.2,38,961.4,2.2,215,0.0
2026-04-06 12:00:00,31.8,48,961.3,15.4,243,0.0
2026-04-06 13:00:00,30.9,48,961.8,9.2,230,0.0
2026-04-06 14:00:00,29.6,56,962.4,13.0,218,0.0
2026-04-06 15:00:00,27.9,69,963.2,16.5,218,0.0
2026-04-06 16:00:00,27.1,75,963.7,17.1,226,0.0
2026-04-06 17:00:00,26.5,79,964.0,15.0,225,0.0
2026-04-06 18:00:00,25.9,82,963.7,17.4,217,0.0
2026-04-06 19:00:00,25.3,86,963.2,16.0,216,0.0
2026-04-06 20:00:00,24.9,88,962.8,14.5,218,0.0
2026-04-06 21:00:00,24.6,89,962.5,11.3,228,0.0
2026-04-06 22:00:00,24.4,90,962.4,10.2,222,0.0
2026-04-06 23:00:00,24.1,91,962.5,9.5,213,0.0
2026-04-07 00:00:00,23.6,92,962.8,10.2,211,0.0
2026-04-07 01:00:00,23.8,88,963.5,8.3,224,0.0
2026-04-07 02:00:00,25.2,78,964.1,5.9,218,0.0
2026-04-07 03:00:00,27.6,63,965.0,6.8,197,0.0
2026-04-07 04:00:00,30.0,50,965.4,8.3,184,0.0
2026-04-07 05:00:00,32.1,40,965.0,10.8,182,0.0
2026-04-07 06:00:00,33.1,37,964.6,11.4,183,0.0
2026-04-07 07:00:00,34.2,33,963.9,12.9,199,0.0
2026-04-07 08:00:00,35.3,29,962.7,11.2,210,0.0
2026-04-07 09:00:00,36.1,28,961.6,11.3,219,0.0
2026-04-07 10:00:00,35.8,26,960.9,13.4,215,0.0
2026-04-07 11:00:00,34.6,28,960.4,16.2,225,0.0
2026-04-07 12:00:00,32.7,38,960.3,15.7,222,0.0
2026-04-07 13:00:00,30.2,50,961.1,14.7,216,0.0
2026-04-07 14:00:00,28.6,62,961.8,14.4,211,0.0
2026-04-07 15:00:00,27.2,71,962.2,14.6,220,0.0
2026-04-07 16:00:00,26.1,77,962.5,15.5,224,0.0
2026-04-07 17:00:00,25.3,81,962.6,14.5,219,0.0
2026-04-07 18:00:00,24.9,83,962.4,17.2,218,0.0
2026-04-07 19:00:00,24.7,83,962.0,15.5,218,0.0
2026-04-07 20:00:00,24.2,85,961.3,16.1,228,0.0
2026-04-07 21:00:00,24.0,84,960.9,11.5,226,0.0
2026-04-07 22:00:00,23.5,87,960.9,6.9,221,0.0
2026-04-07 23:00:00,23.1,89,961.3,5.1,222,0.0
2026-04-08 00:00:00,22.6,90,961.9,9.2,227,0.0
2026-04-08 01:00:00,22.9,85,962.2,9.0,223,0.0
2026-04-08 02:00:00,24.1,77,963.2,9.3,216,0.0
2026-04-08 03:00:00,26.7,61,964.3,7.2,208,0.0
2026-04-08 04:00:00,29.6,44,964.7,6.6,191,0.0
2026-04-08 05:00:00,31.9,36,964.4,6.5,186,0.0
2026-04-08 06:00:00,32.9,34,964.0,7.2,166,0.0
2026-04-08 07:00:00,34.5,28,962.9,7.7,180,0.0
2026-04-08 08:00:00,35.5,25,961.8,9.0,180,0.0
2026-04-08 09:00:00,36.1,23,960.6,10.8,181,0.0
2026-04-08 10:00:00,36.4,22,960.0,12.7,191,0.0
2026-04-08 11:00:00,35.1,25,960.0,15.8,204,0.0
2026-04-08 12:00:00,35.2,23,959.8,11.9,236,0.0
2026-04-08 13:00:00,32.4,38,960.2,18.2,247,0.0
2026-04-08 14:00:00,30.7,47,961.3,13.4,226,0.0
2026-04-08 15:00:00,29.0,54,962.2,15.3,220,0.0
2026-04-08 16:00:00,27.7,59,962.6,13.5,240,0.0
2026-04-08 17:00:00,26.9,63,963.2,12.0,223,0.0
2026-04-08 18:00:00,25.9,73,963.5,13.8,209,0.0
2026-04-08 19:00:00,25.5,78,963.1,11.8,220,0.0
2026-04-08 20:00:00,25.3,79,962.4,11.3,227,0.0
2026-04-08 21:00:00,24.9,81,961.5,10.6,231,0.0
2026-04-08 22:00:00,24.6,82,962.1,7.8,202,0.0
2026-04-08 23:00:00,24.2,87,962.6,8.6,216,0.0
2026-04-09 00:00:00,24.2,85,962.7,8.8,229,0.0
2026-04-09 01:00:00,24.7,81,963.4,7.7,221,0.0
2026-04-09 02:00:00,26.0,77,964.4,8.6,219,0.0
2026-04-09 03:00:00,28.4,60,965.6,11.1,211,0.0
2026-04-09 04:00:00,31.1,41,966.1,11.8,214,0.0
2026-04-09 05:00:00,33.0,35,965.7,12.3,210,0.0
2026-04-09 06:00:00,33.3,36,965.4,11.9,203,0.0
2026-04-09 07:00:00,34.3,34,964.4,11.4,208,0.1
2026-04-09 08:00:00,34.9,32,963.3,11.1,211,0.2
2026-04-09 09:00:00,35.0,32,961.9,11.8,214,0.1
2026-04-09 10:00:00,35.2,32,961.2,10.8,217,0.0
2026-04-09 11:00:00,35.0,32,960.7,10.6,214,0.0
2026-04-09 12:00:00,33.4,33,961.0,15.4,252,0.0
2026-04-09 13:00:00,31.7,44,961.4,16.8,241,0.0
2026-04-09 14:00:00,30.4,50,962.2,15.6,233,0.0
2026-04-09 15:00:00,29.4,56,963.1,10.9,207,0.0
2026-04-09 16:00:00,28.3,63,963.8,13.9,229,0.0
2026-04-09 17:00:00,27.7,68,964.1,12.0,225,0.0
2026-04-09 18:00:00,26.7,76,963.8,12.5,210,0.0
2026-04-09 19:00:00,26.2,81,963.4,10.1,226,0.0
2026-04-09 20:00:00,25.7,85,963.2,9.3,220,0.0
2026-04-09 21:00:00,25.4,88,962.7,8.0,218,0.0
2026-04-09 22:00:00,25.0,90,962.3,5.7,235,0.0
2026-04-09 23:00:00,24.8,91,962.3,3.2,236,0.0
2026-04-10 00:00:00,24.3,97,962.8,6.6,215,0.0
2026-04-10 01:00:00,24.7,95,963.6,4.8,225,0.0
2026-04-10 02:00:00,26.2,85,964.4,2.4,253,0.0
2026-04-10 03:00:00,29.1,65,965.4,0.9,90,0.0
2026-04-10 04:00:00,31.6,52,966.1,4.5,92,0.0
2026-04-10 05:00:00,33.8,40,965.8,6.8,87,0.0
2026-04-10 06:00:00,34.6,37,965.1,7.9,73,0.0
2026-04-10 07:00:00,35.9,33,964.3,9.1,69,0.0
2026-04-10 08:00:00,36.7,31,963.0,9.8,72,0.0
2026-04-10 09:00:00,36.9,31,961.8,10.2,72,0.0
2026-04-10 10:00:00,37.1,30,961.1,9.7,71,0.0
2026-04-10 11:00:00,36.6,31,960.9,9.0,75,0.0
2026-04-10 12:00:00,36.3,29,960.9,9.4,87,0.0
2026-04-10 13:00:00,35.6,30,961.4,10.2,100,0.0
2026-04-10 14:00:00,32.4,45,962.5,10.9,204,0.0
2026-04-10 15:00:00,30.3,58,963.4,10.3,223,0.0
2026-04-10 16:00:00,29.7,64,964.6,11.1,222,0.0
2026-04-10 17:00:00,27.9,71,965.6,10.2,217,0.1
2026-04-10 18:00:00,27.6,70,965.3,9.4,230,0.0
2026-04-10 19:00:00,26.7,75,964.4,8.4,222,0.0
2026-04-10 20:00:00,26.0,79,963.9,6.8,228,0.0
2026-04-10 21:00:00,26.2,75,963.6,4.9,264,0.0
2026-04-10 22:00:00,26.1,72,963.5,5.1,243,0.0
2026-04-10 23:00:00,25.7,73,963.4,2.9,223,0.0
2026-04-11 00:00:00,25.3,80,963.6,4.8,214,0.0
2026-04-11 01:00:00,25.6,76,964.2,4.4,249,0.0
2026-04-11 02:00:00,26.9,70,965.1,5.5,224,0.0
2026-04-11 03:00:00,28.7,63,965.6,3.7,203,0.0
2026-04-11 04:00:00,30.8,54,966.0,2.4,193,0.0
2026-04-11 05:00:00,32.7,45,965.4,3.2,164,0.0
2026-04-11 06:00:00,33.8,38,965.0,5.0,88,0.0
2026-04-11 07:00:00,35.8,31,963.8,7.1,63,0.0
2026-04-11 08:00:00,36.9,29,962.4,11.4,59,0.0
2026-04-11 09:00:00,36.8,29,961.1,12.3,67,0.0
2026-04-11 10:00:00,36.8,28,960.3,10.4,88,0.0
2026-04-11 11:00:00,36.8,26,960.2,8.5,95,0.0
2026-04-11 12:00:00,35.9,26,960.5,10.1,86,0.0
2026-04-11 13:00:00,35.4,27,960.9,11.4,83,0.0
2026-04-11 14:00:00,34.5,28,961.7,14.1,150,0.0
2026-04-11 15:00:00,29.9,59,962.4,13.7,236,0.0
2026-04-11 16:00:00,29.2,61,963.0,10.1,220,0.0
2026-04-11 17:00:00,27.8,74,963.4,6.2,213,0.0
2026-04-11 18:00:00,28.0,73,963.3,3.8,251,0.0
2026-04-11 19:00:00,27.9,73,962.8,3.1,234,0.0
2026-04-11 20:00:00,27.3,75,962.2,5.4,201,0.0
2026-04-11 21:00:00,26.6,80,961.2,6.3,198,0.0
2026-04-11 22:00:00,26.0,85,961.1,5.5,191,0.0
2026-04-11 23:00:00,25.6,88,961.1,3.1,190,0.0
2026-04-12 00:00:00,25.7,86,961.4,1.5,240,0.0
2026-04-12 01:00:00,25.9,83,962.0,1.7,193,0.0
2026-04-12 02:00:00,27.1,76,962.9,0.4,153,0.0
2026-04-12 03:00:00,29.2,64,963.8,4.2,47,0.0
2026-04-12 04:00:00,31.4,51,964.2,6.0,61,0.0
2026-04-12 05:00:00,33.4,38,963.9,7.2,71,0.0
2026-04-12 06:00:00,34.6,33,963.0,11.0,65,0.0
2026-04-12 07:00:00,36.2,29,962.0,14.0,57,0.0
2026-04-12 08:00:00,36.6,27,960.7,16.2,58,0.0
2026-04-12 09:00:00,36.7,27,959.9,14.7,68,0.0
2026-04-12 10:00:00,37.0,26,959.6,12.6,81,0.1
2026-04-12 11:00:00,37.1,25,959.3,11.4,77,0.0
2026-04-12 12:00:00,36.3,23,959.6,11.1,65,0.0
2026-04-12 13:00:00,35.0,25,960.1,10.9,51,0.0
2026-04-12 14:00:00,34.1,28,961.0,7.4,129,0.0
2026-04-12 15:00:00,30.0,59,961.9,13.6,221,0.0
2026-04-12 16:00:00,29.3,60,962.4,6.8,230,0.0
2026-04-12 17:00:00,28.4,68,962.9,8.3,229,0.0
2026-04-12 18:00:00,28.3,71,963.0,7.5,253,0.0
2026-04-12 19:00:00,27.4,75,962.4,7.9,223,0.0
2026-04-12 20:00:00,26.4,81,962.1,8.4,215,0.0
2026-04-12 21:00:00,26.0,84,961.8,8.3,196,0.0
2026-04-12 22:00:00,25.5,88,961.6,7.2,207,0.0
2026-04-12 23:00:00,25.1,90,961.6,7.2,207,0.0
2026-04-13 00:00:00,24.9,92,962.0,6.2,229,0.0
2026-04-13 01:00:00,25.4,89,962.8,5.7,217,0.0
2026-04-13 02:00:00,26.5,80,963.8,4.6,211,0.0
2026-04-13 03:00:00,28.8,64,964.9,3.1,211,0.0
2026-04-13 04:00:00,31.4,48,965.1,0.9,143,0.0
2026-04-13 05:00:00,33.4,41,964.8,2.7,127,0.0
2026-04-13 06:00:00,34.7,34,964.5,4.5,90,0.0
2026-04-13 07:00:00,37.0,26,963.4,7.6,75,0.0
2026-04-13 08:00:00,38.1,22,962.2,12.6,70,0.0
2026-04-13 09:00:00,38.3,20,961.2,14.0,70,0.0
2026-04-13 10:00:00,38.4,19,960.3,13.2,80,0.0
2026-04-13 11:00:00,37.9,19,960.1,11.7,94,0.0
2026-04-13 12:00:00,37.1,19,960.1,11.4,115,0.0
2026-04-13 13:00:00,36.5,20,960.5,11.8,114,0.0
2026-04-13 14:00:00,31.3,55,962.0,18.6,198,0.0
2026-04-13 15:00:00,29.6,62,962.6,12.4,248,0.0
2026-04-13 16:00:00,28.5,70,963.6,9.0,211,0.0
2026-04-13 17:00:00,27.8,75,963.9,4.2,223,0.0
2026-04-13 18:00:00,27.6,78,963.7,6.0,219,0.0
2026-04-13 19:00:00,27.2,80,962.9,5.1,216,0.0
2026-04-13 20:00:00,26.4,85,962.3,6.0,209,0.0
2026-04-13 21:00:00,25.8,88,961.5,6.4,212,0.0
2026-04-13 22:00:00,25.4,90,961.3,5.6,207,0.0
2026-04-13 23:00:00,25.1,91,961.5,3.6,198,0.0
2026-04-14 00:00:00,25.0,92,961.8,5.2,241,0.0
2026-04-14 01:00:00,25.6,86,962.8,3.1,273,0.0
2026-04-14 02:00:00,27.1,75,963.9,2.5,339,0.0
2026-04-14 03:00:00,29.2,63,964.6,5.1,36,0.0
2026-04-14 04:00:00,31.2,53,965.0,4.4,58,0.0
2026-04-14 05:00:00,33.4,44,964.8,4.1,77,0.0
2026-04-14 06:00:00,35.3,32,964.0,7.0,77,0.0
2026-04-14 07:00:00,37.1,25,963.3,10.9,71,0.0
2026-04-14 08:00:00,37.9,20,962.0,13.5,67,0.0
2026-04-14 09:00:00,38.2,19,960.8,14.8,66,0.0
2026-04-14 10:00:00,38.5,18,959.9,14.9,59,0.0
2026-04-14 11:00:00,38.2,18,959.5,11.7,59,0.0
2026-04-14 12:00:00,37.2,19,959.9,11.6,72,0.0
2026-04-14 13:00:00,35.6,21,960.6,9.1,65,0.0
2026-04-14 14:00:00,34.6,23,961.2,10.8,127,0.0
2026-04-14 15:00:00,29.8,59,962.0,13.6,219,0.0
2026-04-14 16:00:00,29.0,62,962.8,8.9,243,0.0
2026-04-14 17:00:00,28.3,68,963.3,7.9,254,0.0
2026-04-14 18:00:00,28.0,73,962.8,7.6,243,0.0
2026-04-14 19:00:00,27.1,79,962.1,8.3,224,0.0
2026-04-14 20:00:00,26.6,81,961.4,8.5,228,0.0
2026-04-14 21:00:00,26.0,83,960.7,8.3,226,0.0
2026-04-14 22:00:00,25.5,85,960.6,8.2,220,0.0
2026-04-14 23:00:00,25.2,87,960.4,7.3,226,0.0
2026-04-15 00:00:00,24.9,86,960.6,8.1,239,0.0
2026-04-15 01:00:00,25.2,81,961.4,4.9,264,0.0
2026-04-15 02:00:00,26.8,73,962.3,2.8,243,0.0
2026-04-15 03:00:00,29.0,56,963.1,1.0,248,0.0
2026-04-15 04:00:00,31.4,41,963.6,0.7,284,0.0
2026-04-15 05:00:00,33.5,34,963.1,1.1,261,0.0
2026-04-15 06:00:00,34.1,33,962.7,2.4,107,0.0
2026-04-15 07:00:00,36.4,28,961.8,4.4,60,0.0
2026-04-15 08:00:00,38.0,22,960.4,10.0,67,0.0
2026-04-15 09:00:00,38.6,19,959.1,14.4,59,0.0
2026-04-15 10:00:00,38.9,18,958.4,13.7,45,0.0
2026-04-15 11:00:00,38.4,18,958.0,12.6,46,0.0
2026-04-15 12:00:00,37.5,18,958.1,11.9,42,0.0
2026-04-15 13:00:00,36.8,18,958.8,9.1,107,0.0
2026-04-15 14:00:00,30.2,59,959.7,16.6,220,0.0
2026-04-15 15:00:00,29.5,61,960.5,10.1,229,0.0
2026-04-15 16:00:00,28.2,69,961.4,7.9,240,0.0
2026-04-15 17:00:00,28.4,68,961.8,8.5,246,0.0
2026-04-15 18:00:00,27.5,74,961.6,9.9,238,0.0
2026-04-15 19:00:00,27.1,76,960.6,8.7,236,0.0
2026-04-15 20:00:00,26.6,75,960.2,9.2,230,0.0
2026-04-15 21:00:00,26.3,74,959.6,8.9,232,0.0
2026-04-15 22:00:00,25.9,74,959.1,8.5,228,0.0
2026-04-15 23:00:00,25.5,76,959.3,8.0,222,0.0
2026-04-16 00:00:00,25.1,79,959.6,8.2,238,0.0
2026-04-16 01:00:00,25.4,78,960.3,6.5,236,0.0
2026-04-16 02:00:00,26.6,77,961.5,7.7,211,0.0
2026-04-16 03:00:00,29.1,56,962.5,7.7,213,0.0
2026-04-16 04:00:00,31.5,43,963.4,7.2,212,0.0
2026-04-16 05:00:00,33.6,34,963.3,5.9,211,0.0
2026-04-16 06:00:00,34.4,31,962.6,3.3,126,0.0
2026-04-16 07:00:00,36.5,27,961.8,6.4,72,0.0
2026-04-16 08:00:00,37.9,22,960.6,9.9,61,0.0
2026-04-16 09:00:00,38.5,20,959.5,13.1,67,0.0
2026-04-16 10:00:00,38.7,19,958.9,12.2,74,0.0
2026-04-16 11:00:00,38.2,19,958.5,11.6,102,0.0
2026-04-16 12:00:00,36.6,18,958.7,7.8,127,0.0
2026-04-16 13:00:00,36.3,18,959.1,8.3,162,0.0
2026-04-16 14:00:00,30.6,52,960.1,16.2,215,0.0
2026-04-16 15:00:00,29.5,54,961.0,9.8,244,0.0
2026-04-16 16:00:00,29.1,61,961.9,8.1,241,0.0
2026-04-16 17:00:00,28.7,61,962.7,5.6,255,0.0
2026-04-16 18:00:00,27.9,69,962.5,7.8,248,0.0
2026-04-16 19:00:00,27.4,71,961.7,8.2,230,0.0
2026-04-16 20:00:00,27.0,72,961.2,8.6,229,0.0
2026-04-16 21:00:00,26.6,73,960.8,8.2,218,0.0
2026-04-16 22:00:00,26.1,79,960.2,8.8,208,0.0
2026-04-16 23:00:00,25.5,85,960.3,8.0,211,0.0
2026-04-17 00:00:00,25.5,82,960.5,5.4,244,0.0
2026-04-17 01:00:00,26.3,77,961.2,5.1,212,0.0
2026-04-17 02:00:00,27.2,73,962.3,4.5,203,0.0
2026-04-17 03:00:00,29.5,56,963.2,1.5,225,0.0
2026-04-17 04:00:00,32.1,43,963.9,0.9,90,0.0
2026-04-17 05:00:00,34.3,35,963.9,3.1,80,0.0
2026-04-17 06:00:00,35.6,29,963.5,8.5,72,0.0
2026-04-17 07:00:00,37.1,23,962.6,12.9,67,0.0
2026-04-17 08:00:00,38.0,20,961.5,14.9,67,0.0
2026-04-17 09:00:00,38.6,18,960.3,12.5,70,0.0
2026-04-17 10:00:00,39.3,15,959.5,15.6,73,0.0
2026-04-17 11:00:00,38.5,15,959.1,14.7,65,0.0
2026-04-17 12:00:00,37.6,16,959.2,14.2,61,0.0
2026-04-17 13:00:00,36.2,17,959.6,9.6,52,0.0
2026-04-17 14:00:00,34.8,19,960.3,9.8,103,0.0
2026-04-17 15:00:00,32.9,26,961.1,12.8,190,0.0
2026-04-17 16:00:00,28.9,65,961.8,9.8,232,0.0
2026-04-17 17:00:00,28.9,61,962.4,5.9,258,0.0
2026-04-17 18:00:00,28.4,70,962.6,6.6,235,0.0
2026-04-17 19:00:00,27.2,80,962.0,6.7,207,0.0
2026-04-17 20:00:00,26.3,87,961.4,7.1,207,0.0
2026-04-17 21:00:00,25.9,90,960.7,8.6,203,0.0
2026-04-17 22:00:00,25.6,91,960.5,8.5,205,0.0
2026-04-17 23:00:00,25.4,92,960.5,7.3,208,0.0
2026-04-18 00:00:00,25.6,93,961.0,5.1,234,0.0
2026-04-18 01:00:00,26.3,79,961.7,4.4,238,0.0
2026-04-18 02:00:00,28.0,61,962.8,3.9,298,0.0
2026-04-18 03:00:00,30.0,55,963.5,5.8,7,0.0
2026-04-18 04:00:00,32.0,47,963.9,5.6,22,0.0
2026-04-18 05:00:00,33.9,40,963.6,5.2,34,0.0
2026-04-18 06:00:00,35.2,32,963.1,9.1,58,0.0
2026-04-18 07:00:00,36.5,26,962.3,11.0,56,0.0
2026-04-18 08:00:00,37.6,23,961.4,14.4,56,0.0
2026-04-18 09:00:00,38.3,21,960.0,15.8,60,0.0
2026-04-18 10:00:00,38.8,20,959.5,13.0,85,0.0
2026-04-18 11:00:00,38.0,20,959.0,14.1,111,0.0
2026-04-18 12:00:00,36.8,21,959.4,16.1,127,0.0
2026-04-18 13:00:00,35.6,20,959.8,12.4,164,0.0
2026-04-18 14:00:00,35.1,20,960.3,8.9,137,0.0
2026-04-18 15:00:00,30.3,49,961.2,15.8,209,0.0
2026-04-18 16:00:00,28.9,54,961.8,8.4,254,0.0
2026-04-18 17:00:00,28.6,59,962.7,7.3,226,0.0
2026-04-18 18:00:00,27.7,70,962.4,7.4,244,0.0
2026-04-18 19:00:00,27.2,75,961.7,6.6,206,0.0
2026-04-18 20:00:00,26.4,84,961.1,8.3,213,0.0
2026-04-18 21:00:00,26.2,84,960.4,9.5,219,0.0
2026-04-18 22:00:00,26.0,83,960.4,8.3,226,0.0
2026-04-18 23:00:00,25.6,82,960.6,7.1,225,0.0
2026-04-19 00:00:00,25.3,86,960.7,6.3,252,0.0
2026-04-19 01:00:00,25.7,82,961.5,4.8,241,0.0
2026-04-19 02:00:00,27.1,74,962.4,5.1,207,0.0
2026-04-19 03:00:00,29.3,57,963.2,1.5,187,0.0
2026-04-19 04:00:00,31.5,45,963.9,2.3,176,0.0
2026-04-19 05:00:00,33.4,39,963.8,4.2,200,0.0
2026-04-19 06:00:00,33.9,34,963.1,2.2,145,0.0
2026-04-19 07:00:00,36.3,26,962.5,2.4,54,0.0
2026-04-19 08:00:00,37.7,22,961.4,5.9,72,0.0
2026-04-19 09:00:00,38.3,20,960.2,13.4,62,0.0
2026-04-19 10:00:00,38.2,20,959.4,14.2,50,0.0
2026-04-19 11:00:00,37.7,20,959.1,8.1,53,0.0
2026-04-19 12:00:00,36.9,20,959.5,6.1,58,0.0
2026-04-19 13:00:00,36.4,21,959.8,10.2,120,0.0
2026-04-19 14:00:00,30.4,54,960.6,16.3,221,0.0
2026-04-19 15:00:00,29.0,62,961.4,8.6,229,0.0
2026-04-19 16:00:00,28.6,66,962.3,9.3,223,0.0
2026-04-19 17:00:00,28.0,70,962.5,8.5,226,0.0
2026-04-19 18:00:00,27.3,75,962.4,10.6,223,0.0
2026-04-19 19:00:00,26.7,78,961.7,8.8,219,0.0
2026-04-19 20:00:00,26.1,81,961.2,9.6,217,0.0
2026-04-19 21:00:00,25.9,82,960.5,8.9,216,0.0
2026-04-19 22:00:00,25.5,85,960.4,8.7,214,0.0
2026-04-19 23:00:00,25.2,88,960.7,5.7,217,0.0
2026-04-20 00:00:00,25.3,83,960.5,6.6,235,0.0
2026-04-20 01:00:00,25.4,84,961.4,5.1,219,0.0
2026-04-20 02:00:00,26.4,81,962.3,5.2,200,0.0
2026-04-20 03:00:00,28.6,66,963.2,3.5,192,0.0
2026-04-20 04:00:00,30.9,54,963.6,2.7,143,0.0
2026-04-20 05:00:00,33.0,43,963.5,4.7,97,0.0
2026-04-20 06:00:00,34.1,36,962.8,4.6,99,0.0
2026-04-20 07:00:00,36.0,28,961.8,5.5,81,0.0
2026-04-20 08:00:00,37.4,23,960.4,9.2,86,0.0
2026-04-20 09:00:00,37.5,22,959.3,14.4,81,0.0
2026-04-20 10:00:00,36.9,22,958.8,13.5,81,0.0
2026-04-20 11:00:00,36.6,22,958.5,6.7,81,0.0
2026-04-20 12:00:00,36.8,20,958.4,5.3,114,0.0
2026-04-20 13:00:00,35.6,20,959.0,7.5,138,0.0
2026-04-20 14:00:00,34.1,21,960.0,8.2,195,0.0
2026-04-20 15:00:00,29.7,57,960.7,12.1,228,0.0
2026-04-20 16:00:00,29.2,60,961.4,10.0,232,0.0
2026-04-20 17:00:00,28.1,68,962.0,7.0,238,0.0
2026-04-20 18:00:00,27.5,72,961.9,8.5,224,0.0
2026-04-20 19:00:00,26.6,78,961.6,9.8,230,0.0
2026-04-20 20:00:00,26.4,75,961.0,8.2,237,0.0
2026-04-20 21:00:00,26.0,77,960.4,7.1,227,0.0
2026-04-20 22:00:00,25.5,81,960.2,7.9,227,0.0
2026-04-20 23:00:00,25.1,83,960.4,6.0,254,0.0
2026-04-21 00:00:00,24.9,87,960.5,3.5,249,0.0
2026-04-21 01:00:00,25.6,83,961.2,4.6,234,0.0
2026-04-21 02:00:00,27.0,71,962.0,2.4,283,0.0
2026-04-21 03:00:00,29.1,61,962.6,3.1,13,0.0
2026-04-21 04:00:00,31.2,50,963.0,2.3,45,0.0
2026-04-21 05:00:00,33.3,41,962.8,2.5,60,0.0
2026-04-21 06:00:00,35.0,31,962.2,7.3,54,0.0
2026-04-21 07:00:00,36.9,25,960.9,8.6,41,0.0
2026-04-21 08:00:00,37.8,22,959.7,9.6,57,0.0
2026-04-21 09:00:00,38.3,20,958.8,10.2,81,0.0
2026-04-21 10:00:00,38.5,18,958.1,10.9,99,0.0
2026-04-21 11:00:00,37.6,17,957.9,12.3,117,0.0
2026-04-21 12:00:00,36.1,17,958.0,14.2,122,0.0
2026-04-21 13:00:00,35.5,18,958.5,10.6,91,0.0
2026-04-21 14:00:00,33.2,27,959.6,17.7,184,0.0
2026-04-21 15:00:00,28.9,65,960.2,16.6,255,0.0
2026-04-21 16:00:00,28.4,68,961.0,8.3,236,0.0
2026-04-21 17:00:00,27.5,74,962.0,7.5,207,0.0
2026-04-21 18:00:00,27.1,77,962.0,9.1,231,0.0
2026-04-21 19:00:00,26.8,79,961.6,5.7,229,0.0
2026-04-21 20:00:00,26.3,82,961.1,6.1,220,0.0
2026-04-21 21:00:00,25.9,84,960.6,6.4,234,0.0
2026-04-21 22:00:00,25.5,83,959.9,5.3,246,0.0
2026-04-21 23:00:00,25.2,83,960.2,5.3,215,0.0
2026-04-22 00:00:00,25.0,84,960.6,3.5,255,0.0
2026-04-22 01:00:00,25.7,81,961.1,1.8,233,0.0
2026-04-22 02:00:00,27.2,74,961.9,1.6,96,0.0
2026-04-22 03:00:00,29.4,65,962.8,7.7,59,0.0
2026-04-22 04:00:00,31.7,51,963.2,7.9,47,0.0
2026-04-22 05:00:00,33.9,39,962.9,8.1,53,0.0
2026-04-22 06:00:00,35.1,31,962.2,9.8,72,0.0
2026-04-22 07:00:00,36.7,24,961.1,10.8,69,0.0
2026-04-22 08:00:00,37.7,20,959.9,11.0,64,0.0
2026-04-22 09:00:00,38.1,19,959.0,11.8,57,0.0
2026-04-22 10:00:00,38.5,18,958.3,12.2,54,0.0
2026-04-22 11:00:00,38.0,19,958.1,11.0,60,0.0
2026-04-22 12:00:00,37.2,17,958.3,9.0,67,0.0
2026-04-22 13:00:00,35.8,17,958.7,10.1,49,0.0
2026-04-22 14:00:00,34.7,20,959.4,9.5,91,0.0
2026-04-22 15:00:00,30.4,56,960.1,14.1,205,0.0
2026-04-22 16:00:00,29.5,62,961.0,9.5,237,0.0
2026-04-22 17:00:00,28.2,72,961.3,6.7,226,0.0
2026-04-22 18:00:00,28.0,74,961.1,6.6,248,0.0
2026-04-22 19:00:00,27.5,78,960.6,6.8,215,0.0
2026-04-22 20:00:00,26.8,84,960.2,7.7,201,0.0
2026-04-22 21:00:00,26.1,89,959.4,6.5,208,0.0
2026-04-22 22:00:00,25.7,91,959.2,5.5,207,0.0
2026-04-22 23:00:00,25.6,91,959.6,3.7,209,0.0
2026-04-23 00:00:00,25.9,83,959.8,3.3,306,0.0
2026-04-23 01:00:00,26.5,74,960.4,3.5,294,0.0
2026-04-23 02:00:00,27.5,69,961.2,4.3,355,0.0
2026-04-23 03:00:00,29.4,59,961.9,5.4,20,0.0
2026-04-23 04:00:00,31.7,46,962.3,5.4,26,0.0
2026-04-23 05:00:00,33.6,40,962.1,6.2,38,0.0
2026-04-23 06:00:00,35.3,32,961.6,12.5,63,0.0
2026-04-23 07:00:00,36.3,27,960.7,15.5,65,0.0
2026-04-23 08:00:00,36.9,25,960.0,13.3,54,0.0
2026-04-23 09:00:00,37.8,23,959.1,12.5,54,0.0
2026-04-23 10:00:00,38.6,21,958.3,12.3,61,0.0
2026-04-23 11:00:00,37.9,21,958.1,13.4,62,0.0
2026-04-23 12:00:00,37.0,20,958.2,11.6,55,0.0
2026-04-23 13:00:00,35.9,21,958.7,10.2,62,0.0
2026-04-23 14:00:00,34.5,24,959.6,10.1,168,0.0
2026-04-23 15:00:00,29.2,61,960.0,12.7,230,0.0
2026-04-23 16:00:00,29.2,58,961.0,5.6,228,0.0
2026-04-23 17:00:00,28.6,64,961.3,5.8,240,0.0
2026-04-23 18:00:00,28.6,68,960.8,5.7,242,0.0
2026-04-23 19:00:00,27.9,71,960.0,6.5,219,0.0
2026-04-23 20:00:00,26.9,79,959.7,8.7,198,0.0
2026-04-23 21:00:00,26.1,85,959.0,9.0,206,0.0
2026-04-23 22:00:00,25.6,86,959.0,8.1,215,0.0
2026-04-23 23:00:00,25.5,86,959.4,7.4,219,0.0
2026-04-24 00:00:00,26.0,80,959.5,4.8,250,0.0
2026-04-24 01:00:00,26.7,73,960.1,4.5,254,0.0
2026-04-24 02:00:00,28.2,62,961.4,2.6,321,0.0
2026-04-24 03:00:00,30.0,58,962.1,6.2,26,0.0
2026-04-24 04:00:00,31.8,51,962.6,6.8,40,0.0
2026-04-24 05:00:00,33.4,45,962.6,5.2,44,0.0
2026-04-24 06:00:00,34.2,38,961.8,6.3,59,0.0
2026-04-24 07:00:00,35.9,31,960.6,8.6,60,0.0
2026-04-24 08:00:00,36.8,27,959.8,13.0,63,0.0
2026-04-24 09:00:00,37.5,23,959.2,16.0,54,0.0
2026-04-24 10:00:00,37.9,22,958.5,13.0,62,0.0
2026-04-24 11:00:00,37.6,22,958.4,14.9,82,0.0
2026-04-24 12:00:00,35.9,22,958.9,14.4,99,0.0
2026-04-24 13:00:00,34.9,22,959.5,7.0,94,0.0
2026-04-24 14:00:00,34.6,22,960.2,8.7,112,0.0
2026-04-24 15:00:00,31.9,33,960.9,8.3,181,0.0
2026-04-24 16:00:00,29.5,57,961.3,7.0,193,0.0
2026-04-24 17:00:00,28.7,59,961.6,6.5,219,0.0
2026-04-24 18:00:00,29.0,56,961.1,4.9,231,0.0
2026-04-24 19:00:00,28.3,62,960.5,4.4,235,0.0
2026-04-24 20:00:00,28.0,65,960.0,3.5,231,0.0
2026-04-24 21:00:00,27.4,71,959.7,4.2,173,0.0
2026-04-24 22:00:00,26.7,78,959.7,4.3,185,0.0
2026-04-24 23:00:00,26.2,80,960.3,2.1,218,0.0
2026-04-25 00:00:00,25.9,84,960.5,0.6,288,0.0
2026-04-25 01:00:00,26.2,80,961.6,2.3,360,0.0
2026-04-25 02:00:00,27.5,72,962.9,7.3,23,0.0
2026-04-25 03:00:00,29.5,57,963.5,10.4,26,0.0
2026-04-25 04:00:00,31.6,47,963.8,9.8,28,0.0
2026-04-25 05:00:00,33.5,38,963.5,10.1,39,0.0
2026-04-25 06:00:00,34.7,32,963.1,10.8,44,0.0
2026-04-25 07:00:00,36.9,26,961.9,11.5,56,0.0
2026-04-25 08:00:00,37.7,23,960.9,15.0,69,0.0
2026-04-25 09:00:00,37.4,23,960.3,17.6,68,0.0
2026-04-25 10:00:00,36.8,24,960.1,18.3,77,0.0
2026-04-25 11:00:00,36.2,25,960.1,13.3,74,0.0
2026-04-25 12:00:00,36.8,21,960.0,11.4,94,0.0
2026-04-25 13:00:00,34.9,25,960.6,16.6,110,0.0
2026-04-25 14:00:00,34.1,27,961.1,12.2,98,0.0
2026-04-25 15:00:00,33.7,28,961.6,9.3,81,0.0
2026-04-25 16:00:00,32.9,30,962.1,9.4,108,0.0
2026-04-25 17:00:00,31.0,36,962.4,6.5,183,0.0
2026-04-25 18:00:00,30.6,40,962.2,2.9,176,0.0
2026-04-25 19:00:00,29.1,53,961.6,6.0,196,0.0
2026-04-25 20:00:00,28.0,65,960.8,4.8,243,0.0
2026-04-25 21:00:00,27.3,70,960.5,3.8,211,0.0
2026-04-25 22:00:00,26.5,79,960.4,4.9,188,0.0
2026-04-25 23:00:00,25.9,86,960.8,4.8,207,0.0
2026-04-26 00:00:00,26.0,86,961.2,4.8,239,0.0
2026-04-26 01:00:00,26.7,76,962.0,4.8,241,0.0
2026-04-26 02:00:00,28.2,60,963.0,2.9,281,0.0
2026-04-26 03:00:00,30.2,51,963.6,5.2,356,0.0
2026-04-26 04:00:00,32.0,45,964.0,5.2,12,0.0
2026-04-26 05:00:00,33.8,38,963.8,4.9,24,0.0
2026-04-26 06:00:00,35.2,32,963.2,9.4,48,0.0
2026-04-26 07:00:00,36.5,27,962.3,9.8,58,0.0
2026-04-26 08:00:00,37.6,22,960.8,12.3,67,0.0
2026-04-26 09:00:00,37.9,20,959.6,14.5,63,0.0
2026-04-26 10:00:00,38.2,20,959.0,12.9,58,0.0
2026-04-26 11:00:00,37.8,20,958.4,9.4,60,0.0
2026-04-26 12:00:00,36.6,21,959.0,10.5,61,0.0
2026-04-26 13:00:00,35.8,22,959.3,7.6,76,0.0
2026-04-26 14:00:00,34.5,24,960.0,9.0,174,0.0
2026-04-26 15:00:00,29.9,59,960.7,11.8,224,0.0
2026-04-26 16:00:00,29.1,62,961.3,8.3,221,0.0
2026-04-26 17:00:00,28.4,68,961.7,8.4,230,0.0
2026-04-26 18:00:00,28.4,69,961.4,5.9,243,0.0
2026-04-26 19:00:00,27.8,73,961.0,8.6,221,0.0
2026-04-26 20:00:00,27.2,77,960.5,8.4,230,0.0
2026-04-26 21:00:00,26.7,80,959.6,8.2,213,0.0
2026-04-26 22:00:00,26.2,84,959.5,9.6,210,0.0
2026-04-26 23:00:00,25.7,88,959.9,8.9,207,0.0
2026-04-27 00:00:00,25.5,89,959.8,7.9,229,0.0
2026-04-27 01:00:00,25.7,87,960.6,4.4,235,0.0
2026-04-27 02:00:00,27.3,77,961.8,4.4,210,0.0
2026-04-27 03:00:00,29.6,59,962.5,3.4,196,0.0
2026-04-27 04:00:00,31.8,46,962.9,3.1,180,0.0
2026-04-27 05:00:00,33.6,37,962.5,4.7,178,0.0
2026-04-27 06:00:00,34.8,29,961.7,4.8,151,0.0
2026-04-27 07:00:00,36.7,22,960.9,4.9,152,0.0
2026-04-27 08:00:00,37.5,22,959.8,4.9,156,0.0
2026-04-27 09:00:00,38.0,22,958.4,5.4,143,0.0
2026-04-27 10:00:00,38.6,19,957.5,8.4,110,0.0
2026-04-27 11:00:00,38.1,19,957.1,12.2,89,0.0
2026-04-27 12:00:00,38.0,19,957.0,16.5,55,0.0
2026-04-27 13:00:00,35.7,24,957.7,7.5,191,0.0
2026-04-27 14:00:00,31.3,51,958.7,14.7,241,0.0
2026-04-27 15:00:00,30.0,61,959.9,10.5,209,0.0
2026-04-27 16:00:00,28.9,70,960.3,12.6,227,0.0
2026-04-27 17:00:00,28.5,72,960.5,9.2,242,0.0
2026-04-27 18:00:00,27.8,78,960.4,9.2,230,0.0
2026-04-27 19:00:00,27.5,78,959.9,9.6,220,0.0
2026-04-27 20:00:00,26.8,83,959.4,10.4,219,0.0
2026-04-27 21:00:00,26.3,86,959.0,9.4,222,0.0
2026-04-27 22:00:00,26.0,87,959.0,8.3,210,0.0
2026-04-27 23:00:00,25.6,91,959.5,7.3,210,0.0
2026-04-28 00:00:00,25.4,92,960.0,7.6,208,0.0
2026-04-28 01:00:00,25.7,90,960.3,4.1,214,0.0
2026-04-28 02:00:00,26.9,82,961.1,5.0,201,0.0
2026-04-28 03:00:00,28.8,70,962.1,4.8,193,0.0
2026-04-28 04:00:00,31.2,55,962.3,3.6,177,0.0
2026-04-28 05:00:00,33.0,46,962.2,5.0,180,0.0
2026-04-28 06:00:00,33.9,38,961.8,4.4,148,0.0
2026-04-28 07:00:00,35.5,33,961.1,5.1,157,0.0
2026-04-28 08:00:00,36.5,29,960.1,4.5,187,0.0
2026-04-28 09:00:00,37.3,26,958.9,4.1,178,0.0
2026-04-28 10:00:00,37.4,25,958.1,6.3,180,0.0
2026-04-28 11:00:00,36.9,26,957.6,10.6,191,0.0
2026-04-28 12:00:00,36.6,23,957.5,7.2,219,0.1
2026-04-28 13:00:00,30.6,59,958.5,19.7,237,0.0
2026-04-28 14:00:00,30.0,63,959.3,13.1,232,0.0
2026-04-28 15:00:00,29.2,67,960.0,14.0,242,0.0
2026-04-28 16:00:00,28.6,70,960.8,9.2,230,0.0
2026-04-28 17:00:00,27.7,75,960.8,11.3,211,0.0
2026-04-28 18:00:00,27.1,80,960.7,11.8,208,0.0
2026-04-28 19:00:00,26.7,82,960.0,11.8,220,0.0
2026-04-28 20:00:00,26.5,83,959.4,10.7,225,0.0
2026-04-28 21:00:00,26.3,84,959.2,8.7,232,0.0
2026-04-28 22:00:00,26.1,86,959.1,7.5,228,0.0
2026-04-28 23:00:00,25.7,88,959.7,6.9,219,0.0
2026-04-29 00:00:00,25.1,94,959.7,7.6,211,0.0
2026-04-29 01:00:00,25.4,91,960.3,5.3,218,0.0
2026-04-29 02:00:00,26.7,84,961.1,7.4,206,0.0
2026-04-29 03:00:00,28.7,70,962.2,8.7,204,0.0
2026-04-29 04:00:00,30.0,62,962.7,7.9,204,0.0
2026-04-29 05:00:00,31.1,54,962.7,6.7,189,0.0
2026-04-29 06:00:00,31.9,48,962.7,6.2,142,0.0
2026-04-29 07:00:00,34.0,36,962.2,7.5,163,0.0
2026-04-29 08:00:00,35.0,29,960.8,7.0,183,0.0
2026-04-29 09:00:00,35.6,26,959.4,6.7,188,0.0
2026-04-29 10:00:00,36.2,24,958.5,3.9,202,0.0
2026-04-29 11:00:00,36.4,22,958.4,7.4,193,0.0
2026-04-29 12:00:00,36.4,23,958.7,3.5,189,0.0
2026-04-29 13:00:00,32.3,47,959.1,18.9,237,0.0
2026-04-29 14:00:00,30.7,53,960.0,15.3,243,0.0
2026-04-29 15:00:00,29.6,60,960.7,15.3,240,0.0
2026-04-29 16:00:00,28.2,70,961.4,13.1,223,0.0
2026-04-29 17:00:00,27.7,74,961.5,13.7,225,0.0
2026-04-29 18:00:00,27.0,79,961.4,13.7,219,0.0
2026-04-29 19:00:00,26.5,83,960.8,13.3,218,0.0
2026-04-29 20:00:00,26.1,85,960.6,13.3,222,0.0
2026-04-29 21:00:00,25.8,86,960.2,10.8,217,0.0
2026-04-29 22:00:00,25.5,86,960.3,10.5,217,0.0
2026-04-29 23:00:00,25.4,84,960.8,6.5,231,0.0
2026-04-30 00:00:00,25.0,91,961.3,8.5,201,0.0
2026-04-30 01:00:00,25.2,89,961.8,6.9,211,0.0
2026-04-30 02:00:00,26.6,81,962.5,5.6,205,0.0
2026-04-30 03:00:00,28.9,68,963.3,6.1,192,0.0
2026-04-30 04:00:00,31.2,56,963.8,6.0,189,0.0
2026-04-30 05:00:00,33.5,44,963.6,5.6,176,0.0
2026-04-30 06:00:00,34.7,40,963.0,6.9,135,0.0
2026-04-30 07:00:00,36.2,33,962.2,6.5,161,0.0
2026-04-30 08:00:00,37.2,29,961.2,7.4,179,0.0
2026-04-30 09:00:00,38.2,26,959.7,7.7,162,0.0
2026-04-30 10:00:00,37.8,25,959.2,10.6,199,0.0
2026-04-30 11:00:00,32.2,51,959.2,24.0,228,0.1
2026-04-30 12:00:00,31.8,52,959.7,18.5,226,0.0
2026-04-30 13:00:00,29.1,63,960.6,18.7,214,0.0
2026-04-30 14:00:00,28.8,65,961.3,16.9,230,0.0
2026-04-30 15:00:00,27.9,71,962.0,12.1,218,0.0
2026-04-30 16:00:00,27.4,74,962.4,11.1,220,0.0
2026-04-30 17:00:00,27.0,76,962.9,10.0,213,0.0
2026-04-30 18:00:00,25.5,80,963.1,13.5,205,0.0
2026-04-30 19:00:00,25.0,83,962.4,12.3,217,0.0
2026-04-30 20:00:00,25.1,83,961.9,9.3,217,0.0
2026-04-30 21:00:00,25.0,83,960.9,7.3,208,0.0
2026-04-30 22:00:00,24.7,86,960.6,7.3,211,0.0
2026-04-30 23:00:00,24.5,87,961.1,7.2,208,0.0
2026-05-01 00:00:00,24.6,88,961.4,4.1,167,0.0
2026-05-01 01:00:00,24.7,88,962.6,5.0,206,0.0
2026-05-01 02:00:00,26.0,82,963.5,2.7,208,0.0
2026-05-01 03:00:00,28.6,68,964.2,2.4,216,0.0
2026-05-01 04:00:00,31.0,56,964.3,5.4,186,0.0
2026-05-01 05:00:00,32.9,48,963.8,7.7,183,0.0
2026-05-01 06:00:00,34.0,43,963.4,9.5,190,0.0
2026-05-01 07:00:00,35.8,37,962.7,12.2,200,0.0
2026-05-01 08:00:00,36.3,36,961.5,13.1,188,0.0
2026-05-01 09:00:00,35.4,38,960.0,13.1,210,0.0
2026-05-01 10:00:00,28.1,70,959.9,4.5,7,9.8
2026-05-01 11:00:00,29.5,64,959.8,11.0,206,0.1
2026-05-01 12:00:00,32.7,46,959.5,12.2,221,0.4
2026-05-01 13:00:00,30.9,54,960.1,14.3,217,0.0
2026-05-01 14:00:00,30.0,59,960.6,12.8,219,0.0
2026-05-01 15:00:00,29.3,64,961.0,10.9,232,0.0
2026-05-01 16:00:00,28.7,67,961.6,11.8,216,0.0
2026-05-01 17:00:00,27.9,71,962.0,10.5,221,0.0
2026-05-01 18:00:00,27.5,76,961.7,10.7,215,0.0
2026-05-01 19:00:00,26.8,81,960.8,11.7,217,0.0
2026-05-01 20:00:00,26.4,84,960.3,11.4,218,0.0
2026-05-01 21:00:00,26.2,85,959.9,11.3,214,0.0
2026-05-01 22:00:00,25.7,88,959.5,11.5,210,0.0
2026-05-01 23:00:00,25.6,89,959.9,9.9,209,0.0
2026-05-02 00:00:00,25.3,91,960.2,13.0,206,0.0
2026-05-02 01:00:00,25.6,89,960.9,10.7,207,0.0
2026-05-02 02:00:00,26.6,83,961.8,10.1,204,0.0
2026-05-02 03:00:00,28.9,72,962.6,10.3,196,0.0
2026-05-02 04:00:00,31.4,59,963.1,9.8,194,0.0
2026-05-02 05:00:00,33.7,48,962.9,11.1,196,0.0
2026-05-02 06:00:00,35.1,39,962.3,7.2,176,0.0
2026-05-02 07:00:00,35.8,37,961.5,9.0,203,0.0
2026-05-02 08:00:00,35.6,38,960.5,9.7,222,0.0
2026-05-02 09:00:00,35.4,39,959.3,8.7,185,0.0
2026-05-02 10:00:00,31.9,53,959.2,17.7,230,0.3
2026-05-02 11:00:00,31.7,54,958.8,17.3,208,0.0
2026-05-02 12:00:00,29.7,62,959.0,16.5,205,0.0
2026-05-02 13:00:00,28.4,70,959.5,16.2,206,0.0
2026-05-02 14:00:00,27.6,75,960.1,15.9,219,0.0
2026-05-02 15:00:00,27.5,75,960.4,12.5,220,0.0
2026-05-02 16:00:00,26.9,79,961.0,11.8,214,0.0
2026-05-02 17:00:00,26.4,82,961.3,11.4,219,0.0
2026-05-02 18:00:00,24.8,87,961.6,11.5,207,0.0
2026-05-02 19:00:00,24.9,88,960.8,10.8,210,0.0
2026-05-02 20:00:00,24.8,89,960.5,7.3,220,0.0
2026-05-02 21:00:00,24.8,88,959.7,4.8,239,0.0
2026-05-02 22:00:00,24.7,89,959.3,6.1,208,0.0
2026-05-02 23:00:00,24.4,92,959.6,7.6,187,0.0
2026-05-03 00:00:00,24.7,93,960.3,8.3,210,0.0
2026-05-03 01:00:00,25.1,91,960.9,8.2,212,0.0
2026-05-03 02:00:00,26.3,85,961.6,9.9,202,0.0
2026-05-03 03:00:00,28.5,72,962.5,10.6,198,0.0
2026-05-03 04:00:00,31.0,60,963.0,11.5,200,0.0
2026-05-03 05:00:00,33.1,50,962.7,12.3,205,0.0
2026-05-03 06:00:00,33.5,47,962.2,13.6,203,0.0
2026-05-03 07:00:00,34.6,43,961.1,13.0,222,0.0
2026-05-03 08:00:00,35.5,39,960.1,11.8,219,0.0
2026-05-03 09:00:00,35.6,38,959.5,11.1,214,0.0
2026-05-03 10:00:00,35.0,40,959.1,12.3,210,0.0
2026-05-03 11:00:00,33.4,43,958.7,17.6,220,0.0
2026-05-03 12:00:00,31.6,53,958.8,19.4,217,0.0
2026-05-03 13:00:00,29.8,63,959.2,19.4,217,0.0
2026-05-03 14:00:00,29.0,66,960.0,18.2,225,0.0
2026-05-03 15:00:00,27.9,70,960.7,17.4,217,0.0
2026-05-03 16:00:00,27.2,73,961.3,14.5,218,0.0
2026-05-03 17:00:00,26.4,79,961.7,16.4,215,0.0
2026-05-03 18:00:00,26.0,84,961.9,13.5,218,0.0
2026-05-03 19:00:00,25.9,84,961.3,12.2,232,0.0
2026-05-03 20:00:00,25.8,84,960.5,11.4,229,0.0
2026-05-03 21:00:00,25.6,85,959.8,11.6,222,0.0
2026-05-03 22:00:00,25.2,87,959.1,11.2,228,0.0
2026-05-03 23:00:00,25.2,86,959.3,12.5,215,0.0
2026-05-04 00:00:00,24.4,92,959.6,6.5,226,0.0
2026-05-04 01:00:00,24.8,89,960.6,5.2,211,0.0
2026-05-04 02:00:00,26.4,81,961.4,7.1,199,0.0
2026-05-04 03:00:00,28.7,68,962.1,8.2,202,0.0
2026-05-04 04:00:00,31.3,54,962.8,9.0,193,0.0
2026-05-04 05:00:00,33.2,46,962.6,9.2,187,0.0
2026-05-04 06:00:00,33.5,44,962.2,8.2,166,0.0
2026-05-04 07:00:00,34.9,41,961.5,7.7,162,0.0
2026-05-04 08:00:00,35.0,38,960.4,6.4,151,0.0
2026-05-04 09:00:00,33.0,42,959.3,15.3,231,0.0
2026-05-04 10:00:00,32.0,44,958.7,15.0,246,0.1
2026-05-04 11:00:00,29.8,55,959.3,12.9,227,0.0
2026-05-04 12:00:00,29.5,58,959.3,15.2,216,0.1
2026-05-04 13:00:00,27.8,66,959.9,11.7,212,0.0
2026-05-04 14:00:00,27.4,71,960.4,11.7,205,0.0
2026-05-04 15:00:00,26.9,75,961.1,11.8,213,0.0
2026-05-04 16:00:00,26.5,79,961.8,12.1,217,0.0
2026-05-04 17:00:00,26.1,82,962.1,13.2,219,0.0
2026-05-04 18:00:00,24.5,85,962.0,8.0,200,0.0
2026-05-04 19:00:00,24.3,86,961.7,3.1,208,0.0
2026-05-04 20:00:00,24.3,86,960.9,2.5,201,0.0
2026-05-04 21:00:00,24.2,87,960.7,3.9,208,0.0
2026-05-04 22:00:00,24.1,87,960.5,4.2,205,0.0
2026-05-04 23:00:00,23.7,88,960.7,8.5,193,0.0
2026-05-05 00:00:00,23.0,96,960.8,7.4,225,0.0
2026-05-05 01:00:00,23.1,97,961.7,6.6,201,0.1
2026-05-05 02:00:00,24.4,89,962.5,4.7,227,0.0
2026-05-05 03:00:00,26.4,80,962.8,1.8,217,0.0
2026-05-05 04:00:00,29.0,67,962.9,3.8,183,0.0
2026-05-05 05:00:00,31.1,54,962.6,6.7,172,0.0
2026-05-05 06:00:00,31.1,50,962.5,7.0,159,0.0
2026-05-05 07:00:00,32.5,45,961.7,4.9,208,0.0
2026-05-05 08:00:00,33.4,43,960.7,7.5,233,0.0
2026-05-05 09:00:00,32.8,45,959.5,12.0,249,0.1
2026-05-05 10:00:00,30.9,52,959.3,15.6,215,0.6
2026-05-05 11:00:00,29.1,63,959.7,3.3,6,3.0
2026-05-05 12:00:00,27.8,68,960.2,8.1,47,12.6
2026-05-05 13:00:00,24.5,87,960.7,2.0,333,7.9
2026-05-05 14:00:00,24.9,92,961.0,7.4,347,0.4
2026-05-05 15:00:00,25.1,92,961.4,2.7,293,0.1
2026-05-05 16:00:00,25.0,95,961.5,5.7,221,0.0
2026-05-05 17:00:00,25.1,92,961.6,8.2,221,0.0
2026-05-05 18:00:00,25.1,89,961.5,13.1,203,0.0
2026-05-05 19:00:00,24.9,88,960.5,10.3,227,0.0
2026-05-05 20:00:00,24.6,89,960.3,10.5,218,0.0
2026-05-05 21:00:00,24.2,90,959.5,8.8,223,0.0
2026-05-05 22:00:00,23.9,91,959.5,7.9,221,0.0
2026-05-05 23:00:00,23.7,92,959.2,4.6,222,0.0
2026-05-06 00:00:00,23.8,89,959.4,4.8,243,0.0
2026-05-06 01:00:00,24.1,88,959.9,3.2,232,0.0
2026-05-06 02:00:00,25.3,85,960.7,2.8,198,0.0
2026-05-06 03:00:00,27.4,75,961.4,3.4,186,0.0
2026-05-06 04:00:00,29.6,63,961.6,3.8,121,0.0
2026-05-06 05:00:00,32.1,50,961.3,8.6,74,0.0
2026-05-06 06:00:00,33.7,40,960.8,12.4,60,0.0
2026-05-06 07:00:00,34.5,38,959.9,14.2,64,0.0
2026-05-06 08:00:00,35.4,34,958.8,14.9,67,0.0
2026-05-06 09:00:00,35.5,33,957.4,13.6,66,0.0
2026-05-06 10:00:00,35.8,32,957.1,11.8,66,0.0
2026-05-06 11:00:00,35.1,34,956.8,10.5,71,0.1
2026-05-06 12:00:00,34.8,32,956.9,12.2,103,0.1
2026-05-06 13:00:00,32.7,40,957.6,11.2,85,0.0
2026-05-06 14:00:00,31.3,47,958.5,5.7,148,0.0
2026-05-06 15:00:00,28.8,72,959.3,1.2,231,0.0
2026-05-06 16:00:00,24.5,86,960.5,14.4,18,4.5
2026-05-06 17:00:00,24.3,91,960.5,8.1,343,0.4
2026-05-06 18:00:00,23.5,94,961.2,12.1,318,1.3
2026-05-06 19:00:00,23.3,95,960.8,11.0,325,2.4
2026-05-06 20:00:00,23.2,90,960.0,11.4,335,0.7
2026-05-06 21:00:00,23.3,90,959.2,13.0,331,0.4
2026-05-06 22:00:00,23.2,92,959.2,9.1,322,0.0
2026-05-06 23:00:00,23.0,94,959.3,4.5,320,0.0
2026-05-07 00:00:00,23.9,91,959.8,6.8,348,0.0
2026-05-07 01:00:00,24.6,88,960.4,6.1,355,0.0
2026-05-07 02:00:00,25.5,83,961.3,2.6,25,0.0
2026-05-07 03:00:00,26.6,77,962.0,2.4,54,0.0
2026-05-07 04:00:00,27.7,72,962.3,0.9,53,0.0
2026-05-07 05:00:00,29.1,65,962.0,2.2,55,0.0
2026-05-07 06:00:00,30.0,59,961.1,7.1,43,0.0
2026-05-07 07:00:00,31.3,54,960.4,7.8,38,0.0
2026-05-07 08:00:00,32.2,49,959.2,7.4,43,0.0
2026-05-07 09:00:00,32.7,48,958.3,6.3,53,0.0
2026-05-07 10:00:00,32.8,47,957.9,6.0,57,0.0
2026-05-07 11:00:00,32.5,47,957.7,6.4,80,0.0
2026-05-07 12:00:00,32.7,45,957.4,9.4,94,0.0
2026-05-07 13:00:00,29.6,60,957.8,8.7,186,0.0
2026-05-07 14:00:00,27.5,74,958.9,11.3,227,0.0
2026-05-07 15:00:00,27.0,78,959.6,8.5,228,0.0
2026-05-07 16:00:00,25.9,84,960.6,10.5,207,0.0
2026-05-07 17:00:00,25.4,87,960.9,8.9,223,0.0
2026-05-07 18:00:00,25.3,87,961.1,8.4,214,0.0
2026-05-07 19:00:00,24.7,90,960.6,5.8,171,0.1
2026-05-07 20:00:00,24.4,91,960.4,1.1,270,0.0
2026-05-07 21:00:00,24.4,91,959.7,4.2,20,0.0
2026-05-07 22:00:00,24.2,92,959.7,6.7,44,0.0
2026-05-07 23:00:00,24.3,90,959.7,7.5,24,0.0
2026-05-08 00:00:00,24.0,93,960.3,6.7,27,0.0
2026-05-08 01:00:00,24.2,91,960.9,9.5,25,0.0
2026-05-08 02:00:00,24.8,87,961.3,10.1,20,0.0
2026-05-08 03:00:00,26.1,80,961.6,9.0,16,0.0
2026-05-08 04:00:00,27.5,73,961.7,8.6,31,0.0
2026-05-08 05:00:00,28.9,67,961.6,9.6,60,0.0
2026-05-08 06:00:00,29.8,63,961.4,10.1,80,0.0
2026-05-08 07:00:00,30.8,58,960.5,9.6,70,0.0
2026-05-08 08:00:00,31.7,54,959.4,9.8,64,0.0
2026-05-08 09:00:00,32.2,50,958.5,10.2,58,0.0
2026-05-08 10:00:00,32.7,48,958.1,10.5,71,0.0
2026-05-08 11:00:00,31.9,48,958.0,10.2,45,0.0
2026-05-08 12:00:00,31.1,54,957.9,11.3,81,0.0
2026-05-08 13:00:00,29.5,62,958.9,12.0,28,0.0
2026-05-08 14:00:00,25.5,86,960.9,12.8,31,11.8
2026-05-08 15:00:00,24.5,94,961.2,7.7,11,3.8
2026-05-08 16:00:00,24.6,96,961.9,6.2,330,1.8
2026-05-08 17:00:00,24.7,96,962.0,6.0,327,1.1
2026-05-08 18:00:00,24.0,90,961.3,6.0,357,0.4
2026-05-08 19:00:00,24.0,92,960.5,5.5,19,1.0
2026-05-08 20:00:00,23.9,91,959.9,6.0,16,0.7
2026-05-08 21:00:00,23.9,92,959.2,7.6,8,0.0
2026-05-08 22:00:00,24.2,91,959.2,5.5,19,0.0
2026-05-08 23:00:00,24.2,91,959.6,5.5,41,0.0
2026-05-09 00:00:00,24.1,90,960.1,1.1,351,0.0
2026-05-09 01:00:00,24.6,89,960.6,3.5,339,0.0
2026-05-09 02:00:00,25.4,82,961.0,1.5,353,0.0
2026-05-09 03:00:00,26.4,76,961.4,0.9,53,0.0
2026-05-09 04:00:00,28.3,69,962.2,3.1,97,0.0
2026-05-09 05:00:00,29.8,61,962.3,5.7,72,0.0
2026-05-09 06:00:00,30.6,56,961.9,7.7,78,0.0
2026-05-09 07:00:00,31.5,52,960.8,7.3,67,0.0
2026-05-09 08:00:00,31.9,52,959.8,8.0,72,0.0
2026-05-09 09:00:00,31.7,54,959.1,7.7,78,0.1
2026-05-09 10:00:00,30.6,56,958.5,11.0,72,0.0
2026-05-09 11:00:00,29.1,66,958.3,4.7,83,0.7
2026-05-09 12:00:00,25.1,83,958.9,6.3,207,5.8
2026-05-09 13:00:00,24.9,82,959.5,4.0,291,0.2
2026-05-09 14:00:00,24.4,88,960.4,3.1,315,0.4
2026-05-09 15:00:00,24.1,93,961.1,7.4,14,0.9
2026-05-09 16:00:00,23.9,94,961.3,6.0,351,1.4
2026-05-09 17:00:00,24.1,93,961.9,7.0,35,0.2
2026-05-09 18:00:00,24.0,95,961.5,5.6,15,0.8
2026-05-09 19:00:00,24.0,96,960.8,3.0,17,0.6
2026-05-09 20:00:00,23.8,96,960.1,3.6,20,0.2
2026-05-09 21:00:00,23.7,96,959.5,5.2,27,0.1
2026-05-09 22:00:00,23.7,96,959.0,4.6,11,0.0
2026-05-09 23:00:00,23.6,94,958.8,4.1,41,0.0
2026-05-10 00:00:00,23.8,96,959.2,4.8,48,0.0
2026-05-10 01:00:00,24.1,93,959.4,4.6,36,0.0
2026-05-10 02:00:00,25.0,90,960.0,4.8,61,0.0
2026-05-10 03:00:00,26.8,81,960.8,7.4,83,0.0
2026-05-10 04:00:00,27.5,76,961.5,9.3,82,0.0
2026-05-10 05:00:00,28.6,69,961.5,11.9,72,0.0
2026-05-10 06:00:00,28.6,68,961.4,10.3,91,0.0
2026-05-10 07:00:00,28.4,67,960.7,7.0,108,0.0
2026-05-10 08:00:00,29.1,64,959.7,5.1,135,0.0
2026-05-10 09:00:00,30.0,60,958.6,3.1,135,0.0
2026-05-10 10:00:00,30.0,61,958.4,4.1,103,0.0
2026-05-10 11:00:00,29.4,63,958.0,6.1,118,0.0
2026-05-10 12:00:00,31.0,55,957.9,2.5,90,0.0
2026-05-10 13:00:00,28.7,69,958.5,3.3,131,0.0
2026-05-10 14:00:00,27.4,74,959.4,1.4,130,0.0
2026-05-10 15:00:00,26.5,76,959.7,1.5,324,0.0
2026-05-10 16:00:00,25.6,84,960.2,0.9,307,0.0
2026-05-10 17:00:00,25.3,83,960.7,4.0,231,0.0
2026-05-10 18:00:00,26.1,80,960.7,1.4,247,0.0
2026-05-10 19:00:00,25.6,84,960.4,1.5,306,0.0
2026-05-10 20:00:00,25.0,85,959.9,5.1,350,0.4
2026-05-10 21:00:00,24.1,92,958.9,3.1,291,0.6
2026-05-10 22:00:00,23.5,98,958.7,1.6,264,0.0
2026-05-10 23:00:00,23.1,99,958.8,1.5,240,0.0
2026-05-11 00:00:00,24.2,91,959.0,1.4,320,0.0
2026-05-11 01:00:00,24.5,91,960.2,3.3,319,0.0
2026-05-11 02:00:00,26.5,79,961.1,0.6,252,0.0
2026-05-11 03:00:00,27.6,75,961.9,2.4,163,0.0
2026-05-11 04:00:00,28.8,71,962.2,4.8,167,0.0
2026-05-11 05:00:00,30.0,65,961.8,5.4,174,0.0
2026-05-11 06:00:00,31.2,57,961.4,5.5,157,0.0
2026-05-11 07:00:00,32.5,50,960.4,4.3,152,0.0
2026-05-11 08:00:00,33.2,46,959.4,5.3,128,0.0
2026-05-11 09:00:00,33.5,42,958.3,5.6,97,0.0
2026-05-11 10:00:00,33.7,40,957.9,3.2,183,0.0
2026-05-11 11:00:00,32.0,47,957.9,5.9,230,0.1
2026-05-11 12:00:00,29.6,58,957.9,9.2,225,0.0
2026-05-11 13:00:00,29.0,61,958.5,13.6,215,0.0
2026-05-11 14:00:00,27.9,68,959.8,9.6,233,0.0
2026-05-11 15:00:00,27.0,74,960.2,11.7,221,0.0
2026-05-11 16:00:00,26.5,76,960.4,9.3,246,0.0
2026-05-11 17:00:00,25.8,80,960.8,4.7,247,0.0
2026-05-11 18:00:00,25.2,84,960.2,6.9,233,0.0
2026-05-11 19:00:00,24.9,88,959.8,6.3,195,0.0
2026-05-11 20:00:00,24.4,93,959.2,6.2,195,0.0
2026-05-11 21:00:00,24.0,96,958.4,6.1,199,0.0
2026-05-11 22:00:00,23.8,96,957.9,5.2,209,0.0
2026-05-11 23:00:00,23.8,96,957.9,5.1,197,0.0
2026-05-12 00:00:00,23.0,99,958.0,5.0,221,0.0
2026-05-12 01:00:00,23.7,97,958.4,1.9,214,0.0
2026-05-12 02:00:00,25.3,90,959.3,1.6,186,0.0
2026-05-12 03:00:00,27.3,80,960.1,3.8,180,0.0
2026-05-12 04:00:00,29.1,71,960.6,4.8,167,0.0
2026-05-12 05:00:00,30.8,62,960.5,5.5,161,0.0
2026-05-12 06:00:00,31.5,56,959.9,6.0,171,0.0
2026-05-12 07:00:00,32.9,47,959.2,5.1,138,0.0
2026-05-12 08:00:00,34.1,37,958.4,5.1,96,0.0
2026-05-12 09:00:00,34.6,35,957.3,4.7,81,0.0
2026-05-12 10:00:00,34.5,36,956.9,5.5,77,0.0
2026-05-12 11:00:00,34.0,37,956.6,4.9,94,0.0
2026-05-12 12:00:00,33.0,39,956.6,7.5,98,0.2
2026-05-12 13:00:00,31.4,48,957.1,5.6,115,0.0
2026-05-12 14:00:00,29.2,57,958.1,12.0,199,0.0
2026-05-12 15:00:00,27.5,71,958.9,12.5,235,0.0
2026-05-12 16:00:00,27.1,75,959.6,10.7,239,0.0
2026-05-12 17:00:00,26.5,79,960.0,7.0,222,0.0
2026-05-12 18:00:00,25.6,83,959.7,9.4,210,0.0
2026-05-12 19:00:00,25.2,86,958.8,8.5,208,0.0
2026-05-12 20:00:00,24.8,88,958.3,8.6,210,0.0
2026-05-12 21:00:00,24.4,90,957.7,8.8,208,0.0
2026-05-12 22:00:00,24.0,92,957.4,7.0,222,0.0
2026-05-12 23:00:00,23.8,93,957.5,5.7,226,0.0
2026-05-13 00:00:00,23.4,94,957.6,9.3,212,0.0
2026-05-13 01:00:00,23.6,94,958.2,7.6,223,0.0
2026-05-13 02:00:00,25.2,86,959.0,6.3,204,0.0
2026-05-13 03:00:00,26.9,79,959.7,8.9,189,0.0
2026-05-13 04:00:00,28.9,70,960.3,11.7,200,0.0
2026-05-13 05:00:00,31.1,60,959.8,10.4,203,0.0
2026-05-13 06:00:00,32.0,53,959.7,10.1,179,0.0
2026-05-13 07:00:00,32.5,50,958.8,13.5,188,0.0
2026-05-13 08:00:00,32.8,47,957.6,13.9,190,0.0
2026-05-13 09:00:00,32.7,47,956.4,14.7,195,0.0
2026-05-13 10:00:00,32.0,49,955.9,16.0,203,0.0
2026-05-13 11:00:00,31.1,55,955.9,16.4,209,0.0
2026-05-13 12:00:00,28.9,67,956.0,17.4,215,0.1
2026-05-13 13:00:00,27.7,74,956.5,13.2,215,0.0
2026-05-13 14:00:00,27.4,75,957.3,13.1,212,0.0
2026-05-13 15:00:00,27.1,77,957.9,12.4,214,0.0
2026-05-13 16:00:00,26.7,79,958.3,12.9,217,0.0
2026-05-13 17:00:00,26.3,81,958.2,12.8,215,0.0
2026-05-13 18:00:00,26.1,86,957.4,13.5,203,0.0
2026-05-13 19:00:00,25.5,89,956.7,10.2,206,0.0
2026-05-13 20:00:00,24.8,90,956.0,10.6,206,0.0
2026-05-13 21:00:00,24.3,91,955.7,9.6,200,0.0
2026-05-13 22:00:00,24.0,93,955.6,9.6,201,0.0
2026-05-13 23:00:00,23.8,95,955.7,9.9,205,0.0
2026-05-14 00:00:00,25.0,95,955.5,11.7,209,0.0
2026-05-14 01:00:00,25.1,94,956.2,9.0,210,0.0
2026-05-14 02:00:00,26.3,88,957.4,7.9,201,0.0
2026-05-14 03:00:00,28.2,78,958.4,8.2,190,0.0
2026-05-14 04:00:00,30.0,70,959.2,8.1,180,0.0
2026-05-14 05:00:00,31.5,63,959.3,8.3,181,0.0
2026-05-14 06:00:00,33.2,50,958.8,8.3,150,0.0
2026-05-14 07:00:00,33.9,43,958.1,8.4,165,0.0
2026-05-14 08:00:00,33.9,42,957.0,5.8,182,0.0
2026-05-14 09:00:00,35.1,38,956.0,4.7,130,0.0
2026-05-14 10:00:00,34.6,38,955.4,6.1,185,0.1
2026-05-14 11:00:00,30.3,61,955.4,16.2,192,0.3
2026-05-14 12:00:00,29.9,65,956.0,13.8,207,0.2
2026-05-14 13:00:00,27.6,77,956.4,17.2,213,0.0
2026-05-14 14:00:00,26.5,82,957.2,13.0,211,0.0
2026-05-14 15:00:00,25.9,84,957.8,13.5,211,0.0
2026-05-14 16:00:00,25.5,84,958.5,12.0,213,0.0
2026-05-14 17:00:00,25.2,85,958.7,11.8,218,0.0
2026-05-14 18:00:00,24.6,88,957.9,11.8,200,0.0
2026-05-14 19:00:00,24.1,90,957.3,11.0,214,0.0
2026-05-14 20:00:00,24.0,92,957.0,8.5,209,0.0
2026-05-14 21:00:00,23.7,94,956.5,7.2,202,0.0
2026-05-14 22:00:00,23.9,92,956.2,6.8,230,0.0
2026-05-14 23:00:00,23.8,93,956.3,7.3,218,0.0
2026-05-15 00:00:00,24.2,92,956.7,11.4,206,0.0
2026-05-15 01:00:00,24.3,92,957.3,9.3,212,0.0
2026-05-15 02:00:00,25.4,87,958.2,8.1,205,0.0
2026-05-15 03:00:00,27.3,78,958.8,9.4,197,0.0
2026-05-15 04:00:00,29.2,69,959.2,10.5,197,0.0
2026-05-15 05:00:00,31.0,61,959.0,11.1,194,0.0
2026-05-15 06:00:00,32.1,53,959.1,11.4,185,0.0
2026-05-15 07:00:00,32.4,51,958.7,7.1,170,0.8
2026-05-15 08:00:00,32.8,49,957.7,6.4,153,0.0
2026-05-15 09:00:00,32.2,48,956.7,9.4,168,0.2
2026-05-15 10:00:00,30.5,59,956.6,13.8,206,0.6
2026-05-15 11:00:00,30.1,60,956.0,12.2,223,0.0
2026-05-15 12:00:00,28.1,71,956.6,8.8,224,0.0
2026-05-15 13:00:00,27.6,72,957.1,8.7,233,0.0
2026-05-15 14:00:00,27.3,73,957.4,11.4,237,0.0
2026-05-15 15:00:00,26.8,78,957.7,8.5,238,0.0
2026-05-15 16:00:00,26.9,75,957.3,14.3,263,0.0
2026-05-15 17:00:00,27.1,72,957.6,6.1,175,0.0
2026-05-15 18:00:00,24.6,90,958.2,9.6,176,0.0
2026-05-15 19:00:00,24.5,90,957.6,9.0,232,0.0
2026-05-15 20:00:00,24.7,90,956.7,5.9,230,0.0
2026-05-15 21:00:00,24.1,94,957.3,5.3,142,0.5
2026-05-15 22:00:00,24.1,96,956.6,5.1,309,0.7
2026-05-15 23:00:00,24.1,96,956.9,3.7,305,0.0
2026-05-16 00:00:00,24.3,94,956.5,5.8,248,0.0
2026-05-16 01:00:00,24.5,92,956.4,5.7,246,0.0
2026-05-16 02:00:00,26.1,82,957.5,7.2,212,0.0
2026-05-16 03:00:00,27.9,71,958.5,9.7,196,0.0
2026-05-16 04:00:00,28.5,69,959.7,12.4,201,0.0
2026-05-16 05:00:00,28.5,68,959.8,11.7,205,0.0
2026-05-16 06:00:00,31.3,53,960.0,8.1,193,0.0
2026-05-16 07:00:00,31.9,49,959.0,8.8,180,0.2
2026-05-16 08:00:00,32.8,44,958.6,11.1,197,0.1
2026-05-16 09:00:00,31.3,52,957.2,16.2,204,0.0
2026-05-16 10:00:00,31.2,54,956.8,17.7,210,0.0
2026-05-16 11:00:00,29.2,63,956.5,19.1,215,0.0
2026-05-16 12:00:00,29.0,62,956.5,15.7,217,0.0
2026-05-16 13:00:00,27.9,68,957.0,14.6,206,0.0
2026-05-16 14:00:00,26.9,74,957.3,13.2,209,0.0
2026-05-16 15:00:00,26.2,78,958.1,11.9,219,0.0
2026-05-16 16:00:00,25.7,83,958.9,10.8,216,0.0
2026-05-16 17:00:00,25.2,87,959.2,9.4,216,0.0
2026-05-16 18:00:00,25.6,87,959.1,8.2,195,0.0
2026-05-16 19:00:00,25.2,88,958.7,7.6,218,0.0
2026-05-16 20:00:00,25.1,88,958.2,7.7,216,0.0
2026-05-16 21:00:00,24.7,91,957.5,7.6,208,0.0
2026-05-16 22:00:00,24.3,92,957.3,5.8,200,0.0
2026-05-16 23:00:00,24.2,93,957.4,5.5,212,0.0
2026-05-17 00:00:00,24.2,93,957.5,4.9,188,0.0
2026-05-17 01:00:00,24.2,92,958.4,5.1,197,0.0
2026-05-17 02:00:00,25.0,87,959.5,4.7,196,0.0
2026-05-17 03:00:00,27.0,78,959.8,0.9,191,0.0
2026-05-17 04:00:00,29.9,60,960.3,6.2,173,0.0
2026-05-17 05:00:00,31.0,53,960.3,10.9,186,0.0
2026-05-17 06:00:00,32.3,46,960.3,4.3,175,0.0
2026-05-17 07:00:00,33.7,40,959.5,5.8,187,0.0
2026-05-17 08:00:00,33.0,42,958.6,12.8,196,0.0
2026-05-17 09:00:00,31.1,55,957.5,16.8,222,0.3
2026-05-17 10:00:00,28.7,70,957.2,18.4,217,0.0
2026-05-17 11:00:00,28.4,73,956.7,15.4,207,0.1
2026-05-17 12:00:00,27.7,76,956.8,13.7,205,0.0
2026-05-17 13:00:00,26.0,84,957.5,13.5,199,0.0
2026-05-17 14:00:00,25.2,90,958.2,13.4,207,0.0
2026-05-17 15:00:00,25.1,93,958.9,10.0,213,0.1
2026-05-17 16:00:00,25.1,94,960.1,8.9,201,0.2
2026-05-17 17:00:00,24.9,95,960.4,6.3,211,0.0
2026-05-17 18:00:00,24.8,95,960.0,6.6,209,0.0
2026-05-17 19:00:00,24.3,99,959.3,7.2,212,1.4
2026-05-17 20:00:00,24.1,99,958.6,7.9,201,0.4
2026-05-17 21:00:00,23.9,99,957.9,8.0,216,0.0
2026-05-17 22:00:00,23.6,98,957.6,8.2,212,0.0
2026-05-17 23:00:00,23.5,97,957.7,6.7,214,0.0
2026-05-18 00:00:00,23.5,96,958.1,7.6,199,0.0
2026-05-18 01:00:00,23.6,94,958.6,7.6,211,0.0
2026-05-18 02:00:00,25.1,84,959.4,8.4,215,0.0
2026-05-18 03:00:00,27.5,70,960.3,11.1,211,0.0
2026-05-18 04:00:00,29.5,60,960.9,12.7,209,0.0
2026-05-18 05:00:00,31.0,55,960.8,14.8,212,0.0
2026-05-18 06:00:00,32.1,51,960.2,15.2,209,0.0
2026-05-18 07:00:00,32.4,50,959.9,18.2,225,0.0
2026-05-18 08:00:00,32.8,48,959.2,15.7,223,0.0
2026-05-18 09:00:00,31.6,50,958.6,20.9,222,0.6
2026-05-18 10:00:00,30.3,60,958.3,19.0,222,0.3
2026-05-18 11:00:00,29.1,67,958.1,17.3,218,0.5
2026-05-18 12:00:00,28.5,67,958.5,17.3,219,0.0
2026-05-18 13:00:00,27.3,72,959.0,15.2,217,0.0
2026-05-18 14:00:00,26.4,78,959.8,12.3,210,0.0
2026-05-18 15:00:00,25.9,82,960.3,12.9,207,0.0
2026-05-18 16:00:00,25.8,81,961.3,12.2,223,0.0
2026-05-18 17:00:00,26.0,77,961.6,11.7,225,0.0
2026-05-18 18:00:00,26.2,74,961.3,12.7,224,0.0
2026-05-18 19:00:00,25.7,77,960.7,10.1,221,0.0
2026-05-18 20:00:00,25.5,79,959.8,10.7,220,0.0
2026-05-18 21:00:00,25.3,80,959.4,11.9,218,0.0
2026-05-18 22:00:00,25.2,79,959.1,9.6,223,0.0
2026-05-18 23:00:00,25.0,80,959.1,10.3,224,0.0
2026-05-19 00:00:00,25.3,79,959.5,13.2,223,0.0
2026-05-19 01:00:00,25.2,78,960.1,13.9,219,0.0
2026-05-19 02:00:00,26.4,73,960.6,13.6,216,0.0
2026-05-19 03:00:00,28.3,64,961.1,17.2,220,0.0
2026-05-19 04:00:00,29.7,60,961.6,20.6,225,0.0
2026-05-19 05:00:00,31.0,56,961.4,21.0,228,0.0
2026-05-19 06:00:00,32.5,50,961.4,21.7,230,0.0
2026-05-19 07:00:00,32.7,49,960.4,20.7,229,0.0
2026-05-19 08:00:00,33.0,50,959.9,21.3,223,0.0
2026-05-19 09:00:00,32.7,51,958.8,20.9,222,0.0
2026-05-19 10:00:00,32.1,53,957.9,20.0,221,0.0
2026-05-19 11:00:00,30.3,62,958.4,20.9,223,0.0
2026-05-19 12:00:00,29.6,64,958.9,20.1,218,0.0
2026-05-19 13:00:00,28.1,71,959.2,16.8,215,0.0
2026-05-19 14:00:00,27.2,75,960.2,15.5,207,0.0
2026-05-19 15:00:00,26.6,77,960.7,15.1,205,0.0
2026-05-19 16:00:00,25.8,83,961.6,16.0,203,0.0
2026-05-19 17:00:00,25.3,86,961.7,13.4,208,0.0
2026-05-19 18:00:00,25.9,81,961.5,15.2,215,0.0
2026-05-19 19:00:00,25.5,83,961.0,14.5,211,0.0
2026-05-19 20:00:00,24.9,85,960.3,15.4,210,0.0
2026-05-19 21:00:00,24.9,84,959.4,16.7,209,0.0
2026-05-19 22:00:00,24.9,83,959.4,17.9,209,0.0
2026-05-19 23:00:00,25.2,81,959.4,18.8,212,0.0
2026-05-20 00:00:00,25.6,80,959.2,15.5,213,0.0
2026-05-20 01:00:00,25.4,82,959.8,16.9,205,0.0
2026-05-20 02:00:00,26.3,79,960.5,15.2,206,0.0
2026-05-20 03:00:00,27.6,71,961.0,16.5,207,0.0
2026-05-20 04:00:00,29.1,64,961.5,18.8,212,0.0
2026-05-20 05:00:00,31.1,56,961.6,20.8,222,0.0
2026-05-20 06:00:00,33.1,48,961.2,19.3,225,0.0
2026-05-20 07:00:00,33.4,47,960.7,22.2,230,0.0
2026-05-20 08:00:00,32.9,48,960.4,18.6,231,0.3
2026-05-20 09:00:00,32.3,49,959.2,19.9,226,0.1
2026-05-20 10:00:00,32.5,51,958.8,19.0,226,0.0
2026-05-20 11:00:00,31.3,57,958.5,19.4,223,0.0
2026-05-20 12:00:00,30.6,60,958.5,17.0,216,0.0
2026-05-20 13:00:00,28.9,70,959.2,18.1,214,0.0
2026-05-20 14:00:00,28.0,73,960.0,18.0,215,0.0
2026-05-20 15:00:00,27.5,75,960.9,16.3,215,0.0
2026-05-20 16:00:00,27.0,78,961.2,16.7,207,0.0
2026-05-20 17:00:00,26.5,81,961.2,16.1,210,0.0
2026-05-20 18:00:00,26.3,84,960.2,13.8,204,0.0
2026-05-20 19:00:00,26.0,85,959.8,13.8,213,0.0
2026-05-20 20:00:00,25.8,85,959.3,13.6,212,0.0
2026-05-20 21:00:00,25.5,87,959.1,13.5,210,0.0
2026-05-20 22:00:00,25.2,88,959.2,12.5,203,0.0
2026-05-20 23:00:00,25.1,88,959.4,11.8,208,0.0
2026-05-21 00:00:00,25.4,88,959.6,12.6,211,0.0
2026-05-21 01:00:00,25.6,87,960.3,10.4,217,0.0
2026-05-21 02:00:00,27.0,79,961.1,8.6,217,0.0
2026-05-21 03:00:00,29.0,69,961.7,11.1,210,0.0
2026-05-21 04:00:00,30.8,61,961.9,13.4,211,0.0
2026-05-21 05:00:00,32.6,54,961.7,15.5,219,0.0
2026-05-21 06:00:00,32.5,49,960.9,16.1,213,0.0
2026-05-21 07:00:00,34.0,46,960.8,15.4,216,0.4
2026-05-21 08:00:00,33.8,49,960.3,18.1,221,0.2
2026-05-21 09:00:00,33.5,50,959.4,17.1,219,0.1
2026-05-21 10:00:00,31.9,56,959.1,20.3,221,0.4
2026-05-21 11:00:00,31.2,60,958.7,20.6,225,0.1
2026-05-21 12:00:00,30.3,62,959.1,20.0,222,0.0
2026-05-21 13:00:00,29.0,65,959.6,20.0,222,0.0
2026-05-21 14:00:00,28.1,70,960.2,18.2,219,0.0
2026-05-21 15:00:00,27.5,73,961.0,18.1,222,0.0
2026-05-21 16:00:00,27.0,77,961.6,17.0,216,0.0
2026-05-21 17:00:00,26.5,81,962.0,15.5,211,0.0
2026-05-21 18:00:00,26.7,78,961.5,15.3,217,0.0
2026-05-21 19:00:00,26.2,80,961.1,15.9,223,0.0
2026-05-21 20:00:00,26.0,80,960.8,16.1,222,0.0
2026-05-21 21:00:00,26.0,78,960.4,15.2,221,0.0
2026-05-21 22:00:00,26.0,77,960.0,13.8,222,0.0
2026-05-21 23:00:00,25.5,81,960.3,13.4,216,0.0
2026-05-22 00:00:00,25.4,83,961.2,14.6,207,0.0
2026-05-22 01:00:00,25.0,85,961.7,13.1,210,0.0
2026-05-22 02:00:00,25.4,83,962.1,12.9,207,0.0
2026-05-22 03:00:00,27.3,74,963.0,13.3,208,0.0
2026-05-22 04:00:00,30.0,62,963.8,14.3,215,0.0
2026-05-22 05:00:00,32.0,52,964.0,17.9,220,0.0
2026-05-22 06:00:00,32.4,50,962.9,20.4,219,0.0
2026-05-22 07:00:00,33.0,49,962.4,20.7,225,0.0
2026-05-22 08:00:00,33.5,47,962.1,19.8,229,0.0
2026-05-22 09:00:00,32.6,49,961.5,17.7,232,0.9
2026-05-22 10:00:00,32.0,53,960.8,18.9,230,0.2
2026-05-22 11:00:00,30.9,58,960.8,22.3,227,0.0
2026-05-22 12:00:00,29.5,60,961.8,20.9,221,0.0
2026-05-22 13:00:00,27.6,70,962.1,18.8,214,0.0
2026-05-22 14:00:00,26.6,76,962.8,16.6,216,0.0
2026-05-22 15:00:00,25.9,80,963.4,15.9,208,0.0
2026-05-22 16:00:00,25.3,83,963.5,16.0,207,0.0
2026-05-22 17:00:00,25.2,84,963.6,14.7,204,0.0
2026-05-22 18:00:00,25.6,82,963.3,15.3,205,0.0
2026-05-22 19:00:00,24.8,87,962.7,14.1,205,0.0
2026-05-22 20:00:00,24.3,91,962.3,13.1,209,0.0
2026-05-22 21:00:00,24.1,91,961.6,13.2,215,0.0
2026-05-22 22:00:00,23.9,91,961.5,13.2,210,0.0
2026-05-22 23:00:00,23.7,93,961.5,11.4,208,0.0
2026-05-23 00:00:00,24.0,91,961.7,14.3,211,0.0
2026-05-23 01:00:00,24.1,89,962.4,11.3,213,0.0
2026-05-23 02:00:00,25.7,81,963.2,11.3,207,0.0
2026-05-23 03:00:00,28.0,70,963.6,14.3,205,0.0
2026-05-23 04:00:00,30.3,60,964.1,14.6,212,0.0
2026-05-23 05:00:00,32.0,54,964.1,14.4,217,0.0
2026-05-23 06:00:00,32.4,53,963.6,15.9,215,0.0
2026-05-23 07:00:00,33.4,49,963.4,17.8,214,0.0
2026-05-23 08:00:00,32.9,50,963.2,14.8,213,0.4
2026-05-23 09:00:00,30.3,61,962.4,13.8,220,0.6
2026-05-23 10:00:00,31.7,53,961.8,13.2,227,0.2
2026-05-23 11:00:00,28.5,73,962.0,13.2,200,1.0
2026-05-23 12:00:00,29.6,67,962.3,13.0,217,0.1
2026-05-23 13:00:00,27.9,74,963.1,5.3,204,0.0
2026-05-23 14:00:00,26.5,85,963.5,8.9,204,0.8
2026-05-23 15:00:00,25.9,87,963.4,12.6,214,0.1
2026-05-23 16:00:00,25.5,87,964.1,11.7,201,0.0
2026-05-23 17:00:00,25.3,88,964.1,9.7,202,0.0
2026-05-23 18:00:00,26.2,83,962.8,14.1,211,0.0
2026-05-23 19:00:00,26.0,83,962.4,12.9,207,0.0
2026-05-23 20:00:00,25.5,88,962.0,10.4,197,0.0
2026-05-23 21:00:00,25.1,91,961.7,8.8,191,0.0
2026-05-23 22:00:00,24.7,93,961.3,11.5,190,0.0
2026-05-23 23:00:00,23.9,96,961.3,12.4,199,0.0
2026-05-24 00:00:00,25.0,93,961.0,10.0,197,0.0
2026-05-24 01:00:00,24.7,92,962.2,9.5,202,0.0
2026-05-24 02:00:00,25.5,86,963.0,10.5,196,0.0
2026-05-24 03:00:00,27.4,76,964.0,10.7,197,0.0
2026-05-24 04:00:00,29.2,68,964.7,11.9,203,0.0
2026-05-24 05:00:00,31.6,56,964.5,11.4,207,0.0
2026-05-24 06:00:00,31.8,53,963.5,14.3,205,0.0
2026-05-24 07:00:00,32.8,48,962.6,16.1,202,0.1
2026-05-24 08:00:00,30.7,59,962.7,18.9,210,1.7
2026-05-24 09:00:00,31.3,59,961.7,16.0,203,0.6
2026-05-24 10:00:00,31.2,59,961.2,12.6,213,0.2
2026-05-24 11:00:00,28.7,69,961.1,14.4,212,0.7
2026-05-24 12:00:00,29.3,68,961.7,18.8,210,1.3
2026-05-24 13:00:00,27.0,79,961.9,17.1,209,0.2
2026-05-24 14:00:00,25.0,87,962.7,17.8,202,0.1
2026-05-24 15:00:00,24.4,87,963.5,15.0,200,0.0
2026-05-24 16:00:00,24.3,87,964.0,12.2,213,0.0
2026-05-24 17:00:00,24.6,86,964.0,9.6,210,0.0
2026-05-24 18:00:00,23.8,91,964.2,5.0,195,0.0
2026-05-24 19:00:00,23.5,96,963.4,9.7,222,1.6
2026-05-24 20:00:00,23.7,96,963.0,8.6,217,1.2
2026-05-24 21:00:00,23.6,96,962.2,7.3,203,2.5
2026-05-24 22:00:00,23.3,98,962.0,8.2,190,1.8
2026-05-24 23:00:00,22.8,98,962.1,7.6,194,0.7
2026-05-25 00:00:00,24.0,94,960.7,11.6,210,0.1
2026-05-25 01:00:00,24.1,92,961.1,13.0,209,0.0
2026-05-25 02:00:00,25.0,82,962.2,13.1,213,0.0
2026-05-25 03:00:00,25.9,77,963.4,10.7,209,0.0
2026-05-25 04:00:00,27.6,70,964.0,10.9,214,0.0
2026-05-25 05:00:00,30.2,58,964.2,12.1,217,0.0
2026-05-25 06:00:00,30.1,59,963.8,12.2,205,0.0
2026-05-25 07:00:00,32.7,48,962.9,12.2,217,0.0
2026-05-25 08:00:00,34.3,43,961.9,13.6,211,0.0
2026-05-25 09:00:00,34.5,38,961.0,16.9,213,0.0
2026-05-25 10:00:00,33.1,48,960.3,18.1,212,0.6
2026-05-25 11:00:00,31.4,55,960.3,22.2,215,0.0
2026-05-25 12:00:00,30.5,59,960.9,19.3,217,0.0
2026-05-25 13:00:00,28.7,68,961.6,18.9,219,0.0
2026-05-25 14:00:00,27.6,72,962.2,15.0,215,0.0
2026-05-25 15:00:00,26.8,76,962.6,13.7,210,0.0
2026-05-25 16:00:00,26.5,78,963.0,11.7,217,0.0
2026-05-25 17:00:00,26.4,78,963.2,8.5,224,0.0
2026-05-25 18:00:00,26.7,77,963.1,12.4,214,0.0
2026-05-25 19:00:00,26.2,79,962.8,13.7,218,0.0
2026-05-25 20:00:00,25.7,82,962.1,13.4,216,0.0
2026-05-25 21:00:00,25.3,84,961.3,12.8,215,0.0
2026-05-25 22:00:00,25.2,83,960.8,12.8,220,0.0
2026-05-25 23:00:00,25.0,84,961.1,12.3,219,0.0
2026-05-26 00:00:00,24.8,88,961.2,10.3,215,0.0
2026-05-26 01:00:00,24.9,87,961.8,9.3,220,0.0
2026-05-26 02:00:00,26.4,78,962.7,8.5,208,0.0
2026-05-26 03:00:00,28.7,66,963.5,8.3,198,0.0
2026-05-26 04:00:00,30.9,57,964.0,8.8,199,0.0
2026-05-26 05:00:00,32.8,50,964.0,9.6,193,0.0
2026-05-26 06:00:00,33.8,44,963.7,14.3,194,0.0
2026-05-26 07:00:00,34.0,44,963.0,17.0,211,0.0
2026-05-26 08:00:00,34.5,40,962.1,16.8,224,0.0
2026-05-26 09:00:00,33.7,41,961.0,19.7,224,0.3
2026-05-26 10:00:00,32.1,53,960.8,18.0,220,0.3
2026-05-26 11:00:00,31.0,57,960.6,17.8,228,0.0
2026-05-26 12:00:00,31.1,55,960.8,16.8,218,0.0
2026-05-26 13:00:00,29.3,63,961.7,16.6,212,0.0
2026-05-26 14:00:00,28.2,68,962.3,16.5,214,0.0
2026-05-26 15:00:00,27.4,73,962.8,15.9,218,0.0
2026-05-26 16:00:00,26.8,77,963.7,14.8,217,0.0
2026-05-26 17:00:00,26.4,81,964.1,14.2,219,0.0
2026-05-26 18:00:00,26.6,78,964.0,11.4,221,0.0
2026-05-26 19:00:00,26.2,79,963.7,8.9,230,0.0
2026-05-26 20:00:00,25.7,82,962.6,12.8,219,0.0
2026-05-26 21:00:00,25.3,84,961.5,14.2,218,0.0
2026-05-26 22:00:00,25.0,86,961.1,13.4,216,0.0
2026-05-26 23:00:00,24.7,87,961.1,12.5,210,0.0
2026-05-27 00:00:00,24.9,88,961.4,12.5,201,0.0
2026-05-27 01:00:00,24.9,88,962.7,7.5,200,0.0
2026-05-27 02:00:00,26.2,81,963.6,7.8,209,0.0
2026-05-27 03:00:00,28.0,72,964.2,12.1,210,0.0
2026-05-27 04:00:00,30.4,61,964.4,15.4,213,0.0
2026-05-27 05:00:00,32.5,52,964.4,13.9,209,0.0
2026-05-27 06:00:00,34.6,42,964.0,11.4,186,0.0
2026-05-27 07:00:00,34.1,42,963.3,15.2,204,0.4
2026-05-27 08:00:00,31.1,54,962.7,19.6,231,2.9
2026-05-27 09:00:00,32.3,53,962.0,13.5,210,1.6
2026-05-27 10:00:00,31.7,53,961.4,16.2,223,0.2
2026-05-27 11:00:00,31.1,57,961.5,15.6,218,0.9
2026-05-27 12:00:00,30.4,59,961.8,16.8,218,0.0
2026-05-27 13:00:00,28.2,71,962.3,16.4,215,0.0
2026-05-27 14:00:00,26.6,80,962.5,15.2,211,0.0
2026-05-27 15:00:00,26.1,82,963.1,10.5,211,0.0
2026-05-27 16:00:00,25.7,85,963.5,9.6,208,0.0
2026-05-27 17:00:00,26.0,82,963.6,9.8,210,0.0
2026-05-27 18:00:00,26.2,79,963.4,10.8,212,0.0
2026-05-27 19:00:00,26.2,78,962.9,10.0,221,0.0
2026-05-27 20:00:00,26.0,80,962.4,11.4,219,0.0
2026-05-27 21:00:00,25.8,80,961.4,12.7,218,0.0
2026-05-27 22:00:00,25.7,82,961.4,13.0,219,0.0
2026-05-27 23:00:00,25.6,82,961.8,12.5,217,0.0
2026-05-28 00:00:00,25.7,82,962.4,9.6,214,0.0
2026-05-28 01:00:00,25.5,83,963.2,10.6,215,0.0
2026-05-28 02:00:00,26.8,78,964.1,12.4,223,0.0
2026-05-28 03:00:00,28.4,69,964.4,6.5,210,0.0
2026-05-28 04:00:00,30.1,61,965.0,12.0,201,0.0
2026-05-28 05:00:00,31.9,53,964.9,12.2,204,0.0
2026-05-28 06:00:00,33.0,49,964.1,15.1,207,0.1
2026-05-28 07:00:00,33.4,44,963.5,18.6,218,0.2
2026-05-28 08:00:00,31.4,55,962.6,15.8,230,1.0
2026-05-28 09:00:00,33.2,45,961.7,18.6,215,0.2
2026-05-28 10:00:00,30.7,60,961.4,21.3,222,1.0
2026-05-28 11:00:00,29.6,64,961.4,19.1,223,0.1
2026-05-28 12:00:00,30.1,59,961.7,20.2,220,0.0
2026-05-28 13:00:00,28.1,68,962.3,18.6,219,0.0
2026-05-28 14:00:00,27.1,74,962.8,18.3,219,0.0
2026-05-28 15:00:00,26.4,78,963.5,16.9,216,0.0
2026-05-28 16:00:00,26.1,80,964.0,13.6,219,0.0
2026-05-28 17:00:00,26.1,79,964.2,10.4,226,0.0
2026-05-28 18:00:00,26.3,76,963.8,10.8,218,0.0
2026-05-28 19:00:00,25.6,79,963.1,12.1,212,0.0
2026-05-28 20:00:00,25.0,84,962.2,11.8,220,0.0
2026-05-28 21:00:00,24.7,85,961.6,10.4,214,0.0
2026-05-28 22:00:00,24.5,86,961.4,9.8,216,0.0
2026-05-28 23:00:00,24.3,88,961.6,10.0,216,0.0
2026-05-29 00:00:00,24.9,87,961.8,14.4,210,0.0
2026-05-29 01:00:00,25.2,85,962.3,9.0,226,0.0
2026-05-29 02:00:00,26.9,77,963.2,8.5,208,0.0
2026-05-29 03:00:00,28.6,69,963.7,12.3,203,0.0
2026-05-29 04:00:00,30.7,59,964.1,14.2,215,0.0
2026-05-29 05:00:00,32.5,51,963.9,14.1,215,0.0
2026-05-29 06:00:00,33.9,46,963.6,15.2,207,0.0
2026-05-29 07:00:00,34.9,42,962.7,16.5,220,0.0
2026-05-29 08:00:00,34.8,42,961.8,17.2,222,0.0
2026-05-29 09:00:00,33.9,43,960.9,19.3,222,0.0
2026-05-29 10:00:00,32.9,49,960.3,19.1,223,0.1
2026-05-29 11:00:00,31.7,55,959.9,18.7,224,0.2
2026-05-29 12:00:00,30.2,60,960.7,21.1,227,0.0
2026-05-29 13:00:00,28.2,69,961.3,20.4,226,0.0
2026-05-29 14:00:00,27.1,73,961.9,17.1,218,0.0
2026-05-29 15:00:00,26.4,78,962.8,16.8,211,0.0
2026-05-29 16:00:00,26.2,80,963.7,12.1,223,0.0
2026-05-29 17:00:00,26.4,78,963.8,8.5,238,0.0
2026-05-29 18:00:00,25.4,88,963.7,10.2,225,0.0
2026-05-29 19:00:00,24.6,95,962.3,11.2,218,1.3
2026-05-29 20:00:00,24.3,96,961.4,12.8,219,0.5
2026-05-29 21:00:00,24.1,95,960.6,12.5,213,0.0
2026-05-29 22:00:00,24.0,92,960.7,14.2,201,0.0
2026-05-29 23:00:00,24.0,90,960.9,15.4,216,0.0
2026-05-30 00:00:00,24.8,85,960.9,13.5,214,0.0
2026-05-30 01:00:00,25.2,83,961.4,11.6,222,0.0
2026-05-30 02:00:00,26.4,78,962.2,12.6,213,0.0
2026-05-30 03:00:00,28.6,66,962.7,16.5,219,0.0
2026-05-30 04:00:00,30.6,57,963.1,16.0,223,0.0
2026-05-30 05:00:00,32.2,50,963.3,13.5,216,0.0
2026-05-30 06:00:00,32.7,48,963.7,14.3,211,0.0
2026-05-30 07:00:00,33.8,44,963.0,13.6,216,0.1
2026-05-30 08:00:00,34.0,42,962.0,15.1,209,0.2
2026-05-30 09:00:00,33.1,44,961.0,17.3,211,2.2
2026-05-30 10:00:00,33.0,46,960.0,17.7,220,0.1
2026-05-30 11:00:00,32.5,48,959.9,13.0,223,0.0
2026-05-30 12:00:00,30.6,58,960.1,15.6,221,0.0
2026-05-30 13:00:00,28.9,65,960.8,15.2,215,0.0
2026-05-30 14:00:00,27.9,71,961.6,15.3,216,0.0
2026-05-30 15:00:00,26.8,77,962.9,13.8,215,0.0
2026-05-30 16:00:00,26.3,80,963.4,12.1,223,0.0
2026-05-30 17:00:00,26.1,81,963.3,10.2,229,0.0
2026-05-30 18:00:00,26.5,78,962.9,12.5,223,0.0
2026-05-30 19:00:00,26.1,77,962.7,11.5,224,0.0
2026-05-30 20:00:00,25.8,80,962.0,11.2,218,0.0
2026-05-30 21:00:00,25.4,82,961.3,12.7,220,0.0
2026-05-30 22:00:00,25.2,84,960.9,11.7,214,0.0
2026-05-30 23:00:00,24.8,87,960.9,11.3,217,0.0
2026-05-31 00:00:00,24.6,91,961.0,13.0,213,0.0
2026-05-31 01:00:00,24.6,90,961.3,10.4,212,0.0
2026-05-31 02:00:00,26.1,83,962.0,10.5,209,0.0
2026-05-31 03:00:00,28.4,72,962.6,10.2,208,0.0
2026-05-31 04:00:00,30.9,60,963.0,8.8,200,0.0
2026-05-31 05:00:00,33.1,51,963.5,11.9,190,0.0
2026-05-31 06:00:00,33.8,44,963.1,13.3,196,0.0
2026-05-31 07:00:00,34.3,45,962.6,13.5,196,0.2
2026-05-31 08:00:00,33.9,41,961.9,13.6,186,1.2
2026-05-31 09:00:00,33.6,43,961.2,8.6,219,1.6
2026-05-31 10:00:00,33.0,46,960.7,13.0,215,0.1
2026-05-31 11:00:00,30.7,59,960.6,14.8,225,1.4
2026-05-31 12:00:00,29.4,64,960.5,15.5,228,0.0
2026-05-31 13:00:00,28.2,70,961.5,14.3,223,0.0
2026-05-31 14:00:00,27.2,76,962.2,12.1,212,0.0
2026-05-31 15:00:00,26.8,79,963.1,12.6,205,0.0
2026-05-31 16:00:00,26.1,83,963.7,11.2,213,0.0
2026-05-31 17:00:00,26.0,83,963.7,10.2,214,0.0
2026-05-31 18:00:00,25.5,79,963.7,6.2,216,0.0
2026-05-31 19:00:00,25.4,80,964.0,4.4,189,0.0
2026-05-31 20:00:00,24.7,84,963.5,5.5,197,0.2
2026-05-31 21:00:00,24.3,88,963.0,2.1,165,0.4
2026-05-31 22:00:00,24.1,92,962.5,3.7,194,0.2
2026-05-31 23:00:00,24.0,93,962.4,5.7,215,0.0
2026-06-01 00:00:00,23.6,96,961.9,3.8,183,0.0
2026-06-01 01:00:00,23.8,95,961.8,2.9,240,0.0
2026-06-01 02:00:00,25.6,85,962.5,2.7,217,0.0
2026-06-01 03:00:00,27.8,69,963.0,6.4,202,0.0
2026-06-01 04:00:00,30.0,56,963.5,5.3,190,0.0
2026-06-01 05:00:00,32.3,45,963.5,4.7,173,0.0
2026-06-01 06:00:00,33.6,41,963.4,6.5,150,0.0
2026-06-01 07:00:00,34.9,37,963.3,5.7,171,0.0
2026-06-01 08:00:00,35.5,36,962.5,8.7,159,0.1
2026-06-01 09:00:00,32.0,50,961.5,15.5,189,0.8
2026-06-01 10:00:00,31.6,51,961.1,16.7,236,0.5
2026-06-01 11:00:00,31.4,52,960.8,13.9,213,0.2
2026-06-01 12:00:00,31.4,51,960.4,14.2,218,0.1
2026-06-01 13:00:00,29.2,65,961.3,14.9,215,0.0
2026-06-01 14:00:00,28.0,73,962.0,11.6,212,0.0
2026-06-01 15:00:00,27.6,76,962.7,10.6,214,0.0
2026-06-01 16:00:00,27.0,79,963.0,8.6,217,0.0
2026-06-01 17:00:00,27.1,79,963.3,8.9,223,0.0
2026-06-01 18:00:00,26.0,80,962.9,12.3,212,0.0
2026-06-01 19:00:00,25.4,83,962.1,9.4,216,0.0
2026-06-01 20:00:00,25.5,82,961.8,7.6,223,0.0
2026-06-01 21:00:00,25.4,83,961.2,8.5,218,0.0
2026-06-01 22:00:00,25.1,84,961.2,9.4,212,0.0
2026-06-01 23:00:00,24.9,87,961.4,8.8,208,0.0
2026-06-02 00:00:00,25.2,86,961.1,8.0,218,0.0
2026-06-02 01:00:00,25.3,85,961.8,5.7,212,0.0
2026-06-02 02:00:00,26.9,77,962.4,5.8,210,0.0
2026-06-02 03:00:00,28.8,67,963.0,6.1,192,0.0
2026-06-02 04:00:00,31.1,54,963.3,6.2,190,0.0
2026-06-02 05:00:00,32.9,45,963.2,6.5,178,0.0
2026-06-02 06:00:00,34.5,38,962.7,9.6,163,1.0
2026-06-02 07:00:00,33.3,41,961.9,15.1,195,1.1
2026-06-02 08:00:00,30.6,56,961.7,20.3,217,2.2
2026-06-02 09:00:00,29.9,63,960.4,16.6,217,0.9
2026-06-02 10:00:00,28.8,64,959.7,16.5,225,0.7
2026-06-02 11:00:00,28.9,67,959.9,16.7,222,0.9
2026-06-02 12:00:00,27.4,83,960.1,17.6,207,0.4
2026-06-02 13:00:00,26.4,86,961.2,13.3,213,0.2
2026-06-02 14:00:00,26.0,86,961.1,11.2,202,0.0
2026-06-02 15:00:00,25.4,86,961.6,12.5,207,0.0
2026-06-02 16:00:00,25.2,86,962.0,11.1,212,0.0
2026-06-02 17:00:00,25.1,84,962.5,10.8,217,0.0
2026-06-02 18:00:00,25.0,84,962.1,9.4,211,0.0
2026-06-02 19:00:00,25.0,83,961.5,7.3,222,0.0
2026-06-02 20:00:00,25.0,83,961.1,7.4,229,0.0
2026-06-02 21:00:00,24.9,84,960.7,7.6,216,0.0
2026-06-02 22:00:00,24.5,87,960.4,8.5,212,0.0
2026-06-02 23:00:00,24.2,89,960.6,10.2,217,0.1
2026-06-03 00:00:00,23.9,95,960.9,7.9,246,0.3
2026-06-03 01:00:00,23.5,96,961.4,11.3,223,1.2
2026-06-03 02:00:00,23.6,97,961.8,10.8,204,2.0
2026-06-03 03:00:00,23.0,99,962.2,14.8,194,3.2
2026-06-03 04:00:00,24.1,91,962.0,18.1,214,0.8
2026-06-03 05:00:00,27.1,76,962.2,13.5,217,0.0
2026-06-03 06:00:00,28.8,61,962.3,16.1,228,0.0
2026-06-03 07:00:00,29.8,55,961.4,16.9,230,0.0
2026-06-03 08:00:00,30.4,54,961.0,17.3,224,0.0
2026-06-03 09:00:00,30.3,54,959.7,20.4,227,0.0
2026-06-03 10:00:00,29.4,57,959.1,20.5,228,0.0
2026-06-03 11:00:00,28.8,61,958.7,20.5,222,0.0
2026-06-03 12:00:00,28.3,64,959.0,22.7,224,0.0
2026-06-03 13:00:00,26.8,68,959.6,23.5,225,0.0
2026-06-03 14:00:00,26.2,71,960.2,20.4,219,0.0
2026-06-03 15:00:00,25.5,76,961.3,17.6,208,0.0
2026-06-03 16:00:00,24.4,85,961.7,17.0,203,0.4
2026-06-03 17:00:00,24.3,85,962.0,18.0,207,0.1
2026-06-03 18:00:00,24.5,82,961.5,16.4,206,0.7
2026-06-03 19:00:00,24.0,84,960.6,14.7,211,0.0
2026-06-03 20:00:00,23.4,87,959.7,13.4,204,0.0
2026-06-03 21:00:00,23.0,92,959.2,14.7,204,0.0
2026-06-03 22:00:00,22.9,93,959.1,17.0,208,0.0
2026-06-03 23:00:00,22.4,96,959.2,13.4,207,0.0
2026-06-04 00:00:00,22.6,98,959.7,13.4,192,0.0
2026-06-04 01:00:00,23.2,96,960.1,12.1,218,0.2
2026-06-04 02:00:00,24.4,91,960.8,11.2,208,0.0
2026-06-04 03:00:00,26.3,80,961.4,12.0,202,0.0
2026-06-04 04:00:00,28.9,67,961.9,13.7,214,0.0
2026-06-04 05:00:00,30.5,59,961.6,13.9,217,0.0
2026-06-04 06:00:00,31.8,50,961.4,15.2,209,0.1
2026-06-04 07:00:00,32.8,46,960.8,17.7,221,0.1
2026-06-04 08:00:00,31.8,50,959.9,20.5,222,0.1
2026-06-04 09:00:00,31.3,56,959.1,21.1,224,1.0
2026-06-04 10:00:00,30.8,56,958.8,21.9,229,0.0
2026-06-04 11:00:00,28.9,67,958.5,21.0,223,0.0
2026-06-04 12:00:00,28.3,67,958.7,24.0,218,0.3
2026-06-04 13:00:00,25.8,82,959.4,21.3,213,0.0
2026-06-04 14:00:00,25.1,87,960.2,18.2,207,0.0
2026-06-04 15:00:00,24.6,88,960.8,18.2,208,0.5
2026-06-04 16:00:00,25.4,80,961.4,18.5,213,0.0
2026-06-04 17:00:00,24.7,85,961.6,20.4,216,0.3
2026-06-04 18:00:00,23.7,95,961.4,16.5,210,0.2
2026-06-04 19:00:00,23.4,96,960.6,16.8,206,0.8
2026-06-04 20:00:00,23.3,95,960.1,15.7,208,0.0
2026-06-04 21:00:00,23.4,93,959.4,17.2,211,0.0
2026-06-04 22:00:00,23.6,91,959.3,17.0,213,0.0
2026-06-04 23:00:00,23.9,88,959.6,18.5,216,0.0
2026-06-05 00:00:00,24.0,89,959.8,15.9,225,0.0
2026-06-05 01:00:00,24.2,87,960.2,17.2,218,0.0
2026-06-05 02:00:00,24.9,84,961.2,17.2,207,0.0
2026-06-05 03:00:00,26.4,75,961.5,20.7,217,0.0
2026-06-05 04:00:00,27.8,69,962.0,22.1,219,0.0
2026-06-05 05:00:00,28.4,66,961.9,21.4,222,0.0
2026-06-05 06:00:00,30.3,55,961.9,23.8,235,0.0
2026-06-05 07:00:00,30.1,55,961.4,22.6,242,0.0
2026-06-05 08:00:00,30.2,53,960.5,23.4,239,0.0
2026-06-05 09:00:00,30.1,52,959.6,23.3,239,0.0
2026-06-05 10:00:00,29.0,55,959.2,21.7,228,0.0
2026-06-05 11:00:00,27.7,62,958.9,21.9,216,0.0
2026-06-05 12:00:00,28.1,64,958.6,22.4,219,0.0
2026-06-05 13:00:00,25.6,81,959.1,21.2,205,0.0
2026-06-05 14:00:00,24.7,88,959.8,18.6,196,0.0
2026-06-05 15:00:00,24.8,86,960.4,17.1,199,0.0
2026-06-05 16:00:00,24.6,87,960.7,16.3,201,0.0
2026-06-05 17:00:00,24.6,86,961.0,16.1,207,0.0
2026-06-05 18:00:00,25.5,78,961.0,17.8,214,0.0
2026-06-05 19:00:00,24.8,84,960.9,16.3,206,0.0
2026-06-05 20:00:00,24.6,84,960.2,13.9,213,0.0
2026-06-05 21:00:00,24.4,83,959.5,12.2,205,0.0
2026-06-05 22:00:00,24.5,82,959.5,15.9,215,0.0
2026-06-05 23:00:00,24.1,85,959.7,15.0,212,0.1
2026-06-06 00:00:00,24.2,86,960.0,15.4,212,0.0
2026-06-06 01:00:00,23.9,89,960.6,14.7,213,0.0
2026-06-06 02:00:00,25.0,84,961.6,14.3,209,0.0
2026-06-06 03:00:00,25.7,80,962.1,15.2,219,0.2
2026-06-06 04:00:00,23.9,97,962.3,15.2,203,2.6
2026-06-06 05:00:00,23.7,100,962.7,12.8,191,2.8
2026-06-06 06:00:00,27.3,74,962.9,20.2,215,2.9
2026-06-06 07:00:00,26.1,78,962.4,18.7,219,0.2
2026-06-06 08:00:00,25.9,78,961.8,17.6,222,0.3
2026-06-06 09:00:00,25.2,82,960.7,16.6,216,0.6
2026-06-06 10:00:00,25.0,85,960.3,14.4,196,0.6
2026-06-06 11:00:00,25.6,81,959.4,13.9,203,0.1
2026-06-06 12:00:00,26.4,74,960.0,13.6,224,0.0
2026-06-06 13:00:00,26.3,72,960.3,14.7,219,0.0
2026-06-06 14:00:00,25.7,74,960.9,16.3,212,0.0
2026-06-06 15:00:00,25.3,76,961.4,18.1,214,0.0
2026-06-06 16:00:00,24.8,81,962.1,16.6,207,0.0
2026-06-06 17:00:00,24.1,87,962.4,18.1,213,0.4
2026-06-06 18:00:00,24.5,82,962.5,16.7,214,0.0
2026-06-06 19:00:00,23.7,88,961.7,17.4,208,0.1
2026-06-06 20:00:00,23.6,88,961.4,19.0,213,0.1
2026-06-06 21:00:00,23.5,89,960.8,19.7,216,0.0
2026-06-06 22:00:00,23.1,92,960.2,17.5,215,0.0
2026-06-06 23:00:00,23.1,94,960.5,17.0,214,0.0
2026-06-07 00:00:00,23.4,91,960.7,14.9,208,0.0
2026-06-07 01:00:00,24.1,86,961.5,15.3,220,0.0
2026-06-07 02:00:00,24.6,84,962.5,14.3,201,0.0
2026-06-07 03:00:00,25.9,78,963.0,16.0,210,0.0
2026-06-07 04:00:00,28.3,66,963.5,17.5,215,0.0
2026-06-07 05:00:00,29.8,60,963.6,20.0,218,0.0
2026-06-07 06:00:00,30.2,54,963.2,18.6,218,0.1
2026-06-07 07:00:00,30.3,56,962.5,21.4,221,0.6
2026-06-07 08:00:00,30.1,57,961.9,23.7,223,0.4
2026-06-07 09:00:00,29.0,66,961.2,24.3,218,0.5
2026-06-07 10:00:00,28.7,66,960.8,24.7,223,0.2
2026-06-07 11:00:00,28.0,69,960.4,23.8,220,0.1
2026-06-07 12:00:00,27.1,74,960.6,20.6,211,0.1
2026-06-07 13:00:00,25.6,82,960.8,17.8,206,0.0
2026-06-07 14:00:00,24.8,88,961.7,17.5,204,0.0
2026-06-07 15:00:00,24.7,88,962.6,16.3,200,0.0
2026-06-07 16:00:00,24.3,90,963.0,17.9,205,0.0
2026-06-07 17:00:00,23.8,92,962.9,16.5,204,0.0
2026-06-07 18:00:00,24.0,90,962.8,15.7,212,0.0
2026-06-07 19:00:00,23.7,90,962.0,14.8,204,0.0
2026-06-07 20:00:00,23.0,95,961.5,14.7,209,0.0
2026-06-07 21:00:00,22.6,96,961.1,13.9,200,0.1
2026-06-07 22:00:00,22.4,98,960.8,15.5,208,0.1
2026-06-07 23:00:00,22.3,98,961.1,17.2,209,0.1
2026-06-08 00:00:00,22.9,96,961.0,14.4,195,0.4
2026-06-08 01:00:00,22.7,96,962.1,15.7,205,0.0
2026-06-08 02:00:00,22.8,95,963.1,19.1,202,0.1
2026-06-08 03:00:00,24.3,86,963.5,18.0,204,0.0
2026-06-08 04:00:00,26.0,77,964.0,16.9,204,0.0
2026-06-08 05:00:00,27.1,70,963.8,17.4,218,0.0
2026-06-08 06:00:00,29.1,60,963.7,18.1,230,0.0
2026-06-08 07:00:00,28.0,65,962.7,17.1,223,0.0
2026-06-08 08:00:00,29.0,63,961.9,23.2,226,0.0
2026-06-08 09:00:00,28.0,69,961.1,22.4,222,0.0
2026-06-08 10:00:00,27.0,75,960.9,23.1,219,0.0
2026-06-08 11:00:00,25.9,83,960.5,21.9,219,0.1
2026-06-08 12:00:00,26.6,80,960.8,19.1,211,0.2
2026-06-08 13:00:00,25.1,87,961.5,16.4,206,0.0
2026-06-08 14:00:00,24.4,89,961.8,16.4,204,0.0
2026-06-08 15:00:00,23.8,92,962.3,17.4,204,0.0
2026-06-08 16:00:00,23.6,90,963.0,17.3,211,0.0
2026-06-08 17:00:00,24.0,87,963.1,17.7,217,0.0
2026-06-08 18:00:00,23.8,93,962.7,16.0,209,0.0
2026-06-08 19:00:00,23.7,92,962.3,15.1,218,0.1
2026-06-08 20:00:00,23.5,91,961.7,16.5,216,0.1
2026-06-08 21:00:00,23.5,90,960.9,15.9,218,0.0
2026-06-08 22:00:00,23.0,96,960.8,15.2,209,0.0
2026-06-08 23:00:00,22.9,96,961.1,14.9,210,0.1
2026-06-09 00:00:00,23.6,91,961.5,15.3,218,0.1
2026-06-09 01:00:00,23.3,92,961.7,12.5,205,0.1
2026-06-09 02:00:00,22.6,96,962.4,15.0,203,0.4
2026-06-09 03:00:00,23.9,89,963.1,15.7,202,0.4
2026-06-09 04:00:00,24.6,85,963.4,16.2,203,0.3
2026-06-09 05:00:00,24.8,83,963.1,19.2,206,0.2
2026-06-09 06:00:00,26.5,77,962.7,19.3,214,0.2
2026-06-09 07:00:00,25.8,81,962.2,21.3,208,0.8
2026-06-09 08:00:00,25.6,80,961.6,19.0,210,0.9
2026-06-09 09:00:00,24.1,90,960.7,18.8,207,0.7
2026-06-09 10:00:00,24.2,89,960.1,19.4,203,0.4
2026-06-09 11:00:00,23.9,92,959.8,19.6,198,0.2
2026-06-09 12:00:00,24.1,92,960.1,18.7,206,0.0
2026-06-09 13:00:00,23.2,96,960.5,16.9,208,0.8
2026-06-09 14:00:00,23.0,95,960.8,17.4,211,0.4
2026-06-09 15:00:00,23.0,94,961.7,16.2,207,0.0
2026-06-09 16:00:00,22.8,94,961.8,15.5,200,0.0
2026-06-09 17:00:00,22.2,97,962.3,15.0,203,0.0
2026-06-09 18:00:00,22.2,98,962.3,14.7,206,0.0
2026-06-09 19:00:00,22.4,97,961.9,13.3,212,0.0
2026-06-09 20:00:00,22.6,97,961.1,13.4,207,0.0
2026-06-09 21:00:00,22.6,96,960.8,14.9,208,0.0
2026-06-09 22:00:00,22.6,96,960.4,16.0,206,0.0
2026-06-09 23:00:00,23.1,90,960.9,14.8,209,0.0
2026-06-10 00:00:00,23.8,89,961.2,15.1,207,0.0
2026-06-10 01:00:00,23.6,91,961.3,8.4,199,0.0
2026-06-10 02:00:00,24.4,87,962.2,10.2,201,0.0
2026-06-10 03:00:00,25.3,84,963.1,13.6,209,0.0
2026-06-10 04:00:00,26.0,81,963.2,15.4,210,0.0
2026-06-10 05:00:00,26.5,79,963.0,14.0,211,0.0
2026-06-10 06:00:00,27.3,75,962.9,14.8,202,0.0
2026-06-10 07:00:00,28.2,70,962.3,18.5,209,0.0
2026-06-10 08:00:00,29.8,62,961.5,20.2,211,0.0
2026-06-10 09:00:00,29.5,64,960.5,21.5,215,0.0
2026-06-10 10:00:00,28.5,70,959.9,22.4,210,0.0
2026-06-10 11:00:00,28.5,70,959.4,23.2,216,0.0
2026-06-10 12:00:00,28.5,65,959.6,22.5,216,0.0
2026-06-10 13:00:00,26.5,79,960.3,21.5,210,0.0
2026-06-10 14:00:00,25.8,82,960.7,20.0,216,0.0
2026-06-10 15:00:00,25.5,83,961.5,16.5,217,0.0
2026-06-10 16:00:00,25.3,83,962.2,16.0,213,0.0
2026-06-10 17:00:00,24.2,90,962.3,15.9,212,0.0
2026-06-10 18:00:00,23.8,94,962.1,14.1,212,0.0
2026-06-10 19:00:00,23.8,93,961.7,15.0,215,0.0
2026-06-10 20:00:00,23.4,94,960.6,13.9,204,0.0
2026-06-10 21:00:00,23.2,95,959.9,11.6,204,0.0
2026-06-10 22:00:00,23.1,96,959.6,10.4,197,0.0
2026-06-10 23:00:00,23.1,96,960.0,9.4,204,0.0
2026-06-11 00:00:00,24.2,85,959.7,9.4,210,0.0
2026-06-11 01:00:00,23.6,91,960.3,7.4,186,0.0
2026-06-11 02:00:00,24.6,86,961.2,8.0,190,0.0
2026-06-11 03:00:00,26.5,76,962.0,10.8,190,0.0
2026-06-11 04:00:00,28.4,66,962.7,12.3,194,0.0
2026-06-11 05:00:00,30.1,59,962.8,14.6,196,0.0
2026-06-11 06:00:00,29.9,58,962.2,16.1,185,1.5
2026-06-11 07:00:00,29.6,60,961.7,15.3,204,1.0
2026-06-11 08:00:00,31.9,52,960.9,15.9,208,0.0
2026-06-11 09:00:00,32.8,48,960.1,15.8,220,0.0
2026-06-11 10:00:00,32.5,46,959.6,17.2,225,0.0
2026-06-11 11:00:00,31.2,51,959.7,19.5,225,0.0
2026-06-11 12:00:00,28.6,60,960.1,17.9,216,0.0
2026-06-11 13:00:00,27.3,69,960.5,17.9,216,0.0
2026-06-11 14:00:00,26.9,72,960.9,16.3,215,0.0
2026-06-11 15:00:00,26.1,75,961.7,16.6,210,0.0
2026-06-11 16:00:00,24.9,84,962.2,16.7,202,0.0
2026-06-11 17:00:00,23.5,95,962.7,16.4,192,0.2
2026-06-11 18:00:00,23.1,90,962.1,15.1,203,0.5
2026-06-11 19:00:00,22.9,91,961.7,11.6,204,0.0
2026-06-11 20:00:00,23.1,88,961.0,10.0,213,0.0
2026-06-11 21:00:00,23.4,86,960.6,11.5,214,0.0
2026-06-11 22:00:00,23.5,85,960.5,12.5,201,0.0
2026-06-11 23:00:00,22.9,90,960.6,11.4,198,0.0
2026-06-12 00:00:00,23.4,90,960.7,12.0,193,0.0
2026-06-12 01:00:00,23.2,92,961.7,12.2,200,0.0
2026-06-12 02:00:00,23.7,89,962.4,12.0,196,0.0
2026-06-12 03:00:00,25.3,80,963.0,13.8,208,0.0
2026-06-12 04:00:00,26.0,76,963.7,15.9,212,0.0
2026-06-12 05:00:00,28.7,63,964.2,17.8,220,0.0
2026-06-12 06:00:00,28.5,62,963.4,15.6,216,0.4
2026-06-12 07:00:00,28.8,61,962.8,18.8,212,0.0
2026-06-12 08:00:00,29.0,59,962.2,18.1,214,0.0
2026-06-12 09:00:00,29.6,55,961.6,17.0,216,0.0
2026-06-12 10:00:00,29.5,56,960.9,18.2,222,0.0
2026-06-12 11:00:00,28.3,61,961.0,18.8,217,0.0
2026-06-12 12:00:00,27.6,68,960.5,16.8,205,0.0
2026-06-12 13:00:00,26.1,76,961.3,16.1,209,0.0
2026-06-12 14:00:00,25.2,83,962.3,14.5,208,0.0
2026-06-12 15:00:00,25.0,84,963.3,12.1,210,0.0
2026-06-12 16:00:00,24.8,84,963.6,9.6,201,0.0
2026-06-12 17:00:00,24.6,87,964.0,7.4,193,0.0
2026-06-12 18:00:00,23.5,96,963.8,6.9,203,0.0
2026-06-12 19:00:00,23.2,97,963.3,6.5,203,0.1
2026-06-12 20:00:00,23.1,97,962.8,5.6,186,0.0
2026-06-12 21:00:00,23.0,96,962.3,6.4,202,0.1
2026-06-12 22:00:00,22.9,97,962.2,6.8,198,0.5
2026-06-12 23:00:00,22.6,98,962.1,6.2,202,0.7
2026-06-13 00:00:00,22.2,98,962.0,11.7,203,0.0
2026-06-13 01:00:00,22.4,95,962.4,10.1,209,0.0
2026-06-13 02:00:00,23.4,88,962.9,13.0,202,0.0
2026-06-13 03:00:00,25.0,80,963.5,15.3,202,0.0
2026-06-13 04:00:00,27.0,70,963.8,15.4,201,0.0
2026-06-13 05:00:00,28.8,61,963.9,18.0,209,0.0
2026-06-13 06:00:00,30.5,53,963.6,18.2,224,0.1
2026-06-13 07:00:00,30.4,54,963.1,18.1,217,0.0
2026-06-13 08:00:00,31.7,49,962.2,17.9,214,0.1
2026-06-13 09:00:00,30.6,55,961.2,20.2,213,1.8
2026-06-13 10:00:00,29.9,61,960.7,17.1,218,1.1
2026-06-13 11:00:00,29.4,62,960.7,16.5,214,0.2
2026-06-13 12:00:00,28.0,67,961.1,18.2,211,0.1
2026-06-13 13:00:00,26.7,74,961.3,16.4,207,0.0
2026-06-13 14:00:00,25.6,81,961.8,16.0,203,0.0
2026-06-13 15:00:00,24.8,84,962.6,15.3,205,0.0
2026-06-13 16:00:00,24.7,85,963.2,15.5,208,0.0
2026-06-13 17:00:00,24.5,87,963.7,14.9,208,0.0
2026-06-13 18:00:00,24.3,87,963.3,13.0,202,0.0
2026-06-13 19:00:00,24.0,89,962.8,11.8,205,0.0
2026-06-13 20:00:00,23.9,90,962.0,12.1,212,0.0
2026-06-13 21:00:00,23.7,92,961.4,12.3,205,0.0
2026-06-13 22:00:00,23.2,94,961.5,10.6,199,0.0
2026-06-13 23:00:00,23.2,93,962.0,10.1,204,0.0
2026-06-14 00:00:00,24.0,89,962.0,15.0,209,0.0
2026-06-14 01:00:00,24.3,83,962.5,13.6,210,0.0
2026-06-14 02:00:00,24.8,81,963.0,14.4,200,0.0
2026-06-14 03:00:00,26.5,73,963.4,16.2,199,0.0
2026-06-14 04:00:00,28.2,66,963.7,17.8,207,0.0
2026-06-14 05:00:00,29.8,60,963.3,17.9,210,0.0
2026-06-14 06:00:00,31.3,51,963.2,16.3,207,0.6
2026-06-14 07:00:00,31.2,51,962.3,18.9,213,0.8
2026-06-14 08:00:00,30.0,61,961.7,19.0,211,0.6
2026-06-14 09:00:00,30.8,57,960.7,17.3,210,0.1
2026-06-14 10:00:00,30.5,58,960.2,18.5,215,0.0
2026-06-14 11:00:00,29.5,61,959.8,16.7,214,0.0
2026-06-14 12:00:00,28.0,69,959.9,16.4,207,0.0
2026-06-14 13:00:00,27.1,75,960.0,16.0,204,0.0
2026-06-14 14:00:00,26.0,82,960.8,14.6,201,0.0
2026-06-14 15:00:00,25.4,86,961.7,12.8,206,0.0
2026-06-14 16:00:00,25.0,88,962.0,11.4,208,0.0
2026-06-14 17:00:00,24.7,89,962.5,10.9,207,0.0
2026-06-14 18:00:00,24.7,90,962.1,12.2,207,0.0
2026-06-14 19:00:00,24.3,92,961.5,10.7,211,0.0
2026-06-14 20:00:00,24.0,94,960.8,9.2,213,0.0
2026-06-14 21:00:00,23.9,94,960.1,9.5,213,0.0
2026-06-14 22:00:00,23.7,94,960.0,10.3,209,0.0
2026-06-14 23:00:00,23.4,96,960.3,9.2,208,0.0
2026-06-15 00:00:00,23.2,95,960.5,10.8,210,0.0
2026-06-15 01:00:00,23.5,93,960.9,7.6,214,0.0
2026-06-15 02:00:00,24.8,86,961.9,7.2,192,0.0
2026-06-15 03:00:00,26.3,78,962.6,10.0,186,0.0
2026-06-15 04:00:00,28.2,68,962.9,12.3,190,0.0
2026-06-15 05:00:00,30.2,58,962.9,12.6,190,0.0
2026-06-15 06:00:00,31.4,50,962.5,12.5,184,0.0
2026-06-15 07:00:00,32.3,48,961.8,11.4,195,0.2
2026-06-15 08:00:00,33.8,45,960.7,9.3,193,0.1
2026-06-15 09:00:00,31.0,59,960.0,15.9,211,1.4
2026-06-15 10:00:00,30.8,58,959.5,15.9,207,1.2
2026-06-15 11:00:00,30.0,65,959.4,17.6,206,0.3
2026-06-15 12:00:00,29.3,68,959.4,19.2,210,0.1
2026-06-15 13:00:00,27.6,77,959.8,14.3,208,0.0
2026-06-15 14:00:00,26.7,82,960.3,12.2,209,0.0
2026-06-15 15:00:00,26.2,85,961.0,13.1,212,0.0
2026-06-15 16:00:00,25.6,90,961.6,12.8,215,0.0
2026-06-15 17:00:00,25.3,92,962.0,12.2,214,0.0
2026-06-15 18:00:00,25.7,91,961.7,11.8,204,0.0
2026-06-15 19:00:00,24.8,95,961.2,9.3,204,0.0
2026-06-15 20:00:00,24.4,97,961.0,7.6,211,0.0
2026-06-15 21:00:00,24.4,97,960.6,8.0,222,0.0
2026-06-15 22:00:00,24.2,97,960.3,8.5,215,0.0
2026-06-15 23:00:00,23.6,99,960.2,9.7,207,0.0
2026-06-16 00:00:00,24.5,96,960.7,10.9,209,0.0
2026-06-16 01:00:00,24.6,93,961.2,9.5,219,0.0
2026-06-16 02:00:00,25.8,87,962.1,8.9,204,0.0
2026-06-16 03:00:00,27.3,78,962.4,10.8,198,0.0
2026-06-16 04:00:00,29.0,70,962.7,11.5,194,0.0
2026-06-16 05:00:00,30.2,63,962.6,12.4,193,0.0
2026-06-16 06:00:00,31.3,51,962.2,12.2,193,0.3
2026-06-16 07:00:00,31.4,54,961.7,11.3,205,1.3
2026-06-16 08:00:00,33.0,50,961.0,10.0,201,0.2
2026-06-16 09:00:00,33.3,47,960.2,11.6,202,0.2
2026-06-16 10:00:00,32.8,47,959.3,12.9,212,0.2
2026-06-16 11:00:00,32.1,53,959.0,14.1,214,0.5
2026-06-16 12:00:00,30.5,59,959.4,16.3,209,0.0
2026-06-16 13:00:00,28.8,66,959.7,15.3,214,0.0
2026-06-16 14:00:00,27.7,74,960.4,11.2,228,0.0
2026-06-16 15:00:00,26.8,82,961.2,11.5,214,0.0
2026-06-16 16:00:00,25.9,87,961.9,11.7,211,0.0
2026-06-16 17:00:00,24.9,91,962.4,10.3,205,0.0
2026-06-16 18:00:00,24.5,92,961.9,12.0,199,0.0
2026-06-16 19:00:00,24.4,92,961.5,10.5,209,0.0
2026-06-16 20:00:00,24.5,92,961.0,12.1,217,0.0
2026-06-16 21:00:00,24.2,93,961.0,12.0,204,0.0
2026-06-16 22:00:00,23.7,94,961.1,13.6,214,0.0
2026-06-16 23:00:00,23.5,92,961.5,11.0,210,0.0
2026-06-17 00:00:00,23.9,94,961.7,12.9,213,0.0
2026-06-17 01:00:00,23.9,93,962.0,11.4,217,0.0
2026-06-17 02:00:00,24.7,88,962.6,13.1,209,0.0
2026-06-17 03:00:00,25.9,82,963.0,15.9,208,0.0
2026-06-17 04:00:00,27.9,71,963.6,15.7,211,0.0
2026-06-17 05:00:00,29.7,63,963.4,15.2,210,0.0
2026-06-17 06:00:00,30.6,55,963.0,16.3,208,0.5
2026-06-17 07:00:00,30.8,56,962.4,14.2,220,0.3
2026-06-17 08:00:00,31.3,55,961.5,15.9,212,0.0
2026-06-17 09:00:00,30.7,57,960.3,17.5,214,0.7
2026-06-17 10:00:00,30.7,57,959.9,15.9,217,1.1
2026-06-17 11:00:00,30.4,58,959.6,15.7,221,0.0
2026-06-17 12:00:00,28.5,66,959.6,18.2,216,0.0
2026-06-17 13:00:00,26.7,74,960.0,16.8,213,0.0
2026-06-17 14:00:00,25.9,79,961.0,15.3,208,0.0
2026-06-17 15:00:00,25.3,82,961.7,14.7,204,0.0
2026-06-17 16:00:00,24.8,85,962.2,14.1,202,0.0
2026-06-17 17:00:00,24.6,87,962.6,9.5,207,0.0
2026-06-17 18:00:00,24.6,87,962.3,9.4,204,0.0
2026-06-17 19:00:00,24.2,89,962.3,5.2,196,0.0
2026-06-17 20:00:00,24.1,89,962.0,2.5,184,0.0
2026-06-17 21:00:00,23.6,92,961.9,5.4,176,0.0
2026-06-17 22:00:00,23.3,94,961.7,5.1,219,0.0
2026-06-17 23:00:00,23.2,94,961.8,5.0,201,0.0
2026-06-18 00:00:00,23.5,96,961.6,6.8,207,0.0
2026-06-18 01:00:00,23.7,94,961.9,6.6,227,0.0
2026-06-18 02:00:00,24.8,87,962.4,5.5,229,0.0
2026-06-18 03:00:00,26.5,77,963.1,5.6,209,0.0
2026-06-18 04:00:00,28.1,69,963.7,3.6,177,0.1
2026-06-18 05:00:00,27.5,72,963.7,5.0,167,0.6
2026-06-18 06:00:00,27.0,73,963.4,5.2,34,0.4
2026-06-18 07:00:00,28.9,64,963.3,5.1,309,0.2
2026-06-18 08:00:00,28.8,62,962.4,2.3,241,0.0
2026-06-18 09:00:00,28.1,64,961.5,11.4,198,0.5
2026-06-18 10:00:00,26.8,75,960.4,11.7,203,0.1
2026-06-18 11:00:00,27.4,72,960.4,10.4,203,0.0
2026-06-18 12:00:00,25.5,83,960.6,12.1,200,0.0
2026-06-18 13:00:00,24.7,87,960.9,10.6,215,0.0
2026-06-18 14:00:00,24.0,90,961.5,10.7,230,0.0
2026-06-18 15:00:00,24.1,88,962.2,9.5,233,0.0
2026-06-18 16:00:00,24.0,89,962.6,9.4,220,0.0
2026-06-18 17:00:00,23.8,92,962.7,8.3,224,0.0
2026-06-18 18:00:00,24.4,91,962.1,9.1,207,0.7
2026-06-18 19:00:00,24.0,94,961.6,8.9,209,0.0
2026-06-18 20:00:00,23.9,94,961.3,8.5,215,0.0
2026-06-18 21:00:00,23.8,94,961.0,7.5,210,0.0
2026-06-18 22:00:00,23.5,95,960.8,7.8,212,0.0
2026-06-18 23:00:00,23.3,96,961.1,6.5,212,0.0
2026-06-19 00:00:00,23.4,99,961.0,7.8,206,0.0
2026-06-19 01:00:00,23.3,98,961.8,7.6,223,0.0
2026-06-19 02:00:00,23.7,96,962.3,8.4,205,0.0
2026-06-19 03:00:00,24.2,90,962.9,11.3,207,0.1
2026-06-19 04:00:00,26.4,78,963.2,9.0,206,0.0
2026-06-19 05:00:00,28.0,68,963.3,7.3,205,0.0
2026-06-19 06:00:00,29.0,58,962.8,10.1,180,0.3
2026-06-19 07:00:00,29.5,60,962.7,11.3,217,0.2
2026-06-19 08:00:00,29.4,62,962.0,5.7,217,0.0
2026-06-19 09:00:00,30.6,54,961.2,8.7,223,0.3
2026-06-19 10:00:00,29.7,60,960.7,5.9,220,0.8
2026-06-19 11:00:00,28.7,65,960.5,9.6,210,0.0
2026-06-19 12:00:00,28.0,69,960.4,10.6,214,0.0
2026-06-19 13:00:00,27.1,72,961.2,11.7,207,0.0
2026-06-19 14:00:00,26.3,76,961.8,9.2,203,0.0
2026-06-19 15:00:00,26.0,78,962.1,6.9,227,0.0
2026-06-19 16:00:00,25.6,81,962.9,7.3,210,0.0
2026-06-19 17:00:00,25.2,83,963.2,7.5,213,0.0
2026-06-19 18:00:00,25.0,84,963.2,7.0,215,0.0
2026-06-19 19:00:00,24.7,86,962.8,7.0,203,0.1
2026-06-19 20:00:00,24.2,90,961.8,7.5,220,0.2
2026-06-19 21:00:00,23.9,92,961.4,7.5,204,0.1
2026-06-19 22:00:00,23.6,94,961.2,7.0,206,0.1
2026-06-19 23:00:00,23.4,96,961.1,5.9,211,0.0
2026-06-20 00:00:00,23.5,96,961.2,10.1,202,0.0
2026-06-20 01:00:00,23.6,95,961.9,9.4,216,0.0
2026-06-20 02:00:00,24.7,88,962.5,11.4,215,0.0
2026-06-20 03:00:00,26.8,75,962.9,12.7,213,0.0
2026-06-20 04:00:00,28.6,65,963.6,12.5,210,0.0
2026-06-20 05:00:00,30.2,56,963.7,13.2,209,0.0
2026-06-20 06:00:00,31.3,47,963.2,13.2,206,0.0
2026-06-20 07:00:00,31.4,47,962.5,14.2,215,0.0
2026-06-20 08:00:00,32.1,46,962.2,14.1,211,0.0
2026-06-20 09:00:00,32.0,46,961.2,14.7,221,0.0
2026-06-20 10:00:00,31.4,50,960.7,15.1,218,0.0
2026-06-20 11:00:00,30.8,52,961.0,15.3,216,0.0
2026-06-20 12:00:00,30.4,55,961.2,13.8,231,0.0
2026-06-20 13:00:00,28.8,62,961.8,15.6,221,0.0
2026-06-20 14:00:00,27.5,70,962.3,14.1,218,0.0
2026-06-20 15:00:00,26.8,73,963.0,13.6,210,0.0
2026-06-20 16:00:00,26.4,74,963.5,12.0,215,0.0
2026-06-20 17:00:00,25.8,78,963.7,10.9,219,0.0
2026-06-20 18:00:00,25.6,78,963.3,12.7,223,0.0
2026-06-20 19:00:00,25.2,81,963.1,11.3,222,0.0
2026-06-20 20:00:00,25.0,82,962.2,9.8,223,0.0
2026-06-20 21:00:00,24.6,84,961.7,10.6,208,0.0
2026-06-20 22:00:00,24.1,88,961.2,8.3,214,0.0
2026-06-20 23:00:00,23.6,91,961.2,8.5,208,0.0
2026-06-21 00:00:00,23.9,89,961.2,9.7,207,0.0
2026-06-21 01:00:00,23.8,90,961.9,7.1,210,0.0
2026-06-21 02:00:00,24.9,84,962.6,7.6,205,0.0
2026-06-21 03:00:00,26.7,75,962.7,8.2,199,0.0
2026-06-21 04:00:00,28.7,66,963.4,12.6,205,0.0
2026-06-21 05:00:00,29.8,60,963.3,12.8,211,0.1
2026-06-21 06:00:00,31.3,53,962.3,11.2,198,0.1
2026-06-21 07:00:00,31.7,49,962.1,12.9,208,0.2
2026-06-21 08:00:00,31.5,52,961.6,13.9,205,0.2
2026-06-21 09:00:00,30.6,58,960.9,14.0,216,0.5
2026-06-21 10:00:00,29.3,64,960.4,16.2,217,0.6
2026-06-21 11:00:00,29.2,64,960.9,18.5,222,0.4
2026-06-21 12:00:00,28.0,73,960.9,17.5,210,0.0
2026-06-21 13:00:00,26.7,79,961.2,13.3,207,0.0
2026-06-21 14:00:00,25.8,82,961.8,12.3,210,0.0
2026-06-21 15:00:00,25.0,86,962.5,14.8,211,0.0
2026-06-21 16:00:00,24.5,89,963.2,14.2,212,0.0
2026-06-21 17:00:00,24.1,90,963.1,13.3,205,0.0
2026-06-21 18:00:00,23.8,88,963.2,13.7,202,0.0
2026-06-21 19:00:00,23.2,91,962.5,11.9,209,0.0
2026-06-21 20:00:00,23.0,92,961.5,10.9,213,0.0
2026-06-21 21:00:00,22.8,92,961.3,12.2,214,0.0
2026-06-21 22:00:00,22.8,92,961.4,12.6,213,0.0
2026-06-21 23:00:00,22.9,90,961.5,10.2,206,0.0
2026-06-22 00:00:00,22.7,96,961.4,9.9,205,0.0
2026-06-22 01:00:00,22.8,95,962.1,9.9,212,0.0
2026-06-22 02:00:00,24.0,88,962.5,8.8,208,0.0
2026-06-22 03:00:00,25.6,80,963.2,12.1,195,0.0
2026-06-22 04:00:00,27.4,71,963.8,13.5,203,0.0
2026-06-22 05:00:00,29.4,61,963.5,11.0,210,0.0
2026-06-22 06:00:00,30.4,54,963.2,15.9,211,0.0
2026-06-22 07:00:00,31.3,52,962.8,16.0,223,0.4
2026-06-22 08:00:00,30.1,58,961.8,16.6,210,0.8
2026-06-22 09:00:00,29.8,58,961.4,21.0,219,1.1
2026-06-22 10:00:00,26.8,75,961.2,18.5,210,0.5
2026-06-22 11:00:00,27.1,72,961.2,21.1,217,0.1
2026-06-22 12:00:00,27.1,71,961.2,20.1,211,0.6
2026-06-22 13:00:00,25.4,79,961.7,18.1,212,0.0
2026-06-22 14:00:00,24.5,85,962.5,15.3,210,0.1
2026-06-22 15:00:00,24.2,88,962.8,16.6,207,0.1
2026-06-22 16:00:00,24.2,86,963.1,17.2,214,0.0
2026-06-22 17:00:00,24.1,86,963.4,14.3,213,0.0
2026-06-22 18:00:00,23.9,85,962.8,14.9,208,0.0
2026-06-22 19:00:00,23.4,87,962.3,14.0,217,0.0
2026-06-22 20:00:00,23.3,87,961.3,13.6,215,0.0
2026-06-22 21:00:00,22.9,90,960.9,14.5,214,0.0
2026-06-22 22:00:00,23.0,90,961.0,15.7,210,0.0
2026-06-22 23:00:00,22.5,95,961.1,15.6,211,0.0
2026-06-23 00:00:00,23.4,89,961.1,17.3,214,0.0
2026-06-23 01:00:00,23.4,88,961.7,16.7,214,0.0
2026-06-23 02:00:00,24.0,87,962.1,16.3,209,0.0
2026-06-23 03:00:00,25.6,78,962.7,15.0,210,0.0
2026-06-23 04:00:00,27.1,71,962.5,14.3,213,0.0
2026-06-23 05:00:00,29.6,60,962.5,14.1,218,0.0
2026-06-23 06:00:00,29.9,57,962.5,16.6,204,0.0
2026-06-23 07:00:00,30.0,56,962.0,19.7,217,0.0
2026-06-23 08:00:00,29.9,57,961.2,19.7,216,0.0
2026-06-23 09:00:00,29.6,58,960.4,18.8,218,0.0
2026-06-23 10:00:00,29.4,61,960.0,18.1,217,0.0
2026-06-23 11:00:00,28.5,65,960.1,18.6,218,0.0
2026-06-23 12:00:00,29.3,57,960.8,18.4,219,0.0
2026-06-23 13:00:00,27.7,63,961.0,18.0,221,0.0
2026-06-23 14:00:00,26.5,70,962.1,17.9,221,0.0
2026-06-23 15:00:00,25.5,78,962.6,15.3,205,0.1
2026-06-23 16:00:00,24.7,85,962.7,12.0,189,0.1
2026-06-23 17:00:00,24.3,89,962.7,10.3,187,0.0
2026-06-23 18:00:00,23.8,88,962.3,12.2,189,0.0
2026-06-23 19:00:00,23.8,86,961.9,9.8,193,0.0
2026-06-23 20:00:00,23.9,84,961.3,9.3,195,0.0
2026-06-23 21:00:00,23.7,84,960.9,10.1,192,0.0
2026-06-23 22:00:00,23.4,85,961.1,9.3,196,0.0
2026-06-23 23:00:00,23.5,85,961.2,6.7,194,0.0
2026-06-24 00:00:00,23.4,87,960.8,9.6,193,0.0
2026-06-24 01:00:00,23.5,86,960.9,5.3,198,0.0
2026-06-24 02:00:00,24.9,78,961.7,7.6,208,0.0
2026-06-24 03:00:00,26.9,68,962.4,11.0,195,0.0
2026-06-24 04:00:00,27.9,64,962.6,8.8,203,0.0
2026-06-24 05:00:00,28.2,64,963.0,10.6,203,0.1
2026-06-24 06:00:00,28.7,62,963.2,12.2,189,0.1
2026-06-24 07:00:00,30.1,56,962.2,13.2,197,0.0
2026-06-24 08:00:00,31.7,51,961.9,17.2,210,0.1
2026-06-24 09:00:00,29.1,64,961.1,17.2,215,0.2
2026-06-24 10:00:00,28.0,71,961.1,17.4,203,0.1
2026-06-24 11:00:00,26.6,78,960.6,16.6,211,0.0
2026-06-24 12:00:00,26.4,79,960.3,15.9,203,0.0
2026-06-24 13:00:00,25.6,82,960.7,15.9,205,0.0
2026-06-24 14:00:00,24.7,88,961.1,15.5,205,0.0
2026-06-24 15:00:00,24.4,90,961.4,15.3,210,0.0
2026-06-24 16:00:00,24.0,93,961.7,15.6,210,0.0
2026-06-24 17:00:00,23.6,95,962.1,14.5,203,0.0
2026-06-24 18:00:00,23.7,94,962.4,14.3,201,0.0
2026-06-24 19:00:00,23.6,95,961.7,14.0,211,0.0
2026-06-24 20:00:00,23.3,96,960.9,13.3,216,0.0
2026-06-24 21:00:00,23.1,97,960.5,13.0,209,0.0
2026-06-24 22:00:00,23.0,97,960.6,12.3,215,0.0
2026-06-24 23:00:00,22.9,96,960.7,11.8,223,0.0
2026-06-25 00:00:00,23.2,93,960.8,13.9,211,0.0
2026-06-25 01:00:00,23.3,93,961.2,12.6,221,0.0
2026-06-25 02:00:00,25.1,83,962.0,12.2,213,0.0
2026-06-25 03:00:00,27.2,71,962.6,14.2,209,0.0
2026-06-25 04:00:00,29.0,64,962.6,15.5,211,0.0
2026-06-25 05:00:00,30.7,57,962.3,15.5,215,0.0
2026-06-25 06:00:00,31.7,51,962.0,18.4,211,0.0
2026-06-25 07:00:00,32.2,49,961.4,20.2,216,0.0
2026-06-25 08:00:00,32.0,48,960.6,22.0,217,1.3
2026-06-25 09:00:00,31.6,51,960.0,21.3,222,0.7
2026-06-25 10:00:00,31.7,51,959.3,18.7,226,0.1
2026-06-25 11:00:00,31.1,55,958.9,20.5,223,0.0
2026-06-25 12:00:00,29.4,61,959.5,23.0,215,0.0
2026-06-25 13:00:00,27.8,68,959.8,22.5,218,0.0
2026-06-25 14:00:00,26.7,75,960.3,19.8,210,0.0
2026-06-25 15:00:00,25.8,80,961.3,17.7,202,0.0
2026-06-25 16:00:00,25.1,84,962.0,16.2,203,0.0
2026-06-25 17:00:00,24.7,88,962.3,14.3,208,0.0
2026-06-25 18:00:00,24.8,88,961.8,12.6,213,0.0
2026-06-25 19:00:00,24.3,92,961.3,11.2,213,0.0
2026-06-25 20:00:00,24.0,94,960.6,10.3,211,0.0
2026-06-25 21:00:00,23.7,94,960.1,11.4,206,0.0
2026-06-25 22:00:00,23.6,94,959.9,11.8,209,0.0
2026-06-25 23:00:00,23.4,94,960.3,11.8,201,0.0
2026-06-26 00:00:00,23.3,95,960.5,9.8,208,0.0
2026-06-26 01:00:00,23.8,92,961.3,7.4,212,0.0
2026-06-26 02:00:00,24.6,88,962.0,8.4,200,0.0
2026-06-26 03:00:00,25.9,81,962.7,12.1,195,0.0
2026-06-26 04:00:00,27.9,70,963.1,13.6,209,0.0
2026-06-26 05:00:00,29.4,61,963.0,15.1,208,0.7
2026-06-26 06:00:00,30.3,57,962.3,13.2,195,1.7
2026-06-26 07:00:00,31.7,52,961.8,13.5,205,0.8
2026-06-26 08:00:00,29.2,63,960.7,19.2,207,0.8
2026-06-26 09:00:00,29.6,63,960.1,18.3,208,1.4
2026-06-26 10:00:00,29.5,63,959.6,19.4,213,0.5
2026-06-26 11:00:00,28.5,68,959.2,18.8,214,0.1
2026-06-26 12:00:00,28.1,69,959.6,20.0,213,0.0
2026-06-26 13:00:00,26.8,76,960.0,18.4,207,0.0
2026-06-26 14:00:00,25.5,85,960.4,15.4,199,0.0
2026-06-26 15:00:00,25.2,85,961.3,13.7,198,0.0
2026-06-26 16:00:00,25.1,84,962.0,12.3,202,0.0
2026-06-26 17:00:00,24.9,86,962.2,12.1,207,0.0
2026-06-26 18:00:00,24.7,86,961.7,12.1,205,0.0
2026-06-26 19:00:00,24.2,90,961.6,10.7,211,0.0
2026-06-26 20:00:00,24.3,89,960.9,9.6,217,0.0
2026-06-26 21:00:00,24.3,89,960.0,9.9,213,0.0
2026-06-26 22:00:00,24.1,91,959.6,9.2,206,0.0
2026-06-26 23:00:00,23.6,94,959.6,10.4,203,0.0
2026-06-27 00:00:00,23.4,94,959.8,10.8,206,0.0
2026-06-27 01:00:00,23.4,93,960.3,9.0,209,0.0
2026-06-27 02:00:00,24.8,84,961.1,9.4,203,0.0
2026-06-27 03:00:00,27.1,71,961.5,11.3,200,0.0
2026-06-27 04:00:00,29.4,62,961.8,12.1,205,0.0
2026-06-27 05:00:00,31.0,55,961.6,13.4,202,0.0
2026-06-27 06:00:00,32.1,49,961.4,14.5,191,0.7
2026-06-27 07:00:00,31.2,53,960.6,14.5,207,1.8
2026-06-27 08:00:00,33.2,49,960.2,13.7,212,0.7
2026-06-27 09:00:00,32.1,49,958.7,15.3,220,0.0
2026-06-27 10:00:00,31.5,53,958.1,18.1,222,0.3
2026-06-27 11:00:00,30.5,59,957.7,19.4,218,0.0
2026-06-27 12:00:00,29.0,65,958.5,20.2,215,0.0
2026-06-27 13:00:00,27.6,70,959.0,18.4,213,0.0
2026-06-27 14:00:00,26.4,78,959.9,17.3,209,0.0
2026-06-27 15:00:00,26.0,80,960.8,16.7,210,0.0
2026-06-27 16:00:00,25.6,82,961.0,13.0,211,0.0
2026-06-27 17:00:00,25.3,85,961.2,11.9,210,0.0
2026-06-27 18:00:00,25.0,84,961.2,11.1,205,0.0
2026-06-27 19:00:00,24.5,87,960.6,10.4,208,0.0
2026-06-27 20:00:00,24.2,88,960.2,10.8,212,0.0
2026-06-27 21:00:00,23.8,90,959.7,11.6,210,0.0
2026-06-27 22:00:00,23.7,92,959.5,11.0,214,0.0
2026-06-27 23:00:00,23.4,93,959.6,12.0,204,0.0
2026-06-28 00:00:00,23.8,91,959.5,10.1,207,0.0
2026-06-28 01:00:00,23.7,91,960.6,12.7,212,0.0
2026-06-28 02:00:00,24.0,87,961.1,14.7,211,0.1
2026-06-28 03:00:00,25.9,76,961.3,15.1,209,0.1
2026-06-28 04:00:00,28.6,63,961.5,18.3,223,0.0
2026-06-28 05:00:00,30.2,57,961.6,20.2,219,0.0
2026-06-28 06:00:00,30.9,53,961.2,22.2,220,0.0
2026-06-28 07:00:00,30.7,54,960.6,24.8,225,0.5
2026-06-28 08:00:00,31.1,54,959.6,21.0,226,0.1
2026-06-28 09:00:00,31.6,52,958.8,23.8,227,0.0
2026-06-28 10:00:00,29.9,60,958.5,25.8,224,0.0
2026-06-28 11:00:00,28.5,65,958.2,21.4,223,0.0
2026-06-28 12:00:00,27.4,70,958.2,22.1,215,0.0
2026-06-28 13:00:00,25.3,83,958.9,21.7,212,0.0
2026-06-28 14:00:00,24.2,89,959.3,18.7,209,0.0
2026-06-28 15:00:00,23.9,90,959.9,17.5,209,0.0
2026-06-28 16:00:00,23.6,91,960.5,16.8,211,0.0
2026-06-28 17:00:00,23.6,91,961.0,14.4,213,0.0
2026-06-28 18:00:00,23.9,87,961.1,15.0,206,0.0
2026-06-28 19:00:00,23.3,90,960.8,15.8,199,0.0
2026-06-28 20:00:00,23.1,90,960.4,15.8,204,0.0
2026-06-28 21:00:00,22.9,92,959.8,13.5,205,0.0
2026-06-28 22:00:00,22.9,92,959.5,12.1,208,0.0
2026-06-28 23:00:00,23.0,92,959.6,12.1,210,0.0
2026-06-29 00:00:00,23.2,91,960.0,12.7,207,0.0
2026-06-29 01:00:00,23.1,90,960.5,13.7,210,0.0
2026-06-29 02:00:00,24.0,85,961.1,13.7,212,0.0
2026-06-29 03:00:00,25.7,75,961.7,14.2,210,0.0
2026-06-29 04:00:00,28.5,62,961.9,16.2,221,0.0
2026-06-29 05:00:00,29.8,56,961.6,19.5,222,0.0
2026-06-29 06:00:00,30.2,55,962.1,23.2,228,0.0
2026-06-29 07:00:00,29.8,58,961.7,24.8,226,0.0
2026-06-29 08:00:00,29.6,57,961.2,24.4,225,0.0
2026-06-29 09:00:00,29.8,57,960.5,27.2,231,0.1
2026-06-29 10:00:00,29.2,58,959.4,23.5,229,0.1
2026-06-29 11:00:00,28.0,65,959.3,23.6,223,0.0
2026-06-29 12:00:00,27.2,67,959.7,22.7,221,0.3
2026-06-29 13:00:00,25.2,79,960.4,19.9,207,0.0
2026-06-29 14:00:00,24.1,86,960.8,19.0,200,0.1
2026-06-29 15:00:00,23.6,89,961.3,15.5,200,0.0
2026-06-29 16:00:00,23.2,91,962.0,15.5,203,0.0
2026-06-29 17:00:00,22.9,92,962.0,14.4,206,0.0
2026-06-29 18:00:00,23.5,87,962.1,15.0,203,0.0
2026-06-29 19:00:00,22.9,90,961.7,14.7,205,0.1
2026-06-29 20:00:00,22.5,94,960.8,14.2,200,0.0
2026-06-29 21:00:00,22.4,94,960.3,14.6,206,0.0
2026-06-29 22:00:00,22.3,94,959.9,14.1,208,0.0
2026-06-29 23:00:00,22.2,95,960.0,13.0,205,0.0
2026-06-30 00:00:00,22.1,94,960.1,12.3,201,0.0
2026-06-30 01:00:00,22.8,89,960.9,13.9,209,0.0
2026-06-30 02:00:00,23.6,86,961.4,16.7,205,0.0
2026-06-30 03:00:00,25.5,76,962.0,17.2,211,0.0
2026-06-30 04:00:00,27.7,66,962.3,19.2,214,0.0
2026-06-30 05:00:00,29.2,59,962.6,21.5,223,0.0
2026-06-30 06:00:00,29.9,55,962.6,23.8,226,0.0
2026-06-30 07:00:00,30.1,54,962.2,23.5,225,0.0
2026-06-30 08:00:00,30.3,55,961.8,24.7,226,0.0
2026-06-30 09:00:00,29.6,58,960.6,24.7,225,0.0
2026-06-30 10:00:00,29.1,61,960.3,25.8,226,0.0
2026-06-30 11:00:00,26.6,74,959.8,23.5,216,0.0
2026-06-30 12:00:00,26.7,70,960.4,23.1,220,0.0
2026-06-30 13:00:00,24.9,81,960.9,21.7,209,0.0
2026-06-30 14:00:00,23.6,91,961.2,18.7,204,0.1
2026-06-30 15:00:00,23.2,94,961.8,17.3,211,0.2
2026-06-30 16:00:00,23.2,92,962.2,17.4,211,0.0
2026-06-30 17:00:00,23.3,92,962.5,17.2,215,0.0
2026-06-30 18:00:00,23.3,84,962.4,17.7,210,0.2
2026-06-30 19:00:00,22.2,93,962.1,17.8,216,0.5
2026-06-30 20:00:00,21.9,96,961.8,17.0,214,0.3
2026-06-30 21:00:00,21.8,97,961.1,17.8,218,0.4
2026-06-30 22:00:00,21.7,97,960.9,16.8,213,0.1
2026-06-30 23:00:00,21.6,97,960.6,17.6,208,0.0
2026-07-01 00:00:00,22.8,86,960.8,17.3,214,0.0
2026-07-01 01:00:00,23.0,85,961.2,15.6,210,0.0
2026-07-01 02:00:00,23.1,88,961.6,15.5,200,0.0
2026-07-01 03:00:00,24.3,81,961.9,16.8,203,0.0
2026-07-01 04:00:00,25.7,74,962.2,16.8,209,0.0
2026-07-01 05:00:00,27.1,67,962.3,18.7,216,0.0
2026-07-01 06:00:00,27.5,63,962.0,20.1,216,0.0
2026-07-01 07:00:00,28.2,61,961.6,21.5,220,0.0
2026-07-01 08:00:00,28.5,60,961.1,23.0,221,0.0
2026-07-01 09:00:00,27.7,64,960.0,22.4,222,0.0
2026-07-01 10:00:00,27.8,66,959.6,24.8,218,0.0
2026-07-01 11:00:00,25.9,76,959.4,21.3,212,0.0
2026-07-01 12:00:00,25.6,76,959.8,20.3,209,0.0
2026-07-01 13:00:00,24.6,84,960.2,17.9,205,0.0
2026-07-01 14:00:00,24.0,90,960.7,16.3,197,0.0
2026-07-01 15:00:00,23.9,90,961.2,15.2,199,0.0
2026-07-01 16:00:00,23.9,89,962.1,14.2,206,0.0
2026-07-01 17:00:00,24.0,84,962.4,14.3,208,0.1
2026-07-01 18:00:00,23.5,89,962.3,15.9,200,0.1
2026-07-01 19:00:00,23.3,89,961.8,15.4,209,0.1
2026-07-01 20:00:00,22.7,93,961.4,12.6,204,0.1
2026-07-01 21:00:00,22.9,92,960.7,13.7,213,0.1
2026-07-01 22:00:00,22.8,93,960.2,11.7,205,0.0
2026-07-01 23:00:00,22.6,92,959.9,13.4,206,0.0
2026-07-02 00:00:00,23.7,86,959.9,17.0,214,0.0
2026-07-02 01:00:00,23.2,90,960.5,16.9,207,0.0
2026-07-02 02:00:00,23.7,85,961.2,13.5,201,0.0
2026-07-02 03:00:00,25.2,78,961.5,15.8,203,0.0
2026-07-02 04:00:00,26.5,74,961.7,17.4,210,0.0
2026-07-02 05:00:00,28.6,62,961.7,19.3,221,0.0
2026-07-02 06:00:00,29.2,57,961.6,20.2,225,0.0
2026-07-02 07:00:00,30.8,53,961.4,22.6,230,0.0
2026-07-02 08:00:00,31.0,53,961.1,23.8,233,0.0
2026-07-02 09:00:00,29.4,58,960.0,23.3,227,0.0
2026-07-02 10:00:00,29.7,60,959.7,26.1,224,0.0
2026-07-02 11:00:00,27.3,71,959.2,24.1,216,0.1
2026-07-02 12:00:00,27.1,72,959.9,22.3,214,0.0
2026-07-02 13:00:00,25.6,81,960.4,18.7,210,0.0
2026-07-02 14:00:00,24.7,87,960.7,18.3,202,0.0
2026-07-02 15:00:00,24.5,87,961.5,16.9,201,0.0
2026-07-02 16:00:00,23.9,91,962.0,16.2,195,0.0
2026-07-02 17:00:00,23.8,91,962.3,16.1,210,0.0
2026-07-02 18:00:00,24.2,86,962.2,14.7,209,0.0
2026-07-02 19:00:00,23.7,89,961.6,12.4,208,0.0
2026-07-02 20:00:00,23.3,93,961.3,12.9,198,0.0
2026-07-02 21:00:00,23.6,89,961.0,13.7,214,0.0
2026-07-02 22:00:00,23.3,90,960.7,14.1,207,0.0
2026-07-02 23:00:00,23.5,89,960.6,15.7,211,0.0
2026-07-03 00:00:00,24.1,85,960.6,18.0,215,0.0
2026-07-03 01:00:00,23.5,91,961.3,13.5,203,0.0
2026-07-03 02:00:00,24.1,88,962.0,13.0,204,0.0
2026-07-03 03:00:00,25.2,82,962.4,15.0,207,0.1
2026-07-03 04:00:00,25.9,79,962.4,17.4,207,0.1
2026-07-03 05:00:00,28.3,65,962.5,19.2,225,0.0
2026-07-03 06:00:00,29.8,56,962.2,22.3,234,0.0
2026-07-03 07:00:00,29.1,59,962.3,22.4,231,0.3
2026-07-03 08:00:00,28.3,64,961.9,21.6,226,0.6
2026-07-03 09:00:00,27.1,72,961.1,20.6,226,2.7
2026-07-03 10:00:00,27.9,65,961.0,21.9,224,0.0
2026-07-03 11:00:00,26.7,73,960.5,20.0,212,0.2
2026-07-03 12:00:00,25.4,83,961.0,18.6,205,0.6
2026-07-03 13:00:00,24.5,89,960.8,18.5,204,0.0
2026-07-03 14:00:00,23.7,94,961.4,17.1,215,0.5
2026-07-03 15:00:00,23.5,93,962.0,17.6,218,1.1
2026-07-03 16:00:00,23.9,86,962.7,18.8,216,0.0
2026-07-03 17:00:00,23.5,90,962.8,18.0,214,0.2
2026-07-03 18:00:00,22.7,98,962.4,16.3,199,0.5
2026-07-03 19:00:00,22.3,99,962.0,15.2,201,2.2
2026-07-03 20:00:00,22.2,100,961.3,16.2,201,1.3
2026-07-03 21:00:00,22.2,100,960.6,18.0,208,1.2
2026-07-03 22:00:00,22.2,99,960.3,18.2,206,0.9
2026-07-03 23:00:00,22.3,99,960.4,21.3,205,0.5
2026-07-04 00:00:00,22.9,92,960.7,18.6,218,0.9
2026-07-04 01:00:00,22.8,92,960.9,17.9,217,0.1
2026-07-04 02:00:00,22.8,94,961.2,16.9,208,0.3
2026-07-04 03:00:00,23.5,90,961.8,16.5,198,0.0
2026-07-04 04:00:00,24.8,83,962.0,18.8,200,0.0
2026-07-04 05:00:00,26.7,73,961.9,20.3,210,0.0
2026-07-04 06:00:00,26.2,74,961.7,21.3,210,0.0
2026-07-04 07:00:00,27.7,67,961.2,23.0,216,0.0
2026-07-04 08:00:00,28.6,62,960.7,23.8,225,0.0
2026-07-04 09:00:00,29.3,61,960.0,22.7,228,0.0
2026-07-04 10:00:00,28.1,66,959.6,24.0,229,0.3
2026-07-04 11:00:00,26.5,75,959.2,20.7,213,0.0
2026-07-04 12:00:00,25.9,77,960.0,19.6,205,0.2
2026-07-04 13:00:00,24.6,84,960.3,15.0,197,0.0
2026-07-04 14:00:00,24.6,83,960.4,15.6,204,0.0
2026-07-04 15:00:00,24.5,82,961.1,17.1,216,0.0
2026-07-04 16:00:00,24.8,81,961.2,17.7,225,0.0
2026-07-04 17:00:00,24.3,85,961.3,18.3,220,0.0
2026-07-04 18:00:00,24.1,85,961.2,17.9,220,0.0
2026-07-04 19:00:00,23.8,85,960.8,17.7,223,0.0
2026-07-04 20:00:00,23.8,83,960.6,18.2,225,0.0
2026-07-04 21:00:00,23.7,83,960.1,18.7,225,0.0
2026-07-04 22:00:00,23.1,88,959.7,15.7,219,0.0
2026-07-04 23:00:00,23.3,87,960.1,17.0,217,0.0
2026-07-05 00:00:00,22.8,96,959.8,17.2,211,0.0
2026-07-05 01:00:00,22.7,95,960.2,14.5,215,0.1
2026-07-05 02:00:00,23.3,90,961.0,15.6,206,0.1
2026-07-05 03:00:00,24.3,84,961.4,15.2,209,0.0
2026-07-05 04:00:00,25.5,78,961.7,17.7,213,0.1
2026-07-05 05:00:00,27.4,69,962.2,21.7,227,0.0
2026-07-05 06:00:00,27.2,71,961.8,21.6,219,0.1
2026-07-05 07:00:00,28.2,66,961.6,21.3,230,0.0
2026-07-05 08:00:00,29.0,61,961.1,24.2,236,0.2
2026-07-05 09:00:00,28.5,63,960.3,23.8,237,0.1
2026-07-05 10:00:00,28.6,62,959.9,24.5,235,0.1
2026-07-05 11:00:00,28.1,65,959.7,21.6,229,0.0
2026-07-05 12:00:00,26.7,67,960.4,18.2,221,0.0
2026-07-05 13:00:00,25.4,77,960.4,16.5,207,0.0
2026-07-05 14:00:00,24.7,81,960.8,14.8,211,0.0
2026-07-05 15:00:00,24.6,80,961.0,14.3,215,0.0
2026-07-05 16:00:00,23.7,85,961.4,12.2,213,0.0
2026-07-05 17:00:00,23.4,88,961.6,12.1,215,0.0
2026-07-05 18:00:00,24.2,84,961.3,16.4,215,0.0
2026-07-05 19:00:00,23.2,90,961.0,14.7,211,0.0
2026-07-05 20:00:00,23.2,92,960.1,16.2,211,0.1
2026-07-05 21:00:00,23.1,92,959.7,16.4,213,0.1
2026-07-05 22:00:00,23.1,91,959.7,16.2,215,0.0
2026-07-05 23:00:00,22.9,92,960.0,16.7,212,0.1
2026-07-06 00:00:00,23.5,90,959.9,19.7,217,0.0
2026-07-06 01:00:00,23.5,89,960.4,19.0,215,0.1
2026-07-06 02:00:00,23.6,89,961.1,16.3,207,0.1
2026-07-06 03:00:00,24.7,83,961.4,19.2,208,0.1
2026-07-06 04:00:00,26.8,71,961.5,22.5,220,0.0
2026-07-06 05:00:00,28.4,64,962.0,23.8,228,0.1
2026-07-06 06:00:00,29.9,51,961.9,23.6,236,0.1
2026-07-06 07:00:00,29.1,61,961.6,23.6,228,0.3
2026-07-06 08:00:00,29.9,56,961.1,25.2,234,0.3
2026-07-06 09:00:00,30.3,53,960.3,25.3,242,0.1
2026-07-06 10:00:00,29.3,61,959.5,22.9,228,0.2
2026-07-06 11:00:00,28.6,64,959.5,25.1,229,0.1
2026-07-06 12:00:00,27.4,68,960.2,21.8,223,0.1
2026-07-06 13:00:00,25.7,76,960.6,18.0,212,0.0
2026-07-06 14:00:00,24.8,81,960.7,17.0,214,0.1
2026-07-06 15:00:00,24.5,81,961.5,16.0,221,0.0
2026-07-06 16:00:00,24.4,83,961.8,17.6,221,0.0
2026-07-06 17:00:00,24.3,82,961.9,16.8,222,0.0
2026-07-06 18:00:00,24.2,87,961.6,18.9,220,0.0
2026-07-06 19:00:00,24.1,86,961.2,20.1,219,0.0
2026-07-06 20:00:00,23.2,90,960.6,17.4,216,0.1
2026-07-06 21:00:00,22.7,94,960.5,19.3,212,0.1
2026-07-06 22:00:00,22.2,96,960.4,17.3,207,0.1
2026-07-06 23:00:00,22.8,89,960.4,19.6,219,0.1
2026-07-07 00:00:00,22.9,97,960.2,17.9,202,0.0
2026-07-07 01:00:00,22.5,96,961.2,19.3,205,0.1
2026-07-07 02:00:00,22.9,93,962.2,18.2,208,0.0
2026-07-07 03:00:00,23.6,87,962.5,19.4,209,0.1
2026-07-07 04:00:00,25.5,77,963.0,22.8,212,0.1
2026-07-07 05:00:00,27.0,70,962.8,22.8,221,0.1
2026-07-07 06:00:00,28.5,63,962.8,25.6,231,0.1
2026-07-07 07:00:00,29.3,60,962.3,23.8,225,0.2
2026-07-07 08:00:00,29.2,64,961.7,23.4,227,0.2
2026-07-07 09:00:00,29.7,58,961.0,23.7,231,0.2
2026-07-07 10:00:00,29.1,61,960.7,23.3,228,0.1
2026-07-07 11:00:00,28.1,64,960.2,23.4,226,0.1
2026-07-07 12:00:00,27.3,71,960.6,22.2,219,0.0
2026-07-07 13:00:00,25.7,78,960.9,17.8,204,0.0
2026-07-07 14:00:00,25.1,80,961.4,16.5,210,0.0
2026-07-07 15:00:00,24.8,79,961.9,15.1,213,0.0
2026-07-07 16:00:00,23.9,87,962.3,15.0,210,0.0
2026-07-07 17:00:00,24.0,86,962.5,14.8,217,0.0
2026-07-07 18:00:00,23.7,87,962.5,15.8,214,0.0
2026-07-07 19:00:00,23.1,90,961.7,12.7,198,0.0
2026-07-07 20:00:00,23.5,86,961.1,14.8,213,0.0
2026-07-07 21:00:00,23.3,86,960.8,13.4,206,0.0
2026-07-07 22:00:00,22.9,91,960.5,12.2,206,0.0
2026-07-07 23:00:00,22.7,91,960.9,12.4,214,0.0
2026-07-08 00:00:00,23.5,86,960.6,16.6,214,0.0
2026-07-08 01:00:00,23.5,86,961.2,14.4,214,0.0
2026-07-08 02:00:00,23.4,90,961.7,15.3,199,0.0
2026-07-08 03:00:00,25.2,81,962.1,16.9,209,0.0
2026-07-08 04:00:00,26.2,77,962.8,18.6,213,0.0
2026-07-08 05:00:00,27.7,69,962.6,16.4,219,0.0
2026-07-08 06:00:00,25.7,85,962.0,16.5,212,0.0
2026-07-08 07:00:00,27.0,80,961.9,18.0,218,1.2
2026-07-08 08:00:00,26.8,79,961.4,18.1,207,1.7
2026-07-08 09:00:00,26.1,83,960.5,17.6,212,0.8
2026-07-08 10:00:00,27.2,76,960.2,20.2,211,0.2
2026-07-08 11:00:00,25.1,89,959.9,18.1,203,0.2
2026-07-08 12:00:00,25.6,86,960.1,19.8,195,0.1
2026-07-08 13:00:00,24.4,92,960.4,16.0,204,0.0
2026-07-08 14:00:00,23.8,94,961.1,15.1,200,0.0
2026-07-08 15:00:00,23.3,95,961.8,15.3,202,0.0
2026-07-08 16:00:00,23.1,94,961.8,15.8,210,0.0
2026-07-08 17:00:00,22.7,94,961.9,14.1,210,0.0
2026-07-08 18:00:00,23.6,91,961.8,15.0,209,0.0
2026-07-08 19:00:00,22.9,94,961.0,13.2,200,0.0
2026-07-08 20:00:00,22.6,95,960.5,13.0,198,0.0
2026-07-08 21:00:00,23.3,88,960.5,14.2,207,0.0
2026-07-08 22:00:00,22.9,91,960.3,13.1,212,0.0
2026-07-08 23:00:00,23.1,89,960.6,13.8,217,0.0
2026-07-09 00:00:00,23.4,95,960.5,13.9,203,0.0
2026-07-09 01:00:00,23.3,95,961.2,12.7,209,0.0
2026-07-09 02:00:00,24.5,87,962.1,13.4,208,0.0
2026-07-09 03:00:00,25.9,79,963.0,12.7,211,0.0
2026-07-09 04:00:00,27.9,70,963.3,13.8,215,0.0
2026-07-09 05:00:00,29.1,64,963.2,15.1,211,0.2
2026-07-09 06:00:00,30.2,56,962.6,15.8,215,0.8
2026-07-09 07:00:00,30.5,56,962.5,16.1,220,0.3
2026-07-09 08:00:00,29.6,63,962.1,17.9,218,0.1
2026-07-09 09:00:00,27.7,75,961.2,16.6,210,0.1
2026-07-09 10:00:00,29.5,65,960.4,14.8,211,0.0
2026-07-09 11:00:00,29.2,64,960.3,17.9,214,0.0
2026-07-09 12:00:00,28.0,69,960.4,18.6,211,0.0
2026-07-09 13:00:00,26.5,77,960.8,17.1,210,0.0
2026-07-09 14:00:00,25.5,84,961.6,16.5,207,0.0
2026-07-09 15:00:00,25.1,84,962.5,15.2,204,0.0
2026-07-09 16:00:00,24.6,87,962.9,14.1,199,0.0
2026-07-09 17:00:00,24.2,89,963.0,12.6,197,0.0
2026-07-09 18:00:00,24.3,90,963.0,11.9,198,0.0
2026-07-09 19:00:00,23.9,91,962.3,11.2,204,0.0
2026-07-09 20:00:00,23.6,93,961.9,10.4,203,0.0
2026-07-09 21:00:00,23.4,92,961.3,8.9,204,0.0
2026-07-09 22:00:00,23.2,93,961.3,9.2,197,0.0
2026-07-09 23:00:00,23.0,94,961.6,9.3,205,0.0
2026-07-10 00:00:00,23.8,94,961.7,9.2,191,0.0
2026-07-10 01:00:00,23.6,94,962.4,9.4,200,0.0
2026-07-10 02:00:00,24.3,89,963.1,10.6,206,0.0
2026-07-10 03:00:00,26.0,79,963.8,11.4,203,0.0
2026-07-10 04:00:00,27.4,72,964.5,12.1,207,0.2
2026-07-10 05:00:00,29.4,63,964.1,12.6,207,0.6
2026-07-10 06:00:00,28.5,67,963.7,13.8,208,2.6
2026-07-10 07:00:00,30.3,61,963.3,13.9,210,0.9
2026-07-10 08:00:00,28.6,72,962.8,13.3,208,6.4
2026-07-10 09:00:00,27.9,72,962.0,17.4,212,1.8
2026-07-10 10:00:00,28.8,66,962.0,16.8,227,1.6
2026-07-10 11:00:00,27.9,73,961.6,16.5,215,0.1
2026-07-10 12:00:00,27.0,79,962.4,11.7,205,0.0
2026-07-10 13:00:00,25.7,86,962.8,13.5,203,0.0
2026-07-10 14:00:00,24.7,90,963.4,12.2,197,0.0
2026-07-10 15:00:00,24.4,92,963.9,11.7,203,0.0
2026-07-10 16:00:00,24.4,92,964.4,10.0,197,0.0
2026-07-10 17:00:00,24.2,93,964.2,10.6,212,0.0
2026-07-10 18:00:00,23.7,92,963.8,11.2,201,0.0
2026-07-10 19:00:00,23.6,92,963.1,11.6,206,0.0
2026-07-10 20:00:00,23.5,92,962.1,12.6,204,0.0
2026-07-10 21:00:00,23.2,93,961.5,13.9,204,0.0
2026-07-10 22:00:00,23.2,94,961.2,12.2,208,0.0
2026-07-10 23:00:00,23.2,94,960.9,11.1,209,0.0
2026-07-11 00:00:00,23.8,94,961.5,10.9,202,0.0
2026-07-11 01:00:00,24.0,92,962.1,10.3,202,0.0
2026-07-11 02:00:00,24.7,89,962.9,12.0,202,0.0
2026-07-11 03:00:00,26.1,80,963.3,11.8,207,0.0
2026-07-11 04:00:00,28.3,69,963.9,11.1,211,0.0
2026-07-11 05:00:00,29.9,62,963.5,8.3,207,0.0
2026-07-11 06:00:00,29.9,62,963.2,14.6,196,0.1
2026-07-11 07:00:00,31.0,56,962.6,15.0,207,1.1
2026-07-11 08:00:00,30.9,59,961.6,15.7,204,1.3
2026-07-11 09:00:00,28.8,69,960.5,16.8,199,2.3
2026-07-11 10:00:00,29.7,66,960.1,18.2,207,0.7
2026-07-11 11:00:00,28.8,69,960.1,19.7,208,0.1
2026-07-11 12:00:00,27.7,77,959.8,19.1,203,0.0
2026-07-11 13:00:00,26.8,81,960.5,17.0,203,0.0
2026-07-11 14:00:00,25.9,86,961.2,13.7,205,0.0
2026-07-11 15:00:00,25.4,87,961.5,12.5,208,0.0
2026-07-11 16:00:00,24.8,91,961.9,11.6,208,0.0
2026-07-11 17:00:00,24.5,93,962.1,10.8,206,0.0
2026-07-11 18:00:00,24.5,93,962.0,13.5,210,0.0
2026-07-11 19:00:00,24.3,94,961.7,12.2,217,0.0
2026-07-11 20:00:00,24.0,95,961.0,11.5,219,0.0
2026-07-11 21:00:00,23.7,96,960.3,12.4,216,0.0
2026-07-11 22:00:00,23.4,96,959.8,12.2,213,0.0
2026-07-11 23:00:00,23.2,97,959.7,10.7,209,0.0
2026-07-12 00:00:00,23.4,96,959.6,12.9,207,0.0
2026-07-12 01:00:00,23.3,96,960.0,11.8,204,0.0
2026-07-12 02:00:00,24.4,89,960.8,12.7,201,0.0
2026-07-12 03:00:00,26.1,80,961.3,13.1,203,0.0
2026-07-12 04:00:00,28.3,69,961.5,14.3,204,0.0
2026-07-12 05:00:00,29.8,62,961.4,17.3,208,0.0
2026-07-12 06:00:00,31.0,56,961.0,19.0,209,0.0
2026-07-12 07:00:00,31.6,56,960.3,21.8,214,0.0
2026-07-12 08:00:00,31.8,55,959.8,21.1,215,0.0
2026-07-12 09:00:00,31.5,56,958.9,22.2,216,0.0
2026-07-12 10:00:00,31.2,57,958.5,23.6,220,0.0
2026-07-12 11:00:00,29.9,62,958.5,24.0,217,0.0
2026-07-12 12:00:00,28.3,69,958.6,23.6,214,0.0
2026-07-12 13:00:00,26.5,79,958.9,22.2,209,0.0
2026-07-12 14:00:00,25.6,84,959.8,19.2,206,0.0
2026-07-12 15:00:00,25.0,87,960.6,17.6,204,0.0
2026-07-12 16:00:00,24.3,91,961.1,15.5,198,0.0
2026-07-12 17:00:00,24.0,93,961.3,15.1,200,0.0
2026-07-12 18:00:00,24.0,94,961.2,14.2,198,0.0
2026-07-12 19:00:00,23.7,95,961.0,11.9,212,0.0
2026-07-12 20:00:00,23.4,96,960.3,11.7,212,0.0
2026-07-12 21:00:00,23.4,96,959.6,12.1,212,0.0
2026-07-12 22:00:00,23.3,96,959.6,10.9,207,0.0
2026-07-12 23:00:00,23.2,96,959.6,9.7,207,0.0
2026-07-13 00:00:00,23.5,96,959.8,11.4,204,0.0
2026-07-13 01:00:00,23.5,96,960.7,8.6,206,0.0
2026-07-13 02:00:00,24.8,88,961.4,10.5,204,0.0
2026-07-13 03:00:00,27.1,75,961.8,15.0,207,0.0
2026-07-13 04:00:00,28.7,68,962.0,15.9,207,0.0
2026-07-13 05:00:00,30.5,59,962.1,16.5,208,0.0
2026-07-13 06:00:00,31.4,56,962.3,19.3,209,0.0
2026-07-13 07:00:00,31.8,54,961.6,20.0,210,0.0
2026-07-13 08:00:00,32.4,52,961.0,19.7,212,0.0
2026-07-13 09:00:00,32.2,52,960.1,19.6,213,0.0
2026-07-13 10:00:00,31.8,54,959.5,21.0,216,0.1
2026-07-13 11:00:00,30.6,59,959.0,23.3,217,0.0
2026-07-13 12:00:00,29.4,64,959.3,23.2,216,0.0
2026-07-13 13:00:00,27.7,73,959.7,20.7,213,0.0
2026-07-13 14:00:00,26.4,81,960.5,17.1,208,0.0
2026-07-13 15:00:00,25.7,85,961.4,16.0,209,0.0
2026-07-13 16:00:00,25.1,88,961.7,14.8,213,0.0
2026-07-13 17:00:00,24.8,91,962.0,14.0,212,0.0
2026-07-13 18:00:00,24.9,89,961.6,15.6,213,0.0
2026-07-13 19:00:00,24.4,92,961.4,12.5,217,0.0
2026-07-13 20:00:00,24.1,93,960.6,12.1,213,0.0
2026-07-13 21:00:00,23.6,94,960.0,12.6,209,0.0
2026-07-13 22:00:00,23.2,95,959.5,11.8,213,0.0
2026-07-13 23:00:00,22.9,96,959.5,11.7,211,0.0
2026-07-14 00:00:00,23.2,94,959.6,10.7,209,0.0
2026-07-14 01:00:00,23.2,94,960.3,8.9,212,0.0
2026-07-14 02:00:00,24.4,85,961.2,9.6,208,0.0
2026-07-14 03:00:00,26.5,74,961.7,11.3,198,0.0
2026-07-14 04:00:00,28.5,65,962.2,12.5,196,0.0
2026-07-14 05:00:00,30.8,55,962.3,14.6,202,0.0
2026-07-14 06:00:00,32.0,49,961.8,17.8,207,0.0
2026-07-14 07:00:00,33.2,45,961.2,18.4,212,0.0
2026-07-14 08:00:00,33.9,43,960.4,18.1,211,0.0
2026-07-14 09:00:00,34.0,42,959.5,18.2,216,0.0
2026-07-14 10:00:00,33.7,44,959.0,19.7,218,0.0
2026-07-14 11:00:00,32.5,49,958.9,21.5,220,0.0
2026-07-14 12:00:00,30.1,64,959.1,23.9,213,0.0
2026-07-14 13:00:00,28.4,73,959.6,18.6,210,0.0
2026-07-14 14:00:00,26.8,82,960.4,16.5,203,0.0
2026-07-14 15:00:00,25.9,86,961.3,15.6,206,0.0
2026-07-14 16:00:00,25.3,88,962.1,14.3,211,0.0
2026-07-14 17:00:00,25.0,89,962.5,13.8,213,0.0
2026-07-14 18:00:00,24.7,89,961.7,15.9,213,0.0
2026-07-14 19:00:00,24.4,90,961.5,15.1,219,0.0
2026-07-14 20:00:00,24.2,91,961.1,13.9,218,0.0
2026-07-14 21:00:00,23.9,92,960.5,13.7,215,0.0
2026-07-14 22:00:00,23.6,93,960.7,14.1,210,0.0
2026-07-14 23:00:00,23.5,94,960.6,14.3,209,0.0
2026-07-15 00:00:00,23.5,91,961.1,13.8,211,0.0
2026-07-15 01:00:00,23.3,92,961.7,11.9,212,0.0
2026-07-15 02:00:00,24.8,82,962.2,12.3,207,0.0
2026-07-15 03:00:00,26.8,71,962.8,13.5,205,0.0
2026-07-15 04:00:00,29.2,59,963.1,14.8,210,0.0
2026-07-15 05:00:00,31.1,52,963.3,15.6,215,0.0
2026-07-15 06:00:00,32.2,45,962.8,16.9,209,0.0
2026-07-15 07:00:00,32.6,44,962.3,18.8,212,0.0
2026-07-15 08:00:00,33.3,42,961.7,19.4,214,0.0
2026-07-15 09:00:00,33.3,41,960.8,18.8,219,0.0
2026-07-15 10:00:00,32.5,44,960.2,19.5,218,0.0
2026-07-15 11:00:00,31.7,47,960.1,18.9,220,0.0
2026-07-15 12:00:00,30.3,53,960.2,21.2,222,0.0
2026-07-15 13:00:00,28.3,63,960.3,20.8,218,0.0
2026-07-15 14:00:00,26.8,73,961.0,18.4,216,0.0
2026-07-15 15:00:00,25.9,79,961.8,16.5,217,0.0
2026-07-15 16:00:00,25.2,83,962.2,15.1,215,0.0
2026-07-15 17:00:00,24.5,88,962.3,14.1,210,0.0
2026-07-15 18:00:00,24.4,89,961.9,14.4,210,0.0
2026-07-15 19:00:00,24.0,91,961.6,13.7,213,0.0
2026-07-15 20:00:00,23.7,92,961.3,12.2,211,0.0
2026-07-15 21:00:00,23.5,92,961.2,9.3,209,0.0
2026-07-15 22:00:00,23.2,93,961.4,7.3,200,0.0
2026-07-15 23:00:00,22.8,95,961.9,7.6,198,0.0
2026-07-16 00:00:00,23.1,92,961.6,10.6,210,0.0
2026-07-16 01:00:00,23.0,93,962.5,6.1,204,0.0
2026-07-16 02:00:00,24.6,83,963.3,5.7,212,0.0
2026-07-16 03:00:00,26.2,74,963.6,8.7,197,0.0
2026-07-16 04:00:00,28.4,63,963.9,12.6,207,0.0
2026-07-16 05:00:00,30.0,56,963.9,14.4,213,0.0
2026-07-16 06:00:00,30.8,55,963.1,14.2,196,0.1
2026-07-16 07:00:00,31.1,54,962.7,18.1,207,0.3
2026-07-16 08:00:00,31.7,51,961.8,19.2,214,0.1
2026-07-16 09:00:00,31.4,53,961.1,19.8,213,0.1
2026-07-16 10:00:00,30.9,56,960.6,20.0,214,0.2
2026-07-16 11:00:00,29.7,61,960.2,20.5,214,0.0
2026-07-16 12:00:00,28.4,65,961.0,16.8,212,0.0
2026-07-16 13:00:00,27.4,69,961.4,18.3,214,0.0
2026-07-16 14:00:00,26.3,74,961.7,17.3,210,0.0
2026-07-16 15:00:00,25.7,77,962.4,15.8,210,0.0
2026-07-16 16:00:00,25.3,80,962.9,15.5,213,0.0
2026-07-16 17:00:00,24.6,84,963.1,15.5,205,0.0
2026-07-16 18:00:00,24.5,84,962.8,15.7,207,0.0
2026-07-16 19:00:00,24.0,87,962.3,14.0,206,0.0
2026-07-16 20:00:00,23.7,88,961.5,14.3,207,0.0
2026-07-16 21:00:00,23.5,88,961.2,14.2,206,0.0
2026-07-16 22:00:00,23.3,89,961.1,13.8,208,0.0
2026-07-16 23:00:00,23.2,89,961.1,14.7,213,0.0
2026-07-17 00:00:00,23.7,86,961.3,15.9,209,0.0
2026-07-17 01:00:00,24.0,82,961.9,13.7,212,0.0
2026-07-17 02:00:00,23.9,83,962.6,13.6,203,0.2
2026-07-17 03:00:00,23.8,84,963.3,15.7,198,0.0
2026-07-17 04:00:00,24.3,82,963.7,17.3,204,0.0
2026-07-17 05:00:00,24.9,80,963.9,16.1,209,0.0
2026-07-17 06:00:00,24.2,90,963.3,17.5,210,0.0
2026-07-17 07:00:00,25.9,77,963.3,20.9,214,0.0
2026-07-17 08:00:00,26.7,71,962.8,18.8,210,0.0
2026-07-17 09:00:00,26.9,71,961.8,20.2,212,0.0
2026-07-17 10:00:00,26.0,75,961.0,20.4,212,0.0
2026-07-17 11:00:00,25.9,76,960.8,19.6,212,0.0
2026-07-17 12:00:00,26.9,72,960.8,19.7,210,0.0
2026-07-17 13:00:00,25.6,79,961.0,18.3,209,0.0
2026-07-17 14:00:00,24.7,85,961.5,16.7,205,0.0
2026-07-17 15:00:00,24.2,88,962.6,15.5,200,0.0
2026-07-17 16:00:00,23.7,91,963.3,13.2,190,0.0
2026-07-17 17:00:00,23.7,90,963.4,12.4,201,0.0
2026-07-17 18:00:00,23.2,93,963.0,13.2,194,0.0
2026-07-17 19:00:00,22.9,93,962.3,12.6,199,0.0
2026-07-17 20:00:00,22.5,95,961.8,13.2,197,0.0
2026-07-17 21:00:00,22.4,95,961.5,12.5,200,0.0
2026-07-17 22:00:00,22.3,95,961.0,11.3,205,0.0
2026-07-17 23:00:00,22.5,93,961.3,12.2,206,0.0
2026-07-18 00:00:00,23.0,90,961.4,13.0,202,0.0
2026-07-18 01:00:00,22.6,92,961.7,11.0,201,0.0
2026-07-18 02:00:00,24.1,82,962.4,9.9,192,0.0
2026-07-18 03:00:00,25.7,74,963.1,12.0,196,0.0
2026-07-18 04:00:00,28.1,63,963.3,11.5,212,0.0
2026-07-18 05:00:00,29.7,57,963.1,11.7,212,0.0
2026-07-18 06:00:00,30.0,52,962.6,14.3,205,0.5
2026-07-18 07:00:00,30.8,51,962.1,14.7,207,1.1
2026-07-18 08:00:00,30.6,52,961.4,15.9,209,2.3
2026-07-18 09:00:00,28.7,64,960.5,17.8,219,2.3
2026-07-18 10:00:00,29.8,57,960.2,16.7,216,1.5
2026-07-18 11:00:00,29.2,60,960.1,17.4,211,0.1
2026-07-18 12:00:00,28.4,64,960.8,18.3,212,0.0
2026-07-18 13:00:00,27.4,67,961.1,18.1,215,0.0
2026-07-18 14:00:00,26.3,73,961.6,16.0,207,0.0
2026-07-18 15:00:00,25.2,80,962.3,16.6,199,0.0
2026-07-18 16:00:00,24.2,86,962.7,15.2,199,0.0
2026-07-18 17:00:00,23.7,89,963.0,12.6,200,0.0
2026-07-18 18:00:00,23.2,91,962.6,13.3,196,0.0
2026-07-18 19:00:00,23.0,91,962.2,11.7,205,0.2
2026-07-18 20:00:00,23.1,90,961.9,11.0,203,0.0
2026-07-18 21:00:00,23.2,89,961.5,11.0,210,0.0
2026-07-18 22:00:00,23.0,90,961.2,10.5,209,0.0
2026-07-18 23:00:00,22.9,91,961.2,9.8,204,0.0
2026-07-19 00:00:00,22.8,93,961.3,10.2,203,0.0
2026-07-19 01:00:00,22.7,93,961.7,9.2,206,0.2
2026-07-19 02:00:00,23.7,87,962.2,8.6,202,0.0
2026-07-19 03:00:00,25.8,76,962.5,9.9,195,0.0
2026-07-19 04:00:00,27.7,67,962.5,11.5,191,0.0
2026-07-19 05:00:00,29.7,57,962.9,13.3,190,0.0
2026-07-19 06:00:00,30.2,54,962.5,13.7,185,1.4
2026-07-19 07:00:00,30.5,56,961.7,13.3,203,0.7
2026-07-19 08:00:00,30.4,57,961.0,16.9,209,0.5
2026-07-19 09:00:00,30.2,56,960.5,18.5,223,1.6
2026-07-19 10:00:00,30.2,59,960.2,16.6,220,0.5
2026-07-19 11:00:00,28.9,65,959.8,16.7,216,0.0
2026-07-19 12:00:00,27.6,70,960.3,18.5,211,0.0
2026-07-19 13:00:00,26.3,76,960.8,17.0,210,0.0
2026-07-19 14:00:00,25.3,82,961.4,16.6,206,0.0
2026-07-19 15:00:00,24.7,85,962.3,15.0,204,0.0
2026-07-19 16:00:00,24.2,89,962.9,14.2,198,0.0
2026-07-19 17:00:00,23.5,93,962.9,14.2,198,0.0
2026-07-19 18:00:00,23.9,92,962.8,13.2,194,0.0
2026-07-19 19:00:00,23.2,94,962.3,12.4,213,0.1
2026-07-19 20:00:00,22.8,98,961.7,7.4,203,0.5
2026-07-19 21:00:00,22.7,98,961.7,7.9,204,0.5
2026-07-19 22:00:00,22.7,98,961.6,8.6,202,0.1
2026-07-19 23:00:00,22.5,98,961.6,9.2,200,0.0
2026-07-20 00:00:00,23.0,94,961.6,11.8,204,0.0
2026-07-20 01:00:00,22.9,94,962.1,11.3,209,0.0
2026-07-20 02:00:00,23.5,89,962.6,11.9,205,0.0
2026-07-20 03:00:00,25.1,80,963.4,16.0,206,0.0
2026-07-20 04:00:00,25.3,79,963.8,16.6,207,0.0
2026-07-20 05:00:00,27.5,68,963.9,16.0,216,0.0
2026-07-20 06:00:00,29.8,57,963.2,19.0,222,0.0
2026-07-20 07:00:00,30.3,54,962.8,19.3,224,0.0
2026-07-20 08:00:00,29.3,59,962.1,20.1,220,0.0
2026-07-20 09:00:00,28.4,64,961.4,22.0,214,0.0
2026-07-20 10:00:00,26.9,71,960.6,22.1,213,0.0
2026-07-20 11:00:00,26.7,73,960.3,21.7,210,0.0
2026-07-20 12:00:00,26.2,77,960.3,22.9,207,0.0
2026-07-20 13:00:00,24.8,85,961.0,21.4,207,0.0
2026-07-20 14:00:00,24.4,88,961.6,18.1,209,0.0
2026-07-20 15:00:00,24.2,89,962.4,16.5,204,0.0
2026-07-20 16:00:00,23.9,90,963.0,14.8,201,0.0
2026-07-20 17:00:00,23.7,91,963.4,11.8,200,0.0
2026-07-20 18:00:00,23.8,91,963.2,11.5,197,0.0
2026-07-20 19:00:00,23.6,92,962.8,10.7,200,0.0
2026-07-20 20:00:00,23.3,93,962.3,10.7,202,0.0
2026-07-20 21:00:00,23.2,94,962.0,9.6,203,0.0
2026-07-20 22:00:00,23.0,95,961.9,9.8,206,0.0
2026-07-20 23:00:00,22.9,95,961.6,10.9,211,0.0
2026-07-21 00:00:00,22.9,96,961.7,9.7,205,0.0
2026-07-21 01:00:00,22.8,95,961.9,7.1,216,0.0
2026-07-21 02:00:00,24.3,87,962.6,10.1,209,0.0
2026-07-21 03:00:00,26.6,75,963.1,12.4,204,0.0
2026-07-21 04:00:00,28.4,66,963.3,13.5,210,0.0
2026-07-21 05:00:00,30.2,59,963.2,15.6,207,0.0
2026-07-21 06:00:00,31.0,53,962.8,17.7,209,0.3
2026-07-21 07:00:00,31.8,51,962.4,19.2,220,0.1
2026-07-21 08:00:00,31.9,51,961.9,20.2,217,0.0
2026-07-21 09:00:00,31.7,51,961.1,20.4,221,0.0
2026-07-21 10:00:00,31.4,54,960.3,20.8,221,0.0
2026-07-21 11:00:00,30.3,58,960.1,22.2,217,0.0
2026-07-21 12:00:00,29.0,64,960.5,19.9,211,0.0
2026-07-21 13:00:00,27.4,73,961.1,19.0,211,0.0
2026-07-21 14:00:00,26.2,80,961.6,16.9,209,0.0
2026-07-21 15:00:00,25.6,83,962.3,17.4,211,0.0
2026-07-21 16:00:00,24.9,87,962.8,15.6,209,0.0
2026-07-21 17:00:00,24.3,92,963.3,14.5,202,0.0
2026-07-21 18:00:00,24.3,91,963.4,15.0,203,0.0
2026-07-21 19:00:00,23.7,95,962.9,11.1,205,0.0
2026-07-21 20:00:00,23.5,95,962.2,8.6,211,0.0
2026-07-21 21:00:00,23.3,96,961.8,8.1,208,0.0
2026-07-21 22:00:00,23.2,96,961.3,8.9,205,0.0
2026-07-21 23:00:00,23.2,95,961.4,9.1,214,0.0
2026-07-22 00:00:00,23.1,94,961.3,12.0,204,0.0
2026-07-22 01:00:00,22.9,95,961.9,10.0,210,0.0
2026-07-22 02:00:00,24.2,86,962.5,12.6,205,0.0
2026-07-22 03:00:00,26.0,77,962.9,15.4,206,0.0
2026-07-22 04:00:00,28.1,67,963.2,16.9,213,0.0
2026-07-22 05:00:00,29.8,60,962.9,16.3,214,0.0
2026-07-22 06:00:00,31.5,53,962.5,17.1,218,0.0
2026-07-22 07:00:00,31.9,49,962.1,19.9,223,0.0
2026-07-22 08:00:00,32.3,47,961.7,21.0,224,0.9
2026-07-22 09:00:00,31.6,51,960.9,21.5,225,0.4
2026-07-22 10:00:00,31.1,53,960.6,19.7,226,0.0
2026-07-22 11:00:00,30.1,55,960.4,20.8,227,0.0
2026-07-22 12:00:00,28.5,65,961.0,20.8,214,0.0
2026-07-22 13:00:00,26.6,75,961.4,19.4,214,0.0
2026-07-22 14:00:00,25.6,82,962.4,16.5,208,0.0
2026-07-22 15:00:00,24.6,86,962.7,16.1,202,0.0
2026-07-22 16:00:00,23.8,89,963.3,14.3,194,0.0
2026-07-22 17:00:00,23.4,92,963.3,13.9,190,0.0
2026-07-22 18:00:00,23.8,90,963.1,13.0,194,0.0
2026-07-22 19:00:00,23.6,90,962.4,10.6,195,0.0
2026-07-22 20:00:00,23.4,91,961.6,10.2,197,0.0
2026-07-22 21:00:00,23.1,93,961.1,9.6,197,0.0
2026-07-22 22:00:00,23.1,92,961.0,9.1,210,0.0
2026-07-22 23:00:00,22.9,93,960.8,9.8,212,0.0
2026-07-23 00:00:00,22.9,96,960.7,11.9,207,0.0
2026-07-23 01:00:00,23.0,95,961.1,12.0,215,0.0
2026-07-23 02:00:00,24.4,87,961.9,12.3,205,0.0
2026-07-23 03:00:00,26.1,78,962.3,14.2,204,0.0
2026-07-23 04:00:00,28.2,67,962.4,14.7,208,0.0
2026-07-23 05:00:00,30.1,58,962.3,15.2,214,0.0
2026-07-23 06:00:00,30.4,57,962.0,16.4,201,0.1
2026-07-23 07:00:00,31.6,52,961.7,18.0,211,0.0
2026-07-23 08:00:00,32.7,46,960.9,19.9,217,0.0
2026-07-23 09:00:00,32.6,46,960.0,21.8,221,0.0
2026-07-23 10:00:00,32.3,47,959.6,22.4,224,0.0
2026-07-23 11:00:00,31.3,50,959.5,21.9,222,0.0
2026-07-23 12:00:00,29.4,57,960.1,20.1,220,0.0
2026-07-23 13:00:00,28.0,62,960.4,19.0,223,0.0
2026-07-23 14:00:00,26.8,71,961.2,18.9,214,0.0
2026-07-23 15:00:00,25.9,78,962.0,18.6,211,0.0
2026-07-23 16:00:00,25.1,83,962.4,16.8,208,0.0
2026-07-23 17:00:00,24.1,86,962.8,16.7,206,0.1
2026-07-23 18:00:00,23.9,87,962.6,16.2,197,0.4
2026-07-23 19:00:00,22.7,96,962.0,15.8,203,0.4
2026-07-23 20:00:00,22.3,99,961.4,13.3,196,0.4
2026-07-23 21:00:00,22.2,98,960.9,13.1,209,0.1
2026-07-23 22:00:00,22.2,98,960.7,10.9,214,0.0
2026-07-23 23:00:00,22.0,98,960.6,9.9,209,0.0
2026-07-24 00:00:00,22.9,92,960.7,14.0,204,0.0
2026-07-24 01:00:00,23.1,90,961.1,14.0,208,0.0
2026-07-24 02:00:00,25.0,78,961.8,14.9,208,0.0
2026-07-24 03:00:00,26.6,72,962.2,17.3,204,0.0
2026-07-24 04:00:00,28.5,64,962.4,16.5,208,0.0
2026-07-24 05:00:00,30.7,55,962.3,17.4,219,0.0
2026-07-24 06:00:00,32.0,49,961.8,16.5,214,0.0
2026-07-24 07:00:00,32.0,51,961.2,17.2,220,0.2
2026-07-24 08:00:00,31.2,52,960.5,17.3,223,0.5
2026-07-24 09:00:00,31.3,53,959.8,17.5,220,1.3
2026-07-24 10:00:00,31.4,53,959.4,12.2,217,0.2
2026-07-24 11:00:00,31.5,51,959.1,13.1,223,0.0
2026-07-24 12:00:00,29.2,62,959.4,16.7,213,0.0
2026-07-24 13:00:00,27.7,66,959.8,15.9,212,0.0
2026-07-24 14:00:00,26.7,72,960.4,14.0,206,0.0
2026-07-24 15:00:00,26.0,77,961.1,13.0,215,0.0
2026-07-24 16:00:00,25.2,84,961.6,11.7,214,0.3
2026-07-24 17:00:00,24.5,91,962.0,12.3,195,0.4
2026-07-24 18:00:00,24.0,91,962.0,13.2,200,0.1
2026-07-24 19:00:00,23.6,92,961.1,10.9,209,0.0
2026-07-24 20:00:00,23.5,91,960.6,10.5,211,0.0
2026-07-24 21:00:00,23.1,92,960.1,9.2,211,0.0
2026-07-24 22:00:00,22.8,94,960.2,8.5,204,0.1
2026-07-24 23:00:00,22.7,94,960.2,7.8,209,0.0
2026-07-25 00:00:00,23.0,94,960.2,9.1,212,0.0
2026-07-25 01:00:00,22.8,94,960.6,9.5,219,0.0
2026-07-25 02:00:00,24.2,86,961.3,9.4,210,0.0
2026-07-25 03:00:00,26.5,74,962.0,9.3,199,0.0
2026-07-25 04:00:00,28.4,66,962.2,10.9,197,0.0
2026-07-25 05:00:00,30.4,58,961.9,11.9,198,0.0
2026-07-25 06:00:00,30.5,55,961.6,14.2,177,1.2
2026-07-25 07:00:00,31.1,55,961.3,16.1,198,0.8
2026-07-25 08:00:00,32.5,48,960.3,16.4,211,0.2
2026-07-25 09:00:00,32.0,49,959.5,17.3,219,0.4
2026-07-25 10:00:00,31.8,50,959.0,18.5,225,0.2
2026-07-25 11:00:00,30.4,54,959.0,20.7,230,0.0
2026-07-25 12:00:00,29.8,56,959.3,18.7,221,0.0
2026-07-25 13:00:00,28.2,64,959.7,16.6,219,0.0
2026-07-25 14:00:00,27.0,71,960.1,15.2,217,0.0
2026-07-25 15:00:00,26.3,76,961.0,12.8,215,0.0
2026-07-25 16:00:00,25.7,81,961.5,12.3,215,0.0
2026-07-25 17:00:00,25.3,85,962.0,13.4,209,0.0
2026-07-25 18:00:00,24.9,85,961.5,14.1,208,0.1
2026-07-25 19:00:00,24.4,87,961.0,12.0,208,0.0
2026-07-25 20:00:00,24.0,88,960.2,13.0,211,0.0
2026-07-25 21:00:00,23.5,90,959.6,13.2,206,0.0
2026-07-25 22:00:00,23.4,91,959.3,13.4,206,0.0
2026-07-25 23:00:00,23.3,92,959.5,12.1,208,0.0
2026-07-26 00:00:00,23.6,91,959.6,13.4,206,0.0
2026-07-26 01:00:00,23.4,92,960.3,13.8,217,0.0
2026-07-26 02:00:00,24.3,88,961.1,13.2,204,0.0
2026-07-26 03:00:00,26.3,76,961.6,16.3,205,0.0
2026-07-26 04:00:00,28.6,65,961.9,17.5,217,0.0
2026-07-26 05:00:00,30.3,54,962.3,18.5,225,0.0
2026-07-26 06:00:00,31.3,47,962.1,17.6,223,0.0
2026-07-26 07:00:00,32.2,42,961.6,20.5,227,0.0
2026-07-26 08:00:00,32.3,40,961.1,22.0,232,0.0
2026-07-26 09:00:00,32.2,42,960.0,24.0,233,0.0
2026-07-26 10:00:00,30.1,54,959.7,24.9,226,0.0
2026-07-26 11:00:00,28.8,61,959.2,23.2,219,0.0
2026-07-26 12:00:00,28.3,64,959.6,23.8,222,0.0
2026-07-26 13:00:00,26.1,76,959.7,19.8,209,0.0
2026-07-26 14:00:00,24.5,86,960.4,18.3,199,0.0
2026-07-26 15:00:00,23.8,90,960.8,17.5,200,0.1
2026-07-26 16:00:00,23.6,91,961.2,18.0,209,0.0
2026-07-26 17:00:00,23.4,92,961.4,15.5,207,0.0
2026-07-26 18:00:00,23.5,91,960.7,16.6,206,0.0
2026-07-26 19:00:00,23.2,93,960.2,15.7,210,0.0
2026-07-26 20:00:00,23.1,94,959.7,14.7,208,0.0
2026-07-26 21:00:00,23.0,94,959.6,14.0,215,0.0
2026-07-26 22:00:00,22.9,95,959.4,12.0,216,0.0
2026-07-26 23:00:00,22.9,94,959.3,12.7,219,0.0
2026-07-27 00:00:00,23.5,92,959.4,15.4,204,0.0
2026-07-27 01:00:00,23.3,92,959.7,15.6,217,0.0
2026-07-27 02:00:00,24.0,89,959.9,15.9,211,0.0
2026-07-27 03:00:00,25.4,80,960.1,17.2,210,0.0
2026-07-27 04:00:00,27.1,72,960.6,18.4,215,0.0
2026-07-27 05:00:00,29.0,64,960.9,18.7,216,0.0
2026-07-27 06:00:00,30.3,58,960.6,21.1,214,0.0
2026-07-27 07:00:00,31.1,54,960.5,21.0,224,0.0
2026-07-27 08:00:00,31.4,54,960.1,22.0,220,0.0
2026-07-27 09:00:00,30.7,56,959.4,21.5,225,0.0
2026-07-27 10:00:00,30.0,60,958.9,23.4,220,0.0
2026-07-27 11:00:00,29.0,65,958.5,22.5,225,0.0
2026-07-27 12:00:00,27.6,70,958.9,21.3,210,0.0
2026-07-27 13:00:00,25.7,80,959.3,20.5,205,0.0
2026-07-27 14:00:00,25.3,83,959.6,17.6,207,0.0
2026-07-27 15:00:00,24.9,83,960.6,18.3,202,0.0
2026-07-27 16:00:00,24.7,83,960.5,17.3,202,0.0
2026-07-27 17:00:00,24.1,85,960.9,17.7,209,0.0
2026-07-27 18:00:00,24.4,85,960.7,17.9,209,0.0
2026-07-27 19:00:00,24.0,88,960.2,15.5,208,0.0
2026-07-27 20:00:00,24.0,86,959.4,19.2,217,0.0
2026-07-27 21:00:00,22.8,94,958.8,17.3,208,0.0
2026-07-27 22:00:00,22.4,96,958.4,16.8,204,0.0
2026-07-27 23:00:00,22.7,94,958.5,16.5,211,0.0
2026-07-28 00:00:00,23.8,89,958.8,17.7,209,0.0
2026-07-28 01:00:00,24.1,85,959.2,16.4,213,0.0
2026-07-28 02:00:00,24.2,86,960.0,16.0,203,0.0
2026-07-28 03:00:00,26.0,77,960.9,16.4,211,0.0
2026-07-28 04:00:00,28.4,66,961.2,17.7,220,0.0
2026-07-28 05:00:00,29.7,60,961.1,21.0,219,0.0
2026-07-28 06:00:00,30.7,55,960.7,24.1,227,0.0
2026-07-28 07:00:00,31.8,50,960.4,23.5,237,0.0
2026-07-28 08:00:00,31.9,50,959.7,24.5,234,0.5
2026-07-28 09:00:00,31.2,54,958.8,25.9,229,0.2
2026-07-28 10:00:00,29.7,60,958.4,25.7,224,0.0
2026-07-28 11:00:00,28.9,64,957.7,24.3,228,0.0
2026-07-28 12:00:00,28.1,68,957.7,24.1,214,0.0
2026-07-28 13:00:00,25.9,81,958.0,21.4,208,0.0
2026-07-28 14:00:00,25.2,86,958.4,20.0,202,0.0
2026-07-28 15:00:00,24.6,89,959.1,18.1,205,0.0
2026-07-28 16:00:00,24.7,87,959.8,16.9,208,0.0
2026-07-28 17:00:00,24.1,88,960.1,18.0,209,0.0
2026-07-28 18:00:00,24.5,87,960.1,18.7,212,0.0
2026-07-28 19:00:00,23.7,92,959.8,17.3,209,0.0
2026-07-28 20:00:00,23.7,91,959.3,17.2,210,0.0
2026-07-28 21:00:00,23.4,92,958.5,17.8,212,0.0
2026-07-28 22:00:00,22.9,94,958.5,16.4,203,0.0
2026-07-28 23:00:00,22.9,93,958.5,17.3,215,0.0
2026-07-29 00:00:00,23.9,91,958.0,15.1,213,0.0
2026-07-29 01:00:00,23.2,94,958.5,14.0,212,0.1
2026-07-29 02:00:00,24.1,88,959.3,16.4,201,0.0
2026-07-29 03:00:00,25.6,79,959.8,19.7,204,0.0
2026-07-29 04:00:00,27.8,69,960.4,20.6,212,0.0
2026-07-29 05:00:00,28.8,64,960.5,22.5,218,0.0
2026-07-29 06:00:00,29.7,58,959.8,22.7,225,0.0
2026-07-29 07:00:00,30.3,56,959.5,26.6,230,0.0
2026-07-29 08:00:00,30.2,56,959.0,26.8,231,0.0
2026-07-29 09:00:00,30.5,58,958.1,26.3,230,0.0
2026-07-29 10:00:00,29.0,65,957.5,26.5,220,0.0
2026-07-29 11:00:00,28.7,66,957.2,26.1,222,0.0
2026-07-29 12:00:00,27.8,69,957.2,23.7,214,0.0
2026-07-29 13:00:00,26.2,78,957.6,22.0,207,0.0
2026-07-29 14:00:00,25.3,82,958.4,17.0,201,0.0
2026-07-29 15:00:00,24.9,84,958.9,17.2,206,0.0
2026-07-29 16:00:00,23.8,91,959.4,17.3,200,0.0
2026-07-29 17:00:00,24.0,89,959.7,16.6,206,0.0
2026-07-29 18:00:00,24.4,89,959.2,14.5,197,0.0
2026-07-29 19:00:00,23.6,93,958.6,14.7,202,0.0
2026-07-29 20:00:00,23.1,94,957.8,15.9,200,0.0
2026-07-29 21:00:00,22.9,95,957.3,15.8,203,0.0
2026-07-29 22:00:00,22.9,96,957.1,15.4,207,0.0
2026-07-29 23:00:00,23.1,94,957.0,15.3,207,0.0
2026-07-30 00:00:00,23.2,98,956.9,15.3,198,0.0
2026-07-30 01:00:00,23.0,96,957.0,14.8,212,0.0
2026-07-30 02:00:00,23.7,91,957.6,15.0,206,0.0
2026-07-30 03:00:00,25.5,81,958.0,17.4,204,0.0
2026-07-30 04:00:00,27.9,69,958.5,19.5,217,0.0
2026-07-30 05:00:00,28.8,65,958.7,22.5,217,0.0
2026-07-30 06:00:00,30.1,57,958.4,24.7,228,0.0
2026-07-30 07:00:00,31.3,52,958.0,24.4,235,0.0
2026-07-30 08:00:00,31.6,52,957.2,25.3,225,0.0
2026-07-30 09:00:00,31.3,53,956.3,27.9,227,0.0
2026-07-30 10:00:00,30.7,55,955.7,27.5,226,0.0
2026-07-30 11:00:00,29.1,64,955.2,26.9,222,0.0
2026-07-30 12:00:00,28.3,69,955.8,25.6,216,0.0
2026-07-30 13:00:00,25.4,84,956.3,24.3,205,0.0
2026-07-30 14:00:00,24.1,91,956.7,22.0,204,0.0
2026-07-30 15:00:00,24.0,91,957.5,19.5,201,0.0
2026-07-30 16:00:00,23.9,91,958.0,17.9,202,0.0
2026-07-30 17:00:00,25.2,79,958.3,20.4,221,0.0
2026-07-30 18:00:00,24.5,85,958.0,19.9,214,0.0
2026-07-30 19:00:00,23.9,88,957.5,17.3,205,0.0
2026-07-30 20:00:00,23.1,94,957.0,19.7,208,0.0
2026-07-30 21:00:00,22.8,93,956.7,18.9,205,0.0
2026-07-30 22:00:00,22.8,93,956.4,16.9,211,0.0
2026-07-30 23:00:00,23.1,90,956.5,17.9,216,0.0
2026-07-31 00:00:00,24.2,86,956.6,20.7,221,0.0
2026-07-31 01:00:00,23.9,87,956.7,16.6,216,0.0
2026-07-31 02:00:00,24.2,87,957.2,15.9,203,0.0
2026-07-31 03:00:00,26.0,77,958.0,17.1,207,0.0
2026-07-31 04:00:00,27.4,72,958.6,18.2,210,0.0
2026-07-31 05:00:00,29.5,64,958.6,18.8,216,0.0
2026-07-31 06:00:00,32.0,51,958.1,22.5,227,0.0
2026-07-31 07:00:00,32.1,48,957.7,22.4,231,1.1
2026-07-31 08:00:00,31.4,55,957.1,22.3,222,0.1
2026-07-31 09:00:00,31.2,56,956.2,20.5,227,0.5
2026-07-31 10:00:00,31.1,56,955.7,21.1,226,0.0
2026-07-31 11:00:00,28.6,69,955.9,23.7,213,0.0
2026-07-31 12:00:00,28.5,69,955.9,22.4,215,0.0
2026-07-31 13:00:00,26.2,79,956.6,19.6,209,0.0
2026-07-31 14:00:00,24.7,88,957.4,16.2,203,0.0
2026-07-31 15:00:00,24.6,88,958.3,16.0,205,0.0
2026-07-31 16:00:00,24.3,89,958.9,13.5,201,0.0
2026-07-31 17:00:00,24.1,91,959.1,11.5,200,0.0
2026-07-31 18:00:00,25.0,86,959.0,10.9,187,0.0
2026-07-31 19:00:00,24.5,89,958.8,7.2,186,0.0
2026-07-31 20:00:00,23.9,90,958.7,11.2,202,0.0
2026-07-31 21:00:00,23.3,92,958.1,9.8,204,0.0
2026-07-31 22:00:00,22.9,93,957.9,12.4,199,0.0
2026-07-31 23:00:00,22.6,94,958.0,13.7,205,0.0
2026-08-01 00:00:00,23.4,92,958.1,19.5,206,0.0
2026-08-01 01:00:00,22.8,95,958.8,18.1,200,0.0
2026-08-01 02:00:00,22.3,100,959.4,17.6,198,1.4
2026-08-01 03:00:00,22.7,99,959.8,19.6,199,2.3
2026-08-01 04:00:00,23.4,96,960.3,18.6,207,0.7
2026-08-01 05:00:00,23.0,96,960.5,16.8,182,4.1
2026-08-01 06:00:00,23.7,93,959.9,19.9,200,8.3
2026-08-01 07:00:00,25.9,82,959.4,19.3,210,0.5
2026-08-01 08:00:00,24.3,91,958.8,18.3,203,0.9
2026-08-01 09:00:00,24.6,90,957.9,18.0,201,0.2
2026-08-01 10:00:00,25.4,87,957.8,16.6,209,0.3
2026-08-01 11:00:00,23.8,99,958.0,16.2,197,1.5
2026-08-01 12:00:00,24.7,89,958.4,20.3,199,1.5
2026-08-01 13:00:00,23.2,98,959.0,18.3,200,0.8
2026-08-01 14:00:00,22.9,100,959.8,14.4,195,2.0
2026-08-01 15:00:00,22.7,100,960.2,13.6,191,2.5
2026-08-01 16:00:00,22.6,99,960.8,17.3,204,1.3
2026-08-01 17:00:00,22.4,99,961.2,17.5,201,0.1
2026-08-01 18:00:00,22.4,98,960.7,17.5,204,0.0
2026-08-01 19:00:00,22.5,96,960.5,16.1,209,0.1
2026-08-01 20:00:00,22.2,96,959.8,17.7,209,0.0
2026-08-01 21:00:00,21.9,97,959.6,17.3,207,0.1
2026-08-01 22:00:00,22.1,95,959.2,15.4,207,0.0
2026-08-01 23:00:00,22.3,94,959.7,13.5,209,0.0
2026-08-02 00:00:00,22.9,91,959.7,15.0,207,0.0
2026-08-02 01:00:00,22.5,91,959.9,14.2,202,0.0
2026-08-02 02:00:00,22.4,92,960.8,13.7,191,0.0
2026-08-02 03:00:00,23.2,88,961.5,14.3,200,0.0
2026-08-02 04:00:00,25.6,76,961.7,13.1,212,0.0
2026-08-02 05:00:00,25.5,81,961.5,15.1,203,0.3
2026-08-02 06:00:00,25.9,79,961.0,17.9,195,0.0
2026-08-02 07:00:00,25.9,78,960.5,15.4,210,0.0
2026-08-02 08:00:00,28.0,69,960.5,14.7,209,0.0
2026-08-02 09:00:00,29.5,58,959.6,14.8,213,0.2
2026-08-02 10:00:00,28.3,69,958.8,19.4,203,0.0
2026-08-02 11:00:00,27.4,74,958.6,19.4,210,0.0
2026-08-02 12:00:00,27.0,80,959.0,19.2,199,0.0
2026-08-02 13:00:00,25.9,83,959.2,16.0,201,0.0
2026-08-02 14:00:00,24.9,87,960.0,17.4,199,0.0
2026-08-02 15:00:00,24.0,90,960.6,16.5,200,0.0
2026-08-02 16:00:00,23.5,92,961.4,14.3,200,0.0
2026-08-02 17:00:00,23.2,92,961.7,16.0,203,0.0
2026-08-02 18:00:00,24.0,94,961.6,12.2,213,0.0
2026-08-02 19:00:00,23.3,96,961.1,11.5,191,0.1
2026-08-02 20:00:00,22.9,98,960.7,13.9,194,0.3
2026-08-02 21:00:00,23.0,96,960.3,12.8,204,0.0
2026-08-02 22:00:00,22.8,95,960.2,11.1,205,0.0
2026-08-02 23:00:00,22.6,94,960.4,9.5,202,0.0
2026-08-03 00:00:00,22.5,98,960.3,11.4,198,0.0
2026-08-03 01:00:00,22.6,95,960.9,13.9,209,0.0
2026-08-03 02:00:00,23.0,92,961.4,13.0,207,0.0
2026-08-03 03:00:00,23.7,89,962.2,13.6,195,0.0
2026-08-03 04:00:00,24.7,84,962.5,14.7,200,0.0
2026-08-03 05:00:00,26.2,78,962.8,15.2,215,0.0
2026-08-03 06:00:00,26.5,75,962.6,17.4,201,0.0
2026-08-03 07:00:00,28.8,65,962.1,16.5,213,0.0
2026-08-03 08:00:00,29.7,59,961.5,18.2,210,0.0
2026-08-03 09:00:00,29.0,64,960.4,20.5,208,0.0
2026-08-03 10:00:00,28.7,65,960.0,19.4,211,0.0
2026-08-03 11:00:00,27.3,71,959.7,19.6,208,0.0
2026-08-03 12:00:00,26.6,76,959.7,18.3,204,0.0
2026-08-03 13:00:00,24.8,86,960.0,18.6,203,0.0
2026-08-03 14:00:00,24.0,92,960.5,17.6,200,0.0
2026-08-03 15:00:00,23.5,91,961.6,17.3,194,0.0
2026-08-03 16:00:00,22.9,93,962.2,16.5,198,0.0
2026-08-03 17:00:00,23.2,90,962.8,11.9,203,0.0
2026-08-03 18:00:00,23.7,88,962.4,13.0,194,0.0
2026-08-03 19:00:00,23.4,89,962.0,11.5,203,0.0
2026-08-03 20:00:00,23.2,91,961.8,10.7,196,0.3
2026-08-03 21:00:00,22.6,95,961.3,12.6,199,0.2
2026-08-03 22:00:00,22.4,96,961.0,10.4,206,0.2
2026-08-03 23:00:00,22.4,96,960.8,9.0,200,0.1
2026-08-04 00:00:00,22.3,96,960.6,11.1,197,0.2
2026-08-04 01:00:00,22.3,95,960.8,9.4,193,0.0
2026-08-04 02:00:00,23.1,90,961.3,10.5,199,0.0
2026-08-04 03:00:00,24.8,82,962.1,11.2,192,0.0
2026-08-04 04:00:00,27.0,71,962.7,11.0,208,0.0
2026-08-04 05:00:00,29.7,61,962.9,10.6,214,0.0
2026-08-04 06:00:00,30.1,58,962.6,11.3,193,1.1
2026-08-04 07:00:00,29.0,67,961.8,13.6,195,3.2
2026-08-04 08:00:00,28.1,70,961.7,16.4,199,5.2
2026-08-04 09:00:00,27.0,77,960.4,15.2,203,3.3
2026-08-04 10:00:00,28.5,68,959.9,16.7,214,1.4
2026-08-04 11:00:00,28.3,68,959.8,18.2,216,0.2
2026-08-04 12:00:00,25.6,87,960.1,16.6,206,0.2
2026-08-04 13:00:00,24.3,90,960.4,15.9,200,0.1
2026-08-04 14:00:00,23.4,93,961.2,15.0,203,0.1
2026-08-04 15:00:00,23.2,92,962.0,14.8,202,0.0
2026-08-04 16:00:00,23.4,90,962.5,10.3,203,0.0
2026-08-04 17:00:00,23.0,94,962.9,11.3,200,0.3
2026-08-04 18:00:00,23.3,92,962.3,11.1,192,0.1
2026-08-04 19:00:00,22.8,95,961.9,10.0,194,0.0
2026-08-04 20:00:00,22.5,96,961.3,10.0,198,0.0
2026-08-04 21:00:00,22.5,96,960.5,11.3,207,0.0
2026-08-04 22:00:00,22.4,96,960.3,12.6,207,0.0
2026-08-04 23:00:00,22.3,96,960.5,12.5,210,0.0
2026-08-05 00:00:00,22.4,96,960.3,13.6,198,0.0
2026-08-05 01:00:00,22.4,96,961.0,11.7,197,0.0
2026-08-05 02:00:00,23.0,93,961.7,12.3,203,0.0
2026-08-05 03:00:00,23.8,88,962.0,14.3,201,0.0
2026-08-05 04:00:00,25.9,78,962.5,12.5,201,0.2
2026-08-05 05:00:00,27.1,70,962.3,13.4,207,0.4
2026-08-05 06:00:00,27.7,68,961.6,14.1,207,1.0
2026-08-05 07:00:00,29.9,58,961.0,14.2,219,1.0
2026-08-05 08:00:00,29.5,60,960.2,17.1,222,1.2
2026-08-05 09:00:00,29.3,63,959.4,17.9,220,0.1
2026-08-05 10:00:00,28.8,65,958.8,17.2,215,0.0
2026-08-05 11:00:00,27.8,69,958.4,16.9,215,0.0
2026-08-05 12:00:00,27.7,69,958.5,18.1,213,0.0
2026-08-05 13:00:00,26.2,77,959.1,15.8,206,0.0
2026-08-05 14:00:00,25.3,82,960.1,14.0,202,0.0
2026-08-05 15:00:00,24.8,85,960.7,13.7,198,0.0
2026-08-05 16:00:00,24.3,89,961.2,12.3,191,0.0
2026-08-05 17:00:00,23.8,92,961.5,13.8,200,0.0
2026-08-05 18:00:00,23.9,92,961.4,15.1,205,0.0
2026-08-05 19:00:00,23.6,94,960.8,11.3,202,0.0
2026-08-05 20:00:00,23.6,94,960.4,9.7,205,0.0
2026-08-05 21:00:00,23.4,94,960.0,10.0,195,0.0
2026-08-05 22:00:00,22.9,96,959.6,10.2,194,0.0
2026-08-05 23:00:00,22.8,96,960.0,8.6,191,0.0
2026-08-06 00:00:00,23.1,96,959.6,9.9,192,0.0
2026-08-06 01:00:00,23.0,96,960.2,8.7,201,0.0
2026-08-06 02:00:00,23.8,90,960.8,10.0,201,0.0
2026-08-06 03:00:00,24.8,85,961.2,13.5,194,0.0
2026-08-06 04:00:00,25.8,81,961.5,16.6,207,0.0
2026-08-06 05:00:00,27.4,72,961.4,16.0,214,0.0
2026-08-06 06:00:00,28.4,67,961.1,18.4,209,0.5
2026-08-06 07:00:00,29.0,59,960.6,20.4,223,0.2
2026-08-06 08:00:00,29.1,65,960.3,21.0,222,1.9
2026-08-06 09:00:00,29.1,61,959.3,22.1,233,0.0
2026-08-06 10:00:00,28.4,66,958.8,21.9,223,0.0
2026-08-06 11:00:00,25.9,81,958.6,21.3,212,0.0
2026-08-06 12:00:00,26.3,78,958.9,18.0,215,0.0
2026-08-06 13:00:00,24.6,87,959.7,19.5,212,0.0
2026-08-06 14:00:00,23.3,92,960.3,16.9,201,0.0
2026-08-06 15:00:00,22.9,94,960.8,16.2,201,0.0
2026-08-06 16:00:00,23.0,95,961.0,14.8,206,0.0
2026-08-06 17:00:00,22.9,94,961.7,16.5,204,0.0
2026-08-06 18:00:00,23.0,93,961.0,16.0,197,0.0
2026-08-06 19:00:00,22.5,96,960.3,15.9,205,0.0
2026-08-06 20:00:00,22.5,95,959.9,16.4,211,0.0
2026-08-06 21:00:00,22.0,96,959.4,16.3,206,0.0
2026-08-06 22:00:00,22.1,95,959.4,12.6,205,0.0
2026-08-06 23:00:00,22.0,96,959.5,12.6,209,0.0
2026-08-07 00:00:00,22.7,95,959.0,15.8,206,0.0
2026-08-07 01:00:00,22.6,96,959.5,14.3,204,0.1
2026-08-07 02:00:00,22.9,95,960.4,15.9,208,0.1
2026-08-07 03:00:00,23.3,95,960.9,17.7,205,0.4
2026-08-07 04:00:00,24.2,92,961.0,16.4,205,0.2
2026-08-07 05:00:00,25.1,87,961.6,17.0,204,0.0
2026-08-07 06:00:00,25.4,85,961.0,19.2,212,1.4
2026-08-07 07:00:00,27.3,74,960.4,18.4,221,0.0
2026-08-07 08:00:00,26.9,75,959.9,18.7,216,0.0
2026-08-07 09:00:00,26.0,80,959.0,17.8,213,0.0
2026-08-07 10:00:00,26.7,74,958.7,19.2,214,0.0
2026-08-07 11:00:00,26.5,75,958.2,18.3,211,0.0
2026-08-07 12:00:00,25.0,84,958.8,16.2,204,0.1
2026-08-07 13:00:00,23.9,90,959.8,14.1,199,0.0
2026-08-07 14:00:00,23.1,95,960.0,12.9,200,0.1
2026-08-07 15:00:00,22.9,96,961.0,12.6,202,0.0
2026-08-07 16:00:00,22.9,95,961.3,12.7,210,0.0
2026-08-07 17:00:00,22.8,96,961.4,12.6,204,0.0
2026-08-07 18:00:00,22.5,97,961.2,13.5,189,0.0
2026-08-07 19:00:00,22.3,97,960.4,12.0,201,0.0
2026-08-07 20:00:00,22.1,97,959.5,13.2,202,0.0
2026-08-07 21:00:00,21.8,99,958.8,12.6,197,0.0
2026-08-07 22:00:00,21.8,99,958.7,11.8,199,0.0
2026-08-07 23:00:00,21.9,98,959.1,11.3,205,0.0
2026-08-08 00:00:00,22.4,98,959.1,11.6,196,0.0
2026-08-08 01:00:00,21.8,97,959.7,12.1,201,0.0
2026-08-08 02:00:00,22.0,95,959.9,12.4,199,0.0
2026-08-08 03:00:00,23.4,88,960.8,14.6,200,0.0
2026-08-08 04:00:00,24.8,83,961.7,14.6,207,0.0
2026-08-08 05:00:00,27.4,71,961.6,13.6,220,0.0
2026-08-08 06:00:00,28.4,67,960.8,13.0,205,0.0
2026-08-08 07:00:00,28.8,67,960.1,17.3,207,1.3
2026-08-08 08:00:00,28.7,67,960.1,21.5,210,1.0
2026-08-08 09:00:00,27.7,71,959.5,22.2,220,0.7
2026-08-08 10:00:00,27.2,73,958.7,20.7,218,0.0
2026-08-08 11:00:00,26.8,75,958.4,21.7,214,0.0
2026-08-08 12:00:00,26.5,80,958.8,17.8,204,0.0
2026-08-08 13:00:00,24.8,89,959.7,16.9,201,0.0
2026-08-08 14:00:00,23.6,93,960.2,15.3,198,0.0
2026-08-08 15:00:00,23.0,95,961.1,15.0,201,0.0
2026-08-08 16:00:00,22.8,96,962.1,12.3,202,0.0
2026-08-08 17:00:00,22.7,96,962.1,10.6,199,0.0
2026-08-08 18:00:00,23.8,93,961.5,11.2,208,0.0
2026-08-08 19:00:00,23.3,94,960.9,11.3,209,0.0
2026-08-08 20:00:00,22.8,96,960.3,11.7,205,0.0
2026-08-08 21:00:00,22.5,96,959.9,10.8,201,0.0
2026-08-08 22:00:00,22.4,97,959.7,9.5,201,0.0
2026-08-08 23:00:00,22.3,98,959.9,7.9,201,0.0
2026-08-09 00:00:00,22.7,97,960.2,9.5,199,0.0
2026-08-09 01:00:00,22.6,96,960.4,8.7,207,0.0
2026-08-09 02:00:00,23.5,91,961.1,10.8,201,0.0
2026-08-09 03:00:00,25.0,84,961.7,12.2,196,0.0
2026-08-09 04:00:00,27.2,73,962.4,11.8,204,0.0
2026-08-09 05:00:00,28.8,67,962.1,13.4,200,0.0
2026-08-09 06:00:00,29.8,61,961.7,15.8,195,0.6
2026-08-09 07:00:00,29.6,61,961.1,18.5,205,1.5
2026-08-09 08:00:00,29.9,58,960.8,16.1,217,1.1
2026-08-09 09:00:00,30.2,58,959.7,18.1,220,2.1
2026-08-09 10:00:00,29.3,65,959.2,18.4,217,0.5
2026-08-09 11:00:00,28.7,67,958.9,19.1,215,0.0
2026-08-09 12:00:00,27.5,72,959.5,19.1,209,0.0
2026-08-09 13:00:00,26.1,78,959.9,18.0,206,0.0
2026-08-09 14:00:00,25.2,83,960.7,17.3,201,0.0
2026-08-09 15:00:00,24.4,87,961.5,16.9,194,0.0
2026-08-09 16:00:00,24.0,90,962.1,15.2,190,0.0
2026-08-09 17:00:00,23.6,94,962.3,13.1,192,0.0
2026-08-09 18:00:00,23.5,93,962.0,11.9,195,0.0
2026-08-09 19:00:00,23.3,94,961.7,11.1,202,0.0
2026-08-09 20:00:00,23.4,94,961.1,6.3,215,0.0
2026-08-09 21:00:00,23.1,95,960.6,8.0,203,0.0
2026-08-09 22:00:00,22.8,96,960.2,8.2,203,0.0
2026-08-09 23:00:00,22.7,96,960.0,8.1,198,0.0
2026-08-10 00:00:00,22.9,96,960.3,8.6,192,0.0
2026-08-10 01:00:00,22.9,96,960.7,6.7,200,0.0
2026-08-10 02:00:00,23.6,92,961.4,9.2,197,0.0
2026-08-10 03:00:00,25.3,83,962.0,11.0,199,0.0
2026-08-10 04:00:00,27.2,74,962.3,11.9,203,0.0
2026-08-10 05:00:00,28.7,66,961.7,14.2,202,0.1
2026-08-10 06:00:00,29.7,61,961.4,14.5,194,0.7
2026-08-10 07:00:00,29.8,61,960.4,15.4,198,0.7
2026-08-10 08:00:00,29.4,65,959.9,20.0,216,0.9
2026-08-10 09:00:00,28.6,72,959.0,17.7,215,1.7
2026-08-10 10:00:00,29.5,66,958.3,19.7,218,0.1
2026-08-10 11:00:00,28.9,66,957.9,19.7,219,0.0
2026-08-10 12:00:00,27.9,70,958.4,18.3,210,0.0
2026-08-10 13:00:00,26.6,76,958.9,17.1,209,0.0
2026-08-10 14:00:00,25.7,81,959.8,15.9,205,0.0
2026-08-10 15:00:00,25.2,83,960.4,13.9,204,0.0
2026-08-10 16:00:00,24.5,89,961.0,15.2,204,0.0
2026-08-10 17:00:00,24.2,91,961.5,13.2,208,0.0
2026-08-10 18:00:00,24.3,90,961.4,12.1,205,0.0
2026-08-10 19:00:00,23.9,92,961.0,10.4,203,0.0
2026-08-10 20:00:00,23.6,93,960.5,9.4,200,0.0
2026-08-10 21:00:00,23.3,94,959.9,8.5,201,0.0
2026-08-10 22:00:00,23.1,95,959.2,6.9,205,0.0
2026-08-10 23:00:00,23.0,96,959.1,6.8,198,0.0
2026-08-11 00:00:00,23.4,96,959.1,8.5,192,0.0
2026-08-11 01:00:00,23.3,96,959.8,7.5,197,0.0
2026-08-11 02:00:00,24.2,91,960.6,8.4,199,0.0
2026-08-11 03:00:00,25.7,83,961.1,8.6,200,0.0
2026-08-11 04:00:00,27.6,74,961.4,11.5,194,0.0
2026-08-11 05:00:00,28.9,68,961.3,14.5,192,0.0
2026-08-11 06:00:00,29.9,59,960.9,15.0,187,0.9
2026-08-11 07:00:00,30.5,59,960.4,15.0,201,0.9
2026-08-11 08:00:00,29.8,64,959.2,17.9,202,1.8
2026-08-11 09:00:00,29.8,64,958.5,19.6,216,1.0
2026-08-11 10:00:00,29.8,64,958.0,19.9,217,0.3
2026-08-11 11:00:00,29.1,66,957.9,19.3,214,0.0
2026-08-11 12:00:00,27.9,69,958.1,19.1,206,0.0
2026-08-11 13:00:00,26.6,75,958.9,18.8,209,0.0
2026-08-11 14:00:00,25.7,80,959.8,18.3,210,0.0
2026-08-11 15:00:00,25.2,82,960.7,17.6,206,0.0
2026-08-11 16:00:00,24.3,87,961.3,15.6,196,0.0
2026-08-11 17:00:00,23.8,90,961.8,16.4,203,0.0
2026-08-11 18:00:00,23.6,92,961.5,13.6,197,0.0
2026-08-11 19:00:00,23.2,93,961.3,11.4,205,0.0
2026-08-11 20:00:00,23.0,94,960.7,9.2,197,0.0
2026-08-11 21:00:00,22.8,94,960.0,9.8,200,0.0
2026-08-11 22:00:00,22.8,94,959.4,10.7,207,0.0
2026-08-11 23:00:00,22.7,95,959.5,12.3,209,0.0
2026-08-12 00:00:00,23.1,94,959.6,7.0,192,0.0
2026-08-12 01:00:00,22.9,94,960.2,4.8,195,0.0
2026-08-12 02:00:00,24.3,87,961.3,6.7,204,0.0
2026-08-12 03:00:00,26.2,79,962.2,8.0,211,0.0
2026-08-12 04:00:00,28.3,69,962.1,9.7,208,0.0
2026-08-12 05:00:00,29.4,64,962.3,13.3,205,0.0
2026-08-12 06:00:00,30.4,57,961.9,14.7,200,1.6
2026-08-12 07:00:00,30.5,58,961.4,17.5,215,2.2
2026-08-12 08:00:00,31.3,51,960.7,19.8,215,0.3
2026-08-12 09:00:00,30.6,58,960.1,20.2,215,1.1
2026-08-12 10:00:00,30.3,60,959.8,21.0,217,0.1
2026-08-12 11:00:00,29.0,64,959.6,20.7,221,0.0
2026-08-12 12:00:00,28.1,69,960.1,20.5,214,0.0
2026-08-12 13:00:00,26.4,78,960.9,20.7,210,0.0
2026-08-12 14:00:00,25.2,84,961.7,18.6,207,0.0
2026-08-12 15:00:00,25.1,85,962.8,17.0,207,0.0
2026-08-12 16:00:00,24.7,87,963.6,17.1,205,0.0
2026-08-12 17:00:00,24.1,91,963.8,16.4,205,0.0
2026-08-12 18:00:00,24.1,89,963.5,15.8,207,0.0
2026-08-12 19:00:00,23.7,91,962.8,14.7,211,0.0
2026-08-12 20:00:00,23.1,95,962.3,13.3,201,0.0
2026-08-12 21:00:00,23.0,95,961.6,12.9,199,0.0
2026-08-12 22:00:00,23.0,94,961.4,11.6,206,0.0
2026-08-12 23:00:00,23.1,94,961.6,10.5,209,0.0
2026-08-13 00:00:00,23.3,96,961.5,9.9,201,0.0
2026-08-13 01:00:00,23.2,95,962.0,11.4,217,0.0
2026-08-13 02:00:00,23.8,90,963.0,12.2,205,0.0
2026-08-13 03:00:00,25.2,83,963.7,13.4,209,0.0
2026-08-13 04:00:00,27.2,73,964.0,13.4,212,0.0
2026-08-13 05:00:00,28.9,63,964.1,14.0,216,0.1
2026-08-13 06:00:00,30.2,55,963.6,16.3,222,1.3
2026-08-13 07:00:00,30.2,59,962.7,17.6,214,0.6
2026-08-13 08:00:00,29.8,61,961.9,19.1,214,0.9
2026-08-13 09:00:00,29.3,63,961.1,20.9,215,0.8
2026-08-13 10:00:00,28.9,67,960.8,19.7,216,0.4
2026-08-13 11:00:00,28.5,68,960.7,18.6,219,0.0
2026-08-13 12:00:00,27.1,73,961.0,22.4,214,0.0
2026-08-13 13:00:00,25.6,81,961.8,19.0,206,0.0
2026-08-13 14:00:00,24.5,86,962.4,16.5,196,0.0
2026-08-13 15:00:00,23.8,92,963.4,14.8,196,0.3
2026-08-13 16:00:00,23.7,93,963.4,12.6,193,0.0
2026-08-13 17:00:00,23.6,93,963.6,11.5,200,0.0
2026-08-13 18:00:00,23.3,93,963.8,13.4,194,0.0
2026-08-13 19:00:00,23.2,93,963.2,11.9,210,0.0
2026-08-13 20:00:00,23.3,92,962.7,11.5,209,0.0
2026-08-13 21:00:00,23.1,94,962.2,11.3,200,0.0
2026-08-13 22:00:00,22.8,95,961.7,9.4,198,0.0
2026-08-13 23:00:00,22.8,94,961.7,8.9,198,0.0
2026-08-14 00:00:00,23.2,92,961.7,11.0,204,0.0
2026-08-14 01:00:00,23.1,92,962.2,9.0,213,0.0
2026-08-14 02:00:00,24.0,88,963.2,9.4,204,0.0
2026-08-14 03:00:00,25.2,82,963.5,12.2,197,0.0
2026-08-14 04:00:00,27.5,71,963.7,12.1,203,0.0
2026-08-14 05:00:00,29.3,61,963.5,14.2,202,0.0
2026-08-14 06:00:00,29.0,61,962.8,14.3,205,1.4
2026-08-14 07:00:00,30.3,58,962.4,18.0,217,1.4
2026-08-14 08:00:00,29.9,59,961.8,18.1,223,1.4
2026-08-14 09:00:00,29.5,64,961.4,17.8,220,0.5
2026-08-14 10:00:00,29.4,61,961.0,18.3,220,0.2
2026-08-14 11:00:00,28.3,67,960.5,19.5,221,0.3
2026-08-14 12:00:00,26.6,78,960.7,18.2,210,0.0
2026-08-14 13:00:00,25.2,85,961.2,15.9,211,0.0
2026-08-14 14:00:00,24.6,89,962.0,14.8,202,0.0
2026-08-14 15:00:00,24.2,91,962.6,14.8,193,0.0
2026-08-14 16:00:00,23.5,94,963.0,13.8,191,0.0
2026-08-14 17:00:00,23.2,94,963.6,12.2,193,0.0
2026-08-14 18:00:00,23.5,92,963.0,13.9,200,0.0
2026-08-14 19:00:00,23.0,94,962.8,12.3,207,0.0
2026-08-14 20:00:00,22.5,98,962.4,12.7,203,0.3
2026-08-14 21:00:00,22.5,97,961.9,12.9,205,0.1
2026-08-14 22:00:00,22.7,95,961.9,9.9,205,0.0
2026-08-14 23:00:00,22.7,95,962.2,9.2,211,0.0
2026-08-15 00:00:00,22.7,97,962.1,10.3,202,0.0
2026-08-15 01:00:00,22.5,97,962.4,10.8,212,0.0
2026-08-15 02:00:00,23.5,91,963.0,12.6,208,0.0
2026-08-15 03:00:00,24.9,83,963.5,14.1,203,0.0
2026-08-15 04:00:00,27.1,72,963.9,15.1,211,0.0
2026-08-15 05:00:00,28.5,65,963.8,18.2,211,0.0
2026-08-15 06:00:00,29.3,61,963.4,20.1,212,0.0
2026-08-15 07:00:00,30.3,57,962.7,22.5,220,0.0
2026-08-15 08:00:00,30.6,56,962.0,23.0,221,0.0
2026-08-15 09:00:00,30.0,59,961.2,24.6,219,0.0
2026-08-15 10:00:00,29.5,61,960.4,24.2,220,0.0
2026-08-15 11:00:00,28.2,64,960.2,23.0,221,0.0
2026-08-15 12:00:00,27.2,72,960.9,21.8,213,0.0
2026-08-15 13:00:00,25.6,78,961.2,19.5,209,0.0
2026-08-15 14:00:00,25.1,80,961.9,17.9,208,0.0
2026-08-15 15:00:00,24.5,84,962.6,16.7,196,0.0
2026-08-15 16:00:00,23.7,90,963.1,15.5,195,0.0
2026-08-15 17:00:00,23.7,89,963.3,14.4,204,0.0
2026-08-15 18:00:00,23.5,90,962.9,14.2,201,0.0
2026-08-15 19:00:00,23.0,89,962.6,15.8,212,0.0
2026-08-15 20:00:00,22.7,89,962.0,13.0,213,0.0
2026-08-15 21:00:00,22.4,93,961.3,12.1,200,0.0
2026-08-15 22:00:00,22.4,94,961.1,12.5,207,0.0
2026-08-15 23:00:00,22.2,96,961.2,11.3,207,0.0
2026-08-16 00:00:00,22.6,95,961.4,11.2,208,0.0
2026-08-16 01:00:00,22.7,94,961.7,10.0,218,0.0
2026-08-16 02:00:00,23.8,89,962.5,11.4,211,0.0
2026-08-16 03:00:00,25.9,78,963.1,13.4,202,0.0
2026-08-16 04:00:00,27.9,68,963.2,14.6,209,0.0
2026-08-16 05:00:00,29.7,61,963.0,16.2,211,0.0
2026-08-16 06:00:00,30.8,55,962.6,18.2,207,0.0
2026-08-16 07:00:00,31.5,52,961.7,21.0,214,0.0
2026-08-16 08:00:00,32.0,49,961.1,22.6,220,0.0
2026-08-16 09:00:00,31.7,51,960.3,22.2,218,0.0
2026-08-16 10:00:00,31.2,54,960.1,23.1,219,0.0
2026-08-16 11:00:00,29.7,60,960.1,23.9,216,0.0
2026-08-16 12:00:00,28.5,64,960.5,22.7,219,0.0
2026-08-16 13:00:00,26.7,71,961.2,20.4,217,0.0
2026-08-16 14:00:00,25.8,78,961.8,19.8,214,0.0
2026-08-16 15:00:00,25.0,84,962.6,19.0,210,0.0
2026-08-16 16:00:00,24.3,89,963.2,17.4,208,0.0
2026-08-16 17:00:00,23.9,92,963.7,16.5,204,0.0
2026-08-16 18:00:00,23.7,91,963.4,14.9,203,0.0
2026-08-16 19:00:00,23.4,92,962.9,14.3,214,0.0
2026-08-16 20:00:00,23.2,94,962.5,13.8,208,0.0
2026-08-16 21:00:00,22.9,95,962.0,12.9,201,0.0
2026-08-16 22:00:00,22.8,95,961.8,13.4,200,0.0
2026-08-16 23:00:00,22.9,93,962.1,11.6,202,0.0
2026-08-17 00:00:00,23.2,92,962.1,11.6,206,0.0
2026-08-17 01:00:00,23.0,94,962.5,10.0,219,0.0
2026-08-17 02:00:00,23.9,89,963.2,9.4,212,0.0
2026-08-17 03:00:00,24.6,85,963.7,11.5,203,0.0
2026-08-17 04:00:00,26.0,77,964.1,13.7,213,0.0
2026-08-17 05:00:00,27.8,69,964.1,14.8,214,0.0
2026-08-17 06:00:00,30.4,54,963.9,15.7,217,0.0
2026-08-17 07:00:00,30.1,56,963.5,19.1,221,0.0
2026-08-17 08:00:00,30.0,57,963.0,20.2,219,0.0
2026-08-17 09:00:00,29.1,60,961.9,21.9,217,0.0
2026-08-17 10:00:00,29.5,58,961.4,19.7,218,0.0
2026-08-17 11:00:00,28.4,64,961.2,20.8,214,0.0
2026-08-17 12:00:00,28.7,62,961.8,21.9,210,0.0
2026-08-17 13:00:00,26.7,72,962.3,19.2,209,0.0
2026-08-17 14:00:00,25.8,78,962.6,17.9,206,0.0
2026-08-17 15:00:00,25.3,80,963.5,16.7,200,0.0
2026-08-17 16:00:00,24.6,85,964.2,15.2,194,0.0
2026-08-17 17:00:00,24.2,88,964.6,12.3,203,0.0
2026-08-17 18:00:00,24.1,86,964.3,10.8,206,0.0
2026-08-17 19:00:00,23.7,88,963.9,10.2,211,0.0
2026-08-17 20:00:00,23.3,91,963.8,9.7,205,0.0
2026-08-17 21:00:00,23.0,92,963.2,11.0,204,0.0
2026-08-17 22:00:00,22.8,93,963.0,11.5,205,0.0
2026-08-17 23:00:00,22.6,94,963.0,10.2,206,0.0
2026-08-18 00:00:00,23.0,92,963.2,9.6,201,0.0
2026-08-18 01:00:00,22.8,93,963.6,8.9,209,0.0
2026-08-18 02:00:00,24.2,84,964.2,9.7,208,0.0
2026-08-18 03:00:00,26.5,71,965.0,11.7,201,0.0
2026-08-18 04:00:00,28.8,61,965.4,12.5,205,0.0
2026-08-18 05:00:00,30.1,54,965.1,15.3,210,0.9
2026-08-18 06:00:00,30.7,52,964.3,15.7,210,2.4
2026-08-18 07:00:00,30.9,51,964.0,15.7,214,2.6
2026-08-18 08:00:00,30.4,57,963.2,18.4,221,1.6
2026-08-18 09:00:00,31.0,54,962.3,18.9,222,0.2
2026-08-18 10:00:00,30.3,56,961.4,17.9,220,0.2
2026-08-18 11:00:00,29.3,63,961.3,18.1,212,0.0
2026-08-18 12:00:00,28.6,64,961.3,18.0,216,0.0
2026-08-18 13:00:00,27.0,71,961.9,16.1,211,0.0
2026-08-18 14:00:00,26.0,76,962.6,15.2,213,0.0
2026-08-18 15:00:00,24.9,82,963.2,14.8,210,0.3
2026-08-18 16:00:00,24.1,91,963.6,15.8,212,0.8
2026-08-18 17:00:00,23.4,94,964.1,16.0,211,1.2
2026-08-18 18:00:00,23.1,96,963.9,14.6,202,1.4
2026-08-18 19:00:00,22.8,96,963.4,11.2,206,0.1
2026-08-18 20:00:00,22.7,97,962.9,10.8,208,0.1
2026-08-18 21:00:00,22.8,97,962.6,8.8,208,0.2
2026-08-18 22:00:00,22.8,98,962.1,8.7,207,0.3
2026-08-18 23:00:00,22.7,98,962.3,9.5,201,0.0
2026-08-19 00:00:00,23.2,98,962.4,10.7,209,0.0
2026-08-19 01:00:00,23.0,97,962.8,8.3,200,0.0
2026-08-19 02:00:00,23.8,92,963.4,8.4,200,0.0
2026-08-19 03:00:00,25.8,80,963.8,11.4,195,0.0
2026-08-19 04:00:00,27.6,71,964.2,13.5,194,0.0
2026-08-19 05:00:00,29.8,59,964.4,15.5,195,0.0
2026-08-19 06:00:00,29.9,59,963.7,14.9,192,0.9
2026-08-19 07:00:00,30.8,58,963.4,13.1,189,1.7
2026-08-19 08:00:00,28.8,67,962.3,17.5,208,1.8
2026-08-19 09:00:00,30.4,63,961.6,13.9,211,1.6
2026-08-19 10:00:00,28.7,71,961.3,15.3,216,3.7
2026-08-19 11:00:00,28.1,71,961.2,15.7,210,0.9
2026-08-19 12:00:00,28.2,69,961.6,15.6,207,0.1
2026-08-19 13:00:00,27.0,73,962.2,14.6,210,0.0
2026-08-19 14:00:00,26.1,77,962.8,12.1,217,0.0
2026-08-19 15:00:00,25.5,82,963.1,12.6,207,0.0
2026-08-19 16:00:00,24.9,85,963.7,13.4,206,0.0
2026-08-19 17:00:00,24.5,89,964.2,12.6,211,0.1
2026-08-19 18:00:00,24.4,90,963.9,13.0,204,0.4
2026-08-19 19:00:00,23.8,92,963.5,12.7,207,0.1
2026-08-19 20:00:00,23.4,96,963.0,11.0,210,0.4
2026-08-19 21:00:00,23.1,98,962.5,10.7,209,0.5
2026-08-19 22:00:00,23.1,98,962.2,8.5,208,0.3
2026-08-19 23:00:00,23.0,98,962.4,7.9,196,0.0
2026-08-20 00:00:00,23.2,98,962.5,10.5,207,0.2
2026-08-20 01:00:00,23.3,98,962.4,8.5,201,0.5
2026-08-20 02:00:00,23.9,97,963.2,7.0,192,0.3
2026-08-20 03:00:00,25.5,87,964.2,9.4,192,0.2
2026-08-20 04:00:00,27.4,75,964.4,11.3,193,0.0
2026-08-20 05:00:00,29.1,62,964.1,13.4,195,0.2
2026-08-20 06:00:00,29.5,61,963.6,15.2,196,1.7
2026-08-20 07:00:00,29.8,61,962.9,13.0,211,1.5
2026-08-20 08:00:00,29.5,63,961.9,14.4,213,0.2
2026-08-20 09:00:00,28.4,73,961.1,13.7,214,4.1
2026-08-20 10:00:00,27.8,74,960.9,13.2,215,1.5
2026-08-20 11:00:00,27.8,73,960.8,15.4,212,0.7
2026-08-20 12:00:00,26.9,78,961.0,16.3,207,0.1
2026-08-20 13:00:00,25.0,88,961.6,17.0,201,2.4
2026-08-20 14:00:00,24.4,89,962.6,14.5,202,0.4
2026-08-20 15:00:00,24.0,92,963.0,13.0,197,0.8
2026-08-20 16:00:00,24.0,92,963.8,12.1,191,0.2
2026-08-20 17:00:00,24.0,91,964.0,10.0,206,0.0
2026-08-20 18:00:00,24.0,91,963.8,11.0,203,0.0
2026-08-20 19:00:00,23.8,92,962.9,11.3,211,0.0
2026-08-20 20:00:00,23.3,94,962.1,11.0,208,0.0
2026-08-20 21:00:00,23.0,95,961.6,11.1,212,0.0
2026-08-20 22:00:00,23.1,94,961.1,10.7,215,0.0
2026-08-20 23:00:00,23.0,94,961.1,10.4,210,0.0
2026-08-21 00:00:00,22.8,94,961.5,10.8,210,0.0
2026-08-21 01:00:00,22.7,95,961.9,8.1,208,0.0
2026-08-21 02:00:00,23.7,90,962.8,8.5,207,0.0
2026-08-21 03:00:00,25.3,81,963.5,11.0,195,0.0
2026-08-21 04:00:00,27.0,72,964.0,14.2,200,0.0
2026-08-21 05:00:00,28.5,63,963.5,15.0,214,0.0
2026-08-21 06:00:00,29.4,58,963.3,16.5,205,0.1
2026-08-21 07:00:00,30.0,55,962.6,18.5,209,0.1
2026-08-21 08:00:00,30.6,53,961.7,18.7,213,0.1
2026-08-21 09:00:00,30.3,54,960.9,20.5,218,0.1
2026-08-21 10:00:00,30.0,55,960.5,22.0,220,0.0
2026-08-21 11:00:00,28.8,60,960.6,21.1,217,0.0
2026-08-21 12:00:00,27.6,66,961.1,19.9,214,0.0
2026-08-21 13:00:00,25.9,74,961.7,19.8,211,0.0
2026-08-21 14:00:00,24.9,80,962.5,19.4,206,0.0
2026-08-21 15:00:00,24.4,83,963.1,19.7,205,0.0
2026-08-21 16:00:00,24.1,84,963.6,18.4,207,0.0
2026-08-21 17:00:00,23.8,85,963.9,17.3,210,0.0
2026-08-21 18:00:00,23.6,88,963.4,14.7,211,0.0
2026-08-21 19:00:00,23.1,90,962.6,13.4,217,0.0
2026-08-21 20:00:00,22.7,94,961.8,11.5,210,0.0
2026-08-21 21:00:00,22.3,96,961.3,11.9,211,0.0
2026-08-21 22:00:00,22.6,94,961.1,14.6,212,0.0
2026-08-21 23:00:00,22.7,93,961.2,16.8,208,0.0
2026-08-22 00:00:00,22.9,91,961.6,17.1,207,0.0
2026-08-22 01:00:00,22.5,92,961.8,15.1,206,0.0
2026-08-22 02:00:00,24.1,84,962.5,15.6,199,0.0
2026-08-22 03:00:00,25.3,78,963.1,19.4,202,0.0
2026-08-22 04:00:00,27.0,71,963.5,19.2,224,0.0
2026-08-22 05:00:00,28.3,66,963.3,16.2,220,0.0
2026-08-22 06:00:00,30.2,54,962.7,17.7,218,0.0
2026-08-22 07:00:00,29.8,60,961.9,17.9,218,0.3
2026-08-22 08:00:00,29.3,62,961.3,20.6,212,0.1
2026-08-22 09:00:00,28.3,67,960.5,19.4,211,0.1
2026-08-22 10:00:00,28.7,63,960.0,18.7,218,0.1
2026-08-22 11:00:00,26.7,74,959.9,21.2,213,0.1
2026-08-22 12:00:00,27.8,68,960.4,19.2,210,0.0
2026-08-22 13:00:00,26.3,76,961.1,17.8,210,0.0
2026-08-22 14:00:00,25.2,81,961.8,15.7,210,0.0
2026-08-22 15:00:00,24.5,85,962.5,14.4,204,0.0
2026-08-22 16:00:00,23.9,89,963.1,14.1,199,0.0
2026-08-22 17:00:00,23.3,94,963.3,13.8,204,0.0
2026-08-22 18:00:00,23.6,93,962.9,14.2,206,0.0
2026-08-22 19:00:00,23.4,92,962.3,12.8,214,0.0
2026-08-22 20:00:00,23.4,93,961.8,11.6,204,0.0
2026-08-22 21:00:00,22.8,95,960.9,12.1,203,0.0
2026-08-22 22:00:00,22.6,95,960.7,12.4,199,0.0
2026-08-22 23:00:00,22.5,95,960.9,11.8,196,0.0
2026-08-23 00:00:00,23.6,93,961.0,10.9,200,0.0
2026-08-23 01:00:00,23.3,93,961.4,12.5,205,0.0
2026-08-23 02:00:00,23.9,88,962.4,13.8,202,0.0
2026-08-23 03:00:00,25.5,79,963.1,14.6,206,0.0
2026-08-23 04:00:00,27.7,69,963.2,14.7,213,0.0
2026-08-23 05:00:00,29.3,61,963.1,16.0,221,0.0
2026-08-23 06:00:00,30.7,56,962.5,16.6,216,0.0
2026-08-23 07:00:00,31.5,53,961.9,18.4,217,0.0
2026-08-23 08:00:00,31.0,56,961.1,22.1,217,0.0
2026-08-23 09:00:00,30.7,56,960.4,22.3,223,0.5
2026-08-23 10:00:00,30.5,55,959.9,22.1,226,0.0
2026-08-23 11:00:00,29.5,56,959.9,21.8,229,0.0
2026-08-23 12:00:00,28.4,63,960.3,20.4,221,0.0
2026-08-23 13:00:00,27.0,69,961.1,19.3,215,0.0
2026-08-23 14:00:00,26.0,75,961.7,17.7,199,0.0
2026-08-23 15:00:00,25.0,80,962.4,16.4,195,0.0
2026-08-23 16:00:00,24.7,82,963.0,15.8,201,0.0
2026-08-23 17:00:00,24.5,85,963.5,14.1,202,0.0
2026-08-23 18:00:00,24.9,82,962.9,15.9,208,0.0
2026-08-23 19:00:00,24.4,84,962.5,13.6,210,0.0
2026-08-23 20:00:00,24.0,87,961.8,14.6,206,0.0
2026-08-23 21:00:00,22.8,93,961.4,13.1,201,0.0
2026-08-23 22:00:00,22.5,95,961.1,13.0,206,0.0
2026-08-23 23:00:00,22.4,94,960.9,12.6,208,0.0
