timestamp,pm25,temperature,humidity,pressure,wind_speed,wind_direction,rainfall,hour,day_of_week,month,pm25_lag_1,pm25_lag_3,pm25_lag_6,pm25_lag_12,pm25_lag_24,pm25_lag_48,pm25_rolling_mean_6,pm25_rolling_mean_12,pm25_rolling_mean_24
2026-02-26 00:00:00,28.6,20.9,45,976.2,7.0,44,0.0,0,3,2,12.0,12.0,55.5,104.8,17.3,12.9,22.650000000000002,45.26666666666666,46.475
2026-02-26 01:00:00,18.0,20.9,44,976.8,7.6,34,0.0,1,3,2,28.6,18.2,22.6,61.5,12.0,16.6,18.166666666666668,38.916666666666664,46.94583333333333
2026-02-26 02:00:00,12.0,21.3,43,977.8,7.8,44,0.0,2,3,2,18.0,12.0,15.6,65.7,28.6,12.0,17.400000000000002,35.291666666666664,47.19583333333333
2026-02-26 03:00:00,12.0,23.4,37,978.6,5.6,45,0.0,3,3,2,12.0,28.6,12.0,43.6,19.1,38.7,16.8,30.816666666666666,46.50416666666666
2026-02-26 04:00:00,36.6,26.0,32,979.1,4.3,66,0.0,4,3,2,12.0,18.0,18.2,67.9,12.0,28.7,16.8,28.183333333333334,46.208333333333336
2026-02-26 05:00:00,44.7,28.4,27,978.8,4.6,101,0.0,5,3,2,36.6,12.0,12.0,63.8,40.8,27.0,19.866666666666664,25.575,47.23333333333333
2026-02-26 06:00:00,46.0,30.0,25,978.2,6.2,128,0.0,6,3,2,44.7,12.0,28.6,55.5,25.4,12.0,25.316666666666666,23.983333333333334,47.395833333333336
2026-02-26 07:00:00,79.1,31.3,23,977.0,3.3,151,0.0,7,3,2,46.0,36.6,18.0,22.6,61.5,86.3,28.21666666666667,23.191666666666666,48.25416666666666
2026-02-26 08:00:00,72.0,31.7,23,975.9,2.2,294,0.0,8,3,2,79.1,44.7,12.0,15.6,68.3,64.3,38.4,27.899999999999995,48.987500000000004
2026-02-26 09:00:00,71.6,32.1,21,974.9,6.3,309,0.0,9,3,2,72.0,46.0,12.0,12.0,103.4,59.5,48.4,32.6,49.14166666666667
2026-02-26 10:00:00,70.7,32.4,20,974.3,5.6,292,0.0,10,3,2,71.6,79.1,36.6,18.2,72.5,67.4,58.333333333333336,37.56666666666667,47.81666666666666
2026-02-26 11:00:00,67.8,32.3,20,973.8,7.1,240,0.0,11,3,2,70.7,72.0,44.7,12.0,111.3,80.7,64.01666666666667,41.94166666666666,47.74166666666667
2026-02-26 12:00:00,102.3,31.4,21,973.5,3.6,186,0.0,12,3,2,67.8,71.6,46.0,28.6,104.8,81.7,67.86666666666666,46.59166666666666,45.92916666666667
2026-02-26 13:00:00,51.7,29.0,26,973.2,13.6,172,0.0,13,3,2,102.3,70.7,79.1,18.0,61.5,70.1,77.25,52.73333333333333,45.824999999999996
2026-02-26 14:00:00,52.2,28.0,28,973.7,9.9,179,0.0,14,3,2,51.7,67.8,72.0,12.0,65.7,72.0,72.68333333333332,55.541666666666664,45.416666666666664
2026-02-26 15:00:00,88.2,26.9,32,974.4,4.5,209,0.0,15,3,2,52.2,102.3,71.6,12.0,43.6,69.7,69.38333333333334,58.89166666666666,44.854166666666664
2026-02-26 16:00:00,26.9,26.2,34,974.9,8.5,339,0.0,16,3,2,88.2,51.7,70.7,36.6,67.9,20.6,72.14999999999999,65.24166666666666,46.712500000000006
2026-02-26 17:00:00,33.6,26.2,33,974.6,8.5,336,0.0,17,3,2,26.9,52.2,67.8,44.7,63.8,66.7,64.85000000000001,64.43333333333334,45.00416666666666
2026-02-26 18:00:00,40.2,25.5,35,974.4,7.9,11,0.0,18,3,2,33.6,88.2,102.3,46.0,55.5,76.6,59.15,63.50833333333333,43.74583333333334
2026-02-26 19:00:00,43.6,24.2,35,974.0,3.5,9,0.0,19,3,2,40.2,26.9,51.7,79.1,22.6,37.8,48.800000000000004,63.025,43.10833333333333
2026-02-26 20:00:00,18.7,23.2,37,973.7,5.5,337,0.0,20,3,2,43.6,33.6,52.2,72.0,15.6,39.6,47.449999999999996,60.06666666666666,43.98333333333333
2026-02-26 21:00:00,26.7,22.8,37,973.0,6.1,19,0.0,21,3,2,18.7,40.2,88.2,71.6,12.0,18.2,41.86666666666667,55.625,44.112500000000004
2026-02-26 22:00:00,20.1,22.1,39,972.7,4.4,21,0.0,22,3,2,26.7,43.6,26.9,70.7,18.2,12.0,31.616666666666664,51.88333333333333,44.725
2026-02-26 23:00:00,12.0,21.6,40,972.8,5.8,16,0.0,23,3,2,20.1,18.7,33.6,67.8,12.0,20.4,30.483333333333334,47.666666666666664,44.80416666666667
2026-02-27 00:00:00,27.3,20.9,46,973.1,4.0,18,0.0,0,4,2,12.0,26.7,40.2,102.3,28.6,17.3,26.883333333333336,43.01666666666667,44.80416666666667
2026-02-27 01:00:00,12.0,20.8,46,974.0,4.9,17,0.0,1,4,2,27.3,20.1,43.6,51.7,18.0,12.0,24.733333333333334,36.766666666666666,44.75
2026-02-27 02:00:00,12.0,21.2,45,975.1,6.1,360,0.0,2,4,2,12.0,12.0,18.7,52.2,12.0,28.6,19.46666666666667,33.458333333333336,44.5
2026-02-27 03:00:00,46.1,23.6,38,976.5,3.2,27,0.0,3,4,2,12.0,27.3,26.7,88.2,12.0,19.1,18.35,30.108333333333334,44.5
2026-02-27 04:00:00,37.5,26.6,31,977.3,1.4,40,0.0,4,4,2,46.1,12.0,20.1,26.9,36.6,12.0,21.583333333333332,26.600000000000005,45.92083333333333
2026-02-27 05:00:00,58.7,28.3,28,977.1,1.9,202,0.0,5,4,2,37.5,12.0,12.0,33.6,44.7,40.8,24.483333333333334,27.483333333333334,45.958333333333336
2026-02-27 06:00:00,56.3,29.9,28,976.6,3.6,174,0.0,6,4,2,58.7,46.1,27.3,40.2,46.0,25.4,32.26666666666667,29.575000000000003,46.541666666666664
2026-02-27 07:00:00,54.4,31.6,27,975.6,4.9,197,0.0,7,4,2,56.3,37.5,12.0,43.6,79.1,61.5,37.1,30.916666666666668,46.97083333333333
2026-02-27 08:00:00,78.6,32.7,25,974.4,6.1,227,0.0,8,4,2,54.4,58.7,12.0,18.7,72.0,68.3,44.166666666666664,31.816666666666666,45.94166666666667
2026-02-27 09:00:00,54.1,32.8,24,973.1,5.8,236,0.0,9,4,2,78.6,56.3,46.1,26.7,71.6,103.4,55.26666666666667,36.80833333333333,46.21666666666667
2026-02-27 10:00:00,76.8,32.6,25,972.7,5.5,243,0.0,10,4,2,54.1,54.4,37.5,20.1,70.7,72.5,56.599999999999994,39.09166666666666,45.48749999999999
2026-02-27 11:00:00,66.4,32.2,26,972.6,2.7,266,0.0,11,4,2,76.8,78.6,58.7,12.0,67.8,111.3,63.150000000000006,43.81666666666666,45.74166666666667
2026-02-27 12:00:00,91.0,31.9,25,972.2,2.9,202,0.0,12,4,2,66.4,54.1,56.3,27.3,102.3,104.8,64.43333333333334,48.35,45.68333333333334
2026-02-27 13:00:00,85.2,30.0,29,972.3,4.9,176,0.0,13,4,2,91.0,76.8,54.4,12.0,51.7,61.5,70.21666666666668,53.65833333333333,45.212500000000006
2026-02-27 14:00:00,66.1,28.8,34,972.8,6.6,167,0.0,14,4,2,85.2,66.4,78.6,12.0,52.2,65.7,75.35000000000001,59.758333333333326,46.60833333333333
2026-02-27 15:00:00,71.2,28.3,35,973.3,5.4,138,0.0,15,4,2,66.1,91.0,54.1,46.1,88.2,43.6,73.26666666666667,64.26666666666667,47.1875
2026-02-27 16:00:00,75.2,27.9,36,973.3,4.6,149,0.0,16,4,2,71.2,85.2,76.8,37.5,26.9,67.9,76.11666666666667,66.35833333333333,46.479166666666664
2026-02-27 17:00:00,55.9,27.2,37,973.0,4.7,122,0.0,17,4,2,75.2,66.1,66.4,58.7,33.6,63.8,75.85000000000001,69.5,48.49166666666667
2026-02-27 18:00:00,23.4,26.5,39,972.8,8.4,125,0.0,18,4,2,55.9,71.2,91.0,56.3,40.2,55.5,74.10000000000001,69.26666666666667,49.42083333333333
2026-02-27 19:00:00,27.2,26.6,37,972.3,8.5,144,0.0,19,4,2,23.4,75.2,85.2,54.4,43.6,22.6,62.833333333333336,66.525,48.72083333333334
2026-02-27 20:00:00,43.6,26.6,37,972.0,6.3,160,0.0,20,4,2,27.2,55.9,66.1,78.6,18.7,15.6,53.166666666666664,64.25833333333333,48.037499999999994
2026-02-27 21:00:00,39.3,25.9,41,971.5,2.4,163,0.0,21,4,2,43.6,23.4,71.2,54.1,26.7,12.0,49.416666666666664,61.34166666666667,49.074999999999996
2026-02-27 22:00:00,19.3,24.6,43,971.3,2.7,53,0.0,22,4,2,39.3,27.2,75.2,76.8,20.1,18.2,44.1,60.10833333333333,49.6
2026-02-27 23:00:00,12.0,24.3,43,971.5,3.8,355,0.0,23,4,2,19.3,43.6,55.9,66.4,12.0,12.0,34.78333333333334,55.31666666666667,49.56666666666666
2026-02-28 00:00:00,12.0,24.3,48,972.1,4.1,299,0.0,0,5,2,12.0,39.3,23.4,91.0,27.3,28.6,27.46666666666667,50.78333333333333,49.56666666666666
2026-02-28 01:00:00,23.5,24.3,49,972.8,2.9,7,0.0,1,5,2,12.0,19.3,27.2,85.2,12.0,18.0,25.566666666666666,44.199999999999996,48.92916666666667
2026-02-28 02:00:00,41.5,24.3,49,974.0,1.8,315,0.0,2,5,2,23.5,12.0,43.6,66.1,12.0,12.0,24.95,39.05833333333333,49.40833333333333
2026-02-28 03:00:00,25.0,26.4,43,975.3,3.2,273,0.0,3,5,2,41.5,12.0,39.3,71.2,46.1,12.0,24.599999999999998,37.00833333333333,50.637499999999996
2026-02-28 04:00:00,39.5,28.7,36,975.8,4.1,214,0.0,4,5,2,25.0,23.5,19.3,75.2,37.5,36.6,22.21666666666667,33.15833333333333,49.75833333333333
2026-02-28 05:00:00,12.7,30.5,31,975.9,6.3,198,0.0,5,5,2,39.5,41.5,12.0,55.9,58.7,44.7,25.583333333333332,30.183333333333334,49.84166666666667
2026-02-28 06:00:00,39.3,32.3,28,975.2,10.2,190,0.0,6,5,2,12.7,25.0,12.0,23.4,56.3,46.0,25.7,26.583333333333332,47.925000000000004
2026-02-28 07:00:00,20.2,33.7,26,974.2,12.1,210,0.0,7,5,2,39.3,39.5,23.5,27.2,54.4,79.1,30.25,27.908333333333335,47.21666666666667
2026-02-28 08:00:00,26.8,33.4,26,973.0,12.3,218,0.0,8,5,2,20.2,12.7,41.5,43.6,78.6,72.0,29.7,27.325,45.791666666666664
2026-02-28 09:00:00,31.2,33.5,26,972.3,12.7,227,0.0,9,5,2,26.8,39.3,25.0,39.3,54.1,71.6,27.25,25.925,43.63333333333333
2026-02-28 10:00:00,51.4,33.1,27,972.0,11.5,229,0.0,10,5,2,31.2,20.2,39.5,19.3,76.8,70.7,28.28333333333333,25.25,42.67916666666667
2026-02-28 11:00:00,79.1,33.1,27,971.8,8.9,227,0.0,11,5,2,51.4,26.8,12.7,12.0,66.4,67.8,30.266666666666666,27.924999999999997,41.62083333333333
2026-02-28 12:00:00,89.0,32.9,28,971.8,5.6,225,0.0,12,5,2,79.1,31.2,39.3,12.0,91.0,102.3,41.333333333333336,33.516666666666666,42.15
2026-02-28 13:00:00,80.5,31.6,31,971.9,4.5,196,0.0,13,5,2,89.0,51.4,20.2,23.5,85.2,51.7,49.61666666666667,39.93333333333333,42.06666666666667
2026-02-28 14:00:00,91.5,30.3,35,972.3,4.1,180,0.0,14,5,2,80.5,79.1,26.8,41.5,66.1,52.2,59.666666666666664,44.68333333333333,41.87083333333333
2026-02-28 15:00:00,86.1,29.1,39,972.9,2.5,172,0.0,15,5,2,91.5,89.0,31.2,25.0,71.2,88.2,70.45,48.849999999999994,42.92916666666667
2026-02-28 16:00:00,61.7,28.3,42,973.5,7.8,203,0.0,16,5,2,86.1,80.5,51.4,39.5,75.2,26.9,79.60000000000001,53.94166666666666,43.550000000000004
2026-02-28 17:00:00,54.3,28.1,42,973.5,7.4,231,0.0,17,5,2,61.7,91.5,79.1,12.7,55.9,33.6,81.31666666666668,55.791666666666664,42.987500000000004
2026-02-28 18:00:00,49.7,27.7,44,973.3,6.7,232,0.0,18,5,2,54.3,86.1,89.0,39.3,23.4,40.2,77.18333333333334,59.25833333333333,42.92083333333333
2026-02-28 19:00:00,32.9,27.3,45,973.5,8.3,283,0.0,19,5,2,49.7,61.7,80.5,20.2,27.2,43.6,70.63333333333334,60.125,44.01666666666667
2026-02-28 20:00:00,34.3,27.1,45,972.9,9.1,287,0.0,20,5,2,32.9,54.3,91.5,26.8,43.6,18.7,62.699999999999996,61.18333333333334,44.25416666666666
2026-02-28 21:00:00,12.0,26.6,46,972.6,11.1,286,0.0,21,5,2,34.3,49.7,86.1,31.2,39.3,26.7,53.166666666666664,61.80833333333333,43.86666666666667
2026-02-28 22:00:00,12.0,25.9,45,972.3,11.8,308,0.0,22,5,2,12.0,32.9,61.7,51.4,19.3,20.1,40.81666666666667,60.208333333333336,42.729166666666664
2026-02-28 23:00:00,12.0,25.3,45,972.4,10.2,321,0.0,23,5,2,12.0,34.3,54.3,79.1,12.0,12.0,32.53333333333333,56.92499999999999,42.425000000000004
2026-03-01 00:00:00,12.0,25.2,48,972.7,11.4,327,0.0,0,6,3,12.0,12.0,49.7,89.0,12.0,27.3,25.483333333333334,51.333333333333336,42.425000000000004
2026-03-01 01:00:00,12.0,24.6,51,973.4,11.9,333,0.0,1,6,3,12.0,12.0,32.9,80.5,23.5,12.0,19.2,44.916666666666664,42.425000000000004
2026-03-01 02:00:00,20.4,24.5,51,974.5,10.7,323,0.0,2,6,3,12.0,12.0,34.3,91.5,41.5,12.0,15.716666666666663,39.208333333333336,41.94583333333333
2026-03-01 03:00:00,20.6,26.7,43,975.6,8.5,314,0.0,3,6,3,20.4,12.0,12.0,86.1,25.0,46.1,13.4,33.28333333333333,41.06666666666667
2026-03-01 04:00:00,22.0,29.4,33,976.5,9.3,328,0.0,4,6,3,20.6,12.0,12.0,61.7,39.5,37.5,14.833333333333334,27.825000000000003,40.88333333333333
2026-03-01 05:00:00,17.6,31.2,28,976.7,9.8,329,0.0,5,6,3,22.0,20.4,12.0,54.3,12.7,58.7,16.5,24.51666666666667,40.15416666666667
2026-03-01 06:00:00,48.1,32.5,25,975.9,9.8,308,0.0,6,6,3,17.6,20.6,12.0,49.7,39.3,56.3,17.433333333333334,21.458333333333332,40.358333333333334
2026-03-01 07:00:00,58.6,33.7,23,975.1,11.2,291,0.0,7,6,3,48.1,22.0,12.0,32.9,20.2,54.4,23.45,21.325,40.725
2026-03-01 08:00:00,45.7,34.6,21,974.1,13.0,284,0.0,8,6,3,58.6,17.6,20.4,34.3,26.8,78.6,31.21666666666667,23.46666666666667,42.324999999999996
2026-03-01 09:00:00,45.3,35.0,18,973.2,14.2,286,0.0,9,6,3,45.7,48.1,20.6,12.0,31.2,54.1,35.43333333333333,24.416666666666668,43.112500000000004
2026-03-01 10:00:00,54.2,34.9,17,972.7,14.2,288,0.0,10,6,3,45.3,58.6,22.0,12.0,51.4,76.8,39.550000000000004,27.191666666666666,43.699999999999996
2026-03-01 11:00:00,44.3,34.2,20,972.7,12.9,288,0.0,11,6,3,54.2,45.7,17.6,12.0,79.1,66.4,44.916666666666664,30.708333333333332,43.81666666666666
2026-03-01 12:00:00,56.2,33.4,23,972.9,10.8,300,0.0,12,6,3,44.3,45.3,48.1,12.0,89.0,91.0,49.36666666666667,33.4,42.36666666666667
2026-03-01 13:00:00,76.7,32.3,25,973.3,4.8,333,0.0,13,6,3,56.2,54.2,58.6,12.0,80.5,85.2,50.71666666666667,37.083333333333336,41.0
2026-03-01 14:00:00,78.5,31.0,27,974.0,6.3,285,0.0,14,6,3,76.7,44.3,45.7,20.4,91.5,66.1,53.73333333333333,42.475,40.84166666666667
2026-03-01 15:00:00,54.9,29.7,27,974.8,8.0,312,0.0,15,6,3,78.5,56.2,45.3,20.6,86.1,71.2,59.20000000000001,47.31666666666667,40.300000000000004
2026-03-01 16:00:00,46.3,28.7,26,975.6,8.1,335,0.0,16,6,3,54.9,76.7,54.2,22.0,61.7,75.2,60.800000000000004,50.175000000000004,39.0
2026-03-01 17:00:00,52.7,27.6,28,975.7,7.0,325,0.0,17,6,3,46.3,78.5,44.3,17.6,54.3,55.9,59.48333333333334,52.199999999999996,38.358333333333334
2026-03-01 18:00:00,38.6,26.6,30,975.7,9.2,321,0.0,18,6,3,52.7,54.9,56.2,48.1,49.7,23.4,60.88333333333333,55.125,38.291666666666664
2026-03-01 19:00:00,14.6,25.6,32,975.7,8.9,341,0.0,19,6,3,38.6,46.3,76.7,58.6,32.9,27.2,57.95000000000001,54.333333333333336,37.82916666666667
2026-03-01 20:00:00,26.5,24.8,34,975.0,9.1,350,0.0,20,6,3,14.6,52.7,78.5,45.7,34.3,43.6,47.599999999999994,50.66666666666668,37.06666666666667
2026-03-01 21:00:00,12.0,24.1,37,974.6,9.9,338,0.0,21,6,3,26.5,38.6,54.9,45.3,12.0,39.3,38.93333333333333,49.06666666666667,36.74166666666667
2026-03-01 22:00:00,12.7,23.6,39,974.5,9.7,341,0.0,22,6,3,12.0,14.6,46.3,54.2,12.0,19.3,31.78333333333333,46.291666666666664,36.74166666666667
2026-03-01 23:00:00,12.0,23.4,40,974.7,8.6,349,0.0,23,6,3,12.7,26.5,52.7,44.3,12.0,12.0,26.183333333333337,42.833333333333336,36.770833333333336
2026-03-02 00:00:00,12.0,22.9,44,975.0,7.5,10,0.0,0,0,3,12.0,12.0,38.6,56.2,12.0,12.0,19.4,40.141666666666666,36.770833333333336
2026-03-02 01:00:00,12.0,22.5,45,976.0,2.6,115,0.0,1,0,3,12.0,12.7,14.6,76.7,12.0,23.5,14.966666666666667,36.458333333333336,36.770833333333336
2026-03-02 02:00:00,14.8,23.0,45,977.1,5.8,104,0.0,2,0,3,12.0,12.0,26.5,78.5,20.4,41.5,14.533333333333333,31.066666666666663,36.770833333333336
2026-03-02 03:00:00,21.0,25.3,39,978.2,5.8,56,0.0,3,0,3,14.8,12.0,12.0,54.9,20.6,25.0,12.583333333333334,25.75833333333333,36.5375
2026-03-02 04:00:00,26.3,27.9,34,979.1,5.5,58,0.0,4,0,3,21.0,12.0,12.7,46.3,22.0,39.5,14.083333333333334,22.933333333333334,36.55416666666667
2026-03-02 05:00:00,39.4,30.6,28,979.1,6.1,67,0.0,5,0,3,26.3,14.8,12.0,52.7,17.6,12.7,16.349999999999998,21.26666666666667,36.733333333333334
2026-03-02 06:00:00,81.8,31.8,25,978.5,5.0,38,0.0,6,0,3,39.4,21.0,12.0,38.6,48.1,39.3,20.916666666666668,20.15833333333333,37.641666666666666
2026-03-02 07:00:00,70.3,33.6,21,977.9,5.2,333,0.0,7,0,3,81.8,26.3,12.0,14.6,58.6,20.2,32.550000000000004,23.758333333333336,39.045833333333334
2026-03-02 08:00:00,66.2,34.4,18,976.8,9.7,301,0.0,8,0,3,70.3,39.4,14.8,26.5,45.7,26.8,42.266666666666666,28.399999999999995,39.53333333333334
2026-03-02 09:00:00,71.0,34.7,18,975.9,9.8,300,0.0,9,0,3,66.2,81.8,21.0,12.0,45.3,31.2,50.833333333333336,31.708333333333332,40.387499999999996
2026-03-02 10:00:00,93.5,34.8,19,975.1,7.9,281,0.0,10,0,3,71.0,70.3,26.3,12.7,54.2,51.4,59.166666666666664,36.625,41.458333333333336
2026-03-02 11:00:00,62.8,34.8,18,974.6,7.4,252,0.0,11,0,3,93.5,66.2,39.4,12.0,44.3,79.1,70.36666666666666,43.35833333333333,43.09583333333333
2026-03-02 12:00:00,94.5,34.3,18,974.7,4.0,238,0.0,12,0,3,62.8,71.0,81.8,12.0,56.2,89.0,74.26666666666667,47.59166666666667,43.86666666666667
2026-03-02 13:00:00,78.0,31.8,22,975.1,2.7,247,0.0,13,0,3,94.5,93.5,70.3,12.0,76.7,80.5,76.38333333333334,54.46666666666667,45.4625
2026-03-02 14:00:00,80.3,30.6,23,975.8,3.8,329,0.0,14,0,3,78.0,62.8,66.2,14.8,78.5,91.5,77.66666666666667,59.96666666666667,45.51666666666666
2026-03-02 15:00:00,72.5,29.4,24,976.8,3.7,14,0.0,15,0,3,80.3,94.5,71.0,21.0,54.9,86.1,80.01666666666667,65.425,45.59166666666666
2026-03-02 16:00:00,36.5,29.0,24,977.6,8.8,1,0.0,16,0,3,72.5,78.0,93.5,26.3,46.3,61.7,80.26666666666667,69.71666666666667,46.32500000000001
2026-03-02 17:00:00,40.8,27.8,26,977.9,10.2,14,0.0,17,0,3,36.5,80.3,62.8,39.4,52.7,54.3,70.76666666666667,70.56666666666666,45.916666666666664
2026-03-02 18:00:00,18.2,26.7,29,977.8,10.3,7,0.0,18,0,3,40.8,72.5,94.5,81.8,38.6,49.7,67.10000000000001,70.68333333333332,45.42083333333334
2026-03-02 19:00:00,35.7,26.3,30,977.2,9.1,7,0.0,19,0,3,18.2,36.5,78.0,70.3,14.6,32.9,54.38333333333333,65.38333333333334,44.570833333333326
2026-03-02 20:00:00,26.9,25.3,33,977.0,9.0,6,0.0,20,0,3,35.7,40.8,80.3,66.2,26.5,34.3,47.333333333333336,62.5,45.449999999999996
2026-03-02 21:00:00,12.0,24.4,37,976.6,9.7,350,0.0,21,0,3,26.9,18.2,72.5,71.0,12.0,12.0,38.43333333333333,59.225,45.46666666666667
2026-03-02 22:00:00,13.1,23.8,38,976.1,10.2,351,0.0,22,0,3,12.0,35.7,36.5,93.5,12.7,12.0,28.350000000000005,54.30833333333334,45.46666666666667
2026-03-02 23:00:00,13.8,23.2,40,976.0,9.1,345,0.0,23,0,3,13.1,26.9,40.8,62.8,12.0,12.0,24.450000000000003,47.60833333333334,45.48333333333333
2026-03-03 00:00:00,12.0,22.8,43,976.5,9.0,357,0.0,0,1,3,13.8,12.0,18.2,94.5,12.0,12.0,19.95,43.525000000000006,45.55833333333334
2026-03-03 01:00:00,20.9,22.4,43,977.2,8.5,353,0.0,1,1,3,12.0,13.1,35.7,78.0,12.0,12.0,18.916666666666668,36.65,45.55833333333334
2026-03-03 02:00:00,12.0,22.8,43,978.0,8.9,353,0.0,2,1,3,20.9,13.8,26.9,80.3,14.8,20.4,16.45,31.891666666666666,45.92916666666667
2026-03-03 03:00:00,19.6,25.4,36,979.0,5.6,2,0.0,3,1,3,12.0,12.0,12.0,72.5,21.0,20.6,13.966666666666663,26.2,45.8125
2026-03-03 04:00:00,36.7,29.0,29,979.8,4.9,28,0.0,4,1,3,19.6,20.9,13.1,36.5,26.3,22.0,15.233333333333333,21.791666666666668,45.75416666666666
2026-03-03 05:00:00,49.4,31.7,23,980.0,5.2,49,0.0,5,1,3,36.7,12.0,13.8,40.8,39.4,17.6,19.166666666666668,21.808333333333334,46.1875
2026-03-03 06:00:00,45.5,33.0,20,979.2,6.6,22,0.0,6,1,3,49.4,19.6,12.0,18.2,81.8,48.1,25.099999999999998,22.525000000000002,46.604166666666664
2026-03-03 07:00:00,69.5,34.2,18,978.4,5.8,9,0.0,7,1,3,45.5,36.7,20.9,35.7,70.3,58.6,30.683333333333334,24.8,45.09166666666667
2026-03-03 08:00:00,80.3,35.0,17,977.3,3.4,360,0.0,8,1,3,69.5,49.4,12.0,26.9,66.2,45.7,38.78333333333333,27.616666666666664,45.05833333333333
2026-03-03 09:00:00,71.8,35.7,17,976.4,1.3,225,0.0,9,1,3,80.3,45.5,19.6,12.0,71.0,45.3,50.166666666666664,32.06666666666666,45.645833333333336
2026-03-03 10:00:00,68.9,36.1,16,975.4,3.2,227,0.0,10,1,3,71.8,69.5,36.7,13.1,93.5,54.2,58.86666666666665,37.05,45.67916666666667
2026-03-03 11:00:00,70.5,35.9,15,975.1,2.8,305,0.0,11,1,3,68.9,80.3,49.4,13.8,62.8,44.3,64.23333333333333,41.699999999999996,44.65416666666667
2026-03-03 12:00:00,92.6,34.6,16,975.3,6.7,44,0.0,12,1,3,70.5,71.8,45.5,12.0,94.5,56.2,67.75,46.425000000000004,44.974999999999994
2026-03-03 13:00:00,55.7,32.9,19,976.0,9.2,69,0.0,13,1,3,92.6,68.9,69.5,20.9,78.0,76.7,75.60000000000001,53.14166666666667,44.895833333333336
2026-03-03 14:00:00,75.2,32.2,20,976.8,7.2,62,0.0,14,1,3,55.7,70.5,80.3,12.0,80.3,78.5,73.3,56.041666666666664,43.96666666666667
2026-03-03 15:00:00,81.7,30.7,22,977.9,5.2,34,0.0,15,1,3,75.2,92.6,71.8,19.6,72.5,54.9,72.45,61.30833333333334,43.75416666666666
2026-03-03 16:00:00,46.2,28.8,25,978.9,7.8,19,0.0,16,1,3,81.7,55.7,68.9,36.7,36.5,46.3,74.1,66.48333333333333,44.137499999999996
2026-03-03 17:00:00,45.0,28.4,26,979.0,6.5,357,0.0,17,1,3,46.2,75.2,70.5,49.4,40.8,52.7,70.31666666666666,67.27499999999999,44.541666666666664
2026-03-03 18:00:00,28.7,28.0,27,978.6,7.1,6,0.0,18,1,3,45.0,81.7,92.6,45.5,18.2,38.6,66.06666666666666,66.90833333333333,44.71666666666667
2026-03-03 19:00:00,67.3,26.8,29,978.1,5.5,343,0.0,19,1,3,28.7,46.2,55.7,69.5,35.7,14.6,55.416666666666664,65.50833333333334,45.15416666666667
2026-03-03 20:00:00,20.9,25.6,32,977.6,8.6,2,0.0,20,1,3,67.3,45.0,75.2,80.3,26.9,26.5,57.35,65.325,46.47083333333333
2026-03-03 21:00:00,30.4,24.7,34,977.1,7.3,344,0.0,21,1,3,20.9,28.7,81.7,71.8,12.0,12.0,48.300000000000004,60.375,46.22083333333334
2026-03-03 22:00:00,18.9,23.8,37,976.8,7.7,332,0.0,22,1,3,30.4,67.3,46.2,68.9,13.1,12.7,39.75,56.925000000000004,46.987500000000004
2026-03-03 23:00:00,17.2,23.0,40,976.6,6.4,335,0.0,23,1,3,18.9,20.9,45.0,70.5,13.8,12.0,35.199999999999996,52.75833333333333,47.229166666666664
2026-03-04 00:00:00,28.5,22.9,43,977.3,6.9,337,0.0,0,2,3,17.2,30.4,28.7,92.6,12.0,12.0,30.566666666666666,48.31666666666666,47.37083333333334
2026-03-04 01:00:00,12.0,22.7,43,978.0,7.3,343,0.0,1,2,3,28.5,18.9,67.3,55.7,20.9,12.0,30.533333333333335,42.975,48.05833333333334
2026-03-04 02:00:00,17.7,23.4,40,978.9,8.6,345,0.0,2,2,3,12.0,17.2,20.9,75.2,12.0,14.8,21.316666666666666,39.333333333333336,47.6875
2026-03-04 03:00:00,20.9,26.1,34,980.0,6.0,351,0.0,3,2,3,17.7,28.5,30.4,81.7,19.6,21.0,20.783333333333335,34.541666666666664,47.92499999999999
2026-03-04 04:00:00,46.7,29.2,29,980.8,6.2,10,0.0,4,2,3,20.9,12.0,18.9,46.2,36.7,26.3,19.2,29.474999999999998,47.979166666666664
2026-03-04 05:00:00,53.5,32.1,22,980.9,6.8,27,0.0,5,2,3,46.7,17.7,17.2,45.0,49.4,39.4,23.833333333333332,29.516666666666666,48.395833333333336
2026-03-04 06:00:00,62.0,33.8,18,980.0,7.3,17,0.0,6,2,3,53.5,20.9,28.5,28.7,45.5,81.8,29.883333333333336,30.224999999999998,48.56666666666667
2026-03-04 07:00:00,79.3,35.4,14,979.0,4.8,27,0.0,7,2,3,62.0,46.7,12.0,67.3,69.5,70.3,35.46666666666667,33.0,49.25416666666667
2026-03-04 08:00:00,58.3,36.1,12,977.8,3.2,43,0.0,8,2,3,79.3,53.5,17.7,20.9,80.3,66.2,46.68333333333334,34.0,49.6625
2026-03-04 09:00:00,73.6,36.5,11,976.7,2.0,63,0.0,9,2,3,58.3,62.0,20.9,30.4,71.8,71.0,53.449999999999996,37.11666666666667,48.74583333333333
2026-03-04 10:00:00,76.2,36.5,11,975.9,1.1,108,0.0,10,2,3,73.6,79.3,46.7,18.9,68.9,93.5,62.23333333333333,40.71666666666666,48.82083333333333
2026-03-04 11:00:00,90.9,36.3,11,975.5,1.3,172,0.0,11,2,3,76.2,58.3,53.5,17.2,70.5,62.8,67.14999999999999,45.49166666666667,49.125
2026-03-04 12:00:00,98.6,35.5,10,975.4,0.7,166,0.0,12,2,3,90.9,73.6,62.0,28.5,92.6,94.5,73.38333333333333,51.633333333333326,49.975
2026-03-04 13:00:00,76.3,32.8,14,975.7,3.7,209,0.0,13,2,3,98.6,76.2,79.3,12.0,55.7,78.0,79.48333333333333,57.474999999999994,50.224999999999994
2026-03-04 14:00:00,58.9,30.7,19,976.3,2.8,153,0.0,14,2,3,76.3,90.9,58.3,17.7,75.2,80.3,78.98333333333333,62.833333333333336,51.083333333333336
2026-03-04 15:00:00,81.5,29.3,21,977.2,3.1,66,0.0,15,2,3,58.9,98.6,73.6,20.9,81.7,72.5,79.08333333333333,66.26666666666667,50.40416666666667
2026-03-04 16:00:00,85.9,28.8,21,977.6,5.4,352,0.0,16,2,3,81.5,76.3,76.2,46.7,46.2,36.5,80.39999999999999,71.31666666666668,50.395833333333336
2026-03-04 17:00:00,59.4,28.0,20,977.9,8.6,334,0.0,17,2,3,85.9,58.9,90.9,53.5,45.0,40.8,82.01666666666667,74.58333333333333,52.050000000000004
2026-03-04 18:00:00,49.5,27.3,21,977.7,8.7,333,0.0,18,2,3,59.4,81.5,98.6,62.0,28.7,18.2,76.76666666666667,75.075,52.65
2026-03-04 19:00:00,35.1,26.4,23,977.2,8.2,328,0.0,19,2,3,49.5,85.9,76.3,79.3,67.3,35.7,68.58333333333333,74.03333333333333,53.51666666666666
2026-03-04 20:00:00,18.2,25.2,25,976.6,8.5,331,0.0,20,2,3,35.1,59.4,58.9,58.3,20.9,26.9,61.71666666666666,70.35,52.175000000000004
2026-03-04 21:00:00,32.5,23.8,29,976.1,7.4,337,0.0,21,2,3,18.2,49.5,81.5,73.6,30.4,12.0,54.93333333333334,67.00833333333334,52.0625
2026-03-04 22:00:00,18.6,22.6,32,975.7,7.8,328,0.0,22,2,3,32.5,35.1,85.9,76.2,18.9,13.1,46.76666666666667,63.583333333333336,52.150000000000006
2026-03-04 23:00:00,15.2,22.1,33,975.3,8.6,330,0.0,23,2,3,18.6,18.2,59.4,90.9,17.2,13.8,35.550000000000004,58.78333333333333,52.137499999999996
2026-03-05 00:00:00,12.0,22.0,35,975.7,10.5,333,0.0,0,3,3,15.2,32.5,49.5,98.6,28.5,12.0,28.183333333333334,52.475,52.05416666666667
2026-03-05 01:00:00,40.5,21.7,35,976.5,10.1,331,0.0,1,3,3,12.0,18.6,35.1,76.3,12.0,20.9,21.933333333333334,45.25833333333333,51.36666666666667
2026-03-05 02:00:00,12.0,22.7,33,977.3,9.6,337,0.0,2,3,3,40.5,15.2,18.2,58.9,17.7,12.0,22.833333333333332,42.275,52.55416666666667
2026-03-05 03:00:00,22.9,25.8,27,978.3,6.0,343,0.0,3,3,3,12.0,12.0,32.5,81.5,20.9,19.6,21.8,38.36666666666667,52.31666666666667
2026-03-05 04:00:00,23.7,29.7,22,979.0,5.1,356,0.0,4,3,3,22.9,40.5,18.6,85.9,46.7,36.7,20.2,33.48333333333333,52.4
2026-03-05 05:00:00,43.1,33.0,16,978.9,6.4,349,0.0,5,3,3,23.7,12.0,15.2,59.4,53.5,49.4,21.05,28.3,51.44166666666666
2026-03-05 06:00:00,67.6,34.6,12,978.3,7.6,335,0.0,6,3,3,43.1,22.9,12.0,49.5,62.0,45.5,25.7,26.941666666666666,51.00833333333333
2026-03-05 07:00:00,43.2,35.9,10,977.3,6.3,321,0.0,7,3,3,67.6,23.7,40.5,35.1,79.3,69.5,34.96666666666667,28.450000000000003,51.24166666666667
2026-03-05 08:00:00,64.4,36.5,10,976.0,6.7,306,0.0,8,3,3,43.2,43.1,12.0,18.2,58.3,80.3,35.416666666666664,29.125,49.737500000000004
2026-03-05 09:00:00,74.2,36.9,10,974.7,7.0,293,0.0,9,3,3,64.4,67.6,22.9,32.5,73.6,71.8,44.15,32.975,49.99166666666667
2026-03-05 10:00:00,88.2,37.2,10,974.0,7.4,283,0.0,10,3,3,74.2,43.2,23.7,18.6,76.2,68.9,52.699999999999996,36.45,50.01666666666666
2026-03-05 11:00:00,55.5,37.1,9,973.4,7.3,290,0.0,11,3,3,88.2,64.4,43.1,15.2,90.9,70.5,63.45000000000001,42.25,50.51666666666667
2026-03-05 12:00:00,78.4,36.0,10,973.7,6.1,24,0.0,12,3,3,55.5,74.2,67.6,12.0,98.6,92.6,65.51666666666667,45.60833333333333,49.041666666666664
2026-03-05 13:00:00,103.6,32.9,16,973.7,2.9,47,0.0,13,3,3,78.4,88.2,43.2,40.5,76.3,55.7,67.31666666666668,51.14166666666667,48.20000000000001
2026-03-05 14:00:00,89.8,31.5,18,974.1,1.0,329,0.0,14,3,3,103.6,55.5,64.4,12.0,58.9,75.2,77.38333333333334,56.4,49.3375
2026-03-05 15:00:00,85.1,30.0,18,974.9,2.0,315,0.0,15,3,3,89.8,78.4,74.2,22.9,81.5,81.7,81.61666666666666,62.88333333333333,50.625
2026-03-05 16:00:00,83.9,28.5,19,975.5,2.8,310,0.0,16,3,3,85.1,103.6,88.2,23.7,85.9,46.2,83.43333333333334,68.06666666666668,50.775000000000006
2026-03-05 17:00:00,57.0,28.0,20,975.8,3.3,311,0.0,17,3,3,83.9,89.8,55.5,43.1,59.4,45.0,82.71666666666665,73.08333333333333,50.69166666666666
2026-03-05 18:00:00,13.5,27.0,25,975.7,11.1,313,0.0,18,3,3,57.0,85.1,78.4,67.6,49.5,28.7,82.96666666666665,74.24166666666666,50.59166666666667
2026-03-05 19:00:00,12.0,26.5,27,975.2,12.1,323,0.0,19,3,3,13.5,83.9,103.6,43.2,35.1,67.3,72.14999999999999,69.73333333333333,49.09166666666667
2026-03-05 20:00:00,12.0,25.5,30,974.5,12.7,327,0.0,20,3,3,12.0,57.0,89.8,64.4,18.2,20.9,56.883333333333326,67.13333333333334,48.12916666666666
2026-03-05 21:00:00,12.0,24.6,32,974.0,11.7,324,0.0,21,3,3,12.0,13.5,85.1,74.2,32.5,30.4,43.916666666666664,62.76666666666667,47.87083333333333
2026-03-05 22:00:00,12.0,23.9,33,973.5,12.1,320,0.0,22,3,3,12.0,12.0,83.9,88.2,18.6,18.9,31.73333333333333,57.583333333333336,47.01666666666666
2026-03-05 23:00:00,12.0,23.4,33,973.2,12.8,325,0.0,23,3,3,12.0,12.0,57.0,55.5,15.2,17.2,19.75,51.23333333333333,46.74166666666667
2026-03-06 00:00:00,12.0,23.3,34,973.7,12.3,326,0.0,0,4,3,12.0,12.0,13.5,78.4,12.0,28.5,12.25,47.60833333333333,46.60833333333333
2026-03-06 01:00:00,12.0,23.3,34,974.4,11.4,329,0.0,1,4,3,12.0,12.0,12.0,103.6,40.5,12.0,12.0,42.074999999999996,46.60833333333333
2026-03-06 02:00:00,12.0,24.2,32,975.4,11.1,328,0.0,2,4,3,12.0,12.0,12.0,89.8,12.0,17.7,12.0,34.44166666666667,45.42083333333333
2026-03-06 03:00:00,12.0,27.2,27,976.7,7.7,335,0.0,3,4,3,12.0,12.0,12.0,85.1,22.9,20.9,12.0,27.958333333333332,45.42083333333333
2026-03-06 04:00:00,14.2,31.2,21,977.4,8.0,350,0.0,4,4,3,12.0,12.0,12.0,83.9,23.7,46.7,12.0,21.86666666666667,44.96666666666667
2026-03-06 05:00:00,33.1,34.6,17,977.5,11.4,354,0.0,5,4,3,14.2,12.0,12.0,57.0,43.1,53.5,12.366666666666667,16.058333333333334,44.57083333333333
2026-03-06 06:00:00,36.8,36.1,13,976.9,7.7,1,0.0,6,4,3,33.1,12.0,12.0,13.5,67.6,62.0,15.883333333333333,14.066666666666665,44.15416666666666
2026-03-06 07:00:00,62.2,37.2,11,976.0,5.8,358,0.0,7,4,3,36.8,14.2,12.0,12.0,43.2,79.3,20.016666666666666,16.008333333333336,42.87083333333334
2026-03-06 08:00:00,74.9,37.7,10,974.6,4.6,351,0.0,8,4,3,62.2,33.1,12.0,12.0,64.4,58.3,28.383333333333336,20.191666666666666,43.662499999999994
2026-03-06 09:00:00,88.9,38.1,10,973.6,4.0,339,0.0,9,4,3,74.9,36.8,12.0,12.0,74.2,73.6,38.86666666666667,25.433333333333337,44.1
2026-03-06 10:00:00,89.2,38.2,10,973.0,3.8,335,0.0,10,4,3,88.9,62.2,14.2,12.0,88.2,76.2,51.68333333333334,31.84166666666667,44.712500000000006
2026-03-06 11:00:00,93.4,38.0,10,972.5,5.3,10,0.0,11,4,3,89.2,74.9,33.1,12.0,55.5,90.9,64.18333333333334,38.275,44.75416666666666
2026-03-06 12:00:00,71.6,36.6,11,972.9,11.2,46,0.0,12,4,3,93.4,88.9,36.8,12.0,78.4,98.6,74.23333333333333,45.05833333333334,46.333333333333336
2026-03-06 13:00:00,76.6,34.5,13,973.3,7.4,47,0.0,13,4,3,71.6,89.2,62.2,12.0,103.6,76.3,80.03333333333335,50.025000000000006,46.04999999999999
2026-03-06 14:00:00,81.7,32.5,17,973.9,3.0,322,0.0,14,4,3,76.6,93.4,74.9,12.0,89.8,58.9,82.43333333333334,55.40833333333333,44.925000000000004
2026-03-06 15:00:00,92.9,31.3,19,974.6,3.5,351,0.0,15,4,3,81.7,71.6,88.9,12.0,85.1,81.5,83.56666666666668,61.21666666666667,44.587500000000006
2026-03-06 16:00:00,52.2,30.3,19,975.5,10.3,357,0.0,16,4,3,92.9,76.6,89.2,14.2,83.9,85.9,84.23333333333333,67.95833333333333,44.9125
2026-03-06 17:00:00,45.5,29.4,21,975.4,8.3,359,0.0,17,4,3,52.2,81.7,93.4,33.1,57.0,59.4,78.06666666666666,71.125,43.59166666666667
2026-03-06 18:00:00,61.9,27.9,25,975.0,7.5,330,0.0,18,4,3,45.5,92.9,71.6,36.8,13.5,49.5,70.08333333333333,72.15833333333335,43.112500000000004
2026-03-06 19:00:00,50.4,26.2,33,974.8,5.9,325,0.0,19,4,3,61.9,52.2,76.6,62.2,12.0,35.1,68.46666666666667,74.25,45.12916666666667
2026-03-06 20:00:00,30.8,25.5,33,974.0,7.6,329,0.0,20,4,3,50.4,45.5,81.7,74.9,12.0,18.2,64.10000000000001,73.26666666666667,46.729166666666664
2026-03-06 21:00:00,12.0,24.4,35,973.6,7.3,350,0.0,21,4,3,30.8,61.9,92.9,88.9,12.0,32.5,55.61666666666667,69.59166666666667,47.512499999999996
2026-03-06 22:00:00,30.4,23.6,38,973.5,6.8,333,0.0,22,4,3,12.0,50.4,52.2,89.2,12.0,18.6,42.13333333333333,63.18333333333334,47.512499999999996
2026-03-06 23:00:00,22.3,23.1,40,973.6,6.4,331,0.0,23,4,3,30.4,30.8,45.5,93.4,12.0,15.2,38.5,58.28333333333333,48.27916666666667
2026-03-07 00:00:00,12.0,23.8,37,974.3,6.4,350,0.0,0,5,3,22.3,12.0,61.9,71.6,12.0,12.0,34.63333333333333,52.35833333333333,48.708333333333336
2026-03-07 01:00:00,12.0,23.1,39,975.4,5.9,11,0.0,1,5,3,12.0,30.4,50.4,76.6,12.0,40.5,26.316666666666663,47.39166666666666,48.708333333333336
2026-03-07 02:00:00,21.4,24.1,37,976.5,7.6,1,0.0,2,5,3,12.0,22.3,30.8,81.7,12.0,12.0,19.916666666666668,42.00833333333333,48.708333333333336
2026-03-07 03:00:00,20.4,26.9,33,977.6,5.7,18,0.0,3,5,3,21.4,12.0,12.0,92.9,12.0,22.9,18.349999999999998,36.983333333333334,49.1
2026-03-07 04:00:00,41.4,29.7,29,978.2,6.0,41,0.0,4,5,3,20.4,12.0,30.4,52.2,14.2,23.7,19.75,30.941666666666663,49.449999999999996
2026-03-07 05:00:00,21.7,32.4,26,978.3,6.2,69,0.0,5,5,3,41.4,21.4,22.3,45.5,33.1,43.1,21.583333333333332,30.041666666666668,50.583333333333336
2026-03-07 06:00:00,52.5,33.8,23,977.7,6.0,74,0.0,6,5,3,21.7,20.4,12.0,61.9,36.8,67.6,21.483333333333334,28.058333333333334,50.10833333333334
2026-03-07 07:00:00,57.3,35.6,19,976.8,3.3,45,0.0,7,5,3,52.5,41.4,12.0,50.4,62.2,43.2,28.23333333333333,27.275000000000002,50.762499999999996
2026-03-07 08:00:00,83.1,36.6,16,975.7,2.8,342,0.0,8,5,3,57.3,21.7,21.4,30.8,74.9,64.4,35.78333333333333,27.849999999999994,50.55833333333334
2026-03-07 09:00:00,76.2,37.0,16,974.4,4.1,319,0.0,9,5,3,83.1,52.5,20.4,12.0,88.9,74.2,46.06666666666666,32.208333333333336,50.9
2026-03-07 10:00:00,93.1,37.2,16,973.8,3.6,267,0.0,10,5,3,76.2,57.3,41.4,30.4,89.2,88.2,55.36666666666667,37.55833333333333,50.37083333333333
2026-03-07 11:00:00,88.9,37.8,13,973.5,4.2,223,0.0,11,5,3,93.1,83.1,21.7,22.3,93.4,55.5,63.98333333333333,42.78333333333333,50.53333333333334
2026-03-07 12:00:00,64.7,37.0,11,973.6,8.2,23,0.0,12,5,3,88.9,76.2,52.5,12.0,71.6,78.4,75.18333333333332,48.333333333333336,50.34583333333333
2026-03-07 13:00:00,69.9,34.5,14,974.2,8.3,34,0.0,13,5,3,64.7,93.1,57.3,12.0,76.6,103.6,77.21666666666665,52.725,50.05833333333334
2026-03-07 14:00:00,89.5,33.0,17,974.8,6.1,102,0.0,14,5,3,69.9,88.9,83.1,21.4,81.7,89.8,79.31666666666668,57.550000000000004,49.77916666666667
2026-03-07 15:00:00,79.0,31.3,20,975.8,4.5,104,0.0,15,5,3,89.5,64.7,76.2,20.4,92.9,85.1,80.38333333333334,63.225,50.104166666666664
2026-03-07 16:00:00,60.1,30.3,20,976.6,4.3,2,0.0,16,5,3,79.0,69.9,93.1,41.4,52.2,83.9,80.85000000000001,68.10833333333333,49.525000000000006
2026-03-07 17:00:00,61.1,29.1,22,976.9,9.0,325,0.0,17,5,3,60.1,89.5,88.9,21.7,45.5,57.0,75.35000000000001,69.66666666666667,49.854166666666664
2026-03-07 18:00:00,29.7,28.2,25,976.9,9.6,332,0.0,18,5,3,61.1,79.0,64.7,52.5,61.9,13.5,70.71666666666667,72.95,50.50416666666666
2026-03-07 19:00:00,32.7,27.4,28,976.4,8.7,342,0.0,19,5,3,29.7,60.1,69.9,57.3,50.4,12.0,64.88333333333334,71.05,49.162499999999994
2026-03-07 20:00:00,12.0,26.6,30,975.9,8.1,329,0.0,20,5,3,32.7,61.1,89.5,83.1,30.8,12.0,58.68333333333334,69.0,48.425000000000004
2026-03-07 21:00:00,12.0,25.6,32,975.5,7.7,339,0.0,21,5,3,12.0,29.7,79.0,76.2,12.0,12.0,45.76666666666667,63.07500000000001,47.64166666666667
2026-03-07 22:00:00,12.0,25.5,35,975.2,9.9,3,0.0,22,5,3,12.0,32.7,60.1,93.1,30.4,12.0,34.6,57.725,47.64166666666667
2026-03-07 23:00:00,12.0,25.1,38,975.1,12.8,24,0.0,23,5,3,12.0,12.0,61.1,88.9,22.3,12.0,26.583333333333332,50.96666666666667,46.875
2026-03-08 00:00:00,12.0,24.5,42,975.8,12.3,32,0.0,0,6,3,12.0,12.0,29.7,64.7,12.0,12.0,18.400000000000002,44.55833333333334,46.44583333333333
2026-03-08 01:00:00,12.0,24.1,44,976.5,10.9,31,0.0,1,6,3,12.0,12.0,32.7,69.9,12.0,12.0,15.450000000000001,40.166666666666664,46.44583333333333
2026-03-08 02:00:00,12.0,24.8,45,977.4,10.8,32,0.0,2,6,3,12.0,12.0,12.0,89.5,21.4,12.0,12.0,35.34166666666667,46.44583333333333
2026-03-08 03:00:00,21.7,27.2,41,978.4,7.9,27,0.0,3,6,3,12.0,12.0,12.0,79.0,20.4,12.0,12.0,28.883333333333336,46.05416666666667
2026-03-08 04:00:00,17.9,30.4,35,978.9,8.7,32,0.0,4,6,3,21.7,12.0,12.0,60.1,41.4,14.2,13.616666666666667,24.108333333333334,46.10833333333334
2026-03-08 05:00:00,23.0,33.1,24,979.0,11.2,30,0.0,5,6,3,17.9,12.0,12.0,61.1,21.7,33.1,14.6,20.59166666666667,45.12916666666666
2026-03-08 06:00:00,35.3,34.5,18,978.4,11.8,23,0.0,6,6,3,23.0,21.7,12.0,29.7,52.5,36.8,16.433333333333334,17.416666666666668,45.18333333333333
2026-03-08 07:00:00,34.3,36.1,14,977.3,9.5,27,0.0,7,6,3,35.3,17.9,12.0,32.7,57.3,62.2,20.316666666666666,17.883333333333333,44.46666666666667
2026-03-08 08:00:00,53.8,37.0,13,976.4,8.2,32,0.0,8,6,3,34.3,23.0,12.0,12.0,83.1,74.9,24.03333333333333,18.016666666666666,43.50833333333333
2026-03-08 09:00:00,53.7,37.5,12,975.1,6.9,37,0.0,9,6,3,53.8,35.3,21.7,12.0,76.2,88.9,31.0,21.5,42.2875
2026-03-08 10:00:00,80.9,37.7,11,974.0,6.4,43,0.0,10,6,3,53.7,34.3,17.9,12.0,93.1,89.2,36.333333333333336,24.974999999999998,41.35
2026-03-08 11:00:00,66.8,37.6,11,973.7,6.9,33,0.0,11,6,3,80.9,53.8,23.0,12.0,88.9,93.4,46.833333333333336,30.716666666666665,40.84166666666667
2026-03-08 12:00:00,59.5,36.4,11,974.1,9.7,24,0.0,12,6,3,66.8,53.7,35.3,12.0,64.7,71.6,54.13333333333333,35.28333333333333,39.920833333333334
2026-03-08 13:00:00,76.3,34.4,13,974.8,7.4,34,0.0,13,6,3,59.5,80.9,34.3,12.0,69.9,76.6,58.166666666666664,39.24166666666667,39.704166666666666
2026-03-08 14:00:00,84.5,32.9,14,975.5,6.6,64,0.0,14,6,3,76.3,66.8,53.8,12.0,89.5,81.7,65.16666666666667,44.599999999999994,39.97083333333334
2026-03-08 15:00:00,83.3,31.3,16,976.4,5.3,82,0.0,15,6,3,84.5,59.5,53.7,21.7,79.0,92.9,70.28333333333335,50.64166666666666,39.7625
2026-03-08 16:00:00,81.9,29.9,18,976.7,5.3,35,0.0,16,6,3,83.3,76.3,80.9,17.9,60.1,52.2,75.21666666666665,55.775000000000006,39.94166666666667
2026-03-08 17:00:00,53.4,29.6,21,977.0,9.0,13,0.0,17,6,3,81.9,84.5,66.8,23.0,61.1,45.5,75.38333333333334,61.10833333333333,40.85
2026-03-08 18:00:00,20.4,28.6,25,977.3,6.3,360,0.0,18,6,3,53.4,83.3,59.5,35.3,29.7,61.9,73.14999999999999,63.64166666666666,40.52916666666666
2026-03-08 19:00:00,51.8,27.2,30,977.0,4.3,338,0.0,19,6,3,20.4,81.9,76.3,34.3,32.7,50.4,66.63333333333333,62.4,40.14166666666667
2026-03-08 20:00:00,21.8,26.4,32,976.5,5.5,316,0.0,20,6,3,51.8,53.4,84.5,53.8,12.0,30.8,62.550000000000004,63.85833333333334,40.9375
2026-03-08 21:00:00,22.4,25.5,34,976.1,6.9,329,0.0,21,6,3,21.8,20.4,83.3,53.7,12.0,12.0,52.099999999999994,61.19166666666666,41.34583333333333
2026-03-08 22:00:00,15.1,24.7,36,975.5,8.1,328,0.0,22,6,3,22.4,51.8,81.9,80.9,12.0,30.4,41.95,58.583333333333336,41.77916666666667
2026-03-08 23:00:00,12.0,24.2,37,975.4,8.5,333,0.0,23,6,3,15.1,21.8,53.4,66.8,12.0,22.3,30.816666666666666,53.099999999999994,41.90833333333333
2026-03-09 00:00:00,12.0,24.0,42,976.0,7.9,347,0.0,0,0,3,12.0,22.4,20.4,59.5,12.0,12.0,23.916666666666668,48.53333333333333,41.90833333333333
2026-03-09 01:00:00,12.0,24.2,42,976.7,8.5,355,0.0,1,0,3,12.0,15.1,51.8,76.3,12.0,12.0,22.516666666666666,44.574999999999996,41.90833333333333
2026-03-09 02:00:00,12.0,25.1,41,977.7,8.0,10,0.0,2,0,3,12.0,12.0,21.8,84.5,12.0,21.4,15.883333333333333,39.21666666666666,41.90833333333333
2026-03-09 03:00:00,25.7,27.7,35,978.6,5.9,14,0.0,3,0,3,12.0,12.0,22.4,83.3,21.7,20.4,14.25,33.175,41.90833333333333
2026-03-09 04:00:00,52.7,30.5,31,979.2,6.7,24,0.0,4,0,3,25.7,12.0,15.1,81.9,17.9,41.4,14.799999999999999,28.375,42.074999999999996
2026-03-09 05:00:00,42.8,33.4,25,979.4,7.3,42,0.0,5,0,3,52.7,12.0,12.0,53.4,23.0,21.7,21.066666666666666,25.941666666666666,43.525
2026-03-09 06:00:00,29.6,35.5,16,978.9,9.6,56,0.0,6,0,3,42.8,25.7,12.0,20.4,35.3,52.5,26.2,25.058333333333337,44.35
2026-03-09 07:00:00,56.9,36.9,12,977.9,9.1,69,0.0,7,0,3,29.6,52.7,12.0,51.8,34.3,57.3,29.133333333333336,25.825,44.112500000000004
2026-03-09 08:00:00,63.8,37.6,11,977.0,9.3,75,0.0,8,0,3,56.9,42.8,12.0,21.8,53.8,83.1,36.61666666666667,26.25,45.054166666666674
2026-03-09 09:00:00,74.6,37.8,10,976.0,8.6,78,0.0,9,0,3,63.8,29.6,25.7,22.4,53.7,76.2,45.25,29.75,45.47083333333333
2026-03-09 10:00:00,71.3,37.8,10,975.1,8.5,90,0.0,10,0,3,74.6,56.9,52.7,15.1,80.9,93.1,53.4,34.1,46.34166666666667
2026-03-09 11:00:00,79.2,37.4,10,974.8,9.1,108,0.0,11,0,3,71.3,63.8,42.8,12.0,66.8,88.9,56.49999999999999,38.78333333333333,45.94166666666666
2026-03-09 12:00:00,53.0,36.2,10,975.1,11.4,123,0.0,12,0,3,79.2,74.6,29.6,12.0,59.5,64.7,62.56666666666666,44.38333333333333,46.458333333333336
2026-03-09 13:00:00,67.9,33.9,12,975.7,10.3,126,0.0,13,0,3,53.0,71.3,56.9,12.0,76.3,69.9,66.46666666666665,47.800000000000004,46.1875
2026-03-09 14:00:00,75.0,31.9,17,976.5,2.6,124,0.0,14,0,3,67.9,79.2,63.8,12.0,84.5,89.5,68.3,52.458333333333336,45.837500000000006
2026-03-09 15:00:00,87.1,30.7,18,977.2,1.9,248,0.0,15,0,3,75.0,53.0,74.6,25.7,83.3,79.0,70.16666666666667,57.708333333333336,45.44166666666666
2026-03-09 16:00:00,37.6,29.9,20,977.4,3.6,243,0.0,16,0,3,87.1,67.9,71.3,52.7,81.9,60.1,72.25,62.824999999999996,45.6
2026-03-09 17:00:00,59.1,28.8,25,977.5,2.4,312,0.0,17,0,3,37.6,75.0,79.2,42.8,53.4,61.1,66.63333333333334,61.56666666666667,43.75416666666666
2026-03-09 18:00:00,45.2,28.6,21,977.9,6.4,342,0.0,18,0,3,59.1,87.1,53.0,29.6,20.4,29.7,63.28333333333334,62.92499999999999,43.99166666666667
2026-03-09 19:00:00,44.1,27.3,23,977.5,4.6,334,0.0,19,0,3,45.2,37.6,67.9,56.9,51.8,32.7,61.98333333333334,64.225,45.025
2026-03-09 20:00:00,32.9,26.4,24,977.0,5.9,349,0.0,20,0,3,44.1,59.1,75.0,63.8,21.8,12.0,58.01666666666667,63.15833333333333,44.70416666666667
2026-03-09 21:00:00,12.0,25.9,26,976.6,8.0,337,0.0,21,0,3,32.9,45.2,87.1,74.6,22.4,12.0,51.0,60.583333333333336,45.166666666666664
2026-03-09 22:00:00,12.0,25.5,27,976.5,10.5,335,0.0,22,0,3,12.0,44.1,37.6,71.3,15.1,12.0,38.483333333333334,55.36666666666667,44.73333333333333
2026-03-09 23:00:00,12.0,25.2,28,976.5,10.3,349,0.0,23,0,3,12.0,32.9,59.1,79.2,12.0,12.0,34.21666666666667,50.425000000000004,44.604166666666664
2026-03-10 00:00:00,12.0,24.9,30,977.3,8.5,356,0.0,0,1,3,12.0,12.0,45.2,53.0,12.0,12.0,26.366666666666664,44.824999999999996,44.604166666666664
2026-03-10 01:00:00,12.0,24.7,33,978.2,8.6,358,0.0,1,1,3,12.0,12.0,44.1,67.9,12.0,12.0,20.833333333333332,41.40833333333333,44.604166666666664
2026-03-10 02:00:00,33.5,24.7,35,979.4,5.1,100,0.0,2,1,3,12.0,12.0,32.9,75.0,12.0,12.0,15.483333333333334,36.75,44.604166666666664
2026-03-10 03:00:00,12.0,27.3,32,980.4,3.3,347,0.0,3,1,3,33.5,12.0,12.0,87.1,25.7,21.7,15.583333333333334,33.291666666666664,45.5
2026-03-10 04:00:00,48.9,30.6,27,981.1,4.8,48,0.0,4,1,3,12.0,12.0,12.0,37.6,52.7,17.9,15.583333333333334,27.03333333333333,44.92916666666667
2026-03-10 05:00:00,23.7,33.1,23,981.3,6.0,74,0.0,5,1,3,48.9,33.5,12.0,59.1,42.8,23.0,21.733333333333334,27.975000000000005,44.770833333333336
2026-03-10 06:00:00,34.3,34.3,21,980.9,7.2,94,0.0,6,1,3,23.7,12.0,12.0,45.2,29.6,35.3,23.683333333333334,25.025000000000002,43.975
2026-03-10 07:00:00,55.5,35.9,19,979.8,7.6,86,0.0,7,1,3,34.3,48.9,12.0,44.1,56.9,34.3,27.399999999999995,24.116666666666664,44.17083333333334
2026-03-10 08:00:00,64.9,36.6,17,978.7,7.2,76,0.0,8,1,3,55.5,23.7,33.5,32.9,63.8,53.8,34.65,25.066666666666663,44.112500000000004
2026-03-10 09:00:00,74.9,37.1,16,977.6,5.6,86,0.0,9,1,3,64.9,34.3,12.0,12.0,74.6,53.7,39.88333333333333,27.733333333333334,44.15833333333333
2026-03-10 10:00:00,76.4,37.2,16,976.7,4.9,100,0.0,10,1,3,74.9,55.5,48.9,12.0,71.3,80.9,50.36666666666667,32.975,44.17083333333333
2026-03-10 11:00:00,102.0,36.8,16,976.5,4.3,112,0.0,11,1,3,76.4,64.9,23.7,12.0,79.2,66.8,54.949999999999996,38.34166666666667,44.38333333333333
2026-03-10 12:00:00,90.7,35.8,17,976.3,5.6,111,0.0,12,1,3,102.0,74.9,34.3,12.0,53.0,59.5,68.0,45.84166666666667,45.333333333333336
2026-03-10 13:00:00,54.6,33.7,20,976.5,8.6,157,0.0,13,1,3,90.7,76.4,55.5,12.0,67.9,76.3,77.39999999999999,52.400000000000006,46.90416666666667
2026-03-10 14:00:00,80.4,32.5,23,977.1,9.0,170,0.0,14,1,3,54.6,102.0,64.9,33.5,75.0,84.5,77.25,55.949999999999996,46.349999999999994
2026-03-10 15:00:00,78.4,31.7,24,977.7,5.2,155,0.0,15,1,3,80.4,90.7,74.9,12.0,87.1,83.3,79.83333333333333,59.85833333333334,46.574999999999996
2026-03-10 16:00:00,52.4,30.8,26,977.9,3.2,214,0.0,16,1,3,78.4,54.6,76.4,48.9,37.6,81.9,80.41666666666667,65.39166666666667,46.212500000000006
2026-03-10 17:00:00,74.8,30.3,26,978.0,3.6,273,0.0,17,1,3,52.4,80.4,102.0,23.7,59.1,53.4,76.41666666666667,65.68333333333334,46.82916666666667
2026-03-10 18:00:00,60.8,29.6,29,978.0,3.1,320,0.0,18,1,3,74.8,78.4,90.7,34.3,45.2,20.4,71.88333333333334,69.94166666666666,47.48333333333333
2026-03-10 19:00:00,44.7,28.2,30,977.6,6.9,309,0.0,19,1,3,60.8,52.4,54.6,55.5,44.1,51.8,66.9,72.15,48.13333333333333
2026-03-10 20:00:00,25.4,26.7,33,976.9,8.8,298,0.0,20,1,3,44.7,74.8,80.4,64.9,32.9,21.8,65.25,71.25,48.15833333333333
2026-03-10 21:00:00,12.0,26.1,32,976.7,9.8,311,0.0,21,1,3,25.4,60.8,78.4,74.9,12.0,22.4,56.083333333333336,67.95833333333333,47.84583333333333
2026-03-10 22:00:00,41.0,25.4,31,976.6,5.8,292,0.0,22,1,3,12.0,44.7,52.4,76.4,12.0,15.1,45.01666666666666,62.71666666666667,47.84583333333333
2026-03-10 23:00:00,12.0,24.1,33,976.9,1.8,79,0.0,23,1,3,41.0,25.4,74.8,102.0,12.0,12.0,43.11666666666667,59.76666666666667,49.05416666666667
2026-03-11 00:00:00,12.0,24.4,35,977.6,7.2,333,0.0,0,2,3,12.0,12.0,60.8,90.7,12.0,12.0,32.65,52.26666666666667,49.05416666666667
2026-03-11 01:00:00,12.0,24.2,35,978.0,4.6,329,0.0,1,2,3,12.0,41.0,44.7,54.6,12.0,12.0,24.51666666666667,45.708333333333336,49.05416666666667
2026-03-11 02:00:00,16.2,24.9,34,979.2,6.4,335,0.0,2,2,3,12.0,12.0,25.4,80.4,33.5,12.0,19.066666666666666,42.15833333333333,49.05416666666667
2026-03-11 03:00:00,48.3,28.4,29,980.4,1.1,81,0.0,3,2,3,16.2,12.0,12.0,78.4,12.0,25.7,17.53333333333333,36.80833333333334,48.333333333333336
2026-03-11 04:00:00,40.8,31.5,25,981.0,4.9,39,0.0,4,2,3,48.3,12.0,41.0,52.4,48.9,52.7,23.583333333333332,34.3,49.84583333333333
2026-03-11 05:00:00,44.9,33.9,22,981.0,4.8,42,0.0,5,2,3,40.8,16.2,12.0,74.8,23.7,42.8,23.549999999999997,33.333333333333336,49.50833333333333
2026-03-11 06:00:00,43.4,35.0,20,980.3,5.6,65,0.0,6,2,3,44.9,48.3,12.0,60.8,34.3,29.6,29.03333333333333,30.841666666666665,50.39166666666667
2026-03-11 07:00:00,71.1,36.5,17,979.4,4.1,49,0.0,7,2,3,43.4,40.8,12.0,44.7,55.5,56.9,34.26666666666666,29.391666666666666,50.770833333333336
2026-03-11 08:00:00,69.0,37.2,16,978.0,3.2,3,0.0,8,2,3,71.1,44.9,16.2,25.4,64.9,63.8,44.11666666666667,31.591666666666665,51.42083333333334
2026-03-11 09:00:00,57.8,37.4,15,976.6,4.3,336,0.0,9,2,3,69.0,43.4,48.3,12.0,74.9,74.6,52.916666666666664,35.225,51.59166666666667
2026-03-11 10:00:00,65.3,37.4,15,975.7,4.6,334,0.0,10,2,3,57.8,71.1,40.8,41.0,76.4,71.3,54.5,39.041666666666664,50.87916666666667
2026-03-11 11:00:00,106.8,37.0,15,975.1,3.7,317,0.0,11,2,3,65.3,69.0,44.9,12.0,102.0,79.2,58.583333333333336,41.06666666666667,50.416666666666664
2026-03-11 12:00:00,71.2,36.0,16,975.2,1.9,326,0.0,12,2,3,106.8,57.8,43.4,12.0,90.7,53.0,68.89999999999999,48.96666666666667,50.61666666666667
2026-03-11 13:00:00,82.7,34.8,18,975.3,5.0,159,0.0,13,2,3,71.2,65.3,71.1,12.0,54.6,67.9,73.53333333333333,53.9,49.80416666666667
2026-03-11 14:00:00,59.2,32.9,21,975.5,9.9,168,0.0,14,2,3,82.7,106.8,69.0,16.2,80.4,75.0,75.46666666666665,59.791666666666664,50.975
2026-03-11 15:00:00,71.4,31.3,23,976.2,5.2,226,0.0,15,2,3,59.2,71.2,57.8,48.3,78.4,87.1,73.83333333333333,63.375,50.09166666666667
2026-03-11 16:00:00,64.8,30.1,26,976.5,8.0,245,0.0,16,2,3,71.4,82.7,65.3,40.8,52.4,37.6,76.10000000000001,65.3,49.79999999999999
2026-03-11 17:00:00,54.7,29.5,28,976.6,8.4,286,0.0,17,2,3,64.8,59.2,106.8,44.9,74.8,59.1,76.01666666666667,67.3,50.31666666666666
2026-03-11 18:00:00,34.6,29.1,28,976.4,6.9,284,0.0,18,2,3,54.7,71.4,71.2,43.4,60.8,45.2,67.33333333333333,68.11666666666666,49.479166666666664
2026-03-11 19:00:00,37.2,27.7,28,976.0,5.7,307,0.0,19,2,3,34.6,64.8,82.7,71.1,44.7,44.1,61.23333333333334,67.38333333333334,48.387499999999996
2026-03-11 20:00:00,30.7,26.4,30,975.4,5.5,328,0.0,20,2,3,37.2,54.7,59.2,69.0,25.4,32.9,53.650000000000006,64.55833333333332,48.07500000000001
2026-03-11 21:00:00,32.7,25.7,32,975.3,5.2,333,0.0,21,2,3,30.7,34.6,71.4,57.8,12.0,12.0,48.9,61.36666666666667,48.29583333333333
2026-03-11 22:00:00,16.8,25.1,33,974.7,4.6,339,0.0,22,2,3,32.7,37.2,64.8,65.3,41.0,12.0,42.45,59.275,49.15833333333333
2026-03-11 23:00:00,12.8,24.5,33,974.7,5.2,335,0.0,23,2,3,16.8,30.7,54.7,106.8,12.0,12.0,34.45,55.23333333333334,48.15
2026-03-12 00:00:00,15.4,24.0,36,974.9,6.5,336,0.0,0,3,3,12.8,32.7,34.6,71.2,12.0,12.0,27.466666666666665,47.4,48.18333333333334
2026-03-12 01:00:00,23.7,23.9,33,975.9,4.9,336,0.0,1,3,3,15.4,16.8,37.2,82.7,12.0,12.0,24.266666666666666,42.75,48.324999999999996
2026-03-12 02:00:00,17.7,24.5,30,976.5,4.7,351,0.0,2,3,3,23.7,12.8,30.7,59.2,16.2,33.5,22.01666666666667,37.833333333333336,48.8125
2026-03-12 03:00:00,12.0,27.7,25,977.7,2.7,28,0.0,3,3,3,17.7,15.4,32.7,71.4,48.3,12.0,19.85,34.375,48.875
2026-03-12 04:00:00,36.9,31.1,21,978.0,4.3,92,0.0,4,3,3,12.0,23.7,16.8,64.8,40.8,48.9,16.400000000000002,29.424999999999997,47.362500000000004
2026-03-12 05:00:00,31.9,33.9,21,977.8,5.5,117,0.0,5,3,3,36.9,17.7,12.8,54.7,44.9,23.7,19.75,27.099999999999998,47.199999999999996
2026-03-12 06:00:00,43.2,35.1,20,977.0,4.3,114,0.0,6,3,3,31.9,12.0,15.4,34.6,43.4,34.3,22.933333333333334,25.2,46.65833333333333
2026-03-12 07:00:00,61.1,37.0,14,975.8,1.5,69,0.0,7,3,3,43.2,36.9,23.7,37.2,71.1,55.5,27.566666666666666,25.916666666666668,46.650000000000006
2026-03-12 08:00:00,89.6,37.6,13,974.5,1.7,328,0.0,8,3,3,61.1,31.9,17.7,30.7,69.0,64.9,33.8,27.90833333333333,46.23333333333333
2026-03-12 09:00:00,59.4,38.0,12,973.5,3.5,291,0.0,9,3,3,89.6,43.2,12.0,32.7,57.8,74.9,45.78333333333333,32.81666666666666,47.09166666666666
2026-03-12 10:00:00,91.6,38.0,11,972.7,3.6,270,0.0,10,3,3,59.4,61.1,36.9,16.8,65.3,76.4,53.68333333333333,35.041666666666664,47.15833333333333
2026-03-12 11:00:00,86.4,37.8,11,972.4,4.5,209,0.0,11,3,3,91.6,89.6,31.9,12.8,106.8,102.0,62.800000000000004,41.275,48.25416666666666
2026-03-12 12:00:00,58.3,36.9,11,972.5,9.4,178,0.0,12,3,3,86.4,59.4,43.2,15.4,71.2,90.7,71.88333333333333,47.40833333333333,47.40416666666667
2026-03-12 13:00:00,63.0,34.8,12,972.9,8.4,145,0.0,13,3,3,58.3,91.6,61.1,23.7,82.7,54.6,74.39999999999999,50.98333333333333,46.86666666666667
2026-03-12 14:00:00,72.7,32.7,15,973.4,6.1,185,0.0,14,3,3,63.0,86.4,89.6,17.7,59.2,80.4,74.71666666666665,54.258333333333326,46.04583333333333
2026-03-12 15:00:00,57.8,31.3,17,974.5,7.1,313,0.0,15,3,3,72.7,58.3,59.4,12.0,71.4,78.4,71.89999999999999,58.84166666666667,46.60833333333333
2026-03-12 16:00:00,56.7,31.9,17,975.0,9.5,314,0.0,16,3,3,57.8,63.0,91.6,36.9,64.8,52.4,71.63333333333334,62.65833333333333,46.041666666666664
2026-03-12 17:00:00,44.0,32.4,16,975.1,11.1,316,0.0,17,3,3,56.7,72.7,86.4,31.9,54.7,74.8,65.81666666666666,64.30833333333334,45.70416666666666
2026-03-12 18:00:00,28.9,30.4,18,974.6,10.5,352,0.0,18,3,3,44.0,57.8,58.3,43.2,34.6,60.8,58.75,65.31666666666666,45.25833333333333
2026-03-12 19:00:00,28.4,28.5,21,974.3,7.8,356,0.0,19,3,3,28.9,56.7,63.0,61.1,37.2,44.7,53.85,64.125,45.020833333333336
2026-03-12 20:00:00,12.0,27.3,22,973.9,7.9,333,0.0,20,3,3,28.4,44.0,72.7,89.6,30.7,25.4,48.083333333333336,61.4,44.65416666666666
2026-03-12 21:00:00,17.4,26.3,23,973.2,10.1,340,0.0,21,3,3,12.0,28.9,57.8,59.4,32.7,12.0,37.96666666666667,54.93333333333333,43.875
2026-03-12 22:00:00,26.9,25.8,24,973.0,8.0,346,0.0,22,3,3,17.4,28.4,56.7,91.6,16.8,41.0,31.23333333333333,51.43333333333334,43.237500000000004
2026-03-12 23:00:00,12.0,24.9,26,972.8,7.1,351,0.0,23,3,3,26.9,12.0,44.0,86.4,12.8,12.0,26.266666666666666,46.041666666666664,43.65833333333333
2026-03-13 00:00:00,24.1,23.5,33,972.9,1.8,336,0.0,0,4,3,12.0,17.4,28.9,58.3,15.4,12.0,20.933333333333334,39.84166666666667,43.625
2026-03-13 01:00:00,24.1,23.3,32,974.0,3.6,315,0.0,1,4,3,24.1,26.9,28.4,63.0,23.7,12.0,20.13333333333333,36.99166666666667,43.98749999999999
2026-03-13 02:00:00,16.2,24.2,31,975.0,4.9,350,0.0,2,4,3,24.1,12.0,12.0,72.7,17.7,16.2,19.416666666666668,33.75,44.00416666666667
2026-03-13 03:00:00,16.9,27.6,25,976.0,2.5,360,0.0,3,4,3,16.2,24.1,17.4,57.8,12.0,48.3,20.116666666666667,29.041666666666668,43.94166666666667
2026-03-13 04:00:00,37.0,31.2,20,976.6,1.9,73,0.0,4,4,3,16.9,24.1,26.9,56.7,36.9,40.8,20.033333333333335,25.63333333333333,44.145833333333336
2026-03-13 05:00:00,26.1,34.1,17,976.6,2.8,130,0.0,5,4,3,37.0,16.2,12.0,44.0,31.9,44.9,21.71666666666667,23.991666666666664,44.15
2026-03-13 06:00:00,82.7,35.2,16,975.9,1.9,151,0.0,6,4,3,26.1,16.9,24.1,28.9,43.2,43.4,24.066666666666666,22.5,43.90833333333334
2026-03-13 07:00:00,70.7,37.7,11,975.1,1.5,306,0.0,7,4,3,82.7,37.0,24.1,28.4,61.1,71.1,33.833333333333336,26.98333333333333,45.55416666666667
2026-03-13 08:00:00,72.4,38.2,10,974.0,4.1,326,0.0,8,4,3,70.7,26.1,16.2,12.0,89.6,69.0,41.599999999999994,30.508333333333336,45.95416666666666
2026-03-13 09:00:00,80.2,38.4,9,972.9,7.3,332,0.0,9,4,3,72.4,82.7,16.9,17.4,59.4,57.8,50.96666666666667,35.541666666666664,45.237500000000004
2026-03-13 10:00:00,62.7,38.3,8,972.3,8.9,339,0.0,10,4,3,80.2,70.7,37.0,26.9,91.6,65.3,61.51666666666667,40.775,46.104166666666664
2026-03-13 11:00:00,51.0,38.0,7,971.9,9.0,350,0.0,11,4,3,62.7,72.4,26.1,12.0,86.4,106.8,65.8,43.75833333333333,44.9
2026-03-13 12:00:00,82.1,37.4,8,971.9,7.1,6,0.0,12,4,3,51.0,80.2,82.7,24.1,58.3,71.2,69.95,47.00833333333333,43.425000000000004
2026-03-13 13:00:00,103.9,34.7,11,972.3,1.4,130,0.0,13,4,3,82.1,62.7,70.7,24.1,63.0,82.7,69.85000000000001,51.84166666666667,44.416666666666664
2026-03-13 14:00:00,63.6,32.8,14,972.9,12.3,176,0.0,14,4,3,103.9,51.0,72.4,16.2,72.7,59.2,75.38333333333334,58.49166666666667,46.12083333333333
2026-03-13 15:00:00,39.6,32.4,16,973.3,11.5,177,0.0,15,4,3,63.6,82.1,80.2,16.9,57.8,71.4,73.91666666666667,62.44166666666667,45.74166666666667
2026-03-13 16:00:00,49.2,31.8,17,973.6,6.4,196,0.0,16,4,3,39.6,103.9,62.7,37.0,56.7,64.8,67.14999999999999,64.33333333333333,44.98333333333333
2026-03-13 17:00:00,33.2,30.4,19,974.1,10.1,317,0.0,17,4,3,49.2,63.6,51.0,26.1,44.0,54.7,64.9,65.35000000000001,44.67083333333334
2026-03-13 18:00:00,53.4,30.0,17,974.3,6.8,335,0.0,18,4,3,33.2,39.6,82.1,82.7,28.9,34.6,61.93333333333334,65.94166666666668,44.22083333333333
2026-03-13 19:00:00,31.5,28.1,19,973.9,10.9,351,0.0,19,4,3,53.4,49.2,103.9,70.7,28.4,37.2,57.15,63.5,45.24166666666667
2026-03-13 20:00:00,41.2,26.8,21,973.7,2.1,255,0.0,20,4,3,31.5,33.2,63.6,72.4,12.0,30.7,45.083333333333336,60.23333333333334,45.37083333333334
2026-03-13 21:00:00,36.3,26.0,22,973.3,2.7,212,0.0,21,4,3,41.2,53.4,39.6,80.2,17.4,32.7,41.35,57.63333333333333,46.587500000000006
2026-03-13 22:00:00,13.5,25.5,23,973.2,4.2,223,0.0,22,4,3,36.3,31.5,49.2,62.7,26.9,16.8,40.800000000000004,53.975,47.375
2026-03-13 23:00:00,45.6,25.3,23,972.8,0.9,323,0.0,23,4,3,13.5,41.2,33.2,51.0,12.0,12.8,34.85,49.875,46.81666666666666
2026-03-14 00:00:00,12.0,24.5,29,973.3,1.7,288,0.0,0,5,3,45.6,36.3,53.4,82.1,24.1,15.4,36.916666666666664,49.425000000000004,48.21666666666666
2026-03-14 01:00:00,31.8,23.6,29,974.4,3.7,331,0.0,1,5,3,12.0,13.5,31.5,103.9,24.1,23.7,30.016666666666666,43.583333333333336,47.7125
2026-03-14 02:00:00,18.5,24.3,28,975.9,4.5,344,0.0,2,5,3,31.8,45.6,41.2,63.6,16.2,17.7,30.066666666666666,37.574999999999996,48.03333333333334
2026-03-14 03:00:00,49.5,27.5,23,977.2,1.8,174,0.0,3,5,3,18.5,12.0,36.3,39.6,16.9,12.0,26.283333333333335,33.81666666666667,48.12916666666667
2026-03-14 04:00:00,25.1,30.4,22,977.9,6.0,209,0.0,4,5,3,49.5,31.8,13.5,49.2,37.0,36.9,28.48333333333333,34.641666666666666,49.487500000000004
2026-03-14 05:00:00,27.5,33.4,19,977.6,10.1,211,0.0,5,5,3,25.1,18.5,45.6,33.2,26.1,31.9,30.416666666666668,32.63333333333333,48.99166666666667
2026-03-14 06:00:00,29.2,35.7,18,976.9,13.8,217,0.0,6,5,3,27.5,49.5,12.0,53.4,82.7,43.2,27.400000000000002,32.15833333333333,49.050000000000004
2026-03-14 07:00:00,12.0,37.1,16,975.9,15.5,220,0.0,7,5,3,29.2,25.1,31.8,31.5,70.7,61.1,30.266666666666666,30.141666666666666,46.82083333333333
2026-03-14 08:00:00,32.0,37.9,13,974.8,15.2,224,0.0,8,5,3,12.0,27.5,18.5,41.2,72.4,89.6,26.966666666666665,28.516666666666666,44.375
2026-03-14 09:00:00,49.0,38.2,12,973.7,15.0,225,0.0,9,5,3,32.0,29.2,49.5,36.3,80.2,59.4,29.216666666666665,27.75,42.69166666666666
2026-03-14 10:00:00,72.3,38.0,12,973.0,14.0,224,0.0,10,5,3,49.0,12.0,25.1,13.5,62.7,91.6,29.133333333333336,28.808333333333334,41.39166666666667
2026-03-14 11:00:00,73.8,37.6,12,972.7,12.7,219,0.0,11,5,3,72.3,32.0,27.5,45.6,51.0,86.4,37.0,33.708333333333336,41.791666666666664
2026-03-14 12:00:00,83.2,37.1,13,972.1,12.5,212,0.0,12,5,3,73.8,49.0,29.2,12.0,82.1,58.3,44.71666666666667,36.05833333333333,42.74166666666667
2026-03-14 13:00:00,29.2,35.2,15,972.9,12.8,196,0.0,13,5,3,83.2,72.3,12.0,31.8,103.9,63.0,53.71666666666666,41.99166666666667,42.787499999999994
2026-03-14 14:00:00,62.5,33.8,17,973.5,12.9,205,0.0,14,5,3,29.2,73.8,32.0,18.5,63.6,72.7,56.583333333333336,41.775,39.675
2026-03-14 15:00:00,58.0,32.5,18,974.3,12.9,208,0.0,15,5,3,62.5,83.2,49.0,49.5,39.6,57.8,61.666666666666664,45.44166666666666,39.62916666666666
2026-03-14 16:00:00,53.6,32.0,19,974.7,12.3,205,0.0,16,5,3,58.0,29.2,72.3,25.1,49.2,56.7,63.166666666666664,46.15,40.395833333333336
2026-03-14 17:00:00,36.8,31.7,19,974.6,10.7,228,0.0,17,5,3,53.6,62.5,73.8,27.5,33.2,44.0,60.050000000000004,48.525,40.579166666666666
2026-03-14 18:00:00,12.0,29.4,25,975.3,15.0,196,0.0,18,5,3,36.8,58.0,83.2,29.2,53.4,28.9,53.88333333333333,49.300000000000004,40.729166666666664
2026-03-14 19:00:00,12.4,28.9,29,975.2,15.7,226,0.0,19,5,3,12.0,53.6,29.2,12.0,31.5,28.4,42.016666666666666,47.86666666666667,39.00416666666667
2026-03-14 20:00:00,12.0,28.6,30,974.6,13.0,223,0.0,20,5,3,12.4,36.8,62.5,32.0,41.2,12.0,39.21666666666667,47.9,38.208333333333336
2026-03-14 21:00:00,16.9,27.8,30,974.2,10.7,203,0.0,21,5,3,12.0,12.0,58.0,49.0,36.3,17.4,30.8,46.23333333333333,36.99166666666667
2026-03-14 22:00:00,21.1,27.1,30,974.2,10.1,230,0.0,22,5,3,16.9,12.4,53.6,72.3,13.5,26.9,23.95,43.55833333333334,36.18333333333333
2026-03-14 23:00:00,12.0,26.5,31,974.3,12.0,234,0.0,23,5,3,21.1,12.0,36.8,73.8,45.6,12.0,18.533333333333335,39.291666666666664,36.5
2026-03-15 00:00:00,12.0,25.4,43,974.9,11.6,222,0.0,0,6,3,12.0,16.9,12.0,83.2,12.0,24.1,14.4,34.14166666666667,35.1
2026-03-15 01:00:00,19.6,25.1,42,975.5,8.9,223,0.0,1,6,3,12.0,21.1,12.4,29.2,31.8,24.1,14.4,28.208333333333332,35.1
2026-03-15 02:00:00,12.0,26.0,40,976.2,6.6,225,0.0,2,6,3,19.6,12.0,12.0,62.5,18.5,16.2,15.6,27.40833333333333,34.59166666666667
2026-03-15 03:00:00,30.7,28.9,34,977.4,6.6,213,0.0,3,6,3,12.0,12.0,16.9,58.0,49.5,16.9,15.6,23.2,34.32083333333333
2026-03-15 04:00:00,24.9,31.8,28,978.0,8.7,218,0.0,4,6,3,30.7,19.6,21.1,53.6,25.1,37.0,17.9,20.925,33.5375
2026-03-15 05:00:00,46.9,34.2,22,978.1,7.3,220,0.0,5,6,3,24.9,12.0,12.0,36.8,27.5,26.1,18.533333333333335,18.533333333333335,33.52916666666666
2026-03-15 06:00:00,45.0,35.0,20,977.3,4.7,242,0.0,6,6,3,46.9,30.7,12.0,12.0,29.2,82.7,24.349999999999998,19.375,34.3375
2026-03-15 07:00:00,35.5,36.6,17,976.2,5.1,253,0.0,7,6,3,45.0,24.9,19.6,12.4,12.0,70.7,29.849999999999998,22.125,34.99583333333333
2026-03-15 08:00:00,88.3,37.4,15,975.0,5.2,236,0.0,8,6,3,35.5,46.9,12.0,12.0,32.0,72.4,32.5,24.049999999999997,35.975
2026-03-15 09:00:00,74.5,37.9,15,973.6,6.2,232,0.0,9,6,3,88.3,45.0,30.7,16.9,49.0,80.2,45.21666666666667,30.40833333333333,38.32083333333333
2026-03-15 10:00:00,41.9,38.0,14,972.8,6.6,237,0.0,10,6,3,74.5,35.5,24.9,21.1,72.3,62.7,52.51666666666666,35.208333333333336,39.38333333333333
2026-03-15 11:00:00,59.4,37.5,14,972.3,9.3,238,0.0,11,6,3,41.9,88.3,46.9,12.0,73.8,51.0,55.35,36.94166666666666,38.11666666666667
2026-03-15 12:00:00,73.7,34.2,21,973.3,10.1,211,0.0,12,6,3,59.4,74.5,45.0,12.0,83.2,82.1,57.43333333333334,40.891666666666666,37.516666666666666
2026-03-15 13:00:00,90.6,33.0,24,973.5,10.1,190,0.0,13,6,3,73.7,41.9,35.5,19.6,29.2,103.9,62.21666666666667,46.03333333333333,37.12083333333333
2026-03-15 14:00:00,76.8,32.3,26,973.9,8.0,196,0.0,14,6,3,90.6,59.4,88.3,12.0,62.5,63.6,71.39999999999999,51.949999999999996,39.67916666666667
2026-03-15 15:00:00,68.3,31.6,27,974.3,8.7,167,0.0,15,6,3,76.8,73.7,74.5,30.7,58.0,39.6,69.48333333333333,57.349999999999994,40.275
2026-03-15 16:00:00,54.2,30.8,29,974.7,6.7,153,0.0,16,6,3,68.3,90.6,41.9,24.9,53.6,49.2,68.45,60.48333333333333,40.70416666666666
2026-03-15 17:00:00,48.6,30.1,30,974.9,5.4,217,0.0,17,6,3,54.2,76.8,59.4,46.9,36.8,33.2,70.5,62.925000000000004,40.729166666666664
2026-03-15 18:00:00,36.6,29.0,33,974.6,10.1,213,0.0,18,6,3,48.6,68.3,73.7,45.0,12.0,53.4,68.7,63.06666666666666,41.22083333333333
2026-03-15 19:00:00,12.0,27.9,36,974.3,11.6,208,0.0,19,6,3,36.6,54.2,90.6,35.5,12.4,31.5,62.51666666666667,62.36666666666667,42.24583333333333
2026-03-15 20:00:00,12.0,27.2,38,973.8,12.6,202,0.0,20,6,3,12.0,48.6,76.8,88.3,12.0,41.2,49.416666666666664,60.40833333333333,42.229166666666664
2026-03-15 21:00:00,14.3,26.4,41,973.1,11.0,199,0.0,21,6,3,12.0,36.6,68.3,74.5,16.9,36.3,38.61666666666667,54.050000000000004,42.229166666666664
2026-03-15 22:00:00,27.2,25.8,43,973.0,9.8,215,0.0,22,6,3,14.3,12.0,54.2,41.9,21.1,13.5,29.616666666666664,49.03333333333333,42.12083333333333
2026-03-15 23:00:00,15.2,25.2,43,973.1,9.6,230,0.0,23,6,3,27.2,12.0,48.6,59.4,12.0,45.6,25.116666666666664,47.80833333333334,42.375
2026-03-16 00:00:00,12.0,24.9,51,973.2,10.6,236,0.0,0,0,3,15.2,14.3,36.6,73.7,12.0,12.0,19.55,44.125,42.50833333333333
2026-03-16 01:00:00,33.7,25.0,45,974.1,7.8,244,0.0,1,0,3,12.0,27.2,12.0,90.6,19.6,31.8,15.450000000000001,38.983333333333334,42.50833333333333
2026-03-16 02:00:00,22.3,26.1,39,975.5,5.0,283,0.0,2,0,3,33.7,15.2,12.0,76.8,12.0,18.5,19.066666666666666,34.24166666666667,43.09583333333333
2026-03-16 03:00:00,43.1,28.2,33,976.6,1.9,209,0.0,3,0,3,22.3,12.0,14.3,68.3,30.7,49.5,20.783333333333335,29.700000000000003,43.525
2026-03-16 04:00:00,37.0,30.8,28,977.3,1.4,247,0.0,4,0,3,43.1,33.7,27.2,54.2,24.9,25.1,25.583333333333332,27.600000000000005,44.041666666666664
2026-03-16 05:00:00,46.4,33.2,22,976.8,1.1,288,0.0,5,0,3,37.0,22.3,15.2,48.6,46.9,27.5,27.21666666666667,26.166666666666668,44.54583333333333
2026-03-16 06:00:00,64.4,33.5,20,976.3,1.7,148,0.0,6,0,3,46.4,43.1,12.0,36.6,45.0,29.2,32.41666666666667,25.983333333333334,44.525
2026-03-16 07:00:00,82.2,35.9,17,975.2,4.3,202,0.0,7,0,3,64.4,37.0,33.7,12.0,35.5,12.0,41.150000000000006,28.3,45.333333333333336
2026-03-16 08:00:00,49.7,36.8,16,973.8,7.5,230,0.0,8,0,3,82.2,46.4,22.3,12.0,88.3,32.0,49.23333333333334,34.150000000000006,47.27916666666667
2026-03-16 09:00:00,61.6,37.3,15,972.4,8.8,219,0.0,9,0,3,49.7,64.4,43.1,14.3,74.5,49.0,53.800000000000004,37.29166666666667,45.67083333333333
2026-03-16 10:00:00,59.7,37.3,15,971.6,11.6,215,0.0,10,0,3,61.6,82.2,37.0,27.2,41.9,72.3,56.88333333333335,41.23333333333334,45.13333333333333
2026-03-16 11:00:00,30.2,36.6,15,971.3,14.3,229,0.0,11,0,3,59.7,49.7,46.4,15.2,59.4,73.8,60.66666666666668,43.94166666666666,45.875
2026-03-16 12:00:00,77.5,35.8,13,970.9,10.2,217,0.0,12,0,3,30.2,61.6,64.4,12.0,73.7,83.2,57.96666666666667,45.19166666666667,44.65833333333334
2026-03-16 13:00:00,70.3,34.3,15,971.4,7.6,218,0.0,13,0,3,77.5,59.7,82.2,33.7,90.6,29.2,60.15,50.650000000000006,44.81666666666666
2026-03-16 14:00:00,50.9,33.1,17,972.0,6.6,257,0.0,14,0,3,70.3,30.2,49.7,22.3,76.8,62.5,58.166666666666664,53.699999999999996,43.97083333333333
2026-03-16 15:00:00,55.6,31.5,19,972.9,8.3,207,0.0,15,0,3,50.9,77.5,61.6,43.1,68.3,58.0,58.36666666666667,56.08333333333334,42.89166666666667
2026-03-16 16:00:00,20.8,29.5,25,974.3,12.6,193,0.0,16,0,3,55.6,70.3,59.7,37.0,54.2,53.6,57.36666666666667,57.125,42.362500000000004
2026-03-16 17:00:00,29.6,28.9,31,974.7,11.8,227,0.0,17,0,3,20.8,50.9,30.2,46.4,48.6,36.8,50.88333333333333,55.775000000000006,40.97083333333334
2026-03-16 18:00:00,34.9,28.6,34,974.6,11.9,212,0.0,18,0,3,29.6,55.6,77.5,64.4,36.6,12.0,50.78333333333333,54.37500000000001,40.17916666666667
2026-03-16 19:00:00,12.0,27.4,39,974.5,12.3,211,0.0,19,0,3,34.9,20.8,70.3,82.2,12.0,12.4,43.68333333333334,51.916666666666664,40.108333333333334
2026-03-16 20:00:00,18.1,26.6,42,973.9,11.5,211,0.0,20,0,3,12.0,29.6,50.9,49.7,12.0,12.0,33.96666666666666,46.06666666666667,40.108333333333334
2026-03-16 21:00:00,30.0,25.9,45,973.4,11.2,220,0.0,21,0,3,18.1,34.9,55.6,61.6,14.3,16.9,28.5,43.43333333333334,40.362500000000004
2026-03-16 22:00:00,12.0,25.2,47,973.0,10.4,216,0.0,22,0,3,30.0,12.0,20.8,59.7,27.2,21.1,24.233333333333334,40.8,41.01666666666667
2026-03-16 23:00:00,12.0,24.9,47,973.0,9.4,228,0.0,23,0,3,12.0,18.1,29.6,30.2,15.2,12.0,22.766666666666666,36.824999999999996,40.38333333333333
2026-03-17 00:00:00,17.9,24.9,59,973.6,4.8,211,0.0,0,1,3,12.0,30.0,34.9,77.5,12.0,12.0,19.833333333333332,35.30833333333333,40.25000000000001
2026-03-17 01:00:00,57.9,24.6,61,974.7,3.8,221,0.0,1,1,3,17.9,12.0,12.0,70.3,33.7,19.6,17.0,30.34166666666667,40.49583333333334
2026-03-17 02:00:00,27.0,25.3,60,975.4,5.7,204,0.0,2,1,3,57.9,12.0,18.1,50.9,22.3,12.0,24.650000000000002,29.308333333333334,41.50416666666667
2026-03-17 03:00:00,38.0,27.8,50,976.2,5.2,200,0.0,3,1,3,27.0,17.9,30.0,55.6,43.1,30.7,26.133333333333336,27.316666666666666,41.7
2026-03-17 04:00:00,55.7,30.5,38,976.6,3.7,215,0.0,4,1,3,38.0,57.9,12.0,20.8,37.0,24.9,27.46666666666667,25.849999999999998,41.487500000000004
2026-03-17 05:00:00,65.9,32.9,30,976.5,3.6,207,0.0,5,1,3,55.7,27.0,12.0,29.6,46.4,46.9,34.75,28.75833333333333,42.26666666666667
2026-03-17 06:00:00,43.7,34.2,27,975.9,7.1,199,0.0,6,1,3,65.9,38.0,17.9,34.9,64.4,45.0,43.73333333333333,31.78333333333333,43.07916666666667
2026-03-17 07:00:00,54.3,35.7,20,974.7,8.1,215,0.0,7,1,3,43.7,55.7,57.9,12.0,82.2,35.5,48.03333333333333,32.51666666666667,42.21666666666666
2026-03-17 08:00:00,46.4,36.4,16,973.6,11.5,219,0.0,8,1,3,54.3,65.9,27.0,18.1,49.7,88.3,47.43333333333334,36.041666666666664,41.05416666666667
2026-03-17 09:00:00,51.2,36.6,15,972.2,14.3,214,0.0,9,1,3,46.4,43.7,38.0,30.0,61.6,74.5,50.666666666666664,38.4,40.916666666666664
2026-03-17 10:00:00,45.9,36.7,13,971.5,16.1,214,0.0,10,1,3,51.2,54.3,55.7,12.0,59.7,41.9,52.86666666666667,40.166666666666664,40.483333333333334
2026-03-17 11:00:00,44.8,36.2,12,971.4,16.2,212,0.0,11,1,3,45.9,46.4,65.9,12.0,30.2,59.4,51.23333333333333,42.99166666666667,39.90833333333334
2026-03-17 12:00:00,87.7,35.5,13,971.3,14.7,213,0.0,12,1,3,44.8,51.2,43.7,17.9,77.5,73.7,47.71666666666667,45.725,40.516666666666666
2026-03-17 13:00:00,32.5,33.8,14,971.6,11.4,196,0.0,13,1,3,87.7,45.9,54.3,57.9,70.3,90.6,55.050000000000004,51.541666666666664,40.94166666666667
2026-03-17 14:00:00,71.5,33.2,15,972.5,9.1,188,0.0,14,1,3,32.5,44.8,46.4,27.0,50.9,76.8,51.416666666666664,49.425000000000004,39.36666666666667
2026-03-17 15:00:00,52.2,32.5,16,973.7,7.0,212,0.0,15,1,3,71.5,87.7,51.2,38.0,55.6,68.3,55.6,53.13333333333333,40.225
2026-03-17 16:00:00,42.0,30.3,19,974.5,10.0,206,0.0,16,1,3,52.2,32.5,45.9,55.7,20.8,54.2,55.76666666666666,54.31666666666667,40.083333333333336
2026-03-17 17:00:00,47.8,29.7,20,974.8,9.6,256,0.0,17,1,3,42.0,71.5,44.8,65.9,29.6,48.6,55.11666666666667,53.175000000000004,40.96666666666666
2026-03-17 18:00:00,33.4,29.5,22,975.0,11.9,281,0.0,18,1,3,47.8,52.2,87.7,43.7,34.9,36.6,55.61666666666667,51.666666666666664,41.725
2026-03-17 19:00:00,44.2,29.4,22,975.0,6.2,237,0.0,19,1,3,33.4,42.0,32.5,54.3,12.0,12.0,46.56666666666666,50.80833333333333,41.6625
2026-03-17 20:00:00,18.0,27.8,27,974.6,10.1,202,0.0,20,1,3,44.2,47.8,71.5,46.4,18.1,12.0,48.51666666666667,49.96666666666667,43.00416666666666
2026-03-17 21:00:00,19.1,26.5,33,974.1,10.1,186,0.0,21,1,3,18.0,33.4,52.2,51.2,30.0,14.3,39.6,47.6,43.0
2026-03-17 22:00:00,12.0,24.9,40,974.1,11.9,158,0.0,22,1,3,19.1,44.2,42.0,45.9,12.0,27.2,34.083333333333336,44.925000000000004,42.54583333333333
2026-03-17 23:00:00,16.6,24.5,45,974.3,10.1,182,0.0,23,1,3,12.0,18.0,47.8,44.8,12.0,15.2,29.083333333333332,42.1,42.54583333333333
2026-03-18 00:00:00,12.0,23.8,53,975.3,8.3,184,0.0,0,2,3,16.6,19.1,33.4,87.7,17.9,12.0,23.883333333333336,39.75,42.737500000000004
2026-03-18 01:00:00,13.5,23.8,55,976.2,6.0,190,0.0,1,2,3,12.0,12.0,44.2,32.5,57.9,33.7,20.316666666666666,33.44166666666666,42.49166666666667
2026-03-18 02:00:00,38.8,24.6,54,977.5,5.7,217,0.0,2,2,3,13.5,16.6,18.0,71.5,27.0,22.3,15.200000000000003,31.85833333333333,40.641666666666666
2026-03-18 03:00:00,39.7,26.2,49,978.2,7.1,207,0.0,3,2,3,38.8,12.0,19.1,52.2,38.0,43.1,18.666666666666668,29.13333333333333,41.13333333333333
2026-03-18 04:00:00,12.0,28.0,44,978.8,10.3,202,0.0,4,2,3,39.7,13.5,12.0,42.0,55.7,37.0,22.099999999999998,28.091666666666665,41.204166666666666
2026-03-18 05:00:00,47.2,30.1,37,978.7,12.1,203,0.0,5,2,3,12.0,38.8,16.6,47.8,65.9,46.4,22.099999999999998,25.591666666666665,39.38333333333333
2026-03-18 06:00:00,12.0,30.4,37,978.8,16.2,201,0.0,6,2,3,47.2,39.7,12.0,33.4,43.7,64.4,27.200000000000003,25.541666666666668,38.604166666666664
2026-03-18 07:00:00,35.8,32.1,31,977.6,14.9,211,0.0,7,2,3,12.0,12.0,13.5,44.2,54.3,82.2,27.200000000000003,23.758333333333336,37.28333333333334
2026-03-18 08:00:00,36.0,33.6,26,976.6,13.8,217,0.0,8,2,3,35.8,47.2,38.8,18.0,46.4,49.7,30.916666666666668,23.058333333333334,36.512499999999996
2026-03-18 09:00:00,58.3,34.3,23,975.4,12.4,216,0.0,9,2,3,36.0,12.0,39.7,19.1,51.2,61.6,30.45,24.558333333333334,36.079166666666666
2026-03-18 10:00:00,54.9,34.2,22,974.2,12.9,199,0.0,10,2,3,58.3,35.8,12.0,12.0,45.9,59.7,33.550000000000004,27.825,36.375
2026-03-18 11:00:00,62.7,33.6,22,974.1,13.1,193,0.0,11,2,3,54.9,36.0,47.2,16.6,44.8,30.2,40.699999999999996,31.399999999999995,36.75
2026-03-18 12:00:00,26.7,32.1,24,973.9,14.9,201,0.0,12,2,3,62.7,58.3,12.0,12.0,87.7,77.5,43.28333333333333,35.24166666666667,37.49583333333333
2026-03-18 13:00:00,53.6,30.9,27,974.5,11.6,186,0.0,13,2,3,26.7,54.9,35.8,13.5,32.5,70.3,45.73333333333333,36.46666666666667,34.954166666666666
2026-03-18 14:00:00,16.9,29.8,30,975.2,14.2,180,0.0,14,2,3,53.6,62.7,36.0,38.8,71.5,50.9,48.699999999999996,39.80833333333334,35.833333333333336
2026-03-18 15:00:00,42.6,29.0,32,976.2,13.7,191,0.0,15,2,3,16.9,26.7,58.3,39.7,52.2,55.6,45.51666666666667,37.983333333333334,33.55833333333333
2026-03-18 16:00:00,13.0,28.0,33,977.0,14.4,179,0.0,16,2,3,42.6,53.6,54.9,12.0,42.0,20.8,42.9,38.225,33.15833333333334
2026-03-18 17:00:00,25.9,26.8,35,977.7,16.6,179,0.0,17,2,3,13.0,16.9,62.7,47.2,47.8,29.6,35.916666666666664,38.30833333333334,31.950000000000003
2026-03-18 18:00:00,47.4,26.1,39,976.9,12.2,204,0.0,18,2,3,25.9,42.6,26.7,12.0,33.4,34.9,29.78333333333333,36.53333333333333,31.037499999999998
2026-03-18 19:00:00,25.9,24.8,46,976.8,7.7,191,0.0,19,2,3,47.4,13.0,53.6,35.8,44.2,12.0,33.233333333333334,39.48333333333333,31.620833333333334
2026-03-18 20:00:00,31.2,24.3,50,976.5,8.6,231,0.0,20,2,3,25.9,25.9,16.9,36.0,18.0,18.1,28.61666666666667,38.65833333333334,30.85833333333333
2026-03-18 21:00:00,31.7,23.7,54,976.4,5.6,132,0.0,21,2,3,31.2,47.4,42.6,58.3,19.1,30.0,31.0,38.25833333333333,31.40833333333333
2026-03-18 22:00:00,26.8,23.4,56,976.2,4.4,297,0.0,22,2,3,31.7,25.9,13.0,54.9,12.0,12.0,29.183333333333326,36.041666666666664,31.933333333333337
2026-03-18 23:00:00,12.0,22.9,61,976.3,6.1,236,0.0,23,2,3,26.8,31.2,25.9,62.7,16.6,12.0,31.48333333333333,33.7,32.550000000000004
2026-03-19 00:00:00,12.0,22.3,54,976.9,3.8,109,0.0,0,3,3,12.0,31.7,47.4,26.7,12.0,17.9,29.166666666666668,29.474999999999998,32.358333333333334
2026-03-19 01:00:00,21.7,21.5,60,977.9,1.1,81,0.0,1,3,3,12.0,26.8,25.9,53.6,13.5,57.9,23.266666666666666,28.25,32.358333333333334
2026-03-19 02:00:00,36.3,23.0,52,979.0,1.4,230,0.0,2,3,3,21.7,12.0,31.2,16.9,38.8,27.0,22.566666666666663,25.591666666666665,32.699999999999996
2026-03-19 03:00:00,17.5,25.5,42,979.9,6.0,261,0.0,3,3,3,36.3,12.0,31.7,42.6,39.7,38.0,23.416666666666668,27.208333333333332,32.59583333333333
2026-03-19 04:00:00,30.5,28.2,35,980.3,9.0,260,0.0,4,3,3,17.5,21.7,26.8,13.0,12.0,55.7,21.05,25.116666666666664,31.670833333333334
2026-03-19 05:00:00,22.3,30.8,30,980.0,9.2,242,0.0,5,3,3,30.5,36.3,12.0,25.9,47.2,65.9,21.666666666666668,26.575,32.44166666666667
2026-03-19 06:00:00,34.9,31.8,29,979.4,9.8,224,0.0,6,3,3,22.3,17.5,12.0,47.4,12.0,43.7,23.383333333333336,26.275000000000002,31.404166666666665
2026-03-19 07:00:00,31.0,33.4,25,978.1,8.6,234,0.0,7,3,3,34.9,30.5,21.7,25.9,35.8,54.3,27.2,25.233333333333334,32.35833333333333
2026-03-19 08:00:00,62.3,34.0,22,976.7,7.7,258,0.0,8,3,3,31.0,22.3,36.3,31.2,36.0,46.4,28.75,25.65833333333333,32.15833333333333
2026-03-19 09:00:00,72.2,35.2,19,975.4,7.5,290,0.0,9,3,3,62.3,34.9,17.5,31.7,58.3,51.2,33.083333333333336,28.25,33.25416666666667
2026-03-19 10:00:00,48.5,32.0,28,974.4,17.0,320,0.0,10,3,3,72.2,31.0,30.5,26.8,54.9,45.9,42.199999999999996,31.625,33.833333333333336
2026-03-19 11:00:00,44.9,31.8,24,973.9,15.4,318,0.0,11,3,3,48.5,62.3,22.3,12.0,62.7,44.8,45.199999999999996,33.43333333333333,33.56666666666666
2026-03-19 12:00:00,69.2,33.5,16,973.0,7.9,181,0.0,12,3,3,44.9,72.2,34.9,12.0,26.7,87.7,48.96666666666667,36.175,32.825
2026-03-19 13:00:00,59.0,31.6,19,973.9,9.3,196,0.0,13,3,3,69.2,48.5,31.0,21.7,53.6,32.5,54.68333333333334,40.94166666666666,34.59583333333333
2026-03-19 14:00:00,69.1,30.8,20,974.3,8.8,200,0.0,14,3,3,59.0,44.9,62.3,36.3,16.9,71.5,59.35,44.050000000000004,34.82083333333333
2026-03-19 15:00:00,82.8,29.1,22,975.6,4.2,18,0.0,15,3,3,69.1,69.2,72.2,17.5,42.6,52.2,60.48333333333333,46.78333333333333,36.99583333333333
2026-03-19 16:00:00,53.9,28.5,28,976.7,5.7,336,0.0,16,3,3,82.8,59.0,48.5,30.5,13.0,42.0,62.25,52.224999999999994,38.67083333333333
2026-03-19 17:00:00,41.2,27.9,32,976.7,1.9,292,0.0,17,3,3,53.9,69.1,44.9,22.3,25.9,47.8,63.150000000000006,54.175000000000004,40.375
2026-03-19 18:00:00,12.0,27.6,32,976.4,8.7,300,0.0,18,3,3,41.2,82.8,69.2,34.9,47.4,33.4,62.53333333333333,55.75,41.012499999999996
2026-03-19 19:00:00,12.0,26.5,39,976.3,6.0,353,0.0,19,3,3,12.0,53.9,59.0,31.0,25.9,44.2,53.0,53.84166666666666,39.5375
2026-03-19 20:00:00,57.6,25.6,41,975.8,5.5,191,0.0,20,3,3,12.0,41.2,69.1,62.3,31.2,18.0,45.166666666666664,52.258333333333326,38.958333333333336
2026-03-19 21:00:00,20.7,24.9,43,975.6,9.4,223,0.0,21,3,3,57.6,12.0,82.8,72.2,31.7,19.1,43.25,51.86666666666667,40.05833333333333
2026-03-19 22:00:00,12.0,24.4,46,975.6,10.8,268,0.0,22,3,3,20.7,12.0,53.9,48.5,26.8,12.0,32.9,47.57500000000001,39.6
2026-03-19 23:00:00,21.2,23.7,47,975.5,11.2,282,0.0,23,3,3,12.0,57.6,41.2,44.9,12.0,16.6,25.916666666666668,44.53333333333334,38.983333333333334
2026-03-20 00:00:00,12.0,23.0,55,975.9,8.3,327,0.0,0,4,3,21.2,20.7,12.0,69.2,12.0,12.0,22.583333333333332,42.55833333333333,39.36666666666667
2026-03-20 01:00:00,12.0,22.7,56,976.1,9.2,1,0.0,1,4,3,12.0,12.0,12.0,59.0,21.7,13.5,22.583333333333332,37.791666666666664,39.36666666666667
2026-03-20 02:00:00,12.0,22.9,55,976.7,5.7,11,0.0,2,4,3,12.0,21.2,57.6,69.1,36.3,38.8,22.583333333333332,33.875,38.9625
2026-03-20 03:00:00,37.9,23.8,51,977.2,4.6,45,0.0,3,4,3,12.0,12.0,20.7,82.8,17.5,39.7,14.983333333333334,29.116666666666664,37.949999999999996
2026-03-20 04:00:00,32.0,26.2,42,977.7,6.0,73,0.0,4,4,3,37.9,12.0,12.0,53.9,30.5,12.0,17.849999999999998,25.375,38.8
2026-03-20 05:00:00,55.5,28.6,35,977.8,3.4,96,0.0,5,4,3,32.0,12.0,21.2,41.2,22.3,47.2,21.183333333333334,23.55,38.8625
2026-03-20 06:00:00,68.4,29.1,35,977.6,5.0,257,0.0,6,4,3,55.5,37.9,12.0,12.0,34.9,12.0,26.900000000000002,24.741666666666664,40.24583333333333
2026-03-20 07:00:00,45.0,30.5,31,976.2,8.7,266,0.0,7,4,3,68.4,32.0,12.0,12.0,31.0,35.8,36.300000000000004,29.441666666666666,41.64166666666667
2026-03-20 08:00:00,38.5,30.5,28,975.7,11.7,224,0.0,8,4,3,45.0,55.5,12.0,57.6,62.3,36.0,41.800000000000004,32.19166666666667,42.225
2026-03-20 09:00:00,45.5,29.5,30,974.4,5.3,252,0.4,9,4,3,38.5,68.4,37.9,20.7,72.2,58.3,46.21666666666667,30.600000000000005,41.233333333333334
2026-03-20 10:00:00,61.0,31.1,25,973.1,12.8,239,0.0,10,4,3,45.5,45.0,32.0,12.0,48.5,54.9,47.48333333333333,32.666666666666664,40.12083333333334
2026-03-20 11:00:00,74.6,30.8,24,972.5,15.4,253,0.0,11,4,3,61.0,38.5,55.5,21.2,44.9,62.7,52.31666666666666,36.75,40.64166666666667
2026-03-20 12:00:00,50.0,31.0,21,972.9,11.2,228,0.0,12,4,3,74.6,45.5,68.4,12.0,69.2,26.7,55.5,41.199999999999996,41.87916666666666
2026-03-20 13:00:00,56.8,29.2,24,973.1,8.7,198,0.0,13,4,3,50.0,61.0,45.0,12.0,59.0,53.6,52.43333333333334,44.36666666666667,41.079166666666666
2026-03-20 14:00:00,85.0,28.6,26,973.7,5.2,202,0.0,14,4,3,56.8,74.6,38.5,12.0,69.1,16.9,54.400000000000006,48.1,40.987500000000004
2026-03-20 15:00:00,69.9,27.8,29,974.6,6.9,256,0.0,15,4,3,85.0,50.0,45.5,37.9,82.8,42.6,62.15,54.18333333333334,41.65
2026-03-20 16:00:00,67.7,27.1,32,975.2,6.0,275,0.0,16,4,3,69.9,56.8,61.0,32.0,53.9,13.0,66.21666666666665,56.85,41.112500000000004
2026-03-20 17:00:00,82.3,27.0,31,975.4,6.3,283,0.0,17,4,3,67.7,85.0,74.6,55.5,41.2,25.9,67.33333333333333,59.824999999999996,41.6875
2026-03-20 18:00:00,25.9,25.9,34,975.6,13.5,327,0.0,18,4,3,82.3,69.9,50.0,68.4,12.0,47.4,68.61666666666666,62.05833333333334,43.4
2026-03-20 19:00:00,27.9,25.1,36,975.2,10.8,336,0.0,19,4,3,25.9,67.7,56.8,45.0,12.0,25.9,64.60000000000001,58.51666666666667,43.979166666666664
2026-03-20 20:00:00,12.0,24.5,38,974.5,9.4,340,0.0,20,4,3,27.9,82.3,85.0,38.5,57.6,31.2,59.78333333333333,57.09166666666667,44.64166666666667
2026-03-20 21:00:00,30.9,24.4,38,974.2,8.2,337,0.0,21,4,3,12.0,25.9,69.9,45.5,20.7,31.7,47.61666666666667,54.88333333333333,42.74166666666667
2026-03-20 22:00:00,12.0,23.9,40,974.6,8.8,332,0.0,22,4,3,30.9,27.9,67.7,61.0,12.0,26.8,41.11666666666667,53.666666666666664,43.166666666666664
2026-03-20 23:00:00,18.5,22.9,45,974.9,8.9,21,0.0,23,4,3,12.0,12.0,82.3,74.6,21.2,12.0,31.833333333333332,49.583333333333336,43.166666666666664
2026-03-21 00:00:00,12.0,22.4,49,975.2,7.8,29,0.0,0,5,3,18.5,30.9,25.9,50.0,12.0,12.0,21.2,44.90833333333333,43.05416666666667
2026-03-21 01:00:00,14.8,22.2,53,976.5,9.5,53,0.0,1,5,3,12.0,12.0,27.9,56.8,12.0,21.7,18.88333333333333,41.74166666666667,43.05416666666667
2026-03-21 02:00:00,12.0,22.6,55,977.8,11.2,45,0.0,2,5,3,14.8,18.5,12.0,85.0,12.0,36.3,16.7,38.24166666666667,43.17083333333333
2026-03-21 03:00:00,12.0,24.2,49,978.8,11.4,39,0.0,3,5,3,12.0,12.0,30.9,69.9,37.9,17.5,16.7,32.15833333333333,43.17083333333333
2026-03-21 04:00:00,18.9,26.4,41,979.1,11.5,42,0.0,4,5,3,12.0,14.8,12.0,67.7,32.0,30.5,13.550000000000002,27.333333333333332,42.09166666666667
2026-03-21 05:00:00,24.2,28.7,33,978.8,10.3,36,0.0,5,5,3,18.9,12.0,18.5,82.3,55.5,22.3,14.700000000000001,23.266666666666666,41.545833333333334
2026-03-21 06:00:00,46.5,30.0,29,978.3,7.5,30,0.0,6,5,3,24.2,12.0,12.0,25.9,68.4,34.9,15.649999999999999,18.425,40.24166666666667
2026-03-21 07:00:00,55.8,31.5,24,977.4,5.4,358,0.0,7,5,3,46.5,18.9,14.8,27.9,45.0,31.0,21.400000000000002,20.141666666666666,39.329166666666666
2026-03-21 08:00:00,68.3,32.3,22,976.6,6.3,329,0.0,8,5,3,55.8,24.2,12.0,12.0,38.5,62.3,28.23333333333333,22.46666666666667,39.77916666666666
2026-03-21 09:00:00,84.9,32.7,21,975.6,5.6,310,0.0,9,5,3,68.3,46.5,12.0,30.9,45.5,72.2,37.61666666666667,27.15833333333333,41.020833333333336
2026-03-21 10:00:00,56.4,32.9,20,974.9,5.5,293,0.0,10,5,3,84.9,55.8,18.9,12.0,61.0,48.5,49.76666666666667,31.65833333333333,42.6625
2026-03-21 11:00:00,79.1,32.6,18,974.4,6.4,299,0.0,11,5,3,56.4,68.3,24.2,18.5,74.6,44.9,56.01666666666667,35.35833333333333,42.47083333333333
2026-03-21 12:00:00,52.7,31.9,17,974.8,9.7,329,0.0,12,5,3,79.1,84.9,46.5,12.0,50.0,69.2,65.16666666666667,40.40833333333333,42.65833333333334
2026-03-21 13:00:00,73.0,30.6,18,975.2,7.5,349,0.0,13,5,3,52.7,56.4,55.8,14.8,56.8,59.0,66.2,43.800000000000004,42.770833333333336
2026-03-21 14:00:00,54.6,29.6,19,975.9,12.2,47,0.0,14,5,3,73.0,79.1,68.3,12.0,85.0,69.1,69.06666666666668,48.650000000000006,43.44583333333333
2026-03-21 15:00:00,33.8,28.0,20,976.4,12.6,31,0.0,15,5,3,54.6,52.7,84.9,12.0,69.9,82.8,66.78333333333333,52.199999999999996,42.17916666666667
2026-03-21 16:00:00,39.6,26.5,24,977.1,12.6,27,0.0,16,5,3,33.8,73.0,56.4,18.9,67.7,53.9,58.26666666666666,54.01666666666667,40.675000000000004
2026-03-21 17:00:00,48.9,25.5,26,977.4,10.7,14,0.0,17,5,3,39.6,54.6,79.1,24.2,82.3,41.2,55.46666666666667,55.741666666666674,39.50416666666666
2026-03-21 18:00:00,32.1,24.8,29,977.6,11.1,13,0.0,18,5,3,48.9,33.8,52.7,46.5,25.9,12.0,50.43333333333334,57.800000000000004,38.112500000000004
2026-03-21 19:00:00,21.5,24.2,30,977.6,12.6,25,0.0,19,5,3,32.1,39.6,73.0,55.8,27.9,12.0,47.0,56.6,38.37083333333333
2026-03-21 20:00:00,12.4,23.4,32,977.0,12.5,21,0.0,20,5,3,21.5,48.9,54.6,68.3,12.0,57.6,38.416666666666664,53.741666666666674,38.104166666666664
2026-03-21 21:00:00,12.0,22.6,34,976.6,12.0,17,0.0,21,5,3,12.4,32.1,33.8,84.9,30.9,20.7,31.38333333333333,49.083333333333336,38.12083333333334
2026-03-21 22:00:00,31.8,22.0,35,976.3,10.3,22,0.0,22,5,3,12.0,21.5,39.6,56.4,12.0,12.0,27.75,43.00833333333333,37.333333333333336
2026-03-21 23:00:00,14.1,21.6,35,976.1,9.0,29,0.0,23,5,3,31.8,12.4,48.9,79.1,18.5,21.2,26.45,40.958333333333336,38.15833333333333
2026-03-22 00:00:00,12.0,21.7,37,976.9,8.8,23,0.0,0,6,3,14.1,12.0,32.1,52.7,12.0,12.0,20.65,35.541666666666664,37.975
2026-03-22 01:00:00,12.0,21.5,37,977.6,8.9,28,0.0,1,6,3,12.0,31.8,21.5,73.0,14.8,12.0,17.3,32.15,37.975
2026-03-22 02:00:00,12.0,22.4,36,978.6,6.9,31,0.0,2,6,3,12.0,14.1,12.4,54.6,12.0,12.0,15.716666666666667,27.066666666666666,37.858333333333334
2026-03-22 03:00:00,12.0,24.6,32,979.7,6.2,54,0.0,3,6,3,12.0,12.0,12.0,33.8,12.0,37.9,15.649999999999999,23.516666666666666,37.858333333333334
2026-03-22 04:00:00,20.8,27.1,27,980.1,7.3,74,0.0,4,6,3,12.0,12.0,31.8,39.6,18.9,32.0,15.649999999999999,21.700000000000003,37.858333333333334
2026-03-22 05:00:00,22.2,29.2,23,980.1,7.5,70,0.0,5,6,3,20.8,12.0,14.1,48.9,24.2,55.5,13.816666666666668,20.133333333333333,37.9375
2026-03-22 06:00:00,41.4,30.4,21,979.4,5.9,52,0.0,6,6,3,22.2,12.0,12.0,32.1,46.5,68.4,15.166666666666666,17.908333333333335,37.854166666666664
2026-03-22 07:00:00,43.2,32.0,18,978.4,4.2,25,0.0,7,6,3,41.4,20.8,12.0,21.5,55.8,45.0,20.066666666666666,18.683333333333334,37.641666666666666
2026-03-22 08:00:00,67.3,32.9,17,977.5,5.0,345,0.0,8,6,3,43.2,22.2,12.0,12.4,68.3,38.5,25.26666666666667,20.491666666666664,37.11666666666667
2026-03-22 09:00:00,47.2,33.2,17,976.5,8.0,335,0.0,9,6,3,67.3,41.4,12.0,12.0,84.9,45.5,34.483333333333334,25.066666666666666,37.074999999999996
2026-03-22 10:00:00,70.1,33.1,17,975.9,9.0,344,0.0,10,6,3,47.2,43.2,20.8,31.8,56.4,61.0,40.35,28.0,35.50416666666667
2026-03-22 11:00:00,86.2,32.7,18,975.5,2.6,39,0.0,11,6,3,70.1,67.3,22.2,14.1,79.1,74.6,48.56666666666666,31.191666666666666,36.074999999999996
2026-03-22 12:00:00,93.0,31.2,19,975.5,3.8,3,0.0,12,6,3,86.2,47.2,41.4,12.0,52.7,50.0,59.23333333333333,37.199999999999996,36.37083333333333
2026-03-22 13:00:00,76.9,29.8,21,975.7,6.2,116,0.0,13,6,3,93.0,70.1,43.2,12.0,73.0,56.8,67.83333333333333,43.949999999999996,38.050000000000004
2026-03-22 14:00:00,68.4,29.5,22,976.2,8.4,71,0.0,14,6,3,76.9,86.2,67.3,12.0,54.6,85.0,73.45,49.35833333333333,38.2125
2026-03-22 15:00:00,67.0,29.4,22,977.1,4.7,2,0.0,15,6,3,68.4,93.0,47.2,12.0,33.8,69.9,73.63333333333333,54.05833333333334,38.7875
2026-03-22 16:00:00,58.9,28.4,24,977.6,4.3,332,0.0,16,6,3,67.0,76.9,70.1,20.8,39.6,67.7,76.93333333333334,58.64166666666667,40.17083333333333
2026-03-22 17:00:00,61.6,27.5,25,977.6,4.2,324,0.0,17,6,3,58.9,68.4,86.2,22.2,48.9,82.3,75.06666666666668,61.81666666666667,40.975
2026-03-22 18:00:00,49.2,26.5,26,977.6,3.4,58,0.0,18,6,3,61.6,67.0,93.0,41.4,32.1,25.9,70.96666666666668,65.10000000000001,41.50416666666666
2026-03-22 19:00:00,40.8,25.8,28,977.5,6.0,29,0.0,19,6,3,49.2,58.9,76.9,43.2,21.5,27.9,63.66666666666668,65.75,42.21666666666667
2026-03-22 20:00:00,56.0,25.0,30,976.6,5.9,27,0.0,20,6,3,40.8,61.6,68.4,67.3,12.4,12.0,57.65,65.55,43.020833333333336
2026-03-22 21:00:00,40.1,24.2,32,976.1,5.4,20,0.0,21,6,3,56.0,49.2,67.0,47.2,12.0,30.9,55.583333333333336,64.60833333333333,44.8375
2026-03-22 22:00:00,12.0,23.3,36,976.0,7.8,32,0.0,22,6,3,40.1,40.8,58.9,70.1,31.8,12.0,51.1,64.01666666666667,46.00833333333333
2026-03-22 23:00:00,12.0,22.8,38,975.8,8.0,23,0.0,23,6,3,12.0,56.0,61.6,86.2,14.1,18.5,43.28333333333333,59.175000000000004,45.18333333333334
2026-03-23 00:00:00,15.3,22.7,43,976.2,6.7,24,0.0,0,0,3,12.0,40.1,49.2,93.0,12.0,12.0,35.016666666666666,52.99166666666667,45.09583333333334
2026-03-23 01:00:00,23.5,22.4,45,976.9,6.0,49,0.0,1,0,3,15.3,12.0,40.8,76.9,12.0,14.8,29.366666666666664,46.51666666666667,45.23333333333334
2026-03-23 02:00:00,12.0,23.6,42,977.5,5.5,54,0.0,2,0,3,23.5,12.0,56.0,68.4,12.0,12.0,26.483333333333334,42.06666666666667,45.712500000000006
2026-03-23 03:00:00,12.0,26.6,34,978.4,3.4,90,0.0,3,0,3,12.0,15.3,40.1,67.0,12.0,12.0,19.150000000000002,37.36666666666667,45.712500000000006
2026-03-23 04:00:00,25.1,29.6,27,978.9,6.2,105,0.0,4,0,3,12.0,23.5,12.0,58.9,20.8,18.9,14.466666666666669,32.78333333333333,45.712500000000006
2026-03-23 05:00:00,31.0,32.1,22,978.6,8.0,117,0.0,5,0,3,25.1,12.0,12.0,61.6,22.2,24.2,16.650000000000002,29.96666666666667,45.89166666666666
2026-03-23 06:00:00,35.5,33.0,20,978.1,5.7,125,0.0,6,0,3,31.0,12.0,15.3,49.2,41.4,46.5,19.816666666666666,27.416666666666668,46.25833333333333
2026-03-23 07:00:00,60.8,34.7,17,977.3,1.9,131,0.0,7,0,3,35.5,25.1,23.5,40.8,43.2,55.8,23.183333333333334,26.275000000000002,46.012499999999996
2026-03-23 08:00:00,100.8,35.5,16,976.3,0.8,63,0.0,8,0,3,60.8,31.0,12.0,56.0,67.3,68.3,29.399999999999995,27.941666666666666,46.74583333333333
2026-03-23 09:00:00,77.2,35.9,16,975.5,3.4,18,0.0,9,0,3,100.8,35.5,12.0,40.1,47.2,84.9,44.199999999999996,31.675,48.14166666666667
2026-03-23 10:00:00,85.3,35.6,15,974.5,5.2,358,0.0,10,0,3,77.2,60.8,25.1,12.0,70.1,56.4,55.06666666666666,34.766666666666666,49.39166666666666
2026-03-23 11:00:00,70.9,35.0,16,974.4,7.7,1,0.0,11,0,3,85.3,100.8,31.0,12.0,86.2,79.1,65.1,40.875,50.025000000000006
2026-03-23 12:00:00,63.5,34.7,15,974.2,10.3,46,0.0,12,0,3,70.9,77.2,35.5,15.3,93.0,52.7,71.75,45.78333333333333,49.387499999999996
2026-03-23 13:00:00,71.5,32.8,18,974.8,7.0,134,0.0,13,0,3,63.5,85.3,60.8,23.5,76.9,73.0,76.41666666666667,49.800000000000004,48.15833333333333
2026-03-23 14:00:00,61.6,31.5,20,975.3,7.9,160,0.0,14,0,3,71.5,70.9,100.8,12.0,68.4,54.6,78.2,53.800000000000004,47.93333333333333
2026-03-23 15:00:00,36.0,31.4,20,975.5,8.1,148,0.0,15,0,3,61.6,63.5,77.2,12.0,67.0,33.8,71.66666666666667,57.93333333333334,47.650000000000006
2026-03-23 16:00:00,57.5,29.7,23,975.7,8.4,155,0.0,16,0,3,36.0,71.5,85.3,25.1,58.9,39.6,64.8,59.93333333333334,46.35833333333334
2026-03-23 17:00:00,84.0,28.4,27,975.5,3.6,171,0.0,17,0,3,57.5,61.6,70.9,31.0,61.6,48.9,60.166666666666664,62.63333333333333,46.300000000000004
2026-03-23 18:00:00,52.2,28.1,30,975.4,3.4,174,0.0,18,0,3,84.0,36.0,63.5,35.5,49.2,32.1,62.35,67.05,47.23333333333334
2026-03-23 19:00:00,47.8,27.3,31,975.1,1.9,146,0.0,19,0,3,52.2,57.5,71.5,60.8,40.8,21.5,60.46666666666667,68.44166666666666,47.35833333333333
2026-03-23 20:00:00,36.8,26.0,32,974.7,3.2,286,0.0,20,0,3,47.8,84.0,61.6,100.8,56.0,12.4,56.51666666666666,67.35833333333333,47.650000000000006
2026-03-23 21:00:00,29.9,25.5,32,974.2,7.3,316,0.0,21,0,3,36.8,52.2,36.0,77.2,40.1,12.0,52.38333333333333,62.025,46.85
2026-03-23 22:00:00,12.0,25.0,34,974.1,8.1,282,0.0,22,0,3,29.9,47.8,57.5,85.3,12.0,31.8,51.36666666666667,58.083333333333336,46.42499999999999
2026-03-23 23:00:00,12.0,24.8,35,973.8,4.9,266,0.0,23,0,3,12.0,36.8,84.0,70.9,12.0,14.1,43.78333333333333,51.974999999999994,46.42499999999999
2026-03-24 00:00:00,25.2,24.4,36,974.3,5.6,211,0.0,0,1,3,12.0,29.9,52.2,63.5,15.3,12.0,31.78333333333333,47.06666666666666,46.42499999999999
2026-03-24 01:00:00,29.4,24.2,37,975.1,2.8,288,0.0,1,1,3,25.2,12.0,47.8,71.5,23.5,12.0,27.283333333333335,43.875,46.8375
2026-03-24 02:00:00,23.4,25.5,34,976.2,6.6,296,0.0,2,1,3,29.4,12.0,36.8,61.6,12.0,12.0,24.216666666666665,40.36666666666667,47.083333333333336
2026-03-24 03:00:00,24.0,29.1,26,977.1,3.9,236,0.0,3,1,3,23.4,25.2,29.9,36.0,12.0,12.0,21.983333333333334,37.18333333333333,47.55833333333333
2026-03-24 04:00:00,57.6,32.1,22,977.4,7.2,194,0.0,4,1,3,24.0,29.4,12.0,57.5,25.1,20.8,20.999999999999996,36.18333333333333,48.05833333333333
2026-03-24 05:00:00,55.3,34.1,20,977.2,8.4,215,0.0,5,1,3,57.6,23.4,12.0,84.0,31.0,22.2,28.600000000000005,36.19166666666666,49.4125
2026-03-24 06:00:00,50.6,35.3,19,976.3,8.5,218,0.0,6,1,3,55.3,24.0,25.2,52.2,35.5,41.4,35.81666666666667,33.8,50.425000000000004
2026-03-24 07:00:00,69.8,36.7,17,975.4,9.4,240,0.0,7,1,3,50.6,57.6,29.4,47.8,60.8,43.2,40.05,33.666666666666664,51.05416666666667
2026-03-24 08:00:00,53.8,36.9,16,974.0,11.2,220,0.0,8,1,3,69.8,55.3,23.4,36.8,100.8,67.3,46.78333333333334,35.5,51.429166666666674
2026-03-24 09:00:00,62.3,37.2,15,973.1,10.6,227,0.0,9,1,3,53.8,50.6,24.0,29.9,77.2,47.2,51.849999999999994,36.916666666666664,49.47083333333333
2026-03-24 10:00:00,59.8,37.0,15,972.5,11.1,284,0.0,10,1,3,62.3,69.8,57.6,12.0,85.3,70.1,58.23333333333333,39.61666666666667,48.85
2026-03-24 11:00:00,44.9,35.9,17,972.2,18.9,312,0.0,11,1,3,59.8,53.8,55.3,12.0,70.9,86.2,58.6,43.599999999999994,47.787499999999994
2026-03-24 12:00:00,74.6,36.0,17,971.9,9.4,301,0.0,12,1,3,44.9,62.3,50.6,25.2,63.5,93.0,56.86666666666667,46.34166666666667,46.70416666666667
2026-03-24 13:00:00,78.9,34.4,19,972.2,5.3,294,0.0,13,1,3,74.6,59.8,69.8,29.4,71.5,76.9,60.86666666666665,50.458333333333336,47.166666666666664
2026-03-24 14:00:00,72.4,32.6,23,972.8,3.8,278,0.0,14,1,3,78.9,44.9,53.8,23.4,61.6,68.4,62.38333333333333,54.583333333333336,47.475
2026-03-24 15:00:00,81.9,31.7,24,973.4,5.2,186,0.0,15,1,3,72.4,74.6,62.3,24.0,36.0,67.0,65.48333333333333,58.666666666666664,47.92499999999999
2026-03-24 16:00:00,53.9,30.6,27,973.8,5.4,182,0.0,16,1,3,81.9,78.9,59.8,57.6,57.5,58.9,68.75,63.49166666666667,49.8375
2026-03-24 17:00:00,45.7,29.5,30,973.9,6.6,225,0.0,17,1,3,53.9,72.4,44.9,55.3,84.0,61.6,67.76666666666667,63.18333333333333,49.6875
2026-03-24 18:00:00,34.8,29.0,32,974.2,9.4,262,0.0,18,1,3,45.7,81.9,74.6,50.6,52.2,49.2,67.9,62.38333333333333,48.09166666666666
2026-03-24 19:00:00,48.1,28.5,33,974.1,7.6,275,0.0,19,1,3,34.8,53.9,78.9,69.8,47.8,40.8,61.26666666666667,61.06666666666666,47.366666666666674
2026-03-24 20:00:00,12.0,27.7,34,973.4,9.6,317,0.0,20,1,3,48.1,45.7,72.4,53.8,36.8,56.0,56.13333333333333,59.25833333333333,47.37916666666666
2026-03-24 21:00:00,18.2,27.2,33,973.1,8.8,329,0.0,21,1,3,12.0,34.8,81.9,62.3,29.9,40.1,46.06666666666666,55.775,46.34583333333333
2026-03-24 22:00:00,22.1,26.0,36,973.4,2.6,219,0.0,22,1,3,18.2,48.1,53.9,59.8,12.0,12.0,35.449999999999996,52.1,45.85833333333334
2026-03-24 23:00:00,17.5,25.1,40,973.7,4.3,268,0.0,23,1,3,22.1,12.0,45.7,44.9,12.0,12.0,30.150000000000002,48.958333333333336,46.27916666666667
2026-03-25 00:00:00,12.0,25.4,38,973.9,8.2,337,0.0,0,2,3,17.5,18.2,34.8,74.6,25.2,15.3,25.450000000000003,46.67499999999999,46.50833333333333
2026-03-25 01:00:00,13.3,24.7,40,974.9,6.2,306,0.0,1,2,3,12.0,22.1,48.1,78.9,29.4,23.5,21.650000000000002,41.458333333333336,45.958333333333336
2026-03-25 02:00:00,12.0,25.8,39,976.1,5.8,284,0.0,2,2,3,13.3,17.5,12.0,72.4,23.4,12.0,15.85,35.99166666666667,45.287499999999994
2026-03-25 03:00:00,37.4,28.7,33,977.0,2.4,312,0.0,3,2,3,12.0,12.0,18.2,81.9,24.0,12.0,15.85,30.958333333333332,44.8125
2026-03-25 04:00:00,60.4,31.8,27,977.4,0.9,79,0.0,4,2,3,37.4,13.3,22.1,53.9,57.6,25.1,19.05,27.25,45.37083333333334
2026-03-25 05:00:00,47.4,34.1,23,977.4,2.0,190,0.0,5,2,3,60.4,12.0,17.5,45.7,55.3,31.0,25.433333333333334,27.791666666666668,45.487500000000004
2026-03-25 06:00:00,65.4,35.1,22,976.6,3.2,196,0.0,6,2,3,47.4,37.4,12.0,34.8,50.6,35.5,30.416666666666668,27.933333333333334,45.15833333333333
2026-03-25 07:00:00,70.1,36.9,19,975.8,3.6,229,0.0,7,2,3,65.4,60.4,13.3,48.1,69.8,60.8,39.31666666666667,30.483333333333334,45.775000000000006
2026-03-25 08:00:00,90.2,37.5,18,974.6,5.0,249,0.0,8,2,3,70.1,47.4,12.0,12.0,53.8,100.8,48.78333333333333,32.31666666666667,45.787499999999994
2026-03-25 09:00:00,82.7,38.0,17,973.4,4.8,259,0.0,9,2,3,90.2,65.4,37.4,18.2,62.3,77.2,61.81666666666666,38.833333333333336,47.30416666666667
2026-03-25 10:00:00,67.9,38.3,16,972.7,5.3,298,0.0,10,2,3,82.7,70.1,60.4,22.1,59.8,85.3,69.36666666666667,44.208333333333336,48.15416666666667
2026-03-25 11:00:00,69.4,37.7,16,972.5,9.0,325,0.0,11,2,3,67.9,90.2,47.4,17.5,44.9,70.9,70.61666666666666,48.025,48.49166666666667
2026-03-25 12:00:00,79.3,36.9,14,972.3,11.6,327,0.0,12,2,3,69.4,82.7,65.4,12.0,74.6,63.5,74.28333333333335,52.35,49.512499999999996
2026-03-25 13:00:00,75.0,35.8,15,972.8,9.1,302,0.0,13,2,3,79.3,67.9,70.1,13.3,78.9,71.5,76.60000000000001,57.958333333333336,49.708333333333336
2026-03-25 14:00:00,53.1,34.6,18,973.8,11.4,301,0.0,14,2,3,75.0,69.4,90.2,12.0,72.4,61.6,77.41666666666667,63.1,49.54583333333333
2026-03-25 15:00:00,69.1,33.6,20,974.5,6.5,341,0.0,15,2,3,53.1,79.3,82.7,37.4,81.9,36.0,71.23333333333333,66.525,48.741666666666674
2026-03-25 16:00:00,82.3,32.4,22,974.9,3.6,60,0.0,16,2,3,69.1,75.0,67.9,60.4,53.9,57.5,68.96666666666668,69.16666666666667,48.208333333333336
2026-03-25 17:00:00,45.4,31.0,24,975.5,7.3,40,0.0,17,2,3,82.3,53.1,69.4,47.4,45.7,84.0,71.36666666666666,70.99166666666666,49.39166666666666
2026-03-25 18:00:00,39.6,29.8,28,975.4,7.3,25,0.0,18,2,3,45.4,69.1,79.3,65.4,34.8,52.2,67.36666666666666,70.825,49.37916666666667
2026-03-25 19:00:00,25.5,28.9,30,975.2,6.3,360,0.0,19,2,3,39.6,82.3,75.0,70.1,48.1,47.8,60.75,68.675,49.57916666666666
2026-03-25 20:00:00,22.5,27.8,32,975.3,7.0,89,0.0,20,2,3,25.5,45.4,53.1,90.2,12.0,36.8,52.5,64.95833333333333,48.637499999999996
2026-03-25 21:00:00,17.5,27.1,34,974.6,9.4,102,0.0,21,2,3,22.5,39.6,69.1,82.7,18.2,29.9,47.4,59.31666666666666,49.074999999999996
2026-03-25 22:00:00,18.9,26.4,36,974.6,7.3,106,0.0,22,2,3,17.5,25.5,82.3,67.9,22.1,12.0,38.800000000000004,53.88333333333333,49.04583333333333
2026-03-25 23:00:00,12.0,25.5,39,975.1,5.1,51,0.0,23,2,3,18.9,22.5,45.4,69.4,17.5,12.0,28.23333333333333,49.800000000000004,48.9125
2026-03-26 00:00:00,25.0,26.0,41,975.5,8.3,24,0.0,0,3,3,12.0,17.5,39.6,79.3,12.0,25.2,22.666666666666668,45.01666666666666,48.68333333333334
2026-03-26 01:00:00,12.0,25.9,41,976.4,7.7,11,0.0,1,3,3,25.0,18.9,25.5,75.0,13.3,29.4,20.233333333333334,40.49166666666667,49.225
2026-03-26 02:00:00,23.0,26.9,39,977.3,4.2,40,0.0,2,3,3,12.0,12.0,22.5,53.1,12.0,23.4,17.983333333333334,35.24166666666667,49.17083333333334
2026-03-26 03:00:00,19.0,29.4,34,978.1,6.1,76,0.0,3,3,3,23.0,25.0,17.5,69.1,37.4,24.0,18.066666666666666,32.73333333333333,49.62916666666667
2026-03-26 04:00:00,34.7,31.9,31,978.7,7.2,89,0.0,4,3,3,19.0,12.0,18.9,82.3,60.4,57.6,18.316666666666666,28.558333333333334,48.862500000000004
2026-03-26 05:00:00,31.7,34.3,27,978.7,6.1,92,0.0,5,3,3,34.7,23.0,12.0,45.4,47.4,55.3,20.95,24.591666666666665,47.791666666666664
2026-03-26 06:00:00,54.2,35.7,24,978.4,6.4,100,0.0,6,3,3,31.7,19.0,25.0,39.6,65.4,50.6,24.233333333333334,23.450000000000003,47.137499999999996
2026-03-26 07:00:00,70.6,37.1,22,977.3,5.5,107,0.0,7,3,3,54.2,34.7,12.0,25.5,70.1,69.8,29.099999999999998,24.666666666666668,46.67083333333333
2026-03-26 08:00:00,70.1,37.9,20,976.3,3.5,99,0.0,8,3,3,70.6,31.7,23.0,22.5,90.2,53.8,38.86666666666667,28.424999999999997,46.69166666666667
2026-03-26 09:00:00,76.2,38.3,18,975.2,2.2,66,0.0,9,3,3,70.1,54.2,19.0,17.5,82.7,62.3,46.71666666666666,32.391666666666666,45.854166666666664
2026-03-26 10:00:00,70.9,38.3,17,974.1,0.7,76,0.0,10,3,3,76.2,70.6,34.7,18.9,67.9,59.8,56.25,37.28333333333333,45.583333333333336
2026-03-26 11:00:00,87.3,38.1,17,973.6,1.1,288,0.0,11,3,3,70.9,70.1,31.7,12.0,69.4,44.9,62.28333333333333,41.61666666666667,45.708333333333336
2026-03-26 12:00:00,79.9,37.0,17,973.7,5.6,140,0.0,12,3,3,87.3,76.2,54.2,25.0,79.3,74.6,71.55,47.89166666666667,46.45416666666667
2026-03-26 13:00:00,53.8,35.3,20,973.9,11.5,136,0.0,13,3,3,79.9,70.9,70.6,12.0,75.0,78.9,75.83333333333333,52.46666666666667,46.479166666666664
2026-03-26 14:00:00,78.6,33.9,22,974.3,9.3,134,0.0,14,3,3,53.8,87.3,70.1,23.0,53.1,72.4,73.03333333333333,55.949999999999996,45.59583333333333
2026-03-26 15:00:00,76.2,32.9,24,975.1,6.8,197,0.0,15,3,3,78.6,79.9,76.2,19.0,69.1,81.9,74.45,60.583333333333336,46.65833333333333
2026-03-26 16:00:00,51.2,31.5,28,975.8,9.8,193,0.0,16,3,3,76.2,53.8,70.9,34.7,82.3,53.9,74.45,65.35000000000001,46.95416666666667
2026-03-26 17:00:00,55.3,31.8,28,976.1,9.2,196,0.0,17,3,3,51.2,78.6,87.3,31.7,45.4,45.7,71.16666666666667,66.725,45.65833333333333
2026-03-26 18:00:00,23.2,32.4,27,975.5,13.5,179,0.0,18,3,3,55.3,76.2,79.9,54.2,39.6,34.8,65.83333333333333,68.69166666666668,46.07083333333333
2026-03-26 19:00:00,40.4,31.0,29,975.0,4.2,263,0.0,19,3,3,23.2,51.2,53.8,70.6,25.5,48.1,56.38333333333333,66.10833333333333,45.387499999999996
2026-03-26 20:00:00,32.5,29.7,32,974.5,6.6,249,0.0,20,3,3,40.4,55.3,78.6,70.1,22.5,12.0,54.15,63.59166666666666,46.00833333333333
2026-03-26 21:00:00,12.0,28.9,34,974.0,10.9,220,0.0,21,3,3,32.5,23.2,76.2,76.2,17.5,18.2,46.46666666666666,60.458333333333336,46.425000000000004
2026-03-26 22:00:00,22.7,28.2,35,973.7,8.9,277,0.0,22,3,3,12.0,40.4,51.2,70.9,18.9,22.1,35.766666666666666,55.10833333333333,46.19583333333333
2026-03-26 23:00:00,12.0,27.4,36,973.8,10.9,292,0.0,23,3,3,22.7,32.5,55.3,87.3,12.0,17.5,31.016666666666662,51.09166666666667,46.354166666666664
2026-03-27 00:00:00,12.0,26.5,40,973.7,10.9,316,0.0,0,4,3,12.0,12.0,23.2,79.9,25.0,12.0,23.799999999999997,44.81666666666666,46.354166666666664
2026-03-27 01:00:00,12.0,27.5,36,974.2,10.5,308,0.0,1,4,3,12.0,22.7,40.4,53.8,12.0,13.3,21.933333333333334,39.15833333333333,45.8125
2026-03-27 02:00:00,12.0,29.1,33,975.0,8.4,317,0.0,2,4,3,12.0,12.0,32.5,78.6,23.0,12.0,17.2,35.675000000000004,45.8125
2026-03-27 03:00:00,30.6,31.8,26,975.7,6.1,320,0.0,3,4,3,12.0,12.0,12.0,76.2,19.0,37.4,13.783333333333333,30.125,45.354166666666664
2026-03-27 04:00:00,41.5,34.4,20,976.2,4.8,331,0.0,4,4,3,30.6,12.0,22.7,51.2,34.7,60.4,16.883333333333333,26.325000000000003,45.8375
2026-03-27 05:00:00,68.7,36.7,16,976.2,4.4,339,0.0,5,4,3,41.5,12.0,12.0,55.3,31.7,47.4,20.016666666666666,25.51666666666667,46.12083333333333
2026-03-27 06:00:00,46.6,36.8,16,975.3,1.9,241,0.0,6,4,3,68.7,30.6,12.0,23.2,54.2,65.4,29.46666666666667,26.633333333333336,47.6625
2026-03-27 07:00:00,58.2,38.4,15,974.4,7.6,263,0.0,7,4,3,46.6,41.5,12.0,40.4,70.6,70.1,35.233333333333334,28.583333333333332,47.34583333333333
2026-03-27 08:00:00,29.6,38.9,14,973.3,17.6,281,0.0,8,4,3,58.2,68.7,12.0,32.5,70.1,90.2,42.93333333333334,30.066666666666666,46.82916666666666
2026-03-27 09:00:00,16.3,38.7,14,972.0,19.1,286,0.0,9,4,3,29.6,46.6,30.6,12.0,76.2,82.7,45.86666666666667,29.825,45.14166666666667
2026-03-27 10:00:00,56.2,38.4,15,971.4,19.5,279,0.0,10,4,3,16.3,58.2,41.5,22.7,70.9,67.9,43.48333333333334,30.183333333333334,42.645833333333336
2026-03-27 11:00:00,55.2,38.1,15,970.9,17.9,280,0.0,11,4,3,56.2,29.6,68.7,12.0,87.3,69.4,45.93333333333334,32.975,42.03333333333333
2026-03-27 12:00:00,42.7,37.7,14,970.2,18.5,271,0.0,12,4,3,55.2,16.3,46.6,12.0,79.9,79.3,43.68333333333334,36.574999999999996,40.69583333333333
2026-03-27 13:00:00,51.3,36.6,15,970.8,13.3,271,0.0,13,4,3,42.7,56.2,58.2,12.0,53.8,75.0,43.03333333333333,39.13333333333333,39.145833333333336
2026-03-27 14:00:00,46.0,35.5,15,971.5,13.2,281,0.0,14,4,3,51.3,55.2,29.6,12.0,78.6,53.1,41.88333333333333,42.40833333333333,39.041666666666664
2026-03-27 15:00:00,29.7,33.8,14,972.1,12.5,281,0.0,15,4,3,46.0,42.7,16.3,30.6,76.2,69.1,44.61666666666667,45.24166666666667,37.68333333333334
2026-03-27 16:00:00,54.2,32.1,16,972.7,9.9,260,0.0,16,4,3,29.7,51.3,56.2,41.5,51.2,82.3,46.85,45.166666666666664,35.74583333333333
2026-03-27 17:00:00,36.2,30.5,19,972.7,9.8,250,0.0,17,4,3,54.2,46.0,55.2,68.7,55.3,45.4,46.51666666666667,46.225,35.87083333333333
2026-03-27 18:00:00,64.0,29.5,21,972.5,10.5,263,0.0,18,4,3,36.2,29.7,42.7,46.6,23.2,39.6,43.35,43.51666666666667,35.075
2026-03-27 19:00:00,20.2,28.5,21,972.5,12.2,296,0.0,19,4,3,64.0,54.2,51.3,58.2,40.4,25.5,46.900000000000006,44.96666666666667,36.775
2026-03-27 20:00:00,15.1,28.1,22,971.6,12.5,298,0.0,20,4,3,20.2,36.2,46.0,29.6,32.5,22.5,41.71666666666667,41.8,35.93333333333333
2026-03-27 21:00:00,12.0,27.9,22,971.3,13.6,305,0.0,21,4,3,15.1,64.0,29.7,16.3,12.0,17.5,36.56666666666667,40.59166666666667,35.208333333333336
2026-03-27 22:00:00,12.0,27.6,24,971.3,13.1,308,0.0,22,4,3,12.0,20.2,54.2,56.2,22.7,18.9,33.61666666666667,40.233333333333334,35.208333333333336
2026-03-27 23:00:00,13.9,26.9,27,971.5,11.8,313,0.0,23,4,3,12.0,15.1,36.2,55.2,12.0,12.0,26.583333333333332,36.550000000000004,34.7625
2026-03-28 00:00:00,12.0,26.5,31,971.5,11.6,312,0.0,0,5,3,13.9,12.0,64.0,42.7,12.0,25.0,22.866666666666664,33.10833333333333,34.84166666666667
2026-03-28 01:00:00,12.0,26.4,33,972.2,10.5,319,0.0,1,5,3,12.0,12.0,20.2,51.3,12.0,12.0,14.200000000000001,30.549999999999997,34.84166666666667
2026-03-28 02:00:00,12.0,27.5,32,973.1,8.5,336,0.0,2,5,3,12.0,13.9,15.1,46.0,12.0,23.0,12.833333333333334,27.274999999999995,34.84166666666667
2026-03-28 03:00:00,12.0,30.0,28,974.0,5.2,329,0.0,3,5,3,12.0,12.0,12.0,29.7,30.6,19.0,12.316666666666668,24.441666666666663,34.84166666666667
2026-03-28 04:00:00,22.4,32.4,24,974.2,4.9,352,0.0,4,5,3,12.0,12.0,12.0,54.2,41.5,34.7,12.316666666666668,22.966666666666665,34.06666666666667
2026-03-28 05:00:00,32.4,34.4,22,974.2,4.7,360,0.0,5,5,3,22.4,12.0,13.9,36.2,68.7,31.7,14.049999999999999,20.316666666666666,33.270833333333336
2026-03-28 06:00:00,56.7,35.1,21,973.4,3.0,308,0.0,6,5,3,32.4,12.0,12.0,64.0,46.6,54.2,17.133333333333333,20.0,31.758333333333336
2026-03-28 07:00:00,64.0,37.0,18,972.5,4.9,262,0.0,7,5,3,56.7,22.4,12.0,20.2,58.2,70.6,24.583333333333332,19.39166666666667,32.17916666666667
2026-03-28 08:00:00,63.2,38.0,16,971.4,6.7,267,0.0,8,5,3,64.0,32.4,12.0,15.1,29.6,70.1,33.25,23.041666666666668,32.420833333333334
2026-03-28 09:00:00,60.1,38.7,15,969.9,10.5,292,0.0,9,5,3,63.2,56.7,12.0,12.0,16.3,76.2,41.78333333333333,27.049999999999997,33.82083333333333
2026-03-28 10:00:00,57.2,38.6,14,969.0,14.8,304,0.0,10,5,3,60.1,64.0,22.4,12.0,56.2,70.9,49.800000000000004,31.058333333333334,35.645833333333336
2026-03-28 11:00:00,34.1,38.0,14,968.7,17.6,306,0.0,11,5,3,57.2,63.2,32.4,13.9,55.2,87.3,55.6,34.824999999999996,35.6875
2026-03-28 12:00:00,40.4,36.9,16,968.6,17.6,305,0.0,12,5,3,34.1,60.1,56.7,12.0,42.7,79.9,55.88333333333333,36.50833333333333,34.80833333333333
2026-03-28 13:00:00,40.7,35.6,19,969.3,15.3,292,0.0,13,5,3,40.4,57.2,64.0,12.0,51.3,53.8,53.166666666666664,38.875,34.7125
2026-03-28 14:00:00,30.8,34.6,21,969.8,12.7,283,0.0,14,5,3,40.7,34.1,63.2,12.0,46.0,78.6,49.28333333333333,41.266666666666666,34.270833333333336
2026-03-28 15:00:00,47.6,34.0,21,970.5,8.4,277,0.0,15,5,3,30.8,40.4,60.1,12.0,29.7,76.2,43.88333333333333,42.833333333333336,33.637499999999996
2026-03-28 16:00:00,65.5,33.0,24,971.6,5.9,313,0.0,16,5,3,47.6,40.7,57.2,22.4,54.2,51.2,41.800000000000004,45.800000000000004,34.38333333333333
2026-03-28 17:00:00,64.5,31.5,28,971.7,2.3,293,0.0,17,5,3,65.5,30.8,34.1,32.4,36.2,55.3,43.18333333333334,49.39166666666667,34.854166666666664
2026-03-28 18:00:00,56.8,31.3,30,971.7,2.5,300,0.0,18,5,3,64.5,47.6,40.4,56.7,64.0,23.2,48.25,52.06666666666667,36.03333333333333
2026-03-28 19:00:00,39.9,30.4,30,971.3,4.7,320,0.0,19,5,3,56.8,65.5,40.7,64.0,20.2,40.4,50.98333333333333,52.074999999999996,35.73333333333333
2026-03-28 20:00:00,19.2,29.5,31,970.7,4.5,317,0.0,20,5,3,39.9,64.5,30.8,63.2,15.1,32.5,50.85,50.06666666666666,36.55416666666667
2026-03-28 21:00:00,27.2,28.5,33,970.5,7.9,309,0.0,21,5,3,19.2,56.8,47.6,60.1,12.0,12.0,48.916666666666664,46.4,36.725
2026-03-28 22:00:00,12.0,27.6,34,970.6,8.2,310,0.0,22,5,3,27.2,39.9,65.5,57.2,12.0,22.7,45.51666666666666,43.65833333333333,37.358333333333334
2026-03-28 23:00:00,12.0,27.2,33,970.7,12.1,327,0.0,23,5,3,12.0,19.2,64.5,34.1,13.9,12.0,36.599999999999994,39.891666666666666,37.358333333333334
2026-03-29 00:00:00,12.0,27.2,35,971.1,11.0,328,0.0,0,6,3,12.0,27.2,56.8,40.4,12.0,12.0,27.849999999999994,38.05,37.27916666666667
2026-03-29 01:00:00,12.0,27.3,36,972.2,10.6,336,0.0,1,6,3,12.0,12.0,39.9,40.7,12.0,12.0,20.383333333333333,35.68333333333333,37.27916666666667
2026-03-29 02:00:00,12.0,28.5,34,973.3,7.7,330,0.0,2,6,3,12.0,12.0,19.2,30.8,12.0,12.0,15.733333333333334,33.291666666666664,37.27916666666667
2026-03-29 03:00:00,28.5,30.7,31,974.4,5.1,309,0.0,3,6,3,12.0,12.0,27.2,47.6,12.0,30.6,14.533333333333333,31.724999999999998,37.27916666666667
2026-03-29 04:00:00,13.3,33.2,28,975.1,4.9,324,0.0,4,6,3,28.5,12.0,12.0,65.5,22.4,41.5,14.75,30.13333333333333,37.96666666666667
2026-03-29 05:00:00,26.2,35.5,24,975.2,6.6,323,0.0,5,6,3,13.3,12.0,12.0,64.5,32.4,68.7,14.966666666666667,25.78333333333333,37.5875
2026-03-29 06:00:00,44.5,36.8,21,974.7,7.2,289,0.0,6,6,3,26.2,28.5,12.0,56.8,56.7,46.6,17.333333333333332,22.591666666666665,37.329166666666666
2026-03-29 07:00:00,35.8,38.3,17,974.0,9.4,266,0.0,7,6,3,44.5,13.3,12.0,39.9,64.0,58.2,22.75,21.566666666666666,36.82083333333333
2026-03-29 08:00:00,39.2,39.2,15,972.7,11.3,269,0.0,8,6,3,35.8,26.2,12.0,19.2,63.2,29.6,26.71666666666667,21.224999999999998,35.645833333333336
2026-03-29 09:00:00,74.5,39.7,13,971.4,11.3,278,0.0,9,6,3,39.2,44.5,28.5,27.2,60.1,16.3,31.25,22.891666666666666,34.645833333333336
2026-03-29 10:00:00,37.5,39.6,13,970.4,13.3,298,0.0,10,6,3,74.5,35.8,13.3,12.0,57.2,56.2,38.916666666666664,26.833333333333332,35.24583333333333
2026-03-29 11:00:00,39.8,38.5,12,970.0,17.7,315,0.0,11,6,3,37.5,39.2,26.2,12.0,34.1,55.2,42.949999999999996,28.958333333333332,34.425000000000004
2026-03-29 12:00:00,40.5,37.6,12,970.3,17.5,326,0.0,12,6,3,39.8,74.5,44.5,12.0,40.4,42.7,45.21666666666667,31.275000000000002,34.6625
2026-03-29 13:00:00,62.3,36.2,14,970.7,11.9,322,0.0,13,6,3,40.5,37.5,35.8,12.0,40.7,51.3,44.550000000000004,33.65,34.666666666666664
2026-03-29 14:00:00,61.7,35.4,16,971.1,8.3,274,0.0,14,6,3,62.3,39.8,39.2,12.0,30.8,46.0,48.96666666666666,37.84166666666667,35.56666666666667
2026-03-29 15:00:00,59.8,33.6,19,971.7,7.8,247,0.0,15,6,3,61.7,40.5,74.5,28.5,47.6,29.7,52.71666666666667,41.983333333333334,36.854166666666664
2026-03-29 16:00:00,70.8,32.2,23,972.3,7.4,270,0.0,16,6,3,59.8,62.3,37.5,13.3,65.5,54.2,50.26666666666667,44.59166666666667,37.362500000000004
2026-03-29 17:00:00,35.0,31.8,26,972.4,9.4,293,0.0,17,6,3,70.8,61.7,39.8,26.2,64.5,36.2,55.81666666666666,49.383333333333326,37.583333333333336
2026-03-29 18:00:00,44.9,32.1,28,972.7,10.7,323,0.0,18,6,3,35.0,59.8,40.5,44.5,56.8,64.0,55.01666666666666,50.11666666666667,36.354166666666664
2026-03-29 19:00:00,15.9,31.0,30,972.2,11.2,334,0.0,19,6,3,44.9,70.8,62.3,35.8,39.9,20.2,55.75,50.15,35.858333333333334
2026-03-29 20:00:00,14.3,29.6,33,971.6,10.0,342,0.0,20,6,3,15.9,35.0,61.7,39.2,19.2,15.1,48.01666666666667,48.491666666666674,34.85833333333333
2026-03-29 21:00:00,12.0,28.5,35,971.3,7.6,345,0.0,21,6,3,14.3,44.9,59.8,74.5,27.2,12.0,40.11666666666667,46.416666666666664,34.65416666666667
2026-03-29 22:00:00,12.0,28.1,37,971.2,8.3,319,0.0,22,6,3,12.0,15.9,70.8,37.5,12.0,12.0,32.15,41.208333333333336,34.020833333333336
2026-03-29 23:00:00,13.1,27.6,38,971.3,7.8,331,0.0,23,6,3,12.0,14.3,35.0,39.8,12.0,13.9,22.349999999999998,39.083333333333336,34.020833333333336
2026-03-30 00:00:00,12.0,27.3,42,971.7,8.9,326,0.0,0,0,3,13.1,12.0,44.9,40.5,12.0,12.0,18.7,36.858333333333334,34.06666666666667
2026-03-30 01:00:00,12.0,27.5,42,972.6,8.7,317,0.0,1,0,3,12.0,12.0,15.9,62.3,12.0,12.0,13.216666666666669,34.483333333333334,34.06666666666667
2026-03-30 02:00:00,14.7,29.0,38,973.7,7.6,324,0.0,2,0,3,12.0,13.1,14.3,61.7,12.0,12.0,12.566666666666668,30.291666666666668,34.06666666666667
2026-03-30 03:00:00,12.0,31.5,32,974.7,8.9,347,0.0,3,0,3,14.7,12.0,12.0,59.8,28.5,12.0,12.633333333333333,26.375,34.17916666666667
2026-03-30 04:00:00,33.0,33.9,27,975.2,7.4,1,0.0,4,0,3,12.0,12.0,12.0,70.8,13.3,22.4,12.633333333333333,22.391666666666666,33.49166666666667
2026-03-30 05:00:00,43.2,36.2,23,975.3,5.7,35,0.0,5,0,3,33.0,14.7,13.1,35.0,26.2,32.4,16.133333333333333,19.241666666666667,34.3125
2026-03-30 06:00:00,68.1,36.6,21,975.0,2.2,90,0.0,6,0,3,43.2,12.0,12.0,44.9,44.5,56.7,21.150000000000002,19.925,35.020833333333336
2026-03-30 07:00:00,59.4,38.2,18,974.3,3.1,208,0.0,7,0,3,68.1,33.0,12.0,15.9,35.8,64.0,30.5,21.85833333333333,36.00416666666666
2026-03-30 08:00:00,76.4,38.6,17,973.5,3.7,241,0.0,8,0,3,59.4,43.2,14.7,14.3,39.2,63.2,38.4,25.48333333333333,36.987500000000004
2026-03-30 09:00:00,88.6,38.7,16,972.4,2.5,188,0.0,9,0,3,76.4,68.1,12.0,12.0,74.5,60.1,48.68333333333334,30.65833333333333,38.5375
2026-03-30 10:00:00,76.4,38.8,16,971.4,4.0,144,0.0,10,0,3,88.6,59.4,33.0,12.0,37.5,57.2,61.449999999999996,37.041666666666664,39.125
2026-03-30 11:00:00,81.9,38.7,16,970.9,4.8,149,0.0,11,0,3,76.4,76.4,43.2,13.1,39.8,34.1,68.68333333333334,42.40833333333333,40.74583333333333
2026-03-30 12:00:00,102.5,37.9,18,970.6,7.3,239,0.0,12,0,3,81.9,88.6,68.1,12.0,40.5,40.4,75.13333333333334,48.14166666666667,42.5
2026-03-30 13:00:00,69.9,36.6,19,971.4,6.7,265,0.0,13,0,3,102.5,76.4,59.4,12.0,62.3,40.7,80.86666666666667,55.68333333333334,45.083333333333336
2026-03-30 14:00:00,69.5,36.3,20,972.3,7.7,321,0.0,14,0,3,69.9,81.9,76.4,14.7,61.7,30.8,82.61666666666667,60.50833333333333,45.4
2026-03-30 15:00:00,50.2,35.6,20,973.1,11.1,324,0.0,15,0,3,69.5,102.5,88.6,12.0,59.8,47.6,81.46666666666668,65.075,45.724999999999994
2026-03-30 16:00:00,47.6,34.6,22,974.5,13.7,310,0.0,16,0,3,50.2,69.9,76.4,33.0,70.8,65.5,75.06666666666668,68.25833333333334,45.324999999999996
2026-03-30 17:00:00,21.6,32.9,24,976.1,16.0,247,0.0,17,0,3,47.6,69.5,81.9,43.2,35.0,64.5,70.26666666666667,69.475,44.35833333333333
2026-03-30 18:00:00,45.7,26.7,52,976.5,7.8,226,0.0,18,0,3,21.6,50.2,102.5,68.1,44.9,56.8,60.21666666666667,67.675,43.800000000000004
2026-03-30 19:00:00,35.6,25.7,59,977.0,10.9,263,0.1,19,0,3,45.7,47.6,69.9,59.4,15.9,39.9,50.75,65.80833333333334,43.833333333333336
2026-03-30 20:00:00,12.0,23.9,70,976.7,13.0,280,0.7,20,0,3,35.6,21.6,69.5,76.4,14.3,19.2,45.03333333333333,63.82500000000001,44.65416666666667
2026-03-30 21:00:00,12.0,22.7,92,976.0,8.4,318,2.7,21,0,3,12.0,45.7,50.2,88.6,12.0,27.2,35.45,58.458333333333336,44.55833333333334
2026-03-30 22:00:00,12.0,22.6,92,975.7,10.7,305,1.5,22,0,3,12.0,35.6,47.6,76.4,12.0,12.0,29.083333333333332,52.07500000000001,44.55833333333334
2026-03-30 23:00:00,40.5,22.6,90,975.1,2.9,270,0.6,23,0,3,12.0,12.0,21.6,81.9,13.1,12.0,23.150000000000002,46.708333333333336,44.55833333333334
2026-03-31 00:00:00,43.2,22.3,82,976.0,0.6,342,0.1,0,1,3,40.5,12.0,45.7,102.5,12.0,12.0,26.3,43.25833333333333,45.70000000000001
2026-03-31 01:00:00,21.5,22.8,79,976.3,4.6,351,0.0,1,1,3,43.2,12.0,35.6,69.9,12.0,12.0,25.883333333333336,38.31666666666667,47.0
2026-03-31 02:00:00,44.8,24.2,70,976.8,4.6,48,0.0,2,1,3,21.5,40.5,12.0,69.5,14.7,12.0,23.533333333333335,34.28333333333334,47.395833333333336
2026-03-31 03:00:00,31.2,26.9,55,977.5,5.4,69,0.0,3,1,3,44.8,43.2,12.0,50.2,12.0,28.5,29.0,32.225,48.650000000000006
2026-03-31 04:00:00,12.0,29.8,42,977.8,7.9,57,0.0,4,1,3,31.2,21.5,12.0,47.6,33.0,13.3,32.2,30.64166666666667,49.449999999999996
2026-03-31 05:00:00,27.4,32.7,32,977.9,8.1,58,0.0,5,1,3,12.0,44.8,40.5,21.6,43.2,26.2,32.2,27.675,48.574999999999996
2026-03-31 06:00:00,67.3,32.4,35,977.8,4.5,113,0.0,6,1,3,27.4,31.2,43.2,45.7,68.1,44.5,30.016666666666666,28.15833333333333,47.916666666666664
2026-03-31 07:00:00,80.9,33.5,32,976.8,3.8,109,0.0,7,1,3,67.3,12.0,21.5,35.6,59.4,35.8,34.03333333333333,29.958333333333332,47.88333333333333
2026-03-31 08:00:00,79.6,34.5,30,975.6,1.9,119,0.0,8,1,3,80.9,27.4,44.8,12.0,76.4,39.2,43.93333333333334,33.733333333333334,48.77916666666667
2026-03-31 09:00:00,80.3,35.2,28,974.5,1.2,27,0.0,9,1,3,79.6,67.3,31.2,12.0,88.6,74.5,49.73333333333333,39.36666666666667,48.9125
2026-03-31 10:00:00,80.4,35.3,26,973.4,3.3,347,0.0,10,1,3,80.3,80.9,12.0,12.0,76.4,37.5,57.916666666666664,45.05833333333334,48.56666666666666
2026-03-31 11:00:00,72.1,34.8,26,972.7,3.7,313,0.0,11,1,3,80.4,79.6,27.4,40.5,81.9,39.8,69.31666666666668,50.75833333333333,48.73333333333333
2026-03-31 12:00:00,107.0,34.7,24,972.7,5.6,132,0.0,12,1,3,72.1,80.3,67.3,43.2,102.5,40.5,76.76666666666667,53.39166666666667,48.324999999999996
2026-03-31 13:00:00,82.4,32.3,34,972.9,9.1,129,0.0,13,1,3,107.0,80.4,80.9,21.5,69.9,62.3,83.38333333333333,58.708333333333336,48.512499999999996
2026-03-31 14:00:00,43.3,30.9,36,973.2,13.3,161,0.0,14,1,3,82.4,72.1,79.6,44.8,69.5,61.7,83.63333333333334,63.78333333333333,49.03333333333333
2026-03-31 15:00:00,59.2,29.9,41,974.1,11.6,172,0.0,15,1,3,43.3,107.0,80.3,31.2,50.2,59.8,77.58333333333333,63.65833333333333,47.94166666666666
2026-03-31 16:00:00,47.0,29.3,43,974.7,10.0,167,0.0,16,1,3,59.2,82.4,80.4,12.0,47.6,70.8,74.06666666666668,65.99166666666666,48.31666666666666
2026-03-31 17:00:00,57.7,28.5,46,975.3,6.6,193,0.0,17,1,3,47.0,43.3,72.1,27.4,21.6,35.0,68.5,68.90833333333333,48.291666666666664
2026-03-31 18:00:00,50.1,28.5,49,975.0,7.1,207,0.0,18,1,3,57.7,59.2,107.0,67.3,45.7,44.9,66.10000000000001,71.43333333333334,49.79583333333334
2026-03-31 19:00:00,38.5,27.0,64,974.5,3.5,204,0.0,19,1,3,50.1,47.0,82.4,80.9,35.6,15.9,56.616666666666674,70.0,49.979166666666664
2026-03-31 20:00:00,55.4,26.6,68,974.3,2.1,255,0.0,20,1,3,38.5,57.7,43.3,79.6,12.0,14.3,49.300000000000004,66.46666666666665,50.099999999999994
2026-03-31 21:00:00,43.3,25.9,68,973.7,3.0,237,0.0,21,1,3,55.4,50.1,59.2,80.3,12.0,12.0,51.31666666666666,64.45,51.90833333333333
2026-03-31 22:00:00,42.6,26.1,66,973.1,0.6,326,0.0,22,1,3,43.3,38.5,47.0,80.4,12.0,12.0,48.666666666666664,61.36666666666667,53.2125
2026-03-31 23:00:00,14.5,24.9,72,973.5,1.7,328,0.0,23,1,3,42.6,55.4,57.7,72.1,40.5,13.1,47.93333333333334,58.21666666666667,54.48749999999999
2026-04-01 00:00:00,24.5,25.0,67,974.6,4.1,218,0.0,0,2,4,14.5,43.3,50.1,107.0,43.2,12.0,40.733333333333334,53.416666666666664,53.40416666666666
2026-04-01 01:00:00,12.0,24.7,74,975.4,2.0,297,0.0,1,2,4,24.5,42.6,38.5,82.4,21.5,12.0,36.46666666666667,46.541666666666664,52.625
2026-04-01 02:00:00,48.8,26.1,64,976.2,1.8,135,0.0,2,2,4,12.0,14.5,55.4,43.3,44.8,14.7,32.050000000000004,40.675000000000004,52.229166666666664
2026-04-01 03:00:00,30.4,28.8,52,977.0,2.5,176,0.0,3,2,4,48.8,24.5,43.3,59.2,31.2,12.0,30.95,41.13333333333333,52.395833333333336
2026-04-01 04:00:00,46.5,31.8,43,977.3,6.3,183,0.0,4,2,4,30.4,12.0,42.6,47.0,12.0,33.0,28.799999999999997,38.733333333333334,52.362500000000004
2026-04-01 05:00:00,19.5,34.0,33,977.2,9.9,190,0.0,5,2,4,46.5,48.8,14.5,57.7,27.4,43.2,29.45,38.69166666666667,53.800000000000004
2026-04-01 06:00:00,50.0,35.1,31,976.9,8.0,211,0.0,6,2,4,19.5,30.4,24.5,50.1,67.3,68.1,30.28333333333333,35.50833333333333,53.47083333333333
2026-04-01 07:00:00,70.9,35.8,28,975.9,4.8,245,0.0,7,2,4,50.0,46.5,12.0,38.5,80.9,59.4,34.53333333333333,35.5,52.75
2026-04-01 08:00:00,70.2,36.1,26,974.7,3.7,284,0.0,8,2,4,70.9,19.5,48.8,55.4,79.6,76.4,44.35,38.199999999999996,52.333333333333336
2026-04-01 09:00:00,76.5,36.3,25,973.7,3.0,322,0.0,9,2,4,70.2,50.0,30.4,43.3,80.3,88.6,47.916666666666664,39.43333333333334,51.94166666666667
2026-04-01 10:00:00,92.6,36.3,23,973.0,3.4,264,0.0,10,2,4,76.5,70.9,46.5,42.6,80.4,76.4,55.6,42.199999999999996,51.78333333333334
2026-04-01 11:00:00,80.5,35.9,23,972.4,5.9,200,0.0,11,2,4,92.6,70.2,19.5,14.5,72.1,81.9,63.28333333333334,46.36666666666667,52.291666666666664
2026-04-01 12:00:00,83.1,36.6,18,971.6,8.1,151,0.0,12,2,4,80.5,76.5,50.0,24.5,107.0,102.5,73.45,51.86666666666667,52.64166666666667
2026-04-01 13:00:00,78.9,34.4,22,972.7,8.6,119,0.0,13,2,4,83.1,92.6,70.9,12.0,82.4,69.9,78.96666666666667,56.75,51.645833333333336
2026-04-01 14:00:00,67.2,32.6,25,973.5,12.7,144,0.0,14,2,4,78.9,80.5,70.2,48.8,43.3,69.5,80.3,62.324999999999996,51.5
2026-04-01 15:00:00,75.5,31.7,27,974.2,9.9,143,0.0,15,2,4,67.2,83.1,76.5,30.4,59.2,50.2,79.8,63.85833333333334,52.49583333333334
2026-04-01 16:00:00,79.4,30.9,32,974.9,3.6,135,0.0,16,2,4,75.5,78.9,92.6,46.5,47.0,47.6,79.63333333333334,67.61666666666667,53.175000000000004
2026-04-01 17:00:00,80.7,29.8,40,975.3,1.5,14,0.0,17,2,4,79.4,67.2,80.5,19.5,57.7,21.6,77.43333333333334,70.35833333333333,54.525
2026-04-01 18:00:00,29.3,29.6,34,975.8,6.9,31,0.0,18,2,4,80.7,75.5,83.1,50.0,50.1,45.7,77.46666666666667,75.45833333333333,55.48333333333333
2026-04-01 19:00:00,46.2,27.9,43,975.9,2.9,360,0.0,19,2,4,29.3,79.4,78.9,70.9,38.5,35.6,68.50000000000001,73.73333333333333,54.61666666666667
2026-04-01 20:00:00,23.1,27.8,40,975.2,4.7,178,0.0,20,2,4,46.2,80.7,67.2,70.2,55.4,12.0,63.050000000000004,71.675,54.9375
2026-04-01 21:00:00,12.0,26.8,42,975.0,5.9,235,0.0,21,2,4,23.1,29.3,75.5,76.5,43.3,12.0,55.699999999999996,67.75,53.59166666666667
2026-04-01 22:00:00,33.3,26.7,44,974.3,3.6,264,0.0,22,2,4,12.0,46.2,79.4,92.6,42.6,12.0,45.11666666666667,62.375,52.2875
2026-04-01 23:00:00,39.8,26.8,50,974.1,1.6,297,0.0,23,2,4,33.3,23.1,80.7,80.5,14.5,40.5,37.43333333333333,57.43333333333334,51.900000000000006
2026-04-02 00:00:00,14.0,24.5,63,976.0,8.1,323,0.0,0,3,4,39.8,12.0,29.3,83.1,24.5,43.2,30.616666666666664,54.041666666666664,52.95416666666667
2026-04-02 01:00:00,12.0,24.6,62,976.8,5.1,342,0.0,1,3,4,14.0,33.3,46.2,78.9,12.0,21.5,28.066666666666666,48.28333333333333,52.51666666666667
2026-04-02 02:00:00,17.9,25.1,60,977.3,1.5,324,0.0,2,3,4,12.0,39.8,23.1,67.2,48.8,44.8,22.366666666666664,42.708333333333336,52.51666666666667
2026-04-02 03:00:00,39.7,27.2,51,977.9,2.8,11,0.0,3,3,4,17.9,14.0,12.0,75.5,30.4,31.2,21.5,38.6,51.229166666666664
2026-04-02 04:00:00,23.4,29.4,42,978.5,2.0,333,0.0,4,3,4,39.7,12.0,33.3,79.4,46.5,12.0,26.116666666666664,35.61666666666667,51.61666666666667
2026-04-02 05:00:00,48.4,31.4,36,978.7,0.7,180,0.0,5,3,4,23.4,17.9,39.8,80.7,19.5,27.4,24.466666666666665,30.95,50.65416666666667
2026-04-02 06:00:00,25.5,32.2,36,978.5,8.6,178,0.0,6,3,4,48.4,39.7,14.0,29.3,50.0,67.3,25.900000000000002,28.258333333333336,51.85833333333334
2026-04-02 07:00:00,38.8,33.1,34,977.8,14.5,192,0.0,7,3,4,25.5,23.4,12.0,46.2,70.9,80.9,27.816666666666666,27.941666666666663,50.837500000000006
2026-04-02 08:00:00,48.8,34.3,30,976.8,11.9,195,0.0,8,3,4,38.8,48.4,17.9,23.1,70.2,79.6,32.28333333333333,27.325,49.5
2026-04-02 09:00:00,78.3,34.8,29,975.7,8.1,205,0.0,9,3,4,48.8,25.5,39.7,12.0,76.5,80.3,37.43333333333333,29.466666666666665,48.60833333333333
2026-04-02 10:00:00,79.8,34.5,29,974.8,6.1,210,0.0,10,3,4,78.3,38.8,23.4,33.3,92.6,80.4,43.86666666666667,34.99166666666667,48.68333333333333
2026-04-02 11:00:00,86.1,34.0,30,974.3,3.5,249,0.0,11,3,4,79.8,48.8,48.4,39.8,80.5,72.1,53.26666666666667,38.86666666666667,48.15
2026-04-02 12:00:00,84.4,35.1,26,973.1,8.6,206,0.0,12,3,4,86.1,78.3,25.5,14.0,83.1,107.0,59.550000000000004,42.725,48.38333333333333
2026-04-02 13:00:00,58.4,33.4,30,973.7,7.5,220,0.0,13,3,4,84.4,79.8,38.8,12.0,78.9,82.4,69.36666666666666,48.59166666666667,48.4375
2026-04-02 14:00:00,56.5,32.2,33,974.6,8.9,220,0.0,14,3,4,58.4,86.1,48.8,17.9,67.2,43.3,72.63333333333334,52.458333333333336,47.583333333333336
2026-04-02 15:00:00,82.3,31.1,35,975.2,8.2,189,0.0,15,3,4,56.5,84.4,78.3,39.7,75.5,59.2,73.91666666666667,55.675000000000004,47.137499999999996
2026-04-02 16:00:00,65.9,30.0,39,976.0,9.4,169,0.0,16,3,4,82.3,58.4,79.8,23.4,79.4,47.0,74.58333333333333,59.224999999999994,47.42083333333333
2026-04-02 17:00:00,45.6,29.7,39,976.4,9.4,180,0.0,17,3,4,65.9,56.5,86.1,48.4,80.7,57.7,72.26666666666667,62.76666666666667,46.85833333333334
2026-04-02 18:00:00,12.3,29.3,47,976.0,11.9,212,0.0,18,3,4,45.6,82.3,84.4,25.5,29.3,50.1,65.51666666666667,62.53333333333333,45.395833333333336
2026-04-02 19:00:00,30.5,28.3,49,975.8,10.3,248,0.0,19,3,4,12.3,65.9,58.4,38.8,46.2,38.5,53.5,61.43333333333334,44.6875
2026-04-02 20:00:00,12.0,28.1,48,975.7,14.6,271,0.0,20,3,4,30.5,45.6,56.5,48.8,23.1,55.4,48.849999999999994,60.74166666666667,44.03333333333333
2026-04-02 21:00:00,12.0,27.6,48,975.3,13.4,303,0.0,21,3,4,12.0,12.3,82.3,78.3,12.0,43.3,41.43333333333333,57.675000000000004,43.570833333333326
2026-04-02 22:00:00,12.0,26.8,51,975.0,11.7,311,0.0,22,3,4,12.0,30.5,65.9,79.8,33.3,42.6,29.71666666666667,52.150000000000006,43.570833333333326
2026-04-02 23:00:00,12.0,26.2,53,974.9,11.0,308,0.0,23,3,4,12.0,12.0,45.6,86.1,39.8,14.5,20.733333333333334,46.5,42.68333333333333
2026-04-03 00:00:00,12.0,25.0,61,975.1,11.3,323,0.0,0,4,4,12.0,12.0,12.3,84.4,14.0,24.5,15.133333333333335,40.324999999999996,41.525
2026-04-03 01:00:00,12.0,24.8,63,976.0,8.7,323,0.0,1,4,4,12.0,12.0,30.5,58.4,12.0,12.0,15.083333333333334,34.291666666666664,41.44166666666667
2026-04-03 02:00:00,21.8,26.0,57,976.8,6.5,352,0.0,2,4,4,12.0,12.0,12.0,56.5,17.9,48.8,12.0,30.424999999999997,41.44166666666667
2026-04-03 03:00:00,12.0,28.2,50,977.6,5.5,13,0.0,3,4,4,21.8,12.0,12.0,82.3,39.7,30.4,13.633333333333333,27.53333333333333,41.604166666666664
2026-04-03 04:00:00,31.4,31.0,41,978.0,4.1,34,0.0,4,4,4,12.0,12.0,12.0,65.9,23.4,46.5,13.633333333333333,21.675,40.449999999999996
2026-04-03 05:00:00,49.4,33.6,33,977.8,3.0,73,0.0,5,4,4,31.4,21.8,12.0,45.6,48.4,19.5,16.866666666666664,18.8,40.78333333333333
2026-04-03 06:00:00,51.9,33.8,32,977.3,2.5,82,0.0,6,4,4,49.4,12.0,12.0,12.3,25.5,50.0,23.099999999999998,19.116666666666667,40.824999999999996
2026-04-03 07:00:00,95.3,35.3,30,976.2,1.5,120,0.0,7,4,4,51.9,31.4,12.0,30.5,38.8,70.9,29.75,22.416666666666668,41.925000000000004
2026-04-03 08:00:00,67.0,36.1,28,975.0,2.6,205,0.0,8,4,4,95.3,49.4,21.8,12.0,48.8,70.2,43.633333333333326,27.816666666666663,44.27916666666666
2026-04-03 09:00:00,65.9,36.4,26,974.3,5.8,274,0.0,9,4,4,67.0,51.9,12.0,12.0,78.3,76.5,51.166666666666664,32.4,45.0375
2026-04-03 10:00:00,51.1,34.8,29,973.5,14.7,285,0.0,10,4,4,65.9,95.3,31.4,12.0,79.8,92.6,60.15,36.891666666666666,44.520833333333336
2026-04-03 11:00:00,75.8,34.1,31,973.4,11.6,291,0.0,11,4,4,51.1,67.0,49.4,12.0,86.1,80.5,63.43333333333334,40.15,43.324999999999996
2026-04-03 12:00:00,74.5,36.4,20,972.7,5.3,252,0.0,12,4,4,75.8,65.9,51.9,12.0,84.4,83.1,67.83333333333333,45.46666666666667,42.895833333333336
2026-04-03 13:00:00,62.9,33.3,30,973.3,10.4,300,0.0,13,4,4,74.5,51.1,95.3,12.0,58.4,78.9,71.60000000000001,50.675000000000004,42.48333333333333
2026-04-03 14:00:00,72.8,32.2,32,973.8,6.7,272,0.0,14,4,4,62.9,75.8,67.0,21.8,56.5,67.2,66.2,54.916666666666664,42.67083333333333
2026-04-03 15:00:00,40.6,30.5,37,975.0,8.5,282,0.0,15,4,4,72.8,74.5,65.9,12.0,82.3,75.5,67.16666666666667,59.166666666666664,43.35
2026-04-03 16:00:00,41.0,30.0,38,975.5,7.0,320,0.0,16,4,4,40.6,62.9,51.1,31.4,65.9,79.4,62.949999999999996,61.550000000000004,41.612500000000004
2026-04-03 17:00:00,45.4,29.8,38,975.9,6.6,315,0.0,17,4,4,41.0,72.8,75.8,49.4,45.6,80.7,61.26666666666666,62.349999999999994,40.574999999999996
2026-04-03 18:00:00,40.6,28.1,47,975.9,8.1,347,0.0,18,4,4,45.4,40.6,74.5,51.9,12.3,29.3,56.19999999999999,62.01666666666666,40.56666666666667
2026-04-03 19:00:00,31.2,27.5,49,975.4,7.6,345,0.0,19,4,4,40.6,41.0,62.9,95.3,30.5,46.2,50.54999999999999,61.074999999999996,41.74583333333333
2026-04-03 20:00:00,26.3,26.9,52,975.0,7.0,296,0.0,20,4,4,31.2,45.4,72.8,67.0,12.0,23.1,45.26666666666666,55.73333333333334,41.775
2026-04-03 21:00:00,12.0,26.3,56,974.5,12.5,262,0.0,21,4,4,26.3,40.6,40.6,65.9,12.0,12.0,37.516666666666666,52.34166666666667,42.37083333333333
2026-04-03 22:00:00,36.5,26.4,55,973.7,6.7,270,0.0,22,4,4,12.0,31.2,41.0,51.1,12.0,33.3,32.75,47.85,42.37083333333333
2026-04-03 23:00:00,12.0,26.4,52,973.7,8.4,259,0.0,23,4,4,36.5,26.3,45.4,75.8,12.0,39.8,32.0,46.63333333333333,43.39166666666666
2026-04-04 00:00:00,12.0,25.3,65,975.4,6.4,299,0.0,0,5,4,12.0,12.0,40.6,74.5,12.0,14.0,26.433333333333334,41.31666666666666,43.39166666666666
2026-04-04 01:00:00,12.0,24.1,70,976.4,13.6,321,0.0,1,5,4,12.0,36.5,31.2,62.9,12.0,12.0,21.666666666666668,36.10833333333333,43.39166666666666
2026-04-04 02:00:00,25.5,24.6,69,976.8,9.8,310,0.1,2,5,4,12.0,12.0,26.3,72.8,21.8,17.9,18.46666666666667,31.866666666666664,43.39166666666666
2026-04-04 03:00:00,12.0,27.1,59,977.5,10.5,303,0.0,3,5,4,25.5,12.0,12.0,40.6,12.0,39.7,18.333333333333332,27.925,43.54583333333333
2026-04-04 04:00:00,12.5,29.2,48,977.8,10.5,319,0.0,4,5,4,12.0,12.0,36.5,41.0,31.4,23.4,18.333333333333332,25.541666666666668,43.54583333333333
2026-04-04 05:00:00,46.1,31.2,41,977.5,10.0,337,0.0,5,5,4,12.5,25.5,12.0,45.4,49.4,48.4,14.333333333333334,23.166666666666668,42.75833333333333
2026-04-04 06:00:00,56.0,30.7,43,977.1,7.0,12,0.0,6,5,4,46.1,12.0,12.0,40.6,51.9,25.5,20.016666666666666,23.224999999999998,42.62083333333333
2026-04-04 07:00:00,48.7,31.7,41,976.5,5.2,31,0.0,7,5,4,56.0,12.5,12.0,31.2,95.3,38.8,27.349999999999998,24.508333333333336,42.791666666666664
2026-04-04 08:00:00,74.8,32.3,39,974.8,3.8,31,0.0,8,5,4,48.7,46.1,25.5,26.3,67.0,48.8,33.46666666666667,25.96666666666667,40.85
2026-04-04 09:00:00,62.5,33.2,36,973.6,0.6,146,0.0,9,5,4,74.8,56.0,12.0,12.0,65.9,78.3,41.68333333333333,30.008333333333336,41.175000000000004
2026-04-04 10:00:00,93.0,31.8,40,973.1,4.6,257,0.0,10,5,4,62.5,48.7,12.5,36.5,51.1,79.8,50.1,34.21666666666667,41.03333333333334
2026-04-04 11:00:00,87.7,32.2,39,972.7,3.1,230,0.0,11,5,4,93.0,74.8,46.1,12.0,75.8,86.1,63.51666666666667,38.925000000000004,42.77916666666667
2026-04-04 12:00:00,70.5,32.8,31,972.5,5.5,293,0.0,12,5,4,87.7,62.5,56.0,12.0,74.5,84.4,70.45,45.23333333333333,43.275000000000006
2026-04-04 13:00:00,75.0,31.6,36,972.4,5.5,322,0.0,13,5,4,70.5,93.0,48.7,12.0,62.9,58.4,72.86666666666667,50.10833333333333,43.10833333333334
2026-04-04 14:00:00,62.9,30.9,40,973.6,7.9,271,0.0,14,5,4,75.0,87.7,74.8,25.5,72.8,56.5,77.25,55.35833333333333,43.612500000000004
2026-04-04 15:00:00,64.3,28.9,46,974.4,9.1,238,0.0,15,5,4,62.9,70.5,62.5,12.0,40.6,82.3,75.26666666666667,58.475,43.199999999999996
2026-04-04 16:00:00,60.0,28.3,47,974.7,7.8,261,0.0,16,5,4,64.3,75.0,93.0,12.5,41.0,65.9,75.56666666666668,62.833333333333336,44.1875
2026-04-04 17:00:00,51.3,27.9,49,974.8,7.6,267,0.0,17,5,4,60.0,62.9,87.7,46.1,45.4,45.6,70.06666666666666,66.79166666666667,44.979166666666664
2026-04-04 18:00:00,32.7,28.1,51,974.0,6.9,231,0.0,18,5,4,51.3,64.3,70.5,56.0,40.6,12.3,64.0,67.225,45.224999999999994
2026-04-04 19:00:00,12.0,26.9,55,974.0,11.6,219,0.0,19,5,4,32.7,60.0,75.0,48.7,31.2,30.5,57.699999999999996,65.28333333333333,44.895833333333336
2026-04-04 20:00:00,12.0,26.6,56,973.0,9.0,260,0.0,20,5,4,12.0,51.3,62.9,74.8,26.3,12.0,47.199999999999996,62.225,44.09583333333333
2026-04-04 21:00:00,45.7,25.9,58,973.0,8.6,237,0.0,21,5,4,12.0,32.7,64.3,62.5,12.0,12.0,38.71666666666667,56.99166666666667,43.5
2026-04-04 22:00:00,12.0,24.5,65,973.3,11.6,196,0.6,22,5,4,45.7,12.0,60.0,93.0,36.5,12.0,35.61666666666667,55.59166666666667,44.90416666666667
2026-04-04 23:00:00,17.1,25.0,60,973.1,8.0,295,0.0,23,5,4,12.0,12.0,51.3,87.7,12.0,12.0,27.616666666666664,48.84166666666667,43.88333333333333
2026-04-05 00:00:00,12.0,24.9,61,974.2,6.0,344,0.0,0,6,4,17.1,45.7,32.7,70.5,12.0,12.0,21.916666666666668,42.958333333333336,44.09583333333333
2026-04-05 01:00:00,12.0,24.6,60,975.0,7.7,342,0.0,1,6,4,12.0,12.0,12.0,75.0,12.0,12.0,18.46666666666667,38.083333333333336,44.09583333333333
2026-04-05 02:00:00,34.3,25.4,56,975.7,4.3,28,0.0,2,6,4,12.0,17.1,12.0,62.9,25.5,21.8,18.46666666666667,32.833333333333336,44.09583333333333
2026-04-05 03:00:00,45.5,27.5,47,976.7,3.3,45,0.0,3,6,4,34.3,12.0,45.7,64.3,12.0,12.0,22.183333333333334,30.450000000000003,44.4625
2026-04-05 04:00:00,40.0,30.1,37,977.1,4.2,10,0.0,4,6,4,45.5,12.0,12.0,60.0,12.5,31.4,22.150000000000002,28.883333333333336,45.85833333333333
2026-04-05 05:00:00,58.6,32.2,31,977.1,5.6,338,0.0,5,6,4,40.0,34.3,17.1,51.3,46.1,49.4,26.816666666666666,27.21666666666667,47.00416666666666
2026-04-05 06:00:00,55.8,31.4,37,976.6,3.2,341,0.0,6,6,4,58.6,45.5,12.0,32.7,56.0,51.9,33.733333333333334,27.825,47.525000000000006
2026-04-05 07:00:00,61.7,32.9,33,975.6,3.5,285,0.0,7,6,4,55.8,40.0,12.0,12.0,48.7,95.3,41.03333333333333,29.75,47.51666666666667
2026-04-05 08:00:00,58.1,33.6,31,974.2,6.8,270,0.0,8,6,4,61.7,58.6,34.3,12.0,74.8,67.0,49.31666666666666,33.891666666666666,48.05833333333334
2026-04-05 09:00:00,72.8,34.2,29,973.0,7.9,269,0.0,9,6,4,58.1,55.8,45.5,45.7,62.5,65.9,53.28333333333333,37.733333333333334,47.362500000000004
2026-04-05 10:00:00,61.0,34.9,26,972.0,9.9,258,0.0,10,6,4,72.8,61.7,40.0,12.0,93.0,51.1,57.833333333333336,39.99166666666667,47.791666666666664
2026-04-05 11:00:00,28.6,34.0,26,971.7,13.7,268,0.0,11,6,4,61.0,58.1,58.6,17.1,87.7,75.8,61.333333333333336,44.074999999999996,46.458333333333336
2026-04-05 12:00:00,72.9,34.5,22,971.3,11.3,241,0.0,12,6,4,28.6,72.8,55.8,12.0,70.5,74.5,56.333333333333336,45.03333333333333,43.99583333333334
2026-04-05 13:00:00,52.4,32.6,29,971.4,13.2,202,0.0,13,6,4,72.9,61.0,61.7,12.0,75.0,62.9,59.18333333333334,50.10833333333333,44.09583333333333
2026-04-05 14:00:00,48.8,31.4,31,971.8,12.7,193,0.0,14,6,4,52.4,28.6,58.1,34.3,62.9,72.8,57.633333333333326,53.474999999999994,43.15416666666667
2026-04-05 15:00:00,47.7,30.8,32,972.6,12.1,224,0.0,15,6,4,48.8,72.9,72.8,45.5,64.3,40.6,56.083333333333336,54.68333333333334,42.56666666666667
2026-04-05 16:00:00,69.2,29.4,36,973.2,10.7,264,0.0,16,6,4,47.7,52.4,61.0,40.0,60.0,41.0,51.9,54.86666666666667,41.875
2026-04-05 17:00:00,27.4,28.7,34,973.8,13.2,308,0.0,17,6,4,69.2,48.8,28.6,58.6,51.3,45.4,53.26666666666667,57.300000000000004,42.25833333333333
2026-04-05 18:00:00,29.0,28.0,36,973.5,11.5,330,0.0,18,6,4,27.4,47.7,72.9,55.8,32.7,40.6,53.06666666666666,54.699999999999996,41.262499999999996
2026-04-05 19:00:00,16.5,27.0,38,973.1,10.7,337,0.0,19,6,4,29.0,69.2,52.4,61.7,12.0,31.2,45.75,52.46666666666666,41.10833333333333
2026-04-05 20:00:00,12.0,26.4,39,972.7,6.1,315,0.0,20,6,4,16.5,27.4,48.8,58.1,12.0,26.3,39.766666666666666,48.699999999999996,41.29583333333333
2026-04-05 21:00:00,12.0,25.7,42,972.6,3.4,227,0.0,21,6,4,12.0,29.0,47.7,72.8,45.7,12.0,33.63333333333333,44.85833333333333,41.29583333333333
2026-04-05 22:00:00,12.0,25.2,44,972.8,6.0,263,0.0,22,6,4,12.0,16.5,69.2,61.0,12.0,36.5,27.683333333333334,39.791666666666664,39.891666666666666
2026-04-05 23:00:00,37.0,24.8,46,973.3,7.2,295,0.0,23,6,4,12.0,12.0,27.4,28.6,17.1,12.0,18.150000000000002,35.708333333333336,39.891666666666666
2026-04-06 00:00:00,18.2,24.1,46,973.2,8.9,333,0.0,0,0,4,37.0,12.0,29.0,72.9,12.0,12.0,19.75,36.40833333333333,40.72083333333333
2026-04-06 01:00:00,14.5,24.1,45,973.9,7.8,351,0.0,1,0,4,18.2,12.0,16.5,52.4,12.0,12.0,17.95,31.850000000000005,40.979166666666664
2026-04-06 02:00:00,12.0,25.6,39,974.9,6.3,5,0.0,2,0,4,14.5,37.0,12.0,48.8,34.3,25.5,17.616666666666664,28.691666666666666,41.083333333333336
2026-04-06 03:00:00,12.0,27.9,31,975.7,7.1,16,0.0,3,0,4,12.0,18.2,12.0,47.7,45.5,12.0,17.616666666666664,25.625,40.15416666666666
2026-04-06 04:00:00,24.7,30.3,26,976.2,5.8,16,0.0,4,0,4,12.0,14.5,12.0,69.2,40.0,12.5,17.616666666666664,22.650000000000002,38.75833333333333
2026-04-06 05:00:00,36.8,32.6,21,976.3,6.5,32,0.0,5,0,4,24.7,12.0,37.0,27.4,58.6,46.1,19.73333333333333,18.941666666666666,38.12083333333333
2026-04-06 06:00:00,46.4,33.6,19,976.1,4.5,7,0.0,6,0,4,36.8,12.0,18.2,29.0,55.8,56.0,19.7,19.724999999999998,37.2125
2026-04-06 07:00:00,35.4,35.0,18,975.5,5.1,293,0.0,7,0,4,46.4,24.7,14.5,16.5,61.7,48.7,24.400000000000002,21.175,36.82083333333333
2026-04-06 08:00:00,58.9,35.5,17,974.5,7.1,279,0.0,8,0,4,35.4,36.8,12.0,12.0,58.1,74.8,27.883333333333336,22.75,35.725
2026-04-06 09:00:00,54.6,35.7,17,973.2,7.1,300,0.0,9,0,4,58.9,46.4,12.0,12.0,72.8,62.5,35.699999999999996,26.65833333333333,35.75833333333333
2026-04-06 10:00:00,70.6,36.2,16,972.1,5.3,327,0.0,10,0,4,54.6,35.4,24.7,12.0,61.0,93.0,42.800000000000004,30.208333333333332,35.0
2026-04-06 11:00:00,91.2,36.3,15,971.4,9.0,286,0.0,11,0,4,70.6,58.9,36.8,37.0,28.6,87.7,50.449999999999996,35.09166666666666,35.4
2026-04-06 12:00:00,41.8,35.4,15,971.3,10.0,283,0.0,12,0,4,91.2,54.6,46.4,18.2,72.9,70.5,59.51666666666667,39.60833333333333,38.00833333333333
2026-04-06 13:00:00,65.6,33.2,20,972.3,6.6,249,0.0,13,0,4,41.8,70.6,35.4,14.5,52.4,75.0,58.75,41.574999999999996,36.7125
2026-04-06 14:00:00,82.2,31.6,24,972.9,7.1,246,0.0,14,0,4,65.6,91.2,58.9,12.0,48.8,62.9,63.78333333333333,45.833333333333336,37.262499999999996
2026-04-06 15:00:00,54.1,30.7,26,973.3,9.0,248,0.0,15,0,4,82.2,41.8,54.6,12.0,47.7,64.3,67.66666666666667,51.68333333333334,38.65416666666667
2026-04-06 16:00:00,61.4,29.4,30,974.0,9.6,282,0.0,16,0,4,54.1,65.6,70.6,24.7,69.2,60.0,67.58333333333333,55.19166666666666,38.92083333333333
2026-04-06 17:00:00,36.4,27.8,33,974.5,9.2,321,0.0,17,0,4,61.4,82.2,91.2,36.8,27.4,51.3,66.05,58.25,38.59583333333333
2026-04-06 18:00:00,24.1,27.7,34,974.1,12.4,284,0.0,18,0,4,36.4,54.1,41.8,46.4,29.0,32.7,56.916666666666664,58.21666666666667,38.97083333333334
2026-04-06 19:00:00,23.2,27.7,31,973.7,13.8,301,0.0,19,0,4,24.1,61.4,65.6,35.4,16.5,12.0,53.96666666666667,56.35833333333333,38.76666666666667
2026-04-06 20:00:00,28.0,26.9,31,973.7,12.4,304,0.0,20,0,4,23.2,36.4,82.2,58.9,12.0,12.0,46.9,55.34166666666667,39.045833333333334
2026-04-06 21:00:00,29.9,26.0,33,973.6,11.3,312,0.0,21,0,4,28.0,24.1,54.1,54.6,12.0,45.7,37.86666666666667,52.76666666666666,39.7125
2026-04-06 22:00:00,12.0,25.3,34,973.5,12.1,313,0.0,22,0,4,29.9,23.2,61.4,70.6,12.0,12.0,33.833333333333336,50.708333333333336,40.458333333333336
2026-04-06 23:00:00,12.0,24.9,35,973.4,12.2,316,0.0,23,0,4,12.0,28.0,36.4,91.2,37.0,17.1,25.599999999999998,45.824999999999996,40.458333333333336
2026-04-07 00:00:00,12.0,24.7,38,973.7,12.9,328,0.0,0,1,4,12.0,29.9,24.1,41.8,18.2,12.0,21.53333333333333,39.225,39.416666666666664
2026-04-07 01:00:00,19.9,24.7,37,974.5,12.1,319,0.0,1,1,4,12.0,12.0,23.2,65.6,14.5,12.0,19.516666666666666,36.74166666666667,39.15833333333333
2026-04-07 02:00:00,24.9,26.1,34,975.5,7.8,334,0.0,2,1,4,19.9,12.0,28.0,82.2,12.0,34.3,18.966666666666665,32.93333333333333,39.38333333333333
2026-04-07 03:00:00,12.0,28.5,29,976.1,7.7,349,0.0,3,1,4,24.9,12.0,29.9,54.1,12.0,45.5,18.45,28.15833333333333,39.920833333333334
2026-04-07 04:00:00,26.1,31.0,24,976.7,10.4,339,0.0,4,1,4,12.0,19.9,12.0,61.4,24.7,40.0,15.466666666666667,24.649999999999995,39.920833333333334
2026-04-07 05:00:00,24.5,33.3,20,976.4,11.3,338,0.0,5,1,4,26.1,24.9,12.0,36.4,36.8,58.6,17.816666666666666,21.708333333333332,39.979166666666664
2026-04-07 06:00:00,45.4,34.4,18,975.8,7.1,319,0.0,6,1,4,24.5,12.0,12.0,24.1,46.4,55.8,19.900000000000002,20.716666666666665,39.46666666666666
2026-04-07 07:00:00,52.9,35.8,17,975.0,7.8,283,0.0,7,1,4,45.4,26.1,19.9,23.2,35.4,61.7,25.46666666666667,22.491666666666664,39.425000000000004
2026-04-07 08:00:00,50.6,37.0,15,973.7,12.6,271,0.0,8,1,4,52.9,24.5,24.9,28.0,58.9,58.1,30.966666666666665,24.96666666666667,40.15416666666667
2026-04-07 09:00:00,44.9,37.3,13,972.5,16.0,285,0.0,9,1,4,50.6,45.4,12.0,29.9,54.6,72.8,35.25,26.849999999999998,39.80833333333333
2026-04-07 10:00:00,33.4,36.6,14,971.4,18.3,283,0.0,10,1,4,44.9,52.9,26.1,12.0,70.6,61.0,40.73333333333333,28.099999999999998,39.40416666666667
2026-04-07 11:00:00,65.0,35.5,17,971.4,15.9,275,0.0,11,1,4,33.4,50.6,24.5,12.0,91.2,28.6,41.949999999999996,29.88333333333333,37.854166666666664
2026-04-07 12:00:00,65.9,34.8,18,971.3,13.7,309,0.0,12,1,4,65.0,44.9,45.4,12.0,41.8,72.9,48.699999999999996,34.3,36.762499999999996
2026-04-07 13:00:00,84.9,33.3,19,971.9,7.3,308,0.0,13,1,4,65.9,33.4,52.9,19.9,65.6,52.4,52.116666666666674,38.791666666666664,37.766666666666666
2026-04-07 14:00:00,71.2,32.0,21,972.5,6.9,245,0.0,14,1,4,84.9,65.0,50.6,24.9,82.2,48.8,57.449999999999996,44.208333333333336,38.57083333333333
2026-04-07 15:00:00,63.9,30.5,24,972.9,8.8,253,0.0,15,1,4,71.2,65.9,44.9,12.0,54.1,47.7,60.88333333333333,48.06666666666667,38.1125
2026-04-07 16:00:00,57.2,29.8,25,973.4,7.2,271,0.0,16,1,4,63.9,84.9,33.4,26.1,61.4,69.2,64.05,52.39166666666667,38.520833333333336
2026-04-07 17:00:00,34.6,29.1,27,973.5,8.3,256,0.0,17,1,4,57.2,71.2,65.0,24.5,36.4,27.4,68.01666666666667,54.98333333333333,38.34583333333333
2026-04-07 18:00:00,37.5,28.8,30,973.5,11.4,276,0.0,18,1,4,34.6,63.9,65.9,45.4,24.1,29.0,62.95000000000001,55.824999999999996,38.270833333333336
2026-04-07 19:00:00,12.0,28.1,32,973.4,10.6,281,0.0,19,1,4,37.5,57.2,84.9,52.9,23.2,16.5,58.216666666666676,55.166666666666664,38.82916666666667
2026-04-07 20:00:00,12.0,27.4,34,972.8,9.4,271,0.0,20,1,4,12.0,34.6,71.2,50.6,28.0,12.0,46.06666666666666,51.75833333333333,38.362500000000004
2026-04-07 21:00:00,30.1,26.9,37,972.3,9.0,280,0.0,21,1,4,12.0,37.5,63.9,44.9,29.9,12.0,36.2,48.541666666666664,37.69583333333333
2026-04-07 22:00:00,12.0,26.4,39,972.4,11.1,309,0.0,22,1,4,30.1,12.0,57.2,33.4,12.0,12.0,30.566666666666666,47.30833333333334,37.70416666666667
2026-04-07 23:00:00,12.0,25.9,41,972.5,11.9,311,0.0,23,1,4,12.0,12.0,34.6,65.0,12.0,37.0,23.03333333333333,45.525,37.70416666666667
2026-04-08 00:00:00,12.0,26.4,43,972.5,11.3,283,0.0,0,2,4,12.0,30.1,37.5,65.9,12.0,18.2,19.266666666666666,41.108333333333334,37.70416666666667
2026-04-08 01:00:00,12.0,26.3,44,973.4,9.4,274,0.0,1,2,4,12.0,12.0,12.0,84.9,19.9,14.5,15.016666666666666,36.61666666666667,37.70416666666667
2026-04-08 02:00:00,12.0,27.8,42,974.2,7.3,279,0.0,2,2,4,12.0,12.0,12.0,71.2,24.9,12.0,15.016666666666666,30.541666666666668,37.37500000000001
2026-04-08 03:00:00,12.0,30.2,36,975.0,9.6,298,0.0,3,2,4,12.0,12.0,30.1,63.9,12.0,12.0,15.016666666666666,25.608333333333334,36.8375
2026-04-08 04:00:00,12.0,32.0,33,975.4,11.8,295,0.0,4,2,4,12.0,12.0,12.0,57.2,26.1,24.7,12.0,21.283333333333335,36.8375
2026-04-08 05:00:00,19.6,33.8,28,975.3,13.2,280,0.0,5,2,4,12.0,12.0,12.0,34.6,24.5,36.8,12.0,17.516666666666666,36.25000000000001
2026-04-08 06:00:00,20.0,34.2,26,974.5,15.5,274,0.0,6,2,4,19.6,12.0,12.0,37.5,45.4,46.4,13.266666666666666,16.266666666666666,36.045833333333334
2026-04-08 07:00:00,24.6,34.6,25,974.2,19.7,264,0.0,7,2,4,20.0,12.0,12.0,12.0,52.9,35.4,14.6,14.808333333333332,34.9875
2026-04-08 08:00:00,28.3,35.2,23,973.3,18.9,262,0.0,8,2,4,24.6,19.6,12.0,12.0,50.6,58.9,16.7,15.858333333333334,33.80833333333333
2026-04-08 09:00:00,26.3,35.4,24,972.2,21.6,271,0.0,9,2,4,28.3,20.0,12.0,30.1,44.9,54.6,19.416666666666668,17.216666666666665,32.87916666666667
2026-04-08 10:00:00,54.9,35.8,23,971.2,17.7,258,0.0,10,2,4,26.3,24.6,12.0,12.0,33.4,70.6,21.8,16.900000000000002,32.104166666666664
2026-04-08 11:00:00,46.7,35.1,24,971.0,21.5,265,0.0,11,2,4,54.9,28.3,19.6,12.0,65.0,91.2,28.95,20.475,33.0
2026-04-08 12:00:00,37.4,34.9,22,970.8,21.8,260,0.0,12,2,4,46.7,26.3,20.0,12.0,65.9,41.8,33.46666666666667,23.36666666666667,32.237500000000004
2026-04-08 13:00:00,65.2,33.5,25,971.5,10.8,281,0.0,13,2,4,37.4,54.9,24.6,12.0,84.9,65.6,36.36666666666667,25.483333333333334,31.05
2026-04-08 14:00:00,76.2,31.9,30,972.4,9.8,275,0.0,14,2,4,65.2,46.7,28.3,12.0,71.2,82.2,43.13333333333333,29.916666666666668,30.229166666666668
2026-04-08 15:00:00,44.8,31.3,31,973.2,14.4,273,0.0,15,2,4,76.2,37.4,26.3,12.0,63.9,54.1,51.11666666666667,35.26666666666667,30.4375
2026-04-08 16:00:00,14.9,30.8,32,973.5,13.1,285,0.0,16,2,4,44.8,65.2,54.9,12.0,57.2,61.4,54.199999999999996,38.0,29.64166666666667
2026-04-08 17:00:00,23.6,29.4,35,973.8,12.5,324,0.0,17,2,4,14.9,76.2,46.7,19.6,34.6,36.4,47.53333333333333,38.24166666666667,27.879166666666666
2026-04-08 18:00:00,12.4,28.7,39,973.9,12.5,339,0.0,18,2,4,23.6,44.8,37.4,20.0,37.5,24.1,43.68333333333334,38.574999999999996,27.420833333333334
2026-04-08 19:00:00,13.5,28.1,40,973.6,10.2,329,0.0,19,2,4,12.4,14.9,65.2,24.6,12.0,23.2,39.516666666666666,37.94166666666667,26.375
2026-04-08 20:00:00,16.0,27.5,42,973.3,9.4,331,0.0,20,2,4,13.5,23.6,76.2,28.3,12.0,28.0,30.900000000000002,37.01666666666667,26.4375
2026-04-08 21:00:00,26.1,26.9,43,973.2,10.0,330,0.0,21,2,4,16.0,12.4,44.8,26.3,30.1,29.9,20.866666666666667,35.99166666666667,26.604166666666668
2026-04-08 22:00:00,12.0,26.2,44,973.5,9.3,326,0.0,22,2,4,26.1,13.5,14.9,54.9,12.0,12.0,17.75,35.975,26.4375
2026-04-08 23:00:00,17.6,25.6,45,973.8,7.6,317,0.0,23,2,4,12.0,16.0,23.6,46.7,12.0,12.0,17.266666666666666,32.4,26.4375
2026-04-09 00:00:00,12.0,25.0,49,974.5,9.4,353,0.0,0,3,4,17.6,26.1,12.4,37.4,12.0,12.0,16.266666666666666,29.974999999999998,26.67083333333333
2026-04-09 01:00:00,12.0,25.1,49,975.4,8.3,360,0.0,1,3,4,12.0,12.0,13.5,65.2,12.0,19.9,16.2,27.858333333333334,26.67083333333333
2026-04-09 02:00:00,12.1,26.3,46,976.5,7.1,10,0.0,2,3,4,12.0,17.6,16.0,76.2,12.0,24.9,15.949999999999998,23.425,26.67083333333333
2026-04-09 03:00:00,34.1,28.3,42,977.4,5.8,22,0.0,3,3,4,12.1,12.0,26.1,44.8,12.0,12.0,15.299999999999999,18.083333333333332,26.674999999999997
2026-04-09 04:00:00,38.6,30.8,35,977.9,5.0,41,0.0,4,3,4,34.1,12.0,12.0,14.9,12.0,26.1,16.633333333333336,17.191666666666666,27.59583333333333
2026-04-09 05:00:00,51.2,32.8,27,977.9,4.9,6,0.0,5,3,4,38.6,12.1,17.6,23.6,19.6,24.5,21.066666666666666,19.166666666666668,28.704166666666666
2026-04-09 06:00:00,49.8,33.5,26,977.4,5.2,329,0.0,6,3,4,51.2,34.1,12.0,12.4,20.0,45.4,26.666666666666668,21.46666666666667,30.020833333333332
2026-04-09 07:00:00,46.3,34.9,23,976.6,6.7,308,0.0,7,3,4,49.8,38.6,12.0,13.5,24.6,52.9,32.96666666666667,24.583333333333332,31.262500000000003
2026-04-09 08:00:00,47.3,35.7,21,975.7,9.5,291,0.0,8,3,4,46.3,51.2,12.1,16.0,28.3,50.6,38.68333333333334,27.316666666666666,32.166666666666664
2026-04-09 09:00:00,61.3,35.9,20,974.7,13.0,294,0.0,9,3,4,47.3,49.8,34.1,26.1,26.3,44.9,44.550000000000004,29.925,32.958333333333336
2026-04-09 10:00:00,36.3,35.6,19,974.1,13.6,288,0.0,10,3,4,61.3,46.3,38.6,12.0,54.9,33.4,49.083333333333336,32.85833333333333,34.416666666666664
2026-04-09 11:00:00,57.9,36.3,16,973.5,10.7,292,0.0,11,3,4,36.3,47.3,51.2,17.6,46.7,65.0,48.699999999999996,34.88333333333333,33.641666666666666
2026-04-09 12:00:00,75.6,35.7,19,973.8,8.8,287,0.0,12,3,4,57.9,61.3,49.8,12.0,37.4,65.9,49.81666666666666,38.24166666666667,34.108333333333334
2026-04-09 13:00:00,63.8,34.3,21,974.4,8.3,342,0.0,13,3,4,75.6,36.3,46.3,12.0,65.2,84.9,54.11666666666667,43.541666666666664,35.699999999999996
2026-04-09 14:00:00,92.3,33.2,23,974.8,5.2,16,0.0,14,3,4,63.8,57.9,47.3,12.1,76.2,71.2,57.03333333333333,47.85833333333333,35.641666666666666
2026-04-09 15:00:00,53.8,32.1,23,975.8,8.8,303,0.0,15,3,4,92.3,75.6,61.3,34.1,44.8,63.9,64.53333333333332,54.541666666666664,36.3125
2026-04-09 16:00:00,48.8,30.6,20,976.5,10.6,326,0.0,16,3,4,53.8,63.8,36.3,38.6,14.9,57.2,63.28333333333333,56.18333333333333,36.68749999999999
2026-04-09 17:00:00,53.4,29.4,23,976.8,12.0,342,0.0,17,3,4,48.8,92.3,57.9,51.2,23.6,34.6,65.36666666666666,57.033333333333324,38.1
2026-04-09 18:00:00,33.0,28.9,26,976.8,12.8,2,0.0,18,3,4,53.4,53.8,75.6,49.8,12.4,37.5,64.61666666666666,57.21666666666667,39.34166666666666
2026-04-09 19:00:00,13.1,28.7,27,976.3,11.1,9,0.0,19,3,4,33.0,48.8,63.8,46.3,13.5,12.0,57.51666666666666,55.81666666666666,40.199999999999996
2026-04-09 20:00:00,35.0,27.6,30,975.8,8.7,14,0.0,20,3,4,13.1,53.4,92.3,47.3,16.0,12.0,49.06666666666666,53.04999999999999,40.18333333333333
2026-04-09 21:00:00,26.8,26.4,34,975.6,9.6,5,0.0,21,3,4,35.0,33.0,53.8,61.3,26.1,30.1,39.516666666666666,52.025,40.975
2026-04-09 22:00:00,12.0,25.8,36,975.7,12.2,359,0.0,22,3,4,26.8,13.1,48.8,36.3,12.0,12.0,35.01666666666667,49.15,41.00416666666666
2026-04-09 23:00:00,12.0,25.2,38,975.7,11.8,8,0.0,23,3,4,12.0,35.0,53.4,57.9,17.6,12.0,28.883333333333336,47.125,41.00416666666666
2026-04-10 00:00:00,12.0,25.4,39,976.2,12.0,21,0.0,0,4,4,12.0,26.8,33.0,75.6,12.0,12.0,21.983333333333334,43.29999999999999,40.770833333333336
2026-04-10 01:00:00,12.0,25.4,39,977.3,10.7,27,0.0,1,4,4,12.0,12.0,13.1,63.8,12.0,12.0,18.48333333333333,38.0,40.770833333333336
2026-04-10 02:00:00,12.0,26.7,37,978.6,9.9,22,0.0,2,4,4,12.0,12.0,35.0,92.3,12.1,12.0,18.3,33.68333333333333,40.770833333333336
2026-04-10 03:00:00,12.0,29.1,32,979.8,11.2,32,0.0,3,4,4,12.0,12.0,26.8,53.8,34.1,12.0,14.466666666666667,26.991666666666664,40.766666666666666
2026-04-10 04:00:00,35.5,31.5,27,980.2,12.5,54,0.0,4,4,4,12.0,12.0,12.0,48.8,38.6,12.0,12.0,23.508333333333336,39.84583333333333
2026-04-10 05:00:00,22.8,33.4,23,980.0,11.7,65,0.0,5,4,4,35.5,12.0,12.0,53.4,51.2,19.6,15.916666666666666,22.400000000000002,39.71666666666666
2026-04-10 06:00:00,22.0,34.5,21,979.1,9.5,63,0.0,6,4,4,22.8,12.0,12.0,33.0,49.8,20.0,17.716666666666665,19.849999999999998,38.53333333333334
2026-04-10 07:00:00,54.9,35.8,19,978.4,7.1,43,0.0,7,4,4,22.0,35.5,12.0,13.1,46.3,24.6,19.383333333333333,18.933333333333334,37.375
2026-04-10 08:00:00,43.7,36.6,18,977.2,6.9,14,0.0,8,4,4,54.9,22.8,12.0,35.0,47.3,28.3,26.53333333333333,22.416666666666668,37.733333333333334
2026-04-10 09:00:00,65.8,36.8,18,976.0,7.8,356,0.0,9,4,4,43.7,22.0,12.0,26.8,61.3,26.3,31.816666666666666,23.141666666666666,37.58333333333333
2026-04-10 10:00:00,76.7,36.7,17,975.2,5.8,353,0.0,10,4,4,65.8,54.9,35.5,12.0,36.3,54.9,40.78333333333333,26.391666666666666,37.770833333333336
2026-04-10 11:00:00,79.1,37.0,16,974.4,1.3,34,0.0,11,4,4,76.7,43.7,22.8,12.0,57.9,46.7,47.65,31.78333333333333,39.454166666666666
2026-04-10 12:00:00,69.8,36.6,16,974.2,3.9,112,0.0,12,4,4,79.1,65.8,22.0,12.0,75.6,37.4,57.03333333333333,37.375,40.3375
2026-04-10 13:00:00,68.9,34.8,19,974.7,3.2,128,0.0,13,4,4,69.8,76.7,54.9,12.0,63.8,65.2,65.0,42.19166666666666,40.09583333333333
2026-04-10 14:00:00,88.8,33.3,22,975.6,3.4,32,0.0,14,4,4,68.9,79.1,43.7,12.0,92.3,76.2,67.33333333333333,46.93333333333334,40.30833333333333
2026-04-10 15:00:00,52.7,32.5,22,976.5,6.3,15,0.0,15,4,4,88.8,69.8,65.8,12.0,53.8,44.8,74.85,53.333333333333336,40.1625
2026-04-10 16:00:00,52.3,30.9,23,977.2,8.4,15,0.0,16,4,4,52.7,68.9,76.7,35.5,48.8,14.9,72.66666666666667,56.725,40.11666666666667
2026-04-10 17:00:00,51.8,30.0,23,977.3,9.4,3,0.0,17,4,4,52.3,88.8,79.1,22.8,53.4,23.6,68.6,58.125,40.262499999999996
2026-04-10 18:00:00,31.9,29.6,24,976.8,9.6,352,0.0,18,4,4,51.8,52.7,69.8,22.0,33.0,12.4,64.05,60.541666666666664,40.19583333333333
2026-04-10 19:00:00,24.5,28.9,25,976.5,8.8,351,0.0,19,4,4,31.9,52.3,68.9,54.9,13.1,13.5,57.73333333333333,61.36666666666667,40.15
2026-04-10 20:00:00,19.2,27.9,26,976.0,10.1,348,0.0,20,4,4,24.5,51.8,88.8,43.7,35.0,16.0,50.333333333333336,58.833333333333336,40.625
2026-04-10 21:00:00,26.3,26.7,28,975.9,10.1,360,0.0,21,4,4,19.2,31.9,52.7,65.8,26.8,26.1,38.733333333333334,56.791666666666664,39.96666666666666
2026-04-10 22:00:00,12.9,25.8,29,975.8,11.2,2,0.0,22,4,4,26.3,24.5,52.3,76.7,12.0,12.0,34.33333333333333,53.5,39.94583333333333
2026-04-10 23:00:00,12.0,25.1,30,976.1,11.5,8,0.0,23,4,4,12.9,19.2,51.8,79.1,12.0,17.6,27.766666666666666,48.18333333333334,39.983333333333334
2026-04-11 00:00:00,12.0,24.5,34,976.4,11.5,2,0.0,0,5,4,12.0,26.3,31.9,69.8,12.0,12.0,21.133333333333333,42.59166666666666,39.983333333333334
2026-04-11 01:00:00,12.0,24.4,33,977.2,11.8,6,0.0,1,5,4,12.0,12.9,24.5,68.9,12.0,12.0,17.816666666666666,37.775,39.983333333333334
2026-04-11 02:00:00,12.0,26.1,29,978.3,9.3,9,0.0,2,5,4,12.0,12.0,19.2,88.8,12.0,12.1,15.733333333333334,33.03333333333333,39.983333333333334
2026-04-11 03:00:00,12.0,29.2,23,979.1,8.9,24,0.0,3,5,4,12.0,12.0,26.3,52.7,12.0,34.1,14.533333333333333,26.63333333333333,39.983333333333334
2026-04-11 04:00:00,28.8,32.4,17,979.6,11.5,44,0.0,4,5,4,12.0,12.0,12.9,52.3,35.5,38.6,12.15,23.241666666666664,39.983333333333334
2026-04-11 05:00:00,29.6,34.6,12,979.2,10.6,50,0.0,5,5,4,28.8,12.0,12.0,51.8,22.8,51.2,14.800000000000002,21.28333333333333,39.704166666666666
2026-04-11 06:00:00,39.2,35.9,12,978.3,6.4,50,0.0,6,5,4,29.6,12.0,12.0,31.9,22.0,49.8,17.733333333333334,19.433333333333334,39.9875
2026-04-11 07:00:00,78.2,37.5,11,977.3,3.8,17,0.0,7,5,4,39.2,28.8,12.0,24.5,54.9,46.3,22.26666666666667,20.041666666666668,40.704166666666666
2026-04-11 08:00:00,63.7,38.3,11,976.1,8.1,325,0.0,8,5,4,78.2,29.6,12.0,19.2,43.7,47.3,33.300000000000004,24.516666666666666,41.675
2026-04-11 09:00:00,54.1,38.2,12,974.9,11.6,318,0.0,9,5,4,63.7,39.2,12.0,26.3,65.8,61.3,41.916666666666664,28.225000000000005,42.50833333333333
2026-04-11 10:00:00,73.6,38.4,11,974.1,8.9,312,0.0,10,5,4,54.1,78.2,28.8,12.9,76.7,36.3,48.93333333333334,30.541666666666668,42.020833333333336
2026-04-11 11:00:00,49.7,38.0,11,973.5,10.7,305,0.0,11,5,4,73.6,63.7,29.6,12.0,79.1,57.9,56.4,35.6,41.89166666666667
2026-04-11 12:00:00,42.3,37.0,11,973.6,13.7,321,0.0,12,5,4,49.7,54.1,39.2,12.0,69.8,75.6,59.75,38.74166666666667,40.666666666666664
2026-04-11 13:00:00,55.6,35.5,12,973.9,6.4,313,0.0,13,5,4,42.3,73.6,78.2,12.0,68.9,63.8,60.26666666666667,41.26666666666667,39.520833333333336
2026-04-11 14:00:00,81.1,34.6,16,974.3,0.9,169,0.0,14,5,4,55.6,49.7,63.7,12.0,88.8,92.3,56.5,44.900000000000006,38.96666666666666
2026-04-11 15:00:00,89.6,32.8,18,974.9,1.8,11,0.0,15,5,4,81.1,42.3,54.1,12.0,52.7,53.8,59.4,50.65833333333333,38.645833333333336
2026-04-11 16:00:00,81.5,31.9,17,975.3,4.7,4,0.0,16,5,4,89.6,55.6,73.6,28.8,52.3,48.8,65.31666666666666,57.125,40.18333333333333
2026-04-11 17:00:00,67.1,30.3,20,975.2,5.8,39,0.0,17,5,4,81.5,81.1,49.7,29.6,51.8,53.4,66.63333333333333,61.51666666666666,41.4
2026-04-11 18:00:00,47.4,29.6,21,975.1,4.1,45,0.0,18,5,4,67.1,89.6,42.3,39.2,31.9,33.0,69.53333333333332,64.64166666666667,42.037499999999994
2026-04-11 19:00:00,44.7,28.4,24,974.5,2.8,11,0.0,19,5,4,47.4,81.5,55.6,78.2,24.5,13.1,70.38333333333334,65.325,42.68333333333333
2026-04-11 20:00:00,12.8,27.6,26,973.9,2.4,13,0.0,20,5,4,44.7,67.1,81.1,63.7,19.2,35.0,68.56666666666666,62.53333333333333,43.525
2026-04-11 21:00:00,12.0,27.1,24,973.3,5.2,356,0.0,21,5,4,12.8,47.4,89.6,54.1,26.3,26.8,57.18333333333333,58.291666666666664,43.258333333333326
2026-04-11 22:00:00,29.0,26.3,26,972.9,4.8,349,0.0,22,5,4,12.0,44.7,81.5,73.6,12.9,12.0,44.25,54.78333333333333,42.6625
2026-04-11 23:00:00,17.6,25.5,28,972.7,3.8,357,0.0,23,5,4,29.0,12.8,67.1,49.7,12.0,12.0,35.5,51.06666666666666,43.333333333333336
2026-04-12 00:00:00,12.0,25.1,32,972.4,3.4,344,0.0,0,6,4,17.6,12.0,47.4,42.3,12.0,12.0,27.25,48.39166666666667,43.56666666666666
2026-04-12 01:00:00,16.2,25.2,32,973.4,5.2,56,0.0,1,6,4,12.0,29.0,44.7,55.6,12.0,12.0,21.349999999999998,45.86666666666667,43.56666666666666
2026-04-12 02:00:00,28.4,27.0,30,974.4,3.5,69,0.0,2,6,4,16.2,17.6,12.8,81.1,12.0,12.0,16.6,42.583333333333336,43.74166666666667
2026-04-12 03:00:00,46.6,30.2,23,975.5,1.7,167,0.0,3,6,4,28.4,12.0,12.0,89.6,12.0,12.0,19.2,38.19166666666666,44.425000000000004
2026-04-12 04:00:00,50.1,33.7,17,975.8,2.3,151,0.0,4,6,4,46.6,16.2,29.0,81.5,28.8,35.5,24.96666666666667,34.608333333333334,45.86666666666667
2026-04-12 05:00:00,51.2,36.4,14,975.4,4.1,165,0.0,5,6,4,50.1,28.4,17.6,67.1,29.6,22.8,28.483333333333334,31.991666666666664,46.75416666666666
2026-04-12 06:00:00,39.3,38.1,12,974.6,7.0,206,0.0,6,6,4,51.2,46.6,12.0,47.4,39.2,22.0,34.083333333333336,30.666666666666668,47.65416666666666
2026-04-12 07:00:00,50.6,39.5,11,973.7,7.5,224,0.0,7,6,4,39.3,50.1,16.2,44.7,78.2,54.9,38.63333333333333,29.991666666666664,47.65833333333333
2026-04-12 08:00:00,66.1,40.0,11,972.4,9.0,233,0.0,8,6,4,50.6,51.2,28.4,12.8,63.7,43.7,44.366666666666674,30.483333333333334,46.50833333333333
2026-04-12 09:00:00,51.7,40.2,12,971.3,10.0,232,0.0,9,6,4,66.1,39.3,46.6,12.0,54.1,65.8,50.65,34.925000000000004,46.60833333333333
2026-04-12 10:00:00,74.5,40.3,12,970.6,9.9,228,0.0,10,6,4,51.7,50.6,50.1,29.0,73.6,76.7,51.5,38.233333333333334,46.50833333333333
2026-04-12 11:00:00,82.2,40.0,12,970.3,9.5,259,0.0,11,6,4,74.5,66.1,51.2,17.6,49.7,79.1,55.56666666666667,42.025,46.54583333333333
2026-04-12 12:00:00,68.8,39.3,13,970.4,9.8,244,0.0,12,6,4,82.2,51.7,39.3,12.0,42.3,69.8,60.73333333333333,47.40833333333333,47.9
2026-04-12 13:00:00,72.8,37.0,16,970.9,7.2,219,0.0,13,6,4,68.8,74.5,50.6,16.2,55.6,68.9,65.65,52.14166666666666,49.00416666666666
2026-04-12 14:00:00,67.4,35.5,19,971.6,8.9,225,0.0,14,6,4,72.8,82.2,66.1,28.4,81.1,88.8,69.35000000000001,56.85833333333334,49.72083333333333
2026-04-12 15:00:00,67.5,34.3,21,972.3,8.0,254,0.0,15,6,4,67.4,68.8,51.7,46.6,89.6,52.7,69.56666666666666,60.10833333333333,49.15
2026-04-12 16:00:00,55.7,33.7,22,972.5,8.1,276,0.0,16,6,4,67.5,72.8,74.5,50.1,81.5,52.3,72.2,61.85,48.229166666666664
2026-04-12 17:00:00,15.4,31.6,26,972.9,9.3,319,0.0,17,6,4,55.7,67.4,82.2,51.2,67.1,51.8,69.06666666666666,62.31666666666667,47.15416666666667
2026-04-12 18:00:00,47.9,31.0,25,972.5,9.6,317,0.0,18,6,4,15.4,67.5,68.8,39.3,47.4,31.9,57.93333333333334,59.333333333333336,45.0
2026-04-12 19:00:00,57.8,29.7,28,972.4,1.9,158,0.0,19,6,4,47.9,55.7,72.8,50.6,44.7,24.5,54.449999999999996,60.050000000000004,45.020833333333336
2026-04-12 20:00:00,26.1,29.3,30,972.3,6.3,231,0.0,20,6,4,57.8,15.4,67.4,66.1,12.8,19.2,51.949999999999996,60.65,45.56666666666666
2026-04-12 21:00:00,38.3,29.4,29,971.9,6.6,307,0.0,21,6,4,26.1,47.9,67.5,51.7,12.0,26.3,45.06666666666666,57.31666666666666,46.12083333333333
2026-04-12 22:00:00,29.6,27.7,33,971.8,3.3,306,0.0,22,6,4,38.3,57.8,55.7,74.5,29.0,12.9,40.199999999999996,56.20000000000001,47.21666666666667
2026-04-12 23:00:00,12.0,28.2,32,971.8,6.8,325,0.0,23,6,4,29.6,26.1,15.4,82.2,17.6,12.0,35.85,52.458333333333336,47.24166666666667
2026-04-13 00:00:00,12.0,27.0,34,972.8,15.1,342,0.0,0,0,4,12.0,38.3,47.9,68.8,12.0,12.0,35.28333333333333,46.60833333333333,47.00833333333333
2026-04-13 01:00:00,17.6,27.0,35,973.7,11.1,347,0.0,1,0,4,12.0,29.6,57.8,72.8,16.2,12.0,29.3,41.875,47.00833333333333
2026-04-13 02:00:00,23.0,28.7,32,974.8,5.6,335,0.0,2,0,4,17.6,12.0,26.1,67.4,28.4,12.0,22.599999999999998,37.275,47.06666666666666
2026-04-13 03:00:00,12.0,31.1,28,975.8,6.1,45,0.0,3,0,4,23.0,12.0,38.3,67.5,46.6,12.0,22.083333333333332,33.574999999999996,46.84166666666666
2026-04-13 04:00:00,45.6,33.6,24,976.0,8.1,58,0.0,4,0,4,12.0,17.6,29.6,55.7,50.1,28.8,17.7,28.95,45.4
2026-04-13 05:00:00,32.2,36.0,21,975.8,8.3,70,0.0,5,0,4,45.6,23.0,12.0,15.4,51.2,29.6,20.366666666666667,28.108333333333334,45.212500000000006
2026-04-13 06:00:00,59.0,37.4,18,975.2,5.4,96,0.0,6,0,4,32.2,12.0,12.0,47.9,39.3,39.2,23.733333333333334,29.50833333333333,44.42083333333334
2026-04-13 07:00:00,80.7,39.3,16,974.7,2.8,140,0.0,7,0,4,59.0,45.6,17.6,57.8,50.6,78.2,31.566666666666666,30.433333333333334,45.241666666666674
2026-04-13 08:00:00,80.1,40.3,15,973.6,3.6,213,0.0,8,0,4,80.7,32.2,23.0,26.1,66.1,63.7,42.083333333333336,32.34166666666667,46.49583333333334
2026-04-13 09:00:00,65.8,40.7,14,972.6,6.4,241,0.0,9,0,4,80.1,59.0,12.0,38.3,51.7,54.1,51.6,36.84166666666667,47.07916666666667
2026-04-13 10:00:00,78.7,40.7,14,972.0,6.1,256,0.0,10,0,4,65.8,80.7,45.6,29.6,74.5,73.6,60.56666666666666,39.13333333333333,47.666666666666664
2026-04-13 11:00:00,68.9,40.4,15,971.8,3.9,317,0.0,11,0,4,78.7,80.1,32.2,12.0,82.2,49.7,66.08333333333333,43.225,47.84166666666667
2026-04-13 12:00:00,49.6,39.4,16,971.5,10.5,25,0.0,12,0,4,68.9,65.8,59.0,12.0,68.8,42.3,72.2,47.96666666666667,47.2875
2026-04-13 13:00:00,78.0,37.9,17,971.8,6.0,65,0.0,13,0,4,49.6,78.7,80.7,17.6,72.8,55.6,70.63333333333334,51.1,46.487500000000004
2026-04-13 14:00:00,76.6,36.7,19,972.4,5.2,160,0.0,14,0,4,78.0,68.9,80.1,23.0,67.4,81.1,70.18333333333334,56.133333333333326,46.70416666666667
2026-04-13 15:00:00,76.3,35.1,26,972.9,1.9,197,0.0,15,0,4,76.6,49.6,65.8,12.0,67.5,89.6,69.60000000000001,60.599999999999994,47.0875
2026-04-13 16:00:00,70.8,34.2,26,973.5,1.8,37,0.0,16,0,4,76.3,78.0,78.7,45.6,55.7,81.5,71.35000000000001,65.95833333333333,47.45416666666666
2026-04-13 17:00:00,37.7,33.3,25,973.8,9.9,356,0.0,17,0,4,70.8,76.6,68.9,32.2,15.4,67.1,70.03333333333333,68.05833333333334,48.083333333333336
2026-04-13 18:00:00,33.5,32.1,27,974.0,12.0,8,0.0,18,0,4,37.7,76.3,49.6,59.0,47.9,47.4,64.83333333333333,68.51666666666667,49.012499999999996
2026-04-13 19:00:00,31.2,31.3,28,973.3,8.5,13,0.0,19,0,4,33.5,70.8,78.0,80.7,57.8,44.7,62.15,66.39166666666667,48.412499999999994
2026-04-13 20:00:00,36.8,30.0,30,973.6,5.6,121,0.0,20,0,4,31.2,37.7,76.6,80.1,26.1,12.8,54.349999999999994,62.26666666666666,47.30416666666667
2026-04-13 21:00:00,12.0,29.4,31,973.1,3.6,342,0.0,21,0,4,36.8,33.5,76.3,65.8,38.3,12.0,47.71666666666667,58.65833333333333,47.75
2026-04-13 22:00:00,12.0,29.2,31,972.9,9.1,9,0.0,22,0,4,12.0,31.2,70.8,78.7,29.6,29.0,37.0,54.175000000000004,46.65416666666666
2026-04-13 23:00:00,12.0,28.6,31,973.0,10.4,15,0.0,23,0,4,12.0,36.8,37.7,68.9,12.0,17.6,27.2,48.616666666666674,45.92083333333333
2026-04-14 00:00:00,19.1,27.9,32,973.5,8.9,25,0.0,0,1,4,12.0,12.0,33.5,49.6,12.0,12.0,22.916666666666668,43.875,45.92083333333333
2026-04-14 01:00:00,12.0,27.9,32,974.4,6.9,31,0.0,1,1,4,19.1,12.0,31.2,78.0,17.6,16.2,20.516666666666666,41.333333333333336,46.21666666666667
2026-04-14 02:00:00,28.4,29.5,29,975.5,5.6,27,0.0,2,1,4,12.0,12.0,36.8,76.6,23.0,28.4,17.316666666666666,35.833333333333336,45.98333333333334
2026-04-14 03:00:00,33.7,32.1,25,976.0,6.9,53,0.0,3,1,4,28.4,19.1,12.0,76.3,12.0,46.6,15.916666666666666,31.816666666666663,46.208333333333336
2026-04-14 04:00:00,12.0,34.6,24,976.1,5.6,73,0.0,4,1,4,33.7,12.0,12.0,70.8,45.6,50.1,19.533333333333335,28.26666666666667,47.112500000000004
2026-04-14 05:00:00,56.3,37.0,22,975.9,4.5,88,0.0,5,1,4,12.0,28.4,12.0,37.7,32.2,51.2,19.533333333333335,23.366666666666664,45.7125
2026-04-14 06:00:00,68.7,38.6,18,975.3,3.6,99,0.0,6,1,4,56.3,33.7,19.1,33.5,59.0,39.3,26.916666666666668,24.916666666666668,46.71666666666666
2026-04-14 07:00:00,87.8,40.6,14,974.5,1.8,307,0.0,7,1,4,68.7,12.0,12.0,31.2,80.7,50.6,35.18333333333334,27.850000000000005,47.12083333333333
2026-04-14 08:00:00,65.6,41.4,12,973.3,6.9,293,0.0,8,1,4,87.8,56.3,28.4,36.8,80.1,66.1,47.81666666666666,32.56666666666667,47.41666666666666
2026-04-14 09:00:00,52.0,41.3,12,972.0,12.2,301,0.0,9,1,4,65.6,68.7,33.7,12.0,65.8,51.7,54.01666666666667,34.96666666666667,46.8125
2026-04-14 10:00:00,57.7,40.9,12,971.2,15.5,314,0.0,10,1,4,52.0,87.8,12.0,12.0,78.7,74.5,57.06666666666666,38.300000000000004,46.237500000000004
2026-04-14 11:00:00,56.4,40.7,12,970.6,15.2,323,0.0,11,1,4,57.7,65.6,56.3,12.0,68.9,82.2,64.68333333333332,42.108333333333334,45.362500000000004
2026-04-14 12:00:00,79.3,40.5,11,970.2,11.5,321,0.0,12,1,4,56.4,52.0,68.7,19.1,49.6,68.8,64.7,45.80833333333334,44.84166666666667
2026-04-14 13:00:00,85.4,38.6,12,970.8,9.3,286,0.0,13,1,4,79.3,57.7,87.8,12.0,78.0,72.8,66.46666666666665,50.824999999999996,46.07916666666667
2026-04-14 14:00:00,90.3,36.7,15,971.4,9.8,223,0.0,14,1,4,85.4,56.4,65.6,28.4,76.6,67.4,66.06666666666668,56.94166666666666,46.38750000000001
2026-04-14 15:00:00,47.7,35.3,20,971.9,11.7,227,0.0,15,1,4,90.3,79.3,52.0,33.7,76.3,67.5,70.18333333333334,62.1,46.958333333333336
2026-04-14 16:00:00,60.5,34.0,23,972.6,10.8,274,0.0,16,1,4,47.7,85.4,57.7,12.0,70.8,55.7,69.46666666666667,63.26666666666666,45.76666666666667
2026-04-14 17:00:00,52.0,32.9,23,972.8,11.9,297,0.0,17,1,4,60.5,90.3,56.4,56.3,37.7,15.4,69.93333333333334,67.30833333333332,45.3375
2026-04-14 18:00:00,57.0,32.4,24,972.8,10.9,338,0.0,18,1,4,52.0,47.7,79.3,68.7,33.5,47.9,69.2,66.95,45.93333333333334
2026-04-14 19:00:00,24.8,31.7,24,971.8,10.9,329,0.0,19,1,4,57.0,60.5,85.4,87.8,31.2,57.8,65.48333333333333,65.975,46.9125
2026-04-14 20:00:00,29.9,31.3,24,970.8,8.9,332,0.0,20,1,4,24.8,52.0,90.3,65.6,36.8,26.1,55.38333333333333,60.725,46.645833333333336
2026-04-14 21:00:00,36.4,29.9,26,970.3,8.0,320,0.0,21,1,4,29.9,57.0,47.7,52.0,12.0,38.3,45.31666666666666,57.75,46.35833333333333
2026-04-14 22:00:00,12.1,28.8,29,970.0,8.2,319,0.0,22,1,4,36.4,24.8,60.5,57.7,12.0,29.6,43.43333333333334,56.449999999999996,47.375
2026-04-14 23:00:00,12.0,28.1,30,970.3,8.7,310,0.0,23,1,4,12.1,29.9,52.0,56.4,12.0,12.0,35.36666666666667,52.650000000000006,47.37916666666666
2026-04-15 00:00:00,21.1,27.5,31,971.0,6.4,191,0.0,0,2,4,12.0,36.4,57.0,79.3,19.1,12.0,28.7,48.949999999999996,47.37916666666666
2026-04-15 01:00:00,14.0,27.5,31,971.7,7.7,270,0.0,1,2,4,21.1,12.1,24.8,85.4,12.0,17.6,22.71666666666667,44.1,47.462500000000006
2026-04-15 02:00:00,22.4,30.3,26,972.8,7.2,292,0.0,2,2,4,14.0,12.0,29.9,90.3,28.4,23.0,20.916666666666668,38.15,47.54583333333334
2026-04-15 03:00:00,15.4,33.1,22,973.5,6.8,323,0.0,3,2,4,22.4,21.1,36.4,47.7,33.7,12.0,19.666666666666668,32.49166666666667,47.29583333333333
2026-04-15 04:00:00,43.8,35.5,20,973.8,6.6,347,0.0,4,2,4,15.4,14.0,12.1,60.5,12.0,45.6,16.166666666666668,29.8,46.53333333333333
2026-04-15 05:00:00,41.2,37.7,17,973.7,6.3,342,0.0,5,2,4,43.8,22.4,12.0,52.0,56.3,32.2,21.45,28.408333333333335,47.85833333333333
2026-04-15 06:00:00,38.1,39.2,15,972.7,7.0,296,0.0,6,2,4,41.2,15.4,21.1,57.0,68.7,59.0,26.316666666666666,27.50833333333333,47.229166666666664
2026-04-15 07:00:00,57.9,40.7,14,972.1,9.5,270,0.0,7,2,4,38.1,43.8,14.0,24.8,87.8,80.7,29.150000000000002,25.933333333333337,45.95416666666666
2026-04-15 08:00:00,56.3,42.1,11,970.8,9.3,251,0.0,8,2,4,57.9,41.2,22.4,29.9,65.6,80.1,36.46666666666666,28.691666666666666,44.708333333333336
2026-04-15 09:00:00,72.0,42.3,10,969.6,14.3,239,0.0,9,2,4,56.3,38.1,15.4,36.4,52.0,65.8,42.11666666666667,30.891666666666666,44.32083333333333
2026-04-15 10:00:00,42.5,41.7,10,969.0,16.3,244,0.0,10,2,4,72.0,57.9,43.8,12.1,57.7,78.7,51.550000000000004,33.858333333333334,45.15416666666667
2026-04-15 11:00:00,58.4,41.1,11,968.6,15.9,237,0.0,11,2,4,42.5,56.3,41.2,12.0,56.4,68.9,51.333333333333336,36.391666666666666,44.520833333333336
2026-04-15 12:00:00,54.1,40.5,11,968.5,17.3,222,0.0,12,2,4,58.4,72.0,38.1,21.1,79.3,49.6,54.199999999999996,40.25833333333333,44.604166666666664
2026-04-15 13:00:00,52.2,38.4,13,968.9,13.4,220,0.0,13,2,4,54.1,42.5,57.9,14.0,85.4,78.0,56.86666666666667,43.00833333333333,43.55416666666667
2026-04-15 14:00:00,56.0,36.6,15,969.5,13.0,226,0.0,14,2,4,52.2,58.4,56.3,22.4,90.3,76.6,55.916666666666664,46.19166666666666,42.170833333333334
2026-04-15 15:00:00,68.1,35.4,15,970.2,14.3,245,0.0,15,2,4,56.0,54.1,72.0,15.4,47.7,76.3,55.86666666666667,48.991666666666674,40.74166666666667
2026-04-15 16:00:00,49.3,34.9,12,970.8,11.3,278,0.0,16,2,4,68.1,52.2,42.5,43.8,60.5,70.8,55.21666666666666,53.383333333333326,41.59166666666667
2026-04-15 17:00:00,54.7,33.5,13,971.2,9.2,313,0.0,17,2,4,49.3,56.0,58.4,41.2,52.0,37.7,56.349999999999994,53.84166666666667,41.125
2026-04-15 18:00:00,33.9,32.7,15,970.9,7.5,323,0.0,18,2,4,54.7,68.1,54.1,38.1,57.0,33.5,55.73333333333333,54.96666666666667,41.237500000000004
2026-04-15 19:00:00,50.2,30.9,18,970.5,3.8,287,0.0,19,2,4,33.9,49.3,52.2,57.9,24.8,31.2,52.36666666666667,54.61666666666667,40.275
2026-04-15 20:00:00,49.1,30.3,20,970.0,4.3,270,0.0,20,2,4,50.2,54.7,56.0,56.3,29.9,36.8,52.03333333333333,53.975,41.333333333333336
2026-04-15 21:00:00,44.4,29.6,22,969.5,6.3,301,0.0,21,2,4,49.1,33.9,68.1,72.0,36.4,12.0,50.88333333333333,53.375,42.13333333333333
2026-04-15 22:00:00,28.6,28.8,25,969.7,8.4,293,0.0,22,2,4,44.4,50.2,49.3,42.5,12.1,12.0,46.93333333333334,51.074999999999996,42.46666666666666
2026-04-15 23:00:00,26.3,28.1,27,970.0,7.1,261,0.0,23,2,4,28.6,49.1,54.7,58.4,12.0,12.0,43.48333333333333,49.916666666666664,43.15416666666667
2026-04-16 00:00:00,23.2,28.6,28,970.2,8.4,279,0.0,0,3,4,26.3,44.4,33.9,54.1,21.1,19.1,38.75,47.24166666666667,43.75
2026-04-16 01:00:00,13.6,29.1,29,970.9,9.7,304,0.0,1,3,4,23.2,28.6,50.2,52.2,14.0,12.0,36.96666666666667,44.666666666666664,43.837500000000006
2026-04-16 02:00:00,12.0,30.9,27,971.9,6.2,306,0.0,2,3,4,13.6,26.3,49.1,56.0,22.4,28.4,30.86666666666667,41.449999999999996,43.82083333333333
2026-04-16 03:00:00,18.5,34.0,24,972.7,7.3,318,0.0,3,3,4,12.0,23.2,44.4,68.1,15.4,33.7,24.683333333333337,37.78333333333333,43.387499999999996
2026-04-16 04:00:00,29.0,36.8,21,973.3,6.1,332,0.0,4,3,4,18.5,13.6,28.6,49.3,43.8,12.0,20.36666666666667,33.65,43.51666666666667
2026-04-16 05:00:00,72.3,39.2,17,973.5,1.6,90,0.0,5,3,4,29.0,12.0,26.3,54.7,41.2,56.3,20.433333333333334,31.958333333333332,42.9
2026-04-16 06:00:00,70.0,39.7,17,972.9,3.4,155,0.0,6,3,4,72.3,18.5,23.2,33.9,38.1,68.7,28.100000000000005,33.425,44.19583333333333
2026-04-16 07:00:00,54.2,41.7,14,972.2,2.3,184,0.0,7,3,4,70.0,29.0,13.6,50.2,57.9,87.8,35.900000000000006,36.43333333333333,45.525
2026-04-16 08:00:00,56.0,42.6,12,971.4,2.0,225,0.0,8,3,4,54.2,72.3,12.0,49.1,56.3,65.6,42.666666666666664,36.766666666666666,45.37083333333334
2026-04-16 09:00:00,78.9,43.4,11,970.0,4.1,299,0.0,9,3,4,56.0,70.0,18.5,44.4,72.0,52.0,50.0,37.34166666666666,45.35833333333333
2026-04-16 10:00:00,48.3,43.1,9,969.1,12.9,303,0.0,10,3,4,78.9,54.2,29.0,28.6,42.5,57.7,60.06666666666666,40.21666666666667,45.645833333333336
2026-04-16 11:00:00,43.8,41.7,9,969.0,17.0,302,0.0,11,3,4,48.3,56.0,72.3,26.3,58.4,56.4,63.28333333333333,41.85833333333333,45.887499999999996
2026-04-16 12:00:00,61.2,40.8,11,968.9,13.6,255,0.0,12,3,4,43.8,78.9,70.0,23.2,54.1,79.3,58.53333333333333,43.31666666666666,45.27916666666666
2026-04-16 13:00:00,79.6,38.9,13,969.4,10.6,228,0.0,13,3,4,61.2,48.3,54.2,13.6,52.2,85.4,57.06666666666667,46.48333333333333,45.574999999999996
2026-04-16 14:00:00,48.5,37.4,15,970.3,11.3,223,0.0,14,3,4,79.6,43.8,56.0,12.0,56.0,90.3,61.300000000000004,51.98333333333333,46.71666666666667
2026-04-16 15:00:00,50.2,36.6,15,971.0,13.6,229,0.0,15,3,4,48.5,61.2,78.9,18.5,68.1,47.7,60.050000000000004,55.025,46.40416666666667
2026-04-16 16:00:00,54.0,35.8,16,971.6,9.8,246,0.0,16,3,4,50.2,79.6,48.3,29.0,49.3,60.5,55.26666666666667,57.666666666666664,45.65833333333333
2026-04-16 17:00:00,50.5,35.3,17,972.0,12.3,275,0.0,17,3,4,54.0,48.5,43.8,72.3,54.7,52.0,56.21666666666667,59.75,45.854166666666664
2026-04-16 18:00:00,41.6,34.5,18,972.2,12.6,294,0.0,18,3,4,50.5,50.2,61.2,70.0,33.9,57.0,57.333333333333336,57.93333333333334,45.67916666666667
2026-04-16 19:00:00,22.4,32.4,21,971.6,5.0,235,0.0,19,3,4,41.6,54.0,79.6,54.2,50.2,24.8,54.06666666666667,55.56666666666666,46.0
2026-04-16 20:00:00,54.0,30.6,26,971.5,1.7,212,0.0,20,3,4,22.4,50.5,48.5,56.0,49.1,29.9,44.53333333333334,52.916666666666664,44.84166666666666
2026-04-16 21:00:00,21.2,30.5,25,971.2,6.6,253,0.0,21,3,4,54.0,41.6,50.2,78.9,44.4,36.4,45.45000000000001,52.75,45.04583333333333
2026-04-16 22:00:00,12.0,30.2,26,970.8,8.5,298,0.0,22,3,4,21.2,22.4,54.0,48.3,28.6,12.1,40.61666666666667,47.94166666666666,44.07916666666666
2026-04-16 23:00:00,12.0,29.4,28,971.3,10.6,320,0.0,23,3,4,12.0,54.0,50.5,43.8,26.3,12.0,33.61666666666667,44.916666666666664,43.387499999999996
2026-04-17 00:00:00,12.0,28.7,32,971.9,9.0,314,0.0,0,4,4,12.0,21.2,41.6,61.2,23.2,21.1,27.2,42.266666666666666,42.791666666666664
2026-04-17 01:00:00,12.0,28.9,32,973.0,10.9,321,0.0,1,4,4,12.0,12.0,22.4,79.6,13.6,14.0,22.266666666666666,38.166666666666664,42.324999999999996
2026-04-17 02:00:00,12.0,30.7,29,974.0,5.3,308,0.0,2,4,4,12.0,12.0,54.0,48.5,12.0,22.4,20.533333333333335,32.53333333333333,42.25833333333333
2026-04-17 03:00:00,43.4,33.5,24,975.0,3.9,62,0.0,3,4,4,12.0,12.0,21.2,50.2,18.5,15.4,13.533333333333337,29.491666666666664,42.25833333333333
2026-04-17 04:00:00,55.0,36.2,19,975.5,3.3,351,0.0,4,4,4,43.4,12.0,12.0,54.0,29.0,43.8,17.233333333333334,28.925,43.29583333333333
2026-04-17 05:00:00,49.7,39.1,16,975.4,3.0,308,0.0,5,4,4,55.0,12.0,12.0,50.5,72.3,41.2,24.400000000000002,29.008333333333336,44.37916666666666
2026-04-17 06:00:00,66.8,39.7,15,974.8,2.8,333,0.0,6,4,4,49.7,43.4,12.0,41.6,70.0,38.1,30.683333333333337,28.941666666666666,43.4375
2026-04-17 07:00:00,47.6,41.8,12,974.2,4.9,321,0.0,7,4,4,66.8,55.0,12.0,22.4,54.2,57.9,39.81666666666667,31.041666666666668,43.30416666666667
2026-04-17 08:00:00,73.6,42.4,11,973.2,9.0,303,0.0,8,4,4,47.6,49.7,12.0,54.0,56.0,56.3,45.75,33.141666666666666,43.02916666666667
2026-04-17 09:00:00,50.8,42.2,10,972.1,12.4,298,0.0,9,4,4,73.6,66.8,43.4,21.2,78.9,72.0,56.01666666666667,34.775,43.762499999999996
2026-04-17 10:00:00,69.1,42.1,10,971.3,11.2,288,0.0,10,4,4,50.8,47.6,55.0,12.0,48.3,42.5,57.25,37.24166666666667,42.59166666666667
2026-04-17 11:00:00,72.2,42.0,9,970.6,6.9,263,0.0,11,4,4,69.1,73.6,49.7,12.0,43.8,58.4,59.6,42.0,43.458333333333336
2026-04-17 12:00:00,97.0,41.5,11,970.3,6.8,288,0.0,12,4,4,72.2,50.8,66.8,12.0,61.2,54.1,63.349999999999994,47.01666666666667,44.64166666666667
2026-04-17 13:00:00,97.3,40.2,12,970.6,9.7,268,0.0,13,4,4,97.0,69.1,47.6,12.0,79.6,52.2,68.38333333333334,54.1,46.133333333333326
2026-04-17 14:00:00,65.0,39.3,13,971.2,12.2,256,0.0,14,4,4,97.3,72.2,73.6,12.0,48.5,56.0,76.66666666666667,61.208333333333336,46.87083333333334
2026-04-17 15:00:00,73.5,37.3,16,972.2,10.8,267,0.0,15,4,4,65.0,97.0,50.8,43.4,50.2,68.1,75.23333333333333,65.625,47.55833333333334
2026-04-17 16:00:00,58.8,36.0,19,972.7,8.7,300,0.0,16,4,4,73.5,97.3,69.1,55.0,54.0,49.3,79.01666666666667,68.13333333333334,48.52916666666667
2026-04-17 17:00:00,35.6,35.1,21,972.7,8.7,283,0.0,17,4,4,58.8,65.0,72.2,49.7,50.5,54.7,77.3,68.45,48.729166666666664
2026-04-17 18:00:00,24.8,35.2,20,972.4,8.8,303,0.0,18,4,4,35.6,73.5,97.0,66.8,41.6,33.9,71.2,67.27499999999999,48.10833333333333
2026-04-17 19:00:00,32.5,34.2,20,972.0,10.8,307,0.0,19,4,4,24.8,58.8,97.3,47.6,22.4,50.2,59.166666666666664,63.775000000000006,47.40833333333333
2026-04-17 20:00:00,12.0,33.4,21,971.6,10.2,321,0.0,20,4,4,32.5,35.6,65.0,73.6,54.0,49.1,48.36666666666667,62.51666666666667,47.82916666666667
2026-04-17 21:00:00,12.0,32.3,22,971.3,12.9,325,0.0,21,4,4,12.0,24.8,73.5,50.8,21.2,44.4,39.53333333333333,57.38333333333333,46.07916666666667
2026-04-17 22:00:00,12.0,31.2,23,971.1,14.2,334,0.0,22,4,4,12.0,32.5,58.8,69.1,12.0,28.6,29.28333333333333,54.150000000000006,45.695833333333326
2026-04-17 23:00:00,12.0,30.9,22,971.7,14.2,342,0.0,23,4,4,12.0,12.0,35.6,72.2,12.0,26.3,21.483333333333334,49.39166666666667,45.695833333333326
2026-04-18 00:00:00,12.0,30.5,24,972.1,10.5,355,0.0,0,5,4,12.0,12.0,24.8,97.0,12.0,23.2,17.55,44.375,45.695833333333326
2026-04-18 01:00:00,12.0,31.7,22,972.4,11.5,328,0.0,1,5,4,12.0,12.0,32.5,97.3,12.0,13.6,15.416666666666666,37.291666666666664,45.695833333333326
2026-04-18 02:00:00,12.0,33.2,21,973.4,8.4,335,0.0,2,5,4,12.0,12.0,12.0,65.0,12.0,12.0,12.0,30.183333333333337,45.695833333333326
2026-04-18 03:00:00,41.5,35.2,18,974.3,8.0,351,0.0,3,5,4,12.0,12.0,12.0,73.5,43.4,18.5,12.0,25.76666666666667,45.695833333333326
2026-04-18 04:00:00,50.1,37.3,17,974.4,5.5,347,0.0,4,5,4,41.5,12.0,12.0,58.8,55.0,29.0,16.916666666666668,23.100000000000005,45.616666666666674
2026-04-18 05:00:00,37.8,39.5,16,974.3,4.0,360,0.0,5,5,4,50.1,12.0,12.0,35.6,49.7,72.3,23.266666666666666,22.375,45.4125
2026-04-18 06:00:00,35.7,40.5,15,973.9,6.2,33,0.0,6,5,4,37.8,41.5,12.0,24.8,66.8,70.0,27.566666666666666,22.558333333333334,44.916666666666664
2026-04-18 07:00:00,86.4,42.4,12,973.4,3.1,24,0.0,7,5,4,35.7,50.1,12.0,32.5,47.6,54.2,31.516666666666666,23.46666666666667,43.62083333333333
2026-04-18 08:00:00,67.1,43.1,11,972.2,2.9,281,0.0,8,5,4,86.4,37.8,12.0,12.0,73.6,56.0,43.916666666666664,27.958333333333332,45.237500000000004
2026-04-18 09:00:00,70.2,43.4,11,971.4,6.5,265,0.0,9,5,4,67.1,35.7,41.5,12.0,50.8,78.9,53.1,32.550000000000004,44.96666666666667
2026-04-18 10:00:00,60.0,43.3,11,970.6,12.2,272,0.0,10,5,4,70.2,86.4,50.1,12.0,69.1,48.3,57.88333333333333,37.4,45.775000000000006
2026-04-18 11:00:00,37.1,42.2,10,970.1,18.1,276,0.0,11,5,4,60.0,67.1,37.8,12.0,72.2,43.8,59.53333333333333,41.4,45.395833333333336
2026-04-18 12:00:00,72.9,41.7,10,970.0,13.9,290,0.0,12,5,4,37.1,70.2,35.7,12.0,97.0,61.2,59.416666666666664,43.49166666666667,43.93333333333334
2026-04-18 13:00:00,64.0,40.8,11,970.6,13.5,300,0.0,13,5,4,72.9,60.0,86.4,12.0,97.3,79.6,65.61666666666666,48.56666666666666,42.92916666666667
2026-04-18 14:00:00,67.7,39.4,13,971.2,15.3,294,0.0,14,5,4,64.0,37.1,67.1,12.0,65.0,48.5,61.88333333333333,52.9,41.541666666666664
2026-04-18 15:00:00,19.2,38.0,15,972.0,16.6,313,0.0,15,5,4,67.7,72.9,70.2,41.5,73.5,50.2,61.98333333333334,57.541666666666664,41.65416666666667
2026-04-18 16:00:00,62.0,36.6,17,972.7,9.5,345,0.0,16,5,4,19.2,64.0,60.0,50.1,58.8,54.0,53.48333333333333,55.68333333333334,39.39166666666667
2026-04-18 17:00:00,64.2,34.9,19,973.3,3.8,301,0.0,17,5,4,62.0,67.7,37.1,37.8,35.6,50.5,53.81666666666666,56.675000000000004,39.525
2026-04-18 18:00:00,43.6,34.4,20,973.1,7.9,327,0.0,18,5,4,64.2,19.2,72.9,35.7,24.8,41.6,58.33333333333334,58.875,40.71666666666666
2026-04-18 19:00:00,40.2,33.8,21,972.4,8.8,325,0.0,19,5,4,43.6,62.0,64.0,86.4,32.5,22.4,53.449999999999996,59.53333333333333,41.5
2026-04-18 20:00:00,36.7,32.9,21,971.5,8.1,321,0.0,20,5,4,40.2,64.2,67.7,67.1,12.0,54.0,49.48333333333334,55.68333333333334,41.82083333333333
2026-04-18 21:00:00,31.9,32.4,21,970.9,9.6,317,0.0,21,5,4,36.7,43.6,19.2,70.2,12.0,21.2,44.31666666666667,53.15,42.85
2026-04-18 22:00:00,25.9,31.3,22,970.5,8.7,297,0.0,22,5,4,31.9,40.2,62.0,60.0,12.0,12.0,46.43333333333334,49.95833333333334,43.67916666666667
2026-04-18 23:00:00,15.7,29.3,26,971.1,8.6,195,0.0,23,5,4,25.9,36.7,64.2,37.1,12.0,12.0,40.416666666666664,47.116666666666674,44.25833333333333
2026-04-19 00:00:00,12.0,28.7,29,971.0,7.6,256,0.0,0,6,4,15.7,31.9,43.6,72.9,12.0,12.0,32.333333333333336,45.333333333333336,44.4125
2026-04-19 01:00:00,13.0,28.6,28,971.5,7.5,253,0.0,1,6,4,12.0,25.9,40.2,64.0,12.0,12.0,27.066666666666666,40.25833333333333,44.4125
2026-04-19 02:00:00,32.3,31.4,23,972.7,4.8,250,0.0,2,6,4,13.0,15.7,36.7,67.7,12.0,12.0,22.533333333333335,36.00833333333333,44.45416666666667
2026-04-19 03:00:00,17.4,35.2,16,973.9,5.6,239,0.0,3,6,4,32.3,12.0,31.9,19.2,41.5,43.4,21.799999999999997,33.05833333333334,45.300000000000004
2026-04-19 04:00:00,13.0,37.6,14,974.3,4.9,246,0.0,4,6,4,17.4,13.0,25.9,62.0,50.1,55.0,19.38333333333333,32.90833333333334,44.29583333333333
2026-04-19 05:00:00,53.2,39.5,12,974.2,3.2,251,0.0,5,6,4,13.0,32.3,15.7,64.2,37.8,49.7,17.23333333333333,28.825,42.75
2026-04-19 06:00:00,48.5,39.9,12,973.7,2.2,284,0.0,6,6,4,53.2,17.4,12.0,43.6,35.7,66.8,23.483333333333334,27.90833333333333,43.39166666666667
2026-04-19 07:00:00,67.7,42.1,10,973.0,1.4,270,0.0,7,6,4,48.5,13.0,13.0,40.2,86.4,47.6,29.566666666666666,28.316666666666666,43.925000000000004
2026-04-19 08:00:00,75.3,42.8,10,971.9,3.2,289,0.0,8,6,4,67.7,53.2,32.3,36.7,67.1,73.6,38.68333333333333,30.60833333333333,43.145833333333336
2026-04-19 09:00:00,76.4,43.3,9,970.9,8.0,310,0.0,9,6,4,75.3,48.5,17.4,31.9,70.2,50.8,45.85,33.824999999999996,43.487500000000004
2026-04-19 10:00:00,54.0,42.6,10,969.9,12.9,313,0.0,10,6,4,76.4,67.7,13.0,25.9,60.0,69.1,55.68333333333333,37.53333333333334,43.74583333333334
2026-04-19 11:00:00,70.5,41.8,11,969.4,15.5,313,0.0,11,6,4,54.0,75.3,53.2,15.7,37.1,72.2,62.51666666666666,39.875,43.49583333333334
2026-04-19 12:00:00,100.5,41.6,10,969.0,3.3,261,0.0,12,6,4,70.5,76.4,48.5,12.0,72.9,97.0,65.39999999999999,44.44166666666666,44.887499999999996
2026-04-19 13:00:00,68.0,40.4,11,970.0,6.0,275,0.0,13,6,4,100.5,54.0,67.7,13.0,64.0,97.3,74.06666666666666,51.81666666666666,46.037499999999994
2026-04-19 14:00:00,61.2,39.0,13,970.8,8.8,244,0.0,14,6,4,68.0,70.5,75.3,32.3,67.7,65.0,74.11666666666666,56.4,46.20416666666666
2026-04-19 15:00:00,53.3,37.3,15,971.5,8.9,234,0.0,15,6,4,61.2,100.5,76.4,17.4,19.2,73.5,71.76666666666667,58.80833333333334,45.93333333333333
2026-04-19 16:00:00,59.9,35.9,20,972.5,2.3,270,0.0,16,6,4,53.3,68.0,54.0,13.0,62.0,58.8,67.91666666666667,61.800000000000004,47.354166666666664
2026-04-19 17:00:00,43.5,35.4,17,972.9,7.8,34,0.0,17,6,4,59.9,61.2,70.5,53.2,64.2,35.6,68.9,65.70833333333334,47.26666666666667
2026-04-19 18:00:00,16.7,34.4,19,972.6,10.2,247,0.0,18,6,4,43.5,53.3,100.5,48.5,43.6,24.8,64.4,64.9,46.40416666666667
2026-04-19 19:00:00,36.6,33.8,19,972.5,10.3,247,0.0,19,6,4,16.7,59.9,68.0,67.7,40.2,32.5,50.43333333333334,62.25,45.28333333333333
2026-04-19 20:00:00,21.7,33.0,21,972.6,12.9,278,0.0,20,6,4,36.6,43.5,61.2,75.3,36.7,12.0,45.20000000000001,59.65833333333333,45.13333333333333
2026-04-19 21:00:00,12.0,32.0,24,972.0,11.7,221,0.0,21,6,4,21.7,16.7,53.3,76.4,31.9,12.0,38.61666666666667,55.19166666666667,44.50833333333333
2026-04-19 22:00:00,12.0,32.0,24,972.2,15.7,269,0.0,22,6,4,12.0,36.6,59.9,54.0,25.9,12.0,31.73333333333333,49.82500000000001,43.67916666666667
2026-04-19 23:00:00,12.0,31.5,26,972.0,15.3,274,0.0,23,6,4,12.0,21.7,43.5,70.5,15.7,12.0,23.75,46.32500000000001,43.1
2026-04-20 00:00:00,23.1,31.2,33,972.3,11.9,265,0.0,0,0,4,12.0,12.0,16.7,100.5,12.0,12.0,18.500000000000004,41.449999999999996,42.94583333333333
2026-04-20 01:00:00,16.0,31.4,34,973.0,11.5,279,0.0,1,0,4,23.1,12.0,36.6,68.0,13.0,12.0,19.566666666666666,35.0,43.40833333333333
2026-04-20 02:00:00,12.0,32.0,33,973.9,14.3,290,0.0,2,0,4,16.0,12.0,21.7,61.2,32.3,12.0,16.133333333333333,30.666666666666668,43.53333333333333
2026-04-20 03:00:00,13.3,33.9,27,974.3,14.7,309,0.0,3,0,4,12.0,23.1,12.0,53.3,17.4,41.5,14.516666666666666,26.566666666666666,42.6875
2026-04-20 04:00:00,12.0,36.1,21,974.4,12.5,313,0.0,4,0,4,13.3,16.0,12.0,59.9,13.0,50.1,14.733333333333334,23.233333333333334,42.516666666666666
2026-04-20 05:00:00,20.6,38.6,17,974.2,13.6,323,0.0,5,0,4,12.0,12.0,12.0,43.5,53.2,37.8,14.733333333333334,19.241666666666667,42.475
2026-04-20 06:00:00,12.0,40.1,15,973.4,15.5,315,0.0,6,0,4,20.6,13.3,23.1,16.7,48.5,35.7,16.166666666666668,17.333333333333332,41.11666666666667
2026-04-20 07:00:00,53.0,41.3,13,972.8,13.0,315,0.0,7,0,4,12.0,12.0,16.0,36.6,67.7,86.4,14.316666666666668,16.941666666666666,39.59583333333333
2026-04-20 08:00:00,55.7,41.7,12,971.7,12.4,313,0.0,8,0,4,53.0,20.6,12.0,21.7,75.3,67.1,20.483333333333334,18.308333333333334,38.983333333333334
2026-04-20 09:00:00,59.5,41.6,13,970.8,15.1,309,0.0,9,0,4,55.7,12.0,13.3,12.0,76.4,70.2,27.76666666666667,21.14166666666667,38.166666666666664
2026-04-20 10:00:00,32.9,39.9,15,970.4,16.1,306,0.0,10,0,4,59.5,53.0,12.0,12.0,54.0,60.0,35.46666666666667,25.100000000000005,37.4625
2026-04-20 11:00:00,72.3,39.0,15,970.1,10.6,300,0.0,11,0,4,32.9,55.7,20.6,12.0,70.5,37.1,38.949999999999996,26.84166666666667,36.583333333333336
2026-04-20 12:00:00,91.5,38.9,14,970.6,6.3,20,0.0,12,0,4,72.3,59.5,12.0,23.1,100.5,72.9,47.56666666666666,31.866666666666664,36.65833333333333
2026-04-20 13:00:00,79.2,37.9,15,971.1,8.9,61,0.0,13,0,4,91.5,32.9,53.0,16.0,68.0,64.0,60.81666666666666,37.56666666666666,36.28333333333333
2026-04-20 14:00:00,68.4,36.0,18,971.7,12.4,34,0.0,14,0,4,79.2,72.3,55.7,12.0,61.2,67.7,65.18333333333334,42.833333333333336,36.75
2026-04-20 15:00:00,71.6,35.0,20,972.0,6.8,32,0.0,15,0,4,68.4,91.5,59.5,13.3,53.3,19.2,67.3,47.53333333333333,37.05
2026-04-20 16:00:00,79.8,34.2,22,972.6,5.2,348,0.0,16,0,4,71.6,79.2,32.9,12.0,59.9,62.0,69.31666666666668,52.39166666666667,37.8125
2026-04-20 17:00:00,60.9,33.3,23,972.8,3.9,298,0.0,17,0,4,79.8,68.4,72.3,20.6,43.5,64.2,77.13333333333333,58.041666666666664,38.641666666666666
2026-04-20 18:00:00,59.5,33.3,24,972.4,4.4,232,0.0,18,0,4,60.9,71.6,91.5,12.0,16.7,43.6,75.23333333333333,61.4,39.36666666666667
2026-04-20 19:00:00,42.6,32.6,25,972.0,4.9,188,0.0,19,0,4,59.5,79.8,79.2,53.0,36.6,40.2,69.89999999999999,65.35833333333333,41.15
2026-04-20 20:00:00,21.5,31.7,27,971.7,8.1,204,0.0,20,0,4,42.6,60.9,68.4,55.7,21.7,36.7,63.79999999999999,64.49166666666666,41.4
2026-04-20 21:00:00,25.8,31.6,26,971.3,7.1,218,0.0,21,0,4,21.5,59.5,71.6,59.5,12.0,31.9,55.98333333333333,61.64166666666666,41.391666666666666
2026-04-20 22:00:00,12.0,31.3,26,971.1,12.7,245,0.0,22,0,4,25.8,42.6,79.8,32.9,12.0,25.9,48.349999999999994,58.833333333333336,41.96666666666667
2026-04-20 23:00:00,12.0,30.5,27,971.3,11.1,277,0.0,23,0,4,12.0,21.5,60.9,72.3,12.0,15.7,37.050000000000004,57.09166666666667,41.96666666666667
2026-04-21 00:00:00,12.0,29.5,36,971.6,9.2,303,0.0,0,1,4,12.0,25.8,59.5,91.5,23.1,12.0,28.900000000000002,52.06666666666667,41.96666666666667
2026-04-21 01:00:00,12.0,30.0,35,972.5,9.7,280,0.0,1,1,4,12.0,12.0,42.6,79.2,16.0,13.0,20.98333333333333,45.44166666666667,41.50416666666667
2026-04-21 02:00:00,12.0,31.8,30,974.1,9.6,275,0.0,2,1,4,12.0,12.0,21.5,68.4,12.0,32.3,15.883333333333333,39.84166666666666,41.3375
2026-04-21 03:00:00,12.0,35.2,24,974.7,13.6,252,0.0,3,1,4,12.0,12.0,25.8,71.6,13.3,17.4,14.299999999999999,35.141666666666666,41.3375
2026-04-21 04:00:00,12.0,37.2,19,975.1,14.5,243,0.0,4,1,4,12.0,12.0,12.0,79.8,12.0,13.0,12.0,30.174999999999997,41.28333333333334
2026-04-21 05:00:00,12.6,38.2,18,975.1,13.1,245,0.0,5,1,4,12.0,12.0,12.0,60.9,20.6,53.2,12.0,24.524999999999995,41.28333333333334
2026-04-21 06:00:00,22.6,38.7,17,974.8,7.5,240,0.0,6,1,4,12.6,12.0,12.0,59.5,12.0,48.5,12.100000000000001,20.5,40.949999999999996
2026-04-21 07:00:00,56.4,40.0,14,973.6,6.3,250,0.0,7,1,4,22.6,12.0,12.0,42.6,53.0,67.7,13.866666666666667,17.425,41.391666666666666
2026-04-21 08:00:00,79.8,40.7,13,972.3,6.3,267,0.0,8,1,4,56.4,12.6,12.0,21.5,55.7,75.3,21.266666666666666,18.575,41.53333333333333
2026-04-21 09:00:00,61.2,40.9,12,971.2,6.7,289,0.0,9,1,4,79.8,22.6,12.0,25.8,59.5,76.4,32.56666666666667,23.433333333333334,42.5375
2026-04-21 10:00:00,72.6,40.8,12,970.5,8.0,312,0.0,10,1,4,61.2,56.4,12.0,12.0,32.9,54.0,40.76666666666667,26.38333333333333,42.60833333333333
2026-04-21 11:00:00,77.8,40.2,13,970.0,11.5,321,0.0,11,1,4,72.6,79.8,12.6,12.0,72.3,70.5,50.86666666666667,31.433333333333334,44.262499999999996
2026-04-21 12:00:00,54.4,39.8,12,969.2,13.4,290,0.0,12,1,4,77.8,61.2,22.6,12.0,91.5,100.5,61.73333333333333,36.916666666666664,44.49166666666667
2026-04-21 13:00:00,62.3,38.8,13,969.8,13.6,277,0.0,13,1,4,54.4,72.6,56.4,12.0,79.2,68.0,67.03333333333333,40.449999999999996,42.94583333333333
2026-04-21 14:00:00,63.6,38.4,13,970.7,10.0,250,0.0,14,1,4,62.3,77.8,79.8,12.0,68.4,61.2,68.01666666666667,44.64166666666666,42.24166666666667
2026-04-21 15:00:00,85.5,36.1,16,971.5,4.5,270,0.0,15,1,4,63.6,54.4,61.2,12.0,71.6,53.3,65.31666666666666,48.94166666666666,42.041666666666664
2026-04-21 16:00:00,77.4,35.0,20,972.4,1.9,304,0.0,16,1,4,85.5,62.3,72.6,12.0,79.8,59.9,69.36666666666666,55.06666666666666,42.62083333333333
2026-04-21 17:00:00,12.2,34.1,19,972.6,10.2,194,0.0,17,1,4,77.4,63.6,77.8,12.6,60.9,43.5,70.16666666666667,60.51666666666666,42.520833333333336
2026-04-21 18:00:00,14.2,33.6,20,972.4,11.6,222,0.0,18,1,4,12.2,85.5,54.4,22.6,59.5,16.7,59.23333333333333,60.48333333333333,40.49166666666667
2026-04-21 19:00:00,40.6,33.4,20,972.2,10.0,252,0.0,19,1,4,14.2,77.4,62.3,56.4,42.6,36.6,52.53333333333334,59.78333333333334,38.604166666666664
2026-04-21 20:00:00,21.8,32.7,21,971.5,8.1,274,0.0,20,1,4,40.6,12.2,63.6,79.8,21.5,21.7,48.916666666666664,58.46666666666666,38.520833333333336
2026-04-21 21:00:00,32.5,31.8,23,971.7,7.8,304,0.0,21,1,4,21.8,14.2,85.5,61.2,25.8,12.0,41.949999999999996,53.63333333333333,38.53333333333334
2026-04-21 22:00:00,19.7,31.0,23,971.5,7.9,330,0.0,22,1,4,32.5,40.6,77.4,72.6,12.0,12.0,33.11666666666667,51.24166666666667,38.8125
2026-04-21 23:00:00,12.0,30.5,24,971.4,8.7,339,0.0,23,1,4,19.7,21.8,12.2,77.8,12.0,12.0,23.5,46.833333333333336,39.13333333333333
2026-04-22 00:00:00,12.0,30.0,28,971.8,5.2,316,0.0,0,2,4,12.0,32.5,14.2,54.4,12.0,23.1,23.46666666666667,41.35,39.13333333333333
2026-04-22 01:00:00,12.0,30.6,27,972.4,10.1,297,0.0,1,2,4,12.0,19.7,40.6,62.3,12.0,16.0,23.099999999999998,37.81666666666667,39.13333333333333
2026-04-22 02:00:00,12.0,32.8,23,973.8,9.7,294,0.0,2,2,4,12.0,12.0,21.8,63.6,12.0,12.0,18.333333333333332,33.625,39.13333333333333
2026-04-22 03:00:00,19.1,34.7,18,974.6,9.7,305,0.0,3,2,4,12.0,12.0,32.5,85.5,12.0,13.3,16.7,29.325000000000003,39.13333333333333
2026-04-22 04:00:00,22.1,37.0,15,975.2,6.7,344,0.0,4,2,4,19.1,12.0,19.7,77.4,12.0,12.0,14.466666666666667,23.791666666666668,39.42916666666667
2026-04-22 05:00:00,51.9,39.0,13,974.9,5.7,11,0.0,5,2,4,22.1,12.0,12.0,12.2,12.6,20.6,14.866666666666667,19.183333333333334,39.85
2026-04-22 06:00:00,53.5,39.6,12,974.1,5.2,344,0.0,6,2,4,51.9,19.1,12.0,14.2,22.6,12.0,21.516666666666666,22.491666666666664,41.487500000000004
2026-04-22 07:00:00,70.4,41.1,11,973.3,4.7,342,0.0,7,2,4,53.5,22.1,12.0,40.6,56.4,53.0,28.433333333333334,25.766666666666666,42.775
2026-04-22 08:00:00,63.4,41.7,10,972.0,5.0,341,0.0,8,2,4,70.4,51.9,12.0,21.8,79.8,55.7,38.166666666666664,28.25,43.35833333333334
2026-04-22 09:00:00,68.8,42.8,9,970.7,6.7,322,0.0,9,2,4,63.4,53.5,19.1,32.5,61.2,59.5,46.73333333333333,31.716666666666665,42.675000000000004
2026-04-22 10:00:00,46.3,42.4,9,969.6,16.5,314,0.0,10,2,4,68.8,70.4,22.1,19.7,72.6,32.9,55.01666666666666,34.74166666666667,42.99166666666667
2026-04-22 11:00:00,45.7,41.0,11,969.4,13.4,317,0.0,11,2,4,46.3,63.4,51.9,12.0,77.8,72.3,59.050000000000004,36.958333333333336,41.895833333333336
2026-04-22 12:00:00,74.8,40.8,9,968.7,11.5,1,0.0,12,2,4,45.7,68.8,53.5,12.0,54.4,91.5,58.01666666666666,39.766666666666666,40.55833333333334
2026-04-22 13:00:00,68.3,39.2,11,969.4,6.8,333,0.0,13,2,4,74.8,46.3,70.4,12.0,62.3,79.2,61.56666666666667,45.0,41.40833333333333
2026-04-22 14:00:00,49.4,37.9,13,970.3,14.2,328,0.0,14,2,4,68.3,45.7,63.4,12.0,63.6,68.4,61.21666666666666,49.69166666666666,41.65833333333333
2026-04-22 15:00:00,74.6,36.8,13,971.2,9.7,329,0.0,15,2,4,49.4,74.8,68.8,19.1,85.5,71.6,58.88333333333333,52.80833333333333,41.06666666666667
2026-04-22 16:00:00,77.3,35.2,15,971.9,4.9,17,0.0,16,2,4,74.6,68.3,46.3,22.1,77.4,79.8,59.85,57.43333333333333,40.612500000000004
2026-04-22 17:00:00,71.7,33.8,18,972.3,2.1,128,0.0,17,2,4,77.3,49.4,45.7,51.9,12.2,60.9,65.01666666666667,62.03333333333334,40.608333333333334
2026-04-22 18:00:00,49.7,33.3,17,972.3,4.4,251,0.0,18,2,4,71.7,74.6,74.8,53.5,14.2,59.5,69.35000000000001,63.68333333333333,43.0875
2026-04-22 19:00:00,25.2,32.0,19,972.1,3.3,347,0.0,19,2,4,49.7,77.3,68.3,70.4,40.6,42.6,65.16666666666667,63.36666666666667,44.56666666666667
2026-04-22 20:00:00,29.8,31.8,20,971.6,6.7,27,0.0,20,2,4,25.2,71.7,49.4,63.4,21.8,21.5,57.98333333333334,59.599999999999994,43.92499999999999
2026-04-22 21:00:00,27.1,30.9,21,971.4,4.1,15,0.0,21,2,4,29.8,49.7,74.6,68.8,32.5,25.8,54.71666666666667,56.800000000000004,44.25833333333333
2026-04-22 22:00:00,12.0,29.8,23,971.1,9.9,314,0.0,22,2,4,27.1,25.2,77.3,46.3,19.7,12.0,46.800000000000004,53.324999999999996,44.03333333333333
2026-04-22 23:00:00,12.0,29.4,25,971.4,11.0,345,0.0,23,2,4,12.0,29.8,71.7,45.7,12.0,12.0,35.916666666666664,50.46666666666667,43.7125
2026-04-23 00:00:00,13.8,29.8,28,971.9,6.5,34,0.0,0,3,4,12.0,27.1,49.7,74.8,12.0,12.0,25.96666666666667,47.65833333333334,43.7125
2026-04-23 01:00:00,29.8,30.1,27,972.8,3.5,62,0.0,1,3,4,13.8,12.0,25.2,68.3,12.0,12.0,19.983333333333334,42.574999999999996,43.787499999999994
2026-04-23 02:00:00,33.7,31.6,26,974.0,3.4,335,0.0,2,3,4,29.8,12.0,29.8,49.4,12.0,12.0,20.75,39.36666666666667,44.52916666666666
2026-04-23 03:00:00,19.7,34.1,22,974.5,3.2,52,0.0,3,3,4,33.7,13.8,27.1,74.6,19.1,12.0,21.400000000000002,38.05833333333333,45.43333333333333
2026-04-23 04:00:00,23.6,37.0,18,974.9,6.0,25,0.0,4,3,4,19.7,29.8,12.0,77.3,22.1,12.0,20.166666666666668,33.483333333333334,45.458333333333336
2026-04-23 05:00:00,32.1,39.2,13,975.0,9.3,29,0.0,5,3,4,23.6,33.7,12.0,71.7,51.9,12.6,22.099999999999998,29.008333333333336,45.520833333333336
2026-04-23 06:00:00,48.7,40.3,10,974.1,12.0,44,0.0,6,3,4,32.1,19.7,13.8,49.7,53.5,22.6,25.45,25.708333333333332,44.69583333333333
2026-04-23 07:00:00,46.7,41.5,9,973.3,10.8,43,0.0,7,3,4,48.7,23.6,29.8,25.2,70.4,56.4,31.26666666666667,25.625,44.49583333333334
2026-04-23 08:00:00,62.6,42.0,9,972.3,9.0,23,0.0,8,3,4,46.7,32.1,33.7,29.8,63.4,79.8,34.083333333333336,27.416666666666668,43.50833333333333
2026-04-23 09:00:00,61.5,41.6,9,971.5,9.9,2,0.0,9,3,4,62.6,48.7,19.7,27.1,68.8,61.2,38.900000000000006,30.150000000000002,43.475
2026-04-23 10:00:00,83.6,41.1,9,970.2,5.1,100,0.0,10,3,4,61.5,46.7,23.6,12.0,46.3,72.6,45.86666666666667,33.01666666666667,43.17083333333333
2026-04-23 11:00:00,44.5,41.5,9,969.4,13.9,157,0.0,11,3,4,83.6,62.6,32.1,12.0,45.7,77.8,55.866666666666674,38.98333333333334,44.725
2026-04-23 12:00:00,84.9,40.8,8,969.3,13.9,10,0.0,12,3,4,44.5,61.5,48.7,13.8,74.8,54.4,57.93333333333334,41.69166666666667,44.675000000000004
2026-04-23 13:00:00,40.6,39.8,9,969.8,18.2,72,0.0,13,3,4,84.9,83.6,46.7,29.8,68.3,62.3,63.96666666666667,47.616666666666674,45.09583333333333
2026-04-23 14:00:00,34.7,36.8,13,970.8,19.3,148,0.0,14,3,4,40.6,44.5,62.6,33.7,49.4,63.6,62.95000000000001,48.51666666666667,43.94166666666667
2026-04-23 15:00:00,56.8,35.5,14,971.0,10.8,170,0.0,15,3,4,34.7,84.9,61.5,19.7,74.6,85.5,58.300000000000004,48.6,43.32916666666667
2026-04-23 16:00:00,66.2,33.8,17,972.0,1.5,346,0.0,16,3,4,56.8,40.6,83.6,23.6,77.3,77.4,57.51666666666667,51.69166666666666,42.587500000000006
2026-04-23 17:00:00,62.7,33.7,16,972.4,5.1,293,0.0,17,3,4,66.2,34.7,44.5,32.1,71.7,12.2,54.61666666666667,55.24166666666667,42.125
2026-04-23 18:00:00,65.6,33.5,19,971.9,0.4,297,0.0,18,3,4,62.7,56.8,84.9,48.7,49.7,14.2,57.650000000000006,57.79166666666668,41.75
2026-04-23 19:00:00,58.8,32.6,18,971.2,2.9,277,0.0,19,3,4,65.6,66.2,40.6,46.7,25.2,40.6,54.43333333333334,59.199999999999996,42.4125
2026-04-23 20:00:00,32.0,31.8,19,971.0,9.9,238,0.0,20,3,4,58.8,62.7,34.7,62.6,29.8,21.8,57.46666666666666,60.208333333333336,43.8125
2026-04-23 21:00:00,12.0,30.7,21,970.9,6.4,248,0.0,21,3,4,32.0,65.6,56.8,61.5,27.1,32.5,57.01666666666667,57.65833333333334,43.90416666666667
2026-04-23 22:00:00,12.0,30.1,22,970.9,8.3,268,0.0,22,3,4,12.0,58.8,66.2,83.6,12.0,19.7,49.54999999999999,53.53333333333334,43.275000000000006
2026-04-23 23:00:00,12.0,29.6,23,971.4,10.7,284,0.0,23,3,4,12.0,32.0,62.7,44.5,12.0,12.0,40.516666666666666,47.56666666666667,43.275000000000006
2026-04-24 00:00:00,12.0,29.0,28,971.3,8.7,288,0.0,0,4,4,12.0,12.0,65.6,84.9,13.8,12.0,32.06666666666666,44.85833333333334,43.275000000000006
2026-04-24 01:00:00,12.0,29.7,27,972.2,6.7,284,0.0,1,4,4,12.0,12.0,58.8,40.6,29.8,12.0,23.133333333333336,38.78333333333333,43.199999999999996
2026-04-24 02:00:00,16.3,31.9,24,973.6,4.8,312,0.0,2,4,4,12.0,12.0,32.0,34.7,33.7,12.0,15.333333333333334,36.4,42.458333333333336
2026-04-24 03:00:00,20.2,34.4,21,974.3,5.9,337,0.0,3,4,4,16.3,12.0,12.0,56.8,19.7,19.1,12.716666666666667,34.86666666666667,41.733333333333334
2026-04-24 04:00:00,41.8,37.2,17,974.7,6.0,16,0.0,4,4,4,20.2,12.0,12.0,66.2,23.6,22.1,14.083333333333334,31.816666666666663,41.75416666666667
2026-04-24 05:00:00,16.7,39.4,15,974.1,8.1,31,0.0,5,4,4,41.8,16.3,12.0,62.7,32.1,51.9,19.05,29.78333333333333,42.512499999999996
2026-04-24 06:00:00,81.2,40.7,12,973.6,8.0,27,0.0,6,4,4,16.7,20.2,12.0,65.6,48.7,53.5,19.833333333333332,25.95,41.87083333333333
2026-04-24 07:00:00,56.9,42.2,11,972.8,5.8,20,0.0,7,4,4,81.2,41.8,12.0,58.8,46.7,70.4,31.366666666666664,27.25,43.225
2026-04-24 08:00:00,101.8,42.8,10,971.6,4.5,37,0.0,8,4,4,56.9,16.7,16.3,32.0,62.6,63.4,38.85,27.09166666666667,43.65
2026-04-24 09:00:00,76.9,42.8,10,970.6,4.0,10,0.0,9,4,4,101.8,81.2,20.2,12.0,61.5,68.8,53.1,32.90833333333334,45.28333333333333
2026-04-24 10:00:00,65.1,42.3,11,970.0,6.3,340,0.0,10,4,4,76.9,56.9,41.8,12.0,83.6,46.3,62.550000000000004,38.31666666666666,45.925000000000004
2026-04-24 11:00:00,88.3,42.0,11,969.6,8.1,336,0.0,11,4,4,65.1,101.8,16.7,12.0,44.5,45.7,66.43333333333334,42.74166666666667,45.15416666666667
2026-04-24 12:00:00,88.3,41.0,11,969.6,2.2,215,0.0,12,4,4,88.3,76.9,81.2,12.0,84.9,74.8,78.36666666666666,49.099999999999994,46.979166666666664
2026-04-24 13:00:00,93.3,39.5,13,970.0,2.2,194,0.0,13,4,4,88.3,65.1,56.9,12.0,40.6,68.3,79.55,55.458333333333336,47.12083333333334
2026-04-24 14:00:00,83.4,37.7,15,970.9,2.7,212,0.0,14,4,4,93.3,88.3,101.8,16.3,34.7,49.4,85.61666666666666,62.23333333333333,49.31666666666667
2026-04-24 15:00:00,68.4,36.6,15,971.7,5.2,176,0.0,15,4,4,83.4,88.3,76.9,20.2,56.8,74.6,82.55,67.825,51.34583333333333
2026-04-24 16:00:00,88.4,36.0,16,972.4,4.3,294,0.0,16,4,4,68.4,93.3,65.1,41.8,66.2,77.3,81.13333333333334,71.84166666666667,51.82916666666667
2026-04-24 17:00:00,36.9,35.5,17,972.6,10.6,300,0.0,17,4,4,88.4,83.4,88.3,16.7,62.7,71.7,85.01666666666667,75.72500000000001,52.75416666666667
2026-04-24 18:00:00,38.3,34.5,18,972.3,7.5,260,0.0,18,4,4,36.9,68.4,88.3,81.2,65.6,49.7,76.45,77.40833333333333,51.67916666666667
2026-04-24 19:00:00,33.2,33.9,19,971.8,7.4,266,0.0,19,4,4,38.3,88.4,93.3,56.9,58.8,25.2,68.11666666666666,73.83333333333333,50.541666666666664
2026-04-24 20:00:00,46.6,32.3,21,971.4,8.8,287,0.0,20,4,4,33.2,36.9,83.4,101.8,32.0,29.8,58.1,71.85833333333333,49.474999999999994
2026-04-24 21:00:00,41.4,31.3,24,971.0,6.2,285,0.0,21,4,4,46.6,38.3,68.4,76.9,12.0,27.1,51.96666666666667,67.25833333333334,50.08333333333334
2026-04-24 22:00:00,12.0,30.1,27,971.1,6.8,328,0.0,22,4,4,41.4,33.2,88.4,65.1,12.0,12.0,47.46666666666667,64.3,51.30833333333333
2026-04-24 23:00:00,12.0,29.6,27,971.9,7.1,300,0.0,23,4,4,12.0,46.6,36.9,88.3,12.0,12.0,34.733333333333334,59.875,51.30833333333334
2026-04-25 00:00:00,23.5,29.3,28,971.9,6.4,299,0.0,0,5,4,12.0,41.4,38.3,88.3,12.0,13.8,30.583333333333332,53.51666666666667,51.30833333333334
2026-04-25 01:00:00,33.6,30.1,27,972.7,6.1,298,0.0,1,5,4,23.5,12.0,33.2,93.3,12.0,29.8,28.116666666666664,48.11666666666667,51.7875
2026-04-25 02:00:00,29.8,32.3,24,973.6,2.9,274,0.0,2,5,4,33.6,12.0,46.6,83.4,16.3,33.7,28.183333333333337,43.14166666666667,52.68750000000001
2026-04-25 03:00:00,57.8,35.2,20,974.7,3.0,65,0.0,3,5,4,29.8,23.5,41.4,68.4,20.2,19.7,25.383333333333336,38.675000000000004,53.25
2026-04-25 04:00:00,33.1,37.5,16,975.2,5.2,44,0.0,4,5,4,57.8,33.6,12.0,88.4,41.8,23.6,28.116666666666664,37.791666666666664,54.81666666666667
2026-04-25 05:00:00,42.2,39.8,13,975.0,5.7,81,0.0,5,5,4,33.1,29.8,12.0,36.9,16.7,32.1,31.63333333333333,33.18333333333333,54.45416666666666
2026-04-25 06:00:00,39.6,41.2,11,974.6,4.2,59,0.0,6,5,4,42.2,57.8,23.5,38.3,81.2,48.7,36.666666666666664,33.625,55.51666666666667
2026-04-25 07:00:00,66.3,42.8,9,973.7,3.2,19,0.0,7,5,4,39.6,33.1,33.6,33.2,56.9,46.7,39.35,33.733333333333334,53.78333333333334
2026-04-25 08:00:00,71.5,43.3,9,972.5,2.8,320,0.0,8,5,4,66.3,42.2,29.8,46.6,101.8,62.6,44.800000000000004,36.49166666666667,54.175000000000004
2026-04-25 09:00:00,63.1,43.5,8,971.4,4.6,283,0.0,9,5,4,71.5,39.6,57.8,41.4,76.9,61.5,51.75,38.56666666666666,52.9125
2026-04-25 10:00:00,76.2,43.4,8,970.5,7.0,252,0.0,10,5,4,63.1,66.3,33.1,12.0,65.1,83.6,52.63333333333333,40.375,52.3375
2026-04-25 11:00:00,90.9,43.2,8,969.8,10.5,221,0.0,11,5,4,76.2,71.5,42.2,12.0,88.3,44.5,59.81666666666666,45.725,52.800000000000004
2026-04-25 12:00:00,62.4,42.1,9,969.6,8.1,168,0.0,12,5,4,90.9,63.1,39.6,23.5,88.3,84.9,67.93333333333334,52.300000000000004,52.90833333333334
2026-04-25 13:00:00,78.2,40.3,11,969.9,6.0,153,0.0,13,5,4,62.4,76.2,66.3,33.6,93.3,40.6,71.73333333333333,55.541666666666664,51.82916666666666
2026-04-25 14:00:00,69.2,38.3,13,971.1,10.8,170,0.0,14,5,4,78.2,90.9,71.5,29.8,83.4,34.7,73.71666666666667,59.25833333333333,51.199999999999996
2026-04-25 15:00:00,58.9,37.1,15,971.7,8.8,192,0.0,15,5,4,69.2,62.4,63.1,57.8,68.4,56.8,73.33333333333333,62.541666666666664,50.60833333333334
2026-04-25 16:00:00,60.1,35.9,17,972.8,8.3,288,0.0,16,5,4,58.9,78.2,76.2,33.1,88.4,66.2,72.63333333333334,62.63333333333333,50.2125
2026-04-25 17:00:00,68.9,35.5,18,972.8,3.4,295,0.0,17,5,4,60.1,69.2,90.9,42.2,36.9,62.7,69.95,64.88333333333334,49.03333333333333
2026-04-25 18:00:00,34.0,34.8,19,972.6,10.7,215,0.0,18,5,4,68.9,58.9,62.4,39.6,38.3,65.6,66.28333333333333,67.10833333333333,50.36666666666667
2026-04-25 19:00:00,14.2,33.5,21,971.9,12.1,228,0.0,19,5,4,34.0,60.1,78.2,66.3,33.2,58.8,61.550000000000004,66.64166666666667,50.1875
2026-04-25 20:00:00,12.0,33.7,20,971.6,13.0,236,0.0,20,5,4,14.2,68.9,69.2,71.5,46.6,32.0,50.88333333333333,62.300000000000004,49.395833333333336
2026-04-25 21:00:00,12.0,32.9,21,971.0,12.1,232,0.0,21,5,4,12.0,34.0,58.9,63.1,41.4,12.0,41.35,57.34166666666667,47.95416666666666
2026-04-25 22:00:00,12.0,32.4,23,970.7,13.5,228,0.0,22,5,4,12.0,14.2,60.1,76.2,12.0,12.0,33.53333333333334,53.083333333333336,46.729166666666664
2026-04-25 23:00:00,12.0,32.0,25,970.5,13.6,214,0.0,23,5,4,12.0,12.0,68.9,90.9,12.0,12.0,25.51666666666667,47.73333333333333,46.729166666666664
2026-04-26 00:00:00,12.0,30.2,31,971.2,9.8,257,0.0,0,6,4,12.0,12.0,34.0,62.4,23.5,12.0,16.033333333333335,41.15833333333333,46.729166666666664
2026-04-26 01:00:00,34.3,30.6,30,971.9,4.8,222,0.0,1,6,4,12.0,12.0,14.2,78.2,33.6,12.0,12.366666666666667,36.958333333333336,46.25
2026-04-26 02:00:00,12.0,32.2,27,973.1,3.8,199,0.0,2,6,4,34.3,12.0,12.0,69.2,29.8,16.3,15.716666666666667,33.3,46.27916666666666
2026-04-26 03:00:00,51.1,35.0,21,973.7,5.2,226,0.0,3,6,4,12.0,12.0,12.0,58.9,57.8,20.2,15.716666666666667,28.53333333333333,45.537499999999994
2026-04-26 04:00:00,43.6,38.1,16,973.8,6.1,247,0.0,4,6,4,51.1,34.3,12.0,60.1,33.1,41.8,22.233333333333334,27.883333333333336,45.25833333333333
2026-04-26 05:00:00,43.0,40.9,14,973.6,5.8,261,0.0,5,6,4,43.6,12.0,12.0,68.9,42.2,16.7,27.5,26.508333333333336,45.69583333333333
2026-04-26 06:00:00,55.5,42.1,12,972.5,4.9,266,0.0,6,6,4,43.0,51.1,12.0,34.0,39.6,81.2,32.666666666666664,24.350000000000005,45.729166666666664
2026-04-26 07:00:00,51.5,43.9,10,971.6,4.5,268,0.0,7,6,4,55.5,43.6,34.3,14.2,66.3,56.9,39.916666666666664,26.14166666666667,46.39166666666666
2026-04-26 08:00:00,64.4,44.8,9,970.4,5.4,274,0.0,8,6,4,51.5,43.0,12.0,12.0,71.5,101.8,42.78333333333333,29.25,45.775
2026-04-26 09:00:00,61.6,44.3,9,969.5,10.5,286,0.0,9,6,4,64.4,55.5,51.1,12.0,63.1,76.9,51.51666666666667,33.61666666666667,45.479166666666664
2026-04-26 10:00:00,64.6,43.4,10,968.7,11.6,288,0.0,10,6,4,61.6,51.5,43.6,12.0,76.2,65.1,53.26666666666667,37.75000000000001,45.416666666666664
2026-04-26 11:00:00,81.5,42.7,10,968.2,8.0,298,0.0,11,6,4,64.6,64.4,43.0,12.0,90.9,88.3,56.76666666666667,42.13333333333333,44.93333333333334
2026-04-26 12:00:00,80.3,43.0,9,967.6,4.4,263,0.0,12,6,4,81.5,61.6,55.5,12.0,62.4,88.3,63.18333333333334,47.925000000000004,44.541666666666664
2026-04-26 13:00:00,77.7,41.7,10,968.0,7.3,210,0.0,13,6,4,80.3,64.6,51.5,34.3,78.2,93.3,67.31666666666666,53.61666666666667,45.2875
2026-04-26 14:00:00,41.1,39.4,13,968.8,12.6,200,0.0,14,6,4,77.7,81.5,64.4,12.0,69.2,83.4,71.68333333333334,57.23333333333333,45.26666666666667
2026-04-26 15:00:00,63.6,37.0,16,969.4,9.5,194,0.0,15,6,4,41.1,80.3,61.6,51.1,58.9,68.4,67.8,59.65833333333333,44.09583333333333
2026-04-26 16:00:00,91.2,35.5,18,970.0,3.8,101,0.0,16,6,4,63.6,77.7,64.6,43.6,60.1,88.4,68.13333333333334,60.70000000000001,44.291666666666664
2026-04-26 17:00:00,35.1,34.7,20,970.5,5.3,108,0.0,17,6,4,91.2,41.1,81.5,43.0,68.9,36.9,72.56666666666668,64.66666666666667,45.5875
2026-04-26 18:00:00,56.8,35.2,19,970.0,4.5,143,0.0,18,6,4,35.1,63.6,80.3,55.5,34.0,38.3,64.83333333333333,64.00833333333334,44.179166666666674
2026-04-26 19:00:00,38.3,34.7,19,969.4,6.5,150,0.0,19,6,4,56.8,91.2,77.7,51.5,14.2,33.2,60.916666666666664,64.11666666666666,45.12916666666667
2026-04-26 20:00:00,61.0,33.2,25,968.9,1.9,119,0.0,20,6,4,38.3,35.1,41.1,64.4,12.0,46.6,54.349999999999994,63.01666666666667,46.13333333333333
2026-04-26 21:00:00,54.6,32.3,24,968.8,3.2,117,0.0,21,6,4,61.0,56.8,63.6,61.6,12.0,41.4,57.666666666666664,62.73333333333333,48.175000000000004
2026-04-26 22:00:00,20.8,31.3,26,968.5,5.0,88,0.0,22,6,4,54.6,38.3,91.2,64.6,12.0,12.0,56.166666666666664,62.150000000000006,49.949999999999996
2026-04-26 23:00:00,12.0,30.8,27,968.6,6.1,124,0.0,23,6,4,20.8,61.0,35.1,81.5,12.0,12.0,44.43333333333334,58.5,50.31666666666667
2026-04-27 00:00:00,12.0,30.2,36,969.3,9.9,161,0.0,0,0,4,12.0,54.6,56.8,80.3,12.0,23.5,40.583333333333336,52.708333333333336,50.31666666666667
2026-04-27 01:00:00,12.0,30.8,37,969.9,10.4,165,0.0,1,0,4,12.0,20.8,38.3,77.7,34.3,33.6,33.11666666666667,47.01666666666667,50.31666666666667
2026-04-27 02:00:00,21.6,32.5,35,971.1,6.5,204,0.0,2,0,4,12.0,12.0,61.0,41.1,12.0,29.8,28.733333333333334,41.541666666666664,49.38750000000001
2026-04-27 03:00:00,19.9,34.8,29,971.8,5.9,230,0.0,3,0,4,21.6,12.0,54.6,63.6,51.1,57.8,22.166666666666668,39.916666666666664,49.7875
2026-04-27 04:00:00,23.6,37.7,23,971.9,4.0,238,0.0,4,0,4,19.9,12.0,20.8,91.2,43.6,33.1,16.383333333333333,36.275,48.487500000000004
2026-04-27 05:00:00,38.1,40.2,18,971.7,5.7,311,0.0,5,0,4,23.6,21.6,12.0,35.1,43.0,42.2,16.85,30.64166666666667,47.65416666666667
2026-04-27 06:00:00,56.3,41.2,15,971.0,8.0,344,0.0,6,0,4,38.1,19.9,12.0,56.8,55.5,39.6,21.2,30.891666666666666,47.449999999999996
2026-04-27 07:00:00,64.2,42.8,12,970.5,8.6,338,0.0,7,0,4,56.3,23.6,12.0,38.3,51.5,66.3,28.583333333333332,30.849999999999998,47.48333333333334
2026-04-27 08:00:00,80.7,43.3,12,969.3,8.2,341,0.0,8,0,4,64.2,38.1,21.6,61.0,64.4,71.5,37.28333333333333,33.00833333333333,48.012499999999996
2026-04-27 09:00:00,70.5,43.5,11,968.2,9.0,340,0.0,9,0,4,80.7,56.3,19.9,54.6,61.6,63.1,47.13333333333333,34.65,48.69166666666666
2026-04-27 10:00:00,65.5,43.7,11,967.2,10.2,316,0.0,10,0,4,70.5,64.2,23.6,20.8,64.6,76.2,55.56666666666666,35.975,49.0625
2026-04-27 11:00:00,50.7,43.0,11,966.9,13.8,294,0.0,11,0,4,65.5,80.7,38.1,12.0,81.5,90.9,62.550000000000004,39.699999999999996,49.099999999999994
2026-04-27 12:00:00,84.5,42.4,12,966.4,9.7,304,0.0,12,0,4,50.7,70.5,56.3,12.0,80.3,62.4,64.64999999999999,42.925000000000004,47.81666666666666
2026-04-27 13:00:00,67.7,41.0,13,967.1,7.6,288,0.0,13,0,4,84.5,65.5,64.2,12.0,77.7,78.2,69.35000000000001,48.96666666666667,47.99166666666667
2026-04-27 14:00:00,102.7,39.6,14,967.9,4.0,297,0.0,14,0,4,67.7,50.7,80.7,21.6,41.1,69.2,69.93333333333334,53.60833333333333,47.574999999999996
2026-04-27 15:00:00,85.1,38.8,15,968.6,7.4,342,0.0,15,0,4,102.7,84.5,70.5,19.9,63.6,58.9,73.60000000000001,60.36666666666667,50.14166666666667
2026-04-27 16:00:00,64.5,38.0,14,969.0,6.5,24,0.0,16,0,4,85.1,67.7,65.5,23.6,91.2,60.1,76.03333333333333,65.8,51.0375
2026-04-27 17:00:00,67.8,36.1,17,969.1,1.0,149,0.0,17,0,4,64.5,102.7,50.7,38.1,35.1,68.9,75.86666666666666,69.20833333333333,49.925000000000004
2026-04-27 18:00:00,30.6,35.2,22,969.1,7.4,158,0.0,18,0,4,67.8,85.1,84.5,56.3,56.8,34.0,78.71666666666667,71.68333333333332,51.287499999999994
2026-04-27 19:00:00,63.8,33.7,24,969.3,1.4,360,0.0,19,0,4,30.6,64.5,67.7,64.2,38.3,14.2,69.73333333333333,69.54166666666667,50.19583333333333
2026-04-27 20:00:00,28.7,33.2,24,969.1,6.6,49,0.0,20,0,4,63.8,67.8,102.7,80.7,61.0,12.0,69.08333333333333,69.50833333333333,51.25833333333333
2026-04-27 21:00:00,22.9,33.2,24,969.1,5.1,32,0.0,21,0,4,28.7,30.6,85.1,70.5,54.6,12.0,56.75,65.175,49.9125
2026-04-27 22:00:00,12.0,32.5,25,969.0,7.7,139,0.0,22,0,4,22.9,63.8,64.5,65.5,20.8,12.0,46.38333333333333,61.208333333333336,48.59166666666667
2026-04-27 23:00:00,26.1,31.6,26,969.0,7.2,166,0.0,23,0,4,12.0,28.7,67.8,50.7,12.0,12.0,37.63333333333333,56.75,48.224999999999994
2026-04-28 00:00:00,12.0,30.7,36,969.7,6.4,45,0.0,0,1,4,26.1,22.9,30.6,84.5,12.0,12.0,30.683333333333334,54.699999999999996,48.8125
2026-04-28 01:00:00,45.1,30.7,37,970.8,4.0,355,0.0,1,1,4,12.0,12.0,63.8,67.7,12.0,34.3,27.583333333333332,48.65833333333333,48.8125
2026-04-28 02:00:00,47.2,32.3,34,971.9,3.8,19,0.0,2,1,4,45.1,26.1,28.7,102.7,21.6,12.0,24.46666666666667,46.775000000000006,50.19166666666666
2026-04-28 03:00:00,17.8,34.4,31,972.3,1.4,130,0.0,3,1,4,47.2,12.0,22.9,85.1,19.9,51.1,27.55,42.15,51.25833333333333
2026-04-28 04:00:00,65.1,36.7,28,972.7,2.8,243,0.0,4,1,4,17.8,45.1,12.0,64.5,23.6,43.6,26.700000000000003,36.541666666666664,51.17083333333333
2026-04-28 05:00:00,53.9,39.2,20,972.7,6.9,303,0.0,5,1,4,65.1,47.2,26.1,67.8,38.1,43.0,35.550000000000004,36.59166666666666,52.9
2026-04-28 06:00:00,49.9,40.2,17,971.8,9.6,327,0.0,6,1,4,53.9,17.8,12.0,30.6,56.3,55.5,40.18333333333333,35.43333333333333,53.55833333333334
2026-04-28 07:00:00,25.7,42.4,11,971.0,10.0,319,0.0,7,1,4,49.9,65.1,45.1,63.8,64.2,51.5,46.5,37.041666666666664,53.291666666666664
2026-04-28 08:00:00,46.7,43.0,11,969.5,13.6,301,0.0,8,1,4,25.7,53.9,47.2,28.7,80.7,64.4,43.26666666666666,33.86666666666667,51.6875
2026-04-28 09:00:00,45.4,43.6,10,968.3,14.3,293,0.0,9,1,4,46.7,49.9,17.8,22.9,70.5,61.6,43.18333333333334,35.36666666666667,50.270833333333336
2026-04-28 10:00:00,14.0,42.8,11,967.2,21.1,287,0.0,10,1,4,45.4,25.7,65.1,12.0,65.5,64.6,47.78333333333333,37.24166666666667,49.225
2026-04-28 11:00:00,71.6,41.7,13,966.9,18.9,291,0.0,11,1,4,14.0,46.7,53.9,26.1,50.7,81.5,39.26666666666667,37.40833333333334,47.07916666666667
2026-04-28 12:00:00,50.8,41.2,13,967.0,16.1,307,0.0,12,1,4,71.6,45.4,49.9,12.0,84.5,80.3,42.21666666666667,41.199999999999996,47.949999999999996
2026-04-28 13:00:00,69.6,40.1,14,967.2,11.4,335,0.0,13,1,4,50.8,14.0,25.7,45.1,67.7,77.7,42.36666666666667,44.43333333333334,46.54583333333333
2026-04-28 14:00:00,61.3,39.3,14,968.1,11.6,317,0.0,14,1,4,69.6,71.6,46.7,47.2,102.7,41.1,49.68333333333334,46.474999999999994,46.625
2026-04-28 15:00:00,71.6,38.0,15,968.8,9.0,285,0.0,15,1,4,61.3,50.8,45.4,17.8,85.1,63.6,52.11666666666667,47.65,44.9
2026-04-28 16:00:00,47.8,36.9,18,969.6,8.4,312,0.0,16,1,4,71.6,69.6,14.0,65.1,64.5,91.2,56.48333333333333,52.13333333333333,44.3375
2026-04-28 17:00:00,52.6,35.8,19,969.9,5.8,321,0.0,17,1,4,47.8,61.3,71.6,53.9,67.8,35.1,62.11666666666667,50.69166666666666,43.64166666666667
2026-04-28 18:00:00,13.3,34.5,20,969.9,10.5,303,0.0,18,1,4,52.6,71.6,50.8,49.9,30.6,56.8,58.949999999999996,50.583333333333336,43.00833333333333
2026-04-28 19:00:00,41.1,33.6,20,969.6,8.4,263,0.0,19,1,4,13.3,47.8,69.6,25.7,63.8,38.3,52.699999999999996,47.53333333333333,42.2875
2026-04-28 20:00:00,46.7,32.6,21,969.1,7.0,273,0.0,20,1,4,41.1,52.6,61.3,46.7,28.7,61.0,47.949999999999996,48.81666666666666,41.34166666666666
2026-04-28 21:00:00,29.3,31.3,26,969.1,0.7,166,0.0,21,1,4,46.7,13.3,71.6,45.4,22.9,54.6,45.51666666666667,48.81666666666666,42.09166666666667
2026-04-28 22:00:00,18.1,30.0,28,969.4,9.1,166,0.0,22,1,4,29.3,41.1,47.8,14.0,12.0,20.8,38.46666666666667,47.474999999999994,42.358333333333334
2026-04-28 23:00:00,18.0,29.5,30,969.4,6.9,231,0.0,23,1,4,18.1,46.7,52.6,71.6,26.1,12.0,33.516666666666666,47.81666666666666,42.612500000000004
2026-04-29 00:00:00,25.4,29.4,33,969.2,7.6,232,0.0,0,2,4,18.0,29.3,13.3,50.8,12.0,12.0,27.75,43.349999999999994,42.275
2026-04-29 01:00:00,20.6,30.3,31,970.3,7.1,218,0.0,1,2,4,25.4,18.1,41.1,69.6,45.1,12.0,29.76666666666667,41.233333333333334,42.833333333333336
2026-04-29 02:00:00,40.9,32.6,27,971.3,4.6,216,0.0,2,2,4,20.6,18.0,46.7,61.3,47.2,21.6,26.349999999999998,37.15,41.8125
2026-04-29 03:00:00,31.4,35.9,19,972.1,7.1,249,0.0,3,2,4,40.9,25.4,29.3,71.6,17.8,19.9,25.383333333333336,35.45,41.55
2026-04-29 04:00:00,12.0,38.0,16,972.8,10.3,285,0.0,4,2,4,31.4,20.6,18.1,47.8,65.1,23.6,25.733333333333334,32.1,42.11666666666667
2026-04-29 05:00:00,33.8,39.6,14,972.7,10.3,303,0.0,5,2,4,12.0,40.9,18.0,52.6,53.9,38.1,24.71666666666667,29.116666666666664,39.90416666666666
2026-04-29 06:00:00,21.3,40.7,13,971.7,10.3,283,0.0,6,2,4,33.8,31.4,25.4,13.3,49.9,56.3,27.349999999999998,27.55,39.06666666666667
2026-04-29 07:00:00,31.4,42.0,11,970.8,13.5,274,0.0,7,2,4,21.3,12.0,20.6,41.1,25.7,64.2,26.666666666666668,28.21666666666667,37.875
2026-04-29 08:00:00,12.0,42.3,11,969.6,18.6,275,0.0,8,2,4,31.4,33.8,40.9,46.7,46.7,80.7,28.46666666666667,27.40833333333333,38.1125
2026-04-29 09:00:00,16.0,42.1,11,968.3,22.0,270,0.0,9,2,4,12.0,21.3,31.4,29.3,45.4,70.5,23.650000000000002,24.516666666666666,36.666666666666664
2026-04-29 10:00:00,25.1,42.5,11,967.5,21.0,256,0.0,10,2,4,16.0,31.4,12.0,18.1,14.0,65.5,21.083333333333332,23.40833333333333,35.44166666666666
2026-04-29 11:00:00,14.3,41.3,11,967.2,24.8,254,0.0,11,2,4,25.1,12.0,33.8,18.0,71.6,50.7,23.266666666666666,23.99166666666667,35.90416666666666
2026-04-29 12:00:00,44.6,41.3,11,966.4,21.7,249,0.0,12,2,4,14.3,16.0,21.3,25.4,50.8,84.5,20.016666666666666,23.683333333333337,33.51666666666666
2026-04-29 13:00:00,68.1,39.6,13,966.9,15.7,237,0.0,13,2,4,44.6,25.1,31.4,20.6,69.6,67.7,23.900000000000002,25.28333333333333,33.25833333333333
2026-04-29 14:00:00,47.4,38.4,12,967.6,16.3,249,0.0,14,2,4,68.1,14.3,12.0,40.9,61.3,102.7,30.01666666666667,29.241666666666664,33.19583333333333
2026-04-29 15:00:00,52.8,37.0,14,968.7,15.6,284,0.0,15,2,4,47.4,44.6,16.0,31.4,71.6,85.1,35.916666666666664,29.78333333333333,32.61666666666667
2026-04-29 16:00:00,61.1,35.7,16,969.3,12.3,285,0.0,16,2,4,52.8,68.1,25.1,12.0,47.8,64.5,42.050000000000004,31.566666666666666,31.833333333333332
2026-04-29 17:00:00,40.4,34.8,16,969.4,12.2,284,0.0,17,2,4,61.1,47.4,14.3,33.8,52.6,67.8,48.050000000000004,35.65833333333333,32.387499999999996
2026-04-29 18:00:00,14.3,33.5,19,969.1,12.1,274,0.0,18,2,4,40.4,52.8,44.6,21.3,13.3,30.6,52.4,36.208333333333336,31.879166666666666
2026-04-29 19:00:00,29.3,33.0,19,968.8,14.2,286,0.0,19,2,4,14.3,61.1,68.1,31.4,41.1,63.8,47.349999999999994,35.62499999999999,31.920833333333334
2026-04-29 20:00:00,25.2,32.7,20,969.0,14.3,298,0.0,20,2,4,29.3,40.4,47.4,12.0,46.7,28.7,40.88333333333333,35.449999999999996,31.429166666666664
2026-04-29 21:00:00,12.0,31.7,22,969.3,11.3,316,0.0,21,2,4,25.2,14.3,52.8,16.0,29.3,22.9,37.18333333333333,36.55,30.53333333333333
2026-04-29 22:00:00,20.4,30.8,25,969.4,9.4,317,0.0,22,2,4,12.0,29.3,61.1,25.1,18.1,12.0,30.383333333333336,36.21666666666666,29.8125
2026-04-29 23:00:00,12.0,30.2,27,969.7,10.3,313,0.0,23,2,4,20.4,25.2,40.4,14.3,18.0,26.1,23.600000000000005,35.824999999999996,29.90833333333333
2026-04-30 00:00:00,12.0,30.9,27,969.8,11.1,309,0.0,0,3,4,12.0,12.0,14.3,44.6,25.4,12.0,18.866666666666667,35.63333333333333,29.65833333333333
2026-04-30 01:00:00,19.1,31.0,27,971.0,8.9,304,0.0,1,3,4,12.0,20.4,29.3,68.1,20.6,45.1,18.483333333333334,32.916666666666664,29.099999999999998
2026-04-30 02:00:00,29.9,32.4,26,972.2,2.7,208,0.0,2,3,4,19.1,12.0,25.2,47.4,40.9,47.2,16.783333333333335,28.83333333333333,29.037499999999998
2026-04-30 03:00:00,48.6,34.0,24,972.9,4.0,201,0.0,3,3,4,29.9,12.0,12.0,52.8,31.4,17.8,17.566666666666666,27.375,28.579166666666666
2026-04-30 04:00:00,45.4,35.9,21,973.4,6.2,248,0.0,4,3,4,48.6,19.1,20.4,61.1,12.0,65.1,23.666666666666668,27.024999999999995,29.295833333333334
2026-04-30 05:00:00,40.3,38.4,18,973.1,8.8,265,0.0,5,3,4,45.4,29.9,12.0,40.4,33.8,53.9,27.83333333333334,25.71666666666667,30.6875
2026-04-30 06:00:00,34.6,39.8,17,972.1,10.6,260,0.0,6,3,4,40.3,48.6,12.0,14.3,21.3,49.9,32.550000000000004,25.708333333333332,30.958333333333332
2026-04-30 07:00:00,44.1,40.8,15,971.2,13.7,268,0.0,7,3,4,34.6,45.4,19.1,29.3,31.4,25.7,36.31666666666667,27.400000000000002,31.5125
2026-04-30 08:00:00,31.8,41.2,13,970.1,17.0,280,0.0,8,3,4,44.1,40.3,29.9,25.2,12.0,46.7,40.48333333333334,28.633333333333336,32.041666666666664
2026-04-30 09:00:00,47.1,41.0,13,969.0,19.5,280,0.0,9,3,4,31.8,34.6,48.6,12.0,16.0,45.4,40.800000000000004,29.183333333333337,32.86666666666667
2026-04-30 10:00:00,39.3,40.7,13,968.3,21.4,270,0.0,10,3,4,47.1,44.1,45.4,20.4,25.1,14.0,40.550000000000004,32.108333333333334,34.1625
2026-04-30 11:00:00,22.5,40.3,13,967.4,21.6,274,0.0,11,3,4,39.3,31.8,40.3,12.0,14.3,71.6,39.53333333333334,33.68333333333333,34.75416666666667
2026-04-30 12:00:00,52.2,40.6,13,966.6,19.3,256,0.0,12,3,4,22.5,47.1,34.6,12.0,44.6,50.8,36.56666666666667,34.55833333333333,35.09583333333333
2026-04-30 13:00:00,29.9,39.7,13,967.6,17.5,271,0.0,13,3,4,52.2,39.3,44.1,19.1,68.1,69.6,39.5,37.90833333333333,35.4125
2026-04-30 14:00:00,48.5,37.9,15,968.3,13.8,287,0.0,14,3,4,29.9,22.5,31.8,29.9,47.4,61.3,37.13333333333333,38.80833333333334,33.82083333333333
2026-04-30 15:00:00,51.1,36.4,16,969.3,11.6,283,0.0,15,3,4,48.5,52.2,47.1,48.6,52.8,71.6,39.916666666666664,40.358333333333334,33.86666666666667
2026-04-30 16:00:00,41.9,35.4,17,970.7,13.1,279,0.0,16,3,4,51.1,29.9,39.3,45.4,61.1,47.8,40.583333333333336,40.56666666666667,33.79583333333333
2026-04-30 17:00:00,45.8,34.5,18,971.3,9.8,305,0.0,17,3,4,41.9,48.5,22.5,40.3,40.4,52.6,41.016666666666666,40.275,32.99583333333334
2026-04-30 18:00:00,70.7,33.3,20,970.6,7.3,314,0.0,18,3,4,45.8,51.1,52.2,34.6,14.3,13.3,44.900000000000006,40.73333333333333,33.22083333333333
2026-04-30 19:00:00,21.9,32.3,22,970.5,8.4,345,0.0,19,3,4,70.7,41.9,29.9,44.1,29.3,41.1,47.98333333333333,43.74166666666667,35.57083333333333
2026-04-30 20:00:00,22.8,31.2,24,970.3,8.1,24,0.0,20,3,4,21.9,45.8,48.5,31.8,25.2,46.7,46.650000000000006,41.891666666666666,35.2625
2026-04-30 21:00:00,16.3,30.0,29,970.0,1.9,34,0.0,21,3,4,22.8,70.7,51.1,47.1,12.0,29.3,42.36666666666667,41.141666666666666,35.1625
2026-04-30 22:00:00,16.6,29.3,29,970.2,2.7,122,0.0,22,3,4,16.3,21.9,41.9,39.3,20.4,18.1,36.56666666666667,38.574999999999996,35.34166666666667
2026-04-30 23:00:00,13.4,28.7,32,970.7,8.5,126,0.0,23,3,4,16.6,22.8,45.8,22.5,12.0,18.0,32.35,36.68333333333333,35.18333333333333
2026-05-01 00:00:00,21.7,27.8,43,970.9,8.2,109,0.0,0,4,5,13.4,16.3,70.7,52.2,12.0,25.4,26.950000000000003,35.925000000000004,35.24166666666667
2026-05-01 01:00:00,33.0,28.2,42,971.7,3.7,166,0.0,1,4,5,21.7,16.6,21.9,29.9,19.1,20.6,18.783333333333335,33.38333333333333,35.645833333333336
2026-05-01 02:00:00,43.7,30.1,38,972.7,4.1,193,0.0,2,4,5,33.0,13.4,22.8,48.5,29.9,40.9,20.633333333333336,33.641666666666666,36.225
2026-05-01 03:00:00,37.9,32.6,32,973.3,5.2,174,0.0,3,4,5,43.7,21.7,16.3,51.1,48.6,31.4,24.116666666666664,33.24166666666667,36.800000000000004
2026-05-01 04:00:00,25.9,34.8,28,973.7,4.5,178,0.0,4,4,5,37.9,33.0,16.6,41.9,45.4,12.0,27.716666666666665,32.141666666666666,36.354166666666664
2026-05-01 05:00:00,64.4,36.8,23,973.4,1.4,220,0.0,5,4,5,25.9,43.7,13.4,45.8,40.3,33.8,29.266666666666666,30.808333333333334,35.541666666666664
2026-05-01 06:00:00,56.0,37.0,23,972.8,4.1,347,0.0,6,4,5,64.4,37.9,21.7,70.7,34.6,21.3,37.766666666666666,32.358333333333334,36.54583333333333
2026-05-01 07:00:00,77.1,38.9,20,972.1,5.0,316,0.0,7,4,5,56.0,25.9,33.0,21.9,44.1,31.4,43.48333333333333,31.133333333333336,37.4375
2026-05-01 08:00:00,74.0,40.0,17,971.1,6.3,305,0.0,8,4,5,77.1,64.4,43.7,22.8,31.8,12.0,50.833333333333336,35.733333333333334,38.8125
2026-05-01 09:00:00,53.5,40.7,15,969.5,10.1,290,0.0,9,4,5,74.0,56.0,37.9,16.3,47.1,16.0,55.88333333333333,40.0,40.57083333333333
2026-05-01 10:00:00,43.6,40.2,16,968.4,13.4,281,0.0,10,4,5,53.5,77.1,25.9,16.6,39.3,25.1,58.48333333333333,43.1,40.8375
2026-05-01 11:00:00,91.0,39.8,17,967.7,12.7,259,0.0,11,4,5,43.6,74.0,64.4,13.4,22.5,14.3,61.43333333333334,45.35,41.016666666666666
2026-05-01 12:00:00,47.5,39.4,17,967.5,12.5,255,0.0,12,4,5,91.0,53.5,56.0,21.7,52.2,44.6,65.86666666666667,51.81666666666667,43.87083333333334
2026-05-01 13:00:00,46.3,38.3,18,968.2,12.4,260,0.0,13,4,5,47.5,43.6,77.1,33.0,29.9,68.1,64.45,53.96666666666667,43.675000000000004
2026-05-01 14:00:00,55.9,37.1,20,968.9,10.0,244,0.0,14,4,5,46.3,91.0,74.0,43.7,48.5,47.4,59.31666666666666,55.074999999999996,44.35833333333333
2026-05-01 15:00:00,70.7,35.8,22,969.0,3.1,167,0.0,15,4,5,55.9,47.5,53.5,37.9,51.1,52.8,56.300000000000004,56.09166666666667,44.666666666666664
2026-05-01 16:00:00,79.2,34.6,28,969.8,0.9,127,0.0,16,4,5,70.7,46.3,43.6,25.9,41.9,61.1,59.166666666666664,58.824999999999996,45.48333333333334
2026-05-01 17:00:00,74.3,34.0,29,970.3,0.6,146,0.0,17,4,5,79.2,55.9,91.0,64.4,45.8,40.4,65.1,63.26666666666667,47.037499999999994
2026-05-01 18:00:00,74.9,34.4,41,969.4,0.6,162,0.0,18,4,5,74.3,70.7,47.5,56.0,70.7,14.3,62.31666666666667,64.09166666666667,48.225
2026-05-01 19:00:00,54.5,33.1,26,968.9,4.8,241,0.0,19,4,5,74.9,79.2,46.3,77.1,21.9,29.3,66.88333333333333,65.66666666666667,48.4
2026-05-01 20:00:00,51.4,31.7,28,968.7,9.0,235,0.0,20,4,5,54.5,74.3,55.9,74.0,22.8,25.2,68.25,63.78333333333333,49.75833333333333
2026-05-01 21:00:00,12.0,30.7,31,968.6,8.5,238,0.0,21,4,5,51.4,74.9,70.7,53.5,16.3,12.0,67.5,61.9,50.949999999999996
2026-05-01 22:00:00,14.3,30.5,31,968.7,7.8,292,0.0,22,4,5,12.0,54.5,79.2,43.6,16.6,20.4,57.71666666666667,58.44166666666666,50.770833333333336
2026-05-01 23:00:00,12.0,30.1,32,969.0,10.6,289,0.0,23,4,5,14.3,51.4,74.3,91.0,13.4,12.0,46.900000000000006,56.0,50.675000000000004
2026-05-02 00:00:00,12.0,28.4,38,969.3,4.4,243,0.0,0,5,5,12.0,12.0,74.9,47.5,21.7,12.0,36.516666666666666,49.416666666666664,50.61666666666667
2026-05-02 01:00:00,12.0,29.5,36,970.1,6.9,276,0.0,1,5,5,12.0,14.3,54.5,46.3,33.0,19.1,26.03333333333333,46.458333333333336,50.2125
2026-05-02 02:00:00,12.0,32.2,33,971.2,7.2,295,0.0,2,5,5,12.0,12.0,51.4,55.9,43.7,29.9,18.95,43.6,49.3375
2026-05-02 03:00:00,20.2,34.1,35,971.6,11.8,298,0.0,3,5,5,12.0,12.0,12.0,70.7,37.9,48.6,12.383333333333333,39.94166666666667,48.01666666666667
2026-05-02 04:00:00,16.4,36.7,30,972.0,12.1,305,0.0,4,5,5,20.2,12.0,14.3,79.2,25.9,45.4,13.75,35.733333333333334,47.27916666666667
2026-05-02 05:00:00,14.5,39.0,23,971.6,11.8,297,0.0,5,5,5,16.4,12.0,12.0,74.3,64.4,40.3,14.1,30.5,46.883333333333326
2026-05-02 06:00:00,13.6,40.1,17,970.9,10.3,251,0.0,6,5,5,14.5,20.2,12.0,74.9,56.0,34.6,14.516666666666666,25.516666666666666,44.80416666666667
2026-05-02 07:00:00,29.8,41.3,14,969.8,9.3,262,0.0,7,5,5,13.6,16.4,12.0,54.5,77.1,44.1,14.783333333333333,20.408333333333335,43.0375
2026-05-02 08:00:00,38.9,42.0,12,968.7,12.9,289,0.0,8,5,5,29.8,14.5,12.0,51.4,74.0,31.8,17.75,18.349999999999998,41.06666666666667
2026-05-02 09:00:00,55.4,40.4,15,967.8,15.7,292,0.0,9,5,5,38.9,13.6,20.2,12.0,53.5,47.1,22.233333333333334,17.308333333333334,39.604166666666664
2026-05-02 10:00:00,38.9,41.0,14,967.0,13.2,264,0.0,10,5,5,55.4,29.8,16.4,14.3,43.6,39.3,28.099999999999998,20.925,39.68333333333333
2026-05-02 11:00:00,40.5,40.7,13,966.7,17.1,282,0.0,11,5,5,38.9,38.9,14.5,12.0,91.0,22.5,31.849999999999998,22.974999999999998,39.487500000000004
2026-05-02 12:00:00,66.9,40.9,13,965.2,14.9,285,0.0,12,5,5,40.5,55.4,13.6,12.0,47.5,52.2,36.18333333333333,25.349999999999998,37.38333333333333
2026-05-02 13:00:00,45.4,39.9,13,966.4,13.5,270,0.0,13,5,5,66.9,38.9,29.8,12.0,46.3,29.9,45.06666666666666,29.925,38.19166666666667
2026-05-02 14:00:00,12.0,33.0,40,968.8,34.1,357,0.0,14,5,5,45.4,40.5,38.9,12.0,55.9,48.5,47.666666666666664,32.708333333333336,38.15416666666667
2026-05-02 15:00:00,22.0,30.9,43,969.7,12.8,10,0.0,15,5,5,12.0,66.9,55.4,20.2,70.7,51.1,43.18333333333334,32.708333333333336,36.324999999999996
2026-05-02 16:00:00,55.9,31.2,42,970.0,5.4,70,0.0,16,5,5,22.0,45.4,38.9,16.4,79.2,41.9,37.61666666666667,32.858333333333334,34.295833333333334
2026-05-02 17:00:00,49.3,31.0,42,970.0,6.7,126,0.0,17,5,5,55.9,12.0,40.5,14.5,74.3,45.8,40.449999999999996,36.15,33.324999999999996
2026-05-02 18:00:00,59.8,30.5,44,969.4,2.1,75,0.0,18,5,5,49.3,22.0,66.9,13.6,74.9,70.7,41.916666666666664,39.05,32.28333333333334
2026-05-02 19:00:00,25.3,30.0,45,968.9,5.3,315,0.0,19,5,5,59.8,55.9,45.4,29.8,54.5,21.9,40.73333333333333,42.9,31.65416666666667
2026-05-02 20:00:00,12.0,29.7,46,968.6,7.4,309,0.0,20,5,5,25.3,49.3,12.0,38.9,51.4,22.8,37.38333333333333,42.525,30.4375
2026-05-02 21:00:00,24.7,29.3,46,968.5,6.3,285,0.0,21,5,5,12.0,59.8,22.0,55.4,12.0,16.3,37.38333333333333,40.28333333333333,28.79583333333333
2026-05-02 22:00:00,12.0,28.1,49,969.1,2.5,172,0.0,22,5,5,24.7,25.3,55.9,38.9,14.3,16.6,37.833333333333336,37.725,29.325
2026-05-02 23:00:00,32.0,27.3,53,969.4,2.7,157,0.0,23,5,5,12.0,12.0,49.3,40.5,12.0,13.4,30.51666666666667,35.483333333333334,29.229166666666668
2026-05-03 00:00:00,12.0,27.2,53,969.4,12.0,230,0.0,0,6,5,32.0,24.7,59.8,66.9,12.0,21.7,27.633333333333336,34.775,30.0625
2026-05-03 01:00:00,12.0,27.7,52,970.6,8.1,235,0.0,1,6,5,12.0,12.0,25.3,45.4,12.0,33.0,19.666666666666668,30.2,30.0625
2026-05-03 02:00:00,12.0,29.9,45,971.5,6.5,251,0.0,2,6,5,12.0,32.0,12.0,12.0,12.0,43.7,17.45,27.416666666666668,30.0625
2026-05-03 03:00:00,12.0,33.2,35,971.8,7.2,256,0.0,3,6,5,12.0,12.0,24.7,22.0,20.2,37.9,17.45,27.416666666666668,30.0625
2026-05-03 04:00:00,52.0,35.9,29,972.2,6.5,273,0.0,4,6,5,12.0,12.0,12.0,55.9,16.4,25.9,15.333333333333334,26.583333333333332,29.72083333333333
2026-05-03 05:00:00,57.2,38.0,23,972.0,5.7,302,0.0,5,6,5,52.0,12.0,32.0,49.3,14.5,64.4,22.0,26.258333333333336,31.204166666666666
2026-05-03 06:00:00,61.6,38.3,20,971.5,4.2,320,0.0,6,6,5,57.2,12.0,12.0,59.8,13.6,56.0,26.2,26.916666666666668,32.983333333333334
2026-05-03 07:00:00,54.0,40.0,15,970.9,4.4,291,0.0,7,6,5,61.6,52.0,12.0,25.3,29.8,77.1,34.46666666666667,27.066666666666666,34.98333333333333
2026-05-03 08:00:00,55.1,40.5,13,969.9,8.8,293,0.0,8,6,5,54.0,57.2,12.0,12.0,38.9,74.0,41.46666666666667,29.458333333333332,35.99166666666667
2026-05-03 09:00:00,44.1,40.1,14,969.2,13.4,296,0.0,9,6,5,55.1,61.6,12.0,24.7,55.4,53.5,48.65,33.050000000000004,36.666666666666664
2026-05-03 10:00:00,58.0,40.3,14,968.4,12.6,303,0.0,10,6,5,44.1,54.0,52.0,12.0,38.9,43.6,54.0,34.666666666666664,36.19583333333333
2026-05-03 11:00:00,68.6,40.3,13,967.6,10.5,292,0.0,11,6,5,58.0,55.1,57.2,32.0,40.5,91.0,55.0,38.5,36.99166666666667
2026-05-03 12:00:00,61.3,39.5,15,966.5,16.2,291,0.0,12,6,5,68.6,44.1,61.6,12.0,66.9,47.5,56.9,41.550000000000004,38.1625
2026-05-03 13:00:00,69.0,38.7,16,967.1,8.5,306,0.0,13,6,5,61.3,58.0,54.0,12.0,45.4,46.3,56.849999999999994,45.65833333333333,37.92916666666667
2026-05-03 14:00:00,75.3,37.2,17,967.9,4.7,242,0.0,14,6,5,69.0,68.6,55.1,12.0,12.0,55.9,59.349999999999994,50.40833333333333,38.9125
2026-05-03 15:00:00,49.7,36.1,17,968.8,11.1,223,0.0,15,6,5,75.3,61.3,44.1,12.0,22.0,70.7,62.71666666666667,55.68333333333334,41.550000000000004
2026-05-03 16:00:00,70.2,34.8,18,969.9,10.6,240,0.0,16,6,5,49.7,69.0,58.0,52.0,55.9,79.2,63.65,58.824999999999996,42.70416666666667
2026-05-03 17:00:00,53.2,34.3,19,970.1,10.7,276,0.0,17,6,5,70.2,75.3,68.6,57.2,49.3,74.3,65.68333333333334,60.34166666666667,43.300000000000004
2026-05-03 18:00:00,33.8,33.7,20,969.6,10.5,309,0.0,18,6,5,53.2,49.7,61.3,61.6,59.8,74.9,63.11666666666667,60.008333333333326,43.4625
2026-05-03 19:00:00,36.3,32.1,23,969.2,10.0,327,0.0,19,6,5,33.8,70.2,69.0,54.0,25.3,54.5,58.53333333333334,57.69166666666667,42.37916666666667
2026-05-03 20:00:00,57.6,31.0,25,969.1,2.8,140,0.0,20,6,5,36.3,53.2,75.3,55.1,12.0,51.4,53.083333333333336,56.21666666666667,42.837500000000006
2026-05-03 21:00:00,12.0,31.0,26,969.2,12.2,171,0.0,21,6,5,57.6,33.8,49.7,44.1,24.7,12.0,50.13333333333333,56.425000000000004,44.737500000000004
2026-05-03 22:00:00,12.0,29.5,36,969.4,11.4,195,0.0,22,6,5,12.0,36.3,70.2,58.0,12.0,14.3,43.85,53.75,44.208333333333336
2026-05-03 23:00:00,12.0,28.6,35,969.7,9.2,235,0.0,23,6,5,12.0,57.6,53.2,68.6,32.0,12.0,34.15,49.916666666666664,44.208333333333336
2026-05-04 00:00:00,12.0,28.4,33,969.4,7.2,270,0.0,0,0,5,12.0,12.0,33.8,61.3,12.0,12.0,27.28333333333333,45.199999999999996,43.375
2026-05-04 01:00:00,32.4,29.0,31,970.2,9.4,300,0.0,1,0,5,12.0,12.0,36.3,69.0,12.0,12.0,23.650000000000002,41.09166666666667,43.375
2026-05-04 02:00:00,28.5,31.7,26,971.4,7.9,313,0.0,2,0,5,32.4,12.0,57.6,75.3,12.0,12.0,23.0,38.041666666666664,44.225
2026-05-04 03:00:00,27.2,33.8,25,972.1,10.1,314,0.0,3,0,5,28.5,12.0,12.0,49.7,12.0,20.2,18.150000000000002,34.141666666666666,44.9125
2026-05-04 04:00:00,42.2,36.0,23,972.4,8.9,318,0.0,4,0,5,27.2,32.4,12.0,70.2,52.0,16.4,20.683333333333334,32.266666666666666,45.54583333333333
2026-05-04 05:00:00,66.7,38.1,20,972.4,6.7,329,0.0,5,0,5,42.2,28.5,12.0,53.2,57.2,14.5,25.71666666666667,29.933333333333337,45.137499999999996
2026-05-04 06:00:00,80.3,38.7,16,972.1,4.9,309,0.0,6,0,5,66.7,27.2,12.0,33.8,61.6,13.6,34.833333333333336,31.058333333333334,45.53333333333333
2026-05-04 07:00:00,65.5,40.2,14,971.9,5.6,266,0.0,7,0,5,80.3,42.2,32.4,36.3,54.0,29.8,46.21666666666667,34.93333333333333,46.3125
2026-05-04 08:00:00,72.8,41.2,12,970.8,5.1,238,0.0,8,0,5,65.5,66.7,28.5,57.6,55.1,38.9,51.73333333333334,37.36666666666667,46.791666666666664
2026-05-04 09:00:00,61.4,41.9,11,969.5,8.4,217,0.0,9,0,5,72.8,80.3,27.2,12.0,44.1,55.4,59.116666666666674,38.63333333333333,47.52916666666666
2026-05-04 10:00:00,49.3,41.3,11,968.3,16.3,221,0.0,10,0,5,61.4,65.5,42.2,12.0,58.0,38.9,64.81666666666668,42.75,48.25
2026-05-04 11:00:00,34.2,40.0,11,968.0,19.8,219,0.0,11,0,5,49.3,72.8,66.7,12.0,68.6,40.5,66.0,45.85833333333333,47.887499999999996
2026-05-04 12:00:00,29.0,39.9,10,967.1,19.3,212,0.0,12,0,5,34.2,61.4,80.3,12.0,61.3,66.9,60.583333333333336,47.708333333333336,46.45416666666667
2026-05-04 13:00:00,49.4,38.8,12,967.8,18.5,225,0.0,13,0,5,29.0,49.3,65.5,32.4,69.0,45.4,52.03333333333333,49.125,45.10833333333333
2026-05-04 14:00:00,57.0,38.2,13,968.1,14.7,251,0.0,14,0,5,49.4,34.2,72.8,28.5,75.3,12.0,49.349999999999994,50.541666666666664,44.291666666666664
2026-05-04 15:00:00,45.9,37.7,13,968.7,11.9,273,0.0,15,0,5,57.0,29.0,61.4,27.2,49.7,22.0,46.71666666666667,52.916666666666664,43.52916666666667
2026-05-04 16:00:00,57.3,34.9,16,969.6,5.7,212,0.0,16,0,5,45.9,49.4,49.3,42.2,70.2,55.9,44.13333333333333,54.474999999999994,43.37083333333334
2026-05-04 17:00:00,66.0,33.4,20,970.7,2.9,259,0.0,17,0,5,57.3,57.0,34.2,66.7,53.2,49.3,45.46666666666667,55.73333333333334,42.833333333333336
2026-05-04 18:00:00,36.8,32.4,22,970.3,13.0,180,0.0,18,0,5,66.0,45.9,29.0,80.3,33.8,59.8,50.76666666666667,55.675000000000004,43.36666666666667
2026-05-04 19:00:00,18.8,31.3,24,970.3,11.5,211,0.0,19,0,5,36.8,57.3,49.4,65.5,36.3,25.3,52.06666666666666,52.050000000000004,43.49166666666667
2026-05-04 20:00:00,12.0,30.6,25,970.1,12.5,192,0.0,20,0,5,18.8,66.0,57.0,72.8,57.6,12.0,46.96666666666667,48.15833333333334,42.762499999999996
2026-05-04 21:00:00,12.0,30.1,28,970.0,10.0,200,0.0,21,0,5,12.0,36.8,45.9,61.4,12.0,24.7,39.46666666666667,43.09166666666667,40.862500000000004
2026-05-04 22:00:00,12.0,29.4,32,970.6,9.1,197,0.0,22,0,5,12.0,18.8,57.3,49.3,12.0,12.0,33.81666666666667,38.975,40.862500000000004
2026-05-04 23:00:00,12.0,28.8,32,971.4,7.5,255,0.0,23,0,5,12.0,12.0,66.0,34.2,12.0,32.0,26.266666666666666,35.86666666666667,40.862500000000004
2026-05-05 00:00:00,12.0,29.3,38,971.5,11.8,226,0.0,0,1,5,12.0,12.0,36.8,29.0,12.0,12.0,17.266666666666666,34.016666666666666,40.862500000000004
2026-05-05 01:00:00,12.0,29.4,35,972.5,9.5,216,0.0,1,1,5,12.0,12.0,18.8,49.4,32.4,12.0,13.133333333333333,32.6,40.862500000000004
2026-05-05 02:00:00,34.3,31.0,30,973.3,7.0,192,0.0,2,1,5,12.0,12.0,12.0,57.0,28.5,12.0,12.0,29.483333333333334,40.0125
2026-05-05 03:00:00,40.2,33.0,29,973.9,6.1,168,0.0,3,1,5,34.3,12.0,12.0,45.9,27.2,12.0,15.716666666666667,27.59166666666667,40.25416666666667
2026-05-05 04:00:00,48.9,35.2,24,974.1,6.0,183,0.0,4,1,5,40.2,12.0,12.0,57.3,42.2,52.0,20.416666666666668,27.116666666666664,40.79583333333333
2026-05-05 05:00:00,40.5,37.4,20,973.8,4.8,200,0.0,5,1,5,48.9,34.3,12.0,66.0,66.7,57.2,26.566666666666666,26.416666666666668,41.075
2026-05-05 06:00:00,55.4,37.8,19,973.6,4.2,275,0.0,6,1,5,40.5,40.2,12.0,36.8,80.3,61.6,31.316666666666666,24.291666666666668,39.983333333333334
2026-05-05 07:00:00,64.6,39.0,16,973.0,7.3,293,0.0,7,1,5,55.4,48.9,12.0,18.8,65.5,54.0,38.550000000000004,25.841666666666665,38.94583333333333
2026-05-05 08:00:00,55.3,39.5,15,972.0,8.6,300,0.0,8,1,5,64.6,40.5,34.3,12.0,72.8,55.1,47.31666666666666,29.65833333333333,38.90833333333334
2026-05-05 09:00:00,61.9,39.5,16,971.1,9.7,292,0.0,9,1,5,55.3,55.4,40.2,12.0,61.4,44.1,50.81666666666666,33.26666666666666,38.17916666666667
2026-05-05 10:00:00,104.4,39.4,15,970.2,8.7,297,0.0,10,1,5,61.9,64.6,48.9,12.0,49.3,58.0,54.43333333333333,37.425,38.199999999999996
2026-05-05 11:00:00,55.6,39.1,15,969.7,9.8,302,0.0,11,1,5,104.4,55.3,40.5,12.0,34.2,68.6,63.68333333333334,45.125,40.49583333333334
2026-05-05 12:00:00,74.6,37.9,17,969.7,10.2,42,0.0,12,1,5,55.6,61.9,55.4,12.0,29.0,61.3,66.2,48.75833333333333,41.387499999999996
2026-05-05 13:00:00,62.9,36.8,17,970.1,12.0,72,0.0,13,1,5,74.6,104.4,64.6,12.0,49.4,69.0,69.39999999999999,53.974999999999994,43.2875
2026-05-05 14:00:00,48.8,35.5,17,970.7,10.9,123,0.0,14,1,5,62.9,55.6,55.3,34.3,57.0,75.3,69.11666666666666,58.21666666666666,43.85
2026-05-05 15:00:00,58.4,34.7,18,971.2,8.7,138,0.0,15,1,5,48.8,74.6,61.9,40.2,45.9,49.7,68.03333333333333,59.425000000000004,43.50833333333333
2026-05-05 16:00:00,80.8,33.8,19,972.1,6.2,126,0.0,16,1,5,58.4,62.9,104.4,48.9,57.3,70.2,67.45,60.94166666666666,44.02916666666667
2026-05-05 17:00:00,74.0,32.6,22,972.9,1.3,8,0.0,17,1,5,80.8,48.8,55.6,40.5,66.0,53.2,63.51666666666666,63.599999999999994,45.00833333333333
2026-05-05 18:00:00,51.7,31.6,25,973.1,1.5,54,0.0,18,1,5,74.0,58.4,74.6,55.4,36.8,33.8,66.58333333333333,66.39166666666667,45.34166666666667
2026-05-05 19:00:00,12.0,30.0,27,972.5,13.7,89,0.0,19,1,5,51.7,80.8,62.9,64.6,18.8,36.3,62.76666666666667,66.08333333333333,45.9625
2026-05-05 20:00:00,24.1,28.6,37,972.5,11.7,104,0.0,20,1,5,12.0,74.0,48.8,55.3,12.0,57.6,54.28333333333334,61.699999999999996,45.67916666666667
2026-05-05 21:00:00,12.0,27.7,46,972.5,10.0,120,0.0,21,1,5,24.1,51.7,58.4,61.9,12.0,12.0,50.166666666666664,59.1,46.18333333333334
2026-05-05 22:00:00,12.0,27.5,49,972.6,7.0,119,0.0,22,1,5,12.0,12.0,80.8,104.4,12.0,12.0,42.43333333333333,54.94166666666667,46.18333333333334
2026-05-05 23:00:00,30.1,27.0,52,972.7,7.9,103,0.0,23,1,5,12.0,24.1,74.0,55.6,12.0,12.0,30.96666666666667,47.24166666666667,46.18333333333334
2026-05-06 00:00:00,42.8,25.0,68,974.0,6.0,49,0.0,0,2,5,30.1,12.0,51.7,74.6,12.0,12.0,23.650000000000002,45.11666666666667,46.9375
2026-05-06 01:00:00,29.8,25.7,65,974.4,4.8,103,0.0,1,2,5,42.8,12.0,12.0,62.9,12.0,32.4,22.166666666666668,42.46666666666666,48.22083333333333
2026-05-06 02:00:00,39.4,27.5,59,974.9,5.3,118,0.0,2,2,5,29.8,30.1,24.1,48.8,34.3,28.5,25.133333333333336,39.708333333333336,48.962500000000006
2026-05-06 03:00:00,39.9,29.8,53,975.0,8.3,166,0.0,3,2,5,39.4,42.8,12.0,58.4,40.2,27.2,27.683333333333337,38.925,49.175000000000004
2026-05-06 04:00:00,38.1,32.3,46,975.0,9.0,181,0.0,4,2,5,39.9,29.8,12.0,80.8,48.9,42.2,32.333333333333336,37.38333333333333,49.1625
2026-05-06 05:00:00,20.0,34.5,38,974.7,8.4,191,0.0,5,2,5,38.1,39.4,30.1,74.0,40.5,66.7,36.68333333333334,33.824999999999996,48.7125
2026-05-06 06:00:00,45.1,34.8,35,974.2,7.6,192,0.0,6,2,5,20.0,39.9,42.8,51.7,55.4,80.3,35.0,29.325,47.85833333333333
2026-05-06 07:00:00,64.6,36.6,29,973.2,7.8,188,0.0,7,2,5,45.1,38.1,29.8,12.0,64.6,65.5,35.38333333333333,28.775000000000002,47.429166666666674
2026-05-06 08:00:00,93.5,37.3,27,972.4,5.5,197,0.0,8,2,5,64.6,20.0,39.4,24.1,55.3,72.8,41.18333333333333,33.15833333333333,47.42916666666667
2026-05-06 09:00:00,88.0,37.6,25,971.1,3.6,240,0.0,9,2,5,93.5,45.1,39.9,12.0,61.9,61.4,50.199999999999996,38.94166666666666,49.020833333333336
2026-05-06 10:00:00,84.1,37.5,24,970.4,3.5,309,0.0,10,2,5,88.0,64.6,38.1,12.0,104.4,49.3,58.21666666666667,45.275,50.10833333333333
2026-05-06 11:00:00,89.6,37.2,24,969.7,5.7,342,0.0,11,2,5,84.1,93.5,20.0,30.1,55.6,34.2,65.88333333333333,51.28333333333333,49.262499999999996
2026-05-06 12:00:00,52.3,28.2,55,970.2,10.5,24,0.0,12,2,5,89.6,88.0,45.1,42.8,74.6,29.0,77.48333333333333,56.24166666666667,50.67916666666667
2026-05-06 13:00:00,65.6,29.7,49,970.7,10.0,75,0.0,13,2,5,52.3,84.1,64.6,29.8,62.9,49.4,78.68333333333334,57.03333333333333,49.75
2026-05-06 14:00:00,51.6,30.9,42,970.7,9.3,68,0.0,14,2,5,65.6,89.6,93.5,39.4,48.8,57.0,78.85,60.01666666666667,49.86249999999999
2026-05-06 15:00:00,56.2,31.6,40,971.0,11.3,65,0.0,15,2,5,51.6,52.3,88.0,39.9,58.4,45.9,71.86666666666666,61.03333333333333,49.979166666666664
2026-05-06 16:00:00,61.2,31.6,37,971.4,9.4,114,0.0,16,2,5,56.2,65.6,84.1,38.1,80.8,57.3,66.56666666666666,62.39166666666666,49.88750000000001
2026-05-06 17:00:00,20.4,31.1,38,971.4,9.0,142,0.0,17,2,5,61.2,51.6,89.6,20.0,74.0,66.0,62.74999999999999,64.31666666666666,49.070833333333326
2026-05-06 18:00:00,32.9,30.9,40,971.8,10.0,166,0.0,18,2,5,20.4,56.2,52.3,45.1,51.7,36.8,51.21666666666667,64.35,46.8375
2026-05-06 19:00:00,52.3,30.2,41,971.8,7.9,176,0.0,19,2,5,32.9,61.2,65.6,64.6,12.0,18.8,47.98333333333333,63.333333333333336,46.054166666666674
2026-05-06 20:00:00,50.3,29.8,42,971.4,5.2,131,0.0,20,2,5,52.3,20.4,51.6,93.5,24.1,12.0,45.76666666666667,62.30833333333334,47.73333333333334
2026-05-06 21:00:00,46.0,29.2,43,971.1,6.5,109,0.0,21,2,5,50.3,32.9,56.2,88.0,12.0,12.0,45.550000000000004,58.708333333333336,48.824999999999996
2026-05-06 22:00:00,22.6,28.7,44,971.4,3.7,79,0.0,22,2,5,46.0,52.3,61.2,84.1,12.0,12.0,43.85,55.208333333333336,50.24166666666667
2026-05-06 23:00:00,15.4,28.0,47,972.0,5.2,27,0.0,23,2,5,22.6,50.3,20.4,89.6,30.1,12.0,37.416666666666664,50.083333333333336,50.68333333333333
2026-05-07 00:00:00,12.0,27.9,45,972.8,12.5,135,0.0,0,3,5,15.4,46.0,32.9,52.3,42.8,12.0,36.583333333333336,43.9,50.07083333333333
2026-05-07 01:00:00,12.0,29.3,41,973.3,12.0,130,0.0,1,3,5,12.0,22.6,52.3,65.6,29.8,12.0,33.1,40.541666666666664,48.7875
2026-05-07 02:00:00,41.6,30.8,37,974.4,7.2,122,0.0,2,3,5,12.0,15.4,50.3,51.6,39.4,34.3,26.38333333333333,36.074999999999996,48.04583333333333
2026-05-07 03:00:00,21.2,32.1,37,975.1,7.0,167,0.0,3,3,5,41.6,12.0,46.0,56.2,39.9,40.2,24.933333333333337,35.24166666666667,48.137499999999996
2026-05-07 04:00:00,34.1,34.6,32,975.1,7.4,187,0.0,4,3,5,21.2,12.0,22.6,61.2,38.1,48.9,20.8,32.324999999999996,47.35833333333333
2026-05-07 05:00:00,35.8,36.8,24,974.9,10.0,193,0.0,5,3,5,34.1,41.6,15.4,20.4,20.0,40.5,22.71666666666667,30.066666666666663,47.19166666666666
2026-05-07 06:00:00,46.4,36.7,23,974.4,10.3,178,0.0,6,3,5,35.8,21.2,12.0,32.9,45.1,55.4,26.116666666666664,31.349999999999998,47.85
2026-05-07 07:00:00,28.3,37.7,22,974.1,8.3,174,0.0,7,3,5,46.4,34.1,12.0,52.3,64.6,64.6,31.849999999999998,32.475,47.90416666666666
2026-05-07 08:00:00,68.8,38.4,21,973.4,7.1,173,0.0,8,3,5,28.3,35.8,41.6,50.3,93.5,55.3,34.56666666666666,30.474999999999998,46.39166666666666
2026-05-07 09:00:00,57.4,38.7,20,972.0,7.6,184,0.0,9,3,5,68.8,46.4,21.2,46.0,88.0,61.9,39.1,32.016666666666666,45.362500000000004
2026-05-07 10:00:00,46.5,38.1,21,971.4,10.6,171,0.0,10,3,5,57.4,28.3,34.1,22.6,84.1,104.4,45.13333333333333,32.96666666666667,44.0875
2026-05-07 11:00:00,71.0,37.6,21,971.1,11.9,183,0.0,11,3,5,46.5,68.8,35.8,15.4,89.6,55.6,47.199999999999996,34.958333333333336,42.520833333333336
2026-05-07 12:00:00,88.6,34.7,27,971.9,10.5,184,0.0,12,3,5,71.0,57.4,46.4,12.0,52.3,74.6,53.06666666666666,39.59166666666667,41.74583333333334
2026-05-07 13:00:00,14.8,30.1,47,972.2,21.0,185,0.0,13,3,5,88.6,46.5,28.3,12.0,65.6,62.9,60.1,45.975,43.25833333333333
2026-05-07 14:00:00,71.2,29.8,49,972.8,8.7,173,0.0,14,3,5,14.8,71.0,68.8,41.6,51.6,48.8,57.85,46.208333333333336,41.141666666666666
2026-05-07 15:00:00,73.2,29.9,48,973.4,8.3,193,0.0,15,3,5,71.2,88.6,57.4,21.2,56.2,58.4,58.25,48.67499999999999,41.958333333333336
2026-05-07 16:00:00,49.0,29.5,49,973.9,8.7,194,0.0,16,3,5,73.2,14.8,46.5,34.1,61.2,80.8,60.88333333333333,53.00833333333333,42.666666666666664
2026-05-07 17:00:00,66.1,29.3,48,974.0,8.8,189,0.0,17,3,5,49.0,71.2,71.0,35.8,20.4,74.0,61.300000000000004,54.25,42.15833333333333
2026-05-07 18:00:00,35.2,28.6,52,973.7,10.3,193,0.0,18,3,5,66.1,73.2,88.6,46.4,32.9,51.7,60.48333333333333,56.775,44.0625
2026-05-07 19:00:00,12.0,27.8,55,973.1,9.5,190,0.0,19,3,5,35.2,49.0,14.8,28.3,52.3,12.0,51.583333333333336,55.84166666666666,44.15833333333333
2026-05-07 20:00:00,18.9,27.4,54,973.3,3.0,287,0.0,20,3,5,12.0,66.1,71.2,68.8,50.3,24.1,51.11666666666667,54.48333333333333,42.479166666666664
2026-05-07 21:00:00,48.3,27.0,56,973.1,1.7,328,0.0,21,3,5,18.9,35.2,73.2,57.4,46.0,12.0,42.4,50.324999999999996,41.17083333333333
2026-05-07 22:00:00,12.0,27.0,56,973.1,3.8,188,0.0,22,3,5,48.3,12.0,49.0,46.5,22.6,12.0,38.24999999999999,49.56666666666666,41.266666666666666
2026-05-07 23:00:00,14.7,26.5,58,973.8,7.9,283,0.0,23,3,5,12.0,18.9,66.1,71.0,15.4,30.1,32.083333333333336,46.69166666666666,40.824999999999996
2026-05-08 00:00:00,16.2,25.3,61,974.2,5.1,17,0.0,0,4,5,14.7,48.3,35.2,88.6,12.0,42.8,23.516666666666666,41.99999999999999,40.79583333333333
2026-05-08 01:00:00,35.2,25.6,60,974.8,1.7,77,0.0,1,4,5,16.2,12.0,12.0,14.8,12.0,29.8,20.349999999999998,35.96666666666667,40.97083333333333
2026-05-08 02:00:00,13.7,27.5,53,975.4,3.2,109,0.0,2,4,5,35.2,14.7,18.9,71.2,41.6,39.4,24.21666666666667,37.666666666666664,41.9375
2026-05-08 03:00:00,23.1,30.2,42,975.8,4.9,129,0.0,3,4,5,13.7,16.2,48.3,73.2,21.2,39.9,23.349999999999998,32.875,40.775
2026-05-08 04:00:00,37.6,33.5,31,976.2,6.7,160,0.0,4,4,5,23.1,35.2,12.0,49.0,34.1,38.1,19.150000000000002,28.700000000000003,40.854166666666664
2026-05-08 05:00:00,38.5,35.6,26,975.9,8.5,181,0.0,5,4,5,37.6,13.7,14.7,66.1,35.8,20.0,23.416666666666668,27.75,41.0
2026-05-08 06:00:00,19.8,36.0,26,975.5,9.6,193,0.0,6,4,5,38.5,23.1,16.2,35.2,46.4,45.1,27.383333333333336,25.45,41.112500000000004
2026-05-08 07:00:00,48.1,37.2,25,974.9,9.8,203,0.0,7,4,5,19.8,37.6,35.2,12.0,28.3,64.6,27.983333333333338,24.166666666666668,40.00416666666666
2026-05-08 08:00:00,84.9,37.9,23,973.9,6.3,207,0.0,8,4,5,48.1,38.5,13.7,18.9,68.8,93.5,30.133333333333336,27.175,40.829166666666666
2026-05-08 09:00:00,96.4,38.2,21,972.8,4.1,225,0.0,9,4,5,84.9,19.8,23.1,48.3,57.4,88.0,42.00000000000001,32.675000000000004,41.5
2026-05-08 10:00:00,95.3,38.4,19,971.9,2.4,222,0.0,10,4,5,96.4,48.1,37.6,12.0,46.5,84.1,54.21666666666667,36.68333333333334,43.125
2026-05-08 11:00:00,92.9,38.5,18,971.5,1.1,81,0.0,11,4,5,95.3,84.9,38.5,14.7,71.0,89.6,63.83333333333334,43.625,45.15833333333333
2026-05-08 12:00:00,54.2,38.3,17,971.3,9.1,111,0.0,12,4,5,92.9,96.4,19.8,16.2,88.6,52.3,72.89999999999999,50.14166666666667,46.07083333333333
2026-05-08 13:00:00,78.4,37.1,18,971.8,9.7,118,0.0,13,4,5,54.2,95.3,48.1,35.2,14.8,65.6,78.63333333333334,53.30833333333334,44.637499999999996
2026-05-08 14:00:00,70.9,35.7,21,972.5,10.7,125,0.0,14,4,5,78.4,92.9,84.9,13.7,71.2,51.6,83.68333333333334,56.90833333333334,47.2875
2026-05-08 15:00:00,53.1,34.3,23,973.0,10.6,111,0.0,15,4,5,70.9,54.2,96.4,23.1,73.2,56.2,81.35000000000001,61.675000000000004,47.275000000000006
2026-05-08 16:00:00,44.6,33.1,23,973.4,13.1,103,0.0,16,4,5,53.1,78.4,95.3,37.6,49.0,61.2,74.13333333333334,64.175,46.4375
2026-05-08 17:00:00,43.5,32.4,24,973.9,7.1,135,0.0,17,4,5,44.6,70.9,92.9,38.5,66.1,20.4,65.68333333333334,64.75833333333334,46.25416666666666
2026-05-08 18:00:00,34.7,31.4,28,973.5,8.7,143,0.0,18,4,5,43.5,53.1,54.2,19.8,35.2,32.9,57.45000000000001,65.175,45.3125
2026-05-08 19:00:00,20.5,30.6,29,972.9,10.8,154,0.0,19,4,5,34.7,44.6,78.4,48.1,12.0,52.3,54.199999999999996,66.41666666666667,45.291666666666664
2026-05-08 20:00:00,36.5,29.8,33,972.6,10.6,177,0.0,20,4,5,20.5,43.5,70.9,84.9,18.9,50.3,44.550000000000004,64.11666666666666,45.645833333333336
2026-05-08 21:00:00,29.4,28.9,41,972.6,10.4,195,0.0,21,4,5,36.5,34.7,53.1,96.4,48.3,46.0,38.81666666666667,60.083333333333336,46.37916666666666
2026-05-08 22:00:00,20.8,28.2,46,973.3,8.7,263,0.0,22,4,5,29.4,20.5,44.6,95.3,12.0,22.6,34.86666666666667,54.50000000000001,45.59166666666667
2026-05-08 23:00:00,12.0,24.8,58,974.8,17.5,17,0.0,23,4,5,20.8,36.5,43.5,92.9,14.7,15.4,30.900000000000002,48.291666666666664,45.958333333333336
2026-05-09 00:00:00,19.7,27.6,52,974.2,3.0,155,0.0,0,5,5,12.0,29.4,34.7,54.2,16.2,12.0,25.649999999999995,41.550000000000004,45.84583333333333
2026-05-09 01:00:00,25.0,27.6,53,975.1,1.9,56,0.0,1,5,5,19.7,20.8,20.5,78.4,35.2,12.0,23.150000000000002,38.675000000000004,45.99166666666667
2026-05-09 02:00:00,12.0,28.3,53,976.0,8.7,85,0.0,2,5,5,25.0,12.0,36.5,70.9,13.7,41.6,23.900000000000002,34.225,45.56666666666667
2026-05-09 03:00:00,13.3,29.2,53,976.5,7.9,110,0.0,3,5,5,12.0,19.7,29.4,53.1,23.1,21.2,19.816666666666666,29.316666666666666,45.49583333333334
2026-05-09 04:00:00,51.8,30.7,50,976.2,7.3,173,0.0,4,5,5,13.3,25.0,20.8,44.6,37.6,34.1,17.133333333333333,26.0,45.0875
2026-05-09 05:00:00,28.0,32.0,46,976.1,7.3,196,0.0,5,5,5,51.8,12.0,12.0,43.5,38.5,35.8,22.3,26.599999999999998,45.67916666666667
2026-05-09 06:00:00,53.9,34.6,37,975.3,7.6,223,0.0,6,5,5,28.0,13.3,19.7,34.7,19.8,46.4,24.96666666666667,25.308333333333337,45.24166666666667
2026-05-09 07:00:00,41.3,36.9,30,974.4,7.7,231,0.0,7,5,5,53.9,51.8,25.0,20.5,48.1,28.3,30.666666666666668,26.90833333333333,46.6625
2026-05-09 08:00:00,64.0,37.8,26,973.5,7.7,221,0.0,8,5,5,41.3,28.0,12.0,36.5,84.9,68.8,33.38333333333333,28.641666666666666,46.37916666666666
2026-05-09 09:00:00,73.9,38.2,25,972.2,5.6,239,0.0,9,5,5,64.0,53.9,13.3,29.4,96.4,57.4,42.050000000000004,30.933333333333334,45.50833333333333
2026-05-09 10:00:00,75.5,39.1,21,970.8,5.2,248,0.0,10,5,5,73.9,41.3,51.8,20.8,95.3,46.5,52.15,34.64166666666667,44.57083333333333
2026-05-09 11:00:00,14.5,37.5,19,971.6,22.6,351,0.0,11,5,5,75.5,64.0,28.0,12.0,92.9,71.0,56.1,39.199999999999996,43.74583333333334
2026-05-09 12:00:00,42.4,37.6,18,970.4,6.3,323,0.0,12,5,5,14.5,73.9,53.9,19.7,54.2,88.6,53.85,39.40833333333333,40.479166666666664
2026-05-09 13:00:00,111.9,37.2,20,971.0,1.1,180,0.0,13,5,5,42.4,75.5,41.3,25.0,78.4,14.8,51.93333333333334,41.300000000000004,39.987500000000004
2026-05-09 14:00:00,79.6,34.1,27,971.3,9.4,116,0.0,14,5,5,111.9,14.5,64.0,12.0,70.9,71.2,63.70000000000001,48.541666666666664,41.38333333333333
2026-05-09 15:00:00,23.6,32.3,33,972.0,9.8,118,0.0,15,5,5,79.6,42.4,73.9,13.3,53.1,73.2,66.3,54.175000000000004,41.74583333333334
2026-05-09 16:00:00,50.8,31.4,36,972.3,13.5,132,0.0,16,5,5,23.6,111.9,75.5,51.8,44.6,49.0,57.916666666666664,55.03333333333334,40.51666666666667
2026-05-09 17:00:00,72.2,30.7,39,972.8,7.7,152,0.0,17,5,5,50.8,79.6,14.5,28.0,43.5,66.1,53.79999999999999,54.949999999999996,40.775
2026-05-09 18:00:00,39.5,29.3,44,973.3,9.3,108,0.0,18,5,5,72.2,23.6,42.4,53.9,34.7,35.2,63.416666666666664,58.63333333333333,41.97083333333333
2026-05-09 19:00:00,42.9,28.5,47,973.1,8.5,119,0.0,19,5,5,39.5,50.8,111.9,41.3,20.5,12.0,62.93333333333334,57.43333333333334,42.17083333333333
2026-05-09 20:00:00,20.8,28.0,50,972.9,7.4,173,0.0,20,5,5,42.9,72.2,79.6,64.0,36.5,18.9,51.43333333333334,57.56666666666667,43.104166666666664
2026-05-09 21:00:00,25.4,27.7,52,972.7,6.9,213,0.0,21,5,5,20.8,39.5,23.6,73.9,29.4,48.3,41.63333333333333,53.96666666666666,42.449999999999996
2026-05-09 22:00:00,23.4,27.3,53,972.7,4.5,209,0.0,22,5,5,25.4,42.9,50.8,75.5,20.8,12.0,41.93333333333333,49.925000000000004,42.28333333333333
2026-05-09 23:00:00,12.0,26.8,55,972.5,6.4,188,0.0,23,5,5,23.4,20.8,72.2,14.5,12.0,14.7,37.36666666666667,45.583333333333336,42.391666666666666
2026-05-10 00:00:00,13.8,25.9,59,972.9,6.5,174,0.0,0,6,5,12.0,25.4,39.5,42.4,19.7,16.2,27.333333333333332,45.375,42.391666666666666
2026-05-10 01:00:00,37.9,26.8,55,973.7,4.9,172,0.0,1,6,5,13.8,23.4,42.9,111.9,25.0,35.2,23.05,42.99166666666667,42.145833333333336
2026-05-10 02:00:00,44.1,28.7,48,974.4,3.5,189,0.0,2,6,5,37.9,12.0,20.8,79.6,12.0,13.7,22.216666666666665,36.825,42.68333333333334
2026-05-10 03:00:00,38.1,31.1,40,974.5,6.9,187,0.0,3,6,5,44.1,13.8,25.4,23.6,13.3,23.1,26.099999999999998,33.86666666666667,44.020833333333336
2026-05-10 04:00:00,30.5,33.3,36,974.4,8.5,198,0.0,4,6,5,38.1,37.9,23.4,50.8,51.8,37.6,28.216666666666665,35.074999999999996,45.05416666666667
2026-05-10 05:00:00,40.6,35.4,32,973.7,8.7,218,0.0,5,6,5,30.5,44.1,12.0,72.2,28.0,38.5,29.400000000000002,33.38333333333333,44.166666666666664
2026-05-10 06:00:00,22.9,36.1,32,973.3,6.2,234,0.0,6,6,5,40.6,38.1,13.8,39.5,53.9,19.8,34.166666666666664,30.75,44.69166666666667
2026-05-10 07:00:00,66.5,37.8,27,972.2,4.2,263,0.0,7,6,5,22.9,30.5,37.9,42.9,41.3,48.1,35.68333333333333,29.366666666666664,43.4
2026-05-10 08:00:00,67.1,39.3,21,971.1,4.7,317,0.0,8,6,5,66.5,40.6,44.1,20.8,64.0,84.9,40.449999999999996,31.333333333333332,44.449999999999996
2026-05-10 09:00:00,53.0,39.7,19,970.0,8.9,331,0.0,9,6,5,67.1,22.9,38.1,25.4,73.9,96.4,44.28333333333333,35.19166666666666,44.57916666666667
2026-05-10 10:00:00,64.2,39.2,18,969.3,9.1,333,0.0,10,6,5,53.0,66.5,30.5,23.4,75.5,95.3,46.76666666666667,37.49166666666667,43.708333333333336
2026-05-10 11:00:00,94.0,39.0,17,968.9,6.9,7,0.0,11,6,5,64.2,67.1,40.6,12.0,14.5,92.9,52.38333333333333,40.89166666666667,43.237500000000004
2026-05-10 12:00:00,90.1,39.2,17,968.1,6.9,47,0.0,12,6,5,94.0,53.0,22.9,13.8,42.4,54.2,61.28333333333333,47.725,46.550000000000004
2026-05-10 13:00:00,61.8,38.0,19,968.7,10.8,88,0.0,13,6,5,90.1,64.2,66.5,37.9,111.9,78.4,72.48333333333333,54.083333333333336,48.5375
2026-05-10 14:00:00,65.9,36.5,21,969.3,8.5,128,0.0,14,6,5,61.8,94.0,67.1,44.1,79.6,70.9,71.7,56.074999999999996,46.449999999999996
2026-05-10 15:00:00,70.9,34.9,25,970.5,11.5,153,0.0,15,6,5,65.9,90.1,53.0,38.1,23.6,53.1,71.5,57.89166666666666,45.87916666666667
2026-05-10 16:00:00,38.0,33.9,28,970.7,10.2,132,0.0,16,6,5,70.9,61.8,64.2,30.5,50.8,44.6,74.48333333333333,60.625,47.849999999999994
2026-05-10 17:00:00,12.0,33.3,29,970.8,10.8,118,0.0,17,6,5,38.0,65.9,94.0,40.6,72.2,43.5,70.11666666666666,61.25,47.31666666666666
2026-05-10 18:00:00,31.0,32.6,33,971.1,9.6,133,0.0,18,6,5,12.0,70.9,90.1,22.9,39.5,34.7,56.449999999999996,58.866666666666674,44.80833333333333
2026-05-10 19:00:00,47.8,31.6,35,970.5,7.9,145,0.0,19,6,5,31.0,38.0,61.8,66.5,42.9,20.5,46.6,59.541666666666664,44.45416666666666
2026-05-10 20:00:00,50.6,31.0,37,970.3,8.0,172,0.0,20,6,5,47.8,12.0,65.9,67.1,20.8,36.5,44.26666666666667,57.98333333333334,44.65833333333333
2026-05-10 21:00:00,34.3,30.5,38,970.4,7.2,186,0.0,21,6,5,50.6,31.0,70.9,53.0,25.4,29.4,41.71666666666667,56.60833333333334,45.9
2026-05-10 22:00:00,19.4,29.7,41,970.8,7.0,159,0.0,22,6,5,34.3,47.8,38.0,64.2,23.4,20.8,35.61666666666667,55.050000000000004,46.270833333333336
2026-05-10 23:00:00,12.0,28.9,45,971.5,8.8,181,0.0,23,6,5,19.4,50.6,12.0,94.0,12.0,12.0,32.516666666666666,51.31666666666666,46.104166666666664
2026-05-11 00:00:00,12.0,28.7,54,972.0,13.4,188,0.0,0,0,5,12.0,34.3,31.0,90.1,13.8,19.7,32.516666666666666,44.48333333333333,46.104166666666664
2026-05-11 01:00:00,17.7,29.1,56,972.7,11.4,183,0.0,1,0,5,12.0,19.4,47.8,61.8,37.9,25.0,29.349999999999998,37.975,46.02916666666667
2026-05-11 02:00:00,20.6,30.5,55,973.7,11.6,195,0.0,2,0,5,17.7,12.0,50.6,65.9,44.1,12.0,24.333333333333332,34.300000000000004,45.1875
2026-05-11 03:00:00,28.3,32.4,48,974.3,12.2,214,0.0,3,0,5,20.6,12.0,34.3,70.9,38.1,13.3,19.333333333333332,30.525000000000002,44.208333333333336
2026-05-11 04:00:00,19.5,34.5,41,974.5,11.2,218,0.0,4,0,5,28.3,17.7,19.4,38.0,30.5,51.8,18.333333333333332,26.974999999999998,43.800000000000004
2026-05-11 05:00:00,20.2,36.7,33,974.1,12.1,223,0.0,5,0,5,19.5,20.6,12.0,12.0,40.6,28.0,18.349999999999998,25.433333333333334,43.34166666666667
2026-05-11 06:00:00,41.6,37.9,28,973.3,11.0,229,0.0,6,0,5,20.2,28.3,12.0,31.0,22.9,53.9,19.716666666666665,26.116666666666664,42.49166666666667
2026-05-11 07:00:00,57.6,39.4,23,972.3,7.8,241,0.0,7,0,5,41.6,19.5,17.7,47.8,66.5,41.3,24.650000000000002,27.0,43.270833333333336
2026-05-11 08:00:00,65.3,40.4,19,971.0,6.2,277,0.0,8,0,5,57.6,20.2,20.6,50.6,67.1,64.0,31.3,27.816666666666666,42.9
2026-05-11 09:00:00,78.7,40.5,17,970.1,7.1,313,0.0,9,0,5,65.3,41.6,28.3,34.3,53.0,73.9,38.75,29.041666666666668,42.82500000000001
2026-05-11 10:00:00,56.2,40.2,18,969.7,13.3,344,0.0,10,0,5,78.7,57.6,19.5,19.4,64.2,75.5,47.150000000000006,32.74166666666667,43.895833333333336
2026-05-11 11:00:00,87.4,39.9,19,969.4,5.6,331,0.0,11,0,5,56.2,65.3,20.2,12.0,94.0,14.5,53.26666666666667,35.80833333333333,43.5625
2026-05-11 12:00:00,103.4,40.5,17,968.2,7.4,317,0.0,12,0,5,87.4,78.7,41.6,12.0,90.1,42.4,64.46666666666668,42.09166666666667,43.2875
2026-05-11 13:00:00,56.5,39.8,18,968.6,5.0,229,0.0,13,0,5,103.4,56.2,57.6,17.7,61.8,111.9,74.76666666666667,49.708333333333336,43.84166666666667
2026-05-11 14:00:00,67.7,37.9,21,969.0,8.5,156,0.0,14,0,5,56.5,87.4,65.3,20.6,65.9,79.6,74.58333333333333,52.94166666666666,43.62083333333334
2026-05-11 15:00:00,63.7,35.1,29,970.1,9.9,158,0.0,15,0,5,67.7,103.4,78.7,28.3,70.9,23.6,74.98333333333333,56.86666666666667,43.69583333333333
2026-05-11 16:00:00,51.2,34.3,31,970.8,7.0,212,0.0,16,0,5,63.7,56.5,56.2,19.5,38.0,50.8,72.48333333333333,59.81666666666667,43.395833333333336
2026-05-11 17:00:00,54.1,33.4,33,971.4,5.1,203,0.0,17,0,5,51.2,67.7,87.4,20.2,12.0,72.2,71.65,62.458333333333336,43.94583333333333
2026-05-11 18:00:00,44.0,32.7,34,971.2,9.0,179,0.0,18,0,5,54.1,63.7,103.4,41.6,31.0,39.5,66.1,65.28333333333333,45.699999999999996
2026-05-11 19:00:00,20.2,31.8,37,970.7,10.9,197,0.0,19,0,5,44.0,51.2,56.5,57.6,47.8,42.9,56.199999999999996,65.48333333333333,46.24166666666667
2026-05-11 20:00:00,24.0,31.1,40,970.5,9.4,204,0.0,20,0,5,20.2,54.1,67.7,65.3,50.6,20.8,50.150000000000006,62.366666666666674,45.09166666666667
2026-05-11 21:00:00,37.6,30.6,42,970.4,5.2,214,0.0,21,0,5,24.0,44.0,63.7,78.7,34.3,25.4,42.866666666666674,58.925000000000004,43.98333333333334
2026-05-11 22:00:00,22.7,30.1,43,970.2,4.4,199,0.0,22,0,5,37.6,20.2,51.2,56.2,19.4,23.4,38.51666666666667,55.50000000000001,44.12083333333334
2026-05-11 23:00:00,37.5,29.8,45,970.3,3.2,207,0.0,23,0,5,22.7,24.0,54.1,87.4,12.0,12.0,33.76666666666667,52.708333333333336,44.25833333333333
2026-05-12 00:00:00,20.8,29.7,49,970.8,6.2,159,0.0,0,1,5,37.5,37.6,44.0,103.4,12.0,13.8,31.0,48.550000000000004,45.32083333333333
2026-05-12 01:00:00,21.7,29.9,49,971.7,5.7,169,0.0,1,1,5,20.8,22.7,20.2,56.5,17.7,37.9,27.133333333333336,41.666666666666664,45.6875
2026-05-12 02:00:00,21.3,31.7,45,972.3,6.3,195,0.0,2,1,5,21.7,37.5,24.0,67.7,20.6,44.1,27.383333333333336,38.76666666666667,45.854166666666664
2026-05-12 03:00:00,49.8,34.1,39,973.1,8.8,221,0.0,3,1,5,21.3,20.8,37.6,63.7,28.3,38.1,26.933333333333337,34.9,45.88333333333333
2026-05-12 04:00:00,33.2,36.3,33,973.1,10.7,230,0.0,4,1,5,49.8,21.7,22.7,51.2,19.5,30.5,28.96666666666667,33.74166666666667,46.77916666666667
2026-05-12 05:00:00,45.0,38.5,28,972.5,10.1,235,0.0,5,1,5,33.2,21.3,37.5,54.1,20.2,40.6,30.71666666666667,32.24166666666667,47.35
2026-05-12 06:00:00,38.1,39.3,27,971.7,7.9,223,0.0,6,1,5,45.0,49.8,20.8,44.0,41.6,22.9,31.96666666666667,31.483333333333334,48.38333333333333
2026-05-12 07:00:00,73.9,40.6,22,970.8,3.5,204,0.0,7,1,5,38.1,33.2,21.7,20.2,57.6,66.5,34.85,30.99166666666667,48.237500000000004
2026-05-12 08:00:00,58.2,41.8,17,969.5,5.1,36,0.0,8,1,5,73.9,45.0,21.3,24.0,65.3,67.1,43.54999999999999,35.46666666666667,48.916666666666664
2026-05-12 09:00:00,70.3,41.6,16,968.5,13.4,14,0.0,9,1,5,58.2,38.1,49.8,37.6,78.7,53.0,49.699999999999996,38.31666666666667,48.62083333333334
2026-05-12 10:00:00,61.3,41.5,16,967.7,14.7,12,0.0,10,1,5,70.3,73.9,33.2,22.7,56.2,64.2,53.11666666666667,41.041666666666664,48.270833333333336
2026-05-12 11:00:00,68.5,40.9,17,967.3,12.6,25,0.0,11,1,5,61.3,58.2,45.0,37.5,87.4,94.0,57.800000000000004,44.25833333333333,48.48333333333333
2026-05-12 12:00:00,35.8,41.1,17,967.0,12.3,59,0.0,12,1,5,68.5,70.3,38.1,20.8,103.4,90.1,61.71666666666667,46.84166666666667,47.69583333333333
2026-05-12 13:00:00,44.5,39.8,19,967.3,11.8,66,0.0,13,1,5,35.8,61.3,73.9,21.7,56.5,61.8,61.333333333333336,48.09166666666666,44.87916666666666
2026-05-12 14:00:00,77.6,38.9,20,967.8,3.6,131,0.0,14,1,5,44.5,68.5,58.2,21.3,67.7,65.9,56.43333333333334,49.991666666666674,44.37916666666666
2026-05-12 15:00:00,60.0,36.8,24,968.7,8.6,179,0.0,15,1,5,77.6,35.8,70.3,49.8,63.7,70.9,59.666666666666664,54.68333333333333,44.791666666666664
2026-05-12 16:00:00,60.6,35.2,28,969.1,6.2,226,0.0,16,1,5,60.0,44.5,61.3,33.2,51.2,38.0,57.949999999999996,55.53333333333333,44.637499999999996
2026-05-12 17:00:00,58.5,34.5,31,969.6,7.7,179,0.0,17,1,5,60.6,77.6,68.5,45.0,54.1,12.0,57.833333333333336,57.81666666666666,45.02916666666667
2026-05-12 18:00:00,30.7,33.7,33,969.4,10.7,200,0.0,18,1,5,58.5,60.0,35.8,38.1,44.0,31.0,56.166666666666664,58.94166666666666,45.212500000000006
2026-05-12 19:00:00,43.1,33.0,35,969.0,10.1,213,0.0,19,1,5,30.7,60.6,44.5,73.9,20.2,47.8,55.31666666666667,58.32500000000001,44.65833333333333
2026-05-12 20:00:00,18.3,32.5,37,968.7,7.4,186,0.0,20,1,5,43.1,58.5,77.6,58.2,24.0,50.6,55.083333333333336,55.758333333333326,45.612500000000004
2026-05-12 21:00:00,22.5,32.0,39,968.8,6.8,163,0.0,21,1,5,18.3,30.7,60.0,70.3,37.6,34.3,45.199999999999996,52.43333333333334,45.375
2026-05-12 22:00:00,26.5,31.4,42,969.1,7.2,184,0.0,22,1,5,22.5,43.1,60.6,61.3,22.7,19.4,38.95,48.449999999999996,44.74583333333334
2026-05-12 23:00:00,13.6,30.9,44,969.5,7.8,188,0.0,23,1,5,26.5,18.3,58.5,68.5,37.5,12.0,33.26666666666667,45.550000000000004,44.90416666666667
2026-05-13 00:00:00,12.0,30.5,49,969.9,11.3,200,0.0,0,2,5,13.6,22.5,30.7,35.8,20.8,12.0,25.783333333333335,40.975,43.90833333333333
2026-05-13 01:00:00,12.0,30.8,50,970.7,8.6,202,0.0,1,2,5,12.0,26.5,43.1,44.5,21.7,17.7,22.666666666666668,38.99166666666667,43.541666666666664
2026-05-13 02:00:00,20.3,32.4,47,971.5,10.4,203,0.0,2,2,5,12.0,13.6,18.3,77.6,21.3,20.6,17.483333333333334,36.28333333333333,43.137499999999996
2026-05-13 03:00:00,13.8,34.2,43,971.7,12.1,203,0.0,3,2,5,20.3,12.0,22.5,60.0,49.8,28.3,17.816666666666666,31.50833333333333,43.09583333333333
2026-05-13 04:00:00,12.0,36.1,38,971.7,13.4,209,0.0,4,2,5,13.8,12.0,26.5,60.6,33.2,19.5,16.366666666666667,27.658333333333335,41.59583333333334
2026-05-13 05:00:00,12.4,38.1,32,971.3,13.5,221,0.0,5,2,5,12.0,20.3,13.6,58.5,45.0,20.2,13.950000000000001,23.608333333333334,40.7125
2026-05-13 06:00:00,31.4,39.9,27,970.4,13.0,224,0.0,6,2,5,12.4,13.8,12.0,30.7,38.1,41.6,13.75,19.76666666666667,39.354166666666664
2026-05-13 07:00:00,58.4,40.7,24,969.4,11.1,223,0.0,7,2,5,31.4,12.0,12.0,43.1,73.9,57.6,16.983333333333334,19.825,39.074999999999996
2026-05-13 08:00:00,71.4,41.1,22,968.3,9.8,227,0.0,8,2,5,58.4,12.4,20.3,18.3,58.2,65.3,24.71666666666667,21.099999999999998,38.42916666666667
2026-05-13 09:00:00,80.1,41.6,20,967.4,4.9,242,0.0,9,2,5,71.4,31.4,13.8,22.5,70.3,78.7,33.23333333333333,25.525000000000002,38.979166666666664
2026-05-13 10:00:00,92.1,41.6,20,966.8,2.9,259,0.0,10,2,5,80.1,58.4,12.0,26.5,61.3,56.2,44.28333333333333,30.325,39.387499999999996
2026-05-13 11:00:00,85.8,41.0,21,966.4,5.6,297,0.0,11,2,5,92.1,71.4,12.4,13.6,68.5,87.4,57.63333333333333,35.791666666666664,40.670833333333334
2026-05-13 12:00:00,85.1,35.7,35,966.3,4.8,59,0.0,12,2,5,85.8,80.1,31.4,12.0,35.8,103.4,69.86666666666667,41.80833333333334,41.39166666666667
2026-05-13 13:00:00,98.2,37.2,29,966.0,6.4,151,0.1,13,2,5,85.1,92.1,58.4,12.0,44.5,56.5,78.81666666666666,47.9,43.44583333333333
2026-05-13 14:00:00,63.0,36.4,34,966.4,9.2,168,0.0,14,2,5,98.2,85.8,71.4,20.3,77.6,67.7,85.45,55.083333333333336,45.68333333333333
2026-05-13 15:00:00,50.5,36.1,33,966.7,10.3,173,0.0,15,2,5,63.0,85.1,80.1,13.8,60.0,63.7,84.05,58.64166666666666,45.074999999999996
2026-05-13 16:00:00,59.8,35.1,34,967.5,12.7,196,0.0,16,2,5,50.5,98.2,92.1,12.0,60.6,51.2,79.11666666666666,61.699999999999996,44.67916666666667
2026-05-13 17:00:00,56.5,34.4,37,968.1,11.1,196,0.0,17,2,5,59.8,63.0,85.8,12.4,58.5,54.1,73.73333333333333,65.68333333333334,44.645833333333336
2026-05-13 18:00:00,46.0,33.1,42,967.8,13.5,189,0.0,18,2,5,56.5,50.5,85.1,31.4,30.7,44.0,68.85000000000001,69.35833333333333,44.5625
2026-05-13 19:00:00,19.9,32.7,40,967.4,11.8,203,0.0,19,2,5,46.0,59.8,98.2,58.4,43.1,20.2,62.333333333333336,70.575,45.199999999999996
2026-05-13 20:00:00,27.1,32.2,41,967.6,14.7,188,0.0,20,2,5,19.9,56.5,63.0,71.4,18.3,24.0,49.28333333333333,67.36666666666666,44.23333333333334
2026-05-13 21:00:00,14.9,31.7,44,967.9,9.7,181,0.0,21,2,5,27.1,46.0,50.5,80.1,22.5,37.6,43.300000000000004,63.67499999999999,44.599999999999994
2026-05-13 22:00:00,12.0,31.2,46,968.6,8.0,185,0.0,22,2,5,14.9,19.9,59.8,92.1,26.5,22.7,37.36666666666667,58.24166666666667,44.28333333333333
2026-05-13 23:00:00,12.0,30.5,48,968.6,10.1,197,0.0,23,2,5,12.0,27.1,56.5,85.8,13.6,37.5,29.400000000000002,51.56666666666667,43.67916666666667
2026-05-14 00:00:00,12.0,31.0,48,968.5,12.1,210,0.0,0,3,5,12.0,14.9,46.0,85.1,12.0,20.8,21.983333333333334,45.416666666666664,43.612500000000004
2026-05-14 01:00:00,12.0,31.2,46,969.0,11.8,209,0.0,1,3,5,12.0,12.0,19.9,98.2,12.0,21.7,16.316666666666666,39.324999999999996,43.612500000000004
2026-05-14 02:00:00,12.0,32.6,42,969.3,12.7,207,0.0,2,3,5,12.0,12.0,27.1,63.0,20.3,21.3,15.0,32.141666666666666,43.612500000000004
2026-05-14 03:00:00,12.0,34.4,37,969.8,13.2,219,0.0,3,3,5,12.0,12.0,14.9,50.5,13.8,49.8,12.483333333333334,27.891666666666666,43.26666666666667
2026-05-14 04:00:00,27.1,36.4,33,969.9,12.2,221,0.0,4,3,5,12.0,12.0,12.0,59.8,12.0,33.2,12.0,24.683333333333334,43.19166666666667
2026-05-14 05:00:00,22.9,38.5,30,969.7,10.1,227,0.0,5,3,5,27.1,12.0,12.0,56.5,12.4,45.0,14.516666666666666,21.958333333333332,43.82083333333333
2026-05-14 06:00:00,52.4,39.9,27,969.0,5.9,243,0.0,6,3,5,22.9,12.0,12.0,46.0,31.4,38.1,16.333333333333332,19.158333333333335,44.25833333333333
2026-05-14 07:00:00,79.1,41.6,23,967.9,3.1,239,0.0,7,3,5,52.4,27.1,12.0,19.9,58.4,73.9,23.066666666666666,19.691666666666666,45.133333333333326
2026-05-14 08:00:00,69.8,42.8,18,966.8,2.7,228,0.0,8,3,5,79.1,22.9,12.0,27.1,71.4,58.2,34.25,24.625,45.99583333333334
2026-05-14 09:00:00,73.1,43.2,16,965.8,3.4,238,0.0,9,3,5,69.8,52.4,12.0,14.9,80.1,70.3,43.88333333333333,28.183333333333326,45.92916666666667
2026-05-14 10:00:00,84.1,43.4,16,965.4,4.5,270,0.0,10,3,5,73.1,79.1,27.1,12.0,92.1,61.3,54.06666666666666,33.03333333333333,45.637499999999996
2026-05-14 11:00:00,84.4,42.6,17,964.8,4.1,268,0.0,11,3,5,84.1,69.8,22.9,12.0,85.8,68.5,63.56666666666666,39.041666666666664,45.30416666666667
2026-05-14 12:00:00,67.2,41.6,18,964.8,14.5,149,0.0,12,3,5,84.4,73.1,52.4,12.0,85.1,35.8,73.81666666666666,45.074999999999996,45.24583333333334
2026-05-14 13:00:00,60.8,40.5,19,965.2,15.1,152,0.0,13,3,5,67.2,84.1,79.1,12.0,98.2,44.5,76.28333333333335,49.675000000000004,44.5
2026-05-14 14:00:00,61.9,38.8,22,965.8,14.6,151,0.0,14,3,5,60.8,84.4,69.8,12.0,63.0,77.6,73.23333333333333,53.74166666666667,42.94166666666666
2026-05-14 15:00:00,54.8,37.7,23,966.3,12.3,159,0.0,15,3,5,61.9,67.2,73.1,12.0,50.5,60.0,71.91666666666667,57.9,42.895833333333336
2026-05-14 16:00:00,51.5,36.6,26,967.0,10.9,161,0.0,16,3,5,54.8,60.8,84.1,27.1,59.8,60.6,68.86666666666666,61.46666666666667,43.074999999999996
2026-05-14 17:00:00,45.6,35.6,31,967.6,12.2,182,0.0,17,3,5,51.5,61.9,84.4,22.9,56.5,58.5,63.43333333333333,63.5,42.729166666666664
2026-05-14 18:00:00,35.3,35.4,36,966.6,12.3,195,0.0,18,3,5,45.6,54.8,67.2,52.4,46.0,30.7,56.96666666666667,65.39166666666667,42.275
2026-05-14 19:00:00,17.0,35.0,38,966.2,15.7,204,0.0,19,3,5,35.3,51.5,60.8,79.1,19.9,43.1,51.650000000000006,63.96666666666667,41.829166666666666
2026-05-14 20:00:00,12.0,34.2,38,966.1,20.4,207,0.0,20,3,5,17.0,45.6,61.9,69.8,27.1,18.3,44.35,58.791666666666664,41.708333333333336
2026-05-14 21:00:00,12.0,32.5,45,966.0,20.3,202,0.0,21,3,5,12.0,35.3,54.8,73.1,14.9,22.5,36.03333333333333,53.975,41.079166666666666
2026-05-14 22:00:00,15.8,31.7,50,966.1,13.0,194,0.0,22,3,5,12.0,17.0,51.5,84.1,12.0,26.5,28.899999999999995,48.88333333333333,40.958333333333336
2026-05-14 23:00:00,12.0,32.0,50,966.8,6.3,217,0.0,23,3,5,15.8,12.0,45.6,84.4,12.0,13.6,22.95,43.19166666666666,41.11666666666667
2026-05-15 00:00:00,12.0,31.9,49,967.2,14.7,209,0.0,0,4,5,12.0,12.0,35.3,67.2,12.0,12.0,17.349999999999998,37.15833333333333,41.11666666666667
2026-05-15 01:00:00,12.0,32.0,48,968.2,13.8,212,0.0,1,4,5,12.0,15.8,17.0,60.8,12.0,12.0,13.466666666666667,32.55833333333333,41.11666666666667
2026-05-15 02:00:00,12.0,33.5,41,969.3,15.5,216,0.0,2,4,5,12.0,12.0,12.0,61.9,12.0,20.3,12.633333333333333,28.491666666666664,41.11666666666667
2026-05-15 03:00:00,12.0,35.7,32,970.1,13.4,228,0.0,3,4,5,12.0,12.0,12.0,54.8,12.0,13.8,12.633333333333333,24.333333333333332,41.11666666666667
2026-05-15 04:00:00,12.0,37.7,25,970.3,11.7,238,0.0,4,4,5,12.0,12.0,15.8,51.5,27.1,12.0,12.633333333333333,20.76666666666667,41.11666666666667
2026-05-15 05:00:00,39.7,39.3,22,970.1,9.8,235,0.0,5,4,5,12.0,12.0,12.0,45.6,22.9,12.4,12.0,17.475,40.487500000000004
2026-05-15 06:00:00,54.2,40.5,20,969.6,8.6,241,0.0,6,4,5,39.7,12.0,12.0,35.3,52.4,31.4,16.616666666666667,16.983333333333334,41.1875
2026-05-15 07:00:00,70.9,42.1,17,968.7,8.1,245,0.0,7,4,5,54.2,12.0,12.0,17.0,79.1,58.4,23.650000000000002,18.558333333333334,41.262499999999996
2026-05-15 08:00:00,50.8,42.2,16,967.5,10.8,281,0.0,8,4,5,70.9,39.7,12.0,12.0,69.8,71.4,33.46666666666667,23.05,40.920833333333334
2026-05-15 09:00:00,70.6,42.4,16,966.5,13.1,295,0.0,9,4,5,50.8,54.2,12.0,12.0,73.1,80.1,39.93333333333334,26.28333333333333,40.12916666666666
2026-05-15 10:00:00,63.8,42.4,16,965.9,11.2,286,0.0,10,4,5,70.6,70.9,12.0,15.8,84.1,92.1,49.699999999999996,31.166666666666668,40.025
2026-05-15 11:00:00,84.6,42.5,15,965.3,11.5,280,0.0,11,4,5,63.8,50.8,39.7,12.0,84.4,85.8,58.333333333333336,35.166666666666664,39.17916666666667
2026-05-15 12:00:00,75.4,42.4,15,964.8,9.5,299,0.0,12,4,5,84.6,70.6,54.2,12.0,67.2,85.1,65.81666666666666,41.21666666666666,39.1875
2026-05-15 13:00:00,83.3,41.9,15,965.5,8.7,318,0.0,13,4,5,75.4,63.8,70.9,12.0,60.8,98.2,69.35,46.5,39.52916666666667
2026-05-15 14:00:00,54.8,41.1,15,966.0,10.4,346,0.0,14,4,5,83.3,84.6,50.8,12.0,61.9,63.0,71.41666666666667,52.44166666666666,40.46666666666667
2026-05-15 15:00:00,52.0,39.8,16,966.7,7.2,332,0.0,15,4,5,54.8,75.4,70.6,12.0,54.8,50.5,72.08333333333333,56.00833333333333,40.17083333333333
2026-05-15 16:00:00,76.3,38.1,17,967.2,5.6,249,0.0,16,4,5,52.0,83.3,63.8,12.0,51.5,59.8,68.98333333333333,59.34166666666667,40.05416666666667
2026-05-15 17:00:00,63.1,37.0,19,967.6,4.7,266,0.0,17,4,5,76.3,54.8,84.6,39.7,45.6,56.5,71.06666666666666,64.7,41.0875
2026-05-15 18:00:00,48.9,34.8,29,967.5,4.4,145,0.0,18,4,5,63.1,52.0,75.4,54.2,35.3,46.0,67.48333333333333,66.65,41.81666666666667
2026-05-15 19:00:00,51.4,33.2,34,967.0,4.7,133,0.0,19,4,5,48.9,76.3,83.3,70.9,17.0,19.9,63.06666666666666,66.20833333333333,42.38333333333333
2026-05-15 20:00:00,40.0,32.2,38,966.8,5.0,195,0.0,20,4,5,51.4,63.1,54.8,50.8,12.0,27.1,57.75,64.58333333333333,43.81666666666666
2026-05-15 21:00:00,22.4,32.3,34,966.6,8.6,237,0.0,21,4,5,40.0,48.9,52.0,70.6,12.0,14.9,55.28333333333334,63.68333333333333,44.98333333333333
2026-05-15 22:00:00,23.4,32.4,29,966.7,7.4,296,0.0,22,4,5,22.4,51.4,76.3,63.8,15.8,12.0,50.35,59.66666666666666,45.416666666666664
2026-05-15 23:00:00,27.4,31.4,32,967.1,9.5,333,0.0,23,4,5,23.4,40.0,63.1,84.6,12.0,12.0,41.53333333333334,56.300000000000004,45.73333333333334
2026-05-16 00:00:00,33.0,30.7,48,967.7,8.0,335,0.0,0,5,5,27.4,22.4,48.9,75.4,12.0,12.0,35.583333333333336,51.53333333333333,46.375
2026-05-16 01:00:00,12.0,30.8,48,968.4,8.0,354,0.0,1,5,5,33.0,23.4,51.4,83.3,12.0,12.0,32.93333333333334,48.0,47.25
2026-05-16 02:00:00,12.5,32.4,44,969.0,8.1,348,0.0,2,5,5,12.0,27.4,40.0,54.8,12.0,12.0,26.366666666666664,42.05833333333334,47.25
2026-05-16 03:00:00,15.5,35.0,33,969.7,12.8,350,0.0,3,5,5,12.5,33.0,22.4,52.0,12.0,12.0,21.78333333333333,38.53333333333333,47.270833333333336
2026-05-16 04:00:00,12.0,37.1,28,969.9,14.0,360,0.0,4,5,5,15.5,12.0,23.4,76.3,12.0,27.1,20.633333333333333,35.49166666666667,47.416666666666664
2026-05-16 05:00:00,38.8,38.8,29,969.9,11.5,20,0.0,5,5,5,12.0,12.5,27.4,63.1,39.7,22.9,18.733333333333334,30.133333333333336,47.416666666666664
2026-05-16 06:00:00,47.6,40.1,28,969.7,11.7,41,0.0,6,5,5,38.8,15.5,33.0,48.9,54.2,52.4,20.633333333333333,28.10833333333333,47.37916666666666
2026-05-16 07:00:00,53.5,41.1,25,969.2,9.7,50,0.0,7,5,5,47.6,12.0,12.0,51.4,70.9,79.1,23.066666666666666,28.0,47.104166666666664
2026-05-16 08:00:00,77.9,42.2,19,968.3,7.8,46,0.0,8,5,5,53.5,38.8,12.5,40.0,50.8,69.8,29.983333333333334,28.175,46.37916666666666
2026-05-16 09:00:00,67.3,42.8,18,967.6,7.5,60,0.0,9,5,5,77.9,47.6,15.5,22.4,70.6,73.1,40.88333333333333,31.333333333333332,47.508333333333326
2026-05-16 10:00:00,88.1,42.6,18,966.9,6.3,51,0.0,10,5,5,67.3,53.5,12.0,23.4,63.8,84.1,49.51666666666667,35.074999999999996,47.37083333333334
2026-05-16 11:00:00,78.4,42.0,19,966.3,6.1,43,0.0,11,5,5,88.1,77.9,38.8,27.4,84.6,84.4,62.199999999999996,40.46666666666667,48.38333333333333
2026-05-16 12:00:00,102.1,41.7,17,966.0,3.9,43,0.0,12,5,5,78.4,67.3,47.6,33.0,75.4,67.2,68.8,44.71666666666667,48.125
2026-05-16 13:00:00,80.2,40.6,19,966.3,6.8,119,0.0,13,5,5,102.1,88.1,53.5,12.0,83.3,60.8,77.88333333333334,50.475,49.237500000000004
2026-05-16 14:00:00,46.9,38.6,24,966.9,12.0,144,0.0,14,5,5,80.2,78.4,77.9,12.5,54.8,61.9,82.33333333333333,56.15833333333334,49.10833333333334
2026-05-16 15:00:00,46.2,38.3,25,967.5,10.1,133,0.0,15,5,5,46.9,102.1,67.3,15.5,52.0,54.8,77.16666666666667,59.025000000000006,48.77916666666666
2026-05-16 16:00:00,72.5,37.7,25,968.5,7.4,179,0.0,16,5,5,46.2,80.2,88.1,12.0,76.3,51.5,73.64999999999999,61.583333333333336,48.537499999999994
2026-05-16 17:00:00,39.9,36.3,27,969.4,11.8,174,0.0,17,5,5,72.5,46.9,78.4,38.8,63.1,45.6,71.05,66.625,48.37916666666666
2026-05-16 18:00:00,53.0,36.0,29,970.3,7.2,166,0.0,18,5,5,39.9,46.2,102.1,47.6,48.9,35.3,64.63333333333333,66.71666666666665,47.4125
2026-05-16 19:00:00,28.5,34.0,36,970.3,12.5,155,0.0,19,5,5,53.0,72.5,80.2,53.5,51.4,17.0,56.449999999999996,67.16666666666667,47.583333333333336
2026-05-16 20:00:00,12.0,33.1,43,969.6,12.2,163,0.0,20,5,5,28.5,39.9,46.9,77.9,40.0,12.0,47.833333333333336,65.08333333333333,46.62916666666667
2026-05-16 21:00:00,34.5,32.3,47,969.2,11.0,169,0.0,21,5,5,12.0,53.0,46.2,67.3,22.4,12.0,42.016666666666666,59.59166666666666,45.462500000000006
2026-05-16 22:00:00,12.0,31.7,51,969.2,11.2,176,0.0,22,5,5,34.5,28.5,72.5,88.1,23.4,15.8,40.06666666666667,56.85833333333333,45.96666666666667
2026-05-16 23:00:00,17.3,31.1,54,969.4,10.4,181,0.0,23,5,5,12.0,12.0,39.9,78.4,27.4,12.0,29.983333333333334,50.51666666666666,45.49166666666667
2026-05-17 00:00:00,12.0,29.5,60,970.3,9.2,169,0.0,0,6,5,17.3,34.5,53.0,102.1,33.0,12.0,26.216666666666665,45.425000000000004,45.07083333333333
2026-05-17 01:00:00,12.0,29.9,59,970.9,8.6,182,0.0,1,6,5,12.0,12.0,28.5,80.2,12.0,12.0,19.383333333333333,37.916666666666664,44.19583333333333
2026-05-17 02:00:00,26.8,31.4,54,971.2,9.7,192,0.0,2,6,5,12.0,17.3,12.0,46.9,12.5,12.0,16.633333333333336,32.233333333333334,44.19583333333333
2026-05-17 03:00:00,12.0,33.5,47,971.8,9.7,214,0.0,3,6,5,26.8,12.0,34.5,46.2,15.5,12.0,19.1,30.558333333333337,44.791666666666664
2026-05-17 04:00:00,23.3,35.8,39,972.1,7.7,233,0.0,4,6,5,12.0,12.0,12.0,72.5,12.0,12.0,15.35,27.708333333333332,44.645833333333336
2026-05-17 05:00:00,36.0,38.0,33,971.8,5.4,250,0.0,5,6,5,23.3,26.8,17.3,39.9,38.8,39.7,17.23333333333333,23.60833333333333,45.11666666666667
2026-05-17 06:00:00,36.3,39.7,26,971.1,4.7,317,0.0,6,6,5,36.0,12.0,12.0,53.0,47.6,54.2,20.349999999999998,23.28333333333333,45.0
2026-05-17 07:00:00,84.6,41.6,20,970.2,5.1,343,0.0,7,6,5,36.3,23.3,12.0,28.5,53.5,70.9,24.399999999999995,21.891666666666666,44.52916666666667
2026-05-17 08:00:00,88.1,42.6,15,969.0,7.2,346,0.0,8,6,5,84.6,36.0,26.8,12.0,77.9,50.8,36.5,26.566666666666663,45.824999999999996
2026-05-17 09:00:00,69.9,42.9,13,968.2,9.4,348,0.0,9,6,5,88.1,36.3,12.0,34.5,67.3,70.6,46.71666666666666,32.90833333333333,46.25
2026-05-17 10:00:00,38.2,43.0,13,967.2,10.1,349,0.0,10,6,5,69.9,84.6,23.3,12.0,88.1,63.8,56.36666666666667,35.85833333333333,46.35833333333333
2026-05-17 11:00:00,62.1,42.6,13,966.4,9.0,354,0.0,11,6,5,38.2,88.1,36.0,17.3,78.4,84.6,58.849999999999994,38.041666666666664,44.27916666666666
2026-05-17 12:00:00,83.1,42.7,13,966.1,6.8,3,0.0,12,6,5,62.1,69.9,36.3,12.0,102.1,75.4,63.20000000000001,41.775,43.6
2026-05-17 13:00:00,85.9,41.7,14,966.4,2.0,85,0.0,13,6,5,83.1,38.2,84.6,12.0,80.2,83.3,71.0,47.699999999999996,42.80833333333334
2026-05-17 14:00:00,54.5,39.6,19,967.0,8.4,164,0.0,14,6,5,85.9,62.1,88.1,26.8,46.9,54.8,71.21666666666665,53.85833333333333,43.04583333333333
2026-05-17 15:00:00,69.8,38.0,24,967.8,6.1,180,0.0,15,6,5,54.5,83.1,69.9,12.0,46.2,52.0,65.61666666666667,56.166666666666664,43.362500000000004
2026-05-17 16:00:00,79.5,37.3,25,968.8,1.7,13,0.0,16,6,5,69.8,85.9,38.2,23.3,72.5,76.3,65.6,60.98333333333334,44.34583333333333
2026-05-17 17:00:00,73.5,36.3,27,969.4,2.6,115,0.0,17,6,5,79.5,54.5,62.1,36.0,39.9,63.1,72.48333333333333,65.66666666666667,44.637499999999996
2026-05-17 18:00:00,19.4,35.6,30,969.2,7.9,181,0.0,18,6,5,73.5,69.8,83.1,36.3,53.0,48.9,74.38333333333333,68.79166666666667,46.0375
2026-05-17 19:00:00,28.7,34.5,32,968.7,10.4,212,0.0,19,6,5,19.4,79.5,85.9,84.6,28.5,51.4,63.76666666666667,67.38333333333334,44.63750000000001
2026-05-17 20:00:00,12.0,33.7,33,968.3,11.6,196,0.0,20,6,5,28.7,73.5,54.5,88.1,12.0,40.0,54.23333333333334,62.724999999999994,44.645833333333336
2026-05-17 21:00:00,12.0,32.9,36,967.9,13.5,196,0.0,21,6,5,12.0,19.4,69.8,69.9,34.5,22.4,47.15,56.383333333333326,44.645833333333336
2026-05-17 22:00:00,12.0,32.5,38,967.9,14.9,195,0.0,22,6,5,12.0,28.7,79.5,38.2,12.0,23.4,37.51666666666667,51.55833333333333,43.708333333333336
2026-05-17 23:00:00,12.0,32.2,42,968.2,16.0,199,0.0,23,6,5,12.0,12.0,73.5,62.1,17.3,27.4,26.26666666666667,49.375,43.708333333333336
2026-05-18 00:00:00,24.9,31.8,48,968.9,8.0,218,0.0,0,0,5,12.0,12.0,19.4,83.1,12.0,33.0,16.016666666666666,45.199999999999996,43.48749999999999
2026-05-18 01:00:00,37.4,32.2,49,969.7,6.5,199,0.0,1,0,5,24.9,12.0,28.7,85.9,12.0,12.0,16.933333333333334,40.35,44.025
2026-05-18 02:00:00,12.0,33.7,46,970.4,11.6,206,0.0,2,0,5,37.4,12.0,12.0,54.5,26.8,12.5,18.383333333333333,36.30833333333333,45.083333333333336
2026-05-18 03:00:00,12.0,35.6,41,970.6,14.0,213,0.0,3,0,5,12.0,24.9,12.0,69.8,12.0,15.5,18.383333333333333,32.76666666666666,44.46666666666666
2026-05-18 04:00:00,12.0,37.8,33,971.0,13.1,223,0.0,4,0,5,12.0,37.4,12.0,79.5,23.3,12.0,18.383333333333333,27.95,44.46666666666666
2026-05-18 05:00:00,23.8,39.7,27,971.0,9.8,229,0.0,5,0,5,12.0,12.0,12.0,73.5,36.0,38.8,18.383333333333333,22.325,43.99583333333334
2026-05-18 06:00:00,29.0,41.0,23,970.3,7.7,213,0.0,6,0,5,23.8,12.0,24.9,19.4,36.3,47.6,20.349999999999998,18.183333333333334,43.487500000000004
2026-05-18 07:00:00,56.2,42.4,17,969.6,5.6,211,0.0,7,0,5,29.0,12.0,37.4,28.7,84.6,53.5,21.03333333333333,18.983333333333334,43.18333333333334
2026-05-18 08:00:00,68.5,43.2,15,968.6,5.6,211,0.0,8,0,5,56.2,23.8,12.0,12.0,88.1,77.9,24.166666666666668,21.275,42.0
2026-05-18 09:00:00,66.2,43.8,14,967.4,5.9,230,0.0,9,0,5,68.5,29.0,12.0,12.0,69.9,67.3,33.583333333333336,25.98333333333333,41.18333333333333
2026-05-18 10:00:00,54.7,43.8,14,966.9,7.4,229,0.0,10,0,5,66.2,56.2,12.0,12.0,38.2,88.1,42.61666666666667,30.5,41.02916666666667
2026-05-18 11:00:00,71.9,43.5,13,966.3,7.8,214,0.0,11,0,5,54.7,68.5,23.8,12.0,62.1,78.4,49.73333333333333,34.05833333333333,41.71666666666666
2026-05-18 12:00:00,78.9,42.5,15,966.0,13.3,164,0.0,12,0,5,71.9,66.2,29.0,24.9,83.1,102.1,57.75,39.050000000000004,42.125
2026-05-18 13:00:00,62.8,41.1,17,966.8,12.5,157,0.0,13,0,5,78.9,54.7,56.2,37.4,85.9,80.2,66.06666666666666,43.550000000000004,41.95
2026-05-18 14:00:00,70.4,39.1,21,966.8,12.4,171,0.0,14,0,5,62.8,71.9,68.5,12.0,54.5,46.9,67.16666666666667,45.666666666666664,40.987500000000004
2026-05-18 15:00:00,36.6,38.1,22,967.4,13.0,177,0.0,15,0,5,70.4,78.9,66.2,12.0,69.8,46.2,67.48333333333333,50.53333333333334,41.65
2026-05-18 16:00:00,49.4,36.5,28,968.3,14.2,188,0.0,16,0,5,36.6,62.8,54.7,12.0,79.5,72.5,62.550000000000004,52.583333333333336,40.266666666666666
2026-05-18 17:00:00,43.0,35.7,32,968.8,12.6,197,0.0,17,0,5,49.4,70.4,71.9,23.8,73.5,39.9,61.66666666666668,55.70000000000001,39.012499999999996
2026-05-18 18:00:00,29.9,35.1,35,968.5,12.2,199,0.0,18,0,5,43.0,36.6,78.9,29.0,19.4,53.0,56.85,57.300000000000004,37.74166666666667
2026-05-18 19:00:00,43.7,34.5,36,968.3,12.7,212,0.0,19,0,5,29.9,49.4,62.8,56.2,28.7,28.5,48.68333333333334,57.375,38.17916666666667
2026-05-18 20:00:00,12.0,34.0,38,968.0,13.2,208,0.0,20,0,5,43.7,43.0,70.4,68.5,12.0,12.0,45.5,56.333333333333336,38.80416666666667
2026-05-18 21:00:00,12.0,33.5,40,967.8,14.5,212,0.0,21,0,5,12.0,29.9,36.6,66.2,12.0,34.5,35.766666666666666,51.625,38.80416666666667
2026-05-18 22:00:00,13.5,33.3,42,967.9,14.5,212,0.0,22,0,5,12.0,43.7,49.4,54.7,12.0,12.0,31.666666666666668,47.10833333333333,38.80416666666667
2026-05-18 23:00:00,12.0,33.0,44,968.3,14.3,211,0.0,23,0,5,13.5,12.0,43.0,71.9,12.0,17.3,25.683333333333337,43.675000000000004,38.86666666666667
2026-05-19 00:00:00,15.1,32.5,46,968.7,10.6,212,0.0,0,1,5,12.0,12.0,29.9,78.9,24.9,12.0,20.516666666666666,38.68333333333334,38.86666666666667
2026-05-19 01:00:00,12.0,32.7,46,969.4,7.3,200,0.0,1,1,5,15.1,13.5,43.7,62.8,37.4,12.0,18.05,33.36666666666667,38.458333333333336
2026-05-19 02:00:00,12.0,34.0,43,970.2,12.0,202,0.0,2,1,5,12.0,12.0,12.0,70.4,12.0,26.8,12.766666666666666,29.13333333333333,37.4
2026-05-19 03:00:00,12.0,35.9,38,970.7,13.6,215,0.0,3,1,5,12.0,15.1,12.0,36.6,12.0,12.0,12.766666666666666,24.266666666666666,37.4
2026-05-19 04:00:00,12.0,38.1,31,970.9,13.0,224,0.0,4,1,5,12.0,12.0,13.5,49.4,12.0,23.3,12.766666666666666,22.216666666666665,37.4
2026-05-19 05:00:00,52.9,39.9,26,970.8,11.1,228,0.0,5,1,5,12.0,12.0,12.0,43.0,23.8,36.0,12.516666666666666,19.1,37.4
2026-05-19 06:00:00,13.3,41.6,22,970.2,8.9,225,0.0,6,1,5,52.9,12.0,15.1,29.9,29.0,36.3,19.333333333333332,19.925,38.612500000000004
2026-05-19 07:00:00,47.4,42.8,19,969.5,7.5,224,0.0,7,1,5,13.3,12.0,12.0,43.7,56.2,84.6,19.033333333333335,18.541666666666668,37.958333333333336
2026-05-19 08:00:00,64.7,43.8,15,968.4,5.9,235,0.0,8,1,5,47.4,52.9,12.0,12.0,68.5,88.1,24.933333333333337,18.849999999999998,37.59166666666667
2026-05-19 09:00:00,71.8,44.6,13,967.3,5.2,272,0.0,9,1,5,64.7,13.3,12.0,12.0,66.2,69.9,33.71666666666667,23.241666666666664,37.43333333333333
2026-05-19 10:00:00,88.1,44.4,13,966.8,6.4,310,0.0,10,1,5,71.8,47.4,12.0,13.5,54.7,38.2,43.68333333333334,28.224999999999998,37.666666666666664
2026-05-19 11:00:00,82.0,43.9,13,966.3,5.6,356,0.0,11,1,5,88.1,64.7,52.9,12.0,71.9,62.1,56.36666666666667,34.44166666666666,39.05833333333334
2026-05-19 12:00:00,62.9,43.2,14,965.9,12.2,160,0.0,12,1,5,82.0,71.8,13.3,15.1,78.9,83.1,61.21666666666666,40.275,39.479166666666664
2026-05-19 13:00:00,55.6,41.2,16,966.3,13.6,168,0.0,13,1,5,62.9,88.1,47.4,12.0,62.8,85.9,69.48333333333333,44.25833333333333,38.8125
2026-05-19 14:00:00,58.3,40.2,17,966.9,9.8,142,0.0,14,1,5,55.6,82.0,64.7,12.0,70.4,54.5,70.85,47.89166666666667,38.512499999999996
2026-05-19 15:00:00,56.7,38.1,22,967.7,11.4,152,0.0,15,1,5,58.3,62.9,71.8,12.0,36.6,69.8,69.78333333333333,51.75,38.00833333333333
2026-05-19 16:00:00,52.0,37.0,25,968.4,9.4,193,0.0,16,1,5,56.7,55.6,88.1,12.0,49.4,79.5,67.26666666666667,55.475,38.84583333333333
2026-05-19 17:00:00,30.4,36.4,26,968.8,11.3,205,0.0,17,1,5,52.0,58.3,82.0,52.9,43.0,73.5,61.25,58.80833333333334,38.95416666666667
2026-05-19 18:00:00,32.7,36.0,28,968.7,9.0,196,0.0,18,1,5,30.4,56.7,62.9,13.3,29.9,19.4,52.650000000000006,56.93333333333334,38.42916666666667
2026-05-19 19:00:00,20.6,35.3,31,968.3,10.1,207,0.0,19,1,5,32.7,52.0,55.6,47.4,43.7,28.7,47.61666666666667,58.550000000000004,38.54583333333333
2026-05-19 20:00:00,22.1,34.8,32,967.8,11.4,206,0.0,20,1,5,20.6,30.4,58.3,64.7,12.0,12.0,41.78333333333333,56.31666666666666,37.583333333333336
2026-05-19 21:00:00,18.4,34.2,34,967.3,12.5,212,0.0,21,1,5,22.1,32.7,56.7,71.8,12.0,12.0,35.75,52.76666666666666,38.00416666666667
2026-05-19 22:00:00,12.0,33.7,36,967.2,12.8,231,0.0,22,1,5,18.4,20.6,52.0,88.1,13.5,12.0,29.36666666666667,48.31666666666666,38.270833333333336
2026-05-19 23:00:00,12.0,33.1,37,967.5,11.3,228,0.0,23,1,5,12.0,22.1,30.4,82.0,12.0,12.0,22.7,41.975,38.208333333333336
2026-05-20 00:00:00,18.5,31.9,41,967.3,5.1,253,0.0,0,2,5,12.0,18.4,32.7,62.9,15.1,24.9,19.633333333333333,36.14166666666667,38.208333333333336
2026-05-20 01:00:00,16.0,32.6,39,968.3,5.0,272,0.0,1,2,5,18.5,12.0,20.6,55.6,12.0,37.4,17.266666666666666,32.44166666666667,38.35
2026-05-20 02:00:00,12.0,35.0,28,969.2,9.0,308,0.0,2,2,5,16.0,12.0,22.1,58.3,12.0,12.0,16.5,29.14166666666667,38.516666666666666
2026-05-20 03:00:00,21.2,37.1,19,969.8,11.5,316,0.0,3,2,5,12.0,18.5,18.4,56.7,12.0,12.0,14.816666666666668,25.283333333333335,38.516666666666666
2026-05-20 04:00:00,31.4,39.0,16,970.0,12.9,328,0.0,4,2,5,21.2,16.0,12.0,52.0,12.0,12.0,15.283333333333333,22.325,38.9
2026-05-20 05:00:00,28.7,41.2,14,969.9,14.5,330,0.0,5,2,5,31.4,12.0,12.0,30.4,52.9,23.8,18.516666666666666,20.608333333333334,39.708333333333336
2026-05-20 06:00:00,47.0,43.1,13,969.1,11.4,345,0.0,6,2,5,28.7,21.2,18.5,32.7,13.3,29.0,21.3,20.466666666666665,38.699999999999996
2026-05-20 07:00:00,68.9,44.1,12,968.6,7.0,350,0.0,7,2,5,47.0,31.4,16.0,20.6,47.4,56.2,26.05,21.65833333333333,40.104166666666664
2026-05-20 08:00:00,68.6,44.7,12,967.7,4.4,348,0.0,8,2,5,68.9,28.7,12.0,22.1,64.7,68.5,34.86666666666667,25.683333333333334,41.0
2026-05-20 09:00:00,73.6,44.8,11,966.6,4.7,344,0.0,9,2,5,68.6,47.0,21.2,18.4,71.8,66.2,44.300000000000004,29.558333333333337,41.1625
2026-05-20 10:00:00,70.9,44.1,12,966.0,7.4,354,0.0,10,2,5,73.6,68.9,31.4,12.0,88.1,54.7,53.03333333333333,34.15833333333333,41.2375
2026-05-20 11:00:00,73.6,43.4,12,965.6,10.4,11,0.0,11,2,5,70.9,68.6,28.7,12.0,82.0,71.9,59.61666666666667,39.06666666666666,40.520833333333336
2026-05-20 12:00:00,84.0,44.1,10,965.4,12.0,343,0.0,12,2,5,73.6,73.6,47.0,18.5,62.9,78.9,67.1,44.199999999999996,40.17083333333333
2026-05-20 13:00:00,61.7,42.9,12,965.8,15.2,313,0.0,13,2,5,84.0,70.9,68.9,16.0,55.6,62.8,73.26666666666667,49.65833333333333,41.05
2026-05-20 14:00:00,23.5,41.4,15,966.4,17.2,320,0.0,14,2,5,61.7,73.6,68.6,12.0,58.3,70.4,72.06666666666666,53.46666666666667,41.30416666666667
2026-05-20 15:00:00,63.3,40.1,16,967.0,12.3,328,0.0,15,2,5,23.5,84.0,73.6,21.2,56.7,36.6,64.55,54.425000000000004,39.854166666666664
2026-05-20 16:00:00,51.3,39.1,18,967.5,8.5,332,0.0,16,2,5,63.3,61.7,70.9,31.4,52.0,49.4,62.833333333333336,57.93333333333334,40.12916666666666
2026-05-20 17:00:00,40.6,38.2,18,968.0,4.2,340,0.0,17,2,5,51.3,23.5,73.6,28.7,30.4,43.0,59.56666666666666,59.59166666666666,40.1
2026-05-20 18:00:00,31.6,37.0,20,967.7,13.1,316,0.0,18,2,5,40.6,63.3,84.0,47.0,32.7,29.9,54.06666666666667,60.583333333333336,40.525
2026-05-20 19:00:00,25.1,36.0,22,967.3,13.8,317,0.0,19,2,5,31.6,51.3,61.7,68.9,20.6,43.7,45.333333333333336,59.300000000000004,40.479166666666664
2026-05-20 20:00:00,12.0,35.3,25,966.9,13.1,319,0.0,20,2,5,25.1,40.6,23.5,68.6,22.1,12.0,39.233333333333334,55.650000000000006,40.666666666666664
2026-05-20 21:00:00,12.0,34.8,26,966.8,12.6,323,0.0,21,2,5,12.0,31.6,63.3,73.6,18.4,12.0,37.31666666666667,50.93333333333334,40.24583333333333
2026-05-20 22:00:00,12.0,34.3,27,967.1,11.1,324,0.0,22,2,5,12.0,25.1,51.3,70.9,12.0,13.5,28.76666666666667,45.800000000000004,39.979166666666664
2026-05-20 23:00:00,12.0,34.0,27,967.9,11.7,333,0.0,23,2,5,12.0,12.0,40.6,73.6,12.0,12.0,22.21666666666667,40.89166666666667,39.979166666666664
2026-05-21 00:00:00,15.5,34.0,26,968.2,16.3,337,0.0,0,3,5,12.0,12.0,31.6,84.0,18.5,15.1,17.450000000000003,35.75833333333333,39.979166666666664
2026-05-21 01:00:00,12.0,34.1,27,969.1,13.7,333,0.0,1,3,5,15.5,12.0,25.1,61.7,16.0,12.0,14.766666666666666,30.05,39.854166666666664
2026-05-21 02:00:00,12.0,35.4,25,970.0,14.6,333,0.0,2,3,5,12.0,12.0,12.0,23.5,12.0,12.0,12.583333333333334,25.908333333333335,39.6875
2026-05-21 03:00:00,12.0,37.2,22,970.4,15.4,336,0.0,3,3,5,12.0,15.5,12.0,63.3,21.2,12.0,12.583333333333334,24.950000000000003,39.6875
2026-05-21 04:00:00,15.7,39.4,18,970.7,15.7,336,0.0,4,3,5,12.0,12.0,12.0,51.3,31.4,12.0,12.583333333333334,20.675,39.30416666666667
2026-05-21 05:00:00,25.0,41.1,17,970.8,15.3,341,0.0,5,3,5,15.7,12.0,12.0,40.6,28.7,52.9,13.200000000000001,17.708333333333336,38.65
2026-05-21 06:00:00,18.4,42.7,15,970.3,13.0,350,0.0,6,3,5,25.0,12.0,15.5,31.6,47.0,13.3,15.366666666666667,16.408333333333335,38.49583333333334
2026-05-21 07:00:00,40.0,43.7,14,969.6,11.3,350,0.0,7,3,5,18.4,15.7,12.0,25.1,68.9,47.4,15.85,15.308333333333332,37.30416666666667
2026-05-21 08:00:00,51.4,43.7,14,968.9,10.3,344,0.0,8,3,5,40.0,25.0,12.0,12.0,68.6,64.7,20.516666666666666,16.55,36.1
2026-05-21 09:00:00,55.5,44.1,13,967.9,9.8,346,0.0,9,3,5,51.4,18.4,12.0,12.0,73.6,71.8,27.083333333333332,19.833333333333332,35.38333333333333
2026-05-21 10:00:00,48.1,43.7,13,967.2,10.9,19,0.0,10,3,5,55.5,40.0,15.7,12.0,70.9,88.1,34.333333333333336,23.458333333333332,34.62916666666667
2026-05-21 11:00:00,59.8,43.5,13,966.8,12.1,40,0.0,11,3,5,48.1,51.4,25.0,12.0,73.6,82.0,39.733333333333334,26.46666666666667,33.67916666666667
2026-05-21 12:00:00,47.7,43.4,12,966.4,10.9,33,0.0,12,3,5,59.8,55.5,18.4,15.5,84.0,62.9,45.53333333333333,30.45,33.104166666666664
2026-05-21 13:00:00,93.7,42.7,12,967.1,7.4,29,0.0,13,3,5,47.7,48.1,40.0,12.0,61.7,55.6,50.416666666666664,33.13333333333333,31.59166666666667
2026-05-21 14:00:00,72.0,41.0,16,967.8,11.9,329,0.0,14,3,5,93.7,59.8,51.4,12.0,23.5,58.3,59.36666666666667,39.94166666666667,32.925000000000004
2026-05-21 15:00:00,62.8,39.7,19,968.5,11.8,322,0.0,15,3,5,72.0,47.7,55.5,12.0,63.3,56.7,62.800000000000004,44.94166666666666,34.94583333333333
2026-05-21 16:00:00,47.2,38.8,20,969.0,12.2,333,0.0,16,3,5,62.8,93.7,48.1,15.7,51.3,52.0,64.01666666666667,49.175000000000004,34.925000000000004
2026-05-21 17:00:00,66.4,38.0,21,969.4,5.2,12,0.0,17,3,5,47.2,72.0,59.8,25.0,40.6,30.4,63.86666666666667,51.79999999999999,34.75416666666666
2026-05-21 18:00:00,43.6,36.9,23,969.2,3.6,93,0.0,18,3,5,66.4,62.8,47.7,18.4,31.6,32.7,64.96666666666667,55.25,35.82916666666667
2026-05-21 19:00:00,59.5,36.1,26,968.9,1.7,41,0.0,19,3,5,43.6,47.2,93.7,40.0,25.1,20.6,64.28333333333333,57.35,36.32916666666667
2026-05-21 20:00:00,41.5,35.7,25,968.5,7.1,311,0.0,20,3,5,59.5,66.4,72.0,51.4,12.0,22.1,58.583333333333336,58.975,37.7625
2026-05-21 21:00:00,21.6,35.1,26,968.4,10.3,317,0.0,21,3,5,41.5,43.6,62.8,55.5,12.0,18.4,53.5,58.150000000000006,38.99166666666667
2026-05-21 22:00:00,12.0,34.3,27,968.5,10.2,321,0.0,22,3,5,21.6,59.5,47.2,48.1,12.0,12.0,46.63333333333333,55.324999999999996,39.391666666666666
2026-05-21 23:00:00,12.0,33.9,27,969.1,11.4,331,0.0,23,3,5,12.0,41.5,66.4,59.8,12.0,12.0,40.76666666666667,52.31666666666666,39.391666666666666
2026-05-22 00:00:00,12.0,33.6,26,969.3,14.2,336,0.0,0,4,5,12.0,21.6,43.6,47.7,15.5,18.5,31.7,48.333333333333336,39.391666666666666
2026-05-22 01:00:00,12.0,33.9,26,970.4,11.0,336,0.0,1,4,5,12.0,12.0,59.5,93.7,12.0,16.0,26.433333333333334,45.35833333333333,39.24583333333333
2026-05-22 02:00:00,12.0,35.6,24,971.2,12.3,333,0.0,2,4,5,12.0,12.0,41.5,72.0,12.0,12.0,18.516666666666666,38.550000000000004,39.24583333333333
2026-05-22 03:00:00,12.0,37.9,19,971.7,15.4,339,0.0,3,4,5,12.0,12.0,21.6,62.8,12.0,21.2,13.6,33.550000000000004,39.24583333333333
2026-05-22 04:00:00,12.0,40.2,14,972.2,16.5,349,0.0,4,4,5,12.0,12.0,12.0,47.2,15.7,31.4,12.0,29.316666666666666,39.24583333333333
2026-05-22 05:00:00,20.0,42.0,12,972.3,15.8,1,0.0,5,4,5,12.0,12.0,12.0,66.4,25.0,28.7,12.0,26.383333333333336,39.09166666666666
2026-05-22 06:00:00,65.9,42.6,11,971.8,14.0,360,0.0,6,4,5,20.0,12.0,12.0,43.6,18.4,47.0,13.333333333333334,22.516666666666666,38.88333333333333
2026-05-22 07:00:00,38.0,43.7,11,971.4,11.8,354,0.0,7,4,5,65.9,12.0,12.0,59.5,40.0,68.9,22.316666666666666,24.375,40.862500000000004
2026-05-22 08:00:00,56.6,44.0,11,970.4,10.9,343,0.0,8,4,5,38.0,20.0,12.0,41.5,51.4,68.6,26.650000000000002,22.583333333333332,40.77916666666667
2026-05-22 09:00:00,43.0,44.3,11,969.6,11.1,347,0.0,9,4,5,56.6,65.9,12.0,21.6,55.5,73.6,34.083333333333336,23.84166666666667,40.99583333333333
2026-05-22 10:00:00,67.2,43.9,12,969.0,12.5,18,0.0,10,4,5,43.0,38.0,12.0,12.0,48.1,70.9,39.25,25.625,40.475
2026-05-22 11:00:00,64.8,43.8,11,968.5,13.2,28,0.0,11,4,5,67.2,56.6,20.0,12.0,59.8,73.6,48.45000000000001,30.224999999999998,41.270833333333336
2026-05-22 12:00:00,81.6,43.7,12,968.0,9.6,6,0.0,12,4,5,64.8,43.0,65.9,12.0,47.7,84.0,55.916666666666664,34.625,41.479166666666664
2026-05-22 13:00:00,47.1,42.5,13,968.4,9.9,355,0.0,13,4,5,81.6,67.2,38.0,12.0,93.7,61.7,58.53333333333334,40.425,42.89166666666667
2026-05-22 14:00:00,59.5,41.3,14,969.0,12.7,331,0.0,14,4,5,47.1,64.8,56.6,12.0,72.0,23.5,60.050000000000004,43.349999999999994,40.949999999999996
2026-05-22 15:00:00,65.4,40.1,16,970.1,12.6,323,0.0,15,4,5,59.5,81.6,43.0,12.0,62.8,63.3,60.53333333333333,47.30833333333333,40.42916666666667
2026-05-22 16:00:00,61.1,39.4,16,970.6,10.5,341,0.0,16,4,5,65.4,47.1,67.2,12.0,47.2,51.3,64.26666666666667,51.75833333333333,40.5375
2026-05-22 17:00:00,47.4,38.6,17,971.0,5.4,346,0.0,17,4,5,61.1,59.5,64.8,20.0,66.4,40.6,63.25,55.85,41.11666666666667
2026-05-22 18:00:00,42.3,37.8,18,970.7,3.3,264,0.0,18,4,5,47.4,65.4,81.6,65.9,43.6,31.6,60.35,58.13333333333333,40.324999999999996
2026-05-22 19:00:00,26.4,37.0,19,970.3,6.1,275,0.0,19,4,5,42.3,61.1,47.1,38.0,59.5,25.1,53.800000000000004,56.166666666666664,40.270833333333336
2026-05-22 20:00:00,24.0,36.6,20,969.9,8.7,307,0.0,20,4,5,26.4,47.4,59.5,56.6,41.5,12.0,50.35,55.199999999999996,38.891666666666666
2026-05-22 21:00:00,27.1,35.9,23,969.6,13.0,329,0.0,21,4,5,24.0,42.3,65.4,43.0,21.6,12.0,44.43333333333334,52.48333333333333,38.1625
2026-05-22 22:00:00,12.0,35.3,26,969.9,13.2,328,0.0,22,4,5,27.1,26.4,61.1,67.2,12.0,12.0,38.050000000000004,51.15833333333333,38.39166666666667
2026-05-22 23:00:00,12.0,34.6,27,970.3,11.7,339,0.0,23,4,5,12.0,24.0,47.4,64.8,12.0,12.0,29.866666666666664,46.55833333333334,38.39166666666667
2026-05-23 00:00:00,12.0,34.5,27,970.8,18.9,324,0.0,0,5,5,12.0,27.1,42.3,81.6,12.0,15.5,23.96666666666667,42.15833333333333,38.39166666666667
2026-05-23 01:00:00,12.0,34.6,26,971.4,21.2,324,0.0,1,5,5,12.0,12.0,26.4,47.1,12.0,12.0,18.916666666666668,36.358333333333334,38.39166666666667
2026-05-23 02:00:00,12.0,35.7,25,972.2,20.1,324,0.0,2,5,5,12.0,12.0,24.0,59.5,12.0,12.0,16.516666666666666,33.43333333333333,38.39166666666667
2026-05-23 03:00:00,12.0,37.5,22,972.7,21.7,328,0.0,3,5,5,12.0,12.0,27.1,65.4,12.0,12.0,14.516666666666666,29.474999999999998,38.39166666666667
2026-05-23 04:00:00,12.0,39.5,18,973.1,23.2,330,0.0,4,5,5,12.0,12.0,12.0,61.1,12.0,15.7,12.0,25.024999999999995,38.39166666666667
2026-05-23 05:00:00,12.0,40.8,16,973.1,20.9,336,0.0,5,5,5,12.0,12.0,12.0,47.4,20.0,25.0,12.0,20.933333333333334,38.39166666666667
2026-05-23 06:00:00,35.6,42.4,14,972.2,16.4,339,0.0,6,5,5,12.0,12.0,12.0,42.3,65.9,18.4,12.0,17.983333333333334,38.05833333333334
2026-05-23 07:00:00,32.5,43.2,14,971.3,15.3,329,0.0,7,5,5,35.6,12.0,12.0,26.4,38.0,40.0,15.933333333333332,17.425,36.79583333333333
2026-05-23 08:00:00,22.8,43.5,13,970.5,16.5,322,0.0,8,5,5,32.5,12.0,12.0,24.0,56.6,51.4,19.349999999999998,17.933333333333334,36.56666666666666
2026-05-23 09:00:00,40.2,43.1,14,969.9,17.6,314,0.0,9,5,5,22.8,35.6,12.0,27.1,43.0,55.5,21.150000000000002,17.833333333333332,35.15833333333334
2026-05-23 10:00:00,51.7,42.8,14,969.4,15.7,317,0.0,10,5,5,40.2,32.5,12.0,12.0,67.2,48.1,25.850000000000005,18.925,35.041666666666664
2026-05-23 11:00:00,38.1,42.5,15,969.1,17.3,322,0.0,11,5,5,51.7,22.8,12.0,12.0,64.8,59.8,32.46666666666667,22.233333333333334,34.395833333333336
2026-05-23 12:00:00,29.2,41.9,15,968.7,18.5,327,0.0,12,5,5,38.1,40.2,35.6,12.0,81.6,47.7,36.81666666666667,24.408333333333335,33.28333333333334
2026-05-23 13:00:00,38.1,40.7,16,969.1,17.6,331,0.0,13,5,5,29.2,51.7,32.5,12.0,47.1,93.7,35.75000000000001,25.84166666666667,31.100000000000005
2026-05-23 14:00:00,46.7,39.7,17,969.5,13.5,337,0.0,14,5,5,38.1,38.1,22.8,12.0,59.5,72.0,36.68333333333334,28.01666666666667,30.724999999999998
2026-05-23 15:00:00,52.7,39.0,18,969.9,14.2,309,0.0,15,5,5,46.7,29.2,40.2,12.0,65.4,62.8,40.666666666666664,30.908333333333335,30.191666666666666
2026-05-23 16:00:00,49.6,38.0,20,970.4,13.8,291,0.0,16,5,5,52.7,38.1,51.7,12.0,61.1,47.2,42.75,34.300000000000004,29.662500000000005
2026-05-23 17:00:00,60.1,36.7,23,970.6,12.4,280,0.0,17,5,5,49.6,46.7,38.1,12.0,47.4,66.4,42.4,37.43333333333334,29.183333333333334
2026-05-23 18:00:00,52.5,36.2,24,970.1,9.9,274,0.0,18,5,5,60.1,52.7,29.2,35.6,42.3,43.6,46.06666666666667,41.44166666666667,29.712500000000002
2026-05-23 19:00:00,49.7,35.3,26,969.6,10.3,263,0.0,19,5,5,52.5,49.6,38.1,32.5,26.4,59.5,49.949999999999996,42.85,30.1375
2026-05-23 20:00:00,12.0,34.8,26,969.7,13.0,269,0.0,20,5,5,49.7,60.1,46.7,22.8,24.0,41.5,51.88333333333335,44.28333333333333,31.108333333333334
2026-05-23 21:00:00,12.0,34.9,24,969.6,17.3,285,0.0,21,5,5,12.0,52.5,52.7,40.2,27.1,21.6,46.1,43.38333333333333,30.608333333333334
2026-05-23 22:00:00,12.0,34.0,25,969.8,18.4,297,0.0,22,5,5,12.0,49.7,49.6,51.7,12.0,12.0,39.31666666666667,41.03333333333334,29.979166666666668
2026-05-23 23:00:00,12.0,33.5,27,970.2,17.3,309,0.0,23,5,5,12.0,12.0,60.1,38.1,12.0,12.0,33.050000000000004,37.725,29.979166666666668
2026-05-24 00:00:00,12.0,33.2,29,970.9,18.5,310,0.0,0,6,5,12.0,12.0,52.5,29.2,12.0,12.0,25.03333333333333,35.550000000000004,29.979166666666668
2026-05-24 01:00:00,12.0,33.6,28,971.4,15.1,315,0.0,1,6,5,12.0,12.0,49.7,38.1,12.0,12.0,18.283333333333335,34.11666666666667,29.979166666666668
2026-05-24 02:00:00,13.3,35.0,27,971.9,15.8,317,0.0,2,6,5,12.0,12.0,12.0,46.7,12.0,12.0,12.0,31.941666666666666,29.979166666666668
2026-05-24 03:00:00,12.0,37.0,25,972.4,17.3,321,0.0,3,6,5,13.3,12.0,12.0,52.7,12.0,12.0,12.216666666666667,29.158333333333335,30.03333333333333
2026-05-24 04:00:00,12.0,39.4,21,972.8,17.2,329,0.0,4,6,5,12.0,12.0,12.0,49.6,12.0,12.0,12.216666666666667,25.76666666666667,30.03333333333333
2026-05-24 05:00:00,12.0,41.3,17,972.8,17.9,341,0.0,5,6,5,12.0,13.3,12.0,60.1,12.0,20.0,12.216666666666667,22.633333333333336,30.03333333333333
2026-05-24 06:00:00,12.0,42.3,15,972.3,15.7,347,0.0,6,6,5,12.0,12.0,12.0,52.5,35.6,65.9,12.216666666666667,18.625,30.03333333333333
2026-05-24 07:00:00,49.4,43.4,13,971.6,13.6,355,0.0,7,6,5,12.0,12.0,12.0,49.7,32.5,38.0,12.216666666666667,15.25,29.05
2026-05-24 08:00:00,56.8,43.2,13,970.6,15.8,15,0.0,8,6,5,49.4,12.0,13.3,12.0,22.8,56.6,18.45,15.225000000000001,29.754166666666674
2026-05-24 09:00:00,19.7,42.8,14,969.8,18.5,32,0.0,9,6,5,56.8,12.0,12.0,12.0,40.2,43.0,25.7,18.958333333333332,31.170833333333334
2026-05-24 10:00:00,41.7,42.4,14,969.2,16.6,23,0.0,10,6,5,19.7,49.4,12.0,12.0,51.7,67.2,26.983333333333334,19.599999999999998,30.316666666666666
2026-05-24 11:00:00,58.6,42.2,13,968.9,13.5,357,0.0,11,6,5,41.7,56.8,12.0,12.0,38.1,64.8,31.933333333333337,22.075,29.900000000000002
2026-05-24 12:00:00,65.2,42.8,12,968.4,10.3,2,0.0,12,6,5,58.6,19.7,12.0,12.0,29.2,81.6,39.7,25.958333333333332,30.754166666666666
2026-05-24 13:00:00,74.4,42.0,13,968.9,8.7,328,0.0,13,6,5,65.2,41.7,49.4,12.0,38.1,47.1,48.56666666666666,30.391666666666666,32.25416666666666
2026-05-24 14:00:00,53.7,40.8,15,969.4,12.3,323,0.0,14,6,5,74.4,58.6,56.8,13.3,46.7,59.5,52.73333333333333,35.59166666666667,33.76666666666667
2026-05-24 15:00:00,51.9,40.3,16,970.1,12.3,323,0.0,15,6,5,53.7,65.2,19.7,12.0,52.7,65.4,52.21666666666667,38.958333333333336,34.05833333333333
2026-05-24 16:00:00,62.6,39.1,18,970.4,10.7,323,0.0,16,6,5,51.9,74.4,41.7,12.0,49.6,61.1,57.583333333333336,42.28333333333333,34.025
2026-05-24 17:00:00,71.2,38.2,19,970.7,4.8,340,0.0,17,6,5,62.6,53.7,58.6,12.0,60.1,47.4,61.06666666666667,46.5,34.56666666666667
2026-05-24 18:00:00,55.1,36.7,28,970.4,0.8,297,0.0,18,6,5,71.2,51.9,65.2,12.0,52.5,42.3,63.166666666666664,51.43333333333334,35.02916666666667
2026-05-24 19:00:00,52.6,35.7,22,969.9,5.5,311,0.0,19,6,5,55.1,62.6,74.4,49.4,49.7,26.4,61.48333333333334,55.025,35.1375
2026-05-24 20:00:00,40.6,34.7,24,969.8,10.1,320,0.0,20,6,5,52.6,71.2,53.7,56.8,12.0,24.0,57.849999999999994,55.291666666666664,35.25833333333333
2026-05-24 21:00:00,24.5,34.1,25,969.6,12.1,327,0.0,21,6,5,40.6,55.1,51.9,19.7,12.0,27.1,55.666666666666664,53.94166666666667,36.449999999999996
2026-05-24 22:00:00,12.0,34.0,27,969.9,13.1,322,0.0,22,6,5,24.5,52.6,62.6,41.7,12.0,12.0,51.1,54.34166666666667,36.97083333333333
2026-05-24 23:00:00,12.0,33.7,29,970.1,14.0,317,0.0,23,6,5,12.0,40.6,71.2,58.6,12.0,12.0,42.666666666666664,51.86666666666667,36.97083333333333
2026-05-25 00:00:00,12.0,33.5,31,970.3,15.2,323,0.0,0,0,5,12.0,24.5,55.1,65.2,12.0,12.0,32.800000000000004,47.98333333333334,36.97083333333333
2026-05-25 01:00:00,12.0,34.0,29,970.9,13.6,321,0.0,1,0,5,12.0,12.0,52.6,74.4,12.0,12.0,25.61666666666667,43.550000000000004,36.97083333333333
2026-05-25 02:00:00,12.0,35.5,27,971.7,14.8,321,0.0,2,0,5,12.0,12.0,40.6,53.7,13.3,12.0,18.849999999999998,38.35,36.97083333333333
2026-05-25 03:00:00,12.0,37.4,24,972.5,16.1,326,0.0,3,0,5,12.0,12.0,24.5,51.9,12.0,12.0,14.083333333333334,34.875,36.916666666666664
2026-05-25 04:00:00,14.0,39.5,22,972.6,16.5,332,0.0,4,0,5,12.0,12.0,12.0,62.6,12.0,12.0,12.0,31.55,36.916666666666664
2026-05-25 05:00:00,26.1,41.6,18,972.6,14.3,336,0.0,5,0,5,14.0,12.0,12.0,71.2,12.0,12.0,12.333333333333334,27.5,37.0
2026-05-25 06:00:00,63.2,42.8,14,971.9,8.7,347,0.0,6,0,5,26.1,12.0,12.0,55.1,12.0,35.6,14.683333333333332,23.741666666666664,37.5875
2026-05-25 07:00:00,82.8,43.7,13,970.8,4.9,343,0.0,7,0,5,63.2,14.0,12.0,52.6,49.4,32.5,23.21666666666667,24.416666666666668,39.72083333333334
2026-05-25 08:00:00,52.5,44.2,12,969.8,6.8,357,0.0,8,0,5,82.8,26.1,12.0,40.6,56.8,22.8,35.016666666666666,26.933333333333334,41.112500000000004
2026-05-25 09:00:00,37.8,43.7,12,968.8,13.8,6,0.0,9,0,5,52.5,63.2,12.0,24.5,19.7,40.2,41.766666666666666,27.925,40.93333333333333
2026-05-25 10:00:00,70.0,43.4,10,968.5,13.9,3,0.0,10,0,5,37.8,82.8,14.0,12.0,41.7,51.7,46.06666666666666,29.033333333333335,41.68750000000001
2026-05-25 11:00:00,66.8,43.3,9,968.1,9.6,26,0.0,11,0,5,70.0,52.5,26.1,12.0,58.6,38.1,55.4,33.86666666666667,42.86666666666667
2026-05-25 12:00:00,71.4,43.1,11,967.6,7.7,181,0.0,12,0,5,66.8,37.8,63.2,12.0,65.2,29.2,62.18333333333333,38.43333333333334,43.208333333333336
2026-05-25 13:00:00,50.4,41.1,16,967.9,15.1,177,0.0,13,0,5,71.4,70.0,82.8,12.0,74.4,38.1,63.54999999999999,43.38333333333333,43.46666666666667
2026-05-25 14:00:00,46.3,40.0,17,968.6,14.6,199,0.0,14,0,5,50.4,66.8,52.5,12.0,53.7,46.7,58.150000000000006,46.583333333333336,42.46666666666666
2026-05-25 15:00:00,69.7,38.8,19,969.2,8.8,224,0.0,15,0,5,46.3,71.4,37.8,12.0,51.9,52.7,57.11666666666667,49.44166666666667,42.15833333333334
2026-05-25 16:00:00,76.2,38.3,20,969.8,7.7,229,0.0,16,0,5,69.7,50.4,70.0,14.0,62.6,49.6,62.43333333333334,54.25,42.9
2026-05-25 17:00:00,45.1,37.9,20,970.1,7.7,239,0.0,17,0,5,76.2,46.3,66.8,26.1,71.2,60.1,63.46666666666667,59.43333333333334,43.46666666666667
2026-05-25 18:00:00,40.0,38.0,19,970.2,10.0,288,0.0,18,0,5,45.1,69.7,71.4,63.2,55.1,52.5,59.85,61.01666666666667,42.37916666666667
2026-05-25 19:00:00,31.3,37.2,20,969.8,10.8,259,0.0,19,0,5,40.0,76.2,50.4,82.8,52.6,49.7,54.616666666666674,59.083333333333336,41.75
2026-05-25 20:00:00,12.8,35.7,24,969.6,14.8,237,0.0,20,0,5,31.3,45.1,46.3,52.5,40.6,12.0,51.43333333333334,54.791666666666664,40.8625
2026-05-25 21:00:00,12.0,35.0,27,969.9,12.1,270,0.0,21,0,5,12.8,40.0,69.7,37.8,24.5,12.0,45.85,51.48333333333333,39.70416666666667
2026-05-25 22:00:00,41.5,34.6,28,969.9,11.1,300,0.0,22,0,5,12.0,31.3,76.2,70.0,12.0,12.0,36.233333333333334,49.333333333333336,39.18333333333334
2026-05-25 23:00:00,12.0,34.7,31,970.3,14.6,303,0.0,23,0,5,41.5,12.8,45.1,66.8,12.0,12.0,30.45,46.958333333333336,40.4125
2026-05-26 00:00:00,12.0,33.7,34,970.6,15.1,288,0.0,0,1,5,12.0,12.0,40.0,71.4,12.0,12.0,24.933333333333334,42.391666666666666,40.4125
2026-05-26 01:00:00,12.0,34.0,35,971.4,12.3,285,0.0,1,1,5,12.0,41.5,31.3,50.4,12.0,12.0,20.266666666666666,37.44166666666667,40.4125
2026-05-26 02:00:00,12.0,35.2,33,972.2,15.8,294,0.0,2,1,5,12.0,12.0,12.8,46.3,12.0,13.3,17.05,34.24166666666667,40.4125
2026-05-26 03:00:00,12.0,36.5,32,973.0,15.3,306,0.0,3,1,5,12.0,12.0,12.0,69.7,12.0,12.0,16.916666666666668,31.383333333333336,40.4125
2026-05-26 04:00:00,12.2,38.3,28,973.3,11.1,309,0.0,4,1,5,12.0,12.0,41.5,76.2,14.0,12.0,16.916666666666668,26.575,40.4125
2026-05-26 05:00:00,28.5,39.8,26,973.2,10.2,291,0.0,5,1,5,12.2,12.0,12.0,45.1,26.1,12.0,12.033333333333333,21.241666666666664,40.3375
2026-05-26 06:00:00,24.1,41.8,21,972.4,10.6,316,0.0,6,1,5,28.5,12.0,12.0,40.0,63.2,12.0,14.783333333333333,19.85833333333333,40.4375
2026-05-26 07:00:00,34.7,42.7,18,971.2,10.7,329,0.0,7,1,5,24.1,12.2,12.0,31.3,82.8,49.4,16.8,18.533333333333335,38.80833333333333
2026-05-26 08:00:00,55.9,42.7,17,970.2,11.3,329,0.0,8,1,5,34.7,28.5,12.0,12.8,52.5,56.8,20.583333333333332,18.816666666666666,36.80416666666667
2026-05-26 09:00:00,59.3,43.0,15,969.3,9.0,308,0.0,9,1,5,55.9,24.1,12.0,12.0,37.8,19.7,27.900000000000002,22.40833333333333,36.94583333333333
2026-05-26 10:00:00,77.1,43.5,15,968.6,7.5,281,0.0,10,1,5,59.3,34.7,12.2,41.5,70.0,41.7,35.78333333333333,26.349999999999998,37.84166666666666
2026-05-26 11:00:00,80.0,43.0,15,968.4,9.2,287,0.0,11,1,5,77.1,55.9,28.5,12.0,66.8,58.6,46.6,29.316666666666663,38.137499999999996
2026-05-26 12:00:00,106.1,41.6,18,968.0,4.6,225,0.0,12,1,5,80.0,59.3,24.1,12.0,71.4,65.2,55.18333333333334,34.98333333333333,38.6875
2026-05-26 13:00:00,60.0,39.1,26,968.9,12.2,188,0.1,13,1,5,106.1,77.1,34.7,12.0,50.4,74.4,68.85,42.824999999999996,40.13333333333333
2026-05-26 14:00:00,48.4,37.5,29,969.0,12.3,198,0.0,14,1,5,60.0,80.0,55.9,12.0,46.3,53.7,73.06666666666666,46.824999999999996,40.53333333333334
2026-05-26 15:00:00,54.0,37.2,30,969.7,14.0,227,0.0,15,1,5,48.4,106.1,59.3,12.0,69.7,51.9,71.81666666666666,49.85833333333333,40.62083333333333
2026-05-26 16:00:00,20.5,35.7,33,970.4,13.3,230,0.0,16,1,5,54.0,60.0,77.1,12.2,76.2,62.6,70.93333333333332,53.35833333333333,39.96666666666667
2026-05-26 17:00:00,21.5,35.7,34,970.8,12.6,236,0.0,17,1,5,20.5,48.4,80.0,28.5,45.1,71.2,61.5,54.04999999999999,37.645833333333336
2026-05-26 18:00:00,16.0,35.4,35,970.1,10.0,262,0.0,18,1,5,21.5,54.0,106.1,24.1,40.0,55.1,51.75,53.46666666666666,36.6625
2026-05-26 19:00:00,47.5,34.8,34,969.6,10.3,268,0.0,19,1,5,16.0,20.5,60.0,34.7,31.3,52.6,36.733333333333334,52.791666666666664,35.6625
2026-05-26 20:00:00,14.1,34.3,33,969.2,10.9,276,0.0,20,1,5,47.5,21.5,48.4,55.9,12.8,40.6,34.65,53.85833333333333,36.3375
2026-05-26 21:00:00,12.0,34.1,35,969.2,12.9,283,0.0,21,1,5,14.1,16.0,54.0,59.3,12.0,24.5,28.933333333333334,50.375,36.391666666666666
2026-05-26 22:00:00,12.0,34.1,34,969.3,12.8,292,0.0,22,1,5,12.0,47.5,20.5,77.1,41.5,12.0,21.933333333333334,46.43333333333333,36.391666666666666
2026-05-26 23:00:00,12.0,33.7,33,970.0,10.3,292,0.0,23,1,5,12.0,14.1,21.5,80.0,12.0,12.0,20.516666666666666,41.00833333333333,35.1625
2026-05-27 00:00:00,12.0,33.5,33,970.0,14.3,323,0.0,0,2,5,12.0,12.0,16.0,106.1,12.0,12.0,18.933333333333334,35.34166666666667,35.1625
2026-05-27 01:00:00,13.3,33.8,34,970.8,13.1,316,0.0,1,2,5,12.0,12.0,47.5,60.0,12.0,12.0,18.266666666666666,27.5,35.1625
2026-05-27 02:00:00,21.5,35.1,32,972.0,12.0,292,0.0,2,2,5,13.3,12.0,14.1,48.4,12.0,12.0,12.566666666666668,23.608333333333334,35.21666666666666
2026-05-27 03:00:00,29.0,36.7,29,972.9,12.1,266,0.0,3,2,5,21.5,12.0,12.0,54.0,12.0,12.0,13.799999999999999,21.366666666666664,35.6125
2026-05-27 04:00:00,12.0,38.5,27,973.1,12.2,268,0.0,4,2,5,29.0,13.3,12.0,20.5,12.2,14.0,16.633333333333333,19.28333333333333,36.32083333333333
2026-05-27 05:00:00,25.2,39.9,25,972.8,14.7,276,0.0,5,2,5,12.0,21.5,12.0,21.5,28.5,26.1,16.633333333333333,18.575,36.3125
2026-05-27 06:00:00,40.3,41.1,21,972.7,12.0,292,0.0,6,2,5,25.2,29.0,12.0,16.0,24.1,63.2,18.833333333333332,18.883333333333333,36.175000000000004
2026-05-27 07:00:00,49.8,42.0,18,972.0,11.7,295,0.0,7,2,5,40.3,12.0,13.3,47.5,34.7,82.8,23.55,20.90833333333333,36.85
2026-05-27 08:00:00,35.7,42.6,16,971.1,13.7,287,0.0,8,2,5,49.8,25.2,21.5,14.1,55.9,52.5,29.63333333333333,21.099999999999998,37.479166666666664
2026-05-27 09:00:00,50.0,42.6,15,970.0,14.6,267,0.0,9,2,5,35.7,40.3,29.0,12.0,59.3,37.8,32.0,22.900000000000002,36.637499999999996
2026-05-27 10:00:00,41.3,42.8,14,969.4,17.0,265,0.0,10,2,5,50.0,49.8,12.0,12.0,77.1,70.0,35.5,26.066666666666666,36.25
2026-05-27 11:00:00,51.2,42.3,14,968.8,18.4,276,0.0,11,2,5,41.3,35.7,25.2,12.0,80.0,66.8,40.38333333333333,28.508333333333336,34.75833333333333
2026-05-27 12:00:00,49.5,43.0,12,968.0,15.4,284,0.0,12,2,5,51.2,50.0,40.3,12.0,106.1,71.4,44.71666666666667,31.775000000000002,33.55833333333333
2026-05-27 13:00:00,37.3,42.0,13,968.6,15.9,290,0.0,13,2,5,49.5,41.3,49.8,13.3,60.0,50.4,46.25,34.9,31.2
2026-05-27 14:00:00,51.2,40.8,14,969.5,14.1,302,0.0,14,2,5,37.3,51.2,35.7,21.5,48.4,46.3,44.166666666666664,36.9,30.254166666666663
2026-05-27 15:00:00,51.8,39.7,15,970.1,11.3,324,0.0,15,2,5,51.2,49.5,50.0,29.0,54.0,69.7,46.75,39.375,30.370833333333334
2026-05-27 16:00:00,42.9,38.3,16,970.4,10.5,287,0.0,16,2,5,51.8,37.3,41.3,12.0,20.5,76.2,47.050000000000004,41.275,30.27916666666667
2026-05-27 17:00:00,66.3,37.1,17,970.5,11.2,264,0.0,17,2,5,42.9,51.2,51.2,25.2,21.5,45.1,47.31666666666666,43.849999999999994,31.212500000000002
2026-05-27 18:00:00,52.6,36.7,17,970.1,13.8,296,0.0,18,2,5,66.3,51.8,49.5,40.3,16.0,40.0,49.833333333333336,47.275,33.079166666666666
2026-05-27 19:00:00,29.1,35.9,18,969.8,13.8,301,0.0,19,2,5,52.6,42.9,37.3,49.8,47.5,31.3,50.35,48.300000000000004,34.604166666666664
2026-05-27 20:00:00,12.0,35.2,19,969.6,14.3,297,0.0,20,2,5,29.1,66.3,51.2,35.7,14.1,12.8,48.98333333333333,46.574999999999996,33.8375
2026-05-27 21:00:00,12.0,34.4,22,969.6,14.7,294,0.0,21,2,5,12.0,52.6,51.8,50.0,12.0,12.0,42.449999999999996,44.6,33.75
2026-05-27 22:00:00,12.0,33.9,27,969.6,15.9,293,0.0,22,2,5,12.0,29.1,42.9,41.3,12.0,41.5,35.81666666666666,41.43333333333333,33.75
2026-05-27 23:00:00,12.0,33.6,32,969.8,15.5,298,0.0,23,2,5,12.0,12.0,66.3,51.2,12.0,12.0,30.666666666666668,38.99166666666667,33.75
2026-05-28 00:00:00,12.0,33.0,37,970.2,15.0,291,0.0,0,3,5,12.0,12.0,52.6,49.5,12.0,12.0,21.616666666666664,35.725,33.75
2026-05-28 01:00:00,12.0,33.4,37,971.0,12.6,287,0.0,1,3,5,12.0,12.0,29.1,37.3,13.3,12.0,14.850000000000001,32.6,33.75
2026-05-28 02:00:00,12.0,34.7,35,971.8,14.8,293,0.0,2,3,5,12.0,12.0,12.0,51.2,21.5,12.0,12.0,30.491666666666664,33.69583333333333
2026-05-28 03:00:00,12.0,36.4,32,972.5,14.9,301,0.0,3,3,5,12.0,12.0,12.0,51.8,29.0,12.0,12.0,27.224999999999998,33.300000000000004
2026-05-28 04:00:00,13.4,38.1,29,972.9,13.0,303,0.0,4,3,5,12.0,12.0,12.0,42.9,12.0,12.2,12.0,23.90833333333333,32.59166666666667
2026-05-28 05:00:00,37.5,40.1,26,972.6,12.7,300,0.0,5,3,5,13.4,12.0,12.0,66.3,25.2,28.5,12.233333333333334,21.45,32.65
2026-05-28 06:00:00,42.6,41.8,23,971.9,12.1,297,0.0,6,3,5,37.5,12.0,12.0,52.6,40.3,24.1,16.483333333333334,19.05,33.1625
2026-05-28 07:00:00,58.1,43.3,20,971.1,12.3,285,0.0,7,3,5,42.6,13.4,12.0,29.1,49.8,34.7,21.583333333333332,18.21666666666667,33.25833333333333
2026-05-28 08:00:00,63.9,42.3,19,970.6,10.9,261,0.2,8,3,5,58.1,37.5,12.0,12.0,35.7,55.9,29.266666666666666,20.633333333333333,33.604166666666664
2026-05-28 09:00:00,30.0,42.7,18,969.4,13.0,280,0.1,9,3,5,63.9,42.6,12.0,12.0,50.0,59.3,37.916666666666664,24.958333333333332,34.77916666666667
2026-05-28 10:00:00,45.8,42.6,17,969.0,15.9,282,0.0,10,3,5,30.0,58.1,13.4,12.0,41.3,77.1,40.916666666666664,26.458333333333332,33.94583333333333
2026-05-28 11:00:00,48.0,42.2,16,968.5,15.1,285,0.1,11,3,5,45.8,63.9,37.5,12.0,51.2,80.0,46.31666666666666,29.275000000000002,34.13333333333333
2026-05-28 12:00:00,28.1,39.7,24,968.1,24.4,208,0.0,12,3,5,48.0,30.0,42.6,12.0,49.5,106.1,48.06666666666666,32.275,34.0
2026-05-28 13:00:00,39.3,39.8,22,968.6,13.7,214,0.1,13,3,5,28.1,45.8,58.1,12.0,37.3,60.0,45.65,33.61666666666667,33.108333333333334
2026-05-28 14:00:00,46.6,38.9,22,968.8,12.2,225,0.0,14,3,5,39.3,48.0,63.9,12.0,51.2,48.4,42.516666666666666,35.891666666666666,33.19166666666666
2026-05-28 15:00:00,49.1,38.1,23,969.2,11.7,211,0.0,15,3,5,46.6,28.1,30.0,12.0,51.8,54.0,39.63333333333333,38.775,33.0
2026-05-28 16:00:00,44.5,37.7,23,970.0,13.9,234,0.0,16,3,5,49.1,39.3,45.8,13.4,42.9,20.5,42.81666666666666,41.86666666666667,32.8875
2026-05-28 17:00:00,53.4,37.4,23,970.4,13.1,252,0.0,17,3,5,44.5,46.6,48.0,37.5,66.3,21.5,42.6,44.458333333333336,32.954166666666666
2026-05-28 18:00:00,41.0,36.3,26,969.5,11.4,257,0.0,18,3,5,53.4,49.1,28.1,42.6,52.6,16.0,43.5,45.78333333333333,32.416666666666664
2026-05-28 19:00:00,12.0,35.4,28,969.2,12.2,261,0.0,19,3,5,41.0,44.5,39.3,58.1,29.1,47.5,45.65,45.65,31.933333333333334
2026-05-28 20:00:00,31.7,35.1,29,969.0,10.9,276,0.0,20,3,5,12.0,53.4,46.6,63.9,12.0,14.1,41.1,41.80833333333333,31.22083333333333
2026-05-28 21:00:00,26.3,35.1,30,969.1,6.9,287,0.0,21,3,5,31.7,41.0,49.1,30.0,12.0,12.0,38.61666666666667,39.125,32.041666666666664
2026-05-28 22:00:00,23.1,34.2,32,969.6,1.8,84,0.0,22,3,5,26.3,12.0,44.5,45.8,12.0,12.0,34.81666666666666,38.81666666666667,32.637499999999996
2026-05-28 23:00:00,30.5,33.6,34,970.2,2.5,249,0.0,23,3,5,23.1,31.7,53.4,48.0,12.0,12.0,31.25,36.925000000000004,33.1
2026-05-29 00:00:00,21.3,33.3,32,970.7,3.5,12,0.0,0,4,5,30.5,26.3,41.0,28.1,12.0,12.0,27.433333333333337,35.46666666666667,33.87083333333333
2026-05-29 01:00:00,12.5,33.3,32,971.9,3.1,90,0.0,1,4,5,21.3,23.1,12.0,39.3,12.0,13.3,24.150000000000002,34.9,34.25833333333333
2026-05-29 02:00:00,13.6,34.4,30,972.7,6.2,260,0.0,2,4,5,12.5,30.5,31.7,46.6,12.0,21.5,24.233333333333334,32.666666666666664,34.27916666666666
2026-05-29 03:00:00,16.8,36.1,28,972.7,9.9,280,0.0,3,4,5,13.6,21.3,26.3,49.1,12.0,29.0,21.216666666666665,29.916666666666668,34.34583333333333
2026-05-29 04:00:00,23.0,37.5,27,972.8,11.4,293,0.0,4,4,5,16.8,12.5,23.1,44.5,13.4,12.0,19.633333333333336,27.224999999999998,34.54583333333333
2026-05-29 05:00:00,35.8,38.8,25,972.5,11.0,289,0.0,5,4,5,23.0,13.6,30.5,53.4,37.5,25.2,19.61666666666667,25.433333333333334,34.94583333333333
2026-05-29 06:00:00,29.5,40.1,25,971.8,10.4,269,0.0,6,4,5,35.8,16.8,21.3,41.0,42.6,40.3,20.5,23.96666666666667,34.875
2026-05-29 07:00:00,38.9,41.4,23,971.0,14.2,271,0.0,7,4,5,29.5,23.0,12.5,12.0,58.1,49.8,21.866666666666664,23.008333333333336,34.329166666666666
2026-05-29 08:00:00,66.5,38.6,26,970.8,11.4,267,0.3,8,4,5,38.9,35.8,13.6,31.7,63.9,35.7,26.266666666666666,25.25,33.52916666666667
2026-05-29 09:00:00,81.9,40.6,25,969.6,8.5,257,0.0,9,4,5,66.5,29.5,16.8,26.3,30.0,50.0,35.083333333333336,28.150000000000002,33.637499999999996
2026-05-29 10:00:00,43.8,41.2,20,968.9,15.3,287,0.0,10,4,5,81.9,38.9,23.0,23.1,45.8,41.3,45.93333333333334,32.78333333333333,35.8
2026-05-29 11:00:00,68.2,40.3,22,968.2,8.8,334,0.0,11,4,5,43.8,66.5,35.8,30.5,48.0,51.2,49.4,34.50833333333333,35.71666666666667
2026-05-29 12:00:00,67.7,42.6,14,967.2,15.1,285,0.0,12,4,5,68.2,81.9,29.5,21.3,28.1,49.5,54.79999999999999,37.65,36.55833333333333
2026-05-29 13:00:00,53.9,41.4,15,967.7,14.2,270,0.0,13,4,5,67.7,43.8,38.9,12.5,39.3,37.3,61.166666666666664,41.51666666666667,38.208333333333336
2026-05-29 14:00:00,76.4,39.7,16,968.1,7.7,291,0.0,14,4,5,53.9,68.2,66.5,13.6,46.6,51.2,63.666666666666664,44.96666666666667,38.81666666666667
2026-05-29 15:00:00,54.3,38.3,18,968.6,7.1,326,0.0,15,4,5,76.4,67.7,81.9,16.8,49.1,51.8,65.31666666666666,50.199999999999996,40.05833333333333
2026-05-29 16:00:00,68.5,37.1,21,969.2,5.5,302,0.0,16,4,5,54.3,53.9,43.8,23.0,44.5,42.9,60.71666666666667,53.32500000000001,40.275
2026-05-29 17:00:00,80.2,35.6,24,969.9,3.2,289,0.0,17,4,5,68.5,76.4,68.2,35.8,53.4,66.3,64.83333333333333,57.116666666666674,41.275
2026-05-29 18:00:00,27.2,34.9,24,969.1,9.6,303,0.0,18,4,5,80.2,54.3,67.7,29.5,41.0,52.6,66.83333333333333,60.81666666666666,42.391666666666666
2026-05-29 19:00:00,46.7,34.2,26,968.9,9.9,299,0.0,19,4,5,27.2,68.5,53.9,38.9,12.0,29.1,60.083333333333336,60.625,41.81666666666667
2026-05-29 20:00:00,22.7,33.7,28,969.0,8.6,301,0.0,20,4,5,46.7,80.2,76.4,66.5,31.7,12.0,58.88333333333333,61.275,43.262499999999996
2026-05-29 21:00:00,26.8,33.1,31,969.0,8.3,303,0.0,21,4,5,22.7,27.2,54.3,81.9,26.3,12.0,49.93333333333333,57.625,42.887499999999996
2026-05-29 22:00:00,12.0,32.9,32,969.2,12.0,296,0.0,22,4,5,26.8,46.7,68.5,43.8,23.1,12.0,45.35,53.03333333333334,42.90833333333333
2026-05-29 23:00:00,12.0,32.9,33,969.8,13.7,305,0.0,23,4,5,12.0,22.7,80.2,68.2,30.5,12.0,35.93333333333334,50.383333333333326,42.44583333333333
2026-05-30 00:00:00,12.0,32.7,37,970.1,17.5,300,0.0,0,5,5,12.0,26.8,27.2,67.7,21.3,12.0,24.566666666666666,45.70000000000001,41.675000000000004
2026-05-30 01:00:00,12.0,32.7,38,971.4,15.6,308,0.0,1,5,5,12.0,12.0,46.7,53.9,12.5,12.0,22.03333333333333,41.05833333333333,41.2875
2026-05-30 02:00:00,12.0,33.3,36,972.1,15.1,324,0.0,2,5,5,12.0,12.0,22.7,76.4,13.6,12.0,16.25,37.56666666666667,41.26666666666667
2026-05-30 03:00:00,13.2,34.1,34,972.4,12.8,320,0.0,3,5,5,12.0,12.0,26.8,54.3,16.8,12.0,14.466666666666667,32.199999999999996,41.199999999999996
2026-05-30 04:00:00,27.8,35.6,31,972.4,13.6,307,0.0,4,5,5,13.2,12.0,12.0,68.5,23.0,13.4,12.200000000000001,28.775000000000002,41.050000000000004
2026-05-30 05:00:00,17.6,37.1,28,972.5,14.8,308,0.0,5,5,5,27.8,12.0,12.0,80.2,35.8,37.5,14.833333333333334,25.383333333333336,41.25
2026-05-30 06:00:00,40.2,38.8,24,971.8,14.4,306,0.0,6,5,5,17.6,13.2,12.0,27.2,29.5,42.6,15.766666666666666,20.166666666666668,40.49166666666667
2026-05-30 07:00:00,49.3,39.3,23,971.3,12.0,305,0.1,7,5,5,40.2,27.8,12.0,46.7,38.9,58.1,20.46666666666667,21.250000000000004,40.9375
2026-05-30 08:00:00,45.0,39.8,23,969.8,7.2,271,0.1,8,5,5,49.3,17.6,12.0,22.7,66.5,63.9,26.683333333333334,21.46666666666667,41.37083333333333
2026-05-30 09:00:00,52.9,40.6,22,968.4,11.2,252,0.0,9,5,5,45.0,40.2,13.2,26.8,81.9,30.0,32.18333333333333,23.325000000000003,40.475
2026-05-30 10:00:00,51.4,40.3,21,967.8,15.2,263,0.0,10,5,5,52.9,49.3,27.8,12.0,43.8,45.8,38.800000000000004,25.5,39.26666666666667
2026-05-30 11:00:00,32.5,38.6,23,967.9,16.1,263,0.0,11,5,5,51.4,45.0,17.6,12.0,68.2,48.0,42.73333333333333,28.78333333333333,39.583333333333336
2026-05-30 12:00:00,45.8,36.6,31,968.3,14.9,342,0.0,12,5,5,32.5,52.9,40.2,12.0,67.7,28.1,45.21666666666667,30.491666666666664,38.09583333333334
2026-05-30 13:00:00,53.7,34.4,36,968.9,10.8,10,0.4,13,5,5,45.8,51.4,49.3,12.0,53.9,39.3,46.15,33.30833333333333,37.18333333333333
2026-05-30 14:00:00,57.3,33.8,38,969.5,10.1,40,0.0,14,5,5,53.7,32.5,45.0,12.0,76.4,46.6,46.88333333333333,36.78333333333333,37.175000000000004
2026-05-30 15:00:00,93.5,33.1,40,970.2,7.5,66,0.0,15,5,5,57.3,45.8,52.9,13.2,54.3,49.1,48.93333333333334,40.55833333333333,36.37916666666667
2026-05-30 16:00:00,78.4,32.3,43,970.7,7.2,58,0.0,16,5,5,93.5,53.7,51.4,27.8,68.5,44.5,55.699999999999996,47.25,38.012499999999996
2026-05-30 17:00:00,64.1,31.7,46,970.9,5.3,52,0.0,17,5,5,78.4,57.3,32.5,17.6,80.2,53.4,60.20000000000001,51.46666666666667,38.425
2026-05-30 18:00:00,53.3,30.9,48,970.6,3.6,84,0.0,18,5,5,64.1,93.5,45.8,40.2,27.2,41.0,65.46666666666667,55.34166666666667,37.75416666666667
2026-05-30 19:00:00,33.9,30.2,51,970.9,6.1,71,0.0,19,5,5,53.3,78.4,53.7,49.3,46.7,12.0,66.71666666666667,56.43333333333333,38.84166666666666
2026-05-30 20:00:00,33.8,29.7,54,970.8,6.5,93,0.0,20,5,5,33.9,64.1,57.3,45.0,22.7,31.7,63.416666666666664,55.150000000000006,38.30833333333334
2026-05-30 21:00:00,31.5,29.2,56,970.6,6.2,120,0.0,21,5,5,33.8,53.3,93.5,52.9,26.8,26.3,59.5,54.21666666666667,38.770833333333336
2026-05-30 22:00:00,12.0,28.6,60,970.7,8.1,111,0.0,22,5,5,31.5,33.9,78.4,51.4,12.0,23.1,49.166666666666664,52.43333333333334,38.96666666666667
2026-05-30 23:00:00,23.5,28.1,61,971.3,6.1,133,0.0,23,5,5,12.0,33.8,64.1,32.5,12.0,30.5,38.1,49.15,38.96666666666667
2026-05-31 00:00:00,12.0,27.2,66,972.5,5.0,347,0.0,0,6,5,23.5,31.5,53.3,45.8,12.0,21.3,31.333333333333332,48.4,39.44583333333333
2026-05-31 01:00:00,31.0,27.7,63,973.1,6.0,333,0.0,1,6,5,12.0,12.0,33.9,53.7,12.0,12.5,24.45,45.583333333333336,39.44583333333333
2026-05-31 02:00:00,26.2,29.1,58,973.8,5.4,345,0.0,2,6,5,31.0,23.5,33.8,57.3,12.0,13.6,23.96666666666667,43.69166666666666,40.237500000000004
2026-05-31 03:00:00,38.4,31.5,47,974.1,4.0,330,0.0,3,6,5,26.2,12.0,31.5,93.5,13.2,16.8,22.7,41.1,40.82916666666667
2026-05-31 04:00:00,26.8,33.3,37,974.2,6.6,323,0.0,4,6,5,38.4,31.0,12.0,78.4,27.8,23.0,23.849999999999998,36.50833333333333,41.87916666666667
2026-05-31 05:00:00,50.5,34.5,33,973.8,4.6,324,0.0,5,6,5,26.8,26.2,23.5,64.1,17.6,35.8,26.316666666666666,32.208333333333336,41.8375
2026-05-31 06:00:00,55.5,37.0,25,973.6,7.0,328,0.0,6,6,5,50.5,38.4,12.0,53.3,40.2,29.5,30.816666666666663,31.075,43.208333333333336
2026-05-31 07:00:00,52.1,38.5,22,972.6,4.1,315,0.0,7,6,5,55.5,26.8,31.0,33.9,49.3,38.9,38.06666666666666,31.25833333333333,43.84583333333333
2026-05-31 08:00:00,30.2,39.7,19,971.5,7.9,269,0.0,8,6,5,52.1,50.5,26.2,33.8,45.0,66.5,41.583333333333336,32.775,43.9625
2026-05-31 09:00:00,46.8,39.7,18,970.6,11.4,264,0.0,9,6,5,30.2,55.5,38.4,31.5,52.9,81.9,42.25,32.475,43.34583333333333
2026-05-31 10:00:00,68.2,39.6,17,970.2,13.7,281,0.0,10,6,5,46.8,52.1,26.8,12.0,51.4,43.8,43.65,33.75,43.09166666666666
2026-05-31 11:00:00,56.5,39.0,17,969.8,14.0,298,0.0,11,6,5,68.2,30.2,50.5,23.5,32.5,68.2,50.54999999999999,38.43333333333333,43.791666666666664
2026-05-31 12:00:00,73.0,38.0,22,969.7,6.6,317,0.0,12,6,5,56.5,46.8,55.5,12.0,45.8,67.7,51.54999999999999,41.18333333333333,44.791666666666664
2026-05-31 13:00:00,38.3,37.0,22,970.1,10.5,308,0.0,13,6,5,73.0,68.2,52.1,31.0,53.7,53.9,54.46666666666666,46.26666666666667,45.925000000000004
2026-05-31 14:00:00,81.1,36.5,22,971.0,7.9,313,0.0,14,6,5,38.3,56.5,30.2,26.2,57.3,76.4,52.166666666666664,46.875,45.28333333333333
2026-05-31 15:00:00,67.6,35.8,23,971.9,7.2,357,0.0,15,6,5,81.1,73.0,46.8,38.4,93.5,54.3,60.65,51.449999999999996,46.275
2026-05-31 16:00:00,61.8,35.1,25,972.6,7.5,339,0.0,16,6,5,67.6,38.3,68.2,26.8,78.4,68.5,64.11666666666666,53.883333333333326,45.19583333333333
2026-05-31 17:00:00,34.5,34.3,26,973.2,7.7,323,0.0,17,6,5,61.8,81.1,56.5,50.5,64.1,80.2,63.050000000000004,56.800000000000004,44.50416666666666
2026-05-31 18:00:00,64.8,33.7,30,972.8,4.2,173,0.0,18,6,5,34.5,67.6,73.0,55.5,53.3,27.2,59.383333333333326,55.46666666666667,43.270833333333336
2026-05-31 19:00:00,68.1,32.8,33,972.5,3.4,245,0.0,19,6,5,64.8,61.8,38.3,52.1,33.9,46.7,58.01666666666666,56.24166666666667,43.75
2026-05-31 20:00:00,31.9,32.1,36,972.3,4.6,171,0.0,20,6,5,68.1,34.5,81.1,30.2,33.8,22.7,62.98333333333333,57.574999999999996,45.17499999999999
2026-05-31 21:00:00,25.9,30.5,45,972.3,5.2,155,0.0,21,6,5,31.9,64.8,67.6,46.8,31.5,26.8,54.78333333333333,57.71666666666666,45.09583333333333
2026-05-31 22:00:00,25.3,30.0,48,972.0,6.7,218,0.0,22,6,5,25.9,68.1,61.8,68.2,12.0,12.0,47.833333333333336,55.974999999999994,44.862500000000004
2026-05-31 23:00:00,21.1,29.6,50,972.2,5.4,188,0.0,23,6,5,25.3,31.9,34.5,56.5,23.5,12.0,41.75,52.400000000000006,45.416666666666664
2026-06-01 00:00:00,34.6,28.5,57,972.9,1.4,90,0.0,0,0,6,21.1,25.9,64.8,73.0,12.0,12.0,39.516666666666666,49.44999999999999,45.31666666666666
2026-06-01 01:00:00,14.0,29.1,53,973.6,1.7,319,0.0,1,0,6,34.6,25.3,68.1,38.3,31.0,12.0,34.483333333333334,46.24999999999999,46.25833333333333
2026-06-01 02:00:00,37.8,30.8,45,974.0,2.4,324,0.0,2,0,6,14.0,21.1,31.9,81.1,26.2,12.0,25.46666666666667,44.224999999999994,45.550000000000004
2026-06-01 03:00:00,28.6,33.0,37,974.4,2.9,338,0.0,3,0,6,37.8,34.6,25.9,67.6,38.4,13.2,26.45,40.61666666666667,46.03333333333333
2026-06-01 04:00:00,33.5,34.9,32,974.6,4.2,329,0.0,4,0,6,28.6,14.0,25.3,61.8,26.8,27.8,26.900000000000002,37.36666666666667,45.625
2026-06-01 05:00:00,54.0,36.7,28,974.5,5.4,326,0.0,5,0,6,33.5,37.8,21.1,34.5,50.5,17.6,28.266666666666666,35.00833333333333,45.90416666666666
2026-06-01 06:00:00,56.4,37.6,26,974.1,5.1,337,0.0,6,0,6,54.0,28.6,34.6,64.8,55.5,40.2,33.75,36.63333333333333,46.04999999999999
2026-06-01 07:00:00,68.0,38.6,23,973.3,6.4,350,0.0,7,0,6,56.4,33.5,14.0,68.1,52.1,49.3,37.38333333333333,35.93333333333333,46.0875
2026-06-01 08:00:00,56.4,39.4,21,972.4,6.5,3,0.0,8,0,6,68.0,54.0,37.8,31.9,30.2,45.0,46.38333333333333,35.925,46.75
2026-06-01 09:00:00,47.8,39.7,20,971.2,7.0,12,0.0,9,0,6,56.4,56.4,28.6,25.9,46.8,52.9,49.48333333333333,37.96666666666667,47.84166666666666
2026-06-01 10:00:00,63.3,39.8,20,970.3,7.9,21,0.0,10,0,6,47.8,68.0,33.5,25.3,68.2,51.4,52.68333333333334,39.791666666666664,47.88333333333333
2026-06-01 11:00:00,68.5,39.6,20,969.5,9.7,12,0.0,11,0,6,63.3,56.4,54.0,21.1,56.5,32.5,57.650000000000006,42.958333333333336,47.67916666666667
2026-06-01 12:00:00,76.2,38.2,18,970.4,9.6,344,0.0,12,0,6,68.5,47.8,56.4,34.6,73.0,45.8,60.06666666666666,46.90833333333333,48.17916666666667
2026-06-01 13:00:00,61.7,37.4,20,970.5,9.5,351,0.0,13,0,6,76.2,63.3,68.0,14.0,38.3,53.7,63.36666666666667,50.375,48.3125
2026-06-01 14:00:00,73.0,36.5,23,970.8,10.6,334,0.0,14,0,6,61.7,68.5,56.4,37.8,81.1,57.3,62.31666666666666,54.349999999999994,49.287499999999994
2026-06-01 15:00:00,31.4,34.8,31,972.0,13.7,328,0.0,15,0,6,73.0,76.2,47.8,28.6,67.6,93.5,65.08333333333333,57.28333333333333,48.949999999999996
2026-06-01 16:00:00,53.3,33.7,35,972.9,7.0,3,0.0,16,0,6,31.4,61.7,63.3,33.5,61.8,78.4,62.349999999999994,57.51666666666666,47.44166666666666
2026-06-01 17:00:00,42.7,33.0,37,973.4,5.9,14,0.0,17,0,6,53.3,73.0,68.5,54.0,34.5,64.1,60.68333333333333,59.166666666666664,47.0875
2026-06-01 18:00:00,21.8,30.9,44,973.8,14.0,311,0.0,18,0,6,42.7,31.4,76.2,56.4,64.8,53.3,56.38333333333333,58.224999999999994,47.42916666666667
2026-06-01 19:00:00,24.5,30.5,45,973.3,10.9,310,0.0,19,0,6,21.8,53.3,61.7,68.0,68.1,33.9,47.31666666666666,55.34166666666667,45.637499999999996
2026-06-01 20:00:00,28.5,30.3,44,972.6,8.4,313,0.0,20,0,6,24.5,42.7,73.0,56.4,31.9,33.8,41.11666666666667,51.71666666666667,43.82083333333333
2026-06-01 21:00:00,13.3,30.3,44,972.3,10.6,318,0.0,21,0,6,28.5,21.8,31.4,47.8,25.9,31.5,33.699999999999996,49.39166666666667,43.67916666666667
2026-06-01 22:00:00,12.0,29.7,43,972.2,13.4,307,0.0,22,0,6,13.3,24.5,53.3,63.3,25.3,12.0,30.683333333333334,46.51666666666666,43.15416666666667
2026-06-01 23:00:00,12.0,28.8,46,972.2,9.8,325,0.0,23,0,6,12.0,28.5,42.7,68.5,21.1,23.5,23.8,42.24166666666667,42.6
2026-06-02 00:00:00,34.8,28.7,50,972.7,9.4,322,0.0,0,1,6,12.0,13.3,21.8,76.2,34.6,12.0,18.683333333333334,37.53333333333333,42.22083333333334
2026-06-02 01:00:00,12.0,29.0,47,973.1,8.3,327,0.0,1,1,6,34.8,12.0,24.5,61.7,14.0,31.0,20.849999999999998,34.083333333333336,42.229166666666664
2026-06-02 02:00:00,26.3,30.5,42,973.6,8.8,321,0.0,2,1,6,12.0,12.0,28.5,73.0,37.8,26.2,18.766666666666666,29.941666666666663,42.145833333333336
2026-06-02 03:00:00,12.0,32.5,36,974.1,10.5,311,0.0,3,1,6,26.3,34.8,13.3,31.4,28.6,38.4,18.4,26.049999999999997,41.666666666666664
2026-06-02 04:00:00,16.6,34.2,34,974.2,12.9,309,0.0,4,1,6,12.0,12.0,12.0,53.3,33.5,26.8,18.183333333333334,24.433333333333334,40.975
2026-06-02 05:00:00,26.3,34.8,35,974.0,14.5,298,0.0,5,1,6,16.6,26.3,12.0,42.7,54.0,50.5,18.95,21.375,40.270833333333336
2026-06-02 06:00:00,40.0,36.5,29,973.3,13.4,284,0.0,6,1,6,26.3,12.0,34.8,21.8,56.4,55.5,21.333333333333332,20.008333333333333,39.11666666666667
2026-06-02 07:00:00,31.5,36.8,28,972.6,14.9,290,0.1,7,1,6,40.0,16.6,12.0,24.5,68.0,52.1,22.2,21.525000000000002,38.43333333333333
2026-06-02 08:00:00,58.0,36.9,29,971.5,12.3,295,0.2,8,1,6,31.5,26.3,26.3,28.5,56.4,30.2,25.45,22.108333333333334,36.9125
2026-06-02 09:00:00,66.7,37.4,28,970.5,10.1,287,0.0,9,1,6,58.0,40.0,12.0,13.3,47.8,46.8,30.733333333333334,24.566666666666666,36.979166666666664
2026-06-02 10:00:00,76.0,37.6,27,969.7,10.2,279,0.0,10,1,6,66.7,31.5,16.6,12.0,63.3,68.2,39.85,29.016666666666666,37.766666666666666
2026-06-02 11:00:00,67.3,37.4,26,969.0,9.9,286,0.0,11,1,6,76.0,58.0,26.3,12.0,68.5,56.5,49.75,34.35,38.29583333333333
2026-06-02 12:00:00,69.0,38.3,23,968.4,9.4,258,0.0,12,1,6,67.3,66.7,40.0,34.8,76.2,73.0,56.583333333333336,38.958333333333336,38.24583333333333
2026-06-02 13:00:00,57.7,37.1,26,969.0,11.3,248,0.1,13,1,6,69.0,76.0,31.5,12.0,61.7,38.3,61.416666666666664,41.80833333333333,37.94583333333333
2026-06-02 14:00:00,72.8,36.4,28,969.7,8.1,253,0.0,14,1,6,57.7,67.3,58.0,26.3,73.0,81.1,65.78333333333333,45.61666666666667,37.77916666666666
2026-06-02 15:00:00,86.5,35.9,29,970.3,3.1,270,0.0,15,1,6,72.8,69.0,66.7,12.0,31.4,67.6,68.25,49.491666666666674,37.770833333333336
2026-06-02 16:00:00,53.6,35.1,31,970.9,6.7,211,0.0,16,1,6,86.5,57.7,76.0,16.6,53.3,61.8,71.55,55.70000000000001,40.06666666666667
2026-06-02 17:00:00,33.5,34.3,35,971.2,8.0,222,0.0,17,1,6,53.6,72.8,67.3,26.3,42.7,34.5,67.81666666666668,58.78333333333333,40.07916666666667
2026-06-02 18:00:00,26.6,33.8,34,970.6,6.3,277,0.0,18,1,6,33.5,86.5,69.0,40.0,21.8,64.8,62.18333333333334,59.383333333333326,39.69583333333333
2026-06-02 19:00:00,36.1,32.7,35,970.7,3.8,265,0.0,19,1,6,26.6,53.6,57.7,31.5,24.5,68.1,55.11666666666667,58.26666666666666,39.895833333333336
2026-06-02 20:00:00,27.4,31.8,38,970.3,5.2,224,0.0,20,1,6,36.1,33.5,72.8,58.0,28.5,31.9,51.51666666666667,58.650000000000006,40.37916666666667
2026-06-02 21:00:00,40.5,31.3,39,970.0,4.9,268,0.0,21,1,6,27.4,26.6,86.5,66.7,13.3,25.9,43.949999999999996,56.099999999999994,40.333333333333336
2026-06-02 22:00:00,17.7,31.1,40,969.8,6.3,288,0.0,22,1,6,40.5,36.1,53.6,76.0,12.0,25.3,36.28333333333333,53.916666666666664,41.46666666666666
2026-06-02 23:00:00,12.0,30.7,42,969.9,7.3,303,0.0,23,1,6,17.7,27.4,33.5,67.3,12.0,21.1,30.3,49.05833333333334,41.704166666666666
2026-06-03 00:00:00,36.6,30.3,42,970.6,7.0,328,0.0,0,2,6,12.0,40.5,26.6,69.0,34.8,34.6,26.71666666666667,44.45000000000001,41.704166666666666
2026-06-03 01:00:00,27.2,30.5,43,971.3,6.1,326,0.0,1,2,6,36.6,17.7,36.1,57.7,12.0,14.0,28.38333333333333,41.75,41.77916666666667
2026-06-03 02:00:00,12.0,32.4,38,971.7,5.6,327,0.0,2,2,6,27.2,12.0,27.4,72.8,26.3,37.8,26.899999999999995,39.208333333333336,42.4125
2026-06-03 03:00:00,32.5,34.5,32,971.9,7.6,326,0.0,3,2,6,12.0,36.6,40.5,86.5,12.0,28.6,24.333333333333332,34.141666666666666,41.81666666666666
2026-06-03 04:00:00,50.5,36.3,29,971.8,7.4,321,0.0,4,2,6,32.5,27.2,17.7,53.6,16.6,33.5,23.0,29.641666666666666,42.67083333333333
2026-06-03 05:00:00,47.2,36.9,28,971.3,7.8,304,0.2,5,2,6,50.5,12.0,12.0,33.5,26.3,54.0,28.46666666666667,29.38333333333333,44.083333333333336
2026-06-03 06:00:00,40.9,38.0,25,971.0,8.4,289,0.1,6,2,6,47.2,32.5,36.6,26.6,40.0,56.4,34.333333333333336,30.524999999999995,44.95416666666667
2026-06-03 07:00:00,50.2,39.2,24,970.2,9.6,274,0.0,7,2,6,40.9,50.5,27.2,36.1,31.5,68.0,35.050000000000004,31.71666666666667,44.991666666666674
2026-06-03 08:00:00,45.0,39.2,25,969.5,11.7,268,0.0,8,2,6,50.2,47.2,12.0,27.4,58.0,56.4,38.88333333333333,32.891666666666666,45.770833333333336
2026-06-03 09:00:00,60.5,39.1,26,968.3,11.9,271,0.0,9,2,6,45.0,40.9,32.5,40.5,66.7,47.8,44.38333333333333,34.358333333333334,45.229166666666664
2026-06-03 10:00:00,52.5,38.9,26,967.5,10.8,270,0.0,10,2,6,60.5,50.2,50.5,17.7,76.0,63.3,49.050000000000004,36.025,44.97083333333333
2026-06-03 11:00:00,70.2,38.6,26,967.1,10.9,276,0.0,11,2,6,52.5,45.0,47.2,12.0,67.3,68.5,49.38333333333333,38.925000000000004,43.99166666666667
2026-06-03 12:00:00,72.2,38.8,26,966.2,10.1,290,0.0,12,2,6,70.2,60.5,40.9,36.6,69.0,76.2,53.21666666666667,43.775000000000006,44.112500000000004
2026-06-03 13:00:00,61.6,38.0,27,966.6,9.0,276,0.0,13,2,6,72.2,52.5,50.2,27.2,57.7,61.7,58.43333333333334,46.74166666666667,44.24583333333334
2026-06-03 14:00:00,70.1,37.4,29,967.3,8.4,259,0.0,14,2,6,61.6,70.2,45.0,12.0,72.8,73.0,60.333333333333336,49.60833333333333,44.40833333333333
2026-06-03 15:00:00,67.0,36.8,30,968.1,7.4,236,0.0,15,2,6,70.1,72.2,60.5,32.5,86.5,31.4,64.51666666666667,54.449999999999996,44.29583333333333
2026-06-03 16:00:00,35.7,35.2,34,968.7,6.9,233,0.1,16,2,6,67.0,61.6,52.5,50.5,53.6,53.3,65.60000000000001,57.324999999999996,43.48333333333333
2026-06-03 17:00:00,73.0,34.4,38,969.1,5.2,286,0.0,17,2,6,35.7,70.1,70.2,47.2,33.5,42.7,62.800000000000004,56.09166666666667,42.737500000000004
2026-06-03 18:00:00,60.3,34.5,35,968.7,7.3,210,0.0,18,2,6,73.0,67.0,72.2,40.9,26.6,21.8,63.26666666666667,58.241666666666674,44.38333333333333
2026-06-03 19:00:00,44.8,33.6,38,968.6,6.4,243,0.0,19,2,6,60.3,35.7,61.6,50.2,36.1,24.5,61.28333333333334,59.85833333333334,45.7875
2026-06-03 20:00:00,41.2,33.2,40,968.1,6.7,256,0.0,20,2,6,44.8,73.0,70.1,45.0,27.4,28.5,58.48333333333333,59.40833333333333,46.15
2026-06-03 21:00:00,17.9,32.8,40,968.0,4.9,260,0.0,21,2,6,41.2,60.3,67.0,60.5,40.5,13.3,53.666666666666664,59.09166666666667,46.725
2026-06-03 22:00:00,12.0,32.0,42,968.5,13.1,272,0.0,22,2,6,17.9,44.8,35.7,52.5,17.7,12.0,45.48333333333333,55.541666666666664,45.78333333333333
2026-06-03 23:00:00,12.0,31.2,46,968.6,12.3,267,0.0,23,2,6,12.0,41.2,73.0,70.2,12.0,12.0,41.53333333333334,52.166666666666664,45.54583333333333
2026-06-04 00:00:00,19.5,31.2,45,968.5,8.5,306,0.0,0,3,6,12.0,17.9,60.3,72.2,36.6,34.8,31.366666666666664,47.31666666666666,45.54583333333333
2026-06-04 01:00:00,14.8,31.8,42,969.0,7.0,314,0.0,1,3,6,19.5,12.0,44.8,61.6,27.2,12.0,24.566666666666666,42.925000000000004,44.833333333333336
2026-06-04 02:00:00,45.8,33.3,37,969.5,7.1,324,0.0,2,3,6,14.8,12.0,41.2,70.1,12.0,26.3,19.566666666666666,39.025,44.31666666666667
2026-06-04 03:00:00,13.7,34.7,34,969.9,9.5,314,0.0,3,3,6,45.8,19.5,17.9,67.0,32.5,12.0,20.333333333333332,37.0,45.725
2026-06-04 04:00:00,22.9,35.8,32,970.1,9.5,307,0.0,4,3,6,13.7,14.8,12.0,35.7,50.5,16.6,19.633333333333333,32.55833333333333,44.94166666666667
2026-06-04 05:00:00,39.2,37.3,30,970.0,9.5,297,0.0,5,3,6,22.9,45.8,12.0,73.0,47.2,26.3,21.450000000000003,31.49166666666667,43.791666666666664
2026-06-04 06:00:00,24.7,38.5,26,969.6,11.8,306,0.0,6,3,6,39.2,13.7,19.5,60.3,40.9,40.0,25.983333333333334,28.675,43.458333333333336
2026-06-04 07:00:00,47.5,39.8,24,968.8,10.5,299,0.0,7,3,6,24.7,22.9,14.8,44.8,50.2,31.5,26.849999999999998,25.708333333333332,42.78333333333333
2026-06-04 08:00:00,53.5,40.8,22,967.6,12.3,301,0.0,8,3,6,47.5,39.2,45.8,41.2,45.0,58.0,32.300000000000004,25.933333333333334,42.67083333333333
2026-06-04 09:00:00,39.0,40.9,21,966.6,13.9,295,0.0,9,3,6,53.5,24.7,13.7,17.9,60.5,66.7,33.583333333333336,26.958333333333332,43.025
2026-06-04 10:00:00,73.9,40.8,21,966.1,12.9,288,0.0,10,3,6,39.0,47.5,22.9,12.0,52.5,76.0,37.800000000000004,28.71666666666667,42.12916666666667
2026-06-04 11:00:00,68.5,40.3,22,965.8,12.8,296,0.0,11,3,6,73.9,53.5,39.2,12.0,70.2,67.3,46.300000000000004,33.875,43.020833333333336
2026-06-04 12:00:00,55.8,39.8,21,965.3,13.7,297,0.0,12,3,6,68.5,39.0,24.7,19.5,72.2,69.0,51.18333333333334,38.583333333333336,42.949999999999996
2026-06-04 13:00:00,43.6,38.4,23,965.6,14.8,304,0.0,13,3,6,55.8,73.9,47.5,14.8,61.6,57.7,56.366666666666674,41.608333333333334,42.266666666666666
2026-06-04 14:00:00,64.3,37.6,25,966.6,12.9,314,0.0,14,3,6,43.6,68.5,53.5,45.8,70.1,72.8,55.71666666666667,44.00833333333333,41.516666666666666
2026-06-04 15:00:00,37.8,36.9,27,967.2,8.9,302,0.0,15,3,6,64.3,55.8,39.0,13.7,67.0,86.5,57.51666666666667,45.550000000000004,41.275
2026-06-04 16:00:00,54.8,35.7,31,968.1,8.1,270,0.0,16,3,6,37.8,43.6,73.9,22.9,35.7,53.6,57.31666666666667,47.55833333333333,40.05833333333333
2026-06-04 17:00:00,42.1,34.8,33,968.7,8.5,294,0.0,17,3,6,54.8,64.3,68.5,39.2,73.0,33.5,54.133333333333326,50.21666666666666,40.854166666666664
2026-06-04 18:00:00,28.3,34.2,33,968.8,14.3,314,0.0,18,3,6,42.1,37.8,55.8,24.7,60.3,26.6,49.73333333333333,50.458333333333336,39.56666666666667
2026-06-04 19:00:00,50.5,32.5,39,968.6,8.6,309,0.0,19,3,6,28.3,54.8,43.6,47.5,44.8,36.1,45.15,50.75833333333333,38.23333333333333
2026-06-04 20:00:00,20.8,31.6,43,968.6,4.0,260,0.0,20,3,6,50.5,42.1,64.3,53.5,41.2,27.4,46.300000000000004,51.00833333333333,38.47083333333333
2026-06-04 21:00:00,20.8,31.0,45,968.3,5.1,288,0.0,21,3,6,20.8,28.3,37.8,39.0,17.9,40.5,39.050000000000004,48.28333333333333,37.62083333333333
2026-06-04 22:00:00,31.4,30.7,45,967.8,5.9,301,0.0,22,3,6,20.8,50.5,54.8,73.9,12.0,17.7,36.21666666666666,46.76666666666667,37.74166666666667
2026-06-04 23:00:00,17.3,30.7,44,967.9,1.8,186,0.0,23,3,6,31.4,20.8,42.1,68.5,12.0,12.0,32.31666666666667,43.225,38.550000000000004
2026-06-05 00:00:00,12.3,30.5,44,968.4,7.6,239,0.0,0,4,6,17.3,20.8,28.3,55.8,19.5,36.6,28.183333333333337,38.958333333333336,38.770833333333336
2026-06-05 01:00:00,12.0,30.5,45,969.4,9.0,237,0.0,1,4,6,12.3,31.4,50.5,43.6,14.8,27.2,25.516666666666666,35.333333333333336,38.47083333333333
2026-06-05 02:00:00,12.0,31.6,44,970.0,10.8,260,0.0,2,4,6,12.0,17.3,20.8,64.3,45.8,12.0,19.099999999999998,32.699999999999996,38.354166666666664
2026-06-05 03:00:00,19.5,33.2,42,970.5,12.5,288,0.0,3,4,6,12.0,12.3,20.8,37.8,13.7,32.5,17.633333333333336,28.34166666666667,36.94583333333333
2026-06-05 04:00:00,12.0,35.0,38,970.4,12.3,300,0.0,4,4,6,19.5,12.0,31.4,54.8,22.9,50.5,17.416666666666668,26.816666666666666,37.1875
2026-06-05 05:00:00,12.0,36.2,35,970.2,15.5,306,0.1,5,4,6,12.0,12.0,17.3,42.1,39.2,47.2,14.183333333333332,23.25,36.73333333333333
2026-06-05 06:00:00,29.0,37.0,32,970.0,15.7,328,0.0,6,4,6,12.0,19.5,12.3,28.3,24.7,40.9,13.300000000000002,20.741666666666667,35.6
2026-06-05 07:00:00,41.5,38.1,29,969.2,12.0,324,0.0,7,4,6,29.0,12.0,12.0,50.5,47.5,50.2,16.083333333333332,20.8,35.77916666666666
2026-06-05 08:00:00,42.2,38.4,28,968.4,12.8,308,0.0,8,4,6,41.5,12.0,12.0,20.8,53.5,45.0,21.0,20.05,35.52916666666666
2026-06-05 09:00:00,65.9,38.4,28,967.4,12.5,307,0.1,9,4,6,42.2,29.0,19.5,20.8,39.0,60.5,26.03333333333333,21.833333333333332,35.05833333333333
2026-06-05 10:00:00,55.0,38.5,25,966.6,11.4,295,0.0,10,4,6,65.9,41.5,12.0,31.4,73.9,52.5,33.766666666666666,25.59166666666667,36.17916666666667
2026-06-05 11:00:00,49.3,38.0,28,966.0,14.5,308,0.0,11,4,6,55.0,42.2,12.0,17.3,68.5,70.2,40.93333333333333,27.558333333333337,35.391666666666666
2026-06-05 12:00:00,50.5,39.3,20,964.9,14.4,296,1.2,12,4,6,49.3,65.9,29.0,12.3,55.8,72.2,47.15,30.225000000000005,34.59166666666667
2026-06-05 13:00:00,48.8,39.0,19,965.8,15.8,296,0.0,13,4,6,50.5,55.0,41.5,12.0,43.6,61.6,50.73333333333333,33.40833333333334,34.37083333333334
2026-06-05 14:00:00,68.6,36.4,29,967.1,12.7,344,0.0,14,4,6,48.8,49.3,42.2,12.0,64.3,70.1,51.949999999999996,36.475,34.5875
2026-06-05 15:00:00,19.0,35.4,29,968.1,18.7,324,0.0,15,4,6,68.6,50.5,65.9,19.5,37.8,67.0,56.35,41.19166666666667,34.766666666666666
2026-06-05 16:00:00,20.4,34.3,31,968.8,15.2,318,0.0,16,4,6,19.0,48.8,55.0,12.0,54.8,35.7,48.53333333333334,41.15,33.983333333333334
2026-06-05 17:00:00,31.2,33.8,32,969.5,11.6,324,0.0,17,4,6,20.4,68.6,49.3,12.0,42.1,73.0,42.76666666666666,41.85,32.550000000000004
2026-06-05 18:00:00,28.0,33.6,34,969.0,9.2,329,0.0,18,4,6,31.2,19.0,50.5,29.0,28.3,60.3,39.74999999999999,43.449999999999996,32.09583333333334
2026-06-05 19:00:00,39.8,33.1,36,968.7,9.0,330,0.0,19,4,6,28.0,20.4,48.8,41.5,50.5,44.8,36.0,43.36666666666667,32.083333333333336
2026-06-05 20:00:00,23.6,32.4,39,968.2,10.5,336,0.0,20,4,6,39.8,31.2,68.6,42.2,20.8,41.2,34.5,43.225,31.6375
2026-06-05 21:00:00,17.8,31.7,41,968.0,9.0,334,0.0,21,4,6,23.6,28.0,19.0,65.9,20.8,17.9,27.0,41.675000000000004,31.754166666666666
2026-06-05 22:00:00,17.3,31.2,43,968.0,9.5,331,0.0,22,4,6,17.8,39.8,20.4,55.0,31.4,12.0,26.799999999999997,37.666666666666664,31.629166666666666
2026-06-05 23:00:00,12.0,30.9,44,968.2,9.8,320,0.0,23,4,6,17.3,23.6,31.2,49.3,17.3,12.0,26.28333333333333,34.525,31.041666666666668
2026-06-06 00:00:00,22.0,30.7,45,969.0,1.4,203,0.0,0,5,6,12.0,17.8,28.0,50.5,12.3,19.5,23.083333333333332,31.416666666666668,30.820833333333336
2026-06-06 01:00:00,14.8,31.1,45,970.0,4.0,243,0.0,1,5,6,22.0,17.3,39.8,48.8,12.0,14.8,22.083333333333332,29.041666666666668,31.225000000000005
2026-06-06 02:00:00,12.0,32.4,42,970.9,7.6,239,0.0,2,5,6,14.8,12.0,23.6,68.6,12.0,45.8,17.916666666666668,26.208333333333332,31.34166666666667
2026-06-06 03:00:00,27.8,34.2,37,971.1,8.6,299,0.0,3,5,6,12.0,22.0,17.8,19.0,19.5,13.7,15.983333333333334,21.491666666666664,31.34166666666667
2026-06-06 04:00:00,12.0,35.5,32,970.8,13.7,327,0.1,4,5,6,27.8,14.8,17.3,20.4,12.0,22.9,17.650000000000002,22.224999999999998,31.6875
2026-06-06 05:00:00,17.4,36.2,32,970.8,14.2,327,0.3,5,5,6,12.0,12.0,12.0,31.2,12.0,39.2,16.766666666666666,21.525000000000002,31.6875
2026-06-06 06:00:00,20.9,37.6,30,970.6,13.6,330,0.0,6,5,6,17.4,27.8,22.0,28.0,29.0,24.7,17.666666666666668,20.375,31.912500000000005
2026-06-06 07:00:00,44.7,38.2,28,969.8,12.3,316,0.1,7,5,6,20.9,12.0,14.8,39.8,41.5,47.5,17.483333333333334,19.783333333333335,31.575000000000003
2026-06-06 08:00:00,28.0,38.8,27,968.9,11.8,327,0.0,8,5,6,44.7,17.4,12.0,23.6,42.2,53.5,22.46666666666667,20.191666666666666,31.708333333333332
2026-06-06 09:00:00,49.6,39.1,26,967.9,12.9,333,0.0,9,5,6,28.0,20.9,27.8,17.8,65.9,39.0,25.133333333333336,20.558333333333334,31.116666666666664
2026-06-06 10:00:00,59.6,39.3,25,967.4,11.9,328,0.0,10,5,6,49.6,44.7,12.0,17.3,55.0,73.9,28.766666666666666,23.208333333333332,30.4375
2026-06-06 11:00:00,72.7,39.1,25,967.0,12.6,327,0.0,11,5,6,59.6,28.0,17.4,12.0,49.3,68.5,36.699999999999996,26.733333333333334,30.629166666666666
2026-06-06 12:00:00,84.5,39.4,24,966.2,11.4,354,0.0,12,5,6,72.7,49.6,20.9,22.0,50.5,55.8,45.916666666666664,31.791666666666668,31.604166666666668
2026-06-06 13:00:00,65.8,37.5,27,967.2,7.5,35,0.0,13,5,6,84.5,59.6,44.7,14.8,48.8,43.6,56.51666666666667,37.0,33.020833333333336
2026-06-06 14:00:00,86.0,36.7,29,968.1,2.7,58,0.0,14,5,6,65.8,72.7,28.0,12.0,68.6,64.3,60.03333333333334,41.25,33.729166666666664
2026-06-06 15:00:00,84.8,36.4,29,968.9,1.7,162,0.0,15,5,6,86.0,84.5,49.6,27.8,19.0,37.8,69.7,47.416666666666664,34.454166666666666
2026-06-06 16:00:00,73.9,35.9,30,969.7,5.2,326,0.0,16,5,6,84.8,65.8,59.6,12.0,20.4,54.8,75.56666666666666,52.166666666666664,37.19583333333333
2026-06-06 17:00:00,58.3,34.5,36,970.2,9.0,307,0.0,17,5,6,73.9,86.0,72.7,17.4,31.2,42.1,77.95,57.32500000000001,39.425000000000004
2026-06-06 18:00:00,35.0,33.9,37,970.0,8.3,336,0.0,18,5,6,58.3,84.8,84.5,20.9,28.0,28.3,75.55,60.73333333333333,40.55416666666667
2026-06-06 19:00:00,44.6,33.5,39,969.6,7.8,334,0.0,19,5,6,35.0,73.9,65.8,44.7,39.8,50.5,67.3,61.90833333333333,40.84583333333333
2026-06-06 20:00:00,12.0,32.7,41,969.8,11.4,319,0.0,20,5,6,44.6,58.3,86.0,28.0,23.6,20.8,63.76666666666666,61.900000000000006,41.045833333333334
2026-06-06 21:00:00,12.0,31.8,43,969.9,13.8,324,0.0,21,5,6,12.0,35.0,84.8,49.6,17.8,20.8,51.43333333333333,60.56666666666667,40.5625
2026-06-06 22:00:00,12.0,31.0,46,970.0,15.3,321,0.0,22,5,6,12.0,44.6,73.9,59.6,17.3,31.4,39.300000000000004,57.43333333333334,40.32083333333333
2026-06-06 23:00:00,12.0,30.4,49,970.1,14.3,321,0.0,23,5,6,12.0,12.0,58.3,72.7,12.0,17.3,28.983333333333334,53.46666666666667,40.1
2026-06-07 00:00:00,22.2,31.3,44,969.6,11.0,325,0.0,0,6,6,12.0,12.0,35.0,84.5,22.0,12.3,21.266666666666666,48.40833333333334,40.1
2026-06-07 01:00:00,15.6,31.4,44,970.3,11.8,308,0.0,1,6,6,22.2,12.0,44.6,65.8,14.8,12.0,19.133333333333333,43.21666666666667,40.108333333333334
2026-06-07 02:00:00,12.1,32.9,38,971.0,13.7,321,0.0,2,6,6,15.6,12.0,12.0,86.0,12.0,12.0,14.299999999999999,39.03333333333333,40.141666666666666
2026-06-07 03:00:00,12.0,34.5,35,971.3,12.9,337,0.0,3,6,6,12.1,22.2,12.0,84.8,27.8,19.5,14.316666666666668,32.875,40.145833333333336
2026-06-07 04:00:00,12.3,36.6,30,971.3,11.1,344,0.0,4,6,6,12.0,15.6,12.0,73.9,12.0,12.0,14.316666666666668,26.808333333333337,39.487500000000004
2026-06-07 05:00:00,79.1,38.6,25,970.8,7.1,333,0.0,5,6,6,12.3,12.1,12.0,58.3,17.4,12.0,14.366666666666667,21.675,39.5
2026-06-07 06:00:00,56.7,39.2,24,970.7,5.8,300,0.0,6,6,6,79.1,12.0,22.2,35.0,20.9,29.0,25.549999999999997,23.40833333333333,42.07083333333333
2026-06-07 07:00:00,59.9,39.8,23,970.0,7.5,290,0.0,7,6,6,56.7,12.3,15.6,44.6,44.7,41.5,31.3,25.216666666666665,43.5625
2026-06-07 08:00:00,52.8,40.2,22,969.3,11.2,298,0.0,8,6,6,59.9,79.1,12.1,12.0,28.0,42.2,38.68333333333333,26.49166666666667,44.19583333333333
2026-06-07 09:00:00,77.6,40.1,23,968.1,11.9,297,0.0,9,6,6,52.8,56.7,12.0,12.0,49.6,65.9,45.46666666666667,29.891666666666666,45.229166666666664
2026-06-07 10:00:00,80.8,40.0,23,967.7,10.2,288,0.0,10,6,6,77.6,59.9,12.3,12.0,59.6,55.0,56.4,35.358333333333334,46.395833333333336
2026-06-07 11:00:00,77.8,40.0,23,967.3,10.5,289,0.0,11,6,6,80.8,52.8,79.1,12.0,72.7,49.3,67.81666666666666,41.09166666666667,47.27916666666667
2026-06-07 12:00:00,92.2,40.7,21,966.3,6.8,325,0.0,12,6,6,77.8,77.6,56.7,22.2,84.5,50.5,67.6,46.574999999999996,47.49166666666667
2026-06-07 13:00:00,80.3,39.7,22,967.0,8.1,354,0.0,13,6,6,92.2,80.8,59.9,15.6,65.8,48.8,73.51666666666667,52.40833333333333,47.8125
2026-06-07 14:00:00,45.0,37.9,26,968.0,15.7,344,0.0,14,6,6,80.3,77.8,52.8,12.1,86.0,68.6,76.91666666666667,57.79999999999999,48.416666666666664
2026-06-07 15:00:00,54.5,36.9,30,968.9,14.1,339,0.0,15,6,6,45.0,92.2,77.6,12.0,84.8,19.0,75.61666666666666,60.541666666666664,46.708333333333336
2026-06-07 16:00:00,42.1,35.9,35,969.7,13.3,330,0.0,16,6,6,54.5,80.3,80.8,12.3,73.9,20.4,71.76666666666667,64.08333333333333,45.44583333333333
2026-06-07 17:00:00,69.2,35.2,37,970.3,8.9,315,0.0,17,6,6,42.1,45.0,77.8,79.1,58.3,31.2,65.31666666666668,66.56666666666666,44.12083333333333
2026-06-07 18:00:00,60.1,35.3,38,969.7,6.2,303,0.0,18,6,6,69.2,54.5,92.2,56.7,35.0,28.0,63.88333333333333,65.74166666666667,44.574999999999996
2026-06-07 19:00:00,14.0,34.5,40,969.4,7.2,298,0.0,19,6,6,60.1,42.1,80.3,59.9,44.6,39.8,58.53333333333334,66.025,45.62083333333334
2026-06-07 20:00:00,40.0,33.8,42,968.8,7.0,305,0.0,20,6,6,14.0,69.2,45.0,52.8,12.0,23.6,47.48333333333334,62.20000000000001,44.34583333333334
2026-06-07 21:00:00,39.7,33.2,44,968.0,8.4,313,0.0,21,6,6,40.0,60.1,54.5,77.6,12.0,17.8,46.650000000000006,61.13333333333333,45.51250000000001
2026-06-07 22:00:00,16.8,32.7,46,968.1,7.4,304,0.0,22,6,6,39.7,14.0,42.1,80.8,12.0,17.3,44.18333333333334,57.974999999999994,46.666666666666664
2026-06-07 23:00:00,12.0,32.2,49,968.3,7.2,309,0.0,23,6,6,16.8,40.0,69.2,77.8,12.0,12.0,39.96666666666667,52.64166666666667,46.866666666666674
2026-06-08 00:00:00,12.0,31.5,48,968.9,10.5,289,0.0,0,0,6,12.0,39.7,60.1,92.2,22.2,22.0,30.433333333333334,47.15833333333334,46.866666666666674
2026-06-08 01:00:00,36.0,32.1,47,969.8,9.1,288,0.0,1,0,6,12.0,16.8,14.0,80.3,15.6,14.8,22.416666666666668,40.475,46.44166666666667
2026-06-08 02:00:00,13.1,33.8,44,970.4,14.7,296,0.0,2,0,6,36.0,12.0,40.0,45.0,12.1,12.0,26.083333333333332,36.78333333333333,47.291666666666664
2026-06-08 03:00:00,12.0,35.1,41,970.6,14.2,300,0.0,3,0,6,13.1,12.0,39.7,54.5,12.0,27.8,21.600000000000005,34.125,47.333333333333336
2026-06-08 04:00:00,16.5,36.9,36,970.7,13.0,314,0.0,4,0,6,12.0,36.0,16.8,42.1,12.3,12.0,16.98333333333333,30.583333333333332,47.333333333333336
2026-06-08 05:00:00,28.5,38.2,32,970.3,11.9,318,0.0,5,0,6,16.5,13.1,12.0,69.2,79.1,17.4,16.933333333333334,28.450000000000003,47.50833333333333
2026-06-08 06:00:00,35.1,39.9,27,969.5,11.3,323,0.0,6,0,6,28.5,12.0,12.0,60.1,56.7,20.9,19.683333333333334,25.058333333333337,45.4
2026-06-08 07:00:00,35.9,40.2,26,968.9,9.8,320,0.0,7,0,6,35.1,16.5,36.0,14.0,59.9,44.7,23.53333333333333,22.975000000000005,44.5
2026-06-08 08:00:00,59.2,41.0,25,968.1,8.6,306,0.0,8,0,6,35.9,28.5,13.1,40.0,52.8,28.0,23.516666666666666,24.8,43.5
2026-06-08 09:00:00,71.9,41.1,25,967.2,9.1,300,0.0,9,0,6,59.2,35.1,12.0,39.7,77.6,49.6,31.200000000000003,26.400000000000002,43.76666666666667
2026-06-08 10:00:00,71.0,40.5,26,966.9,9.8,311,0.0,10,0,6,71.9,35.9,16.5,16.8,80.8,59.6,41.18333333333334,29.083333333333332,43.52916666666667
2026-06-08 11:00:00,79.9,39.8,25,966.2,11.1,312,0.0,11,0,6,71.0,59.2,28.5,12.0,77.8,72.7,50.26666666666667,33.6,43.12083333333334
2026-06-08 12:00:00,51.3,32.8,56,965.8,15.7,153,0.0,12,0,6,79.9,71.9,35.1,12.0,92.2,84.5,58.833333333333336,39.25833333333333,43.208333333333336
2026-06-08 13:00:00,65.1,35.2,44,966.6,10.7,171,0.0,13,0,6,51.3,71.0,35.9,36.0,80.3,65.8,61.53333333333333,42.53333333333334,41.50416666666667
2026-06-08 14:00:00,73.4,34.7,41,967.4,9.6,175,0.0,14,0,6,65.1,79.9,59.2,13.1,45.0,86.0,66.4,44.958333333333336,40.87083333333333
2026-06-08 15:00:00,52.2,33.2,51,968.5,12.5,192,0.0,15,0,6,73.4,51.3,71.9,12.0,54.5,84.8,68.76666666666667,49.98333333333333,42.05416666666667
2026-06-08 16:00:00,38.7,33.0,51,969.5,13.4,206,0.0,16,0,6,52.2,65.1,71.0,16.5,42.1,73.9,65.48333333333333,53.333333333333336,41.958333333333336
2026-06-08 17:00:00,26.1,32.9,48,969.8,13.4,213,0.0,17,0,6,38.7,73.4,79.9,28.5,69.2,58.3,60.1,55.18333333333334,41.81666666666667
2026-06-08 18:00:00,37.9,32.3,52,969.1,11.5,224,0.0,18,0,6,26.1,52.2,51.3,35.1,60.1,35.0,51.13333333333333,54.98333333333333,40.020833333333336
2026-06-08 19:00:00,24.2,31.8,54,968.6,11.0,214,0.0,19,0,6,37.9,38.7,65.1,35.9,14.0,44.6,48.900000000000006,55.21666666666667,39.09583333333334
2026-06-08 20:00:00,18.5,31.4,55,968.2,9.6,218,0.0,20,0,6,24.2,26.1,73.4,59.2,40.0,12.0,42.083333333333336,54.24166666666667,39.520833333333336
2026-06-08 21:00:00,12.0,31.5,54,968.2,9.3,243,0.0,21,0,6,18.5,37.9,52.2,71.9,39.7,12.0,32.93333333333334,50.849999999999994,38.625
2026-06-08 22:00:00,12.0,31.0,55,968.5,9.3,298,0.0,22,0,6,12.0,24.2,38.7,71.0,16.8,12.0,26.233333333333334,45.85833333333333,37.47083333333333
2026-06-08 23:00:00,25.0,30.9,55,968.7,8.0,279,0.1,23,0,6,12.0,18.5,26.1,79.9,12.0,12.0,21.78333333333333,40.94166666666666,37.270833333333336
2026-06-09 00:00:00,12.0,30.7,55,968.8,12.1,245,0.1,0,1,6,25.0,12.0,37.9,51.3,12.0,22.2,21.599999999999998,36.36666666666667,37.8125
2026-06-09 01:00:00,24.4,31.4,52,969.2,11.7,259,0.0,1,1,6,12.0,12.0,24.2,65.1,36.0,15.6,17.283333333333335,33.09166666666666,37.8125
2026-06-09 02:00:00,12.0,32.7,48,969.7,14.2,282,0.0,2,1,6,24.4,25.0,18.5,73.4,13.1,12.1,17.316666666666666,29.700000000000003,37.329166666666666
2026-06-09 03:00:00,12.0,34.0,43,970.3,15.0,296,0.0,3,1,6,12.0,12.0,12.0,52.2,12.0,12.0,16.23333333333333,24.583333333333332,37.28333333333333
2026-06-09 04:00:00,12.0,35.4,39,970.4,14.8,297,0.0,4,1,6,12.0,24.4,12.0,38.7,16.5,12.3,16.23333333333333,21.233333333333334,37.28333333333333
2026-06-09 05:00:00,20.7,36.9,36,970.1,14.4,300,0.0,5,1,6,12.0,12.0,25.0,26.1,28.5,79.1,16.23333333333333,19.008333333333336,37.09583333333333
2026-06-09 06:00:00,24.3,38.8,33,969.2,11.3,312,0.0,6,1,6,20.7,12.0,12.0,37.9,35.1,56.7,15.516666666666666,18.558333333333334,36.770833333333336
2026-06-09 07:00:00,44.7,40.1,28,968.5,9.0,307,0.0,7,1,6,24.3,12.0,24.4,24.2,35.9,59.9,17.566666666666666,17.425,36.32083333333333
2026-06-09 08:00:00,70.9,41.2,24,967.5,6.8,302,0.0,8,1,6,44.7,20.7,12.0,18.5,59.2,52.8,20.95,19.133333333333333,36.6875
2026-06-09 09:00:00,96.6,41.9,22,966.6,6.5,294,0.0,9,1,6,70.9,24.3,12.0,12.0,71.9,77.6,30.76666666666667,23.5,37.175
2026-06-09 10:00:00,72.6,41.7,21,965.9,7.9,294,0.0,10,1,6,96.6,44.7,12.0,12.0,71.0,80.8,44.86666666666667,30.55,38.204166666666666
2026-06-09 11:00:00,86.0,40.6,23,965.5,9.6,300,0.0,11,1,6,72.6,70.9,20.7,25.0,79.9,77.8,54.96666666666667,35.6,38.270833333333336
2026-06-09 12:00:00,67.1,40.8,22,965.3,12.4,289,0.0,12,1,6,86.0,96.6,24.3,12.0,51.3,92.2,65.85000000000001,40.68333333333333,38.525
2026-06-09 13:00:00,59.3,38.8,26,965.9,13.5,241,0.2,13,1,6,67.1,72.6,44.7,24.4,65.1,80.3,72.98333333333333,45.275,39.18333333333334
2026-06-09 14:00:00,80.5,36.3,34,966.7,9.4,198,0.3,14,1,6,59.3,86.0,70.9,12.0,73.4,45.0,75.41666666666667,48.18333333333334,38.94166666666667
2026-06-09 15:00:00,70.6,36.6,34,967.2,9.5,190,0.0,15,1,6,80.5,67.1,96.6,12.0,52.2,54.5,77.01666666666667,53.89166666666667,39.237500000000004
2026-06-09 16:00:00,54.8,36.2,34,968.0,7.3,203,0.0,16,1,6,70.6,59.3,72.6,12.0,38.7,42.1,72.68333333333334,58.775,40.00416666666667
2026-06-09 17:00:00,67.1,35.1,38,968.5,7.1,199,0.0,17,1,6,54.8,80.5,86.0,20.7,26.1,69.2,69.71666666666665,62.34166666666667,40.675
2026-06-09 18:00:00,16.5,35.0,40,968.1,8.9,243,0.0,18,1,6,67.1,70.6,67.1,24.3,37.9,60.1,66.56666666666666,66.20833333333333,42.38333333333333
2026-06-09 19:00:00,21.4,34.1,43,967.8,10.1,246,0.0,19,1,6,16.5,54.8,59.3,44.7,24.2,14.0,58.13333333333333,65.55833333333334,41.49166666666667
2026-06-09 20:00:00,36.6,33.4,45,967.2,9.6,230,0.0,20,1,6,21.4,67.1,80.5,70.9,18.5,40.0,51.81666666666666,63.61666666666667,41.375
2026-06-09 21:00:00,48.4,32.7,47,966.7,8.1,219,0.0,21,1,6,36.6,16.5,70.6,96.6,12.0,39.7,44.5,60.758333333333326,42.12916666666667
2026-06-09 22:00:00,13.4,32.7,46,967.1,5.8,266,0.0,22,1,6,48.4,21.4,54.8,72.6,12.0,16.8,40.8,56.74166666666667,43.645833333333336
2026-06-09 23:00:00,12.0,33.1,41,968.0,9.8,316,0.0,23,1,6,13.4,36.6,67.1,86.0,25.0,12.0,33.9,51.80833333333333,43.70416666666667
2026-06-10 00:00:00,12.0,32.8,42,968.4,14.6,297,0.0,0,2,6,12.0,48.4,16.5,67.1,12.0,12.0,24.71666666666667,45.64166666666667,43.1625
2026-06-10 01:00:00,12.0,32.4,46,969.3,15.6,303,0.0,1,2,6,12.0,13.4,21.4,59.3,24.4,36.0,23.96666666666667,41.050000000000004,43.1625
2026-06-10 02:00:00,12.0,32.8,49,969.8,16.6,306,0.0,2,2,6,12.0,12.0,36.6,80.5,12.0,13.1,22.400000000000002,37.108333333333334,42.645833333333336
2026-06-10 03:00:00,12.0,34.0,47,970.5,15.9,301,0.0,3,2,6,12.0,12.0,48.4,70.6,12.0,12.0,18.3,31.400000000000002,42.645833333333336
2026-06-10 04:00:00,23.4,35.5,43,970.4,14.6,297,0.0,4,2,6,12.0,12.0,13.4,54.8,12.0,16.5,12.233333333333334,26.516666666666666,42.645833333333336
2026-06-10 05:00:00,20.2,37.4,38,970.3,14.0,296,0.0,5,2,6,23.4,12.0,12.0,67.1,20.7,28.5,13.9,23.899999999999995,43.12083333333334
2026-06-10 06:00:00,30.0,39.5,31,969.8,11.6,292,0.0,6,2,6,20.2,12.0,12.0,16.5,24.3,35.1,15.266666666666666,19.991666666666667,43.099999999999994
2026-06-10 07:00:00,28.2,40.6,26,968.9,10.4,285,0.0,7,2,6,30.0,23.4,12.0,21.4,44.7,35.9,18.266666666666666,21.116666666666667,43.3375
2026-06-10 08:00:00,39.1,41.5,24,968.0,10.6,274,0.0,8,2,6,28.2,20.2,12.0,36.6,70.9,59.2,20.966666666666665,21.683333333333334,42.65
2026-06-10 09:00:00,48.4,41.8,22,967.1,10.6,270,0.0,9,2,6,39.1,30.0,12.0,48.4,96.6,71.9,25.483333333333334,21.891666666666666,41.324999999999996
2026-06-10 10:00:00,48.4,41.0,22,966.7,11.9,264,0.0,10,2,6,48.4,28.2,23.4,13.4,72.6,71.0,31.55,21.891666666666666,39.31666666666666
2026-06-10 11:00:00,59.7,40.7,23,966.4,11.9,271,0.0,11,2,6,48.4,39.1,20.2,12.0,86.0,79.9,35.71666666666666,24.808333333333334,38.30833333333333
2026-06-10 12:00:00,76.7,32.8,53,966.3,9.0,70,0.0,12,2,6,59.7,48.4,30.0,12.0,67.1,51.3,42.300000000000004,28.78333333333333,37.2125
2026-06-10 13:00:00,65.7,32.3,51,967.2,10.2,80,0.3,13,2,6,76.7,48.4,28.2,12.0,59.3,65.1,50.083333333333336,34.175000000000004,37.612500000000004
2026-06-10 14:00:00,67.8,32.4,48,968.3,11.5,50,0.1,14,2,6,65.7,59.7,39.1,12.0,80.5,73.4,56.333333333333336,38.65,37.87916666666667
2026-06-10 15:00:00,73.1,32.6,47,968.3,9.7,135,0.0,15,2,6,67.8,76.7,48.4,12.0,70.6,52.2,61.11666666666667,43.300000000000004,37.35
2026-06-10 16:00:00,73.0,32.6,46,968.6,7.0,134,0.0,16,2,6,73.1,65.7,48.4,23.4,54.8,38.7,65.23333333333333,48.39166666666667,37.454166666666666
2026-06-10 17:00:00,42.5,32.5,45,968.9,9.0,160,0.0,17,2,6,73.0,67.8,59.7,20.2,67.1,26.1,69.33333333333333,52.525,38.2125
2026-06-10 18:00:00,41.6,32.4,45,968.4,8.0,186,0.0,18,2,6,42.5,73.1,76.7,30.0,16.5,37.9,66.46666666666665,54.383333333333326,37.1875
2026-06-10 19:00:00,49.7,32.0,47,968.1,7.3,287,0.0,19,2,6,41.6,73.0,65.7,28.2,21.4,24.2,60.61666666666667,55.349999999999994,38.233333333333334
2026-06-10 20:00:00,40.9,31.4,49,967.8,6.2,277,0.0,20,2,6,49.7,42.5,67.8,39.1,36.6,18.5,57.949999999999996,57.14166666666667,39.4125
2026-06-10 21:00:00,21.0,30.9,52,967.7,6.5,284,0.0,21,2,6,40.9,41.6,73.1,48.4,48.4,12.0,53.46666666666667,57.291666666666664,39.59166666666666
2026-06-10 22:00:00,12.0,30.4,54,967.7,5.5,212,0.0,22,2,6,21.0,49.7,73.0,48.4,13.4,12.0,44.78333333333333,55.00833333333333,38.449999999999996
2026-06-10 23:00:00,14.7,30.0,55,968.3,6.4,230,0.0,23,2,6,12.0,40.9,42.5,59.7,12.0,25.0,34.61666666666667,51.975,38.391666666666666
2026-06-11 00:00:00,12.0,28.2,64,968.9,9.6,206,0.0,0,3,6,14.7,21.0,41.6,76.7,12.0,12.0,29.983333333333334,48.225,38.50416666666667
2026-06-11 01:00:00,25.7,28.7,62,969.6,8.9,216,0.0,1,3,6,12.0,12.0,49.7,65.7,12.0,24.4,25.05,42.833333333333336,38.50416666666667
2026-06-11 02:00:00,12.0,30.5,54,970.3,6.7,224,0.0,2,3,6,25.7,14.7,40.9,67.8,12.0,12.0,21.049999999999997,39.5,39.075
2026-06-11 03:00:00,22.6,33.0,47,970.5,6.1,272,0.0,3,3,6,12.0,12.0,21.0,73.1,12.0,12.0,16.233333333333334,34.85,39.075
2026-06-11 04:00:00,19.7,35.1,42,970.8,6.7,294,0.0,4,3,6,22.6,25.7,12.0,73.0,23.4,12.0,16.5,30.641666666666666,39.516666666666666
2026-06-11 05:00:00,26.4,37.2,37,970.7,6.8,287,0.0,5,3,6,19.7,12.0,14.7,42.5,20.2,20.7,17.783333333333335,26.2,39.362500000000004
2026-06-11 06:00:00,49.6,38.6,33,970.1,5.5,251,0.0,6,3,6,26.4,22.6,12.0,41.6,30.0,24.3,19.73333333333333,24.858333333333334,39.62083333333333
2026-06-11 07:00:00,82.6,39.9,29,969.2,6.4,243,0.0,7,3,6,49.6,19.7,25.7,49.7,28.2,44.7,26.0,25.524999999999995,40.4375
2026-06-11 08:00:00,52.2,40.6,27,968.2,7.7,233,0.0,8,3,6,82.6,26.4,12.0,40.9,39.1,70.9,35.483333333333334,28.266666666666666,42.70416666666666
2026-06-11 09:00:00,68.8,41.3,25,967.3,8.6,233,0.0,9,3,6,52.2,49.6,22.6,21.0,48.4,96.6,42.18333333333334,29.208333333333332,43.25
2026-06-11 10:00:00,74.1,41.6,23,966.8,9.9,243,0.0,10,3,6,68.8,82.6,19.7,12.0,48.4,72.6,49.883333333333326,33.19166666666667,44.099999999999994
2026-06-11 11:00:00,50.4,41.1,22,966.3,11.5,256,0.0,11,3,6,74.1,52.2,26.4,14.7,59.7,86.0,58.949999999999996,38.36666666666667,45.17083333333333
2026-06-11 12:00:00,38.4,42.1,17,965.3,15.8,240,0.0,12,3,6,50.4,68.8,49.6,12.0,76.7,67.1,62.949999999999996,41.34166666666667,44.78333333333333
2026-06-11 13:00:00,33.0,40.2,20,965.9,17.2,257,0.0,13,3,6,38.4,74.1,82.6,25.7,65.7,59.3,61.083333333333336,43.541666666666664,43.1875
2026-06-11 14:00:00,70.4,39.4,22,966.5,12.4,261,0.0,14,3,6,33.0,50.4,52.2,12.0,67.8,80.5,52.81666666666666,44.15,41.824999999999996
2026-06-11 15:00:00,65.6,39.1,19,967.4,6.1,168,0.0,15,3,6,70.4,38.4,68.8,22.6,73.1,70.6,55.849999999999994,49.01666666666666,41.93333333333333
2026-06-11 16:00:00,46.0,37.4,24,968.3,8.9,161,0.0,16,3,6,65.6,33.0,74.1,19.7,73.0,54.8,55.31666666666666,52.599999999999994,41.62083333333333
2026-06-11 17:00:00,38.0,35.3,37,968.7,11.7,170,0.0,17,3,6,46.0,70.4,50.4,26.4,42.5,67.1,50.63333333333333,54.791666666666664,40.49583333333333
2026-06-11 18:00:00,24.9,34.0,43,968.8,16.1,158,0.0,18,3,6,38.0,65.6,38.4,49.6,41.6,16.5,48.56666666666666,55.75833333333333,40.30833333333333
2026-06-11 19:00:00,19.4,33.2,48,968.7,13.8,169,0.0,19,3,6,24.9,46.0,33.0,82.6,49.7,21.4,46.31666666666667,53.699999999999996,39.6125
2026-06-11 20:00:00,12.0,32.6,49,968.3,12.7,173,0.0,20,3,6,19.4,38.0,70.4,52.2,40.9,36.6,44.050000000000004,48.43333333333334,38.35
2026-06-11 21:00:00,12.0,32.1,52,968.1,12.8,166,0.0,21,3,6,12.0,24.9,65.6,68.8,21.0,48.4,34.31666666666666,45.083333333333336,37.145833333333336
2026-06-11 22:00:00,20.0,31.6,53,968.1,11.4,167,0.0,22,3,6,12.0,19.4,46.0,74.1,12.0,13.4,25.383333333333336,40.35,36.770833333333336
2026-06-11 23:00:00,26.0,31.2,55,968.5,8.6,181,0.0,23,3,6,20.0,12.0,38.0,50.4,14.7,12.0,21.05,35.84166666666667,37.104166666666664
2026-06-12 00:00:00,12.0,30.7,56,969.4,10.7,197,0.0,0,4,6,26.0,12.0,24.9,38.4,12.0,12.0,19.05,33.80833333333333,37.574999999999996
2026-06-12 01:00:00,12.0,31.1,55,969.9,11.2,186,0.0,1,4,6,12.0,20.0,19.4,33.0,25.7,12.0,16.900000000000002,31.608333333333334,37.574999999999996
2026-06-12 02:00:00,12.0,32.4,50,970.7,11.3,194,0.0,2,4,6,12.0,26.0,12.0,70.4,12.0,12.0,15.666666666666666,29.858333333333334,37.00416666666666
2026-06-12 03:00:00,14.2,34.3,44,971.0,10.0,210,0.0,3,4,6,12.0,12.0,12.0,65.6,22.6,12.0,15.666666666666666,24.991666666666664,37.00416666666666
2026-06-12 04:00:00,29.6,36.1,39,971.2,6.9,223,0.0,4,4,6,14.2,12.0,20.0,46.0,19.7,23.4,16.033333333333335,20.708333333333332,36.65416666666667
2026-06-12 05:00:00,65.7,38.1,35,971.2,5.8,256,0.0,5,4,6,29.6,12.0,26.0,38.0,26.4,20.2,17.633333333333333,19.34166666666667,37.06666666666667
2026-06-12 06:00:00,41.6,39.1,32,971.1,6.5,199,0.1,6,4,6,65.7,14.2,12.0,24.9,49.6,30.0,24.25,21.650000000000002,38.704166666666666
2026-06-12 07:00:00,56.6,40.2,31,970.2,8.6,217,0.2,7,4,6,41.6,29.6,12.0,19.4,82.6,28.2,29.183333333333334,23.041666666666668,38.37083333333333
2026-06-12 08:00:00,58.8,39.2,32,969.8,12.2,234,0.0,8,4,6,56.6,65.7,12.0,12.0,52.2,39.1,36.61666666666667,26.14166666666667,37.2875
2026-06-12 09:00:00,57.5,38.9,32,969.0,9.9,238,0.1,9,4,6,58.8,41.6,14.2,12.0,68.8,48.4,44.416666666666664,30.041666666666668,37.5625
2026-06-12 10:00:00,49.7,38.4,31,968.7,13.4,208,0.1,10,4,6,57.5,56.6,29.6,20.0,74.1,48.4,51.63333333333333,33.833333333333336,37.09166666666666
2026-06-12 11:00:00,67.7,37.2,36,968.4,6.7,160,0.1,11,4,6,49.7,58.8,65.7,26.0,50.4,59.7,54.98333333333333,36.30833333333334,36.074999999999996
2026-06-12 12:00:00,25.3,32.3,50,969.1,18.4,145,1.3,12,4,6,67.7,57.5,41.6,12.0,38.4,76.7,55.31666666666666,39.78333333333334,36.79583333333333
2026-06-12 13:00:00,65.5,32.4,51,969.4,8.7,127,0.0,13,4,6,25.3,49.7,56.6,12.0,33.0,65.7,52.599999999999994,40.891666666666666,36.25
2026-06-12 14:00:00,50.3,31.6,54,970.0,9.7,149,0.0,14,4,6,65.5,67.7,58.8,12.0,70.4,67.8,54.083333333333336,45.35,37.604166666666664
2026-06-12 15:00:00,55.1,31.7,54,970.7,11.3,146,0.0,15,4,6,50.3,25.3,57.5,14.2,65.6,73.1,52.666666666666664,48.541666666666664,36.766666666666666
2026-06-12 16:00:00,55.1,31.4,55,971.3,7.9,153,0.0,16,4,6,55.1,65.5,49.7,29.6,46.0,73.0,52.26666666666667,51.949999999999996,36.329166666666666
2026-06-12 17:00:00,51.9,31.6,53,971.4,4.4,171,0.0,17,4,6,55.1,50.3,67.7,65.7,38.0,42.5,53.166666666666664,54.074999999999996,36.708333333333336
2026-06-12 18:00:00,56.8,29.4,59,972.1,10.5,340,0.0,18,4,6,51.9,55.1,25.3,41.6,24.9,41.6,50.53333333333333,52.925000000000004,37.2875
2026-06-12 19:00:00,27.8,28.8,57,972.0,10.6,349,0.0,19,4,6,56.8,55.1,65.5,56.6,19.4,49.7,55.78333333333333,54.19166666666666,38.61666666666667
2026-06-12 20:00:00,35.3,28.4,58,971.6,7.4,6,0.0,20,4,6,27.8,51.9,50.3,58.8,12.0,40.9,49.5,51.791666666666664,38.96666666666667
2026-06-12 21:00:00,43.8,28.3,58,971.1,5.6,25,0.0,21,4,6,35.3,56.8,55.1,57.5,12.0,21.0,47.0,49.833333333333336,39.9375
2026-06-12 22:00:00,37.7,28.3,58,971.1,4.0,18,0.0,22,4,6,43.8,27.8,55.1,49.7,20.0,12.0,45.11666666666667,48.69166666666667,41.2625
2026-06-12 23:00:00,26.3,28.2,59,971.0,2.7,337,0.0,23,4,6,37.7,35.3,51.9,67.7,26.0,14.7,42.21666666666666,47.69166666666666,42.0
2026-06-13 00:00:00,12.6,27.8,67,970.7,10.8,222,0.0,0,5,6,26.3,43.8,56.8,25.3,12.0,12.0,37.95,44.24166666666667,42.0125
2026-06-13 01:00:00,12.0,27.5,69,971.0,9.3,221,0.0,1,5,6,12.6,37.7,27.8,65.5,12.0,25.7,30.583333333333332,43.18333333333333,42.0375
2026-06-13 02:00:00,14.7,29.0,62,972.1,7.9,254,0.0,2,5,6,12.0,26.3,35.3,50.3,12.0,12.0,27.950000000000003,38.725,42.0375
2026-06-13 03:00:00,22.3,31.1,55,972.5,7.2,274,0.0,3,5,6,14.7,12.6,43.8,55.1,14.2,22.6,24.516666666666666,35.75833333333333,42.15
2026-06-13 04:00:00,22.2,31.8,53,973.1,6.9,332,0.8,4,5,6,22.3,12.0,37.7,55.1,29.6,19.7,20.933333333333334,33.025,42.4875
2026-06-13 05:00:00,36.3,33.7,48,972.6,1.5,187,0.0,5,5,6,22.2,14.7,26.3,51.9,65.7,26.4,18.349999999999998,30.28333333333333,42.17916666666667
2026-06-13 06:00:00,47.7,31.9,60,972.3,7.0,86,0.0,6,5,6,36.3,22.3,12.6,56.8,41.6,49.6,20.016666666666666,28.983333333333334,40.954166666666666
2026-06-13 07:00:00,60.2,35.2,47,971.4,3.1,66,0.0,7,5,6,47.7,22.2,12.0,27.8,56.6,82.6,25.866666666666664,28.224999999999998,41.208333333333336
2026-06-13 08:00:00,89.3,36.5,43,970.4,1.4,40,0.1,8,5,6,60.2,36.3,14.7,35.3,58.8,52.2,33.9,30.924999999999997,41.358333333333334
2026-06-13 09:00:00,12.0,27.6,74,970.7,25.6,13,3.4,9,5,6,89.3,47.7,22.3,43.8,57.5,68.8,46.333333333333336,35.425,42.62916666666667
2026-06-13 10:00:00,64.1,30.8,68,969.3,9.9,183,1.5,10,5,6,12.0,60.2,22.2,37.7,49.7,74.1,44.61666666666667,32.775,40.733333333333334
2026-06-13 11:00:00,84.2,32.1,58,968.8,4.8,169,0.0,11,5,6,64.1,89.3,36.3,26.3,67.7,50.4,51.6,34.975,41.333333333333336
2026-06-13 12:00:00,74.7,27.4,81,968.6,8.8,152,0.0,12,5,6,84.2,12.0,47.7,12.6,25.3,38.4,59.583333333333336,39.800000000000004,42.02083333333333
2026-06-13 13:00:00,77.7,29.4,73,969.0,9.2,132,0.0,13,5,6,74.7,64.1,60.2,12.0,65.5,33.0,64.08333333333333,44.975,44.07916666666667
2026-06-13 14:00:00,72.2,29.2,73,969.3,5.4,182,0.0,14,5,6,77.7,84.2,89.3,14.7,50.3,70.4,67.0,50.449999999999996,44.5875
2026-06-13 15:00:00,63.8,29.2,77,970.2,5.8,164,0.0,15,5,6,72.2,74.7,12.0,22.3,55.1,65.6,64.14999999999999,55.24166666666667,45.5
2026-06-13 16:00:00,87.6,29.3,76,971.0,3.3,221,0.0,16,5,6,63.8,77.7,64.1,22.2,55.1,46.0,72.78333333333333,58.699999999999996,45.86249999999999
2026-06-13 17:00:00,57.5,29.2,75,971.1,7.3,218,0.0,17,5,6,87.6,72.2,84.2,36.3,51.9,38.0,76.7,64.14999999999999,47.21666666666667
2026-06-13 18:00:00,41.4,28.4,77,970.7,6.4,232,0.0,18,5,6,57.5,63.8,74.7,47.7,56.8,24.9,72.25,65.91666666666667,47.449999999999996
2026-06-13 19:00:00,23.5,28.2,74,970.5,6.7,239,0.0,19,5,6,41.4,87.6,77.7,60.2,27.8,19.4,66.7,65.39166666666667,46.80833333333333
2026-06-13 20:00:00,36.7,28.2,73,970.1,4.9,231,0.0,20,5,6,23.5,57.5,72.2,89.3,35.3,12.0,57.666666666666664,62.333333333333336,46.62916666666666
2026-06-13 21:00:00,22.8,27.7,76,970.3,5.3,278,0.1,21,5,6,36.7,41.4,63.8,12.0,43.8,12.0,51.74999999999999,57.95000000000001,46.6875
2026-06-13 22:00:00,34.4,27.4,78,969.9,3.3,279,0.1,22,5,6,22.8,23.5,87.6,64.1,37.7,20.0,44.916666666666664,58.85,45.8125
2026-06-13 23:00:00,39.7,27.3,78,970.2,6.1,310,0.0,23,5,6,34.4,36.7,57.5,84.2,26.3,26.0,36.05,56.375,45.675000000000004
2026-06-14 00:00:00,18.4,27.1,78,970.2,7.7,336,0.0,0,6,6,39.7,22.8,41.4,74.7,12.6,12.0,33.083333333333336,52.666666666666664,46.23333333333334
2026-06-14 01:00:00,12.0,27.8,73,970.8,5.0,311,0.0,1,6,6,18.4,34.4,23.5,77.7,12.0,12.0,29.25,47.974999999999994,46.474999999999994
2026-06-14 02:00:00,34.5,29.6,64,971.3,6.5,275,0.0,2,6,6,12.0,39.7,36.7,72.2,14.7,12.0,27.333333333333332,42.5,46.474999999999994
2026-06-14 03:00:00,36.4,32.0,51,971.6,10.4,287,0.0,3,6,6,34.5,18.4,22.8,63.8,22.3,14.2,26.966666666666665,39.35833333333333,47.29999999999999
2026-06-14 04:00:00,12.0,33.7,44,971.5,14.3,303,0.0,4,6,6,36.4,12.0,34.4,87.6,22.2,29.6,29.233333333333334,37.074999999999996,47.887499999999996
2026-06-14 05:00:00,35.4,35.2,41,971.2,13.8,303,0.0,5,6,6,12.0,34.5,39.7,57.5,36.3,65.7,25.5,30.774999999999995,47.4625
2026-06-14 06:00:00,12.0,36.3,37,970.7,12.8,305,0.0,6,6,6,35.4,36.4,18.4,41.4,47.7,41.6,24.78333333333333,28.933333333333334,47.42499999999999
2026-06-14 07:00:00,23.8,37.0,35,969.7,12.5,303,0.0,7,6,6,12.0,12.0,12.0,23.5,60.2,56.6,23.716666666666665,26.483333333333334,45.9375
2026-06-14 08:00:00,45.4,37.6,33,969.1,12.1,300,0.0,8,6,6,23.8,35.4,34.5,36.7,89.3,58.8,25.683333333333334,26.508333333333336,44.42083333333334
2026-06-14 09:00:00,41.8,35.6,38,968.4,13.4,230,0.0,9,6,6,45.4,12.0,36.4,22.8,12.0,57.5,27.5,27.233333333333334,42.59166666666667
2026-06-14 10:00:00,68.0,36.8,31,968.1,7.5,280,0.0,10,6,6,41.8,23.8,12.0,34.4,64.1,49.7,28.400000000000002,28.816666666666666,43.833333333333336
2026-06-14 11:00:00,51.5,34.4,40,967.8,15.5,340,0.7,11,6,6,68.0,45.4,35.4,39.7,84.2,67.7,37.73333333333333,31.616666666666664,43.99583333333333
2026-06-14 12:00:00,77.0,34.0,37,967.8,14.0,77,0.2,12,6,6,51.5,41.8,12.0,18.4,74.7,25.3,40.416666666666664,32.6,42.63333333333333
2026-06-14 13:00:00,86.7,31.8,45,968.2,7.3,62,0.1,13,6,6,77.0,68.0,23.8,12.0,77.7,65.5,51.25,37.483333333333334,42.729166666666664
2026-06-14 14:00:00,80.5,31.6,48,968.7,1.7,58,0.1,14,6,6,86.7,51.5,45.4,34.5,72.2,50.3,61.73333333333333,43.708333333333336,43.104166666666664
2026-06-14 15:00:00,50.6,30.3,58,969.7,9.1,333,0.2,15,6,6,80.5,77.0,41.8,36.4,63.8,55.1,67.58333333333333,47.541666666666664,43.449999999999996
2026-06-14 16:00:00,70.8,30.3,60,970.4,3.3,49,0.0,16,6,6,50.6,86.7,68.0,12.0,87.6,55.1,69.05,48.725,42.9
2026-06-14 17:00:00,58.4,30.2,62,970.9,5.2,358,0.0,17,6,6,70.8,80.5,51.5,35.4,57.5,51.9,69.51666666666667,53.625,42.2
2026-06-14 18:00:00,12.0,29.9,53,970.5,13.8,299,0.0,18,6,6,58.4,50.6,77.0,12.0,41.4,56.8,70.66666666666667,55.541666666666664,42.237500000000004
2026-06-14 19:00:00,12.0,29.4,55,970.0,11.8,299,0.0,19,6,6,12.0,70.8,86.7,23.8,23.5,27.8,59.833333333333336,55.541666666666664,41.012499999999996
2026-06-14 20:00:00,12.0,29.1,57,969.3,10.1,305,0.0,20,6,6,12.0,58.4,80.5,45.4,36.7,35.3,47.38333333333333,54.55833333333333,40.53333333333333
2026-06-14 21:00:00,22.3,28.8,56,969.0,8.4,301,0.0,21,6,6,12.0,12.0,50.6,41.8,22.8,43.8,35.96666666666667,51.775,39.50416666666667
2026-06-14 22:00:00,12.6,28.5,56,969.1,6.4,288,0.0,22,6,6,22.3,12.0,70.8,68.0,34.4,37.7,31.249999999999996,50.150000000000006,39.48333333333333
2026-06-14 23:00:00,12.0,28.3,59,969.8,8.6,282,0.0,23,6,6,12.6,12.0,58.4,51.5,39.7,26.3,21.55,45.53333333333334,38.574999999999996
2026-06-15 00:00:00,25.2,28.3,64,970.0,3.9,24,0.0,0,0,6,12.0,22.3,12.0,77.0,18.4,12.6,13.816666666666665,42.24166666666667,37.420833333333334
2026-06-15 01:00:00,27.3,28.7,63,970.7,1.4,220,0.0,1,0,6,25.2,12.6,12.0,86.7,12.0,12.0,16.01666666666667,37.925000000000004,37.704166666666666
2026-06-15 02:00:00,38.8,30.3,56,971.4,3.0,232,0.0,2,0,6,27.3,12.0,12.0,80.5,34.5,14.7,18.566666666666666,32.975,38.34166666666666
2026-06-15 03:00:00,12.0,32.0,49,971.6,4.6,281,0.0,3,0,6,38.8,25.2,22.3,50.6,36.4,22.3,23.03333333333333,29.5,38.520833333333336
2026-06-15 04:00:00,50.0,33.7,44,972.1,8.3,303,0.0,4,0,6,12.0,27.3,12.6,70.8,12.0,22.2,21.316666666666666,26.28333333333333,37.50416666666666
2026-06-15 05:00:00,15.5,35.1,39,971.9,10.1,316,0.0,5,0,6,50.0,38.8,12.0,58.4,35.4,36.3,27.55,24.55,39.0875
2026-06-15 06:00:00,41.6,36.4,33,971.5,12.0,320,0.0,6,0,6,15.5,12.0,25.2,12.0,12.0,47.7,28.133333333333336,20.974999999999998,38.25833333333333
2026-06-15 07:00:00,61.7,37.2,32,970.6,9.4,318,0.0,7,0,6,41.6,50.0,27.3,12.0,23.8,60.2,30.86666666666667,23.441666666666666,39.49166666666667
2026-06-15 08:00:00,55.6,38.1,30,969.8,7.4,321,0.0,8,0,6,61.7,15.5,38.8,12.0,45.4,89.3,36.6,27.583333333333332,41.07083333333333
2026-06-15 09:00:00,85.5,38.4,29,968.9,7.2,321,0.0,9,0,6,55.6,41.6,12.0,22.3,41.8,12.0,39.400000000000006,31.21666666666667,41.49583333333333
2026-06-15 10:00:00,67.8,38.4,29,968.4,7.6,306,0.0,10,0,6,85.5,61.7,50.0,12.6,68.0,64.1,51.650000000000006,36.48333333333333,43.31666666666666
2026-06-15 11:00:00,74.6,37.8,30,968.0,8.6,286,0.0,11,0,6,67.8,55.6,15.5,12.0,51.5,84.2,54.616666666666674,41.083333333333336,43.30833333333334
2026-06-15 12:00:00,58.3,29.9,57,968.9,21.0,309,0.0,12,0,6,74.6,85.5,41.6,25.2,77.0,74.7,64.46666666666667,46.300000000000004,44.270833333333336
2026-06-15 13:00:00,71.5,32.6,45,968.9,9.8,325,0.3,13,0,6,58.3,67.8,61.7,27.3,86.7,77.7,67.25,49.05833333333333,43.49166666666667
2026-06-15 14:00:00,74.6,33.0,42,969.7,8.1,294,0.0,14,0,6,71.5,74.6,55.6,38.8,80.5,72.2,68.88333333333334,52.74166666666667,42.85833333333333
2026-06-15 15:00:00,42.9,32.8,43,970.2,6.2,292,0.0,15,0,6,74.6,58.3,85.5,12.0,50.6,63.8,72.05,55.724999999999994,42.6125
2026-06-15 16:00:00,63.0,32.4,48,970.8,7.2,297,0.0,16,0,6,42.9,71.5,67.8,50.0,70.8,87.6,64.95,58.300000000000004,42.291666666666664
2026-06-15 17:00:00,44.7,32.2,48,971.3,10.1,316,0.0,17,0,6,63.0,74.6,74.6,15.5,58.4,57.5,64.14999999999999,59.383333333333326,41.96666666666666
2026-06-15 18:00:00,38.7,31.2,51,970.7,9.5,323,0.0,18,0,6,44.7,42.9,58.3,41.6,12.0,41.4,59.166666666666664,61.81666666666666,41.395833333333336
2026-06-15 19:00:00,31.2,30.9,52,970.6,9.9,323,0.0,19,0,6,38.7,63.0,71.5,61.7,12.0,23.5,55.9,61.574999999999996,42.50833333333333
2026-06-15 20:00:00,24.1,30.4,53,970.2,11.1,321,0.0,20,0,6,31.2,44.7,74.6,55.6,12.0,36.7,49.18333333333333,59.03333333333333,43.30833333333334
2026-06-15 21:00:00,12.0,30.2,50,970.0,12.4,321,0.0,21,0,6,24.1,38.7,42.9,85.5,22.3,22.8,40.76666666666667,56.40833333333333,43.8125
2026-06-15 22:00:00,12.0,29.9,50,970.1,11.1,306,0.0,22,0,6,12.0,31.2,63.0,67.8,12.6,34.4,35.61666666666667,50.28333333333333,43.38333333333333
2026-06-15 23:00:00,15.4,29.5,52,970.3,8.2,311,0.0,23,0,6,12.0,24.1,44.7,74.6,12.0,39.7,27.11666666666667,45.63333333333333,43.35833333333333
2026-06-16 00:00:00,12.0,29.4,51,970.4,9.4,306,0.0,0,1,6,15.4,12.0,38.7,58.3,25.2,18.4,22.233333333333334,40.699999999999996,43.5
2026-06-16 01:00:00,34.2,30.0,50,971.3,8.5,306,0.0,1,1,6,12.0,12.0,31.2,71.5,27.3,12.0,17.783333333333335,36.84166666666667,42.949999999999996
2026-06-16 02:00:00,12.0,31.7,45,971.7,12.3,316,0.0,2,1,6,34.2,15.4,24.1,74.6,38.8,34.5,18.283333333333335,33.733333333333334,43.237500000000004
2026-06-16 03:00:00,20.6,32.9,41,972.2,15.8,328,0.0,3,1,6,12.0,12.0,12.0,42.9,12.0,36.4,16.266666666666666,28.516666666666666,42.12083333333334
2026-06-16 04:00:00,16.2,34.3,38,972.2,15.3,329,0.0,4,1,6,20.6,34.2,12.0,63.0,50.0,12.0,17.7,26.658333333333335,42.479166666666664
2026-06-16 05:00:00,25.6,35.9,34,972.2,13.5,329,0.0,5,1,6,16.2,12.0,15.4,44.7,15.5,35.4,18.400000000000002,22.758333333333336,41.07083333333333
2026-06-16 06:00:00,43.0,37.1,32,971.7,6.8,357,0.0,6,1,6,25.6,20.6,12.0,38.7,41.6,12.0,20.1,21.166666666666668,41.49166666666667
2026-06-16 07:00:00,53.3,37.7,31,970.9,4.3,5,0.0,7,1,6,43.0,16.2,34.2,31.2,61.7,23.8,25.26666666666667,21.525000000000002,41.550000000000004
2026-06-16 08:00:00,84.5,38.2,28,970.2,1.2,39,0.0,8,1,6,53.3,25.6,12.0,24.1,55.6,45.4,28.45,23.366666666666664,41.199999999999996
2026-06-16 09:00:00,108.1,38.6,28,969.4,2.4,167,0.0,9,1,6,84.5,43.0,20.6,12.0,85.5,41.8,40.53333333333333,28.399999999999995,42.40416666666666
2026-06-16 10:00:00,12.0,33.4,44,969.9,23.1,275,1.0,10,1,6,108.1,53.3,16.2,12.0,67.8,68.0,55.11666666666667,36.40833333333333,43.34583333333333
2026-06-16 11:00:00,37.8,31.9,55,969.6,18.4,296,0.9,11,1,6,12.0,84.5,25.6,15.4,74.6,51.5,54.416666666666664,36.40833333333333,41.020833333333336
2026-06-16 12:00:00,59.5,34.5,42,969.0,16.9,285,0.2,12,1,6,37.8,108.1,43.0,12.0,58.3,77.0,56.449999999999996,38.275,39.4875
2026-06-16 13:00:00,45.1,34.2,40,969.6,16.3,302,0.0,13,1,6,59.5,12.0,53.3,34.2,71.5,86.7,59.199999999999996,42.233333333333334,39.5375
2026-06-16 14:00:00,58.9,33.7,41,970.4,12.7,303,0.0,14,1,6,45.1,37.8,84.5,12.0,74.6,80.5,57.83333333333332,43.14166666666667,38.4375
2026-06-16 15:00:00,55.8,33.6,42,971.3,9.7,325,0.0,15,1,6,58.9,59.5,108.1,20.6,42.9,50.6,53.56666666666667,47.050000000000004,37.78333333333333
2026-06-16 16:00:00,52.7,33.1,44,972.0,7.2,338,0.0,16,1,6,55.8,45.1,12.0,16.2,63.0,70.8,44.85,49.98333333333333,38.32083333333333
2026-06-16 17:00:00,46.6,32.5,48,972.3,10.0,352,0.0,17,1,6,52.7,58.9,37.8,25.6,44.7,58.4,51.63333333333333,53.025,37.891666666666666
2026-06-16 18:00:00,12.0,30.8,55,971.8,11.4,15,0.0,18,1,6,46.6,55.8,59.5,43.0,38.7,12.0,53.099999999999994,54.775000000000006,37.97083333333333
2026-06-16 19:00:00,12.0,30.0,57,971.8,10.0,13,0.0,19,1,6,12.0,52.7,45.1,53.3,31.2,12.0,45.18333333333333,52.19166666666667,36.858333333333334
2026-06-16 20:00:00,23.9,29.5,60,971.5,8.8,11,0.0,20,1,6,12.0,46.6,58.9,84.5,24.1,12.0,39.666666666666664,48.75,36.05833333333333
2026-06-16 21:00:00,20.8,29.2,60,971.3,8.1,331,0.0,21,1,6,23.9,12.0,55.8,108.1,12.0,22.3,33.833333333333336,43.699999999999996,36.05
2026-06-16 22:00:00,25.1,29.0,60,971.0,5.8,346,0.0,22,1,6,20.8,12.0,52.7,12.0,12.0,12.6,28.0,36.425000000000004,36.416666666666664
2026-06-16 23:00:00,12.0,28.7,62,971.5,8.5,297,0.0,23,1,6,25.1,23.9,46.6,37.8,15.4,12.0,23.400000000000002,37.516666666666666,36.9625
2026-06-17 00:00:00,12.0,28.8,63,971.5,9.7,313,0.0,0,2,6,12.0,20.8,12.0,59.5,12.0,25.2,17.633333333333336,35.36666666666667,36.82083333333333
2026-06-17 01:00:00,31.1,29.3,58,972.3,7.4,313,0.0,1,2,6,12.0,25.1,12.0,45.1,34.2,27.3,17.633333333333336,31.40833333333333,36.82083333333333
2026-06-17 02:00:00,17.5,31.0,50,972.6,6.2,308,0.0,2,2,6,31.1,12.0,23.9,58.9,12.0,38.8,20.816666666666666,30.24166666666667,36.69166666666666
2026-06-17 03:00:00,20.3,33.1,44,973.0,8.7,304,0.0,3,2,6,17.5,12.0,20.8,55.8,20.6,12.0,19.75,26.791666666666668,36.92083333333333
2026-06-17 04:00:00,12.3,34.8,39,972.9,13.1,314,0.0,4,2,6,20.3,31.1,25.1,52.7,16.2,50.0,19.666666666666668,23.83333333333334,36.90833333333334
2026-06-17 05:00:00,14.8,36.0,35,972.8,13.3,318,0.0,5,2,6,12.3,17.5,12.0,46.6,25.6,15.5,17.533333333333335,20.466666666666665,36.74583333333333
2026-06-17 06:00:00,32.1,36.6,35,972.4,14.7,319,0.0,6,2,6,14.8,20.3,12.0,12.0,43.0,41.6,18.0,17.816666666666666,36.295833333333334
2026-06-17 07:00:00,15.0,36.6,35,971.6,13.0,326,0.1,7,2,6,32.1,12.3,31.1,12.0,53.3,61.7,21.349999999999998,19.491666666666667,35.84166666666666
2026-06-17 08:00:00,49.1,37.3,34,971.1,12.4,318,0.0,8,2,6,15.0,14.8,17.5,23.9,84.5,55.6,18.666666666666668,19.741666666666667,34.24583333333333
2026-06-17 09:00:00,60.9,37.7,33,970.0,10.7,312,0.0,9,2,6,49.1,32.1,20.3,20.8,108.1,85.5,23.933333333333337,21.84166666666667,32.770833333333336
2026-06-17 10:00:00,34.0,35.4,38,969.4,19.6,299,0.3,10,2,6,60.9,15.0,12.3,25.1,12.0,67.8,30.7,25.183333333333334,30.804166666666664
2026-06-17 11:00:00,94.6,35.0,41,969.4,11.2,288,0.5,11,2,6,34.0,49.1,14.8,12.0,37.8,74.6,34.31666666666667,25.924999999999997,31.72083333333333
2026-06-17 12:00:00,44.5,36.9,32,968.4,12.9,283,0.0,12,2,6,94.6,60.9,32.1,12.0,59.5,58.3,47.61666666666667,32.80833333333333,34.0875
2026-06-17 13:00:00,55.9,33.8,44,969.7,13.9,321,0.0,13,2,6,44.5,34.0,15.0,31.1,45.1,71.5,49.68333333333334,35.516666666666666,33.4625
2026-06-17 14:00:00,46.1,33.1,48,970.2,7.6,322,0.0,14,2,6,55.9,94.6,49.1,17.5,58.9,74.6,56.5,37.583333333333336,33.9125
2026-06-17 15:00:00,73.2,32.8,51,970.5,6.0,314,0.0,15,2,6,46.1,44.5,60.9,20.3,55.8,42.9,56.0,39.96666666666667,33.37916666666667
2026-06-17 16:00:00,78.1,32.4,52,971.2,4.2,320,0.0,16,2,6,73.2,55.9,34.0,12.3,52.7,63.0,58.050000000000004,44.375,34.104166666666664
2026-06-17 17:00:00,47.6,32.0,55,971.5,3.6,297,0.0,17,2,6,78.1,46.1,94.6,14.8,46.6,44.7,65.39999999999999,49.85833333333334,35.1625
2026-06-17 18:00:00,34.8,31.3,55,971.1,9.7,325,0.0,18,2,6,47.6,73.2,44.5,32.1,12.0,38.7,57.56666666666666,52.59166666666667,35.204166666666666
2026-06-17 19:00:00,40.9,30.9,56,971.0,9.2,337,0.0,19,2,6,34.8,78.1,55.9,15.0,12.0,31.2,55.949999999999996,52.81666666666666,36.15416666666667
2026-06-17 20:00:00,12.0,30.4,56,970.7,9.4,331,0.0,20,2,6,40.9,47.6,46.1,49.1,23.9,24.1,53.449999999999996,54.974999999999994,37.358333333333334
2026-06-17 21:00:00,18.6,30.0,57,970.6,9.1,330,0.0,21,2,6,12.0,34.8,73.2,60.9,20.8,12.0,47.76666666666667,51.883333333333326,36.862500000000004
2026-06-17 22:00:00,12.0,29.7,58,970.9,10.2,318,0.0,22,2,6,18.6,40.9,78.1,34.0,25.1,12.0,38.666666666666664,48.35833333333333,36.770833333333336
2026-06-17 23:00:00,32.6,29.4,59,971.0,6.5,276,0.0,23,2,6,12.0,12.0,47.6,94.6,12.0,15.4,27.649999999999995,46.525,36.225
2026-06-18 00:00:00,13.0,28.8,66,971.2,6.7,278,0.0,0,3,6,32.6,18.6,34.8,44.5,12.0,12.0,25.149999999999995,41.358333333333334,37.083333333333336
2026-06-18 01:00:00,44.9,29.2,65,971.7,5.9,256,0.0,1,3,6,13.0,12.0,40.9,55.9,31.1,34.2,21.51666666666667,38.733333333333334,37.125
2026-06-18 02:00:00,12.0,30.8,57,972.1,7.0,274,0.0,2,3,6,44.9,32.6,12.0,46.1,17.5,12.0,22.183333333333334,37.81666666666667,37.7
2026-06-18 03:00:00,12.0,32.4,51,972.9,13.1,308,0.0,3,3,6,12.0,13.0,18.6,73.2,20.3,20.6,22.183333333333334,34.975,37.47083333333334
2026-06-18 04:00:00,12.0,33.6,48,973.1,14.3,319,0.0,4,3,6,12.0,44.9,12.0,78.1,12.3,16.2,21.083333333333332,29.875,37.125
2026-06-18 05:00:00,17.1,35.0,45,973.1,14.2,325,0.0,5,3,6,12.0,12.0,32.6,47.6,14.8,25.6,21.083333333333332,24.366666666666664,37.112500000000004
2026-06-18 06:00:00,42.2,36.4,40,972.4,12.1,311,0.0,6,3,6,17.1,12.0,13.0,34.8,32.1,43.0,18.5,21.825,37.208333333333336
2026-06-18 07:00:00,31.7,36.3,39,971.9,13.4,323,0.2,7,3,6,42.2,12.0,44.9,40.9,15.0,53.3,23.366666666666664,22.441666666666666,37.62916666666667
2026-06-18 08:00:00,37.4,34.5,43,971.4,11.6,327,1.0,8,3,6,31.7,17.1,12.0,12.0,49.1,84.5,21.166666666666668,21.675,38.325
2026-06-18 09:00:00,24.1,34.4,41,970.5,16.8,332,0.4,9,3,6,37.4,42.2,12.0,18.6,60.9,108.1,25.399999999999995,23.791666666666668,37.8375
2026-06-18 10:00:00,83.1,33.2,48,970.0,8.1,339,0.7,10,3,6,24.1,31.7,12.0,12.0,34.0,12.0,27.416666666666668,24.25,36.30416666666667
2026-06-18 11:00:00,63.4,34.1,45,969.5,7.6,352,0.1,11,3,6,83.1,37.4,17.1,32.6,94.6,37.8,39.266666666666666,30.174999999999997,38.35
2026-06-18 12:00:00,62.5,35.8,38,968.2,8.6,292,0.0,12,3,6,63.4,24.1,42.2,13.0,44.5,59.5,46.98333333333333,32.74166666666667,37.050000000000004
2026-06-18 13:00:00,88.9,35.7,38,968.8,7.6,282,0.0,13,3,6,62.5,83.1,31.7,44.9,55.9,45.1,50.36666666666667,36.86666666666667,37.800000000000004
2026-06-18 14:00:00,65.0,35.2,45,968.9,2.3,274,0.0,14,3,6,88.9,63.4,37.4,12.0,46.1,58.9,59.900000000000006,40.53333333333333,39.175000000000004
2026-06-18 15:00:00,89.9,34.2,45,969.7,4.0,111,0.0,15,3,6,65.0,62.5,24.1,12.0,73.2,55.8,64.5,44.949999999999996,39.9625
2026-06-18 16:00:00,47.5,32.6,51,970.6,8.7,124,0.0,16,3,6,89.9,88.9,83.1,12.0,78.1,52.7,75.46666666666668,51.44166666666666,40.65833333333333
2026-06-18 17:00:00,60.4,32.0,52,971.3,5.5,193,0.0,17,3,6,47.5,65.0,63.4,17.1,47.6,46.6,69.53333333333335,54.4,39.38333333333333
2026-06-18 18:00:00,50.7,31.6,55,970.7,2.4,153,0.0,18,3,6,60.4,89.9,62.5,42.2,34.8,12.0,69.03333333333335,58.008333333333326,39.916666666666664
2026-06-18 19:00:00,45.9,30.8,60,970.6,1.2,243,0.0,19,3,6,50.7,47.5,88.9,31.7,40.9,12.0,67.06666666666668,58.71666666666667,40.579166666666666
2026-06-18 20:00:00,40.2,30.3,63,970.4,4.7,208,0.0,20,3,6,45.9,60.4,65.0,37.4,12.0,23.9,59.9,59.9,40.7875
2026-06-18 21:00:00,51.4,29.9,64,970.1,3.6,189,0.0,21,3,6,40.2,50.7,89.9,24.1,18.6,20.8,55.76666666666667,60.13333333333333,41.9625
2026-06-18 22:00:00,28.4,29.7,62,970.6,7.5,226,0.0,22,3,6,51.4,45.9,47.5,83.1,12.0,25.1,49.35,62.40833333333333,43.32916666666667
2026-06-18 23:00:00,34.0,29.2,63,970.2,4.0,291,0.0,23,3,6,28.4,40.2,60.4,63.4,32.6,12.0,46.166666666666664,57.849999999999994,44.012499999999996
2026-06-19 00:00:00,12.0,30.2,53,970.3,8.7,318,0.0,0,4,6,34.0,51.4,50.7,62.5,13.0,12.0,41.766666666666666,55.4,44.07083333333333
2026-06-19 01:00:00,17.6,29.9,56,970.8,7.6,304,0.0,1,4,6,12.0,28.4,45.9,88.9,44.9,31.1,35.31666666666667,51.19166666666666,44.02916666666667
2026-06-19 02:00:00,19.0,30.9,54,971.7,9.8,306,0.0,2,4,6,17.6,34.0,40.2,65.0,12.0,17.5,30.599999999999998,45.25,42.89166666666667
2026-06-19 03:00:00,21.0,32.2,49,972.0,11.2,311,0.0,3,4,6,19.0,12.0,51.4,89.9,12.0,20.3,27.066666666666663,41.416666666666664,43.18333333333334
2026-06-19 04:00:00,37.5,34.0,43,972.7,9.2,313,0.0,4,4,6,21.0,17.6,28.4,47.5,12.0,12.3,22.0,35.675000000000004,43.55833333333334
2026-06-19 05:00:00,45.1,35.8,36,972.8,9.0,303,0.0,5,4,6,37.5,19.0,34.0,60.4,17.1,14.8,23.516666666666666,34.84166666666667,44.62083333333334
2026-06-19 06:00:00,45.7,37.4,30,971.9,10.5,294,0.0,6,4,6,45.1,21.0,12.0,50.7,42.2,32.1,25.366666666666664,33.56666666666667,45.7875
2026-06-19 07:00:00,35.6,38.0,28,971.5,11.3,287,0.0,7,4,6,45.7,37.5,17.6,45.9,31.7,15.0,30.983333333333334,33.15,45.93333333333334
2026-06-19 08:00:00,47.3,38.4,26,970.8,14.1,274,0.0,8,4,6,35.6,45.1,19.0,40.2,37.4,49.1,33.983333333333334,32.291666666666664,46.09583333333333
2026-06-19 09:00:00,55.2,38.4,26,970.2,14.0,278,0.0,9,4,6,47.3,45.7,21.0,51.4,24.1,60.9,38.7,32.88333333333333,46.50833333333333
2026-06-19 10:00:00,60.8,38.1,26,969.8,13.5,297,0.0,10,4,6,55.2,35.6,37.5,28.4,83.1,34.0,44.400000000000006,33.2,47.80416666666667
2026-06-19 11:00:00,61.7,37.5,29,969.5,12.1,273,0.0,11,4,6,60.8,47.3,45.1,34.0,63.4,94.6,48.28333333333333,35.9,46.875
2026-06-19 12:00:00,76.8,38.2,28,969.0,11.3,287,0.0,12,4,6,61.7,55.2,45.7,12.0,62.5,44.5,51.050000000000004,38.208333333333336,46.80416666666667
2026-06-19 13:00:00,58.8,37.5,29,969.8,13.5,313,0.0,13,4,6,76.8,60.8,35.6,17.6,88.9,55.9,56.23333333333333,43.60833333333333,47.4
2026-06-19 14:00:00,67.9,36.4,31,970.5,12.4,309,0.0,14,4,6,58.8,61.7,47.3,19.0,65.0,46.1,60.099999999999994,47.041666666666664,46.145833333333336
2026-06-19 15:00:00,38.3,36.2,31,971.4,11.2,294,0.0,15,4,6,67.9,76.8,55.2,21.0,89.9,73.2,63.53333333333334,51.11666666666667,46.26666666666666
2026-06-19 16:00:00,48.2,35.1,34,971.9,8.9,284,0.0,16,4,6,38.3,58.8,60.8,37.5,47.5,78.1,60.71666666666666,52.55833333333334,44.11666666666667
2026-06-19 17:00:00,69.4,34.3,36,972.5,10.3,316,0.0,17,4,6,48.2,67.9,61.7,45.1,60.4,47.6,58.616666666666674,53.449999999999996,44.145833333333336
2026-06-19 18:00:00,46.6,33.9,34,972.0,13.0,331,0.0,18,4,6,69.4,38.3,76.8,45.7,50.7,34.8,59.9,55.475,44.520833333333336
2026-06-19 19:00:00,14.2,33.2,33,971.4,11.4,337,0.0,19,4,6,46.6,48.2,58.8,35.6,45.9,40.9,54.866666666666674,55.54999999999999,44.35
2026-06-19 20:00:00,36.1,32.4,34,971.1,7.8,15,0.0,20,4,6,14.2,69.4,67.9,47.3,40.2,12.0,47.43333333333334,53.76666666666667,43.02916666666667
2026-06-19 21:00:00,33.4,31.9,35,971.1,6.7,358,0.0,21,4,6,36.1,46.6,38.3,55.2,51.4,18.6,42.13333333333333,52.833333333333336,42.85833333333333
2026-06-19 22:00:00,12.0,31.3,38,971.2,4.8,329,0.0,22,4,6,33.4,14.2,48.2,60.8,28.4,12.0,41.31666666666667,51.01666666666667,42.108333333333334
2026-06-19 23:00:00,15.1,30.8,39,971.6,4.2,275,0.0,23,4,6,12.0,36.1,69.4,61.7,34.0,32.6,35.28333333333333,46.949999999999996,41.425000000000004
2026-06-20 00:00:00,45.3,30.9,43,971.6,0.8,297,0.0,0,5,6,15.1,33.4,46.6,76.8,12.0,13.0,26.233333333333334,43.06666666666666,40.6375
2026-06-20 01:00:00,36.0,31.3,42,972.1,3.6,303,0.0,1,5,6,45.3,12.0,14.2,58.8,17.6,44.9,26.016666666666666,40.44166666666667,42.025
2026-06-20 02:00:00,33.5,32.4,41,972.7,6.4,322,0.0,2,5,6,36.0,15.1,36.1,67.9,19.0,12.0,29.650000000000002,38.541666666666664,42.791666666666664
2026-06-20 03:00:00,12.0,33.3,40,973.2,8.4,326,0.0,3,5,6,33.5,45.3,33.4,38.3,21.0,12.0,29.21666666666667,35.675000000000004,43.395833333333336
2026-06-20 04:00:00,35.8,34.5,38,973.2,8.1,317,0.0,4,5,6,12.0,36.0,12.0,48.2,37.5,12.0,25.650000000000002,33.48333333333334,43.020833333333336
2026-06-20 05:00:00,49.3,36.4,32,973.1,9.2,296,0.0,5,5,6,35.8,33.5,15.1,69.4,45.1,17.1,29.616666666666664,32.449999999999996,42.949999999999996
2026-06-20 06:00:00,46.5,37.8,27,972.7,9.9,282,0.0,6,5,6,49.3,12.0,45.3,46.6,45.7,42.2,35.31666666666667,30.775000000000002,43.125
2026-06-20 07:00:00,28.3,38.8,25,972.0,11.6,282,0.0,7,5,6,46.5,35.8,36.0,14.2,35.6,31.7,35.516666666666666,30.766666666666666,43.15833333333333
2026-06-20 08:00:00,56.7,39.4,24,971.2,14.3,288,0.0,8,5,6,28.3,49.3,33.5,36.1,47.3,37.4,34.233333333333334,31.941666666666666,42.854166666666664
2026-06-20 09:00:00,38.8,39.2,23,970.3,15.8,294,0.0,9,5,6,56.7,46.5,12.0,33.4,55.2,24.1,38.1,33.65833333333333,43.24583333333334
2026-06-20 10:00:00,67.6,39.1,23,970.0,14.8,296,0.0,10,5,6,38.8,28.3,35.8,12.0,60.8,83.1,42.56666666666666,34.108333333333334,42.5625
2026-06-20 11:00:00,57.4,38.7,23,969.5,13.1,285,0.0,11,5,6,67.6,56.7,49.3,15.1,61.7,63.4,47.86666666666667,38.74166666666667,42.84583333333333
2026-06-20 12:00:00,74.3,39.3,23,968.5,13.7,289,0.0,12,5,6,57.4,38.8,46.5,45.3,76.8,62.5,49.21666666666667,42.266666666666666,42.666666666666664
2026-06-20 13:00:00,59.5,38.4,24,969.1,14.4,278,0.0,13,5,6,74.3,67.6,28.3,36.0,58.8,88.9,53.85,44.68333333333333,42.5625
2026-06-20 14:00:00,65.3,37.7,25,970.0,12.8,275,0.0,14,5,6,59.5,57.4,56.7,33.5,67.9,65.0,59.04999999999999,46.64166666666666,42.59166666666667
2026-06-20 15:00:00,73.6,36.8,28,971.0,11.4,289,0.0,15,5,6,65.3,74.3,38.8,12.0,38.3,89.9,60.48333333333333,49.291666666666664,42.483333333333334
2026-06-20 16:00:00,67.7,35.7,31,971.9,10.5,295,0.0,16,5,6,73.6,59.5,67.6,35.8,48.2,47.5,66.28333333333333,54.42499999999999,43.95416666666666
2026-06-20 17:00:00,47.6,35.0,33,972.0,10.2,296,0.0,17,5,6,67.7,65.3,57.4,49.3,69.4,60.4,66.3,57.083333333333336,44.76666666666667
2026-06-20 18:00:00,25.0,34.5,38,971.4,16.2,318,0.0,18,5,6,47.6,73.6,74.3,46.5,46.6,50.7,64.66666666666667,56.94166666666667,43.85833333333333
2026-06-20 19:00:00,12.0,33.0,45,971.0,14.0,322,0.0,19,5,6,25.0,67.7,59.5,28.3,14.2,45.9,56.45000000000001,55.15,42.958333333333336
2026-06-20 20:00:00,12.0,32.2,49,970.5,12.9,319,0.0,20,5,6,12.0,47.6,65.3,56.7,36.1,40.2,48.53333333333334,53.791666666666664,42.86666666666667
2026-06-20 21:00:00,17.9,31.8,50,970.2,11.4,307,0.0,21,5,6,12.0,25.0,73.6,38.8,33.4,51.4,39.65,50.06666666666666,41.8625
2026-06-20 22:00:00,12.0,31.3,51,970.3,13.5,291,0.0,22,5,6,17.9,12.0,67.7,67.6,12.0,28.4,30.36666666666667,48.324999999999996,41.21666666666667
2026-06-20 23:00:00,12.0,29.7,59,970.7,9.0,286,0.2,23,5,6,12.0,12.0,47.6,57.4,15.1,34.0,21.083333333333332,43.69166666666666,41.21666666666667
2026-06-21 00:00:00,22.4,31.0,53,971.1,7.1,264,0.0,0,6,6,12.0,17.9,25.0,74.3,45.3,12.0,15.15,39.90833333333333,41.0875
2026-06-21 01:00:00,25.3,31.0,55,971.9,8.1,253,0.0,1,6,6,22.4,12.0,12.0,59.5,36.0,17.6,14.716666666666669,35.583333333333336,40.13333333333333
2026-06-21 02:00:00,12.0,32.1,52,972.4,9.0,248,0.0,2,6,6,25.3,12.0,12.0,65.3,33.5,19.0,16.933333333333334,32.733333333333334,39.6875
2026-06-21 03:00:00,12.2,31.1,56,972.8,12.2,225,0.4,3,6,6,12.0,22.4,17.9,73.6,12.0,21.0,16.933333333333334,28.291666666666668,38.791666666666664
2026-06-21 04:00:00,19.7,32.6,52,972.8,12.3,240,0.3,4,6,6,12.2,25.3,12.0,67.7,35.8,37.5,15.983333333333334,23.174999999999997,38.800000000000004
2026-06-21 05:00:00,16.6,34.3,46,972.4,11.6,264,0.1,5,6,6,19.7,12.0,12.0,47.6,49.3,45.1,17.266666666666666,19.175,38.12916666666666
2026-06-21 06:00:00,35.1,37.7,33,971.6,11.5,292,0.0,6,6,6,16.6,12.2,22.4,25.0,46.5,45.7,18.033333333333335,16.591666666666665,36.766666666666666
2026-06-21 07:00:00,24.4,38.1,31,971.1,12.2,292,0.0,7,6,6,35.1,19.7,25.3,12.0,28.3,35.6,20.150000000000002,17.433333333333334,36.291666666666664
2026-06-21 08:00:00,41.0,38.5,32,970.4,11.6,266,0.0,8,6,6,24.4,16.6,12.0,12.0,56.7,47.3,20.0,18.466666666666665,36.12916666666667
2026-06-21 09:00:00,46.8,38.5,32,969.2,13.7,281,0.0,9,6,6,41.0,35.1,12.2,17.9,38.8,55.2,24.833333333333332,20.883333333333333,35.475
2026-06-21 10:00:00,53.6,38.3,30,968.8,15.1,288,0.0,10,6,6,46.8,24.4,19.7,12.0,67.6,60.8,30.599999999999998,23.291666666666668,35.80833333333333
2026-06-21 11:00:00,54.6,37.6,33,968.3,13.7,289,0.1,11,6,6,53.6,41.0,16.6,12.0,57.4,61.7,36.25,26.758333333333336,35.225
2026-06-21 12:00:00,69.4,37.7,30,967.8,15.8,262,0.1,12,6,6,54.6,46.8,35.1,22.4,74.3,76.8,42.583333333333336,30.308333333333334,35.108333333333334
2026-06-21 13:00:00,52.2,36.8,33,968.6,13.6,259,0.0,13,6,6,69.4,53.6,24.4,25.3,59.5,58.8,48.300000000000004,34.225,34.90416666666666
2026-06-21 14:00:00,69.5,36.9,31,969.4,10.1,254,0.0,14,6,6,52.2,54.6,41.0,12.0,65.3,67.9,52.93333333333334,36.46666666666667,34.6
2026-06-21 15:00:00,55.6,36.3,32,970.2,9.6,267,0.0,15,6,6,69.5,69.4,46.8,12.2,73.6,38.3,57.68333333333334,41.25833333333333,34.775
2026-06-21 16:00:00,70.7,35.5,35,970.9,10.9,283,0.0,16,6,6,55.6,52.2,53.6,19.7,67.7,48.2,59.150000000000006,44.875,34.025
2026-06-21 17:00:00,60.4,34.9,38,971.4,4.8,250,0.0,17,6,6,70.7,69.5,54.6,16.6,47.6,69.4,62.0,49.125,34.15
2026-06-21 18:00:00,60.3,31.4,56,971.3,7.9,221,0.0,18,6,6,60.4,55.6,69.4,35.1,25.0,46.6,62.96666666666667,52.775,34.68333333333333
2026-06-21 19:00:00,59.6,31.4,58,970.8,4.2,227,0.1,19,6,6,60.3,70.7,52.2,24.4,12.0,14.2,61.449999999999996,54.875,36.15416666666667
2026-06-21 20:00:00,29.0,31.4,57,970.4,6.4,230,0.0,20,6,6,59.6,60.4,69.5,41.0,12.0,36.1,62.68333333333334,57.80833333333333,38.1375
2026-06-21 21:00:00,31.0,31.2,56,970.1,5.0,226,0.0,21,6,6,29.0,60.3,55.6,46.8,17.9,33.4,55.93333333333334,56.80833333333333,38.84583333333334
2026-06-21 22:00:00,20.8,31.1,55,969.9,4.9,231,0.0,22,6,6,31.0,59.6,70.7,53.6,12.0,12.0,51.833333333333336,55.49166666666667,39.39166666666667
2026-06-21 23:00:00,47.5,30.9,55,970.2,4.8,214,0.0,23,6,6,20.8,29.0,60.4,54.6,12.0,15.1,43.51666666666667,52.75833333333333,39.75833333333333
2026-06-22 00:00:00,12.0,30.6,56,970.6,8.9,246,0.0,0,0,6,47.5,31.0,60.3,69.4,22.4,45.3,41.36666666666667,52.166666666666664,41.237500000000004
2026-06-22 01:00:00,18.8,30.6,56,971.1,10.7,263,0.1,1,0,6,12.0,20.8,59.6,52.2,25.3,36.0,33.31666666666667,47.383333333333326,40.80416666666667
2026-06-22 02:00:00,32.7,32.3,52,971.5,7.7,239,0.1,2,0,6,18.8,47.5,29.0,69.5,12.0,33.5,26.51666666666667,44.6,40.53333333333333
2026-06-22 03:00:00,19.5,34.4,42,971.8,8.0,254,0.0,3,0,6,32.7,12.0,31.0,55.6,12.2,12.0,27.133333333333336,41.53333333333333,41.395833333333336
2026-06-22 04:00:00,47.2,35.9,37,972.0,8.3,286,0.0,4,0,6,19.5,18.8,20.8,70.7,19.7,35.8,25.21666666666667,38.525,41.699999999999996
2026-06-22 05:00:00,30.4,37.1,35,971.8,10.5,287,0.0,5,0,6,47.2,32.7,47.5,60.4,16.6,49.3,29.616666666666664,36.56666666666667,42.84583333333333
2026-06-22 06:00:00,24.1,38.0,33,971.1,11.7,287,0.9,6,0,6,30.4,19.5,12.0,60.3,35.1,46.5,26.766666666666666,34.06666666666667,43.42083333333333
2026-06-22 07:00:00,37.4,35.1,39,970.6,12.8,349,1.8,7,0,6,24.1,47.2,18.8,59.6,24.4,28.3,28.78333333333333,31.049999999999997,42.9625
2026-06-22 08:00:00,79.3,36.5,36,969.7,6.5,355,0.0,8,0,6,37.4,30.4,32.7,29.0,41.0,56.7,31.88333333333333,29.200000000000003,43.50416666666666
2026-06-22 09:00:00,49.8,37.0,35,968.8,11.5,281,0.0,9,0,6,79.3,24.1,19.5,31.0,46.8,38.8,39.65,33.39166666666667,45.1
2026-06-22 10:00:00,58.7,36.8,34,968.5,12.5,288,0.1,10,0,6,49.8,37.4,47.2,20.8,53.6,67.6,44.699999999999996,34.958333333333336,45.225
2026-06-22 11:00:00,66.5,36.3,36,968.5,11.7,245,0.0,11,0,6,58.7,79.3,30.4,47.5,54.6,57.4,46.616666666666674,38.11666666666667,45.4375
2026-06-22 12:00:00,73.7,33.9,42,968.6,11.9,174,0.3,12,0,6,66.5,49.8,24.1,12.0,69.4,74.3,52.63333333333333,39.699999999999996,45.93333333333334
2026-06-22 13:00:00,81.4,27.8,75,970.0,13.0,175,1.5,13,0,6,73.7,58.7,37.4,18.8,52.2,59.5,60.9,44.84166666666667,46.11249999999999
2026-06-22 14:00:00,80.0,28.7,75,970.3,9.5,181,0.2,14,0,6,81.4,66.5,79.3,32.7,69.5,65.3,68.23333333333333,50.05833333333334,47.32916666666667
2026-06-22 15:00:00,77.8,28.4,75,971.4,8.5,176,0.0,15,0,6,80.0,73.7,49.8,19.5,55.6,73.6,68.35000000000001,54.0,47.76666666666667
2026-06-22 16:00:00,74.8,28.8,73,971.9,7.0,181,0.0,16,0,6,77.8,81.4,58.7,47.2,70.7,67.7,73.01666666666667,58.85833333333333,48.69166666666666
2026-06-22 17:00:00,51.7,28.8,73,971.9,10.1,196,0.0,17,0,6,74.8,80.0,66.5,30.4,60.4,47.6,75.7,61.15833333333333,48.86249999999999
2026-06-22 18:00:00,41.7,27.1,79,972.0,6.9,264,0.0,18,0,6,51.7,77.8,73.7,24.1,60.3,25.0,73.23333333333333,62.93333333333334,48.5
2026-06-22 19:00:00,36.1,27.1,78,971.5,6.6,259,0.0,19,0,6,41.7,74.8,81.4,37.4,59.6,12.0,67.9,64.39999999999999,47.725
2026-06-22 20:00:00,17.9,27.1,73,970.9,11.6,227,0.0,20,0,6,36.1,51.7,80.0,79.3,29.0,12.0,60.349999999999994,64.29166666666667,46.74583333333333
2026-06-22 21:00:00,12.0,26.7,76,970.6,15.1,230,0.0,21,0,6,17.9,41.7,77.8,49.8,31.0,17.9,50.0,59.175000000000004,46.28333333333333
2026-06-22 22:00:00,12.0,26.5,76,970.6,11.2,248,0.0,22,0,6,12.0,36.1,74.8,58.7,20.8,12.0,39.03333333333333,56.025,45.49166666666667
2026-06-22 23:00:00,12.0,26.3,78,970.6,9.8,256,0.0,23,0,6,12.0,17.9,51.7,66.5,47.5,12.0,28.566666666666663,52.13333333333333,45.125
2026-06-23 00:00:00,17.5,24.6,96,970.6,6.8,272,0.0,0,1,6,12.0,12.0,41.7,73.7,12.0,22.4,21.95,47.59166666666667,43.645833333333336
2026-06-23 01:00:00,14.8,25.0,96,970.8,7.9,240,1.8,1,1,6,17.5,12.0,36.1,81.4,18.8,25.3,17.916666666666668,42.90833333333333,43.875
2026-06-23 02:00:00,33.4,25.9,88,970.8,8.6,239,0.2,2,1,6,14.8,12.0,17.9,80.0,32.7,12.0,14.366666666666667,37.358333333333334,43.708333333333336
2026-06-23 03:00:00,12.0,28.0,75,971.1,11.4,247,0.0,3,1,6,33.4,17.5,12.0,77.8,19.5,12.2,16.95,33.475,43.737500000000004
2026-06-23 04:00:00,12.0,29.8,66,971.1,11.1,247,0.0,4,1,6,12.0,14.8,12.0,74.8,47.2,19.7,16.95,27.991666666666664,43.425000000000004
2026-06-23 05:00:00,23.8,31.4,61,970.8,8.7,246,0.0,5,1,6,12.0,33.4,12.0,51.7,30.4,16.6,16.95,22.758333333333336,41.958333333333336
2026-06-23 06:00:00,43.8,29.8,65,971.1,8.6,248,0.0,6,1,6,23.8,12.0,17.5,41.7,24.1,35.1,18.916666666666668,20.433333333333334,41.68333333333333
2026-06-23 07:00:00,69.9,30.5,63,970.3,7.6,225,0.0,7,1,6,43.8,12.0,14.8,36.1,37.4,24.4,23.3,20.60833333333333,42.50416666666666
2026-06-23 08:00:00,51.3,32.1,60,969.6,8.9,216,0.0,8,1,6,69.9,23.8,33.4,17.9,79.3,41.0,32.483333333333334,23.425,43.85833333333333
2026-06-23 09:00:00,66.3,33.0,56,968.1,10.0,200,0.0,9,1,6,51.3,43.8,12.0,12.0,49.8,46.8,35.46666666666667,26.208333333333332,42.69166666666667
2026-06-23 10:00:00,54.6,33.5,53,967.5,11.4,204,0.0,10,1,6,66.3,69.9,12.0,12.0,58.7,53.6,44.51666666666667,30.733333333333334,43.37916666666666
2026-06-23 11:00:00,43.2,29.9,72,967.6,13.3,272,0.9,11,1,6,54.6,51.3,23.8,12.0,66.5,54.6,51.61666666666667,34.28333333333334,43.208333333333336
2026-06-23 12:00:00,52.0,27.4,86,968.3,13.4,248,2.3,12,1,6,43.2,66.3,43.8,17.5,73.7,69.4,54.849999999999994,36.88333333333333,42.237500000000004
2026-06-23 13:00:00,64.4,26.5,85,969.1,8.1,185,0.6,13,1,6,52.0,54.6,69.9,14.8,81.4,52.2,56.21666666666666,39.75833333333333,41.333333333333336
2026-06-23 14:00:00,67.9,26.4,87,969.8,4.0,95,0.0,14,1,6,64.4,43.2,51.3,33.4,80.0,69.5,55.300000000000004,43.89166666666667,40.625
2026-06-23 15:00:00,49.8,26.8,86,970.1,3.9,114,0.0,15,1,6,67.9,52.0,66.3,12.0,77.8,55.6,58.06666666666666,46.76666666666667,40.12083333333334
2026-06-23 16:00:00,64.9,27.0,85,970.8,2.3,61,0.1,16,1,6,49.8,64.4,54.6,12.0,74.8,70.7,55.31666666666667,49.916666666666664,38.95416666666667
2026-06-23 17:00:00,64.2,26.9,87,970.8,2.5,111,0.4,17,1,6,64.9,67.9,43.2,23.8,51.7,60.4,57.03333333333334,54.32500000000001,38.541666666666664
2026-06-23 18:00:00,49.2,25.3,90,970.7,6.4,262,0.2,18,1,6,64.2,49.8,52.0,43.8,41.7,60.3,60.53333333333334,57.69166666666666,39.0625
2026-06-23 19:00:00,48.5,25.0,91,970.1,6.4,238,1.0,19,1,6,49.2,64.9,64.4,69.9,36.1,59.6,60.06666666666667,58.14166666666667,39.375
2026-06-23 20:00:00,47.6,25.0,92,969.5,3.5,231,1.3,20,1,6,48.5,64.2,67.9,51.3,17.9,29.0,57.416666666666664,56.35833333333334,39.891666666666666
2026-06-23 21:00:00,38.3,24.9,93,969.2,3.2,196,1.4,21,1,6,47.6,49.2,49.8,66.3,12.0,31.0,54.03333333333334,56.050000000000004,41.12916666666667
2026-06-23 22:00:00,41.2,24.8,95,969.5,3.8,183,1.2,22,1,6,38.3,48.5,64.9,54.6,12.0,20.8,52.116666666666674,53.71666666666667,42.225
2026-06-23 23:00:00,24.4,24.7,95,969.7,4.0,153,1.1,23,1,6,41.2,47.6,64.2,43.2,12.0,47.5,48.166666666666664,52.6,43.44166666666667
2026-06-24 00:00:00,12.0,24.6,96,969.0,7.4,223,0.7,0,2,6,24.4,38.3,49.2,52.0,17.5,12.0,41.53333333333333,51.03333333333334,43.958333333333336
2026-06-24 01:00:00,13.5,24.6,96,969.7,5.4,222,0.5,1,2,6,12.0,41.2,48.5,64.4,14.8,18.8,35.333333333333336,47.70000000000001,43.729166666666664
2026-06-24 02:00:00,16.2,25.3,92,970.3,5.7,215,0.1,2,2,6,13.5,24.4,47.6,67.9,33.4,32.7,29.5,43.458333333333336,43.675000000000004
2026-06-24 03:00:00,22.5,27.1,80,970.6,7.7,231,0.0,3,2,6,16.2,12.0,38.3,49.8,12.0,19.5,24.266666666666666,39.15,42.958333333333336
2026-06-24 04:00:00,20.0,28.4,74,970.5,6.7,232,0.1,4,2,6,22.5,13.5,41.2,64.9,12.0,47.2,21.633333333333336,36.875,43.395833333333336
2026-06-24 05:00:00,45.0,29.7,70,970.2,5.9,227,0.0,5,2,6,20.0,16.2,24.4,64.2,23.8,30.4,18.099999999999998,33.13333333333333,43.729166666666664
2026-06-24 06:00:00,34.1,30.4,64,970.2,9.0,240,0.0,6,2,6,45.0,22.5,12.0,49.2,43.8,24.1,21.53333333333333,31.53333333333333,44.612500000000004
2026-06-24 07:00:00,35.4,31.0,62,969.3,8.9,241,0.0,7,2,6,34.1,20.0,13.5,48.5,69.9,37.4,25.21666666666667,30.275000000000002,44.208333333333336
2026-06-24 08:00:00,50.1,31.5,61,968.4,8.9,246,0.0,8,2,6,35.4,45.0,16.2,47.6,51.3,79.3,28.866666666666664,29.183333333333334,42.770833333333336
2026-06-24 09:00:00,59.1,31.9,60,967.5,7.2,245,0.1,9,2,6,50.1,34.1,22.5,38.3,66.3,49.8,34.51666666666667,29.39166666666667,42.72083333333333
2026-06-24 10:00:00,80.5,32.0,60,967.2,7.3,240,0.1,10,2,6,59.1,35.4,20.0,41.2,54.6,58.7,40.61666666666667,31.125,42.42083333333334
2026-06-24 11:00:00,58.5,31.7,60,966.8,7.8,220,0.0,11,2,6,80.5,50.1,45.0,24.4,43.2,66.5,50.70000000000001,34.4,43.5
2026-06-24 12:00:00,92.6,30.9,60,966.8,3.4,238,1.6,12,2,6,58.5,59.1,34.1,12.0,52.0,73.7,52.95000000000001,37.24166666666667,44.137499999999996
2026-06-24 13:00:00,65.4,30.0,64,967.9,12.0,217,0.0,13,2,6,92.6,80.5,35.4,13.5,64.4,81.4,62.699999999999996,43.958333333333336,45.82916666666667
2026-06-24 14:00:00,33.6,27.4,78,968.8,13.1,245,0.1,14,2,6,65.4,58.5,50.1,16.2,67.9,80.0,67.7,48.28333333333333,45.87083333333333
2026-06-24 15:00:00,52.5,26.8,82,969.3,8.8,253,0.1,15,2,6,33.6,92.6,59.1,22.5,49.8,77.8,64.95,49.73333333333334,44.44166666666667
2026-06-24 16:00:00,54.1,26.5,85,969.9,7.0,257,0.1,16,2,6,52.5,65.4,80.5,20.0,64.9,74.8,63.85,52.23333333333334,44.55416666666667
2026-06-24 17:00:00,70.4,26.3,87,970.3,6.9,245,0.0,17,2,6,54.1,33.6,58.5,45.0,64.2,51.7,59.45000000000001,55.07500000000001,44.104166666666664
2026-06-24 18:00:00,42.9,25.8,89,969.9,6.7,265,0.0,18,2,6,70.4,52.5,92.6,34.1,49.2,41.7,61.43333333333334,57.19166666666667,44.362500000000004
2026-06-24 19:00:00,38.2,25.7,89,969.6,7.8,289,0.0,19,2,6,42.9,54.1,65.4,35.4,48.5,36.1,53.150000000000006,57.925000000000004,44.1
2026-06-24 20:00:00,27.4,25.5,90,968.7,5.9,305,0.0,20,2,6,38.2,70.4,33.6,50.1,47.6,17.9,48.61666666666667,58.15833333333334,43.67083333333334
2026-06-24 21:00:00,30.9,25.5,90,968.5,3.8,273,0.0,21,2,6,27.4,42.9,52.5,59.1,38.3,12.0,47.583333333333336,56.26666666666667,42.82916666666667
2026-06-24 22:00:00,23.8,25.5,90,968.8,5.1,274,0.0,22,2,6,30.9,38.2,54.1,80.5,41.2,12.0,43.98333333333334,53.916666666666664,42.520833333333336
2026-06-24 23:00:00,20.2,25.5,91,969.0,4.7,277,0.0,23,2,6,23.8,27.4,70.4,58.5,24.4,12.0,38.93333333333333,49.19166666666667,41.795833333333334
2026-06-25 00:00:00,13.4,25.3,93,969.0,7.1,264,0.0,0,3,6,20.2,30.9,42.9,92.6,12.0,17.5,30.566666666666663,46.0,41.62083333333334
2026-06-25 01:00:00,25.7,25.5,92,969.9,5.5,257,0.3,1,3,6,13.4,23.8,38.2,65.4,13.5,14.8,25.650000000000002,39.4,41.67916666666667
2026-06-25 02:00:00,22.7,25.9,91,970.3,6.7,272,0.4,2,3,6,25.7,20.2,27.4,33.6,16.2,33.4,23.566666666666663,36.09166666666667,42.1875
2026-06-25 03:00:00,31.3,27.1,86,970.7,6.9,293,0.3,3,3,6,22.7,13.4,30.9,52.5,22.5,12.0,22.78333333333333,35.18333333333333,42.458333333333336
2026-06-25 04:00:00,19.4,28.2,77,971.0,8.6,301,0.3,4,3,6,31.3,25.7,23.8,54.1,20.0,12.0,22.849999999999998,33.416666666666664,42.824999999999996
2026-06-25 05:00:00,25.8,26.1,88,970.9,6.7,322,6.7,5,3,6,19.4,22.7,20.2,70.4,45.0,23.8,22.116666666666664,30.524999999999995,42.800000000000004
2026-06-25 06:00:00,46.9,29.7,69,970.5,6.3,297,1.3,6,3,6,25.8,31.3,13.4,42.9,34.1,43.8,23.05,26.808333333333334,42.0
2026-06-25 07:00:00,44.4,30.2,67,969.8,5.6,292,0.2,7,3,6,46.9,19.4,25.7,38.2,35.4,69.9,28.633333333333336,27.14166666666667,42.53333333333333
2026-06-25 08:00:00,71.0,31.2,64,969.2,4.1,285,0.1,8,3,6,44.4,25.8,22.7,27.4,50.1,51.3,31.75,27.65833333333333,42.90833333333333
2026-06-25 09:00:00,83.7,32.0,61,968.4,3.9,292,0.0,9,3,6,71.0,46.9,31.3,30.9,59.1,66.3,39.8,31.291666666666668,43.77916666666667
2026-06-25 10:00:00,99.2,31.9,61,967.5,3.9,304,0.0,10,3,6,83.7,44.4,19.4,23.8,80.5,54.6,48.53333333333333,35.69166666666667,44.80416666666667
2026-06-25 11:00:00,80.0,32.1,60,967.1,3.6,319,0.0,11,3,6,99.2,71.0,25.8,20.2,58.5,43.2,61.833333333333336,41.975,45.583333333333336
2026-06-25 12:00:00,74.7,29.5,78,967.3,9.7,192,0.2,12,3,6,80.0,83.7,46.9,13.4,92.6,52.0,70.86666666666667,46.958333333333336,46.479166666666664
2026-06-25 13:00:00,95.9,29.1,79,968.1,6.4,230,0.0,13,3,6,74.7,99.2,44.4,25.7,65.4,64.4,75.5,52.06666666666667,45.73333333333334
2026-06-25 14:00:00,65.2,28.9,81,968.7,8.2,238,0.0,14,3,6,95.9,80.0,71.0,22.7,33.6,67.9,84.08333333333333,57.916666666666664,47.00416666666666
2026-06-25 15:00:00,26.1,28.2,81,969.5,10.1,243,0.0,15,3,6,65.2,74.7,83.7,31.3,52.5,49.8,83.11666666666667,61.458333333333336,48.32083333333333
2026-06-25 16:00:00,57.8,27.9,82,970.1,7.1,243,0.0,16,3,6,26.1,95.9,99.2,19.4,54.1,64.9,73.51666666666667,61.025000000000006,47.22083333333334
2026-06-25 17:00:00,36.9,27.9,84,970.4,7.9,249,0.0,17,3,6,57.8,65.2,80.0,25.8,70.4,64.2,66.61666666666666,64.22500000000001,47.375
2026-06-25 18:00:00,23.8,28.0,74,970.3,8.9,294,0.0,18,3,6,36.9,26.1,74.7,46.9,42.9,49.2,59.43333333333334,65.14999999999999,45.979166666666664
2026-06-25 19:00:00,52.2,27.4,77,969.9,6.8,307,0.0,19,3,6,23.8,57.8,95.9,44.4,38.2,48.5,50.949999999999996,63.225,45.18333333333334
2026-06-25 20:00:00,30.0,27.0,80,969.4,7.3,312,0.0,20,3,6,52.2,36.9,65.2,71.0,27.4,47.6,43.666666666666664,63.875,45.76666666666666
2026-06-25 21:00:00,12.0,26.7,83,968.9,7.8,316,0.0,21,3,6,30.0,23.8,26.1,83.7,30.9,38.3,37.800000000000004,60.458333333333336,45.875
2026-06-25 22:00:00,14.6,26.6,84,969.0,7.9,319,0.0,22,3,6,12.0,52.2,57.8,99.2,23.8,41.2,35.449999999999996,54.48333333333333,45.0875
2026-06-25 23:00:00,12.0,26.4,85,969.3,7.9,321,0.0,23,3,6,14.6,30.0,36.9,80.0,20.2,24.4,28.25,47.43333333333334,44.70416666666667
2026-06-26 00:00:00,20.6,26.4,92,969.4,4.6,312,0.0,0,4,6,12.0,12.0,23.8,74.7,13.4,12.0,24.100000000000005,41.76666666666667,44.362500000000004
2026-06-26 01:00:00,17.7,26.9,89,970.0,4.7,302,0.0,1,4,6,20.6,14.6,52.2,95.9,25.7,13.5,23.566666666666666,37.25833333333333,44.6625
2026-06-26 02:00:00,39.2,28.0,80,970.9,4.0,302,0.0,2,4,6,17.7,12.0,30.0,65.2,22.7,16.2,17.816666666666666,30.74166666666667,44.32916666666667
2026-06-26 03:00:00,26.7,29.2,74,971.3,3.2,313,0.0,3,4,6,39.2,20.6,12.0,26.1,31.3,22.5,19.35,28.575000000000003,45.01666666666667
2026-06-26 04:00:00,56.7,30.3,70,971.6,1.1,279,0.0,4,4,6,26.7,17.7,14.6,57.8,19.4,20.0,21.8,28.625,44.82500000000001
2026-06-26 05:00:00,76.7,31.3,67,971.4,1.1,288,0.0,5,4,6,56.7,39.2,12.0,36.9,25.8,45.0,28.816666666666674,28.53333333333333,46.37916666666666
2026-06-26 06:00:00,44.8,32.5,59,971.2,2.1,232,0.0,6,4,6,76.7,26.7,20.6,23.8,46.9,34.1,39.6,31.850000000000005,48.5
2026-06-26 07:00:00,80.1,33.1,56,970.2,4.6,231,0.0,7,4,6,44.8,56.7,17.7,52.2,44.4,35.4,43.63333333333333,33.6,48.412499999999994
2026-06-26 08:00:00,58.7,33.1,55,969.7,5.3,252,0.2,8,4,6,80.1,76.7,39.2,30.0,71.0,50.1,54.03333333333333,35.925000000000004,49.900000000000006
2026-06-26 09:00:00,64.2,33.2,54,968.7,5.8,236,0.0,9,4,6,58.7,44.8,26.7,12.0,83.7,59.1,57.28333333333334,38.31666666666667,49.38750000000001
2026-06-26 10:00:00,71.0,33.0,54,968.3,3.1,263,0.7,10,4,6,64.2,80.1,56.7,14.6,99.2,80.5,63.53333333333334,42.666666666666664,48.574999999999996
2026-06-26 11:00:00,120.0,33.1,54,968.0,0.4,153,0.0,11,4,6,71.0,58.7,76.7,12.0,80.0,58.5,65.91666666666667,47.36666666666667,47.4
2026-06-26 12:00:00,71.5,29.2,81,968.3,6.6,61,0.7,12,4,6,120.0,64.2,44.8,20.6,74.7,92.6,73.13333333333334,56.36666666666667,49.06666666666666
2026-06-26 13:00:00,92.7,27.8,89,969.5,1.5,353,1.9,13,4,6,71.5,71.0,80.1,17.7,95.9,65.4,77.58333333333333,60.60833333333333,48.93333333333333
2026-06-26 14:00:00,78.9,27.4,92,970.0,3.5,298,0.6,14,4,6,92.7,120.0,58.7,39.2,65.2,33.6,79.68333333333334,66.85833333333333,48.800000000000004
2026-06-26 15:00:00,71.5,27.1,93,970.8,4.2,324,0.5,15,4,6,78.9,71.5,64.2,26.7,26.1,52.5,83.05,70.16666666666667,49.37083333333334
2026-06-26 16:00:00,73.1,27.3,92,971.2,4.3,336,0.3,16,4,6,71.5,92.7,71.0,56.7,57.8,54.1,84.26666666666667,73.89999999999999,51.262499999999996
2026-06-26 17:00:00,66.2,27.0,94,971.0,5.4,296,0.1,17,4,6,73.1,78.9,120.0,76.7,36.9,70.4,84.61666666666666,75.26666666666667,51.9
2026-06-26 18:00:00,54.2,26.4,91,971.2,4.8,307,0.0,18,4,6,66.2,71.5,71.5,44.8,23.8,42.9,75.64999999999999,74.39166666666667,53.12083333333334
2026-06-26 19:00:00,40.1,26.3,92,970.3,3.8,295,0.0,19,4,6,54.2,73.1,92.7,80.1,52.2,38.2,72.76666666666667,75.175,54.387499999999996
2026-06-26 20:00:00,61.2,26.2,93,969.8,3.7,313,0.0,20,4,6,40.1,66.2,78.9,58.7,30.0,27.4,64.0,71.84166666666667,53.88333333333333
2026-06-26 21:00:00,46.0,26.2,93,969.5,5.3,325,0.0,21,4,6,61.2,54.2,71.5,64.2,12.0,30.9,61.050000000000004,72.05,55.18333333333334
2026-06-26 22:00:00,22.2,26.1,93,969.3,5.2,319,0.0,22,4,6,46.0,40.1,73.1,71.0,14.6,23.8,56.79999999999999,70.53333333333335,56.6
2026-06-26 23:00:00,12.0,26.1,93,969.7,5.2,329,0.0,23,4,6,22.2,61.2,66.2,120.0,12.0,20.2,48.31666666666667,66.46666666666667,56.916666666666664
2026-06-27 00:00:00,28.2,26.3,92,969.8,4.4,322,0.0,0,5,6,12.0,46.0,54.2,71.5,20.6,13.4,39.28333333333334,57.46666666666667,56.916666666666664
2026-06-27 01:00:00,15.0,26.6,90,970.2,3.5,285,0.0,1,5,6,28.2,22.2,40.1,92.7,17.7,25.7,34.949999999999996,53.85833333333334,57.23333333333334
2026-06-27 02:00:00,12.0,27.7,83,970.7,6.8,292,0.0,2,5,6,15.0,12.0,61.2,78.9,39.2,22.7,30.76666666666667,47.38333333333333,57.12083333333334
2026-06-27 03:00:00,14.8,28.9,78,970.7,6.3,301,0.0,3,5,6,12.0,28.2,46.0,71.5,26.7,31.3,22.566666666666663,41.80833333333334,55.987500000000004
2026-06-27 04:00:00,46.5,30.3,72,970.9,4.8,333,0.1,4,5,6,14.8,15.0,22.2,73.1,56.7,19.4,17.366666666666664,37.083333333333336,55.49166666666667
2026-06-27 05:00:00,43.8,31.5,68,971.1,4.0,339,0.2,5,5,6,46.5,12.0,12.0,66.2,76.7,25.8,21.416666666666668,34.86666666666667,55.06666666666667
2026-06-27 06:00:00,35.6,32.5,59,970.5,3.7,331,0.2,6,5,6,43.8,14.8,28.2,54.2,44.8,46.9,26.71666666666667,33.0,53.69583333333333
2026-06-27 07:00:00,25.6,33.4,57,969.8,2.2,256,0.1,7,5,6,35.6,46.5,15.0,40.1,80.1,44.4,27.950000000000003,31.450000000000003,53.3125
2026-06-27 08:00:00,74.2,34.0,56,968.8,3.1,220,0.1,8,5,6,25.6,43.8,12.0,61.2,58.7,71.0,29.716666666666665,30.241666666666664,51.041666666666664
2026-06-27 09:00:00,75.7,33.8,57,967.6,4.6,211,0.3,9,5,6,74.2,35.6,14.8,46.0,64.2,83.7,40.083333333333336,31.325,51.6875
2026-06-27 10:00:00,73.5,34.4,52,967.4,1.8,294,0.1,10,5,6,75.7,25.6,46.5,22.2,71.0,99.2,50.23333333333333,33.800000000000004,52.166666666666664
2026-06-27 11:00:00,71.6,28.1,86,967.9,13.8,317,2.7,11,5,6,73.5,74.2,43.8,12.0,120.0,80.0,54.73333333333333,38.075,52.270833333333336
2026-06-27 12:00:00,106.4,29.7,72,968.0,3.6,333,1.3,12,5,6,71.6,75.7,35.6,28.2,71.5,74.7,59.36666666666667,43.041666666666664,50.25416666666667
2026-06-27 13:00:00,82.3,29.4,74,968.6,3.1,280,0.0,13,5,6,106.4,73.5,25.6,15.0,92.7,95.9,71.16666666666667,49.55833333333333,51.708333333333336
2026-06-27 14:00:00,85.1,29.2,77,969.0,2.7,274,0.0,14,5,6,82.3,71.6,74.2,12.0,78.9,65.2,80.61666666666666,55.166666666666664,51.275000000000006
2026-06-27 15:00:00,79.6,29.1,76,969.6,3.0,197,0.0,15,5,6,85.1,106.4,75.7,14.8,71.5,26.1,82.43333333333334,61.258333333333326,51.53333333333333
2026-06-27 16:00:00,63.9,28.4,79,969.8,6.3,215,0.0,16,5,6,79.6,82.3,73.5,46.5,73.1,57.8,83.08333333333333,66.65833333333333,51.87083333333333
2026-06-27 17:00:00,50.0,28.0,81,970.1,6.2,229,0.0,17,5,6,63.9,85.1,71.6,43.8,66.2,36.9,81.48333333333333,68.10833333333333,51.487500000000004
2026-06-27 18:00:00,47.9,27.2,84,970.2,6.0,231,0.0,18,5,6,50.0,79.6,106.4,35.6,54.2,23.8,77.88333333333334,68.625,50.8125
2026-06-27 19:00:00,29.5,26.9,84,969.7,5.3,235,0.0,19,5,6,47.9,63.9,82.3,25.6,40.1,52.2,68.13333333333333,69.65,50.550000000000004
2026-06-27 20:00:00,26.7,26.6,85,969.0,5.0,244,0.0,20,5,6,29.5,50.0,85.1,74.2,61.2,30.0,59.333333333333336,69.97500000000001,50.10833333333334
2026-06-27 21:00:00,23.4,26.4,86,968.6,4.5,247,0.0,21,5,6,26.7,47.9,79.6,75.7,46.0,12.0,49.599999999999994,66.01666666666667,48.67083333333333
2026-06-27 22:00:00,35.8,26.3,85,968.4,3.8,251,0.0,22,5,6,23.4,29.5,63.9,73.5,22.2,14.6,40.233333333333334,61.65833333333333,47.729166666666664
2026-06-27 23:00:00,12.0,26.2,85,968.6,3.6,237,0.0,23,5,6,35.8,26.7,50.0,71.6,12.0,12.0,35.550000000000004,58.51666666666667,48.29583333333333
2026-06-28 00:00:00,20.3,26.1,88,968.7,4.6,259,0.0,0,6,6,12.0,23.4,47.9,106.4,28.2,20.6,29.21666666666667,53.550000000000004,48.29583333333333
2026-06-28 01:00:00,13.6,26.6,86,969.6,3.5,231,0.0,1,6,6,20.3,35.8,29.5,82.3,15.0,17.7,24.616666666666664,46.375,47.96666666666666
2026-06-28 02:00:00,12.0,27.0,85,970.0,3.2,236,0.0,2,6,6,13.6,12.0,26.7,85.1,12.0,39.2,21.966666666666665,40.65,47.90833333333333
2026-06-28 03:00:00,47.4,28.0,82,970.2,3.9,257,0.0,3,6,6,12.0,20.3,23.4,79.6,14.8,26.7,19.516666666666666,34.55833333333333,47.90833333333333
2026-06-28 04:00:00,46.8,29.5,75,970.4,3.3,264,0.0,4,6,6,47.4,13.6,35.8,63.9,46.5,56.7,23.516666666666666,31.875,49.26666666666666
2026-06-28 05:00:00,52.7,31.4,65,970.4,3.8,265,0.1,5,6,6,46.8,12.0,12.0,50.0,43.8,76.7,25.349999999999998,30.45,49.27916666666666
2026-06-28 06:00:00,69.0,32.6,60,969.9,4.0,252,0.1,6,6,6,52.7,47.4,20.3,47.9,35.6,44.8,32.13333333333333,30.674999999999997,49.65
2026-06-28 07:00:00,72.1,33.3,58,969.1,4.4,249,0.0,7,6,6,69.0,46.8,13.6,29.5,25.6,80.1,40.25,32.43333333333333,51.041666666666664
2026-06-28 08:00:00,70.4,33.6,57,967.9,3.6,252,0.0,8,6,6,72.1,52.7,12.0,26.7,74.2,58.7,50.0,35.983333333333334,52.979166666666664
2026-06-28 09:00:00,71.7,33.9,55,966.9,5.6,243,0.0,9,6,6,70.4,69.0,47.4,23.4,75.7,64.2,59.73333333333333,39.625,52.820833333333326
2026-06-28 10:00:00,43.2,30.4,72,966.3,16.2,235,0.7,10,6,6,71.7,72.1,46.8,35.8,73.5,71.0,63.78333333333334,43.65,52.65416666666667
2026-06-28 11:00:00,62.0,31.1,67,966.2,8.3,254,0.1,11,6,6,43.2,70.4,52.7,12.0,71.6,120.0,63.18333333333334,44.26666666666667,51.39166666666667
2026-06-28 12:00:00,58.8,31.2,66,966.4,6.2,260,0.0,12,6,6,62.0,71.7,69.0,20.3,106.4,71.5,64.73333333333333,48.43333333333334,50.99166666666667
2026-06-28 13:00:00,73.6,30.8,71,967.2,5.2,245,0.0,13,6,6,58.8,43.2,72.1,13.6,82.3,92.7,63.03333333333334,51.64166666666666,49.00833333333333
2026-06-28 14:00:00,68.0,29.8,77,968.2,6.9,237,0.0,14,6,6,73.6,62.0,70.4,12.0,85.1,78.9,63.28333333333333,56.64166666666667,48.645833333333336
2026-06-28 15:00:00,65.6,29.1,82,968.5,6.2,234,0.0,15,6,6,68.0,58.8,71.7,47.4,79.6,71.5,62.88333333333333,61.30833333333334,47.93333333333334
2026-06-28 16:00:00,66.7,28.9,81,968.6,6.8,228,0.0,16,6,6,65.6,73.6,43.2,46.8,63.9,73.1,61.866666666666674,62.824999999999996,47.35
2026-06-28 17:00:00,69.3,28.5,81,969.3,7.2,219,0.0,17,6,6,66.7,68.0,62.0,52.7,50.0,66.2,65.78333333333333,64.48333333333333,47.46666666666667
2026-06-28 18:00:00,29.6,25.6,94,969.4,9.1,221,0.0,18,6,6,69.3,65.6,58.8,69.0,47.9,54.2,67.0,65.86666666666666,48.270833333333336
2026-06-28 19:00:00,28.2,25.7,95,968.9,8.0,196,0.9,19,6,6,29.6,66.7,73.6,72.1,29.5,40.1,62.13333333333333,62.583333333333336,47.508333333333326
2026-06-28 20:00:00,12.0,25.7,94,968.3,10.3,196,0.1,20,6,6,28.2,69.3,68.0,70.4,26.7,61.2,54.56666666666666,58.925000000000004,47.45416666666666
2026-06-28 21:00:00,12.0,25.8,96,967.6,10.2,210,0.0,21,6,6,12.0,29.6,65.6,71.7,23.4,46.0,45.23333333333333,54.05833333333333,46.84166666666667
2026-06-28 22:00:00,20.0,26.0,96,967.7,9.5,233,0.0,22,6,6,12.0,28.2,66.7,43.2,35.8,22.2,36.300000000000004,49.083333333333336,46.36666666666667
2026-06-28 23:00:00,12.0,26.0,95,968.1,8.9,230,0.0,23,6,6,20.0,12.0,69.3,62.0,12.0,12.0,28.51666666666667,47.15,45.708333333333336
2026-06-29 00:00:00,12.0,25.6,96,968.1,7.7,229,0.0,0,0,6,12.0,12.0,29.6,58.8,20.3,28.2,18.966666666666665,42.98333333333333,45.708333333333336
2026-06-29 01:00:00,14.2,25.9,95,968.6,6.4,230,0.0,1,0,6,12.0,20.0,28.2,73.6,13.6,15.0,16.03333333333333,39.083333333333336,45.362500000000004
2026-06-29 02:00:00,34.2,27.0,87,969.3,7.5,250,0.0,2,0,6,14.2,12.0,12.0,68.0,12.0,12.0,13.700000000000001,34.13333333333333,45.387499999999996
2026-06-29 03:00:00,26.6,28.4,80,969.4,6.6,254,0.0,3,0,6,34.2,12.0,12.0,65.6,47.4,14.8,17.400000000000002,31.316666666666666,46.3125
2026-06-29 04:00:00,17.6,30.0,73,969.5,7.1,261,0.0,4,0,6,26.6,14.2,20.0,66.7,46.8,46.5,19.833333333333332,28.066666666666666,45.44583333333333
2026-06-29 05:00:00,46.3,31.4,66,969.6,8.8,285,0.0,5,0,6,17.6,34.2,12.0,69.3,52.7,43.8,19.433333333333334,23.974999999999998,44.229166666666664
2026-06-29 06:00:00,50.5,32.5,60,969.1,7.7,298,1.5,6,0,6,46.3,26.6,12.0,29.6,69.0,35.6,25.150000000000002,22.058333333333334,43.9625
2026-06-29 07:00:00,17.4,31.5,62,968.3,11.0,273,0.0,7,0,6,50.5,17.6,14.2,28.2,72.1,25.6,31.566666666666666,23.8,43.19166666666666
2026-06-29 08:00:00,68.5,31.3,65,967.7,9.5,234,0.5,8,0,6,17.4,46.3,34.2,12.0,70.4,74.2,32.1,22.900000000000002,40.9125
2026-06-29 09:00:00,75.5,33.0,61,967.2,5.6,272,0.1,9,0,6,68.5,50.5,26.6,12.0,71.7,75.7,37.81666666666667,27.608333333333334,40.833333333333336
2026-06-29 10:00:00,55.3,30.9,70,966.4,8.2,322,1.3,10,0,6,75.5,17.4,17.6,20.0,43.2,73.5,45.96666666666667,32.9,40.99166666666667
2026-06-29 11:00:00,64.2,29.5,76,966.1,9.2,344,0.7,11,0,6,55.3,68.5,46.3,12.0,62.0,71.6,52.25,35.84166666666667,41.49583333333333
2026-06-29 12:00:00,77.7,31.0,70,965.7,5.8,164,2.6,12,0,6,64.2,75.5,50.5,12.0,58.8,106.4,55.23333333333334,40.19166666666667,41.5875
2026-06-29 13:00:00,32.4,29.1,79,966.5,10.8,249,0.3,13,0,6,77.7,55.3,17.4,14.2,73.6,82.3,59.76666666666666,45.666666666666664,42.375
2026-06-29 14:00:00,47.9,25.8,96,967.2,7.4,263,2.6,14,0,6,32.4,64.2,68.5,34.2,68.0,85.1,62.26666666666667,47.18333333333333,40.65833333333333
2026-06-29 15:00:00,44.5,25.4,95,968.7,10.0,283,4.6,15,0,6,47.9,77.7,75.5,26.6,65.6,79.6,58.833333333333336,48.32500000000001,39.82083333333333
2026-06-29 16:00:00,57.2,25.8,96,969.1,10.5,243,4.5,16,0,6,44.5,32.4,55.3,17.6,66.7,63.9,53.666666666666664,49.81666666666666,38.94166666666666
2026-06-29 17:00:00,50.9,25.9,95,969.5,10.1,237,1.5,17,0,6,57.2,47.9,64.2,46.3,69.3,50.0,53.98333333333333,53.11666666666667,38.545833333333334
2026-06-29 18:00:00,61.9,26.0,91,968.8,11.9,266,0.1,18,0,6,50.9,44.5,77.7,50.5,29.6,47.9,51.76666666666667,53.5,37.77916666666666
2026-06-29 19:00:00,16.5,25.8,89,968.5,11.0,259,0.0,19,0,6,61.9,57.2,32.4,17.4,28.2,29.5,49.13333333333333,54.45000000000001,39.125
2026-06-29 20:00:00,15.4,25.8,88,967.6,10.7,254,0.0,20,0,6,16.5,50.9,47.9,68.5,12.0,26.7,46.48333333333333,54.375,38.637499999999996
2026-06-29 21:00:00,12.0,25.9,87,967.3,9.6,266,0.0,21,0,6,15.4,61.9,44.5,75.5,12.0,23.4,41.06666666666667,49.949999999999996,38.77916666666667
2026-06-29 22:00:00,12.0,25.9,87,967.4,7.8,275,0.0,22,0,6,12.0,16.5,57.2,55.3,20.0,35.8,35.65,44.65833333333334,38.77916666666667
2026-06-29 23:00:00,12.0,26.0,88,967.6,7.1,251,0.0,23,0,6,12.0,15.4,50.9,64.2,12.0,12.0,28.116666666666664,41.05,38.44583333333333
2026-06-30 00:00:00,12.0,25.5,93,967.6,7.6,239,0.0,0,1,6,12.0,12.0,61.9,77.7,12.0,20.3,21.633333333333336,36.699999999999996,38.44583333333333
2026-06-30 01:00:00,32.9,26.0,91,968.2,7.9,235,0.0,1,1,6,12.0,12.0,16.5,32.4,14.2,13.6,13.316666666666668,31.224999999999998,38.44583333333333
2026-06-30 02:00:00,31.8,26.4,89,968.7,8.4,245,0.1,2,1,6,32.9,12.0,15.4,47.9,34.2,12.0,16.05,31.266666666666666,39.225
2026-06-30 03:00:00,12.0,25.7,87,969.5,11.9,260,1.7,3,1,6,31.8,12.0,12.0,44.5,26.6,47.4,18.78333333333333,29.925,39.125
2026-06-30 04:00:00,53.6,25.1,96,970.0,3.5,255,5.6,4,1,6,12.0,32.9,12.0,57.2,17.6,46.8,18.78333333333333,27.21666666666667,38.516666666666666
2026-06-30 05:00:00,43.6,26.7,93,970.1,7.2,264,3.1,5,1,6,53.6,31.8,12.0,50.9,46.3,52.7,25.71666666666667,26.916666666666668,40.016666666666666
2026-06-30 06:00:00,28.0,26.3,90,970.1,6.5,270,1.8,6,1,6,43.6,12.0,12.0,61.9,50.5,69.0,30.983333333333334,26.308333333333334,39.90416666666667
2026-06-30 07:00:00,48.0,27.0,88,969.9,6.3,265,0.8,7,1,6,28.0,53.6,32.9,16.5,17.4,72.1,33.65,23.483333333333334,38.96666666666667
2026-06-30 08:00:00,48.9,27.6,87,969.1,6.7,262,0.5,8,1,6,48.0,43.6,31.8,15.4,68.5,70.4,36.166666666666664,26.108333333333334,40.24166666666667
2026-06-30 09:00:00,61.4,26.7,86,968.5,8.8,298,1.9,9,1,6,48.9,28.0,12.0,12.0,75.5,71.7,39.01666666666667,28.900000000000002,39.425
2026-06-30 10:00:00,74.4,26.9,89,967.7,6.8,272,1.1,10,1,6,61.4,48.0,53.6,12.0,55.3,43.2,47.25,33.01666666666667,38.8375
2026-06-30 11:00:00,50.0,27.3,88,966.9,7.9,281,0.4,11,1,6,74.4,48.9,43.6,12.0,64.2,62.0,50.71666666666666,38.21666666666667,39.63333333333333
2026-06-30 12:00:00,68.2,28.2,83,967.1,7.7,288,0.2,12,1,6,50.0,61.4,28.0,12.0,77.7,58.8,51.78333333333334,41.38333333333333,39.041666666666664
2026-06-30 13:00:00,63.1,27.5,90,967.4,4.8,257,0.2,13,1,6,68.2,74.4,48.0,32.9,32.4,73.6,58.48333333333334,46.06666666666667,38.645833333333336
2026-06-30 14:00:00,53.3,27.0,93,967.9,8.1,239,0.8,14,1,6,63.1,50.0,48.9,31.8,47.9,68.0,61.0,48.583333333333336,39.925000000000004
2026-06-30 15:00:00,53.7,26.6,94,968.1,9.8,242,0.9,15,1,6,53.3,68.2,61.4,12.0,44.5,65.6,61.73333333333333,50.375,40.15
2026-06-30 16:00:00,49.1,26.4,93,968.6,11.2,254,0.3,16,1,6,53.7,63.1,74.4,53.6,57.2,66.7,60.449999999999996,53.849999999999994,40.53333333333333
2026-06-30 17:00:00,39.2,26.3,93,969.4,9.7,248,0.0,17,1,6,49.1,53.3,50.0,43.6,50.9,69.3,56.23333333333333,53.474999999999994,40.19583333333333
2026-06-30 18:00:00,48.5,26.7,94,969.0,8.6,237,0.1,18,1,6,39.2,53.7,68.2,28.0,61.9,29.6,54.43333333333333,53.10833333333334,39.708333333333336
2026-06-30 19:00:00,23.2,26.4,95,968.6,8.6,234,0.0,19,1,6,48.5,49.1,63.1,48.0,16.5,28.2,51.15,54.81666666666667,39.15
2026-06-30 20:00:00,14.0,26.2,94,967.9,9.9,258,0.0,20,1,6,23.2,39.2,53.3,48.9,15.4,12.0,44.5,52.75,39.42916666666667
2026-06-30 21:00:00,12.0,25.7,94,967.7,9.8,277,1.2,21,1,6,14.0,48.5,53.7,61.4,12.0,12.0,37.95,49.84166666666666,39.37083333333333
2026-06-30 22:00:00,27.3,25.4,96,967.5,9.6,257,0.9,22,1,6,12.0,23.2,49.1,74.4,12.0,20.0,31.0,45.724999999999994,39.37083333333333
2026-06-30 23:00:00,12.0,25.3,94,967.4,9.6,262,0.2,23,1,6,27.3,14.0,39.2,50.0,12.0,12.0,27.366666666666664,41.800000000000004,40.00833333333333
2026-07-01 00:00:00,12.0,26.0,90,967.5,8.3,274,0.1,0,2,7,12.0,12.0,48.5,68.2,12.0,12.0,22.833333333333332,38.63333333333333,40.00833333333333
2026-07-01 01:00:00,12.0,24.8,95,968.1,6.9,301,1.5,1,2,7,12.0,27.3,23.2,63.1,32.9,14.2,16.75,33.95,40.00833333333333
2026-07-01 02:00:00,13.7,24.9,94,968.4,2.2,256,4.5,2,2,7,12.0,12.0,14.0,53.3,31.8,34.2,14.883333333333333,29.691666666666666,39.137499999999996
2026-07-01 03:00:00,14.1,25.9,93,968.2,10.2,279,1.7,3,2,7,13.7,12.0,12.0,53.7,12.0,26.6,14.833333333333334,26.391666666666666,38.38333333333333
2026-07-01 04:00:00,21.7,26.3,93,968.8,3.1,249,1.0,4,2,7,14.1,12.0,27.3,49.1,53.6,17.6,15.183333333333332,23.09166666666667,38.47083333333334
2026-07-01 05:00:00,42.1,26.6,94,968.8,7.8,262,0.8,5,2,7,21.7,13.7,12.0,39.2,43.6,46.3,14.25,20.808333333333334,37.141666666666666
2026-07-01 06:00:00,42.5,27.1,87,968.8,5.8,248,0.7,6,2,7,42.1,14.1,12.0,48.5,28.0,50.5,19.266666666666666,21.05,37.079166666666666
2026-07-01 07:00:00,30.2,27.4,83,968.1,8.4,277,0.7,7,2,7,42.5,21.7,12.0,23.2,48.0,17.4,24.349999999999998,20.55,37.68333333333333
2026-07-01 08:00:00,39.9,28.0,80,967.5,9.0,258,0.2,8,2,7,30.2,42.1,13.7,14.0,48.9,68.5,27.383333333333336,21.133333333333333,36.94166666666667
2026-07-01 09:00:00,60.3,28.2,82,966.6,5.1,234,0.0,9,2,7,39.9,42.5,14.1,12.0,61.4,75.5,31.75,23.291666666666668,36.56666666666667
2026-07-01 10:00:00,53.3,28.2,85,965.9,6.1,258,0.4,10,2,7,60.3,30.2,21.7,27.3,74.4,55.3,39.449999999999996,27.316666666666666,36.520833333333336
2026-07-01 11:00:00,65.5,27.3,91,965.8,5.8,275,3.3,11,2,7,53.3,39.9,42.1,12.0,50.0,64.2,44.71666666666667,29.48333333333333,35.641666666666666
2026-07-01 12:00:00,74.7,27.7,88,965.9,3.9,233,1.1,12,2,7,65.5,60.3,42.5,12.0,68.2,77.7,48.61666666666667,33.94166666666666,36.2875
2026-07-01 13:00:00,68.2,27.4,93,966.1,4.8,243,1.1,13,2,7,74.7,53.3,30.2,12.0,63.1,32.4,53.98333333333333,39.166666666666664,36.55833333333333
2026-07-01 14:00:00,71.5,27.1,92,967.1,5.1,280,1.0,14,2,7,68.2,65.5,39.9,13.7,53.3,47.9,60.31666666666667,43.85,36.770833333333336
2026-07-01 15:00:00,46.8,26.7,94,968.0,5.8,272,2.5,15,2,7,71.5,74.7,60.3,14.1,53.7,44.5,65.58333333333333,48.666666666666664,37.52916666666667
2026-07-01 16:00:00,65.3,26.4,96,968.6,7.9,237,1.9,16,2,7,46.8,68.2,53.3,21.7,49.1,57.2,63.333333333333336,51.39166666666667,37.24166666666667
2026-07-01 17:00:00,45.8,25.6,96,969.1,8.5,252,2.5,17,2,7,65.3,71.5,65.5,42.1,39.2,50.9,65.33333333333333,55.025,37.916666666666664
2026-07-01 18:00:00,54.5,25.2,95,968.7,8.3,259,2.7,18,2,7,45.8,46.8,74.7,42.5,48.5,61.9,62.050000000000004,55.333333333333336,38.19166666666667
2026-07-01 19:00:00,52.7,24.9,95,968.2,9.2,253,2.2,19,2,7,54.5,65.3,68.2,30.2,23.2,16.5,58.68333333333334,56.333333333333336,38.44166666666667
2026-07-01 20:00:00,33.3,24.7,95,967.9,8.1,245,2.6,20,2,7,52.7,45.8,71.5,39.9,14.0,15.4,56.099999999999994,58.208333333333336,39.670833333333334
2026-07-01 21:00:00,12.0,24.5,95,967.4,9.2,250,2.4,21,2,7,33.3,54.5,46.8,60.3,12.0,12.0,49.73333333333333,57.65833333333333,40.475
2026-07-01 22:00:00,12.0,24.4,94,967.1,9.4,253,2.2,22,2,7,12.0,52.7,65.3,53.3,27.3,12.0,43.93333333333334,53.63333333333333,40.475
2026-07-01 23:00:00,16.9,24.3,95,967.1,8.7,263,2.1,23,2,7,12.0,33.3,45.8,65.5,12.0,12.0,35.05,50.19166666666667,39.8375
2026-07-02 00:00:00,18.4,24.9,96,966.5,10.7,253,2.4,0,3,7,16.9,12.0,54.5,74.7,12.0,12.0,30.233333333333334,46.14166666666667,40.041666666666664
2026-07-02 01:00:00,25.7,25.1,96,967.2,10.2,249,0.2,1,3,7,18.4,12.0,52.7,68.2,12.0,32.9,24.21666666666667,41.449999999999996,40.30833333333334
2026-07-02 02:00:00,12.0,25.9,93,967.8,10.9,261,0.0,2,3,7,25.7,16.9,33.3,71.5,13.7,31.8,19.716666666666665,37.90833333333333,40.87916666666667
2026-07-02 03:00:00,12.0,26.9,88,968.2,9.6,273,0.0,3,3,7,12.0,18.4,12.0,46.8,14.1,12.0,16.166666666666668,32.949999999999996,40.80833333333333
2026-07-02 04:00:00,23.4,26.7,87,968.6,9.3,286,0.8,4,3,7,12.0,25.7,12.0,65.3,21.7,53.6,16.166666666666668,30.049999999999997,40.72083333333333
2026-07-02 05:00:00,19.9,26.6,91,968.7,10.3,281,1.4,5,3,7,23.4,12.0,16.9,45.8,42.1,43.6,18.066666666666666,26.558333333333334,40.791666666666664
2026-07-02 06:00:00,28.4,27.2,90,968.4,10.3,268,1.1,6,3,7,19.9,12.0,18.4,54.5,42.5,28.0,18.566666666666666,24.400000000000002,39.86666666666667
2026-07-02 07:00:00,49.9,27.0,86,968.3,11.4,275,1.0,7,3,7,28.4,23.4,25.7,52.7,30.2,48.0,20.23333333333333,22.224999999999998,39.27916666666667
2026-07-02 08:00:00,22.8,27.1,88,967.9,9.9,271,0.6,8,3,7,49.9,19.9,12.0,33.3,39.9,48.9,24.266666666666666,21.991666666666664,40.1
2026-07-02 09:00:00,54.2,26.9,90,966.8,9.9,260,0.9,9,3,7,22.8,28.4,12.0,12.0,60.3,61.4,26.066666666666666,21.116666666666664,39.387499999999996
2026-07-02 10:00:00,64.2,27.6,87,966.5,11.6,266,1.0,10,3,7,54.2,49.9,23.4,12.0,53.3,74.4,33.1,24.63333333333333,39.13333333333333
2026-07-02 11:00:00,62.5,27.3,88,966.4,9.8,252,0.8,11,3,7,64.2,22.8,19.9,16.9,65.5,50.0,39.9,28.98333333333333,39.5875
2026-07-02 12:00:00,78.1,29.4,73,966.1,10.8,285,0.6,12,3,7,62.5,54.2,28.4,18.4,74.7,68.2,47.0,32.78333333333333,39.4625
2026-07-02 13:00:00,65.5,28.7,77,966.5,8.5,269,0.0,13,3,7,78.1,64.2,49.9,25.7,68.2,63.1,55.28333333333333,37.75833333333333,39.604166666666664
2026-07-02 14:00:00,65.8,28.0,79,966.9,10.1,251,0.0,14,3,7,65.5,62.5,22.8,12.0,71.5,53.3,57.883333333333326,41.074999999999996,39.49166666666667
2026-07-02 15:00:00,61.0,27.5,82,967.9,10.3,251,0.0,15,3,7,65.8,78.1,54.2,12.0,46.8,53.7,65.05,45.55833333333333,39.25416666666667
2026-07-02 16:00:00,38.5,26.8,84,968.2,11.9,255,0.2,16,3,7,61.0,65.5,64.2,23.4,65.3,49.1,66.18333333333334,49.64166666666666,39.84583333333334
2026-07-02 17:00:00,28.9,26.1,90,968.8,11.7,269,0.7,17,3,7,38.5,65.8,62.5,19.9,45.8,39.2,61.9,50.9,38.729166666666664
2026-07-02 18:00:00,30.6,25.9,93,968.5,10.9,262,1.3,18,3,7,28.9,61.0,78.1,28.4,54.5,48.5,56.29999999999999,51.650000000000006,38.025
2026-07-02 19:00:00,12.0,25.4,93,968.1,10.7,256,1.6,19,3,7,30.6,38.5,65.5,49.9,52.7,23.2,48.38333333333333,51.833333333333336,37.02916666666667
2026-07-02 20:00:00,14.3,25.1,95,967.5,9.5,259,1.3,20,3,7,12.0,28.9,65.8,22.8,33.3,14.0,39.46666666666667,48.67499999999999,35.333333333333336
2026-07-02 21:00:00,12.0,24.7,96,967.2,10.8,255,2.0,21,3,7,14.3,30.6,61.0,54.2,12.0,12.0,30.883333333333336,47.96666666666667,34.541666666666664
2026-07-02 22:00:00,19.0,24.6,96,966.9,10.8,259,2.8,22,3,7,12.0,12.0,38.5,64.2,12.0,27.3,22.71666666666667,44.449999999999996,34.541666666666664
2026-07-02 23:00:00,12.0,24.5,96,966.8,10.3,270,4.3,23,3,7,19.0,14.3,28.9,62.5,16.9,12.0,19.466666666666665,40.68333333333334,34.833333333333336
2026-07-03 00:00:00,12.0,24.4,97,966.6,10.9,289,10.7,0,4,7,12.0,12.0,30.6,78.1,18.4,12.0,16.650000000000002,36.475,34.62916666666667
2026-07-03 01:00:00,12.0,24.2,96,967.3,10.6,252,4.7,1,4,7,12.0,19.0,12.0,65.5,25.7,12.0,13.549999999999999,30.96666666666667,34.362500000000004
2026-07-03 02:00:00,12.1,24.5,95,967.8,10.5,265,2.4,2,4,7,12.0,12.0,14.3,65.8,12.0,13.7,13.549999999999999,26.508333333333336,33.791666666666664
2026-07-03 03:00:00,12.0,25.0,95,967.8,8.8,259,2.5,3,4,7,12.1,12.0,12.0,61.0,12.0,14.1,13.183333333333335,22.03333333333333,33.795833333333334
2026-07-03 04:00:00,26.6,25.4,95,967.9,10.4,269,1.9,4,4,7,12.0,12.0,19.0,38.5,23.4,21.7,13.183333333333335,17.95,33.795833333333334
2026-07-03 05:00:00,14.9,26.4,93,967.5,9.6,278,1.3,5,4,7,26.6,12.1,12.0,28.9,19.9,42.1,14.450000000000001,16.958333333333332,33.92916666666667
2026-07-03 06:00:00,36.5,26.3,91,967.7,13.0,289,1.4,6,4,7,14.9,12.0,12.0,30.6,28.4,42.5,14.933333333333335,15.791666666666666,33.72083333333334
2026-07-03 07:00:00,18.1,26.5,90,967.0,11.2,274,1.2,7,4,7,36.5,26.6,12.0,12.0,49.9,30.2,19.016666666666666,16.28333333333333,34.05833333333333
2026-07-03 08:00:00,50.2,27.5,84,966.4,12.1,275,0.3,8,4,7,18.1,14.9,12.1,14.3,22.8,39.9,20.033333333333335,16.791666666666668,32.733333333333334
2026-07-03 09:00:00,31.6,28.0,81,965.4,11.7,274,0.3,9,4,7,50.2,36.5,12.0,12.0,54.2,60.3,26.383333333333336,19.783333333333335,33.875
2026-07-03 10:00:00,53.3,28.3,79,964.7,12.1,273,0.4,10,4,7,31.6,18.1,26.6,19.0,64.2,53.3,29.650000000000002,21.416666666666668,32.93333333333333
2026-07-03 11:00:00,68.3,27.4,85,964.3,11.6,258,0.7,11,4,7,53.3,50.2,14.9,12.0,62.5,65.5,34.1,24.275000000000002,32.479166666666664
2026-07-03 12:00:00,44.1,26.9,87,964.9,8.8,255,0.8,12,4,7,68.3,31.6,36.5,12.0,78.1,74.7,43.0,28.96666666666667,32.72083333333334
2026-07-03 13:00:00,61.5,26.6,88,964.8,11.2,251,0.1,13,4,7,44.1,53.3,18.1,12.0,65.5,68.2,44.26666666666667,31.641666666666666,31.30416666666667
2026-07-03 14:00:00,45.2,26.1,89,965.2,10.7,247,0.0,14,4,7,61.5,68.3,50.2,12.1,65.8,71.5,51.5,35.766666666666666,31.137500000000003
2026-07-03 15:00:00,39.9,25.7,91,965.8,11.3,236,0.3,15,4,7,45.2,44.1,31.6,12.0,61.0,46.8,50.666666666666664,38.525,30.279166666666665
2026-07-03 16:00:00,33.8,25.4,93,966.5,11.7,245,0.3,16,4,7,39.9,61.5,53.3,26.6,38.5,65.3,52.050000000000004,40.85,29.399999999999995
2026-07-03 17:00:00,36.0,24.9,95,966.5,11.0,245,0.4,17,4,7,33.8,45.2,68.3,14.9,28.9,45.8,48.79999999999999,41.449999999999996,29.204166666666666
2026-07-03 18:00:00,23.9,25.1,95,966.3,12.7,258,0.3,18,4,7,36.0,39.9,44.1,36.5,30.6,54.5,43.416666666666664,43.208333333333336,29.5
2026-07-03 19:00:00,20.8,24.9,96,965.8,11.0,260,0.7,19,4,7,23.9,33.8,61.5,18.1,12.0,52.7,40.050000000000004,42.15833333333333,29.22083333333333
2026-07-03 20:00:00,16.9,24.8,96,965.1,12.8,270,0.2,20,4,7,20.8,36.0,45.2,50.2,14.3,33.3,33.266666666666666,42.38333333333333,29.587499999999995
2026-07-03 21:00:00,12.0,24.8,95,965.0,11.0,281,0.2,21,4,7,16.9,23.9,39.9,31.6,12.0,12.0,28.549999999999997,39.60833333333333,29.695833333333336
2026-07-03 22:00:00,16.9,24.8,95,964.7,11.8,281,0.3,22,4,7,12.0,20.8,33.8,53.3,19.0,12.0,23.899999999999995,37.975,29.695833333333336
2026-07-03 23:00:00,12.0,24.7,94,965.0,13.4,294,0.2,23,4,7,16.9,16.9,36.0,68.3,12.0,16.9,21.083333333333332,34.94166666666666,29.608333333333334
2026-07-04 00:00:00,12.0,24.0,97,964.6,12.8,266,0.2,0,5,7,12.0,12.0,23.9,44.1,12.0,18.4,17.083333333333332,30.25,29.608333333333334
2026-07-04 01:00:00,12.0,24.5,96,965.2,9.7,274,1.8,1,5,7,12.0,16.9,20.8,61.5,12.0,25.7,15.1,27.575,29.608333333333334
2026-07-04 02:00:00,12.0,25.1,95,965.4,9.7,274,1.7,2,5,7,12.0,12.0,16.9,45.2,12.1,12.0,13.633333333333333,23.45,29.608333333333334
2026-07-04 03:00:00,18.1,25.9,93,965.4,7.6,274,0.7,3,5,7,12.0,12.0,12.0,39.9,12.0,12.0,12.816666666666668,20.683333333333334,29.604166666666668
2026-07-04 04:00:00,22.1,27.5,85,965.5,9.1,292,0.2,4,5,7,18.1,12.0,16.9,33.8,26.6,23.4,13.833333333333334,18.866666666666667,29.858333333333334
2026-07-04 05:00:00,29.3,29.2,74,965.4,9.3,320,0.2,5,5,7,22.1,12.0,12.0,36.0,14.9,19.9,14.700000000000001,17.891666666666666,29.67083333333333
2026-07-04 06:00:00,33.6,27.8,83,965.2,9.8,264,0.5,6,5,7,29.3,18.1,12.0,23.9,36.5,28.4,17.583333333333332,17.333333333333332,30.270833333333332
2026-07-04 07:00:00,20.3,29.7,75,964.8,9.4,265,0.5,7,5,7,33.6,22.1,12.0,20.8,18.1,49.9,21.183333333333334,18.141666666666666,30.150000000000002
2026-07-04 08:00:00,64.3,30.0,74,964.1,6.4,297,0.8,8,5,7,20.3,29.3,12.0,16.9,50.2,22.8,22.566666666666666,18.1,30.241666666666664
2026-07-04 09:00:00,68.4,30.2,74,963.3,5.5,261,0.5,9,5,7,64.3,33.6,18.1,12.0,31.6,54.2,31.28333333333333,22.05,30.829166666666666
2026-07-04 10:00:00,83.5,29.5,74,962.6,9.1,236,0.3,10,5,7,68.4,20.3,22.1,16.9,53.3,64.2,39.666666666666664,26.75,32.362500000000004
2026-07-04 11:00:00,62.8,27.0,88,962.6,5.7,259,3.8,11,5,7,83.5,64.3,29.3,12.0,68.3,62.5,49.900000000000006,32.300000000000004,33.62083333333334
2026-07-04 12:00:00,79.7,28.7,78,962.8,9.8,230,1.9,12,5,7,62.8,68.4,33.6,12.0,44.1,78.1,55.48333333333333,36.53333333333334,33.391666666666666
2026-07-04 13:00:00,46.4,27.8,82,962.9,10.7,221,0.5,13,5,7,79.7,83.5,20.3,12.0,61.5,65.5,63.166666666666664,42.175000000000004,34.875
2026-07-04 14:00:00,45.5,26.7,85,964.0,12.6,228,0.4,14,5,7,46.4,62.8,64.3,12.0,45.2,65.8,67.51666666666667,45.041666666666664,34.24583333333333
2026-07-04 15:00:00,32.0,26.2,87,964.6,12.6,234,0.3,15,5,7,45.5,79.7,68.4,18.1,39.9,61.0,64.38333333333334,47.833333333333336,34.25833333333333
2026-07-04 16:00:00,47.0,26.0,88,965.0,11.9,238,0.2,16,5,7,32.0,46.4,83.5,22.1,33.8,38.5,58.31666666666666,48.99166666666667,33.92916666666667
2026-07-04 17:00:00,55.9,25.8,90,965.2,12.0,237,0.3,17,5,7,47.0,45.5,62.8,29.3,36.0,28.9,52.23333333333333,51.06666666666666,34.479166666666664
2026-07-04 18:00:00,28.5,25.3,91,964.6,13.2,250,0.2,18,5,7,55.9,32.0,79.7,33.6,23.9,30.6,51.083333333333336,53.28333333333334,35.30833333333333
2026-07-04 19:00:00,38.9,25.0,92,964.4,10.7,247,0.1,19,5,7,28.5,47.0,46.4,20.3,20.8,12.0,42.550000000000004,52.85833333333333,35.5
2026-07-04 20:00:00,29.4,24.9,93,964.2,10.9,250,0.3,20,5,7,38.9,55.9,45.5,64.3,16.9,14.3,41.300000000000004,54.40833333333334,36.25416666666667
2026-07-04 21:00:00,12.0,24.8,94,963.8,11.1,254,0.5,21,5,7,29.4,28.5,32.0,68.4,12.0,12.0,38.61666666666667,51.5,36.775
2026-07-04 22:00:00,12.0,24.9,95,964.0,10.5,257,0.5,22,5,7,12.0,38.9,47.0,83.5,16.9,19.0,35.28333333333333,46.800000000000004,36.775
2026-07-04 23:00:00,12.0,24.8,96,964.1,10.5,243,0.0,23,5,7,12.0,29.4,55.9,62.8,12.0,12.0,29.45,40.84166666666667,36.57083333333333
2026-07-05 00:00:00,12.0,24.3,98,965.1,6.3,246,1.2,0,6,7,12.0,12.0,28.5,79.7,12.0,12.0,22.133333333333336,36.608333333333334,36.57083333333333
2026-07-05 01:00:00,12.0,24.6,97,965.1,10.6,249,0.4,1,6,7,12.0,12.0,38.9,46.4,12.0,12.0,19.383333333333333,30.96666666666667,36.57083333333333
2026-07-05 02:00:00,12.0,25.8,91,965.4,12.2,261,0.0,2,6,7,12.0,12.0,29.4,45.5,12.0,12.1,14.9,28.099999999999998,36.57083333333333
2026-07-05 03:00:00,12.0,26.7,87,965.7,10.7,261,0.0,3,6,7,12.0,12.0,12.0,32.0,18.1,12.0,12.0,25.308333333333334,36.57083333333333
2026-07-05 04:00:00,45.8,27.9,83,966.2,9.0,268,0.0,4,6,7,12.0,12.0,12.0,47.0,22.1,26.6,12.0,23.641666666666666,36.31666666666666
2026-07-05 05:00:00,41.3,29.1,78,966.0,9.7,272,0.1,5,6,7,45.8,12.0,12.0,55.9,29.3,14.9,17.633333333333333,23.541666666666668,37.30416666666667
2026-07-05 06:00:00,44.4,30.0,74,965.7,10.4,262,0.1,6,6,7,41.3,12.0,12.0,28.5,33.6,36.5,22.516666666666666,22.325,37.80416666666667
2026-07-05 07:00:00,44.4,31.1,69,965.2,9.6,265,0.1,7,6,7,44.4,45.8,12.0,38.9,20.3,18.1,27.916666666666668,23.650000000000002,38.25416666666666
2026-07-05 08:00:00,60.5,31.3,65,964.4,8.8,251,0.0,8,6,7,44.4,41.3,12.0,29.4,64.3,50.2,33.31666666666666,24.10833333333333,39.25833333333333
2026-07-05 09:00:00,53.2,30.4,68,963.8,9.2,225,0.0,9,6,7,60.5,44.4,12.0,12.0,68.4,31.6,41.4,26.7,39.1
2026-07-05 10:00:00,69.8,27.0,92,964.0,6.5,132,3.6,10,6,7,53.2,44.4,45.8,12.0,83.5,53.3,48.26666666666667,30.133333333333336,38.46666666666666
2026-07-05 11:00:00,65.1,26.8,93,963.6,8.4,285,2.0,11,6,7,69.8,60.5,41.3,12.0,62.8,68.3,52.26666666666666,34.949999999999996,37.895833333333336
2026-07-05 12:00:00,70.2,27.0,90,963.9,7.0,283,1.0,12,6,7,65.1,53.2,44.4,12.0,79.7,44.1,56.23333333333333,39.375,37.99166666666667
2026-07-05 13:00:00,70.6,26.7,91,964.1,7.6,273,0.2,13,6,7,70.2,69.8,44.4,12.0,46.4,61.5,60.53333333333333,44.225,37.59583333333333
2026-07-05 14:00:00,62.7,26.5,92,964.5,6.7,261,0.1,14,6,7,70.6,65.1,60.5,12.0,45.5,45.2,64.89999999999999,49.10833333333333,38.604166666666664
2026-07-05 15:00:00,59.6,26.7,90,965.3,8.1,246,0.2,15,6,7,62.7,70.2,53.2,12.0,32.0,39.9,65.26666666666667,53.333333333333336,39.32083333333333
2026-07-05 16:00:00,49.0,26.5,90,965.9,8.4,254,0.6,16,6,7,59.6,70.6,69.8,45.8,47.0,33.8,66.33333333333333,57.300000000000004,40.47083333333333
2026-07-05 17:00:00,65.6,26.0,92,965.8,9.5,251,0.9,17,6,7,49.0,62.7,65.1,41.3,55.9,36.0,62.86666666666667,57.56666666666666,40.55416666666667
2026-07-05 18:00:00,16.3,26.0,92,965.0,12.5,234,0.4,18,6,7,65.6,59.6,70.2,44.4,28.5,23.9,62.949999999999996,59.59166666666666,40.958333333333336
2026-07-05 19:00:00,26.9,25.8,91,964.6,12.0,235,0.1,19,6,7,16.3,49.0,70.6,44.4,38.9,20.8,53.96666666666667,57.25,40.449999999999996
2026-07-05 20:00:00,28.9,25.8,89,964.4,10.8,233,0.0,20,6,7,26.9,65.6,62.7,60.5,29.4,16.9,46.68333333333334,55.791666666666664,39.949999999999996
2026-07-05 21:00:00,12.4,25.8,87,964.2,10.4,234,0.0,21,6,7,28.9,16.3,59.6,53.2,12.0,12.0,41.050000000000004,53.15833333333333,39.92916666666667
2026-07-05 22:00:00,12.0,25.7,86,964.1,10.3,232,0.0,22,6,7,12.4,26.9,49.0,69.8,12.0,16.9,33.18333333333333,49.758333333333326,39.94583333333333
2026-07-05 23:00:00,12.0,25.5,87,964.2,10.8,224,0.1,23,6,7,12.0,28.9,65.6,65.1,12.0,12.0,27.016666666666666,44.94166666666666,39.94583333333333
2026-07-06 00:00:00,12.0,25.3,90,963.9,10.9,230,0.1,0,0,7,12.0,12.4,16.3,70.2,12.0,12.0,18.083333333333332,40.516666666666666,39.94583333333333
2026-07-06 01:00:00,12.0,25.6,88,964.9,11.8,231,0.0,1,0,7,12.0,12.0,26.9,70.6,12.0,12.0,17.366666666666667,35.666666666666664,39.94583333333333
2026-07-06 02:00:00,12.0,26.2,84,965.6,10.9,231,0.0,2,0,7,12.0,12.0,28.9,62.7,12.0,12.0,14.883333333333333,30.78333333333333,39.94583333333333
2026-07-06 03:00:00,12.9,27.3,79,965.8,12.7,240,0.0,3,0,7,12.0,12.0,12.4,59.6,12.0,18.1,12.066666666666668,26.558333333333334,39.94583333333333
2026-07-06 04:00:00,14.8,29.0,70,965.9,12.8,255,0.1,4,0,7,12.9,12.0,12.0,49.0,45.8,22.1,12.15,22.66666666666666,39.983333333333334
2026-07-06 05:00:00,31.7,29.9,67,965.6,10.5,254,0.2,5,0,7,14.8,12.0,12.0,65.6,41.3,29.3,12.616666666666667,19.816666666666666,38.69166666666666
2026-07-06 06:00:00,31.4,30.1,66,965.5,9.5,255,0.3,6,0,7,31.7,12.9,12.0,16.3,44.4,33.6,15.9,16.991666666666667,38.291666666666664
2026-07-06 07:00:00,62.1,30.9,63,965.0,9.3,243,0.2,7,0,7,31.4,14.8,12.0,26.9,44.4,20.3,19.133333333333333,18.25,37.75
2026-07-06 08:00:00,62.2,31.6,60,964.2,8.7,240,0.0,8,0,7,62.1,31.7,12.0,28.9,60.5,64.3,27.483333333333334,21.183333333333334,38.4875
2026-07-06 09:00:00,53.3,31.7,58,963.2,14.5,222,0.3,9,0,7,62.2,31.4,12.9,12.4,53.2,68.4,35.85,23.958333333333332,38.55833333333334
2026-07-06 10:00:00,39.4,31.1,62,962.8,16.8,219,0.7,10,0,7,53.3,62.1,14.8,12.0,69.8,83.5,42.583333333333336,27.36666666666667,38.5625
2026-07-06 11:00:00,57.7,31.3,62,962.3,15.8,222,0.0,11,0,7,39.4,62.2,31.7,12.0,65.1,62.8,46.68333333333334,29.650000000000002,37.295833333333334
2026-07-06 12:00:00,70.8,30.1,70,962.2,11.3,224,0.0,12,0,7,57.7,53.3,31.4,12.0,70.2,79.7,51.01666666666667,33.458333333333336,36.987500000000004
2026-07-06 13:00:00,49.1,29.4,72,962.9,14.0,202,0.3,13,0,7,70.8,39.4,62.1,12.0,70.6,46.4,57.583333333333336,38.358333333333334,37.012499999999996
2026-07-06 14:00:00,47.9,28.4,76,963.8,14.2,216,0.0,14,0,7,49.1,57.7,62.2,12.0,62.7,45.5,55.416666666666664,41.45,36.11666666666667
2026-07-06 15:00:00,42.2,28.2,78,964.3,12.0,206,0.0,15,0,7,47.9,70.8,53.3,12.9,59.6,32.0,53.03333333333333,44.44166666666667,35.5
2026-07-06 16:00:00,32.5,28.2,79,964.9,13.9,216,0.0,16,0,7,42.2,49.1,39.4,14.8,49.0,47.0,51.18333333333334,46.88333333333333,34.775
2026-07-06 17:00:00,18.4,28.0,75,965.2,16.5,224,0.0,17,0,7,32.5,47.9,57.7,31.7,65.6,55.9,50.03333333333334,48.35833333333333,34.0875
2026-07-06 18:00:00,12.0,27.6,75,964.7,15.4,225,0.0,18,0,7,18.4,42.2,70.8,31.4,16.3,28.5,43.48333333333333,47.25,32.12083333333333
2026-07-06 19:00:00,12.0,27.0,80,964.4,15.0,219,0.1,19,0,7,12.0,32.5,49.1,62.1,26.9,38.9,33.68333333333333,45.633333333333326,31.941666666666666
2026-07-06 20:00:00,12.0,26.4,86,964.0,14.1,214,0.0,20,0,7,12.0,18.4,47.9,62.2,28.9,29.4,27.5,41.458333333333336,31.320833333333336
2026-07-06 21:00:00,12.0,26.5,85,963.6,13.5,213,0.0,21,0,7,12.0,12.0,42.2,53.3,12.4,12.0,21.516666666666666,37.275,30.616666666666664
2026-07-06 22:00:00,12.0,26.5,83,963.4,13.3,208,0.0,22,0,7,12.0,12.0,32.5,39.4,12.0,12.0,16.483333333333334,33.833333333333336,30.599999999999998
2026-07-06 23:00:00,12.0,26.6,80,963.6,12.1,207,0.0,23,0,7,12.0,12.0,18.4,57.7,12.0,12.0,13.066666666666668,31.55,30.599999999999998
2026-07-07 00:00:00,12.0,26.3,82,963.3,14.9,210,0.0,0,1,7,12.0,12.0,12.0,70.8,12.0,12.0,12.0,27.741666666666664,30.599999999999998
2026-07-07 01:00:00,12.0,26.2,81,964.3,13.5,209,0.0,1,1,7,12.0,12.0,12.0,49.1,12.0,12.0,12.0,22.84166666666667,30.599999999999998
2026-07-07 02:00:00,12.0,26.3,81,964.8,13.3,207,0.0,2,1,7,12.0,12.0,12.0,47.9,12.0,12.0,12.0,19.75,30.599999999999998
2026-07-07 03:00:00,12.0,26.4,82,965.1,11.3,200,0.1,3,1,7,12.0,12.0,12.0,42.2,12.9,12.0,12.0,16.758333333333336,30.599999999999998
2026-07-07 04:00:00,12.0,27.0,79,965.3,19.0,210,0.4,4,1,7,12.0,12.0,12.0,32.5,14.8,45.8,12.0,14.241666666666667,30.5625
2026-07-07 05:00:00,12.0,27.6,77,964.8,18.4,215,0.1,5,1,7,12.0,12.0,12.0,18.4,31.7,41.3,12.0,12.533333333333333,30.445833333333336
2026-07-07 06:00:00,12.0,27.5,77,964.8,16.4,215,0.1,6,1,7,12.0,12.0,12.0,12.0,31.4,44.4,12.0,12.0,29.625
2026-07-07 07:00:00,30.4,29.2,70,964.2,16.0,219,0.0,7,1,7,12.0,12.0,12.0,12.0,62.1,44.4,12.0,12.0,28.816666666666666
2026-07-07 08:00:00,22.2,29.9,66,963.5,14.3,226,0.1,8,1,7,30.4,12.0,12.0,12.0,62.2,60.5,15.066666666666668,13.533333333333331,27.495833333333334
2026-07-07 09:00:00,23.1,30.9,64,962.7,15.8,243,0.0,9,1,7,22.2,12.0,12.0,12.0,53.3,53.2,16.766666666666666,14.383333333333333,25.829166666666666
2026-07-07 10:00:00,36.2,31.3,61,962.4,18.0,232,0.1,10,1,7,23.1,30.4,12.0,12.0,39.4,69.8,18.616666666666667,15.308333333333332,24.570833333333336
2026-07-07 11:00:00,27.2,31.0,62,962.1,17.9,230,0.1,11,1,7,36.2,22.2,12.0,12.0,57.7,65.1,22.650000000000002,17.325,24.4375
2026-07-07 12:00:00,30.9,27.1,88,962.2,12.9,216,0.0,12,1,7,27.2,23.1,12.0,12.0,70.8,70.2,25.183333333333334,18.591666666666665,23.166666666666668
2026-07-07 13:00:00,55.0,27.4,87,963.0,13.0,213,0.2,13,1,7,30.9,36.2,30.4,12.0,49.1,70.6,28.333333333333332,20.166666666666668,21.504166666666666
2026-07-07 14:00:00,51.0,26.9,87,964.0,14.8,231,0.2,14,1,7,55.0,27.2,22.2,12.0,47.9,62.7,32.43333333333333,23.75,21.75
2026-07-07 15:00:00,52.2,25.9,92,964.7,11.0,221,1.6,15,1,7,51.0,30.9,23.1,12.0,42.2,59.6,37.233333333333334,27.0,21.879166666666666
2026-07-07 16:00:00,22.4,26.3,92,965.6,9.3,214,0.1,16,1,7,52.2,55.0,36.2,12.0,32.5,49.0,42.083333333333336,30.349999999999998,22.29583333333333
2026-07-07 17:00:00,50.0,26.3,92,965.9,10.7,197,0.0,17,1,7,22.4,51.0,27.2,12.0,18.4,65.6,39.78333333333333,31.216666666666665,21.875
2026-07-07 18:00:00,12.0,26.4,86,965.2,16.2,210,0.0,18,1,7,50.0,52.2,30.9,12.0,12.0,16.3,43.583333333333336,34.38333333333333,23.191666666666666
2026-07-07 19:00:00,16.0,26.5,82,965.2,17.1,217,0.0,19,1,7,12.0,22.4,55.0,30.4,12.0,26.9,40.43333333333333,34.38333333333333,23.191666666666666
2026-07-07 20:00:00,12.0,26.5,79,964.6,16.3,223,0.0,20,1,7,16.0,50.0,51.0,22.2,12.0,28.9,33.93333333333333,33.18333333333333,23.358333333333334
2026-07-07 21:00:00,12.0,26.4,80,964.4,13.4,215,0.0,21,1,7,12.0,12.0,52.2,23.1,12.0,12.4,27.433333333333334,32.333333333333336,23.358333333333334
2026-07-07 22:00:00,12.1,26.2,81,964.2,12.3,210,0.0,22,1,7,12.0,16.0,22.4,36.2,12.0,12.0,20.733333333333334,31.40833333333333,23.358333333333334
2026-07-07 23:00:00,12.0,26.0,82,964.0,11.6,208,0.0,23,1,7,12.1,12.0,50.0,27.2,12.0,12.0,19.016666666666666,29.400000000000002,23.362499999999997
2026-07-08 00:00:00,12.0,26.2,81,964.7,14.7,213,0.0,0,2,7,12.0,12.0,12.0,30.9,12.0,12.0,12.683333333333332,28.133333333333336,23.362499999999997
2026-07-08 01:00:00,12.0,26.4,80,965.4,15.5,208,0.0,1,2,7,12.0,12.1,16.0,55.0,12.0,12.0,12.683333333333332,26.558333333333334,23.362499999999997
2026-07-08 02:00:00,12.0,26.4,81,965.6,14.5,203,0.0,2,2,7,12.0,12.0,12.0,51.0,12.0,12.0,12.016666666666666,22.974999999999998,23.362499999999997
2026-07-08 03:00:00,12.0,26.9,80,966.1,14.5,202,0.0,3,2,7,12.0,12.0,12.0,52.2,12.0,12.9,12.016666666666666,19.724999999999998,23.362499999999997
2026-07-08 04:00:00,12.0,28.0,74,966.6,17.5,202,0.0,4,2,7,12.0,12.0,12.1,22.4,12.0,14.8,12.016666666666666,16.375,23.362499999999997
2026-07-08 05:00:00,12.0,29.7,68,966.0,17.1,215,0.0,5,2,7,12.0,12.0,12.0,50.0,12.0,31.7,12.0,15.508333333333333,23.362499999999997
2026-07-08 06:00:00,12.6,29.6,66,966.0,18.2,225,0.3,6,2,7,12.0,12.0,12.0,12.0,12.0,31.4,12.0,12.341666666666667,23.362499999999997
2026-07-08 07:00:00,12.0,30.0,64,965.9,16.9,230,0.3,7,2,7,12.6,12.0,12.0,16.0,30.4,62.1,12.1,12.391666666666666,23.3875
2026-07-08 08:00:00,19.7,31.3,59,965.2,15.1,229,0.5,8,2,7,12.0,12.0,12.0,12.0,22.2,62.2,12.1,12.058333333333332,22.620833333333334
2026-07-08 09:00:00,24.0,31.6,58,964.3,16.5,229,0.5,9,2,7,19.7,12.6,12.0,12.0,23.1,53.3,13.383333333333333,12.699999999999998,22.516666666666666
2026-07-08 10:00:00,34.5,31.3,59,963.9,19.0,222,0.2,10,2,7,24.0,12.0,12.0,12.1,36.2,39.4,15.383333333333333,13.699999999999998,22.554166666666664
2026-07-08 11:00:00,51.7,30.4,66,963.6,15.5,237,0.0,11,2,7,34.5,19.7,12.0,12.0,27.2,57.7,19.133333333333333,15.566666666666668,22.483333333333334
2026-07-08 12:00:00,79.1,28.0,80,964.1,11.5,253,0.1,12,2,7,51.7,24.0,12.6,12.0,30.9,70.8,25.75,18.875,23.504166666666663
2026-07-08 13:00:00,61.5,27.8,82,964.7,9.7,272,0.1,13,2,7,79.1,34.5,12.0,12.0,55.0,49.1,36.833333333333336,24.46666666666667,25.5125
2026-07-08 14:00:00,61.4,27.7,83,965.8,8.8,269,0.0,14,2,7,61.5,51.7,19.7,12.0,51.0,47.9,45.083333333333336,28.59166666666667,25.78333333333333
2026-07-08 15:00:00,56.3,27.2,86,966.5,9.7,245,0.2,15,2,7,61.4,79.1,24.0,12.0,52.2,42.2,52.03333333333333,32.708333333333336,26.216666666666665
2026-07-08 16:00:00,31.5,27.1,84,967.3,12.0,251,0.0,16,2,7,56.3,61.5,34.5,12.0,22.4,32.5,57.416666666666664,36.4,26.387500000000003
2026-07-08 17:00:00,40.3,26.9,84,967.8,13.0,243,0.0,17,2,7,31.5,61.4,51.7,12.0,50.0,18.4,56.916666666666664,38.025,26.766666666666666
2026-07-08 18:00:00,23.6,26.6,83,967.8,14.7,262,0.0,18,2,7,40.3,56.3,79.1,12.6,12.0,12.0,55.01666666666666,40.38333333333333,26.362499999999997
2026-07-08 19:00:00,12.0,26.5,83,967.3,14.3,260,0.0,19,2,7,23.6,31.5,61.5,12.0,16.0,12.0,45.76666666666667,41.3,26.84583333333333
2026-07-08 20:00:00,12.0,26.4,82,967.0,12.9,262,0.0,20,2,7,12.0,40.3,61.4,19.7,12.0,12.0,37.516666666666666,41.3,26.679166666666664
2026-07-08 21:00:00,12.0,26.2,82,966.7,13.1,255,0.0,21,2,7,12.0,23.6,56.3,24.0,12.0,12.0,29.28333333333333,40.65833333333333,26.679166666666664
2026-07-08 22:00:00,12.0,26.0,82,966.9,13.6,250,0.0,22,2,7,12.0,12.0,31.5,34.5,12.1,12.0,21.900000000000002,39.65833333333333,26.679166666666664
2026-07-08 23:00:00,12.0,26.0,83,967.4,12.6,246,0.0,23,2,7,12.0,12.0,40.3,51.7,12.0,12.0,18.650000000000002,37.78333333333333,26.675
2026-07-09 00:00:00,12.0,26.2,86,967.5,13.8,255,0.0,0,3,7,12.0,12.0,23.6,79.1,12.0,12.0,13.933333333333332,34.475,26.675
2026-07-09 01:00:00,12.0,26.6,84,968.1,14.3,250,0.0,1,3,7,12.0,12.0,12.0,61.5,12.0,12.0,12.0,28.883333333333336,26.675
2026-07-09 02:00:00,12.0,27.5,81,968.8,14.7,251,0.0,2,3,7,12.0,12.0,12.0,61.4,12.0,12.0,12.0,24.758333333333336,26.675
2026-07-09 03:00:00,12.0,28.4,75,969.2,16.6,258,0.0,3,3,7,12.0,12.0,12.0,56.3,12.0,12.0,12.0,20.641666666666666,26.675
2026-07-09 04:00:00,20.6,29.5,70,969.4,15.6,263,0.0,4,3,7,12.0,12.0,12.0,31.5,12.0,12.0,12.0,16.95,26.675
2026-07-09 05:00:00,12.0,30.8,64,969.8,14.6,274,0.0,5,3,7,20.6,12.0,12.0,40.3,12.0,12.0,13.433333333333332,16.041666666666668,27.033333333333335
2026-07-09 06:00:00,12.0,30.1,64,969.7,14.8,280,0.0,6,3,7,12.0,12.0,12.0,23.6,12.6,12.0,13.433333333333332,13.683333333333332,27.033333333333335
2026-07-09 07:00:00,53.3,30.9,61,969.2,13.1,262,0.0,7,3,7,12.0,20.6,12.0,12.0,12.0,30.4,13.433333333333332,12.716666666666667,27.008333333333336
2026-07-09 08:00:00,13.5,32.0,58,968.5,14.8,260,0.1,8,3,7,53.3,12.0,12.0,12.0,19.7,22.2,20.316666666666666,16.158333333333335,28.729166666666668
2026-07-09 09:00:00,38.6,32.1,58,967.9,15.7,260,0.1,9,3,7,13.5,12.0,12.0,12.0,24.0,23.1,20.566666666666666,16.283333333333335,28.47083333333333
2026-07-09 10:00:00,34.6,32.2,56,967.6,16.7,269,0.0,10,3,7,38.6,53.3,20.6,12.0,34.5,36.2,25.0,18.5,29.079166666666666
2026-07-09 11:00:00,47.0,31.8,57,967.3,15.4,277,0.3,11,3,7,34.6,13.5,12.0,12.0,51.7,27.2,27.333333333333332,20.383333333333333,29.083333333333332
2026-07-09 12:00:00,75.2,31.0,66,967.7,11.2,271,0.0,12,3,7,47.0,38.6,12.0,12.0,79.1,30.9,33.166666666666664,23.3,28.8875
2026-07-09 13:00:00,64.8,29.8,73,968.5,6.7,262,0.0,13,3,7,75.2,34.6,53.3,12.0,61.5,55.0,43.70000000000001,28.566666666666666,28.725000000000005
2026-07-09 14:00:00,80.4,28.9,78,968.9,6.5,256,0.0,14,3,7,64.8,47.0,13.5,12.0,61.4,51.0,45.61666666666667,32.96666666666667,28.8625
2026-07-09 15:00:00,76.0,28.5,78,969.7,8.3,237,0.0,15,3,7,80.4,75.2,38.6,12.0,56.3,52.2,56.76666666666667,38.666666666666664,29.65416666666667
2026-07-09 16:00:00,42.5,28.5,76,970.2,9.7,252,0.0,16,3,7,76.0,64.8,34.6,20.6,31.5,22.4,63.0,44.0,30.474999999999998
2026-07-09 17:00:00,28.1,28.3,77,970.4,8.1,249,0.0,17,3,7,42.5,80.4,47.0,12.0,40.3,50.0,64.31666666666668,45.824999999999996,30.933333333333334
2026-07-09 18:00:00,30.5,28.1,79,970.3,9.1,256,0.0,18,3,7,28.1,76.0,75.2,12.0,23.6,12.0,61.166666666666664,47.166666666666664,30.425
2026-07-09 19:00:00,19.5,27.7,80,969.8,8.0,247,0.0,19,3,7,30.5,42.5,64.8,53.3,12.0,16.0,53.71666666666666,48.708333333333336,30.712500000000002
2026-07-09 20:00:00,14.0,27.7,79,969.2,9.9,251,0.0,20,3,7,19.5,28.1,80.4,13.5,12.0,12.0,46.166666666666664,45.89166666666667,31.025000000000002
2026-07-09 21:00:00,33.4,27.4,79,969.0,10.3,266,0.0,21,3,7,14.0,30.5,76.0,38.6,12.0,12.0,35.1,45.93333333333334,31.108333333333334
2026-07-09 22:00:00,12.0,26.9,81,969.0,9.7,269,0.2,22,3,7,33.4,19.5,42.5,34.6,12.0,12.1,28.0,45.5,32.0
2026-07-09 23:00:00,12.0,26.4,83,969.1,10.0,255,0.0,23,3,7,12.0,14.0,28.1,47.0,12.0,12.0,22.916666666666668,43.61666666666667,32.0
2026-07-10 00:00:00,12.0,26.6,82,969.6,10.4,256,0.0,0,4,7,12.0,33.4,30.5,75.2,12.0,12.0,20.233333333333334,40.699999999999996,32.0
2026-07-10 01:00:00,12.0,27.0,80,970.4,11.8,262,0.0,1,4,7,12.0,12.0,19.5,64.8,12.0,12.0,17.150000000000002,35.43333333333333,32.0
2026-07-10 02:00:00,16.1,27.7,76,970.8,13.3,267,0.0,2,4,7,12.0,12.0,14.0,80.4,12.0,12.0,15.9,31.03333333333333,32.0
2026-07-10 03:00:00,12.0,28.5,71,971.3,15.7,279,0.0,3,4,7,16.1,12.0,33.4,76.0,12.0,12.0,16.25,25.675,32.170833333333334
2026-07-10 04:00:00,12.0,29.6,66,971.8,16.5,286,0.0,4,4,7,12.0,12.0,12.0,42.5,20.6,12.0,12.683333333333332,20.34166666666667,32.170833333333334
2026-07-10 05:00:00,16.2,30.3,62,971.6,15.5,288,0.0,5,4,7,12.0,16.1,12.0,28.1,12.0,12.0,12.683333333333332,17.8,31.8125
2026-07-10 06:00:00,31.7,31.0,61,971.4,13.4,290,0.0,6,4,7,16.2,12.0,12.0,30.5,12.0,12.6,13.383333333333333,16.808333333333334,31.9875
2026-07-10 07:00:00,43.4,31.7,57,970.9,12.8,275,0.1,7,4,7,31.7,12.0,12.0,19.5,53.3,12.0,16.666666666666668,16.90833333333333,32.80833333333333
2026-07-10 08:00:00,39.9,32.3,54,970.0,13.9,269,0.2,8,4,7,43.4,16.2,16.1,14.0,13.5,19.7,21.900000000000002,18.9,32.395833333333336
2026-07-10 09:00:00,32.9,32.3,54,969.3,16.1,266,0.3,9,4,7,39.9,31.7,12.0,33.4,38.6,24.0,25.866666666666664,21.058333333333334,33.49583333333334
2026-07-10 10:00:00,40.8,31.8,58,969.0,14.8,272,0.4,10,4,7,32.9,43.4,12.0,12.0,34.6,34.5,29.349999999999998,21.01666666666667,33.25833333333333
2026-07-10 11:00:00,74.9,32.0,59,968.5,11.8,263,0.1,11,4,7,40.8,39.9,16.2,12.0,47.0,51.7,34.15,23.416666666666668,33.516666666666666
2026-07-10 12:00:00,67.1,31.6,62,968.5,8.6,259,0.2,12,4,7,74.9,32.9,31.7,12.0,75.2,79.1,43.93333333333334,28.65833333333333,34.67916666666667
2026-07-10 13:00:00,70.0,30.3,67,969.0,8.1,239,0.0,13,4,7,67.1,40.8,43.4,12.0,64.8,61.5,49.833333333333336,33.25,34.34166666666666
2026-07-10 14:00:00,31.1,29.3,71,969.4,9.1,245,0.0,14,4,7,70.0,74.9,39.9,16.1,80.4,61.4,54.26666666666667,38.083333333333336,34.55833333333333
2026-07-10 15:00:00,43.2,29.1,69,970.1,11.4,259,0.0,15,4,7,31.1,67.1,32.9,12.0,76.0,56.3,52.800000000000004,39.333333333333336,32.50416666666667
2026-07-10 16:00:00,45.4,28.8,67,970.6,11.9,259,0.0,16,4,7,43.2,70.0,40.8,12.0,42.5,31.5,54.51666666666666,41.93333333333333,31.1375
2026-07-10 17:00:00,45.7,28.3,68,970.3,12.8,255,0.0,17,4,7,45.4,31.1,74.9,16.2,28.1,40.3,55.28333333333334,44.71666666666667,31.258333333333336
2026-07-10 18:00:00,19.8,28.5,66,970.1,14.2,263,0.0,18,4,7,45.7,43.2,67.1,31.7,30.5,23.6,50.416666666666664,47.17499999999999,31.991666666666664
2026-07-10 19:00:00,12.0,28.4,66,969.8,15.3,272,0.0,19,4,7,19.8,45.4,70.0,43.4,19.5,12.0,42.53333333333334,46.18333333333334,31.545833333333334
2026-07-10 20:00:00,12.0,28.1,67,969.1,15.3,278,0.0,20,4,7,12.0,45.7,31.1,39.9,14.0,12.0,32.86666666666667,43.56666666666666,31.233333333333334
2026-07-10 21:00:00,12.0,27.6,70,968.8,13.8,277,0.0,21,4,7,12.0,19.8,43.2,32.9,33.4,12.0,29.683333333333337,41.24166666666667,31.150000000000002
2026-07-10 22:00:00,12.0,27.3,70,969.2,13.7,275,0.0,22,4,7,12.0,12.0,45.4,40.8,12.0,12.0,24.483333333333334,39.5,30.258333333333336
2026-07-10 23:00:00,12.0,26.8,71,969.3,14.6,270,0.0,23,4,7,12.0,12.0,45.7,74.9,12.0,12.0,18.916666666666668,37.1,30.258333333333336
2026-07-11 00:00:00,12.0,26.3,73,969.4,14.2,269,0.0,0,5,7,12.0,12.0,19.8,67.1,12.0,12.0,13.299999999999999,31.858333333333334,30.258333333333336
2026-07-11 01:00:00,12.0,26.2,74,970.0,13.9,270,0.0,1,5,7,12.0,12.0,12.0,70.0,12.0,12.0,12.0,27.26666666666667,30.258333333333336
2026-07-11 02:00:00,14.8,26.9,73,970.4,12.6,266,0.0,2,5,7,12.0,12.0,12.0,31.1,16.1,12.0,12.0,22.433333333333337,30.258333333333336
2026-07-11 03:00:00,12.0,28.0,69,971.1,15.1,271,0.0,3,5,7,14.8,12.0,12.0,43.2,12.0,12.0,12.466666666666669,21.075,30.204166666666666
2026-07-11 04:00:00,12.0,29.1,65,971.2,17.3,275,0.0,4,5,7,12.0,12.0,12.0,45.4,12.0,20.6,12.466666666666669,18.474999999999998,30.204166666666666
2026-07-11 05:00:00,33.6,30.3,59,971.4,17.1,277,0.0,5,5,7,12.0,14.8,12.0,45.7,16.2,12.0,12.466666666666669,15.691666666666668,30.204166666666666
2026-07-11 06:00:00,14.3,30.7,58,971.3,17.2,285,0.0,6,5,7,33.6,12.0,12.0,19.8,31.7,12.0,16.066666666666666,14.683333333333332,30.929166666666664
2026-07-11 07:00:00,12.6,31.4,52,970.7,17.0,283,0.0,7,5,7,14.3,12.0,12.0,12.0,43.4,53.3,16.45,14.225,30.204166666666666
2026-07-11 08:00:00,47.5,32.1,50,969.7,17.8,282,0.0,8,5,7,12.6,33.6,14.8,12.0,39.9,13.5,16.55,14.274999999999999,28.920833333333334
2026-07-11 09:00:00,18.4,32.1,50,968.8,18.3,277,0.0,9,5,7,47.5,14.3,12.0,12.0,32.9,38.6,22.0,17.23333333333333,29.2375
2026-07-11 10:00:00,34.0,31.6,53,968.2,17.5,253,0.0,10,5,7,18.4,12.6,12.0,12.0,40.8,34.6,23.066666666666663,17.766666666666666,28.63333333333333
2026-07-11 11:00:00,27.5,31.8,54,967.5,16.8,255,0.0,11,5,7,34.0,47.5,33.6,12.0,74.9,47.0,26.73333333333333,19.599999999999998,28.349999999999998
2026-07-11 12:00:00,57.8,31.1,56,967.3,13.7,260,0.0,12,5,7,27.5,18.4,14.3,12.0,67.1,75.2,25.71666666666667,20.891666666666666,26.375
2026-07-11 13:00:00,67.2,30.0,64,967.7,9.1,252,0.0,13,5,7,57.8,34.0,12.6,12.0,70.0,64.8,32.96666666666666,24.708333333333332,25.9875
2026-07-11 14:00:00,47.9,28.9,69,967.8,8.5,235,0.0,14,5,7,67.2,27.5,47.5,14.8,31.1,80.4,42.06666666666666,29.308333333333334,25.870833333333334
2026-07-11 15:00:00,37.4,28.9,68,968.3,12.5,254,0.0,15,5,7,47.9,57.8,18.4,12.0,43.2,76.0,42.13333333333333,32.06666666666666,26.57083333333333
2026-07-11 16:00:00,30.3,28.7,69,968.9,11.2,260,0.0,16,5,7,37.4,67.2,34.0,12.0,45.4,42.5,45.29999999999999,34.18333333333333,26.32916666666667
2026-07-11 17:00:00,40.1,28.4,71,969.1,10.3,245,0.0,17,5,7,30.3,47.9,27.5,33.6,45.7,28.1,44.68333333333333,35.708333333333336,25.7
2026-07-11 18:00:00,21.7,29.0,67,968.6,14.0,269,0.0,18,5,7,40.1,37.4,57.8,14.3,19.8,30.5,46.78333333333333,36.25,25.46666666666667
2026-07-11 19:00:00,12.0,28.5,65,967.8,16.4,271,0.0,19,5,7,21.7,30.3,67.2,12.6,12.0,19.5,40.766666666666666,36.86666666666667,25.54583333333333
2026-07-11 20:00:00,12.0,27.8,66,967.4,16.2,273,0.0,20,5,7,12.0,40.1,47.9,47.5,12.0,14.0,31.566666666666663,36.81666666666666,25.54583333333333
2026-07-11 21:00:00,12.0,27.3,68,967.0,15.4,275,0.0,21,5,7,12.0,21.7,37.4,18.4,12.0,33.4,25.583333333333332,33.85833333333333,25.54583333333333
2026-07-11 22:00:00,18.4,26.8,70,967.2,13.2,275,0.0,22,5,7,12.0,12.0,30.3,34.0,12.0,12.0,21.349999999999998,33.324999999999996,25.54583333333333
2026-07-11 23:00:00,12.0,26.3,72,967.4,12.2,270,0.0,23,5,7,18.4,12.0,40.1,27.5,12.0,12.0,19.366666666666667,32.025,25.8125
2026-07-12 00:00:00,12.0,26.1,74,967.5,13.0,264,0.0,0,6,7,12.0,12.0,21.7,57.8,12.0,12.0,14.683333333333332,30.733333333333334,25.8125
2026-07-12 01:00:00,12.0,26.3,75,968.1,13.2,265,0.0,1,6,7,12.0,18.4,12.0,67.2,12.0,12.0,13.066666666666665,26.916666666666668,25.8125
2026-07-12 02:00:00,12.5,27.2,73,968.7,11.9,264,0.0,2,6,7,12.0,12.0,12.0,47.9,14.8,16.1,13.066666666666665,22.316666666666666,25.8125
2026-07-12 03:00:00,12.0,28.3,68,969.2,15.6,277,0.0,3,6,7,12.5,12.0,12.0,37.4,12.0,12.0,13.149999999999999,19.366666666666667,25.71666666666667
2026-07-12 04:00:00,12.0,29.5,62,969.4,17.1,285,0.0,4,6,7,12.0,12.0,18.4,30.3,12.0,12.0,13.149999999999999,17.25,25.71666666666667
2026-07-12 05:00:00,22.9,29.8,61,969.4,14.8,279,0.0,5,6,7,12.0,12.5,12.0,40.1,33.6,16.2,12.083333333333334,15.725000000000001,25.71666666666667
2026-07-12 06:00:00,18.0,31.1,56,969.2,14.7,281,0.0,6,6,7,22.9,12.0,12.0,21.7,14.3,31.7,13.9,14.291666666666666,25.270833333333332
2026-07-12 07:00:00,27.1,31.6,52,968.8,14.8,283,0.0,7,6,7,18.0,12.0,12.0,12.0,12.6,43.4,14.9,13.983333333333333,25.425
2026-07-12 08:00:00,58.1,32.5,49,967.9,15.1,285,0.0,8,6,7,27.1,22.9,12.5,12.0,47.5,39.9,17.416666666666668,15.241666666666667,26.02916666666667
2026-07-12 09:00:00,64.3,32.0,52,967.1,15.1,271,0.0,9,6,7,58.1,18.0,12.0,12.0,18.4,32.9,25.01666666666667,19.083333333333332,26.47083333333333
2026-07-12 10:00:00,37.4,32.1,53,967.0,14.5,275,0.0,10,6,7,64.3,27.1,12.0,18.4,34.0,40.8,33.733333333333334,23.441666666666666,28.383333333333336
2026-07-12 11:00:00,38.5,32.1,55,966.5,14.2,272,0.0,11,6,7,37.4,58.1,22.9,12.0,27.5,74.9,37.96666666666667,25.025000000000002,28.525000000000002
2026-07-12 12:00:00,78.6,30.5,62,966.8,10.8,268,0.0,12,6,7,38.5,64.3,18.0,12.0,57.8,67.1,40.56666666666667,27.233333333333334,28.983333333333334
2026-07-12 13:00:00,58.0,30.1,66,966.5,8.4,236,0.0,13,6,7,78.6,37.4,27.1,12.0,67.2,70.0,50.666666666666664,32.78333333333333,29.849999999999998
2026-07-12 14:00:00,59.4,29.1,71,966.9,7.2,215,0.0,14,6,7,58.0,38.5,58.1,12.5,47.9,31.1,55.81666666666666,36.61666666666667,29.46666666666667
2026-07-12 15:00:00,63.2,28.5,73,967.4,7.5,228,0.0,15,6,7,59.4,78.6,64.3,12.0,37.4,43.2,56.03333333333333,40.525,29.945833333333336
2026-07-12 16:00:00,68.5,28.5,73,968.0,7.1,246,0.0,16,6,7,63.2,58.0,37.4,12.0,30.3,45.4,55.85,44.791666666666664,31.020833333333332
2026-07-12 17:00:00,40.8,28.0,76,968.2,6.0,249,0.0,17,6,7,68.5,59.4,38.5,22.9,40.1,45.7,61.03333333333334,49.5,32.612500000000004
2026-07-12 18:00:00,40.7,28.0,75,967.9,9.1,256,0.0,18,6,7,40.8,63.2,78.6,18.0,21.7,19.8,61.416666666666664,50.99166666666667,32.641666666666666
2026-07-12 19:00:00,28.7,27.9,74,967.7,9.9,265,0.0,19,6,7,40.7,68.5,58.0,27.1,12.0,12.0,55.1,52.88333333333333,33.43333333333334
2026-07-12 20:00:00,12.0,27.6,75,967.4,9.9,280,0.0,20,6,7,28.7,40.8,59.4,58.1,12.0,12.0,50.21666666666667,53.01666666666667,34.12916666666667
2026-07-12 21:00:00,12.0,27.3,77,967.2,11.0,280,0.0,21,6,7,12.0,40.7,63.2,64.3,12.0,12.0,42.31666666666666,49.175000000000004,34.12916666666667
2026-07-12 22:00:00,12.0,27.1,77,967.1,9.4,274,0.0,22,6,7,12.0,28.7,68.5,37.4,18.4,12.0,33.78333333333333,44.81666666666667,34.12916666666667
2026-07-12 23:00:00,12.0,26.6,79,967.3,7.8,275,0.0,23,6,7,12.0,12.0,40.8,38.5,12.0,12.0,24.366666666666664,42.699999999999996,33.8625
2026-07-13 00:00:00,12.0,26.3,76,967.6,10.5,273,0.0,0,0,7,12.0,12.0,40.7,78.6,12.0,12.0,19.566666666666666,40.49166666666667,33.8625
2026-07-13 01:00:00,12.0,26.5,76,968.3,9.9,268,0.0,1,0,7,12.0,12.0,28.7,58.0,12.0,12.0,14.783333333333333,34.94166666666666,33.8625
2026-07-13 02:00:00,12.0,27.8,72,968.8,11.0,270,0.0,2,0,7,12.0,12.0,12.0,59.4,12.5,14.8,12.0,31.10833333333333,33.8625
2026-07-13 03:00:00,12.0,28.8,68,969.4,15.5,288,0.0,3,0,7,12.0,12.0,12.0,63.2,12.0,12.0,12.0,27.15833333333333,33.84166666666666
2026-07-13 04:00:00,12.0,29.1,66,969.9,13.9,299,0.0,4,0,7,12.0,12.0,12.0,68.5,12.0,12.0,12.0,22.891666666666666,33.84166666666666
2026-07-13 05:00:00,14.6,30.2,62,970.0,13.8,299,0.0,5,0,7,12.0,12.0,12.0,40.8,22.9,33.6,12.0,18.183333333333334,33.84166666666666
2026-07-13 06:00:00,31.8,31.5,56,970.0,13.3,298,0.0,6,0,7,14.6,12.0,12.0,40.7,18.0,14.3,12.433333333333332,16.0,33.49583333333333
2026-07-13 07:00:00,48.0,32.9,51,969.6,14.5,292,0.0,7,0,7,31.8,12.0,12.0,28.7,27.1,12.6,15.733333333333334,15.258333333333333,34.07083333333333
2026-07-13 08:00:00,51.8,33.8,47,968.6,14.9,291,0.0,8,0,7,48.0,14.6,12.0,12.0,58.1,47.5,21.733333333333334,16.866666666666667,34.94166666666666
2026-07-13 09:00:00,48.7,34.0,45,967.7,16.4,294,0.0,9,0,7,51.8,31.8,12.0,12.0,64.3,18.4,28.366666666666664,20.183333333333334,34.67916666666667
2026-07-13 10:00:00,39.8,34.1,45,967.6,16.5,290,0.0,10,0,7,48.7,48.0,12.0,12.0,37.4,34.0,34.483333333333334,23.24166666666667,34.02916666666666
2026-07-13 11:00:00,73.6,34.0,45,967.2,14.5,290,0.0,11,0,7,39.8,51.8,14.6,12.0,38.5,27.5,39.11666666666667,25.558333333333334,34.12916666666667
2026-07-13 12:00:00,56.9,33.7,44,967.2,13.3,286,0.0,12,0,7,73.6,48.7,31.8,12.0,78.6,57.8,48.949999999999996,30.691666666666666,35.59166666666667
2026-07-13 13:00:00,77.7,32.2,52,967.7,9.5,285,0.0,13,0,7,56.9,39.8,48.0,12.0,58.0,67.2,53.133333333333326,34.43333333333333,34.6875
2026-07-13 14:00:00,77.0,30.9,59,968.2,7.3,286,0.0,14,0,7,77.7,73.6,51.8,12.0,59.4,47.9,58.083333333333336,39.90833333333333,35.50833333333333
2026-07-13 15:00:00,70.3,29.9,63,968.8,9.2,276,0.0,15,0,7,77.0,56.9,48.7,12.0,63.2,37.4,62.283333333333324,45.324999999999996,36.24166666666667
2026-07-13 16:00:00,41.8,29.4,65,969.1,8.9,278,0.0,16,0,7,70.3,77.7,39.8,12.0,68.5,30.3,65.88333333333333,50.18333333333334,36.5375
2026-07-13 17:00:00,81.8,28.6,68,969.4,8.5,274,0.0,17,0,7,41.8,77.0,73.6,14.6,40.8,40.1,66.21666666666665,52.666666666666664,35.425000000000004
2026-07-13 18:00:00,35.9,27.9,73,968.6,9.7,251,0.0,18,0,7,81.8,70.3,56.9,31.8,40.7,21.7,67.58333333333333,58.26666666666666,37.13333333333333
2026-07-13 19:00:00,31.0,27.6,72,968.3,8.8,259,0.0,19,0,7,35.9,41.8,77.7,48.0,28.7,12.0,64.08333333333333,58.60833333333334,36.93333333333334
2026-07-13 20:00:00,25.6,27.6,71,968.2,9.3,294,0.0,20,0,7,31.0,81.8,77.0,51.8,12.0,12.0,56.29999999999999,57.19166666666667,37.02916666666667
2026-07-13 21:00:00,12.0,27.1,75,968.0,8.9,297,0.0,21,0,7,25.6,35.9,70.3,48.7,12.0,12.0,47.73333333333333,55.008333333333326,37.59583333333333
2026-07-13 22:00:00,12.0,26.8,77,968.4,8.5,295,0.0,22,0,7,12.0,31.0,41.8,39.8,12.0,18.4,38.01666666666667,51.949999999999996,37.59583333333333
2026-07-13 23:00:00,12.0,26.7,78,968.8,9.1,291,0.0,23,0,7,12.0,25.6,81.8,73.6,12.0,12.0,33.050000000000004,49.633333333333326,37.59583333333333
2026-07-14 00:00:00,12.0,26.6,78,969.1,10.2,283,0.0,0,1,7,12.0,12.0,35.9,56.9,12.0,12.0,21.416666666666668,44.5,37.59583333333333
2026-07-14 01:00:00,12.0,27.0,75,969.8,11.7,283,0.0,1,1,7,12.0,12.0,31.0,77.7,12.0,12.0,17.433333333333334,40.75833333333333,37.59583333333333
2026-07-14 02:00:00,12.0,27.9,69,970.4,12.9,291,0.0,2,1,7,12.0,12.0,25.6,77.0,12.0,12.5,14.266666666666666,35.28333333333333,37.59583333333333
2026-07-14 03:00:00,12.0,28.6,68,970.7,13.4,282,0.0,3,1,7,12.0,12.0,12.0,70.3,12.0,12.0,12.0,29.866666666666664,37.59583333333333
2026-07-14 04:00:00,12.0,29.8,62,971.1,18.3,295,0.0,4,1,7,12.0,12.0,12.0,41.8,12.0,12.0,12.0,25.008333333333336,37.59583333333333
2026-07-14 05:00:00,12.0,31.2,57,971.4,18.9,301,0.0,5,1,7,12.0,12.0,12.0,81.8,14.6,22.9,12.0,22.525000000000002,37.59583333333333
2026-07-14 06:00:00,12.0,32.5,53,971.1,18.6,296,0.0,6,1,7,12.0,12.0,12.0,35.9,31.8,18.0,12.0,16.708333333333332,37.4875
2026-07-14 07:00:00,20.1,33.2,49,970.6,17.9,296,0.0,7,1,7,12.0,12.0,12.0,31.0,48.0,27.1,12.0,14.716666666666669,36.6625
2026-07-14 08:00:00,43.1,33.8,47,969.9,17.4,296,0.0,8,1,7,20.1,12.0,12.0,25.6,51.8,58.1,13.35,13.808333333333335,35.5
2026-07-14 09:00:00,49.2,34.0,45,969.4,16.0,293,0.0,9,1,7,43.1,12.0,12.0,12.0,48.7,64.3,18.533333333333335,15.266666666666667,35.137499999999996
2026-07-14 10:00:00,27.9,34.1,44,968.8,17.4,287,0.0,10,1,7,49.2,20.1,12.0,12.0,39.8,37.4,24.733333333333334,18.366666666666664,35.15833333333334
2026-07-14 11:00:00,47.1,33.7,45,968.3,18.0,286,0.0,11,1,7,27.9,43.1,12.0,12.0,73.6,38.5,27.383333333333336,19.691666666666666,34.6625
2026-07-14 12:00:00,33.5,33.5,45,968.2,15.3,279,0.0,12,1,7,47.1,49.2,12.0,12.0,56.9,78.6,33.233333333333334,22.61666666666667,33.55833333333333
2026-07-14 13:00:00,61.4,32.4,49,968.6,13.8,279,0.0,13,1,7,33.5,27.9,20.1,12.0,77.7,58.0,36.81666666666667,24.408333333333335,32.583333333333336
2026-07-14 14:00:00,53.1,31.4,53,968.9,13.0,284,0.0,14,1,7,61.4,47.1,43.1,12.0,77.0,59.4,43.699999999999996,28.525000000000002,31.90416666666667
2026-07-14 15:00:00,54.4,30.6,55,969.7,12.6,294,0.0,15,1,7,53.1,33.5,49.2,12.0,70.3,63.2,45.36666666666667,31.950000000000003,30.908333333333335
2026-07-14 16:00:00,43.4,29.7,57,970.4,11.8,299,0.0,16,1,7,54.4,61.4,27.9,12.0,41.8,68.5,46.23333333333333,35.483333333333334,30.245833333333334
2026-07-14 17:00:00,28.9,28.9,59,970.5,11.6,302,0.0,17,1,7,43.4,53.1,47.1,12.0,81.8,40.8,48.81666666666666,38.1,30.3125
2026-07-14 18:00:00,18.6,28.7,61,970.2,11.3,295,0.0,18,1,7,28.9,54.4,33.5,12.0,35.9,40.7,45.78333333333333,39.50833333333333,28.108333333333334
2026-07-14 19:00:00,29.1,28.4,61,969.7,11.9,290,0.0,19,1,7,18.6,43.4,61.4,20.1,31.0,28.7,43.300000000000004,40.05833333333334,27.3875
2026-07-14 20:00:00,27.0,28.1,61,969.9,11.2,291,0.0,20,1,7,29.1,28.9,53.1,43.1,25.6,12.0,37.916666666666664,40.80833333333333,27.308333333333334
2026-07-14 21:00:00,17.5,27.7,63,969.6,10.4,293,0.0,21,1,7,27.0,18.6,54.4,49.2,12.0,12.0,33.56666666666667,39.46666666666667,27.36666666666667
2026-07-14 22:00:00,14.1,27.2,65,969.2,11.2,289,0.0,22,1,7,17.5,29.1,43.4,27.9,12.0,12.0,27.416666666666668,36.824999999999996,27.595833333333335
2026-07-14 23:00:00,12.0,26.9,67,969.3,11.4,295,0.0,23,1,7,14.1,27.0,28.9,47.1,12.0,12.0,22.53333333333333,35.675000000000004,27.683333333333337
2026-07-15 00:00:00,12.0,27.1,66,969.8,14.0,296,0.0,0,2,7,12.0,17.5,18.6,33.5,12.0,12.0,19.716666666666665,32.75,27.683333333333337
2026-07-15 01:00:00,12.0,27.1,68,970.3,13.4,297,0.0,1,2,7,12.0,14.1,29.1,61.4,12.0,12.0,18.616666666666667,30.958333333333332,27.683333333333337
2026-07-15 02:00:00,12.0,28.1,67,970.7,14.1,295,0.0,2,2,7,12.0,12.0,27.0,53.1,12.0,12.0,15.766666666666666,26.84166666666667,27.683333333333337
2026-07-15 03:00:00,12.0,29.2,64,971.1,15.0,297,0.0,3,2,7,12.0,12.0,17.5,54.4,12.0,12.0,13.266666666666666,23.416666666666668,27.683333333333337
2026-07-15 04:00:00,12.0,30.4,60,971.5,14.6,299,0.0,4,2,7,12.0,12.0,14.1,43.4,12.0,12.0,12.35,19.883333333333333,27.683333333333337
2026-07-15 05:00:00,12.0,31.6,54,971.6,14.6,303,0.0,5,2,7,12.0,12.0,12.0,28.9,12.0,14.6,12.0,17.266666666666666,27.683333333333337
2026-07-15 06:00:00,27.2,33.3,46,971.3,12.8,308,0.0,6,2,7,12.0,12.0,12.0,18.6,12.0,31.8,12.0,15.858333333333333,27.683333333333337
2026-07-15 07:00:00,37.9,33.9,44,970.7,10.7,299,0.0,7,2,7,27.2,12.0,12.0,29.1,20.1,48.0,14.533333333333331,16.575,28.316666666666666
2026-07-15 08:00:00,49.5,34.6,42,969.7,11.2,294,0.1,8,2,7,37.9,12.0,12.0,27.0,43.1,51.8,18.849999999999998,17.308333333333334,29.058333333333334
2026-07-15 09:00:00,42.2,34.4,44,969.2,12.7,291,0.2,9,2,7,49.5,27.2,12.0,17.5,49.2,48.7,25.099999999999998,19.183333333333334,29.325
2026-07-15 10:00:00,45.8,34.2,46,968.9,11.8,289,0.2,10,2,7,42.2,37.9,12.0,14.1,27.9,39.8,30.133333333333336,21.241666666666667,29.03333333333333
2026-07-15 11:00:00,69.7,31.8,52,968.8,12.9,335,0.6,11,2,7,45.8,49.5,12.0,12.0,47.1,73.6,35.766666666666666,23.883333333333336,29.779166666666665
2026-07-15 12:00:00,63.6,30.5,60,968.7,10.3,213,0.4,12,2,7,69.7,42.2,27.2,12.0,33.5,56.9,45.38333333333333,28.691666666666666,30.72083333333333
2026-07-15 13:00:00,87.6,28.4,71,969.1,8.3,219,0.0,13,2,7,63.6,45.8,37.9,12.0,61.4,77.7,51.449999999999996,32.99166666666667,31.974999999999998
2026-07-15 14:00:00,84.8,28.3,73,969.0,7.1,234,0.0,14,2,7,87.6,69.7,49.5,12.0,53.1,77.0,59.73333333333333,39.291666666666664,33.06666666666666
2026-07-15 15:00:00,63.9,28.5,74,969.8,7.7,242,0.0,15,2,7,84.8,63.6,42.2,12.0,54.4,70.3,65.61666666666666,45.35833333333333,34.387499999999996
2026-07-15 16:00:00,48.1,28.9,72,970.8,8.1,266,0.0,16,2,7,63.9,87.6,45.8,12.0,43.4,41.8,69.23333333333333,49.68333333333334,34.78333333333333
2026-07-15 17:00:00,56.7,28.9,68,971.1,8.6,280,0.0,17,2,7,48.1,84.8,69.7,12.0,28.9,81.8,69.61666666666667,52.69166666666666,34.979166666666664
2026-07-15 18:00:00,52.9,29.2,66,970.4,8.1,283,0.0,18,2,7,56.7,63.9,63.6,27.2,18.6,35.9,67.45,56.416666666666664,36.137499999999996
2026-07-15 19:00:00,42.1,28.6,69,970.1,7.8,292,0.0,19,2,7,52.9,48.1,87.6,37.9,29.1,31.0,65.66666666666667,58.55833333333333,37.56666666666667
2026-07-15 20:00:00,33.0,28.2,70,969.6,8.9,297,0.0,20,2,7,42.1,56.7,84.8,49.5,27.0,25.6,58.083333333333336,58.90833333333333,38.10833333333333
2026-07-15 21:00:00,18.6,28.0,68,969.5,11.1,286,0.0,21,2,7,33.0,52.9,63.9,42.2,17.5,12.0,49.449999999999996,57.53333333333333,38.35833333333333
2026-07-15 22:00:00,24.6,28.0,66,969.4,12.7,293,0.0,22,2,7,18.6,42.1,48.1,45.8,14.1,12.0,41.9,55.56666666666667,38.40416666666666
2026-07-15 23:00:00,12.0,27.7,67,969.8,13.0,297,0.0,23,2,7,24.6,33.0,56.7,69.7,12.0,12.0,37.98333333333334,53.800000000000004,38.84166666666666
2026-07-16 00:00:00,12.0,28.0,67,969.7,16.4,293,0.0,0,3,7,12.0,18.6,52.9,63.6,12.0,12.0,30.53333333333333,48.991666666666674,38.84166666666666
2026-07-16 01:00:00,12.0,28.0,68,970.3,16.2,300,0.0,1,3,7,12.0,24.6,42.1,87.6,12.0,12.0,23.71666666666667,44.69166666666667,38.84166666666666
2026-07-16 02:00:00,12.0,28.8,66,970.9,15.8,299,0.0,2,3,7,12.0,12.0,33.0,84.8,12.0,12.0,18.7,38.391666666666666,38.84166666666666
2026-07-16 03:00:00,12.0,29.8,63,971.3,16.7,297,0.0,3,3,7,12.0,12.0,18.6,63.9,12.0,12.0,15.200000000000001,32.324999999999996,38.84166666666666
2026-07-16 04:00:00,12.0,30.7,60,971.6,13.9,299,0.0,4,3,7,12.0,12.0,24.6,48.1,12.0,12.0,14.1,28.0,38.84166666666666
2026-07-16 05:00:00,15.0,32.5,55,971.7,14.2,306,0.0,5,3,7,12.0,12.0,12.0,56.7,12.0,12.0,12.0,24.991666666666664,38.84166666666666
2026-07-16 06:00:00,35.4,33.9,51,971.0,15.0,305,0.0,6,3,7,15.0,12.0,12.0,52.9,27.2,12.0,12.5,21.516666666666666,38.96666666666666
2026-07-16 07:00:00,41.7,34.2,49,970.3,14.6,300,0.2,7,3,7,35.4,12.0,12.0,42.1,37.9,20.1,16.400000000000002,20.058333333333334,39.30833333333333
2026-07-16 08:00:00,35.1,34.2,48,969.9,13.9,301,0.0,8,3,7,41.7,15.0,12.0,33.0,49.5,43.1,21.349999999999998,20.025000000000002,39.46666666666667
2026-07-16 09:00:00,49.8,33.9,49,969.0,13.1,293,0.0,9,3,7,35.1,35.4,12.0,18.6,42.2,49.2,25.2,20.2,38.86666666666667
2026-07-16 10:00:00,68.4,33.7,48,968.8,12.8,286,0.0,10,3,7,49.8,41.7,12.0,24.6,45.8,27.9,31.5,22.8,39.18333333333333
2026-07-16 11:00:00,45.4,33.5,48,968.4,11.2,286,0.0,11,3,7,68.4,35.1,15.0,12.0,69.7,47.1,40.9,26.45,40.125
2026-07-16 12:00:00,72.8,33.8,46,968.0,11.4,296,0.0,12,3,7,45.4,49.8,35.4,12.0,63.6,33.5,45.96666666666667,29.233333333333334,39.112500000000004
2026-07-16 13:00:00,64.1,33.4,47,968.9,11.2,303,0.0,13,3,7,72.8,68.4,41.7,12.0,87.6,61.4,52.199999999999996,34.300000000000004,39.49583333333333
2026-07-16 14:00:00,64.8,33.0,49,969.4,6.9,275,0.0,14,3,7,64.1,45.4,35.1,12.0,84.8,53.1,55.93333333333334,38.641666666666666,38.516666666666666
2026-07-16 15:00:00,74.6,32.0,54,970.1,6.2,262,0.0,15,3,7,64.8,72.8,49.8,12.0,63.9,54.4,60.883333333333326,43.041666666666664,37.68333333333333
2026-07-16 16:00:00,53.3,30.8,59,970.9,3.6,311,0.2,16,3,7,74.6,64.1,68.4,12.0,48.1,43.4,65.01666666666667,48.25833333333333,38.12916666666667
2026-07-16 17:00:00,58.7,30.7,60,970.9,3.1,3,0.0,17,3,7,53.3,64.8,45.4,15.0,56.7,28.9,62.5,51.699999999999996,38.34583333333333
2026-07-16 18:00:00,77.4,30.1,66,970.3,0.6,162,0.0,18,3,7,58.7,74.6,72.8,35.4,52.9,18.6,64.71666666666667,55.34166666666667,38.42916666666667
2026-07-16 19:00:00,40.5,29.4,70,970.1,4.7,178,0.2,19,3,7,77.4,53.3,64.1,41.7,42.1,29.1,65.48333333333333,58.84166666666667,39.449999999999996
2026-07-16 20:00:00,25.8,28.7,72,969.7,6.2,216,0.1,20,3,7,40.5,58.7,64.8,35.1,33.0,27.0,61.54999999999999,58.74166666666667,39.38333333333333
2026-07-16 21:00:00,12.0,28.2,73,969.1,6.4,216,0.0,21,3,7,25.8,77.4,74.6,49.8,18.6,17.5,55.050000000000004,57.96666666666666,39.083333333333336
2026-07-16 22:00:00,12.0,28.3,72,969.2,9.1,221,0.0,22,3,7,12.0,40.5,53.3,68.4,24.6,14.1,44.61666666666667,54.81666666666666,38.80833333333334
2026-07-16 23:00:00,12.0,28.6,66,969.1,9.8,238,0.0,23,3,7,12.0,25.8,58.7,45.4,12.0,12.0,37.733333333333334,50.11666666666667,38.28333333333334
2026-07-17 00:00:00,12.0,26.2,81,969.2,9.0,227,0.0,0,4,7,12.0,12.0,77.4,72.8,12.0,12.0,29.95,47.333333333333336,38.28333333333334
2026-07-17 01:00:00,13.6,26.6,81,970.1,4.9,237,0.0,1,4,7,12.0,12.0,40.5,64.1,12.0,12.0,19.05,42.266666666666666,38.28333333333334
2026-07-17 02:00:00,33.6,27.1,79,971.1,3.0,194,0.1,2,4,7,13.6,12.0,25.8,64.8,12.0,12.0,14.566666666666668,38.05833333333333,38.35
2026-07-17 03:00:00,44.6,27.2,81,971.5,3.1,310,1.5,3,4,7,33.6,12.0,12.0,74.6,12.0,12.0,15.866666666666667,35.458333333333336,39.25
2026-07-17 04:00:00,33.6,27.4,80,971.7,2.4,17,1.0,4,4,7,44.6,13.6,12.0,53.3,12.0,12.0,21.3,32.958333333333336,40.608333333333334
2026-07-17 05:00:00,46.6,28.1,78,971.7,3.8,287,0.6,5,4,7,33.6,33.6,12.0,58.7,15.0,12.0,24.900000000000002,31.316666666666666,41.50833333333333
2026-07-17 06:00:00,56.3,27.7,81,972.0,2.7,307,0.4,6,4,7,46.6,44.6,12.0,77.4,35.4,27.2,30.666666666666668,30.308333333333337,42.824999999999996
2026-07-17 07:00:00,73.3,27.7,83,971.6,3.8,287,1.6,7,4,7,56.3,33.6,13.6,40.5,41.7,37.9,38.050000000000004,28.549999999999997,43.69583333333333
2026-07-17 08:00:00,78.4,28.0,82,971.0,4.2,280,1.1,8,4,7,73.3,46.6,33.6,25.8,35.1,49.5,48.0,31.28333333333333,45.012499999999996
2026-07-17 09:00:00,61.8,28.7,76,970.2,8.7,288,0.3,9,4,7,78.4,56.3,44.6,12.0,49.8,42.2,55.46666666666666,35.666666666666664,46.81666666666667
2026-07-17 10:00:00,56.7,28.9,74,969.5,9.1,291,0.1,10,4,7,61.8,73.3,33.6,12.0,68.4,45.8,58.333333333333336,39.81666666666666,47.31666666666666
2026-07-17 11:00:00,52.1,28.6,74,969.0,8.7,300,0.2,11,4,7,56.7,78.4,46.6,12.0,45.4,69.7,62.18333333333334,43.541666666666664,46.82916666666667
2026-07-17 12:00:00,92.9,27.7,78,969.7,6.0,355,0.8,12,4,7,52.1,61.8,56.3,12.0,72.8,63.6,63.099999999999994,46.88333333333333,47.10833333333333
2026-07-17 13:00:00,79.5,26.7,85,970.0,5.2,31,0.5,13,4,7,92.9,56.7,73.3,13.6,64.1,87.6,69.2,53.625,47.94583333333333
2026-07-17 14:00:00,89.0,26.5,85,970.7,3.6,333,0.1,14,4,7,79.5,52.1,78.4,33.6,64.8,84.8,70.23333333333333,59.11666666666667,48.587500000000006
2026-07-17 15:00:00,85.2,26.3,88,971.0,4.3,242,0.2,15,4,7,89.0,92.9,61.8,44.6,74.6,63.9,72.0,63.73333333333334,49.59583333333333
2026-07-17 16:00:00,52.9,26.0,90,971.5,7.7,242,0.7,16,4,7,85.2,79.5,56.7,33.6,53.3,48.1,75.9,67.11666666666666,50.0375
2026-07-17 17:00:00,45.4,25.7,91,971.7,7.3,253,0.7,17,4,7,52.9,89.0,52.1,46.6,58.7,56.7,75.26666666666667,68.72500000000001,50.020833333333336
2026-07-17 18:00:00,55.1,25.6,93,971.4,5.2,207,0.3,18,4,7,45.4,85.2,92.9,56.3,77.4,52.9,74.14999999999999,68.625,49.46666666666667
2026-07-17 19:00:00,29.0,25.4,94,970.8,7.3,200,0.3,19,4,7,55.1,52.9,79.5,73.3,40.5,42.1,67.85000000000001,68.525,48.537499999999994
2026-07-17 20:00:00,37.0,25.3,94,970.2,8.6,221,0.3,20,4,7,29.0,45.4,89.0,78.4,25.8,33.0,59.43333333333334,64.83333333333333,48.05833333333333
2026-07-17 21:00:00,12.0,25.3,94,969.6,9.0,233,0.1,21,4,7,37.0,55.1,85.2,61.8,12.0,18.6,50.76666666666667,61.38333333333333,48.525
2026-07-17 22:00:00,15.4,25.3,93,969.4,8.0,245,0.0,22,4,7,12.0,29.0,52.9,56.7,12.0,24.6,38.56666666666666,57.23333333333334,48.525
2026-07-17 23:00:00,12.0,25.3,93,969.5,8.5,232,0.0,23,4,7,15.4,37.0,45.4,52.1,12.0,12.0,32.31666666666667,53.791666666666664,48.666666666666664
2026-07-18 00:00:00,24.6,25.2,96,969.6,11.8,224,0.0,0,5,7,12.0,12.0,55.1,92.9,12.0,12.0,26.75,50.449999999999996,48.666666666666664
2026-07-18 01:00:00,12.0,25.3,96,970.3,11.9,232,0.9,1,5,7,24.6,15.4,29.0,79.5,13.6,12.0,21.666666666666668,44.75833333333333,49.19166666666666
2026-07-18 02:00:00,26.5,25.3,96,970.5,11.6,255,1.3,2,5,7,12.0,12.0,37.0,89.0,33.6,12.0,18.833333333333332,39.13333333333333,49.125
2026-07-18 03:00:00,12.0,25.7,96,970.7,10.1,265,1.9,3,5,7,26.5,24.6,12.0,85.2,44.6,12.0,17.083333333333332,33.925000000000004,48.82916666666666
2026-07-18 04:00:00,12.0,25.8,95,971.1,10.5,278,1.2,4,5,7,12.0,12.0,15.4,52.9,33.6,12.0,17.083333333333332,27.825,47.47083333333333
2026-07-18 05:00:00,38.5,26.3,92,971.0,8.8,282,2.5,5,5,7,12.0,26.5,12.0,45.4,46.6,15.0,16.516666666666666,24.416666666666668,46.57083333333333
2026-07-18 06:00:00,13.8,26.7,89,971.1,9.1,285,2.6,6,5,7,38.5,12.0,24.6,55.1,56.3,35.4,20.933333333333334,23.84166666666667,46.23333333333333
2026-07-18 07:00:00,42.4,26.9,86,970.7,9.2,281,0.8,7,5,7,13.8,12.0,12.0,29.0,73.3,41.7,19.133333333333336,20.400000000000002,44.4625
2026-07-18 08:00:00,71.1,27.1,87,970.1,7.5,281,0.7,8,5,7,42.4,38.5,26.5,37.0,78.4,35.1,24.2,21.516666666666666,43.175000000000004
2026-07-18 09:00:00,70.6,27.4,87,969.6,7.9,271,0.5,9,5,7,71.1,13.8,12.0,12.0,61.8,49.8,31.633333333333336,24.358333333333334,42.87083333333333
2026-07-18 10:00:00,79.0,27.8,85,968.7,9.7,271,0.2,10,5,7,70.6,42.4,12.0,15.4,56.7,68.4,41.4,29.241666666666664,43.237500000000004
2026-07-18 11:00:00,47.3,28.1,82,968.4,10.4,280,0.1,11,5,7,79.0,71.1,38.5,12.0,52.1,45.4,52.56666666666666,34.541666666666664,44.166666666666664
2026-07-18 12:00:00,75.9,27.5,83,968.5,8.7,249,0.0,12,5,7,47.3,70.6,13.8,24.6,92.9,72.8,54.03333333333333,37.48333333333333,43.96666666666667
2026-07-18 13:00:00,80.0,27.0,88,969.2,8.0,222,0.0,13,5,7,75.9,79.0,42.4,12.0,79.5,64.1,64.38333333333333,41.75833333333333,43.258333333333326
2026-07-18 14:00:00,65.9,26.6,90,969.8,9.5,234,0.0,14,5,7,80.0,47.3,71.1,26.5,89.0,64.8,70.64999999999999,47.425000000000004,43.27916666666666
2026-07-18 15:00:00,49.5,26.6,90,970.4,9.7,245,0.0,15,5,7,65.9,75.9,70.6,12.0,85.2,74.6,69.78333333333333,50.708333333333336,42.31666666666666
2026-07-18 16:00:00,51.2,26.5,90,971.1,9.6,247,0.0,16,5,7,49.5,80.0,79.0,12.0,52.9,53.3,66.26666666666667,53.833333333333336,40.829166666666666
2026-07-18 17:00:00,41.1,26.4,90,971.3,10.4,250,0.0,17,5,7,51.2,65.9,47.3,38.5,45.4,58.7,61.63333333333333,57.1,40.75833333333333
2026-07-18 18:00:00,33.7,26.3,89,970.6,11.0,246,0.0,18,5,7,41.1,49.5,75.9,13.8,55.1,77.4,60.6,57.31666666666666,40.579166666666666
2026-07-18 19:00:00,34.1,26.0,88,970.4,11.5,243,0.0,19,5,7,33.7,51.2,80.0,42.4,29.0,40.5,53.56666666666667,58.975,39.6875
2026-07-18 20:00:00,29.4,25.8,86,969.8,12.1,247,0.0,20,5,7,34.1,41.1,65.9,71.1,37.0,25.8,45.916666666666664,58.28333333333333,39.9
2026-07-18 21:00:00,12.0,25.5,87,969.7,11.4,251,0.0,21,5,7,29.4,33.7,49.5,70.6,12.0,12.0,39.833333333333336,54.80833333333334,39.583333333333336
2026-07-18 22:00:00,12.0,25.2,89,969.4,10.2,253,0.0,22,5,7,12.0,34.1,51.2,79.0,15.4,12.0,33.583333333333336,49.925000000000004,39.583333333333336
2026-07-18 23:00:00,12.0,25.1,89,969.6,10.3,263,0.0,23,5,7,12.0,29.4,41.1,47.3,12.0,12.0,27.05,44.34166666666667,39.44166666666666
2026-07-19 00:00:00,12.0,25.2,93,969.6,10.2,247,0.0,0,6,7,12.0,12.0,33.7,75.9,24.6,12.0,22.2,41.4,39.44166666666666
2026-07-19 01:00:00,12.0,25.7,91,969.9,11.7,261,0.0,1,6,7,12.0,12.0,34.1,80.0,12.0,13.6,18.583333333333332,36.074999999999996,38.916666666666664
2026-07-19 02:00:00,12.0,26.8,85,970.2,9.6,266,0.0,2,6,7,12.0,12.0,29.4,65.9,26.5,33.6,14.9,30.40833333333333,38.916666666666664
2026-07-19 03:00:00,12.0,28.2,79,970.4,11.9,285,0.0,3,6,7,12.0,12.0,12.0,49.5,12.0,44.6,12.0,25.916666666666668,38.3125
2026-07-19 04:00:00,33.3,29.2,75,970.6,11.0,285,0.0,4,6,7,12.0,12.0,12.0,51.2,12.0,33.6,12.0,22.791666666666668,38.3125
2026-07-19 05:00:00,12.0,30.6,70,970.7,9.9,289,0.1,5,6,7,33.3,12.0,12.0,41.1,38.5,46.6,15.549999999999999,21.3,39.2
2026-07-19 06:00:00,14.4,31.1,65,970.9,11.5,290,0.1,6,6,7,12.0,12.0,12.0,33.7,13.8,56.3,15.549999999999999,18.875,38.09583333333334
2026-07-19 07:00:00,37.9,32.0,61,970.2,10.3,289,0.1,7,6,7,14.4,33.3,12.0,34.1,42.4,73.3,15.950000000000001,17.26666666666667,38.12083333333333
2026-07-19 08:00:00,54.8,29.1,73,969.2,11.9,285,1.1,8,6,7,37.9,12.0,12.0,29.4,71.1,78.4,20.266666666666666,17.583333333333332,37.93333333333333
2026-07-19 09:00:00,72.4,30.4,71,968.4,5.4,278,0.9,9,6,7,54.8,14.4,12.0,12.0,70.6,61.8,27.399999999999995,19.7,37.25416666666666
2026-07-19 10:00:00,74.7,31.6,64,968.0,4.7,293,0.2,10,6,7,72.4,37.9,33.3,12.0,79.0,56.7,37.46666666666667,24.733333333333334,37.32916666666667
2026-07-19 11:00:00,76.0,30.3,71,967.4,4.8,329,0.7,11,6,7,74.7,54.8,12.0,12.0,47.3,52.1,44.36666666666667,29.958333333333332,37.15
2026-07-19 12:00:00,89.8,29.3,78,968.1,2.4,253,2.2,12,6,7,76.0,72.4,14.4,12.0,75.9,92.9,55.03333333333333,35.291666666666664,38.34583333333333
2026-07-19 13:00:00,107.7,29.0,80,968.7,1.6,354,0.0,13,6,7,89.8,74.7,37.9,12.0,80.0,79.5,67.60000000000001,41.775,38.925000000000004
2026-07-19 14:00:00,74.4,28.1,88,969.5,3.9,34,0.0,14,6,7,107.7,76.0,54.8,12.0,65.9,89.0,79.23333333333333,49.75,40.079166666666666
2026-07-19 15:00:00,56.9,27.7,91,970.3,4.0,58,0.0,15,6,7,74.4,89.8,72.4,12.0,49.5,85.2,82.5,54.949999999999996,40.43333333333334
2026-07-19 16:00:00,80.7,27.3,93,970.9,4.1,92,0.0,16,6,7,56.9,107.7,74.7,33.3,51.2,52.9,79.91666666666667,58.69166666666667,40.74166666666667
2026-07-19 17:00:00,66.8,26.9,95,970.8,3.7,61,0.0,17,6,7,80.7,74.4,76.0,12.0,41.1,45.4,80.91666666666667,62.64166666666667,41.97083333333333
2026-07-19 18:00:00,60.0,26.3,94,970.7,4.1,61,0.0,18,6,7,66.8,56.9,89.8,14.4,33.7,55.1,79.38333333333334,67.20833333333334,43.041666666666664
2026-07-19 19:00:00,59.7,26.0,95,970.1,2.5,98,0.0,19,6,7,60.0,80.7,107.7,37.9,34.1,29.0,74.41666666666667,71.00833333333334,44.137499999999996
2026-07-19 20:00:00,39.6,25.8,96,969.4,2.4,153,0.0,20,6,7,59.7,66.8,74.4,54.8,29.4,37.0,66.41666666666667,72.825,45.20416666666666
2026-07-19 21:00:00,30.1,25.6,98,968.7,4.6,211,0.0,21,6,7,39.6,60.0,56.9,72.4,12.0,12.0,60.616666666666674,71.55833333333334,45.62916666666667
2026-07-19 22:00:00,30.5,25.6,97,968.9,2.8,255,0.0,22,6,7,30.1,59.7,80.7,74.7,12.0,15.4,56.15,68.03333333333333,46.38333333333333
2026-07-19 23:00:00,21.9,25.7,96,969.0,6.0,253,0.0,23,6,7,30.5,39.6,66.8,76.0,12.0,12.0,47.78333333333333,64.35000000000001,47.15416666666667
2026-07-20 00:00:00,12.0,24.7,97,969.0,8.4,245,0.0,0,0,7,21.9,30.1,60.0,89.8,12.0,24.6,40.3,59.84166666666667,47.56666666666667
2026-07-20 01:00:00,33.1,24.8,96,969.5,6.1,258,0.3,1,0,7,12.0,30.5,59.7,107.7,12.0,12.0,32.300000000000004,53.35833333333333,47.56666666666667
2026-07-20 02:00:00,12.0,25.6,92,969.8,11.0,269,0.1,2,0,7,33.1,21.9,39.6,74.4,12.0,26.5,27.866666666666664,47.14166666666667,48.44583333333333
2026-07-20 03:00:00,13.8,27.3,87,970.2,9.0,283,0.1,3,0,7,12.0,12.0,30.1,56.9,12.0,12.0,23.26666666666667,41.94166666666667,48.44583333333333
2026-07-20 04:00:00,24.1,28.9,77,970.7,9.2,287,0.0,4,0,7,13.8,33.1,30.5,80.7,33.3,12.0,20.55,38.35,48.520833333333336
2026-07-20 05:00:00,28.3,29.8,73,970.9,9.2,291,0.1,5,0,7,24.1,12.0,21.9,66.8,12.0,38.5,19.483333333333334,33.63333333333333,48.13750000000001
2026-07-20 06:00:00,41.4,30.5,68,971.2,8.0,295,0.1,6,0,7,28.3,13.8,12.0,60.0,14.4,13.8,20.55,30.425,48.81666666666667
2026-07-20 07:00:00,39.1,30.6,67,969.7,9.1,284,0.1,7,0,7,41.4,24.1,33.1,59.7,37.9,42.4,25.450000000000003,28.875,49.94166666666666
2026-07-20 08:00:00,49.7,31.1,65,968.9,9.2,266,0.0,8,0,7,39.1,28.3,12.0,39.6,54.8,71.1,26.45,27.15833333333333,49.99166666666667
2026-07-20 09:00:00,75.4,27.7,83,968.6,5.9,220,1.8,9,0,7,49.7,41.4,13.8,30.1,72.4,70.6,32.733333333333334,28.0,49.77916666666667
2026-07-20 10:00:00,90.2,28.4,81,968.0,2.2,204,0.7,10,0,7,75.4,39.1,24.1,30.5,74.7,79.0,43.0,31.775000000000002,49.90416666666667
2026-07-20 11:00:00,88.4,28.6,82,967.8,0.3,45,0.0,11,0,7,90.2,49.7,28.3,21.9,76.0,47.3,54.01666666666667,36.75,50.550000000000004
2026-07-20 12:00:00,86.8,27.9,82,968.6,4.1,319,3.9,12,0,7,88.4,75.4,41.4,12.0,89.8,75.9,64.03333333333333,42.291666666666664,51.06666666666667
2026-07-20 13:00:00,89.6,27.4,86,969.1,1.2,321,0.2,13,0,7,86.8,90.2,39.1,33.1,107.7,80.0,71.60000000000001,48.525000000000006,50.94166666666667
2026-07-20 14:00:00,105.7,27.0,89,969.6,1.5,306,0.5,14,0,7,89.6,88.4,49.7,12.0,74.4,65.9,80.01666666666667,53.23333333333333,50.1875
2026-07-20 15:00:00,68.2,26.8,91,970.0,1.1,270,0.5,15,0,7,105.7,86.8,75.4,13.8,56.9,49.5,89.35000000000001,61.041666666666664,51.49166666666667
2026-07-20 16:00:00,38.9,26.5,95,970.7,6.4,225,0.5,16,0,7,68.2,89.6,90.2,24.1,80.7,51.2,88.15000000000002,65.575,51.962500000000006
2026-07-20 17:00:00,45.8,25.9,97,971.0,6.6,254,0.6,17,0,7,38.9,105.7,88.4,28.3,66.8,41.1,79.6,66.80833333333334,50.22083333333334
2026-07-20 18:00:00,44.8,25.6,96,970.3,9.4,223,0.4,18,0,7,45.8,68.2,86.8,41.4,60.0,33.7,72.5,68.26666666666667,49.34583333333334
2026-07-20 19:00:00,21.3,25.3,96,970.1,9.9,228,0.1,19,0,7,44.8,38.9,89.6,39.1,59.7,34.1,65.5,68.55,48.712500000000006
2026-07-20 20:00:00,17.9,24.9,96,969.7,10.1,239,0.2,20,0,7,21.3,45.8,105.7,49.7,39.6,29.4,54.11666666666667,67.06666666666666,47.112500000000004
2026-07-20 21:00:00,12.0,24.7,96,969.4,11.9,236,0.9,21,0,7,17.9,44.8,68.2,75.4,30.1,12.0,39.48333333333333,64.41666666666667,46.208333333333336
2026-07-20 22:00:00,12.0,24.5,97,969.0,11.2,244,0.9,22,0,7,12.0,21.3,38.9,90.2,30.5,12.0,30.116666666666664,59.13333333333333,45.45416666666667
2026-07-20 23:00:00,24.6,24.5,97,969.2,10.9,236,0.2,23,0,7,12.0,17.9,45.8,88.4,21.9,12.0,25.63333333333333,52.61666666666667,44.68333333333334
2026-07-21 00:00:00,12.0,24.5,97,968.7,9.8,242,0.4,0,1,7,24.6,12.0,44.8,86.8,12.0,12.0,22.099999999999998,47.300000000000004,44.79583333333333
2026-07-21 01:00:00,12.0,24.6,96,969.6,10.8,252,1.0,1,1,7,12.0,12.0,21.3,89.6,33.1,12.0,16.633333333333333,41.06666666666667,44.79583333333333
2026-07-21 02:00:00,12.0,24.7,96,969.8,9.6,254,1.9,2,1,7,12.0,24.6,17.9,105.7,12.0,12.0,15.083333333333334,34.6,43.916666666666664
2026-07-21 03:00:00,27.5,25.0,95,969.9,10.8,255,1.9,3,1,7,12.0,12.0,12.0,68.2,13.8,12.0,14.100000000000001,26.791666666666668,43.916666666666664
2026-07-21 04:00:00,12.0,25.4,94,969.9,11.7,260,1.6,4,1,7,27.5,12.0,12.0,38.9,24.1,33.3,16.683333333333334,23.400000000000002,44.487500000000004
2026-07-21 05:00:00,12.0,25.8,93,969.6,11.3,253,1.0,5,1,7,12.0,12.0,24.6,45.8,28.3,12.0,16.683333333333334,21.158333333333335,43.98333333333333
2026-07-21 06:00:00,51.3,25.9,90,969.7,12.6,243,0.7,6,1,7,12.0,27.5,12.0,44.8,41.4,14.4,14.583333333333334,18.341666666666665,43.30416666666667
2026-07-21 07:00:00,30.7,26.2,88,969.1,12.5,240,0.8,7,1,7,51.3,12.0,12.0,21.3,39.1,37.9,21.133333333333333,18.883333333333336,43.71666666666667
2026-07-21 08:00:00,67.7,27.0,86,968.7,12.1,242,0.5,8,1,7,30.7,12.0,12.0,17.9,49.7,54.8,24.25,19.666666666666668,43.36666666666667
2026-07-21 09:00:00,40.8,26.0,93,968.3,13.5,251,2.9,9,1,7,67.7,51.3,27.5,12.0,75.4,72.4,33.53333333333333,23.816666666666666,44.11666666666667
2026-07-21 10:00:00,40.1,25.8,94,967.9,11.7,245,3.3,10,1,7,40.8,30.7,12.0,12.0,90.2,74.7,35.75,26.21666666666667,42.675000000000004
2026-07-21 11:00:00,59.5,25.6,91,967.8,14.2,255,1.5,11,1,7,40.1,67.7,12.0,24.6,88.4,76.0,40.43333333333333,28.558333333333334,40.5875
2026-07-21 12:00:00,58.5,25.6,92,967.4,16.1,238,2.5,12,1,7,59.5,40.8,51.3,12.0,86.8,89.8,48.35,31.46666666666667,39.38333333333333
2026-07-21 13:00:00,58.1,25.0,95,967.7,14.4,234,1.5,13,1,7,58.5,40.1,30.7,12.0,89.6,107.7,49.550000000000004,35.34166666666667,38.204166666666666
2026-07-21 14:00:00,43.4,24.9,95,968.7,14.2,235,1.4,14,1,7,58.1,59.5,67.7,12.0,105.7,74.4,54.11666666666667,39.18333333333334,36.891666666666666
2026-07-21 15:00:00,42.1,24.7,96,968.9,14.0,233,1.9,15,1,7,43.4,58.5,40.8,27.5,68.2,56.9,50.06666666666667,41.800000000000004,34.295833333333334
2026-07-21 16:00:00,50.9,24.4,95,969.5,14.8,237,1.9,16,1,7,42.1,58.1,40.1,12.0,38.9,80.7,50.28333333333333,43.01666666666667,33.208333333333336
2026-07-21 17:00:00,30.7,24.4,96,969.7,12.4,234,1.2,17,1,7,50.9,43.4,59.5,12.0,45.8,66.8,52.083333333333336,46.25833333333333,33.708333333333336
2026-07-21 18:00:00,15.7,24.6,95,969.3,14.7,237,0.9,18,1,7,30.7,42.1,58.5,51.3,44.8,60.0,47.28333333333333,47.81666666666667,33.07916666666667
2026-07-21 19:00:00,17.0,24.4,95,968.8,14.7,237,1.1,19,1,7,15.7,50.9,58.1,30.7,21.3,59.7,40.15,44.849999999999994,31.866666666666664
2026-07-21 20:00:00,12.0,24.3,95,968.2,14.9,238,2.1,20,1,7,17.0,30.7,43.4,67.7,17.9,39.6,33.300000000000004,43.708333333333336,31.6875
2026-07-21 21:00:00,12.0,24.1,96,967.6,14.6,236,1.3,21,1,7,12.0,15.7,42.1,40.8,12.0,30.1,28.066666666666666,39.06666666666666,31.441666666666666
2026-07-21 22:00:00,12.0,24.0,96,967.4,15.0,240,1.6,22,1,7,12.0,17.0,50.9,40.1,12.0,30.5,23.05,36.666666666666664,31.441666666666666
2026-07-21 23:00:00,12.0,23.8,96,967.3,15.1,239,4.2,23,1,7,12.0,12.0,30.7,59.5,24.6,21.9,16.566666666666666,34.324999999999996,31.441666666666666
2026-07-22 00:00:00,12.0,23.8,96,967.1,17.1,237,1.6,0,2,7,12.0,12.0,15.7,58.5,12.0,12.0,13.450000000000001,30.366666666666664,30.916666666666668
2026-07-22 01:00:00,12.0,23.9,96,967.8,16.1,233,1.7,1,2,7,12.0,12.0,17.0,58.1,12.0,33.1,12.833333333333334,26.491666666666664,30.916666666666668
2026-07-22 02:00:00,12.0,24.0,96,968.0,18.1,238,1.2,2,2,7,12.0,12.0,12.0,43.4,12.0,12.0,12.0,22.649999999999995,30.916666666666668
2026-07-22 03:00:00,12.0,24.2,95,967.9,18.0,238,1.1,3,2,7,12.0,12.0,12.0,42.1,27.5,13.8,12.0,20.033333333333335,30.916666666666668
2026-07-22 04:00:00,12.0,25.0,93,968.2,17.0,237,1.1,4,2,7,12.0,12.0,12.0,50.9,12.0,24.1,12.0,17.525000000000002,30.270833333333332
2026-07-22 05:00:00,12.0,26.1,88,968.3,14.8,236,0.5,5,2,7,12.0,12.0,12.0,30.7,12.0,28.3,12.0,14.283333333333333,30.270833333333332
2026-07-22 06:00:00,12.0,25.6,86,969.2,16.1,237,0.2,6,2,7,12.0,12.0,12.0,15.7,51.3,41.4,12.0,12.725,30.270833333333332
2026-07-22 07:00:00,16.2,25.7,84,968.5,16.9,236,0.4,7,2,7,12.0,12.0,12.0,17.0,30.7,39.1,12.0,12.416666666666666,28.63333333333333
2026-07-22 08:00:00,36.2,25.8,85,967.8,17.3,234,0.3,8,2,7,16.2,12.0,12.0,12.0,67.7,49.7,12.700000000000001,12.35,28.02916666666667
2026-07-22 09:00:00,42.6,25.6,86,967.2,16.5,233,0.4,9,2,7,36.2,12.0,12.0,12.0,40.8,75.4,16.733333333333334,14.366666666666667,26.71666666666667
2026-07-22 10:00:00,30.8,25.4,86,966.6,17.3,231,0.3,10,2,7,42.6,16.2,12.0,12.0,40.1,90.2,21.833333333333332,16.916666666666668,26.791666666666668
2026-07-22 11:00:00,26.7,25.1,87,966.5,18.7,231,0.9,11,2,7,30.8,36.2,12.0,12.0,59.5,88.4,24.96666666666667,18.483333333333334,26.40416666666667
2026-07-22 12:00:00,23.0,26.3,84,966.2,18.9,238,1.0,12,2,7,26.7,42.6,12.0,12.0,58.5,86.8,27.416666666666668,19.708333333333332,25.037499999999998
2026-07-22 13:00:00,54.4,25.8,85,966.8,15.6,233,0.1,13,2,7,23.0,30.8,16.2,12.0,58.1,89.6,29.25,20.625,23.558333333333334
2026-07-22 14:00:00,39.9,25.4,87,967.5,15.5,231,0.1,14,2,7,54.4,26.7,36.2,12.0,43.4,105.7,35.61666666666667,24.15833333333333,23.40416666666667
2026-07-22 15:00:00,54.8,25.2,88,968.2,14.8,227,0.0,15,2,7,39.9,23.0,42.6,12.0,42.1,68.2,36.233333333333334,26.483333333333334,23.258333333333336
2026-07-22 16:00:00,30.2,25.1,89,968.8,15.1,225,0.0,16,2,7,54.8,54.4,30.8,12.0,50.9,38.9,38.266666666666666,30.05,23.787499999999998
2026-07-22 17:00:00,29.1,24.9,90,969.0,15.1,218,0.1,17,2,7,30.2,39.9,26.7,12.0,30.7,45.8,38.166666666666664,31.566666666666666,22.925
2026-07-22 18:00:00,22.8,24.4,92,968.6,17.7,222,0.1,18,2,7,29.1,54.8,23.0,12.0,15.7,44.8,38.56666666666667,32.99166666666667,22.85833333333333
2026-07-22 19:00:00,22.4,24.2,94,967.8,17.4,225,0.3,19,2,7,22.8,30.2,54.4,16.2,17.0,21.3,38.53333333333333,33.891666666666666,23.15416666666667
2026-07-22 20:00:00,12.0,24.1,93,967.2,17.8,228,0.4,20,2,7,22.4,29.1,39.9,36.2,12.0,17.9,33.199999999999996,34.40833333333334,23.379166666666666
2026-07-22 21:00:00,12.0,24.0,93,966.8,18.3,226,0.3,21,2,7,12.0,22.8,54.8,42.6,12.0,12.0,28.549999999999997,32.39166666666667,23.379166666666666
2026-07-22 22:00:00,12.0,23.8,92,966.7,19.7,224,0.1,22,2,7,12.0,22.4,30.2,30.8,12.0,12.0,21.416666666666668,29.84166666666667,23.379166666666666
2026-07-22 23:00:00,12.0,23.6,92,966.7,19.7,222,0.2,23,2,7,12.0,12.0,29.1,26.7,12.0,24.6,18.383333333333336,28.275000000000002,23.379166666666666
2026-07-23 00:00:00,12.0,23.7,92,966.8,17.7,219,0.8,0,3,7,12.0,12.0,22.8,23.0,12.0,12.0,15.533333333333331,27.05,23.379166666666666
2026-07-23 01:00:00,12.0,23.7,90,967.0,19.3,219,0.1,1,3,7,12.0,12.0,22.4,54.4,12.0,12.0,13.733333333333334,26.133333333333336,23.379166666666666
2026-07-23 02:00:00,12.0,24.1,88,967.6,18.6,221,0.1,2,3,7,12.0,12.0,12.0,39.9,12.0,12.0,12.0,22.600000000000005,23.379166666666666
2026-07-23 03:00:00,17.8,24.6,88,968.0,16.7,217,0.4,3,3,7,12.0,12.0,12.0,54.8,12.0,27.5,12.0,20.275,23.379166666666666
2026-07-23 04:00:00,12.0,25.3,85,968.2,20.5,225,0.8,4,3,7,17.8,12.0,12.0,30.2,12.0,12.0,12.966666666666667,17.191666666666666,23.620833333333334
2026-07-23 05:00:00,12.0,27.1,74,968.3,20.4,228,0.2,5,3,7,12.0,12.0,12.0,29.1,12.0,12.0,12.966666666666667,15.674999999999999,23.620833333333334
2026-07-23 06:00:00,12.0,26.9,70,968.3,21.1,236,0.0,6,3,7,12.0,17.8,12.0,22.8,12.0,51.3,12.966666666666667,14.25,23.620833333333334
2026-07-23 07:00:00,15.5,26.8,71,968.3,19.1,228,0.1,7,3,7,12.0,12.0,12.0,22.4,16.2,30.7,12.966666666666667,13.35,23.620833333333334
2026-07-23 08:00:00,26.4,27.4,69,967.7,15.7,223,0.0,8,3,7,15.5,12.0,12.0,12.0,36.2,67.7,13.549999999999999,12.775,23.591666666666665
2026-07-23 09:00:00,60.1,27.8,68,967.3,11.6,223,0.0,9,3,7,26.4,12.0,17.8,12.0,42.6,40.8,15.950000000000001,13.975000000000001,23.183333333333337
2026-07-23 10:00:00,46.0,28.3,68,966.8,10.8,212,0.0,10,3,7,60.1,15.5,12.0,12.0,30.8,40.1,23.0,17.983333333333334,23.912500000000005
2026-07-23 11:00:00,52.8,29.3,63,966.2,13.5,224,0.0,11,3,7,46.0,26.4,12.0,12.0,26.7,59.5,28.666666666666668,20.816666666666666,24.54583333333333
2026-07-23 12:00:00,47.9,27.5,75,966.6,16.6,210,0.0,12,3,7,52.8,60.1,12.0,12.0,23.0,58.5,35.46666666666667,24.21666666666667,25.633333333333336
2026-07-23 13:00:00,59.4,27.0,79,967.0,13.8,211,0.1,13,3,7,47.9,46.0,15.5,12.0,54.4,58.1,41.449999999999996,27.208333333333332,26.670833333333334
2026-07-23 14:00:00,52.1,26.6,79,967.4,12.0,206,0.0,14,3,7,59.4,52.8,26.4,12.0,39.9,43.4,48.76666666666667,31.15833333333333,26.879166666666666
2026-07-23 15:00:00,65.4,26.3,79,968.2,13.0,200,0.0,15,3,7,52.1,47.9,60.1,17.8,54.8,42.1,53.050000000000004,34.5,27.3875
2026-07-23 16:00:00,40.2,26.0,79,968.5,13.0,204,0.0,16,3,7,65.4,59.4,46.0,12.0,30.2,50.9,53.93333333333334,38.46666666666667,27.829166666666666
2026-07-23 17:00:00,27.8,25.8,78,968.8,13.3,205,0.0,17,3,7,40.2,52.1,52.8,12.0,29.1,30.7,52.96666666666667,40.81666666666667,28.245833333333334
2026-07-23 18:00:00,29.8,25.9,80,968.2,15.0,199,0.3,18,3,7,27.8,65.4,47.9,12.0,22.8,15.7,48.800000000000004,42.13333333333333,28.191666666666666
2026-07-23 19:00:00,12.0,25.7,80,968.0,14.9,208,0.0,19,3,7,29.8,40.2,59.4,15.5,22.4,17.0,45.78333333333333,43.61666666666667,28.483333333333334
2026-07-23 20:00:00,12.0,25.8,79,967.7,14.3,216,0.0,20,3,7,12.0,27.8,52.1,26.4,12.0,12.0,37.88333333333333,43.324999999999996,28.05
2026-07-23 21:00:00,12.0,25.7,79,967.3,13.8,223,0.0,21,3,7,12.0,29.8,65.4,60.1,12.0,12.0,31.200000000000003,42.125,28.05
2026-07-23 22:00:00,12.0,25.5,80,967.3,13.9,229,0.0,22,3,7,12.0,12.0,40.2,46.0,12.0,12.0,22.3,38.11666666666667,28.05
2026-07-23 23:00:00,12.0,24.9,82,967.4,13.0,231,0.0,23,3,7,12.0,12.0,27.8,52.8,12.0,12.0,17.599999999999998,35.28333333333333,28.05
2026-07-24 00:00:00,12.0,24.7,87,967.6,11.9,229,0.1,0,4,7,12.0,12.0,29.8,47.9,12.0,12.0,14.966666666666669,31.88333333333333,28.05
2026-07-24 01:00:00,12.0,24.8,87,968.1,11.5,224,0.0,1,4,7,12.0,12.0,12.0,59.4,12.0,12.0,12.0,28.891666666666666,28.05
2026-07-24 02:00:00,12.0,25.4,86,968.8,10.1,226,0.1,2,4,7,12.0,12.0,12.0,52.1,12.0,12.0,12.0,24.941666666666663,28.05
2026-07-24 03:00:00,12.0,26.3,84,969.3,12.0,227,0.0,3,4,7,12.0,12.0,12.0,65.4,17.8,12.0,12.0,21.599999999999998,28.05
2026-07-24 04:00:00,12.0,27.4,79,969.5,14.5,238,0.0,4,4,7,12.0,12.0,12.0,40.2,12.0,12.0,12.0,17.150000000000002,27.808333333333337
2026-07-24 05:00:00,17.8,28.1,75,969.3,15.0,244,0.1,5,4,7,12.0,12.0,12.0,27.8,12.0,12.0,12.0,14.800000000000002,27.808333333333337
2026-07-24 06:00:00,32.9,29.0,72,969.4,13.6,242,0.0,6,4,7,17.8,12.0,12.0,29.8,12.0,12.0,12.966666666666667,13.966666666666667,28.05
2026-07-24 07:00:00,44.7,29.7,67,968.8,12.6,242,0.1,7,4,7,32.9,12.0,12.0,12.0,15.5,16.2,16.45,14.225,28.920833333333334
2026-07-24 08:00:00,47.9,29.8,66,968.1,14.9,234,0.1,8,4,7,44.7,17.8,12.0,12.0,26.4,36.2,21.900000000000002,16.95,30.137500000000003
2026-07-24 09:00:00,47.0,29.6,71,967.2,8.9,249,1.2,9,4,7,47.9,32.9,12.0,12.0,60.1,42.6,27.883333333333336,19.941666666666666,31.03333333333333
2026-07-24 10:00:00,37.4,29.2,70,966.7,14.4,234,0.3,10,4,7,47.0,44.7,12.0,12.0,46.0,30.8,33.71666666666667,22.858333333333334,30.4875
2026-07-24 11:00:00,59.7,29.1,74,966.2,8.6,229,0.3,11,4,7,37.4,47.9,17.8,12.0,52.8,26.7,37.949999999999996,24.974999999999998,30.129166666666666
2026-07-24 12:00:00,71.6,28.4,79,966.6,9.8,208,0.4,12,4,7,59.7,47.0,32.9,12.0,47.9,23.0,44.93333333333334,28.95,30.416666666666668
2026-07-24 13:00:00,51.2,27.4,81,967.1,13.9,226,0.6,13,4,7,71.6,37.4,44.7,12.0,59.4,54.4,51.38333333333333,33.916666666666664,31.40416666666667
2026-07-24 14:00:00,40.5,26.2,87,967.3,9.4,225,0.1,14,4,7,51.2,59.7,47.9,12.0,52.1,39.9,52.46666666666667,37.18333333333333,31.0625
2026-07-24 15:00:00,53.7,25.8,91,968.0,8.3,207,0.0,15,4,7,40.5,71.6,47.0,12.0,65.4,54.8,51.23333333333333,39.55833333333333,30.579166666666666
2026-07-24 16:00:00,45.4,25.5,93,969.0,7.7,204,0.0,16,4,7,53.7,51.2,37.4,12.0,40.2,30.2,52.35,43.03333333333333,30.09166666666667
2026-07-24 17:00:00,47.4,25.5,93,969.5,7.4,203,0.0,17,4,7,45.4,40.5,59.7,17.8,27.8,29.1,53.68333333333334,45.81666666666666,30.308333333333334
2026-07-24 18:00:00,64.2,25.3,92,968.8,8.5,218,0.0,18,4,7,47.4,53.7,71.6,32.9,29.8,22.8,51.633333333333326,48.28333333333334,31.125
2026-07-24 19:00:00,25.5,25.3,93,968.3,7.8,226,0.0,19,4,7,64.2,45.4,51.2,44.7,12.0,22.4,50.4,50.89166666666666,32.55833333333333
2026-07-24 20:00:00,22.2,25.3,93,968.1,5.9,239,0.0,20,4,7,25.5,47.4,40.5,47.9,12.0,12.0,46.116666666666674,49.291666666666664,33.12083333333333
2026-07-24 21:00:00,27.7,25.2,94,967.9,5.3,232,0.0,21,4,7,22.2,64.2,53.7,47.0,12.0,12.0,43.06666666666667,47.150000000000006,33.54583333333333
2026-07-24 22:00:00,28.7,25.1,94,967.9,5.6,228,0.0,22,4,7,27.7,25.5,45.4,37.4,12.0,12.0,38.733333333333334,45.541666666666664,34.199999999999996
2026-07-24 23:00:00,12.0,24.9,94,968.2,6.4,230,0.0,23,4,7,28.7,22.2,47.4,59.7,12.0,12.0,35.949999999999996,44.81666666666666,34.895833333333336
2026-07-25 00:00:00,12.0,25.0,91,968.1,8.9,232,0.0,0,5,7,12.0,27.7,64.2,71.6,12.0,12.0,30.05,40.84166666666667,34.895833333333336
2026-07-25 01:00:00,12.0,25.2,89,969.0,7.9,229,0.0,1,5,7,12.0,28.7,25.5,51.2,12.0,12.0,21.349999999999998,35.875,34.895833333333336
2026-07-25 02:00:00,14.4,26.3,84,969.5,8.2,232,0.0,2,5,7,12.0,12.0,22.2,40.5,12.0,12.0,19.099999999999998,32.608333333333334,34.895833333333336
2026-07-25 03:00:00,12.0,27.6,75,969.9,11.5,238,0.0,3,5,7,14.4,12.0,27.7,53.7,12.0,17.8,17.8,30.433333333333334,34.99583333333333
2026-07-25 04:00:00,33.3,28.9,69,970.2,13.6,255,0.0,4,5,7,12.0,12.0,28.7,45.4,12.0,12.0,15.183333333333332,26.958333333333332,34.99583333333333
2026-07-25 05:00:00,51.7,29.2,68,970.1,12.4,251,0.1,5,5,7,33.3,14.4,12.0,47.4,17.8,12.0,15.950000000000001,25.95,35.88333333333333
2026-07-25 06:00:00,26.5,30.3,62,969.8,12.2,257,0.1,6,5,7,51.7,12.0,12.0,64.2,32.9,12.0,22.566666666666666,26.308333333333334,37.295833333333334
2026-07-25 07:00:00,16.2,31.1,60,969.3,12.0,253,0.4,7,5,7,26.5,33.3,12.0,25.5,44.7,15.5,24.983333333333334,23.166666666666668,37.02916666666667
2026-07-25 08:00:00,43.6,31.8,57,968.4,12.0,253,0.4,8,5,7,16.2,51.7,14.4,22.2,47.9,26.4,25.683333333333334,22.391666666666666,35.84166666666666
2026-07-25 09:00:00,55.3,32.0,56,967.9,11.7,256,0.5,9,5,7,43.6,26.5,12.0,27.7,47.0,60.1,30.55,24.175,35.6625
2026-07-25 10:00:00,80.8,31.9,56,967.1,11.6,258,0.4,10,5,7,55.3,16.2,33.3,28.7,37.4,46.0,37.766666666666666,26.474999999999998,36.00833333333333
2026-07-25 11:00:00,84.0,31.2,62,966.8,10.9,246,0.2,11,5,7,80.8,43.6,51.7,12.0,59.7,52.8,45.68333333333334,30.816666666666666,37.81666666666667
2026-07-25 12:00:00,39.4,29.8,70,966.8,13.8,257,0.0,12,5,7,84.0,55.3,26.5,12.0,71.6,47.9,51.06666666666666,36.81666666666667,38.829166666666666
2026-07-25 13:00:00,61.0,28.5,78,967.4,7.5,250,0.1,13,5,7,39.4,80.8,16.2,12.0,51.2,59.4,53.21666666666667,39.1,37.4875
2026-07-25 14:00:00,62.6,27.9,81,967.8,7.7,254,0.0,14,5,7,61.0,84.0,43.6,14.4,40.5,52.1,60.68333333333334,43.18333333333334,37.895833333333336
2026-07-25 15:00:00,49.3,27.5,81,968.6,9.2,249,0.0,15,5,7,62.6,39.4,55.3,12.0,53.7,65.4,63.849999999999994,47.199999999999996,38.81666666666667
2026-07-25 16:00:00,63.9,27.2,83,969.1,9.6,254,0.0,16,5,7,49.3,61.0,80.8,33.3,45.4,40.2,62.849999999999994,50.30833333333333,38.63333333333333
2026-07-25 17:00:00,55.1,27.0,84,969.3,8.2,255,0.0,17,5,7,63.9,62.6,84.0,51.7,47.4,27.8,60.03333333333333,52.85833333333334,39.40416666666667
2026-07-25 18:00:00,22.6,26.9,82,969.2,12.1,258,0.0,18,5,7,55.1,49.3,39.4,26.5,64.2,29.8,55.21666666666667,53.14166666666666,39.725
2026-07-25 19:00:00,33.1,26.5,83,968.7,10.7,257,0.0,19,5,7,22.6,63.9,61.0,16.2,25.5,12.0,52.416666666666664,52.81666666666666,37.99166666666667
2026-07-25 20:00:00,12.0,26.1,84,968.4,10.7,254,0.0,20,5,7,33.1,55.1,62.6,43.6,22.2,12.0,47.76666666666667,54.225,38.30833333333333
2026-07-25 21:00:00,12.0,25.7,86,968.4,9.6,258,0.0,21,5,7,12.0,22.6,49.3,55.3,27.7,12.0,39.333333333333336,51.59166666666667,37.88333333333333
2026-07-25 22:00:00,12.1,25.5,87,968.2,8.8,271,0.0,22,5,7,12.0,33.1,63.9,80.8,28.7,12.0,33.11666666666667,47.98333333333333,37.229166666666664
2026-07-25 23:00:00,12.0,25.3,87,968.6,8.0,286,0.0,23,5,7,12.1,12.0,55.1,84.0,12.0,12.0,24.483333333333334,42.25833333333333,36.5375
2026-07-26 00:00:00,21.4,25.5,88,968.7,8.3,294,0.0,0,6,7,12.0,12.0,22.6,39.4,12.0,12.0,17.3,36.25833333333333,36.5375
2026-07-26 01:00:00,21.4,25.6,89,969.2,8.8,275,0.1,1,6,7,21.4,12.1,33.1,61.0,12.0,12.0,17.099999999999998,34.75833333333333,36.92916666666667
2026-07-26 02:00:00,16.4,26.6,82,969.5,8.8,287,0.0,2,6,7,21.4,12.0,12.0,62.6,14.4,12.0,15.15,31.458333333333332,37.32083333333333
2026-07-26 03:00:00,12.0,27.5,75,969.7,10.4,298,0.0,3,6,7,16.4,21.4,12.0,49.3,12.0,12.0,15.883333333333333,27.608333333333334,37.40416666666666
2026-07-26 04:00:00,12.0,28.8,69,969.7,12.5,302,0.0,4,6,7,12.0,21.4,12.1,63.9,33.3,12.0,15.883333333333333,24.5,37.40416666666666
2026-07-26 05:00:00,16.6,29.7,66,969.8,11.1,300,0.0,5,6,7,12.0,16.4,12.0,55.1,51.7,17.8,15.866666666666667,20.175,36.516666666666666
2026-07-26 06:00:00,28.2,30.6,61,969.6,12.4,294,0.1,6,6,7,16.6,12.0,21.4,22.6,26.5,32.9,16.633333333333336,16.966666666666665,35.05416666666667
2026-07-26 07:00:00,16.4,30.5,62,969.4,10.7,287,0.1,7,6,7,28.2,12.0,21.4,33.1,16.2,44.7,17.766666666666666,17.433333333333334,35.125
2026-07-26 08:00:00,36.0,31.1,61,968.8,10.2,277,0.0,8,6,7,16.4,16.6,16.4,12.0,43.6,47.9,16.933333333333334,16.041666666666668,35.13333333333333
2026-07-26 09:00:00,46.9,31.4,61,967.7,11.1,286,0.1,9,6,7,36.0,28.2,12.0,12.0,55.3,47.0,20.2,18.041666666666668,34.81666666666667
2026-07-26 10:00:00,54.4,31.4,60,966.3,10.7,287,0.0,10,6,7,46.9,16.4,12.0,12.1,80.8,37.4,26.016666666666666,20.95,34.46666666666666
2026-07-26 11:00:00,79.6,31.3,62,966.6,10.0,287,0.0,11,6,7,54.4,36.0,16.6,12.0,84.0,59.7,33.083333333333336,24.474999999999998,33.36666666666667
2026-07-26 12:00:00,89.0,30.7,68,966.5,7.5,228,0.1,12,6,7,79.6,46.9,28.2,21.4,39.4,71.6,43.583333333333336,30.108333333333334,33.18333333333333
2026-07-26 13:00:00,61.9,29.3,75,966.2,7.7,240,0.0,13,6,7,89.0,54.4,16.4,21.4,61.0,51.2,53.71666666666666,35.74166666666667,35.25
2026-07-26 14:00:00,72.4,28.4,79,967.1,8.1,249,0.0,14,6,7,61.9,79.6,36.0,16.4,62.6,40.5,61.300000000000004,39.11666666666667,35.2875
2026-07-26 15:00:00,77.9,28.0,80,967.9,9.2,249,0.0,15,6,7,72.4,89.0,46.9,12.0,49.3,53.7,67.36666666666667,43.78333333333333,35.69583333333333
2026-07-26 16:00:00,69.1,27.5,82,968.5,9.7,243,0.0,16,6,7,77.9,61.9,54.4,12.0,63.9,45.4,72.53333333333333,49.275,36.8875
2026-07-26 17:00:00,53.4,27.2,84,969.0,7.4,247,0.0,17,6,7,69.1,72.4,79.6,16.6,55.1,47.4,74.98333333333333,54.03333333333333,37.104166666666664
2026-07-26 18:00:00,35.0,27.2,84,968.3,9.4,235,0.6,18,6,7,53.4,77.9,89.0,28.2,22.6,64.2,70.61666666666666,57.099999999999994,37.03333333333334
2026-07-26 19:00:00,23.0,26.8,84,967.9,12.2,257,0.1,19,6,7,35.0,69.1,61.9,16.4,33.1,25.5,61.616666666666674,57.66666666666666,37.550000000000004
2026-07-26 20:00:00,12.0,26.0,85,967.3,11.6,262,0.0,20,6,7,23.0,53.4,72.4,36.0,12.0,22.2,55.13333333333333,58.21666666666666,37.12916666666667
2026-07-26 21:00:00,12.0,25.6,87,967.3,10.6,271,0.0,21,6,7,12.0,35.0,77.9,46.9,12.0,27.7,45.06666666666666,56.21666666666666,37.12916666666667
2026-07-26 22:00:00,12.0,25.4,87,967.1,9.8,257,0.1,22,6,7,12.0,23.0,69.1,54.4,12.1,28.7,34.083333333333336,53.30833333333333,37.12916666666667
2026-07-26 23:00:00,12.0,25.3,88,967.1,10.2,257,0.0,23,6,7,12.0,12.0,53.4,79.6,12.0,12.0,24.566666666666666,49.775,37.125
2026-07-27 00:00:00,12.0,25.8,89,967.1,10.7,282,0.0,0,0,7,12.0,12.0,35.0,89.0,21.4,12.0,17.666666666666668,44.14166666666666,37.125
2026-07-27 01:00:00,12.0,25.6,90,967.7,11.1,282,0.5,1,0,7,12.0,12.0,23.0,61.9,21.4,12.0,13.833333333333334,37.725,36.733333333333334
2026-07-27 02:00:00,12.0,25.8,90,968.3,9.4,269,0.6,2,0,7,12.0,12.0,12.0,72.4,16.4,14.4,12.0,33.56666666666667,36.34166666666667
2026-07-27 03:00:00,18.8,26.2,90,968.0,9.9,261,1.6,3,0,7,12.0,12.0,12.0,77.9,12.0,12.0,12.0,28.53333333333333,36.15833333333334
2026-07-27 04:00:00,12.0,27.7,80,968.7,11.5,281,0.1,4,0,7,18.8,12.0,12.0,69.1,12.0,33.3,13.133333333333333,23.608333333333334,36.44166666666667
2026-07-27 05:00:00,16.3,28.9,74,968.6,10.1,289,0.0,5,0,7,12.0,12.0,12.0,53.4,16.6,51.7,13.133333333333333,18.849999999999998,36.44166666666667
2026-07-27 06:00:00,45.7,30.8,67,968.4,11.2,282,0.2,6,0,7,16.3,18.8,12.0,35.0,28.2,26.5,13.85,15.758333333333333,36.42916666666667
2026-07-27 07:00:00,26.9,28.6,75,967.6,15.2,283,1.2,7,0,7,45.7,12.0,12.0,23.0,16.4,16.2,19.46666666666667,16.650000000000002,37.15833333333333
2026-07-27 08:00:00,47.1,28.2,80,967.1,10.4,253,2.0,8,0,7,26.9,16.3,12.0,12.0,36.0,43.6,21.95,16.974999999999998,37.59583333333333
2026-07-27 09:00:00,80.6,28.8,78,966.0,8.3,275,0.3,9,0,7,47.1,45.7,18.8,12.0,46.9,55.3,27.8,19.900000000000002,38.05833333333333
2026-07-27 10:00:00,72.9,29.6,74,966.0,8.1,288,0.2,10,0,7,80.6,26.9,12.0,12.0,54.4,80.8,38.1,25.616666666666664,39.4625
2026-07-27 11:00:00,79.5,29.2,76,965.0,6.5,267,0.2,11,0,7,72.9,47.1,16.3,12.0,79.6,84.0,48.25,30.691666666666666,40.233333333333334
2026-07-27 12:00:00,68.0,28.6,82,965.3,9.0,275,0.5,12,0,7,79.5,80.6,45.7,12.0,89.0,39.4,58.78333333333333,36.31666666666667,40.229166666666664
2026-07-27 13:00:00,52.7,28.1,86,964.9,7.5,207,0.4,13,0,7,68.0,72.9,26.9,12.0,61.9,61.0,62.5,40.983333333333334,39.354166666666664
2026-07-27 14:00:00,60.9,27.0,92,966.1,9.9,258,0.5,14,0,7,52.7,79.5,47.1,12.0,72.4,62.6,66.8,44.375,38.97083333333334
2026-07-27 15:00:00,62.5,26.7,93,967.2,1.8,276,0.7,15,0,7,60.9,68.0,80.6,18.8,77.9,49.3,69.10000000000001,48.449999999999996,38.49166666666667
2026-07-27 16:00:00,56.2,26.2,97,967.7,6.1,230,1.1,16,0,7,62.5,52.7,72.9,12.0,69.1,63.9,66.08333333333333,52.09166666666667,37.85
2026-07-27 17:00:00,40.1,25.2,97,968.4,8.0,222,2.8,17,0,7,56.2,60.9,79.5,16.3,53.4,55.1,63.300000000000004,55.775000000000006,37.3125
2026-07-27 18:00:00,42.9,25.0,96,967.5,9.3,227,3.2,18,0,7,40.1,62.5,68.0,45.7,35.0,22.6,56.73333333333333,57.75833333333333,36.75833333333333
2026-07-27 19:00:00,24.9,25.1,97,967.2,8.6,229,0.0,19,0,7,42.9,56.2,52.7,26.9,23.0,33.1,52.550000000000004,57.525000000000006,37.0875
2026-07-27 20:00:00,30.7,25.0,97,966.7,7.2,235,0.0,20,0,7,24.9,40.1,60.9,47.1,12.0,12.0,47.916666666666664,57.35833333333333,37.166666666666664
2026-07-27 21:00:00,26.9,24.9,96,966.1,8.3,257,0.5,21,0,7,30.7,42.9,62.5,80.6,12.0,12.0,42.88333333333333,55.991666666666674,37.94583333333333
2026-07-27 22:00:00,12.0,24.9,96,965.8,7.9,246,0.5,22,0,7,26.9,24.9,56.2,72.9,12.0,12.1,36.95,51.51666666666667,38.56666666666667
2026-07-27 23:00:00,12.0,25.0,97,965.4,7.4,256,0.0,23,0,7,12.0,30.7,40.1,79.5,12.0,12.0,29.583333333333332,46.44166666666667,38.56666666666667
2026-07-28 00:00:00,15.7,25.4,96,965.0,9.7,268,0.0,0,1,7,12.0,26.9,42.9,68.0,12.0,21.4,24.900000000000002,40.81666666666667,38.56666666666667
2026-07-28 01:00:00,12.0,24.6,97,966.0,7.1,277,2.0,1,1,7,15.7,12.0,24.9,52.7,12.0,21.4,20.366666666666664,36.458333333333336,38.72083333333333
2026-07-28 02:00:00,12.6,24.5,97,966.9,5.5,243,4.2,2,1,7,12.0,12.0,30.7,60.9,12.0,16.4,18.216666666666665,33.06666666666667,38.72083333333333
2026-07-28 03:00:00,21.3,25.0,95,966.7,10.0,244,0.8,3,1,7,12.6,15.7,26.9,62.5,18.8,12.0,15.199999999999998,29.041666666666668,38.74583333333333
2026-07-28 04:00:00,35.3,26.8,85,967.1,8.6,269,0.2,4,1,7,21.3,12.0,12.0,56.2,12.0,12.0,14.266666666666666,25.608333333333334,38.85
2026-07-28 05:00:00,29.2,28.8,79,967.3,7.8,277,0.3,5,1,7,35.3,12.6,12.0,40.1,16.3,16.6,18.150000000000002,23.866666666666664,39.82083333333333
2026-07-28 06:00:00,22.7,29.4,73,966.9,7.7,282,0.3,6,1,7,29.2,21.3,15.7,42.9,45.7,28.2,21.016666666666666,22.958333333333332,40.358333333333334
2026-07-28 07:00:00,31.1,28.9,76,966.6,11.9,265,2.1,7,1,7,22.7,35.3,12.0,24.9,26.9,16.4,22.183333333333334,21.275000000000002,39.4
2026-07-28 08:00:00,52.9,26.7,88,966.4,7.1,261,6.1,8,1,7,31.1,29.2,12.6,30.7,47.1,36.0,25.366666666666664,21.791666666666668,39.575
2026-07-28 09:00:00,76.2,27.2,85,965.2,8.6,244,1.3,9,1,7,52.9,22.7,21.3,26.9,80.6,46.9,32.083333333333336,23.641666666666666,39.81666666666667
2026-07-28 10:00:00,47.3,28.9,80,964.9,10.5,250,0.4,10,1,7,76.2,31.1,35.3,12.0,72.9,54.4,41.23333333333333,27.75,39.63333333333333
2026-07-28 11:00:00,61.5,28.3,83,964.2,9.5,260,0.2,11,1,7,47.3,52.9,29.2,12.0,79.5,79.6,43.23333333333333,30.691666666666663,38.56666666666667
2026-07-28 12:00:00,58.7,27.5,82,964.7,13.4,276,0.8,12,1,7,61.5,76.2,22.7,15.7,68.0,89.0,48.61666666666667,34.81666666666666,37.81666666666667
2026-07-28 13:00:00,64.5,27.2,85,964.7,10.3,272,0.2,13,1,7,58.7,47.3,31.1,12.0,52.7,61.9,54.61666666666667,38.4,37.42916666666667
2026-07-28 14:00:00,62.3,26.9,85,965.1,9.4,278,0.0,14,1,7,64.5,61.5,52.9,12.6,60.9,72.4,60.18333333333333,42.775,37.92083333333333
2026-07-28 15:00:00,60.7,26.8,85,965.7,11.2,288,0.0,15,1,7,62.3,58.7,76.2,21.3,62.5,77.9,61.75,46.916666666666664,37.979166666666664
2026-07-28 16:00:00,32.2,26.7,86,966.4,11.1,282,0.1,16,1,7,60.7,64.5,47.3,35.3,56.2,69.1,59.166666666666664,50.199999999999996,37.90416666666667
2026-07-28 17:00:00,44.3,26.1,90,966.9,12.2,272,1.2,17,1,7,32.2,62.3,61.5,29.2,40.1,53.4,56.65,49.94166666666666,36.90416666666666
2026-07-28 18:00:00,12.0,25.5,90,966.1,13.6,292,0.5,18,1,7,44.3,60.7,58.7,22.7,42.9,35.0,53.78333333333333,51.199999999999996,37.07916666666667
2026-07-28 19:00:00,16.0,25.3,91,965.6,11.5,278,0.3,19,1,7,12.0,32.2,64.5,31.1,24.9,23.0,46.0,50.30833333333334,35.791666666666664
2026-07-28 20:00:00,12.0,25.2,92,965.0,11.9,272,0.2,20,1,7,16.0,44.3,62.3,52.9,30.7,12.0,37.916666666666664,49.050000000000004,35.42083333333333
2026-07-28 21:00:00,12.0,25.1,93,964.5,12.3,276,0.4,21,1,7,12.0,12.0,60.7,76.2,26.9,12.0,29.53333333333333,45.64166666666667,34.64166666666667
2026-07-28 22:00:00,16.0,25.0,94,964.2,12.8,281,1.2,22,1,7,12.0,16.0,32.2,47.3,12.0,12.0,21.416666666666668,40.291666666666664,34.020833333333336
2026-07-28 23:00:00,12.0,24.9,94,964.0,14.7,282,0.9,23,1,7,16.0,12.0,44.3,61.5,12.0,12.0,18.716666666666665,37.68333333333334,34.1875
2026-07-29 00:00:00,12.0,25.3,94,963.7,15.3,294,0.4,0,2,7,12.0,12.0,12.0,58.7,15.7,12.0,13.333333333333334,33.55833333333334,34.1875
2026-07-29 01:00:00,12.0,25.4,93,964.2,14.9,288,0.4,1,2,7,12.0,16.0,16.0,64.5,12.0,12.0,13.333333333333334,29.666666666666668,34.03333333333333
2026-07-29 02:00:00,12.0,25.4,93,964.6,16.9,291,3.1,2,2,7,12.0,12.0,12.0,62.3,12.6,12.0,12.666666666666666,25.291666666666668,34.03333333333333
2026-07-29 03:00:00,12.0,25.3,94,964.9,14.3,299,1.5,3,2,7,12.0,12.0,12.0,60.7,21.3,18.8,12.666666666666666,21.1,34.00833333333333
2026-07-29 04:00:00,20.8,25.8,93,965.1,14.1,289,2.0,4,2,7,12.0,12.0,16.0,32.2,35.3,12.0,12.666666666666666,17.041666666666668,33.62083333333334
2026-07-29 05:00:00,12.0,26.7,89,965.2,15.8,293,1.5,5,2,7,20.8,12.0,12.0,44.3,29.2,16.3,13.466666666666667,16.09166666666667,33.016666666666666
2026-07-29 06:00:00,23.7,26.6,89,964.8,18.5,280,0.3,6,2,7,12.0,12.0,12.0,12.0,22.7,45.7,13.466666666666667,13.4,32.300000000000004
2026-07-29 07:00:00,12.0,29.3,74,963.9,22.7,291,0.2,7,2,7,23.7,20.8,12.0,16.0,31.1,26.9,15.416666666666666,14.375,32.34166666666667
2026-07-29 08:00:00,12.0,28.7,76,963.0,20.5,290,0.6,8,2,7,12.0,12.0,12.0,12.0,52.9,47.1,15.416666666666666,14.041666666666666,31.54583333333333
2026-07-29 09:00:00,19.9,28.8,77,962.3,19.1,291,2.2,9,2,7,12.0,23.7,12.0,12.0,76.2,80.6,15.416666666666666,14.041666666666666,29.84166666666667
2026-07-29 10:00:00,46.3,28.6,80,961.7,15.5,278,0.0,10,2,7,19.9,12.0,20.8,16.0,47.3,72.9,16.733333333333334,14.700000000000001,27.495833333333334
2026-07-29 11:00:00,41.9,28.2,85,961.0,14.4,296,6.0,11,2,7,46.3,12.0,12.0,12.0,61.5,79.5,20.983333333333334,17.224999999999998,27.454166666666666
2026-07-29 12:00:00,38.7,26.7,91,961.2,14.8,296,3.4,12,2,7,41.9,19.9,23.7,12.0,58.7,68.0,25.96666666666667,19.716666666666665,26.6375
2026-07-29 13:00:00,57.4,26.9,89,961.5,14.2,288,2.7,13,2,7,38.7,46.3,12.0,12.0,64.5,52.7,28.46666666666667,21.941666666666666,25.804166666666664
2026-07-29 14:00:00,31.7,26.1,92,961.9,16.7,294,0.6,14,2,7,57.4,41.9,12.0,12.0,62.3,60.9,36.03333333333334,25.724999999999998,25.50833333333333
2026-07-29 15:00:00,32.0,25.8,93,962.8,19.0,299,2.9,15,2,7,31.7,38.7,19.9,12.0,60.7,62.5,39.31666666666666,27.366666666666664,24.233333333333334
2026-07-29 16:00:00,12.5,25.5,94,963.1,20.8,302,1.0,16,2,7,32.0,57.4,46.3,20.8,32.2,56.2,41.333333333333336,29.03333333333333,23.037500000000005
2026-07-29 17:00:00,18.2,25.2,94,963.1,19.8,303,3.9,17,2,7,12.5,31.7,41.9,12.0,44.3,40.1,35.699999999999996,28.341666666666665,22.21666666666667
2026-07-29 18:00:00,12.0,25.0,95,962.0,18.8,298,5.2,18,2,7,18.2,32.0,38.7,23.7,12.0,42.9,31.75,28.85833333333333,21.129166666666666
2026-07-29 19:00:00,12.0,25.1,96,961.4,15.6,300,5.0,19,2,7,12.0,12.5,57.4,12.0,16.0,24.9,27.299999999999997,27.88333333333333,21.129166666666666
2026-07-29 20:00:00,12.0,24.7,96,961.0,17.0,319,3.0,20,2,7,12.0,18.2,31.7,12.0,12.0,30.7,19.73333333333333,27.88333333333333,20.962500000000002
2026-07-29 21:00:00,12.0,24.4,97,960.4,17.6,306,1.3,21,2,7,12.0,12.0,32.0,19.9,12.0,26.9,16.45,27.88333333333333,20.962500000000002
2026-07-29 22:00:00,12.0,24.4,96,959.9,15.2,312,0.4,22,2,7,12.0,12.0,12.5,46.3,16.0,12.0,13.116666666666667,27.224999999999998,20.962500000000002
2026-07-29 23:00:00,12.0,24.6,93,959.6,13.4,327,0.4,23,2,7,12.0,12.0,18.2,41.9,12.0,12.0,13.033333333333333,24.366666666666664,20.795833333333334
2026-07-30 00:00:00,12.0,24.7,95,959.6,13.0,331,0.3,0,3,7,12.0,12.0,12.0,38.7,12.0,15.7,12.0,21.875,20.795833333333334
2026-07-30 01:00:00,22.0,24.9,95,960.4,12.7,316,0.0,1,3,7,12.0,12.0,12.0,57.4,12.0,12.0,12.0,19.650000000000002,20.795833333333334
2026-07-30 02:00:00,12.0,26.1,89,960.8,13.3,332,0.0,2,3,7,22.0,12.0,12.0,31.7,12.0,12.6,13.666666666666666,16.7,21.212500000000002
2026-07-30 03:00:00,12.0,27.5,83,961.0,13.8,333,0.0,3,3,7,12.0,12.0,12.0,32.0,12.0,21.3,13.666666666666666,15.058333333333332,21.212500000000002
2026-07-30 04:00:00,12.0,29.0,77,961.1,13.9,343,0.0,4,3,7,12.0,22.0,12.0,12.5,20.8,35.3,13.666666666666666,13.391666666666666,21.212500000000002
2026-07-30 05:00:00,39.5,30.0,73,961.0,12.3,339,0.1,5,3,7,12.0,12.0,12.0,18.2,12.0,29.2,13.666666666666666,13.35,20.84583333333333
2026-07-30 06:00:00,35.1,30.1,68,960.7,14.1,7,0.2,6,3,7,39.5,12.0,12.0,12.0,23.7,22.7,18.25,15.125,21.991666666666664
2026-07-30 07:00:00,58.5,30.4,67,959.8,9.9,12,0.1,7,3,7,35.1,12.0,22.0,12.0,12.0,31.1,22.099999999999998,17.05,22.46666666666667
2026-07-30 08:00:00,72.2,27.4,85,959.1,9.9,359,4.8,8,3,7,58.5,39.5,12.0,12.0,12.0,52.9,28.183333333333334,20.925,24.40416666666667
2026-07-30 09:00:00,75.5,26.5,89,958.8,4.7,279,1.9,9,3,7,72.2,35.1,12.0,12.0,19.9,76.2,38.21666666666667,25.941666666666666,26.912499999999998
2026-07-30 10:00:00,93.6,26.7,90,958.8,2.0,207,5.8,10,3,7,75.5,58.5,12.0,12.0,46.3,47.3,48.800000000000004,31.233333333333334,29.229166666666668
2026-07-30 11:00:00,65.0,26.1,92,958.1,4.0,249,5.0,11,3,7,93.6,72.2,39.5,12.0,41.9,61.5,62.4,38.03333333333333,31.2
2026-07-30 12:00:00,62.8,26.6,89,957.8,7.1,279,0.9,12,3,7,65.0,75.5,35.1,12.0,38.7,58.7,66.64999999999999,42.449999999999996,32.1625
2026-07-30 13:00:00,48.3,25.6,95,958.8,10.1,331,3.5,13,3,7,62.8,93.6,58.5,22.0,57.4,64.5,71.26666666666667,46.68333333333334,33.166666666666664
2026-07-30 14:00:00,61.6,25.6,96,958.7,7.4,317,0.6,14,3,7,48.3,65.0,72.2,12.0,31.7,62.3,69.56666666666666,48.875,32.7875
2026-07-30 15:00:00,73.8,25.6,96,959.3,6.0,333,0.2,15,3,7,61.6,62.8,75.5,12.0,32.0,60.7,67.8,53.00833333333333,34.03333333333334
2026-07-30 16:00:00,57.1,25.5,96,959.8,7.4,331,0.9,16,3,7,73.8,48.3,93.6,12.0,12.5,32.2,67.51666666666667,58.15833333333333,35.775
2026-07-30 17:00:00,64.0,25.4,96,959.8,4.8,326,0.4,17,3,7,57.1,61.6,65.0,39.5,18.2,44.3,61.43333333333333,61.916666666666664,37.63333333333333
2026-07-30 18:00:00,38.9,25.3,96,959.2,7.6,59,1.3,18,3,7,64.0,73.8,62.8,35.1,12.0,12.0,61.26666666666667,63.958333333333336,39.541666666666664
2026-07-30 19:00:00,31.2,24.7,98,958.9,10.0,83,0.1,19,3,7,38.9,57.1,48.3,58.5,12.0,16.0,57.28333333333333,64.27499999999999,40.6625
2026-07-30 20:00:00,12.0,24.4,99,958.5,9.5,71,0.2,20,3,7,31.2,64.0,61.6,72.2,12.0,12.0,54.43333333333334,62.0,41.4625
2026-07-30 21:00:00,12.6,24.2,99,958.0,7.9,66,0.1,21,3,7,12.0,38.9,73.8,75.5,12.0,12.0,46.166666666666664,56.98333333333333,41.4625
2026-07-30 22:00:00,12.0,24.3,99,957.9,8.2,113,0.1,22,3,7,12.6,31.2,57.1,93.6,12.0,16.0,35.96666666666666,51.74166666666667,41.4875
2026-07-30 23:00:00,15.5,24.5,99,958.1,9.2,138,0.1,23,3,7,12.0,12.0,64.0,65.0,12.0,12.0,28.45,44.94166666666667,41.4875
2026-07-31 00:00:00,12.0,24.5,96,957.8,14.3,139,0.2,0,4,7,15.5,12.6,38.9,62.8,12.0,12.0,20.366666666666667,40.81666666666667,41.63333333333333
2026-07-31 01:00:00,12.0,24.4,96,958.6,15.2,133,0.0,1,4,7,12.0,12.0,31.2,48.3,22.0,12.0,15.883333333333335,36.583333333333336,41.63333333333333
2026-07-31 02:00:00,12.0,24.8,93,959.2,17.9,146,0.2,2,4,7,12.0,15.5,12.0,61.6,12.0,12.0,12.683333333333335,33.55833333333333,41.21666666666666
2026-07-31 03:00:00,12.0,25.0,93,959.4,17.9,151,0.3,3,4,7,12.0,12.0,12.6,73.8,12.0,12.0,12.683333333333335,29.424999999999997,41.21666666666666
2026-07-31 04:00:00,12.0,26.0,89,960.2,18.4,203,0.2,4,4,7,12.0,12.0,12.0,57.1,12.0,20.8,12.583333333333334,24.274999999999995,41.21666666666666
2026-07-31 05:00:00,12.0,27.3,85,961.1,19.6,209,0.6,5,4,7,12.0,12.0,15.5,64.0,39.5,12.0,12.583333333333334,20.516666666666666,41.21666666666666
2026-07-31 06:00:00,13.8,26.1,85,962.5,19.9,211,0.3,6,4,7,12.0,12.0,12.0,38.9,35.1,23.7,12.0,16.183333333333334,40.07083333333333
2026-07-31 07:00:00,12.0,26.8,80,962.6,19.9,213,0.1,7,4,7,13.8,12.0,12.0,31.2,58.5,12.0,12.299999999999999,14.091666666666667,39.18333333333333
2026-07-31 08:00:00,12.0,26.9,81,962.6,18.5,212,0.3,8,4,7,12.0,12.0,12.0,12.0,72.2,12.0,12.299999999999999,12.491666666666667,37.24583333333333
2026-07-31 09:00:00,18.3,27.4,80,962.2,14.4,213,0.2,9,4,7,12.0,13.8,12.0,12.6,75.5,19.9,12.299999999999999,12.491666666666667,34.737500000000004
2026-07-31 10:00:00,54.1,28.9,75,961.9,12.1,192,0.2,10,4,7,18.3,12.0,12.0,12.0,93.6,46.3,13.35,12.966666666666669,32.354166666666664
2026-07-31 11:00:00,63.4,28.1,79,961.4,11.8,168,0.4,11,4,7,54.1,12.0,12.0,15.5,65.0,41.9,20.366666666666667,16.475,30.708333333333332
2026-07-31 12:00:00,49.9,27.9,83,961.6,13.6,162,0.5,12,4,7,63.4,18.3,13.8,12.0,62.8,38.7,28.933333333333334,20.46666666666667,30.641666666666666
2026-07-31 13:00:00,34.2,27.1,86,962.4,14.5,174,0.2,13,4,7,49.9,54.1,12.0,12.0,48.3,57.4,34.949999999999996,23.625,30.104166666666668
2026-07-31 14:00:00,44.6,26.4,89,963.6,13.8,174,0.2,14,4,7,34.2,63.4,12.0,12.0,61.6,31.7,38.65,25.474999999999998,29.516666666666666
2026-07-31 15:00:00,55.8,26.1,91,964.7,12.6,167,0.0,15,4,7,44.6,49.9,18.3,12.0,73.8,32.0,44.083333333333336,28.191666666666666,28.808333333333334
2026-07-31 16:00:00,45.3,25.5,90,965.4,13.0,178,0.0,16,4,7,55.8,34.2,54.1,12.0,57.1,12.5,50.333333333333336,31.84166666666667,28.058333333333334
2026-07-31 17:00:00,29.6,25.1,92,965.9,12.5,175,0.0,17,4,7,45.3,44.6,63.4,12.0,64.0,18.2,48.86666666666667,34.61666666666667,27.566666666666666
2026-07-31 18:00:00,37.7,25.2,90,965.3,11.0,185,0.0,18,4,7,29.6,55.8,49.9,13.8,38.9,12.0,43.23333333333333,36.083333333333336,26.13333333333333
2026-07-31 19:00:00,25.8,25.0,92,965.3,10.0,187,0.0,19,4,7,37.7,45.3,34.2,12.0,31.2,12.0,41.199999999999996,38.074999999999996,26.083333333333332
2026-07-31 20:00:00,16.5,24.8,94,965.1,9.4,179,0.0,20,4,7,25.8,29.6,44.6,12.0,12.0,12.0,39.800000000000004,39.225,25.85833333333333
2026-07-31 21:00:00,20.0,24.6,95,964.8,8.8,182,0.0,21,4,7,16.5,37.7,55.8,18.3,12.6,12.0,35.11666666666667,39.6,26.04583333333333
2026-07-31 22:00:00,12.1,24.5,96,964.8,8.3,179,0.0,22,4,7,20.0,25.8,45.3,54.1,12.0,12.0,29.150000000000002,39.74166666666667,26.354166666666668
2026-07-31 23:00:00,18.3,24.5,95,964.9,8.6,181,0.0,23,4,7,12.1,16.5,29.6,63.4,15.5,12.0,23.616666666666664,36.24166666666667,26.358333333333334
2026-08-01 00:00:00,12.0,24.6,95,965.0,10.0,201,0.0,0,5,8,18.3,20.0,37.7,49.9,12.0,12.0,21.733333333333334,32.483333333333334,26.475000000000005
2026-08-01 01:00:00,12.0,24.8,93,965.6,10.9,200,0.0,1,5,8,12.0,12.1,25.8,34.2,12.0,22.0,17.45,29.325000000000003,26.475000000000005
2026-08-01 02:00:00,12.0,26.0,85,966.5,12.9,208,0.0,2,5,8,12.0,18.3,16.5,44.6,12.0,12.0,15.15,27.475000000000005,26.475000000000005
2026-08-01 03:00:00,21.0,26.9,80,966.8,13.6,214,0.1,3,5,8,12.0,12.0,20.0,55.8,12.0,12.0,14.4,24.758333333333336,26.475000000000005
2026-08-01 04:00:00,12.0,28.2,73,967.1,14.6,220,0.1,4,5,8,21.0,12.0,12.1,45.3,12.0,12.0,14.566666666666668,21.858333333333334,26.850000000000005
2026-08-01 05:00:00,12.0,29.2,68,967.0,14.1,220,0.2,5,5,8,12.0,12.0,18.3,29.6,12.0,39.5,14.549999999999999,19.083333333333332,26.850000000000005
2026-08-01 06:00:00,21.1,27.9,71,967.3,15.7,232,0.2,6,5,8,12.0,21.0,12.0,37.7,13.8,35.1,13.5,17.616666666666667,26.850000000000005
2026-08-01 07:00:00,47.7,28.9,68,967.0,12.6,242,0.1,7,5,8,21.1,12.0,12.0,25.8,12.0,58.5,15.016666666666666,16.233333333333334,27.154166666666665
2026-08-01 08:00:00,66.1,30.5,61,966.1,12.6,242,0.1,8,5,8,47.7,12.0,12.0,16.5,12.0,72.2,20.96666666666667,18.058333333333334,28.641666666666666
2026-08-01 09:00:00,45.0,31.4,57,965.2,12.1,230,0.3,9,5,8,66.1,21.1,21.0,20.0,18.3,75.5,29.983333333333334,22.191666666666666,30.895833333333332
2026-08-01 10:00:00,46.6,30.6,61,964.9,13.9,231,0.8,10,5,8,45.0,47.7,12.0,12.1,54.1,93.6,33.983333333333334,24.275000000000002,32.00833333333333
2026-08-01 11:00:00,61.8,30.5,63,964.5,10.3,220,0.2,11,5,8,46.6,66.1,12.0,18.3,63.4,65.0,39.75,27.150000000000002,31.695833333333336
2026-08-01 12:00:00,47.5,29.8,69,965.1,9.9,209,0.0,12,5,8,61.8,45.0,21.1,12.0,49.9,62.8,48.050000000000004,30.774999999999995,31.629166666666666
2026-08-01 13:00:00,63.5,28.7,76,965.4,7.2,193,0.0,13,5,8,47.5,46.6,47.7,12.0,34.2,48.3,52.449999999999996,33.73333333333333,31.52916666666667
2026-08-01 14:00:00,66.8,27.8,80,965.9,6.3,175,0.0,14,5,8,63.5,61.8,66.1,12.0,44.6,61.6,55.083333333333336,38.025,32.75
2026-08-01 15:00:00,47.5,27.4,81,966.9,7.3,155,0.0,15,5,8,66.8,47.5,45.0,21.0,55.8,73.8,55.19999999999999,42.59166666666666,33.675
2026-08-01 16:00:00,33.7,27.3,82,967.9,7.7,189,0.0,16,5,8,47.5,63.5,46.6,12.0,45.3,57.1,55.61666666666665,44.79999999999999,33.329166666666666
2026-08-01 17:00:00,30.9,26.8,85,968.5,13.2,223,0.2,17,5,8,33.7,66.8,61.8,12.0,29.6,64.0,53.46666666666667,46.60833333333333,32.84583333333333
2026-08-01 18:00:00,13.9,26.1,89,967.9,11.9,212,0.4,18,5,8,30.9,47.5,47.5,21.1,37.7,38.9,48.31666666666666,48.18333333333333,32.9
2026-08-01 19:00:00,25.9,25.7,91,967.7,11.0,221,0.0,19,5,8,13.9,33.7,63.5,47.7,25.8,31.2,42.71666666666667,47.583333333333336,31.90833333333333
2026-08-01 20:00:00,24.2,25.7,90,967.8,9.9,233,0.0,20,5,8,25.9,30.9,66.8,66.1,16.5,12.0,36.449999999999996,45.76666666666667,31.912499999999998
2026-08-01 21:00:00,12.0,26.0,88,967.6,9.4,244,0.0,21,5,8,24.2,13.9,47.5,45.0,20.0,12.6,29.349999999999998,42.275,32.233333333333334
2026-08-01 22:00:00,25.2,25.8,87,967.5,9.7,246,0.0,22,5,8,12.0,25.9,33.7,46.6,12.1,12.0,23.433333333333334,39.525,31.900000000000002
2026-08-01 23:00:00,32.1,25.7,88,967.9,8.8,237,0.0,23,5,8,25.2,24.2,30.9,61.8,18.3,15.5,22.016666666666666,37.74166666666667,32.44583333333333
2026-08-02 00:00:00,19.4,25.8,89,968.1,11.3,234,0.0,0,6,8,32.1,12.0,13.9,47.5,12.0,12.0,22.216666666666665,35.266666666666666,33.02083333333333
2026-08-02 01:00:00,12.0,26.0,86,968.6,11.2,238,0.0,1,6,8,19.4,25.2,25.9,63.5,12.0,12.0,23.133333333333336,32.925000000000004,33.329166666666666
2026-08-02 02:00:00,12.0,26.6,83,969.2,8.6,229,0.0,2,6,8,12.0,32.1,24.2,66.8,12.0,12.0,20.816666666666666,28.633333333333336,33.329166666666666
2026-08-02 03:00:00,12.0,28.0,75,969.6,11.6,234,0.0,3,6,8,12.0,19.4,12.0,47.5,21.0,12.0,18.783333333333335,24.066666666666666,33.329166666666666
2026-08-02 04:00:00,12.0,29.1,69,969.7,14.3,250,0.0,4,6,8,12.0,12.0,25.2,33.7,12.0,12.0,18.783333333333335,21.108333333333334,32.954166666666666
2026-08-02 05:00:00,12.0,30.1,64,969.5,14.3,258,0.0,5,6,8,12.0,12.0,32.1,30.9,12.0,12.0,16.583333333333332,19.3,32.954166666666666
2026-08-02 06:00:00,28.7,29.9,63,969.6,12.7,264,0.0,6,6,8,12.0,12.0,19.4,13.9,21.1,13.8,13.233333333333334,17.724999999999998,32.954166666666666
2026-08-02 07:00:00,12.0,30.8,61,969.6,13.2,265,0.0,7,6,8,28.7,12.0,12.0,25.9,47.7,12.0,14.783333333333333,18.958333333333332,33.270833333333336
2026-08-02 08:00:00,60.7,30.9,61,969.0,12.1,264,0.0,8,6,8,12.0,12.0,12.0,24.2,66.1,12.0,14.783333333333333,17.8,31.78333333333333
2026-08-02 09:00:00,44.7,31.4,60,968.0,10.6,267,0.1,9,6,8,60.7,28.7,12.0,12.0,45.0,18.3,22.900000000000002,20.84166666666667,31.558333333333334
2026-08-02 10:00:00,50.1,31.5,59,967.3,11.5,256,0.2,10,6,8,44.7,12.0,12.0,25.2,46.6,54.1,28.350000000000005,23.566666666666666,31.54583333333333
2026-08-02 11:00:00,68.3,30.5,64,966.7,10.9,258,0.3,11,6,8,50.1,60.7,12.0,32.1,61.8,63.4,34.7,25.64166666666667,31.691666666666663
2026-08-02 12:00:00,64.0,29.0,77,967.3,9.6,230,0.2,12,6,8,68.3,44.7,28.7,19.4,47.5,49.9,44.083333333333336,28.65833333333333,31.962500000000002
2026-08-02 13:00:00,88.2,28.8,79,967.8,5.2,224,0.0,13,6,8,64.0,50.1,12.0,12.0,63.5,34.2,49.96666666666667,32.375,32.65
2026-08-02 14:00:00,65.8,28.1,82,968.4,7.1,221,0.0,14,6,8,88.2,68.3,60.7,12.0,66.8,44.6,62.666666666666664,38.725,33.67916666666667
2026-08-02 15:00:00,52.6,27.6,84,969.3,9.4,234,0.0,15,6,8,65.8,64.0,44.7,12.0,47.5,55.8,63.51666666666666,43.208333333333336,33.6375
2026-08-02 16:00:00,42.3,27.2,86,969.6,9.4,234,0.0,16,6,8,52.6,88.2,50.1,12.0,33.7,45.3,64.83333333333333,46.59166666666667,33.85
2026-08-02 17:00:00,35.2,27.0,86,969.8,10.2,234,0.0,17,6,8,42.3,65.8,68.3,12.0,30.9,29.6,63.53333333333333,49.11666666666667,34.208333333333336
2026-08-02 18:00:00,26.5,27.1,85,969.4,11.2,238,0.0,18,6,8,35.2,52.6,64.0,28.7,13.9,37.7,58.01666666666667,51.050000000000004,34.3875
2026-08-02 19:00:00,20.3,26.6,87,969.2,9.3,243,0.0,19,6,8,26.5,42.3,88.2,12.0,25.9,25.8,51.76666666666667,50.86666666666667,34.9125
2026-08-02 20:00:00,17.5,26.3,89,969.0,8.2,255,0.0,20,6,8,20.3,35.2,65.8,60.7,24.2,16.5,40.45,51.55833333333333,34.67916666666667
2026-08-02 21:00:00,25.5,26.0,90,969.0,6.6,254,0.0,21,6,8,17.5,26.5,52.6,44.7,12.0,20.0,32.4,47.958333333333336,34.4
2026-08-02 22:00:00,12.0,25.8,91,969.1,7.1,251,0.0,22,6,8,25.5,20.3,42.3,50.1,25.2,12.1,27.883333333333336,46.35833333333333,34.9625
2026-08-02 23:00:00,25.2,25.7,90,968.9,7.9,257,0.0,23,6,8,12.0,17.5,35.2,68.3,32.1,18.3,22.833333333333332,43.18333333333333,34.4125
2026-08-03 00:00:00,12.0,25.7,91,968.9,7.0,235,0.0,0,0,8,25.2,25.5,26.5,64.0,19.4,12.0,21.166666666666668,39.59166666666667,34.12500000000001
2026-08-03 01:00:00,12.0,25.8,91,969.6,6.9,237,0.0,1,0,8,12.0,12.0,20.3,88.2,12.0,12.0,18.75,35.25833333333333,33.81666666666667
2026-08-03 02:00:00,28.0,26.9,88,970.3,6.5,247,0.0,2,0,8,12.0,25.2,17.5,65.8,12.0,12.0,17.366666666666664,28.90833333333333,33.81666666666667
2026-08-03 03:00:00,18.1,28.2,80,970.8,8.5,263,0.0,3,0,8,28.0,12.0,25.5,52.6,12.0,21.0,19.116666666666664,25.758333333333336,34.483333333333334
2026-08-03 04:00:00,13.8,29.3,75,970.6,8.8,261,0.1,4,0,8,18.1,12.0,12.0,42.3,12.0,12.0,17.883333333333333,22.883333333333336,34.7375
2026-08-03 05:00:00,46.3,30.3,71,970.6,8.2,260,0.1,5,0,8,13.8,28.0,25.2,35.2,12.0,12.0,18.183333333333334,20.508333333333333,34.8125
2026-08-03 06:00:00,61.5,30.4,68,971.2,7.8,255,0.0,6,0,8,46.3,18.1,12.0,26.5,28.7,21.1,21.7,21.433333333333334,36.24166666666667
2026-08-03 07:00:00,26.9,31.2,64,970.6,8.5,253,0.0,7,0,8,61.5,13.8,12.0,20.3,12.0,47.7,29.95,24.349999999999998,37.608333333333334
2026-08-03 08:00:00,63.5,31.8,62,969.5,8.5,246,0.0,8,0,8,26.9,46.3,28.0,17.5,60.7,66.1,32.43333333333333,24.900000000000002,38.229166666666664
2026-08-03 09:00:00,43.8,32.1,62,968.7,8.3,240,0.0,9,0,8,63.5,61.5,18.1,25.5,44.7,45.0,38.35,28.733333333333334,38.34583333333333
2026-08-03 10:00:00,70.2,32.3,60,967.8,9.0,235,0.0,10,0,8,43.8,26.9,13.8,12.0,50.1,46.6,42.63333333333333,30.25833333333333,38.30833333333333
2026-08-03 11:00:00,71.3,32.1,60,966.9,9.3,238,0.0,11,0,8,70.2,63.5,46.3,25.2,68.3,61.8,52.03333333333333,35.10833333333333,39.145833333333336
2026-08-03 12:00:00,76.3,31.6,63,967.4,10.2,239,0.0,12,0,8,71.3,43.8,61.5,12.0,64.0,47.5,56.199999999999996,38.949999999999996,39.270833333333336
2026-08-03 13:00:00,65.8,30.3,71,968.0,7.9,240,0.0,13,0,8,76.3,70.2,26.9,12.0,88.2,63.5,58.666666666666664,44.30833333333334,39.78333333333333
2026-08-03 14:00:00,43.9,29.4,75,969.1,9.7,248,0.0,14,0,8,65.8,71.3,63.5,28.0,65.8,66.8,65.14999999999999,48.791666666666664,38.85
2026-08-03 15:00:00,45.2,28.5,78,969.8,10.8,255,0.0,15,0,8,43.9,76.3,43.8,18.1,52.6,47.5,61.88333333333333,50.11666666666667,37.9375
2026-08-03 16:00:00,80.5,27.9,81,970.5,10.0,257,0.0,16,0,8,45.2,65.8,70.2,13.8,42.3,33.7,62.11666666666667,52.375,37.62916666666666
2026-08-03 17:00:00,17.5,27.5,83,970.8,8.3,259,0.0,17,0,8,80.5,43.9,71.3,46.3,35.2,30.9,63.833333333333336,57.93333333333334,39.22083333333333
2026-08-03 18:00:00,58.7,27.2,83,970.7,9.8,276,0.0,18,0,8,17.5,45.2,76.3,61.5,26.5,13.9,54.86666666666667,55.53333333333333,38.48333333333333
2026-08-03 19:00:00,21.5,26.9,84,969.9,9.1,288,0.0,19,0,8,58.7,80.5,65.8,26.9,20.3,25.9,51.93333333333334,55.29999999999999,39.824999999999996
2026-08-03 20:00:00,12.0,26.6,84,970.0,9.2,293,0.0,20,0,8,21.5,17.5,43.9,63.5,17.5,24.2,44.550000000000004,54.849999999999994,39.875
2026-08-03 21:00:00,13.3,26.3,83,969.6,8.8,287,0.0,21,0,8,12.0,58.7,45.2,43.8,25.5,12.0,39.23333333333334,50.55833333333333,39.645833333333336
2026-08-03 22:00:00,14.2,26.0,82,969.6,8.6,282,0.0,22,0,8,13.3,21.5,80.5,70.2,12.0,25.2,33.916666666666664,48.01666666666667,39.137499999999996
2026-08-03 23:00:00,12.0,25.8,83,970.2,8.3,274,0.0,23,0,8,14.2,12.0,17.5,71.3,25.2,32.1,22.866666666666664,43.349999999999994,39.229166666666664
2026-08-04 00:00:00,23.0,25.7,90,969.8,7.6,262,0.0,0,1,8,12.0,13.3,58.7,76.3,12.0,19.4,21.95,38.40833333333334,38.67916666666667
2026-08-04 01:00:00,12.0,25.9,90,970.5,7.4,257,0.0,1,1,8,23.0,14.2,21.5,65.8,12.0,12.0,16.0,33.96666666666667,39.137499999999996
2026-08-04 02:00:00,28.9,26.8,86,971.1,6.8,258,0.0,2,1,8,12.0,12.0,12.0,43.9,28.0,12.0,14.416666666666666,29.483333333333334,39.137499999999996
2026-08-04 03:00:00,28.1,28.1,78,971.4,9.8,277,0.0,3,1,8,28.9,23.0,13.3,45.2,18.1,12.0,17.233333333333334,28.233333333333334,39.175
2026-08-04 04:00:00,23.2,29.5,72,971.8,9.4,283,0.0,4,1,8,28.1,12.0,14.2,80.5,13.8,12.0,19.7,26.808333333333337,39.59166666666667
2026-08-04 05:00:00,27.7,30.4,70,971.8,7.7,279,0.0,5,1,8,23.2,28.9,12.0,17.5,46.3,12.0,21.2,22.03333333333333,39.98333333333333
2026-08-04 06:00:00,40.4,30.6,67,972.0,9.5,299,0.0,6,1,8,27.7,28.1,23.0,58.7,61.5,28.7,23.816666666666666,22.883333333333336,39.208333333333336
2026-08-04 07:00:00,48.6,31.4,65,971.2,9.5,303,0.0,7,1,8,40.4,23.2,12.0,21.5,26.9,12.0,26.71666666666667,21.358333333333334,38.329166666666666
2026-08-04 08:00:00,59.7,31.6,63,969.9,9.0,292,0.0,8,1,8,48.6,27.7,28.9,12.0,63.5,60.7,32.81666666666667,23.61666666666667,39.233333333333334
2026-08-04 09:00:00,58.8,32.2,61,969.2,7.9,287,0.0,9,1,8,59.7,40.4,28.1,13.3,43.8,44.7,37.949999999999996,27.59166666666667,39.075
2026-08-04 10:00:00,72.4,32.1,62,968.2,7.1,279,0.0,10,1,8,58.8,48.6,23.2,14.2,70.2,50.1,43.06666666666666,31.383333333333336,39.699999999999996
2026-08-04 11:00:00,59.8,31.7,63,967.8,8.5,275,0.0,11,1,8,72.4,59.7,27.7,12.0,71.3,68.3,51.26666666666667,36.233333333333334,39.791666666666664
2026-08-04 12:00:00,59.0,30.7,66,968.1,8.5,271,0.5,12,1,8,59.8,58.8,40.4,23.0,76.3,64.0,56.616666666666674,40.21666666666667,39.3125
2026-08-04 13:00:00,76.9,29.8,74,968.5,5.8,270,0.0,13,1,8,59.0,72.4,48.6,12.0,65.8,88.2,59.71666666666667,43.21666666666667,38.59166666666667
2026-08-04 14:00:00,82.8,29.1,80,969.3,2.8,243,0.0,14,1,8,76.9,59.8,59.7,28.9,43.9,65.8,64.43333333333334,48.625,39.05416666666667
2026-08-04 15:00:00,87.6,28.7,83,970.0,3.3,216,0.0,15,1,8,82.8,59.0,58.8,28.1,45.2,52.6,68.28333333333333,53.116666666666674,40.675
2026-08-04 16:00:00,74.8,28.0,86,970.5,6.9,210,0.1,16,1,8,87.6,76.9,72.4,23.2,80.5,42.3,73.08333333333333,58.074999999999996,42.44166666666667
2026-08-04 17:00:00,55.5,27.6,86,970.7,7.5,235,0.0,17,1,8,74.8,82.8,59.8,27.7,17.5,35.2,73.48333333333333,62.375,42.204166666666666
2026-08-04 18:00:00,40.5,27.3,88,969.9,8.2,248,0.0,18,1,8,55.5,87.6,59.0,40.4,58.7,26.5,72.76666666666667,64.69166666666668,43.7875
2026-08-04 19:00:00,20.5,27.1,85,969.1,8.9,262,0.0,19,1,8,40.5,74.8,76.9,48.6,21.5,20.3,69.68333333333332,64.7,43.02916666666667
2026-08-04 20:00:00,37.2,26.9,83,968.8,10.4,279,0.0,20,1,8,20.5,55.5,82.8,59.7,12.0,17.5,60.28333333333333,62.35833333333334,42.987500000000004
2026-08-04 21:00:00,28.1,26.7,84,968.6,9.1,278,0.0,21,1,8,37.2,40.5,87.6,58.8,13.3,25.5,52.68333333333334,60.48333333333333,44.0375
2026-08-04 22:00:00,12.0,26.4,87,968.6,7.2,267,0.0,22,1,8,28.1,20.5,74.8,72.4,14.2,12.0,42.76666666666667,57.925000000000004,44.65416666666667
2026-08-04 23:00:00,12.0,26.0,89,968.5,8.1,274,0.0,23,1,8,12.0,37.2,55.5,59.8,12.0,25.2,32.3,52.89166666666667,44.5625
2026-08-05 00:00:00,28.0,25.9,90,968.3,9.0,268,0.0,0,2,8,12.0,28.1,40.5,59.0,23.0,12.0,25.05,48.90833333333333,44.5625
2026-08-05 01:00:00,12.0,26.2,90,969.3,8.1,267,0.0,1,2,8,28.0,12.0,20.5,76.9,12.0,12.0,22.96666666666667,46.324999999999996,44.770833333333336
2026-08-05 02:00:00,12.0,27.0,87,969.7,8.1,258,0.0,2,2,8,12.0,12.0,37.2,82.8,28.9,28.0,21.55,40.916666666666664,44.770833333333336
2026-08-05 03:00:00,12.0,28.1,81,969.8,9.7,272,0.0,3,2,8,12.0,28.0,28.1,87.6,28.1,18.1,17.349999999999998,35.016666666666666,44.06666666666666
2026-08-05 04:00:00,12.0,29.1,76,970.1,10.1,276,0.0,4,2,8,12.0,12.0,12.0,74.8,23.2,13.8,14.666666666666666,28.71666666666667,43.395833333333336
2026-08-05 05:00:00,42.9,30.2,71,969.8,10.2,278,0.1,5,2,8,12.0,12.0,12.0,55.5,27.7,46.3,14.666666666666666,23.483333333333334,42.92916666666667
2026-08-05 06:00:00,46.1,30.9,68,969.5,10.4,278,0.0,6,2,8,42.9,12.0,28.0,40.5,40.4,61.5,19.816666666666666,22.433333333333337,43.5625
2026-08-05 07:00:00,36.6,31.7,62,968.8,11.3,263,0.0,7,2,8,46.1,12.0,12.0,20.5,48.6,26.9,22.833333333333332,22.900000000000002,43.800000000000004
2026-08-05 08:00:00,50.3,31.9,59,967.5,12.6,259,0.1,8,2,8,36.6,42.9,12.0,37.2,59.7,63.5,26.933333333333337,24.24166666666667,43.300000000000004
2026-08-05 09:00:00,55.5,32.3,58,967.0,12.7,257,0.0,9,2,8,50.3,46.1,12.0,28.1,58.8,43.8,33.31666666666667,25.333333333333332,42.90833333333333
2026-08-05 10:00:00,61.7,32.1,58,966.3,11.2,254,0.0,10,2,8,55.5,36.6,12.0,12.0,72.4,70.2,40.56666666666667,27.616666666666664,42.770833333333336
2026-08-05 11:00:00,62.8,32.0,58,965.9,9.7,255,0.0,11,2,8,61.7,50.3,42.9,12.0,59.8,71.3,48.85,31.75833333333333,42.325
2026-08-05 12:00:00,72.5,31.5,61,966.1,7.7,249,0.0,12,2,8,62.8,55.5,46.1,28.0,59.0,76.3,52.166666666666664,35.99166666666667,42.449999999999996
2026-08-05 13:00:00,76.9,30.2,69,966.8,9.0,232,0.0,13,2,8,72.5,61.7,36.6,12.0,76.9,65.8,56.56666666666666,39.699999999999996,43.012499999999996
2026-08-05 14:00:00,36.9,29.4,71,967.6,10.2,231,0.0,14,2,8,76.9,62.8,50.3,12.0,82.8,43.9,63.28333333333334,45.10833333333333,43.012499999999996
2026-08-05 15:00:00,68.4,29.0,72,968.7,9.6,229,0.0,15,2,8,36.9,72.5,55.5,12.0,87.6,45.2,61.050000000000004,47.18333333333333,41.1
2026-08-05 16:00:00,46.1,28.5,75,969.3,10.5,229,0.0,16,2,8,68.4,76.9,61.7,12.0,74.8,80.5,63.20000000000001,51.88333333333333,40.300000000000004
2026-08-05 17:00:00,58.7,28.0,77,969.3,10.2,239,0.0,17,2,8,46.1,36.9,62.8,42.9,55.5,17.5,60.6,54.725,39.10416666666667
2026-08-05 18:00:00,30.1,27.8,77,969.1,9.6,256,0.0,18,2,8,58.7,68.4,72.5,46.1,40.5,58.7,59.916666666666664,56.041666666666664,39.237500000000004
2026-08-05 19:00:00,49.4,27.1,81,968.5,7.7,254,0.0,19,2,8,30.1,46.1,76.9,36.6,20.5,21.5,52.85,54.708333333333336,38.80416666666667
2026-08-05 20:00:00,42.6,26.7,83,968.1,7.2,252,0.0,20,2,8,49.4,58.7,36.9,50.3,37.2,12.0,48.26666666666667,55.775,40.00833333333333
2026-08-05 21:00:00,12.0,26.3,86,967.8,6.5,247,0.1,21,2,8,42.6,30.1,68.4,55.5,28.1,13.3,49.21666666666667,55.13333333333333,40.233333333333334
2026-08-05 22:00:00,37.4,26.1,86,967.8,7.7,246,0.0,22,2,8,12.0,49.4,46.1,61.7,12.0,14.2,39.81666666666667,51.50833333333333,39.5625
2026-08-05 23:00:00,26.8,25.9,86,968.0,8.8,259,0.0,23,2,8,37.4,42.6,58.7,62.8,12.0,12.0,38.36666666666667,49.48333333333333,40.62083333333333
2026-08-06 00:00:00,33.8,25.5,90,967.9,7.8,236,0.0,0,3,8,26.8,12.0,30.1,72.5,28.0,23.0,33.05,46.48333333333334,41.237500000000004
2026-08-06 01:00:00,17.8,26.0,85,968.4,8.3,254,0.0,1,3,8,33.8,37.4,49.4,76.9,12.0,12.0,33.666666666666664,43.25833333333333,41.479166666666664
2026-08-06 02:00:00,14.8,27.0,81,969.0,8.1,253,0.0,2,3,8,17.8,26.8,42.6,36.9,12.0,28.9,28.400000000000002,38.333333333333336,41.72083333333333
2026-08-06 03:00:00,12.0,28.4,73,969.2,11.1,263,0.0,3,3,8,14.8,33.8,12.0,68.4,12.0,28.1,23.766666666666666,36.49166666666667,41.8375
2026-08-06 04:00:00,12.0,29.7,66,969.5,11.7,273,0.1,4,3,8,12.0,17.8,37.4,46.1,12.0,23.2,23.766666666666666,31.791666666666668,41.8375
2026-08-06 05:00:00,12.0,30.8,59,969.4,11.9,275,0.1,5,3,8,12.0,14.8,26.8,58.7,42.9,27.7,19.53333333333333,28.950000000000003,41.8375
2026-08-06 06:00:00,20.9,31.0,58,969.2,13.0,269,0.3,6,3,8,12.0,12.0,33.8,30.1,46.1,40.4,17.066666666666666,25.058333333333337,40.550000000000004
2026-08-06 07:00:00,27.6,31.6,59,968.3,13.9,272,0.2,7,3,8,20.9,12.0,17.8,49.4,36.6,48.6,14.916666666666666,24.291666666666668,39.5
2026-08-06 08:00:00,30.7,31.7,59,967.3,14.5,259,0.2,8,3,8,27.6,12.0,14.8,42.6,50.3,59.7,16.55,22.474999999999998,39.125
2026-08-06 09:00:00,58.5,32.3,56,966.6,14.0,255,0.2,9,3,8,30.7,20.9,12.0,12.0,55.5,58.8,19.2,21.483333333333334,38.30833333333333
2026-08-06 10:00:00,39.5,32.4,53,965.9,12.9,257,0.1,10,3,8,58.5,27.6,12.0,37.4,61.7,72.4,26.95,25.358333333333334,38.43333333333333
2026-08-06 11:00:00,75.4,32.2,54,965.5,11.5,256,0.0,11,3,8,39.5,30.7,12.0,26.8,62.8,59.8,31.53333333333333,25.533333333333335,37.50833333333333
2026-08-06 12:00:00,85.2,31.8,56,965.9,11.5,272,0.0,12,3,8,75.4,58.5,20.9,33.8,72.5,59.0,42.1,29.583333333333332,38.03333333333334
2026-08-06 13:00:00,79.3,30.3,65,966.4,9.6,265,0.0,13,3,8,85.2,39.5,27.6,17.8,76.9,76.9,52.81666666666666,33.86666666666667,38.5625
2026-08-06 14:00:00,59.2,29.3,71,967.1,8.3,240,0.0,14,3,8,79.3,75.4,30.7,14.8,36.9,82.8,61.43333333333334,38.99166666666667,38.6625
2026-08-06 15:00:00,73.0,28.7,73,967.7,9.4,247,0.0,15,3,8,59.2,85.2,58.5,12.0,68.4,87.6,66.18333333333332,42.69166666666666,39.59166666666667
2026-08-06 16:00:00,51.0,28.3,74,968.4,10.5,262,0.0,16,3,8,73.0,79.3,39.5,12.0,46.1,74.8,68.60000000000001,47.775,39.78333333333333
2026-08-06 17:00:00,48.9,27.8,76,968.4,9.6,279,0.0,17,3,8,51.0,59.2,75.4,12.0,58.7,55.5,70.51666666666667,51.025,39.9875
2026-08-06 18:00:00,26.5,27.4,78,968.2,9.7,282,0.0,18,3,8,48.9,73.0,85.2,20.9,30.1,40.5,66.10000000000001,54.099999999999994,39.579166666666666
2026-08-06 19:00:00,40.9,27.3,78,967.7,10.2,283,0.0,19,3,8,26.5,51.0,79.3,27.6,49.4,20.5,56.31666666666667,54.56666666666666,39.42916666666667
2026-08-06 20:00:00,17.6,26.8,79,967.2,11.3,279,0.0,20,3,8,40.9,48.9,59.2,30.7,42.6,37.2,49.916666666666664,55.675000000000004,39.075
2026-08-06 21:00:00,12.0,26.7,79,967.1,11.6,282,0.0,21,3,8,17.6,26.5,73.0,58.5,12.0,28.1,42.98333333333334,54.583333333333336,38.03333333333333
2026-08-06 22:00:00,12.0,26.3,81,967.1,10.6,279,0.0,22,3,8,12.0,40.9,51.0,39.5,37.4,12.0,32.81666666666667,50.708333333333336,38.03333333333333
2026-08-06 23:00:00,12.0,26.0,83,967.3,9.1,279,0.0,23,3,8,12.0,17.6,48.9,75.4,26.8,12.0,26.316666666666663,48.416666666666664,36.975
2026-08-07 00:00:00,24.1,26.0,84,967.0,12.0,278,0.2,0,4,8,12.0,12.0,26.5,85.2,33.8,28.0,20.166666666666668,43.13333333333333,36.35833333333333
2026-08-07 01:00:00,12.0,26.1,82,967.5,12.9,276,0.0,1,4,8,24.1,12.0,40.9,79.3,17.8,12.0,19.76666666666667,38.041666666666664,35.954166666666666
2026-08-07 02:00:00,12.0,26.7,79,968.2,11.5,273,0.0,2,4,8,12.0,12.0,17.6,59.2,14.8,12.0,14.950000000000001,32.43333333333334,35.7125
2026-08-07 03:00:00,12.0,28.1,72,968.4,16.1,286,0.0,3,4,8,12.0,24.1,12.0,73.0,12.0,12.0,14.016666666666666,28.5,35.59583333333333
2026-08-07 04:00:00,12.0,29.0,70,968.6,15.3,288,0.0,4,4,8,12.0,12.0,12.0,51.0,12.0,12.0,14.016666666666666,23.416666666666668,35.59583333333333
2026-08-07 05:00:00,39.2,28.7,70,968.8,14.7,295,0.2,5,4,8,12.0,12.0,12.0,48.9,12.0,42.9,14.016666666666666,20.166666666666668,35.59583333333333
2026-08-07 06:00:00,26.1,29.3,66,968.9,16.6,296,0.7,6,4,8,39.2,12.0,24.1,26.5,20.9,46.1,18.55,19.358333333333334,36.729166666666664
2026-08-07 07:00:00,41.6,27.3,80,968.1,14.3,280,1.2,7,4,8,26.1,12.0,12.0,40.9,27.6,36.6,18.883333333333336,19.325,36.94583333333333
2026-08-07 08:00:00,41.3,26.9,86,967.4,11.0,255,3.1,8,4,8,41.6,39.2,12.0,17.6,30.7,50.3,23.816666666666666,19.383333333333333,37.52916666666667
2026-08-07 09:00:00,47.5,27.3,88,966.7,8.8,229,2.2,9,4,8,41.3,26.1,12.0,12.0,58.5,55.5,28.7,21.358333333333334,37.97083333333334
2026-08-07 10:00:00,49.5,28.9,77,966.3,10.0,288,0.7,10,4,8,47.5,41.6,12.0,12.0,39.5,61.7,34.61666666666667,24.316666666666666,37.5125
2026-08-07 11:00:00,69.1,27.8,83,966.0,8.5,291,2.6,11,4,8,49.5,41.3,39.2,12.0,75.4,62.8,40.86666666666667,27.441666666666666,37.92916666666667
2026-08-07 12:00:00,33.8,27.7,80,966.1,11.7,285,1.6,12,4,8,69.1,47.5,26.1,24.1,85.2,72.5,45.85,32.199999999999996,37.666666666666664
2026-08-07 13:00:00,62.9,27.3,82,966.6,11.1,286,0.3,13,4,8,33.8,49.5,41.6,12.0,79.3,76.9,47.133333333333326,33.00833333333333,35.525
2026-08-07 14:00:00,62.1,27.0,83,967.4,11.2,288,0.0,14,4,8,62.9,69.1,41.3,12.0,59.2,36.9,50.68333333333333,37.25,34.84166666666666
2026-08-07 15:00:00,51.8,26.7,82,968.0,10.0,298,0.1,15,4,8,62.1,33.8,47.5,12.0,73.0,68.4,54.15,41.425000000000004,34.9625
2026-08-07 16:00:00,36.3,26.6,83,968.6,9.8,298,0.0,16,4,8,51.8,62.9,49.5,12.0,51.0,46.1,54.86666666666667,44.74166666666667,34.079166666666666
2026-08-07 17:00:00,25.7,26.2,84,968.4,11.6,289,0.0,17,4,8,36.3,62.1,69.1,39.2,48.9,58.7,52.666666666666664,46.76666666666667,33.46666666666667
2026-08-07 18:00:00,53.0,26.4,84,968.2,7.8,293,0.3,18,4,8,25.7,51.8,33.8,26.1,26.5,30.1,45.43333333333334,45.64166666666666,32.5
2026-08-07 19:00:00,51.6,26.0,85,967.9,8.9,278,0.1,19,4,8,53.0,36.3,62.9,41.6,40.9,49.4,48.63333333333333,47.883333333333326,33.604166666666664
2026-08-07 20:00:00,21.9,25.8,86,967.6,10.0,283,0.3,20,4,8,51.6,25.7,62.1,41.3,17.6,42.6,46.75,48.71666666666667,34.05
2026-08-07 21:00:00,19.1,25.4,87,967.1,9.8,284,1.1,21,4,8,21.9,53.0,51.8,47.5,12.0,12.0,40.050000000000004,47.099999999999994,34.229166666666664
2026-08-07 22:00:00,24.8,25.3,88,967.2,6.7,261,0.2,22,4,8,19.1,51.6,36.3,49.5,12.0,37.4,34.6,44.73333333333333,34.525
2026-08-07 23:00:00,13.3,24.6,91,967.1,7.6,263,0.5,23,4,8,24.8,21.9,25.7,69.1,12.0,26.8,32.68333333333333,42.675000000000004,35.05833333333334
2026-08-08 00:00:00,27.8,24.4,93,967.2,6.0,279,2.3,0,5,8,13.3,19.1,53.0,33.8,24.1,33.8,30.61666666666667,38.025,35.112500000000004
2026-08-08 01:00:00,19.2,24.4,95,967.4,6.6,254,1.6,1,5,8,27.8,24.8,51.6,62.9,12.0,17.8,26.416666666666668,37.525,35.266666666666666
2026-08-08 02:00:00,30.4,24.8,94,968.2,7.3,240,0.4,2,5,8,19.2,13.3,21.9,62.1,12.0,14.8,21.016666666666666,33.88333333333333,35.56666666666667
2026-08-08 03:00:00,12.0,25.7,89,968.7,11.2,288,1.6,3,5,8,30.4,27.8,19.1,51.8,12.0,12.0,22.433333333333334,31.241666666666664,36.333333333333336
2026-08-08 04:00:00,12.0,27.1,84,969.0,12.1,295,0.5,4,5,8,12.0,19.2,24.8,36.3,12.0,12.0,21.25,27.924999999999997,36.333333333333336
2026-08-08 05:00:00,21.7,28.6,77,969.1,13.0,303,0.3,5,5,8,12.0,30.4,13.3,25.7,39.2,12.0,19.116666666666664,25.899999999999995,36.333333333333336
2026-08-08 06:00:00,33.2,29.1,72,969.2,13.1,293,0.2,6,5,8,21.7,12.0,27.8,53.0,26.1,20.9,20.516666666666666,25.566666666666666,35.604166666666664
2026-08-08 07:00:00,14.1,30.4,67,968.4,14.2,294,0.2,7,5,8,33.2,12.0,19.2,51.6,41.6,27.6,21.416666666666668,23.916666666666668,35.9
2026-08-08 08:00:00,22.5,30.8,64,967.7,16.2,299,0.1,8,5,8,14.1,21.7,30.4,21.9,41.3,30.7,20.566666666666666,20.791666666666668,34.75416666666667
2026-08-08 09:00:00,29.7,30.2,66,966.9,14.9,297,0.0,9,5,8,22.5,33.2,12.0,19.1,47.5,58.5,19.25,20.84166666666667,33.97083333333333
2026-08-08 10:00:00,31.6,30.5,65,966.4,13.8,292,0.1,10,5,8,29.7,14.1,12.0,24.8,49.5,39.5,22.200000000000003,21.724999999999998,33.229166666666664
2026-08-08 11:00:00,56.4,29.6,69,966.1,12.7,278,0.0,11,5,8,31.6,22.5,21.7,13.3,69.1,75.4,25.46666666666667,22.291666666666668,32.483333333333334
2026-08-08 12:00:00,65.7,26.6,86,966.9,12.8,280,1.4,12,5,8,56.4,29.7,33.2,27.8,33.8,85.2,31.25,25.883333333333336,31.954166666666666
2026-08-08 13:00:00,70.5,26.5,92,967.5,10.1,274,2.1,13,5,8,65.7,31.6,14.1,19.2,62.9,79.3,36.666666666666664,29.041666666666668,33.28333333333333
2026-08-08 14:00:00,52.6,26.3,87,967.8,12.9,290,0.2,14,5,8,70.5,56.4,22.5,30.4,62.1,59.2,46.06666666666666,33.31666666666667,33.6
2026-08-08 15:00:00,53.6,26.1,87,968.1,11.4,281,0.0,15,5,8,52.6,65.7,29.7,12.0,51.8,73.0,51.083333333333336,35.166666666666664,33.204166666666666
2026-08-08 16:00:00,39.7,26.0,88,969.3,9.1,279,0.0,16,5,8,53.6,70.5,31.6,12.0,36.3,51.0,55.06666666666667,38.63333333333333,33.27916666666667
2026-08-08 17:00:00,46.5,25.6,89,969.9,8.4,281,0.4,17,5,8,39.7,52.6,56.4,21.7,25.7,48.9,56.416666666666664,40.94166666666667,33.420833333333334
2026-08-08 18:00:00,12.0,25.6,89,969.2,11.8,290,2.5,18,5,8,46.5,53.6,65.7,33.2,53.0,26.5,54.76666666666667,43.00833333333333,34.2875
2026-08-08 19:00:00,12.0,24.8,93,968.9,12.2,301,2.0,19,5,8,12.0,39.7,70.5,14.1,51.6,40.9,45.81666666666666,41.24166666666667,32.57916666666667
2026-08-08 20:00:00,22.3,24.9,94,968.8,6.3,285,2.4,20,5,8,12.0,46.5,52.6,22.5,21.9,17.6,36.06666666666667,41.06666666666667,30.92916666666667
2026-08-08 21:00:00,12.0,25.2,93,968.3,10.3,276,0.2,21,5,8,22.3,12.0,53.6,29.7,19.1,12.0,31.01666666666667,41.050000000000004,30.945833333333336
2026-08-08 22:00:00,12.0,25.2,91,968.0,10.6,266,0.0,22,5,8,12.0,12.0,39.7,31.6,24.8,12.0,24.083333333333332,39.574999999999996,30.650000000000002
2026-08-08 23:00:00,17.5,25.2,88,967.8,11.7,270,0.0,23,5,8,12.0,22.3,46.5,56.4,13.3,12.0,19.466666666666665,37.94166666666667,30.116666666666664
2026-08-09 00:00:00,12.0,25.5,87,968.1,12.8,286,0.0,0,6,8,17.5,12.0,12.0,65.7,27.8,24.1,14.633333333333333,34.699999999999996,30.291666666666668
2026-08-09 01:00:00,12.0,25.0,88,968.4,13.2,287,0.4,1,6,8,12.0,12.0,12.0,70.5,19.2,12.0,14.633333333333333,30.224999999999998,29.633333333333336
2026-08-09 02:00:00,12.0,25.7,86,968.6,14.5,281,0.7,2,6,8,12.0,17.5,22.3,52.6,30.4,12.0,14.633333333333333,25.349999999999998,29.333333333333332
2026-08-09 03:00:00,18.3,26.9,80,969.0,11.9,272,0.0,3,6,8,12.0,12.0,12.0,53.6,12.0,12.0,12.916666666666666,21.96666666666667,28.566666666666666
2026-08-09 04:00:00,16.4,27.9,75,969.5,13.5,272,0.0,4,6,8,18.3,12.0,12.0,39.7,12.0,12.0,13.966666666666669,19.025000000000002,28.829166666666666
2026-08-09 05:00:00,12.0,28.8,71,969.6,16.3,293,0.1,5,6,8,16.4,12.0,17.5,46.5,21.7,39.2,14.700000000000001,17.083333333333332,29.012500000000003
2026-08-09 06:00:00,12.0,29.9,66,969.3,14.9,285,0.1,6,6,8,12.0,18.3,12.0,12.0,33.2,26.1,13.783333333333333,14.208333333333334,28.608333333333334
2026-08-09 07:00:00,24.6,31.1,62,968.6,14.9,287,0.0,7,6,8,12.0,16.4,12.0,12.0,14.1,41.6,13.783333333333333,14.208333333333334,27.725000000000005
2026-08-09 08:00:00,36.0,31.4,61,967.9,13.9,290,0.0,8,6,8,24.6,12.0,12.0,22.3,22.5,41.3,15.883333333333335,15.258333333333335,28.162499999999998
2026-08-09 09:00:00,53.6,30.1,65,967.2,12.6,259,1.2,9,6,8,36.0,12.0,18.3,12.0,29.7,47.5,19.883333333333336,16.400000000000002,28.724999999999998
2026-08-09 10:00:00,39.7,26.9,79,967.3,17.3,312,1.5,10,6,8,53.6,24.6,16.4,12.0,31.6,49.5,25.766666666666666,19.866666666666667,29.72083333333333
2026-08-09 11:00:00,59.4,25.7,90,966.7,9.1,279,4.1,11,6,8,39.7,36.0,12.0,17.5,56.4,69.1,29.649999999999995,22.175,30.058333333333334
2026-08-09 12:00:00,79.0,26.7,88,967.7,9.3,245,0.4,12,6,8,59.4,53.6,12.0,12.0,65.7,33.8,37.55,25.666666666666668,30.183333333333334
2026-08-09 13:00:00,43.3,26.3,88,968.3,10.5,258,0.3,13,6,8,79.0,39.7,24.6,12.0,70.5,62.9,48.71666666666667,31.25,30.7375
2026-08-09 14:00:00,49.5,25.9,90,968.5,12.1,274,0.6,14,6,8,43.3,59.4,36.0,12.0,52.6,62.1,51.833333333333336,33.858333333333334,29.604166666666668
2026-08-09 15:00:00,52.1,25.7,92,969.0,11.3,270,1.1,15,6,8,49.5,79.0,53.6,18.3,53.6,51.8,54.083333333333336,36.983333333333334,29.474999999999998
2026-08-09 16:00:00,58.8,25.5,93,969.7,11.2,265,1.3,16,6,8,52.1,43.3,39.7,16.4,39.7,36.3,53.83333333333332,39.8,29.412499999999998
2026-08-09 17:00:00,13.6,25.2,93,970.0,12.1,258,1.4,17,6,8,58.8,49.5,59.4,12.0,46.5,25.7,57.01666666666666,43.333333333333336,30.208333333333332
2026-08-09 18:00:00,42.9,24.6,92,969.4,13.6,250,0.9,18,6,8,13.6,52.1,79.0,12.0,12.0,53.0,49.38333333333333,43.46666666666667,28.837499999999995
2026-08-09 19:00:00,12.0,24.6,92,968.9,12.3,248,0.1,19,6,8,42.9,58.8,43.3,24.6,12.0,51.6,43.36666666666667,46.041666666666664,30.125
2026-08-09 20:00:00,12.0,24.7,93,968.3,10.7,241,0.0,20,6,8,12.0,13.6,49.5,36.0,22.3,21.9,38.15,44.99166666666667,30.125
2026-08-09 21:00:00,12.0,24.9,94,967.9,9.8,240,0.0,21,6,8,12.0,42.9,52.1,53.6,12.0,19.1,31.899999999999995,42.99166666666667,29.695833333333336
2026-08-09 22:00:00,12.3,24.9,93,967.7,10.7,240,0.0,22,6,8,12.0,12.0,58.8,39.7,12.0,24.8,25.216666666666665,39.525,29.695833333333336
2026-08-09 23:00:00,12.0,25.0,92,967.5,10.9,241,0.0,23,6,8,12.3,12.0,13.6,59.4,17.5,13.3,17.46666666666667,37.24166666666667,29.708333333333332
2026-08-10 00:00:00,12.0,24.9,92,967.9,10.9,232,0.0,0,0,8,12.0,12.0,42.9,79.0,12.0,27.8,17.2,33.291666666666664,29.479166666666668
2026-08-10 01:00:00,12.0,25.0,91,968.2,12.6,243,0.0,1,0,8,12.0,12.3,12.0,43.3,12.0,19.2,12.049999999999999,27.708333333333332,29.479166666666668
2026-08-10 02:00:00,12.0,26.2,84,968.8,12.5,252,0.0,2,0,8,12.0,12.0,12.0,49.5,12.0,30.4,12.049999999999999,25.099999999999998,29.479166666666668
2026-08-10 03:00:00,12.0,27.3,77,969.0,15.1,262,0.0,3,0,8,12.0,12.0,12.0,52.1,18.3,12.0,12.049999999999999,21.974999999999998,29.479166666666668
2026-08-10 04:00:00,12.0,28.3,72,969.5,15.3,271,0.3,4,0,8,12.0,12.0,12.3,58.8,16.4,12.0,12.049999999999999,18.633333333333333,29.21666666666667
2026-08-10 05:00:00,12.0,29.1,68,969.4,15.5,273,0.4,5,0,8,12.0,12.0,12.0,13.6,12.0,21.7,12.0,14.733333333333334,29.03333333333333
2026-08-10 06:00:00,12.0,29.6,66,969.6,14.0,279,0.3,6,0,8,12.0,12.0,12.0,42.9,12.0,33.2,12.0,14.600000000000001,29.03333333333333
2026-08-10 07:00:00,25.1,30.1,65,969.3,13.1,277,0.3,7,0,8,12.0,12.0,12.0,12.0,24.6,14.1,12.0,12.025,29.03333333333333
2026-08-10 08:00:00,52.5,30.4,64,968.4,13.9,276,0.1,8,0,8,25.1,12.0,12.0,12.0,36.0,22.5,14.183333333333335,13.116666666666667,29.05416666666667
2026-08-10 09:00:00,27.3,30.4,64,967.2,15.2,265,0.2,9,0,8,52.5,12.0,12.0,12.0,53.6,29.7,20.933333333333334,16.491666666666667,29.74166666666667
2026-08-10 10:00:00,47.6,30.5,61,966.7,17.0,263,0.4,10,0,8,27.3,25.1,12.0,12.3,39.7,31.6,23.483333333333334,17.76666666666667,28.645833333333332
2026-08-10 11:00:00,27.0,29.3,68,966.6,15.0,281,0.7,11,0,8,47.6,52.5,12.0,12.0,59.4,56.4,29.416666666666668,20.708333333333332,28.974999999999998
2026-08-10 12:00:00,66.7,27.5,80,967.2,14.1,280,0.1,12,0,8,27.0,27.3,12.0,12.0,79.0,65.7,31.916666666666668,21.958333333333332,27.625
2026-08-10 13:00:00,67.1,27.2,82,967.4,11.9,275,0.1,13,0,8,66.7,47.6,25.1,12.0,43.3,70.5,41.03333333333334,26.516666666666666,27.1125
2026-08-10 14:00:00,76.6,26.7,83,968.0,10.8,269,0.0,14,0,8,67.1,27.0,52.5,12.0,49.5,52.6,48.03333333333334,31.108333333333334,28.104166666666668
2026-08-10 15:00:00,45.9,26.3,81,968.5,10.3,271,0.0,15,0,8,76.6,66.7,27.3,12.0,52.1,53.6,52.050000000000004,36.49166666666667,29.233333333333334
2026-08-10 16:00:00,65.6,25.9,80,969.2,8.3,268,0.0,16,0,8,45.9,67.1,47.6,12.0,58.8,39.7,55.15,39.31666666666667,28.974999999999998
2026-08-10 17:00:00,55.9,25.4,81,969.3,7.3,253,0.0,17,0,8,65.6,76.6,27.0,12.0,13.6,46.5,58.15,43.78333333333333,29.25833333333333
2026-08-10 18:00:00,83.0,25.1,83,969.2,7.9,237,0.0,18,0,8,55.9,45.9,66.7,12.0,42.9,12.0,62.96666666666666,47.44166666666666,31.020833333333332
2026-08-10 19:00:00,19.0,24.9,87,968.7,8.0,236,0.0,19,0,8,83.0,65.6,67.1,25.1,12.0,12.0,65.68333333333334,53.35833333333333,32.69166666666666
2026-08-10 20:00:00,39.0,24.9,88,968.0,7.9,240,0.0,20,0,8,19.0,55.9,76.6,52.5,12.0,22.3,57.666666666666664,52.849999999999994,32.98333333333333
2026-08-10 21:00:00,16.2,25.0,88,967.6,8.9,243,0.0,21,0,8,39.0,83.0,45.9,27.3,12.0,12.0,51.4,51.724999999999994,34.10833333333333
2026-08-10 22:00:00,12.0,24.8,88,967.3,9.4,241,0.0,22,0,8,16.2,19.0,65.6,47.6,12.3,12.0,46.45000000000001,50.800000000000004,34.28333333333333
2026-08-10 23:00:00,20.7,24.5,90,967.4,8.2,241,0.0,23,0,8,12.0,39.0,55.9,27.0,12.0,17.5,37.516666666666666,47.833333333333336,34.270833333333336
2026-08-11 00:00:00,12.0,24.4,89,967.5,9.0,241,0.0,0,1,8,20.7,16.2,83.0,66.7,12.0,12.0,31.650000000000002,47.30833333333333,34.63333333333333
2026-08-11 01:00:00,19.5,24.7,87,968.2,9.5,243,0.0,1,1,8,12.0,12.0,19.0,67.1,12.0,12.0,19.816666666666666,42.75,34.63333333333333
2026-08-11 02:00:00,12.0,25.8,82,968.7,9.7,254,0.0,2,1,8,19.5,20.7,39.0,76.6,12.0,12.0,19.900000000000002,38.78333333333333,34.94583333333333
2026-08-11 03:00:00,12.0,27.1,76,968.9,13.5,261,0.0,3,1,8,12.0,12.0,16.2,45.9,12.0,18.3,15.4,33.4,34.94583333333333
2026-08-11 04:00:00,12.0,28.4,70,969.3,13.9,260,0.0,4,1,8,12.0,19.5,12.0,65.6,12.0,16.4,14.699999999999998,30.575,34.94583333333333
2026-08-11 05:00:00,40.0,29.1,67,969.2,12.3,249,0.1,5,1,8,12.0,12.0,20.7,55.9,12.0,12.0,14.699999999999998,26.108333333333334,34.94583333333333
2026-08-11 06:00:00,27.4,29.7,63,969.0,12.8,255,0.3,6,1,8,40.0,12.0,12.0,83.0,12.0,12.0,17.916666666666668,24.783333333333335,36.1125
2026-08-11 07:00:00,49.2,30.0,62,968.3,13.5,262,0.5,7,1,8,27.4,12.0,19.5,19.0,25.1,24.6,20.483333333333334,20.150000000000002,36.75416666666667
2026-08-11 08:00:00,51.5,29.8,65,967.5,12.6,260,0.5,8,1,8,49.2,40.0,12.0,39.0,52.5,36.0,25.433333333333337,22.666666666666668,37.75833333333333
2026-08-11 09:00:00,30.2,30.2,67,966.3,10.6,261,0.4,9,1,8,51.5,27.4,12.0,16.2,27.3,53.6,32.01666666666667,23.708333333333332,37.71666666666666
2026-08-11 10:00:00,74.3,30.5,67,965.4,8.6,250,0.1,10,1,8,30.2,49.2,12.0,12.0,47.6,39.7,35.050000000000004,24.875,37.8375
2026-08-11 11:00:00,54.1,26.7,86,965.2,12.3,295,3.4,11,1,8,74.3,51.5,40.0,20.7,27.0,59.4,45.43333333333334,30.066666666666666,38.949999999999996
2026-08-11 12:00:00,48.2,27.0,89,965.4,10.1,254,0.8,12,1,8,54.1,30.2,27.4,12.0,66.7,79.0,47.78333333333333,32.85,40.079166666666666
2026-08-11 13:00:00,61.1,26.9,89,966.4,9.4,238,0.5,13,1,8,48.2,74.3,49.2,19.5,67.1,43.3,51.25,35.86666666666667,39.30833333333333
2026-08-11 14:00:00,64.8,26.2,90,966.9,10.2,238,0.0,14,1,8,61.1,54.1,51.5,12.0,76.6,49.5,53.23333333333333,39.333333333333336,39.05833333333334
2026-08-11 15:00:00,49.6,26.0,91,967.8,9.4,222,0.0,15,1,8,64.8,48.2,30.2,12.0,45.9,52.1,55.449999999999996,43.73333333333334,38.56666666666667
2026-08-11 16:00:00,62.1,25.8,92,969.0,9.1,231,0.0,16,1,8,49.6,61.1,74.3,12.0,65.6,58.8,58.68333333333334,46.86666666666667,38.72083333333334
2026-08-11 17:00:00,35.9,25.7,92,969.0,10.2,238,0.1,17,1,8,62.1,64.8,54.1,40.0,55.9,13.6,56.65,51.041666666666664,38.574999999999996
2026-08-11 18:00:00,20.8,25.6,91,968.7,10.1,241,0.0,18,1,8,35.9,49.6,48.2,27.4,83.0,42.9,53.616666666666674,50.699999999999996,37.74166666666667
2026-08-11 19:00:00,48.8,25.4,90,968.5,9.3,243,0.0,19,1,8,20.8,62.1,61.1,49.2,19.0,12.0,49.04999999999999,50.150000000000006,35.15
2026-08-11 20:00:00,12.0,25.2,90,967.9,9.1,243,0.0,20,1,8,48.8,35.9,64.8,51.5,39.0,12.0,47.0,50.11666666666667,36.39166666666667
2026-08-11 21:00:00,16.1,25.0,91,967.7,9.6,240,0.0,21,1,8,12.0,20.8,49.6,30.2,16.2,12.0,38.199999999999996,46.824999999999996,35.26666666666667
2026-08-11 22:00:00,12.0,25.0,90,967.8,13.1,238,0.2,22,1,8,16.1,48.8,62.1,74.3,12.0,12.3,32.61666666666667,45.65,35.262499999999996
2026-08-11 23:00:00,12.0,24.2,94,967.8,12.0,233,0.1,23,1,8,12.0,12.0,35.9,54.1,20.7,12.0,24.26666666666667,40.458333333333336,35.262499999999996
2026-08-12 00:00:00,12.0,24.2,98,967.8,9.9,218,0.1,0,2,8,12.0,16.1,20.8,48.2,12.0,12.0,20.283333333333335,36.949999999999996,34.9
2026-08-12 01:00:00,12.0,24.2,97,968.2,10.0,229,0.0,1,2,8,12.0,12.0,48.8,61.1,19.5,12.0,18.816666666666666,33.93333333333333,34.9
2026-08-12 02:00:00,12.0,25.2,90,968.8,13.2,241,0.0,2,2,8,12.0,12.0,12.0,64.8,12.0,12.0,12.683333333333332,29.84166666666667,34.5875
2026-08-12 03:00:00,12.0,26.8,84,969.1,12.6,239,0.0,3,2,8,12.0,12.0,16.1,49.6,12.0,12.0,12.683333333333332,25.441666666666666,34.5875
2026-08-12 04:00:00,14.0,27.1,82,969.3,13.0,239,0.0,4,2,8,12.0,12.0,12.0,62.1,12.0,12.0,12.0,22.308333333333334,34.5875
2026-08-12 05:00:00,24.9,27.9,78,969.4,12.2,246,0.1,5,2,8,14.0,12.0,12.0,35.9,40.0,12.0,12.333333333333334,18.3,34.670833333333334
2026-08-12 06:00:00,12.0,28.2,75,969.6,13.2,241,0.0,6,2,8,24.9,12.0,12.0,20.8,27.4,12.0,14.483333333333334,17.383333333333333,34.041666666666664
2026-08-12 07:00:00,41.2,29.5,70,969.0,13.8,244,0.2,7,2,8,12.0,14.0,12.0,48.8,49.2,25.1,14.483333333333334,16.650000000000002,33.4
2026-08-12 08:00:00,42.3,30.5,67,968.5,12.5,245,0.0,8,2,8,41.2,24.9,12.0,12.0,51.5,52.5,19.349999999999998,16.016666666666666,33.06666666666667
2026-08-12 09:00:00,61.1,30.8,66,967.8,12.7,247,0.0,9,2,8,42.3,12.0,12.0,16.1,30.2,27.3,24.400000000000002,18.541666666666668,32.68333333333334
2026-08-12 10:00:00,43.4,29.9,68,967.4,12.7,258,0.0,10,2,8,61.1,41.2,14.0,12.0,74.3,47.6,32.583333333333336,22.291666666666668,33.97083333333333
2026-08-12 11:00:00,59.0,28.7,76,967.1,12.7,282,0.3,11,2,8,43.4,42.3,24.9,12.0,54.1,27.0,37.483333333333334,24.90833333333333,32.68333333333334
2026-08-12 12:00:00,60.4,29.2,71,967.7,14.1,281,0.1,12,2,8,59.0,61.1,12.0,12.0,48.2,66.7,43.166666666666664,28.825,32.887499999999996
2026-08-12 13:00:00,47.4,28.1,76,968.2,12.1,267,0.0,13,2,8,60.4,43.4,41.2,12.0,61.1,67.1,51.23333333333333,32.858333333333334,33.395833333333336
2026-08-12 14:00:00,58.5,27.3,80,969.4,10.5,257,0.0,14,2,8,47.4,59.0,42.3,12.0,64.8,76.6,52.26666666666667,35.80833333333333,32.825
2026-08-12 15:00:00,60.7,26.9,82,970.3,9.8,256,0.0,15,2,8,58.5,60.4,61.1,12.0,49.6,45.9,54.96666666666667,39.68333333333333,32.5625
2026-08-12 16:00:00,58.5,26.7,84,971.3,9.0,264,0.0,16,2,8,60.7,47.4,43.4,14.0,62.1,65.6,54.900000000000006,43.74166666666667,33.025
2026-08-12 17:00:00,61.5,26.2,87,971.4,8.1,267,0.0,17,2,8,58.5,58.5,59.0,24.9,35.9,55.9,57.416666666666664,47.449999999999996,32.875
2026-08-12 18:00:00,41.8,26.1,83,971.4,10.6,273,0.0,18,2,8,61.5,60.7,60.4,12.0,20.8,83.0,57.833333333333336,50.5,33.94166666666666
2026-08-12 19:00:00,34.6,25.6,84,971.2,9.9,271,0.0,19,2,8,41.8,58.5,47.4,41.2,48.8,19.0,54.73333333333334,52.98333333333334,34.81666666666667
2026-08-12 20:00:00,26.0,25.1,86,970.8,8.5,265,0.0,20,2,8,34.6,61.5,58.5,42.3,12.0,39.0,52.599999999999994,52.43333333333333,34.225
2026-08-12 21:00:00,12.0,24.8,87,970.3,8.7,264,0.0,21,2,8,26.0,41.8,60.7,61.1,16.1,16.2,47.18333333333333,51.074999999999996,34.80833333333334
2026-08-12 22:00:00,12.0,24.6,87,970.0,8.7,264,0.0,22,2,8,12.0,34.6,58.5,43.4,12.0,12.0,39.06666666666666,46.98333333333333,34.6375
2026-08-12 23:00:00,12.0,24.5,87,970.2,9.2,263,0.0,23,2,8,12.0,26.0,61.5,59.0,12.0,20.7,31.316666666666663,44.36666666666667,34.6375
2026-08-13 00:00:00,15.0,24.8,89,970.3,8.6,271,0.0,0,3,8,12.0,12.0,41.8,60.4,12.0,12.0,23.066666666666663,40.45,34.6375
2026-08-13 01:00:00,32.3,24.9,89,970.8,7.4,257,0.0,1,3,8,15.0,12.0,34.6,47.4,12.0,19.5,18.6,36.666666666666664,34.7625
2026-08-13 02:00:00,12.0,25.8,83,971.4,9.9,258,0.0,2,3,8,32.3,12.0,26.0,58.5,12.0,12.0,18.216666666666665,35.40833333333334,35.608333333333334
2026-08-13 03:00:00,12.0,26.7,76,971.3,11.9,255,0.0,3,3,8,12.0,15.0,12.0,60.7,12.0,12.0,15.883333333333333,31.533333333333335,35.608333333333334
2026-08-13 04:00:00,16.5,28.1,70,971.6,12.5,266,0.0,4,3,8,12.0,32.3,12.0,58.5,14.0,12.0,15.883333333333333,27.475000000000005,35.608333333333334
2026-08-13 05:00:00,12.0,29.3,65,971.7,13.9,281,0.0,5,3,8,16.5,12.0,12.0,61.5,24.9,40.0,16.633333333333333,23.975000000000005,35.7125
2026-08-13 06:00:00,12.0,29.9,62,971.4,14.1,284,0.1,6,3,8,12.0,12.0,15.0,41.8,12.0,27.4,16.633333333333333,19.849999999999998,35.175000000000004
2026-08-13 07:00:00,21.7,30.8,58,970.7,14.7,281,0.5,7,3,8,12.0,16.5,32.3,34.6,41.2,49.2,16.133333333333333,17.366666666666664,35.175000000000004
2026-08-13 08:00:00,53.3,31.0,59,970.2,12.4,278,0.5,8,3,8,21.7,12.0,12.0,26.0,42.3,51.5,14.366666666666667,16.291666666666668,34.362500000000004
2026-08-13 09:00:00,35.4,31.2,61,969.0,12.5,274,0.1,9,3,8,53.3,12.0,12.0,12.0,61.1,30.2,21.25,18.566666666666666,34.82083333333333
2026-08-13 10:00:00,64.0,29.4,71,968.3,12.2,284,1.1,10,3,8,35.4,21.7,16.5,12.0,43.4,74.3,25.150000000000002,20.516666666666666,33.75
2026-08-13 11:00:00,76.6,29.9,70,967.7,9.6,249,0.0,11,3,8,64.0,53.3,12.0,12.0,59.0,54.1,33.06666666666667,24.849999999999998,34.60833333333333
2026-08-13 12:00:00,67.3,29.8,68,968.5,12.5,274,0.0,12,3,8,76.6,35.4,12.0,15.0,60.4,48.2,43.833333333333336,30.23333333333333,35.34166666666666
2026-08-13 13:00:00,54.9,28.8,73,969.0,10.1,268,0.0,13,3,8,67.3,64.0,21.7,32.3,47.4,61.1,53.050000000000004,34.59166666666666,35.62916666666666
2026-08-13 14:00:00,49.4,28.1,76,969.9,10.3,270,0.0,14,3,8,54.9,76.6,53.3,12.0,58.5,64.8,58.583333333333336,36.475,35.94166666666667
2026-08-13 15:00:00,45.3,27.5,78,970.4,10.4,281,0.0,15,3,8,49.4,67.3,35.4,12.0,60.7,49.6,57.93333333333334,39.59166666666666,35.5625
2026-08-13 16:00:00,55.3,26.9,81,971.0,9.6,278,0.0,16,3,8,45.3,54.9,64.0,16.5,58.5,62.1,59.583333333333336,42.36666666666667,34.92083333333333
2026-08-13 17:00:00,31.6,26.5,82,971.0,9.0,272,0.0,17,3,8,55.3,49.4,76.6,12.0,61.5,35.9,58.13333333333333,45.599999999999994,34.787499999999994
2026-08-13 18:00:00,40.3,26.4,84,970.7,8.3,268,0.0,18,3,8,31.6,45.3,67.3,12.0,41.8,20.8,50.63333333333333,47.23333333333333,33.541666666666664
2026-08-13 19:00:00,37.0,26.0,86,970.7,7.3,260,0.0,19,3,8,40.3,55.3,54.9,21.7,34.6,48.8,46.133333333333326,49.59166666666666,33.479166666666664
2026-08-13 20:00:00,27.0,25.8,86,970.5,8.7,256,0.0,20,3,8,37.0,31.6,49.4,53.3,26.0,12.0,43.15,50.86666666666667,33.579166666666666
2026-08-13 21:00:00,12.0,25.4,87,969.9,9.9,261,0.0,21,3,8,27.0,40.3,45.3,35.4,12.0,16.1,39.416666666666664,48.67499999999999,33.62083333333333
2026-08-13 22:00:00,12.0,25.2,89,969.8,9.6,264,0.0,22,3,8,12.0,37.0,55.3,64.0,12.0,12.0,33.86666666666667,46.724999999999994,33.62083333333333
2026-08-13 23:00:00,19.7,25.1,89,969.8,8.5,264,0.0,23,3,8,12.0,27.0,31.6,76.6,12.0,12.0,26.650000000000002,42.391666666666666,33.62083333333333
2026-08-14 00:00:00,12.0,24.7,93,969.4,10.8,259,0.0,0,4,8,19.7,12.0,40.3,67.3,15.0,12.0,24.666666666666668,37.65,33.94166666666666
2026-08-14 01:00:00,12.0,24.7,93,970.1,10.6,260,0.1,1,4,8,12.0,12.0,37.0,54.9,32.3,12.0,19.95,33.041666666666664,33.81666666666666
2026-08-14 02:00:00,12.0,25.5,87,970.8,9.6,258,0.0,2,4,8,12.0,19.7,27.0,49.4,12.0,12.0,15.783333333333331,29.466666666666665,32.97083333333333
2026-08-14 03:00:00,40.0,26.5,81,971.1,11.4,275,0.1,3,4,8,12.0,12.0,12.0,45.3,12.0,12.0,13.283333333333331,26.349999999999998,32.97083333333333
2026-08-14 04:00:00,12.0,27.7,75,971.4,12.1,285,0.3,4,4,8,40.0,12.0,12.0,55.3,16.5,14.0,17.95,25.90833333333333,34.137499999999996
2026-08-14 05:00:00,35.4,28.6,71,971.4,12.0,279,0.4,5,4,8,12.0,12.0,19.7,31.6,12.0,24.9,17.95,22.3,33.949999999999996
2026-08-14 06:00:00,54.1,28.0,74,971.3,10.9,299,0.2,6,4,8,35.4,40.0,12.0,40.3,12.0,12.0,20.566666666666666,22.616666666666664,34.925
2026-08-14 07:00:00,40.0,28.1,75,970.7,11.1,295,0.7,7,4,8,54.1,12.0,12.0,37.0,21.7,41.2,27.583333333333332,23.766666666666666,36.67916666666667
2026-08-14 08:00:00,42.1,27.8,76,970.0,11.9,288,0.3,8,4,8,40.0,35.4,12.0,27.0,53.3,42.3,32.25,24.016666666666666,37.44166666666666
2026-08-14 09:00:00,33.3,27.7,75,969.3,12.1,300,0.1,9,4,8,42.1,54.1,40.0,12.0,35.4,61.1,37.266666666666666,25.275000000000002,36.975
2026-08-14 10:00:00,42.9,27.7,77,968.9,10.9,292,0.0,10,4,8,33.3,40.0,12.0,12.0,64.0,43.4,36.15,27.049999999999997,36.887499999999996
2026-08-14 11:00:00,44.1,27.8,77,968.1,10.8,288,0.0,11,4,8,42.9,42.1,35.4,19.7,76.6,59.0,41.300000000000004,29.625,36.00833333333333
2026-08-14 12:00:00,68.8,28.7,72,968.6,12.1,288,0.0,12,4,8,44.1,33.3,54.1,12.0,67.3,60.4,42.75,31.65833333333333,34.65416666666666
2026-08-14 13:00:00,49.8,27.8,77,968.6,9.7,282,0.0,13,4,8,68.8,42.9,40.0,12.0,54.9,47.4,45.199999999999996,36.391666666666666,34.71666666666667
2026-08-14 14:00:00,74.8,27.2,80,969.5,9.0,269,0.0,14,4,8,49.8,44.1,42.1,12.0,49.4,58.5,46.833333333333336,39.541666666666664,34.50416666666666
2026-08-14 15:00:00,67.3,27.0,81,970.2,10.4,255,0.0,15,4,8,74.8,68.8,33.3,40.0,45.3,60.7,52.28333333333333,44.775,35.5625
2026-08-14 16:00:00,24.9,26.9,81,970.6,11.5,280,0.0,16,4,8,67.3,49.8,42.9,12.0,55.3,58.5,57.949999999999996,47.050000000000004,36.479166666666664
2026-08-14 17:00:00,64.9,26.5,83,970.8,11.2,271,0.0,17,4,8,24.9,74.8,44.1,35.4,31.6,61.5,54.949999999999996,48.125,35.2125
2026-08-14 18:00:00,26.2,26.1,83,970.3,12.8,266,0.0,18,4,8,64.9,67.3,68.8,54.1,40.3,41.8,58.416666666666664,50.583333333333336,36.6
2026-08-14 19:00:00,12.0,25.6,86,969.9,10.9,262,0.0,19,4,8,26.2,24.9,49.8,40.0,37.0,34.6,51.31666666666667,48.25833333333333,36.012499999999996
2026-08-14 20:00:00,22.9,25.6,87,969.5,11.9,272,0.0,20,4,8,12.0,64.9,74.8,42.1,27.0,26.0,45.01666666666667,45.925000000000004,34.97083333333333
2026-08-14 21:00:00,20.2,25.6,86,969.1,12.4,273,0.0,21,4,8,22.9,26.2,67.3,33.3,12.0,12.0,36.36666666666667,44.324999999999996,34.8
2026-08-14 22:00:00,24.6,25.3,87,969.0,11.5,261,0.0,22,4,8,20.2,12.0,24.9,42.9,12.0,12.0,28.516666666666662,43.23333333333333,35.141666666666666
2026-08-14 23:00:00,12.0,24.9,90,968.9,12.4,256,0.0,23,4,8,24.6,22.9,64.9,44.1,19.7,12.0,28.46666666666667,41.70833333333333,35.666666666666664
2026-08-15 00:00:00,12.0,24.8,91,969.1,13.2,274,0.0,0,5,8,12.0,20.2,26.2,68.8,12.0,15.0,19.650000000000002,39.03333333333333,35.34583333333333
2026-08-15 01:00:00,12.0,24.7,92,969.8,13.0,271,0.7,1,5,8,12.0,24.6,12.0,49.8,12.0,32.3,17.28333333333333,34.3,35.34583333333333
2026-08-15 02:00:00,12.0,24.7,94,970.2,13.2,265,1.3,2,5,8,12.0,12.0,22.9,74.8,12.0,12.0,17.28333333333333,31.149999999999995,35.34583333333333
2026-08-15 03:00:00,12.0,25.4,92,970.3,13.7,266,1.1,3,5,8,12.0,12.0,20.2,67.3,40.0,12.0,15.466666666666669,25.916666666666668,35.34583333333333
2026-08-15 04:00:00,12.0,26.2,86,970.7,14.9,271,0.3,4,5,8,12.0,12.0,24.6,24.9,12.0,16.5,14.1,21.308333333333334,34.17916666666667
2026-08-15 05:00:00,12.4,27.4,82,970.9,13.2,264,0.0,5,5,8,12.0,12.0,12.0,64.9,35.4,12.0,12.0,20.233333333333334,34.17916666666667
2026-08-15 06:00:00,12.0,29.1,71,971.0,16.1,277,0.1,6,5,8,12.4,12.0,12.0,26.2,54.1,12.0,12.066666666666668,15.858333333333334,33.22083333333334
2026-08-15 07:00:00,13.0,28.6,74,970.0,17.7,279,0.9,7,5,8,12.0,12.0,12.0,12.0,40.0,21.7,12.066666666666668,14.675000000000002,31.46666666666667
2026-08-15 08:00:00,19.3,29.6,69,969.3,18.2,284,0.1,8,5,8,13.0,12.4,12.0,22.9,42.1,53.3,12.233333333333334,14.758333333333335,30.34166666666667
2026-08-15 09:00:00,35.0,29.2,70,968.3,16.7,278,0.0,9,5,8,19.3,12.0,12.0,20.2,33.3,35.4,13.450000000000001,14.458333333333334,29.391666666666666
2026-08-15 10:00:00,34.3,29.0,71,967.9,17.5,274,0.0,10,5,8,35.0,13.0,12.0,24.6,42.9,64.0,17.283333333333335,15.691666666666668,29.462500000000002
2026-08-15 11:00:00,28.9,29.0,72,967.6,15.7,279,0.0,11,5,8,34.3,19.3,12.4,12.0,44.1,76.6,21.0,16.5,29.10416666666666
2026-08-15 12:00:00,56.0,27.2,83,968.1,12.8,254,0.0,12,5,8,28.9,35.0,12.0,12.0,68.8,67.3,23.75,17.90833333333333,28.470833333333335
2026-08-15 13:00:00,44.6,26.8,82,968.2,15.7,266,0.0,13,5,8,56.0,34.3,13.0,12.0,49.8,54.9,31.083333333333332,21.575,27.9375
2026-08-15 14:00:00,56.5,26.6,82,969.1,15.2,275,0.0,14,5,8,44.6,28.9,19.3,12.0,74.8,49.4,36.35,24.291666666666668,27.72083333333333
2026-08-15 15:00:00,52.1,26.6,80,969.8,14.9,278,0.0,15,5,8,56.5,56.0,35.0,12.0,67.3,45.3,42.550000000000004,28.0,26.958333333333332
2026-08-15 16:00:00,21.5,26.4,80,970.4,13.0,272,0.0,16,5,8,52.1,44.6,34.3,12.0,24.9,55.3,45.400000000000006,31.34166666666667,26.325
2026-08-15 17:00:00,34.3,26.2,80,970.7,12.4,272,0.0,17,5,8,21.5,56.5,28.9,12.4,64.9,31.6,43.26666666666667,32.13333333333333,26.183333333333334
2026-08-15 18:00:00,25.8,26.1,78,970.2,14.4,283,0.0,18,5,8,34.3,52.1,56.0,12.0,26.2,40.3,44.166666666666664,33.958333333333336,24.908333333333335
2026-08-15 19:00:00,12.0,25.7,81,970.0,13.5,279,0.1,19,5,8,25.8,21.5,44.6,13.0,12.0,37.0,39.13333333333333,35.108333333333334,24.891666666666666
2026-08-15 20:00:00,12.0,25.3,83,969.1,13.6,275,0.2,20,5,8,12.0,34.3,56.5,19.3,22.9,27.0,33.699999999999996,35.025,24.891666666666666
2026-08-15 21:00:00,12.0,24.9,87,968.8,14.3,277,0.3,21,5,8,12.0,25.8,52.1,35.0,20.2,12.0,26.28333333333333,34.416666666666664,24.4375
2026-08-15 22:00:00,12.0,24.6,88,968.7,14.1,281,0.5,22,5,8,12.0,12.0,21.5,34.3,24.6,12.0,19.6,32.5,24.09583333333333
2026-08-15 23:00:00,12.0,24.3,89,969.1,13.2,281,0.3,23,5,8,12.0,12.0,34.3,28.9,12.0,19.7,18.016666666666666,30.641666666666666,23.570833333333336
2026-08-16 00:00:00,12.0,25.1,83,969.0,13.5,273,0.4,0,6,8,12.0,12.0,25.8,56.0,12.0,12.0,14.300000000000002,29.233333333333334,23.570833333333336
2026-08-16 01:00:00,12.0,25.0,85,969.4,13.3,268,0.1,1,6,8,12.0,12.0,12.0,44.6,12.0,12.0,12.0,25.566666666666666,23.570833333333336
2026-08-16 02:00:00,12.0,25.3,85,969.9,13.2,265,0.2,2,6,8,12.0,12.0,12.0,56.5,12.0,12.0,12.0,22.849999999999998,23.570833333333336
2026-08-16 03:00:00,12.0,26.6,80,970.4,14.1,266,0.1,3,6,8,12.0,12.0,12.0,52.1,12.0,40.0,12.0,19.141666666666666,23.570833333333336
2026-08-16 04:00:00,12.0,27.6,74,970.9,19.3,285,0.1,4,6,8,12.0,12.0,12.0,21.5,12.0,12.0,12.0,15.799999999999999,23.570833333333336
2026-08-16 05:00:00,12.0,28.4,71,970.8,17.0,283,0.0,5,6,8,12.0,12.0,12.0,34.3,12.4,35.4,12.0,15.008333333333333,23.570833333333336
2026-08-16 06:00:00,12.0,28.6,69,970.9,19.3,286,0.0,6,6,8,12.0,12.0,12.0,25.8,12.0,54.1,12.0,13.15,23.554166666666664
2026-08-16 07:00:00,14.0,28.4,70,970.3,17.5,282,0.0,7,6,8,12.0,12.0,12.0,12.0,13.0,40.0,12.0,12.0,23.554166666666664
2026-08-16 08:00:00,19.7,29.5,68,969.7,17.4,286,0.0,8,6,8,14.0,12.0,12.0,12.0,19.3,42.1,12.333333333333334,12.166666666666666,23.59583333333333
2026-08-16 09:00:00,26.6,29.7,67,968.8,16.7,284,0.0,9,6,8,19.7,12.0,12.0,12.0,35.0,33.3,13.616666666666665,12.808333333333332,23.6125
2026-08-16 10:00:00,34.8,30.1,66,968.2,15.4,287,0.1,10,6,8,26.6,14.0,12.0,12.0,34.3,42.9,16.05,14.025,23.2625
2026-08-16 11:00:00,47.5,29.7,67,968.0,14.0,288,0.1,11,6,8,34.8,19.7,12.0,12.0,28.9,44.1,19.849999999999998,15.924999999999999,23.283333333333335
2026-08-16 12:00:00,49.9,27.3,79,969.3,9.4,274,0.0,12,6,8,47.5,26.6,12.0,12.0,56.0,68.8,25.766666666666666,18.883333333333333,24.058333333333334
2026-08-16 13:00:00,65.5,26.4,84,969.4,9.2,273,1.1,13,6,8,49.9,34.8,14.0,12.0,44.6,49.8,32.083333333333336,22.041666666666668,23.804166666666664
2026-08-16 14:00:00,62.2,25.6,87,969.6,10.0,253,0.8,14,6,8,65.5,47.5,19.7,12.0,56.5,74.8,40.666666666666664,26.5,24.675
2026-08-16 15:00:00,80.4,25.6,87,970.4,8.3,240,0.3,15,6,8,62.2,49.9,26.6,12.0,52.1,67.3,47.75,30.683333333333334,24.912500000000005
2026-08-16 16:00:00,38.4,25.2,89,971.1,10.9,218,0.1,16,6,8,80.4,65.5,34.8,12.0,21.5,24.9,56.71666666666667,36.38333333333333,26.09166666666667
2026-08-16 17:00:00,47.3,24.8,91,971.3,12.0,224,0.2,17,6,8,38.4,62.2,47.5,12.0,34.3,64.9,57.31666666666666,38.583333333333336,26.795833333333334
2026-08-16 18:00:00,29.1,24.9,90,970.8,11.2,233,0.2,18,6,8,47.3,80.4,49.9,12.0,25.8,26.2,57.28333333333333,41.525,27.337499999999995
2026-08-16 19:00:00,12.0,24.7,90,971.1,11.5,250,0.1,19,6,8,29.1,38.4,65.5,14.0,12.0,12.0,53.81666666666666,42.949999999999996,27.474999999999998
2026-08-16 20:00:00,24.8,24.5,89,970.7,11.6,257,0.4,20,6,8,12.0,47.3,62.2,19.7,12.0,22.9,44.9,42.78333333333333,27.474999999999998
2026-08-16 21:00:00,15.2,24.2,92,970.4,11.9,255,1.1,21,6,8,24.8,29.1,80.4,26.6,12.0,20.2,38.66666666666667,43.208333333333336,28.008333333333336
2026-08-16 22:00:00,12.0,24.1,93,970.4,9.4,259,0.2,22,6,8,15.2,12.0,38.4,34.8,12.0,24.6,27.8,42.25833333333333,28.141666666666666
2026-08-16 23:00:00,12.6,24.2,93,970.3,11.3,263,0.1,23,6,8,12.0,24.8,47.3,47.5,12.0,12.0,23.400000000000002,40.35833333333333,28.141666666666666
2026-08-17 00:00:00,12.0,24.3,94,970.1,12.1,260,0.2,0,0,8,12.6,15.2,29.1,49.9,12.0,12.0,17.616666666666664,37.449999999999996,28.166666666666668
2026-08-17 01:00:00,12.0,24.7,92,970.7,12.8,269,0.0,1,0,8,12.0,12.0,12.0,65.5,12.0,12.0,14.766666666666666,34.291666666666664,28.166666666666668
2026-08-17 02:00:00,14.5,25.6,86,971.4,11.5,272,0.0,2,0,8,12.0,12.6,24.8,62.2,12.0,12.0,14.766666666666666,29.833333333333332,28.166666666666668
2026-08-17 03:00:00,20.7,26.8,80,971.9,12.4,272,0.0,3,0,8,14.5,12.0,15.2,80.4,12.0,12.0,13.049999999999999,25.858333333333334,28.270833333333332
2026-08-17 04:00:00,12.0,27.9,76,972.6,13.0,272,0.0,4,0,8,20.7,12.0,12.0,38.4,12.0,12.0,13.966666666666667,20.88333333333333,28.633333333333336
2026-08-17 05:00:00,31.4,28.6,72,972.7,13.6,276,0.0,5,0,8,12.0,14.5,12.6,47.3,12.0,12.4,13.966666666666667,18.683333333333334,28.633333333333336
2026-08-17 06:00:00,27.4,28.9,68,972.7,14.5,282,0.0,6,0,8,31.4,20.7,12.0,29.1,12.0,12.0,17.099999999999998,17.35833333333333,29.441666666666666
2026-08-17 07:00:00,38.9,29.3,68,972.0,14.3,281,0.0,7,0,8,27.4,12.0,12.0,12.0,14.0,13.0,19.666666666666668,17.216666666666665,30.083333333333332
2026-08-17 08:00:00,16.8,27.1,79,971.4,14.4,282,0.8,8,0,8,38.9,31.4,14.5,24.8,19.7,19.3,24.150000000000002,19.458333333333332,31.120833333333334
2026-08-17 09:00:00,72.6,28.4,77,970.5,11.0,265,0.1,9,0,8,16.8,27.4,20.7,15.2,26.6,35.0,24.53333333333333,18.791666666666664,31.0
2026-08-17 10:00:00,71.2,28.8,75,970.1,9.4,274,0.0,10,0,8,72.6,38.9,12.0,12.0,34.8,34.3,33.18333333333333,23.575,32.916666666666664
2026-08-17 11:00:00,72.9,29.1,73,969.6,9.8,276,0.1,11,0,8,71.2,16.8,31.4,12.6,47.5,28.9,43.050000000000004,28.508333333333336,34.43333333333333
2026-08-17 12:00:00,74.1,27.8,79,970.4,9.7,270,1.9,12,0,8,72.9,72.6,27.4,12.0,49.9,56.0,49.96666666666667,33.53333333333333,35.49166666666667
2026-08-17 13:00:00,46.8,27.0,83,970.8,8.9,261,0.1,13,0,8,74.1,71.2,38.9,12.0,65.5,44.6,57.75,38.708333333333336,36.5
2026-08-17 14:00:00,45.4,26.6,84,971.5,8.7,257,0.0,14,0,8,46.8,72.9,16.8,14.5,62.2,56.5,59.06666666666666,41.60833333333333,35.72083333333333
2026-08-17 15:00:00,43.8,26.2,86,971.8,9.9,249,0.1,15,0,8,45.4,74.1,72.6,20.7,80.4,52.1,63.833333333333336,44.18333333333333,35.020833333333336
2026-08-17 16:00:00,50.2,25.9,87,972.7,9.6,240,0.1,16,0,8,43.8,46.8,71.2,12.0,38.4,21.5,59.03333333333333,46.10833333333333,33.49583333333333
2026-08-17 17:00:00,33.4,25.7,88,973.1,9.3,242,0.0,17,0,8,50.2,45.4,72.9,31.4,47.3,34.3,55.53333333333333,49.291666666666664,33.987500000000004
2026-08-17 18:00:00,32.3,25.6,88,972.6,8.2,244,0.0,18,0,8,33.4,43.8,74.1,27.4,29.1,25.8,48.949999999999996,49.458333333333336,33.40833333333334
2026-08-17 19:00:00,31.0,25.3,88,972.4,9.4,252,0.0,19,0,8,32.3,50.2,46.8,38.9,12.0,12.0,41.983333333333334,49.86666666666667,33.541666666666664
2026-08-17 20:00:00,19.8,25.1,87,971.9,10.8,259,0.0,20,0,8,31.0,33.4,45.4,16.8,24.8,12.0,39.35,49.208333333333336,34.333333333333336
2026-08-17 21:00:00,26.1,24.9,88,971.6,10.8,259,0.0,21,0,8,19.8,32.3,43.8,72.6,15.2,12.0,35.083333333333336,49.458333333333336,34.125
2026-08-17 22:00:00,21.4,24.8,88,971.4,10.3,264,0.0,22,0,8,26.1,31.0,50.2,71.2,12.0,12.0,32.13333333333333,45.583333333333336,34.579166666666666
2026-08-17 23:00:00,12.0,24.8,87,971.4,9.8,265,0.0,23,0,8,21.4,19.8,33.4,72.9,12.6,12.0,27.333333333333332,41.43333333333334,34.97083333333334
2026-08-18 00:00:00,12.0,24.8,88,971.2,10.1,265,0.0,0,1,8,12.0,26.1,32.3,74.1,12.0,12.0,23.76666666666667,36.358333333333334,34.94583333333333
2026-08-18 01:00:00,12.0,24.7,89,971.6,9.7,259,0.3,1,1,8,12.0,21.4,31.0,46.8,12.0,12.0,20.383333333333333,31.183333333333337,34.94583333333333
2026-08-18 02:00:00,12.0,25.7,85,972.2,10.3,269,0.1,2,1,8,12.0,12.0,19.8,45.4,14.5,12.0,17.216666666666665,28.283333333333335,34.94583333333333
2026-08-18 03:00:00,12.0,26.4,82,972.8,11.0,275,0.1,3,1,8,12.0,12.0,26.1,43.8,20.7,12.0,15.916666666666666,25.5,34.84166666666667
2026-08-18 04:00:00,12.0,27.0,81,973.2,10.9,277,0.0,4,1,8,12.0,12.0,21.4,50.2,12.0,12.0,13.566666666666665,22.850000000000005,34.479166666666664
2026-08-18 05:00:00,35.8,27.2,79,973.3,11.4,274,0.0,5,1,8,12.0,12.0,12.0,33.4,31.4,12.0,12.0,19.666666666666668,34.479166666666664
2026-08-18 06:00:00,26.0,26.9,79,973.4,10.9,276,0.0,6,1,8,35.8,12.0,12.0,32.3,27.4,12.0,15.966666666666667,19.866666666666664,34.6625
2026-08-18 07:00:00,33.4,26.3,85,972.9,12.1,298,1.1,7,1,8,26.0,12.0,12.0,31.0,38.9,14.0,18.3,19.341666666666665,34.604166666666664
2026-08-18 08:00:00,42.3,27.0,81,972.2,11.0,281,0.5,8,1,8,33.4,35.8,12.0,19.8,16.8,19.7,21.866666666666664,19.541666666666664,34.375
2026-08-18 09:00:00,51.7,27.4,76,971.3,12.2,287,0.2,9,1,8,42.3,26.0,12.0,26.1,72.6,26.6,26.916666666666668,21.416666666666668,35.43749999999999
2026-08-18 10:00:00,61.9,27.3,78,970.4,10.4,278,0.1,10,1,8,51.7,33.4,12.0,21.4,71.2,34.8,33.53333333333333,23.55,34.56666666666667
2026-08-18 11:00:00,60.9,27.2,79,969.8,8.0,261,0.1,11,1,8,61.9,42.3,35.8,12.0,72.9,47.5,41.85,26.924999999999997,34.17916666666667
2026-08-18 12:00:00,49.2,27.2,78,970.0,9.0,270,0.0,12,1,8,60.9,51.7,26.0,12.0,74.1,49.9,46.03333333333333,30.999999999999996,33.67916666666667
2026-08-18 13:00:00,62.9,26.3,85,970.8,7.7,261,0.2,13,1,8,49.2,61.9,33.4,12.0,46.8,65.5,49.900000000000006,34.1,32.641666666666666
2026-08-18 14:00:00,65.5,25.9,88,971.1,7.2,243,0.1,14,1,8,62.9,60.9,42.3,12.0,45.4,62.2,54.81666666666666,38.34166666666666,33.3125
2026-08-18 15:00:00,73.9,25.6,91,971.5,8.8,239,0.1,15,1,8,65.5,49.2,51.7,12.0,43.8,80.4,58.68333333333334,42.79999999999999,34.15
2026-08-18 16:00:00,52.6,25.3,91,971.9,9.6,242,0.1,16,1,8,73.9,62.9,61.9,12.0,50.2,38.4,62.383333333333326,47.958333333333336,35.40416666666667
2026-08-18 17:00:00,38.8,25.0,92,972.0,9.8,247,0.0,17,1,8,52.6,65.5,60.9,35.8,33.4,47.3,60.833333333333336,51.34166666666667,35.50416666666666
2026-08-18 18:00:00,60.3,25.1,91,971.7,8.0,252,0.0,18,1,8,38.8,73.9,49.2,26.0,32.3,29.1,57.150000000000006,51.59166666666667,35.729166666666664
2026-08-18 19:00:00,29.8,25.0,92,971.6,9.2,254,0.0,19,1,8,60.3,52.6,62.9,33.4,31.0,12.0,59.0,54.449999999999996,36.895833333333336
2026-08-18 20:00:00,38.4,24.9,91,970.9,9.6,262,0.0,20,1,8,29.8,38.8,65.5,42.3,19.8,24.8,53.48333333333333,54.150000000000006,36.84583333333333
2026-08-18 21:00:00,12.0,24.7,91,970.6,9.8,265,0.0,21,1,8,38.4,60.3,73.9,51.7,26.1,15.2,48.96666666666667,53.824999999999996,37.62083333333333
2026-08-18 22:00:00,12.0,24.6,91,970.4,9.1,263,0.0,22,1,8,12.0,29.8,52.6,61.9,21.4,12.0,38.65,50.51666666666667,37.03333333333334
2026-08-18 23:00:00,12.0,24.7,90,970.8,9.4,265,0.0,23,1,8,12.0,38.4,38.8,60.9,12.0,12.6,31.883333333333336,46.35833333333333,36.641666666666666
2026-08-19 00:00:00,12.0,24.9,87,970.4,11.2,280,0.5,0,2,8,12.0,12.0,60.3,49.2,12.0,12.0,27.416666666666668,42.28333333333334,36.641666666666666
2026-08-19 01:00:00,12.0,24.7,89,970.7,13.1,277,0.5,1,2,8,12.0,12.0,29.8,62.9,12.0,12.0,19.366666666666667,39.18333333333333,36.641666666666666
2026-08-19 02:00:00,12.0,24.7,92,971.1,13.1,271,1.0,2,2,8,12.0,12.0,38.4,65.5,12.0,14.5,16.4,34.94166666666667,36.641666666666666
2026-08-19 03:00:00,12.0,25.2,91,971.6,12.7,278,0.8,3,2,8,12.0,12.0,12.0,73.9,12.0,20.7,12.0,30.483333333333334,36.641666666666666
2026-08-19 04:00:00,20.0,25.8,90,972.2,11.1,277,0.6,4,2,8,12.0,12.0,12.0,52.6,12.0,12.0,12.0,25.325,36.641666666666666
2026-08-19 05:00:00,33.5,26.4,87,972.4,11.6,274,0.3,5,2,8,20.0,12.0,12.0,38.8,35.8,31.4,13.333333333333334,22.608333333333334,36.975
2026-08-19 06:00:00,12.0,27.0,84,972.4,11.7,271,0.3,6,2,8,33.5,12.0,12.0,60.3,26.0,27.4,16.916666666666668,22.166666666666668,36.87916666666667
2026-08-19 07:00:00,14.6,27.3,82,971.8,12.1,269,0.1,7,2,8,12.0,20.0,12.0,29.8,33.4,38.9,16.916666666666668,18.141666666666666,36.295833333333334
2026-08-19 08:00:00,36.7,27.9,79,971.3,12.8,270,0.1,8,2,8,14.6,33.5,12.0,38.4,42.3,16.8,17.349999999999998,16.875,35.512499999999996
2026-08-19 09:00:00,51.4,27.9,79,970.6,12.2,283,0.1,9,2,8,36.7,12.0,12.0,12.0,51.7,72.6,21.46666666666667,16.733333333333334,35.27916666666667
2026-08-19 10:00:00,76.5,27.6,80,969.9,11.0,291,0.2,10,2,8,51.4,14.6,20.0,12.0,61.9,71.2,28.03333333333333,20.01666666666667,35.266666666666666
2026-08-19 11:00:00,64.8,27.5,80,969.5,9.7,271,0.0,11,2,8,76.5,36.7,33.5,12.0,60.9,72.9,37.449999999999996,25.391666666666666,35.875
2026-08-19 12:00:00,73.7,27.4,81,969.7,10.1,282,0.0,12,2,8,64.8,51.4,12.0,12.0,49.2,74.1,42.666666666666664,29.791666666666668,36.0375
2026-08-19 13:00:00,61.4,26.5,85,970.3,10.2,260,0.2,13,2,8,73.7,76.5,14.6,12.0,62.9,46.8,52.949999999999996,34.93333333333333,37.05833333333333
2026-08-19 14:00:00,71.9,25.9,86,971.3,10.1,251,0.1,14,2,8,61.4,64.8,36.7,12.0,65.5,45.4,60.75,39.05,36.99583333333333
2026-08-19 15:00:00,54.2,25.8,86,971.6,9.7,258,0.0,15,2,8,71.9,73.7,51.4,12.0,73.9,43.8,66.61666666666666,44.041666666666664,37.2625
2026-08-19 16:00:00,33.5,25.8,86,972.1,9.6,278,0.0,16,2,8,54.2,61.4,76.5,20.0,52.6,50.2,67.08333333333333,47.55833333333334,36.44166666666667
2026-08-19 17:00:00,36.1,25.6,87,972.4,7.5,291,0.0,17,2,8,33.5,71.9,64.8,33.5,38.8,33.4,59.916666666666664,48.68333333333334,35.645833333333336
2026-08-19 18:00:00,21.7,25.7,86,972.2,8.9,278,0.0,18,2,8,36.1,54.2,73.7,12.0,60.3,32.3,55.13333333333333,48.9,35.53333333333333
2026-08-19 19:00:00,17.4,25.6,85,971.8,8.4,277,0.0,19,2,8,21.7,33.5,61.4,14.6,29.8,31.0,46.46666666666667,49.708333333333336,33.925000000000004
2026-08-19 20:00:00,12.0,25.5,85,971.5,9.3,280,0.0,20,2,8,17.4,36.1,71.9,36.7,38.4,19.8,39.13333333333333,49.94166666666666,33.40833333333334
2026-08-19 21:00:00,12.0,25.5,85,970.7,11.3,280,0.0,21,2,8,12.0,21.7,54.2,51.4,12.0,26.1,29.150000000000002,47.88333333333333,32.30833333333333
2026-08-19 22:00:00,12.0,25.6,83,970.6,12.4,279,0.0,22,2,8,12.0,17.4,33.5,76.5,12.0,21.4,22.116666666666664,44.6,32.30833333333333
2026-08-19 23:00:00,12.0,25.5,83,970.6,12.7,281,0.0,23,2,8,12.0,12.0,36.1,64.8,12.0,12.0,18.533333333333335,39.225,32.30833333333333
2026-08-20 00:00:00,12.0,25.4,85,970.3,13.6,285,0.0,0,3,8,12.0,12.0,21.7,73.7,12.0,12.0,14.516666666666666,34.824999999999996,32.30833333333333
2026-08-20 01:00:00,12.0,25.4,84,971.0,12.9,289,0.0,1,3,8,12.0,12.0,17.4,61.4,12.0,12.0,12.9,29.683333333333334,32.30833333333333
2026-08-20 02:00:00,20.9,26.0,82,971.4,11.7,284,0.0,2,3,8,12.0,12.0,12.0,71.9,12.0,12.0,12.0,25.566666666666666,32.30833333333333
2026-08-20 03:00:00,12.0,27.0,78,971.6,14.9,291,0.0,3,3,8,20.9,12.0,12.0,54.2,12.0,12.0,13.483333333333333,21.316666666666666,32.67916666666667
2026-08-20 04:00:00,12.0,28.1,72,971.9,18.3,299,0.0,4,3,8,12.0,12.0,12.0,33.5,20.0,12.0,13.483333333333333,17.8,32.67916666666667
2026-08-20 05:00:00,12.0,28.9,69,971.8,15.5,298,0.0,5,3,8,12.0,20.9,12.0,36.1,33.5,35.8,13.483333333333333,16.008333333333336,32.34583333333333
2026-08-20 06:00:00,21.6,29.4,65,971.6,16.3,295,0.2,6,3,8,12.0,12.0,12.0,21.7,12.0,26.0,13.483333333333333,14.0,31.45
2026-08-20 07:00:00,12.0,30.2,62,970.9,16.2,299,0.2,7,3,8,21.6,12.0,12.0,17.4,14.6,33.4,15.083333333333334,13.991666666666667,31.849999999999998
2026-08-20 08:00:00,37.8,30.8,59,969.8,15.1,293,0.2,8,3,8,12.0,12.0,20.9,12.0,36.7,42.3,15.083333333333334,13.541666666666666,31.74166666666667
2026-08-20 09:00:00,66.0,31.3,57,969.2,14.2,285,0.2,9,3,8,37.8,21.6,12.0,12.0,51.4,51.7,17.900000000000002,15.691666666666668,31.787499999999998
2026-08-20 10:00:00,45.2,31.3,57,968.7,13.6,278,0.2,10,3,8,66.0,12.0,12.0,12.0,76.5,61.9,26.900000000000002,20.191666666666666,32.395833333333336
2026-08-20 11:00:00,36.3,31.1,58,968.0,14.2,278,0.0,11,3,8,45.2,37.8,12.0,12.0,64.8,60.9,32.43333333333334,22.958333333333332,31.09166666666667
2026-08-20 12:00:00,55.0,29.3,70,968.7,13.7,268,0.0,12,3,8,36.3,66.0,21.6,12.0,73.7,49.2,36.483333333333334,24.983333333333334,29.904166666666665
2026-08-20 13:00:00,37.7,28.4,73,969.3,14.2,267,0.0,13,3,8,55.0,45.2,12.0,12.0,61.4,62.9,42.050000000000004,28.566666666666666,29.125
2026-08-20 14:00:00,62.1,27.6,75,969.9,14.4,266,0.0,14,3,8,37.7,36.3,37.8,20.9,71.9,65.5,46.333333333333336,30.708333333333332,28.137500000000003
2026-08-20 15:00:00,44.2,27.2,77,970.5,13.2,274,0.0,15,3,8,62.1,55.0,66.0,12.0,54.2,73.9,50.38333333333333,34.14166666666667,27.729166666666668
2026-08-20 16:00:00,26.2,26.9,78,971.1,12.6,283,0.0,16,3,8,44.2,37.7,45.2,12.0,33.5,52.6,46.75,36.825,27.3125
2026-08-20 17:00:00,42.7,26.6,79,971.4,11.5,284,0.0,17,3,8,26.2,62.1,36.3,12.0,36.1,38.8,43.583333333333336,38.00833333333333,27.008333333333336
2026-08-20 18:00:00,12.0,26.3,77,971.3,13.2,294,0.0,18,3,8,42.7,44.2,55.0,21.6,21.7,60.3,44.65,40.56666666666667,27.283333333333335
2026-08-20 19:00:00,21.0,26.2,77,971.0,12.3,291,0.0,19,3,8,12.0,26.2,37.7,12.0,17.4,29.8,37.483333333333334,39.766666666666666,26.879166666666666
2026-08-20 20:00:00,20.1,26.1,77,970.5,12.7,285,0.0,20,3,8,21.0,42.7,62.1,37.8,12.0,38.4,34.699999999999996,40.516666666666666,27.02916666666667
2026-08-20 21:00:00,12.0,26.0,77,969.9,13.1,283,0.0,21,3,8,20.1,12.0,44.2,66.0,12.0,12.0,27.7,39.041666666666664,27.366666666666664
2026-08-20 22:00:00,12.0,25.6,79,969.9,13.1,283,0.0,22,3,8,12.0,21.0,26.2,45.2,12.0,12.0,22.333333333333332,34.541666666666664,27.366666666666664
2026-08-20 23:00:00,12.0,25.4,79,969.8,13.5,280,0.0,23,3,8,12.0,20.1,42.7,36.3,12.0,12.0,19.96666666666667,31.775000000000002,27.366666666666664
2026-08-21 00:00:00,12.0,25.4,78,970.1,13.6,278,0.0,0,4,8,12.0,12.0,12.0,55.0,12.0,12.0,14.85,29.75,27.366666666666664
2026-08-21 01:00:00,12.0,25.4,80,970.5,13.5,278,0.0,1,4,8,12.0,12.0,21.0,37.7,12.0,12.0,14.85,26.166666666666668,27.366666666666664
2026-08-21 02:00:00,12.0,26.3,78,971.1,13.1,279,0.0,2,4,8,12.0,12.0,20.1,62.1,20.9,12.0,13.35,24.025000000000002,27.366666666666664
2026-08-21 03:00:00,12.0,27.2,75,971.3,16.9,287,0.0,3,4,8,12.0,12.0,12.0,44.2,12.0,12.0,12.0,19.85,26.995833333333334
2026-08-21 04:00:00,12.0,28.4,69,971.8,19.3,295,0.0,4,4,8,12.0,12.0,12.0,26.2,12.0,20.0,12.0,17.166666666666668,26.995833333333334
2026-08-21 05:00:00,12.0,28.6,69,971.6,15.3,297,0.0,5,4,8,12.0,12.0,12.0,42.7,12.0,33.5,12.0,15.983333333333334,26.995833333333334
2026-08-21 06:00:00,38.4,29.5,63,971.2,17.3,300,0.1,6,4,8,12.0,12.0,12.0,12.0,21.6,12.0,12.0,13.425000000000002,26.995833333333334
2026-08-21 07:00:00,12.0,30.3,59,970.7,17.5,305,0.0,7,4,8,38.4,12.0,12.0,21.0,12.0,14.6,16.400000000000002,15.625,27.695833333333336
2026-08-21 08:00:00,28.2,30.5,60,969.5,17.3,301,0.1,8,4,8,12.0,12.0,12.0,20.1,37.8,36.7,16.400000000000002,14.875,27.695833333333336
2026-08-21 09:00:00,19.2,30.4,61,968.9,16.1,298,0.0,9,4,8,28.2,38.4,12.0,12.0,66.0,51.4,19.099999999999998,15.549999999999999,27.295833333333334
2026-08-21 10:00:00,45.3,30.1,65,968.3,12.6,295,0.1,10,4,8,19.2,12.0,12.0,12.0,45.2,76.5,20.3,16.15,25.345833333333335
2026-08-21 11:00:00,53.4,29.9,64,967.9,14.5,282,0.0,11,4,8,45.3,28.2,12.0,12.0,36.3,64.8,25.849999999999998,18.925,25.349999999999998
2026-08-21 12:00:00,63.9,27.8,79,968.7,13.9,280,0.1,12,4,8,53.4,19.2,38.4,12.0,55.0,73.7,32.75,22.375,26.0625
2026-08-21 13:00:00,63.8,26.9,81,969.5,12.5,282,0.1,13,4,8,63.9,45.3,12.0,12.0,37.7,61.4,37.0,26.7,26.433333333333337
2026-08-21 14:00:00,66.0,26.1,87,969.8,10.1,276,0.3,14,4,8,63.8,53.4,28.2,12.0,62.1,71.9,45.633333333333326,31.016666666666666,27.520833333333332
2026-08-21 15:00:00,51.4,25.6,91,970.3,10.3,285,0.9,15,4,8,66.0,63.9,19.2,12.0,44.2,54.2,51.93333333333334,35.516666666666666,27.683333333333334
2026-08-21 16:00:00,33.0,25.3,93,970.8,11.9,280,2.1,16,4,8,51.4,63.8,45.3,12.0,26.2,33.5,57.300000000000004,38.8,27.983333333333334
2026-08-21 17:00:00,29.6,24.9,93,971.3,11.0,281,0.7,17,4,8,33.0,66.0,53.4,12.0,42.7,36.1,55.25,40.55,28.266666666666666
2026-08-21 18:00:00,36.4,24.9,88,970.6,11.9,273,2.8,18,4,8,29.6,51.4,63.9,38.4,12.0,21.7,51.28333333333334,42.016666666666666,27.72083333333333
2026-08-21 19:00:00,21.6,24.9,88,969.8,12.3,273,0.0,19,4,8,36.4,33.0,63.8,12.0,21.0,17.4,46.699999999999996,41.85,28.737499999999997
2026-08-21 20:00:00,12.4,24.8,88,969.6,10.3,277,0.0,20,4,8,21.6,29.6,66.0,28.2,20.1,12.0,39.666666666666664,42.65,28.7625
2026-08-21 21:00:00,19.4,24.8,88,969.5,9.0,271,0.0,21,4,8,12.4,36.4,51.4,19.2,12.0,12.0,30.733333333333334,41.333333333333336,28.441666666666666
2026-08-21 22:00:00,12.0,24.6,89,969.3,9.8,262,0.4,22,4,8,19.4,21.6,33.0,45.3,12.0,12.0,25.399999999999995,41.35,28.75
2026-08-21 23:00:00,21.4,24.5,89,969.3,11.6,265,0.3,23,4,8,12.0,12.4,29.6,53.4,12.0,12.0,21.899999999999995,38.575,28.75
2026-08-22 00:00:00,12.0,24.5,92,969.2,14.4,262,0.0,0,5,8,21.4,19.4,36.4,63.9,12.0,12.0,20.53333333333333,35.90833333333333,29.14166666666667
2026-08-22 01:00:00,12.0,24.8,91,969.9,13.5,269,0.0,1,5,8,12.0,12.0,21.6,63.8,12.0,12.0,16.466666666666665,31.583333333333332,29.14166666666667
2026-08-22 02:00:00,12.0,25.4,88,970.7,13.5,274,0.0,2,5,8,12.0,21.4,12.4,66.0,12.0,20.9,14.866666666666665,27.266666666666666,29.14166666666667
2026-08-22 03:00:00,12.0,26.3,85,971.0,13.6,277,0.0,3,5,8,12.0,12.0,19.4,51.4,12.0,12.0,14.799999999999997,22.766666666666666,29.14166666666667
2026-08-22 04:00:00,12.0,27.2,80,971.0,18.2,284,0.0,4,5,8,12.0,12.0,12.0,33.0,12.0,12.0,13.566666666666668,19.48333333333333,29.14166666666667
2026-08-22 05:00:00,12.0,27.9,76,971.4,16.3,298,0.4,5,5,8,12.0,12.0,21.4,29.6,12.0,12.0,13.566666666666668,17.73333333333333,29.14166666666667
2026-08-22 06:00:00,12.0,27.2,80,971.1,13.9,284,0.3,6,5,8,12.0,12.0,12.0,36.4,38.4,21.6,12.0,16.266666666666666,29.14166666666667
2026-08-22 07:00:00,14.9,28.2,74,970.4,16.8,289,0.1,7,5,8,12.0,12.0,12.0,21.6,12.0,12.0,12.0,14.233333333333333,28.041666666666668
2026-08-22 08:00:00,37.2,29.2,69,969.7,17.3,293,0.0,8,5,8,14.9,12.0,12.0,12.4,28.2,37.8,12.483333333333334,13.674999999999999,28.162499999999998
2026-08-22 09:00:00,20.4,29.2,65,968.8,17.7,297,0.0,9,5,8,37.2,12.0,12.0,19.4,19.2,66.0,16.683333333333334,15.741666666666665,28.537499999999998
2026-08-22 10:00:00,49.9,27.8,77,968.5,14.4,307,0.7,10,5,8,20.4,14.9,12.0,12.0,45.3,45.2,18.083333333333332,15.825000000000001,28.587500000000002
2026-08-22 11:00:00,42.8,26.6,87,967.9,14.4,302,1.3,11,5,8,49.9,37.2,12.0,21.4,53.4,36.3,24.400000000000002,18.98333333333333,28.77916666666667
2026-08-22 12:00:00,65.5,26.8,85,968.6,11.5,268,3.7,12,5,8,42.8,20.4,12.0,12.0,63.9,55.0,29.53333333333333,20.766666666666666,28.337500000000002
2026-08-22 13:00:00,56.5,26.3,85,969.4,14.0,283,0.2,13,5,8,65.5,49.9,14.9,12.0,63.8,37.7,38.449999999999996,25.224999999999998,28.404166666666665
2026-08-22 14:00:00,48.1,25.6,89,969.8,13.3,278,0.1,14,5,8,56.5,42.8,37.2,12.0,66.0,62.1,45.383333333333326,28.933333333333334,28.099999999999998
2026-08-22 15:00:00,27.3,25.5,90,970.2,10.6,268,0.0,15,5,8,48.1,65.5,20.4,12.0,51.4,44.2,47.199999999999996,31.941666666666666,27.354166666666668
2026-08-22 16:00:00,55.3,25.5,91,970.8,9.3,280,0.0,16,5,8,27.3,56.5,49.9,12.0,33.0,26.2,48.349999999999994,33.21666666666667,26.349999999999998
2026-08-22 17:00:00,23.1,25.4,91,970.9,9.8,276,0.0,17,5,8,55.3,48.1,42.8,12.0,29.6,42.7,49.25,36.824999999999996,27.27916666666667
2026-08-22 18:00:00,20.1,25.2,90,970.7,10.3,273,0.0,18,5,8,23.1,27.3,65.5,12.0,36.4,12.0,45.96666666666667,37.75,27.008333333333336
2026-08-22 19:00:00,12.0,24.9,91,970.2,10.5,275,0.0,19,5,8,20.1,55.3,56.5,14.9,21.6,21.0,38.4,38.425000000000004,26.329166666666666
2026-08-22 20:00:00,21.4,25.0,90,969.7,10.6,285,0.0,20,5,8,12.0,23.1,48.1,37.2,12.4,20.1,30.983333333333334,38.18333333333333,25.929166666666664
2026-08-22 21:00:00,12.0,24.9,91,969.4,11.3,292,0.0,21,5,8,21.4,20.1,27.3,20.4,19.4,12.0,26.533333333333335,36.86666666666667,26.30416666666667
2026-08-22 22:00:00,12.0,24.9,91,969.1,10.9,294,0.0,22,5,8,12.0,12.0,55.3,49.9,12.0,12.0,23.983333333333334,36.166666666666664,25.995833333333337
2026-08-22 23:00:00,12.0,24.9,91,968.9,11.0,293,0.0,23,5,8,12.0,21.4,23.1,42.8,21.4,12.0,16.766666666666666,33.00833333333333,25.995833333333337
2026-08-23 00:00:00,28.0,24.5,94,969.6,6.3,250,0.0,0,6,8,12.0,12.0,20.1,65.5,12.0,12.0,14.916666666666666,30.441666666666666,25.604166666666668
2026-08-23 01:00:00,12.0,24.6,95,970.0,7.0,283,0.9,1,6,8,28.0,12.0,12.0,56.5,12.0,12.0,16.233333333333334,27.316666666666666,26.270833333333332
2026-08-23 02:00:00,12.0,25.2,94,970.5,9.5,284,0.9,2,6,8,12.0,12.0,21.4,48.1,12.0,12.0,16.233333333333334,23.608333333333334,26.270833333333332
2026-08-23 03:00:00,41.7,26.4,90,971.1,8.1,305,0.6,3,6,8,12.0,28.0,12.0,27.3,12.0,12.0,14.666666666666666,20.599999999999998,26.270833333333332
2026-08-23 04:00:00,23.5,27.3,84,971.5,10.6,313,0.4,4,6,8,41.7,12.0,12.0,55.3,12.0,12.0,19.616666666666664,21.8,27.50833333333333
2026-08-23 05:00:00,38.6,28.7,76,971.7,11.1,310,0.1,5,6,8,23.5,12.0,12.0,23.1,12.0,12.0,21.53333333333333,19.150000000000002,27.987499999999997
2026-08-23 06:00:00,12.0,26.9,86,971.4,9.3,294,0.0,6,6,8,38.6,41.7,28.0,20.1,12.0,38.4,25.96666666666667,20.441666666666666,29.09583333333333
2026-08-23 07:00:00,25.0,26.9,88,970.3,9.7,273,0.7,7,6,8,12.0,23.5,12.0,12.0,14.9,12.0,23.3,19.766666666666666,29.09583333333333
2026-08-23 08:00:00,31.3,28.9,79,969.9,12.3,277,0.3,8,6,8,25.0,38.6,12.0,21.4,37.2,28.2,25.46666666666667,20.849999999999998,29.516666666666666
2026-08-23 09:00:00,58.9,29.2,74,969.0,13.4,303,0.1,9,6,8,31.3,12.0,41.7,12.0,20.4,19.2,28.683333333333334,21.675,29.270833333333332
2026-08-23 10:00:00,55.3,28.3,80,968.9,8.7,313,1.2,10,6,8,58.9,25.0,23.5,12.0,49.9,45.3,31.55,25.583333333333332,30.875
2026-08-23 11:00:00,66.3,28.1,81,968.6,5.3,282,0.2,11,6,8,55.3,31.3,38.6,12.0,42.8,53.4,36.85,29.191666666666666,31.099999999999998
2026-08-23 12:00:00,90.7,26.5,94,968.8,5.5,212,0.3,12,6,8,66.3,58.9,12.0,28.0,65.5,63.9,41.46666666666666,33.71666666666667,32.079166666666666
2026-08-23 13:00:00,72.2,26.8,93,969.3,7.1,236,0.0,13,6,8,90.7,55.3,25.0,12.0,56.5,63.8,54.583333333333336,38.94166666666667,33.12916666666667
2026-08-23 14:00:00,72.4,26.8,90,970.0,9.1,263,0.0,14,6,8,72.2,66.3,31.3,12.0,48.1,66.0,62.45000000000001,43.958333333333336,33.78333333333334
2026-08-23 15:00:00,46.9,26.3,89,970.7,10.3,267,0.0,15,6,8,72.4,90.7,58.9,41.7,27.3,51.4,69.3,48.99166666666667,34.795833333333334
2026-08-23 16:00:00,47.2,26.1,88,971.3,10.4,271,0.0,16,6,8,46.9,72.2,55.3,23.5,55.3,33.0,67.3,49.425000000000004,35.612500000000004
2026-08-23 17:00:00,44.9,26.0,87,971.0,10.9,279,0.0,17,6,8,47.2,72.4,66.3,38.6,23.1,29.6,65.95,51.4,35.275
2026-08-23 18:00:00,27.0,26.0,88,970.7,9.6,279,0.0,18,6,8,44.9,46.9,90.7,12.0,20.1,36.4,62.38333333333333,51.925000000000004,36.18333333333333
2026-08-23 19:00:00,33.5,25.9,88,969.9,9.3,288,0.0,19,6,8,27.0,47.2,72.2,25.0,12.0,21.6,51.76666666666667,53.17499999999999,36.47083333333334
2026-08-23 20:00:00,39.4,25.8,90,969.9,8.7,288,0.0,20,6,8,33.5,44.9,72.4,31.3,21.4,12.4,45.31666666666666,53.883333333333326,37.36666666666667
2026-08-23 21:00:00,12.0,25.5,92,969.7,7.5,294,0.0,21,6,8,39.4,27.0,46.9,58.9,12.0,19.4,39.81666666666667,54.55833333333334,38.11666666666667
2026-08-23 22:00:00,12.0,25.4,92,969.4,8.8,298,0.0,22,6,8,12.0,33.5,47.2,55.3,12.0,12.0,34.0,50.650000000000006,38.11666666666667
2026-08-23 23:00:00,12.0,25.3,91,969.5,9.8,308,0.0,23,6,8,12.0,39.4,44.9,66.3,12.0,21.4,28.133333333333336,47.041666666666664,38.11666666666667
