timestamp,temperature,humidity,pressure,wind_speed,wind_direction,rainfall
2026-02-22 00:00:00,20.6,65,1008.6,5.4,326,0.0
2026-02-22 01:00:00,21.0,63,1009.4,4.4,258,0.0
2026-02-22 02:00:00,22.9,55,1010.0,3.0,335,0.0
2026-02-22 03:00:00,26.0,44,1010.4,1.7,311,0.0
2026-02-22 04:00:00,29.1,36,1010.6,0.6,326,0.0
2026-02-22 05:00:00,31.1,31,1010.0,1.6,354,0.0
2026-02-22 06:00:00,31.5,29,1009.3,3.1,283,0.0
2026-02-22 07:00:00,32.5,27,1008.0,4.7,270,0.0
2026-02-22 08:00:00,32.8,27,1006.9,7.7,259,0.0
2026-02-22 09:00:00,32.7,27,1005.9,9.3,252,0.0
2026-02-22 10:00:00,32.1,29,1005.2,9.9,271,0.0
2026-02-22 11:00:00,30.9,33,1005.1,8.0,293,0.0
2026-02-22 12:00:00,30.6,32,1005.4,4.7,266,0.0
2026-02-22 13:00:00,29.5,38,1006.0,0.5,360,0.0
2026-02-22 14:00:00,28.3,38,1007.1,7.7,159,0.0
2026-02-22 15:00:00,26.6,41,1007.9,9.5,159,0.0
2026-02-22 16:00:00,25.6,48,1008.3,9.5,169,0.0
2026-02-22 17:00:00,24.7,55,1008.4,8.8,185,0.0
2026-02-22 18:00:00,24.3,59,1008.3,6.8,205,0.0
2026-02-22 19:00:00,23.9,63,1007.8,5.8,219,0.0
2026-02-22 20:00:00,23.3,70,1007.5,4.5,230,0.0
2026-02-22 21:00:00,22.4,76,1007.4,2.5,262,0.0
2026-02-22 22:00:00,22.0,79,1007.4,3.6,307,0.0
2026-02-22 23:00:00,21.2,82,1007.8,2.4,312,0.0
2026-02-23 00:00:00,20.7,88,1008.1,0.3,45,0.0
2026-02-23 01:00:00,21.3,83,1009.0,1.3,34,0.0
2026-02-23 02:00:00,23.0,75,1009.6,1.0,31,0.0
2026-02-23 03:00:00,25.1,71,1010.1,0.7,270,0.0
2026-02-23 04:00:00,27.3,64,1010.5,0.8,207,0.0
2026-02-23 05:00:00,29.5,54,1010.1,1.5,194,0.0
2026-02-23 06:00:00,30.0,53,1009.3,2.7,228,0.0
2026-02-23 07:00:00,31.9,44,1008.1,3.0,253,0.0
2026-02-23 08:00:00,32.4,40,1007.0,5.4,304,0.0
2026-02-23 09:00:00,32.1,41,1006.1,6.6,325,0.0
2026-02-23 10:00:00,31.3,42,1005.8,6.4,322,0.0
2026-02-23 11:00:00,30.8,41,1005.8,7.5,312,0.0
2026-02-23 12:00:00,30.4,37,1005.8,6.7,352,0.0
2026-02-23 13:00:00,28.9,45,1006.5,4.9,51,0.0
2026-02-23 14:00:00,28.2,52,1007.7,4.5,85,0.0
2026-02-23 15:00:00,27.5,55,1008.6,4.2,121,0.0
2026-02-23 16:00:00,26.6,60,1009.1,5.6,135,0.0
2026-02-23 17:00:00,25.9,65,1009.1,4.0,117,0.0
2026-02-23 18:00:00,25.3,73,1008.7,5.8,126,0.0
2026-02-23 19:00:00,24.5,82,1008.3,5.5,157,0.0
2026-02-23 20:00:00,23.7,91,1008.0,2.3,176,0.0
2026-02-23 21:00:00,22.2,93,1008.9,12.9,289,0.5
2026-02-23 22:00:00,20.8,92,1009.1,7.2,323,0.4
2026-02-23 23:00:00,19.4,92,1010.0,3.9,283,3.1
2026-02-24 00:00:00,19.0,92,1010.2,6.4,52,0.1
2026-02-24 01:00:00,19.9,91,1010.2,6.7,56,0.0
2026-02-24 02:00:00,21.1,86,1010.8,6.7,92,0.0
2026-02-24 03:00:00,22.9,78,1011.9,8.2,350,0.7
2026-02-24 04:00:00,21.1,85,1012.6,14.4,99,8.7
2026-02-24 05:00:00,23.6,76,1011.7,9.4,91,0.0
2026-02-24 06:00:00,24.8,75,1011.1,4.6,144,0.0
2026-02-24 07:00:00,25.2,75,1009.8,3.4,148,0.0
2026-02-24 08:00:00,25.8,70,1008.6,2.6,155,0.0
2026-02-24 09:00:00,27.2,61,1007.6,2.3,151,0.0
2026-02-24 10:00:00,26.8,61,1007.2,0.6,236,0.0
2026-02-24 11:00:00,27.0,61,1007.5,2.0,275,0.0
2026-02-24 12:00:00,25.5,78,1007.7,2.2,351,0.0
2026-02-24 13:00:00,24.9,79,1008.7,0.3,45,0.0
2026-02-24 14:00:00,23.9,84,1009.8,2.6,124,0.0
2026-02-24 15:00:00,23.5,84,1010.1,0.6,34,0.0
2026-02-24 16:00:00,22.7,86,1010.6,2.5,98,0.0
2026-02-24 17:00:00,22.4,88,1010.8,3.6,147,0.0
2026-02-24 18:00:00,22.4,88,1010.5,2.9,176,0.0
2026-02-24 19:00:00,21.9,90,1010.1,3.3,171,0.0
2026-02-24 20:00:00,21.5,91,1009.9,2.8,215,0.0
2026-02-24 21:00:00,21.0,93,1009.7,2.5,274,0.0
2026-02-24 22:00:00,20.4,95,1009.6,3.5,282,0.0
2026-02-24 23:00:00,19.9,97,1009.7,3.4,276,0.0
2026-02-25 00:00:00,19.8,98,1010.2,4.3,265,0.0
2026-02-25 01:00:00,19.7,97,1011.0,5.0,257,0.0
2026-02-25 02:00:00,20.1,96,1011.8,4.9,298,0.0
2026-02-25 03:00:00,22.2,89,1012.4,3.3,319,0.0
2026-02-25 04:00:00,24.9,79,1012.6,4.0,328,0.0
2026-02-25 05:00:00,27.2,66,1011.9,5.4,326,0.0
2026-02-25 06:00:00,28.4,51,1011.2,7.7,311,0.0
2026-02-25 07:00:00,28.9,42,1010.1,8.8,290,0.0
2026-02-25 08:00:00,29.0,40,1008.9,9.0,290,0.0
2026-02-25 09:00:00,29.0,38,1008.1,9.4,296,0.0
2026-02-25 10:00:00,28.7,39,1007.5,8.2,292,0.0
2026-02-25 11:00:00,27.6,45,1007.5,5.3,282,0.0
2026-02-25 12:00:00,26.2,57,1007.9,2.7,352,0.0
2026-02-25 13:00:00,25.5,56,1008.1,1.7,103,0.0
2026-02-25 14:00:00,24.7,58,1009.0,1.9,112,0.0
2026-02-25 15:00:00,24.3,57,1009.5,1.3,82,0.0
2026-02-25 16:00:00,24.5,53,1010.0,0.6,162,0.0
2026-02-25 17:00:00,22.9,60,1010.4,1.3,225,0.0
2026-02-25 18:00:00,22.4,62,1010.4,1.9,304,0.0
2026-02-25 19:00:00,20.9,72,1010.3,4.7,286,0.0
2026-02-25 20:00:00,20.1,72,1010.1,6.4,292,0.0
2026-02-25 21:00:00,19.2,74,1010.0,5.5,297,0.0
2026-02-25 22:00:00,18.6,75,1009.6,3.6,279,0.0
2026-02-25 23:00:00,18.0,77,1009.8,5.0,300,0.0
2026-02-26 00:00:00,18.2,83,1009.9,4.6,324,0.0
2026-02-26 01:00:00,18.4,80,1010.4,4.5,323,0.0
2026-02-26 02:00:00,20.4,70,1011.1,4.8,318,0.0
2026-02-26 03:00:00,23.1,67,1011.6,3.2,308,0.0
2026-02-26 04:00:00,25.9,56,1011.6,3.5,321,0.0
2026-02-26 05:00:00,27.6,43,1011.2,3.2,313,0.0
2026-02-26 06:00:00,28.3,38,1010.1,5.6,318,0.0
2026-02-26 07:00:00,29.0,34,1008.9,7.2,309,0.0
2026-02-26 08:00:00,29.1,33,1007.5,7.9,297,0.0
2026-02-26 09:00:00,28.8,33,1006.6,8.4,290,0.0
2026-02-26 10:00:00,28.3,35,1006.3,8.2,284,0.0
2026-02-26 11:00:00,27.2,41,1006.2,6.0,261,0.0
2026-02-26 12:00:00,26.0,53,1006.3,1.4,230,0.0
2026-02-26 13:00:00,25.0,52,1006.7,2.3,113,0.0
2026-02-26 14:00:00,23.5,57,1007.4,4.5,119,0.0
2026-02-26 15:00:00,23.2,56,1007.7,4.1,139,0.0
2026-02-26 16:00:00,23.4,52,1007.8,2.4,117,0.0
2026-02-26 17:00:00,22.8,54,1007.7,2.1,160,0.0
2026-02-26 18:00:00,21.4,63,1007.7,5.6,201,0.0
2026-02-26 19:00:00,20.0,68,1007.7,5.0,206,0.0
2026-02-26 20:00:00,19.6,70,1007.4,5.0,215,0.0
2026-02-26 21:00:00,19.4,72,1007.4,6.3,246,0.0
2026-02-26 22:00:00,18.6,80,1007.4,5.4,236,0.0
2026-02-26 23:00:00,18.5,82,1007.6,5.5,226,0.0
2026-02-27 00:00:00,18.7,80,1007.5,5.7,238,0.0
2026-02-27 01:00:00,19.0,79,1008.3,5.9,247,0.0
2026-02-27 02:00:00,20.6,76,1008.9,6.4,223,0.0
2026-02-27 03:00:00,23.2,71,1009.4,4.5,247,0.0
2026-02-27 04:00:00,25.1,68,1009.7,6.6,279,0.0
2026-02-27 05:00:00,26.9,58,1009.1,7.4,276,0.0
2026-02-27 06:00:00,28.2,44,1008.3,7.7,288,0.0
2026-02-27 07:00:00,29.1,31,1007.1,8.5,287,0.0
2026-02-27 08:00:00,29.1,30,1005.9,9.7,286,0.0
2026-02-27 09:00:00,29.0,33,1005.3,9.4,281,0.0
2026-02-27 10:00:00,28.8,31,1004.8,10.3,297,0.0
2026-02-27 11:00:00,27.7,38,1004.8,5.1,324,0.0
2026-02-27 12:00:00,26.9,47,1004.7,0.6,18,0.0
2026-02-27 13:00:00,25.8,48,1005.2,1.0,158,0.0
2026-02-27 14:00:00,24.7,53,1005.8,3.2,128,0.0
2026-02-27 15:00:00,23.4,56,1006.2,5.4,124,0.0
2026-02-27 16:00:00,23.4,54,1006.1,4.2,100,0.0
2026-02-27 17:00:00,22.6,57,1006.2,3.3,144,0.0
2026-02-27 18:00:00,21.1,71,1006.3,4.6,201,0.0
2026-02-27 19:00:00,20.4,80,1006.1,4.2,223,0.0
2026-02-27 20:00:00,19.8,85,1005.9,4.4,258,0.0
2026-02-27 21:00:00,19.4,85,1005.6,5.5,234,0.0
2026-02-27 22:00:00,19.1,82,1005.6,5.8,240,0.0
2026-02-27 23:00:00,18.4,83,1005.7,4.9,264,0.0
2026-02-28 00:00:00,18.5,91,1005.9,4.7,254,0.0
2026-02-28 01:00:00,19.0,90,1007.0,3.8,225,0.0
2026-02-28 02:00:00,21.0,86,1007.8,4.1,203,0.0
2026-02-28 03:00:00,23.9,77,1008.5,2.4,193,0.0
2026-02-28 04:00:00,27.1,58,1008.9,2.3,219,0.0
2026-02-28 05:00:00,29.6,31,1008.8,3.2,243,0.0
2026-02-28 06:00:00,30.5,26,1007.4,6.3,243,0.0
2026-02-28 07:00:00,31.1,26,1006.2,7.0,252,0.0
2026-02-28 08:00:00,31.6,25,1005.2,7.4,269,0.0
2026-02-28 09:00:00,31.7,24,1004.7,7.3,286,0.0
2026-02-28 10:00:00,31.4,25,1004.1,8.0,288,0.0
2026-02-28 11:00:00,30.0,36,1004.6,4.7,302,0.0
2026-02-28 12:00:00,28.6,50,1004.6,0.5,315,0.0
2026-02-28 13:00:00,27.2,52,1004.9,2.0,180,0.0
2026-02-28 14:00:00,25.5,60,1005.6,10.1,185,0.0
2026-02-28 15:00:00,24.0,76,1006.6,7.2,180,0.0
2026-02-28 16:00:00,23.3,85,1006.8,6.7,172,0.0
2026-02-28 17:00:00,23.0,89,1006.7,8.1,184,0.0
2026-02-28 18:00:00,23.0,90,1006.6,7.9,191,0.0
2026-02-28 19:00:00,22.8,92,1006.2,8.0,194,0.0
2026-02-28 20:00:00,22.6,93,1005.8,8.8,200,0.0
2026-02-28 21:00:00,22.5,94,1005.3,8.0,200,0.0
2026-02-28 22:00:00,22.4,95,1005.2,7.8,206,0.0
2026-02-28 23:00:00,21.9,96,1005.3,6.0,205,0.0
2026-03-01 00:00:00,22.1,95,1005.7,7.3,196,0.0
2026-03-01 01:00:00,22.3,96,1006.6,8.4,203,0.0
2026-03-01 02:00:00,23.8,90,1007.3,7.6,202,0.0
2026-03-01 03:00:00,25.8,81,1008.1,8.2,212,0.0
2026-03-01 04:00:00,27.8,69,1008.5,7.3,224,0.0
2026-03-01 05:00:00,29.7,59,1008.1,6.0,231,0.0
2026-03-01 06:00:00,31.0,51,1007.4,3.3,234,0.0
2026-03-01 07:00:00,32.7,40,1006.4,2.8,285,0.0
2026-03-01 08:00:00,33.7,29,1005.3,4.4,291,0.0
2026-03-01 09:00:00,33.2,28,1005.0,9.6,293,0.0
2026-03-01 10:00:00,32.5,29,1005.0,9.8,288,0.0
2026-03-01 11:00:00,31.5,32,1005.0,7.4,283,0.0
2026-03-01 12:00:00,29.7,52,1005.1,4.0,210,0.0
2026-03-01 13:00:00,28.6,58,1005.9,7.9,176,0.1
2026-03-01 14:00:00,27.6,65,1006.7,10.0,172,0.0
2026-03-01 15:00:00,26.2,79,1007.4,12.2,171,0.0
2026-03-01 16:00:00,25.3,87,1007.7,11.7,177,0.0
2026-03-01 17:00:00,24.8,91,1008.0,9.0,179,0.0
2026-03-01 18:00:00,24.6,94,1007.6,8.9,174,0.0
2026-03-01 19:00:00,24.7,92,1006.9,9.9,175,0.0
2026-03-01 20:00:00,24.2,94,1006.5,7.1,174,0.0
2026-03-01 21:00:00,23.6,94,1006.8,2.3,293,0.0
2026-03-01 22:00:00,24.0,93,1006.7,4.3,45,0.0
2026-03-01 23:00:00,24.1,93,1006.6,5.3,147,0.0
2026-03-02 00:00:00,24.8,96,1006.8,3.1,149,0.0
2026-03-02 01:00:00,25.0,94,1007.5,0.8,45,0.0
2026-03-02 02:00:00,25.5,89,1008.7,3.3,351,0.0
2026-03-02 03:00:00,27.2,79,1009.6,4.5,5,0.0
2026-03-02 04:00:00,29.1,67,1010.0,4.1,13,0.0
2026-03-02 05:00:00,31.1,51,1009.6,7.7,18,0.0
2026-03-02 06:00:00,31.8,43,1009.1,10.6,3,0.0
2026-03-02 07:00:00,32.0,40,1008.3,9.7,344,0.0
2026-03-02 08:00:00,32.3,37,1007.5,8.6,323,0.0
2026-03-02 09:00:00,32.9,34,1006.9,8.5,324,0.0
2026-03-02 10:00:00,32.7,33,1006.4,8.7,315,0.0
2026-03-02 11:00:00,31.7,33,1006.3,9.6,298,0.0
2026-03-02 12:00:00,30.1,48,1007.0,2.3,328,0.0
2026-03-02 13:00:00,28.9,41,1007.4,3.9,37,0.0
2026-03-02 14:00:00,28.0,41,1008.2,4.1,38,0.0
2026-03-02 15:00:00,26.7,47,1008.8,3.8,19,0.0
2026-03-02 16:00:00,26.3,49,1009.3,2.2,48,0.0
2026-03-02 17:00:00,25.6,51,1009.5,1.9,326,0.0
2026-03-02 18:00:00,25.2,52,1009.2,5.0,322,0.0
2026-03-02 19:00:00,23.3,60,1009.2,4.3,360,0.0
2026-03-02 20:00:00,22.0,65,1008.9,2.8,235,0.0
2026-03-02 21:00:00,20.9,70,1008.7,4.4,308,0.0
2026-03-02 22:00:00,19.7,79,1008.6,2.3,293,0.0
2026-03-02 23:00:00,19.2,83,1008.7,2.3,270,0.0
2026-03-03 00:00:00,19.2,85,1008.9,2.7,307,0.0
2026-03-03 01:00:00,19.9,80,1009.9,3.1,263,0.0
2026-03-03 02:00:00,22.1,67,1011.0,3.5,255,0.0
2026-03-03 03:00:00,25.6,54,1011.8,3.1,267,0.0
2026-03-03 04:00:00,28.7,42,1012.0,3.2,270,0.0
2026-03-03 05:00:00,31.1,26,1011.8,4.0,278,0.0
2026-03-03 06:00:00,31.9,21,1010.8,4.9,294,0.0
2026-03-03 07:00:00,32.9,19,1009.8,6.6,283,0.0
2026-03-03 08:00:00,33.0,20,1008.7,7.5,280,0.0
2026-03-03 09:00:00,32.9,21,1008.1,9.4,293,0.0
2026-03-03 10:00:00,32.2,22,1007.9,10.4,307,0.0
2026-03-03 11:00:00,31.3,25,1007.7,5.9,329,0.0
2026-03-03 12:00:00,30.1,28,1008.1,3.1,36,0.0
2026-03-03 13:00:00,28.9,32,1008.6,3.2,63,0.0
2026-03-03 14:00:00,27.9,35,1009.4,3.5,78,0.0
2026-03-03 15:00:00,27.2,37,1010.2,3.1,77,0.0
2026-03-03 16:00:00,26.7,39,1010.7,3.2,90,0.0
2026-03-03 17:00:00,25.8,42,1010.8,3.4,155,0.0
2026-03-03 18:00:00,25.1,43,1010.8,6.9,203,0.0
2026-03-03 19:00:00,23.6,53,1010.6,3.5,201,0.0
2026-03-03 20:00:00,23.5,53,1010.2,0.4,90,0.0
2026-03-03 21:00:00,22.3,56,1009.8,1.1,261,0.0
2026-03-03 22:00:00,22.2,59,1009.4,1.0,149,0.0
2026-03-03 23:00:00,21.9,60,1009.6,1.9,151,0.0
2026-03-04 00:00:00,21.8,68,1009.9,2.3,162,0.0
2026-03-04 01:00:00,21.8,68,1010.8,3.3,209,0.0
2026-03-04 02:00:00,23.6,62,1011.5,4.5,220,0.0
2026-03-04 03:00:00,26.1,56,1012.1,3.8,221,0.0
2026-03-04 04:00:00,28.6,47,1012.3,5.1,234,0.0
2026-03-04 05:00:00,30.4,38,1011.9,7.2,256,0.0
2026-03-04 06:00:00,31.0,32,1010.9,9.3,280,0.0
2026-03-04 07:00:00,32.2,23,1009.5,10.4,281,0.0
2026-03-04 08:00:00,32.5,20,1008.1,12.2,283,0.0
2026-03-04 09:00:00,32.0,24,1007.4,14.1,287,0.0
2026-03-04 10:00:00,31.5,24,1007.2,13.3,302,0.0
2026-03-04 11:00:00,30.6,27,1007.1,11.9,308,0.0
2026-03-04 12:00:00,29.6,29,1006.7,6.1,332,0.0
2026-03-04 13:00:00,28.4,35,1007.6,9.0,6,0.0
2026-03-04 14:00:00,27.3,41,1008.5,7.8,19,0.0
2026-03-04 15:00:00,26.7,43,1009.2,7.3,30,0.0
2026-03-04 16:00:00,26.2,44,1009.3,8.2,33,0.0
2026-03-04 17:00:00,25.7,46,1009.5,10.2,36,0.0
2026-03-04 18:00:00,24.4,54,1009.6,3.3,171,0.0
2026-03-04 19:00:00,24.1,53,1009.3,4.2,187,0.0
2026-03-04 20:00:00,23.8,55,1008.6,1.0,211,0.0
2026-03-04 21:00:00,22.7,63,1008.1,1.8,246,0.0
2026-03-04 22:00:00,22.0,68,1007.7,1.2,333,0.0
2026-03-04 23:00:00,21.0,75,1007.6,2.6,321,0.0
2026-03-05 00:00:00,20.2,91,1008.0,3.2,308,0.0
2026-03-05 01:00:00,20.5,87,1008.8,3.7,321,0.0
2026-03-05 02:00:00,22.7,75,1009.5,2.5,339,0.0
2026-03-05 03:00:00,26.1,57,1009.9,2.5,360,0.0
2026-03-05 04:00:00,29.2,40,1010.1,3.6,360,0.0
2026-03-05 05:00:00,31.3,32,1009.5,2.9,349,0.0
2026-03-05 06:00:00,31.6,29,1008.4,1.8,349,0.0
2026-03-05 07:00:00,33.3,25,1007.2,1.9,326,0.0
2026-03-05 08:00:00,33.7,25,1006.1,2.4,297,0.0
2026-03-05 09:00:00,33.7,25,1005.2,3.8,301,0.0
2026-03-05 10:00:00,33.2,26,1004.8,5.9,301,0.0
2026-03-05 11:00:00,32.1,29,1005.0,6.3,297,0.0
2026-03-05 12:00:00,30.1,37,1005.3,5.4,276,0.0
2026-03-05 13:00:00,29.0,43,1005.7,2.8,325,0.0
2026-03-05 14:00:00,28.4,45,1006.8,2.6,34,0.0
2026-03-05 15:00:00,27.8,44,1007.6,2.8,55,0.0
2026-03-05 16:00:00,27.7,39,1008.0,5.9,79,0.0
2026-03-05 17:00:00,26.4,47,1008.0,6.3,97,0.0
2026-03-05 18:00:00,25.2,65,1007.9,5.0,154,0.0
2026-03-05 19:00:00,24.3,78,1007.7,2.9,184,0.0
2026-03-05 20:00:00,23.8,85,1007.3,3.4,177,0.0
2026-03-05 21:00:00,23.4,90,1006.7,4.0,185,0.0
2026-03-05 22:00:00,22.8,94,1006.4,3.5,192,0.0
2026-03-05 23:00:00,22.4,98,1006.7,3.5,219,0.0
2026-03-06 00:00:00,22.9,98,1007.4,4.0,210,0.0
2026-03-06 01:00:00,22.8,96,1008.5,2.8,195,0.0
2026-03-06 02:00:00,23.3,92,1009.5,1.8,225,0.0
2026-03-06 03:00:00,24.9,81,1010.3,0.2,270,0.0
2026-03-06 04:00:00,27.7,67,1010.6,0.0,270,0.0
2026-03-06 05:00:00,30.2,51,1010.1,0.8,117,0.0
2026-03-06 06:00:00,31.1,42,1009.2,4.4,122,0.0
2026-03-06 07:00:00,33.0,34,1008.0,5.4,132,0.0
2026-03-06 08:00:00,33.7,30,1007.2,5.4,150,0.0
2026-03-06 09:00:00,33.8,29,1006.3,5.8,158,0.0
2026-03-06 10:00:00,32.8,31,1006.0,6.0,159,0.0
2026-03-06 11:00:00,32.2,33,1006.3,3.1,167,0.0
2026-03-06 12:00:00,30.8,41,1006.7,8.2,216,0.0
2026-03-06 13:00:00,29.2,52,1007.3,5.1,203,0.0
2026-03-06 14:00:00,28.5,54,1008.3,5.1,184,0.0
2026-03-06 15:00:00,27.5,58,1009.3,6.0,197,0.0
2026-03-06 16:00:00,26.4,65,1009.6,8.1,176,0.0
2026-03-06 17:00:00,25.5,73,1009.7,8.1,175,0.0
2026-03-06 18:00:00,24.9,80,1009.5,6.6,167,0.0
2026-03-06 19:00:00,24.5,85,1009.1,5.9,168,0.0
2026-03-06 20:00:00,24.1,88,1008.5,5.4,176,0.0
2026-03-06 21:00:00,23.7,90,1008.2,6.3,165,0.0
2026-03-06 22:00:00,23.3,93,1008.1,5.7,162,0.0
2026-03-06 23:00:00,22.8,96,1008.5,2.9,227,0.0
2026-03-07 00:00:00,23.4,94,1009.2,5.3,198,0.0
2026-03-07 01:00:00,23.5,93,1010.0,6.8,178,0.0
2026-03-07 02:00:00,24.7,87,1010.9,9.6,184,0.0
2026-03-07 03:00:00,26.8,74,1011.6,8.1,186,0.0
2026-03-07 04:00:00,28.7,60,1012.0,5.4,174,0.0
2026-03-07 05:00:00,30.4,50,1011.6,5.4,182,0.1
2026-03-07 06:00:00,30.5,49,1010.5,5.2,178,0.1
2026-03-07 07:00:00,31.3,46,1009.7,6.1,183,0.0
2026-03-07 08:00:00,30.9,46,1008.9,9.1,171,0.0
2026-03-07 09:00:00,30.6,47,1008.3,8.3,166,0.0
2026-03-07 10:00:00,30.4,47,1008.2,6.0,177,0.0
2026-03-07 11:00:00,29.7,49,1008.2,5.8,182,0.1
2026-03-07 12:00:00,27.1,63,1009.3,7.3,277,0.0
2026-03-07 13:00:00,26.0,71,1009.3,7.4,146,0.5
2026-03-07 14:00:00,26.2,71,1010.2,7.6,176,0.0
2026-03-07 15:00:00,26.1,74,1011.0,7.2,179,0.0
2026-03-07 16:00:00,25.7,78,1011.6,8.3,162,0.0
2026-03-07 17:00:00,25.3,83,1011.7,7.9,168,0.0
2026-03-07 18:00:00,25.0,90,1011.7,7.9,164,0.0
2026-03-07 19:00:00,24.6,91,1011.1,7.1,156,0.0
2026-03-07 20:00:00,24.3,92,1010.3,6.6,164,0.0
2026-03-07 21:00:00,24.0,93,1010.0,5.8,164,0.0
2026-03-07 22:00:00,23.7,94,1009.8,5.6,158,0.0
2026-03-07 23:00:00,23.4,95,1009.7,5.6,153,0.0
2026-03-08 00:00:00,23.7,97,1010.2,5.7,156,0.0
2026-03-08 01:00:00,23.9,95,1010.9,5.4,154,0.0
2026-03-08 02:00:00,24.8,89,1011.9,4.6,149,0.0
2026-03-08 03:00:00,26.4,78,1012.4,3.7,141,0.0
2026-03-08 04:00:00,28.4,67,1012.7,3.4,155,0.0
2026-03-08 05:00:00,29.9,58,1012.3,3.0,166,0.0
2026-03-08 06:00:00,29.2,58,1011.6,3.1,177,0.1
2026-03-08 07:00:00,30.3,53,1010.6,2.8,220,0.0
2026-03-08 08:00:00,31.2,47,1009.3,1.1,279,0.0
2026-03-08 09:00:00,31.1,47,1008.7,5.5,212,0.1
2026-03-08 10:00:00,29.8,52,1008.3,9.4,188,0.1
2026-03-08 11:00:00,29.2,54,1008.1,9.1,195,0.0
2026-03-08 12:00:00,28.3,57,1008.7,6.3,127,0.0
2026-03-08 13:00:00,27.9,60,1009.4,6.6,139,0.0
2026-03-08 14:00:00,27.5,64,1010.5,6.7,144,0.0
2026-03-08 15:00:00,26.8,67,1011.3,7.4,148,0.0
2026-03-08 16:00:00,26.0,73,1011.8,9.2,160,0.0
2026-03-08 17:00:00,25.2,82,1011.7,8.6,170,0.0
2026-03-08 18:00:00,24.9,82,1011.9,6.7,164,0.0
2026-03-08 19:00:00,25.0,84,1011.2,6.1,157,0.0
2026-03-08 20:00:00,24.6,88,1010.6,6.4,172,0.0
2026-03-08 21:00:00,24.4,88,1010.1,5.4,178,0.0
2026-03-08 22:00:00,24.2,88,1010.0,4.7,173,0.0
2026-03-08 23:00:00,24.0,90,1010.1,4.2,160,0.0
2026-03-09 00:00:00,23.9,95,1010.7,4.7,178,0.0
2026-03-09 01:00:00,24.6,90,1011.6,5.8,185,0.0
2026-03-09 02:00:00,26.0,82,1012.6,8.6,206,0.0
2026-03-09 03:00:00,27.8,72,1013.3,7.3,218,0.0
2026-03-09 04:00:00,29.6,62,1013.1,7.9,227,0.1
2026-03-09 05:00:00,30.8,57,1012.6,6.4,218,0.1
2026-03-09 06:00:00,31.4,54,1012.2,4.8,191,0.0
2026-03-09 07:00:00,32.7,47,1011.0,5.5,212,0.0
2026-03-09 08:00:00,31.3,49,1010.5,4.3,202,0.4
2026-03-09 09:00:00,28.4,61,1010.3,16.5,106,1.5
2026-03-09 10:00:00,27.6,67,1010.2,7.6,152,0.2
2026-03-09 11:00:00,27.5,68,1010.0,3.3,126,0.2
2026-03-09 12:00:00,27.8,69,1010.3,5.8,184,0.0
2026-03-09 13:00:00,26.8,72,1010.9,5.8,187,0.3
2026-03-09 14:00:00,26.7,73,1011.6,3.5,114,0.0
2026-03-09 15:00:00,26.4,73,1012.5,3.9,146,0.0
2026-03-09 16:00:00,26.0,75,1013.1,4.9,144,0.0
2026-03-09 17:00:00,25.5,80,1013.3,5.4,165,0.0
2026-03-09 18:00:00,25.9,86,1013.0,5.1,207,0.0
2026-03-09 19:00:00,25.5,89,1012.3,4.5,209,0.0
2026-03-09 20:00:00,25.2,91,1011.6,2.9,176,0.0
2026-03-09 21:00:00,25.1,91,1011.4,3.7,157,0.0
2026-03-09 22:00:00,24.8,93,1011.0,5.2,180,0.0
2026-03-09 23:00:00,24.4,96,1011.7,3.8,188,0.0
2026-03-10 00:00:00,24.8,94,1012.5,5.4,217,0.0
2026-03-10 01:00:00,23.8,93,1013.3,5.2,115,1.0
2026-03-10 02:00:00,23.3,90,1014.9,5.6,272,1.5
2026-03-10 03:00:00,24.5,85,1015.0,4.9,172,0.1
2026-03-10 04:00:00,27.3,73,1015.1,5.4,174,0.0
2026-03-10 05:00:00,28.7,66,1014.6,6.2,173,0.0
2026-03-10 06:00:00,29.4,63,1013.5,4.0,162,0.1
2026-03-10 07:00:00,30.3,58,1012.6,2.8,145,0.0
2026-03-10 08:00:00,30.7,55,1011.6,2.5,150,0.0
2026-03-10 09:00:00,30.6,56,1010.4,2.9,187,0.0
2026-03-10 10:00:00,29.1,61,1010.1,6.1,157,0.0
2026-03-10 11:00:00,27.9,67,1010.1,4.1,247,0.0
2026-03-10 12:00:00,28.6,62,1010.1,1.0,338,0.0
2026-03-10 13:00:00,27.7,68,1010.7,3.9,347,0.0
2026-03-10 14:00:00,27.3,74,1011.2,1.8,37,0.0
2026-03-10 15:00:00,27.0,77,1012.2,0.5,315,0.0
2026-03-10 16:00:00,26.5,77,1012.6,3.4,223,0.0
2026-03-10 17:00:00,26.0,80,1012.5,5.6,209,0.0
2026-03-10 18:00:00,25.0,83,1012.0,4.8,214,0.0
2026-03-10 19:00:00,25.6,84,1011.2,6.1,204,0.0
2026-03-10 20:00:00,25.2,92,1010.8,7.2,207,0.0
2026-03-10 21:00:00,24.9,96,1010.9,5.9,211,0.0
2026-03-10 22:00:00,24.9,94,1010.7,6.4,212,0.2
2026-03-10 23:00:00,24.8,95,1010.7,5.1,207,0.0
2026-03-11 00:00:00,24.5,96,1011.1,6.0,213,0.0
2026-03-11 01:00:00,25.1,92,1011.6,5.0,206,0.0
2026-03-11 02:00:00,25.9,87,1012.4,3.5,192,0.0
2026-03-11 03:00:00,27.1,80,1012.9,5.8,214,0.0
2026-03-11 04:00:00,26.2,78,1013.4,2.5,172,0.8
2026-03-11 05:00:00,28.5,67,1012.6,4.6,206,0.1
2026-03-11 06:00:00,30.1,63,1011.5,2.7,217,0.1
2026-03-11 07:00:00,31.7,55,1009.8,3.2,254,0.2
2026-03-11 08:00:00,32.1,51,1008.5,6.4,295,0.1
2026-03-11 09:00:00,27.4,70,1008.6,10.5,217,2.4
2026-03-11 10:00:00,28.7,64,1007.8,5.5,197,0.1
2026-03-11 11:00:00,28.4,66,1007.3,8.2,216,0.0
2026-03-11 12:00:00,27.3,70,1007.7,6.1,238,0.0
2026-03-11 13:00:00,27.2,70,1008.1,4.0,180,0.0
2026-03-11 14:00:00,27.1,72,1008.7,5.5,197,0.0
2026-03-11 15:00:00,26.8,75,1009.7,6.5,203,0.0
2026-03-11 16:00:00,26.3,80,1009.8,6.1,185,0.0
2026-03-11 17:00:00,25.9,85,1009.4,4.9,163,0.0
2026-03-11 18:00:00,25.9,88,1009.1,5.2,182,0.0
2026-03-11 19:00:00,25.8,90,1008.4,6.3,211,0.0
2026-03-11 20:00:00,25.4,93,1007.7,4.0,238,0.0
2026-03-11 21:00:00,25.5,93,1007.6,3.5,242,0.0
2026-03-11 22:00:00,25.1,96,1007.7,2.7,290,0.0
2026-03-11 23:00:00,25.2,92,1007.5,2.4,197,0.3
2026-03-12 00:00:00,25.2,96,1007.9,2.7,118,0.0
2026-03-12 01:00:00,25.4,94,1008.3,5.0,134,0.0
2026-03-12 02:00:00,26.4,88,1009.1,5.3,142,0.0
2026-03-12 03:00:00,27.5,83,1009.7,4.0,183,0.0
2026-03-12 04:00:00,28.9,74,1010.1,3.0,256,0.0
2026-03-12 05:00:00,30.6,66,1008.8,3.5,201,0.0
2026-03-12 06:00:00,30.2,61,1008.8,2.5,150,0.0
2026-03-12 07:00:00,30.1,60,1007.2,3.3,264,0.1
2026-03-12 08:00:00,30.7,58,1006.3,4.6,329,1.1
2026-03-12 09:00:00,30.0,60,1005.7,5.8,5,0.7
2026-03-12 10:00:00,30.6,59,1005.3,4.0,188,0.0
2026-03-12 11:00:00,29.4,59,1005.2,8.1,186,0.0
2026-03-12 12:00:00,26.0,83,1005.8,5.4,96,0.0
2026-03-12 13:00:00,22.8,92,1007.4,13.2,6,8.7
2026-03-12 14:00:00,22.1,90,1007.3,11.4,106,4.4
2026-03-12 15:00:00,22.9,92,1007.8,4.5,140,0.0
2026-03-12 16:00:00,23.5,91,1007.9,9.3,155,0.0
2026-03-12 17:00:00,23.9,92,1008.0,6.9,157,0.0
2026-03-12 18:00:00,25.2,96,1007.7,9.0,181,0.0
2026-03-12 19:00:00,25.2,97,1007.7,6.7,183,0.0
2026-03-12 20:00:00,25.4,96,1006.8,7.6,183,0.0
2026-03-12 21:00:00,25.4,97,1006.6,8.5,185,0.0
2026-03-12 22:00:00,25.4,98,1006.6,9.4,191,0.0
2026-03-12 23:00:00,25.7,95,1006.4,9.0,196,0.0
2026-03-13 00:00:00,25.6,99,1006.8,10.7,193,0.0
2026-03-13 01:00:00,25.8,94,1007.4,8.8,199,0.0
2026-03-13 02:00:00,26.9,86,1008.3,11.8,205,0.0
2026-03-13 03:00:00,28.6,76,1008.7,10.6,215,0.0
2026-03-13 04:00:00,30.3,68,1008.6,8.7,218,0.0
2026-03-13 05:00:00,32.2,59,1008.2,7.7,221,0.0
2026-03-13 06:00:00,33.7,47,1007.2,10.4,222,0.0
2026-03-13 07:00:00,35.3,34,1005.7,12.1,240,0.0
2026-03-13 08:00:00,35.5,28,1004.7,14.2,268,0.0
2026-03-13 09:00:00,35.2,29,1004.0,14.4,234,0.0
2026-03-13 10:00:00,33.5,39,1003.9,15.0,199,0.0
2026-03-13 11:00:00,32.6,48,1003.7,14.7,186,0.0
2026-03-13 12:00:00,31.0,60,1004.4,11.9,182,0.0
2026-03-13 13:00:00,29.0,71,1005.1,13.0,180,0.0
2026-03-13 14:00:00,28.1,76,1006.1,12.1,178,0.0
2026-03-13 15:00:00,27.1,80,1007.2,12.0,171,0.0
2026-03-13 16:00:00,26.2,87,1007.4,12.2,178,0.0
2026-03-13 17:00:00,25.8,89,1007.2,15.5,180,0.0
2026-03-13 18:00:00,26.3,92,1007.7,12.4,183,0.0
2026-03-13 19:00:00,26.3,91,1007.5,10.5,187,0.0
2026-03-13 20:00:00,26.4,88,1007.0,10.7,193,0.0
2026-03-13 21:00:00,26.2,88,1007.1,11.4,191,0.0
2026-03-13 22:00:00,26.2,87,1006.8,12.8,195,0.0
2026-03-13 23:00:00,25.9,88,1007.3,11.6,193,0.0
2026-03-14 00:00:00,25.9,89,1007.9,10.2,193,0.0
2026-03-14 01:00:00,26.1,86,1009.0,11.0,194,0.0
2026-03-14 02:00:00,27.1,79,1010.1,13.7,213,0.1
2026-03-14 03:00:00,28.8,70,1010.7,14.3,217,0.1
2026-03-14 04:00:00,30.5,61,1010.9,13.7,213,0.0
2026-03-14 05:00:00,32.2,55,1010.5,12.5,212,0.0
2026-03-14 06:00:00,33.3,49,1009.8,10.1,223,0.0
2026-03-14 07:00:00,34.5,43,1008.5,8.6,219,0.0
2026-03-14 08:00:00,35.3,38,1007.3,8.8,215,0.0
2026-03-14 09:00:00,34.7,39,1006.7,13.4,209,0.0
2026-03-14 10:00:00,33.4,41,1006.9,9.0,206,0.0
2026-03-14 11:00:00,32.7,40,1006.9,12.6,166,0.0
2026-03-14 12:00:00,29.7,65,1006.9,14.2,180,0.0
2026-03-14 13:00:00,28.4,72,1007.5,13.7,182,0.0
2026-03-14 14:00:00,27.7,78,1008.3,14.8,177,0.0
2026-03-14 15:00:00,26.7,84,1008.9,14.7,173,0.0
2026-03-14 16:00:00,26.1,87,1009.4,13.3,170,0.0
2026-03-14 17:00:00,25.7,89,1009.6,13.3,182,0.0
2026-03-14 18:00:00,26.0,93,1009.5,13.1,189,0.0
2026-03-14 19:00:00,26.2,90,1008.9,13.0,186,0.0
2026-03-14 20:00:00,26.0,90,1008.5,13.1,188,0.0
2026-03-14 21:00:00,25.8,89,1008.3,13.2,191,0.0
2026-03-14 22:00:00,25.7,89,1008.3,12.7,191,0.0
2026-03-14 23:00:00,25.4,89,1008.4,13.2,191,0.0
2026-03-15 00:00:00,25.5,89,1009.0,14.0,193,0.0
2026-03-15 01:00:00,26.0,86,1009.7,13.7,194,0.0
2026-03-15 02:00:00,27.4,78,1010.4,18.7,203,0.0
2026-03-15 03:00:00,29.0,67,1011.2,19.7,210,0.0
2026-03-15 04:00:00,30.7,59,1011.2,17.4,204,0.0
2026-03-15 05:00:00,31.9,55,1010.6,17.8,198,0.0
2026-03-15 06:00:00,32.3,53,1010.1,18.5,199,0.0
2026-03-15 07:00:00,32.6,52,1008.7,18.2,191,0.0
2026-03-15 08:00:00,32.5,53,1007.3,20.3,197,0.0
2026-03-15 09:00:00,31.2,57,1006.1,24.0,207,0.0
2026-03-15 10:00:00,22.7,92,1007.6,4.1,34,6.3
2026-03-15 11:00:00,26.8,78,1007.0,6.0,155,0.0
2026-03-15 12:00:00,28.4,71,1005.9,17.7,197,0.0
2026-03-15 13:00:00,23.4,92,1008.3,8.3,336,13.2
2026-03-15 14:00:00,23.0,94,1008.5,4.7,113,3.3
2026-03-15 15:00:00,24.0,92,1009.0,4.6,121,0.0
2026-03-15 16:00:00,24.5,91,1009.3,6.4,133,0.0
2026-03-15 17:00:00,24.7,91,1009.2,9.3,162,0.0
2026-03-15 18:00:00,23.4,91,1009.3,9.0,185,0.0
2026-03-15 19:00:00,23.9,87,1008.2,6.1,177,0.0
2026-03-15 20:00:00,24.0,85,1007.6,7.7,198,0.0
2026-03-15 21:00:00,23.7,88,1007.2,6.5,214,0.0
2026-03-15 22:00:00,23.6,92,1007.1,8.5,215,0.0
2026-03-15 23:00:00,23.9,94,1006.8,10.1,199,0.0
2026-03-16 00:00:00,24.8,61,1007.0,9.7,192,0.0
2026-03-16 01:00:00,25.1,63,1007.7,9.2,187,0.0
2026-03-16 02:00:00,26.8,63,1008.6,9.3,190,0.0
2026-03-16 03:00:00,29.0,61,1009.3,11.3,200,0.0
2026-03-16 04:00:00,31.1,57,1009.7,12.4,211,0.0
2026-03-16 05:00:00,33.0,48,1009.2,11.5,226,0.0
2026-03-16 06:00:00,34.4,40,1008.7,7.5,197,0.0
2026-03-16 07:00:00,32.6,45,1007.9,4.7,106,1.4
2026-03-16 08:00:00,33.0,45,1006.6,6.5,150,0.0
2026-03-16 09:00:00,25.8,72,1007.8,8.3,254,3.9
2026-03-16 10:00:00,27.6,67,1006.3,6.4,140,0.0
2026-03-16 11:00:00,27.6,69,1006.5,11.3,153,0.0
2026-03-16 12:00:00,22.7,89,1007.3,1.3,164,0.0
2026-03-16 13:00:00,22.8,87,1006.6,15.2,144,0.0
2026-03-16 14:00:00,22.6,85,1007.5,11.6,150,0.0
2026-03-16 15:00:00,22.8,86,1007.9,10.4,152,0.0
2026-03-16 16:00:00,22.9,90,1008.2,10.0,159,0.0
2026-03-16 17:00:00,23.2,91,1008.7,10.7,168,0.0
2026-03-16 18:00:00,22.4,88,1008.7,12.2,179,0.0
2026-03-16 19:00:00,22.4,87,1007.3,17.0,189,0.0
2026-03-16 20:00:00,23.0,83,1006.4,15.8,187,0.0
2026-03-16 21:00:00,23.3,85,1006.2,8.6,210,0.0
2026-03-16 22:00:00,22.9,90,1006.3,4.6,234,0.0
2026-03-16 23:00:00,23.1,92,1006.7,7.3,197,0.0
2026-03-17 00:00:00,22.6,80,1007.8,10.2,214,0.0
2026-03-17 01:00:00,23.4,83,1008.6,11.8,199,0.0
2026-03-17 02:00:00,25.3,81,1009.0,12.7,198,0.0
2026-03-17 03:00:00,26.9,74,1009.4,12.6,204,0.0
2026-03-17 04:00:00,28.5,66,1010.0,10.4,222,0.0
2026-03-17 05:00:00,30.3,57,1009.8,10.3,227,0.0
2026-03-17 06:00:00,30.8,50,1009.5,12.7,205,0.0
2026-03-17 07:00:00,31.7,49,1008.5,12.8,206,0.0
2026-03-17 08:00:00,32.3,47,1007.2,11.3,213,0.0
2026-03-17 09:00:00,32.1,47,1006.1,11.2,218,0.6
2026-03-17 10:00:00,31.2,50,1005.8,11.9,228,0.0
2026-03-17 11:00:00,29.5,58,1006.0,3.8,155,0.0
2026-03-17 12:00:00,27.3,74,1006.6,13.8,194,0.0
2026-03-17 13:00:00,26.3,80,1007.2,13.9,190,0.0
2026-03-17 14:00:00,25.9,84,1007.9,12.4,180,0.0
2026-03-17 15:00:00,25.5,87,1008.6,11.5,177,0.0
2026-03-17 16:00:00,25.3,88,1009.0,11.2,178,0.0
2026-03-17 17:00:00,25.0,90,1009.3,12.1,179,0.0
2026-03-17 18:00:00,25.5,91,1008.9,13.9,190,0.0
2026-03-17 19:00:00,25.3,91,1008.2,12.1,197,0.0
2026-03-17 20:00:00,24.9,93,1007.9,11.2,199,0.0
2026-03-17 21:00:00,24.7,94,1007.6,10.6,194,0.0
2026-03-17 22:00:00,24.4,94,1007.4,9.9,190,0.0
2026-03-17 23:00:00,24.3,95,1007.8,10.8,201,0.0
2026-03-18 00:00:00,24.1,95,1008.9,10.3,229,0.0
2026-03-18 01:00:00,24.4,94,1009.3,8.3,224,0.0
2026-03-18 02:00:00,25.8,86,1009.8,7.3,213,0.0
2026-03-18 03:00:00,27.7,79,1010.6,7.0,198,0.0
2026-03-18 04:00:00,29.6,70,1010.8,8.4,208,0.0
2026-03-18 05:00:00,31.4,59,1010.2,7.8,214,0.0
2026-03-18 06:00:00,32.3,56,1009.7,7.1,236,0.0
2026-03-18 07:00:00,30.7,52,1009.3,10.1,227,1.8
2026-03-18 08:00:00,31.7,51,1008.2,4.5,157,0.0
2026-03-18 09:00:00,27.1,68,1008.8,7.1,10,4.6
2026-03-18 10:00:00,27.7,66,1007.1,4.3,147,0.0
2026-03-18 11:00:00,26.7,72,1007.6,13.8,112,0.0
2026-03-18 12:00:00,24.8,79,1008.2,12.7,157,0.0
2026-03-18 13:00:00,25.2,79,1008.5,7.5,138,0.0
2026-03-18 14:00:00,24.8,82,1009.1,3.1,54,0.0
2026-03-18 15:00:00,24.3,84,1010.3,7.4,131,0.0
2026-03-18 16:00:00,23.7,87,1010.9,8.3,150,0.0
2026-03-18 17:00:00,23.3,89,1011.4,8.1,121,0.0
2026-03-18 18:00:00,24.2,92,1011.0,5.2,131,0.0
2026-03-18 19:00:00,24.3,92,1010.0,7.8,97,0.0
2026-03-18 20:00:00,23.9,95,1009.6,9.9,125,0.0
2026-03-18 21:00:00,23.7,96,1009.1,9.6,124,0.0
2026-03-18 22:00:00,23.1,95,1009.7,15.5,126,0.0
2026-03-18 23:00:00,22.1,91,1010.0,7.1,137,0.0
2026-03-19 00:00:00,24.6,100,1010.1,8.5,142,0.0
2026-03-19 01:00:00,25.1,98,1010.9,10.4,157,0.0
2026-03-19 02:00:00,26.2,91,1011.7,13.3,171,0.0
2026-03-19 03:00:00,28.2,79,1012.0,9.5,190,0.0
2026-03-19 04:00:00,30.3,69,1012.1,8.6,210,0.0
2026-03-19 05:00:00,32.4,54,1011.5,8.9,225,0.2
2026-03-19 06:00:00,33.3,45,1010.5,3.1,257,0.2
2026-03-19 07:00:00,34.2,38,1009.2,6.5,138,0.0
2026-03-19 08:00:00,31.7,47,1008.1,8.8,134,1.2
2026-03-19 09:00:00,24.5,76,1009.6,14.7,255,5.8
2026-03-19 10:00:00,24.6,76,1007.7,2.7,262,0.7
2026-03-19 11:00:00,26.8,71,1007.2,5.0,159,0.1
2026-03-19 12:00:00,23.8,79,1008.6,2.7,23,0.0
2026-03-19 13:00:00,24.3,78,1008.8,2.2,171,0.1
2026-03-19 14:00:00,24.0,83,1009.7,3.5,192,0.1
2026-03-19 15:00:00,23.9,85,1009.1,9.8,157,0.9
2026-03-19 16:00:00,23.1,91,1010.1,12.1,162,0.2
2026-03-19 17:00:00,22.9,93,1010.0,9.6,172,0.0
2026-03-19 18:00:00,24.3,88,1009.4,10.7,193,0.0
2026-03-19 19:00:00,24.0,89,1008.9,11.3,200,0.0
2026-03-19 20:00:00,23.7,92,1007.7,8.6,195,0.0
2026-03-19 21:00:00,23.6,92,1007.4,6.9,208,0.0
2026-03-19 22:00:00,23.6,92,1007.5,5.7,221,0.0
2026-03-19 23:00:00,23.6,91,1007.6,5.9,230,0.0
2026-03-20 00:00:00,24.4,97,1007.5,1.7,139,0.0
2026-03-20 01:00:00,25.3,93,1008.3,5.9,166,0.0
2026-03-20 02:00:00,26.4,88,1008.9,6.7,164,0.0
2026-03-20 03:00:00,27.7,81,1009.1,6.1,175,0.0
2026-03-20 04:00:00,29.2,73,1009.5,5.6,184,0.0
2026-03-20 05:00:00,30.3,67,1009.5,5.2,192,0.0
2026-03-20 06:00:00,30.0,59,1009.5,7.4,162,0.0
2026-03-20 07:00:00,30.0,63,1008.2,6.9,163,0.0
2026-03-20 08:00:00,29.1,64,1007.3,10.5,196,0.7
2026-03-20 09:00:00,28.8,64,1006.2,8.1,168,0.0
2026-03-20 10:00:00,21.8,88,1008.2,7.3,191,8.3
2026-03-20 11:00:00,22.2,88,1007.9,16.0,93,0.1
2026-03-20 12:00:00,28.4,61,1006.6,7.9,110,0.0
2026-03-20 13:00:00,26.6,72,1007.4,5.2,59,0.0
2026-03-20 14:00:00,25.9,74,1009.1,4.3,163,0.0
2026-03-20 15:00:00,21.1,93,1010.5,10.7,112,7.6
2026-03-20 16:00:00,22.0,85,1010.7,12.5,141,0.1
2026-03-20 17:00:00,21.9,86,1010.3,13.1,148,0.0
2026-03-20 18:00:00,22.2,82,1010.1,3.1,183,0.0
2026-03-20 19:00:00,21.8,85,1010.1,5.6,153,0.0
2026-03-20 20:00:00,21.2,91,1009.4,5.7,221,0.0
2026-03-20 21:00:00,21.4,91,1009.1,5.2,174,0.0
2026-03-20 22:00:00,21.2,92,1008.8,4.4,212,0.5
2026-03-20 23:00:00,20.8,95,1009.2,0.4,243,0.1
2026-03-21 00:00:00,20.6,92,1010.4,7.4,51,1.4
2026-03-21 01:00:00,20.7,89,1011.2,10.3,65,0.6
2026-03-21 02:00:00,21.0,89,1012.0,6.1,71,0.5
2026-03-21 03:00:00,21.3,89,1013.1,7.7,78,0.7
2026-03-21 04:00:00,21.7,84,1013.2,9.9,100,1.0
2026-03-21 05:00:00,21.6,83,1012.8,11.2,93,0.8
2026-03-21 06:00:00,22.6,78,1011.8,14.8,106,0.5
2026-03-21 07:00:00,23.6,72,1010.3,11.3,117,0.1
2026-03-21 08:00:00,24.1,69,1009.5,7.3,126,0.1
2026-03-21 09:00:00,25.1,65,1008.3,5.7,131,0.0
2026-03-21 10:00:00,24.7,66,1007.9,4.8,149,0.1
2026-03-21 11:00:00,24.3,67,1007.6,4.2,175,0.1
2026-03-21 12:00:00,23.4,71,1008.3,4.8,105,0.2
2026-03-21 13:00:00,22.6,80,1009.0,2.4,81,0.0
2026-03-21 14:00:00,22.4,79,1010.2,0.9,360,0.0
2026-03-21 15:00:00,22.3,79,1011.3,10.5,333,0.0
2026-03-21 16:00:00,20.3,85,1011.5,5.9,342,0.3
2026-03-21 17:00:00,19.9,87,1011.0,4.7,4,0.0
2026-03-21 18:00:00,20.5,89,1011.2,6.3,15,0.0
2026-03-21 19:00:00,20.0,93,1010.5,6.7,20,0.0
2026-03-21 20:00:00,19.7,94,1010.1,4.3,358,0.0
2026-03-21 21:00:00,19.3,95,1010.2,2.9,300,0.0
2026-03-21 22:00:00,18.9,97,1009.9,4.8,315,0.0
2026-03-21 23:00:00,18.5,98,1009.6,4.3,285,0.0
2026-03-22 00:00:00,19.0,98,1010.4,5.0,330,0.0
2026-03-22 01:00:00,19.1,99,1011.0,5.3,352,0.0
2026-03-22 02:00:00,19.8,94,1011.7,5.6,335,0.0
2026-03-22 03:00:00,21.9,81,1012.5,6.9,307,0.0
2026-03-22 04:00:00,23.5,71,1012.8,6.6,299,0.0
2026-03-22 05:00:00,25.0,65,1012.6,5.9,293,0.0
2026-03-22 06:00:00,25.7,60,1012.1,7.4,293,0.0
2026-03-22 07:00:00,26.5,56,1010.9,6.2,282,0.1
2026-03-22 08:00:00,27.0,53,1010.0,6.4,286,0.1
2026-03-22 09:00:00,26.9,52,1009.3,7.2,283,0.1
2026-03-22 10:00:00,26.6,54,1008.9,7.3,300,0.0
2026-03-22 11:00:00,26.2,56,1009.0,6.2,311,0.0
2026-03-22 12:00:00,26.1,60,1009.5,3.6,300,0.0
2026-03-22 13:00:00,25.0,72,1009.8,1.9,331,0.0
2026-03-22 14:00:00,24.3,72,1010.5,3.9,66,0.0
2026-03-22 15:00:00,23.6,72,1011.1,6.5,77,0.0
2026-03-22 16:00:00,22.8,74,1011.4,5.2,86,0.0
2026-03-22 17:00:00,22.1,78,1011.5,4.3,85,0.0
2026-03-22 18:00:00,22.0,82,1011.8,5.4,124,0.0
2026-03-22 19:00:00,21.9,84,1011.2,5.4,160,0.0
2026-03-22 20:00:00,21.6,88,1010.8,4.2,170,0.0
2026-03-22 21:00:00,21.4,91,1010.3,4.0,188,0.0
2026-03-22 22:00:00,21.3,93,1010.0,4.0,188,0.0
2026-03-22 23:00:00,21.1,94,1010.1,3.0,147,0.0
2026-03-23 00:00:00,21.2,92,1011.0,4.2,190,0.3
2026-03-23 01:00:00,22.0,90,1011.7,2.2,265,0.0
2026-03-23 02:00:00,23.4,86,1012.3,3.2,207,0.0
2026-03-23 03:00:00,25.4,78,1012.8,4.4,238,0.1
2026-03-23 04:00:00,26.6,69,1012.8,4.2,260,0.3
2026-03-23 05:00:00,27.9,60,1012.1,4.1,255,0.1
2026-03-23 06:00:00,28.7,54,1011.6,5.0,272,0.0
2026-03-23 07:00:00,29.7,46,1010.6,6.3,285,0.0
2026-03-23 08:00:00,30.1,43,1009.7,7.3,293,0.0
2026-03-23 09:00:00,30.1,41,1008.7,6.8,288,0.0
2026-03-23 10:00:00,29.7,41,1008.2,5.8,277,0.0
2026-03-23 11:00:00,29.2,43,1008.4,6.8,288,0.0
2026-03-23 12:00:00,28.3,47,1009.1,7.5,281,0.0
2026-03-23 13:00:00,27.0,54,1009.5,5.3,260,0.0
2026-03-23 14:00:00,26.3,64,1009.9,2.7,176,0.0
2026-03-23 15:00:00,26.0,60,1010.2,3.6,87,0.0
2026-03-23 16:00:00,24.7,67,1010.3,9.5,123,0.0
2026-03-23 17:00:00,23.4,79,1010.4,8.0,164,0.0
2026-03-23 18:00:00,23.5,86,1010.2,7.6,181,0.0
2026-03-23 19:00:00,23.4,90,1009.9,7.0,201,0.0
2026-03-23 20:00:00,23.1,93,1009.5,6.1,199,0.0
2026-03-23 21:00:00,23.0,94,1009.2,5.2,184,0.0
2026-03-23 22:00:00,22.8,96,1009.0,4.7,187,0.0
2026-03-23 23:00:00,22.7,96,1009.0,4.7,178,0.0
2026-03-24 00:00:00,23.5,97,1009.4,5.3,188,0.0
2026-03-24 01:00:00,24.2,94,1010.1,7.4,193,0.0
2026-03-24 02:00:00,25.1,86,1010.5,6.8,198,0.0
2026-03-24 03:00:00,27.3,73,1010.9,6.5,199,0.0
2026-03-24 04:00:00,29.3,58,1011.1,7.7,204,0.0
2026-03-24 05:00:00,30.7,50,1010.7,8.8,211,0.0
2026-03-24 06:00:00,31.9,40,1009.7,9.5,226,0.0
2026-03-24 07:00:00,32.8,37,1008.5,9.9,235,0.0
2026-03-24 08:00:00,33.3,34,1007.4,10.2,249,0.0
2026-03-24 09:00:00,32.4,36,1006.3,11.5,253,0.0
2026-03-24 10:00:00,31.6,40,1006.3,9.5,234,0.0
2026-03-24 11:00:00,31.1,43,1006.3,8.2,232,0.0
2026-03-24 12:00:00,29.7,54,1005.6,8.8,189,0.0
2026-03-24 13:00:00,28.8,60,1006.2,12.1,197,0.0
2026-03-24 14:00:00,27.4,71,1006.9,11.5,191,0.0
2026-03-24 15:00:00,26.4,78,1007.5,12.9,186,0.0
2026-03-24 16:00:00,25.9,83,1007.6,12.1,184,0.0
2026-03-24 17:00:00,25.4,87,1007.6,12.8,191,0.0
2026-03-24 18:00:00,25.5,91,1007.8,10.7,186,0.0
2026-03-24 19:00:00,25.4,93,1007.3,11.0,185,0.0
2026-03-24 20:00:00,25.3,94,1006.8,11.5,188,0.0
2026-03-24 21:00:00,25.1,95,1006.6,11.0,190,0.0
2026-03-24 22:00:00,24.9,95,1006.7,8.5,197,0.0
2026-03-24 23:00:00,24.7,94,1007.0,6.0,221,0.0
2026-03-25 00:00:00,24.6,95,1007.6,7.5,217,0.0
2026-03-25 01:00:00,25.5,88,1008.5,9.3,214,0.0
2026-03-25 02:00:00,27.0,80,1009.4,11.2,218,0.0
2026-03-25 03:00:00,28.7,71,1009.9,9.3,223,0.0
2026-03-25 04:00:00,30.5,62,1010.2,8.9,232,0.0
2026-03-25 05:00:00,32.0,54,1009.9,7.8,230,0.1
2026-03-25 06:00:00,32.5,48,1009.7,4.6,211,0.1
2026-03-25 07:00:00,33.8,42,1008.8,5.5,224,0.0
2026-03-25 08:00:00,33.6,41,1007.6,6.5,242,0.0
2026-03-25 09:00:00,31.9,47,1007.3,6.5,273,0.0
2026-03-25 10:00:00,31.3,45,1006.8,5.9,258,0.0
2026-03-25 11:00:00,30.9,52,1007.2,7.1,223,0.0
2026-03-25 12:00:00,27.8,69,1007.5,8.7,150,0.0
2026-03-25 13:00:00,26.9,74,1008.0,11.7,176,0.2
2026-03-25 14:00:00,26.2,80,1008.8,9.0,165,0.0
2026-03-25 15:00:00,25.4,84,1009.3,12.0,168,0.0
2026-03-25 16:00:00,25.1,86,1009.2,9.4,176,0.0
2026-03-25 17:00:00,24.8,87,1009.3,9.0,185,0.0
2026-03-25 18:00:00,25.2,92,1009.4,7.4,177,0.0
2026-03-25 19:00:00,25.0,93,1009.0,5.5,171,0.0
2026-03-25 20:00:00,24.8,94,1008.8,3.1,211,0.0
2026-03-25 21:00:00,24.6,97,1009.0,2.2,222,0.0
2026-03-25 22:00:00,25.1,95,1009.0,2.1,255,0.0
2026-03-25 23:00:00,24.9,96,1009.2,5.5,11,0.0
2026-03-26 00:00:00,22.0,98,1009.9,4.0,117,0.0
2026-03-26 01:00:00,23.1,94,1010.7,3.7,101,0.0
2026-03-26 02:00:00,25.5,87,1011.2,5.6,40,0.0
2026-03-26 03:00:00,28.3,74,1011.7,4.2,70,0.0
2026-03-26 04:00:00,30.7,63,1011.8,2.5,69,0.0
2026-03-26 05:00:00,32.6,51,1011.3,2.2,99,0.0
2026-03-26 06:00:00,32.6,51,1010.4,2.0,360,0.0
2026-03-26 07:00:00,34.4,45,1009.4,1.7,302,0.0
2026-03-26 08:00:00,34.9,42,1007.8,3.8,262,0.0
2026-03-26 09:00:00,34.3,42,1006.8,3.9,227,0.0
2026-03-26 10:00:00,33.4,44,1006.7,5.1,243,0.0
2026-03-26 11:00:00,30.1,58,1007.5,5.0,232,0.5
2026-03-26 12:00:00,31.7,39,1007.2,2.9,86,0.0
2026-03-26 13:00:00,30.9,44,1007.5,3.8,253,0.0
2026-03-26 14:00:00,30.1,52,1008.0,3.5,231,0.0
2026-03-26 15:00:00,29.1,59,1008.7,6.7,171,0.0
2026-03-26 16:00:00,28.5,61,1008.5,8.8,176,0.0
2026-03-26 17:00:00,27.5,70,1008.5,9.5,179,0.0
2026-03-26 18:00:00,27.0,84,1008.3,8.1,180,0.0
2026-03-26 19:00:00,26.6,89,1008.1,8.4,191,0.0
2026-03-26 20:00:00,26.1,93,1007.8,7.1,201,0.0
2026-03-26 21:00:00,25.7,95,1007.4,6.6,197,0.0
2026-03-26 22:00:00,25.5,96,1007.2,7.2,194,0.0
2026-03-26 23:00:00,25.2,96,1007.1,8.0,198,0.0
2026-03-27 00:00:00,25.6,97,1007.4,10.8,213,0.0
2026-03-27 01:00:00,25.9,95,1008.1,8.5,226,0.0
2026-03-27 02:00:00,27.2,86,1008.6,8.0,230,0.0
2026-03-27 03:00:00,29.2,74,1008.8,5.9,223,0.0
2026-03-27 04:00:00,32.0,58,1008.3,5.2,211,0.0
2026-03-27 05:00:00,34.9,36,1007.9,5.4,236,0.0
2026-03-27 06:00:00,36.1,26,1007.2,5.6,274,0.0
2026-03-27 07:00:00,37.7,19,1005.9,7.5,280,0.0
2026-03-27 08:00:00,36.1,25,1005.3,14.1,283,0.0
2026-03-27 09:00:00,36.2,24,1004.2,8.6,244,0.0
2026-03-27 10:00:00,36.1,23,1003.3,6.6,233,0.0
2026-03-27 11:00:00,35.7,24,1003.1,9.3,241,0.0
2026-03-27 12:00:00,33.0,38,1003.6,10.5,199,0.0
2026-03-27 13:00:00,32.4,38,1003.8,8.9,189,0.0
2026-03-27 14:00:00,30.6,55,1004.8,11.9,194,0.0
2026-03-27 15:00:00,28.9,73,1005.5,11.2,177,0.0
2026-03-27 16:00:00,27.9,82,1006.2,9.6,185,0.0
2026-03-27 17:00:00,27.1,88,1006.4,10.9,204,0.0
2026-03-27 18:00:00,25.3,94,1007.3,16.6,241,0.0
2026-03-27 19:00:00,24.9,92,1007.0,11.2,274,6.0
2026-03-27 20:00:00,24.5,91,1005.5,2.1,110,5.3
2026-03-27 21:00:00,24.3,94,1003.3,24.5,118,3.2
2026-03-27 22:00:00,24.2,94,1004.7,9.0,209,0.3
2026-03-27 23:00:00,24.3,88,1004.6,8.8,95,0.0
2026-03-28 00:00:00,22.9,81,1005.9,3.0,147,0.0
2026-03-28 01:00:00,23.2,80,1006.6,5.6,312,0.4
2026-03-28 02:00:00,23.5,76,1007.2,6.2,15,0.1
2026-03-28 03:00:00,26.0,61,1007.6,5.0,15,0.0
2026-03-28 04:00:00,28.6,50,1007.1,5.2,49,0.0
2026-03-28 05:00:00,30.9,42,1006.4,4.8,75,0.0
2026-03-28 06:00:00,30.7,46,1006.4,3.4,16,0.0
2026-03-28 07:00:00,31.4,44,1005.4,5.4,90,0.0
2026-03-28 08:00:00,32.3,39,1004.3,3.9,146,0.0
2026-03-28 09:00:00,30.3,45,1004.4,9.5,349,0.3
2026-03-28 10:00:00,29.5,48,1003.7,10.3,71,0.0
2026-03-28 11:00:00,27.7,55,1004.1,9.7,71,0.0
2026-03-28 12:00:00,28.3,56,1003.6,9.3,158,0.0
2026-03-28 13:00:00,26.9,63,1004.2,7.5,98,0.4
2026-03-28 14:00:00,26.6,66,1004.9,10.0,110,0.0
2026-03-28 15:00:00,25.9,70,1005.7,10.4,116,0.0
2026-03-28 16:00:00,25.5,74,1005.9,10.2,122,0.0
2026-03-28 17:00:00,25.3,77,1005.9,9.1,115,0.0
2026-03-28 18:00:00,25.3,75,1005.9,9.8,152,0.0
2026-03-28 19:00:00,24.6,79,1005.5,9.8,133,0.0
2026-03-28 20:00:00,24.4,81,1005.1,10.2,129,0.0
2026-03-28 21:00:00,23.7,84,1005.0,9.1,126,0.0
2026-03-28 22:00:00,23.8,86,1005.0,6.9,118,0.0
2026-03-28 23:00:00,23.8,86,1005.2,8.0,166,0.4
2026-03-29 00:00:00,23.2,92,1005.6,7.8,119,0.0
2026-03-29 01:00:00,24.2,90,1006.3,7.3,132,0.0
2026-03-29 02:00:00,26.1,84,1007.4,5.8,141,0.0
2026-03-29 03:00:00,28.3,77,1008.1,7.7,169,0.0
2026-03-29 04:00:00,31.0,63,1008.0,12.0,206,0.0
2026-03-29 05:00:00,31.3,63,1007.8,10.1,205,0.1
2026-03-29 06:00:00,31.5,64,1007.4,8.9,204,2.2
2026-03-29 07:00:00,32.3,63,1006.1,7.1,201,0.1
2026-03-29 08:00:00,32.9,61,1005.3,5.4,206,0.0
2026-03-29 09:00:00,33.2,59,1004.2,5.9,198,0.0
2026-03-29 10:00:00,32.5,60,1003.3,6.8,212,0.0
2026-03-29 11:00:00,27.1,81,1004.7,4.0,27,6.0
2026-03-29 12:00:00,29.4,71,1004.4,4.7,137,0.0
2026-03-29 13:00:00,27.8,81,1005.1,5.1,98,0.0
2026-03-29 14:00:00,27.1,87,1005.9,8.6,139,0.0
2026-03-29 15:00:00,26.6,91,1006.4,8.9,135,0.0
2026-03-29 16:00:00,26.2,93,1006.4,10.0,154,0.0
2026-03-29 17:00:00,26.0,96,1006.3,8.9,162,0.0
2026-03-29 18:00:00,26.9,96,1006.5,8.8,169,0.0
2026-03-29 19:00:00,26.9,95,1006.1,10.4,179,0.0
2026-03-29 20:00:00,26.6,95,1005.5,11.4,185,0.0
2026-03-29 21:00:00,26.3,96,1005.4,9.4,183,0.0
2026-03-29 22:00:00,26.4,96,1005.3,8.9,194,0.0
2026-03-29 23:00:00,26.5,94,1005.3,9.7,196,0.0
2026-03-30 00:00:00,25.7,96,1006.0,4.1,180,0.0
2026-03-30 01:00:00,26.2,94,1006.6,6.7,186,0.0
2026-03-30 02:00:00,27.6,87,1007.7,9.9,201,0.0
2026-03-30 03:00:00,28.9,80,1008.2,9.0,206,0.0
2026-03-30 04:00:00,30.5,72,1008.4,8.6,206,0.1
2026-03-30 05:00:00,31.5,69,1008.1,8.3,207,0.1
2026-03-30 06:00:00,28.6,71,1008.3,11.8,218,0.1
2026-03-30 07:00:00,29.7,71,1007.1,5.4,165,0.0
2026-03-30 08:00:00,31.2,70,1006.1,6.5,188,0.1
2026-03-30 09:00:00,30.6,71,1005.3,7.4,180,0.2
2026-03-30 10:00:00,29.9,74,1005.0,8.5,193,0.9
2026-03-30 11:00:00,30.1,73,1004.7,7.2,193,0.0
2026-03-30 12:00:00,30.2,67,1004.5,11.1,192,0.0
2026-03-30 13:00:00,28.8,74,1005.5,10.0,197,0.0
2026-03-30 14:00:00,27.8,79,1006.3,10.8,191,0.0
2026-03-30 15:00:00,27.4,84,1006.9,10.8,181,0.0
2026-03-30 16:00:00,27.0,87,1007.6,7.1,173,0.0
2026-03-30 17:00:00,26.7,89,1007.5,7.9,163,0.0
2026-03-30 18:00:00,25.6,92,1007.8,5.2,180,0.0
2026-03-30 19:00:00,25.2,95,1007.3,2.6,78,0.0
2026-03-30 20:00:00,25.1,95,1006.4,3.8,135,0.0
2026-03-30 21:00:00,25.0,96,1006.6,3.8,177,0.0
2026-03-30 22:00:00,25.2,95,1006.4,6.1,203,0.0
2026-03-30 23:00:00,25.2,96,1006.5,4.5,196,0.0
2026-03-31 00:00:00,24.5,91,1006.9,3.4,183,0.0
2026-03-31 01:00:00,25.1,88,1008.0,3.1,180,0.0
2026-03-31 02:00:00,26.1,85,1009.7,5.0,229,0.0
2026-03-31 03:00:00,27.6,77,1010.5,6.5,240,0.0
2026-03-31 04:00:00,28.5,72,1010.5,4.1,225,0.0
2026-03-31 05:00:00,30.5,65,1009.9,3.5,165,0.0
2026-03-31 06:00:00,28.5,72,1010.8,3.5,249,0.0
2026-03-31 07:00:00,29.3,67,1009.4,4.0,249,0.0
2026-03-31 08:00:00,29.7,66,1008.0,4.0,219,0.0
2026-03-31 09:00:00,30.8,61,1006.8,6.1,194,0.0
2026-03-31 10:00:00,31.0,59,1005.8,6.2,202,0.0
2026-03-31 11:00:00,31.0,59,1005.0,7.4,212,0.0
2026-03-31 12:00:00,30.5,67,1005.6,5.2,186,0.0
2026-03-31 13:00:00,29.1,75,1006.6,3.5,219,0.0
2026-03-31 14:00:00,28.6,78,1007.3,6.8,197,0.0
2026-03-31 15:00:00,23.9,90,1009.7,14.9,349,2.9
2026-03-31 16:00:00,23.7,91,1008.8,7.6,93,0.0
2026-03-31 17:00:00,24.2,90,1008.9,8.8,121,0.0
2026-03-31 18:00:00,25.1,92,1008.3,9.7,140,0.0
2026-03-31 19:00:00,25.0,96,1007.7,7.5,150,0.0
2026-03-31 20:00:00,25.4,97,1007.4,8.4,161,0.0
2026-03-31 21:00:00,25.9,96,1007.0,8.8,178,0.0
2026-03-31 22:00:00,26.1,96,1007.4,7.5,201,0.0
2026-03-31 23:00:00,26.1,97,1007.4,8.0,189,0.0
2026-04-01 00:00:00,25.7,99,1008.1,5.1,219,0.0
2026-04-01 01:00:00,26.3,95,1008.5,6.5,212,0.0
2026-04-01 02:00:00,27.6,87,1009.2,7.3,226,0.0
2026-04-01 03:00:00,29.3,80,1009.9,4.3,228,0.0
2026-04-01 04:00:00,31.1,71,1010.1,4.3,222,0.0
2026-04-01 05:00:00,33.0,60,1009.8,5.9,225,0.0
2026-04-01 06:00:00,34.1,50,1009.1,6.2,218,0.0
2026-04-01 07:00:00,35.1,43,1008.2,5.3,235,0.0
2026-04-01 08:00:00,35.7,38,1007.0,5.8,263,0.0
2026-04-01 09:00:00,35.8,36,1005.9,6.5,264,0.0
2026-04-01 10:00:00,35.1,36,1005.2,9.8,287,0.0
2026-04-01 11:00:00,34.5,39,1004.9,6.1,268,0.0
2026-04-01 12:00:00,32.0,49,1005.6,8.0,189,0.0
2026-04-01 13:00:00,30.6,58,1006.1,8.3,186,0.0
2026-04-01 14:00:00,29.5,67,1006.5,11.0,186,0.0
2026-04-01 15:00:00,28.3,76,1007.3,11.2,186,0.0
2026-04-01 16:00:00,27.5,81,1007.8,10.7,185,0.0
2026-04-01 17:00:00,26.9,85,1008.0,10.4,190,0.0
2026-04-01 18:00:00,27.0,90,1007.7,10.6,189,0.0
2026-04-01 19:00:00,26.8,91,1007.0,10.3,192,0.0
2026-04-01 20:00:00,26.6,91,1006.9,10.0,193,0.0
2026-04-01 21:00:00,26.4,91,1006.6,9.7,191,0.0
2026-04-01 22:00:00,26.2,92,1006.6,10.0,195,0.0
2026-04-01 23:00:00,26.0,92,1007.0,10.5,202,0.0
2026-04-02 00:00:00,26.0,93,1007.1,9.9,207,0.0
2026-04-02 01:00:00,27.0,86,1008.1,12.3,209,0.0
2026-04-02 02:00:00,28.5,79,1008.8,9.7,202,0.0
2026-04-02 03:00:00,30.8,67,1009.2,9.5,201,0.0
2026-04-02 04:00:00,33.2,54,1009.2,10.3,213,0.0
2026-04-02 05:00:00,35.1,45,1009.2,11.9,228,0.0
2026-04-02 06:00:00,36.0,43,1008.6,13.1,233,0.0
2026-04-02 07:00:00,37.2,38,1007.6,13.7,236,0.0
2026-04-02 08:00:00,37.3,35,1006.6,14.2,248,0.0
2026-04-02 09:00:00,33.8,50,1006.8,10.0,283,0.2
2026-04-02 10:00:00,33.8,50,1005.7,10.0,197,0.0
2026-04-02 11:00:00,34.0,50,1005.3,5.9,191,0.0
2026-04-02 12:00:00,33.0,59,1005.7,9.1,212,0.0
2026-04-02 13:00:00,32.0,64,1005.8,9.1,173,0.0
2026-04-02 14:00:00,30.3,76,1006.5,10.6,181,0.0
2026-04-02 15:00:00,29.4,80,1007.0,10.3,173,0.0
2026-04-02 16:00:00,28.8,81,1007.4,9.6,175,0.0
2026-04-02 17:00:00,28.2,83,1007.3,8.9,187,0.0
2026-04-02 18:00:00,28.1,86,1006.9,9.3,188,0.0
2026-04-02 19:00:00,27.8,86,1006.4,11.6,196,0.0
2026-04-02 20:00:00,27.8,85,1006.2,11.7,203,0.0
2026-04-02 21:00:00,27.6,83,1006.0,10.5,205,0.0
2026-04-02 22:00:00,27.3,81,1006.0,9.3,207,0.0
2026-04-02 23:00:00,26.9,80,1006.2,8.9,204,0.0
2026-04-03 00:00:00,26.4,87,1006.8,6.0,207,0.0
2026-04-03 01:00:00,27.1,82,1007.4,5.8,194,0.0
2026-04-03 02:00:00,28.9,71,1008.4,6.0,205,0.0
2026-04-03 03:00:00,31.2,60,1008.7,6.2,218,0.0
2026-04-03 04:00:00,33.6,50,1008.7,6.0,229,0.0
2026-04-03 05:00:00,35.7,44,1008.2,6.1,238,0.0
2026-04-03 06:00:00,36.3,42,1007.6,7.0,257,0.0
2026-04-03 07:00:00,37.4,38,1006.3,7.4,264,0.0
2026-04-03 08:00:00,37.9,36,1005.4,8.5,272,0.0
2026-04-03 09:00:00,38.0,32,1004.4,9.9,275,0.0
2026-04-03 10:00:00,35.8,40,1004.5,11.2,323,0.0
2026-04-03 11:00:00,35.5,40,1004.0,2.6,164,0.0
2026-04-03 12:00:00,33.9,57,1004.0,11.4,184,0.0
2026-04-03 13:00:00,32.9,62,1004.3,11.4,176,0.0
2026-04-03 14:00:00,31.6,66,1005.3,12.3,184,0.0
2026-04-03 15:00:00,30.1,76,1006.4,12.6,184,0.0
2026-04-03 16:00:00,28.9,83,1006.7,11.0,176,0.0
2026-04-03 17:00:00,28.2,87,1006.1,10.3,179,0.0
2026-04-03 18:00:00,28.3,91,1006.2,8.9,209,0.0
2026-04-03 19:00:00,28.0,93,1005.9,6.4,259,0.0
2026-04-03 20:00:00,27.8,93,1005.4,6.6,227,0.0
2026-04-03 21:00:00,27.5,94,1004.7,6.0,196,0.0
2026-04-03 22:00:00,27.3,94,1004.7,5.7,198,0.0
2026-04-03 23:00:00,27.0,94,1004.8,5.0,206,0.0
2026-04-04 00:00:00,27.2,92,1005.5,5.0,232,0.0
2026-04-04 01:00:00,27.8,88,1006.4,4.7,266,0.0
2026-04-04 02:00:00,29.2,80,1007.2,3.4,238,0.0
2026-04-04 03:00:00,32.0,62,1007.3,2.0,280,0.0
2026-04-04 04:00:00,34.8,45,1007.4,3.6,330,0.0
2026-04-04 05:00:00,36.3,36,1007.1,7.7,330,0.0
2026-04-04 06:00:00,36.6,35,1006.5,6.1,332,0.0
2026-04-04 07:00:00,37.9,31,1005.4,6.4,317,0.0
2026-04-04 08:00:00,38.0,29,1004.4,9.1,304,0.0
2026-04-04 09:00:00,37.9,28,1003.3,8.4,281,0.0
2026-04-04 10:00:00,37.3,30,1002.6,10.6,281,0.0
2026-04-04 11:00:00,35.6,37,1002.7,13.1,286,0.0
2026-04-04 12:00:00,34.9,41,1002.9,6.8,282,0.0
2026-04-04 13:00:00,33.2,59,1003.6,1.4,247,0.0
2026-04-04 14:00:00,32.6,52,1004.2,4.8,167,0.0
2026-04-04 15:00:00,31.4,60,1005.0,9.0,178,0.0
2026-04-04 16:00:00,29.7,75,1005.3,10.1,184,0.0
2026-04-04 17:00:00,28.8,82,1005.4,10.2,189,0.0
2026-04-04 18:00:00,28.8,84,1004.8,8.6,190,0.0
2026-04-04 19:00:00,28.4,85,1004.2,8.0,198,0.0
2026-04-04 20:00:00,28.1,85,1003.5,9.0,200,0.0
2026-04-04 21:00:00,27.9,86,1003.1,9.4,200,0.0
2026-04-04 22:00:00,27.6,85,1003.2,8.9,208,0.0
2026-04-04 23:00:00,27.6,83,1003.6,7.4,221,0.0
2026-04-05 00:00:00,27.7,82,1004.2,4.6,318,0.0
2026-04-05 01:00:00,28.1,80,1005.3,5.4,330,0.0
2026-04-05 02:00:00,29.2,69,1007.0,4.5,209,0.0
2026-04-05 03:00:00,26.7,81,1009.1,16.7,241,0.9
2026-04-05 04:00:00,31.0,49,1009.0,14.6,308,0.4
2026-04-05 05:00:00,31.6,40,1008.7,18.7,332,0.0
2026-04-05 06:00:00,28.6,50,1008.4,15.1,333,0.0
2026-04-05 07:00:00,29.1,52,1007.9,13.3,328,0.4
2026-04-05 08:00:00,31.1,43,1006.9,8.6,321,0.0
2026-04-05 09:00:00,30.3,45,1005.7,9.4,331,0.0
2026-04-05 10:00:00,29.6,47,1004.8,2.6,295,0.1
2026-04-05 11:00:00,30.0,48,1004.7,5.7,235,0.0
2026-04-05 12:00:00,28.0,64,1004.6,6.1,220,0.0
2026-04-05 13:00:00,27.9,68,1005.0,8.2,216,0.0
2026-04-05 14:00:00,27.8,72,1006.0,7.8,218,0.0
2026-04-05 15:00:00,27.9,69,1006.2,9.5,224,0.0
2026-04-05 16:00:00,27.5,71,1007.0,9.3,224,0.0
2026-04-05 17:00:00,27.0,73,1007.0,9.7,223,0.0
2026-04-05 18:00:00,26.3,76,1006.3,8.1,227,0.0
2026-04-05 19:00:00,25.3,82,1005.7,7.9,221,0.0
2026-04-05 20:00:00,24.9,86,1005.6,8.3,228,0.0
2026-04-05 21:00:00,24.6,88,1005.3,7.1,243,0.0
2026-04-05 22:00:00,24.3,89,1005.8,7.0,269,0.0
2026-04-05 23:00:00,24.1,88,1006.1,6.7,254,0.0
2026-04-06 00:00:00,23.7,88,1007.0,9.2,268,0.0
2026-04-06 01:00:00,24.2,84,1008.5,9.9,307,0.0
2026-04-06 02:00:00,25.7,74,1009.1,7.9,309,0.0
2026-04-06 03:00:00,27.5,65,1009.5,8.6,324,0.0
2026-04-06 04:00:00,29.4,57,1009.7,5.7,336,0.0
2026-04-06 05:00:00,31.2,50,1009.7,3.7,331,0.0
2026-04-06 06:00:00,32.1,47,1009.2,4.2,216,0.0
2026-04-06 07:00:00,33.1,46,1008.1,5.1,238,0.0
2026-04-06 08:00:00,32.6,48,1007.3,4.6,261,0.0
2026-04-06 09:00:00,32.4,49,1006.3,4.7,247,0.0
2026-04-06 10:00:00,30.8,53,1005.8,7.1,260,0.2
2026-04-06 11:00:00,30.8,56,1005.2,4.0,238,0.0
2026-04-06 12:00:00,26.5,75,1005.9,7.7,81,0.0
2026-04-06 13:00:00,27.6,65,1006.4,1.1,198,0.0
2026-04-06 14:00:00,27.3,68,1007.7,2.3,331,0.0
2026-04-06 15:00:00,24.2,86,1009.7,9.3,260,3.9
2026-04-06 16:00:00,23.8,94,1009.4,10.4,171,1.6
2026-04-06 17:00:00,23.7,91,1009.0,9.9,189,1.7
2026-04-06 18:00:00,23.4,90,1008.6,10.7,147,0.1
2026-04-06 19:00:00,22.9,89,1007.8,10.7,153,0.0
2026-04-06 20:00:00,22.5,91,1007.6,6.6,135,0.0
2026-04-06 21:00:00,22.3,92,1007.8,2.9,22,0.0
2026-04-06 22:00:00,22.2,93,1007.9,0.3,45,0.0
2026-04-06 23:00:00,22.1,93,1008.3,0.2,360,0.0
2026-04-07 00:00:00,23.0,94,1008.5,3.2,308,0.0
2026-04-07 01:00:00,23.5,92,1009.3,1.9,214,0.0
2026-04-07 02:00:00,25.0,86,1010.1,3.1,183,0.0
2026-04-07 03:00:00,26.9,80,1010.5,1.7,302,0.0
2026-04-07 04:00:00,28.4,73,1010.5,3.9,217,0.0
2026-04-07 05:00:00,29.0,68,1010.4,7.8,202,0.1
2026-04-07 06:00:00,30.3,54,1009.2,9.6,152,0.0
2026-04-07 07:00:00,30.5,56,1008.8,3.1,234,0.0
2026-04-07 08:00:00,31.8,41,1007.3,2.8,169,0.0
2026-04-07 09:00:00,31.3,42,1006.7,6.4,202,0.9
2026-04-07 10:00:00,29.7,56,1006.7,10.9,167,0.0
2026-04-07 11:00:00,29.1,62,1006.0,7.0,176,0.0
2026-04-07 12:00:00,28.5,66,1005.1,7.4,198,0.0
2026-04-07 13:00:00,27.0,76,1005.6,6.6,143,0.0
2026-04-07 14:00:00,25.8,81,1006.4,6.0,163,0.0
2026-04-07 15:00:00,25.3,83,1007.1,5.2,164,0.0
2026-04-07 16:00:00,24.9,86,1007.9,7.3,155,0.0
2026-04-07 17:00:00,24.5,88,1007.8,7.0,157,0.0
2026-04-07 18:00:00,22.7,87,1008.6,11.3,110,0.0
2026-04-07 19:00:00,22.5,88,1008.1,10.0,111,0.0
2026-04-07 20:00:00,22.4,89,1007.6,9.5,115,0.0
2026-04-07 21:00:00,22.5,87,1007.5,8.9,130,0.0
2026-04-07 22:00:00,22.7,88,1007.2,9.4,138,0.0
2026-04-07 23:00:00,23.1,89,1007.1,8.2,151,0.0
2026-04-08 00:00:00,22.3,97,1007.5,4.9,298,0.0
2026-04-08 01:00:00,23.1,95,1008.8,9.2,237,0.0
2026-04-08 02:00:00,23.7,92,1008.8,5.9,162,0.1
2026-04-08 03:00:00,24.5,88,1009.0,7.8,176,0.2
2026-04-08 04:00:00,27.2,77,1009.2,3.1,177,0.0
2026-04-08 05:00:00,29.2,69,1009.0,3.9,208,0.0
2026-04-08 06:00:00,29.2,64,1009.3,8.8,178,0.0
2026-04-08 07:00:00,30.0,61,1008.1,7.1,187,0.1
2026-04-08 08:00:00,30.8,56,1007.0,5.7,198,0.0
2026-04-08 09:00:00,31.1,55,1006.2,7.2,207,0.0
2026-04-08 10:00:00,29.7,59,1005.7,10.4,197,0.9
2026-04-08 11:00:00,28.7,67,1005.5,9.4,198,0.2
2026-04-08 12:00:00,28.4,63,1005.7,8.8,179,0.3
2026-04-08 13:00:00,27.3,72,1006.0,10.8,190,0.0
2026-04-08 14:00:00,22.6,93,1009.4,17.3,312,3.0
2026-04-08 15:00:00,22.2,95,1010.0,8.0,293,3.3
2026-04-08 16:00:00,22.2,94,1009.6,5.8,97,4.7
2026-04-08 17:00:00,22.1,96,1009.1,7.4,133,0.0
2026-04-08 18:00:00,22.8,94,1009.0,8.4,135,0.0
2026-04-08 19:00:00,22.8,94,1007.9,9.6,139,0.1
2026-04-08 20:00:00,22.7,94,1007.4,9.3,158,0.0
2026-04-08 21:00:00,23.0,92,1007.0,11.2,164,0.0
2026-04-08 22:00:00,21.9,96,1008.5,13.0,312,7.8
2026-04-08 23:00:00,21.2,95,1007.8,4.3,42,2.9
2026-04-09 00:00:00,22.1,95,1008.7,5.0,44,0.0
2026-04-09 01:00:00,22.0,95,1008.9,5.6,86,13.4
2026-04-09 02:00:00,22.2,93,1010.2,9.4,95,5.2
2026-04-09 03:00:00,23.2,89,1010.9,8.1,119,0.3
2026-04-09 04:00:00,23.8,87,1011.4,9.0,120,0.5
2026-04-09 05:00:00,23.6,89,1010.8,7.2,143,4.0
2026-04-09 06:00:00,24.1,88,1010.4,9.8,120,0.1
2026-04-09 07:00:00,26.1,79,1009.5,6.5,114,0.0
2026-04-09 08:00:00,26.6,76,1008.7,2.7,48,0.1
2026-04-09 09:00:00,27.5,72,1008.0,2.5,30,0.0
2026-04-09 10:00:00,26.9,72,1007.1,3.7,55,0.3
2026-04-09 11:00:00,26.8,73,1007.4,5.0,90,0.2
2026-04-09 12:00:00,26.3,79,1008.0,6.5,109,0.0
2026-04-09 13:00:00,25.3,84,1008.2,6.0,100,0.0
2026-04-09 14:00:00,24.8,86,1009.4,5.0,120,0.0
2026-04-09 15:00:00,24.6,87,1010.3,5.2,121,0.0
2026-04-09 16:00:00,24.3,89,1010.7,7.4,137,0.0
2026-04-09 17:00:00,23.8,92,1010.4,6.5,152,0.0
2026-04-09 18:00:00,24.0,94,1010.0,7.1,144,0.0
2026-04-09 19:00:00,23.5,95,1009.6,2.9,150,0.0
2026-04-09 20:00:00,23.0,96,1009.0,2.0,175,0.0
2026-04-09 21:00:00,23.0,96,1009.1,2.6,192,0.0
2026-04-09 22:00:00,22.6,98,1008.8,2.8,191,0.0
2026-04-09 23:00:00,22.6,99,1009.1,5.0,221,0.0
2026-04-10 00:00:00,23.0,99,1009.4,5.9,232,0.0
2026-04-10 01:00:00,23.3,99,1010.2,5.4,250,0.0
2026-04-10 02:00:00,24.3,95,1011.0,5.5,261,0.0
2026-04-10 03:00:00,26.3,87,1011.5,3.6,252,0.0
2026-04-10 04:00:00,28.2,79,1011.8,4.3,265,0.0
2026-04-10 05:00:00,29.9,62,1011.4,7.7,286,0.0
2026-04-10 06:00:00,30.7,49,1010.9,7.9,294,0.0
2026-04-10 07:00:00,31.3,46,1009.6,5.3,260,0.0
2026-04-10 08:00:00,31.5,45,1008.5,6.0,261,0.0
2026-04-10 09:00:00,31.4,43,1007.5,7.2,282,0.0
2026-04-10 10:00:00,31.1,44,1007.2,9.3,285,0.0
2026-04-10 11:00:00,30.3,52,1007.0,4.0,288,0.0
2026-04-10 12:00:00,28.8,59,1007.6,5.1,207,0.0
2026-04-10 13:00:00,26.8,66,1008.0,5.5,189,0.0
2026-04-10 14:00:00,26.4,64,1008.3,6.5,177,0.0
2026-04-10 15:00:00,25.9,66,1008.9,5.6,173,0.0
2026-04-10 16:00:00,25.7,67,1009.3,3.3,171,0.0
2026-04-10 17:00:00,25.0,71,1009.5,5.2,184,0.0
2026-04-10 18:00:00,25.1,76,1009.1,6.7,183,0.0
2026-04-10 19:00:00,24.5,88,1008.6,6.4,188,0.0
2026-04-10 20:00:00,24.2,93,1008.1,4.6,191,0.0
2026-04-10 21:00:00,23.9,95,1007.9,4.1,193,0.0
2026-04-10 22:00:00,23.7,96,1008.0,4.1,193,0.0
2026-04-10 23:00:00,23.4,96,1008.2,3.8,205,0.0
2026-04-11 00:00:00,24.0,93,1008.7,6.1,230,0.0
2026-04-11 01:00:00,24.8,93,1009.4,4.8,225,0.0
2026-04-11 02:00:00,26.3,90,1010.2,3.1,242,0.0
2026-04-11 03:00:00,28.0,84,1010.8,3.8,253,0.0
2026-04-11 04:00:00,29.7,72,1010.7,6.4,262,0.0
2026-04-11 05:00:00,31.1,57,1010.3,5.9,272,0.0
2026-04-11 06:00:00,32.2,48,1009.6,4.7,274,0.0
2026-04-11 07:00:00,32.7,45,1008.5,4.9,272,0.0
2026-04-11 08:00:00,32.8,43,1007.3,5.6,268,0.0
2026-04-11 09:00:00,32.7,41,1006.5,6.0,263,0.0
2026-04-11 10:00:00,32.4,41,1005.7,7.3,253,0.0
2026-04-11 11:00:00,31.4,49,1005.5,5.8,256,0.0
2026-04-11 12:00:00,29.2,62,1006.1,4.7,242,0.0
2026-04-11 13:00:00,27.7,63,1006.6,5.3,225,0.0
2026-04-11 14:00:00,27.0,63,1007.1,5.4,201,0.0
2026-04-11 15:00:00,26.5,64,1007.4,5.6,186,0.0
2026-04-11 16:00:00,26.1,64,1007.4,6.7,177,0.0
2026-04-11 17:00:00,25.1,80,1007.2,7.6,181,0.0
2026-04-11 18:00:00,25.2,93,1006.8,8.3,193,0.0
2026-04-11 19:00:00,25.4,95,1006.2,8.4,196,0.0
2026-04-11 20:00:00,25.2,96,1005.5,9.6,203,0.0
2026-04-11 21:00:00,25.0,97,1005.3,9.6,206,0.0
2026-04-11 22:00:00,24.9,98,1005.3,8.7,220,0.0
2026-04-11 23:00:00,24.9,98,1005.6,8.0,224,0.0
2026-04-12 00:00:00,25.1,100,1005.8,8.9,220,0.0
2026-04-12 01:00:00,25.6,99,1006.8,10.9,231,0.0
2026-04-12 02:00:00,26.6,93,1007.6,8.9,243,0.0
2026-04-12 03:00:00,28.6,83,1007.8,6.2,232,0.0
2026-04-12 04:00:00,30.8,67,1007.8,6.4,234,0.0
2026-04-12 05:00:00,32.4,50,1007.5,6.9,255,0.0
2026-04-12 06:00:00,33.8,39,1006.7,6.5,246,0.0
2026-04-12 07:00:00,34.4,34,1005.7,7.4,252,0.0
2026-04-12 08:00:00,34.7,32,1004.6,8.1,246,0.0
2026-04-12 09:00:00,34.7,32,1003.7,10.0,244,0.0
2026-04-12 10:00:00,34.1,35,1003.4,10.6,242,0.0
2026-04-12 11:00:00,33.1,41,1003.5,7.1,218,0.0
2026-04-12 12:00:00,31.2,55,1003.6,10.6,190,0.0
2026-04-12 13:00:00,29.1,62,1004.1,11.0,182,0.0
2026-04-12 14:00:00,28.0,76,1004.9,13.4,176,0.0
2026-04-12 15:00:00,27.2,84,1005.7,12.8,189,0.0
2026-04-12 16:00:00,26.8,87,1005.9,13.4,185,0.0
2026-04-12 17:00:00,26.4,91,1005.7,14.2,192,0.0
2026-04-12 18:00:00,26.7,95,1005.7,12.7,193,0.0
2026-04-12 19:00:00,26.8,95,1005.1,12.3,194,0.0
2026-04-12 20:00:00,26.8,94,1004.7,12.5,192,0.0
2026-04-12 21:00:00,26.6,93,1004.6,12.2,194,0.0
2026-04-12 22:00:00,26.5,92,1004.7,11.3,193,0.0
2026-04-12 23:00:00,26.2,92,1005.2,11.0,195,0.0
2026-04-13 00:00:00,26.0,92,1005.4,11.1,197,0.0
2026-04-13 01:00:00,26.9,89,1006.5,11.1,205,0.0
2026-04-13 02:00:00,28.4,82,1007.2,10.6,203,0.0
2026-04-13 03:00:00,30.1,74,1007.6,11.1,205,0.0
2026-04-13 04:00:00,31.8,67,1007.8,11.3,211,0.0
2026-04-13 05:00:00,33.4,60,1007.4,12.6,208,0.0
2026-04-13 06:00:00,34.1,55,1007.0,13.4,211,0.0
2026-04-13 07:00:00,35.2,49,1006.2,13.9,214,0.0
2026-04-13 08:00:00,35.5,48,1005.3,13.2,215,0.0
2026-04-13 09:00:00,35.2,51,1004.5,12.6,217,0.0
2026-04-13 10:00:00,34.6,55,1004.1,13.5,214,0.0
2026-04-13 11:00:00,33.1,64,1004.1,12.8,197,0.0
2026-04-13 12:00:00,31.5,70,1004.6,10.7,193,0.0
2026-04-13 13:00:00,30.2,75,1005.3,9.8,194,0.0
2026-04-13 14:00:00,29.4,78,1005.9,12.4,183,0.0
2026-04-13 15:00:00,28.8,82,1006.5,11.9,177,0.0
2026-04-13 16:00:00,28.0,85,1006.6,12.1,175,0.0
2026-04-13 17:00:00,27.5,89,1006.6,13.0,183,0.0
2026-04-13 18:00:00,27.4,93,1005.8,13.2,187,0.0
2026-04-13 19:00:00,27.4,93,1005.3,12.9,196,0.0
2026-04-13 20:00:00,27.7,91,1005.0,13.6,198,0.0
2026-04-13 21:00:00,27.3,92,1005.0,10.0,206,0.0
2026-04-13 22:00:00,27.0,93,1005.3,7.7,216,0.0
2026-04-13 23:00:00,26.9,94,1005.7,8.2,213,0.0
2026-04-14 00:00:00,27.6,92,1006.3,4.9,176,0.0
2026-04-14 01:00:00,28.0,88,1007.0,6.8,207,0.0
2026-04-14 02:00:00,29.3,79,1007.9,5.7,221,0.0
2026-04-14 03:00:00,30.8,72,1008.5,3.8,251,0.0
2026-04-14 04:00:00,32.2,65,1008.5,3.2,289,0.0
2026-04-14 05:00:00,34.0,57,1008.1,2.9,300,0.0
2026-04-14 06:00:00,35.5,41,1007.5,3.9,313,0.0
2026-04-14 07:00:00,36.9,31,1006.4,6.5,312,0.0
2026-04-14 08:00:00,37.5,26,1005.3,9.3,310,0.0
2026-04-14 09:00:00,37.1,27,1004.3,9.7,298,0.0
2026-04-14 10:00:00,36.5,30,1003.6,10.0,285,0.0
2026-04-14 11:00:00,35.6,34,1003.4,9.8,278,0.0
2026-04-14 12:00:00,34.3,36,1003.7,4.4,258,0.0
2026-04-14 13:00:00,32.2,46,1004.4,9.4,163,0.0
2026-04-14 14:00:00,29.4,83,1004.9,14.1,175,0.0
2026-04-14 15:00:00,29.0,83,1005.5,13.5,175,0.0
2026-04-14 16:00:00,28.3,87,1005.7,12.2,182,0.0
2026-04-14 17:00:00,27.8,91,1005.6,11.1,189,0.0
2026-04-14 18:00:00,28.0,93,1005.1,11.5,188,0.0
2026-04-14 19:00:00,27.7,94,1004.4,11.1,197,0.0
2026-04-14 20:00:00,27.6,95,1003.9,11.2,202,0.0
2026-04-14 21:00:00,27.4,95,1003.3,10.8,201,0.0
2026-04-14 22:00:00,27.4,94,1003.2,10.2,203,0.0
2026-04-14 23:00:00,27.1,95,1003.4,9.6,203,0.0
2026-04-15 00:00:00,26.6,96,1004.4,7.9,200,0.0
2026-04-15 01:00:00,27.9,89,1005.1,11.0,206,0.0
2026-04-15 02:00:00,29.8,78,1005.9,12.9,213,0.0
2026-04-15 03:00:00,31.4,71,1006.3,11.1,212,0.0
2026-04-15 04:00:00,33.5,62,1006.2,9.8,211,0.0
2026-04-15 05:00:00,35.3,53,1005.8,9.8,215,0.0
2026-04-15 06:00:00,36.0,47,1005.5,9.4,225,0.0
2026-04-15 07:00:00,37.2,39,1004.3,9.9,228,0.0
2026-04-15 08:00:00,37.7,35,1003.3,10.7,226,0.0
2026-04-15 09:00:00,37.7,34,1002.3,12.1,222,0.0
2026-04-15 10:00:00,33.9,57,1002.5,11.4,207,0.9
2026-04-15 11:00:00,33.9,59,1002.2,11.0,191,0.0
2026-04-15 12:00:00,32.4,67,1002.5,10.9,189,0.0
2026-04-15 13:00:00,31.1,75,1003.0,12.1,183,0.0
2026-04-15 14:00:00,30.1,77,1003.6,14.3,174,0.0
2026-04-15 15:00:00,29.0,82,1004.2,14.9,173,0.0
2026-04-15 16:00:00,28.3,86,1004.7,13.8,174,0.0
2026-04-15 17:00:00,28.0,88,1004.6,14.1,177,0.0
2026-04-15 18:00:00,28.0,90,1004.1,14.8,180,0.0
2026-04-15 19:00:00,27.9,89,1003.5,14.2,179,0.0
2026-04-15 20:00:00,27.8,88,1003.4,13.7,178,0.0
2026-04-15 21:00:00,27.6,88,1003.0,13.0,181,0.0
2026-04-15 22:00:00,27.6,88,1003.1,11.9,186,0.0
2026-04-15 23:00:00,27.5,88,1003.6,11.5,179,0.0
2026-04-16 00:00:00,27.7,88,1004.2,7.5,159,0.0
2026-04-16 01:00:00,28.7,83,1005.5,9.3,167,0.0
2026-04-16 02:00:00,30.0,76,1006.2,13.2,165,0.0
2026-04-16 03:00:00,31.5,68,1006.7,13.4,163,0.1
2026-04-16 04:00:00,32.6,63,1006.8,13.7,164,0.0
2026-04-16 05:00:00,34.8,54,1006.6,13.7,176,0.0
2026-04-16 06:00:00,34.0,54,1006.5,14.3,191,0.0
2026-04-16 07:00:00,34.9,51,1005.6,13.2,187,0.0
2026-04-16 08:00:00,35.3,50,1004.6,13.9,191,0.1
2026-04-16 09:00:00,34.9,52,1003.7,15.6,192,0.0
2026-04-16 10:00:00,33.0,61,1003.1,10.3,153,0.3
2026-04-16 11:00:00,28.7,82,1003.3,5.1,170,4.9
2026-04-16 12:00:00,27.1,84,1004.6,10.5,52,0.0
2026-04-16 13:00:00,25.7,88,1006.3,16.4,184,1.1
2026-04-16 14:00:00,25.9,86,1006.7,2.5,278,0.2
2026-04-16 15:00:00,25.7,91,1006.7,8.3,185,0.0
2026-04-16 16:00:00,25.6,93,1006.9,7.4,177,0.0
2026-04-16 17:00:00,25.6,94,1007.2,6.7,174,0.0
2026-04-16 18:00:00,27.1,95,1006.8,8.5,179,0.0
2026-04-16 19:00:00,27.0,93,1006.1,7.3,155,0.0
2026-04-16 20:00:00,26.7,94,1005.8,5.6,132,0.0
2026-04-16 21:00:00,26.6,95,1005.6,5.3,125,0.0
2026-04-16 22:00:00,26.5,96,1005.5,5.7,127,0.0
2026-04-16 23:00:00,26.6,96,1005.8,6.4,122,0.0
2026-04-17 00:00:00,27.4,95,1006.7,2.7,143,0.0
2026-04-17 01:00:00,27.9,91,1007.6,3.2,180,0.1
2026-04-17 02:00:00,28.9,85,1008.5,4.2,211,0.0
2026-04-17 03:00:00,30.3,78,1009.0,3.5,189,0.0
2026-04-17 04:00:00,31.4,72,1009.1,2.8,140,0.1
2026-04-17 05:00:00,32.4,68,1009.0,3.9,127,0.1
2026-04-17 06:00:00,32.7,67,1008.4,5.2,146,0.0
2026-04-17 07:00:00,33.5,62,1007.4,4.3,156,0.0
2026-04-17 08:00:00,34.1,59,1006.1,3.7,166,0.0
2026-04-17 09:00:00,34.6,55,1005.0,4.5,180,0.0
2026-04-17 10:00:00,34.2,56,1004.1,6.5,180,0.0
2026-04-17 11:00:00,31.5,70,1004.0,10.8,191,0.4
2026-04-17 12:00:00,30.8,77,1004.8,3.8,180,0.1
2026-04-17 13:00:00,29.8,81,1005.4,8.8,199,0.1
2026-04-17 14:00:00,29.3,83,1006.0,10.8,195,0.0
2026-04-17 15:00:00,28.7,86,1006.7,10.2,190,0.0
2026-04-17 16:00:00,28.1,90,1006.9,9.0,174,0.0
2026-04-17 17:00:00,27.8,92,1006.8,8.3,184,0.0
2026-04-17 18:00:00,28.2,95,1006.7,6.8,198,0.0
2026-04-17 19:00:00,28.0,94,1006.0,8.1,198,0.0
2026-04-17 20:00:00,27.7,94,1005.7,7.8,189,0.0
2026-04-17 21:00:00,27.5,94,1005.4,6.9,175,0.0
2026-04-17 22:00:00,27.2,94,1005.4,5.6,178,0.0
2026-04-17 23:00:00,27.0,95,1005.7,6.5,182,0.0
2026-04-18 00:00:00,27.5,95,1006.5,6.9,217,0.0
2026-04-18 01:00:00,27.8,92,1007.1,6.4,202,0.0
2026-04-18 02:00:00,29.0,86,1007.6,7.9,191,0.0
2026-04-18 03:00:00,30.5,77,1007.8,7.4,186,0.0
2026-04-18 04:00:00,32.0,69,1007.7,7.6,177,0.0
2026-04-18 05:00:00,33.4,60,1007.1,8.1,176,0.0
2026-04-18 06:00:00,33.6,57,1006.9,7.8,185,0.0
2026-04-18 07:00:00,34.6,54,1005.7,8.4,211,0.0
2026-04-18 08:00:00,34.9,53,1004.6,10.3,229,0.0
2026-04-18 09:00:00,34.6,57,1003.9,12.5,229,0.0
2026-04-18 10:00:00,33.7,61,1003.6,12.1,218,0.0
2026-04-18 11:00:00,32.7,65,1003.5,11.7,207,0.0
2026-04-18 12:00:00,31.3,72,1003.7,8.7,194,0.0
2026-04-18 13:00:00,30.1,77,1003.6,11.4,175,0.0
2026-04-18 14:00:00,29.4,80,1004.5,9.9,181,0.0
2026-04-18 15:00:00,29.0,81,1005.1,12.4,170,0.0
2026-04-18 16:00:00,28.3,86,1005.6,12.7,169,0.0
2026-04-18 17:00:00,27.9,90,1006.3,8.5,163,0.0
2026-04-18 18:00:00,28.3,92,1005.9,10.0,167,0.0
2026-04-18 19:00:00,28.1,92,1004.9,12.3,175,0.0
2026-04-18 20:00:00,28.0,92,1004.2,12.3,183,0.0
2026-04-18 21:00:00,27.8,93,1003.6,11.5,188,0.0
2026-04-18 22:00:00,27.7,93,1003.2,10.8,185,0.0
2026-04-18 23:00:00,27.6,94,1003.7,6.2,172,0.0
2026-04-19 00:00:00,27.5,94,1004.7,7.6,142,0.0
2026-04-19 01:00:00,28.1,90,1005.1,10.4,171,0.0
2026-04-19 02:00:00,29.7,81,1005.7,12.2,189,0.0
2026-04-19 03:00:00,31.4,73,1005.8,12.2,193,0.0
2026-04-19 04:00:00,33.1,67,1006.0,12.5,198,0.0
2026-04-19 05:00:00,34.4,62,1005.7,11.5,197,0.0
2026-04-19 06:00:00,34.2,59,1005.6,9.6,200,0.0
2026-04-19 07:00:00,35.1,56,1004.8,8.4,196,0.0
2026-04-19 08:00:00,35.7,53,1003.7,9.0,190,0.0
2026-04-19 09:00:00,35.5,53,1002.8,11.1,196,0.0
2026-04-19 10:00:00,34.7,55,1002.3,12.2,207,0.0
2026-04-19 11:00:00,33.2,61,1002.2,13.6,212,0.0
2026-04-19 12:00:00,31.7,70,1002.4,12.5,176,0.0
2026-04-19 13:00:00,30.5,77,1002.7,14.2,182,0.0
2026-04-19 14:00:00,29.6,81,1003.7,13.9,179,0.0
2026-04-19 15:00:00,29.0,83,1004.4,13.7,178,0.0
2026-04-19 16:00:00,28.6,86,1004.4,12.2,172,0.0
2026-04-19 17:00:00,28.4,86,1004.3,11.5,177,0.0
2026-04-19 18:00:00,28.1,91,1003.6,7.2,181,0.0
2026-04-19 19:00:00,27.9,92,1003.0,6.1,166,0.0
2026-04-19 20:00:00,27.7,93,1002.5,6.5,175,0.0
2026-04-19 21:00:00,27.5,94,1002.0,8.8,180,0.0
2026-04-19 22:00:00,27.3,94,1001.9,9.4,180,0.0
2026-04-19 23:00:00,27.1,94,1002.3,7.2,198,0.0
2026-04-20 00:00:00,26.9,90,1002.8,7.7,205,0.0
2026-04-20 01:00:00,27.9,86,1003.5,7.8,184,0.0
2026-04-20 02:00:00,29.5,78,1004.5,9.1,190,0.0
2026-04-20 03:00:00,31.6,70,1004.9,8.7,194,0.0
2026-04-20 04:00:00,33.7,63,1005.0,6.9,194,0.0
2026-04-20 05:00:00,35.6,53,1004.5,6.0,207,0.0
2026-04-20 06:00:00,36.2,48,1004.2,7.9,204,0.0
2026-04-20 07:00:00,37.1,46,1003.0,8.5,205,0.0
2026-04-20 08:00:00,37.4,46,1001.8,9.5,201,0.0
2026-04-20 09:00:00,37.1,46,1001.1,10.1,204,0.0
2026-04-20 10:00:00,36.2,48,1000.9,12.0,216,0.0
2026-04-20 11:00:00,34.9,54,1000.8,14.2,198,0.0
2026-04-20 12:00:00,32.6,68,1001.2,13.5,176,0.0
2026-04-20 13:00:00,31.2,75,1002.1,13.5,181,0.0
2026-04-20 14:00:00,30.2,81,1002.5,15.4,175,0.0
2026-04-20 15:00:00,29.4,84,1003.0,14.6,175,0.0
2026-04-20 16:00:00,28.9,84,1003.0,14.1,177,0.0
2026-04-20 17:00:00,28.8,82,1002.8,11.2,178,0.0
2026-04-20 18:00:00,29.2,84,1002.6,7.5,190,0.0
2026-04-20 19:00:00,28.7,86,1001.7,5.8,180,0.0
2026-04-20 20:00:00,28.5,84,1001.0,7.7,181,0.0
2026-04-20 21:00:00,27.9,83,1001.3,7.2,205,0.0
2026-04-20 22:00:00,27.4,82,1001.3,8.0,189,0.0
2026-04-20 23:00:00,27.0,84,1001.6,9.5,191,0.0
2026-04-21 00:00:00,27.0,82,1002.4,7.5,220,0.0
2026-04-21 01:00:00,27.9,80,1002.7,6.6,189,0.0
2026-04-21 02:00:00,29.5,75,1003.6,5.4,210,0.0
2026-04-21 03:00:00,31.7,65,1004.1,4.5,203,0.0
2026-04-21 04:00:00,34.0,53,1004.2,4.6,211,0.0
2026-04-21 05:00:00,35.9,44,1004.0,5.9,220,0.0
2026-04-21 06:00:00,36.4,42,1003.8,7.3,210,0.0
2026-04-21 07:00:00,37.4,39,1002.8,5.5,207,0.0
2026-04-21 08:00:00,38.0,38,1001.7,7.3,203,0.0
2026-04-21 09:00:00,37.7,41,1001.0,6.8,209,0.0
2026-04-21 10:00:00,36.3,48,1000.9,9.9,228,0.0
2026-04-21 11:00:00,35.2,51,1000.7,12.7,212,0.0
2026-04-21 12:00:00,33.7,56,1000.6,9.6,171,0.0
2026-04-21 13:00:00,31.6,70,1001.3,13.1,180,0.0
2026-04-21 14:00:00,30.4,79,1001.7,12.4,179,0.0
2026-04-21 15:00:00,29.6,86,1002.4,12.0,173,0.0
2026-04-21 16:00:00,29.0,89,1002.5,12.2,172,0.0
2026-04-21 17:00:00,28.4,91,1002.8,11.3,178,0.0
2026-04-21 18:00:00,28.3,93,1002.5,11.0,166,0.0
2026-04-21 19:00:00,28.2,93,1001.8,9.2,174,0.0
2026-04-21 20:00:00,28.1,93,1001.7,10.1,174,0.0
2026-04-21 21:00:00,28.0,93,1001.4,9.4,172,0.0
2026-04-21 22:00:00,27.8,93,1002.0,9.1,194,0.0
2026-04-21 23:00:00,27.6,95,1002.1,8.7,185,0.0
2026-04-22 00:00:00,28.3,94,1002.9,5.4,146,0.0
2026-04-22 01:00:00,28.9,90,1003.9,7.2,174,0.0
2026-04-22 02:00:00,30.3,82,1004.6,7.7,183,0.0
2026-04-22 03:00:00,31.8,76,1004.9,3.8,175,0.0
2026-04-22 04:00:00,33.5,69,1005.0,3.4,183,0.0
2026-04-22 05:00:00,35.3,61,1004.6,1.4,247,0.0
2026-04-22 06:00:00,35.8,57,1004.1,3.5,75,0.0
2026-04-22 07:00:00,37.3,48,1002.9,5.6,97,0.0
2026-04-22 08:00:00,38.0,42,1002.1,6.4,101,0.0
2026-04-22 09:00:00,37.9,36,1001.4,5.8,95,0.3
2026-04-22 10:00:00,37.0,40,1001.0,5.4,150,0.0
2026-04-22 11:00:00,37.4,35,1001.0,2.3,302,0.0
2026-04-22 12:00:00,33.4,45,1002.5,3.3,77,0.0
2026-04-22 13:00:00,31.9,54,1001.8,5.6,174,0.0
2026-04-22 14:00:00,31.1,74,1002.0,12.9,152,0.0
2026-04-22 15:00:00,29.8,82,1003.0,12.1,153,0.0
2026-04-22 16:00:00,29.1,83,1003.5,12.2,153,0.0
2026-04-22 17:00:00,28.4,87,1003.5,10.1,158,0.0
2026-04-22 18:00:00,28.3,91,1003.7,8.6,165,0.0
2026-04-22 19:00:00,28.0,91,1002.9,9.2,182,0.0
2026-04-22 20:00:00,27.6,93,1002.6,8.8,181,0.0
2026-04-22 21:00:00,27.2,94,1002.9,4.6,79,0.0
2026-04-22 22:00:00,27.0,95,1003.5,7.4,141,0.0
2026-04-22 23:00:00,27.0,96,1003.7,8.6,160,0.0
2026-04-23 00:00:00,27.8,97,1004.1,7.0,134,0.0
2026-04-23 01:00:00,28.6,92,1004.5,8.2,147,0.0
2026-04-23 02:00:00,30.0,83,1004.8,7.6,162,0.0
2026-04-23 03:00:00,32.0,73,1005.1,6.7,171,0.0
2026-04-23 04:00:00,34.1,64,1005.1,6.0,171,0.0
2026-04-23 05:00:00,36.3,53,1004.6,6.7,180,0.0
2026-04-23 06:00:00,36.4,52,1004.1,6.4,207,0.0
2026-04-23 07:00:00,37.4,48,1003.3,6.6,227,0.0
2026-04-23 08:00:00,38.0,43,1002.3,7.6,234,0.0
2026-04-23 09:00:00,37.9,43,1001.5,7.7,237,0.0
2026-04-23 10:00:00,37.3,45,1001.2,8.5,228,0.0
2026-04-23 11:00:00,36.0,50,1001.3,10.3,223,0.0
2026-04-23 12:00:00,33.8,60,1001.6,12.2,204,0.0
2026-04-23 13:00:00,32.1,71,1001.6,13.6,185,0.0
2026-04-23 14:00:00,30.8,78,1002.3,14.9,178,0.0
2026-04-23 15:00:00,29.7,83,1003.2,11.7,170,0.0
2026-04-23 16:00:00,28.9,86,1003.6,7.9,153,0.0
2026-04-23 17:00:00,28.4,89,1004.0,2.6,164,0.0
2026-04-23 18:00:00,29.1,89,1003.9,10.4,171,0.0
2026-04-23 19:00:00,29.3,86,1003.5,9.9,185,0.0
2026-04-23 20:00:00,29.5,83,1003.4,9.8,193,0.0
2026-04-23 21:00:00,29.0,85,1003.5,6.7,183,0.0
2026-04-23 22:00:00,28.6,88,1003.7,7.9,160,0.0
2026-04-23 23:00:00,28.2,91,1004.2,7.7,147,0.0
2026-04-24 00:00:00,28.1,93,1004.6,8.3,147,0.0
2026-04-24 01:00:00,29.0,86,1005.4,9.0,151,0.0
2026-04-24 02:00:00,30.2,79,1005.8,9.5,158,0.0
2026-04-24 03:00:00,32.5,68,1006.4,7.3,152,0.0
2026-04-24 04:00:00,34.6,59,1006.4,6.4,158,0.0
2026-04-24 05:00:00,36.5,51,1005.8,7.7,169,0.0
2026-04-24 06:00:00,36.6,50,1005.3,7.0,183,0.0
2026-04-24 07:00:00,37.7,47,1004.3,6.1,203,0.0
2026-04-24 08:00:00,38.3,45,1003.3,7.2,217,0.0
2026-04-24 09:00:00,38.1,46,1002.6,9.7,220,0.0
2026-04-24 10:00:00,37.2,49,1002.1,11.8,216,0.0
2026-04-24 11:00:00,35.2,57,1002.2,13.6,212,0.0
2026-04-24 12:00:00,34.0,62,1002.8,12.9,192,0.0
2026-04-24 13:00:00,32.3,70,1003.8,12.4,196,0.0
2026-04-24 14:00:00,30.8,77,1004.5,12.6,193,0.0
2026-04-24 15:00:00,29.9,80,1004.9,12.8,180,0.0
2026-04-24 16:00:00,28.9,84,1005.3,11.7,170,0.0
2026-04-24 17:00:00,28.3,87,1005.2,12.5,172,0.0
2026-04-24 18:00:00,28.3,91,1005.2,10.8,180,0.0
2026-04-24 19:00:00,28.4,91,1005.0,10.1,183,0.0
2026-04-24 20:00:00,28.4,90,1005.1,5.2,184,0.0
2026-04-24 21:00:00,28.6,88,1005.5,5.6,182,0.0
2026-04-24 22:00:00,28.6,88,1005.8,7.1,190,0.0
2026-04-24 23:00:00,28.7,87,1005.8,9.2,179,0.0
2026-04-25 00:00:00,28.1,91,1006.2,6.6,164,0.0
2026-04-25 01:00:00,29.0,85,1006.7,9.7,176,0.0
2026-04-25 02:00:00,30.4,77,1007.3,10.1,178,0.0
2026-04-25 03:00:00,32.3,68,1007.9,7.8,175,0.0
2026-04-25 04:00:00,34.4,59,1008.0,6.0,170,0.0
2026-04-25 05:00:00,36.3,50,1007.5,7.4,162,0.0
2026-04-25 06:00:00,36.8,46,1006.9,9.4,188,0.0
2026-04-25 07:00:00,37.4,45,1005.6,11.8,188,0.0
2026-04-25 08:00:00,37.7,44,1004.3,14.2,198,0.0
2026-04-25 09:00:00,37.0,47,1003.5,15.1,208,0.0
2026-04-25 10:00:00,35.6,52,1003.5,14.8,207,0.0
2026-04-25 11:00:00,33.7,59,1004.0,14.1,207,0.0
2026-04-25 12:00:00,32.1,70,1004.0,12.9,201,0.0
2026-04-25 13:00:00,31.1,74,1004.3,12.7,187,0.0
2026-04-25 14:00:00,30.1,76,1004.8,13.0,178,0.0
2026-04-25 15:00:00,29.7,78,1005.4,12.5,172,0.0
2026-04-25 16:00:00,29.0,82,1006.0,11.9,177,0.0
2026-04-25 17:00:00,28.5,86,1005.6,12.2,181,0.0
2026-04-25 18:00:00,28.6,87,1005.4,7.3,163,0.0
2026-04-25 19:00:00,28.4,88,1004.7,6.5,138,0.0
2026-04-25 20:00:00,28.3,87,1004.4,9.6,172,0.0
2026-04-25 21:00:00,28.2,88,1004.6,9.8,166,0.0
2026-04-25 22:00:00,27.9,90,1004.6,10.6,157,0.0
2026-04-25 23:00:00,27.8,91,1004.6,11.4,157,0.0
2026-04-26 00:00:00,27.5,92,1005.2,9.7,132,0.0
2026-04-26 01:00:00,28.5,87,1006.3,12.2,153,0.1
2026-04-26 02:00:00,30.3,75,1006.4,12.8,163,0.0
2026-04-26 03:00:00,32.1,66,1006.4,14.5,174,0.0
2026-04-26 04:00:00,33.8,58,1006.4,14.4,182,0.0
2026-04-26 05:00:00,35.3,50,1006.0,14.2,182,0.0
2026-04-26 06:00:00,34.8,49,1005.7,15.0,183,0.0
2026-04-26 07:00:00,35.0,49,1004.6,15.0,194,0.0
2026-04-26 08:00:00,35.2,48,1003.4,15.3,195,0.0
2026-04-26 09:00:00,34.8,50,1002.5,15.8,194,0.0
2026-04-26 10:00:00,34.1,52,1001.9,16.1,200,0.0
2026-04-26 11:00:00,32.8,57,1002.5,15.7,222,0.0
2026-04-26 12:00:00,31.9,66,1001.7,17.0,189,0.0
2026-04-26 13:00:00,31.0,70,1003.4,13.6,174,0.0
2026-04-26 14:00:00,30.2,73,1004.1,15.4,166,0.2
2026-04-26 15:00:00,29.8,76,1004.3,15.6,164,0.0
2026-04-26 16:00:00,29.3,79,1004.6,15.2,166,0.0
2026-04-26 17:00:00,28.9,82,1003.8,16.1,164,0.0
2026-04-26 18:00:00,29.2,83,1003.7,12.9,165,0.0
2026-04-26 19:00:00,28.9,84,1002.7,14.1,174,0.0
2026-04-26 20:00:00,28.4,85,1001.5,14.1,182,0.0
2026-04-26 21:00:00,28.2,86,1000.9,14.7,187,0.0
2026-04-26 22:00:00,28.3,86,1000.8,15.3,188,0.0
2026-04-26 23:00:00,28.3,86,1001.3,15.2,185,0.0
2026-04-27 00:00:00,28.0,86,1001.0,13.1,196,0.0
2026-04-27 01:00:00,29.0,82,1002.1,11.1,188,0.0
2026-04-27 02:00:00,30.2,75,1002.6,18.1,202,0.0
2026-04-27 03:00:00,31.3,70,1003.2,16.7,202,0.0
2026-04-27 04:00:00,33.0,62,1004.0,11.4,218,0.0
2026-04-27 05:00:00,33.8,59,1003.2,14.9,197,0.0
2026-04-27 06:00:00,34.7,57,1002.6,16.3,190,0.0
2026-04-27 07:00:00,35.1,57,1001.5,15.4,197,0.0
2026-04-27 08:00:00,34.8,56,1000.3,17.6,182,0.0
2026-04-27 09:00:00,34.1,58,999.8,20.7,191,0.0
2026-04-27 10:00:00,33.6,60,999.3,21.0,200,0.0
2026-04-27 11:00:00,32.2,67,998.8,21.1,193,0.0
2026-04-27 12:00:00,31.5,68,999.0,17.6,186,0.0
2026-04-27 13:00:00,30.4,75,1000.7,13.4,192,0.0
2026-04-27 14:00:00,30.1,77,1000.2,16.8,170,0.0
2026-04-27 15:00:00,29.8,80,1001.0,12.7,169,0.0
2026-04-27 16:00:00,29.4,82,1001.3,12.5,173,0.0
2026-04-27 17:00:00,28.9,81,1001.3,13.3,178,0.0
2026-04-27 18:00:00,29.2,83,1001.4,11.9,166,0.0
2026-04-27 19:00:00,28.9,84,1000.9,11.7,163,0.0
2026-04-27 20:00:00,28.7,82,1000.6,12.7,172,0.0
2026-04-27 21:00:00,28.5,82,1000.3,14.5,172,0.0
2026-04-27 22:00:00,28.4,85,1000.1,14.5,173,0.0
2026-04-27 23:00:00,28.3,87,1000.1,14.4,184,0.0
2026-04-28 00:00:00,28.8,87,1000.6,15.8,187,0.0
2026-04-28 01:00:00,29.3,84,1001.2,17.2,201,0.0
2026-04-28 02:00:00,31.1,75,1001.5,19.7,211,0.0
2026-04-28 03:00:00,32.6,68,1002.2,16.5,216,0.0
2026-04-28 04:00:00,34.2,62,1002.8,11.5,224,0.0
2026-04-28 05:00:00,35.1,57,1002.4,9.7,227,0.0
2026-04-28 06:00:00,35.0,57,1002.1,14.2,250,0.0
2026-04-28 07:00:00,34.8,58,1001.6,10.2,260,0.0
2026-04-28 08:00:00,35.7,55,999.8,9.7,259,0.0
2026-04-28 09:00:00,36.1,53,998.7,5.8,244,0.0
2026-04-28 10:00:00,35.4,55,999.2,4.4,277,0.0
2026-04-28 11:00:00,26.4,84,1000.5,23.6,76,9.5
2026-04-28 12:00:00,28.4,87,1000.1,13.9,155,15.3
2026-04-28 13:00:00,28.4,88,1001.2,13.8,131,0.0
2026-04-28 14:00:00,28.1,89,1002.1,11.0,130,0.0
2026-04-28 15:00:00,27.8,90,1002.8,13.6,149,0.0
2026-04-28 16:00:00,27.6,90,1003.1,16.7,161,0.0
2026-04-28 17:00:00,27.8,91,1003.5,14.1,155,0.0
2026-04-28 18:00:00,28.7,88,1003.2,16.2,161,0.0
2026-04-28 19:00:00,28.0,89,1002.3,17.1,153,0.0
2026-04-28 20:00:00,27.6,88,1001.8,17.9,167,0.0
2026-04-28 21:00:00,26.6,89,1002.8,10.4,146,0.0
2026-04-28 22:00:00,26.0,90,1002.7,10.5,142,0.0
2026-04-28 23:00:00,26.0,91,1002.4,13.1,153,0.0
2026-04-29 00:00:00,27.7,91,1001.9,16.7,181,0.0
2026-04-29 01:00:00,28.3,89,1003.0,12.5,185,0.1
2026-04-29 02:00:00,29.5,83,1004.0,18.3,204,0.1
2026-04-29 03:00:00,30.8,77,1004.6,16.7,215,0.0
2026-04-29 04:00:00,31.5,72,1004.5,14.9,203,0.0
2026-04-29 05:00:00,33.1,67,1003.9,13.9,190,0.0
2026-04-29 06:00:00,29.3,77,1003.4,7.8,127,0.0
2026-04-29 07:00:00,30.0,76,1002.4,9.2,149,0.0
2026-04-29 08:00:00,32.6,65,1002.1,12.7,141,0.0
2026-04-29 09:00:00,31.3,67,1002.2,15.5,103,0.0
2026-04-29 10:00:00,28.7,79,1002.0,11.3,171,0.5
2026-04-29 11:00:00,28.0,81,1003.8,3.2,214,0.0
2026-04-29 12:00:00,27.4,81,1001.8,13.2,84,0.3
2026-04-29 13:00:00,27.4,86,1001.8,14.4,106,0.0
2026-04-29 14:00:00,26.8,90,1004.2,9.0,106,0.2
2026-04-29 15:00:00,26.5,92,1005.4,5.0,103,0.1
2026-04-29 16:00:00,26.4,93,1005.4,10.9,99,0.0
2026-04-29 17:00:00,26.1,93,1005.1,12.1,110,0.1
2026-04-29 18:00:00,22.6,92,1005.3,12.1,142,0.0
2026-04-29 19:00:00,22.2,93,1005.1,10.1,133,0.4
2026-04-29 20:00:00,22.2,95,1005.5,7.0,44,0.0
2026-04-29 21:00:00,22.1,95,1006.0,7.3,9,0.0
2026-04-29 22:00:00,21.9,95,1006.2,7.8,53,0.0
2026-04-29 23:00:00,21.7,93,1006.0,8.1,72,0.0
2026-04-30 00:00:00,22.1,97,1005.8,8.7,56,0.0
2026-04-30 01:00:00,22.8,94,1007.3,6.9,99,0.0
2026-04-30 02:00:00,24.2,89,1007.5,9.8,116,0.0
2026-04-30 03:00:00,26.4,80,1007.2,11.2,128,0.0
2026-04-30 04:00:00,28.0,77,1007.4,11.4,143,0.0
2026-04-30 05:00:00,29.0,74,1007.3,10.3,157,0.0
2026-04-30 06:00:00,28.3,68,1007.2,10.5,176,0.0
2026-04-30 07:00:00,29.3,67,1006.8,6.5,182,0.0
2026-04-30 08:00:00,30.3,63,1006.0,9.9,185,0.0
2026-04-30 09:00:00,30.4,62,1004.8,11.4,185,0.0
2026-04-30 10:00:00,30.0,63,1003.5,10.9,163,0.0
2026-04-30 11:00:00,29.4,66,1003.0,12.0,152,0.0
2026-04-30 12:00:00,26.5,78,1003.0,11.7,162,0.0
2026-04-30 13:00:00,24.8,85,1005.8,12.2,234,3.6
2026-04-30 14:00:00,24.1,89,1005.8,1.7,72,4.6
2026-04-30 15:00:00,23.7,93,1007.1,6.7,56,0.8
2026-04-30 16:00:00,23.8,93,1007.5,1.0,315,0.0
2026-04-30 17:00:00,23.9,96,1005.7,9.3,140,1.3
2026-04-30 18:00:00,22.5,96,1006.2,11.1,173,0.3
2026-04-30 19:00:00,22.5,95,1006.0,4.1,151,0.1
2026-04-30 20:00:00,22.3,96,1004.9,4.6,81,0.0
2026-04-30 21:00:00,22.0,98,1004.7,2.2,81,0.0
2026-04-30 22:00:00,22.1,97,1004.6,1.8,24,0.0
2026-04-30 23:00:00,22.2,97,1004.7,2.8,349,0.0
2026-05-01 00:00:00,21.8,95,1005.4,2.8,50,0.0
2026-05-01 01:00:00,22.3,93,1005.6,3.9,43,0.0
2026-05-01 02:00:00,23.7,90,1005.9,2.0,90,0.0
2026-05-01 03:00:00,24.2,88,1006.3,3.3,144,0.0
2026-05-01 04:00:00,25.8,80,1006.1,6.3,180,0.0
2026-05-01 05:00:00,26.9,75,1006.2,5.9,215,0.1
2026-05-01 06:00:00,27.3,73,1005.8,9.7,158,0.0
2026-05-01 07:00:00,28.6,65,1005.1,8.3,181,0.0
2026-05-01 08:00:00,29.4,62,1004.1,5.8,200,0.0
2026-05-01 09:00:00,29.5,62,1002.9,5.0,206,0.0
2026-05-01 10:00:00,29.4,62,1001.8,3.8,221,0.0
2026-05-01 11:00:00,29.4,61,1001.4,2.0,185,0.0
2026-05-01 12:00:00,28.6,68,1001.8,7.9,123,0.0
2026-05-01 13:00:00,27.5,73,1002.5,5.5,131,0.0
2026-05-01 14:00:00,27.0,76,1003.6,5.7,152,0.0
2026-05-01 15:00:00,26.8,80,1004.5,5.9,157,0.0
2026-05-01 16:00:00,26.5,82,1004.9,7.2,143,0.0
2026-05-01 17:00:00,26.3,85,1004.6,8.1,152,0.0
2026-05-01 18:00:00,23.5,96,1005.1,7.1,279,0.0
2026-05-01 19:00:00,23.8,92,1003.1,11.1,188,0.5
2026-05-01 20:00:00,23.9,94,1002.3,8.3,193,0.1
2026-05-01 21:00:00,24.1,95,1002.4,4.5,151,0.0
2026-05-01 22:00:00,23.9,96,1002.6,5.4,132,0.0
2026-05-01 23:00:00,24.0,96,1002.7,7.1,173,0.0
2026-05-02 00:00:00,24.8,95,1003.2,2.7,32,0.0
2026-05-02 01:00:00,25.8,92,1003.8,2.1,75,0.0
2026-05-02 02:00:00,27.1,89,1004.3,3.4,133,0.0
2026-05-02 03:00:00,29.2,78,1004.3,7.8,193,0.0
2026-05-02 04:00:00,31.0,69,1004.3,8.4,199,0.0
2026-05-02 05:00:00,32.1,63,1004.1,9.9,213,0.0
2026-05-02 06:00:00,34.0,46,1003.3,9.1,219,0.0
2026-05-02 07:00:00,26.7,74,1003.4,20.6,66,0.5
2026-05-02 08:00:00,27.7,70,1002.3,14.8,116,0.0
2026-05-02 09:00:00,29.2,68,1001.5,5.4,130,0.0
2026-05-02 10:00:00,27.9,72,1001.0,3.5,165,0.2
2026-05-02 11:00:00,28.3,72,1000.6,5.0,136,0.0
2026-05-02 12:00:00,26.9,78,1000.8,2.5,240,0.0
2026-05-02 13:00:00,26.6,81,1000.2,3.3,99,0.0
2026-05-02 14:00:00,26.2,84,1001.1,2.9,97,0.0
2026-05-02 15:00:00,25.6,85,1002.3,4.3,92,0.0
2026-05-02 16:00:00,25.0,86,1003.3,5.4,111,0.0
2026-05-02 17:00:00,24.6,89,1004.0,7.3,164,0.0
2026-05-02 18:00:00,24.2,90,1003.3,3.9,66,0.0
2026-05-02 19:00:00,23.7,93,1003.2,2.7,118,0.0
2026-05-02 20:00:00,23.6,94,1002.8,2.3,51,0.0
2026-05-02 21:00:00,23.8,95,1002.4,4.3,62,0.0
2026-05-02 22:00:00,23.8,96,1002.2,5.1,94,0.0
2026-05-02 23:00:00,23.8,96,1002.9,4.2,72,0.0
2026-05-03 00:00:00,24.3,94,1003.5,9.5,69,0.0
2026-05-03 01:00:00,25.3,92,1004.6,7.5,42,0.2
2026-05-03 02:00:00,25.5,91,1005.2,9.5,129,2.8
2026-05-03 03:00:00,24.2,90,1006.5,6.2,172,9.8
2026-05-03 04:00:00,26.0,85,1006.5,2.4,351,0.1
2026-05-03 05:00:00,28.4,79,1006.0,0.6,34,0.0
2026-05-03 06:00:00,29.8,77,1005.7,4.4,150,0.0
2026-05-03 07:00:00,30.9,75,1004.8,3.3,241,0.2
2026-05-03 08:00:00,30.8,75,1003.9,7.3,196,0.2
2026-05-03 09:00:00,29.3,79,1003.1,4.2,227,2.5
2026-05-03 10:00:00,30.3,77,1002.5,1.8,127,0.0
2026-05-03 11:00:00,29.8,76,1002.8,4.9,152,1.4
2026-05-03 12:00:00,29.7,79,1002.4,4.5,113,1.7
2026-05-03 13:00:00,28.3,85,1003.3,5.9,149,0.0
2026-05-03 14:00:00,27.4,88,1004.4,8.1,107,0.3
2026-05-03 15:00:00,27.1,88,1005.2,6.8,117,0.0
2026-05-03 16:00:00,26.6,89,1006.0,6.2,123,0.0
2026-05-03 17:00:00,26.3,89,1006.4,7.9,139,0.0
2026-05-03 18:00:00,26.9,90,1006.4,9.5,180,0.0
2026-05-03 19:00:00,26.8,91,1006.0,10.3,184,0.0
2026-05-03 20:00:00,26.5,92,1005.7,9.2,186,0.0
2026-05-03 21:00:00,26.4,91,1005.8,7.1,171,0.0
2026-05-03 22:00:00,26.1,92,1005.7,8.0,166,0.0
2026-05-03 23:00:00,26.0,91,1005.6,10.6,179,0.0
2026-05-04 00:00:00,26.8,93,1005.4,6.5,152,0.0
2026-05-04 01:00:00,27.7,90,1006.9,8.0,170,0.0
2026-05-04 02:00:00,27.9,90,1008.1,4.3,287,0.3
2026-05-04 03:00:00,28.4,86,1008.2,7.7,162,0.5
2026-05-04 04:00:00,30.7,75,1008.4,10.3,185,0.2
2026-05-04 05:00:00,31.1,74,1008.4,6.7,171,0.2
2026-05-04 06:00:00,31.8,62,1008.2,8.2,172,0.2
2026-05-04 07:00:00,32.7,57,1007.4,7.4,157,0.0
2026-05-04 08:00:00,31.0,62,1007.0,8.6,110,0.3
2026-05-04 09:00:00,29.6,71,1006.3,8.1,114,0.1
2026-05-04 10:00:00,29.6,70,1006.0,10.6,129,0.5
2026-05-04 11:00:00,28.6,74,1005.5,11.6,156,0.0
2026-05-04 12:00:00,27.0,85,1005.4,12.1,55,0.0
2026-05-04 13:00:00,26.0,87,1005.9,6.4,72,0.0
2026-05-04 14:00:00,25.7,89,1006.6,10.9,99,0.0
2026-05-04 15:00:00,25.4,89,1007.3,10.7,126,0.0
2026-05-04 16:00:00,25.8,88,1007.9,9.4,148,0.0
2026-05-04 17:00:00,25.7,87,1008.5,7.5,169,0.0
2026-05-04 18:00:00,26.0,84,1008.1,5.0,199,0.0
2026-05-04 19:00:00,25.7,87,1008.4,3.6,319,0.0
2026-05-04 20:00:00,22.3,92,1009.8,21.7,345,7.1
2026-05-04 21:00:00,23.0,91,1008.7,11.5,40,2.3
2026-05-04 22:00:00,23.2,92,1008.6,8.9,56,0.4
2026-05-04 23:00:00,23.0,93,1008.5,7.2,93,0.0
2026-05-05 00:00:00,22.2,96,1006.9,11.9,146,0.0
2026-05-05 01:00:00,23.0,94,1008.1,6.8,122,0.0
2026-05-05 02:00:00,23.8,91,1009.1,4.5,127,0.0
2026-05-05 03:00:00,25.8,84,1010.7,6.2,30,0.0
2026-05-05 04:00:00,26.7,79,1011.1,5.9,43,0.0
2026-05-05 05:00:00,27.9,72,1010.7,4.8,79,0.0
2026-05-05 06:00:00,29.0,68,1009.8,4.4,81,0.0
2026-05-05 07:00:00,29.3,67,1008.9,4.5,90,0.0
2026-05-05 08:00:00,30.0,65,1007.6,4.8,127,0.0
2026-05-05 09:00:00,29.9,65,1006.8,5.3,152,0.0
2026-05-05 10:00:00,30.0,64,1005.9,4.3,156,0.0
2026-05-05 11:00:00,29.4,67,1005.3,4.5,164,0.0
2026-05-05 12:00:00,29.0,72,1005.6,1.5,111,0.0
2026-05-05 13:00:00,28.2,78,1006.0,3.3,151,0.0
2026-05-05 14:00:00,27.5,81,1006.6,5.8,189,0.0
2026-05-05 15:00:00,26.6,84,1007.1,6.8,212,0.0
2026-05-05 16:00:00,26.0,85,1008.2,6.6,235,0.0
2026-05-05 17:00:00,25.6,87,1008.4,6.3,231,0.0
2026-05-05 18:00:00,26.0,89,1007.2,4.6,222,0.0
2026-05-05 19:00:00,26.2,89,1006.5,4.2,205,0.0
2026-05-05 20:00:00,26.2,89,1006.0,4.2,187,0.0
2026-05-05 21:00:00,26.1,90,1005.6,4.5,180,0.0
2026-05-05 22:00:00,26.2,90,1005.6,5.8,185,0.0
2026-05-05 23:00:00,26.1,91,1005.8,4.5,194,0.0
2026-05-06 00:00:00,26.4,91,1006.2,5.4,200,0.0
2026-05-06 01:00:00,27.3,89,1006.6,4.9,178,0.0
2026-05-06 02:00:00,28.1,85,1006.9,3.6,174,0.0
2026-05-06 03:00:00,28.5,84,1007.4,4.6,154,0.0
2026-05-06 04:00:00,29.6,77,1007.3,6.1,146,0.0
2026-05-06 05:00:00,31.1,68,1006.7,7.1,153,0.0
2026-05-06 06:00:00,31.9,61,1006.3,4.1,139,0.0
2026-05-06 07:00:00,32.1,62,1005.6,4.0,153,0.0
2026-05-06 08:00:00,31.8,64,1004.3,5.9,157,0.0
2026-05-06 09:00:00,26.7,81,1005.0,4.4,258,13.2
2026-05-06 10:00:00,25.8,88,1004.8,4.3,15,0.2
2026-05-06 11:00:00,26.3,84,1004.9,7.6,353,0.2
2026-05-06 12:00:00,28.1,82,1003.2,5.8,126,0.1
2026-05-06 13:00:00,27.6,87,1003.9,4.6,111,0.0
2026-05-06 14:00:00,25.5,90,1005.2,8.3,68,0.0
2026-05-06 15:00:00,24.4,91,1006.3,7.4,43,0.0
2026-05-06 16:00:00,23.8,94,1006.8,6.7,74,0.0
2026-05-06 17:00:00,23.7,95,1007.0,5.2,88,0.0
2026-05-06 18:00:00,25.0,94,1007.0,6.5,132,0.0
2026-05-06 19:00:00,24.7,94,1006.7,5.8,124,0.0
2026-05-06 20:00:00,24.5,94,1006.3,4.3,107,0.0
2026-05-06 21:00:00,24.3,95,1006.2,5.3,102,0.0
2026-05-06 22:00:00,24.3,95,1006.2,5.9,133,0.0
2026-05-06 23:00:00,24.3,95,1006.5,5.4,140,0.0
2026-05-07 00:00:00,24.9,94,1007.2,5.8,154,0.0
2026-05-07 01:00:00,26.1,92,1007.7,4.7,133,0.0
2026-05-07 02:00:00,27.7,87,1008.2,3.3,144,0.0
2026-05-07 03:00:00,29.3,82,1008.4,3.3,167,0.0
2026-05-07 04:00:00,26.2,79,1009.6,12.7,11,4.3
2026-05-07 05:00:00,23.7,90,1009.6,9.1,170,1.7
2026-05-07 06:00:00,28.1,70,1009.3,6.8,143,0.0
2026-05-07 07:00:00,28.7,71,1008.1,5.1,100,0.0
2026-05-07 08:00:00,30.1,66,1007.0,5.1,80,0.0
2026-05-07 09:00:00,30.6,63,1006.2,4.7,88,0.0
2026-05-07 10:00:00,30.7,62,1005.5,5.2,119,0.0
2026-05-07 11:00:00,30.5,62,1005.7,1.5,76,0.0
2026-05-07 12:00:00,29.2,67,1005.6,5.1,84,0.0
2026-05-07 13:00:00,26.3,79,1007.4,22.3,318,0.4
2026-05-07 14:00:00,23.5,91,1009.0,8.7,322,0.3
2026-05-07 15:00:00,23.7,91,1008.4,7.8,34,0.0
2026-05-07 16:00:00,24.0,90,1008.2,5.4,111,0.0
2026-05-07 17:00:00,24.1,89,1008.3,6.9,137,0.0
2026-05-07 18:00:00,23.5,87,1008.7,7.7,93,0.0
2026-05-07 19:00:00,23.1,90,1008.7,2.9,150,0.0
2026-05-07 20:00:00,23.2,90,1008.1,4.6,198,0.0
2026-05-07 21:00:00,23.2,90,1007.8,6.1,182,0.0
2026-05-07 22:00:00,23.3,90,1007.7,6.0,189,0.0
2026-05-07 23:00:00,23.4,91,1007.9,5.6,201,0.0
2026-05-08 00:00:00,23.8,89,1008.4,3.1,135,0.0
2026-05-08 01:00:00,24.9,87,1009.2,3.6,108,0.0
2026-05-08 02:00:00,26.4,86,1009.8,2.5,60,0.0
2026-05-08 03:00:00,28.1,83,1010.1,1.1,279,0.0
2026-05-08 04:00:00,29.5,75,1010.2,3.8,267,0.1
2026-05-08 05:00:00,30.6,71,1009.6,2.0,270,0.1
2026-05-08 06:00:00,31.3,68,1009.0,2.0,350,0.0
2026-05-08 07:00:00,32.1,65,1008.1,1.3,34,0.0
2026-05-08 08:00:00,32.2,66,1007.1,3.2,27,0.0
2026-05-08 09:00:00,27.1,76,1007.5,10.2,224,2.9
2026-05-08 10:00:00,25.6,84,1006.9,8.4,259,0.1
2026-05-08 11:00:00,25.4,82,1006.4,4.0,302,0.7
2026-05-08 12:00:00,28.9,73,1006.1,1.0,338,0.1
2026-05-08 13:00:00,27.8,80,1006.5,4.2,126,0.0
2026-05-08 14:00:00,27.0,86,1007.7,2.7,176,0.0
2026-05-08 15:00:00,26.9,87,1008.5,3.2,273,0.0
2026-05-08 16:00:00,26.8,88,1008.8,3.8,253,0.0
2026-05-08 17:00:00,26.4,92,1008.5,3.8,183,0.0
2026-05-08 18:00:00,26.0,90,1007.7,1.3,352,0.0
2026-05-08 19:00:00,25.7,91,1007.7,4.3,358,0.0
2026-05-08 20:00:00,25.5,92,1007.2,2.7,48,0.0
2026-05-08 21:00:00,25.2,93,1007.2,2.1,59,0.0
2026-05-08 22:00:00,25.3,93,1007.7,4.1,203,0.0
2026-05-08 23:00:00,25.2,93,1007.9,4.0,201,0.0
2026-05-09 00:00:00,25.2,90,1008.5,6.3,39,0.0
2026-05-09 01:00:00,25.9,88,1009.3,4.5,61,0.0
2026-05-09 02:00:00,26.8,83,1009.7,4.3,66,0.0
2026-05-09 03:00:00,28.6,75,1009.9,4.4,83,0.0
2026-05-09 04:00:00,30.2,67,1009.9,5.1,100,0.0
2026-05-09 05:00:00,31.2,63,1009.2,5.1,117,0.0
2026-05-09 06:00:00,31.9,60,1008.8,4.5,164,0.0
2026-05-09 07:00:00,32.3,59,1007.9,4.3,185,0.0
2026-05-09 08:00:00,31.4,63,1007.2,1.3,286,0.0
2026-05-09 09:00:00,30.8,64,1006.4,5.9,211,0.5
2026-05-09 10:00:00,28.6,74,1005.7,0.6,162,1.7
2026-05-09 11:00:00,28.8,75,1006.1,4.2,230,0.0
2026-05-09 12:00:00,27.9,76,1005.4,12.9,157,0.4
2026-05-09 13:00:00,26.8,78,1006.2,9.4,145,0.0
2026-05-09 14:00:00,25.9,80,1007.3,8.1,159,0.0
2026-05-09 15:00:00,26.0,81,1008.2,5.4,176,0.0
2026-05-09 16:00:00,26.3,82,1008.9,3.6,252,0.0
2026-05-09 17:00:00,25.8,87,1008.6,2.2,294,0.0
2026-05-09 18:00:00,24.4,89,1008.8,4.6,351,0.0
2026-05-09 19:00:00,25.0,86,1007.9,9.2,340,0.0
2026-05-09 20:00:00,24.8,86,1007.7,5.0,314,0.0
2026-05-09 21:00:00,24.5,88,1007.1,3.4,276,0.0
2026-05-09 22:00:00,24.5,89,1007.5,6.7,90,0.0
2026-05-09 23:00:00,24.4,91,1007.3,5.5,79,0.0
2026-05-10 00:00:00,23.9,89,1007.4,6.2,46,0.0
2026-05-10 01:00:00,24.8,87,1008.0,4.8,70,0.0
2026-05-10 02:00:00,26.3,81,1008.8,3.7,67,0.0
2026-05-10 03:00:00,27.8,73,1009.2,3.5,75,0.0
2026-05-10 04:00:00,29.0,67,1009.4,4.3,123,0.0
2026-05-10 05:00:00,30.1,62,1008.8,2.3,148,0.0
2026-05-10 06:00:00,30.4,57,1008.2,1.7,167,0.0
2026-05-10 07:00:00,31.2,55,1007.1,1.2,39,0.0
2026-05-10 08:00:00,30.5,56,1006.4,3.2,232,0.2
2026-05-10 09:00:00,30.3,57,1005.9,5.3,125,0.1
2026-05-10 10:00:00,28.2,68,1006.2,4.5,209,0.1
2026-05-10 11:00:00,27.8,74,1005.9,6.8,197,0.1
2026-05-10 12:00:00,28.2,75,1005.0,7.1,174,0.0
2026-05-10 13:00:00,27.3,79,1005.8,7.4,179,0.0
2026-05-10 14:00:00,26.6,79,1007.2,7.0,192,0.0
2026-05-10 15:00:00,26.2,82,1008.1,4.0,175,0.0
2026-05-10 16:00:00,26.1,82,1008.6,5.4,172,0.0
2026-05-10 17:00:00,25.6,85,1008.5,5.1,170,0.0
2026-05-10 18:00:00,27.2,83,1008.1,11.0,165,0.0
2026-05-10 19:00:00,23.3,87,1008.5,19.0,353,13.0
2026-05-10 20:00:00,22.8,91,1006.9,11.8,161,5.7
2026-05-10 21:00:00,22.4,96,1007.2,8.3,20,0.0
2026-05-10 22:00:00,22.6,95,1007.1,0.0,270,0.1
2026-05-10 23:00:00,22.5,95,1007.5,1.9,253,0.0
2026-05-11 00:00:00,26.3,87,1007.8,4.5,143,0.0
2026-05-11 01:00:00,24.5,83,1009.4,10.0,304,1.9
2026-05-11 02:00:00,25.1,81,1008.5,2.3,225,0.1
2026-05-11 03:00:00,27.7,74,1009.0,2.8,40,0.0
2026-05-11 04:00:00,29.5,69,1009.1,2.6,115,0.0
2026-05-11 05:00:00,30.0,67,1008.9,5.8,90,0.2
2026-05-11 06:00:00,30.2,66,1007.8,2.2,104,0.0
2026-05-11 07:00:00,31.3,62,1006.6,3.2,109,0.0
2026-05-11 08:00:00,30.4,65,1006.1,8.9,114,0.9
2026-05-11 09:00:00,30.9,66,1005.2,6.9,141,0.5
2026-05-11 10:00:00,29.9,68,1005.1,10.0,150,0.4
2026-05-11 11:00:00,29.5,68,1004.9,8.6,169,0.0
2026-05-11 12:00:00,28.4,74,1004.4,6.7,182,0.0
2026-05-11 13:00:00,28.2,75,1005.5,6.5,172,0.0
2026-05-11 14:00:00,28.0,77,1006.4,8.4,169,0.0
2026-05-11 15:00:00,27.8,78,1007.3,9.2,169,0.0
2026-05-11 16:00:00,27.3,81,1008.4,8.0,157,0.0
2026-05-11 17:00:00,26.9,83,1008.4,6.8,151,0.0
2026-05-11 18:00:00,27.1,84,1007.1,8.3,160,0.0
2026-05-11 19:00:00,26.9,86,1006.4,7.2,148,0.0
2026-05-11 20:00:00,26.6,86,1006.1,6.1,166,0.0
2026-05-11 21:00:00,26.4,87,1006.0,6.8,182,0.0
2026-05-11 22:00:00,26.0,88,1006.3,5.0,161,0.0
2026-05-11 23:00:00,25.9,88,1006.4,5.6,159,0.0
2026-05-12 00:00:00,26.4,90,1006.2,4.1,128,0.0
2026-05-12 01:00:00,27.3,87,1006.8,4.4,122,0.0
2026-05-12 02:00:00,28.7,81,1007.3,4.7,137,0.0
2026-05-12 03:00:00,30.1,71,1007.5,6.2,163,0.0
2026-05-12 04:00:00,31.3,65,1007.4,6.4,164,0.0
2026-05-12 05:00:00,32.2,62,1006.7,5.2,178,0.0
2026-05-12 06:00:00,32.9,55,1006.1,7.3,160,0.0
2026-05-12 07:00:00,33.1,57,1005.0,6.5,152,0.1
2026-05-12 08:00:00,28.2,78,1004.7,10.9,261,2.7
2026-05-12 09:00:00,30.4,68,1003.7,1.8,24,0.7
2026-05-12 10:00:00,31.2,65,1002.9,5.5,171,0.0
2026-05-12 11:00:00,30.6,64,1002.7,8.8,195,0.1
2026-05-12 12:00:00,30.0,70,1002.8,6.2,172,0.1
2026-05-12 13:00:00,29.6,73,1003.5,6.5,182,0.0
2026-05-12 14:00:00,29.0,74,1004.4,8.6,165,0.0
2026-05-12 15:00:00,28.5,76,1005.0,11.1,172,0.0
2026-05-12 16:00:00,28.1,79,1005.4,9.4,172,0.0
2026-05-12 17:00:00,27.7,81,1005.6,9.2,173,0.0
2026-05-12 18:00:00,28.1,79,1005.2,10.0,171,0.0
2026-05-12 19:00:00,27.5,82,1004.3,8.3,174,0.0
2026-05-12 20:00:00,27.3,83,1003.8,7.8,187,0.0
2026-05-12 21:00:00,27.1,82,1003.2,9.2,179,0.0
2026-05-12 22:00:00,26.8,83,1003.3,8.6,180,0.0
2026-05-12 23:00:00,26.7,84,1003.5,7.8,171,0.0
2026-05-13 00:00:00,27.0,86,1003.6,7.0,177,0.0
2026-05-13 01:00:00,27.9,84,1004.7,7.2,174,0.0
2026-05-13 02:00:00,29.1,79,1005.0,8.7,184,0.0
2026-05-13 03:00:00,30.5,71,1005.2,10.4,198,0.0
2026-05-13 04:00:00,31.8,66,1005.1,9.7,198,0.0
2026-05-13 05:00:00,32.7,62,1004.7,9.6,192,0.0
2026-05-13 06:00:00,31.4,64,1003.7,12.0,189,0.0
2026-05-13 07:00:00,32.7,60,1002.7,11.2,181,0.3
2026-05-13 08:00:00,32.9,57,1001.2,13.8,197,0.3
2026-05-13 09:00:00,32.2,60,1000.5,14.8,196,0.6
2026-05-13 10:00:00,32.2,61,999.6,12.8,194,0.4
2026-05-13 11:00:00,29.9,70,999.6,10.5,204,0.9
2026-05-13 12:00:00,30.8,71,1000.0,8.7,194,7.1
2026-05-13 13:00:00,30.0,74,1000.5,6.7,160,0.0
2026-05-13 14:00:00,29.5,77,1001.6,8.4,157,0.0
2026-05-13 15:00:00,29.1,79,1002.3,11.5,160,0.0
2026-05-13 16:00:00,28.7,81,1003.1,13.0,162,0.0
2026-05-13 17:00:00,28.3,83,1003.4,13.3,172,0.0
2026-05-13 18:00:00,27.1,87,1002.7,13.0,170,0.0
2026-05-13 19:00:00,26.9,89,1001.9,14.4,188,0.0
2026-05-13 20:00:00,26.4,89,1001.8,13.7,198,0.0
2026-05-13 21:00:00,24.9,95,1002.4,6.1,267,1.8
2026-05-13 22:00:00,25.4,96,1001.8,13.0,211,1.0
2026-05-13 23:00:00,25.2,96,1001.5,8.6,181,0.5
2026-05-14 00:00:00,27.2,90,1001.4,6.5,148,0.0
2026-05-14 01:00:00,28.0,87,1002.2,7.1,195,0.0
2026-05-14 02:00:00,29.5,80,1002.7,11.3,214,0.0
2026-05-14 03:00:00,30.9,73,1003.0,11.6,227,0.0
2026-05-14 04:00:00,32.1,67,1003.2,8.5,228,0.0
2026-05-14 05:00:00,33.3,62,1002.7,7.6,218,0.0
2026-05-14 06:00:00,33.9,52,1002.5,1.9,253,0.0
2026-05-14 07:00:00,35.0,49,1001.4,1.1,279,0.0
2026-05-14 08:00:00,35.7,44,1000.2,2.5,240,0.0
2026-05-14 09:00:00,35.9,42,999.6,5.5,251,0.0
2026-05-14 10:00:00,35.8,42,999.2,6.2,262,0.0
2026-05-14 11:00:00,34.5,45,999.1,11.6,213,0.0
2026-05-14 12:00:00,32.4,62,999.7,15.2,191,0.2
2026-05-14 13:00:00,31.0,67,1000.4,13.6,188,0.0
2026-05-14 14:00:00,30.1,73,1001.1,13.1,180,0.0
2026-05-14 15:00:00,29.3,76,1001.8,13.9,181,0.0
2026-05-14 16:00:00,28.8,79,1002.2,12.6,179,0.0
2026-05-14 17:00:00,28.5,82,1002.3,11.7,180,0.0
2026-05-14 18:00:00,28.6,84,1001.7,11.5,188,0.0
2026-05-14 19:00:00,28.4,86,1000.9,12.1,184,0.0
2026-05-14 20:00:00,28.3,85,1000.5,12.3,183,0.0
2026-05-14 21:00:00,28.1,85,1000.6,10.9,189,0.0
2026-05-14 22:00:00,28.0,86,1000.9,10.0,195,0.0
2026-05-14 23:00:00,27.9,86,1001.5,8.9,199,0.0
2026-05-15 00:00:00,28.5,85,1001.5,10.0,200,0.0
2026-05-15 01:00:00,29.3,81,1002.2,8.7,202,0.0
2026-05-15 02:00:00,30.6,75,1002.2,12.6,204,0.0
2026-05-15 03:00:00,32.0,68,1002.7,12.8,202,0.0
2026-05-15 04:00:00,33.3,63,1002.9,12.4,206,0.0
2026-05-15 05:00:00,34.6,57,1002.6,11.9,203,0.0
2026-05-15 06:00:00,35.4,53,1002.1,12.0,202,0.0
2026-05-15 07:00:00,35.6,53,1001.5,11.4,199,0.1
2026-05-15 08:00:00,35.6,54,1000.0,12.2,193,0.0
2026-05-15 09:00:00,35.2,56,999.4,13.3,189,0.0
2026-05-15 10:00:00,34.4,58,998.5,13.6,187,0.0
2026-05-15 11:00:00,33.6,60,998.4,12.5,200,0.0
2026-05-15 12:00:00,32.2,70,999.4,5.4,184,0.0
2026-05-15 13:00:00,30.5,79,1000.4,4.2,160,0.3
2026-05-15 14:00:00,30.1,84,1001.1,5.4,180,0.5
2026-05-15 15:00:00,29.4,86,1001.3,12.8,171,0.1
2026-05-15 16:00:00,28.8,87,1001.7,14.1,174,0.0
2026-05-15 17:00:00,28.7,87,1002.0,12.6,180,0.0
2026-05-15 18:00:00,28.0,89,1001.6,12.5,186,0.0
2026-05-15 19:00:00,27.9,90,1001.4,13.8,195,0.0
2026-05-15 20:00:00,28.1,90,1001.2,13.0,199,0.0
2026-05-15 21:00:00,28.4,88,1001.0,11.9,202,0.0
2026-05-15 22:00:00,28.3,88,1001.1,11.9,205,0.0
2026-05-15 23:00:00,28.2,88,1001.2,11.8,204,0.0
2026-05-16 00:00:00,28.3,86,1001.9,11.5,207,0.0
2026-05-16 01:00:00,29.0,84,1002.6,8.7,197,0.0
2026-05-16 02:00:00,30.1,79,1002.9,9.4,193,0.0
2026-05-16 03:00:00,31.3,74,1003.1,9.3,193,0.0
2026-05-16 04:00:00,32.6,69,1003.4,8.8,195,0.0
2026-05-16 05:00:00,33.8,63,1003.2,9.2,206,0.0
2026-05-16 06:00:00,34.6,58,1002.9,8.1,208,0.0
2026-05-16 07:00:00,34.9,56,1001.9,8.3,193,0.0
2026-05-16 08:00:00,35.2,54,1001.1,8.7,185,0.0
2026-05-16 09:00:00,34.8,54,1000.3,11.8,189,0.0
2026-05-16 10:00:00,33.6,64,999.4,13.0,186,0.0
2026-05-16 11:00:00,32.8,66,999.6,14.7,199,0.0
2026-05-16 12:00:00,32.0,72,1000.3,13.9,218,0.1
2026-05-16 13:00:00,30.2,82,1000.6,9.9,195,0.2
2026-05-16 14:00:00,29.9,85,1002.0,10.6,191,0.0
2026-05-16 15:00:00,29.4,86,1002.4,14.2,182,0.1
2026-05-16 16:00:00,29.0,87,1002.8,15.7,181,0.0
2026-05-16 17:00:00,28.8,86,1003.0,14.9,180,0.0
2026-05-16 18:00:00,29.2,87,1002.3,15.2,185,0.0
2026-05-16 19:00:00,29.1,87,1001.8,14.8,194,0.0
2026-05-16 20:00:00,28.9,87,1001.5,14.4,196,0.0
2026-05-16 21:00:00,28.7,88,1001.4,13.0,202,0.0
2026-05-16 22:00:00,28.6,87,1001.5,12.3,202,0.0
2026-05-16 23:00:00,28.4,87,1001.8,11.8,203,0.0
2026-05-17 00:00:00,28.3,88,1001.9,10.9,207,0.0
2026-05-17 01:00:00,29.0,84,1002.4,8.6,209,0.0
2026-05-17 02:00:00,30.2,79,1002.9,9.0,203,0.0
2026-05-17 03:00:00,31.6,73,1003.2,8.2,194,0.0
2026-05-17 04:00:00,33.2,66,1003.4,7.9,196,0.0
2026-05-17 05:00:00,34.5,62,1003.3,7.6,199,0.0
2026-05-17 06:00:00,35.3,58,1002.8,6.3,180,0.0
2026-05-17 07:00:00,35.7,57,1001.9,8.5,180,0.0
2026-05-17 08:00:00,35.6,58,1001.0,10.6,178,0.0
2026-05-17 09:00:00,35.2,59,999.8,12.3,183,0.0
2026-05-17 10:00:00,34.7,61,999.1,10.7,194,0.0
2026-05-17 11:00:00,31.1,81,1000.2,7.3,261,4.6
2026-05-17 12:00:00,33.1,70,999.3,11.5,176,0.2
2026-05-17 13:00:00,31.4,76,999.9,13.5,178,0.0
2026-05-17 14:00:00,30.5,80,1000.8,13.7,179,0.0
2026-05-17 15:00:00,29.8,83,1001.2,14.4,184,0.0
2026-05-17 16:00:00,29.6,85,1001.6,13.4,172,0.0
2026-05-17 17:00:00,29.3,86,1001.8,13.9,178,0.0
2026-05-17 18:00:00,29.7,86,1001.0,14.2,181,0.0
2026-05-17 19:00:00,29.4,87,1000.2,14.0,187,0.0
2026-05-17 20:00:00,29.3,88,999.9,13.8,189,0.0
2026-05-17 21:00:00,29.1,90,999.9,13.9,193,0.0
2026-05-17 22:00:00,29.1,89,1000.2,13.6,197,0.0
2026-05-17 23:00:00,29.1,88,1000.7,12.6,199,0.0
2026-05-18 00:00:00,29.0,91,1000.7,11.3,198,0.0
2026-05-18 01:00:00,29.8,87,1001.3,10.0,200,0.0
2026-05-18 02:00:00,31.0,82,1001.8,9.6,206,0.0
2026-05-18 03:00:00,32.6,76,1002.1,9.4,203,0.0
2026-05-18 04:00:00,34.2,69,1002.2,9.4,198,0.0
2026-05-18 05:00:00,35.6,63,1002.0,10.0,200,0.0
2026-05-18 06:00:00,36.6,54,1001.4,7.7,208,0.0
2026-05-18 07:00:00,37.2,50,1000.2,9.3,193,0.0
2026-05-18 08:00:00,37.2,52,999.3,11.5,188,0.0
2026-05-18 09:00:00,36.5,58,999.1,11.2,192,0.0
2026-05-18 10:00:00,31.3,79,999.8,2.7,270,6.2
2026-05-18 11:00:00,31.9,79,999.2,12.7,147,0.3
2026-05-18 12:00:00,29.9,86,998.4,11.1,112,0.0
2026-05-18 13:00:00,30.2,78,999.0,11.1,132,0.0
2026-05-18 14:00:00,30.4,83,1000.4,10.2,136,0.0
2026-05-18 15:00:00,30.3,87,1001.2,13.5,155,0.0
2026-05-18 16:00:00,29.7,89,1001.8,15.3,160,0.0
2026-05-18 17:00:00,29.5,90,1001.7,14.5,166,0.0
2026-05-18 18:00:00,29.2,91,1001.1,11.3,155,0.0
2026-05-18 19:00:00,29.0,92,1000.6,10.6,154,0.0
2026-05-18 20:00:00,28.9,93,1000.4,10.7,151,0.0
2026-05-18 21:00:00,28.9,93,1000.1,11.7,162,0.0
2026-05-18 22:00:00,29.0,92,1000.3,13.4,173,0.0
2026-05-18 23:00:00,28.9,92,1000.6,13.0,177,0.0
2026-05-19 00:00:00,28.7,92,1001.3,10.3,144,0.0
2026-05-19 01:00:00,29.4,90,1001.8,8.8,141,0.0
2026-05-19 02:00:00,30.4,85,1002.4,13.0,151,0.0
2026-05-19 03:00:00,31.7,79,1002.9,14.6,176,0.1
2026-05-19 04:00:00,33.4,71,1002.3,17.6,188,0.2
2026-05-19 05:00:00,34.4,68,1002.1,12.5,185,0.0
2026-05-19 06:00:00,34.5,65,1001.8,10.4,171,0.0
2026-05-19 07:00:00,35.3,61,1000.6,9.5,178,0.0
2026-05-19 08:00:00,35.7,56,999.2,8.4,173,0.0
2026-05-19 09:00:00,36.1,51,998.5,9.6,176,0.0
2026-05-19 10:00:00,35.8,52,997.9,10.1,185,0.0
2026-05-19 11:00:00,34.7,58,997.9,9.0,193,0.0
2026-05-19 12:00:00,33.5,67,998.5,9.8,150,0.0
2026-05-19 13:00:00,31.4,79,999.1,11.6,148,0.0
2026-05-19 14:00:00,30.8,81,999.7,11.8,167,0.0
2026-05-19 15:00:00,30.4,83,1000.0,11.7,151,0.0
2026-05-19 16:00:00,29.9,86,1000.6,10.8,159,0.0
2026-05-19 17:00:00,29.6,88,1000.7,10.3,164,0.0
2026-05-19 18:00:00,29.6,91,1000.5,10.6,162,0.0
2026-05-19 19:00:00,29.1,90,1000.1,9.4,167,0.0
2026-05-19 20:00:00,28.9,90,999.6,8.4,169,0.0
2026-05-19 21:00:00,28.7,92,999.3,7.2,161,0.0
2026-05-19 22:00:00,28.6,94,999.2,6.7,146,0.0
2026-05-19 23:00:00,28.6,94,999.3,6.6,147,0.0
2026-05-20 00:00:00,29.0,95,999.5,5.9,168,0.0
2026-05-20 01:00:00,29.6,91,1000.1,6.1,178,0.0
2026-05-20 02:00:00,30.8,85,1000.6,4.9,190,0.0
2026-05-20 03:00:00,32.1,77,1001.1,4.5,194,0.0
2026-05-20 04:00:00,33.3,73,1000.7,4.0,170,0.0
2026-05-20 05:00:00,34.5,67,1000.2,3.5,141,0.0
2026-05-20 06:00:00,35.5,61,999.9,4.4,128,0.0
2026-05-20 07:00:00,36.2,58,998.6,4.7,133,0.0
2026-05-20 08:00:00,36.6,54,998.0,3.7,145,0.0
2026-05-20 09:00:00,36.7,53,997.2,4.6,154,0.0
2026-05-20 10:00:00,36.5,53,996.7,3.9,158,0.0
2026-05-20 11:00:00,35.4,57,996.8,8.0,185,0.0
2026-05-20 12:00:00,33.5,71,997.2,10.2,163,0.0
2026-05-20 13:00:00,32.6,76,997.9,8.7,143,0.0
2026-05-20 14:00:00,31.7,78,998.7,9.9,165,0.0
2026-05-20 15:00:00,30.7,82,999.3,10.8,162,0.0
2026-05-20 16:00:00,30.0,86,999.8,9.8,160,0.0
2026-05-20 17:00:00,29.7,89,999.9,8.1,155,0.0
2026-05-20 18:00:00,30.0,88,999.8,9.7,169,0.0
2026-05-20 19:00:00,29.5,90,999.2,7.4,162,0.0
2026-05-20 20:00:00,29.2,91,998.9,7.2,152,0.0
2026-05-20 21:00:00,29.0,92,998.7,7.7,147,0.0
2026-05-20 22:00:00,28.7,93,999.0,8.0,155,0.0
2026-05-20 23:00:00,28.5,94,999.8,7.1,153,0.0
2026-05-21 00:00:00,28.6,94,999.9,9.4,156,0.0
2026-05-21 01:00:00,29.5,89,1000.9,10.5,173,0.0
2026-05-21 02:00:00,30.8,82,1001.2,11.7,184,0.0
2026-05-21 03:00:00,32.2,76,1001.6,10.3,176,0.0
2026-05-21 04:00:00,33.4,72,1001.9,9.6,171,0.0
2026-05-21 05:00:00,34.6,68,1002.1,8.9,172,0.0
2026-05-21 06:00:00,35.0,66,1002.2,5.8,141,0.0
2026-05-21 07:00:00,35.6,63,1001.6,3.7,133,0.0
2026-05-21 08:00:00,35.9,62,1000.3,2.7,148,0.0
2026-05-21 09:00:00,36.3,59,999.5,0.9,169,0.0
2026-05-21 10:00:00,36.4,57,998.6,1.0,239,0.0
2026-05-21 11:00:00,36.0,59,998.6,3.6,290,0.0
2026-05-21 12:00:00,34.1,70,998.3,9.2,140,0.0
2026-05-21 13:00:00,33.2,75,999.5,7.9,150,0.0
2026-05-21 14:00:00,31.9,81,1000.1,12.0,163,0.0
2026-05-21 15:00:00,30.8,85,1001.2,12.6,158,0.0
2026-05-21 16:00:00,30.1,88,1002.1,10.7,158,0.0
2026-05-21 17:00:00,29.8,90,1002.2,9.6,160,0.0
2026-05-21 18:00:00,30.4,91,1002.0,9.7,151,0.0
2026-05-21 19:00:00,30.1,92,1001.5,8.2,148,0.0
2026-05-21 20:00:00,30.0,93,1001.5,8.8,161,0.0
2026-05-21 21:00:00,29.9,94,1001.7,6.9,173,0.0
2026-05-21 22:00:00,29.7,95,1001.8,6.5,167,0.0
2026-05-21 23:00:00,29.6,95,1001.8,6.9,174,0.0
2026-05-22 00:00:00,30.1,94,1002.3,7.6,172,0.0
2026-05-22 01:00:00,30.7,90,1002.8,9.0,178,0.0
2026-05-22 02:00:00,31.8,85,1003.6,9.2,177,0.0
2026-05-22 03:00:00,33.0,77,1003.9,9.5,178,0.0
2026-05-22 04:00:00,34.2,71,1004.1,11.5,183,0.0
2026-05-22 05:00:00,35.2,66,1003.8,12.6,197,0.0
2026-05-22 06:00:00,35.8,59,1003.8,11.9,183,0.0
2026-05-22 07:00:00,36.0,57,1002.2,10.6,180,0.0
2026-05-22 08:00:00,33.8,65,1001.9,10.9,232,0.3
2026-05-22 09:00:00,28.7,94,1001.7,9.7,78,6.7
2026-05-22 10:00:00,29.0,96,1000.8,4.5,88,1.4
2026-05-22 11:00:00,30.5,95,1000.1,9.9,155,0.5
2026-05-22 12:00:00,33.5,72,1000.5,10.2,193,0.0
2026-05-22 13:00:00,32.2,77,1001.5,9.6,184,0.0
2026-05-22 14:00:00,31.6,79,1002.1,8.6,180,0.0
2026-05-22 15:00:00,30.8,81,1002.2,11.2,174,0.0
2026-05-22 16:00:00,30.2,85,1003.2,8.7,159,0.0
2026-05-22 17:00:00,29.8,89,1003.5,5.5,169,0.0
2026-05-22 18:00:00,30.4,88,1002.7,12.4,166,0.0
2026-05-22 19:00:00,29.6,89,1002.0,15.0,173,0.0
2026-05-22 20:00:00,26.2,91,1002.3,13.7,191,0.0
2026-05-22 21:00:00,26.9,94,1001.8,11.1,187,0.3
2026-05-22 22:00:00,28.0,93,1001.5,11.3,182,0.0
2026-05-22 23:00:00,28.2,95,1002.0,10.9,186,0.0
2026-05-23 00:00:00,29.9,92,1002.1,10.4,179,0.0
2026-05-23 01:00:00,30.2,92,1003.0,9.7,178,0.1
2026-05-23 02:00:00,31.2,87,1003.2,14.5,194,0.1
2026-05-23 03:00:00,32.9,77,1003.6,16.1,200,0.1
2026-05-23 04:00:00,33.7,72,1003.8,15.4,201,0.0
2026-05-23 05:00:00,34.7,67,1003.6,16.2,201,0.0
2026-05-23 06:00:00,35.1,65,1003.3,14.7,195,0.0
2026-05-23 07:00:00,35.3,63,1002.5,13.1,187,0.0
2026-05-23 08:00:00,35.5,62,1001.6,14.0,189,0.0
2026-05-23 09:00:00,34.9,64,1000.6,12.6,180,0.0
2026-05-23 10:00:00,34.5,65,999.4,15.7,186,0.0
2026-05-23 11:00:00,33.6,69,1000.1,13.1,205,0.0
2026-05-23 12:00:00,29.4,90,1000.4,10.3,7,0.1
2026-05-23 13:00:00,29.2,97,1001.0,10.4,113,2.6
2026-05-23 14:00:00,29.2,95,1001.4,10.6,134,0.3
2026-05-23 15:00:00,29.9,91,1002.1,13.6,169,0.0
2026-05-23 16:00:00,29.8,93,1003.0,13.8,171,0.0
2026-05-23 17:00:00,29.8,92,1003.0,15.7,174,0.0
2026-05-23 18:00:00,30.5,88,1002.1,15.3,172,0.0
2026-05-23 19:00:00,30.3,88,1001.6,15.2,175,0.0
2026-05-23 20:00:00,30.0,88,1001.4,15.1,183,0.0
2026-05-23 21:00:00,29.7,89,1001.3,15.0,183,0.0
2026-05-23 22:00:00,29.6,89,1001.2,14.9,187,0.0
2026-05-23 23:00:00,29.5,88,1001.6,14.3,190,0.0
2026-05-24 00:00:00,30.0,88,1002.2,9.9,182,0.0
2026-05-24 01:00:00,30.7,86,1003.2,7.6,187,0.0
2026-05-24 02:00:00,31.9,79,1003.8,12.9,205,0.1
2026-05-24 03:00:00,33.1,72,1004.2,12.7,196,0.0
2026-05-24 04:00:00,34.2,66,1004.3,15.3,189,0.0
2026-05-24 05:00:00,35.1,62,1004.0,15.6,187,0.0
2026-05-24 06:00:00,35.5,61,1003.6,14.4,180,0.0
2026-05-24 07:00:00,35.6,61,1002.9,13.3,183,0.0
2026-05-24 08:00:00,35.8,59,1001.8,12.2,188,0.0
2026-05-24 09:00:00,35.9,58,1001.1,12.5,188,0.0
2026-05-24 10:00:00,35.3,60,1000.4,13.5,182,0.0
2026-05-24 11:00:00,34.1,66,1000.6,15.9,192,0.0
2026-05-24 12:00:00,33.2,69,1001.5,14.4,188,0.0
2026-05-24 13:00:00,31.5,77,1002.5,13.1,181,0.6
2026-05-24 14:00:00,31.0,80,1002.9,11.1,171,0.3
2026-05-24 15:00:00,30.7,82,1003.4,11.3,167,0.0
2026-05-24 16:00:00,30.3,85,1003.7,14.2,162,0.0
2026-05-24 17:00:00,30.1,88,1003.8,14.5,172,0.0
2026-05-24 18:00:00,30.1,88,1003.1,14.9,180,0.0
2026-05-24 19:00:00,29.9,88,1002.4,15.0,185,0.0
2026-05-24 20:00:00,29.6,88,1002.1,14.5,185,0.0
2026-05-24 21:00:00,29.7,87,1002.0,13.6,188,0.0
2026-05-24 22:00:00,29.5,88,1002.2,13.3,190,0.0
2026-05-24 23:00:00,29.4,89,1002.6,13.4,191,0.0
2026-05-25 00:00:00,29.6,90,1002.7,12.4,188,0.0
2026-05-25 01:00:00,30.1,88,1002.9,12.1,184,0.0
2026-05-25 02:00:00,31.4,80,1003.0,18.2,192,0.0
2026-05-25 03:00:00,32.7,72,1003.6,20.9,195,0.0
2026-05-25 04:00:00,33.8,66,1003.9,21.8,198,0.0
2026-05-25 05:00:00,34.5,63,1003.4,21.9,198,0.0
2026-05-25 06:00:00,34.8,62,1003.2,19.1,194,0.0
2026-05-25 07:00:00,35.0,61,1002.4,18.7,194,0.0
2026-05-25 08:00:00,34.8,62,1001.4,18.8,190,0.0
2026-05-25 09:00:00,34.5,63,1000.6,18.5,186,0.0
2026-05-25 10:00:00,34.0,65,1000.3,18.5,193,0.0
2026-05-25 11:00:00,33.3,67,1000.6,18.2,198,0.0
2026-05-25 12:00:00,33.0,70,1000.1,13.6,172,0.0
2026-05-25 13:00:00,32.0,75,1001.2,13.9,177,0.0
2026-05-25 14:00:00,31.2,78,1001.8,13.1,173,0.0
2026-05-25 15:00:00,30.7,81,1002.9,12.2,160,0.0
2026-05-25 16:00:00,30.3,84,1003.3,12.9,159,0.0
2026-05-25 17:00:00,30.0,85,1003.2,15.4,166,0.0
2026-05-25 18:00:00,30.3,85,1002.0,18.1,167,0.0
2026-05-25 19:00:00,30.0,85,1001.5,15.7,174,0.0
2026-05-25 20:00:00,29.8,85,1001.4,15.3,183,0.0
2026-05-25 21:00:00,29.6,87,1001.5,15.7,185,0.0
2026-05-25 22:00:00,29.7,87,1001.7,15.1,189,0.0
2026-05-25 23:00:00,29.7,86,1001.8,15.9,190,0.0
2026-05-26 00:00:00,29.7,90,1002.7,4.4,78,0.0
2026-05-26 01:00:00,30.4,87,1003.7,5.4,150,0.1
2026-05-26 02:00:00,31.5,81,1004.1,9.8,198,0.1
2026-05-26 03:00:00,33.3,71,1004.1,11.7,195,0.0
2026-05-26 04:00:00,34.7,64,1003.9,13.0,197,0.0
2026-05-26 05:00:00,35.8,60,1003.8,13.0,209,0.0
2026-05-26 06:00:00,36.4,53,1003.9,8.2,213,0.0
2026-05-26 07:00:00,36.4,53,1002.5,11.4,187,0.0
2026-05-26 08:00:00,36.4,54,1001.3,12.7,187,0.0
2026-05-26 09:00:00,36.1,57,1000.8,9.9,192,0.0
2026-05-26 10:00:00,35.9,59,1000.2,9.6,193,0.0
2026-05-26 11:00:00,34.8,62,1000.1,13.4,185,0.0
2026-05-26 12:00:00,33.6,70,1001.0,13.3,157,0.0
2026-05-26 13:00:00,31.9,77,1001.6,12.5,147,0.0
2026-05-26 14:00:00,31.0,79,1002.0,15.0,163,0.0
2026-05-26 15:00:00,30.2,83,1002.9,15.1,160,0.0
2026-05-26 16:00:00,29.8,85,1003.4,14.7,169,0.0
2026-05-26 17:00:00,29.6,85,1003.7,13.7,183,0.0
2026-05-26 18:00:00,29.8,87,1003.5,10.6,171,0.0
2026-05-26 19:00:00,29.6,88,1003.1,10.3,165,0.0
2026-05-26 20:00:00,29.6,89,1002.9,10.9,164,0.1
2026-05-26 21:00:00,29.2,91,1002.4,12.2,167,0.1
2026-05-26 22:00:00,28.8,92,1002.2,12.1,169,0.0
2026-05-26 23:00:00,28.9,91,1002.5,12.3,176,0.1
2026-05-27 00:00:00,29.5,88,1002.1,10.7,202,0.0
2026-05-27 01:00:00,28.5,88,1004.3,8.7,343,0.2
2026-05-27 02:00:00,25.5,94,1006.1,8.0,56,10.2
2026-05-27 03:00:00,26.4,90,1005.1,10.5,114,0.4
2026-05-27 04:00:00,28.3,85,1005.4,3.4,115,0.0
2026-05-27 05:00:00,30.5,75,1005.4,9.0,74,0.0
2026-05-27 06:00:00,30.6,74,1005.5,11.0,94,0.0
2026-05-27 07:00:00,31.6,71,1004.6,10.7,131,0.0
2026-05-27 08:00:00,32.0,71,1003.3,11.1,134,0.0
2026-05-27 09:00:00,33.6,65,1001.7,10.4,160,0.0
2026-05-27 10:00:00,33.9,62,1000.7,11.9,179,0.0
2026-05-27 11:00:00,33.3,65,1001.6,8.1,208,0.0
2026-05-27 12:00:00,30.2,71,1002.3,12.3,207,5.5
2026-05-27 13:00:00,26.4,95,1003.3,6.1,175,6.0
2026-05-27 14:00:00,26.8,94,1003.9,4.2,234,2.1
2026-05-27 15:00:00,27.0,94,1004.5,7.8,85,0.0
2026-05-27 16:00:00,26.9,93,1004.8,8.5,102,0.0
2026-05-27 17:00:00,26.8,93,1005.4,6.6,119,0.0
2026-05-27 18:00:00,27.2,85,1004.5,8.1,145,0.0
2026-05-27 19:00:00,26.9,88,1003.3,8.0,128,0.0
2026-05-27 20:00:00,26.7,91,1002.4,8.5,138,0.0
2026-05-27 21:00:00,26.5,93,1003.3,0.4,333,0.0
2026-05-27 22:00:00,26.7,93,1003.9,1.9,34,0.0
2026-05-27 23:00:00,26.6,95,1004.5,2.3,39,0.0
2026-05-28 00:00:00,26.1,94,1004.8,3.9,74,0.0
2026-05-28 01:00:00,27.1,91,1005.4,4.0,93,0.0
2026-05-28 02:00:00,28.5,86,1005.5,5.0,116,0.0
2026-05-28 03:00:00,30.3,78,1005.9,5.9,149,0.0
2026-05-28 04:00:00,31.6,68,1005.8,7.5,172,0.0
2026-05-28 05:00:00,32.8,61,1005.5,7.1,171,0.0
2026-05-28 06:00:00,33.3,61,1005.4,8.8,137,0.0
2026-05-28 07:00:00,33.6,60,1004.3,9.1,129,0.0
2026-05-28 08:00:00,33.7,59,1003.4,8.6,129,0.0
2026-05-28 09:00:00,33.5,59,1002.8,9.4,120,0.1
2026-05-28 10:00:00,33.2,60,1002.1,7.8,142,0.2
2026-05-28 11:00:00,32.5,64,1002.3,6.5,157,0.3
2026-05-28 12:00:00,29.5,77,1003.3,10.6,330,0.0
2026-05-28 13:00:00,27.0,94,1003.7,3.9,193,2.8
2026-05-28 14:00:00,27.4,93,1004.0,3.4,96,0.5
2026-05-28 15:00:00,27.9,90,1004.8,6.1,118,0.0
2026-05-28 16:00:00,28.5,87,1005.8,8.8,161,0.0
2026-05-28 17:00:00,28.4,88,1005.9,8.7,150,0.0
2026-05-28 18:00:00,28.3,85,1005.1,5.1,144,0.0
2026-05-28 19:00:00,28.2,86,1004.8,4.5,127,0.0
2026-05-28 20:00:00,28.0,88,1004.6,4.5,124,0.0
2026-05-28 21:00:00,27.8,89,1004.1,4.3,118,0.0
2026-05-28 22:00:00,27.7,90,1004.2,4.8,110,0.0
2026-05-28 23:00:00,27.6,91,1004.6,4.8,101,0.0
2026-05-29 00:00:00,27.8,90,1005.2,6.5,118,0.1
2026-05-29 01:00:00,28.5,88,1005.7,6.4,112,0.0
2026-05-29 02:00:00,30.0,80,1006.2,7.0,132,0.0
2026-05-29 03:00:00,31.1,72,1005.8,9.5,134,0.0
2026-05-29 04:00:00,32.6,63,1006.0,9.5,141,0.0
2026-05-29 05:00:00,33.6,58,1006.5,5.6,159,0.0
2026-05-29 06:00:00,33.9,53,1005.9,7.5,147,0.0
2026-05-29 07:00:00,36.3,43,1004.7,8.0,152,0.0
2026-05-29 08:00:00,37.1,40,1003.8,7.4,212,0.0
2026-05-29 09:00:00,32.2,60,1004.6,21.7,295,2.6
2026-05-29 10:00:00,27.1,95,1004.7,6.3,217,9.1
2026-05-29 11:00:00,27.0,95,1001.8,17.0,124,2.2
2026-05-29 12:00:00,26.8,72,1002.9,5.3,98,0.4
2026-05-29 13:00:00,26.4,74,1003.6,4.6,135,0.0
2026-05-29 14:00:00,26.6,70,1004.3,0.8,45,0.0
2026-05-29 15:00:00,26.5,70,1004.9,0.4,63,0.0
2026-05-29 16:00:00,26.3,70,1005.6,0.6,72,0.0
2026-05-29 17:00:00,25.9,73,1005.7,1.0,31,0.0
2026-05-29 18:00:00,26.0,77,1004.4,1.1,360,0.0
2026-05-29 19:00:00,25.1,81,1004.3,3.7,337,0.0
2026-05-29 20:00:00,24.8,85,1004.3,3.0,14,0.0
2026-05-29 21:00:00,24.6,87,1004.6,4.8,37,0.0
2026-05-29 22:00:00,24.4,87,1004.9,5.5,38,0.0
2026-05-29 23:00:00,24.0,88,1005.2,4.6,36,0.0
2026-05-30 00:00:00,24.4,84,1005.7,6.1,60,0.0
2026-05-30 01:00:00,25.2,79,1006.4,2.8,108,0.0
2026-05-30 02:00:00,26.6,71,1006.6,3.1,93,0.0
2026-05-30 03:00:00,28.4,64,1006.3,3.7,101,0.0
2026-05-30 04:00:00,29.6,65,1006.4,3.8,115,0.0
2026-05-30 05:00:00,31.1,65,1006.5,2.2,104,0.0
2026-05-30 06:00:00,32.4,61,1005.6,4.3,123,0.0
2026-05-30 07:00:00,33.1,60,1004.8,2.8,169,0.1
2026-05-30 08:00:00,33.2,60,1003.7,1.3,124,0.0
2026-05-30 09:00:00,32.2,63,1003.6,7.9,246,0.0
2026-05-30 10:00:00,25.2,95,1003.3,1.8,45,2.3
2026-05-30 11:00:00,26.8,89,1003.4,0.9,127,1.0
2026-05-30 12:00:00,30.0,71,1002.9,8.7,174,0.0
2026-05-30 13:00:00,29.1,76,1002.9,5.6,153,0.0
2026-05-30 14:00:00,28.7,78,1003.4,4.8,127,0.0
2026-05-30 15:00:00,28.5,78,1004.4,2.0,170,0.0
2026-05-30 16:00:00,28.3,78,1005.3,2.8,215,0.0
2026-05-30 17:00:00,27.8,83,1005.5,3.4,223,0.0
2026-05-30 18:00:00,27.8,80,1005.1,4.6,211,0.0
2026-05-30 19:00:00,27.0,85,1005.0,4.6,228,0.0
2026-05-30 20:00:00,26.8,85,1004.8,3.2,218,0.0
2026-05-30 21:00:00,26.7,86,1004.7,1.3,164,0.0
2026-05-30 22:00:00,26.6,86,1004.7,2.6,102,0.0
2026-05-30 23:00:00,26.5,87,1005.0,2.0,100,0.0
2026-05-31 00:00:00,27.5,82,1005.0,0.8,135,0.0
2026-05-31 01:00:00,27.9,81,1005.2,1.8,90,0.0
2026-05-31 02:00:00,29.0,77,1005.3,3.6,81,0.0
2026-05-31 03:00:00,30.2,73,1005.6,3.5,99,0.0
2026-05-31 04:00:00,31.3,69,1005.8,3.1,126,0.0
2026-05-31 05:00:00,32.4,64,1005.6,2.6,129,0.0
2026-05-31 06:00:00,33.5,58,1005.6,3.3,99,0.0
2026-05-31 07:00:00,34.3,54,1004.7,2.9,90,0.0
2026-05-31 08:00:00,34.6,52,1004.0,1.7,139,0.0
2026-05-31 09:00:00,34.9,51,1003.2,3.7,247,0.0
2026-05-31 10:00:00,34.8,49,1002.9,6.4,218,0.0
2026-05-31 11:00:00,31.9,67,1003.0,14.3,216,0.3
2026-05-31 12:00:00,31.3,70,1002.9,9.8,220,0.0
2026-05-31 13:00:00,31.2,71,1003.4,4.4,192,0.0
2026-05-31 14:00:00,31.0,71,1004.3,4.5,175,0.0
2026-05-31 15:00:00,30.4,73,1005.2,5.8,184,0.0
2026-05-31 16:00:00,29.8,76,1006.0,6.1,192,0.0
2026-05-31 17:00:00,29.3,80,1006.0,5.2,192,0.0
2026-05-31 18:00:00,29.6,81,1005.6,3.8,169,0.0
2026-05-31 19:00:00,29.3,83,1005.0,4.0,177,0.0
2026-05-31 20:00:00,29.0,86,1004.8,3.1,156,0.0
2026-05-31 21:00:00,28.5,88,1004.7,3.1,130,0.0
2026-05-31 22:00:00,28.4,89,1004.7,3.0,147,0.0
2026-05-31 23:00:00,28.3,90,1005.0,2.2,166,0.0
2026-06-01 00:00:00,28.8,90,1005.3,3.4,162,0.2
2026-06-01 01:00:00,29.5,87,1006.1,2.3,157,0.0
2026-06-01 02:00:00,30.7,81,1006.3,2.7,148,0.0
2026-06-01 03:00:00,32.1,75,1006.6,3.5,152,0.0
2026-06-01 04:00:00,33.3,68,1006.8,2.4,144,0.0
2026-06-01 05:00:00,34.2,63,1006.6,2.3,141,0.0
2026-06-01 06:00:00,35.5,48,1006.2,2.5,94,0.1
2026-06-01 07:00:00,33.9,51,1005.6,12.8,145,1.7
2026-06-01 08:00:00,34.2,52,1004.7,6.3,183,0.5
2026-06-01 09:00:00,34.8,47,1004.0,7.2,176,0.3
2026-06-01 10:00:00,34.6,48,1003.4,6.7,183,0.0
2026-06-01 11:00:00,34.2,50,1002.8,5.6,211,0.0
2026-06-01 12:00:00,32.4,63,1003.4,9.1,201,0.0
2026-06-01 13:00:00,32.2,63,1004.1,7.6,181,0.0
2026-06-01 14:00:00,31.9,65,1004.7,7.7,183,0.0
2026-06-01 15:00:00,31.3,69,1005.5,7.3,191,0.0
2026-06-01 16:00:00,30.6,73,1006.2,7.6,187,0.0
2026-06-01 17:00:00,30.0,76,1006.1,7.6,175,0.0
2026-06-01 18:00:00,30.1,79,1005.3,7.6,166,0.0
2026-06-01 19:00:00,29.4,83,1005.1,6.5,175,0.0
2026-06-01 20:00:00,29.0,85,1004.8,5.8,182,0.0
2026-06-01 21:00:00,28.7,87,1004.7,5.9,182,0.0
2026-06-01 22:00:00,28.4,89,1004.7,5.4,176,0.0
2026-06-01 23:00:00,28.3,90,1004.8,4.7,171,0.0
2026-06-02 00:00:00,28.9,88,1005.1,4.3,165,0.0
2026-06-02 01:00:00,29.8,83,1005.5,3.8,155,0.0
2026-06-02 02:00:00,31.3,76,1005.7,4.3,178,0.0
2026-06-02 03:00:00,33.0,65,1006.0,4.0,201,0.0
2026-06-02 04:00:00,34.6,54,1006.1,3.2,214,0.0
2026-06-02 05:00:00,35.8,48,1005.5,2.4,207,0.0
2026-06-02 06:00:00,36.8,42,1005.0,3.0,205,0.0
2026-06-02 07:00:00,37.3,41,1004.1,2.8,195,0.0
2026-06-02 08:00:00,37.7,39,1002.7,4.1,182,0.0
2026-06-02 09:00:00,37.3,39,1001.9,5.6,173,0.0
2026-06-02 10:00:00,36.4,41,1001.3,7.6,177,0.2
2026-06-02 11:00:00,34.9,49,1000.8,10.9,197,0.2
2026-06-02 12:00:00,33.9,58,1001.3,8.9,142,0.0
2026-06-02 13:00:00,32.7,64,1001.8,8.2,165,0.0
2026-06-02 14:00:00,32.0,68,1002.4,8.3,167,0.0
2026-06-02 15:00:00,31.5,69,1003.1,9.1,189,0.0
2026-06-02 16:00:00,30.8,72,1003.9,9.5,190,0.0
2026-06-02 17:00:00,30.2,76,1004.2,9.0,192,0.0
2026-06-02 18:00:00,30.6,78,1003.5,7.7,183,0.0
2026-06-02 19:00:00,30.0,82,1002.5,6.8,178,0.0
2026-06-02 20:00:00,29.7,83,1002.0,7.0,181,0.0
2026-06-02 21:00:00,29.5,84,1002.1,7.7,189,0.0
2026-06-02 22:00:00,29.4,86,1002.2,7.9,193,0.0
2026-06-02 23:00:00,29.2,87,1001.9,7.4,193,0.0
2026-06-03 00:00:00,29.4,86,1002.4,6.4,190,0.0
2026-06-03 01:00:00,30.2,82,1002.9,6.4,191,0.0
2026-06-03 02:00:00,31.5,75,1003.0,6.6,209,0.0
2026-06-03 03:00:00,32.9,68,1003.1,6.4,216,0.0
2026-06-03 04:00:00,34.6,61,1003.0,6.0,221,0.0
2026-06-03 05:00:00,36.0,53,1002.5,5.2,239,0.0
2026-06-03 06:00:00,37.0,49,1002.0,3.4,254,0.0
2026-06-03 07:00:00,37.2,49,1000.9,1.9,292,0.0
2026-06-03 08:00:00,37.3,46,999.6,2.3,90,0.0
2026-06-03 09:00:00,34.6,55,999.5,12.2,161,0.6
2026-06-03 10:00:00,34.8,54,999.0,7.2,183,0.1
2026-06-03 11:00:00,33.9,58,999.0,12.2,206,0.0
2026-06-03 12:00:00,34.5,54,998.9,10.5,192,0.1
2026-06-03 13:00:00,32.4,68,999.7,10.7,187,0.0
2026-06-03 14:00:00,31.9,76,1000.5,9.9,189,0.0
2026-06-03 15:00:00,31.5,79,1001.1,10.8,185,0.0
2026-06-03 16:00:00,30.9,82,1001.5,9.0,178,0.0
2026-06-03 17:00:00,30.5,85,1001.4,8.1,179,0.0
2026-06-03 18:00:00,30.7,87,1000.7,8.2,166,0.0
2026-06-03 19:00:00,30.2,89,1000.2,7.5,172,0.0
2026-06-03 20:00:00,30.0,91,999.8,6.7,174,0.0
2026-06-03 21:00:00,29.8,92,999.6,6.7,177,0.0
2026-06-03 22:00:00,29.6,93,999.8,5.6,176,0.0
2026-06-03 23:00:00,29.5,92,1000.1,6.3,187,0.0
2026-06-04 00:00:00,29.7,91,1000.4,5.5,191,0.0
2026-06-04 01:00:00,30.5,82,1000.8,5.2,192,0.0
2026-06-04 02:00:00,32.0,74,1001.4,5.2,196,0.0
2026-06-04 03:00:00,33.6,66,1001.5,5.8,196,0.0
2026-06-04 04:00:00,35.2,60,1001.4,6.4,198,0.0
2026-06-04 05:00:00,36.7,53,1001.0,7.3,197,0.0
2026-06-04 06:00:00,37.6,47,1000.9,6.9,197,0.0
2026-06-04 07:00:00,37.4,47,999.8,9.9,171,0.6
2026-06-04 08:00:00,33.0,66,999.4,8.6,239,1.7
2026-06-04 09:00:00,34.3,63,998.3,6.9,141,1.2
2026-06-04 10:00:00,35.4,55,997.8,11.6,176,0.0
2026-06-04 11:00:00,30.0,75,999.0,14.9,253,0.5
2026-06-04 12:00:00,34.1,62,997.7,6.8,169,7.2
2026-06-04 13:00:00,33.6,64,998.5,6.1,185,0.0
2026-06-04 14:00:00,33.3,69,999.5,9.3,170,0.0
2026-06-04 15:00:00,32.4,73,1000.1,11.7,162,0.0
2026-06-04 16:00:00,31.7,76,1000.8,11.5,166,0.0
2026-06-04 17:00:00,31.3,80,1000.9,10.6,162,0.0
2026-06-04 18:00:00,31.3,82,1000.4,8.0,136,0.0
2026-06-04 19:00:00,30.9,86,1000.0,7.3,152,0.0
2026-06-04 20:00:00,30.7,88,999.6,5.7,167,0.0
2026-06-04 21:00:00,30.6,90,999.2,4.9,152,0.0
2026-06-04 22:00:00,30.2,92,999.5,3.0,123,0.0
2026-06-04 23:00:00,29.9,94,999.8,4.8,59,0.0
2026-06-05 00:00:00,29.7,92,1000.3,4.3,270,0.8
2026-06-05 01:00:00,30.3,88,1000.8,3.2,360,0.0
2026-06-05 02:00:00,31.9,76,1001.0,3.8,25,0.0
2026-06-05 03:00:00,33.6,64,1001.7,1.2,333,0.0
2026-06-05 04:00:00,34.3,59,1001.6,3.5,28,0.0
2026-06-05 05:00:00,35.0,56,1001.3,6.2,15,0.2
2026-06-05 06:00:00,31.8,72,1001.5,8.0,113,0.2
2026-06-05 07:00:00,31.6,71,1000.8,11.6,125,0.0
2026-06-05 08:00:00,30.4,76,999.9,10.3,115,0.0
2026-06-05 09:00:00,30.9,77,999.0,10.0,124,0.0
2026-06-05 10:00:00,31.6,74,999.0,7.5,140,0.0
2026-06-05 11:00:00,31.8,73,998.5,5.6,174,0.0
2026-06-05 12:00:00,32.3,63,998.3,8.9,155,0.0
2026-06-05 13:00:00,31.1,72,998.7,7.3,163,0.0
2026-06-05 14:00:00,30.6,77,999.6,5.9,180,0.0
2026-06-05 15:00:00,30.1,80,1000.1,4.9,178,0.0
2026-06-05 16:00:00,29.7,84,1000.6,5.9,169,0.0
2026-06-05 17:00:00,29.5,86,1001.1,5.5,131,0.0
2026-06-05 18:00:00,29.6,89,1000.6,7.9,131,0.0
2026-06-05 19:00:00,29.2,90,1000.0,7.3,118,0.0
2026-06-05 20:00:00,28.1,95,1000.0,8.4,135,0.2
2026-06-05 21:00:00,26.5,100,999.8,0.9,281,3.2
2026-06-05 22:00:00,26.0,99,1000.7,4.8,127,4.8
2026-06-05 23:00:00,26.3,94,1000.6,7.2,162,3.3
2026-06-06 00:00:00,26.3,95,1001.5,4.0,21,2.8
2026-06-06 01:00:00,27.2,93,1001.4,7.8,116,0.0
2026-06-06 02:00:00,28.1,90,1001.8,8.0,100,0.1
2026-06-06 03:00:00,30.5,83,1001.8,7.0,113,0.0
2026-06-06 04:00:00,32.5,76,1002.0,5.9,121,0.0
2026-06-06 05:00:00,34.1,66,1002.0,6.7,153,0.0
2026-06-06 06:00:00,32.3,72,1001.9,9.3,130,0.0
2026-06-06 07:00:00,32.6,70,1001.0,11.5,149,0.0
2026-06-06 08:00:00,32.9,69,1000.4,6.9,141,0.0
2026-06-06 09:00:00,31.1,77,1000.8,3.8,289,2.5
2026-06-06 10:00:00,28.6,91,999.9,8.1,331,1.2
2026-06-06 11:00:00,28.8,92,999.2,0.9,349,1.0
2026-06-06 12:00:00,29.5,82,1000.0,4.6,141,0.1
2026-06-06 13:00:00,29.1,85,999.7,3.3,119,0.0
2026-06-06 14:00:00,29.1,86,1000.8,3.5,141,0.0
2026-06-06 15:00:00,28.9,86,1001.9,4.7,162,0.0
2026-06-06 16:00:00,28.7,87,1002.5,4.8,155,0.0
2026-06-06 17:00:00,28.5,89,1002.4,4.2,140,0.0
2026-06-06 18:00:00,28.2,90,1002.6,7.2,177,0.0
2026-06-06 19:00:00,28.0,93,1002.4,5.3,170,0.0
2026-06-06 20:00:00,28.0,93,1001.5,5.2,164,0.0
2026-06-06 21:00:00,28.1,93,1000.9,4.0,190,0.0
2026-06-06 22:00:00,28.1,94,1001.1,2.0,153,0.0
2026-06-06 23:00:00,27.7,95,1001.3,5.8,160,0.1
2026-06-07 00:00:00,28.1,92,1001.9,1.0,135,0.0
2026-06-07 01:00:00,28.7,91,1002.4,4.4,153,0.0
2026-06-07 02:00:00,29.7,88,1002.2,2.7,157,0.0
2026-06-07 03:00:00,31.1,83,1002.6,3.8,163,0.0
2026-06-07 04:00:00,31.8,80,1002.5,6.4,164,0.1
2026-06-07 05:00:00,30.7,84,1002.5,9.5,144,0.8
2026-06-07 06:00:00,30.4,82,1001.6,12.1,80,1.3
2026-06-07 07:00:00,32.4,76,1000.5,6.5,132,0.1
2026-06-07 08:00:00,32.8,71,1000.3,9.3,164,0.0
2026-06-07 09:00:00,31.7,75,1000.3,3.9,37,0.1
2026-06-07 10:00:00,28.4,90,1000.1,4.1,272,7.4
2026-06-07 11:00:00,29.1,86,999.7,2.8,169,0.2
2026-06-07 12:00:00,27.4,88,1000.1,2.7,122,0.0
2026-06-07 13:00:00,27.5,91,1000.7,7.0,159,0.0
2026-06-07 14:00:00,27.9,89,1000.6,9.5,159,0.0
2026-06-07 15:00:00,28.3,87,1001.9,16.4,171,0.0
2026-06-07 16:00:00,27.9,89,1001.3,9.3,167,0.0
2026-06-07 17:00:00,27.4,91,1001.5,8.9,171,0.0
2026-06-07 18:00:00,26.4,91,1001.4,7.7,217,0.0
2026-06-07 19:00:00,26.3,93,1001.2,6.3,233,0.1
2026-06-07 20:00:00,26.5,93,1000.6,5.4,206,0.0
2026-06-07 21:00:00,26.6,94,1000.3,5.3,225,0.0
2026-06-07 22:00:00,26.8,94,1000.3,6.7,218,0.0
2026-06-07 23:00:00,26.9,93,1000.3,6.6,229,0.0
2026-06-08 00:00:00,27.4,91,1000.2,5.6,245,0.0
2026-06-08 01:00:00,28.2,90,1000.3,3.7,231,0.0
2026-06-08 02:00:00,29.6,86,1000.6,5.0,221,0.0
2026-06-08 03:00:00,31.2,82,1000.8,6.5,224,0.0
2026-06-08 04:00:00,32.6,79,1001.0,5.9,225,0.0
2026-06-08 05:00:00,33.9,75,1000.6,5.6,237,0.0
2026-06-08 06:00:00,34.7,65,1000.1,5.0,229,0.0
2026-06-08 07:00:00,35.6,57,998.7,4.4,240,0.0
2026-06-08 08:00:00,36.5,48,997.7,4.0,267,0.0
2026-06-08 09:00:00,33.9,55,998.2,13.5,312,0.9
2026-06-08 10:00:00,34.6,54,997.4,3.3,171,0.0
2026-06-08 11:00:00,34.0,58,997.6,5.4,130,0.0
2026-06-08 12:00:00,33.4,68,997.8,7.8,109,0.0
2026-06-08 13:00:00,31.8,75,998.3,11.0,139,0.2
2026-06-08 14:00:00,30.8,78,999.0,8.7,146,0.0
2026-06-08 15:00:00,29.8,81,1000.2,9.2,154,0.2
2026-06-08 16:00:00,28.9,84,1000.5,12.5,157,0.1
2026-06-08 17:00:00,28.5,87,1000.2,12.5,164,0.0
2026-06-08 18:00:00,27.9,92,999.2,11.5,151,0.0
2026-06-08 19:00:00,27.8,94,998.9,11.2,148,0.0
2026-06-08 20:00:00,28.1,94,998.6,10.1,153,0.0
2026-06-08 21:00:00,28.6,94,998.1,10.3,161,0.0
2026-06-08 22:00:00,28.9,94,998.1,8.6,165,0.0
2026-06-08 23:00:00,29.1,94,998.1,7.6,165,0.0
2026-06-09 00:00:00,29.7,90,998.7,9.5,165,0.0
2026-06-09 01:00:00,30.4,85,999.3,8.9,167,0.0
2026-06-09 02:00:00,31.4,79,999.9,8.4,170,0.0
2026-06-09 03:00:00,32.1,77,1000.3,8.5,142,0.0
2026-06-09 04:00:00,33.1,73,1000.1,11.9,184,0.0
2026-06-09 05:00:00,34.3,69,999.7,11.1,193,0.0
2026-06-09 06:00:00,34.9,62,999.3,9.3,212,0.0
2026-06-09 07:00:00,35.4,58,998.6,10.7,229,0.0
2026-06-09 08:00:00,35.5,58,998.0,11.4,249,0.0
2026-06-09 09:00:00,35.3,60,997.3,11.1,261,0.0
2026-06-09 10:00:00,35.1,60,996.2,11.0,265,0.0
2026-06-09 11:00:00,34.7,63,996.1,7.4,264,0.0
2026-06-09 12:00:00,33.5,68,996.8,8.4,165,0.0
2026-06-09 13:00:00,32.4,74,997.5,8.2,154,0.0
2026-06-09 14:00:00,31.9,78,998.2,8.1,152,0.0
2026-06-09 15:00:00,31.3,82,999.4,9.7,161,0.0
2026-06-09 16:00:00,30.8,85,1000.1,10.1,161,0.0
2026-06-09 17:00:00,30.6,89,1000.1,10.7,164,0.0
2026-06-09 18:00:00,31.2,90,999.6,7.1,153,0.0
2026-06-09 19:00:00,30.4,92,998.7,8.3,129,0.1
2026-06-09 20:00:00,29.6,92,998.5,8.5,118,0.0
2026-06-09 21:00:00,28.2,93,998.5,7.3,123,0.0
2026-06-09 22:00:00,28.0,93,998.5,6.7,126,0.0
2026-06-09 23:00:00,28.0,93,998.6,7.8,140,0.0
2026-06-10 00:00:00,29.7,94,999.3,10.8,159,0.0
2026-06-10 01:00:00,30.6,89,999.7,10.1,161,0.0
2026-06-10 02:00:00,31.6,83,1000.1,13.0,175,0.0
2026-06-10 03:00:00,32.9,77,1000.5,12.8,178,0.0
2026-06-10 04:00:00,34.1,70,1000.4,13.2,185,0.0
2026-06-10 05:00:00,35.0,64,999.0,16.2,179,0.0
2026-06-10 06:00:00,32.4,72,1001.1,6.7,326,8.3
2026-06-10 07:00:00,32.8,65,1000.2,18.9,158,0.9
2026-06-10 08:00:00,32.6,68,999.4,15.6,173,0.0
2026-06-10 09:00:00,32.4,72,999.0,10.3,173,0.0
2026-06-10 10:00:00,32.4,73,998.8,7.1,165,0.0
2026-06-10 11:00:00,32.2,75,998.4,6.5,156,0.0
2026-06-10 12:00:00,27.8,83,998.6,11.8,134,0.0
2026-06-10 13:00:00,27.7,85,999.1,11.6,138,0.0
2026-06-10 14:00:00,27.9,83,1000.1,10.4,134,0.0
2026-06-10 15:00:00,28.1,82,1000.9,3.0,65,0.0
2026-06-10 16:00:00,28.0,85,1001.9,0.4,333,0.0
2026-06-10 17:00:00,28.0,85,1002.4,3.0,128,0.0
2026-06-10 18:00:00,27.9,87,1001.7,5.3,145,0.0
2026-06-10 19:00:00,28.0,88,1000.8,6.1,156,0.0
2026-06-10 20:00:00,28.1,89,1000.8,6.1,175,0.0
2026-06-10 21:00:00,28.1,91,1000.1,6.6,164,0.0
2026-06-10 22:00:00,28.1,92,1000.2,7.1,171,0.0
2026-06-10 23:00:00,28.1,92,1000.5,9.1,159,0.0
2026-06-11 00:00:00,28.2,91,1000.9,8.6,143,0.0
2026-06-11 01:00:00,29.1,88,1001.3,10.1,149,0.0
2026-06-11 02:00:00,30.3,80,1001.8,12.4,161,0.0
2026-06-11 03:00:00,31.2,77,1002.5,12.4,166,0.1
2026-06-11 04:00:00,31.9,76,1002.9,9.9,180,0.1
2026-06-11 05:00:00,31.7,78,1003.2,8.4,133,0.2
2026-06-11 06:00:00,33.5,67,1002.2,4.1,241,0.7
2026-06-11 07:00:00,26.6,96,1002.8,10.1,95,11.3
2026-06-11 08:00:00,28.5,89,1001.0,3.0,166,1.6
2026-06-11 09:00:00,30.1,85,1000.6,2.8,288,0.6
2026-06-11 10:00:00,30.8,81,1000.6,4.4,341,0.1
2026-06-11 11:00:00,31.1,80,1000.4,2.3,23,0.0
2026-06-11 12:00:00,26.5,89,1002.8,12.3,320,0.0
2026-06-11 13:00:00,26.0,93,1003.0,6.2,350,1.2
2026-06-11 14:00:00,26.2,95,1002.9,1.2,243,0.5
2026-06-11 15:00:00,26.4,94,1004.0,5.7,193,0.0
2026-06-11 16:00:00,26.4,94,1004.4,7.6,146,0.0
2026-06-11 17:00:00,26.4,93,1004.3,7.2,161,0.0
2026-06-11 18:00:00,26.0,92,1002.5,10.6,146,0.0
2026-06-11 19:00:00,26.0,91,1002.6,3.4,164,0.0
2026-06-11 20:00:00,25.8,92,1003.2,6.6,331,0.0
2026-06-11 21:00:00,25.5,94,1003.1,6.9,345,0.0
2026-06-11 22:00:00,25.4,94,1003.3,5.6,345,0.0
2026-06-11 23:00:00,25.4,94,1004.0,3.4,18,0.0
2026-06-12 00:00:00,25.7,96,1004.0,6.2,21,0.0
2026-06-12 01:00:00,26.3,91,1004.5,4.8,42,0.0
2026-06-12 02:00:00,27.3,85,1005.3,5.1,63,0.1
2026-06-12 03:00:00,28.3,82,1005.5,1.9,61,0.0
2026-06-12 04:00:00,29.4,77,1006.0,1.4,293,0.1
2026-06-12 05:00:00,30.6,70,1006.0,1.7,167,0.0
2026-06-12 06:00:00,31.8,71,1004.9,2.6,348,0.0
2026-06-12 07:00:00,32.4,69,1003.9,1.6,117,0.1
2026-06-12 08:00:00,32.6,68,1003.0,4.3,163,0.1
2026-06-12 09:00:00,32.6,66,1002.4,7.3,160,0.0
2026-06-12 10:00:00,31.2,72,1002.0,7.2,143,0.0
2026-06-12 11:00:00,30.5,78,1002.1,7.8,146,0.0
2026-06-12 12:00:00,28.3,88,1002.4,9.8,229,0.0
2026-06-12 13:00:00,28.0,92,1002.9,6.5,175,0.9
2026-06-12 14:00:00,28.5,91,1003.1,4.6,149,0.0
2026-06-12 15:00:00,28.6,88,1004.4,6.8,158,0.0
2026-06-12 16:00:00,28.4,87,1005.1,6.1,157,0.0
2026-06-12 17:00:00,28.2,87,1005.1,7.2,148,0.0
2026-06-12 18:00:00,28.8,86,1004.0,7.0,132,0.0
2026-06-12 19:00:00,28.5,89,1003.1,7.1,137,0.0
2026-06-12 20:00:00,28.3,92,1002.8,6.5,146,0.0
2026-06-12 21:00:00,28.1,93,1002.7,5.6,163,0.0
2026-06-12 22:00:00,27.8,93,1002.7,5.6,159,0.0
2026-06-12 23:00:00,27.6,93,1002.8,4.0,159,0.0
2026-06-13 00:00:00,26.3,95,1003.3,7.6,234,0.0
2026-06-13 01:00:00,26.8,93,1003.8,8.8,141,0.5
2026-06-13 02:00:00,28.0,88,1004.3,5.4,116,0.1
2026-06-13 03:00:00,29.3,81,1004.9,11.5,149,0.0
2026-06-13 04:00:00,29.0,81,1005.2,9.5,158,0.0
2026-06-13 05:00:00,30.4,77,1004.9,8.8,171,0.0
2026-06-13 06:00:00,32.6,71,1003.5,6.3,182,0.0
2026-06-13 07:00:00,32.9,71,1002.4,6.1,152,0.0
2026-06-13 08:00:00,29.5,79,1001.7,15.0,173,0.7
2026-06-13 09:00:00,29.9,80,1001.0,6.6,202,0.0
2026-06-13 10:00:00,31.5,77,1000.6,7.2,192,0.0
2026-06-13 11:00:00,31.7,77,1000.7,5.2,211,0.0
2026-06-13 12:00:00,32.1,66,1000.7,7.0,176,0.0
2026-06-13 13:00:00,30.1,77,1001.6,10.2,225,0.2
2026-06-13 14:00:00,28.9,84,1001.7,7.6,198,0.0
2026-06-13 15:00:00,28.2,88,1002.5,7.1,196,0.0
2026-06-13 16:00:00,28.0,89,1003.0,6.5,180,0.0
2026-06-13 17:00:00,27.8,91,1003.0,7.2,193,0.0
2026-06-13 18:00:00,28.6,88,1002.4,5.9,243,0.0
2026-06-13 19:00:00,28.1,91,1001.3,5.6,230,0.0
2026-06-13 20:00:00,27.8,92,1000.7,4.7,208,0.0
2026-06-13 21:00:00,27.6,93,1000.5,4.6,211,0.0
2026-06-13 22:00:00,27.5,93,1000.3,5.1,176,0.0
2026-06-13 23:00:00,27.4,92,1001.0,3.9,317,0.0
2026-06-14 00:00:00,27.8,87,1001.2,3.1,190,0.0
2026-06-14 01:00:00,28.5,84,1001.8,2.3,162,0.0
2026-06-14 02:00:00,29.8,78,1002.5,3.8,229,0.0
2026-06-14 03:00:00,31.1,73,1002.6,4.3,268,0.0
2026-06-14 04:00:00,30.6,73,1002.8,7.0,184,0.0
2026-06-14 05:00:00,28.7,78,1003.5,9.6,193,1.0
2026-06-14 06:00:00,32.4,68,1001.7,4.9,219,0.1
2026-06-14 07:00:00,32.9,67,1001.1,5.3,215,0.0
2026-06-14 08:00:00,33.0,66,1000.0,6.5,188,0.0
2026-06-14 09:00:00,33.1,58,999.3,10.5,185,0.4
2026-06-14 10:00:00,31.3,74,999.1,10.5,192,0.4
2026-06-14 11:00:00,30.6,78,999.7,12.4,189,0.0
2026-06-14 12:00:00,30.1,79,999.3,7.4,167,0.0
2026-06-14 13:00:00,30.1,78,999.7,8.5,179,0.0
2026-06-14 14:00:00,30.0,80,1000.3,7.4,176,0.0
2026-06-14 15:00:00,29.7,82,1001.2,9.1,198,0.0
2026-06-14 16:00:00,29.1,84,1002.2,9.5,191,0.0
2026-06-14 17:00:00,28.7,86,1002.5,9.4,193,0.0
2026-06-14 18:00:00,29.6,86,1001.5,6.4,172,0.0
2026-06-14 19:00:00,29.2,88,1000.8,6.3,175,0.0
2026-06-14 20:00:00,29.0,90,1000.4,6.7,180,0.0
2026-06-14 21:00:00,28.8,92,1000.4,6.5,167,0.0
2026-06-14 22:00:00,28.6,93,1000.5,7.3,169,0.0
2026-06-14 23:00:00,28.3,95,1000.9,6.0,177,0.0
2026-06-15 00:00:00,28.7,90,1001.1,4.1,180,0.0
2026-06-15 01:00:00,29.5,84,1001.4,3.8,161,0.0
2026-06-15 02:00:00,31.1,75,1001.6,4.3,165,0.0
2026-06-15 03:00:00,32.8,68,1002.1,2.1,160,0.0
2026-06-15 04:00:00,34.6,60,1001.9,1.9,163,0.1
2026-06-15 05:00:00,35.9,54,1001.6,2.5,176,0.1
2026-06-15 06:00:00,29.3,82,1002.8,15.5,205,12.0
2026-06-15 07:00:00,29.6,87,1001.6,4.0,185,1.9
2026-06-15 08:00:00,32.3,76,1000.6,5.2,178,0.8
2026-06-15 09:00:00,33.0,69,1000.5,4.0,159,0.1
2026-06-15 10:00:00,33.3,65,999.7,5.1,148,0.0
2026-06-15 11:00:00,33.0,64,999.8,6.8,151,0.0
2026-06-15 12:00:00,32.8,64,1000.1,12.9,167,0.0
2026-06-15 13:00:00,32.0,70,1001.0,10.8,180,0.1
2026-06-15 14:00:00,31.5,72,1001.7,10.4,171,0.0
2026-06-15 15:00:00,30.7,76,1002.4,10.8,170,0.0
2026-06-15 16:00:00,30.2,79,1002.9,9.8,167,0.0
2026-06-15 17:00:00,29.7,81,1003.4,9.8,175,0.0
2026-06-15 18:00:00,30.4,82,1002.3,6.5,178,0.0
2026-06-15 19:00:00,30.0,84,1001.9,5.9,168,0.0
2026-06-15 20:00:00,29.7,85,1001.7,6.0,153,0.0
2026-06-15 21:00:00,29.4,86,1001.8,6.0,151,0.0
2026-06-15 22:00:00,29.1,87,1001.9,6.2,150,0.0
2026-06-15 23:00:00,28.7,89,1002.3,6.0,147,0.0
2026-06-16 00:00:00,28.5,87,1002.7,6.7,182,0.0
2026-06-16 01:00:00,29.6,81,1003.2,6.5,172,0.0
2026-06-16 02:00:00,31.2,75,1003.3,4.3,163,0.0
2026-06-16 03:00:00,32.9,68,1003.6,6.0,177,0.0
2026-06-16 04:00:00,34.5,60,1003.5,7.2,192,0.0
2026-06-16 05:00:00,35.4,56,1003.3,6.3,175,0.0
2026-06-16 06:00:00,36.2,47,1003.0,7.1,164,0.2
2026-06-16 07:00:00,33.6,54,1002.3,10.6,190,1.2
2026-06-16 08:00:00,33.9,60,1001.3,8.7,193,2.4
2026-06-16 09:00:00,34.4,59,1001.1,9.1,194,0.1
2026-06-16 10:00:00,33.7,58,1000.9,8.0,211,0.1
2026-06-16 11:00:00,33.4,60,1000.6,7.9,191,0.1
2026-06-16 12:00:00,33.6,56,1001.6,10.8,195,0.0
2026-06-16 13:00:00,31.7,67,1002.3,11.6,198,0.0
2026-06-16 14:00:00,30.6,75,1003.0,13.0,184,0.0
2026-06-16 15:00:00,29.8,79,1003.8,11.9,174,0.0
2026-06-16 16:00:00,29.4,81,1004.4,10.2,170,0.0
2026-06-16 17:00:00,29.1,83,1004.4,10.0,173,0.0
2026-06-16 18:00:00,29.6,82,1003.6,9.4,178,0.0
2026-06-16 19:00:00,29.3,85,1003.3,7.0,180,0.0
2026-06-16 20:00:00,29.0,86,1002.9,6.0,164,0.0
2026-06-16 21:00:00,28.8,86,1003.1,7.1,153,0.0
2026-06-16 22:00:00,28.6,87,1003.4,7.9,164,0.0
2026-06-16 23:00:00,28.6,87,1003.5,8.4,164,0.0
2026-06-17 00:00:00,29.0,86,1003.4,10.1,181,0.0
2026-06-17 01:00:00,30.0,83,1003.9,9.8,194,0.0
2026-06-17 02:00:00,31.1,77,1004.2,10.2,194,0.0
2026-06-17 03:00:00,32.5,72,1004.4,10.0,197,0.0
2026-06-17 04:00:00,33.8,66,1004.3,9.1,205,0.0
2026-06-17 05:00:00,34.6,61,1004.0,8.5,212,0.0
2026-06-17 06:00:00,36.0,52,1003.5,9.0,213,0.2
2026-06-17 07:00:00,36.1,52,1002.5,8.2,212,0.1
2026-06-17 08:00:00,36.2,51,1001.5,8.4,205,0.0
2026-06-17 09:00:00,36.1,51,1000.9,9.6,213,0.1
2026-06-17 10:00:00,35.5,46,1000.4,9.5,226,0.7
2026-06-17 11:00:00,33.9,57,1000.3,9.7,196,0.3
2026-06-17 12:00:00,34.3,55,1000.5,10.0,171,0.0
2026-06-17 13:00:00,32.4,68,1001.1,9.0,180,0.0
2026-06-17 14:00:00,31.9,70,1001.7,9.6,172,0.0
2026-06-17 15:00:00,31.3,74,1002.3,10.5,168,0.0
2026-06-17 16:00:00,30.7,79,1002.9,10.7,168,0.0
2026-06-17 17:00:00,30.3,83,1003.3,10.6,157,0.0
2026-06-17 18:00:00,30.7,85,1002.7,9.1,162,0.0
2026-06-17 19:00:00,30.4,86,1002.5,9.1,166,0.0
2026-06-17 20:00:00,30.3,86,1002.1,9.7,169,0.0
2026-06-17 21:00:00,30.1,87,1002.2,6.7,186,0.0
2026-06-17 22:00:00,30.0,88,1002.0,8.6,181,0.0
2026-06-17 23:00:00,29.8,89,1002.0,7.9,183,0.0
2026-06-18 00:00:00,30.1,90,1002.4,7.2,174,0.0
2026-06-18 01:00:00,31.0,86,1003.0,7.4,180,0.0
2026-06-18 02:00:00,32.5,76,1003.4,10.6,171,0.0
2026-06-18 03:00:00,28.0,84,1003.9,14.1,152,0.2
2026-06-18 04:00:00,27.9,84,1004.2,10.5,163,0.0
2026-06-18 05:00:00,30.0,78,1003.9,10.5,185,0.0
2026-06-18 06:00:00,34.7,64,1002.9,13.2,182,0.0
2026-06-18 07:00:00,34.7,55,1002.2,14.3,191,0.1
2026-06-18 08:00:00,35.2,57,1001.8,7.3,220,0.2
2026-06-18 09:00:00,35.7,55,1000.9,6.1,220,0.4
2026-06-18 10:00:00,30.9,72,1001.6,13.2,211,1.1
2026-06-18 11:00:00,30.8,76,1001.2,13.7,181,0.2
2026-06-18 12:00:00,29.0,91,1001.6,12.5,67,0.0
2026-06-18 13:00:00,27.5,93,1001.9,11.0,62,0.8
2026-06-18 14:00:00,27.5,93,1002.0,9.4,102,1.2
2026-06-18 15:00:00,27.0,93,1002.4,13.5,102,0.2
2026-06-18 16:00:00,27.1,94,1003.0,10.7,139,0.0
2026-06-18 17:00:00,26.9,95,1003.2,8.8,136,0.0
2026-06-18 18:00:00,25.8,93,1003.1,11.8,147,0.0
2026-06-18 19:00:00,26.0,93,1002.8,6.9,157,0.0
2026-06-18 20:00:00,26.4,91,1002.4,5.4,166,0.0
2026-06-18 21:00:00,26.9,93,1002.0,9.2,169,0.0
2026-06-18 22:00:00,27.8,93,1002.0,9.3,172,0.0
2026-06-18 23:00:00,28.1,92,1002.2,8.4,195,0.0
2026-06-19 00:00:00,28.2,91,1002.4,12.1,186,0.0
2026-06-19 01:00:00,29.3,87,1002.7,9.6,183,0.0
2026-06-19 02:00:00,30.4,82,1003.1,8.3,191,0.0
2026-06-19 03:00:00,30.6,81,1003.7,8.3,196,0.3
2026-06-19 04:00:00,29.7,83,1004.1,7.8,218,5.6
2026-06-19 05:00:00,27.1,91,1005.4,3.2,146,19.1
2026-06-19 06:00:00,26.4,92,1004.9,1.8,336,6.3
2026-06-19 07:00:00,26.3,94,1004.1,2.9,184,8.4
2026-06-19 08:00:00,26.6,94,1003.3,4.4,218,3.2
2026-06-19 09:00:00,27.1,89,1002.8,3.2,251,2.0
2026-06-19 10:00:00,27.7,84,1002.0,1.1,252,0.7
2026-06-19 11:00:00,28.0,83,1001.7,5.8,160,0.0
2026-06-19 12:00:00,28.3,75,1002.3,6.9,221,0.0
2026-06-19 13:00:00,27.9,77,1002.8,3.5,189,0.0
2026-06-19 14:00:00,27.6,79,1003.4,2.9,176,0.0
2026-06-19 15:00:00,27.5,82,1003.8,3.7,141,0.0
2026-06-19 16:00:00,27.4,84,1004.2,2.3,119,0.0
2026-06-19 17:00:00,27.3,87,1004.4,3.3,112,0.0
2026-06-19 18:00:00,27.2,87,1004.0,6.9,135,0.0
2026-06-19 19:00:00,27.0,89,1003.7,5.5,136,0.0
2026-06-19 20:00:00,27.0,89,1003.0,5.2,149,0.0
2026-06-19 21:00:00,27.1,90,1002.6,5.8,158,0.0
2026-06-19 22:00:00,27.1,92,1002.5,5.5,169,0.0
2026-06-19 23:00:00,27.1,93,1002.5,4.0,185,0.0
2026-06-20 00:00:00,27.7,91,1003.0,7.0,177,0.0
2026-06-20 01:00:00,28.3,90,1003.1,4.7,164,0.0
2026-06-20 02:00:00,29.4,86,1003.2,6.7,175,0.0
2026-06-20 03:00:00,30.8,78,1003.6,10.0,187,0.0
2026-06-20 04:00:00,31.9,72,1003.9,10.9,202,0.0
2026-06-20 05:00:00,32.7,67,1003.5,10.0,208,0.0
2026-06-20 06:00:00,33.8,61,1003.2,7.6,205,0.0
2026-06-20 07:00:00,34.5,58,1002.8,8.5,197,0.0
2026-06-20 08:00:00,33.4,61,1001.9,10.3,192,0.1
2026-06-20 09:00:00,33.1,63,1001.6,11.4,183,0.0
2026-06-20 10:00:00,32.7,66,1000.8,12.1,186,0.1
2026-06-20 11:00:00,32.1,70,1000.9,12.4,199,0.1
2026-06-20 12:00:00,32.4,71,1000.6,10.2,156,0.0
2026-06-20 13:00:00,31.1,76,1001.2,8.7,156,0.0
2026-06-20 14:00:00,30.8,79,1002.1,10.0,174,0.0
2026-06-20 15:00:00,28.4,89,1003.5,11.7,194,0.7
2026-06-20 16:00:00,27.5,92,1003.8,10.5,177,0.2
2026-06-20 17:00:00,27.7,92,1003.8,10.1,179,0.0
2026-06-20 18:00:00,28.5,94,1002.4,11.4,176,0.0
2026-06-20 19:00:00,27.4,93,1001.8,11.2,170,0.0
2026-06-20 20:00:00,27.3,94,1001.2,10.8,176,0.0
2026-06-20 21:00:00,27.8,95,1001.1,10.4,188,0.0
2026-06-20 22:00:00,28.2,95,1001.2,8.5,193,0.0
2026-06-20 23:00:00,28.4,94,1001.6,9.6,200,0.0
2026-06-21 00:00:00,29.3,91,1001.8,10.6,199,0.0
2026-06-21 01:00:00,29.9,88,1002.3,8.6,195,0.0
2026-06-21 02:00:00,30.4,85,1002.3,8.6,190,0.0
2026-06-21 03:00:00,31.5,79,1002.6,8.8,185,0.0
2026-06-21 04:00:00,32.9,72,1002.8,9.7,196,0.0
2026-06-21 05:00:00,34.0,67,1002.4,10.2,206,0.0
2026-06-21 06:00:00,31.7,75,1002.4,11.1,216,6.4
2026-06-21 07:00:00,30.2,83,1001.5,7.8,175,0.0
2026-06-21 08:00:00,31.1,77,1000.9,9.4,176,0.0
2026-06-21 09:00:00,30.7,80,1000.5,10.6,161,0.1
2026-06-21 10:00:00,30.2,83,999.7,12.0,163,0.0
2026-06-21 11:00:00,29.8,87,1000.3,8.6,170,0.6
2026-06-21 12:00:00,28.0,87,1000.2,9.4,157,0.0
2026-06-21 13:00:00,27.9,90,1001.3,7.7,152,0.5
2026-06-21 14:00:00,28.0,92,1002.5,7.6,181,0.8
2026-06-21 15:00:00,28.1,93,1003.3,4.1,146,0.3
2026-06-21 16:00:00,27.7,95,1004.1,4.2,200,0.2
2026-06-21 17:00:00,27.2,96,1004.4,9.9,245,0.9
2026-06-21 18:00:00,27.0,92,1003.5,2.1,329,3.5
2026-06-21 19:00:00,26.4,95,1002.7,9.3,117,0.2
2026-06-21 20:00:00,26.4,94,1002.0,8.9,151,0.2
2026-06-21 21:00:00,26.5,95,1002.3,6.7,146,0.7
2026-06-21 22:00:00,26.5,96,1002.2,8.6,149,1.2
2026-06-21 23:00:00,26.4,97,1002.2,9.6,139,0.3
2026-06-22 00:00:00,27.3,92,1002.4,11.3,178,0.0
2026-06-22 01:00:00,28.4,88,1003.1,12.2,189,0.0
2026-06-22 02:00:00,29.7,82,1003.7,10.7,185,0.3
2026-06-22 03:00:00,28.1,86,1004.0,10.7,203,4.2
2026-06-22 04:00:00,27.0,94,1004.6,10.6,120,8.5
2026-06-22 05:00:00,26.9,96,1003.9,7.3,144,2.2
2026-06-22 06:00:00,30.8,76,1002.9,10.8,204,1.3
2026-06-22 07:00:00,31.3,77,1002.5,9.6,197,0.6
2026-06-22 08:00:00,31.2,75,1001.3,9.1,202,0.1
2026-06-22 09:00:00,28.9,84,1001.8,7.9,192,5.4
2026-06-22 10:00:00,27.7,90,1001.0,8.7,201,1.5
2026-06-22 11:00:00,27.7,91,1000.6,7.4,181,0.3
2026-06-22 12:00:00,29.5,81,1000.0,7.2,179,0.0
2026-06-22 13:00:00,28.8,86,1000.9,6.5,183,0.0
2026-06-22 14:00:00,28.5,88,1001.6,5.9,191,0.0
2026-06-22 15:00:00,28.3,90,1002.4,5.8,178,0.0
2026-06-22 16:00:00,28.1,91,1002.4,6.4,164,0.0
2026-06-22 17:00:00,27.9,92,1001.9,7.7,183,0.0
2026-06-22 18:00:00,28.5,89,1000.8,7.5,190,0.0
2026-06-22 19:00:00,28.2,90,1000.1,5.5,191,0.0
2026-06-22 20:00:00,28.0,91,999.6,4.0,185,0.0
2026-06-22 21:00:00,27.8,91,999.7,5.0,180,0.0
2026-06-22 22:00:00,27.6,92,999.3,5.2,178,0.0
2026-06-22 23:00:00,27.5,91,999.5,6.7,196,0.0
2026-06-23 00:00:00,28.5,91,999.6,4.7,212,0.0
2026-06-23 01:00:00,28.7,89,999.9,6.1,175,0.3
2026-06-23 02:00:00,27.3,94,1000.2,6.1,140,2.6
2026-06-23 03:00:00,29.3,86,1000.5,3.6,174,0.2
2026-06-23 04:00:00,31.4,79,1000.9,6.2,168,0.1
2026-06-23 05:00:00,32.4,75,1000.7,6.5,167,0.1
2026-06-23 06:00:00,31.2,78,1000.2,9.7,165,1.9
2026-06-23 07:00:00,30.1,84,999.4,8.5,85,1.5
2026-06-23 08:00:00,31.8,79,998.6,7.2,104,0.8
2026-06-23 09:00:00,29.4,86,999.2,9.9,180,5.6
2026-06-23 10:00:00,28.7,89,999.1,8.4,199,0.8
2026-06-23 11:00:00,29.1,86,998.8,9.6,186,0.5
2026-06-23 12:00:00,28.5,83,998.5,4.2,137,0.1
2026-06-23 13:00:00,28.5,86,999.2,3.6,150,0.0
2026-06-23 14:00:00,28.7,87,1000.1,4.7,184,0.0
2026-06-23 15:00:00,28.7,88,1000.9,4.3,178,0.0
2026-06-23 16:00:00,28.6,88,1001.2,5.9,162,0.0
2026-06-23 17:00:00,28.5,88,1001.0,5.6,182,0.0
2026-06-23 18:00:00,28.4,89,1000.3,6.2,187,0.0
2026-06-23 19:00:00,28.2,91,1000.0,6.2,173,0.0
2026-06-23 20:00:00,28.2,91,999.6,4.9,172,0.0
2026-06-23 21:00:00,28.0,92,999.6,3.0,213,0.0
2026-06-23 22:00:00,28.0,93,999.7,2.6,245,0.0
2026-06-23 23:00:00,27.9,93,1000.0,2.7,228,0.0
2026-06-24 00:00:00,28.6,88,1000.1,6.9,217,0.0
2026-06-24 01:00:00,29.0,86,1000.7,4.5,182,0.0
2026-06-24 02:00:00,29.2,87,1000.9,3.4,186,0.0
2026-06-24 03:00:00,30.3,81,1001.3,3.9,217,0.0
2026-06-24 04:00:00,30.9,75,1001.2,3.2,251,0.0
2026-06-24 05:00:00,32.1,70,1001.3,3.4,264,0.0
2026-06-24 06:00:00,33.4,68,1001.0,4.0,180,0.0
2026-06-24 07:00:00,28.1,91,1000.7,8.7,173,5.2
2026-06-24 08:00:00,29.1,88,999.9,5.5,171,0.2
2026-06-24 09:00:00,30.9,81,999.7,2.7,180,0.1
2026-06-24 10:00:00,30.8,81,999.3,6.0,171,0.0
2026-06-24 11:00:00,30.6,83,999.3,6.2,172,0.0
2026-06-24 12:00:00,30.2,78,998.8,5.5,142,0.0
2026-06-24 13:00:00,29.5,81,999.4,9.6,160,0.0
2026-06-24 14:00:00,28.9,85,1000.2,9.8,166,0.0
2026-06-24 15:00:00,28.6,86,1001.0,9.6,160,0.0
2026-06-24 16:00:00,28.4,87,1001.7,8.2,158,0.0
2026-06-24 17:00:00,28.3,89,1002.1,8.6,160,0.0
2026-06-24 18:00:00,29.0,92,1001.2,9.0,160,0.0
2026-06-24 19:00:00,29.0,93,1001.2,8.6,170,0.0
2026-06-24 20:00:00,29.3,92,1000.9,8.8,185,0.0
2026-06-24 21:00:00,29.1,92,1000.7,7.3,170,0.0
2026-06-24 22:00:00,29.0,93,1000.8,8.0,172,0.0
2026-06-24 23:00:00,28.7,93,1001.1,7.3,152,0.0
2026-06-25 00:00:00,28.0,95,1001.8,8.6,158,0.0
2026-06-25 01:00:00,28.0,96,1002.2,2.7,122,0.2
2026-06-25 02:00:00,29.1,94,1002.7,4.0,148,1.0
2026-06-25 03:00:00,31.5,83,1002.6,8.3,176,0.2
2026-06-25 04:00:00,32.4,80,1002.5,7.0,181,0.0
2026-06-25 05:00:00,33.0,76,1002.1,7.1,186,0.0
2026-06-25 06:00:00,34.9,62,1001.6,5.4,180,0.0
2026-06-25 07:00:00,32.1,71,1001.9,7.4,184,1.1
2026-06-25 08:00:00,31.0,73,1001.5,13.8,156,0.4
2026-06-25 09:00:00,30.5,76,1000.6,10.1,161,0.1
2026-06-25 10:00:00,31.3,77,1000.4,9.9,177,0.0
2026-06-25 11:00:00,30.8,80,1000.0,8.8,181,0.0
2026-06-25 12:00:00,28.2,80,1000.8,8.0,155,0.0
2026-06-25 13:00:00,28.1,83,1001.6,6.0,153,0.0
2026-06-25 14:00:00,28.1,85,1002.5,6.6,147,0.0
2026-06-25 15:00:00,28.1,87,1003.1,6.2,142,0.1
2026-06-25 16:00:00,28.1,88,1003.5,4.5,133,0.0
2026-06-25 17:00:00,28.1,88,1003.6,4.9,126,0.0
2026-06-25 18:00:00,27.1,88,1002.6,8.8,157,0.0
2026-06-25 19:00:00,27.1,89,1002.1,7.0,168,0.0
2026-06-25 20:00:00,27.1,90,1002.1,6.0,170,0.0
2026-06-25 21:00:00,27.2,92,1002.3,5.9,162,0.0
2026-06-25 22:00:00,27.3,92,1002.6,6.7,149,0.0
2026-06-25 23:00:00,27.0,93,1002.7,3.3,144,0.0
2026-06-26 00:00:00,27.5,95,1003.2,5.2,134,0.0
2026-06-26 01:00:00,28.3,92,1003.4,4.5,140,0.0
2026-06-26 02:00:00,29.6,87,1003.8,5.0,154,0.0
2026-06-26 03:00:00,31.0,79,1004.3,7.4,193,0.0
2026-06-26 04:00:00,32.1,72,1004.6,5.7,189,0.0
2026-06-26 05:00:00,32.7,70,1004.5,4.7,176,0.0
2026-06-26 06:00:00,31.5,76,1004.2,8.5,175,0.1
2026-06-26 07:00:00,29.3,86,1004.1,2.4,81,5.1
2026-06-26 08:00:00,31.2,79,1002.4,4.0,150,0.8
2026-06-26 09:00:00,32.4,71,1001.7,4.6,162,0.1
2026-06-26 10:00:00,32.6,67,1000.8,4.5,175,0.0
2026-06-26 11:00:00,32.6,64,1000.4,3.6,177,0.1
2026-06-26 12:00:00,32.9,60,1000.6,4.3,197,0.0
2026-06-26 13:00:00,31.8,67,1001.3,5.7,167,0.0
2026-06-26 14:00:00,30.1,76,1002.2,8.6,169,0.0
2026-06-26 15:00:00,29.5,80,1002.7,9.3,167,0.0
2026-06-26 16:00:00,29.0,83,1003.6,9.2,169,0.0
2026-06-26 17:00:00,28.6,87,1004.0,7.3,169,0.0
2026-06-26 18:00:00,28.7,87,1003.6,6.9,163,0.0
2026-06-26 19:00:00,28.3,89,1003.2,5.6,153,0.0
2026-06-26 20:00:00,28.0,90,1002.5,5.9,140,0.0
2026-06-26 21:00:00,27.8,91,1002.2,6.5,136,0.0
2026-06-26 22:00:00,27.6,92,1002.2,6.6,139,0.0
2026-06-26 23:00:00,27.5,92,1002.4,6.0,134,0.0
2026-06-27 00:00:00,28.1,91,1002.7,6.6,127,0.0
2026-06-27 01:00:00,28.8,88,1003.1,5.1,138,0.0
2026-06-27 02:00:00,29.9,83,1003.0,5.5,148,0.0
2026-06-27 03:00:00,31.1,75,1003.4,7.5,165,0.0
2026-06-27 04:00:00,32.0,71,1003.3,6.5,152,0.0
2026-06-27 05:00:00,33.0,65,1003.1,6.1,150,0.0
2026-06-27 06:00:00,33.9,58,1002.6,5.8,150,0.1
2026-06-27 07:00:00,34.3,55,1001.8,8.0,155,0.2
2026-06-27 08:00:00,33.2,61,1000.8,10.2,173,0.6
2026-06-27 09:00:00,33.1,64,1000.2,7.6,179,0.2
2026-06-27 10:00:00,32.8,64,999.3,10.3,177,0.2
2026-06-27 11:00:00,32.0,70,999.1,9.3,172,0.1
2026-06-27 12:00:00,29.2,89,999.8,5.5,136,0.1
2026-06-27 13:00:00,29.5,90,1000.5,7.0,159,0.5
2026-06-27 14:00:00,29.4,85,1001.0,12.3,165,0.0
2026-06-27 15:00:00,29.1,84,1001.6,12.0,171,0.0
2026-06-27 16:00:00,28.8,86,1002.4,11.3,173,0.0
2026-06-27 17:00:00,28.6,88,1002.8,9.9,180,0.0
2026-06-27 18:00:00,28.9,87,1001.9,8.1,176,0.0
2026-06-27 19:00:00,28.5,89,1001.3,6.1,166,0.0
2026-06-27 20:00:00,28.3,89,1000.8,7.0,162,0.0
2026-06-27 21:00:00,28.1,90,1000.6,9.9,168,0.0
2026-06-27 22:00:00,27.6,90,1000.7,9.6,177,0.0
2026-06-27 23:00:00,27.5,91,1000.9,8.6,179,0.0
2026-06-28 00:00:00,28.3,89,1001.0,7.5,159,0.0
2026-06-28 01:00:00,29.0,88,1001.5,5.9,145,0.0
2026-06-28 02:00:00,30.3,83,1001.9,6.6,159,0.0
2026-06-28 03:00:00,31.4,80,1002.3,7.8,171,0.1
2026-06-28 04:00:00,31.8,78,1002.4,9.6,176,0.1
2026-06-28 05:00:00,28.5,90,1002.3,5.2,211,7.5
2026-06-28 06:00:00,30.9,83,1001.7,8.8,182,1.6
2026-06-28 07:00:00,32.8,75,1001.0,8.7,193,0.3
2026-06-28 08:00:00,32.5,73,999.6,9.3,214,0.3
2026-06-28 09:00:00,30.8,79,998.3,4.4,235,1.6
2026-06-28 10:00:00,32.0,74,997.8,7.7,204,0.2
2026-06-28 11:00:00,31.0,75,998.4,12.0,204,0.3
2026-06-28 12:00:00,29.4,84,998.4,9.7,183,0.5
2026-06-28 13:00:00,29.3,86,998.8,9.9,181,0.1
2026-06-28 14:00:00,29.0,87,999.6,8.8,184,0.0
2026-06-28 15:00:00,28.7,88,1000.3,8.6,178,0.0
2026-06-28 16:00:00,28.6,89,1000.7,8.1,174,0.0
2026-06-28 17:00:00,28.4,91,1001.0,7.0,180,0.0
2026-06-28 18:00:00,29.6,87,1000.9,10.1,180,0.0
2026-06-28 19:00:00,29.2,88,1000.2,9.5,180,0.0
2026-06-28 20:00:00,28.9,91,999.4,5.7,139,0.0
2026-06-28 21:00:00,28.7,92,999.1,6.9,149,0.0
2026-06-28 22:00:00,28.6,93,999.3,6.0,164,0.0
2026-06-28 23:00:00,28.6,93,999.3,7.6,177,0.0
2026-06-29 00:00:00,29.0,91,999.1,7.6,192,0.0
2026-06-29 01:00:00,29.6,89,999.4,5.8,187,0.0
2026-06-29 02:00:00,30.1,84,1000.0,5.1,253,0.2
2026-06-29 03:00:00,29.3,90,1000.6,8.9,207,4.3
2026-06-29 04:00:00,28.8,90,1001.1,1.9,119,1.0
2026-06-29 05:00:00,29.9,88,1000.5,3.4,196,0.6
2026-06-29 06:00:00,32.7,72,1000.0,1.9,229,0.3
2026-06-29 07:00:00,33.9,68,999.3,0.6,162,0.0
2026-06-29 08:00:00,34.0,66,998.5,3.1,80,0.0
2026-06-29 09:00:00,29.7,86,998.9,6.0,207,2.9
2026-06-29 10:00:00,29.1,85,998.7,6.8,215,1.4
2026-06-29 11:00:00,28.2,92,998.4,3.6,279,4.0
2026-06-29 12:00:00,28.1,94,998.7,3.8,101,0.6
2026-06-29 13:00:00,27.3,96,999.4,10.5,145,4.0
2026-06-29 14:00:00,27.1,96,999.9,6.8,169,4.0
2026-06-29 15:00:00,27.5,96,1000.5,2.3,148,1.0
2026-06-29 16:00:00,27.6,96,1000.8,4.0,175,0.2
2026-06-29 17:00:00,27.7,95,1000.8,2.9,191,0.0
2026-06-29 18:00:00,27.4,97,1000.2,5.1,141,0.0
2026-06-29 19:00:00,27.1,95,1000.1,7.3,170,0.0
2026-06-29 20:00:00,27.0,94,999.7,5.5,142,0.0
2026-06-29 21:00:00,26.9,94,999.2,5.6,201,0.0
2026-06-29 22:00:00,27.0,94,999.9,4.4,122,0.1
2026-06-29 23:00:00,26.8,95,999.5,1.6,186,0.2
2026-06-30 00:00:00,27.1,95,999.5,3.4,177,0.0
2026-06-30 01:00:00,27.5,93,1000.3,3.8,139,0.0
2026-06-30 02:00:00,27.7,91,1000.7,3.2,117,0.0
2026-06-30 03:00:00,29.5,82,1000.8,3.5,152,0.1
2026-06-30 04:00:00,30.8,74,1000.9,6.5,204,0.1
2026-06-30 05:00:00,31.5,74,1000.9,4.9,190,0.1
2026-06-30 06:00:00,31.7,70,1001.1,3.3,234,0.0
2026-06-30 07:00:00,32.3,69,999.9,0.4,360,0.1
2026-06-30 08:00:00,28.1,87,1000.1,13.7,182,2.0
2026-06-30 09:00:00,26.9,94,999.5,9.6,168,2.2
2026-06-30 10:00:00,27.8,89,999.0,6.7,182,1.6
2026-06-30 11:00:00,27.5,91,998.4,5.3,192,1.3
2026-06-30 12:00:00,27.8,93,998.4,5.4,186,1.5
2026-06-30 13:00:00,27.5,96,998.7,3.6,160,0.6
2026-06-30 14:00:00,27.4,96,999.4,5.9,160,0.3
2026-06-30 15:00:00,27.5,96,1000.0,2.4,153,0.0
2026-06-30 16:00:00,27.6,96,1000.9,1.7,131,0.0
2026-06-30 17:00:00,27.6,96,1001.2,3.2,133,0.0
2026-06-30 18:00:00,27.3,96,1000.6,6.6,135,0.0
2026-06-30 19:00:00,27.0,96,1000.0,5.8,141,0.0
2026-06-30 20:00:00,27.0,95,999.4,7.2,148,0.0
2026-06-30 21:00:00,26.7,94,999.2,7.5,159,0.0
2026-06-30 22:00:00,26.5,94,999.2,7.4,157,0.0
2026-06-30 23:00:00,25.8,95,999.5,8.6,195,0.4
2026-07-01 00:00:00,27.3,91,999.1,4.3,246,0.1
2026-07-01 01:00:00,28.1,90,999.5,2.9,210,0.0
2026-07-01 02:00:00,28.4,86,1000.2,7.0,145,0.1
2026-07-01 03:00:00,27.9,91,1000.2,6.4,142,0.8
2026-07-01 04:00:00,29.6,84,1000.1,6.3,141,0.4
2026-07-01 05:00:00,30.7,80,1000.0,8.2,154,0.3
2026-07-01 06:00:00,31.2,71,1000.0,5.9,140,0.2
2026-07-01 07:00:00,31.5,72,998.9,7.1,139,0.5
2026-07-01 08:00:00,30.9,75,997.9,8.3,180,0.1
2026-07-01 09:00:00,30.8,75,997.7,7.7,169,0.4
2026-07-01 10:00:00,30.5,75,997.1,6.7,142,0.6
2026-07-01 11:00:00,30.6,78,996.9,6.5,146,0.4
2026-07-01 12:00:00,29.8,80,997.1,8.1,155,0.3
2026-07-01 13:00:00,29.1,85,997.8,3.6,131,0.0
2026-07-01 14:00:00,28.7,86,998.4,5.0,134,0.0
2026-07-01 15:00:00,28.4,85,999.2,6.4,148,0.0
2026-07-01 16:00:00,28.2,87,1000.2,7.1,150,0.2
2026-07-01 17:00:00,27.9,89,1000.4,8.6,149,0.2
2026-07-01 18:00:00,28.4,85,1000.2,8.4,161,0.0
2026-07-01 19:00:00,27.7,88,999.8,6.1,152,0.1
2026-07-01 20:00:00,27.2,90,999.3,6.7,178,0.0
2026-07-01 21:00:00,26.2,94,998.8,5.6,182,0.5
2026-07-01 22:00:00,25.8,94,998.7,6.4,137,0.1
2026-07-01 23:00:00,25.8,94,998.7,5.5,128,0.0
2026-07-02 00:00:00,27.4,91,998.4,8.1,96,0.0
2026-07-02 01:00:00,28.0,90,998.6,7.4,108,0.0
2026-07-02 02:00:00,29.0,84,999.0,9.9,127,0.0
2026-07-02 03:00:00,29.8,81,999.1,8.6,120,0.1
2026-07-02 04:00:00,30.9,77,999.3,9.7,115,0.0
2026-07-02 05:00:00,31.8,72,999.0,10.2,120,0.0
2026-07-02 06:00:00,31.5,74,998.7,10.6,104,0.0
2026-07-02 07:00:00,32.3,71,998.1,4.4,109,0.4
2026-07-02 08:00:00,33.0,66,997.3,9.3,119,0.1
2026-07-02 09:00:00,27.0,95,997.6,9.2,147,7.2
2026-07-02 10:00:00,28.1,90,996.7,2.2,125,1.3
2026-07-02 11:00:00,29.1,86,996.3,3.4,108,0.0
2026-07-02 12:00:00,30.8,77,997.0,6.6,143,0.0
2026-07-02 13:00:00,28.7,90,997.9,5.5,163,1.6
2026-07-02 14:00:00,28.7,89,998.5,6.0,136,0.1
2026-07-02 15:00:00,28.5,88,999.2,8.5,128,0.0
2026-07-02 16:00:00,28.3,87,999.8,9.2,135,0.0
2026-07-02 17:00:00,28.1,88,999.9,7.0,125,0.0
2026-07-02 18:00:00,28.5,87,999.6,6.9,113,0.0
2026-07-02 19:00:00,28.1,89,999.3,6.5,103,0.0
2026-07-02 20:00:00,27.8,90,998.8,6.3,83,0.0
2026-07-02 21:00:00,27.7,92,998.5,7.3,73,0.0
2026-07-02 22:00:00,27.5,93,998.2,8.0,76,0.0
2026-07-02 23:00:00,27.4,93,998.2,8.3,84,0.0
2026-07-03 00:00:00,27.1,96,998.5,7.9,77,0.1
2026-07-03 01:00:00,27.6,93,998.7,9.5,88,0.1
2026-07-03 02:00:00,28.7,87,998.6,12.1,79,0.2
2026-07-03 03:00:00,29.7,81,998.6,12.8,89,0.1
2026-07-03 04:00:00,30.9,75,998.5,13.9,96,0.1
2026-07-03 05:00:00,31.7,73,998.3,12.8,88,0.1
2026-07-03 06:00:00,32.3,73,998.1,12.4,87,0.1
2026-07-03 07:00:00,32.6,69,997.3,13.3,93,0.1
2026-07-03 08:00:00,32.8,67,996.1,13.7,90,0.0
2026-07-03 09:00:00,31.9,70,995.8,11.9,95,0.9
2026-07-03 10:00:00,32.1,70,995.2,11.7,99,0.2
2026-07-03 11:00:00,29.8,83,995.2,8.7,103,1.3
2026-07-03 12:00:00,29.7,84,995.7,6.3,93,0.8
2026-07-03 13:00:00,29.8,82,996.2,7.5,80,0.0
2026-07-03 14:00:00,29.7,80,996.7,10.8,105,0.1
2026-07-03 15:00:00,29.4,80,997.3,10.5,107,0.0
2026-07-03 16:00:00,29.0,81,998.0,9.5,101,0.0
2026-07-03 17:00:00,28.6,84,997.9,9.6,87,0.0
2026-07-03 18:00:00,28.7,83,997.4,11.7,80,0.0
2026-07-03 19:00:00,28.3,85,996.4,10.9,73,0.0
2026-07-03 20:00:00,28.0,87,995.9,11.6,69,0.0
2026-07-03 21:00:00,27.7,88,995.9,11.6,64,0.0
2026-07-03 22:00:00,27.5,88,995.6,12.1,63,0.0
2026-07-03 23:00:00,27.5,87,995.3,13.5,67,0.0
2026-07-04 00:00:00,27.8,87,995.0,13.9,59,0.0
2026-07-04 01:00:00,28.0,87,995.1,14.5,63,0.3
2026-07-04 02:00:00,28.2,88,995.3,16.8,77,0.7
2026-07-04 03:00:00,28.9,86,995.6,14.3,78,2.2
2026-07-04 04:00:00,30.3,78,995.5,16.2,89,0.2
2026-07-04 05:00:00,28.8,87,995.2,14.2,105,3.4
2026-07-04 06:00:00,31.8,68,994.9,20.3,91,0.0
2026-07-04 07:00:00,32.2,66,993.9,19.8,89,0.1
2026-07-04 08:00:00,32.0,67,993.0,20.4,93,0.1
2026-07-04 09:00:00,30.0,78,992.8,16.8,86,0.3
2026-07-04 10:00:00,30.2,80,992.4,13.0,80,0.0
2026-07-04 11:00:00,30.8,76,992.1,13.5,88,0.2
2026-07-04 12:00:00,30.2,82,992.0,13.5,67,0.1
2026-07-04 13:00:00,29.8,79,992.6,14.0,72,0.0
2026-07-04 14:00:00,29.4,81,993.3,12.6,71,0.0
2026-07-04 15:00:00,29.1,80,994.0,12.8,80,0.0
2026-07-04 16:00:00,28.7,81,994.5,14.4,81,0.1
2026-07-04 17:00:00,28.3,83,994.3,15.2,83,0.0
2026-07-04 18:00:00,28.4,85,993.9,14.7,82,0.0
2026-07-04 19:00:00,27.9,88,993.3,14.9,83,0.0
2026-07-04 20:00:00,27.5,90,992.7,14.2,83,0.1
2026-07-04 21:00:00,27.3,89,992.9,15.7,87,0.5
2026-07-04 22:00:00,26.9,92,992.8,15.6,82,0.6
2026-07-04 23:00:00,27.0,90,993.0,16.4,86,0.3
2026-07-05 00:00:00,27.3,94,993.1,14.8,84,0.4
2026-07-05 01:00:00,27.1,95,993.5,16.1,80,1.0
2026-07-05 02:00:00,27.6,92,993.3,16.7,89,1.2
2026-07-05 03:00:00,28.3,89,993.8,15.0,80,0.6
2026-07-05 04:00:00,29.7,80,993.8,15.3,88,0.2
2026-07-05 05:00:00,30.6,76,993.0,15.5,86,0.2
2026-07-05 06:00:00,30.3,77,993.2,16.3,103,0.1
2026-07-05 07:00:00,29.8,79,992.5,15.8,98,0.5
2026-07-05 08:00:00,30.2,73,992.0,15.5,105,1.0
2026-07-05 09:00:00,29.6,81,991.6,13.6,98,0.3
2026-07-05 10:00:00,29.5,79,991.3,15.9,108,0.4
2026-07-05 11:00:00,28.7,83,991.1,14.4,116,0.5
2026-07-05 12:00:00,27.4,94,991.7,12.2,109,1.3
2026-07-05 13:00:00,27.1,95,992.5,12.0,130,1.5
2026-07-05 14:00:00,27.2,95,993.5,12.2,136,0.6
2026-07-05 15:00:00,27.0,94,994.3,13.1,133,0.4
2026-07-05 16:00:00,26.9,93,994.8,13.2,125,0.3
2026-07-05 17:00:00,27.0,91,994.9,14.8,124,0.2
2026-07-05 18:00:00,26.4,93,994.3,15.8,148,0.9
2026-07-05 19:00:00,25.7,97,993.9,12.1,139,3.1
2026-07-05 20:00:00,26.5,96,993.7,15.4,145,0.4
2026-07-05 21:00:00,26.1,95,993.6,13.9,134,0.4
2026-07-05 22:00:00,26.1,95,993.7,12.4,120,0.2
2026-07-05 23:00:00,26.3,95,993.7,12.6,112,0.1
2026-07-06 00:00:00,26.7,95,994.0,12.4,132,0.3
2026-07-06 01:00:00,27.0,91,994.7,12.6,128,0.1
2026-07-06 02:00:00,27.6,87,995.4,15.9,134,0.3
2026-07-06 03:00:00,28.6,82,995.6,15.6,154,0.1
2026-07-06 04:00:00,29.6,80,996.1,14.1,161,0.4
2026-07-06 05:00:00,30.4,75,995.8,13.8,173,0.2
2026-07-06 06:00:00,29.2,81,996.2,11.2,195,0.8
2026-07-06 07:00:00,30.1,78,995.9,13.6,208,0.4
2026-07-06 08:00:00,29.1,79,995.3,14.8,193,1.5
2026-07-06 09:00:00,29.0,86,995.3,10.3,167,1.2
2026-07-06 10:00:00,28.8,82,995.1,14.1,194,1.1
2026-07-06 11:00:00,28.0,88,995.4,11.7,146,0.6
2026-07-06 12:00:00,28.9,86,995.9,11.9,180,0.3
2026-07-06 13:00:00,27.9,88,996.7,10.8,183,0.4
2026-07-06 14:00:00,26.9,92,997.7,14.1,155,0.7
2026-07-06 15:00:00,26.7,93,998.4,14.3,175,0.5
2026-07-06 16:00:00,27.1,92,999.4,16.2,179,0.4
2026-07-06 17:00:00,26.0,95,999.7,14.6,176,1.6
2026-07-06 18:00:00,27.2,93,999.3,14.7,168,0.6
2026-07-06 19:00:00,27.0,92,998.8,12.5,176,0.0
2026-07-06 20:00:00,27.5,92,998.5,12.6,176,0.0
2026-07-06 21:00:00,25.7,96,998.6,13.2,183,3.0
2026-07-06 22:00:00,25.1,97,999.4,7.8,132,10.3
2026-07-06 23:00:00,25.4,97,999.4,10.2,150,2.8
2026-07-07 00:00:00,27.3,91,999.2,9.6,176,0.3
2026-07-07 01:00:00,28.2,88,999.2,13.9,180,0.0
2026-07-07 02:00:00,28.3,83,1000.1,15.5,180,0.2
2026-07-07 03:00:00,27.2,90,1001.0,15.0,177,0.9
2026-07-07 04:00:00,29.1,85,1000.7,17.0,203,0.4
2026-07-07 05:00:00,28.9,87,1000.7,16.7,194,1.9
2026-07-07 06:00:00,29.4,85,1000.3,9.2,173,0.5
2026-07-07 07:00:00,28.2,90,999.8,13.6,210,2.2
2026-07-07 08:00:00,28.4,91,999.4,11.1,211,2.6
2026-07-07 09:00:00,28.7,91,998.9,8.3,202,1.0
2026-07-07 10:00:00,27.8,92,998.9,10.5,207,3.5
2026-07-07 11:00:00,28.5,89,998.7,11.0,199,0.6
2026-07-07 12:00:00,28.9,89,998.8,10.1,174,0.2
2026-07-07 13:00:00,28.8,90,999.2,10.0,173,0.0
2026-07-07 14:00:00,28.8,90,999.9,10.1,180,0.0
2026-07-07 15:00:00,28.8,89,1001.0,10.6,182,0.0
2026-07-07 16:00:00,29.0,86,1001.5,11.0,184,0.0
2026-07-07 17:00:00,29.0,83,1001.8,12.7,195,0.0
2026-07-07 18:00:00,29.5,81,1000.7,13.1,199,0.0
2026-07-07 19:00:00,28.6,84,1000.4,13.0,206,0.2
2026-07-07 20:00:00,28.2,87,999.9,12.3,201,0.5
2026-07-07 21:00:00,28.4,86,999.7,12.2,208,0.0
2026-07-07 22:00:00,27.8,87,999.6,12.7,209,0.3
2026-07-07 23:00:00,27.5,88,1000.1,13.6,197,0.1
2026-07-08 00:00:00,28.1,85,1000.2,13.4,202,1.1
2026-07-08 01:00:00,28.5,84,1000.6,11.7,194,0.0
2026-07-08 02:00:00,29.8,81,1000.9,11.0,201,0.0
2026-07-08 03:00:00,30.8,76,1001.0,14.8,210,0.0
2026-07-08 04:00:00,31.5,74,1001.0,14.1,211,0.1
2026-07-08 05:00:00,31.5,76,1000.6,14.2,198,0.3
2026-07-08 06:00:00,32.7,70,1000.8,14.5,210,0.9
2026-07-08 07:00:00,31.6,73,1000.1,14.0,215,0.5
2026-07-08 08:00:00,31.1,75,999.5,11.9,198,1.0
2026-07-08 09:00:00,30.5,79,999.3,8.2,209,0.8
2026-07-08 10:00:00,28.4,89,999.2,10.6,170,2.5
2026-07-08 11:00:00,28.8,90,998.7,11.0,174,0.6
2026-07-08 12:00:00,29.9,87,998.6,10.3,176,0.3
2026-07-08 13:00:00,29.3,90,999.2,10.4,188,0.4
2026-07-08 14:00:00,29.1,91,999.6,10.4,180,0.1
2026-07-08 15:00:00,29.3,91,1000.4,10.6,165,0.0
2026-07-08 16:00:00,29.4,90,1001.2,10.6,183,0.0
2026-07-08 17:00:00,29.1,89,1001.0,11.4,191,0.0
2026-07-08 18:00:00,28.2,91,1000.8,13.5,182,0.0
2026-07-08 19:00:00,28.4,90,1000.3,14.2,189,0.1
2026-07-08 20:00:00,28.6,89,1000.0,13.4,186,0.0
2026-07-08 21:00:00,28.4,88,999.7,14.6,193,0.0
2026-07-08 22:00:00,28.4,87,1000.2,14.6,196,0.0
2026-07-08 23:00:00,28.3,86,1000.2,13.4,197,0.0
2026-07-09 00:00:00,28.7,85,1000.4,13.7,190,0.0
2026-07-09 01:00:00,28.9,86,1000.7,12.3,187,0.0
2026-07-09 02:00:00,27.8,89,1001.8,17.4,208,0.8
2026-07-09 03:00:00,27.4,94,1001.8,11.8,203,1.5
2026-07-09 04:00:00,27.9,94,1001.8,12.0,201,0.9
2026-07-09 05:00:00,28.1,89,1001.8,13.4,207,2.0
2026-07-09 06:00:00,28.1,89,1002.2,13.1,209,0.4
2026-07-09 07:00:00,27.7,93,1000.9,13.6,220,2.4
2026-07-09 08:00:00,27.6,92,1000.9,11.1,209,4.6
2026-07-09 09:00:00,27.7,94,1000.3,12.2,209,2.4
2026-07-09 10:00:00,27.8,93,999.7,11.5,215,0.9
2026-07-09 11:00:00,27.7,93,999.5,11.5,203,0.1
2026-07-09 12:00:00,29.2,85,999.1,9.4,193,1.0
2026-07-09 13:00:00,28.5,88,999.9,10.1,183,0.0
2026-07-09 14:00:00,27.7,92,1000.7,11.0,175,1.0
2026-07-09 15:00:00,27.7,95,1001.2,10.3,175,2.3
2026-07-09 16:00:00,27.4,95,1002.0,12.2,208,2.2
2026-07-09 17:00:00,26.3,97,1001.7,11.8,207,3.7
2026-07-09 18:00:00,27.0,97,1000.8,8.7,174,14.6
2026-07-09 19:00:00,26.6,96,999.6,15.4,218,2.1
2026-07-09 20:00:00,26.6,96,999.7,14.1,232,2.9
2026-07-09 21:00:00,26.4,96,999.0,13.0,244,3.1
2026-07-09 22:00:00,26.3,96,999.3,11.0,221,1.9
2026-07-09 23:00:00,26.1,97,999.5,7.2,231,1.6
2026-07-10 00:00:00,27.5,95,999.0,13.4,229,3.9
2026-07-10 01:00:00,27.4,96,1000.0,12.1,229,6.3
2026-07-10 02:00:00,27.4,96,1000.8,9.4,234,3.3
2026-07-10 03:00:00,27.4,96,1001.2,8.7,228,2.8
2026-07-10 04:00:00,27.7,96,1000.7,9.6,242,1.8
2026-07-10 05:00:00,28.5,94,1000.9,10.0,247,2.6
2026-07-10 06:00:00,28.3,93,1000.8,10.3,245,1.7
2026-07-10 07:00:00,28.3,94,999.7,10.1,246,1.5
2026-07-10 08:00:00,29.4,86,998.9,11.8,249,0.8
2026-07-10 09:00:00,29.8,82,998.8,10.3,257,0.4
2026-07-10 10:00:00,29.6,84,998.4,5.9,247,0.2
2026-07-10 11:00:00,27.9,89,998.4,11.1,228,0.9
2026-07-10 12:00:00,27.1,94,999.7,11.4,231,0.6
2026-07-10 13:00:00,26.6,95,999.4,9.8,208,2.0
2026-07-10 14:00:00,26.6,95,999.9,10.2,222,0.4
2026-07-10 15:00:00,26.6,95,1000.4,9.7,225,0.1
2026-07-10 16:00:00,26.7,95,1000.7,8.4,225,0.2
2026-07-10 17:00:00,26.8,94,1000.5,9.6,230,0.0
2026-07-10 18:00:00,26.9,94,1000.5,10.4,270,0.0
2026-07-10 19:00:00,26.6,95,1000.2,8.7,253,2.7
2026-07-10 20:00:00,26.5,95,998.8,12.6,267,4.5
2026-07-10 21:00:00,26.6,96,998.7,9.7,252,4.6
2026-07-10 22:00:00,26.7,96,998.7,8.4,255,3.1
2026-07-10 23:00:00,26.7,96,998.8,7.7,252,3.4
2026-07-11 00:00:00,27.1,96,999.0,12.5,240,1.7
2026-07-11 01:00:00,27.5,95,999.2,10.0,252,0.6
2026-07-11 02:00:00,28.7,90,999.7,9.9,241,0.2
2026-07-11 03:00:00,30.1,81,999.7,11.2,254,0.1
2026-07-11 04:00:00,31.3,73,1000.0,11.4,265,0.1
2026-07-11 05:00:00,32.3,67,999.7,11.2,267,0.1
2026-07-11 06:00:00,32.6,66,999.4,14.0,279,0.2
2026-07-11 07:00:00,32.3,68,998.7,10.2,280,0.2
2026-07-11 08:00:00,32.5,70,997.5,7.3,263,0.0
2026-07-11 09:00:00,30.4,80,997.2,8.3,252,1.0
2026-07-11 10:00:00,30.2,82,996.4,4.8,143,0.5
2026-07-11 11:00:00,29.3,87,996.0,8.0,170,0.8
2026-07-11 12:00:00,30.2,84,996.7,2.6,124,1.5
2026-07-11 13:00:00,26.7,98,997.7,10.0,322,9.1
2026-07-11 14:00:00,27.1,96,998.0,5.4,172,2.5
2026-07-11 15:00:00,27.2,97,998.2,6.4,164,1.0
2026-07-11 16:00:00,27.5,95,998.6,8.5,178,0.8
2026-07-11 17:00:00,27.6,95,998.6,8.5,182,0.2
2026-07-11 18:00:00,28.8,94,997.6,9.3,208,0.0
2026-07-11 19:00:00,28.1,95,996.6,7.0,222,0.9
2026-07-11 20:00:00,27.7,96,996.2,6.0,189,0.6
2026-07-11 21:00:00,27.2,96,996.2,9.4,193,0.2
2026-07-11 22:00:00,27.0,95,995.9,10.8,223,0.5
2026-07-11 23:00:00,26.8,95,996.2,9.7,230,0.1
2026-07-12 00:00:00,27.8,93,995.8,10.5,232,0.0
2026-07-12 01:00:00,27.9,89,996.6,10.2,226,0.1
2026-07-12 02:00:00,28.3,88,997.1,9.5,243,0.0
2026-07-12 03:00:00,29.2,85,997.3,8.0,236,0.2
2026-07-12 04:00:00,29.5,86,997.2,7.3,232,0.1
2026-07-12 05:00:00,31.7,76,997.0,7.9,246,0.0
2026-07-12 06:00:00,31.2,77,997.5,6.4,260,0.0
2026-07-12 07:00:00,31.1,77,996.7,7.6,269,0.3
2026-07-12 08:00:00,31.1,78,996.0,4.1,232,0.1
2026-07-12 09:00:00,31.3,79,995.6,4.5,236,0.1
2026-07-12 10:00:00,31.3,77,995.4,7.5,213,0.3
2026-07-12 11:00:00,30.0,82,995.5,9.4,203,0.4
2026-07-12 12:00:00,27.8,94,996.1,3.6,180,0.1
2026-07-12 13:00:00,28.0,97,996.4,9.3,188,0.6
2026-07-12 14:00:00,28.0,94,997.0,9.9,189,0.0
2026-07-12 15:00:00,28.2,93,997.6,7.8,187,0.0
2026-07-12 16:00:00,28.4,92,998.4,9.9,175,0.0
2026-07-12 17:00:00,28.4,91,998.5,9.6,188,0.0
2026-07-12 18:00:00,29.4,88,997.7,9.0,196,0.0
2026-07-12 19:00:00,29.1,88,997.2,9.6,200,0.3
2026-07-12 20:00:00,28.9,89,996.8,6.6,206,0.2
2026-07-12 21:00:00,28.8,91,996.3,7.5,191,0.3
2026-07-12 22:00:00,28.7,92,996.1,7.8,187,0.2
2026-07-12 23:00:00,28.4,94,996.6,5.1,212,1.4
2026-07-13 00:00:00,29.0,90,996.2,6.6,225,0.7
2026-07-13 01:00:00,29.5,89,997.0,3.6,288,0.0
2026-07-13 02:00:00,30.1,86,997.5,3.1,204,0.0
2026-07-13 03:00:00,31.4,81,997.8,3.9,254,0.0
2026-07-13 04:00:00,32.5,74,997.9,6.2,291,0.1
2026-07-13 05:00:00,30.3,82,998.5,4.3,312,2.1
2026-07-13 06:00:00,30.3,82,998.7,8.7,30,0.6
2026-07-13 07:00:00,30.2,79,998.0,9.5,25,0.8
2026-07-13 08:00:00,30.2,80,997.5,8.4,55,0.7
2026-07-13 09:00:00,29.6,84,997.0,7.0,80,1.0
2026-07-13 10:00:00,29.1,87,996.8,4.7,62,0.6
2026-07-13 11:00:00,28.9,88,996.6,4.9,51,0.5
2026-07-13 12:00:00,27.2,95,998.3,6.9,279,0.8
2026-07-13 13:00:00,27.1,95,998.3,2.7,328,1.2
2026-07-13 14:00:00,26.6,97,999.0,3.1,10,1.0
2026-07-13 15:00:00,26.3,98,999.3,5.4,266,5.7
2026-07-13 16:00:00,26.3,98,999.6,4.9,287,0.4
2026-07-13 17:00:00,26.1,98,999.8,0.8,243,2.7
2026-07-13 18:00:00,27.2,93,998.8,2.7,242,0.9
2026-07-13 19:00:00,26.8,95,998.6,1.4,130,0.0
2026-07-13 20:00:00,26.8,95,998.3,2.2,85,0.0
2026-07-13 21:00:00,26.6,97,998.3,2.5,90,0.0
2026-07-13 22:00:00,26.6,95,998.5,0.6,18,0.1
2026-07-13 23:00:00,26.3,97,998.4,4.7,2,0.5
2026-07-14 00:00:00,26.9,97,998.3,2.2,99,1.0
2026-07-14 01:00:00,26.4,99,998.5,6.9,70,1.1
2026-07-14 02:00:00,27.4,94,998.9,2.8,63,0.4
2026-07-14 03:00:00,29.3,84,999.6,4.4,30,0.1
2026-07-14 04:00:00,30.4,80,999.8,6.7,54,0.1
2026-07-14 05:00:00,30.5,79,999.5,7.8,48,0.1
2026-07-14 06:00:00,31.8,72,999.2,6.5,77,0.0
2026-07-14 07:00:00,32.2,70,998.3,6.4,63,0.1
2026-07-14 08:00:00,32.5,69,997.2,6.1,66,0.1
2026-07-14 09:00:00,32.2,71,997.2,3.4,84,0.1
2026-07-14 10:00:00,29.0,87,997.1,8.3,6,3.1
2026-07-14 11:00:00,29.6,84,996.7,4.2,324,0.3
2026-07-14 12:00:00,29.0,85,997.4,6.7,214,0.1
2026-07-14 13:00:00,28.4,88,998.0,2.3,176,0.0
2026-07-14 14:00:00,28.0,89,998.6,1.2,63,0.6
2026-07-14 15:00:00,27.9,91,999.4,1.0,329,0.0
2026-07-14 16:00:00,27.8,92,1000.1,1.3,344,0.0
2026-07-14 17:00:00,27.8,92,1000.2,1.5,30,0.0
2026-07-14 18:00:00,28.3,90,999.6,2.8,79,0.0
2026-07-14 19:00:00,27.8,92,998.7,2.6,51,0.0
2026-07-14 20:00:00,27.4,95,998.3,3.7,39,0.0
2026-07-14 21:00:00,27.2,95,998.4,3.5,62,0.0
2026-07-14 22:00:00,27.1,95,998.4,4.9,82,0.0
2026-07-14 23:00:00,26.9,95,998.7,4.9,73,0.0
2026-07-15 00:00:00,27.6,91,998.7,7.1,60,0.0
2026-07-15 01:00:00,28.2,89,999.1,7.4,76,0.0
2026-07-15 02:00:00,29.2,83,999.5,10.8,79,0.1
2026-07-15 03:00:00,29.9,79,999.6,12.1,87,0.1
2026-07-15 04:00:00,31.0,73,999.8,11.7,81,0.0
2026-07-15 05:00:00,31.9,71,999.4,10.2,81,0.1
2026-07-15 06:00:00,32.4,67,999.5,12.0,81,0.1
2026-07-15 07:00:00,32.5,69,998.5,12.7,74,0.1
2026-07-15 08:00:00,32.2,70,997.7,12.3,75,0.0
2026-07-15 09:00:00,32.4,67,996.9,10.8,75,0.1
2026-07-15 10:00:00,31.1,72,996.7,13.0,46,0.8
2026-07-15 11:00:00,30.1,76,996.8,13.3,65,0.4
2026-07-15 12:00:00,30.4,79,997.0,6.9,53,0.0
2026-07-15 13:00:00,29.8,79,997.9,9.0,84,0.1
2026-07-15 14:00:00,28.9,80,998.8,11.7,94,0.1
2026-07-15 15:00:00,28.4,83,999.3,10.5,77,0.0
2026-07-15 16:00:00,28.2,85,1000.0,8.8,78,0.0
2026-07-15 17:00:00,27.9,86,1000.4,7.5,66,0.0
2026-07-15 18:00:00,28.1,87,999.5,9.3,77,0.0
2026-07-15 19:00:00,27.7,86,998.6,10.0,82,0.1
2026-07-15 20:00:00,27.5,89,998.2,8.7,82,0.1
2026-07-15 21:00:00,27.2,90,998.0,8.7,77,0.0
2026-07-15 22:00:00,27.0,90,998.3,8.4,70,0.0
2026-07-15 23:00:00,26.8,91,998.5,9.8,60,0.0
2026-07-16 00:00:00,27.0,94,998.3,10.8,69,0.0
2026-07-16 01:00:00,27.8,89,998.7,11.1,67,0.0
2026-07-16 02:00:00,28.5,85,999.0,13.6,82,0.1
2026-07-16 03:00:00,29.2,82,999.3,13.2,87,0.1
2026-07-16 04:00:00,29.7,79,999.5,11.3,77,0.1
2026-07-16 05:00:00,30.6,77,999.5,12.0,73,0.0
2026-07-16 06:00:00,30.2,78,998.7,12.0,74,0.1
2026-07-16 07:00:00,30.7,75,998.3,10.5,77,1.8
2026-07-16 08:00:00,31.3,73,997.3,7.9,89,0.3
2026-07-16 09:00:00,30.1,79,996.8,8.9,144,1.3
2026-07-16 10:00:00,30.4,81,996.5,9.1,190,1.8
2026-07-16 11:00:00,31.2,73,996.3,12.5,184,0.1
2026-07-16 12:00:00,30.3,79,996.5,11.7,153,0.0
2026-07-16 13:00:00,29.4,80,997.4,11.4,157,0.2
2026-07-16 14:00:00,28.7,85,998.4,10.5,163,0.1
2026-07-16 15:00:00,28.5,85,999.0,11.1,155,0.0
2026-07-16 16:00:00,28.0,87,999.8,10.0,150,0.0
2026-07-16 17:00:00,27.8,87,1000.0,9.1,129,0.0
2026-07-16 18:00:00,27.9,87,999.1,9.4,120,0.0
2026-07-16 19:00:00,27.5,89,998.5,8.3,110,0.0
2026-07-16 20:00:00,27.3,90,998.0,7.6,105,0.1
2026-07-16 21:00:00,27.2,90,997.5,7.9,106,0.0
2026-07-16 22:00:00,27.1,91,997.5,7.9,117,0.0
2026-07-16 23:00:00,27.0,92,997.8,7.0,130,0.0
2026-07-17 00:00:00,27.5,92,997.7,8.7,130,0.1
2026-07-17 01:00:00,28.2,90,998.7,6.1,140,0.0
2026-07-17 02:00:00,29.5,84,999.0,8.5,163,0.0
2026-07-17 03:00:00,30.4,79,999.4,9.7,178,0.1
2026-07-17 04:00:00,30.3,80,999.5,10.8,170,0.2
2026-07-17 05:00:00,30.6,78,999.5,10.3,181,0.9
2026-07-17 06:00:00,30.8,73,999.8,10.6,178,0.1
2026-07-17 07:00:00,30.6,78,999.5,11.4,184,0.1
2026-07-17 08:00:00,31.0,76,998.7,10.7,186,0.2
2026-07-17 09:00:00,30.2,80,998.3,13.0,194,0.4
2026-07-17 10:00:00,30.3,79,997.8,10.7,197,2.4
2026-07-17 11:00:00,30.2,80,997.3,13.7,189,0.6
2026-07-17 12:00:00,29.9,79,998.3,14.1,184,0.1
2026-07-17 13:00:00,29.2,81,998.7,12.7,172,0.1
2026-07-17 14:00:00,28.7,85,999.8,12.1,177,0.0
2026-07-17 15:00:00,28.4,86,1000.4,13.0,169,0.0
2026-07-17 16:00:00,28.3,86,1001.1,14.5,174,0.0
2026-07-17 17:00:00,27.6,87,1001.4,13.7,181,0.0
2026-07-17 18:00:00,27.4,90,1000.6,12.1,178,1.7
2026-07-17 19:00:00,26.8,95,1000.4,11.6,193,2.0
2026-07-17 20:00:00,26.4,97,999.9,9.8,167,4.4
2026-07-17 21:00:00,26.4,97,999.7,9.3,165,1.7
2026-07-17 22:00:00,26.3,97,999.8,9.5,158,0.3
2026-07-17 23:00:00,26.5,96,1000.1,8.4,164,0.0
2026-07-18 00:00:00,27.0,96,999.9,9.4,138,0.1
2026-07-18 01:00:00,27.5,95,1000.6,8.7,135,0.0
2026-07-18 02:00:00,28.8,87,1001.2,9.3,158,0.0
2026-07-18 03:00:00,30.1,82,1000.9,10.1,164,0.0
2026-07-18 04:00:00,31.1,76,1000.8,12.6,176,0.3
2026-07-18 05:00:00,31.6,74,1000.8,11.9,178,0.2
2026-07-18 06:00:00,32.2,70,1000.6,10.9,167,0.0
2026-07-18 07:00:00,32.3,70,999.7,12.4,163,0.2
2026-07-18 08:00:00,31.7,71,999.6,11.7,171,0.2
2026-07-18 09:00:00,31.2,75,999.3,11.8,161,1.6
2026-07-18 10:00:00,31.1,73,998.4,16.5,169,0.1
2026-07-18 11:00:00,30.7,72,998.7,14.6,170,0.2
2026-07-18 12:00:00,30.7,75,999.2,11.5,171,0.2
2026-07-18 13:00:00,29.8,79,999.9,10.9,161,0.0
2026-07-18 14:00:00,29.1,82,1000.7,10.5,153,0.0
2026-07-18 15:00:00,28.8,83,1001.6,10.5,156,0.0
2026-07-18 16:00:00,28.4,84,1002.3,9.6,154,0.0
2026-07-18 17:00:00,28.1,86,1002.6,7.8,157,0.0
2026-07-18 18:00:00,28.3,86,1002.1,9.0,165,0.0
2026-07-18 19:00:00,28.0,88,1001.1,7.6,162,0.0
2026-07-18 20:00:00,27.8,90,1000.8,9.3,156,0.0
2026-07-18 21:00:00,27.5,91,1000.6,10.4,162,0.1
2026-07-18 22:00:00,27.4,90,1000.9,10.6,165,0.2
2026-07-18 23:00:00,25.9,96,1001.7,7.5,156,3.4
2026-07-19 00:00:00,27.7,89,1001.4,10.1,179,1.3
2026-07-19 01:00:00,28.4,86,1001.7,9.3,172,0.0
2026-07-19 02:00:00,29.1,84,1002.5,11.0,178,0.1
2026-07-19 03:00:00,28.3,88,1002.9,12.4,194,2.1
2026-07-19 04:00:00,29.4,83,1002.8,8.7,175,2.1
2026-07-19 05:00:00,29.4,83,1002.8,9.0,174,0.7
2026-07-19 06:00:00,31.1,74,1001.9,12.1,182,0.1
2026-07-19 07:00:00,30.6,78,1001.0,11.9,180,1.4
2026-07-19 08:00:00,31.2,75,1000.7,10.5,184,0.4
2026-07-19 09:00:00,28.9,83,1000.9,12.2,166,2.8
2026-07-19 10:00:00,28.1,89,1000.9,9.4,160,1.0
2026-07-19 11:00:00,27.9,90,1000.4,7.5,165,0.7
2026-07-19 12:00:00,30.3,82,1000.3,9.2,147,0.2
2026-07-19 13:00:00,29.3,84,1001.3,8.4,127,0.0
2026-07-19 14:00:00,29.1,84,1002.1,8.1,141,0.3
2026-07-19 15:00:00,29.0,83,1002.9,10.9,160,0.1
2026-07-19 16:00:00,28.2,85,1003.0,7.7,152,0.2
2026-07-19 17:00:00,28.1,87,1003.0,8.2,158,0.1
2026-07-19 18:00:00,28.1,88,1002.8,10.5,153,0.0
2026-07-19 19:00:00,27.8,90,1001.9,9.7,158,0.0
2026-07-19 20:00:00,27.4,90,1001.6,10.0,165,0.2
2026-07-19 21:00:00,27.4,91,1001.3,7.4,180,0.2
2026-07-19 22:00:00,27.0,93,1001.5,5.2,168,0.1
2026-07-19 23:00:00,27.0,93,1001.8,2.7,94,0.0
2026-07-20 00:00:00,27.7,91,1001.5,7.7,156,0.0
2026-07-20 01:00:00,28.3,90,1002.0,6.4,130,0.0
2026-07-20 02:00:00,28.0,90,1002.7,10.2,129,0.1
2026-07-20 03:00:00,27.9,91,1002.9,7.6,124,0.9
2026-07-20 04:00:00,28.7,88,1003.3,8.7,137,0.7
2026-07-20 05:00:00,28.5,88,1003.5,6.1,120,0.7
2026-07-20 06:00:00,30.3,75,1002.3,5.2,121,0.5
2026-07-20 07:00:00,31.2,72,1001.5,5.9,101,0.2
2026-07-20 08:00:00,29.8,76,1001.6,11.4,83,0.3
2026-07-20 09:00:00,27.7,90,1001.4,12.7,129,2.2
2026-07-20 10:00:00,27.8,88,1000.9,9.5,126,0.8
2026-07-20 11:00:00,27.9,86,1001.1,10.1,125,0.4
2026-07-20 12:00:00,27.8,91,1001.4,9.7,105,1.2
2026-07-20 13:00:00,27.5,91,1001.6,9.2,133,0.0
2026-07-20 14:00:00,27.3,92,1001.8,10.2,129,0.1
2026-07-20 15:00:00,27.0,95,1002.6,9.4,120,1.2
2026-07-20 16:00:00,26.9,95,1003.4,11.0,132,0.4
2026-07-20 17:00:00,26.8,96,1003.4,9.2,133,0.4
2026-07-20 18:00:00,26.9,97,1002.6,9.8,97,0.4
2026-07-20 19:00:00,25.9,96,1002.3,10.5,110,2.2
2026-07-20 20:00:00,25.6,96,1001.6,9.6,106,2.6
2026-07-20 21:00:00,25.2,98,1001.8,11.3,124,1.6
2026-07-20 22:00:00,25.4,97,1001.8,12.1,118,1.6
2026-07-20 23:00:00,25.2,97,1001.9,10.9,107,1.5
2026-07-21 00:00:00,25.3,97,1001.8,10.7,103,3.4
2026-07-21 01:00:00,25.9,96,1002.3,10.1,112,0.7
2026-07-21 02:00:00,26.1,96,1002.5,10.3,112,1.0
2026-07-21 03:00:00,26.5,93,1002.8,9.9,125,0.6
2026-07-21 04:00:00,27.2,88,1002.7,8.8,121,0.2
2026-07-21 05:00:00,28.5,84,1002.4,7.7,129,0.1
2026-07-21 06:00:00,28.8,85,1002.0,7.0,103,0.4
2026-07-21 07:00:00,28.8,83,1001.0,11.4,106,0.8
2026-07-21 08:00:00,28.5,83,1000.2,11.2,112,0.7
2026-07-21 09:00:00,28.1,82,1000.1,11.0,130,1.1
2026-07-21 10:00:00,26.9,93,1000.0,10.1,136,3.1
2026-07-21 11:00:00,26.7,94,1000.0,10.8,144,0.6
2026-07-21 12:00:00,27.9,89,1000.0,5.6,132,0.2
2026-07-21 13:00:00,27.6,90,1000.5,7.0,134,0.0
2026-07-21 14:00:00,27.3,92,1001.3,6.2,128,0.1
2026-07-21 15:00:00,27.2,92,1001.9,6.7,126,0.1
2026-07-21 16:00:00,27.0,93,1002.6,6.3,117,0.0
2026-07-21 17:00:00,26.7,94,1002.6,6.7,128,0.0
2026-07-21 18:00:00,27.2,92,1002.4,5.1,117,0.2
2026-07-21 19:00:00,25.4,96,1002.0,7.9,183,1.7
2026-07-21 20:00:00,24.9,98,1001.4,7.6,158,3.9
2026-07-21 21:00:00,24.9,97,1001.5,5.6,123,7.4
2026-07-21 22:00:00,24.9,97,1001.1,7.1,99,1.6
2026-07-21 23:00:00,24.9,97,1000.9,7.4,97,0.3
2026-07-22 00:00:00,25.4,98,1000.8,7.1,120,0.1
2026-07-22 01:00:00,26.3,95,1001.8,8.6,131,0.1
2026-07-22 02:00:00,26.5,92,1002.1,10.4,144,0.8
2026-07-22 03:00:00,27.3,88,1002.7,10.0,152,0.0
2026-07-22 04:00:00,27.5,85,1002.8,9.0,168,0.0
2026-07-22 05:00:00,27.6,84,1002.2,8.5,182,0.1
2026-07-22 06:00:00,28.4,79,1002.5,10.3,176,0.0
2026-07-22 07:00:00,27.1,88,1002.3,13.0,176,2.4
2026-07-22 08:00:00,26.8,90,1001.7,8.6,168,1.3
2026-07-22 09:00:00,26.4,91,1001.3,10.7,171,1.3
2026-07-22 10:00:00,26.7,90,1000.8,10.3,178,1.5
2026-07-22 11:00:00,26.3,95,1000.6,10.1,179,1.6
2026-07-22 12:00:00,27.2,89,1000.9,9.2,181,0.9
2026-07-22 13:00:00,26.5,93,1001.0,9.3,190,0.8
2026-07-22 14:00:00,26.5,94,1001.8,8.6,195,0.3
2026-07-22 15:00:00,26.5,95,1002.8,9.4,183,0.7
2026-07-22 16:00:00,26.2,96,1003.7,8.2,172,0.4
2026-07-22 17:00:00,26.0,96,1003.3,8.2,165,0.4
2026-07-22 18:00:00,27.1,92,1003.2,10.7,171,0.4
2026-07-22 19:00:00,26.7,92,1002.4,9.9,176,0.0
2026-07-22 20:00:00,26.7,91,1001.6,9.5,171,0.0
2026-07-22 21:00:00,25.2,93,1001.6,10.4,152,0.2
2026-07-22 22:00:00,24.5,96,1001.7,7.1,161,0.2
2026-07-22 23:00:00,24.8,96,1002.0,9.4,169,0.1
2026-07-23 00:00:00,26.2,95,1001.4,10.2,197,0.3
2026-07-23 01:00:00,26.4,96,1001.9,10.3,187,0.4
2026-07-23 02:00:00,27.4,93,1002.3,9.7,179,0.2
2026-07-23 03:00:00,26.5,91,1002.9,16.5,196,1.4
2026-07-23 04:00:00,26.8,92,1002.9,12.9,199,1.1
2026-07-23 05:00:00,27.7,88,1002.3,13.2,211,1.1
2026-07-23 06:00:00,27.2,93,1001.9,6.4,196,0.7
2026-07-23 07:00:00,28.7,82,1001.3,15.6,204,0.9
2026-07-23 08:00:00,27.1,88,1000.3,11.4,199,4.4
2026-07-23 09:00:00,27.7,87,1000.3,16.0,219,1.3
2026-07-23 10:00:00,27.3,89,1000.3,10.7,220,2.4
2026-07-23 11:00:00,26.9,88,999.8,12.1,210,1.0
2026-07-23 12:00:00,27.2,87,1000.6,13.7,214,3.0
2026-07-23 13:00:00,26.5,93,1001.0,11.8,201,1.0
2026-07-23 14:00:00,26.1,95,1001.3,11.6,202,0.6
2026-07-23 15:00:00,26.1,96,1002.1,9.3,171,0.8
2026-07-23 16:00:00,26.4,95,1002.5,10.5,187,0.2
2026-07-23 17:00:00,26.4,94,1002.5,10.6,199,0.1
2026-07-23 18:00:00,27.0,93,1002.0,10.3,195,0.0
2026-07-23 19:00:00,26.0,96,1001.3,13.0,200,0.5
2026-07-23 20:00:00,25.1,98,1000.8,11.9,209,10.6
2026-07-23 21:00:00,25.1,96,1000.5,11.2,221,7.6
2026-07-23 22:00:00,25.0,97,1000.0,10.7,230,4.1
2026-07-23 23:00:00,25.0,97,1000.4,8.3,210,5.5
2026-07-24 00:00:00,25.5,97,1000.0,9.8,206,6.1
2026-07-24 01:00:00,25.9,97,1000.4,10.2,244,3.4
2026-07-24 02:00:00,25.9,95,1000.6,10.7,237,1.7
2026-07-24 03:00:00,26.4,95,1001.1,9.6,236,1.6
2026-07-24 04:00:00,26.5,95,1001.0,8.8,227,1.6
2026-07-24 05:00:00,27.0,90,1000.6,9.7,235,1.5
2026-07-24 06:00:00,28.6,80,1000.7,12.2,257,2.0
2026-07-24 07:00:00,27.8,86,999.7,7.2,284,3.0
2026-07-24 08:00:00,29.4,82,998.7,7.8,255,0.6
2026-07-24 09:00:00,30.2,75,998.0,7.0,238,0.3
2026-07-24 10:00:00,28.4,82,997.6,8.3,229,1.5
2026-07-24 11:00:00,28.1,84,997.6,10.0,210,1.3
2026-07-24 12:00:00,28.9,79,998.0,5.5,238,0.6
2026-07-24 13:00:00,27.8,87,998.6,3.6,210,0.0
2026-07-24 14:00:00,27.3,90,999.4,4.6,201,0.0
2026-07-24 15:00:00,26.8,92,1000.3,3.1,183,0.2
2026-07-24 16:00:00,26.8,93,1000.7,4.3,178,0.3
2026-07-24 17:00:00,26.3,96,1001.0,5.5,169,1.0
2026-07-24 18:00:00,27.1,93,1000.4,4.3,147,1.2
2026-07-24 19:00:00,26.9,95,999.7,0.2,90,0.3
2026-07-24 20:00:00,26.5,97,999.1,2.1,59,0.1
2026-07-24 21:00:00,25.8,95,999.2,1.8,169,3.2
2026-07-24 22:00:00,25.8,96,999.1,6.2,100,0.6
2026-07-24 23:00:00,25.8,97,999.3,3.1,118,0.0
2026-07-25 00:00:00,26.1,99,998.8,6.6,74,0.0
2026-07-25 01:00:00,26.7,94,1000.0,6.8,88,0.0
2026-07-25 02:00:00,27.4,90,1000.0,7.8,86,0.7
2026-07-25 03:00:00,28.9,81,999.6,10.3,77,0.1
2026-07-25 04:00:00,29.9,76,999.4,10.4,58,0.2
2026-07-25 05:00:00,30.9,74,999.3,13.5,60,0.0
2026-07-25 06:00:00,29.1,77,999.3,13.2,75,0.1
2026-07-25 07:00:00,30.0,78,998.2,12.2,81,2.9
2026-07-25 08:00:00,31.0,70,997.8,12.3,93,0.3
2026-07-25 09:00:00,30.9,70,997.5,11.5,98,0.2
2026-07-25 10:00:00,30.3,73,996.7,10.3,85,0.3
2026-07-25 11:00:00,29.8,74,996.5,12.5,111,0.2
2026-07-25 12:00:00,29.3,79,997.0,13.0,107,0.1
2026-07-25 13:00:00,28.3,83,997.6,11.0,114,0.0
2026-07-25 14:00:00,27.7,86,998.1,10.1,110,0.0
2026-07-25 15:00:00,27.5,86,998.8,9.9,109,0.0
2026-07-25 16:00:00,27.3,87,999.7,7.5,98,0.0
2026-07-25 17:00:00,27.0,88,1000.3,4.9,57,0.0
2026-07-25 18:00:00,27.4,86,999.5,9.0,74,0.0
2026-07-25 19:00:00,26.8,89,998.8,9.7,66,0.0
2026-07-25 20:00:00,26.4,90,998.5,11.2,75,0.1
2026-07-25 21:00:00,26.2,92,997.9,11.3,76,0.0
2026-07-25 22:00:00,26.1,92,997.8,10.0,72,0.0
2026-07-25 23:00:00,25.9,92,997.6,9.6,62,0.0
2026-07-26 00:00:00,26.5,91,998.0,10.6,67,0.0
2026-07-26 01:00:00,27.0,90,998.2,10.3,63,0.0
2026-07-26 02:00:00,28.2,82,998.4,14.3,78,0.0
2026-07-26 03:00:00,29.1,77,998.5,12.8,80,0.1
2026-07-26 04:00:00,30.3,72,998.5,14.4,72,0.1
2026-07-26 05:00:00,31.1,71,997.8,14.4,67,0.1
2026-07-26 06:00:00,31.2,69,998.0,14.2,74,0.0
2026-07-26 07:00:00,31.1,71,997.0,15.1,68,1.1
2026-07-26 08:00:00,31.7,68,995.7,14.0,68,0.0
2026-07-26 09:00:00,30.1,74,995.2,17.0,73,1.0
2026-07-26 10:00:00,29.5,75,994.9,16.2,66,1.0
2026-07-26 11:00:00,29.3,77,994.8,13.2,66,0.3
2026-07-26 12:00:00,29.7,78,994.8,11.4,52,0.1
2026-07-26 13:00:00,28.7,83,995.2,9.9,57,0.1
2026-07-26 14:00:00,28.3,83,995.9,9.4,77,0.1
2026-07-26 15:00:00,27.7,84,996.8,9.6,77,0.2
2026-07-26 16:00:00,27.1,88,997.7,10.2,60,0.2
2026-07-26 17:00:00,26.8,89,997.7,10.7,50,0.1
2026-07-26 18:00:00,27.8,88,996.8,12.0,53,0.3
2026-07-26 19:00:00,27.2,89,995.8,13.6,60,0.4
2026-07-26 20:00:00,26.3,93,995.3,14.4,61,0.4
2026-07-26 21:00:00,25.4,96,995.1,16.4,57,1.3
2026-07-26 22:00:00,25.2,97,994.5,16.4,57,0.9
2026-07-26 23:00:00,25.4,96,994.5,16.3,57,0.2
2026-07-27 00:00:00,26.5,94,994.7,15.3,43,0.4
2026-07-27 01:00:00,26.3,94,995.4,14.2,55,3.4
2026-07-27 02:00:00,27.0,94,995.0,15.9,35,0.4
2026-07-27 03:00:00,27.6,92,994.8,14.7,48,0.5
2026-07-27 04:00:00,26.9,92,995.2,17.9,51,8.7
2026-07-27 05:00:00,26.8,92,994.7,17.0,54,1.4
2026-07-27 06:00:00,28.2,83,994.8,17.4,38,0.3
2026-07-27 07:00:00,30.6,74,993.7,17.5,50,0.7
2026-07-27 08:00:00,28.5,83,992.7,16.9,71,1.9
2026-07-27 09:00:00,30.3,74,992.3,19.1,60,0.7
2026-07-27 10:00:00,28.1,84,992.0,17.5,85,9.7
2026-07-27 11:00:00,26.5,93,992.3,17.8,74,5.5
2026-07-27 12:00:00,28.0,89,992.1,14.8,52,0.9
2026-07-27 13:00:00,27.8,87,992.1,16.8,66,0.0
2026-07-27 14:00:00,27.3,89,993.0,15.6,74,0.1
2026-07-27 15:00:00,26.6,92,993.9,17.2,74,0.8
2026-07-27 16:00:00,26.7,90,994.5,18.3,77,0.5
2026-07-27 17:00:00,25.9,95,994.8,16.6,85,2.7
2026-07-27 18:00:00,26.0,97,993.6,19.5,85,1.2
2026-07-27 19:00:00,26.0,97,993.0,17.9,85,0.6
2026-07-27 20:00:00,26.0,96,992.4,19.6,84,0.3
2026-07-27 21:00:00,26.1,95,992.3,21.7,105,0.3
2026-07-27 22:00:00,26.2,94,992.5,20.3,110,0.5
2026-07-27 23:00:00,26.0,94,992.5,19.0,105,0.1
2026-07-28 00:00:00,26.6,93,992.2,19.9,110,0.1
2026-07-28 01:00:00,26.9,91,993.4,19.0,123,0.2
2026-07-28 02:00:00,27.9,86,993.9,18.5,131,0.2
2026-07-28 03:00:00,28.5,83,994.7,18.2,131,0.2
2026-07-28 04:00:00,29.0,78,995.2,19.1,135,0.7
2026-07-28 05:00:00,30.3,73,995.0,18.5,142,0.5
2026-07-28 06:00:00,30.1,68,995.8,20.9,145,0.8
2026-07-28 07:00:00,28.6,80,996.0,19.8,138,1.5
2026-07-28 08:00:00,29.3,77,994.9,18.3,144,0.6
2026-07-28 09:00:00,29.4,76,994.6,20.2,152,1.0
2026-07-28 10:00:00,29.5,75,994.3,17.9,142,0.2
2026-07-28 11:00:00,29.3,76,994.0,15.8,139,0.1
2026-07-28 12:00:00,28.9,80,994.6,13.5,137,0.8
2026-07-28 13:00:00,28.4,82,995.1,11.0,125,0.0
2026-07-28 14:00:00,28.2,81,995.9,12.2,124,0.0
2026-07-28 15:00:00,27.8,84,996.8,12.7,135,0.1
2026-07-28 16:00:00,27.3,86,997.6,13.0,132,0.0
2026-07-28 17:00:00,27.0,89,997.8,12.8,128,0.0
2026-07-28 18:00:00,27.2,91,997.6,11.1,122,0.0
2026-07-28 19:00:00,26.7,92,997.5,9.7,124,0.0
2026-07-28 20:00:00,26.4,91,997.3,10.1,139,0.2
2026-07-28 21:00:00,26.0,92,997.0,10.7,143,0.1
2026-07-28 22:00:00,25.8,94,996.5,8.3,123,0.1
2026-07-28 23:00:00,25.8,93,996.8,10.8,116,0.0
2026-07-29 00:00:00,26.8,93,996.6,9.6,107,0.0
2026-07-29 01:00:00,27.3,91,997.0,7.8,98,0.0
2026-07-29 02:00:00,28.6,85,997.5,10.2,116,0.0
2026-07-29 03:00:00,29.5,80,997.9,12.4,130,0.0
2026-07-29 04:00:00,27.6,90,998.5,10.0,126,7.0
2026-07-29 05:00:00,30.1,77,998.2,11.3,144,0.2
2026-07-29 06:00:00,30.9,75,997.5,11.8,126,0.3
2026-07-29 07:00:00,30.1,77,997.4,13.4,147,1.6
2026-07-29 08:00:00,30.9,76,996.1,12.0,143,0.4
2026-07-29 09:00:00,27.8,88,996.3,12.1,170,0.6
2026-07-29 10:00:00,27.9,91,995.9,10.1,151,1.6
2026-07-29 11:00:00,28.0,89,995.2,10.1,164,0.1
2026-07-29 12:00:00,29.4,79,995.3,10.9,153,0.1
2026-07-29 13:00:00,28.5,84,996.2,10.3,134,0.1
2026-07-29 14:00:00,27.6,89,996.9,11.5,131,0.0
2026-07-29 15:00:00,27.4,90,997.6,11.5,138,0.0
2026-07-29 16:00:00,27.3,90,998.5,11.0,139,0.0
2026-07-29 17:00:00,27.4,88,998.8,10.6,133,0.0
2026-07-29 18:00:00,26.8,92,998.4,9.4,121,0.3
2026-07-29 19:00:00,26.2,95,997.9,10.7,155,0.4
2026-07-29 20:00:00,26.1,96,997.7,7.5,123,0.2
2026-07-29 21:00:00,26.3,95,997.5,11.0,157,0.2
2026-07-29 22:00:00,26.1,95,997.4,11.9,157,0.2
2026-07-29 23:00:00,25.8,94,997.2,10.8,147,0.2
2026-07-30 00:00:00,26.4,94,997.3,10.2,118,0.2
2026-07-30 01:00:00,27.2,90,998.2,14.0,138,0.4
2026-07-30 02:00:00,27.6,86,998.5,12.4,144,0.4
2026-07-30 03:00:00,28.3,86,999.2,13.9,136,0.6
2026-07-30 04:00:00,28.9,83,999.4,13.2,134,0.1
2026-07-30 05:00:00,28.9,81,999.2,17.0,143,0.2
2026-07-30 06:00:00,29.4,78,999.3,13.9,153,2.3
2026-07-30 07:00:00,29.3,78,999.0,18.1,174,1.7
2026-07-30 08:00:00,29.3,81,998.1,14.0,162,0.8
2026-07-30 09:00:00,30.1,77,998.0,12.7,150,0.1
2026-07-30 10:00:00,29.5,76,997.5,13.4,160,0.6
2026-07-30 11:00:00,29.3,77,996.9,15.8,165,0.1
2026-07-30 12:00:00,29.4,77,997.7,15.4,166,0.0
2026-07-30 13:00:00,28.2,83,998.8,12.4,150,0.0
2026-07-30 14:00:00,27.9,85,999.6,11.1,138,0.0
2026-07-30 15:00:00,27.8,86,1000.3,11.5,136,0.0
2026-07-30 16:00:00,27.6,86,1001.2,10.0,131,0.0
2026-07-30 17:00:00,27.2,88,1001.6,9.5,127,0.0
2026-07-30 18:00:00,27.5,88,1001.3,10.3,137,0.1
2026-07-30 19:00:00,27.1,89,1000.8,9.5,148,0.1
2026-07-30 20:00:00,26.9,90,1000.2,8.0,138,0.0
2026-07-30 21:00:00,26.8,90,1000.4,8.3,129,0.0
2026-07-30 22:00:00,26.7,90,1000.4,9.2,125,0.0
2026-07-30 23:00:00,26.6,90,1000.4,9.1,139,0.0
2026-07-31 00:00:00,26.5,94,1000.5,9.3,118,0.0
2026-07-31 01:00:00,27.0,91,1001.3,11.1,150,0.2
2026-07-31 02:00:00,28.0,87,1001.6,8.3,131,0.0
2026-07-31 03:00:00,29.1,85,1002.0,8.9,140,0.0
2026-07-31 04:00:00,28.2,86,1002.3,14.1,170,3.3
2026-07-31 05:00:00,28.2,89,1002.2,6.3,162,3.7
2026-07-31 06:00:00,31.7,73,1001.7,12.0,159,0.4
2026-07-31 07:00:00,29.4,79,1001.4,9.7,170,0.8
2026-07-31 08:00:00,31.5,70,1000.2,10.3,157,0.1
2026-07-31 09:00:00,31.3,69,999.6,13.1,173,0.0
2026-07-31 10:00:00,31.1,69,999.0,13.4,173,0.1
2026-07-31 11:00:00,30.4,73,998.9,12.6,180,0.2
2026-07-31 12:00:00,30.2,76,999.1,10.9,156,0.0
2026-07-31 13:00:00,29.3,80,999.6,10.5,163,0.0
2026-07-31 14:00:00,28.8,81,1000.6,10.4,166,0.0
2026-07-31 15:00:00,28.3,83,1001.4,9.8,160,0.0
2026-07-31 16:00:00,27.8,86,1001.9,9.0,164,0.0
2026-07-31 17:00:00,27.6,88,1001.9,9.2,164,0.0
2026-07-31 18:00:00,27.9,89,1001.3,9.4,156,0.0
2026-07-31 19:00:00,27.6,90,1001.0,8.5,153,0.0
2026-07-31 20:00:00,27.3,91,1000.6,7.3,163,0.0
2026-07-31 21:00:00,26.9,92,1000.2,9.2,174,0.3
2026-07-31 22:00:00,26.3,95,1000.5,10.3,178,0.4
2026-07-31 23:00:00,25.7,95,1000.8,8.4,190,4.0
2026-08-01 00:00:00,26.4,96,1000.8,6.6,143,1.3
2026-08-01 01:00:00,25.8,97,1001.3,3.5,105,3.5
2026-08-01 02:00:00,26.4,95,1001.8,5.2,149,1.8
2026-08-01 03:00:00,27.1,94,1001.7,7.2,155,0.6
2026-08-01 04:00:00,29.0,87,1001.6,6.4,172,0.4
2026-08-01 05:00:00,30.3,80,1001.4,8.1,175,0.2
2026-08-01 06:00:00,30.5,77,1001.0,9.9,189,0.2
2026-08-01 07:00:00,31.4,75,1000.1,8.1,193,0.6
2026-08-01 08:00:00,28.3,87,999.6,7.0,224,5.1
2026-08-01 09:00:00,28.9,87,998.9,3.7,215,1.1
2026-08-01 10:00:00,30.1,79,998.3,11.0,199,0.7
2026-08-01 11:00:00,29.7,81,998.1,8.6,196,0.5
2026-08-01 12:00:00,30.6,78,998.5,8.2,194,0.1
2026-08-01 13:00:00,29.5,82,999.2,8.7,186,0.1
2026-08-01 14:00:00,29.1,83,1000.1,7.2,174,0.0
2026-08-01 15:00:00,28.8,84,1001.0,7.0,181,0.0
2026-08-01 16:00:00,28.6,85,1001.7,8.6,165,0.0
2026-08-01 17:00:00,28.3,87,1002.0,7.6,168,0.0
2026-08-01 18:00:00,28.7,86,1001.1,10.0,162,0.0
2026-08-01 19:00:00,28.4,88,1000.7,8.7,176,0.0
2026-08-01 20:00:00,28.2,89,1000.3,8.7,175,0.0
2026-08-01 21:00:00,27.9,90,1000.4,8.7,172,0.0
2026-08-01 22:00:00,27.8,90,1000.2,8.2,172,0.0
2026-08-01 23:00:00,27.7,91,1000.7,7.6,192,0.0
2026-08-02 00:00:00,26.7,97,1001.1,7.5,156,0.1
2026-08-02 01:00:00,27.0,96,1001.7,6.2,139,0.4
2026-08-02 02:00:00,28.2,92,1002.0,6.2,150,0.1
2026-08-02 03:00:00,29.9,86,1001.8,7.1,156,0.0
2026-08-02 04:00:00,31.4,79,1001.8,8.3,180,0.1
2026-08-02 05:00:00,31.8,77,1001.5,6.5,178,0.3
2026-08-02 06:00:00,32.5,74,1001.3,5.4,200,4.2
2026-08-02 07:00:00,28.4,86,1000.6,13.2,204,7.5
2026-08-02 08:00:00,27.4,92,999.9,1.2,297,8.0
2026-08-02 09:00:00,28.6,90,999.7,1.0,248,2.1
2026-08-02 10:00:00,29.5,86,999.0,5.4,174,0.5
2026-08-02 11:00:00,29.8,84,998.8,6.2,170,0.1
2026-08-02 12:00:00,29.5,85,999.2,5.3,170,0.0
2026-08-02 13:00:00,28.9,88,999.5,5.6,135,0.0
2026-08-02 14:00:00,28.5,91,1000.0,7.9,135,0.0
2026-08-02 15:00:00,28.4,91,1001.1,7.5,132,0.0
2026-08-02 16:00:00,28.2,92,1001.8,6.4,137,0.0
2026-08-02 17:00:00,28.1,93,1002.1,6.4,158,0.0
2026-08-02 18:00:00,28.7,92,1001.6,8.4,160,0.0
2026-08-02 19:00:00,28.3,94,1001.1,7.9,163,0.0
2026-08-02 20:00:00,28.1,95,1000.7,6.9,160,0.0
2026-08-02 21:00:00,28.1,95,1000.2,6.8,169,0.0
2026-08-02 22:00:00,28.0,95,1000.6,6.0,163,0.0
2026-08-02 23:00:00,27.1,95,1001.0,8.2,255,1.3
2026-08-03 00:00:00,28.3,96,1000.6,5.4,166,0.7
2026-08-03 01:00:00,27.7,94,1002.0,6.7,185,2.2
2026-08-03 02:00:00,27.7,95,1001.7,7.3,150,1.2
2026-08-03 03:00:00,29.1,90,1002.4,3.8,121,0.5
2026-08-03 04:00:00,30.1,84,1002.2,5.2,176,0.1
2026-08-03 05:00:00,31.4,77,1002.2,3.9,204,0.2
2026-08-03 06:00:00,33.0,74,1002.0,3.2,142,0.1
2026-08-03 07:00:00,32.7,75,1001.1,3.5,141,0.8
2026-08-03 08:00:00,27.7,92,1001.5,12.8,161,5.8
2026-08-03 09:00:00,28.0,91,1000.8,4.0,190,2.5
2026-08-03 10:00:00,29.1,88,1000.2,0.4,243,0.9
2026-08-03 11:00:00,29.7,85,999.8,4.1,157,0.3
2026-08-03 12:00:00,30.2,82,1000.5,2.3,148,0.0
2026-08-03 13:00:00,29.8,85,1001.1,5.2,121,0.0
2026-08-03 14:00:00,29.8,84,1001.9,5.4,132,0.0
2026-08-03 15:00:00,29.5,85,1002.6,5.7,162,0.0
2026-08-03 16:00:00,29.2,85,1002.9,5.1,172,0.0
2026-08-03 17:00:00,28.8,88,1002.9,6.6,154,0.1
2026-08-03 18:00:00,29.0,89,1002.5,7.3,149,0.2
2026-08-03 19:00:00,28.6,92,1002.2,6.4,153,0.2
2026-08-03 20:00:00,28.5,92,1001.7,6.5,152,0.2
2026-08-03 21:00:00,28.3,94,1001.4,6.5,150,0.0
2026-08-03 22:00:00,28.2,95,1001.3,6.9,152,0.0
2026-08-03 23:00:00,26.6,97,1001.7,7.7,159,2.4
2026-08-04 00:00:00,27.5,96,1001.8,7.0,180,5.2
2026-08-04 01:00:00,28.0,96,1002.5,5.6,165,0.1
2026-08-04 02:00:00,28.7,92,1003.0,5.7,169,0.0
2026-08-04 03:00:00,30.1,85,1003.1,6.9,175,0.0
2026-08-04 04:00:00,31.5,80,1003.3,5.9,191,0.0
2026-08-04 05:00:00,32.4,75,1003.1,6.0,197,0.1
2026-08-04 06:00:00,32.5,74,1002.9,4.7,173,0.1
2026-08-04 07:00:00,32.4,75,1001.8,5.6,187,0.1
2026-08-04 08:00:00,31.0,81,1001.1,7.7,177,0.8
2026-08-04 09:00:00,29.9,85,1000.5,8.3,150,0.8
2026-08-04 10:00:00,29.8,83,1000.3,8.7,162,0.3
2026-08-04 11:00:00,29.3,85,999.9,10.5,174,0.7
2026-08-04 12:00:00,29.5,84,999.9,8.6,164,0.2
2026-08-04 13:00:00,29.0,87,1000.7,7.8,161,0.0
2026-08-04 14:00:00,29.0,88,1001.4,7.0,138,0.0
2026-08-04 15:00:00,28.8,89,1002.0,7.3,149,0.0
2026-08-04 16:00:00,28.7,89,1002.3,6.8,162,0.0
2026-08-04 17:00:00,28.5,89,1002.1,7.6,166,0.0
2026-08-04 18:00:00,28.9,88,1001.5,8.2,161,0.0
2026-08-04 19:00:00,28.5,90,1000.7,7.9,164,0.0
2026-08-04 20:00:00,28.5,89,1000.2,8.8,175,0.0
2026-08-04 21:00:00,28.2,89,1000.1,7.6,183,0.0
2026-08-04 22:00:00,27.0,95,1000.2,7.2,256,1.6
2026-08-04 23:00:00,26.6,96,1000.0,2.8,140,2.1
2026-08-05 00:00:00,28.6,91,999.8,8.6,179,0.6
2026-08-05 01:00:00,29.0,90,1000.5,7.4,186,0.0
2026-08-05 02:00:00,30.0,85,1000.2,5.8,173,0.0
2026-08-05 03:00:00,29.7,84,1000.5,10.6,204,0.7
2026-08-05 04:00:00,29.7,89,1000.7,9.9,171,1.7
2026-08-05 05:00:00,27.3,95,1001.1,9.8,240,6.6
2026-08-05 06:00:00,29.2,85,1000.3,0.5,180,3.2
2026-08-05 07:00:00,30.5,82,999.4,0.9,143,0.3
2026-08-05 08:00:00,31.2,81,999.0,1.7,108,0.1
2026-08-05 09:00:00,28.9,86,999.0,10.9,167,2.4
2026-08-05 10:00:00,28.9,86,998.3,8.2,157,2.9
2026-08-05 11:00:00,29.4,83,998.4,5.6,180,0.6
2026-08-05 12:00:00,28.7,84,999.0,3.9,143,0.3
2026-08-05 13:00:00,28.2,88,999.7,3.3,103,0.0
2026-08-05 14:00:00,28.0,89,1000.8,3.8,109,0.0
2026-08-05 15:00:00,27.8,91,1001.6,3.7,104,0.2
2026-08-05 16:00:00,27.7,93,1001.8,2.5,94,0.5
2026-08-05 17:00:00,27.4,96,1001.6,5.0,77,0.8
2026-08-05 18:00:00,27.4,93,1001.5,2.3,72,0.7
2026-08-05 19:00:00,27.1,96,1000.4,2.7,53,0.6
2026-08-05 20:00:00,26.9,97,1000.2,2.7,82,0.5
2026-08-05 21:00:00,26.8,97,1000.1,4.1,75,0.6
2026-08-05 22:00:00,26.6,97,999.8,4.3,45,0.6
2026-08-05 23:00:00,26.6,96,999.7,3.5,39,0.3
2026-08-06 00:00:00,27.0,96,1000.0,3.4,106,0.0
2026-08-06 01:00:00,27.2,92,1000.5,2.7,110,0.2
2026-08-06 02:00:00,27.4,88,1000.5,1.2,51,0.1
2026-08-06 03:00:00,27.7,85,1000.8,1.3,254,0.1
2026-08-06 04:00:00,28.5,79,1001.1,1.5,249,0.0
2026-08-06 05:00:00,28.7,76,1001.1,1.6,276,0.0
2026-08-06 06:00:00,28.5,75,1000.5,2.8,215,0.0
2026-08-06 07:00:00,28.9,74,999.4,3.2,196,0.1
2026-08-06 08:00:00,28.8,76,998.7,3.3,174,0.0
2026-08-06 09:00:00,28.7,77,998.4,3.5,219,0.1
2026-08-06 10:00:00,29.2,76,998.0,4.9,213,0.1
2026-08-06 11:00:00,29.0,79,997.7,5.3,213,0.0
2026-08-06 12:00:00,28.4,86,998.1,6.9,147,0.0
2026-08-06 13:00:00,27.7,92,998.7,6.0,136,0.6
2026-08-06 14:00:00,27.6,93,999.3,6.0,155,0.0
2026-08-06 15:00:00,27.6,93,999.8,5.0,167,0.0
2026-08-06 16:00:00,27.6,93,1000.2,7.0,170,0.0
2026-08-06 17:00:00,27.4,94,1000.5,5.7,139,0.0
2026-08-06 18:00:00,27.5,94,999.7,7.3,150,0.0
2026-08-06 19:00:00,27.0,95,999.3,7.5,153,0.0
2026-08-06 20:00:00,26.0,93,998.9,8.7,176,1.7
2026-08-06 21:00:00,25.9,97,998.5,6.0,171,0.8
2026-08-06 22:00:00,25.7,98,998.3,6.8,183,0.3
2026-08-06 23:00:00,25.5,97,998.5,7.7,208,0.1
2026-08-07 00:00:00,26.7,92,998.1,6.6,159,0.0
2026-08-07 01:00:00,26.3,94,999.0,7.2,167,1.5
2026-08-07 02:00:00,26.4,93,999.5,6.6,213,2.5
2026-08-07 03:00:00,26.8,92,999.6,4.7,196,1.3
2026-08-07 04:00:00,28.0,86,999.6,3.9,156,0.5
2026-08-07 05:00:00,28.8,83,999.4,6.1,133,0.3
2026-08-07 06:00:00,28.1,86,999.4,6.9,95,3.9
2026-08-07 07:00:00,27.4,91,998.6,6.9,115,1.2
2026-08-07 08:00:00,28.3,87,997.9,7.5,123,0.8
2026-08-07 09:00:00,29.0,84,997.3,8.3,124,0.4
2026-08-07 10:00:00,28.8,85,996.9,7.5,127,0.1
2026-08-07 11:00:00,28.1,86,996.6,7.2,125,0.5
2026-08-07 12:00:00,28.6,84,997.2,8.8,133,0.1
2026-08-07 13:00:00,27.8,86,998.0,8.8,136,0.0
2026-08-07 14:00:00,27.4,90,998.9,9.3,146,0.0
2026-08-07 15:00:00,27.2,90,999.7,7.9,145,0.1
2026-08-07 16:00:00,26.7,92,1000.6,8.2,148,0.4
2026-08-07 17:00:00,26.3,93,1000.7,10.1,149,2.1
2026-08-07 18:00:00,26.7,95,1000.0,8.4,132,2.3
2026-08-07 19:00:00,26.5,95,999.4,6.6,123,0.4
2026-08-07 20:00:00,25.4,96,999.2,10.1,110,2.2
2026-08-07 21:00:00,25.5,96,999.0,11.8,114,1.8
2026-08-07 22:00:00,25.0,96,999.1,10.5,123,2.9
2026-08-07 23:00:00,25.0,97,999.3,8.1,118,2.8
2026-08-08 00:00:00,25.9,97,999.4,11.0,115,1.3
2026-08-08 01:00:00,25.9,97,999.9,10.4,99,1.1
2026-08-08 02:00:00,27.0,92,1000.0,11.5,104,0.1
2026-08-08 03:00:00,28.0,89,1000.9,10.2,107,0.0
2026-08-08 04:00:00,29.4,82,1001.1,11.5,120,0.1
2026-08-08 05:00:00,30.6,76,1000.7,11.8,133,0.0
2026-08-08 06:00:00,30.6,76,1000.5,14.7,127,0.1
2026-08-08 07:00:00,28.4,90,1000.6,9.3,127,8.1
2026-08-08 08:00:00,28.6,88,999.5,10.5,143,1.2
2026-08-08 09:00:00,29.5,81,999.1,10.5,143,0.4
2026-08-08 10:00:00,29.9,78,998.3,10.1,149,0.0
2026-08-08 11:00:00,30.1,77,998.1,7.8,165,0.1
2026-08-08 12:00:00,30.1,76,998.6,9.8,157,0.0
2026-08-08 13:00:00,29.3,80,999.7,8.9,155,0.0
2026-08-08 14:00:00,28.9,81,1000.9,8.8,157,0.0
2026-08-08 15:00:00,28.5,83,1002.1,8.9,153,0.0
2026-08-08 16:00:00,28.1,85,1002.9,8.9,148,0.0
2026-08-08 17:00:00,27.8,87,1002.9,8.4,146,0.0
2026-08-08 18:00:00,27.9,88,1002.6,9.1,141,0.0
2026-08-08 19:00:00,27.3,91,1001.9,8.2,142,0.0
2026-08-08 20:00:00,27.2,92,1001.3,8.5,132,0.0
2026-08-08 21:00:00,27.0,92,1001.0,7.1,131,0.0
2026-08-08 22:00:00,26.8,93,1001.2,6.1,113,0.0
2026-08-08 23:00:00,26.7,93,1001.5,6.3,108,0.0
2026-08-09 00:00:00,27.3,90,1001.0,6.2,111,0.0
2026-08-09 01:00:00,28.0,88,1001.8,5.8,99,0.0
2026-08-09 02:00:00,28.6,81,1002.1,9.0,143,0.8
2026-08-09 03:00:00,28.7,85,1002.6,5.8,129,2.1
2026-08-09 04:00:00,30.6,78,1002.5,7.9,117,0.5
2026-08-09 05:00:00,28.2,86,1002.3,11.5,122,3.8
2026-08-09 06:00:00,30.6,78,1001.8,8.3,110,3.9
2026-08-09 07:00:00,31.5,76,1001.1,11.3,134,0.4
2026-08-09 08:00:00,31.4,75,999.9,10.4,132,0.2
2026-08-09 09:00:00,30.7,78,999.8,6.8,169,0.7
2026-08-09 10:00:00,30.7,78,999.5,6.0,123,0.1
2026-08-09 11:00:00,29.6,83,998.7,6.4,126,0.3
2026-08-09 12:00:00,28.9,86,999.3,3.8,177,0.2
2026-08-09 13:00:00,28.5,89,1000.1,4.7,106,0.2
2026-08-09 14:00:00,28.4,89,1000.8,3.9,146,0.1
2026-08-09 15:00:00,28.5,90,1001.6,4.3,123,0.0
2026-08-09 16:00:00,28.4,90,1002.2,5.1,122,0.0
2026-08-09 17:00:00,28.2,90,1002.2,5.4,140,0.0
2026-08-09 18:00:00,27.9,92,1001.8,5.9,135,0.0
2026-08-09 19:00:00,27.6,93,1001.2,4.6,116,0.0
2026-08-09 20:00:00,27.5,94,1000.7,4.9,107,0.0
2026-08-09 21:00:00,27.4,92,1000.3,5.1,96,0.0
2026-08-09 22:00:00,26.7,95,1000.2,3.6,340,0.1
2026-08-09 23:00:00,26.5,96,1000.3,2.7,48,0.5
2026-08-10 00:00:00,26.5,95,1000.5,6.9,41,0.3
2026-08-10 01:00:00,27.0,94,1001.1,1.3,304,0.1
2026-08-10 02:00:00,28.3,87,1001.2,4.9,84,0.1
2026-08-10 03:00:00,29.7,79,1001.3,6.7,106,0.1
2026-08-10 04:00:00,30.8,76,1001.3,6.0,111,0.2
2026-08-10 05:00:00,31.4,72,1001.0,6.5,98,0.2
2026-08-10 06:00:00,31.5,67,1000.6,5.5,128,0.2
2026-08-10 07:00:00,31.2,70,999.7,2.2,156,0.4
2026-08-10 08:00:00,31.6,70,998.6,2.8,55,0.3
2026-08-10 09:00:00,31.6,71,997.7,1.7,41,0.4
2026-08-10 10:00:00,31.7,71,996.8,0.6,56,0.1
2026-08-10 11:00:00,31.7,71,996.7,1.8,191,0.0
2026-08-10 12:00:00,30.3,84,997.4,3.5,279,5.5
2026-08-10 13:00:00,29.2,91,998.1,1.6,174,1.0
2026-08-10 14:00:00,28.1,95,999.2,8.1,156,1.1
2026-08-10 15:00:00,27.1,97,1000.5,5.7,152,3.2
2026-08-10 16:00:00,27.3,96,1001.1,4.4,192,1.0
2026-08-10 17:00:00,27.1,97,1000.8,3.5,201,0.3
2026-08-10 18:00:00,27.1,95,1000.1,3.6,233,0.0
2026-08-10 19:00:00,26.9,95,999.2,1.3,270,0.1
2026-08-10 20:00:00,26.8,96,998.6,2.6,321,0.0
2026-08-10 21:00:00,26.7,96,998.2,2.6,309,0.0
2026-08-10 22:00:00,26.6,96,998.4,2.4,13,0.0
2026-08-10 23:00:00,26.6,96,998.6,2.8,345,0.0
2026-08-11 00:00:00,27.1,96,998.6,5.4,14,0.0
2026-08-11 01:00:00,27.6,92,999.2,6.1,50,0.0
2026-08-11 02:00:00,28.5,88,999.5,4.9,73,0.0
2026-08-11 03:00:00,29.2,83,999.9,5.6,63,0.0
2026-08-11 04:00:00,29.1,83,1000.2,6.3,72,0.0
2026-08-11 05:00:00,30.4,79,1000.0,4.7,74,0.0
2026-08-11 06:00:00,32.2,70,999.2,9.5,53,0.1
2026-08-11 07:00:00,31.6,71,998.0,8.4,45,0.0
2026-08-11 08:00:00,32.3,71,997.3,5.2,44,0.1
2026-08-11 09:00:00,32.2,74,996.7,5.6,29,0.1
2026-08-11 10:00:00,29.3,85,996.2,7.1,120,2.7
2026-08-11 11:00:00,27.5,95,996.3,6.9,155,2.1
2026-08-11 12:00:00,29.3,90,996.8,3.1,126,1.8
2026-08-11 13:00:00,29.2,90,997.6,0.4,180,0.1
2026-08-11 14:00:00,28.2,93,998.7,5.4,186,0.7
2026-08-11 15:00:00,26.9,97,999.5,8.6,239,0.9
2026-08-11 16:00:00,26.9,98,1000.5,5.1,243,1.0
2026-08-11 17:00:00,26.6,98,1000.6,7.8,289,0.1
2026-08-11 18:00:00,27.3,95,1000.0,7.8,274,0.1
2026-08-11 19:00:00,26.5,94,999.4,7.3,260,0.1
2026-08-11 20:00:00,26.7,95,999.0,3.5,321,0.0
2026-08-11 21:00:00,26.8,97,998.7,2.2,336,0.1
2026-08-11 22:00:00,26.8,96,998.3,1.5,353,0.1
2026-08-11 23:00:00,26.8,97,998.2,2.5,4,0.0
2026-08-12 00:00:00,27.6,92,998.3,6.8,335,0.0
2026-08-12 01:00:00,28.2,90,998.9,7.6,353,0.0
2026-08-12 02:00:00,28.9,88,999.0,7.4,13,0.0
2026-08-12 03:00:00,30.1,84,999.4,5.6,42,0.0
2026-08-12 04:00:00,31.1,78,1000.1,4.9,57,0.0
2026-08-12 05:00:00,32.0,71,999.8,4.5,29,0.0
2026-08-12 06:00:00,32.7,68,999.8,0.7,346,0.0
2026-08-12 07:00:00,33.4,68,998.6,3.1,320,0.1
2026-08-12 08:00:00,31.7,77,997.5,8.6,334,1.0
2026-08-12 09:00:00,29.3,83,998.0,6.0,351,17.9
2026-08-12 10:00:00,28.7,90,997.5,5.6,320,3.5
2026-08-12 11:00:00,28.8,88,997.6,5.6,343,1.0
2026-08-12 12:00:00,29.0,89,997.5,3.7,293,1.0
2026-08-12 13:00:00,28.7,91,998.1,2.2,228,0.6
2026-08-12 14:00:00,28.1,95,999.0,8.0,293,0.0
2026-08-12 15:00:00,27.9,93,1000.2,7.0,314,0.1
2026-08-12 16:00:00,27.7,93,1000.3,6.5,330,0.0
2026-08-12 17:00:00,27.6,93,1000.8,6.5,321,0.0
2026-08-12 18:00:00,28.2,95,999.5,4.1,270,0.2
2026-08-12 19:00:00,27.0,94,999.1,4.6,321,8.4
2026-08-12 20:00:00,27.0,97,998.1,11.6,345,1.7
2026-08-12 21:00:00,26.8,97,997.2,10.5,4,0.3
2026-08-12 22:00:00,27.0,97,996.7,14.1,14,0.2
2026-08-12 23:00:00,26.8,93,997.0,12.5,28,0.5
2026-08-13 00:00:00,27.2,96,997.1,11.1,43,1.9
2026-08-13 01:00:00,27.3,96,997.5,12.1,41,0.4
2026-08-13 02:00:00,28.1,90,997.6,13.7,44,0.4
2026-08-13 03:00:00,28.9,86,997.5,12.8,39,0.4
2026-08-13 04:00:00,29.4,85,997.5,12.8,51,0.2
2026-08-13 05:00:00,29.9,83,997.6,12.7,83,0.5
2026-08-13 06:00:00,30.3,79,998.1,13.3,74,3.0
2026-08-13 07:00:00,30.8,75,997.3,15.3,89,0.2
2026-08-13 08:00:00,30.9,77,996.4,13.3,100,0.3
2026-08-13 09:00:00,30.8,76,995.6,11.4,114,0.2
2026-08-13 10:00:00,30.2,77,995.7,14.6,135,0.2
2026-08-13 11:00:00,29.3,80,995.6,13.9,144,0.4
2026-08-13 12:00:00,28.9,86,996.4,13.4,140,0.8
2026-08-13 13:00:00,28.4,87,997.3,13.6,144,0.2
2026-08-13 14:00:00,28.3,87,998.4,12.5,140,0.0
2026-08-13 15:00:00,28.0,88,999.3,11.6,138,0.0
2026-08-13 16:00:00,27.9,88,999.8,11.3,132,0.0
2026-08-13 17:00:00,27.9,88,1000.2,10.5,131,0.0
2026-08-13 18:00:00,27.8,89,999.6,11.4,159,0.1
2026-08-13 19:00:00,27.3,92,999.2,9.2,168,0.0
2026-08-13 20:00:00,27.1,92,998.9,8.0,160,0.0
2026-08-13 21:00:00,26.9,93,998.5,8.6,129,0.0
2026-08-13 22:00:00,26.8,93,998.6,9.0,134,0.0
2026-08-13 23:00:00,26.7,93,998.7,8.6,126,0.0
2026-08-14 00:00:00,27.3,91,998.8,9.0,113,0.0
2026-08-14 01:00:00,27.5,92,999.3,9.3,98,0.1
2026-08-14 02:00:00,28.8,87,999.7,10.8,111,0.1
2026-08-14 03:00:00,29.9,83,1000.1,11.7,124,0.2
2026-08-14 04:00:00,28.8,86,1000.4,14.5,163,1.5
2026-08-14 05:00:00,28.8,86,1000.2,11.7,110,3.5
2026-08-14 06:00:00,30.6,75,1000.0,13.5,166,0.6
2026-08-14 07:00:00,30.6,77,999.1,14.8,151,1.2
2026-08-14 08:00:00,30.6,75,998.9,12.9,160,1.3
2026-08-14 09:00:00,29.9,76,998.2,12.6,136,1.4
2026-08-14 10:00:00,30.1,79,997.6,12.3,136,1.0
2026-08-14 11:00:00,30.3,76,997.9,13.2,148,0.0
2026-08-14 12:00:00,29.6,81,997.7,5.1,132,0.1
2026-08-14 13:00:00,29.3,84,997.9,5.5,117,0.0
2026-08-14 14:00:00,29.1,83,998.5,9.2,140,0.0
2026-08-14 15:00:00,28.6,83,999.7,9.1,148,0.0
2026-08-14 16:00:00,28.2,86,1000.6,8.7,143,0.0
2026-08-14 17:00:00,27.9,87,1000.7,7.6,135,0.0
2026-08-14 18:00:00,27.7,88,1000.2,8.7,133,0.0
2026-08-14 19:00:00,27.5,90,999.5,7.8,136,0.0
2026-08-14 20:00:00,26.0,93,999.4,12.0,145,0.5
2026-08-14 21:00:00,25.4,96,999.4,11.7,136,1.0
2026-08-14 22:00:00,25.1,97,999.3,9.3,131,1.1
2026-08-14 23:00:00,25.2,97,998.9,8.6,119,0.4
2026-08-15 00:00:00,26.6,96,998.5,9.4,101,0.0
2026-08-15 01:00:00,27.3,94,999.2,11.0,131,0.0
2026-08-15 02:00:00,27.9,88,999.5,9.8,133,0.1
2026-08-15 03:00:00,29.2,83,999.7,9.4,133,0.1
2026-08-15 04:00:00,30.3,79,999.8,9.4,148,0.1
2026-08-15 05:00:00,31.4,75,999.9,10.4,152,0.1
2026-08-15 06:00:00,28.9,86,999.8,8.8,110,1.1
2026-08-15 07:00:00,31.8,76,999.0,9.2,101,0.2
2026-08-15 08:00:00,28.9,86,998.6,14.5,148,3.7
2026-08-15 09:00:00,30.8,79,997.7,6.9,121,0.5
2026-08-15 10:00:00,29.6,80,997.3,12.6,143,1.2
2026-08-15 11:00:00,30.3,76,997.0,10.5,145,0.2
2026-08-15 12:00:00,29.3,80,997.0,12.0,139,0.1
2026-08-15 13:00:00,28.6,85,997.2,9.4,133,0.0
2026-08-15 14:00:00,28.3,86,997.9,9.8,137,0.0
2026-08-15 15:00:00,27.8,88,999.0,9.7,118,0.0
2026-08-15 16:00:00,27.4,90,999.7,8.5,115,0.0
2026-08-15 17:00:00,27.1,92,999.5,8.5,96,0.1
2026-08-15 18:00:00,27.4,92,998.7,11.2,100,0.1
2026-08-15 19:00:00,26.8,93,998.2,11.4,115,0.1
2026-08-15 20:00:00,26.6,94,997.4,10.5,109,0.0
2026-08-15 21:00:00,26.6,95,997.4,7.7,106,0.0
2026-08-15 22:00:00,26.4,96,997.4,7.9,94,0.0
2026-08-15 23:00:00,26.2,96,997.3,8.4,80,0.0
2026-08-16 00:00:00,26.7,96,997.3,12.7,52,0.2
2026-08-16 01:00:00,27.1,94,997.3,12.5,49,0.0
2026-08-16 02:00:00,28.1,87,997.6,13.0,62,0.0
2026-08-16 03:00:00,28.4,85,997.8,13.8,62,0.7
2026-08-16 04:00:00,29.5,82,997.7,12.9,62,0.5
2026-08-16 05:00:00,31.4,73,997.2,14.3,67,0.2
2026-08-16 06:00:00,30.3,73,996.3,14.9,56,5.2
2026-08-16 07:00:00,29.8,78,996.0,13.8,64,0.7
2026-08-16 08:00:00,28.8,85,995.1,11.1,44,1.2
2026-08-16 09:00:00,28.8,87,994.5,11.9,35,0.8
2026-08-16 10:00:00,28.3,87,994.0,15.2,50,0.4
2026-08-16 11:00:00,28.3,90,993.7,10.4,34,0.5
2026-08-16 12:00:00,29.2,86,994.6,14.1,53,0.1
2026-08-16 13:00:00,28.3,87,995.0,12.2,81,0.2
2026-08-16 14:00:00,27.7,90,995.8,10.0,111,0.1
2026-08-16 15:00:00,27.4,92,996.7,11.4,113,0.1
2026-08-16 16:00:00,26.9,95,997.3,13.2,118,1.0
2026-08-16 17:00:00,26.8,95,997.2,14.0,121,0.3
2026-08-16 18:00:00,26.5,98,996.6,12.7,162,0.5
2026-08-16 19:00:00,26.5,96,996.1,13.6,169,1.3
2026-08-16 20:00:00,25.9,98,995.9,11.3,187,1.4
2026-08-16 21:00:00,25.6,98,995.5,9.5,148,1.6
2026-08-16 22:00:00,25.7,98,995.3,8.3,164,0.8
2026-08-16 23:00:00,25.8,97,995.4,4.8,165,0.2
2026-08-17 00:00:00,25.8,98,995.5,11.1,320,0.0
2026-08-17 01:00:00,26.1,97,995.9,11.2,305,3.5
2026-08-17 02:00:00,26.4,98,996.4,12.5,303,3.5
2026-08-17 03:00:00,27.6,95,997.1,12.9,285,1.8
2026-08-17 04:00:00,28.2,89,997.4,15.5,279,1.9
2026-08-17 05:00:00,28.8,83,997.4,14.2,282,0.5
2026-08-17 06:00:00,27.5,92,997.0,14.1,287,0.1
2026-08-17 07:00:00,27.1,95,996.5,12.9,251,3.9
2026-08-17 08:00:00,26.8,94,996.3,19.0,247,2.1
2026-08-17 09:00:00,26.7,96,996.3,18.3,248,1.0
2026-08-17 10:00:00,27.0,95,996.0,16.3,237,1.0
2026-08-17 11:00:00,26.5,96,996.5,16.8,238,0.9
2026-08-17 12:00:00,27.5,89,997.6,15.8,222,1.0
2026-08-17 13:00:00,26.9,92,997.8,14.3,211,0.3
2026-08-17 14:00:00,26.7,92,998.8,15.2,210,0.6
2026-08-17 15:00:00,26.4,93,999.6,13.5,207,0.3
2026-08-17 16:00:00,26.5,93,1000.4,12.8,215,0.5
2026-08-17 17:00:00,26.5,93,1000.4,13.0,219,0.3
2026-08-17 18:00:00,26.4,93,1000.2,16.8,229,0.1
2026-08-17 19:00:00,26.0,93,999.7,14.4,223,0.7
2026-08-17 20:00:00,25.9,94,999.4,10.0,203,0.9
2026-08-17 21:00:00,26.0,95,999.2,11.4,191,0.6
2026-08-17 22:00:00,26.0,95,999.3,12.6,179,0.0
2026-08-17 23:00:00,26.2,96,999.2,11.4,176,0.0
2026-08-18 00:00:00,26.9,95,999.5,9.0,167,0.0
2026-08-18 01:00:00,27.6,93,1000.1,7.4,141,0.0
2026-08-18 02:00:00,28.7,89,1000.7,11.0,142,0.0
2026-08-18 03:00:00,29.2,87,1000.8,11.6,154,0.2
2026-08-18 04:00:00,28.7,84,1001.0,17.3,175,0.9
2026-08-18 05:00:00,28.6,85,1001.1,13.6,157,2.7
2026-08-18 06:00:00,30.8,73,1001.8,13.9,193,0.1
2026-08-18 07:00:00,30.4,73,1000.7,13.7,179,0.0
2026-08-18 08:00:00,29.1,80,999.7,11.7,175,0.1
2026-08-18 09:00:00,30.3,78,999.1,16.9,187,0.8
2026-08-18 10:00:00,29.7,76,998.5,17.5,192,0.2
2026-08-18 11:00:00,28.4,84,998.7,14.3,200,1.4
2026-08-18 12:00:00,29.2,79,998.7,11.2,204,0.2
2026-08-18 13:00:00,28.4,83,999.5,8.6,190,0.0
2026-08-18 14:00:00,28.0,85,1000.3,7.7,162,0.0
2026-08-18 15:00:00,27.7,87,1001.1,8.0,164,0.0
2026-08-18 16:00:00,27.6,88,1001.8,7.8,167,0.0
2026-08-18 17:00:00,27.5,88,1002.0,7.6,162,0.0
2026-08-18 18:00:00,27.8,88,1001.5,9.5,159,0.0
2026-08-18 19:00:00,27.4,89,1001.3,9.7,161,0.0
2026-08-18 20:00:00,27.2,89,1001.0,10.3,167,0.0
2026-08-18 21:00:00,26.8,90,1000.4,9.6,172,0.0
2026-08-18 22:00:00,26.7,91,1001.0,9.6,175,0.0
2026-08-18 23:00:00,25.7,95,1001.4,9.6,175,1.7
2026-08-19 00:00:00,26.3,93,1001.3,8.6,164,0.6
2026-08-19 01:00:00,26.5,91,1002.0,8.3,169,0.1
2026-08-19 02:00:00,27.7,87,1002.5,8.0,172,0.1
2026-08-19 03:00:00,29.1,82,1003.2,10.0,186,0.0
2026-08-19 04:00:00,30.3,79,1003.3,6.6,193,0.1
2026-08-19 05:00:00,31.6,74,1003.1,7.7,181,0.1
2026-08-19 06:00:00,31.6,71,1003.0,10.4,172,0.1
2026-08-19 07:00:00,30.3,75,1002.2,10.7,164,0.2
2026-08-19 08:00:00,31.7,67,1001.5,10.7,173,1.1
2026-08-19 09:00:00,32.4,64,1000.9,12.0,194,0.1
2026-08-19 10:00:00,32.1,66,1000.3,10.7,185,0.1
2026-08-19 11:00:00,31.4,70,1000.0,11.4,177,0.0
2026-08-19 12:00:00,30.9,72,1000.7,10.4,181,0.0
2026-08-19 13:00:00,29.7,78,1001.3,7.2,174,0.0
2026-08-19 14:00:00,29.1,81,1002.1,7.6,177,0.0
2026-08-19 15:00:00,28.6,83,1003.2,7.6,162,0.0
2026-08-19 16:00:00,28.2,86,1004.1,7.7,162,0.0
2026-08-19 17:00:00,27.9,88,1004.4,7.3,152,0.0
2026-08-19 18:00:00,28.2,88,1003.7,6.5,146,0.0
2026-08-19 19:00:00,27.8,90,1003.1,6.0,136,0.0
2026-08-19 20:00:00,27.5,91,1002.5,5.9,140,0.0
2026-08-19 21:00:00,27.3,92,1002.2,6.2,136,0.0
2026-08-19 22:00:00,27.2,92,1001.9,5.4,130,0.0
2026-08-19 23:00:00,27.0,93,1002.3,5.2,112,0.0
2026-08-20 00:00:00,27.4,89,1002.4,8.0,170,0.1
2026-08-20 01:00:00,27.6,87,1002.7,5.5,157,0.0
2026-08-20 02:00:00,28.7,82,1003.0,7.3,150,0.0
2026-08-20 03:00:00,29.5,78,1003.3,6.1,150,0.0
2026-08-20 04:00:00,30.6,75,1003.2,4.5,166,0.2
2026-08-20 05:00:00,31.7,74,1003.1,4.4,171,0.0
2026-08-20 06:00:00,32.4,66,1002.6,3.3,167,0.1
2026-08-20 07:00:00,33.0,63,1001.8,3.0,155,0.2
2026-08-20 08:00:00,30.2,78,1001.0,12.1,207,0.6
2026-08-20 09:00:00,30.8,80,1000.2,4.7,176,0.1
2026-08-20 10:00:00,31.3,77,999.6,7.4,183,0.1
2026-08-20 11:00:00,31.3,73,999.3,7.0,190,0.1
2026-08-20 12:00:00,30.0,83,999.9,6.8,148,0.0
2026-08-20 13:00:00,29.3,87,1000.3,5.2,151,0.0
2026-08-20 14:00:00,29.0,88,1001.1,4.7,140,0.0
2026-08-20 15:00:00,28.9,88,1002.1,4.1,128,0.0
2026-08-20 16:00:00,29.0,88,1002.8,3.6,150,0.0
2026-08-20 17:00:00,28.9,89,1003.0,4.6,159,0.0
2026-08-20 18:00:00,29.4,90,1002.3,5.9,160,0.0
2026-08-20 19:00:00,28.9,91,1001.7,5.1,170,0.0
2026-08-20 20:00:00,28.8,91,1001.1,4.7,164,0.0
2026-08-20 21:00:00,28.7,92,1000.6,4.0,159,0.0
2026-08-20 22:00:00,28.4,92,1000.6,4.8,135,0.0
2026-08-20 23:00:00,28.1,93,1000.7,5.0,145,0.0
2026-08-21 00:00:00,28.4,91,1001.0,3.8,149,0.0
2026-08-21 01:00:00,28.9,90,1001.2,2.9,120,0.0
2026-08-21 02:00:00,30.1,85,1001.6,3.5,145,0.0
2026-08-21 03:00:00,30.8,82,1001.6,3.5,145,0.0
2026-08-21 04:00:00,31.6,78,1002.0,2.9,112,0.0
2026-08-21 05:00:00,32.2,76,1001.8,4.7,108,0.0
2026-08-21 06:00:00,32.9,72,1001.1,6.1,130,0.1
2026-08-21 07:00:00,33.2,71,1000.1,7.0,122,0.0
2026-08-21 08:00:00,33.0,72,999.2,5.1,138,0.1
2026-08-21 09:00:00,29.3,85,999.1,10.1,180,3.0
2026-08-21 10:00:00,29.3,85,998.8,3.7,209,0.8
2026-08-21 11:00:00,30.0,82,998.3,3.3,193,0.1
2026-08-21 12:00:00,30.6,84,998.3,7.5,100,0.0
2026-08-21 13:00:00,29.4,90,998.9,7.2,109,0.1
2026-08-21 14:00:00,28.9,91,999.9,6.4,112,0.1
2026-08-21 15:00:00,28.8,91,1000.9,5.6,121,0.0
2026-08-21 16:00:00,28.9,92,1001.7,6.1,133,0.0
2026-08-21 17:00:00,28.8,94,1001.6,6.3,129,0.0
2026-08-21 18:00:00,29.0,93,1001.1,6.4,144,0.0
2026-08-21 19:00:00,28.7,92,1000.8,5.9,153,0.0
2026-08-21 20:00:00,28.4,93,1000.4,5.0,154,0.0
2026-08-21 21:00:00,28.2,94,999.5,4.5,137,0.0
2026-08-21 22:00:00,28.1,95,999.7,3.6,139,0.0
2026-08-21 23:00:00,27.8,95,999.6,4.7,118,0.0
