timestamp,pm25,temperature,humidity,pressure,wind_speed,wind_direction,rainfall,hour,day_of_week,month,pm25_lag_1,pm25_lag_3,pm25_lag_6,pm25_lag_12,pm25_lag_24,pm25_lag_48,pm25_rolling_mean_6,pm25_rolling_mean_12,pm25_rolling_mean_24
2026-02-26 00:00:00,26.4,21.1,84,1009.4,3.4,177,0.0,0,3,2,31.4,13.1,16.3,41.8,13.9,26.9,31.783333333333335,37.99166666666667,37.63333333333333
2026-02-26 01:00:00,28.4,20.9,87,1009.6,4.1,178,0.0,1,3,2,26.4,37.1,46.2,70.7,12.0,20.4,33.46666666666667,36.708333333333336,38.15416666666666
2026-02-26 02:00:00,42.8,20.7,89,1010.4,5.6,173,0.0,2,3,2,28.4,31.4,46.6,45.8,16.0,12.0,30.5,33.18333333333333,38.8375
2026-02-26 03:00:00,27.6,23.6,76,1011.1,3.1,152,0.0,3,3,2,42.8,26.4,13.1,27.6,43.2,18.6,29.866666666666664,32.93333333333333,39.954166666666666
2026-02-26 04:00:00,44.6,26.6,57,1011.5,3.5,208,0.0,4,3,2,27.6,28.4,37.1,27.0,33.4,54.2,32.28333333333333,32.93333333333334,39.30416666666667
2026-02-26 05:00:00,37.9,28.8,46,1011.4,4.9,231,0.0,5,3,2,44.6,42.8,31.4,52.3,49.3,34.7,33.53333333333333,34.4,39.770833333333336
2026-02-26 06:00:00,25.0,29.9,44,1010.9,8.6,234,0.0,6,3,2,37.9,27.6,26.4,16.3,52.7,64.4,34.61666666666667,33.2,39.295833333333334
2026-02-26 07:00:00,24.2,30.8,42,1010.1,10.9,239,0.0,7,3,2,25.0,44.6,28.4,46.2,23.6,74.9,34.38333333333333,33.925000000000004,38.14166666666667
2026-02-26 08:00:00,57.6,30.7,40,1009.2,12.3,243,0.0,8,3,2,24.2,37.9,42.8,46.6,43.1,63.4,33.68333333333333,32.09166666666667,38.166666666666664
2026-02-26 09:00:00,61.1,30.6,36,1008.2,12.5,245,0.0,9,3,2,57.6,25.0,27.6,13.1,47.2,53.0,36.15,33.00833333333333,38.770833333333336
2026-02-26 10:00:00,27.6,30.1,35,1007.7,12.0,244,0.0,10,3,2,61.1,24.2,44.6,37.1,57.2,29.7,41.733333333333334,37.00833333333333,39.35
2026-02-26 11:00:00,65.8,29.3,35,1007.5,11.7,241,0.0,11,3,2,27.6,57.6,37.9,31.4,55.7,47.6,38.900000000000006,36.21666666666667,38.11666666666667
2026-02-26 12:00:00,51.3,28.1,35,1006.9,11.5,238,0.0,12,3,2,65.8,61.1,25.0,26.4,41.8,61.4,43.550000000000004,39.083333333333336,38.5375
2026-02-26 13:00:00,47.7,26.3,44,1007.1,10.3,235,0.0,13,3,2,51.3,27.6,24.2,28.4,70.7,73.7,47.93333333333334,41.15833333333333,38.93333333333334
2026-02-26 14:00:00,48.1,24.7,61,1007.3,10.4,236,0.0,14,3,2,47.7,65.8,57.6,42.8,45.8,50.2,51.85,42.76666666666667,37.975
2026-02-26 15:00:00,53.9,23.9,70,1007.9,13.2,241,0.0,15,3,2,48.1,51.3,61.1,27.6,27.6,70.4,50.26666666666667,43.208333333333336,38.07083333333333
2026-02-26 16:00:00,46.4,23.5,77,1008.5,11.5,236,0.0,16,3,2,53.9,47.7,27.6,44.6,27.0,52.5,49.06666666666666,45.4,39.166666666666664
2026-02-26 17:00:00,45.4,23.4,80,1008.6,9.0,217,0.0,17,3,2,46.4,48.1,65.8,37.9,52.3,50.1,52.199999999999996,45.550000000000004,39.975
2026-02-26 18:00:00,17.1,23.2,79,1008.8,9.9,215,0.0,18,3,2,45.4,53.9,51.3,25.0,16.3,26.9,48.800000000000004,46.175000000000004,39.6875
2026-02-26 19:00:00,25.9,23.0,78,1008.2,10.2,221,0.0,19,3,2,17.1,46.4,47.7,24.2,46.2,22.5,43.099999999999994,45.51666666666666,39.72083333333333
2026-02-26 20:00:00,44.9,22.7,77,1008.1,9.5,219,0.0,20,3,2,25.9,45.4,48.1,57.6,46.6,31.0,39.46666666666667,45.65833333333334,38.875
2026-02-26 21:00:00,12.0,22.5,75,1007.7,8.5,216,0.0,21,3,2,44.9,17.1,53.9,61.1,13.1,41.2,38.93333333333333,44.6,38.80416666666667
2026-02-26 22:00:00,13.3,22.2,76,1007.5,8.4,223,0.0,22,3,2,12.0,25.9,46.4,27.6,37.1,19.3,31.95,40.50833333333333,38.75833333333333
2026-02-26 23:00:00,12.1,22.1,77,1007.5,8.2,234,0.0,23,3,2,13.3,44.9,45.4,65.8,31.4,12.0,26.433333333333334,39.31666666666666,37.766666666666666
2026-02-27 00:00:00,13.7,22.4,78,1007.6,9.5,249,0.0,0,4,2,12.1,12.0,17.1,51.3,26.4,13.9,20.883333333333333,34.84166666666667,36.9625
2026-02-27 01:00:00,12.0,22.5,75,1008.3,8.5,253,0.0,1,4,2,13.7,13.3,25.9,47.7,28.4,12.0,20.316666666666666,31.708333333333332,36.43333333333334
2026-02-27 02:00:00,12.0,22.6,74,1009.0,7.7,254,0.0,2,4,2,12.0,12.1,44.9,48.1,42.8,16.0,18.0,28.73333333333333,35.75
2026-02-27 03:00:00,14.1,24.5,64,1009.9,9.7,251,0.0,3,4,2,12.0,13.7,12.0,53.9,27.6,43.2,12.516666666666666,25.724999999999998,34.46666666666667
2026-02-27 04:00:00,12.0,26.0,56,1010.2,10.9,248,0.0,4,4,2,14.1,12.0,13.3,46.4,44.6,33.4,12.866666666666667,22.40833333333333,33.90416666666666
2026-02-27 05:00:00,30.8,27.2,52,1010.2,11.6,244,0.0,5,4,2,12.0,12.0,12.1,45.4,37.9,49.3,12.65,19.541666666666668,32.54583333333333
2026-02-27 06:00:00,23.0,28.2,48,1009.8,12.0,234,0.0,6,4,2,30.8,14.1,13.7,17.1,25.0,52.7,15.766666666666666,18.325,32.25
2026-02-27 07:00:00,31.3,29.1,45,1008.9,12.8,241,0.0,7,4,2,23.0,12.0,12.0,25.9,24.2,23.6,17.316666666666666,18.816666666666666,32.166666666666664
2026-02-27 08:00:00,31.0,29.1,43,1008.1,13.5,247,0.0,8,4,2,31.3,30.8,12.0,44.9,57.6,43.1,20.533333333333335,19.266666666666666,32.4625
2026-02-27 09:00:00,41.6,29.1,40,1007.2,13.5,247,0.0,9,4,2,31.0,23.0,14.1,12.0,61.1,47.2,23.7,18.108333333333334,31.354166666666668
2026-02-27 10:00:00,38.4,28.8,41,1006.4,12.6,243,0.0,10,4,2,41.6,31.3,12.0,13.3,27.6,57.2,28.28333333333333,20.575,30.541666666666668
2026-02-27 11:00:00,39.8,28.6,40,1006.1,11.6,231,0.0,11,4,2,38.4,31.0,30.8,12.1,65.8,55.7,32.68333333333333,22.666666666666668,30.991666666666664
2026-02-27 12:00:00,56.6,27.1,47,1005.8,11.7,209,0.0,12,4,2,39.8,41.6,23.0,13.7,51.3,41.8,34.18333333333333,24.974999999999998,29.908333333333335
2026-02-27 13:00:00,67.5,26.0,50,1005.9,10.8,204,0.0,13,4,2,56.6,38.4,31.3,12.0,47.7,70.7,39.78333333333333,28.549999999999997,30.129166666666663
2026-02-27 14:00:00,68.6,25.2,54,1006.4,8.2,206,0.0,14,4,2,67.5,39.8,31.0,12.0,48.1,45.8,45.81666666666666,33.175,30.954166666666666
2026-02-27 15:00:00,77.4,24.5,57,1007.0,5.9,220,0.0,15,4,2,68.6,56.6,41.6,14.1,53.9,27.6,52.083333333333336,37.891666666666666,31.808333333333334
2026-02-27 16:00:00,61.7,24.0,61,1007.5,5.6,207,0.0,16,4,2,77.4,67.5,38.4,12.0,46.4,27.0,58.04999999999999,43.166666666666664,32.7875
2026-02-27 17:00:00,31.5,23.6,65,1007.4,8.8,199,0.0,17,4,2,61.7,68.6,39.8,30.8,45.4,52.3,61.93333333333334,47.30833333333334,33.425000000000004
2026-02-27 18:00:00,63.9,23.4,68,1007.3,7.8,214,0.0,18,4,2,31.5,77.4,56.6,23.0,17.1,16.3,60.550000000000004,47.36666666666667,32.84583333333333
2026-02-27 19:00:00,37.1,23.2,69,1007.3,7.8,224,0.0,19,4,2,63.9,61.7,67.5,31.3,25.9,46.2,61.76666666666667,50.775,34.795833333333334
2026-02-27 20:00:00,14.3,23.1,72,1006.9,8.1,235,0.0,20,4,2,37.1,31.5,68.6,31.0,44.9,46.6,56.70000000000001,51.25833333333333,35.262499999999996
2026-02-27 21:00:00,33.4,22.9,73,1006.5,8.1,231,0.0,21,4,2,14.3,63.9,77.4,41.6,12.0,13.1,47.650000000000006,49.86666666666667,33.9875
2026-02-27 22:00:00,12.1,22.8,72,1006.2,8.3,237,0.0,22,4,2,33.4,37.1,61.7,38.4,13.3,37.1,40.31666666666667,49.18333333333333,34.87916666666667
2026-02-27 23:00:00,15.3,22.6,75,1005.9,8.9,245,0.0,23,4,2,12.1,14.3,31.5,39.8,12.1,31.4,32.05,46.99166666666667,34.829166666666666
2026-02-28 00:00:00,12.0,22.5,78,1005.8,9.4,257,0.0,0,5,2,15.3,33.4,63.9,56.6,13.7,26.4,29.350000000000005,44.95000000000001,34.9625
2026-02-28 01:00:00,12.0,22.4,72,1006.5,8.5,275,0.0,1,5,2,12.0,12.1,37.1,67.5,12.0,28.4,20.700000000000003,41.233333333333334,34.891666666666666
2026-02-28 02:00:00,12.5,22.1,70,1007.4,6.3,294,0.0,2,5,2,12.0,15.3,14.3,68.6,12.0,42.8,16.51666666666667,36.608333333333334,34.891666666666666
2026-02-28 03:00:00,26.2,23.9,60,1008.6,4.1,308,0.0,3,5,2,12.5,12.0,33.4,77.4,14.1,27.6,16.21666666666667,31.933333333333334,34.9125
2026-02-28 04:00:00,51.4,25.8,51,1009.3,5.0,319,0.0,4,5,2,26.2,12.0,12.1,61.7,12.0,44.6,15.016666666666666,27.666666666666668,35.416666666666664
2026-02-28 05:00:00,35.6,27.5,46,1009.5,6.7,324,0.0,5,5,2,51.4,12.5,15.3,31.5,30.8,37.9,21.566666666666666,26.808333333333334,37.05833333333334
2026-02-28 06:00:00,43.2,28.9,44,1009.0,7.4,326,0.0,6,5,2,35.6,26.2,12.0,63.9,23.0,25.0,24.95,27.150000000000002,37.25833333333333
2026-02-28 07:00:00,27.3,30.8,38,1008.1,8.3,319,0.0,7,5,2,43.2,51.4,12.0,37.1,31.3,24.2,30.150000000000002,25.425,38.1
2026-02-28 08:00:00,45.8,31.7,34,1006.9,10.1,314,0.0,8,5,2,27.3,35.6,12.5,14.3,31.0,57.6,32.699999999999996,24.60833333333333,37.93333333333333
2026-02-28 09:00:00,42.4,31.7,32,1006.0,11.1,316,0.0,9,5,2,45.8,43.2,26.2,33.4,41.6,61.1,38.25,27.233333333333334,38.550000000000004
2026-02-28 10:00:00,70.8,31.4,31,1005.7,12.1,316,0.0,10,5,2,42.4,27.3,51.4,12.1,38.4,27.6,40.95,27.983333333333334,38.583333333333336
2026-02-28 11:00:00,56.6,31.0,29,1005.6,11.3,312,0.0,11,5,2,70.8,45.8,35.6,15.3,39.8,65.8,44.18333333333334,32.875,39.93333333333334
2026-02-28 12:00:00,74.6,30.3,30,1005.5,10.7,325,0.0,12,5,2,56.6,42.4,43.2,12.0,56.6,51.3,47.68333333333334,36.31666666666667,40.63333333333333
2026-02-28 13:00:00,56.9,28.9,31,1006.0,8.2,306,0.0,13,5,2,74.6,70.8,27.3,12.0,67.5,47.7,52.916666666666664,41.53333333333333,41.38333333333333
2026-02-28 14:00:00,61.9,26.2,50,1006.8,9.1,263,0.0,14,5,2,56.9,56.6,45.8,12.5,68.6,48.1,57.849999999999994,45.275,40.94166666666667
2026-02-28 15:00:00,49.2,24.7,67,1007.5,8.4,251,0.0,15,5,2,61.9,74.6,42.4,26.2,77.4,53.9,60.533333333333324,49.39166666666667,40.6625
2026-02-28 16:00:00,73.1,24.2,72,1008.2,8.9,256,0.0,16,5,2,49.2,56.9,70.8,51.4,61.7,46.4,61.666666666666664,51.30833333333333,39.487500000000004
2026-02-28 17:00:00,30.9,23.9,72,1008.3,8.1,249,0.0,17,5,2,73.1,61.9,56.6,35.6,31.5,45.4,62.050000000000004,53.11666666666667,39.9625
2026-02-28 18:00:00,34.2,23.5,79,1008.2,8.1,245,0.0,18,5,2,30.9,49.2,74.6,43.2,63.9,17.1,57.76666666666666,52.724999999999994,39.9375
2026-02-28 19:00:00,45.0,23.3,82,1008.0,8.1,258,0.0,19,5,2,34.2,73.1,56.9,27.3,37.1,25.9,51.03333333333334,51.975,38.7
2026-02-28 20:00:00,26.0,23.0,84,1007.6,7.1,264,0.0,20,5,2,45.0,30.9,61.9,45.8,14.3,44.9,49.050000000000004,53.449999999999996,39.02916666666667
2026-02-28 21:00:00,27.5,22.5,87,1007.2,5.7,259,0.0,21,5,2,26.0,34.2,49.2,42.4,33.4,12.0,43.06666666666667,51.800000000000004,39.51666666666667
2026-02-28 22:00:00,15.4,21.7,92,1006.9,3.4,212,0.0,22,5,2,27.5,45.0,73.1,70.8,12.1,13.3,39.449999999999996,50.55833333333334,39.270833333333336
2026-02-28 23:00:00,25.0,21.1,95,1007.0,2.5,176,0.0,23,5,2,15.4,26.0,30.9,56.6,15.3,12.1,29.833333333333332,45.94166666666666,39.40833333333334
2026-03-01 00:00:00,12.0,20.7,97,1007.0,2.8,169,0.0,0,6,3,25.0,27.5,34.2,74.6,12.0,13.7,28.849999999999998,43.30833333333334,39.8125
2026-03-01 01:00:00,32.3,20.3,100,1007.8,1.9,41,0.0,1,6,3,12.0,15.4,45.0,56.9,12.0,12.0,25.150000000000002,38.09166666666666,39.8125
2026-03-01 02:00:00,14.3,20.0,100,1008.7,5.6,88,0.0,2,6,3,32.3,25.0,26.0,61.9,12.5,12.0,23.03333333333333,36.041666666666664,40.65833333333333
2026-03-01 03:00:00,40.4,22.9,86,1009.7,4.0,111,0.0,3,6,3,14.3,12.0,27.5,49.2,26.2,14.1,21.083333333333332,32.075,40.733333333333334
2026-03-01 04:00:00,26.2,26.1,65,1010.3,3.3,96,0.0,4,6,3,40.4,32.3,15.4,73.1,51.4,12.0,23.233333333333334,31.34166666666667,41.325
2026-03-01 05:00:00,36.1,29.0,47,1010.6,2.6,65,0.0,5,6,3,26.2,14.3,25.0,30.9,35.6,30.8,25.03333333333333,27.433333333333334,40.275
2026-03-01 06:00:00,63.8,30.4,37,1009.9,3.0,38,0.0,6,6,3,36.1,40.4,12.0,34.2,43.2,23.0,26.883333333333336,27.86666666666667,40.295833333333334
2026-03-01 07:00:00,90.9,32.6,31,1009.0,2.5,356,0.0,7,6,3,63.8,26.2,32.3,45.0,27.3,31.3,35.516666666666666,30.333333333333332,41.15416666666667
2026-03-01 08:00:00,57.9,33.2,30,1008.0,5.6,299,0.0,8,6,3,90.9,36.1,14.3,26.0,45.8,31.0,45.28333333333334,34.15833333333333,43.80416666666667
2026-03-01 09:00:00,65.3,33.0,34,1007.2,9.8,293,0.0,9,6,3,57.9,63.8,40.4,27.5,42.4,41.6,52.550000000000004,36.81666666666666,44.30833333333333
2026-03-01 10:00:00,59.6,32.6,34,1006.5,11.4,294,0.0,10,6,3,65.3,90.9,26.2,15.4,70.8,38.4,56.69999999999999,39.96666666666666,45.262499999999996
2026-03-01 11:00:00,58.2,31.8,35,1006.3,11.9,297,0.0,11,6,3,59.6,57.9,36.1,25.0,56.6,39.8,62.26666666666666,43.65,44.79583333333334
2026-03-01 12:00:00,66.1,30.5,37,1006.2,10.7,297,0.0,12,6,3,58.2,65.3,63.8,12.0,74.6,56.6,65.95,46.416666666666664,44.862500000000004
2026-03-01 13:00:00,78.5,28.8,39,1006.6,8.6,303,0.0,13,6,3,66.1,59.6,90.9,32.3,56.9,67.5,66.33333333333333,50.925000000000004,44.50833333333333
2026-03-01 14:00:00,59.1,27.2,44,1007.3,7.6,308,0.0,14,6,3,78.5,58.2,57.9,14.3,61.9,68.6,64.26666666666667,54.775000000000006,45.40833333333333
2026-03-01 15:00:00,50.6,26.2,48,1007.9,6.9,317,0.0,15,6,3,59.1,66.1,65.3,40.4,49.2,77.4,64.46666666666667,58.50833333333333,45.291666666666664
2026-03-01 16:00:00,73.3,25.6,50,1008.7,6.3,323,0.0,16,6,3,50.6,78.5,59.6,26.2,73.1,61.7,62.01666666666666,59.35833333333333,45.35
2026-03-01 17:00:00,47.0,24.8,53,1009.1,5.1,312,0.0,17,6,3,73.3,59.1,58.2,36.1,30.9,31.5,64.3,63.28333333333333,45.35833333333333
2026-03-01 18:00:00,28.3,23.9,64,1009.2,6.4,278,0.0,18,6,3,47.0,50.6,66.1,63.8,34.2,63.9,62.43333333333334,64.19166666666668,46.02916666666667
2026-03-01 19:00:00,43.3,23.2,75,1009.1,4.8,259,0.0,19,6,3,28.3,73.3,78.5,90.9,45.0,37.1,56.13333333333333,61.23333333333333,45.78333333333333
2026-03-01 20:00:00,36.0,22.8,84,1008.8,5.6,253,0.0,20,6,3,43.3,47.0,59.1,57.9,26.0,14.3,50.26666666666667,57.26666666666667,45.712500000000006
2026-03-01 21:00:00,31.6,22.0,93,1008.2,3.0,197,0.0,21,6,3,36.0,28.3,50.6,65.3,27.5,33.4,46.416666666666664,55.44166666666666,46.12916666666667
2026-03-01 22:00:00,12.0,21.5,94,1008.1,4.8,127,0.0,22,6,3,31.6,43.3,73.3,59.6,15.4,12.1,43.25,52.63333333333333,46.300000000000004
2026-03-01 23:00:00,12.0,20.9,98,1008.3,4.7,137,0.0,23,6,3,12.0,36.0,47.0,58.2,25.0,15.3,33.03333333333333,48.666666666666664,46.15833333333333
2026-03-02 00:00:00,28.8,20.7,100,1008.4,4.3,138,0.0,0,0,3,12.0,31.6,28.3,66.1,12.0,12.0,27.2,44.81666666666666,45.61666666666667
2026-03-02 01:00:00,15.0,20.6,100,1009.2,4.1,124,0.0,1,0,3,28.8,12.0,43.3,78.5,32.3,12.0,27.28333333333333,41.70833333333333,46.31666666666666
2026-03-02 02:00:00,12.0,20.5,100,1010.1,4.1,131,0.0,2,0,3,15.0,12.0,36.0,59.1,14.3,12.5,22.566666666666666,36.416666666666664,45.59583333333333
2026-03-02 03:00:00,44.2,22.2,96,1011.1,2.5,150,0.0,3,0,3,12.0,28.8,31.6,50.6,40.4,26.2,18.566666666666666,32.49166666666667,45.5
2026-03-02 04:00:00,42.8,25.5,78,1011.9,1.5,194,0.0,4,0,3,44.2,15.0,12.0,73.3,26.2,51.4,20.666666666666668,31.958333333333332,45.65833333333333
2026-03-02 05:00:00,65.4,29.2,50,1012.1,1.8,294,0.0,5,0,3,42.8,12.0,12.0,47.0,36.1,35.6,25.8,29.416666666666668,46.349999999999994
2026-03-02 06:00:00,50.8,30.7,42,1011.7,3.1,332,0.0,6,0,3,65.4,44.2,28.8,28.3,63.8,43.2,34.699999999999996,30.950000000000003,47.57083333333333
2026-03-02 07:00:00,51.1,33.1,34,1010.9,3.9,326,0.0,7,0,3,50.8,42.8,15.0,43.3,90.9,27.3,38.36666666666667,32.825,47.02916666666667
2026-03-02 08:00:00,83.4,34.1,32,1010.0,5.5,308,0.0,8,0,3,51.1,65.4,12.0,36.0,57.9,45.8,44.38333333333333,33.475,45.37083333333333
2026-03-02 09:00:00,84.2,34.4,32,1009.0,8.0,304,0.0,9,0,3,83.4,50.8,44.2,31.6,65.3,42.4,56.28333333333334,37.425000000000004,46.43333333333334
2026-03-02 10:00:00,66.2,34.2,34,1008.3,10.2,302,0.0,10,0,3,84.2,51.1,42.8,12.0,59.6,70.8,62.949999999999996,41.80833333333333,47.22083333333333
2026-03-02 11:00:00,71.8,33.7,34,1008.0,9.8,302,0.0,11,0,3,66.2,83.4,65.4,12.0,58.2,56.6,66.85000000000001,46.324999999999996,47.49583333333334
2026-03-02 12:00:00,64.8,32.8,34,1008.0,9.0,293,0.0,12,0,3,71.8,84.2,50.8,28.8,66.1,74.6,67.91666666666667,51.30833333333334,48.0625
2026-03-02 13:00:00,58.1,31.1,36,1008.5,7.3,303,0.0,13,0,3,64.8,66.2,51.1,15.0,78.5,56.9,70.25,54.30833333333334,48.00833333333333
2026-03-02 14:00:00,86.6,28.9,45,1009.0,7.3,314,0.0,14,0,3,58.1,71.8,83.4,12.0,59.1,61.9,71.41666666666667,57.900000000000006,47.15833333333334
2026-03-02 15:00:00,72.5,27.2,50,1009.8,6.5,314,0.0,15,0,3,86.6,64.8,84.2,44.2,50.6,49.2,71.95,64.11666666666667,48.30416666666667
2026-03-02 16:00:00,73.7,26.2,52,1010.6,6.7,306,0.0,16,0,3,72.5,58.1,66.2,42.8,73.3,73.1,70.0,66.47500000000001,49.21666666666667
2026-03-02 17:00:00,65.2,25.5,54,1010.9,6.9,317,0.0,17,0,3,73.7,86.6,71.8,65.4,47.0,30.9,71.25,69.05,49.23333333333334
2026-03-02 18:00:00,65.2,24.8,58,1010.9,4.1,331,0.0,18,0,3,65.2,72.5,64.8,50.8,28.3,34.2,70.14999999999999,69.03333333333335,49.991666666666674
2026-03-02 19:00:00,62.2,24.0,62,1010.7,3.2,341,0.0,19,0,3,65.2,73.7,58.1,51.1,43.3,45.0,70.21666666666667,70.23333333333333,51.52916666666667
2026-03-02 20:00:00,45.5,23.3,71,1010.4,3.1,347,0.0,20,0,3,62.2,65.2,86.6,83.4,36.0,26.0,70.89999999999999,71.15833333333333,52.31666666666666
2026-03-02 21:00:00,54.9,22.5,75,1010.0,0.5,90,0.0,21,0,3,45.5,65.2,72.5,84.2,31.6,27.5,64.05,68.0,52.7125
2026-03-02 22:00:00,43.5,21.8,75,1009.5,1.5,144,0.0,22,0,3,54.9,62.2,73.7,66.2,12.0,15.4,61.11666666666667,65.55833333333332,53.68333333333334
2026-03-02 23:00:00,23.1,21.2,77,1009.2,2.0,175,0.0,23,0,3,43.5,45.5,65.2,71.8,12.0,25.0,56.083333333333336,63.666666666666664,54.99583333333334
2026-03-03 00:00:00,30.7,21.0,81,1009.5,0.2,90,0.0,0,1,3,23.1,54.9,65.2,64.8,28.8,12.0,49.06666666666666,59.60833333333333,55.458333333333336
2026-03-03 01:00:00,17.9,20.4,85,1010.0,6.2,10,0.0,1,1,3,30.7,43.5,62.2,58.1,15.0,32.3,43.31666666666667,56.76666666666667,55.5375
2026-03-03 02:00:00,14.7,20.9,81,1010.7,7.7,21,0.0,2,1,3,17.9,23.1,45.5,86.6,12.0,14.3,35.93333333333333,53.416666666666664,55.65833333333334
2026-03-03 03:00:00,49.7,24.8,57,1011.6,4.9,24,0.0,3,1,3,14.7,30.7,54.9,72.5,44.2,40.4,30.8,47.425000000000004,55.770833333333336
2026-03-03 04:00:00,49.6,28.9,42,1012.3,4.8,31,0.0,4,1,3,49.7,17.9,43.5,73.7,42.8,26.2,29.933333333333334,45.525,56.0
2026-03-03 05:00:00,43.1,32.2,32,1012.4,7.7,30,0.0,5,1,3,49.6,14.7,23.1,65.2,65.4,36.1,30.95,43.51666666666667,56.28333333333334
2026-03-03 06:00:00,35.0,34.2,27,1012.0,7.2,35,0.0,6,1,3,43.1,49.7,30.7,65.2,50.8,63.8,34.28333333333333,41.675,55.354166666666664
2026-03-03 07:00:00,43.6,36.3,23,1011.2,6.3,24,0.0,7,1,3,35.0,49.6,17.9,62.2,51.1,90.9,35.0,39.15833333333333,54.69583333333333
2026-03-03 08:00:00,58.9,37.4,21,1009.9,6.7,352,0.0,8,1,3,43.6,43.1,14.7,45.5,83.4,57.9,39.28333333333334,37.608333333333334,54.38333333333333
2026-03-03 09:00:00,60.6,37.5,23,1009.1,9.9,333,0.0,9,1,3,58.9,35.0,49.7,54.9,84.2,65.3,46.65,38.725,53.362500000000004
2026-03-03 10:00:00,62.7,36.8,26,1008.4,12.5,328,0.0,10,1,3,60.6,43.6,49.6,43.5,66.2,59.6,48.46666666666667,39.2,52.37916666666666
2026-03-03 11:00:00,67.2,35.7,27,1008.3,12.9,324,0.0,11,1,3,62.7,58.9,43.1,23.1,71.8,58.2,50.650000000000006,40.800000000000004,52.23333333333333
2026-03-03 12:00:00,38.0,34.0,31,1008.4,12.2,317,0.0,12,1,3,67.2,60.6,35.0,30.7,64.8,66.1,54.666666666666664,44.475,52.041666666666664
2026-03-03 13:00:00,63.8,31.7,33,1009.1,10.2,318,0.0,13,1,3,38.0,62.7,43.6,17.9,58.1,78.5,55.166666666666664,45.083333333333336,50.925000000000004
2026-03-03 14:00:00,82.6,30.2,33,1009.7,9.4,322,0.0,14,1,3,63.8,67.2,58.9,14.7,86.6,59.1,58.53333333333334,48.90833333333334,51.162499999999994
2026-03-03 15:00:00,57.8,29.6,32,1010.4,8.9,328,0.0,15,1,3,82.6,38.0,60.6,49.7,72.5,50.6,62.48333333333333,54.56666666666666,50.99583333333334
2026-03-03 16:00:00,41.2,29.2,32,1011.0,9.9,348,0.0,16,1,3,57.8,63.8,62.7,49.6,73.7,73.3,62.01666666666667,55.24166666666667,50.38333333333333
2026-03-03 17:00:00,43.7,28.7,33,1011.1,9.4,358,0.0,17,1,3,41.2,82.6,67.2,43.1,65.2,47.0,58.43333333333333,54.541666666666664,49.02916666666667
2026-03-03 18:00:00,45.0,27.8,37,1010.9,9.5,19,0.0,18,1,3,43.7,57.8,38.0,35.0,65.2,28.3,54.51666666666667,54.59166666666667,48.133333333333326
2026-03-03 19:00:00,23.0,27.0,41,1010.8,8.6,30,0.0,19,1,3,45.0,41.2,63.8,43.6,62.2,43.3,55.68333333333334,55.425000000000004,47.291666666666664
2026-03-03 20:00:00,19.6,26.5,43,1010.4,7.3,33,0.0,20,1,3,23.0,43.7,82.6,58.9,45.5,36.0,48.883333333333326,53.708333333333336,45.65833333333333
2026-03-03 21:00:00,12.0,26.2,44,1009.9,9.5,57,0.0,21,1,3,19.6,45.0,57.8,60.6,54.9,31.6,38.38333333333333,50.43333333333334,44.57916666666667
2026-03-03 22:00:00,22.2,24.5,49,1009.7,3.1,310,0.0,22,1,3,12.0,23.0,41.2,62.7,43.5,12.0,30.75,46.38333333333333,42.791666666666664
2026-03-03 23:00:00,12.0,23.3,56,1009.9,7.0,325,0.0,23,1,3,22.2,19.6,43.7,67.2,23.1,12.0,27.58333333333334,43.00833333333333,41.90416666666667
2026-03-04 00:00:00,12.0,23.1,63,1010.2,6.4,27,0.0,0,2,3,12.0,12.0,45.0,38.0,30.7,28.8,22.3,38.40833333333333,41.44166666666667
2026-03-04 01:00:00,12.0,22.7,65,1011.0,7.6,19,0.0,1,2,3,12.0,22.2,23.0,63.8,17.9,15.0,16.8,36.24166666666667,40.6625
2026-03-04 02:00:00,29.4,22.4,66,1011.8,9.4,23,0.0,2,2,3,12.0,12.0,19.6,82.6,14.7,12.0,14.966666666666667,31.925,40.416666666666664
2026-03-04 03:00:00,16.4,25.3,54,1012.8,7.0,13,0.0,3,2,3,29.4,12.0,12.0,57.8,49.7,44.2,16.599999999999998,27.491666666666664,41.02916666666666
2026-03-04 04:00:00,23.4,29.4,40,1013.5,6.3,20,0.0,4,2,3,16.4,12.0,22.2,41.2,49.6,42.8,17.333333333333332,24.04166666666667,39.64166666666667
2026-03-04 05:00:00,34.1,33.2,30,1013.5,8.3,34,0.0,5,2,3,23.4,29.4,12.0,43.7,43.1,65.4,17.533333333333335,22.558333333333334,38.550000000000004
2026-03-04 06:00:00,53.3,35.7,23,1012.7,11.1,30,0.0,6,2,3,34.1,16.4,12.0,45.0,35.0,50.8,21.216666666666665,21.758333333333336,38.175000000000004
2026-03-04 07:00:00,45.4,37.6,19,1011.9,9.9,19,0.0,7,2,3,53.3,23.4,12.0,23.0,43.6,51.1,28.099999999999998,22.45,38.9375
2026-03-04 08:00:00,60.7,38.3,18,1010.8,10.5,355,0.0,8,2,3,45.4,34.1,29.4,19.6,58.9,83.4,33.666666666666664,24.316666666666666,39.012499999999996
2026-03-04 09:00:00,51.9,38.2,18,1009.9,12.9,342,0.0,9,2,3,60.7,53.3,16.4,12.0,60.6,84.2,38.88333333333333,27.741666666666664,39.0875
2026-03-04 10:00:00,45.2,37.6,20,1009.2,14.3,332,0.0,10,2,3,51.9,45.4,23.4,22.2,62.7,66.2,44.79999999999999,31.066666666666663,38.725
2026-03-04 11:00:00,42.1,36.5,22,1009.0,14.5,323,0.0,11,2,3,45.2,60.7,34.1,12.0,67.2,71.8,48.43333333333334,32.98333333333333,37.99583333333334
2026-03-04 12:00:00,79.6,34.9,26,1008.8,13.3,319,0.0,12,2,3,42.1,51.9,53.3,12.0,38.0,64.8,49.76666666666666,35.49166666666667,36.949999999999996
2026-03-04 13:00:00,60.5,32.6,27,1009.2,12.3,320,0.0,13,2,3,79.6,45.2,45.4,12.0,63.8,58.1,54.15,41.125,38.68333333333333
2026-03-04 14:00:00,65.5,31.4,24,1009.8,11.0,330,0.0,14,2,3,60.5,42.1,60.7,29.4,82.6,86.6,56.666666666666664,45.166666666666664,38.545833333333334
2026-03-04 15:00:00,31.0,30.5,27,1010.6,9.8,343,0.0,15,2,3,65.5,79.6,51.9,16.4,57.8,72.5,57.46666666666666,48.175000000000004,37.833333333333336
2026-03-04 16:00:00,41.4,29.8,30,1011.2,8.8,5,0.0,16,2,3,31.0,60.5,45.2,23.4,41.2,73.7,53.98333333333333,49.39166666666667,36.71666666666667
2026-03-04 17:00:00,28.8,29.2,30,1011.4,9.7,10,0.0,17,2,3,41.4,65.5,42.1,34.1,43.7,65.2,53.35,50.89166666666667,36.725
2026-03-04 18:00:00,14.6,28.6,30,1011.1,9.4,353,0.0,18,2,3,28.8,31.0,79.6,53.3,45.0,65.2,51.13333333333333,50.449999999999996,36.104166666666664
2026-03-04 19:00:00,33.6,28.0,31,1010.7,10.4,8,0.0,19,2,3,14.6,41.4,60.5,45.4,23.0,62.2,40.300000000000004,47.224999999999994,34.8375
2026-03-04 20:00:00,27.7,27.4,32,1010.3,10.5,7,0.0,20,2,3,33.6,28.8,65.5,60.7,19.6,45.5,35.81666666666667,46.24166666666667,35.27916666666666
2026-03-04 21:00:00,12.0,26.9,33,1010.0,11.3,7,0.0,21,2,3,27.7,14.6,31.0,51.9,12.0,54.9,29.516666666666666,43.49166666666667,35.61666666666667
2026-03-04 22:00:00,14.2,25.6,43,1009.9,11.9,340,0.0,22,2,3,12.0,33.6,41.4,45.2,22.2,43.5,26.349999999999998,40.166666666666664,35.61666666666667
2026-03-04 23:00:00,12.0,24.5,55,1010.0,11.9,5,0.0,23,2,3,14.2,27.7,28.8,42.1,12.0,23.1,21.816666666666663,37.58333333333333,35.28333333333333
2026-03-05 00:00:00,12.0,23.9,57,1010.3,11.8,13,0.0,0,3,3,12.0,12.0,14.6,79.6,12.0,30.7,19.016666666666666,35.074999999999996,35.28333333333333
2026-03-05 01:00:00,29.4,23.5,53,1011.0,11.6,18,0.0,1,3,3,12.0,14.2,33.6,60.5,12.0,17.9,18.583333333333332,29.441666666666663,35.28333333333333
2026-03-05 02:00:00,12.0,23.4,51,1011.7,12.1,10,0.0,2,3,3,29.4,12.0,27.7,65.5,29.4,14.7,17.883333333333336,26.849999999999998,36.00833333333333
2026-03-05 03:00:00,12.0,25.7,44,1012.4,9.8,5,0.0,3,3,3,12.0,12.0,12.0,31.0,16.4,49.7,15.266666666666666,22.39166666666667,35.28333333333334
2026-03-05 04:00:00,17.7,28.8,37,1013.0,12.2,8,0.0,4,3,3,12.0,29.4,14.2,41.4,23.4,49.6,15.266666666666666,20.808333333333334,35.1
2026-03-05 05:00:00,15.7,31.5,30,1013.2,12.4,9,0.0,5,3,3,17.7,12.0,12.0,28.8,34.1,43.1,15.85,18.833333333333332,34.8625
2026-03-05 06:00:00,39.1,34.0,25,1012.7,12.4,3,0.0,6,3,3,15.7,12.0,12.0,14.6,53.3,35.0,16.466666666666665,17.741666666666667,34.09583333333333
2026-03-05 07:00:00,27.6,36.0,22,1011.7,13.5,357,0.0,7,3,3,39.1,17.7,29.4,33.6,45.4,43.6,20.983333333333334,19.78333333333333,33.50416666666667
2026-03-05 08:00:00,32.3,36.8,21,1010.5,13.6,348,0.0,8,3,3,27.6,15.7,12.0,27.7,60.7,58.9,20.683333333333334,19.28333333333333,32.762499999999996
2026-03-05 09:00:00,55.6,37.1,19,1009.4,13.9,336,0.0,9,3,3,32.3,39.1,12.0,12.0,51.9,60.6,24.066666666666663,19.666666666666668,31.579166666666666
2026-03-05 10:00:00,51.5,36.9,18,1008.4,14.1,329,0.0,10,3,3,55.6,27.6,17.7,14.2,45.2,62.7,31.333333333333332,23.3,31.733333333333334
2026-03-05 11:00:00,61.3,36.3,17,1008.0,13.5,324,0.0,11,3,3,51.5,32.3,15.7,12.0,42.1,67.2,36.96666666666667,26.408333333333335,31.995833333333337
2026-03-05 12:00:00,50.5,35.1,18,1008.1,11.9,321,0.0,12,3,3,61.3,55.6,39.1,12.0,79.6,38.0,44.56666666666667,30.516666666666666,32.795833333333334
2026-03-05 13:00:00,83.9,33.3,20,1008.2,8.1,328,0.0,13,3,3,50.5,51.5,27.6,29.4,60.5,63.8,46.46666666666667,33.725,31.583333333333332
2026-03-05 14:00:00,93.0,31.8,22,1008.5,5.9,340,0.0,14,3,3,83.9,61.3,32.3,12.0,65.5,82.6,55.85,38.266666666666666,32.55833333333333
2026-03-05 15:00:00,79.7,30.3,24,1009.3,5.2,4,0.0,15,3,3,93.0,50.5,55.6,12.0,31.0,57.8,65.96666666666665,45.01666666666667,33.704166666666666
2026-03-05 16:00:00,57.5,29.7,24,1009.8,5.8,22,0.0,16,3,3,79.7,83.9,51.5,17.7,41.4,41.2,69.98333333333333,50.65833333333333,35.733333333333334
2026-03-05 17:00:00,43.7,28.8,25,1010.1,6.5,355,0.0,17,3,3,57.5,93.0,61.3,15.7,28.8,43.7,70.98333333333333,53.975,36.40416666666667
2026-03-05 18:00:00,32.5,28.3,26,1010.0,9.8,30,0.0,18,3,3,43.7,79.7,50.5,39.1,14.6,45.0,68.05,56.30833333333334,37.025
2026-03-05 19:00:00,18.6,25.8,34,1009.8,12.1,300,0.0,19,3,3,32.5,57.5,83.9,27.6,33.6,23.0,65.05,55.75833333333333,37.770833333333336
2026-03-05 20:00:00,12.0,25.6,46,1009.3,11.7,326,0.0,20,3,3,18.6,43.7,93.0,32.3,27.7,19.6,54.166666666666664,55.00833333333333,37.145833333333336
2026-03-05 21:00:00,12.0,25.0,51,1009.0,11.9,326,0.0,21,3,3,12.0,32.5,79.7,55.6,12.0,12.0,40.666666666666664,53.31666666666667,36.49166666666667
2026-03-05 22:00:00,12.0,24.3,54,1008.4,11.0,332,0.0,22,3,3,12.0,18.6,57.5,51.5,14.2,22.2,29.383333333333336,49.68333333333334,36.49166666666667
2026-03-05 23:00:00,12.0,23.4,60,1008.3,11.0,341,0.0,23,3,3,12.0,12.0,43.7,61.3,12.0,12.0,21.8,46.39166666666667,36.4
2026-03-06 00:00:00,12.0,22.7,72,1008.5,9.6,348,0.0,0,4,3,12.0,12.0,32.5,50.5,12.0,12.0,16.516666666666666,42.28333333333334,36.4
2026-03-06 01:00:00,16.8,22.3,76,1009.0,9.4,8,0.0,1,4,3,12.0,12.0,18.6,83.9,29.4,12.0,13.1,39.075,36.4
2026-03-06 02:00:00,12.0,22.0,77,1009.9,9.7,29,0.0,2,4,3,16.8,12.0,12.0,93.0,12.0,29.4,12.799999999999999,33.483333333333334,35.875
2026-03-06 03:00:00,29.0,24.2,67,1010.7,6.4,36,0.0,3,4,3,12.0,12.0,12.0,79.7,12.0,16.4,12.799999999999999,26.733333333333334,35.875
2026-03-06 04:00:00,16.4,27.2,55,1011.4,5.7,28,0.0,4,4,3,29.0,16.8,12.0,57.5,17.7,23.4,15.633333333333333,22.508333333333336,36.583333333333336
2026-03-06 05:00:00,32.2,30.4,43,1011.4,5.4,14,0.0,5,4,3,16.4,12.0,12.0,43.7,15.7,34.1,16.366666666666667,19.083333333333336,36.52916666666667
2026-03-06 06:00:00,36.7,32.5,35,1011.1,4.0,3,0.0,6,4,3,32.2,29.0,12.0,32.5,39.1,53.3,19.733333333333334,18.125,37.21666666666667
2026-03-06 07:00:00,65.2,34.9,28,1010.1,3.8,329,0.0,7,4,3,36.7,16.4,16.8,18.6,27.6,45.4,23.850000000000005,18.474999999999998,37.11666666666667
2026-03-06 08:00:00,70.3,35.8,28,1008.9,7.0,305,0.0,8,4,3,65.2,32.2,12.0,12.0,32.3,60.7,31.916666666666668,22.358333333333334,38.68333333333334
2026-03-06 09:00:00,33.8,35.9,27,1007.8,9.7,298,0.0,9,4,3,70.3,36.7,29.0,12.0,55.6,51.9,41.63333333333333,27.21666666666667,40.266666666666666
2026-03-06 10:00:00,88.0,35.7,23,1007.3,10.7,295,0.0,10,4,3,33.8,65.2,16.4,12.0,51.5,45.2,42.43333333333334,29.03333333333333,39.35833333333333
2026-03-06 11:00:00,55.6,35.2,20,1006.8,10.3,295,0.0,11,4,3,88.0,70.3,32.2,12.0,61.3,42.1,54.36666666666667,35.36666666666667,40.87916666666666
2026-03-06 12:00:00,70.6,33.9,21,1006.8,9.5,297,0.0,12,4,3,55.6,33.8,36.7,12.0,50.5,79.6,58.26666666666667,39.0,40.641666666666666
2026-03-06 13:00:00,68.8,31.9,25,1007.1,7.5,300,0.0,13,4,3,70.6,88.0,65.2,16.8,83.9,60.5,63.916666666666664,43.88333333333333,41.479166666666664
2026-03-06 14:00:00,62.4,29.6,32,1007.6,6.2,300,0.0,14,4,3,68.8,55.6,70.3,12.0,93.0,65.5,64.51666666666667,48.21666666666667,40.85
2026-03-06 15:00:00,58.1,28.0,38,1008.4,6.2,300,0.0,15,4,3,62.4,70.6,33.8,29.0,79.7,31.0,63.199999999999996,52.416666666666664,39.575
2026-03-06 16:00:00,37.8,26.4,47,1008.9,7.5,285,0.0,16,4,3,58.1,68.8,88.0,16.4,57.5,41.4,67.25,54.84166666666667,38.675
2026-03-06 17:00:00,41.0,25.2,59,1008.8,7.2,297,0.0,17,4,3,37.8,62.4,55.6,32.2,43.7,28.8,58.88333333333333,56.625,37.854166666666664
2026-03-06 18:00:00,41.4,24.6,70,1008.9,6.7,286,0.0,18,4,3,41.0,58.1,70.6,36.7,32.5,14.6,56.449999999999996,57.35833333333333,37.74166666666667
2026-03-06 19:00:00,49.8,24.2,75,1008.6,6.5,276,0.0,19,4,3,41.4,37.8,68.8,65.2,18.6,33.6,51.583333333333336,57.75,38.1125
2026-03-06 20:00:00,25.2,23.6,79,1008.3,4.0,297,0.0,20,4,3,49.8,41.0,62.4,70.3,12.0,27.7,48.416666666666664,56.46666666666667,39.4125
2026-03-06 21:00:00,40.4,22.5,85,1007.9,2.3,4,0.0,21,4,3,25.2,41.4,58.1,33.8,12.0,12.0,42.21666666666667,52.708333333333336,39.9625
2026-03-06 22:00:00,26.8,21.9,87,1007.6,3.0,38,0.0,22,4,3,40.4,49.8,37.8,88.0,12.0,14.2,39.26666666666666,53.258333333333326,41.145833333333336
2026-03-06 23:00:00,12.0,21.3,88,1007.6,4.9,17,0.0,23,4,3,26.8,25.2,41.0,55.6,12.0,12.0,37.43333333333333,48.15833333333333,41.7625
2026-03-07 00:00:00,28.7,20.3,94,1007.7,3.2,38,0.0,0,5,3,12.0,40.4,41.4,70.6,12.0,12.0,32.6,44.525,41.7625
2026-03-07 01:00:00,22.8,19.9,95,1008.7,5.0,44,0.0,1,5,3,28.7,26.8,49.8,68.8,16.8,29.4,30.48333333333333,41.03333333333334,42.458333333333336
2026-03-07 02:00:00,12.3,20.1,92,1009.7,7.2,35,0.0,2,5,3,22.8,12.0,25.2,62.4,12.0,12.0,25.983333333333334,37.2,42.708333333333336
2026-03-07 03:00:00,39.8,23.6,74,1010.5,4.6,26,0.0,3,5,3,12.3,28.7,40.4,58.1,29.0,12.0,23.833333333333332,33.025,42.72083333333333
2026-03-07 04:00:00,30.0,27.5,54,1011.0,5.4,20,0.0,4,5,3,39.8,22.8,26.8,37.8,16.4,17.7,23.733333333333334,31.5,43.17083333333333
2026-03-07 05:00:00,15.9,30.8,40,1011.3,5.5,19,0.0,5,5,3,30.0,12.3,12.0,41.0,32.2,15.7,24.266666666666666,30.849999999999998,43.737500000000004
2026-03-07 06:00:00,47.9,32.9,34,1010.9,5.2,22,0.0,6,5,3,15.9,39.8,28.7,41.4,36.7,39.1,24.916666666666668,28.758333333333336,43.05833333333333
2026-03-07 07:00:00,56.5,35.5,28,1010.0,5.2,12,0.0,7,5,3,47.9,30.0,22.8,49.8,65.2,27.6,28.116666666666664,29.3,43.525
2026-03-07 08:00:00,59.9,36.8,25,1008.7,6.3,345,0.0,8,5,3,56.5,15.9,12.3,25.2,70.3,32.3,33.73333333333333,29.858333333333334,43.162499999999994
2026-03-07 09:00:00,56.1,37.2,26,1007.5,8.6,330,0.0,9,5,3,59.9,47.9,39.8,40.4,33.8,55.6,41.666666666666664,32.75,42.729166666666664
2026-03-07 10:00:00,75.6,36.7,30,1007.0,10.8,323,0.0,10,5,3,56.1,56.5,30.0,26.8,88.0,51.5,44.38333333333333,34.05833333333333,43.65833333333333
2026-03-07 11:00:00,58.8,35.6,33,1006.9,12.2,319,0.0,11,5,3,75.6,59.9,15.9,12.0,55.6,61.3,51.98333333333333,38.125,43.14166666666667
2026-03-07 12:00:00,60.9,33.9,35,1007.0,12.1,320,0.0,12,5,3,58.8,56.1,47.9,28.7,70.6,50.5,59.13333333333333,42.025,43.275
2026-03-07 13:00:00,82.0,31.6,37,1007.5,9.8,322,0.0,13,5,3,60.9,75.6,56.5,22.8,68.8,83.9,61.29999999999999,44.708333333333336,42.87083333333334
2026-03-07 14:00:00,65.8,29.5,38,1008.0,9.7,332,0.0,14,5,3,82.0,58.8,59.9,12.3,62.4,93.0,65.55,49.64166666666667,43.42083333333333
2026-03-07 15:00:00,78.8,28.7,35,1008.8,9.1,345,0.0,15,5,3,65.8,60.9,56.1,39.8,58.1,79.7,66.53333333333333,54.099999999999994,43.5625
2026-03-07 16:00:00,76.3,28.5,32,1009.6,9.7,359,0.0,16,5,3,78.8,82.0,75.6,30.0,37.8,57.5,70.31666666666666,57.35,44.425000000000004
2026-03-07 17:00:00,39.8,28.1,32,1009.8,9.1,18,0.0,17,5,3,76.3,65.8,58.8,15.9,41.0,43.7,70.43333333333332,61.208333333333336,46.02916666666667
2026-03-07 18:00:00,53.3,27.3,39,1009.7,6.3,18,0.0,18,5,3,39.8,78.8,60.9,47.9,41.4,32.5,67.26666666666667,63.199999999999996,45.979166666666664
2026-03-07 19:00:00,57.4,25.6,44,1009.6,3.8,335,0.0,19,5,3,53.3,76.3,82.0,56.5,49.8,18.6,66.0,63.650000000000006,46.474999999999994
2026-03-07 20:00:00,44.8,24.3,48,1009.1,3.7,321,0.0,20,5,3,57.4,39.8,65.8,59.9,25.2,12.0,61.9,63.725,46.791666666666664
2026-03-07 21:00:00,39.3,23.2,52,1008.7,4.1,358,0.0,21,5,3,44.8,53.3,78.8,56.1,40.4,12.0,58.4,62.46666666666666,47.60833333333333
2026-03-07 22:00:00,12.0,22.5,55,1008.5,6.0,351,0.0,22,5,3,39.3,57.4,76.3,75.6,26.8,12.0,51.81666666666667,61.06666666666667,47.56249999999999
2026-03-07 23:00:00,12.0,21.9,59,1008.4,8.4,353,0.0,23,5,3,12.0,44.8,39.8,58.8,12.0,12.0,41.1,55.76666666666667,46.945833333333326
2026-03-08 00:00:00,12.0,21.8,62,1008.5,9.2,6,0.0,0,6,3,12.0,39.3,53.3,60.9,28.7,12.0,36.46666666666666,51.86666666666667,46.945833333333326
2026-03-08 01:00:00,13.4,22.3,64,1008.9,9.4,12,0.0,1,6,3,12.0,12.0,57.4,82.0,22.8,16.8,29.583333333333332,47.791666666666664,46.24999999999999
2026-03-08 02:00:00,12.0,22.8,62,1009.7,10.8,18,0.0,2,6,3,13.4,12.0,44.8,65.8,12.3,12.0,22.25,42.074999999999996,45.85833333333333
2026-03-08 03:00:00,44.0,25.9,50,1010.4,9.3,15,0.0,3,6,3,12.0,12.0,39.3,78.8,39.8,29.0,16.78333333333333,37.59166666666667,45.84583333333333
2026-03-08 04:00:00,12.0,30.0,37,1011.1,8.9,18,0.0,4,6,3,44.0,13.4,12.0,76.3,30.0,16.4,17.566666666666666,34.69166666666666,46.020833333333336
2026-03-08 05:00:00,28.2,33.5,30,1011.3,11.4,25,0.0,5,6,3,12.0,12.0,12.0,39.8,15.9,32.2,17.566666666666666,29.333333333333332,45.270833333333336
2026-03-08 06:00:00,44.5,36.0,25,1010.8,12.0,30,0.0,6,6,3,28.2,44.0,12.0,53.3,47.9,36.7,20.266666666666666,28.36666666666667,45.78333333333333
2026-03-08 07:00:00,16.5,38.2,20,1010.0,11.5,30,0.0,7,6,3,44.5,12.0,13.4,57.4,56.5,65.2,25.683333333333334,27.633333333333336,45.64166666666667
2026-03-08 08:00:00,63.5,39.6,17,1008.6,10.6,24,0.0,8,6,3,16.5,28.2,12.0,44.8,59.9,70.3,26.2,24.224999999999998,43.975
2026-03-08 09:00:00,81.7,40.1,15,1007.6,10.5,7,0.0,9,6,3,63.5,44.5,44.0,39.3,56.1,33.8,34.78333333333333,25.78333333333333,44.125
2026-03-08 10:00:00,58.6,39.8,15,1006.6,11.7,356,0.0,10,6,3,81.7,16.5,12.0,12.0,75.6,88.0,41.06666666666666,29.316666666666663,45.19166666666666
2026-03-08 11:00:00,74.3,38.7,20,1006.4,12.7,342,0.0,11,6,3,58.6,63.5,28.2,12.0,58.8,55.6,48.833333333333336,33.199999999999996,44.48333333333334
2026-03-08 12:00:00,58.0,36.3,30,1006.6,12.5,333,0.0,12,6,3,74.3,81.7,44.5,12.0,60.9,70.6,56.51666666666667,38.391666666666666,45.12916666666666
2026-03-08 13:00:00,32.5,33.0,38,1007.0,13.5,324,0.0,13,6,3,58.0,58.6,16.5,13.4,82.0,68.8,58.76666666666667,42.225,45.00833333333333
2026-03-08 14:00:00,79.2,31.7,35,1007.9,13.3,333,0.0,14,6,3,32.5,74.3,63.5,12.0,65.8,62.4,61.43333333333334,43.81666666666666,42.94583333333333
2026-03-08 15:00:00,20.8,31.2,33,1008.8,12.2,346,0.0,15,6,3,79.2,58.0,81.7,44.0,78.8,58.1,64.05,49.416666666666664,43.50416666666667
2026-03-08 16:00:00,41.1,30.8,30,1009.4,12.0,344,0.0,16,6,3,20.8,32.5,58.6,12.0,76.3,37.8,53.900000000000006,47.48333333333334,41.0875
2026-03-08 17:00:00,55.9,30.3,29,1009.7,11.3,359,0.0,17,6,3,41.1,79.2,74.3,28.2,39.8,41.0,50.98333333333333,49.90833333333333,39.62083333333333
2026-03-08 18:00:00,34.6,29.9,30,1009.5,10.5,6,0.0,18,6,3,55.9,20.8,58.0,44.5,53.3,41.4,47.916666666666664,52.21666666666667,40.291666666666664
2026-03-08 19:00:00,35.6,29.1,31,1009.5,9.6,8,0.0,19,6,3,34.6,41.1,32.5,16.5,57.4,49.8,44.01666666666667,51.39166666666666,39.512499999999996
2026-03-08 20:00:00,12.0,28.1,32,1009.0,10.3,19,0.0,20,6,3,35.6,55.9,79.2,63.5,44.8,25.2,44.53333333333333,52.98333333333333,38.604166666666664
2026-03-08 21:00:00,12.0,27.3,33,1008.4,11.0,28,0.0,21,6,3,12.0,34.6,20.8,81.7,39.3,40.4,33.333333333333336,48.69166666666666,37.237500000000004
2026-03-08 22:00:00,12.0,26.6,34,1008.0,11.4,29,0.0,22,6,3,12.0,35.6,41.1,58.6,12.0,26.8,31.86666666666667,42.88333333333333,36.1
2026-03-08 23:00:00,12.0,26.0,35,1008.1,11.2,30,0.0,23,6,3,12.0,12.0,55.9,74.3,12.0,12.0,27.01666666666667,39.0,36.1
2026-03-09 00:00:00,14.0,25.6,38,1008.6,10.7,22,0.0,0,0,3,12.0,12.0,34.6,58.0,12.0,28.7,19.700000000000003,33.80833333333333,36.1
2026-03-09 01:00:00,12.0,24.4,41,1009.5,10.8,3,0.0,1,0,3,14.0,12.0,35.6,32.5,13.4,22.8,16.266666666666666,30.141666666666666,36.18333333333333
2026-03-09 02:00:00,12.0,24.0,41,1010.1,11.9,4,0.0,2,0,3,12.0,12.0,12.0,79.2,12.0,12.3,12.333333333333334,28.433333333333334,36.125
2026-03-09 03:00:00,13.6,26.8,35,1010.8,10.1,6,0.0,3,0,3,12.0,14.0,12.0,20.8,44.0,39.8,12.333333333333334,22.833333333333332,36.125
2026-03-09 04:00:00,37.0,30.6,27,1011.3,7.6,18,0.0,4,0,3,13.6,12.0,12.0,41.1,12.0,30.0,12.6,22.233333333333334,34.858333333333334
2026-03-09 05:00:00,50.9,34.2,21,1011.4,9.1,25,0.0,5,0,3,37.0,12.0,12.0,55.9,28.2,15.9,16.766666666666666,21.891666666666666,35.9
2026-03-09 06:00:00,43.4,36.8,17,1011.2,10.5,27,0.0,6,0,3,50.9,13.6,14.0,34.6,44.5,47.9,23.25,21.474999999999998,36.84583333333333
2026-03-09 07:00:00,71.1,38.9,15,1010.2,10.7,30,0.0,7,0,3,43.4,37.0,12.0,35.6,16.5,56.5,28.150000000000002,22.208333333333332,36.8
2026-03-09 08:00:00,71.5,40.1,13,1009.1,9.2,28,0.0,8,0,3,71.1,50.9,12.0,12.0,63.5,59.9,38.0,25.166666666666668,39.074999999999996
2026-03-09 09:00:00,68.9,40.7,12,1007.9,9.3,22,0.0,9,0,3,71.5,43.4,13.6,12.0,81.7,56.1,47.916666666666664,30.125,39.40833333333333
2026-03-09 10:00:00,59.5,40.5,12,1006.9,9.0,3,0.0,10,0,3,68.9,71.1,37.0,12.0,58.6,75.6,57.133333333333326,34.86666666666667,38.875
2026-03-09 11:00:00,67.4,39.6,15,1006.7,9.6,348,0.0,11,0,3,59.5,71.5,50.9,12.0,74.3,58.8,60.883333333333326,38.824999999999996,38.9125
2026-03-09 12:00:00,99.2,37.6,20,1006.8,10.5,341,0.0,12,0,3,67.4,68.9,43.4,14.0,58.0,60.9,63.63333333333333,43.44166666666666,38.625
2026-03-09 13:00:00,27.8,34.2,26,1007.3,13.0,331,0.0,13,0,3,99.2,59.5,71.1,12.0,32.5,82.0,72.93333333333334,50.541666666666664,40.34166666666666
2026-03-09 14:00:00,67.1,32.6,24,1008.1,12.7,333,0.0,14,0,3,27.8,67.4,71.5,12.0,79.2,65.8,65.71666666666667,51.85833333333333,40.145833333333336
2026-03-09 15:00:00,59.1,31.8,26,1008.8,9.0,338,0.0,15,0,3,67.1,99.2,68.9,13.6,20.8,78.8,64.98333333333333,56.449999999999996,39.641666666666666
2026-03-09 16:00:00,44.9,30.8,31,1009.6,7.2,12,0.0,16,0,3,59.1,27.8,59.5,37.0,41.1,76.3,63.35,60.24166666666667,41.2375
2026-03-09 17:00:00,64.4,30.1,32,1009.8,8.2,22,0.0,17,0,3,44.9,67.1,67.4,50.9,55.9,39.8,60.916666666666664,60.9,41.395833333333336
2026-03-09 18:00:00,44.4,30.2,29,1009.7,9.7,3,0.0,18,0,3,64.4,59.1,99.2,43.4,34.6,53.3,60.416666666666664,62.025,41.75
2026-03-09 19:00:00,41.3,30.0,27,1009.7,9.8,13,0.0,19,0,3,44.4,44.9,27.8,71.1,35.6,57.4,51.28333333333333,62.10833333333334,42.15833333333334
2026-03-09 20:00:00,12.0,29.0,28,1009.4,10.4,18,0.0,20,0,3,41.3,64.4,67.1,71.5,12.0,44.8,53.53333333333333,59.625,42.395833333333336
2026-03-09 21:00:00,12.8,28.1,29,1009.0,10.7,23,0.0,21,0,3,12.0,44.4,59.1,68.9,12.0,39.3,44.35,54.666666666666664,42.395833333333336
2026-03-09 22:00:00,27.3,26.8,33,1008.8,10.3,31,0.0,22,0,3,12.8,41.3,44.9,59.5,12.0,12.0,36.63333333333333,49.99166666666667,42.42916666666667
2026-03-09 23:00:00,12.0,25.8,35,1008.7,10.9,22,0.0,23,0,3,27.3,12.0,64.4,67.4,12.0,12.0,33.699999999999996,47.30833333333334,43.06666666666666
2026-03-10 00:00:00,12.0,25.4,36,1009.4,10.6,19,0.0,0,1,3,12.0,12.8,44.4,99.2,14.0,12.0,24.96666666666667,42.69166666666666,43.06666666666666
2026-03-10 01:00:00,23.8,25.3,36,1010.0,9.9,22,0.0,1,1,3,12.0,27.3,41.3,27.8,12.0,13.4,19.566666666666666,35.425000000000004,42.98333333333333
2026-03-10 02:00:00,22.0,25.3,36,1010.4,9.8,28,0.0,2,1,3,23.8,12.0,12.0,67.1,12.0,12.0,16.65,35.09166666666666,43.475
2026-03-10 03:00:00,16.9,27.5,32,1011.6,6.8,25,0.0,3,1,3,22.0,12.0,12.8,59.1,13.6,44.0,18.316666666666666,31.333333333333332,43.89166666666667
2026-03-10 04:00:00,39.1,30.9,26,1012.4,5.8,26,0.0,4,1,3,16.9,23.8,27.3,44.9,37.0,12.0,19.0,27.816666666666666,44.02916666666667
2026-03-10 05:00:00,24.4,34.7,21,1012.6,5.4,30,0.0,5,1,3,39.1,22.0,12.0,64.4,50.9,28.2,20.966666666666665,27.333333333333332,44.11666666666667
2026-03-10 06:00:00,37.1,38.2,16,1012.0,5.2,56,0.0,6,1,3,24.4,16.9,12.0,44.4,43.4,44.5,23.03333333333333,24.0,43.012499999999996
2026-03-10 07:00:00,29.3,40.9,11,1011.0,6.3,63,0.0,7,1,3,37.1,39.1,23.8,41.3,71.1,16.5,27.21666666666667,23.391666666666666,42.75
2026-03-10 08:00:00,77.8,41.7,10,1009.8,5.8,22,0.0,8,1,3,29.3,24.4,22.0,12.0,71.5,63.5,28.13333333333333,22.391666666666666,41.00833333333333
2026-03-10 09:00:00,65.1,41.7,11,1008.8,5.8,5,0.0,9,1,3,77.8,37.1,16.9,12.8,68.9,81.7,37.43333333333333,27.875,41.270833333333336
2026-03-10 10:00:00,73.3,41.4,12,1007.7,5.0,345,0.0,10,1,3,65.1,29.3,39.1,27.3,59.5,58.6,45.46666666666667,32.23333333333333,41.112500000000004
2026-03-10 11:00:00,101.9,39.9,17,1007.4,9.6,320,0.0,11,1,3,73.3,77.8,24.4,12.0,67.4,74.3,51.166666666666664,36.06666666666667,41.6875
2026-03-10 12:00:00,61.0,37.1,21,1007.4,11.2,319,0.0,12,1,3,101.9,65.1,37.1,12.0,99.2,58.0,64.08333333333333,43.55833333333333,43.125
2026-03-10 13:00:00,69.6,34.0,26,1008.1,9.8,334,0.0,13,1,3,61.0,73.3,29.3,23.8,27.8,32.5,68.06666666666666,47.64166666666666,41.53333333333333
2026-03-10 14:00:00,66.5,32.6,25,1008.6,12.6,334,0.0,14,1,3,69.6,101.9,77.8,22.0,67.1,79.2,74.78333333333332,51.458333333333336,43.275
2026-03-10 15:00:00,37.6,32.4,23,1009.3,12.8,338,0.0,15,1,3,66.5,61.0,65.1,16.9,59.1,20.8,72.89999999999999,55.166666666666664,43.25
2026-03-10 16:00:00,31.6,32.1,22,1009.7,11.2,349,0.0,16,1,3,37.6,69.6,73.3,39.1,44.9,41.1,68.31666666666666,56.89166666666667,42.354166666666664
2026-03-10 17:00:00,31.1,30.9,23,1009.9,11.4,15,0.0,17,1,3,31.6,66.5,101.9,24.4,64.4,55.9,61.366666666666674,56.26666666666667,41.800000000000004
2026-03-10 18:00:00,55.8,30.0,24,1010.2,10.1,19,0.0,18,1,3,31.1,37.6,61.0,37.1,44.4,34.6,49.56666666666666,56.824999999999996,40.4125
2026-03-10 19:00:00,32.4,29.5,25,1010.0,8.9,18,0.0,19,1,3,55.8,31.6,69.6,29.3,41.3,35.6,48.699999999999996,58.38333333333333,40.887499999999996
2026-03-10 20:00:00,18.6,28.5,26,1009.6,10.0,23,0.0,20,1,3,32.4,31.1,66.5,77.8,12.0,12.0,42.5,58.64166666666666,40.516666666666666
2026-03-10 21:00:00,30.6,27.5,28,1009.1,9.0,35,0.0,21,1,3,18.6,55.8,37.6,65.1,12.8,12.0,34.516666666666666,53.708333333333336,40.791666666666664
2026-03-10 22:00:00,26.1,26.9,30,1009.0,8.3,49,0.0,22,1,3,30.6,32.4,31.6,73.3,27.3,12.0,33.35,50.833333333333336,41.53333333333333
2026-03-10 23:00:00,12.0,26.6,31,1009.1,8.4,48,0.0,23,1,3,26.1,18.6,31.1,101.9,12.0,12.0,32.43333333333333,46.9,41.483333333333334
2026-03-11 00:00:00,12.0,25.9,33,1009.3,5.6,57,0.0,0,2,3,12.0,30.6,55.8,61.0,12.0,14.0,29.25,39.40833333333334,41.483333333333334
2026-03-11 01:00:00,14.5,25.6,33,1010.0,7.9,348,0.0,1,2,3,12.0,26.1,32.4,69.6,23.8,12.0,21.950000000000003,35.324999999999996,41.483333333333334
2026-03-11 02:00:00,40.9,25.4,33,1010.6,9.1,8,0.0,2,2,3,14.5,12.0,18.6,66.5,22.0,12.0,18.96666666666667,30.733333333333334,41.09583333333334
2026-03-11 03:00:00,12.4,28.3,29,1011.5,7.6,5,0.0,3,2,3,40.9,12.0,30.6,37.6,16.9,13.6,22.683333333333337,28.599999999999998,41.88333333333333
2026-03-11 04:00:00,12.0,32.1,23,1012.1,5.5,19,0.0,4,2,3,12.4,14.5,26.1,31.6,39.1,37.0,19.650000000000002,26.5,41.69583333333333
2026-03-11 05:00:00,35.6,35.6,18,1012.2,5.8,34,0.0,5,2,3,12.0,40.9,12.0,31.1,24.4,50.9,17.3,24.86666666666667,40.56666666666667
2026-03-11 06:00:00,58.4,38.2,16,1011.5,5.9,40,0.0,6,2,3,35.6,12.4,12.0,55.8,37.1,43.4,21.233333333333334,25.241666666666664,41.03333333333333
2026-03-11 07:00:00,62.1,40.8,12,1010.7,5.7,46,0.0,7,2,3,58.4,12.0,14.5,32.4,29.3,71.1,28.96666666666667,25.458333333333332,41.920833333333334
2026-03-11 08:00:00,76.3,41.7,11,1009.4,5.6,7,0.0,8,2,3,62.1,35.6,40.9,18.6,77.8,71.5,36.9,27.933333333333337,43.287499999999994
2026-03-11 09:00:00,54.4,41.8,12,1008.0,8.7,336,0.0,9,2,3,76.3,58.4,12.4,30.6,65.1,68.9,42.800000000000004,32.74166666666667,43.225
2026-03-11 10:00:00,83.3,41.2,14,1007.1,11.3,329,0.0,10,2,3,54.4,62.1,12.0,26.1,73.3,59.5,49.800000000000004,34.725,42.77916666666667
2026-03-11 11:00:00,36.6,40.3,14,1006.7,13.9,322,0.0,11,2,3,83.3,76.3,35.6,12.0,101.9,67.4,61.68333333333334,39.49166666666667,43.19583333333333
2026-03-11 12:00:00,51.5,37.0,24,1007.0,13.1,295,0.0,12,2,3,36.6,54.4,58.4,12.0,61.0,99.2,61.849999999999994,41.541666666666664,40.475
2026-03-11 13:00:00,69.4,33.8,29,1007.6,10.8,298,0.0,13,2,3,51.5,83.3,62.1,14.5,69.6,27.8,60.699999999999996,44.833333333333336,40.07916666666667
2026-03-11 14:00:00,60.1,32.2,27,1008.1,11.1,317,0.0,14,2,3,69.4,36.6,76.3,40.9,66.5,67.1,61.916666666666664,49.40833333333333,40.07083333333333
2026-03-11 15:00:00,54.2,31.7,26,1008.7,11.3,333,0.0,15,2,3,60.1,51.5,54.4,12.4,37.6,59.1,59.21666666666667,51.00833333333333,39.80416666666667
2026-03-11 16:00:00,48.2,31.6,23,1009.0,10.1,356,0.0,16,2,3,54.2,69.4,83.3,12.0,31.6,44.9,59.18333333333333,54.49166666666667,40.49583333333333
2026-03-11 17:00:00,56.7,30.9,21,1009.0,8.6,358,0.0,17,2,3,48.2,60.1,36.6,35.6,31.1,64.4,53.333333333333336,57.508333333333326,41.1875
2026-03-11 18:00:00,53.6,30.0,22,1009.4,6.9,343,0.0,18,2,3,56.7,54.2,51.5,58.4,55.8,44.4,56.68333333333334,59.26666666666667,42.25416666666666
2026-03-11 19:00:00,39.2,28.8,25,1009.0,5.2,20,0.0,19,2,3,53.6,48.2,69.4,62.1,32.4,41.3,57.03333333333334,58.86666666666667,42.1625
2026-03-11 20:00:00,12.0,27.3,28,1008.9,8.6,172,0.0,20,2,3,39.2,56.7,60.1,76.3,18.6,12.0,52.00000000000001,56.958333333333336,42.44583333333333
2026-03-11 21:00:00,34.1,26.1,41,1008.8,4.4,305,0.0,21,2,3,12.0,53.6,54.2,54.4,30.6,12.8,43.98333333333334,51.599999999999994,42.170833333333334
2026-03-11 22:00:00,38.8,25.3,43,1008.7,4.4,322,0.0,22,2,3,34.1,39.2,48.2,83.3,26.1,27.3,40.63333333333333,49.90833333333333,42.31666666666667
2026-03-11 23:00:00,39.4,25.1,45,1008.7,6.8,343,0.0,23,2,3,38.8,12.0,56.7,36.6,12.0,12.0,39.06666666666667,46.20000000000001,42.84583333333333
2026-03-12 00:00:00,14.7,24.4,52,1008.4,6.3,360,0.0,0,3,3,39.4,34.1,53.6,51.5,12.0,12.0,36.18333333333333,46.43333333333334,43.987500000000004
2026-03-12 01:00:00,12.0,24.1,48,1008.8,6.8,22,0.0,1,3,3,14.7,38.8,39.2,69.4,14.5,23.8,29.7,43.36666666666667,44.099999999999994
2026-03-12 02:00:00,17.0,24.2,44,1009.3,6.9,53,0.0,2,3,3,12.0,39.4,12.0,60.1,40.9,22.0,25.166666666666668,38.583333333333336,43.99583333333333
2026-03-12 03:00:00,52.6,27.4,35,1009.8,3.6,60,0.0,3,3,3,17.0,14.7,34.1,54.2,12.4,16.9,26.0,34.99166666666667,43.0
2026-03-12 04:00:00,66.1,31.6,25,1010.3,3.6,60,0.0,4,3,3,52.6,12.0,38.8,48.2,12.0,39.1,29.083333333333332,34.858333333333334,44.675000000000004
2026-03-12 05:00:00,36.1,35.2,18,1010.3,5.6,48,0.0,5,3,3,66.1,17.0,39.4,56.7,35.6,24.4,33.63333333333333,36.35,46.92916666666667
2026-03-12 06:00:00,48.3,37.3,16,1009.6,6.3,31,0.0,6,3,3,36.1,52.6,14.7,53.6,58.4,37.1,33.083333333333336,34.63333333333333,46.95000000000001
2026-03-12 07:00:00,39.1,39.2,14,1008.7,7.6,357,0.0,7,3,3,48.3,66.1,12.0,39.2,62.1,29.3,38.68333333333333,34.19166666666667,46.52916666666667
2026-03-12 08:00:00,79.6,39.9,15,1007.6,9.1,343,0.0,8,3,3,39.1,36.1,17.0,12.0,76.3,77.8,43.199999999999996,34.18333333333333,45.57083333333333
2026-03-12 09:00:00,63.0,40.0,14,1006.3,11.2,332,0.0,9,3,3,79.6,48.3,52.6,34.1,54.4,65.1,53.63333333333333,39.81666666666666,45.708333333333336
2026-03-12 10:00:00,49.9,39.5,14,1005.6,13.3,325,0.0,10,3,3,63.0,39.1,66.1,38.8,83.3,73.3,55.36666666666667,42.225,46.06666666666666
2026-03-12 11:00:00,58.4,38.7,14,1005.4,12.5,325,0.0,11,3,3,49.9,79.6,36.1,39.4,36.6,101.9,52.666666666666664,43.15,44.675000000000004
2026-03-12 12:00:00,62.0,37.4,16,1005.5,10.7,323,0.0,12,3,3,58.4,63.0,48.3,14.7,51.5,61.0,56.383333333333326,44.73333333333333,45.583333333333336
2026-03-12 13:00:00,90.3,35.3,19,1005.7,8.1,323,0.0,13,3,3,62.0,49.9,39.1,12.0,69.4,69.6,58.666666666666664,48.67499999999999,46.020833333333336
2026-03-12 14:00:00,65.2,33.5,22,1006.2,7.7,335,0.0,14,3,3,90.3,58.4,79.6,17.0,60.1,66.5,67.2,55.199999999999996,46.89166666666666
2026-03-12 15:00:00,33.2,32.7,22,1006.5,9.8,13,0.0,15,3,3,65.2,62.0,63.0,52.6,54.2,37.6,64.8,59.21666666666666,47.104166666666664
2026-03-12 16:00:00,77.5,31.6,23,1007.2,8.7,355,0.0,16,3,3,33.2,90.3,49.9,66.1,48.2,31.6,59.833333333333336,57.599999999999994,46.229166666666664
2026-03-12 17:00:00,50.2,30.7,24,1007.2,9.8,26,0.0,17,3,3,77.5,65.2,58.4,36.1,56.7,31.1,64.43333333333334,58.550000000000004,47.449999999999996
2026-03-12 18:00:00,50.0,28.8,29,1007.7,3.9,317,0.0,18,3,3,50.2,33.2,62.0,48.3,53.6,55.8,63.06666666666667,59.725,47.17916666666667
2026-03-12 19:00:00,56.3,27.4,35,1007.6,2.5,274,0.0,19,3,3,50.0,77.5,90.3,39.1,39.2,32.4,61.06666666666666,59.86666666666667,47.02916666666667
2026-03-12 20:00:00,21.4,26.9,41,1007.5,8.9,320,0.0,20,3,3,56.3,50.2,65.2,79.6,12.0,18.6,55.400000000000006,61.300000000000004,47.74166666666667
2026-03-12 21:00:00,17.7,26.8,38,1006.8,7.0,42,0.0,21,3,3,21.4,50.0,33.2,63.0,34.1,30.6,48.1,56.449999999999996,48.13333333333333
2026-03-12 22:00:00,27.9,25.8,40,1006.6,5.7,13,0.0,22,3,3,17.7,56.3,77.5,49.9,38.8,26.1,45.51666666666666,52.675000000000004,47.449999999999996
2026-03-12 23:00:00,13.1,25.4,40,1006.4,7.5,21,0.0,23,3,3,27.9,21.4,50.2,58.4,39.4,12.0,37.24999999999999,50.84166666666667,46.99583333333333
2026-03-13 00:00:00,12.0,25.0,45,1006.5,7.7,30,0.0,0,4,3,13.1,17.7,50.0,62.0,14.7,12.0,31.066666666666666,47.06666666666667,45.9
2026-03-13 01:00:00,21.9,24.7,46,1006.9,8.0,18,0.0,1,4,3,12.0,27.9,56.3,90.3,12.0,14.5,24.733333333333334,42.9,45.787499999999994
2026-03-13 02:00:00,34.8,24.5,47,1007.7,9.0,1,0.0,2,4,3,21.9,13.1,21.4,65.2,17.0,40.9,19.0,37.199999999999996,46.199999999999996
2026-03-13 03:00:00,43.5,27.6,39,1008.6,5.2,12,0.0,3,4,3,34.8,12.0,17.7,33.2,52.6,12.4,21.23333333333333,34.666666666666664,46.94166666666666
2026-03-13 04:00:00,56.0,31.3,28,1009.1,4.5,2,0.0,4,4,3,43.5,21.9,27.9,77.5,66.1,12.0,25.53333333333333,35.525,46.5625
2026-03-13 05:00:00,49.2,34.5,22,1009.0,5.2,348,0.0,5,4,3,56.0,34.8,13.1,50.2,36.1,35.6,30.216666666666665,33.733333333333334,46.14166666666666
2026-03-13 06:00:00,55.1,36.9,19,1008.3,3.8,341,0.0,6,4,3,49.2,43.5,12.0,50.0,48.3,58.4,36.233333333333334,33.65,46.6875
2026-03-13 07:00:00,60.1,38.9,16,1007.5,5.5,311,0.0,7,4,3,55.1,56.0,21.9,56.3,39.1,62.1,43.416666666666664,34.074999999999996,46.97083333333333
2026-03-13 08:00:00,56.8,39.4,16,1006.5,8.8,293,0.0,8,4,3,60.1,49.2,34.8,21.4,79.6,76.3,49.78333333333333,34.391666666666666,47.84583333333333
2026-03-13 09:00:00,48.2,39.3,14,1005.5,12.6,292,0.0,9,4,3,56.8,55.1,43.5,17.7,63.0,54.4,53.449999999999996,37.34166666666666,46.895833333333336
2026-03-13 10:00:00,43.4,38.9,13,1004.9,13.0,294,0.0,10,4,3,48.2,60.1,56.0,27.9,49.9,83.3,54.23333333333333,39.88333333333333,46.27916666666667
2026-03-13 11:00:00,76.0,38.5,13,1004.5,10.8,294,0.0,11,4,3,43.4,56.8,49.2,13.1,58.4,36.6,52.133333333333326,41.175000000000004,46.008333333333326
2026-03-13 12:00:00,85.5,37.4,13,1004.6,8.8,301,0.0,12,4,3,76.0,48.2,55.1,12.0,62.0,51.5,56.6,46.416666666666664,46.74166666666667
2026-03-13 13:00:00,76.8,35.2,17,1005.0,6.5,293,0.0,13,4,3,85.5,43.4,60.1,21.9,90.3,69.4,61.666666666666664,52.541666666666664,47.72083333333333
2026-03-13 14:00:00,73.4,31.9,26,1005.6,8.9,263,0.0,14,4,3,76.8,76.0,56.8,34.8,65.2,60.1,64.45,57.11666666666667,47.15833333333334
2026-03-13 15:00:00,54.9,30.2,30,1006.3,9.4,277,0.0,15,4,3,73.4,85.5,48.2,43.5,33.2,54.2,67.21666666666667,60.333333333333336,47.5
2026-03-13 16:00:00,61.6,29.4,33,1006.8,9.7,282,0.0,16,4,3,54.9,76.8,43.4,56.0,77.5,48.2,68.33333333333333,61.28333333333334,48.40416666666667
2026-03-13 17:00:00,47.4,29.2,35,1006.7,10.8,280,0.0,17,4,3,61.6,73.4,76.0,49.2,50.2,56.7,71.36666666666667,61.75,47.74166666666667
2026-03-13 18:00:00,31.8,27.9,45,1007.2,5.1,315,0.0,18,4,3,47.4,54.9,85.5,55.1,50.0,53.6,66.60000000000001,61.6,47.625
2026-03-13 19:00:00,74.3,26.8,54,1007.0,1.5,45,0.0,19,4,3,31.8,61.6,76.8,60.1,56.3,39.2,57.650000000000006,59.65833333333333,46.86666666666667
2026-03-13 20:00:00,58.0,26.3,58,1006.9,2.2,336,0.0,20,4,3,74.3,47.4,73.4,56.8,21.4,12.0,57.23333333333334,60.84166666666666,47.61666666666667
2026-03-13 21:00:00,40.6,25.4,61,1006.4,2.0,80,0.0,21,4,3,58.0,31.8,54.9,48.2,17.7,34.1,54.666666666666664,60.94166666666666,49.14166666666666
2026-03-13 22:00:00,29.9,24.2,61,1006.7,2.2,99,0.0,22,4,3,40.6,74.3,61.6,43.4,27.9,38.8,52.28333333333333,60.30833333333333,50.09583333333334
2026-03-13 23:00:00,22.3,23.6,63,1006.7,2.3,29,0.0,23,4,3,29.9,58.0,47.4,76.0,13.1,39.4,47.0,59.18333333333334,50.17916666666667
2026-03-14 00:00:00,26.1,23.3,67,1006.9,5.7,347,0.0,0,5,3,22.3,40.6,31.8,85.5,12.0,14.7,42.81666666666667,54.708333333333336,50.5625
2026-03-14 01:00:00,22.2,23.8,63,1007.6,7.2,346,0.0,1,5,3,26.1,29.9,74.3,76.8,21.9,12.0,41.86666666666667,49.75833333333333,51.150000000000006
2026-03-14 02:00:00,12.0,24.1,56,1008.4,8.7,343,0.0,2,5,3,22.2,22.3,58.0,73.4,34.8,17.0,33.18333333333333,45.208333333333336,51.1625
2026-03-14 03:00:00,25.7,26.9,46,1009.4,5.6,339,0.0,3,5,3,12.0,26.1,40.6,54.9,43.5,52.6,25.51666666666667,40.09166666666667,50.212500000000006
2026-03-14 04:00:00,27.1,29.6,38,1010.2,6.0,331,0.0,4,5,3,25.7,22.2,29.9,61.6,56.0,66.1,23.03333333333333,37.65833333333334,49.47083333333333
2026-03-14 05:00:00,55.8,32.4,30,1010.3,5.9,322,0.0,5,5,3,27.1,12.0,22.3,47.4,49.2,36.1,22.566666666666666,34.78333333333333,48.26666666666667
2026-03-14 06:00:00,46.4,34.2,25,1009.8,6.6,305,0.0,6,5,3,55.8,25.7,26.1,31.8,55.1,48.3,28.150000000000002,35.483333333333334,48.541666666666664
2026-03-14 07:00:00,48.6,35.9,20,1009.1,8.0,298,0.0,7,5,3,46.4,27.1,22.2,74.3,60.1,39.1,31.533333333333335,36.7,48.179166666666674
2026-03-14 08:00:00,75.7,36.7,16,1008.0,9.4,294,0.0,8,5,3,48.6,55.8,12.0,58.0,56.8,79.6,35.93333333333333,34.55833333333333,47.699999999999996
2026-03-14 09:00:00,64.9,37.0,12,1007.2,9.4,294,0.0,9,5,3,75.7,46.4,25.7,40.6,48.2,63.0,46.550000000000004,36.03333333333333,48.487500000000004
2026-03-14 10:00:00,66.9,37.1,11,1006.5,8.5,294,0.0,10,5,3,64.9,48.6,27.1,29.9,43.4,49.9,53.083333333333336,38.05833333333333,49.18333333333334
2026-03-14 11:00:00,85.0,36.7,12,1005.8,7.6,297,0.0,11,5,3,66.9,75.7,55.8,22.3,76.0,58.4,59.71666666666667,41.14166666666667,50.1625
2026-03-14 12:00:00,87.3,35.2,14,1005.6,8.1,287,0.0,12,5,3,85.0,64.9,46.4,26.1,85.5,62.0,64.58333333333333,46.36666666666667,50.5375
2026-03-14 13:00:00,74.5,31.7,26,1006.3,10.0,252,0.0,13,5,3,87.3,66.9,48.6,22.2,76.8,90.3,71.39999999999999,51.46666666666667,50.612500000000004
2026-03-14 14:00:00,48.0,28.0,51,1007.2,10.7,222,0.0,14,5,3,74.5,85.0,75.7,12.0,73.4,65.2,75.71666666666665,55.82500000000001,50.51666666666666
2026-03-14 15:00:00,48.9,27.0,59,1008.1,10.9,220,0.0,15,5,3,48.0,87.3,64.9,25.7,54.9,33.2,71.10000000000001,58.82500000000001,49.458333333333336
2026-03-14 16:00:00,42.5,26.3,68,1008.7,10.1,211,0.0,16,5,3,48.9,74.5,66.9,27.1,61.6,77.5,68.43333333333334,60.75833333333333,49.208333333333336
2026-03-14 17:00:00,36.5,26.1,65,1008.8,10.1,184,0.0,17,5,3,42.5,48.0,85.0,55.8,47.4,50.2,64.36666666666666,62.041666666666664,48.4125
2026-03-14 18:00:00,22.5,25.8,68,1008.8,9.7,179,0.0,18,5,3,36.5,48.9,87.3,46.4,31.8,50.0,56.28333333333333,60.43333333333334,47.958333333333336
2026-03-14 19:00:00,19.4,25.4,74,1008.5,8.4,196,0.0,19,5,3,22.5,42.5,74.5,48.6,74.3,56.3,45.48333333333333,58.44166666666667,47.57083333333333
2026-03-14 20:00:00,27.5,25.1,80,1008.0,8.8,189,0.0,20,5,3,19.4,36.5,48.0,75.7,58.0,21.4,36.300000000000004,56.00833333333333,45.28333333333334
2026-03-14 21:00:00,24.9,24.7,85,1007.5,5.2,226,0.0,21,5,3,27.5,22.5,48.9,64.9,40.6,17.7,32.88333333333333,51.99166666666667,44.01250000000001
2026-03-14 22:00:00,12.0,24.7,81,1007.7,9.9,312,0.0,22,5,3,24.9,19.4,42.5,66.9,29.9,27.9,28.88333333333333,48.65833333333333,43.35833333333334
2026-03-14 23:00:00,12.0,24.9,63,1007.7,10.7,329,0.0,23,5,3,12.0,27.5,36.5,85.0,22.3,13.1,23.799999999999997,44.083333333333336,42.6125
2026-03-15 00:00:00,15.4,24.5,63,1007.8,5.9,342,0.0,0,6,3,12.0,24.9,22.5,87.3,26.1,12.0,19.716666666666665,38.0,42.18333333333333
2026-03-15 01:00:00,44.2,23.7,68,1008.5,1.7,77,0.0,1,6,3,15.4,12.0,19.4,74.5,22.2,21.9,18.53333333333333,32.00833333333333,41.7375
2026-03-15 02:00:00,20.7,23.4,71,1009.4,2.1,105,0.0,2,6,3,44.2,12.0,27.5,48.0,12.0,34.8,22.666666666666668,29.483333333333334,42.65416666666667
2026-03-15 03:00:00,28.6,26.8,56,1010.5,1.4,40,0.0,3,6,3,20.7,15.4,24.9,48.9,25.7,43.5,21.53333333333333,27.208333333333332,43.01666666666667
2026-03-15 04:00:00,31.4,29.7,42,1011.2,2.3,315,0.0,4,6,3,28.6,44.2,12.0,42.5,27.1,56.0,22.150000000000002,25.516666666666666,43.137499999999996
2026-03-15 05:00:00,55.9,32.1,34,1011.1,4.2,306,0.0,5,6,3,31.4,20.7,12.0,36.5,55.8,49.2,25.38333333333333,24.591666666666665,43.31666666666666
2026-03-15 06:00:00,46.0,33.3,31,1010.5,6.2,300,0.0,6,6,3,55.9,28.6,15.4,22.5,46.4,55.1,32.699999999999996,26.208333333333332,43.32083333333333
2026-03-15 07:00:00,49.2,34.8,26,1009.8,7.7,303,0.0,7,6,3,46.0,31.4,44.2,19.4,48.6,60.1,37.8,28.166666666666668,43.30416666666667
2026-03-15 08:00:00,38.3,35.5,23,1008.7,9.3,299,0.0,8,6,3,49.2,55.9,20.7,27.5,75.7,56.8,38.63333333333333,30.650000000000002,43.32916666666667
2026-03-15 09:00:00,62.8,35.8,21,1007.7,9.7,294,0.0,9,6,3,38.3,46.0,28.6,24.9,64.9,48.2,41.56666666666667,31.55,41.770833333333336
2026-03-15 10:00:00,70.4,35.8,20,1006.9,9.1,292,0.0,10,6,3,62.8,49.2,31.4,12.0,66.9,43.4,47.26666666666666,34.708333333333336,41.68333333333333
2026-03-15 11:00:00,67.2,35.7,19,1006.5,7.8,293,0.0,11,6,3,70.4,38.3,55.9,12.0,85.0,76.0,53.76666666666667,39.575,41.829166666666666
2026-03-15 12:00:00,77.4,34.1,25,1006.3,8.3,276,0.0,12,6,3,67.2,62.8,46.0,15.4,87.3,85.5,55.650000000000006,44.175000000000004,41.0875
2026-03-15 13:00:00,66.0,30.2,45,1006.6,12.1,245,0.0,13,6,3,77.4,70.4,49.2,44.2,74.5,76.8,60.883333333333326,49.34166666666667,40.675
2026-03-15 14:00:00,70.1,27.3,70,1007.3,10.7,229,0.0,14,6,3,66.0,67.2,38.3,20.7,48.0,73.4,63.68333333333334,51.15833333333333,40.32083333333333
2026-03-15 15:00:00,58.5,26.6,79,1007.8,11.3,222,0.0,15,6,3,70.1,77.4,62.8,28.6,48.9,54.9,68.98333333333333,55.275,41.24166666666667
2026-03-15 16:00:00,28.5,26.3,81,1008.7,11.2,221,0.0,16,6,3,58.5,66.0,70.4,31.4,42.5,61.6,68.26666666666667,57.76666666666667,41.641666666666666
2026-03-15 17:00:00,33.1,26.0,84,1008.5,11.5,200,0.0,17,6,3,28.5,70.1,67.2,55.9,36.5,47.4,61.28333333333333,57.525,41.05833333333333
2026-03-15 18:00:00,26.2,25.6,86,1008.3,11.3,200,0.0,18,6,3,33.1,58.5,77.4,46.0,22.5,31.8,55.6,55.625,40.916666666666664
2026-03-15 19:00:00,17.6,25.4,88,1008.0,11.1,196,0.0,19,6,3,26.2,28.5,66.0,49.2,19.4,74.3,47.06666666666667,53.974999999999994,41.07083333333333
2026-03-15 20:00:00,13.0,25.2,90,1007.6,10.9,189,0.0,20,6,3,17.6,33.1,70.1,38.3,27.5,58.0,39.0,51.34166666666667,40.99583333333333
2026-03-15 21:00:00,12.0,24.8,93,1006.8,11.0,195,0.0,21,6,3,13.0,26.2,58.5,62.8,24.9,40.6,29.483333333333334,49.23333333333333,40.391666666666666
2026-03-15 22:00:00,12.0,24.5,96,1006.5,10.0,200,0.0,22,6,3,12.0,17.6,28.5,70.4,12.0,29.9,21.733333333333334,45.0,39.854166666666664
2026-03-15 23:00:00,12.0,24.5,96,1006.6,9.2,206,0.0,23,6,3,12.0,13.0,33.1,67.2,12.0,22.3,18.983333333333334,40.13333333333333,39.854166666666664
2026-03-16 00:00:00,12.0,24.6,98,1006.9,9.8,212,0.0,0,0,3,12.0,12.0,26.2,77.4,15.4,26.1,15.466666666666669,35.53333333333333,39.854166666666664
2026-03-16 01:00:00,21.1,24.7,97,1007.8,9.4,215,0.0,1,0,3,12.0,12.0,17.6,66.0,44.2,22.2,13.100000000000001,30.083333333333332,39.7125
2026-03-16 02:00:00,33.6,25.1,94,1008.4,8.9,220,0.0,2,0,3,21.1,12.0,13.0,70.1,20.7,12.0,13.683333333333332,26.34166666666667,38.75
2026-03-16 03:00:00,19.4,27.1,79,1009.3,8.6,237,0.0,3,0,3,33.6,12.0,12.0,58.5,28.6,25.7,17.116666666666667,23.3,39.2875
2026-03-16 04:00:00,21.6,29.3,60,1010.0,6.7,239,0.0,4,0,3,19.4,21.1,12.0,28.5,31.4,27.1,18.349999999999998,20.041666666666668,38.90416666666667
2026-03-16 05:00:00,32.0,31.4,46,1009.8,7.2,238,0.0,5,0,3,21.6,33.6,12.0,33.1,55.9,55.8,19.95,19.46666666666667,38.49583333333333
2026-03-16 06:00:00,37.1,32.1,43,1009.6,9.9,241,0.0,6,0,3,32.0,19.4,12.0,26.2,46.0,46.4,23.28333333333333,19.375,37.5
2026-03-16 07:00:00,30.4,33.2,37,1008.8,10.6,244,0.0,7,0,3,37.1,21.6,21.1,17.6,49.2,48.6,27.46666666666667,20.283333333333335,37.12916666666667
2026-03-16 08:00:00,51.1,33.5,34,1007.7,11.5,247,0.0,8,0,3,30.4,32.0,33.6,13.0,38.3,75.7,29.01666666666667,21.349999999999998,36.34583333333334
2026-03-16 09:00:00,48.4,33.6,31,1006.8,11.5,247,0.0,9,0,3,51.1,37.1,19.4,12.0,62.8,64.9,31.933333333333334,24.525000000000002,36.87916666666667
2026-03-16 10:00:00,49.7,33.4,30,1006.2,10.9,243,0.0,10,0,3,48.4,30.4,21.6,12.0,70.4,66.9,36.76666666666667,27.558333333333334,36.27916666666667
2026-03-16 11:00:00,61.0,32.5,32,1005.8,10.3,226,0.0,11,0,3,49.7,51.1,32.0,12.0,67.2,85.0,41.449999999999996,30.7,35.416666666666664
2026-03-16 12:00:00,51.0,31.3,36,1005.6,9.9,224,0.0,12,0,3,61.0,48.4,37.1,12.0,77.4,87.3,46.28333333333333,34.78333333333333,35.15833333333333
2026-03-16 13:00:00,63.1,29.0,52,1005.8,9.8,206,0.0,13,0,3,51.0,49.7,30.4,21.1,66.0,74.5,48.6,38.03333333333333,34.05833333333334
2026-03-16 14:00:00,60.9,26.7,68,1006.0,8.8,195,0.0,14,0,3,63.1,61.0,51.1,33.6,70.1,48.0,54.050000000000004,41.53333333333333,33.9375
2026-03-16 15:00:00,56.2,25.6,79,1006.7,8.7,227,0.0,15,0,3,60.9,51.0,48.4,19.4,58.5,48.9,55.68333333333334,43.80833333333334,33.55416666666667
2026-03-16 16:00:00,63.5,25.2,86,1007.5,8.8,227,0.0,16,0,3,56.2,63.1,49.7,21.6,28.5,42.5,56.98333333333334,46.875,33.458333333333336
2026-03-16 17:00:00,43.5,24.9,87,1007.9,8.2,220,0.0,17,0,3,63.5,60.9,61.0,32.0,33.1,36.5,59.28333333333334,50.36666666666667,34.916666666666664
2026-03-16 18:00:00,40.4,24.5,88,1007.8,8.8,208,0.0,18,0,3,43.5,56.2,51.0,37.1,26.2,22.5,56.366666666666674,51.324999999999996,35.35
2026-03-16 19:00:00,12.0,24.3,90,1007.6,10.1,192,0.0,19,0,3,40.4,63.5,63.1,30.4,17.6,19.4,54.6,51.6,35.94166666666667
2026-03-16 20:00:00,25.1,24.1,91,1007.4,10.1,200,0.0,20,0,3,12.0,43.5,60.9,51.1,13.0,27.5,46.083333333333336,50.06666666666666,35.708333333333336
2026-03-16 21:00:00,12.0,24.0,91,1006.9,9.5,195,0.0,21,0,3,25.1,40.4,56.2,48.4,12.0,24.9,40.11666666666667,47.900000000000006,36.2125
2026-03-16 22:00:00,13.3,23.8,93,1006.7,9.3,189,0.0,22,0,3,12.0,12.0,63.5,49.7,12.0,12.0,32.75,44.86666666666667,36.2125
2026-03-16 23:00:00,12.0,23.4,94,1006.7,7.6,185,0.0,23,0,3,13.3,25.1,43.5,61.0,12.0,12.0,24.383333333333336,41.833333333333336,36.26666666666667
2026-03-17 00:00:00,12.0,23.3,94,1006.5,7.5,188,0.0,0,1,3,12.0,12.0,40.4,51.0,12.0,15.4,19.133333333333333,37.75,36.26666666666667
2026-03-17 01:00:00,22.2,23.4,93,1007.1,7.4,183,0.0,1,1,3,12.0,13.3,12.0,63.1,21.1,44.2,14.4,34.5,36.26666666666667
2026-03-17 02:00:00,12.0,23.8,89,1007.9,7.0,179,0.0,2,1,3,22.2,12.0,25.1,60.9,33.6,20.7,16.1,31.09166666666667,36.3125
2026-03-17 03:00:00,39.2,26.5,73,1008.8,6.3,204,0.0,3,1,3,12.0,12.0,12.0,56.2,19.4,28.6,13.916666666666666,27.01666666666667,35.4125
2026-03-17 04:00:00,46.5,28.8,59,1009.6,7.6,214,0.0,4,1,3,39.2,22.2,13.3,63.5,21.6,31.4,18.45,25.599999999999998,36.237500000000004
2026-03-17 05:00:00,27.3,30.5,50,1009.7,8.7,220,0.0,5,1,3,46.5,12.0,12.0,43.5,32.0,55.9,23.983333333333334,24.183333333333334,37.275
2026-03-17 06:00:00,22.6,31.3,49,1009.4,9.6,221,0.0,6,1,3,27.3,39.2,12.0,40.4,37.1,46.0,26.533333333333335,22.833333333333332,37.079166666666666
2026-03-17 07:00:00,57.9,32.2,47,1008.5,10.9,231,0.0,7,1,3,22.6,46.5,22.2,12.0,30.4,49.2,28.3,21.349999999999998,36.475
2026-03-17 08:00:00,48.2,32.3,46,1007.5,12.3,239,0.0,8,1,3,57.9,27.3,12.0,25.1,51.1,38.3,34.25,25.175,37.62083333333333
2026-03-17 09:00:00,47.3,32.0,44,1006.6,13.2,244,0.0,9,1,3,48.2,22.6,39.2,12.0,48.4,62.8,40.28333333333334,27.099999999999998,37.5
2026-03-17 10:00:00,58.0,31.7,41,1006.0,13.4,248,0.0,10,1,3,47.3,57.9,46.5,13.3,49.7,70.4,41.63333333333333,30.041666666666668,37.454166666666666
2026-03-17 11:00:00,52.3,30.8,42,1005.7,13.2,250,0.0,11,1,3,58.0,48.2,27.3,12.0,61.0,67.2,43.550000000000004,33.766666666666666,37.800000000000004
2026-03-17 12:00:00,51.2,29.4,46,1005.9,11.1,245,0.0,12,1,3,52.3,47.3,22.6,12.0,51.0,77.4,47.71666666666666,37.125,37.4375
2026-03-17 13:00:00,83.5,27.5,58,1006.4,9.0,241,0.0,13,1,3,51.2,58.0,57.9,22.2,63.1,66.0,52.48333333333334,40.391666666666666,37.44583333333333
2026-03-17 14:00:00,66.3,25.9,76,1006.9,8.8,215,0.0,14,1,3,83.5,52.3,48.2,12.0,60.9,70.1,56.75,45.5,38.295833333333334
2026-03-17 15:00:00,65.2,25.1,82,1007.3,8.0,208,0.0,15,1,3,66.3,51.2,47.3,39.2,56.2,58.5,59.76666666666667,50.025,38.520833333333336
2026-03-17 16:00:00,49.1,24.5,85,1008.1,8.4,205,0.0,16,1,3,65.2,83.5,58.0,46.5,63.5,28.5,62.75,52.19166666666666,38.895833333333336
2026-03-17 17:00:00,43.8,24.0,88,1008.1,8.9,187,0.0,17,1,3,49.1,66.3,52.3,27.3,43.5,33.1,61.26666666666666,52.40833333333333,38.295833333333334
2026-03-17 18:00:00,54.2,23.7,93,1007.9,9.6,185,0.0,18,1,3,43.8,65.2,51.2,22.6,40.4,26.2,59.849999999999994,53.78333333333333,38.30833333333333
2026-03-17 19:00:00,26.8,23.6,94,1007.7,8.0,208,0.0,19,1,3,54.2,49.1,83.5,57.9,12.0,17.6,60.349999999999994,56.416666666666664,38.88333333333333
2026-03-17 20:00:00,12.0,23.3,97,1007.2,5.4,228,0.0,20,1,3,26.8,43.8,66.3,48.2,25.1,13.0,50.9,53.824999999999996,39.5
2026-03-17 21:00:00,15.3,23.0,98,1006.8,5.7,221,0.0,21,1,3,12.0,54.2,65.2,47.3,12.0,12.0,41.85,50.80833333333334,38.954166666666666
2026-03-17 22:00:00,12.0,22.6,99,1006.9,3.6,200,0.0,22,1,3,15.3,26.8,49.1,58.0,13.3,12.0,33.53333333333333,48.14166666666667,39.09166666666667
2026-03-17 23:00:00,12.0,22.4,100,1007.2,4.6,189,0.0,23,1,3,12.0,12.0,43.8,52.3,12.0,12.0,27.349999999999998,44.30833333333334,39.0375
2026-03-18 00:00:00,12.0,22.1,99,1006.9,6.3,193,0.0,0,2,3,12.0,15.3,54.2,51.2,12.0,12.0,22.05,40.95,39.0375
2026-03-18 01:00:00,12.0,21.8,99,1007.7,8.8,160,0.0,1,2,3,12.0,12.0,26.8,83.5,22.2,21.1,15.016666666666666,37.68333333333333,39.0375
2026-03-18 02:00:00,12.0,22.1,100,1009.1,11.6,139,0.0,2,2,3,12.0,12.0,12.0,66.3,12.0,33.6,12.549999999999999,31.724999999999998,38.612500000000004
2026-03-18 03:00:00,12.0,23.5,92,1010.0,9.3,152,0.0,3,2,3,12.0,12.0,15.3,65.2,39.2,19.4,12.549999999999999,27.2,38.612500000000004
2026-03-18 04:00:00,47.7,27.1,71,1010.7,6.2,190,0.0,4,2,3,12.0,12.0,12.0,49.1,46.5,21.6,12.0,22.766666666666666,37.479166666666664
2026-03-18 05:00:00,43.8,30.1,47,1010.8,6.6,215,0.0,5,2,3,47.7,12.0,12.0,43.8,27.3,32.0,17.95,22.650000000000002,37.52916666666666
2026-03-18 06:00:00,58.6,31.7,35,1010.5,6.0,245,0.0,6,2,3,43.8,12.0,12.0,54.2,22.6,37.1,23.25,22.650000000000002,38.21666666666667
2026-03-18 07:00:00,23.7,32.9,35,1009.7,9.3,243,0.0,7,2,3,58.6,47.7,12.0,26.8,57.9,30.4,31.016666666666666,23.016666666666666,39.71666666666667
2026-03-18 08:00:00,63.8,32.7,37,1008.8,12.1,249,0.0,8,2,3,23.7,43.8,12.0,12.0,48.2,51.1,32.96666666666667,22.758333333333336,38.291666666666664
2026-03-18 09:00:00,65.6,32.8,31,1007.9,12.7,247,0.0,9,2,3,63.8,58.6,12.0,15.3,47.3,48.4,41.6,27.075,38.94166666666666
2026-03-18 10:00:00,66.7,32.7,27,1007.3,11.7,236,0.0,10,2,3,65.6,23.7,47.7,12.0,58.0,49.7,50.53333333333333,31.266666666666666,39.704166666666666
2026-03-18 11:00:00,42.3,31.7,28,1007.0,13.4,242,0.0,11,2,3,66.7,63.8,43.8,12.0,52.3,61.0,53.699999999999996,35.824999999999996,40.06666666666667
2026-03-18 12:00:00,77.4,30.2,32,1007.2,11.5,245,0.0,12,2,3,42.3,65.6,58.6,12.0,51.2,51.0,53.449999999999996,38.35,39.65
2026-03-18 13:00:00,53.3,28.0,46,1007.2,10.4,262,0.0,13,2,3,77.4,66.7,23.7,12.0,83.5,63.1,56.583333333333336,43.800000000000004,40.74166666666667
2026-03-18 14:00:00,89.5,26.2,66,1007.7,8.6,250,0.0,14,2,3,53.3,42.3,63.8,12.0,66.3,60.9,61.51666666666666,47.24166666666667,39.483333333333334
2026-03-18 15:00:00,50.5,25.4,72,1008.5,7.1,221,0.0,15,2,3,89.5,77.4,65.6,12.0,65.2,56.2,65.8,53.699999999999996,40.449999999999996
2026-03-18 16:00:00,67.7,24.9,75,1009.2,8.4,242,0.0,16,2,3,50.5,53.3,66.7,47.7,49.1,63.5,63.28333333333333,56.90833333333333,39.8375
2026-03-18 17:00:00,52.9,24.3,78,1009.3,8.3,213,0.0,17,2,3,67.7,89.5,42.3,43.8,43.8,43.5,63.45000000000001,58.574999999999996,40.612500000000004
2026-03-18 18:00:00,37.8,23.7,83,1009.9,7.0,206,0.0,18,2,3,52.9,50.5,77.4,58.6,54.2,40.4,65.21666666666667,59.333333333333336,40.99166666666667
2026-03-18 19:00:00,26.0,23.5,85,1010.2,5.2,211,0.0,19,2,3,37.8,67.7,53.3,23.7,26.8,12.0,58.61666666666667,57.599999999999994,40.30833333333333
2026-03-18 20:00:00,39.2,23.4,86,1009.9,6.1,208,0.0,20,2,3,26.0,52.9,89.5,63.8,12.0,25.1,54.06666666666667,57.791666666666664,40.275
2026-03-18 21:00:00,37.2,23.1,88,1009.2,6.0,207,0.0,21,2,3,39.2,37.8,50.5,65.6,15.3,12.0,45.68333333333334,55.74166666666667,41.40833333333334
2026-03-18 22:00:00,12.0,22.8,91,1008.8,5.5,197,0.0,22,2,3,37.2,26.0,67.7,66.7,12.0,13.3,43.46666666666667,53.375,42.32083333333333
2026-03-18 23:00:00,36.4,22.5,93,1009.0,5.4,188,0.0,23,2,3,12.0,39.2,52.9,42.3,12.0,12.0,34.18333333333333,48.81666666666667,42.32083333333333
2026-03-19 00:00:00,21.5,22.5,94,1009.7,5.8,214,0.0,0,3,3,36.4,37.2,37.8,77.4,12.0,12.0,31.433333333333334,48.324999999999996,43.3375
2026-03-19 01:00:00,18.8,22.8,93,1010.7,3.2,251,0.0,1,3,3,21.5,12.0,26.0,53.3,12.0,22.2,28.71666666666667,43.666666666666664,43.73333333333333
2026-03-19 02:00:00,20.2,23.6,89,1011.4,6.0,291,0.0,2,3,3,18.8,36.4,39.2,89.5,12.0,12.0,27.51666666666667,40.791666666666664,44.01666666666666
2026-03-19 03:00:00,22.6,25.9,74,1012.1,5.8,274,0.0,3,3,3,20.2,21.5,37.2,50.5,12.0,39.2,24.349999999999998,35.01666666666667,44.35833333333333
2026-03-19 04:00:00,42.6,28.1,58,1012.2,2.8,252,0.0,4,3,3,22.6,18.8,12.0,67.7,47.7,46.5,21.916666666666668,32.69166666666667,44.800000000000004
2026-03-19 05:00:00,62.0,30.1,49,1012.1,3.1,267,0.0,5,3,3,42.6,20.2,36.4,52.9,43.8,27.3,27.01666666666667,30.600000000000005,44.5875
2026-03-19 06:00:00,60.4,31.0,44,1011.6,1.5,240,0.0,6,3,3,62.0,22.6,21.5,37.8,58.6,22.6,31.28333333333333,31.358333333333334,45.34583333333333
2026-03-19 07:00:00,67.2,33.5,36,1010.6,5.5,224,0.0,7,3,3,60.4,42.6,18.8,26.0,23.7,57.9,37.766666666666666,33.24166666666667,45.42083333333334
2026-03-19 08:00:00,57.7,32.0,47,1009.7,12.4,249,0.7,8,3,3,67.2,62.0,20.2,39.2,63.8,48.2,45.833333333333336,36.675000000000004,47.23333333333333
2026-03-19 09:00:00,39.0,31.8,45,1008.5,12.9,245,0.0,9,3,3,57.7,60.4,22.6,37.2,65.6,47.3,52.083333333333336,38.21666666666667,46.979166666666664
2026-03-19 10:00:00,64.0,31.1,43,1007.9,13.8,239,0.0,10,3,3,39.0,67.2,42.6,12.0,66.7,58.0,54.81666666666666,38.36666666666667,45.87083333333333
2026-03-19 11:00:00,66.0,29.8,49,1007.7,12.0,234,0.0,11,3,3,64.0,57.7,62.0,36.4,42.3,52.3,58.38333333333333,42.699999999999996,45.75833333333333
2026-03-19 12:00:00,45.6,29.6,48,1007.1,10.7,230,0.0,12,3,3,66.0,39.0,60.4,21.5,77.4,51.2,59.050000000000004,45.166666666666664,46.74583333333333
2026-03-19 13:00:00,44.9,27.6,62,1008.4,11.2,249,0.0,13,3,3,45.6,64.0,67.2,18.8,53.3,83.5,56.583333333333336,47.175000000000004,45.42083333333334
2026-03-19 14:00:00,13.5,26.4,70,1010.6,24.4,281,0.0,14,3,3,44.9,66.0,57.7,20.2,89.5,66.3,52.86666666666667,49.349999999999994,45.07083333333333
2026-03-19 15:00:00,13.1,23.8,74,1011.7,20.6,326,0.0,15,3,3,13.5,45.6,39.0,22.6,50.5,65.2,45.5,48.791666666666664,41.90416666666667
2026-03-19 16:00:00,37.0,23.9,71,1011.7,11.6,348,0.0,16,3,3,13.1,44.9,64.0,42.6,67.7,49.1,41.18333333333334,48.0,40.34583333333333
2026-03-19 17:00:00,40.6,23.6,70,1010.6,12.6,73,0.2,17,3,3,37.0,13.5,66.0,62.0,52.9,43.8,36.68333333333334,47.53333333333333,39.06666666666666
2026-03-19 18:00:00,50.3,23.3,65,1009.4,8.1,93,0.0,18,3,3,40.6,13.1,45.6,60.4,37.8,54.2,32.45,45.75,38.55416666666667
2026-03-19 19:00:00,34.9,22.4,68,1009.7,7.3,144,0.0,19,3,3,50.3,37.0,44.9,67.2,26.0,26.8,33.23333333333333,44.90833333333333,39.075
2026-03-19 20:00:00,22.1,22.0,67,1009.3,6.3,141,0.0,20,3,3,34.9,40.6,13.5,57.7,39.2,12.0,31.566666666666666,42.21666666666666,39.44583333333333
2026-03-19 21:00:00,22.6,21.5,69,1009.1,2.1,285,0.0,21,3,3,22.1,50.3,13.1,39.0,37.2,15.3,33.0,39.25,38.733333333333334
2026-03-19 22:00:00,12.0,20.6,75,1008.3,6.8,145,0.0,22,3,3,22.6,34.9,37.0,64.0,12.0,12.0,34.583333333333336,37.88333333333333,38.125
2026-03-19 23:00:00,38.4,21.1,68,1008.5,0.6,326,0.0,23,3,3,12.0,22.1,40.6,66.0,36.4,12.0,30.416666666666668,33.55,38.125
2026-03-20 00:00:00,48.2,19.9,85,1008.8,1.1,81,0.0,0,4,3,38.4,22.6,50.3,45.6,21.5,12.0,30.05,31.25,38.208333333333336
2026-03-20 01:00:00,12.0,20.0,85,1009.4,3.6,127,0.0,1,4,3,48.2,12.0,34.9,44.9,18.8,12.0,29.7,31.46666666666667,39.32083333333333
2026-03-20 02:00:00,12.0,21.5,75,1010.2,5.1,135,0.0,2,4,3,12.0,38.4,22.1,13.5,20.2,12.0,25.883333333333336,28.724999999999998,39.0375
2026-03-20 03:00:00,23.3,25.1,58,1011.1,2.3,94,0.0,3,4,3,12.0,48.2,22.6,13.1,22.6,12.0,24.2,28.599999999999998,38.69583333333333
2026-03-20 04:00:00,39.6,27.5,57,1011.8,2.4,287,0.0,4,4,3,23.3,12.0,12.0,37.0,42.6,47.7,24.316666666666666,29.450000000000003,38.725
2026-03-20 05:00:00,43.6,28.9,52,1011.9,6.7,286,0.0,5,4,3,39.6,12.0,38.4,40.6,62.0,43.8,28.916666666666668,29.666666666666668,38.6
2026-03-20 06:00:00,39.8,29.8,49,1011.1,7.4,277,0.0,6,4,3,43.6,23.3,48.2,50.3,60.4,58.6,29.783333333333335,29.916666666666668,37.833333333333336
2026-03-20 07:00:00,37.8,29.9,46,1010.5,11.1,299,0.0,7,4,3,39.8,39.6,12.0,34.9,67.2,23.7,28.383333333333336,29.041666666666668,36.975
2026-03-20 08:00:00,52.9,30.9,41,1009.2,10.8,296,0.0,8,4,3,37.8,43.6,12.0,22.1,57.7,63.8,32.68333333333333,29.283333333333335,35.75
2026-03-20 09:00:00,48.6,31.4,35,1008.1,11.3,301,0.0,9,4,3,52.9,39.8,23.3,22.6,39.0,65.6,39.5,31.849999999999998,35.55
2026-03-20 10:00:00,33.9,31.5,31,1007.2,13.0,315,0.0,10,4,3,48.6,37.8,39.6,12.0,64.0,66.7,43.71666666666667,34.01666666666667,35.949999999999996
2026-03-20 11:00:00,45.3,31.1,32,1006.9,14.0,323,0.0,11,4,3,33.9,52.9,43.6,38.4,66.0,42.3,42.76666666666667,35.84166666666667,34.69583333333333
2026-03-20 12:00:00,82.1,30.1,35,1007.6,13.5,327,0.0,12,4,3,45.3,48.6,39.8,48.2,45.6,77.4,43.050000000000004,36.416666666666664,33.833333333333336
2026-03-20 13:00:00,40.2,29.1,38,1007.7,10.2,347,0.0,13,4,3,82.1,33.9,37.8,12.0,44.9,53.3,50.099999999999994,39.24166666666667,35.354166666666664
2026-03-20 14:00:00,66.8,28.2,41,1008.0,8.7,24,0.0,14,4,3,40.2,45.3,52.9,12.0,13.5,89.5,50.5,41.59166666666667,35.15833333333333
2026-03-20 15:00:00,58.6,27.5,43,1008.5,7.7,37,0.0,15,4,3,66.8,82.1,48.6,23.3,13.1,50.5,52.81666666666666,46.15833333333333,37.37916666666666
2026-03-20 16:00:00,87.3,26.7,48,1009.0,2.6,25,0.0,16,4,3,58.6,40.2,33.9,39.6,37.0,67.7,54.48333333333333,49.1,39.275
2026-03-20 17:00:00,40.2,25.8,50,1009.4,4.1,299,0.0,17,4,3,87.3,66.8,45.3,43.6,40.6,52.9,63.383333333333326,53.074999999999996,41.37083333333334
2026-03-20 18:00:00,62.3,25.0,63,1009.4,8.8,293,0.0,18,4,3,40.2,58.6,82.1,39.8,50.3,37.8,62.53333333333333,52.791666666666664,41.354166666666664
2026-03-20 19:00:00,35.2,24.2,73,1009.1,6.8,292,0.0,19,4,3,62.3,87.3,40.2,37.8,34.9,26.0,59.23333333333333,54.666666666666664,41.854166666666664
2026-03-20 20:00:00,15.2,23.8,81,1008.9,6.9,307,0.0,20,4,3,35.2,40.2,66.8,52.9,22.1,39.2,58.4,54.449999999999996,41.86666666666667
2026-03-20 21:00:00,12.0,23.5,87,1008.7,6.8,310,0.0,21,4,3,15.2,62.3,58.6,48.6,22.6,37.2,49.800000000000004,51.30833333333333,41.579166666666666
2026-03-20 22:00:00,17.9,23.0,92,1008.5,4.5,313,0.0,22,4,3,12.0,35.2,87.3,33.9,12.0,12.0,42.03333333333333,48.258333333333326,41.1375
2026-03-20 23:00:00,12.0,22.5,96,1008.5,5.1,342,0.0,23,4,3,17.9,15.2,40.2,45.3,38.4,36.4,30.46666666666667,46.925000000000004,41.38333333333333
2026-03-21 00:00:00,33.9,21.7,100,1008.7,4.1,23,0.0,0,5,3,12.0,12.0,62.3,82.1,48.2,21.5,25.76666666666667,44.150000000000006,40.28333333333333
2026-03-21 01:00:00,12.0,21.6,100,1009.4,4.1,29,0.0,1,5,3,33.9,17.9,35.2,40.2,12.0,18.8,21.033333333333335,40.13333333333333,39.6875
2026-03-21 02:00:00,12.0,21.8,99,1010.2,3.9,74,0.0,2,5,3,12.0,12.0,15.2,66.8,12.0,20.2,17.166666666666668,37.78333333333333,39.6875
2026-03-21 03:00:00,26.1,25.3,79,1011.0,3.4,84,0.0,3,5,3,12.0,33.9,12.0,58.6,23.3,22.6,16.633333333333333,33.21666666666667,39.6875
2026-03-21 04:00:00,34.1,28.6,47,1011.9,4.8,42,0.0,4,5,3,26.1,12.0,17.9,87.3,39.6,42.6,18.983333333333334,30.50833333333333,39.80416666666667
2026-03-21 05:00:00,38.2,31.0,32,1012.0,7.1,54,0.0,5,5,3,34.1,12.0,12.0,40.2,43.6,62.0,21.683333333333337,26.075,39.575
2026-03-21 06:00:00,32.2,32.3,25,1011.8,7.5,55,0.0,6,5,3,38.2,26.1,33.9,62.3,39.8,60.4,26.05,25.90833333333333,39.35
2026-03-21 07:00:00,51.1,34.0,20,1010.8,8.1,47,0.0,7,5,3,32.2,34.1,12.0,35.2,37.8,67.2,25.76666666666667,23.400000000000002,39.03333333333333
2026-03-21 08:00:00,43.3,35.0,17,1009.6,8.7,37,0.0,8,5,3,51.1,38.2,12.0,15.2,52.9,57.7,32.28333333333334,24.725000000000005,39.5875
2026-03-21 09:00:00,66.7,35.3,16,1008.4,8.5,12,0.0,9,5,3,43.3,32.2,26.1,12.0,48.6,39.0,37.5,27.066666666666666,39.1875
2026-03-21 10:00:00,35.2,34.9,17,1007.7,10.5,344,0.0,10,5,3,66.7,51.1,34.1,17.9,33.9,64.0,44.26666666666667,31.625,39.94166666666667
2026-03-21 11:00:00,53.0,32.8,30,1007.2,14.8,328,0.0,11,5,3,35.2,43.3,38.2,12.0,45.3,66.0,44.449999999999996,33.06666666666667,39.99583333333333
2026-03-21 12:00:00,53.8,31.3,32,1007.7,14.5,322,0.0,12,5,3,53.0,66.7,32.2,33.9,82.1,45.6,46.916666666666664,36.483333333333334,40.31666666666666
2026-03-21 13:00:00,58.4,29.1,33,1008.1,13.0,325,0.0,13,5,3,53.8,35.2,51.1,12.0,40.2,44.9,50.51666666666667,38.14166666666667,39.1375
2026-03-21 14:00:00,43.6,27.9,38,1008.6,11.3,331,0.0,14,5,3,58.4,53.0,43.3,12.0,66.8,13.5,51.73333333333333,42.00833333333333,39.895833333333336
2026-03-21 15:00:00,53.6,27.5,38,1009.2,10.3,314,0.0,15,5,3,43.6,53.8,66.7,26.1,58.6,13.1,51.78333333333333,44.64166666666667,38.92916666666667
2026-03-21 16:00:00,21.9,27.0,38,1009.9,10.6,332,0.0,16,5,3,53.6,58.4,35.2,34.1,87.3,37.0,49.6,46.93333333333334,38.72083333333334
2026-03-21 17:00:00,55.6,26.8,37,1010.3,10.4,346,0.0,17,5,3,21.9,43.6,53.0,38.2,40.2,40.6,47.38333333333333,45.916666666666664,35.99583333333333
2026-03-21 18:00:00,30.1,26.2,41,1010.2,9.0,350,0.0,18,5,3,55.6,53.6,53.8,32.2,62.3,50.3,47.81666666666667,47.366666666666674,36.6375
2026-03-21 19:00:00,16.5,25.4,44,1009.9,8.7,4,0.0,19,5,3,30.1,21.9,58.4,51.1,35.2,34.9,43.86666666666667,47.19166666666666,35.29583333333333
2026-03-21 20:00:00,15.1,24.8,43,1009.4,7.6,19,0.0,20,5,3,16.5,55.6,43.6,43.3,15.2,22.1,36.88333333333333,44.30833333333333,34.516666666666666
2026-03-21 21:00:00,29.1,24.0,43,1008.9,7.8,15,0.0,21,5,3,15.1,30.1,53.6,66.7,12.0,22.6,32.13333333333333,41.958333333333336,34.512499999999996
2026-03-21 22:00:00,12.0,23.2,45,1009.2,8.3,355,0.0,22,5,3,29.1,16.5,21.9,35.2,17.9,12.0,28.05,38.824999999999996,35.225
2026-03-21 23:00:00,12.0,22.8,48,1009.5,10.5,5,0.0,23,5,3,12.0,15.1,55.6,53.0,12.0,38.4,26.400000000000002,36.891666666666666,34.979166666666664
2026-03-22 00:00:00,16.8,22.4,49,1009.6,9.2,3,0.0,0,6,3,12.0,29.1,30.1,53.8,33.9,48.2,19.133333333333336,33.475,34.979166666666664
2026-03-22 01:00:00,12.0,22.5,49,1010.3,8.9,6,0.0,1,6,3,16.8,12.0,16.5,58.4,12.0,12.0,16.916666666666668,30.391666666666666,34.266666666666666
2026-03-22 02:00:00,12.0,23.2,50,1011.0,9.5,10,0.0,2,6,3,12.0,12.0,15.1,43.6,12.0,12.0,16.166666666666668,26.525000000000002,34.266666666666666
2026-03-22 03:00:00,36.9,26.4,50,1011.7,7.4,356,0.0,3,6,3,12.0,16.8,29.1,53.6,26.1,23.3,15.65,23.89166666666667,34.266666666666666
2026-03-22 04:00:00,38.7,29.8,43,1012.2,8.8,351,0.0,4,6,3,36.9,12.0,12.0,21.9,34.1,39.6,16.95,22.5,34.71666666666667
2026-03-22 05:00:00,31.6,32.6,30,1012.0,9.0,348,0.0,5,6,3,38.7,12.0,12.0,55.6,38.2,43.6,21.400000000000002,23.900000000000002,34.90833333333333
2026-03-22 06:00:00,41.8,34.0,24,1011.4,6.8,349,0.0,6,6,3,31.6,36.9,16.8,30.1,32.2,39.8,24.666666666666668,21.900000000000002,34.63333333333333
2026-03-22 07:00:00,51.4,35.3,24,1010.5,8.4,340,0.0,7,6,3,41.8,38.7,12.0,16.5,51.1,37.8,28.833333333333332,22.875,35.03333333333333
2026-03-22 08:00:00,37.3,35.6,25,1009.7,11.4,331,0.0,8,6,3,51.4,31.6,12.0,15.1,43.3,52.9,35.4,25.78333333333333,35.045833333333334
2026-03-22 09:00:00,50.5,35.6,24,1008.7,13.6,329,0.0,9,6,3,37.3,41.8,36.9,29.1,66.7,48.6,39.61666666666667,27.633333333333336,34.795833333333334
2026-03-22 10:00:00,46.8,35.0,24,1008.4,15.4,327,0.0,10,6,3,50.5,51.4,38.7,12.0,35.2,33.9,41.88333333333333,29.416666666666668,34.12083333333333
2026-03-22 11:00:00,59.3,34.3,23,1008.0,15.1,331,0.0,11,6,3,46.8,37.3,31.6,12.0,53.0,45.3,43.23333333333333,32.31666666666667,34.604166666666664
2026-03-22 12:00:00,30.7,33.0,24,1008.3,15.6,321,0.0,12,6,3,59.3,50.5,41.8,16.8,53.8,82.1,47.85,36.25833333333333,34.86666666666667
2026-03-22 13:00:00,39.8,31.7,28,1008.2,14.4,324,0.0,13,6,3,30.7,46.8,51.4,12.0,58.4,40.2,46.0,37.416666666666664,33.90416666666666
2026-03-22 14:00:00,33.6,30.8,30,1009.0,13.9,326,0.0,14,6,3,39.8,59.3,37.3,12.0,43.6,66.8,44.06666666666666,39.73333333333333,33.12916666666667
2026-03-22 15:00:00,59.6,30.4,31,1009.6,11.6,334,0.0,15,6,3,33.6,30.7,50.5,36.9,53.6,58.6,43.449999999999996,41.53333333333333,32.7125
2026-03-22 16:00:00,52.7,29.4,34,1010.2,9.2,318,0.0,16,6,3,59.6,39.8,46.8,38.7,21.9,87.3,44.96666666666667,43.425000000000004,32.9625
2026-03-22 17:00:00,67.0,28.7,35,1010.4,8.4,20,0.0,17,6,3,52.7,33.6,59.3,31.6,55.6,40.2,45.949999999999996,44.59166666666666,34.24583333333333
2026-03-22 18:00:00,43.4,27.9,37,1010.2,7.2,18,0.0,18,6,3,67.0,59.6,30.7,41.8,30.1,62.3,47.23333333333333,47.541666666666664,34.72083333333333
2026-03-22 19:00:00,28.8,27.3,38,1009.6,5.6,25,0.0,19,6,3,43.4,52.7,39.8,51.4,16.5,35.2,49.35,47.675000000000004,35.275
2026-03-22 20:00:00,24.9,27.2,38,1008.8,8.7,43,0.0,20,6,3,28.8,67.0,33.6,37.3,15.1,15.2,47.51666666666667,45.791666666666664,35.7875
2026-03-22 21:00:00,21.9,25.8,42,1008.4,3.7,321,0.0,21,6,3,24.9,43.4,59.6,50.5,29.1,12.0,46.06666666666667,44.75833333333333,36.19583333333333
2026-03-22 22:00:00,25.6,25.2,51,1008.4,6.8,299,0.0,22,6,3,21.9,28.8,52.7,46.8,12.0,17.9,39.78333333333333,42.375,35.895833333333336
2026-03-22 23:00:00,12.0,24.8,55,1008.1,5.3,52,0.0,23,6,3,25.6,24.9,67.0,59.3,12.0,12.0,35.266666666666666,40.608333333333334,36.4625
2026-03-23 00:00:00,12.0,24.1,53,1008.2,3.8,73,0.0,0,0,3,12.0,21.9,43.4,30.7,16.8,33.9,26.099999999999998,36.666666666666664,36.4625
2026-03-23 01:00:00,12.1,24.8,50,1008.7,7.1,21,0.0,1,0,3,12.0,25.6,28.8,39.8,12.0,12.0,20.866666666666664,35.108333333333334,36.2625
2026-03-23 02:00:00,12.0,25.6,48,1009.5,10.1,5,0.0,2,0,3,12.1,12.0,24.9,33.6,12.0,12.0,18.083333333333332,32.8,36.26666666666667
2026-03-23 03:00:00,18.3,28.1,45,1010.7,8.6,359,0.0,3,0,3,12.0,12.0,21.9,59.6,36.9,26.1,15.933333333333335,31.0,36.26666666666667
2026-03-23 04:00:00,12.0,30.6,42,1010.8,9.5,2,0.0,4,0,3,18.3,12.1,25.6,52.7,38.7,34.1,15.333333333333334,27.558333333333334,35.49166666666667
2026-03-23 05:00:00,21.7,33.0,37,1010.7,9.0,5,0.0,5,0,3,12.0,12.0,12.0,67.0,31.6,38.2,13.066666666666668,24.166666666666668,34.37916666666667
2026-03-23 06:00:00,63.8,34.7,31,1010.4,9.0,1,0.0,6,0,3,21.7,18.3,12.0,43.4,41.8,32.2,14.683333333333335,20.391666666666666,33.96666666666667
2026-03-23 07:00:00,35.4,36.4,27,1009.4,7.4,354,0.0,7,0,3,63.8,12.0,12.1,28.8,51.4,51.1,23.316666666666666,22.09166666666667,34.88333333333333
2026-03-23 08:00:00,52.7,36.8,28,1008.5,10.2,324,0.0,8,0,3,35.4,21.7,12.0,24.9,37.3,43.3,27.2,22.641666666666666,34.21666666666666
2026-03-23 09:00:00,61.3,36.5,27,1007.7,13.1,311,0.0,9,0,3,52.7,63.8,18.3,21.9,50.5,66.7,33.983333333333334,24.958333333333332,34.858333333333334
2026-03-23 10:00:00,80.4,36.3,23,1007.2,13.5,308,0.0,10,0,3,61.3,35.4,12.0,25.6,46.8,35.2,41.15,28.24166666666667,35.30833333333333
2026-03-23 11:00:00,44.2,35.8,21,1006.9,12.8,322,0.0,11,0,3,80.4,52.7,21.7,12.0,59.3,53.0,52.54999999999999,32.80833333333334,36.708333333333336
2026-03-23 12:00:00,53.4,35.3,20,1006.8,9.6,334,0.0,12,0,3,44.2,61.3,63.8,12.0,30.7,53.8,56.300000000000004,35.49166666666667,36.079166666666666
2026-03-23 13:00:00,72.9,34.1,23,1006.8,6.5,347,0.0,13,0,3,53.4,80.4,35.4,12.1,39.8,58.4,54.56666666666666,38.94166666666667,37.025
2026-03-23 14:00:00,73.0,32.6,27,1007.6,4.6,334,0.0,14,0,3,72.9,44.2,52.7,12.0,33.6,43.6,60.81666666666666,44.00833333333333,38.40416666666667
2026-03-23 15:00:00,52.9,31.9,29,1008.0,5.9,20,0.0,15,0,3,73.0,53.4,61.3,18.3,59.6,53.6,64.2,49.09166666666667,40.04583333333333
2026-03-23 16:00:00,64.9,31.1,31,1008.3,5.5,32,0.0,16,0,3,52.9,72.9,80.4,12.0,52.7,21.9,62.800000000000004,51.975,39.76666666666667
2026-03-23 17:00:00,45.2,30.0,34,1008.6,7.8,46,0.0,17,0,3,64.9,73.0,44.2,21.7,67.0,55.6,60.21666666666666,56.38333333333333,40.275
2026-03-23 18:00:00,65.6,28.4,37,1008.5,3.9,338,0.0,18,0,3,45.2,52.9,53.4,63.8,43.4,30.1,60.38333333333333,58.34166666666667,39.36666666666667
2026-03-23 19:00:00,15.4,27.0,48,1008.5,9.6,291,0.0,19,0,3,65.6,64.9,72.9,35.4,28.8,16.5,62.416666666666664,58.491666666666674,40.291666666666664
2026-03-23 20:00:00,12.0,26.4,59,1008.2,9.0,323,0.0,20,0,3,15.4,45.2,73.0,52.7,24.9,15.1,52.83333333333334,56.82500000000001,39.733333333333334
2026-03-23 21:00:00,12.0,25.8,66,1007.8,8.1,325,0.0,21,0,3,12.0,65.6,52.9,61.3,21.9,29.1,42.666666666666664,53.43333333333334,39.19583333333333
2026-03-23 22:00:00,12.0,25.4,67,1007.5,8.1,348,0.0,22,0,3,12.0,15.4,64.9,80.4,25.6,12.0,35.85,49.32500000000001,38.78333333333334
2026-03-23 23:00:00,12.0,24.8,68,1007.6,8.3,349,0.0,23,0,3,12.0,12.0,45.2,44.2,12.0,12.0,27.03333333333333,43.625,38.21666666666667
2026-03-24 00:00:00,14.8,25.2,65,1007.6,8.8,349,0.0,0,1,3,12.0,12.0,65.6,53.4,12.0,16.8,21.5,40.94166666666667,38.21666666666667
2026-03-24 01:00:00,16.6,25.1,60,1008.3,8.9,6,0.0,1,1,3,14.8,12.0,15.4,72.9,12.1,12.0,13.033333333333333,37.725,38.333333333333336
2026-03-24 02:00:00,30.5,25.5,55,1008.9,8.0,5,0.0,2,1,3,16.6,12.0,12.0,73.0,12.0,12.0,13.233333333333334,33.03333333333333,38.520833333333336
2026-03-24 03:00:00,48.5,28.5,44,1009.6,5.8,7,0.0,3,1,3,30.5,14.8,12.0,52.9,18.3,36.9,16.316666666666666,29.491666666666664,39.291666666666664
2026-03-24 04:00:00,31.4,31.3,36,1010.0,6.3,13,0.0,4,1,3,48.5,16.6,12.0,64.9,12.0,38.7,22.400000000000002,29.125,40.550000000000004
2026-03-24 05:00:00,59.5,33.7,30,1010.0,7.1,9,0.0,5,1,3,31.4,30.5,12.0,45.2,21.7,31.6,25.633333333333336,26.333333333333332,41.358333333333334
2026-03-24 06:00:00,55.3,34.9,27,1009.4,5.3,348,0.0,6,1,3,59.5,48.5,14.8,65.6,63.8,41.8,33.550000000000004,27.524999999999995,42.93333333333334
2026-03-24 07:00:00,42.9,36.6,24,1008.8,7.1,311,0.0,7,1,3,55.3,31.4,16.6,15.4,35.4,51.4,40.3,26.666666666666668,42.579166666666666
2026-03-24 08:00:00,41.7,36.8,23,1007.5,11.4,299,0.0,8,1,3,42.9,59.5,30.5,12.0,52.7,37.3,44.68333333333334,28.958333333333332,42.89166666666667
2026-03-24 09:00:00,29.7,36.8,19,1006.8,12.6,299,0.0,9,1,3,41.7,55.3,48.5,12.0,61.3,50.5,46.550000000000004,31.433333333333334,42.43333333333333
2026-03-24 10:00:00,49.5,36.6,18,1006.0,11.4,307,0.0,10,1,3,29.7,42.9,31.4,12.0,80.4,46.8,43.416666666666664,32.90833333333333,41.11666666666667
2026-03-24 11:00:00,78.7,36.0,19,1005.6,11.1,318,0.0,11,1,3,49.5,41.7,59.5,12.0,44.2,59.3,46.43333333333334,36.03333333333333,39.82916666666667
2026-03-24 12:00:00,49.8,34.9,22,1005.6,11.1,316,0.0,12,1,3,78.7,29.7,55.3,14.8,53.4,30.7,49.63333333333333,41.59166666666666,41.266666666666666
2026-03-24 13:00:00,63.9,33.1,27,1005.7,8.5,318,0.0,13,1,3,49.8,49.5,42.9,16.6,72.9,39.8,48.71666666666667,44.50833333333333,41.11666666666667
2026-03-24 14:00:00,49.9,31.8,32,1006.2,7.5,310,0.0,14,1,3,63.9,78.7,41.7,30.5,73.0,33.6,52.21666666666667,48.449999999999996,40.74166666666667
2026-03-24 15:00:00,82.6,31.1,34,1006.6,7.2,335,0.0,15,1,3,49.9,49.8,29.7,48.5,52.9,59.6,53.583333333333336,50.06666666666666,39.77916666666666
2026-03-24 16:00:00,52.8,29.5,40,1007.3,8.9,279,0.0,16,1,3,82.6,63.9,49.5,31.4,64.9,52.7,62.400000000000006,52.90833333333333,41.016666666666666
2026-03-24 17:00:00,71.2,28.2,50,1007.4,8.5,272,0.0,17,1,3,52.8,49.9,78.7,59.5,45.2,67.0,62.94999999999999,54.69166666666666,40.512499999999996
2026-03-24 18:00:00,30.7,27.6,59,1007.5,8.3,270,0.0,18,1,3,71.2,82.6,49.8,55.3,65.6,43.4,61.699999999999996,55.666666666666664,41.59583333333333
2026-03-24 19:00:00,16.2,27.1,67,1007.5,8.3,270,0.0,19,1,3,30.7,52.8,63.9,42.9,15.4,28.8,58.51666666666666,53.61666666666667,40.141666666666666
2026-03-24 20:00:00,25.7,26.7,69,1007.3,8.6,281,0.0,20,1,3,16.2,71.2,49.9,41.7,12.0,24.9,50.56666666666666,51.39166666666666,40.175
2026-03-24 21:00:00,12.0,26.3,71,1007.0,8.8,281,0.0,21,1,3,25.7,30.7,82.6,29.7,12.0,21.9,46.53333333333333,50.05833333333334,40.74583333333333
2026-03-24 22:00:00,12.0,26.2,72,1006.8,7.9,270,0.0,22,1,3,12.0,16.2,52.8,49.5,12.0,25.6,34.766666666666666,48.583333333333336,40.74583333333333
2026-03-24 23:00:00,16.9,25.9,71,1006.6,6.5,272,0.0,23,1,3,12.0,25.7,71.2,78.7,12.0,12.0,27.96666666666667,45.458333333333336,40.74583333333333
2026-03-25 00:00:00,21.7,25.8,68,1007.1,8.5,318,0.0,0,2,3,16.9,12.0,30.7,49.8,14.8,12.0,18.916666666666668,40.30833333333333,40.949999999999996
2026-03-25 01:00:00,25.0,25.7,69,1008.0,9.0,344,0.0,1,2,3,21.7,12.0,16.2,63.9,16.6,12.1,17.416666666666668,37.96666666666666,41.2375
2026-03-25 02:00:00,39.7,26.3,65,1008.9,8.7,8,0.0,2,2,3,25.0,16.9,25.7,49.9,30.5,12.0,18.883333333333336,34.725,41.5875
2026-03-25 03:00:00,12.0,28.3,57,1009.8,8.5,4,0.0,3,2,3,39.7,21.7,12.0,82.6,48.5,18.3,21.21666666666667,33.875,41.97083333333333
2026-03-25 04:00:00,12.0,30.6,50,1010.3,8.1,357,0.0,4,2,3,12.0,25.0,12.0,52.8,31.4,12.0,21.21666666666667,27.99166666666667,40.449999999999996
2026-03-25 05:00:00,41.7,33.0,43,1010.4,9.5,351,0.0,5,2,3,12.0,39.7,16.9,71.2,59.5,21.7,21.21666666666667,24.59166666666667,39.641666666666666
2026-03-25 06:00:00,54.0,34.5,38,1010.0,10.1,340,0.0,6,2,3,41.7,12.0,21.7,30.7,55.3,63.8,25.349999999999998,22.133333333333336,38.9
2026-03-25 07:00:00,43.7,36.1,33,1009.1,9.4,334,0.0,7,2,3,54.0,12.0,25.0,16.2,42.9,35.4,30.733333333333334,24.075,38.84583333333334
2026-03-25 08:00:00,50.1,37.2,28,1007.6,6.9,335,0.0,8,2,3,43.7,41.7,39.7,25.7,41.7,52.7,33.85,26.36666666666667,38.87916666666666
2026-03-25 09:00:00,81.1,38.0,24,1006.3,4.7,320,0.0,9,2,3,50.1,54.0,12.0,12.0,29.7,61.3,35.583333333333336,28.400000000000002,39.229166666666664
2026-03-25 10:00:00,79.7,38.2,23,1005.3,7.7,298,0.0,10,2,3,81.1,43.7,12.0,12.0,49.5,80.4,47.1,34.15833333333334,41.37083333333333
2026-03-25 11:00:00,74.7,36.8,27,1005.1,13.4,296,0.0,11,2,3,79.7,50.1,41.7,16.9,78.7,44.2,58.38333333333333,39.800000000000004,42.62916666666666
2026-03-25 12:00:00,54.3,35.7,26,1005.4,13.9,299,0.0,12,2,3,74.7,81.1,54.0,21.7,49.8,53.4,63.88333333333333,44.61666666666667,42.4625
2026-03-25 13:00:00,74.5,34.2,25,1005.9,8.6,307,0.0,13,2,3,54.3,79.7,43.7,25.0,63.9,72.9,63.93333333333334,47.333333333333336,42.65
2026-03-25 14:00:00,75.3,32.1,33,1006.6,6.5,309,0.0,14,2,3,74.5,74.7,50.1,39.7,49.9,73.0,69.06666666666668,51.458333333333336,43.09166666666667
2026-03-25 15:00:00,68.7,30.7,38,1007.3,3.6,319,0.0,15,2,3,75.3,54.3,81.1,12.0,82.6,52.9,73.26666666666667,54.425000000000004,44.15
2026-03-25 16:00:00,37.9,29.1,50,1008.2,10.8,259,0.0,16,2,3,68.7,74.5,79.7,12.0,52.8,64.9,71.2,59.15,43.57083333333333
2026-03-25 17:00:00,38.3,28.1,62,1008.6,8.9,261,0.0,17,2,3,37.9,75.3,74.7,41.7,71.2,45.2,64.23333333333333,61.30833333333334,42.949999999999996
2026-03-25 18:00:00,37.4,27.3,72,1008.8,9.9,255,0.0,18,2,3,38.3,68.7,54.3,54.0,30.7,65.6,58.166666666666664,61.025,41.579166666666666
2026-03-25 19:00:00,32.8,26.7,75,1008.6,6.0,279,0.0,19,2,3,37.4,37.9,74.5,43.7,16.2,15.4,55.349999999999994,59.64166666666666,41.858333333333334
2026-03-25 20:00:00,21.8,26.2,79,1008.4,7.3,300,0.0,20,2,3,32.8,38.3,75.3,50.1,25.7,12.0,48.4,58.73333333333334,42.550000000000004
2026-03-25 21:00:00,12.0,25.6,80,1008.0,8.5,343,0.0,21,2,3,21.8,37.4,68.7,81.1,12.0,12.0,39.483333333333334,56.375,42.387499999999996
2026-03-25 22:00:00,12.0,25.4,78,1008.1,9.2,337,0.0,22,2,3,12.0,32.8,37.9,79.7,12.0,12.0,30.03333333333333,50.61666666666667,42.387499999999996
2026-03-25 23:00:00,12.0,25.4,73,1008.0,10.7,352,0.0,23,2,3,12.0,21.8,38.3,74.7,16.9,12.0,25.71666666666667,44.975,42.387499999999996
2026-03-26 00:00:00,12.0,25.4,74,1008.1,9.9,359,0.0,0,3,3,12.0,12.0,37.4,54.3,21.7,14.8,21.333333333333332,39.75,42.18333333333333
2026-03-26 01:00:00,12.0,25.4,68,1009.2,8.1,12,0.0,1,3,3,12.0,12.0,32.8,74.5,25.0,16.6,17.099999999999998,36.225,41.77916666666667
2026-03-26 02:00:00,12.0,25.9,61,1010.3,6.4,38,0.0,2,3,3,12.0,12.0,21.8,75.3,39.7,30.5,13.633333333333333,31.016666666666666,41.237500000000004
2026-03-26 03:00:00,14.1,28.5,47,1011.3,6.1,24,0.0,3,3,3,12.0,12.0,12.0,68.7,12.0,48.5,12.0,25.741666666666664,40.083333333333336
2026-03-26 04:00:00,12.0,31.0,39,1011.8,8.6,8,0.0,4,3,3,14.1,12.0,12.0,37.9,12.0,31.4,12.350000000000001,21.191666666666666,40.170833333333334
2026-03-26 05:00:00,32.7,33.8,33,1011.7,10.3,7,0.0,5,3,3,12.0,12.0,12.0,38.3,41.7,59.5,12.350000000000001,19.03333333333333,40.170833333333334
2026-03-26 06:00:00,50.7,35.8,29,1011.1,10.4,14,0.0,6,3,3,32.7,14.1,12.0,37.4,54.0,55.3,15.800000000000002,18.566666666666666,39.79583333333333
2026-03-26 07:00:00,38.9,37.6,25,1010.1,9.2,359,0.0,7,3,3,50.7,12.0,12.0,32.8,43.7,42.9,22.25,19.675,39.65833333333333
2026-03-26 08:00:00,75.7,38.4,24,1009.1,9.4,330,0.0,8,3,3,38.9,32.7,12.0,21.8,50.1,41.7,26.733333333333334,20.183333333333334,39.458333333333336
2026-03-26 09:00:00,39.9,38.3,25,1007.9,12.0,314,0.0,9,3,3,75.7,50.7,14.1,12.0,81.1,29.7,37.35,24.675,40.525
2026-03-26 10:00:00,54.9,37.5,26,1007.5,13.9,311,0.0,10,3,3,39.9,38.9,12.0,12.0,79.7,49.5,41.65,27.0,38.80833333333333
2026-03-26 11:00:00,62.8,36.8,25,1007.0,11.6,312,0.0,11,3,3,54.9,75.7,32.7,12.0,74.7,78.7,48.800000000000004,30.575,37.775
2026-03-26 12:00:00,75.8,36.0,25,1006.9,10.2,316,0.0,12,3,3,62.8,39.9,50.7,12.0,54.3,49.8,53.81666666666667,34.80833333333333,37.27916666666667
2026-03-26 13:00:00,61.1,34.3,27,1007.5,8.5,312,0.0,13,3,3,75.8,54.9,38.9,12.0,74.5,63.9,58.0,40.125,38.175000000000004
2026-03-26 14:00:00,87.7,32.3,31,1007.8,8.0,333,0.0,14,3,3,61.1,62.8,75.7,12.0,75.3,49.9,61.699999999999996,44.21666666666667,37.61666666666667
2026-03-26 15:00:00,51.9,31.5,31,1008.5,8.1,335,0.0,15,3,3,87.7,75.8,39.9,14.1,68.7,82.6,63.70000000000001,50.525,38.13333333333333
2026-03-26 16:00:00,32.2,31.5,28,1009.1,10.1,350,0.0,16,3,3,51.9,61.1,54.9,12.0,37.9,52.8,65.7,53.675000000000004,37.43333333333333
2026-03-26 17:00:00,62.3,31.0,28,1009.5,11.2,4,0.0,17,3,3,32.2,87.7,62.8,32.7,38.3,71.2,61.916666666666664,55.35833333333333,37.19583333333333
2026-03-26 18:00:00,32.2,30.5,30,1009.4,11.7,3,0.0,18,3,3,62.3,51.9,75.8,50.7,37.4,30.7,61.833333333333336,57.82500000000001,38.19583333333333
2026-03-26 19:00:00,33.6,29.3,33,1009.5,9.1,324,0.0,19,3,3,32.2,32.2,61.1,38.9,32.8,16.2,54.56666666666667,56.28333333333333,37.979166666666664
2026-03-26 20:00:00,21.2,28.0,38,1009.3,9.0,308,0.0,20,3,3,33.6,62.3,87.7,75.7,21.8,25.7,49.98333333333334,55.84166666666667,38.012499999999996
2026-03-26 21:00:00,14.9,27.2,49,1008.6,9.8,328,0.0,21,3,3,21.2,32.2,51.9,39.9,12.0,12.0,38.9,51.300000000000004,37.987500000000004
2026-03-26 22:00:00,12.0,27.1,52,1008.1,11.0,339,0.0,22,3,3,14.9,33.6,32.2,54.9,12.0,12.0,32.733333333333334,49.21666666666667,38.108333333333334
2026-03-26 23:00:00,12.0,26.7,54,1007.6,11.3,340,0.0,23,3,3,12.0,21.2,62.3,62.8,12.0,16.9,29.36666666666667,45.64166666666667,38.108333333333334
2026-03-27 00:00:00,12.0,26.1,53,1007.4,10.8,358,0.0,0,4,3,12.0,14.9,32.2,75.8,12.0,21.7,20.98333333333333,41.40833333333334,38.108333333333334
2026-03-27 01:00:00,14.2,25.5,54,1008.0,8.7,6,0.0,1,4,3,12.0,12.0,33.6,61.1,12.0,25.0,17.616666666666664,36.09166666666667,38.108333333333334
2026-03-27 02:00:00,12.0,25.7,53,1008.7,10.6,357,0.0,2,4,3,14.2,12.0,21.2,87.7,12.0,39.7,14.383333333333333,32.18333333333333,38.2
2026-03-27 03:00:00,27.0,28.5,46,1009.7,8.3,6,0.0,3,4,3,12.0,12.0,14.9,51.9,14.1,12.0,12.85,25.875,38.2
2026-03-27 04:00:00,38.2,31.4,39,1010.4,9.2,2,0.0,4,4,3,27.0,14.2,12.0,32.2,12.0,12.0,14.866666666666665,23.8,38.737500000000004
2026-03-27 05:00:00,40.5,34.3,33,1010.3,9.4,356,0.0,5,4,3,38.2,12.0,12.0,62.3,32.7,41.7,19.233333333333334,24.3,39.829166666666666
2026-03-27 06:00:00,46.1,35.9,29,1009.9,9.9,345,0.0,6,4,3,40.5,27.0,12.0,32.2,50.7,54.0,23.983333333333334,22.483333333333334,40.15416666666667
2026-03-27 07:00:00,24.6,37.2,27,1009.2,11.1,329,0.0,7,4,3,46.1,38.2,14.2,33.6,38.9,43.7,29.666666666666668,23.641666666666666,39.9625
2026-03-27 08:00:00,59.5,38.2,20,1008.1,11.5,314,0.0,8,4,3,24.6,40.5,12.0,21.2,75.7,50.1,31.400000000000002,22.891666666666666,39.36666666666667
2026-03-27 09:00:00,52.8,38.3,17,1007.0,12.6,307,0.0,9,4,3,59.5,46.1,27.0,14.9,39.9,81.1,39.31666666666667,26.083333333333332,38.69166666666667
2026-03-27 10:00:00,44.6,38.0,16,1006.1,12.4,311,0.0,10,4,3,52.8,24.6,38.2,12.0,54.9,79.7,43.61666666666667,29.24166666666667,39.229166666666664
2026-03-27 11:00:00,54.0,37.4,18,1005.3,11.2,322,0.0,11,4,3,44.6,59.5,40.5,12.0,62.8,74.7,44.68333333333334,31.958333333333332,38.800000000000004
2026-03-27 12:00:00,65.6,36.6,20,1004.8,9.7,336,0.0,12,4,3,54.0,52.8,46.1,12.0,75.8,54.3,46.93333333333334,35.458333333333336,38.43333333333333
2026-03-27 13:00:00,62.9,35.6,22,1005.2,6.2,353,0.0,13,4,3,65.6,44.6,24.6,14.2,61.1,74.5,50.18333333333334,39.925000000000004,38.00833333333333
2026-03-27 14:00:00,88.6,33.6,26,1005.6,2.2,279,0.0,14,4,3,62.9,54.0,59.5,12.0,87.7,75.3,56.56666666666666,43.98333333333333,38.083333333333336
2026-03-27 15:00:00,89.1,31.4,34,1006.6,10.5,264,0.0,15,4,3,88.6,65.6,52.8,27.0,51.9,68.7,61.416666666666664,50.36666666666667,38.12083333333333
2026-03-27 16:00:00,53.9,29.1,54,1007.3,9.9,237,0.0,16,4,3,89.1,62.9,44.6,38.2,32.2,37.9,67.46666666666667,55.541666666666664,39.67083333333333
2026-03-27 17:00:00,39.0,28.7,56,1007.4,8.9,238,0.0,17,4,3,53.9,88.6,54.0,40.5,62.3,38.3,69.01666666666667,56.85,40.575
2026-03-27 18:00:00,35.3,28.2,59,1007.4,9.2,258,0.0,18,4,3,39.0,89.1,65.6,46.1,32.2,37.4,66.51666666666667,56.725,39.604166666666664
2026-03-27 19:00:00,47.6,27.7,62,1007.1,6.7,239,0.0,19,4,3,35.3,53.9,62.9,24.6,33.6,32.8,61.46666666666667,55.824999999999996,39.733333333333334
2026-03-27 20:00:00,41.2,27.1,65,1006.6,4.8,285,0.0,20,4,3,47.6,39.0,88.6,59.5,21.2,21.8,58.916666666666664,57.74166666666667,40.31666666666667
2026-03-27 21:00:00,17.7,27.2,58,1006.3,8.7,320,0.0,21,4,3,41.2,35.3,89.1,52.8,14.9,12.0,51.01666666666666,56.21666666666667,41.15
2026-03-27 22:00:00,12.0,26.7,56,1005.7,9.1,324,0.0,22,4,3,17.7,47.6,53.9,44.6,12.0,12.0,39.11666666666667,53.291666666666664,41.266666666666666
2026-03-27 23:00:00,13.3,25.9,59,1005.6,7.3,337,0.0,23,4,3,12.0,41.2,39.0,54.0,12.0,12.0,32.13333333333333,50.574999999999996,41.266666666666666
2026-03-28 00:00:00,21.7,25.3,68,1005.1,2.5,4,0.0,0,5,3,13.3,17.7,35.3,65.6,12.0,12.0,27.849999999999998,47.18333333333334,41.32083333333333
2026-03-28 01:00:00,22.7,25.2,68,1005.8,2.4,138,0.0,1,5,3,21.7,12.0,47.6,62.9,14.2,12.0,25.583333333333332,43.525,41.725
2026-03-28 02:00:00,14.3,25.6,66,1006.4,4.5,180,0.0,2,5,3,22.7,13.3,41.2,88.6,12.0,12.0,21.433333333333334,40.175000000000004,42.079166666666666
2026-03-28 03:00:00,29.4,29.0,53,1007.2,2.8,235,0.0,3,5,3,14.3,21.7,17.7,89.1,27.0,14.1,16.95,33.983333333333334,42.175
2026-03-28 04:00:00,28.1,31.0,48,1007.7,4.5,265,0.0,4,5,3,29.4,22.7,12.0,53.9,38.2,12.0,18.9,29.008333333333336,42.275
2026-03-28 05:00:00,49.8,32.9,43,1007.7,6.0,260,0.0,5,5,3,28.1,14.3,13.3,39.0,40.5,32.7,21.583333333333332,26.858333333333334,41.854166666666664
2026-03-28 06:00:00,35.0,34.0,40,1007.5,9.5,260,0.0,6,5,3,49.8,29.4,21.7,35.3,46.1,50.7,27.666666666666668,27.758333333333336,42.24166666666667
2026-03-28 07:00:00,53.0,34.3,42,1006.9,11.9,256,0.0,7,5,3,35.0,28.1,22.7,47.6,24.6,38.9,29.883333333333336,27.73333333333333,41.77916666666667
2026-03-28 08:00:00,67.6,34.8,37,1005.7,11.7,250,0.0,8,5,3,53.0,49.8,14.3,41.2,59.5,75.7,34.93333333333333,28.183333333333337,42.9625
2026-03-28 09:00:00,64.4,35.1,34,1004.8,12.0,244,0.0,9,5,3,67.6,35.0,29.4,17.7,52.8,39.9,43.81666666666666,30.38333333333333,43.300000000000004
2026-03-28 10:00:00,65.6,35.0,34,1004.0,12.2,225,0.0,10,5,3,64.4,53.0,28.1,12.0,44.6,54.9,49.65,34.275,43.78333333333333
2026-03-28 11:00:00,63.4,33.4,40,1003.7,14.8,220,0.0,11,5,3,65.6,67.6,49.8,13.3,54.0,62.8,55.9,38.74166666666667,44.65833333333333
2026-03-28 12:00:00,38.7,31.2,45,1003.9,15.4,228,0.0,12,5,3,63.4,64.4,35.0,21.7,65.6,75.8,58.166666666666664,42.916666666666664,45.050000000000004
2026-03-28 13:00:00,68.0,29.7,51,1004.1,11.8,216,0.0,13,5,3,38.7,65.6,53.0,22.7,62.9,61.1,58.78333333333334,44.333333333333336,43.92916666666667
2026-03-28 14:00:00,63.4,28.4,70,1004.4,10.9,211,0.0,14,5,3,68.0,63.4,67.6,14.3,88.6,87.7,61.28333333333334,48.10833333333333,44.14166666666667
2026-03-28 15:00:00,32.4,27.8,79,1005.2,11.1,211,0.0,15,5,3,63.4,38.7,64.4,29.4,89.1,51.9,60.583333333333336,52.199999999999996,43.09166666666667
2026-03-28 16:00:00,32.4,27.6,82,1005.9,10.6,206,0.0,16,5,3,32.4,68.0,65.6,28.1,53.9,32.2,55.25,52.449999999999996,40.729166666666664
2026-03-28 17:00:00,38.1,27.4,82,1006.1,11.6,210,0.0,17,5,3,32.4,63.4,63.4,49.8,39.0,62.3,49.71666666666667,52.80833333333334,39.833333333333336
2026-03-28 18:00:00,27.6,27.5,84,1006.2,11.6,201,0.0,18,5,3,38.1,32.4,38.7,35.0,35.3,32.2,45.5,51.833333333333336,39.79583333333333
2026-03-28 19:00:00,36.2,27.4,86,1005.8,9.5,190,0.0,19,5,3,27.6,32.4,68.0,53.0,47.6,33.6,43.65,51.21666666666666,39.475
2026-03-28 20:00:00,26.1,27.2,87,1005.5,6.0,213,0.0,20,5,3,36.2,38.1,63.4,67.6,41.2,21.2,38.35,49.81666666666666,39.0
2026-03-28 21:00:00,44.0,27.1,82,1005.3,5.6,272,0.0,21,5,3,26.1,27.6,32.4,64.4,17.7,14.9,32.13333333333333,46.35833333333334,38.37083333333333
2026-03-28 22:00:00,29.1,26.6,78,1005.1,4.1,285,0.0,22,5,3,44.0,36.2,32.4,65.6,12.0,12.0,34.06666666666667,44.65833333333333,39.46666666666667
2026-03-28 23:00:00,37.1,26.1,77,1004.8,1.1,279,0.0,23,5,3,29.1,26.1,38.1,63.4,13.3,12.0,33.51666666666667,41.61666666666667,40.17916666666667
2026-03-29 00:00:00,12.0,25.8,65,1005.5,0.9,217,0.0,0,6,3,37.1,44.0,27.6,38.7,21.7,12.0,33.35,39.425000000000004,41.170833333333334
2026-03-29 01:00:00,17.0,25.5,68,1006.4,1.1,171,0.0,1,6,3,12.0,29.1,36.2,68.0,22.7,14.2,30.75,37.199999999999996,40.766666666666666
2026-03-29 02:00:00,38.4,26.3,65,1007.3,2.1,149,0.0,2,6,3,17.0,37.1,26.1,63.4,14.3,12.0,27.55,32.949999999999996,40.52916666666666
2026-03-29 03:00:00,53.7,28.9,58,1008.4,3.6,297,0.0,3,6,3,38.4,12.0,44.0,32.4,29.4,27.0,29.599999999999998,30.866666666666664,41.53333333333333
2026-03-29 04:00:00,35.7,30.5,52,1009.0,4.8,304,0.0,4,6,3,53.7,17.0,29.1,32.4,28.1,38.2,31.21666666666667,32.64166666666667,42.545833333333334
2026-03-29 05:00:00,39.3,32.3,45,1009.1,6.5,302,0.0,5,6,3,35.7,38.4,37.1,38.1,49.8,40.5,32.31666666666667,32.916666666666664,42.862500000000004
2026-03-29 06:00:00,21.2,33.3,42,1009.0,8.0,284,0.0,6,6,3,39.3,53.7,12.0,27.6,35.0,46.1,32.68333333333333,33.01666666666667,42.425000000000004
2026-03-29 07:00:00,45.2,34.3,39,1008.5,10.0,279,0.0,7,6,3,21.2,35.7,17.0,36.2,53.0,24.6,34.21666666666667,32.483333333333334,41.85
2026-03-29 08:00:00,38.5,34.7,36,1007.5,10.8,274,0.0,8,6,3,45.2,39.3,38.4,26.1,67.6,59.5,38.916666666666664,33.233333333333334,41.525
2026-03-29 09:00:00,46.9,35.0,32,1006.4,11.5,266,0.0,9,6,3,38.5,21.2,53.7,44.0,64.4,52.8,38.93333333333333,34.266666666666666,40.3125
2026-03-29 10:00:00,38.9,34.8,30,1005.6,11.4,257,0.0,10,6,3,46.9,45.2,35.7,29.1,65.6,44.6,37.800000000000004,34.50833333333333,39.58333333333333
2026-03-29 11:00:00,70.7,34.3,30,1005.0,10.3,248,0.0,11,6,3,38.9,38.5,39.3,37.1,63.4,54.0,38.333333333333336,35.325,38.47083333333334
2026-03-29 12:00:00,39.5,32.2,44,1005.1,13.8,233,0.0,12,6,3,70.7,46.9,21.2,12.0,38.7,65.6,43.56666666666666,38.125,38.775
2026-03-29 13:00:00,63.9,29.2,60,1005.6,11.8,231,0.0,13,6,3,39.5,38.9,45.2,17.0,68.0,62.9,46.61666666666667,40.416666666666664,38.80833333333333
2026-03-29 14:00:00,52.5,28.0,75,1006.2,9.8,234,0.0,14,6,3,63.9,70.7,38.5,38.4,63.4,88.6,49.73333333333333,44.324999999999996,38.637499999999996
2026-03-29 15:00:00,61.6,27.6,81,1006.6,9.4,238,0.0,15,6,3,52.5,39.5,46.9,53.7,32.4,89.1,52.06666666666666,45.5,38.18333333333333
2026-03-29 16:00:00,61.5,27.4,81,1007.2,8.8,244,0.0,16,6,3,61.6,63.9,38.9,35.7,32.4,53.9,54.51666666666667,46.15833333333333,39.4
2026-03-29 17:00:00,26.5,27.2,84,1007.2,9.9,235,0.0,17,6,3,61.5,52.5,70.7,39.3,38.1,39.0,58.28333333333333,48.30833333333334,40.6125
2026-03-29 18:00:00,36.0,27.1,85,1007.2,8.7,227,0.0,18,6,3,26.5,61.6,39.5,21.2,27.6,35.3,50.916666666666664,47.24166666666667,40.12916666666667
2026-03-29 19:00:00,50.1,27.0,84,1006.9,6.4,225,0.0,19,6,3,36.0,61.5,63.9,45.2,36.2,47.6,50.333333333333336,48.475,40.479166666666664
2026-03-29 20:00:00,53.5,26.6,86,1006.0,5.4,154,0.0,20,6,3,50.1,26.5,52.5,38.5,26.1,41.2,48.03333333333333,48.88333333333333,41.05833333333333
2026-03-29 21:00:00,19.9,26.0,89,1005.3,5.3,125,0.0,21,6,3,53.5,36.0,61.6,46.9,44.0,17.7,48.199999999999996,50.13333333333333,42.199999999999996
2026-03-29 22:00:00,19.8,25.5,92,1005.1,1.8,53,0.0,22,6,3,19.9,50.1,61.5,38.9,29.1,12.0,41.25,47.88333333333333,41.19583333333333
2026-03-29 23:00:00,17.0,24.9,95,1005.4,2.8,72,0.0,23,6,3,19.8,53.5,26.5,70.7,37.1,13.3,34.300000000000004,46.291666666666664,40.80833333333334
2026-03-30 00:00:00,29.1,26.2,78,1005.2,5.4,358,0.0,0,0,3,17.0,19.9,36.0,39.5,12.0,21.7,32.71666666666667,41.81666666666667,39.97083333333334
2026-03-30 01:00:00,12.0,26.2,76,1006.1,3.6,6,0.0,1,0,3,29.1,19.8,50.1,63.9,17.0,22.7,31.566666666666666,40.949999999999996,40.68333333333333
2026-03-30 02:00:00,24.1,26.9,72,1006.9,4.7,351,0.0,2,0,3,12.0,17.0,53.5,52.5,38.4,14.3,25.21666666666667,36.625,40.475
2026-03-30 03:00:00,28.1,28.8,63,1008.0,7.0,347,0.0,3,0,3,24.1,29.1,19.9,61.6,53.7,29.4,20.316666666666666,34.25833333333333,39.87916666666667
2026-03-30 04:00:00,12.2,30.7,56,1008.7,8.8,334,0.0,4,0,3,28.1,12.0,19.8,61.5,35.7,28.1,21.683333333333334,31.46666666666667,38.8125
2026-03-30 05:00:00,37.3,32.6,49,1008.8,8.5,336,0.0,5,0,3,12.2,24.1,17.0,26.5,39.3,49.8,20.416666666666668,27.358333333333334,37.833333333333336
2026-03-30 06:00:00,43.3,33.8,45,1008.6,6.8,318,0.0,6,0,3,37.3,28.1,29.1,36.0,21.2,35.0,23.8,28.258333333333336,37.75
2026-03-30 07:00:00,76.8,35.6,39,1007.7,5.0,314,0.0,7,0,3,43.3,12.2,12.0,50.1,45.2,53.0,26.166666666666668,28.866666666666664,38.67083333333333
2026-03-30 08:00:00,75.1,36.6,34,1006.7,6.9,293,0.0,8,0,3,76.8,37.3,24.1,53.5,38.5,67.6,36.96666666666666,31.091666666666665,39.987500000000004
2026-03-30 09:00:00,59.9,36.8,32,1005.3,12.1,288,0.0,9,0,3,75.1,43.3,28.1,19.9,46.9,64.4,45.46666666666666,32.89166666666666,41.512499999999996
2026-03-30 10:00:00,23.8,36.3,30,1004.7,13.2,284,0.0,10,0,3,59.9,76.8,12.2,19.8,38.9,65.6,50.76666666666666,36.225,42.05416666666667
2026-03-30 11:00:00,73.5,35.4,31,1004.9,14.9,292,0.0,11,0,3,23.8,75.1,37.3,17.0,70.7,63.4,52.699999999999996,36.55833333333333,41.425
2026-03-30 12:00:00,69.8,35.9,27,1003.8,10.9,294,0.0,12,0,3,73.5,59.9,43.3,29.1,39.5,38.7,58.73333333333333,41.266666666666666,41.541666666666664
2026-03-30 13:00:00,46.1,31.8,51,1004.6,12.0,253,0.0,13,0,3,69.8,23.8,76.8,12.0,63.9,68.0,63.15,44.65833333333333,42.80416666666667
2026-03-30 14:00:00,62.1,28.7,74,1005.6,12.5,243,0.0,14,0,3,46.1,73.5,75.1,24.1,52.5,63.4,58.03333333333334,47.5,42.0625
2026-03-30 15:00:00,34.4,28.1,81,1006.4,13.0,241,0.0,15,0,3,62.1,69.8,59.9,28.1,61.6,32.4,55.86666666666667,50.666666666666664,42.4625
2026-03-30 16:00:00,33.5,28.1,73,1007.2,12.3,248,0.0,16,0,3,34.4,46.1,23.8,12.2,61.5,32.4,51.616666666666674,51.19166666666666,41.329166666666666
2026-03-30 17:00:00,20.3,28.1,70,1007.7,12.2,248,0.0,17,0,3,33.5,62.1,73.5,37.3,26.5,38.1,53.23333333333334,52.96666666666667,40.1625
2026-03-30 18:00:00,33.7,27.7,77,1007.7,11.2,242,0.0,18,0,3,20.3,34.4,69.8,43.3,36.0,27.6,44.36666666666667,51.54999999999999,39.90416666666667
2026-03-30 19:00:00,34.4,27.7,75,1007.4,8.6,240,0.0,19,0,3,33.7,33.5,46.1,76.8,50.1,36.2,38.35,50.75,39.80833333333333
2026-03-30 20:00:00,20.4,27.4,75,1006.9,6.9,242,0.0,20,0,3,34.4,20.3,62.1,75.1,53.5,26.1,36.4,47.21666666666667,39.15416666666667
2026-03-30 21:00:00,36.1,27.2,72,1006.8,7.1,260,0.0,21,0,3,20.4,33.7,34.4,59.9,19.9,44.0,29.450000000000003,42.65833333333334,37.775
2026-03-30 22:00:00,17.2,26.6,73,1006.3,4.9,274,0.0,22,0,3,36.1,34.4,33.5,23.8,19.8,29.1,29.733333333333334,40.675000000000004,38.45
2026-03-30 23:00:00,23.8,26.1,76,1006.6,4.2,277,0.0,23,0,3,17.2,20.4,20.3,73.5,17.0,37.1,27.01666666666667,40.125,38.34166666666666
2026-03-31 00:00:00,12.0,25.8,76,1006.7,3.2,297,0.0,0,1,3,23.8,36.1,33.7,69.8,29.1,12.0,27.599999999999998,35.983333333333334,38.625
2026-03-31 01:00:00,59.0,26.0,77,1007.6,4.3,287,0.0,1,1,3,12.0,17.2,34.4,46.1,12.0,17.0,23.98333333333333,31.166666666666668,37.9125
2026-03-31 02:00:00,32.5,26.9,75,1008.5,3.4,276,0.0,2,1,3,59.0,23.8,20.4,62.1,24.1,38.4,28.083333333333332,32.24166666666667,39.87083333333334
2026-03-31 03:00:00,28.5,28.8,65,1009.7,4.2,317,0.0,3,1,3,32.5,12.0,36.1,34.4,28.1,53.7,30.099999999999998,29.775000000000002,40.22083333333334
2026-03-31 04:00:00,41.3,30.8,56,1010.0,3.7,321,0.0,4,1,3,28.5,59.0,17.2,33.5,12.2,35.7,28.833333333333332,29.283333333333335,40.237500000000004
2026-03-31 05:00:00,60.8,32.8,49,1009.9,4.0,302,0.0,5,1,3,41.3,32.5,23.8,20.3,37.3,39.3,32.85,29.933333333333334,41.449999999999996
2026-03-31 06:00:00,61.4,33.2,46,1009.8,5.8,268,0.0,6,1,3,60.8,28.5,12.0,33.7,43.3,21.2,39.016666666666666,33.30833333333333,42.42916666666667
2026-03-31 07:00:00,51.5,34.2,43,1008.9,8.8,270,0.0,7,1,3,61.4,41.3,59.0,34.4,76.8,45.2,47.25,35.61666666666667,43.18333333333334
2026-03-31 08:00:00,51.1,34.4,44,1007.9,12.2,272,0.0,8,1,3,51.5,60.8,32.5,20.4,75.1,38.5,46.0,37.041666666666664,42.12916666666666
2026-03-31 09:00:00,59.4,34.3,43,1006.7,11.9,272,0.0,9,1,3,51.1,61.4,28.5,36.1,59.9,46.9,49.1,39.6,41.12916666666667
2026-03-31 10:00:00,72.2,34.2,40,1005.5,11.7,267,0.0,10,1,3,59.4,51.5,41.3,17.2,23.8,38.9,54.25,41.541666666666664,41.10833333333333
2026-03-31 11:00:00,48.3,33.1,42,1004.8,13.1,263,0.0,11,1,3,72.2,51.1,60.8,23.8,73.5,70.7,59.4,46.125,43.125
2026-03-31 12:00:00,53.0,32.4,39,1004.6,11.2,252,0.0,12,1,3,48.3,59.4,61.4,12.0,69.8,39.5,57.31666666666666,48.166666666666664,42.074999999999996
2026-03-31 13:00:00,86.3,30.2,49,1005.2,10.3,251,0.0,13,1,3,53.0,72.2,51.5,59.0,46.1,63.9,55.916666666666664,51.583333333333336,41.375
2026-03-31 14:00:00,50.8,28.0,69,1006.0,11.4,255,0.0,14,1,3,86.3,48.3,51.1,32.5,62.1,52.5,61.71666666666667,53.85833333333334,43.050000000000004
2026-03-31 15:00:00,62.8,27.2,75,1006.8,11.9,259,0.0,15,1,3,50.8,53.0,59.4,28.5,34.4,61.6,61.666666666666664,55.38333333333333,42.579166666666666
2026-03-31 16:00:00,44.5,26.7,82,1007.5,11.1,257,0.0,16,1,3,62.8,86.3,72.2,41.3,33.5,61.5,62.23333333333333,58.24166666666667,43.762499999999996
2026-03-31 17:00:00,30.3,26.3,86,1008.0,10.9,254,0.0,17,1,3,44.5,50.8,48.3,60.8,20.3,26.5,57.61666666666667,58.508333333333326,44.22083333333333
2026-03-31 18:00:00,40.9,26.3,88,1008.1,9.9,243,0.0,18,1,3,30.3,62.8,53.0,61.4,33.7,36.0,54.61666666666667,55.96666666666667,44.63750000000001
2026-03-31 19:00:00,13.4,26.4,86,1007.9,8.5,249,0.0,19,1,3,40.9,44.5,86.3,51.5,34.4,50.1,52.6,54.25833333333333,44.9375
2026-03-31 20:00:00,33.1,26.1,86,1007.4,6.4,220,0.0,20,1,3,13.4,30.3,50.8,51.1,20.4,53.5,40.449999999999996,51.083333333333336,44.0625
2026-03-31 21:00:00,20.0,25.6,87,1007.2,4.3,195,0.0,21,1,3,33.1,40.9,62.8,59.4,36.1,19.9,37.5,49.583333333333336,44.59166666666667
2026-03-31 22:00:00,21.6,25.1,88,1006.8,3.2,207,0.0,22,1,3,20.0,13.4,44.5,72.2,17.2,19.8,30.366666666666664,46.300000000000004,43.92083333333333
2026-03-31 23:00:00,12.0,24.6,88,1006.9,2.7,250,0.0,23,1,3,21.6,33.1,30.3,48.3,23.8,17.0,26.549999999999997,42.083333333333336,44.104166666666664
2026-04-01 00:00:00,14.1,25.1,75,1006.8,7.6,326,0.0,0,2,4,12.0,20.0,40.9,53.0,12.0,29.1,23.5,39.05833333333334,43.612500000000004
2026-04-01 01:00:00,12.0,24.9,75,1008.0,6.2,311,0.0,1,2,4,14.1,21.6,13.4,86.3,59.0,12.0,19.033333333333335,35.81666666666667,43.699999999999996
2026-04-01 02:00:00,42.7,25.7,71,1008.9,4.0,309,0.0,2,2,4,12.0,12.0,33.1,50.8,32.5,24.1,18.8,29.625,41.74166666666667
2026-04-01 03:00:00,28.8,27.8,56,1009.6,7.1,324,0.0,3,2,4,42.7,14.1,20.0,62.8,28.5,28.1,20.400000000000002,28.95,42.166666666666664
2026-04-01 04:00:00,32.0,29.7,47,1009.8,5.7,325,0.0,4,2,4,28.8,12.0,21.6,44.5,41.3,12.2,21.86666666666667,26.116666666666664,42.17916666666667
2026-04-01 05:00:00,44.0,31.6,41,1009.9,6.4,310,0.0,5,2,4,32.0,42.7,12.0,30.3,60.8,37.3,23.600000000000005,25.075,41.791666666666664
2026-04-01 06:00:00,42.3,32.2,42,1009.7,9.2,293,0.0,6,2,4,44.0,28.8,14.1,40.9,61.4,43.3,28.933333333333337,26.216666666666665,41.09166666666667
2026-04-01 07:00:00,45.8,33.6,38,1008.8,8.8,282,0.0,7,2,4,42.3,32.0,12.0,13.4,51.5,76.8,33.63333333333333,26.333333333333332,40.29583333333333
2026-04-01 08:00:00,35.1,34.5,34,1007.4,9.6,264,0.0,8,2,4,45.8,44.0,42.7,33.1,51.1,75.1,39.26666666666667,29.033333333333335,40.05833333333333
2026-04-01 09:00:00,70.6,34.4,32,1006.8,12.9,262,0.0,9,2,4,35.1,42.3,28.8,20.0,59.4,59.9,38.0,29.2,39.391666666666666
2026-04-01 10:00:00,83.8,33.9,31,1005.9,12.5,258,0.0,10,2,4,70.6,45.8,32.0,21.6,72.2,23.8,44.96666666666666,33.416666666666664,39.858333333333334
2026-04-01 11:00:00,43.2,33.2,30,1005.4,11.2,246,0.0,11,2,4,83.8,35.1,44.0,12.0,48.3,73.5,53.599999999999994,38.6,40.34166666666667
2026-04-01 12:00:00,56.8,31.9,34,1005.3,11.5,240,0.0,12,2,4,43.2,70.6,42.3,14.1,53.0,69.8,53.46666666666666,41.199999999999996,40.12916666666667
2026-04-01 13:00:00,73.4,29.5,49,1005.8,11.2,248,0.0,13,2,4,56.8,83.8,45.8,12.0,86.3,46.1,55.88333333333333,44.75833333333333,40.2875
2026-04-01 14:00:00,75.1,27.6,62,1006.3,9.2,239,0.0,14,2,4,73.4,43.2,35.1,42.7,50.8,62.1,60.48333333333334,49.875,39.75
2026-04-01 15:00:00,33.7,26.7,67,1007.3,8.3,204,0.0,15,2,4,75.1,56.8,70.6,28.8,62.8,34.4,67.14999999999999,52.574999999999996,40.7625
2026-04-01 16:00:00,58.2,26.4,68,1008.1,9.4,215,0.0,16,2,4,33.7,73.4,83.8,32.0,44.5,33.5,61.0,52.98333333333333,39.55
2026-04-01 17:00:00,44.3,26.1,70,1008.6,10.0,214,0.0,17,2,4,58.2,75.1,43.2,44.0,30.3,20.3,56.73333333333334,55.166666666666664,40.12083333333333
2026-04-01 18:00:00,34.9,25.7,76,1008.2,9.8,203,0.0,18,2,4,44.3,33.7,56.8,42.3,40.9,33.7,56.916666666666664,55.19166666666666,40.704166666666666
2026-04-01 19:00:00,43.7,25.5,80,1008.3,10.4,194,0.0,19,2,4,34.9,58.2,73.4,45.8,13.4,34.4,53.26666666666667,54.57500000000001,40.454166666666666
2026-04-01 20:00:00,13.6,25.2,83,1007.6,10.1,190,0.0,20,2,4,43.7,44.3,75.1,35.1,33.1,20.4,48.31666666666666,54.4,41.71666666666667
2026-04-01 21:00:00,20.5,25.0,84,1006.9,9.1,172,0.0,21,2,4,13.6,34.9,33.7,70.6,20.0,36.1,38.06666666666667,52.60833333333333,40.90416666666667
2026-04-01 22:00:00,12.0,24.5,87,1006.7,8.8,168,0.0,22,2,4,20.5,43.7,58.2,83.8,21.6,17.2,35.86666666666667,48.43333333333334,40.925000000000004
2026-04-01 23:00:00,29.5,23.8,90,1006.9,6.7,164,0.0,23,2,4,12.0,13.6,44.3,43.2,12.0,23.8,28.166666666666668,42.449999999999996,40.525
2026-04-02 00:00:00,19.9,23.3,94,1007.5,0.8,135,0.0,0,3,4,29.5,20.5,34.9,56.8,14.1,12.0,25.7,41.30833333333333,41.25416666666667
2026-04-02 01:00:00,19.6,23.5,86,1008.3,4.3,332,0.0,1,3,4,19.9,12.0,43.7,73.4,12.0,59.0,23.2,38.233333333333334,41.49583333333333
2026-04-02 02:00:00,13.9,25.0,72,1009.3,6.9,346,0.0,2,3,4,19.6,29.5,13.6,75.1,42.7,32.5,19.183333333333334,33.75,41.8125
2026-04-02 03:00:00,16.4,27.3,59,1009.9,8.3,344,0.0,3,3,4,13.9,19.9,20.5,33.7,28.8,28.5,19.233333333333334,28.650000000000002,40.6125
2026-04-02 04:00:00,37.2,29.4,48,1010.5,6.0,351,0.0,4,3,4,16.4,19.6,12.0,58.2,32.0,41.3,18.55,27.208333333333332,40.09583333333333
2026-04-02 05:00:00,51.7,31.6,39,1010.2,2.7,356,0.0,5,3,4,37.2,13.9,29.5,44.3,44.0,60.8,22.75,25.458333333333332,40.3125
2026-04-02 06:00:00,39.6,33.0,34,1010.0,2.6,214,0.0,6,3,4,51.7,16.4,19.9,34.9,42.3,61.4,26.45,26.075,40.63333333333333
2026-04-02 07:00:00,66.2,35.0,31,1009.3,7.2,235,0.0,7,3,4,39.6,37.2,19.6,43.7,45.8,51.5,29.733333333333334,26.46666666666667,40.520833333333336
2026-04-02 08:00:00,46.2,34.9,35,1008.4,12.1,242,0.0,8,3,4,66.2,51.7,13.9,13.6,35.1,51.1,37.5,28.34166666666667,41.37083333333333
2026-04-02 09:00:00,47.5,33.9,33,1007.7,15.6,246,0.0,9,3,4,46.2,39.6,16.4,20.5,70.6,59.4,42.88333333333333,31.058333333333337,41.833333333333336
2026-04-02 10:00:00,53.4,33.1,28,1007.4,14.5,247,0.0,10,3,4,47.5,66.2,37.2,12.0,83.8,72.2,48.06666666666667,33.30833333333334,40.87083333333334
2026-04-02 11:00:00,51.5,31.9,31,1007.3,13.5,241,0.0,11,3,4,53.4,46.2,51.7,29.5,43.2,48.3,50.76666666666667,36.75833333333333,39.604166666666664
2026-04-02 12:00:00,49.5,30.3,41,1006.7,12.9,235,0.0,12,3,4,51.5,47.5,39.6,19.9,56.8,53.0,50.73333333333334,38.59166666666667,39.95
2026-04-02 13:00:00,69.6,28.6,55,1007.9,11.4,208,0.0,13,3,4,49.5,53.4,66.2,19.6,73.4,86.3,52.38333333333333,41.05833333333333,39.645833333333336
2026-04-02 14:00:00,55.3,27.6,62,1008.9,11.6,188,0.0,14,3,4,69.6,51.5,46.2,13.9,75.1,50.8,52.949999999999996,45.225,39.487500000000004
2026-04-02 15:00:00,44.4,27.4,64,1009.5,11.5,170,0.0,15,3,4,55.3,49.5,47.5,16.4,33.7,62.8,54.46666666666667,48.675000000000004,38.6625
2026-04-02 16:00:00,57.4,26.8,68,1009.9,11.5,189,0.0,16,3,4,44.4,69.6,53.4,37.2,58.2,44.5,53.949999999999996,51.00833333333333,39.108333333333334
2026-04-02 17:00:00,37.5,26.6,70,1009.7,12.1,174,0.0,17,3,4,57.4,55.3,51.5,51.7,44.3,30.3,54.61666666666665,52.69166666666666,39.074999999999996
2026-04-02 18:00:00,25.1,26.0,72,1009.6,12.9,168,0.0,18,3,4,37.5,44.4,49.5,39.6,34.9,40.9,52.283333333333324,51.508333333333326,38.791666666666664
2026-04-02 19:00:00,37.3,25.8,70,1009.5,9.7,161,0.0,19,3,4,25.1,57.4,69.6,66.2,43.7,13.4,48.21666666666666,50.29999999999999,38.38333333333333
2026-04-02 20:00:00,19.5,25.4,68,1008.9,7.2,143,0.0,20,3,4,37.3,37.5,55.3,46.2,13.6,33.1,42.833333333333336,47.89166666666667,38.11666666666667
2026-04-02 21:00:00,35.5,25.1,67,1008.4,5.7,156,0.0,21,3,4,19.5,25.1,44.4,47.5,20.5,20.0,36.86666666666667,45.666666666666664,38.3625
2026-04-02 22:00:00,12.0,24.8,70,1008.5,4.9,178,0.0,22,3,4,35.5,37.3,57.4,53.4,12.0,21.6,35.38333333333333,44.666666666666664,38.9875
2026-04-02 23:00:00,12.0,24.7,76,1008.1,5.5,163,0.0,23,3,4,12.0,19.5,37.5,51.5,29.5,12.0,27.816666666666666,41.21666666666666,38.9875
2026-04-03 00:00:00,12.0,24.1,81,1007.7,5.9,104,0.0,0,4,4,12.0,35.5,25.1,49.5,19.9,14.1,23.566666666666666,37.925,38.25833333333333
2026-04-03 01:00:00,36.2,24.2,81,1008.2,6.8,122,0.0,1,4,4,12.0,12.0,37.3,69.6,19.6,12.0,21.383333333333336,34.8,37.92916666666667
2026-04-03 02:00:00,29.2,25.0,76,1008.9,4.8,149,0.0,2,4,4,36.2,12.0,19.5,55.3,13.9,42.7,21.2,32.01666666666667,38.62083333333333
2026-04-03 03:00:00,24.5,27.8,66,1009.8,3.1,152,0.0,3,4,4,29.2,12.0,35.5,44.4,16.4,28.8,22.816666666666666,29.84166666666667,39.25833333333333
2026-04-03 04:00:00,38.0,30.7,51,1010.4,1.8,135,0.0,4,4,4,24.5,36.2,12.0,57.4,37.2,32.0,20.98333333333333,28.183333333333334,39.59583333333334
2026-04-03 05:00:00,53.7,33.2,33,1010.3,3.8,287,0.0,5,4,4,38.0,29.2,12.0,37.5,51.7,44.0,25.316666666666666,26.566666666666666,39.62916666666667
2026-04-03 06:00:00,56.6,34.1,33,1010.0,7.2,273,0.0,6,4,4,53.7,24.5,12.0,25.1,39.6,42.3,32.26666666666667,27.916666666666668,39.7125
2026-04-03 07:00:00,28.2,35.1,31,1009.0,9.2,269,0.0,7,4,4,56.6,38.0,36.2,37.3,66.2,45.8,39.7,30.541666666666668,40.420833333333334
2026-04-03 08:00:00,23.7,35.4,28,1007.9,12.5,264,0.0,8,4,4,28.2,53.7,29.2,19.5,46.2,35.1,38.36666666666667,29.783333333333335,38.8375
2026-04-03 09:00:00,30.4,35.0,25,1007.3,15.4,265,0.0,9,4,4,23.7,56.6,24.5,35.5,47.5,70.6,37.449999999999996,30.133333333333336,37.9
2026-04-03 10:00:00,59.7,34.7,24,1007.1,16.1,260,0.0,10,4,4,30.4,28.2,38.0,12.0,53.4,83.8,38.43333333333333,29.708333333333332,37.18749999999999
2026-04-03 11:00:00,56.7,32.7,33,1006.8,16.0,249,0.0,11,4,4,59.7,23.7,53.7,12.0,51.5,43.2,42.050000000000004,33.68333333333334,37.449999999999996
2026-04-03 12:00:00,50.6,30.7,45,1006.9,16.2,244,0.0,12,4,4,56.7,30.4,56.6,12.0,49.5,56.8,42.550000000000004,37.40833333333334,37.666666666666664
2026-04-03 13:00:00,45.0,28.8,57,1007.7,13.1,258,0.0,13,4,4,50.6,59.7,28.2,36.2,69.6,73.4,41.550000000000004,40.625,37.7125
2026-04-03 14:00:00,59.5,27.7,70,1008.1,11.2,242,0.0,14,4,4,45.0,56.7,23.7,29.2,55.3,75.1,44.35,41.35833333333333,36.6875
2026-04-03 15:00:00,69.3,27.4,72,1008.7,8.6,234,0.0,15,4,4,59.5,50.6,30.4,24.5,44.4,33.7,50.31666666666667,43.88333333333333,36.862500000000004
2026-04-03 16:00:00,46.0,27.2,73,1009.3,6.7,236,0.0,16,4,4,69.3,45.0,59.7,38.0,57.4,58.2,56.79999999999999,47.61666666666667,37.9
2026-04-03 17:00:00,75.1,27.0,78,1009.3,6.1,247,0.0,17,4,4,46.0,59.5,56.7,53.7,37.5,44.3,54.51666666666667,48.28333333333333,37.425000000000004
2026-04-03 18:00:00,30.6,26.8,84,1009.1,9.0,241,0.0,18,4,4,75.1,69.3,50.6,56.6,25.1,34.9,57.583333333333336,50.06666666666667,38.99166666666667
2026-04-03 19:00:00,42.1,26.7,83,1008.7,10.1,253,0.0,19,4,4,30.6,46.0,45.0,28.2,37.3,43.7,54.25,47.900000000000006,39.22083333333333
2026-04-03 20:00:00,33.5,26.3,81,1008.1,8.4,228,0.0,20,4,4,42.1,75.1,59.5,23.7,19.5,13.6,53.76666666666666,49.05833333333334,39.420833333333334
2026-04-03 21:00:00,13.1,26.0,81,1007.6,8.2,229,0.0,21,4,4,33.5,30.6,69.3,30.4,35.5,20.5,49.43333333333333,49.875,40.00416666666667
2026-04-03 22:00:00,19.7,25.8,79,1007.5,9.4,246,0.0,22,4,4,13.1,42.1,46.0,59.7,12.0,12.0,40.06666666666667,48.43333333333333,39.07083333333333
2026-04-03 23:00:00,12.0,25.8,76,1007.6,9.9,260,0.0,23,4,4,19.7,33.5,75.1,56.7,12.0,29.5,35.68333333333333,45.1,39.39166666666667
2026-04-04 00:00:00,12.0,25.8,76,1007.9,9.0,272,0.0,0,5,4,12.0,13.1,30.6,50.6,12.0,19.9,25.166666666666668,41.375,39.39166666666667
2026-04-04 01:00:00,12.0,25.8,74,1008.7,7.9,286,0.0,1,5,4,12.0,19.7,42.1,45.0,36.2,19.6,22.066666666666666,38.15833333333333,39.39166666666667
2026-04-04 02:00:00,31.4,26.5,71,1009.6,8.5,291,0.0,2,5,4,12.0,12.0,33.5,59.5,29.2,13.9,17.05,35.40833333333333,38.38333333333333
2026-04-04 03:00:00,12.0,27.8,61,1010.2,10.5,303,0.2,3,5,4,31.4,12.0,13.1,69.3,24.5,16.4,16.7,33.06666666666666,38.475
2026-04-04 04:00:00,24.9,28.8,55,1011.0,12.2,304,0.9,4,5,4,12.0,12.0,19.7,46.0,38.0,37.2,16.516666666666666,28.291666666666668,37.954166666666666
2026-04-04 05:00:00,26.3,29.5,52,1010.8,10.9,303,0.4,5,5,4,24.9,31.4,12.0,75.1,53.7,51.7,17.383333333333333,26.53333333333333,37.40833333333333
2026-04-04 06:00:00,57.4,30.9,48,1010.5,8.9,291,0.2,6,5,4,26.3,12.0,12.0,30.6,56.6,39.6,19.766666666666666,22.466666666666665,36.266666666666666
2026-04-04 07:00:00,35.1,32.2,44,1009.9,8.8,265,0.1,7,5,4,57.4,24.9,12.0,42.1,28.2,66.2,27.333333333333332,24.7,36.300000000000004
2026-04-04 08:00:00,36.4,31.4,46,1008.8,10.9,261,2.2,8,5,4,35.1,26.3,31.4,33.5,23.7,46.2,31.183333333333334,24.116666666666664,36.5875
2026-04-04 09:00:00,44.8,31.3,46,1007.9,9.6,267,0.7,9,5,4,36.4,57.4,12.0,13.1,30.4,47.5,32.016666666666666,24.358333333333334,37.11666666666667
2026-04-04 10:00:00,73.0,31.8,41,1006.7,11.1,261,0.1,10,5,4,44.8,35.1,24.9,19.7,59.7,53.4,37.48333333333333,27.0,37.71666666666667
2026-04-04 11:00:00,62.2,31.2,44,1006.3,11.9,260,0.0,11,5,4,73.0,36.4,26.3,12.0,56.7,51.5,45.5,31.441666666666663,38.270833333333336
2026-04-04 12:00:00,50.8,30.2,50,1006.6,13.3,257,0.0,12,5,4,62.2,44.8,57.4,12.0,50.6,49.5,51.48333333333333,35.625,38.5
2026-04-04 13:00:00,43.4,28.8,56,1006.6,10.7,229,0.0,13,5,4,50.8,73.0,35.1,12.0,45.0,69.6,50.38333333333333,38.85833333333333,38.50833333333333
2026-04-04 14:00:00,81.3,27.4,64,1007.0,10.1,219,0.0,14,5,4,43.4,62.2,36.4,31.4,59.5,55.3,51.76666666666666,41.475,38.44166666666667
2026-04-04 15:00:00,59.5,26.9,71,1007.4,9.3,220,0.0,15,5,4,81.3,50.8,44.8,12.0,69.3,44.4,59.25,45.63333333333333,39.349999999999994
2026-04-04 16:00:00,51.4,26.7,73,1008.6,8.9,238,0.0,16,5,4,59.5,43.4,73.0,24.9,46.0,57.4,61.699999999999996,49.59166666666667,38.94166666666666
2026-04-04 17:00:00,40.0,26.3,74,1009.0,8.6,237,0.0,17,5,4,51.4,81.3,62.2,26.3,75.1,37.5,58.099999999999994,51.800000000000004,39.166666666666664
2026-04-04 18:00:00,26.3,26.4,73,1008.8,10.3,232,0.0,18,5,4,40.0,59.5,50.8,57.4,30.6,25.1,54.4,52.94166666666666,37.704166666666666
2026-04-04 19:00:00,19.6,26.2,75,1008.5,9.8,226,0.0,19,5,4,26.3,51.4,43.4,35.1,42.1,37.3,50.31666666666666,50.349999999999994,37.525
2026-04-04 20:00:00,27.1,25.9,72,1008.1,8.9,216,0.0,20,5,4,19.6,40.0,81.3,36.4,33.5,19.5,46.35,49.05833333333333,36.5875
2026-04-04 21:00:00,26.4,25.6,68,1007.9,8.0,208,0.0,21,5,4,27.1,26.3,59.5,44.8,13.1,35.5,37.31666666666667,48.28333333333333,36.32083333333333
2026-04-04 22:00:00,12.0,25.2,68,1007.6,8.8,191,0.0,22,5,4,26.4,19.6,51.4,73.0,19.7,12.0,31.8,46.75,36.875
2026-04-04 23:00:00,12.0,24.8,69,1007.9,7.3,190,0.0,23,5,4,12.0,27.1,40.0,62.2,12.0,12.0,25.233333333333334,41.666666666666664,36.55416666666667
2026-04-05 00:00:00,30.1,24.6,71,1007.9,5.3,218,0.0,0,6,4,12.0,26.4,26.3,50.8,12.0,12.0,20.566666666666666,37.48333333333333,36.55416666666667
2026-04-05 01:00:00,30.3,24.5,69,1008.6,4.1,236,0.0,1,6,4,30.1,12.0,19.6,43.4,12.0,36.2,21.2,35.75833333333333,37.30833333333333
2026-04-05 02:00:00,13.4,25.6,61,1009.3,4.1,247,0.0,2,6,4,30.3,12.0,27.1,81.3,31.4,29.2,22.983333333333334,34.666666666666664,38.07083333333333
2026-04-05 03:00:00,12.0,27.8,53,1009.9,8.6,338,0.0,3,6,4,13.4,30.1,26.4,59.5,12.0,24.5,20.7,29.008333333333336,37.32083333333333
2026-04-05 04:00:00,19.1,29.5,47,1010.3,8.2,341,0.0,4,6,4,12.0,30.3,12.0,51.4,24.9,38.0,18.3,25.05,37.32083333333333
2026-04-05 05:00:00,38.6,31.1,40,1010.2,6.1,337,0.0,5,6,4,19.1,13.4,12.0,40.0,26.3,53.7,19.483333333333334,22.358333333333334,37.079166666666666
2026-04-05 06:00:00,36.5,31.8,38,1009.7,5.1,333,0.0,6,6,4,38.6,12.0,30.1,26.3,57.4,56.6,23.916666666666668,22.241666666666664,37.59166666666667
2026-04-05 07:00:00,59.5,33.5,33,1009.2,8.0,310,0.0,7,6,4,36.5,19.1,30.3,19.6,35.1,28.2,24.983333333333334,23.09166666666667,36.72083333333333
2026-04-05 08:00:00,36.1,33.8,33,1007.9,10.9,297,0.0,8,6,4,59.5,38.6,13.4,27.1,36.4,23.7,29.849999999999998,26.416666666666668,37.737500000000004
2026-04-05 09:00:00,58.4,33.4,34,1006.8,13.3,283,0.0,9,6,4,36.1,36.5,12.0,26.4,44.8,30.4,33.63333333333333,27.166666666666668,37.725
2026-04-05 10:00:00,33.3,33.1,33,1006.1,13.0,276,0.0,10,6,4,58.4,59.5,19.1,12.0,73.0,59.7,41.36666666666667,29.833333333333332,38.291666666666664
2026-04-05 11:00:00,77.1,33.3,27,1005.6,10.8,270,0.0,11,6,4,33.3,36.1,38.6,12.0,62.2,56.7,43.73333333333333,31.608333333333334,36.637499999999996
2026-04-05 12:00:00,47.7,31.2,34,1005.9,11.6,262,0.0,12,6,4,77.1,58.4,36.5,30.1,50.8,50.6,50.15,37.03333333333333,37.25833333333333
2026-04-05 13:00:00,60.6,28.2,55,1006.7,12.8,251,0.0,13,6,4,47.7,33.3,59.5,30.3,43.4,45.0,52.01666666666667,38.5,37.12916666666667
2026-04-05 14:00:00,39.0,27.1,62,1007.0,11.5,243,0.0,14,6,4,60.6,77.1,36.1,13.4,81.3,59.5,52.199999999999996,41.025,37.84583333333333
2026-04-05 15:00:00,41.1,26.7,65,1007.6,11.6,237,0.0,15,6,4,39.0,47.7,58.4,12.0,59.5,69.3,52.68333333333333,43.15833333333333,36.083333333333336
2026-04-05 16:00:00,25.2,26.5,65,1008.1,12.3,248,0.0,16,6,4,41.1,60.6,33.3,19.1,51.4,46.0,49.800000000000004,45.583333333333336,35.31666666666667
2026-04-05 17:00:00,20.6,26.5,66,1008.5,12.7,249,0.0,17,6,4,25.2,39.0,77.1,38.6,40.0,75.1,48.449999999999996,46.09166666666666,34.225
2026-04-05 18:00:00,18.3,26.4,66,1008.5,12.4,256,0.0,18,6,4,20.6,41.1,47.7,36.5,26.3,30.6,39.03333333333334,44.59166666666667,33.416666666666664
2026-04-05 19:00:00,12.0,26.4,57,1008.6,12.2,262,0.0,19,6,4,18.3,25.2,60.6,59.5,19.6,42.1,34.13333333333333,43.074999999999996,33.083333333333336
2026-04-05 20:00:00,12.0,26.1,56,1008.3,10.5,264,0.0,20,6,4,12.0,20.6,39.0,36.1,27.1,33.5,26.03333333333333,39.11666666666667,32.766666666666666
2026-04-05 21:00:00,12.0,26.0,62,1007.9,9.5,261,0.0,21,6,4,12.0,18.3,41.1,58.4,26.4,13.1,21.53333333333333,37.10833333333333,32.137499999999996
2026-04-05 22:00:00,12.7,25.4,64,1007.8,7.4,269,0.0,22,6,4,12.0,12.0,25.2,33.3,12.0,19.7,16.683333333333334,33.24166666666667,31.537499999999998
2026-04-05 23:00:00,12.0,24.8,67,1008.0,6.1,275,0.0,23,6,4,12.7,12.0,20.6,77.1,12.0,12.0,14.6,31.524999999999995,31.566666666666666
2026-04-06 00:00:00,12.0,24.1,70,1007.9,4.6,281,0.0,0,0,4,12.0,12.0,18.3,47.7,30.1,12.0,13.166666666666666,26.099999999999998,31.566666666666666
2026-04-06 01:00:00,38.6,24.5,67,1008.9,5.2,297,0.0,1,0,4,12.0,12.7,12.0,60.6,30.3,12.0,12.116666666666667,23.125,30.8125
2026-04-06 02:00:00,32.1,25.5,64,1009.7,4.0,273,0.0,2,0,4,38.6,12.0,12.0,39.0,13.4,31.4,16.55,21.291666666666668,31.15833333333333
2026-04-06 03:00:00,17.2,27.3,58,1010.6,6.4,310,0.0,3,0,4,32.1,12.0,12.0,41.1,12.0,12.0,19.900000000000002,20.716666666666665,31.9375
2026-04-06 04:00:00,34.3,29.1,52,1011.2,6.3,321,0.0,4,0,4,17.2,38.6,12.7,25.2,19.1,24.9,20.766666666666666,18.725,32.15416666666667
2026-04-06 05:00:00,26.2,31.0,44,1011.0,6.0,311,0.0,5,0,4,34.3,32.1,12.0,20.6,38.6,26.3,24.366666666666664,19.483333333333334,32.7875
2026-04-06 06:00:00,45.6,31.8,39,1011.0,5.9,282,0.0,6,0,4,26.2,17.2,12.0,18.3,36.5,57.4,26.73333333333333,19.95,32.270833333333336
2026-04-06 07:00:00,48.8,33.2,35,1010.3,8.3,269,0.0,7,0,4,45.6,34.3,38.6,12.0,59.5,35.1,32.333333333333336,22.224999999999998,32.65
2026-04-06 08:00:00,71.5,33.2,35,1009.4,11.8,257,0.0,8,0,4,48.8,26.2,32.1,12.0,36.1,36.4,34.03333333333333,25.291666666666668,32.204166666666666
2026-04-06 09:00:00,60.8,32.9,33,1008.5,14.3,251,0.0,9,0,4,71.5,45.6,17.2,12.0,58.4,44.8,40.6,30.25,33.67916666666667
2026-04-06 10:00:00,65.4,32.3,31,1007.7,14.3,250,0.0,10,0,4,60.8,48.8,34.3,12.7,33.3,73.0,47.86666666666667,34.31666666666667,33.77916666666666
2026-04-06 11:00:00,57.2,31.5,34,1007.3,13.5,245,0.0,11,0,4,65.4,71.5,26.2,12.0,77.1,62.2,53.050000000000004,38.708333333333336,35.11666666666667
2026-04-06 12:00:00,64.1,30.2,40,1007.4,11.7,224,0.0,12,0,4,57.2,60.8,45.6,12.0,47.7,50.8,58.21666666666667,42.475,34.2875
2026-04-06 13:00:00,60.5,28.3,52,1007.9,13.8,230,0.0,13,0,4,64.1,65.4,48.8,38.6,60.6,43.4,61.29999999999999,46.81666666666666,34.97083333333333
2026-04-06 14:00:00,45.9,27.0,63,1008.2,14.2,237,0.0,14,0,4,60.5,57.2,71.5,32.1,39.0,81.3,63.25,48.64166666666667,34.96666666666667
2026-04-06 15:00:00,31.8,26.7,66,1008.6,14.3,235,0.0,15,0,4,45.9,64.1,60.8,17.2,41.1,59.5,58.98333333333334,49.791666666666664,35.25416666666667
2026-04-06 16:00:00,16.8,26.5,72,1009.2,15.3,240,0.0,16,0,4,31.8,60.5,65.4,34.3,25.2,51.4,54.150000000000006,51.00833333333333,34.86666666666667
2026-04-06 17:00:00,12.0,26.3,74,1009.5,14.0,240,0.0,17,0,4,16.8,45.9,57.2,26.2,20.6,40.0,46.04999999999999,49.54999999999999,34.516666666666666
2026-04-06 18:00:00,34.0,26.3,73,1009.4,12.6,239,0.0,18,0,4,12.0,31.8,64.1,45.6,18.3,26.3,38.516666666666666,48.366666666666674,34.15833333333333
2026-04-06 19:00:00,12.0,26.1,73,1009.2,11.4,237,0.0,19,0,4,34.0,16.8,60.5,48.8,12.0,19.6,33.5,47.4,34.8125
2026-04-06 20:00:00,15.8,25.9,73,1009.1,10.9,237,0.0,20,0,4,12.0,12.0,45.9,71.5,12.0,27.1,25.416666666666668,44.333333333333336,34.8125
2026-04-06 21:00:00,12.0,25.6,73,1009.0,9.4,240,0.0,21,0,4,15.8,34.0,31.8,60.8,12.0,26.4,20.4,39.69166666666667,34.97083333333333
2026-04-06 22:00:00,22.9,25.0,75,1008.5,6.9,233,0.0,22,0,4,12.0,12.0,16.8,65.4,12.7,12.0,17.099999999999998,35.625,34.97083333333333
2026-04-06 23:00:00,21.9,24.5,77,1008.3,6.0,221,0.0,23,0,4,22.9,15.8,12.0,57.2,12.0,12.0,18.116666666666667,32.083333333333336,35.395833333333336
2026-04-07 00:00:00,12.0,24.5,85,1008.3,7.8,233,0.0,0,1,4,21.9,12.0,34.0,64.1,12.0,30.1,19.766666666666666,29.141666666666666,35.80833333333333
2026-04-07 01:00:00,12.0,25.0,83,1008.8,7.9,225,0.0,1,1,4,12.0,22.9,12.0,60.5,38.6,30.3,16.099999999999998,24.8,35.80833333333333
2026-04-07 02:00:00,18.0,26.3,75,1009.5,10.5,231,0.0,2,1,4,12.0,21.9,15.8,45.9,32.1,13.4,16.099999999999998,20.758333333333333,34.699999999999996
2026-04-07 03:00:00,12.0,27.9,65,1010.2,12.1,233,0.0,3,1,4,18.0,12.0,12.0,31.8,17.2,12.0,16.466666666666665,18.433333333333334,34.112500000000004
2026-04-07 04:00:00,12.0,29.4,57,1010.9,12.3,233,0.0,4,1,4,12.0,12.0,22.9,16.8,34.3,19.1,16.466666666666665,16.783333333333335,33.895833333333336
2026-04-07 05:00:00,39.6,30.6,52,1010.6,13.5,227,0.0,5,1,4,12.0,18.0,21.9,12.0,26.2,38.6,14.649999999999999,16.383333333333333,32.96666666666667
2026-04-07 06:00:00,25.0,31.1,52,1010.3,15.9,225,0.0,6,1,4,39.6,12.0,12.0,34.0,45.6,36.5,17.6,18.683333333333334,33.525
2026-04-07 07:00:00,33.1,31.7,51,1010.0,16.2,222,0.0,7,1,4,25.0,12.0,12.0,12.0,48.8,59.5,19.76666666666667,17.933333333333334,32.666666666666664
2026-04-07 08:00:00,55.5,31.9,49,1008.7,18.3,221,0.0,8,1,4,33.1,39.6,18.0,15.8,71.5,36.1,23.283333333333335,19.691666666666666,32.012499999999996
2026-04-07 09:00:00,19.8,31.7,50,1007.4,19.6,216,0.0,9,1,4,55.5,25.0,12.0,12.0,60.8,58.4,29.533333333333335,23.0,31.34583333333333
2026-04-07 10:00:00,25.5,30.6,56,1006.9,21.2,222,0.0,10,1,4,19.8,33.1,12.0,22.9,65.4,33.3,30.833333333333332,23.650000000000002,29.637500000000003
2026-04-07 11:00:00,12.0,30.2,58,1006.2,21.9,224,0.0,11,1,4,25.5,55.5,39.6,21.9,57.2,77.1,33.083333333333336,23.86666666666667,27.974999999999998
2026-04-07 12:00:00,32.5,29.3,63,1006.2,21.6,220,0.0,12,1,4,12.0,19.8,25.0,12.0,64.1,47.7,28.48333333333333,23.041666666666668,26.09166666666667
2026-04-07 13:00:00,19.7,28.1,70,1006.4,18.6,218,0.0,13,1,4,32.5,25.5,33.1,12.0,60.5,60.6,29.73333333333333,24.75,24.775000000000002
2026-04-07 14:00:00,38.7,27.7,74,1007.1,16.8,221,0.0,14,1,4,19.7,12.0,55.5,18.0,45.9,39.0,27.5,25.391666666666666,23.075
2026-04-07 15:00:00,41.0,27.7,76,1007.6,16.4,225,0.0,15,1,4,38.7,32.5,19.8,12.0,31.8,41.1,24.7,27.116666666666664,22.775000000000002
2026-04-07 16:00:00,32.0,27.4,78,1007.9,17.1,221,0.0,16,1,4,41.0,19.7,25.5,12.0,16.8,25.2,28.233333333333338,29.53333333333333,23.15833333333333
2026-04-07 17:00:00,12.0,27.3,78,1008.1,16.9,225,0.0,17,1,4,32.0,38.7,12.0,39.6,12.0,20.6,29.316666666666674,31.2,23.791666666666668
2026-04-07 18:00:00,15.4,27.4,79,1007.8,16.4,223,0.0,18,1,4,12.0,41.0,32.5,25.0,34.0,18.3,29.316666666666674,28.900000000000002,23.791666666666668
2026-04-07 19:00:00,12.0,27.3,80,1007.5,15.5,227,0.0,19,1,4,15.4,32.0,19.7,33.1,12.0,12.0,26.46666666666667,28.100000000000005,23.016666666666666
2026-04-07 20:00:00,12.0,27.0,80,1007.1,14.3,233,0.0,20,1,4,12.0,12.0,38.7,55.5,15.8,12.0,25.183333333333334,26.34166666666667,23.016666666666666
2026-04-07 21:00:00,12.0,26.8,80,1006.7,13.9,237,0.0,21,1,4,12.0,15.4,41.0,19.8,12.0,12.0,20.733333333333334,22.71666666666667,22.858333333333334
2026-04-07 22:00:00,12.0,26.6,80,1006.6,13.3,238,0.0,22,1,4,12.0,12.0,32.0,25.5,22.9,12.7,15.9,22.066666666666666,22.858333333333334
2026-04-07 23:00:00,12.0,26.3,81,1006.2,13.6,240,0.0,23,1,4,12.0,12.0,12.0,12.0,21.9,12.0,12.566666666666668,20.941666666666666,22.404166666666665
2026-04-08 00:00:00,12.0,26.3,78,1006.4,12.9,234,0.0,0,2,4,12.0,12.0,15.4,32.5,12.0,12.0,12.566666666666668,20.941666666666666,21.991666666666664
2026-04-08 01:00:00,12.0,26.4,78,1006.6,11.9,219,0.0,1,2,4,12.0,12.0,12.0,19.7,12.0,38.6,12.0,19.233333333333334,21.991666666666664
2026-04-08 02:00:00,12.0,27.4,72,1007.2,14.9,226,0.0,2,2,4,12.0,12.0,12.0,38.7,18.0,32.1,12.0,18.591666666666665,21.991666666666664
2026-04-08 03:00:00,12.0,28.7,67,1008.2,17.1,228,0.0,3,2,4,12.0,12.0,12.0,41.0,12.0,17.2,12.0,16.366666666666664,21.741666666666664
2026-04-08 04:00:00,12.0,29.6,64,1008.6,19.5,231,0.1,4,2,4,12.0,12.0,12.0,32.0,12.0,34.3,12.0,13.949999999999998,21.741666666666664
2026-04-08 05:00:00,12.0,30.7,60,1008.7,19.4,229,0.0,5,2,4,12.0,12.0,12.0,12.0,39.6,26.2,12.0,12.283333333333331,21.741666666666664
2026-04-08 06:00:00,12.0,31.2,56,1008.3,22.5,237,0.0,6,2,4,12.0,12.0,12.0,15.4,25.0,45.6,12.0,12.283333333333331,20.59166666666667
2026-04-08 07:00:00,12.0,30.5,56,1008.1,23.6,241,2.8,7,2,4,12.0,12.0,12.0,12.0,33.1,48.8,12.0,12.0,20.05
2026-04-08 08:00:00,27.9,31.0,55,1007.4,21.5,240,1.5,8,2,4,12.0,12.0,12.0,12.0,55.5,71.5,12.0,12.0,19.170833333333334
2026-04-08 09:00:00,25.1,30.9,56,1006.7,20.3,237,1.6,9,2,4,27.9,12.0,12.0,12.0,19.8,60.8,14.65,13.325000000000001,18.020833333333332
2026-04-08 10:00:00,29.6,30.3,64,1005.6,21.8,213,0.7,10,2,4,25.1,12.0,12.0,12.0,25.5,65.4,16.833333333333332,14.416666666666666,18.241666666666667
2026-04-08 11:00:00,32.9,29.7,62,1005.1,22.4,209,0.0,11,2,4,29.6,27.9,12.0,12.0,12.0,57.2,19.766666666666666,15.883333333333335,18.412499999999998
2026-04-08 12:00:00,25.9,28.5,69,1005.4,19.9,217,0.0,12,2,4,32.9,25.1,12.0,12.0,32.5,64.1,23.25,17.625,19.283333333333335
2026-04-08 13:00:00,17.9,27.3,79,1005.7,18.3,215,0.0,13,2,4,25.9,29.6,12.0,12.0,19.7,60.5,25.566666666666666,18.783333333333335,19.008333333333333
2026-04-08 14:00:00,20.9,26.8,82,1006.3,18.9,212,0.0,14,2,4,17.9,32.9,27.9,12.0,38.7,45.9,26.55,19.275000000000002,18.933333333333334
2026-04-08 15:00:00,34.6,26.7,84,1006.6,18.9,212,0.0,15,2,4,20.9,25.9,25.1,12.0,41.0,31.8,25.38333333333333,20.016666666666666,18.191666666666666
2026-04-08 16:00:00,31.4,26.5,85,1007.2,17.0,213,0.0,16,2,4,34.6,17.9,29.6,12.0,32.0,16.8,26.96666666666667,21.900000000000002,17.925
2026-04-08 17:00:00,19.0,26.3,87,1007.8,15.1,218,0.0,17,2,4,31.4,20.9,32.9,12.0,12.0,12.0,27.266666666666666,23.516666666666666,17.900000000000002
2026-04-08 18:00:00,25.6,26.3,85,1008.2,13.7,225,0.0,18,2,4,19.0,34.6,25.9,12.0,15.4,34.0,24.95,24.099999999999998,18.191666666666666
2026-04-08 19:00:00,27.6,26.0,85,1008.1,12.3,230,0.0,19,2,4,25.6,31.4,17.9,12.0,12.0,12.0,24.899999999999995,25.233333333333334,18.616666666666664
2026-04-08 20:00:00,24.5,25.6,82,1007.8,10.8,237,0.0,20,2,4,27.6,19.0,20.9,27.9,12.0,15.8,26.51666666666667,26.53333333333333,19.266666666666666
2026-04-08 21:00:00,12.0,25.1,81,1007.5,9.4,240,0.0,21,2,4,24.5,25.6,34.6,25.1,12.0,12.0,27.11666666666667,26.25,19.787499999999998
2026-04-08 22:00:00,16.2,24.5,83,1007.7,8.0,242,0.0,22,2,4,12.0,27.6,31.4,29.6,12.0,22.9,23.350000000000005,25.15833333333333,19.787499999999998
2026-04-08 23:00:00,12.0,24.1,84,1007.9,7.3,247,0.0,23,2,4,16.2,24.5,19.0,32.9,12.0,21.9,20.816666666666666,24.041666666666668,19.9625
2026-04-09 00:00:00,17.0,23.9,84,1008.4,6.4,252,0.0,0,3,4,12.0,12.0,25.6,25.9,12.0,12.0,19.650000000000002,22.3,19.9625
2026-04-09 01:00:00,12.0,24.1,83,1009.3,6.7,268,0.0,1,3,4,17.0,16.2,27.6,17.9,12.0,12.0,18.216666666666665,21.558333333333334,20.17083333333333
2026-04-09 02:00:00,15.3,25.1,81,1010.3,7.1,276,0.0,2,3,4,12.0,12.0,24.5,20.9,12.0,18.0,15.616666666666665,21.066666666666666,20.17083333333333
2026-04-09 03:00:00,25.9,26.6,72,1011.2,8.3,288,0.0,3,3,4,15.3,17.0,12.0,34.6,12.0,12.0,14.083333333333334,20.599999999999998,20.308333333333334
2026-04-09 04:00:00,14.3,28.2,61,1011.7,7.2,292,0.0,4,3,4,25.9,12.0,16.2,31.4,12.0,12.0,16.4,19.875,20.8875
2026-04-09 05:00:00,39.0,29.8,52,1011.8,5.7,283,0.0,5,3,4,14.3,15.3,12.0,19.0,12.0,39.6,16.083333333333332,18.45,20.98333333333333
2026-04-09 06:00:00,35.2,31.0,45,1011.5,7.3,253,0.0,6,3,4,39.0,25.9,17.0,25.6,12.0,25.0,20.583333333333332,20.116666666666664,22.108333333333334
2026-04-09 07:00:00,35.6,31.9,39,1010.8,9.4,246,0.0,7,3,4,35.2,14.3,12.0,27.6,12.0,33.1,23.616666666666664,20.916666666666668,23.075
2026-04-09 08:00:00,37.2,32.3,35,1010.2,10.7,241,0.0,8,3,4,35.6,39.0,15.3,24.5,27.9,55.5,27.55,21.583333333333332,24.058333333333334
2026-04-09 09:00:00,43.3,32.6,30,1009.4,10.7,241,0.0,9,3,4,37.2,35.2,25.9,12.0,25.1,19.8,31.2,22.641666666666666,24.445833333333336
2026-04-09 10:00:00,70.1,32.6,30,1008.8,10.4,253,0.0,10,3,4,43.3,35.6,14.3,16.2,29.6,25.5,34.1,25.25,25.204166666666666
2026-04-09 11:00:00,62.7,31.6,36,1008.5,10.5,239,0.0,11,3,4,70.1,37.2,39.0,12.0,32.9,12.0,43.4,29.741666666666664,26.891666666666666
2026-04-09 12:00:00,48.6,30.7,38,1008.6,8.8,251,0.0,12,3,4,62.7,43.3,35.2,17.0,25.9,32.5,47.35,33.96666666666667,28.13333333333333
2026-04-09 13:00:00,57.8,28.7,48,1009.0,7.8,255,0.0,13,3,4,48.6,70.1,35.6,12.0,17.9,19.7,49.583333333333336,36.6,29.079166666666666
2026-04-09 14:00:00,65.4,26.7,61,1009.5,4.3,272,0.0,14,3,4,57.8,62.7,37.2,15.3,20.9,38.7,53.28333333333333,40.416666666666664,30.74166666666667
2026-04-09 15:00:00,77.3,25.7,68,1009.9,4.7,293,0.0,15,3,4,65.4,48.6,43.3,25.9,34.6,41.0,57.98333333333333,44.59166666666667,32.59583333333334
2026-04-09 16:00:00,67.0,24.9,75,1010.1,4.1,311,0.0,16,3,4,77.3,57.8,70.1,14.3,31.4,32.0,63.65,48.875,34.375
2026-04-09 17:00:00,53.4,24.3,81,1010.3,3.8,278,0.0,17,3,4,67.0,65.4,62.7,39.0,19.0,12.0,63.133333333333326,53.26666666666666,35.858333333333334
2026-04-09 18:00:00,47.0,23.8,84,1010.5,3.3,225,0.0,18,3,4,53.4,77.3,48.6,35.2,25.6,15.4,61.583333333333336,54.46666666666666,37.291666666666664
2026-04-09 19:00:00,44.8,23.6,87,1010.2,4.0,275,0.0,19,3,4,47.0,67.0,57.8,35.6,27.6,12.0,61.31666666666667,55.449999999999996,38.18333333333333
2026-04-09 20:00:00,36.7,23.3,90,1009.7,3.9,283,0.0,20,3,4,44.8,53.4,65.4,37.2,24.5,12.0,59.15,56.21666666666667,38.9
2026-04-09 21:00:00,34.4,23.0,94,1009.3,4.6,281,0.0,21,3,4,36.7,47.0,77.3,43.3,12.0,12.0,54.366666666666674,56.17499999999999,39.40833333333333
2026-04-09 22:00:00,12.0,23.1,97,1009.4,4.9,294,0.0,22,3,4,34.4,44.8,67.0,70.1,16.2,12.0,47.21666666666667,55.43333333333334,40.34166666666667
2026-04-09 23:00:00,25.3,22.5,99,1009.5,0.8,45,0.0,23,3,4,12.0,36.7,53.4,62.7,12.0,12.0,38.050000000000004,50.59166666666666,40.166666666666664
2026-04-10 00:00:00,12.0,22.2,100,1010.0,5.2,76,0.0,0,4,4,25.3,34.4,47.0,48.6,17.0,12.0,33.36666666666667,47.475,40.72083333333333
2026-04-10 01:00:00,12.0,22.4,98,1010.6,6.2,52,0.0,1,4,4,12.0,12.0,44.8,57.8,12.0,12.0,27.533333333333335,44.425000000000004,40.512499999999996
2026-04-10 02:00:00,29.3,24.3,85,1011.4,0.9,281,0.0,2,4,4,12.0,25.3,36.7,65.4,15.3,12.0,22.066666666666666,40.608333333333334,40.512499999999996
2026-04-10 03:00:00,33.4,27.7,68,1012.0,1.3,352,0.0,3,4,4,29.3,12.0,34.4,77.3,25.9,12.0,20.833333333333332,37.6,41.09583333333333
2026-04-10 04:00:00,47.6,31.0,51,1012.5,4.5,2,0.0,4,4,4,33.4,12.0,12.0,67.0,14.3,12.0,20.666666666666668,33.94166666666667,41.40833333333333
2026-04-10 05:00:00,50.9,33.5,38,1011.9,4.9,36,0.0,5,4,4,47.6,29.3,25.3,53.4,39.0,12.0,26.599999999999998,32.325,42.79583333333333
2026-04-10 06:00:00,33.0,35.6,29,1011.3,10.1,87,0.0,6,4,4,50.9,33.4,12.0,47.0,35.2,12.0,30.866666666666664,32.11666666666667,43.291666666666664
2026-04-10 07:00:00,15.2,37.4,24,1010.4,12.6,92,0.0,7,4,4,33.0,47.6,12.0,44.8,35.6,12.0,34.36666666666667,30.95,43.199999999999996
2026-04-10 08:00:00,61.0,38.3,21,1009.4,6.8,87,0.0,8,4,4,15.2,50.9,29.3,36.7,37.2,27.9,34.9,28.483333333333334,42.35
2026-04-10 09:00:00,79.3,38.6,19,1008.3,0.3,225,0.0,9,4,4,61.0,33.0,33.4,34.4,43.3,25.1,40.18333333333334,30.50833333333333,43.34166666666667
2026-04-10 10:00:00,87.5,38.3,20,1007.4,4.1,270,0.0,10,4,4,79.3,15.2,47.6,12.0,70.1,29.6,47.833333333333336,34.25,44.84166666666667
2026-04-10 11:00:00,46.0,37.0,28,1007.1,10.3,281,0.0,11,4,4,87.5,61.0,50.9,25.3,62.7,32.9,54.48333333333333,40.541666666666664,45.56666666666666
2026-04-10 12:00:00,32.6,34.7,33,1007.2,14.3,287,0.0,12,4,4,46.0,79.3,33.0,12.0,48.6,25.9,53.666666666666664,42.266666666666666,44.87083333333333
2026-04-10 13:00:00,66.7,32.3,37,1007.4,10.2,301,0.0,13,4,4,32.6,87.5,15.2,12.0,57.8,17.9,53.6,43.98333333333333,44.20416666666667
2026-04-10 14:00:00,91.4,30.6,44,1008.0,6.1,302,0.0,14,4,4,66.7,46.0,61.0,29.3,65.4,20.9,62.18333333333334,48.541666666666664,44.574999999999996
2026-04-10 15:00:00,69.4,29.9,49,1008.4,6.8,307,0.0,15,4,4,91.4,32.6,79.3,33.4,77.3,34.6,67.25,53.71666666666667,45.65833333333333
2026-04-10 16:00:00,66.0,29.5,46,1008.7,6.2,334,0.0,16,4,4,69.4,66.7,87.5,47.6,67.0,31.4,65.60000000000001,56.716666666666676,45.32916666666667
2026-04-10 17:00:00,56.3,29.0,44,1008.9,6.0,344,0.0,17,4,4,66.0,91.4,46.0,50.9,53.4,19.0,62.01666666666667,58.25,45.2875
2026-04-10 18:00:00,48.2,29.1,39,1009.2,7.1,345,0.0,18,4,4,56.3,69.4,32.6,33.0,47.0,25.6,63.73333333333334,58.699999999999996,45.40833333333333
2026-04-10 19:00:00,12.0,28.6,35,1008.9,9.4,353,0.0,19,4,4,48.2,66.0,66.7,15.2,44.8,27.6,66.33333333333333,59.966666666666676,45.458333333333336
2026-04-10 20:00:00,12.0,27.9,33,1008.4,7.8,22,0.0,20,4,4,12.0,56.3,91.4,61.0,36.7,24.5,57.21666666666666,59.70000000000001,44.09166666666667
2026-04-10 21:00:00,13.5,27.1,33,1008.2,7.3,20,0.0,21,4,4,12.0,48.2,69.4,79.3,34.4,12.0,43.98333333333333,55.616666666666674,43.0625
2026-04-10 22:00:00,16.2,26.6,31,1008.0,7.4,4,0.0,22,4,4,13.5,12.0,66.0,87.5,12.0,16.2,34.666666666666664,50.13333333333335,42.19166666666666
2026-04-10 23:00:00,31.0,25.1,37,1008.0,5.0,15,0.0,23,4,4,16.2,12.0,56.3,46.0,25.3,12.0,26.366666666666664,44.19166666666667,42.36666666666667
2026-04-11 00:00:00,29.7,24.9,36,1008.3,6.5,358,0.0,0,5,4,31.0,13.5,48.2,32.6,12.0,17.0,22.150000000000002,42.94166666666667,42.604166666666664
2026-04-11 01:00:00,12.0,24.5,37,1008.7,6.0,351,0.0,1,5,4,29.7,16.2,12.0,66.7,12.0,12.0,19.066666666666666,42.699999999999996,43.34166666666667
2026-04-11 02:00:00,32.5,25.9,34,1009.6,4.9,57,0.0,2,5,4,12.0,31.0,12.0,91.4,29.3,15.3,19.066666666666666,38.141666666666666,43.34166666666667
2026-04-11 03:00:00,26.7,29.1,27,1010.3,2.2,95,0.0,3,5,4,32.5,29.7,13.5,69.4,33.4,25.9,22.483333333333334,33.23333333333333,43.475
2026-04-11 04:00:00,68.8,32.5,22,1010.6,0.0,270,0.0,4,5,4,26.7,12.0,16.2,66.0,47.6,14.3,24.683333333333334,29.675,43.19583333333333
2026-04-11 05:00:00,60.5,35.3,21,1010.2,0.9,233,0.0,5,5,4,68.8,32.5,31.0,56.3,50.9,39.0,33.449999999999996,29.90833333333333,44.07916666666667
2026-04-11 06:00:00,40.5,36.6,20,1010.0,4.0,278,0.0,6,5,4,60.5,26.7,29.7,48.2,33.0,35.2,38.36666666666667,30.25833333333333,44.479166666666664
2026-04-11 07:00:00,49.2,37.6,22,1009.2,8.0,295,0.0,7,5,4,40.5,68.8,12.0,12.0,15.2,35.6,40.166666666666664,29.616666666666664,44.791666666666664
2026-04-11 08:00:00,53.9,38.0,22,1008.2,12.0,305,0.0,8,5,4,49.2,60.5,32.5,12.0,61.0,37.2,46.36666666666667,32.71666666666667,46.208333333333336
2026-04-11 09:00:00,88.5,38.5,19,1007.1,11.0,305,0.0,9,5,4,53.9,40.5,26.7,13.5,79.3,43.3,49.93333333333333,36.208333333333336,45.912499999999994
2026-04-11 10:00:00,54.1,38.8,17,1006.3,10.7,300,0.0,10,5,4,88.5,49.2,68.8,16.2,87.5,70.1,60.23333333333333,42.458333333333336,46.29583333333333
2026-04-11 11:00:00,69.7,38.2,16,1005.9,10.7,303,0.0,11,5,4,54.1,53.9,60.5,31.0,46.0,62.7,57.78333333333333,45.61666666666667,44.90416666666667
2026-04-11 12:00:00,46.9,37.2,17,1005.7,9.8,296,0.0,12,5,4,69.7,88.5,40.5,29.7,32.6,48.6,59.31666666666666,48.84166666666667,45.89166666666667
2026-04-11 13:00:00,78.7,35.0,20,1005.9,6.9,315,0.0,13,5,4,46.9,54.1,49.2,12.0,66.7,57.8,60.38333333333333,50.275,46.487500000000004
2026-04-11 14:00:00,95.7,32.7,26,1006.6,5.4,330,0.0,14,5,4,78.7,69.7,53.9,32.5,91.4,65.4,65.3,55.833333333333336,46.987500000000004
2026-04-11 15:00:00,56.7,31.4,34,1007.1,4.5,5,0.0,15,5,4,95.7,46.9,88.5,26.7,69.4,77.3,72.26666666666667,61.099999999999994,47.166666666666664
2026-04-11 16:00:00,85.7,31.3,29,1007.1,4.9,57,0.0,16,5,4,56.7,78.7,54.1,68.8,66.0,67.0,66.96666666666668,63.6,46.63750000000001
2026-04-11 17:00:00,31.3,30.3,35,1007.7,12.4,260,0.0,17,5,4,85.7,95.7,69.7,60.5,56.3,53.4,72.23333333333333,65.00833333333334,47.458333333333336
2026-04-11 18:00:00,38.8,28.6,58,1008.0,9.0,267,0.0,18,5,4,31.3,56.7,46.9,40.5,48.2,47.0,65.83333333333334,62.574999999999996,46.41666666666668
2026-04-11 19:00:00,31.9,27.7,68,1007.4,7.6,262,0.0,19,5,4,38.8,85.7,78.7,49.2,12.0,44.8,64.48333333333333,62.43333333333333,46.025000000000006
2026-04-11 20:00:00,32.8,27.4,71,1006.9,7.6,269,0.0,20,5,4,31.9,31.3,95.7,53.9,12.0,36.7,56.68333333333334,60.991666666666674,46.854166666666664
2026-04-11 21:00:00,38.4,26.9,75,1006.4,7.9,283,0.0,21,5,4,32.8,38.8,56.7,88.5,13.5,34.4,46.199999999999996,59.23333333333334,47.72083333333333
2026-04-11 22:00:00,33.4,26.1,81,1005.9,4.1,293,0.0,22,5,4,38.4,31.9,85.7,54.1,16.2,12.0,43.15,55.05833333333333,48.75833333333333
2026-04-11 23:00:00,33.3,25.2,82,1006.0,2.8,63,0.0,23,5,4,33.4,32.8,31.3,69.7,31.0,25.3,34.43333333333333,53.333333333333336,49.475
2026-04-12 00:00:00,12.0,24.9,82,1006.1,2.5,94,0.0,0,6,4,33.3,38.4,38.8,46.9,29.7,12.0,34.766666666666666,50.300000000000004,49.57083333333333
2026-04-12 01:00:00,19.6,24.9,81,1006.4,3.2,63,0.0,1,6,4,12.0,33.4,31.9,78.7,12.0,12.0,30.3,47.39166666666667,48.833333333333336
2026-04-12 02:00:00,38.8,26.5,71,1006.9,3.8,87,0.0,2,6,4,19.6,33.3,32.8,95.7,32.5,29.3,28.25,42.46666666666666,49.15
2026-04-12 03:00:00,38.9,30.1,49,1007.9,2.8,18,0.0,3,6,4,38.8,12.0,38.4,56.7,26.7,33.4,29.25,37.725,49.412499999999994
2026-04-12 04:00:00,13.6,32.7,38,1007.9,3.5,12,0.0,4,6,4,38.9,19.6,33.4,85.7,68.8,47.6,29.333333333333332,36.24166666666667,49.92083333333333
2026-04-12 05:00:00,42.9,35.4,32,1007.5,2.9,22,0.0,5,6,4,13.6,38.8,33.3,31.3,60.5,50.9,26.03333333333333,30.233333333333334,47.62083333333333
2026-04-12 06:00:00,69.2,36.7,29,1006.9,1.7,311,0.0,6,6,4,42.9,38.9,12.0,38.8,40.5,33.0,27.63333333333333,31.2,46.887499999999996
2026-04-12 07:00:00,60.6,38.1,28,1005.9,4.0,278,0.0,7,6,4,69.2,13.6,19.6,31.9,49.2,15.2,37.166666666666664,33.73333333333333,48.083333333333336
2026-04-12 08:00:00,81.2,38.8,30,1004.9,7.6,273,0.0,8,6,4,60.6,42.9,38.8,32.8,53.9,61.0,44.0,36.125,48.55833333333333
2026-04-12 09:00:00,50.3,38.9,30,1003.9,10.3,268,0.0,9,6,4,81.2,69.2,38.9,38.4,88.5,79.3,51.06666666666666,40.15833333333333,49.69583333333333
2026-04-12 10:00:00,70.5,38.7,27,1003.3,11.8,264,0.0,10,6,4,50.3,60.6,13.6,33.4,54.1,87.5,52.96666666666667,41.15,48.104166666666664
2026-04-12 11:00:00,77.1,38.3,22,1003.2,11.2,264,0.0,11,6,4,70.5,81.2,42.9,33.3,69.7,46.0,62.449999999999996,44.24166666666667,48.787499999999994
2026-04-12 12:00:00,68.7,37.7,20,1003.0,9.6,256,0.0,12,6,4,77.1,50.3,69.2,12.0,46.9,32.6,68.15,47.89166666666667,49.09583333333333
2026-04-12 13:00:00,87.6,35.3,27,1003.6,7.6,273,0.0,13,6,4,68.7,70.5,60.6,19.6,78.7,66.7,68.06666666666668,52.616666666666674,50.00416666666666
2026-04-12 14:00:00,61.6,32.2,42,1004.3,7.2,283,0.0,14,6,4,87.6,77.1,81.2,38.8,95.7,91.4,72.56666666666666,58.28333333333333,50.375
2026-04-12 15:00:00,74.2,30.7,50,1005.0,8.5,253,0.0,15,6,4,61.6,68.7,50.3,38.9,56.7,69.4,69.3,60.18333333333334,48.95416666666666
2026-04-12 16:00:00,57.0,29.4,61,1005.6,11.2,255,0.0,16,6,4,74.2,87.6,70.5,13.6,85.7,66.0,73.28333333333335,63.125,49.68333333333333
2026-04-12 17:00:00,40.5,28.7,62,1006.1,11.8,251,0.0,17,6,4,57.0,61.6,77.1,42.9,31.3,56.3,71.03333333333335,66.74166666666667,48.487500000000004
2026-04-12 18:00:00,17.4,28.6,63,1006.5,11.6,251,0.0,18,6,4,40.5,74.2,68.7,69.2,38.8,48.2,64.93333333333334,66.54166666666667,48.87083333333333
2026-04-12 19:00:00,12.0,28.8,61,1006.0,11.2,252,0.0,19,6,4,17.4,57.0,87.6,60.6,31.9,12.0,56.38333333333333,62.225,47.979166666666664
2026-04-12 20:00:00,12.0,28.5,63,1005.5,9.3,252,0.0,20,6,4,12.0,40.5,61.6,81.2,32.8,12.0,43.78333333333333,58.175000000000004,47.150000000000006
2026-04-12 21:00:00,13.5,28.1,68,1005.3,8.4,259,0.0,21,6,4,12.0,17.4,74.2,50.3,38.4,13.5,35.51666666666667,52.40833333333333,46.28333333333334
2026-04-12 22:00:00,12.0,27.1,77,1005.2,0.8,117,0.0,22,6,4,13.5,12.0,57.0,70.5,33.4,16.2,25.400000000000002,49.34166666666667,45.24583333333334
2026-04-12 23:00:00,12.0,26.2,76,1005.4,7.8,105,0.0,23,6,4,12.0,12.0,40.5,77.1,33.3,31.0,17.900000000000002,44.46666666666667,44.354166666666664
2026-04-13 00:00:00,12.0,25.5,82,1006.0,6.5,136,0.0,0,0,4,12.0,13.5,17.4,68.7,12.0,29.7,13.15,39.041666666666664,43.46666666666667
2026-04-13 01:00:00,18.3,25.4,85,1006.4,8.2,158,0.0,1,0,4,12.0,12.0,12.0,87.6,19.6,12.0,12.25,34.31666666666667,43.46666666666667
2026-04-13 02:00:00,26.2,26.8,80,1007.2,6.1,161,0.0,2,0,4,18.3,12.0,12.0,61.6,38.8,32.5,13.299999999999999,28.54166666666667,43.4125
2026-04-13 03:00:00,31.6,30.0,65,1008.1,4.2,198,0.0,3,0,4,26.2,12.0,13.5,74.2,38.9,26.7,15.666666666666666,25.59166666666667,42.887499999999996
2026-04-13 04:00:00,41.8,32.7,53,1008.5,4.3,246,0.0,4,0,4,31.6,18.3,12.0,57.0,13.6,68.8,18.683333333333334,22.041666666666668,42.583333333333336
2026-04-13 05:00:00,57.8,34.8,44,1008.5,5.4,264,0.0,5,0,4,41.8,26.2,12.0,40.5,42.9,60.5,23.650000000000002,20.775000000000002,43.75833333333333
2026-04-13 06:00:00,48.4,35.8,41,1008.2,6.3,263,0.0,6,0,4,57.8,31.6,12.0,17.4,69.2,40.5,31.28333333333333,22.21666666666667,44.37916666666666
2026-04-13 07:00:00,53.9,37.0,41,1007.8,9.0,267,0.0,7,0,4,48.4,41.8,18.3,12.0,60.6,49.2,37.35,24.799999999999997,43.512499999999996
2026-04-13 08:00:00,38.5,37.4,37,1007.1,10.4,269,0.0,8,0,4,53.9,57.8,26.2,12.0,81.2,53.9,43.28333333333333,28.291666666666668,43.23333333333333
2026-04-13 09:00:00,86.8,38.1,29,1006.2,10.3,269,0.0,9,0,4,38.5,48.4,31.6,13.5,50.3,88.5,45.333333333333336,30.5,41.454166666666666
2026-04-13 10:00:00,70.5,38.7,22,1005.6,9.2,273,0.0,10,0,4,86.8,53.9,41.8,12.0,70.5,54.1,54.53333333333333,36.60833333333333,42.974999999999994
2026-04-13 11:00:00,90.5,39.1,16,1005.1,6.0,280,0.0,11,0,4,70.5,38.5,57.8,12.0,77.1,69.7,59.31666666666666,41.48333333333333,42.974999999999994
2026-04-13 12:00:00,58.4,38.3,17,1004.9,6.9,276,0.0,12,0,4,90.5,86.8,48.4,12.0,68.7,46.9,64.76666666666667,48.025,43.53333333333333
2026-04-13 13:00:00,86.8,34.1,34,1005.5,11.2,251,0.0,13,0,4,58.4,70.5,53.9,18.3,87.6,78.7,66.43333333333332,51.89166666666666,43.104166666666664
2026-04-13 14:00:00,70.7,29.8,67,1006.1,10.6,236,0.0,14,0,4,86.8,90.5,38.5,26.2,61.6,95.7,71.91666666666667,57.6,43.07083333333333
2026-04-13 15:00:00,58.2,28.8,73,1006.9,10.8,240,0.0,15,0,4,70.7,58.4,86.8,31.6,74.2,56.7,77.28333333333333,61.30833333333333,43.449999999999996
2026-04-13 16:00:00,49.0,28.9,65,1007.3,11.8,247,0.0,16,0,4,58.2,86.8,70.5,41.8,57.0,85.7,72.51666666666667,63.525,42.78333333333333
2026-04-13 17:00:00,54.5,29.3,55,1007.7,10.4,247,0.0,17,0,4,49.0,70.7,90.5,57.8,40.5,31.3,68.93333333333334,64.125,42.449999999999996
2026-04-13 18:00:00,38.2,28.8,61,1007.8,9.1,229,0.0,18,0,4,54.5,58.2,58.4,48.4,17.4,38.8,62.93333333333334,63.85,43.03333333333333
2026-04-13 19:00:00,43.2,28.8,61,1007.5,6.0,185,0.0,19,0,4,38.2,49.0,86.8,53.9,12.0,31.9,59.56666666666667,63.0,43.900000000000006
2026-04-13 20:00:00,21.7,27.8,68,1007.3,8.1,159,0.0,20,0,4,43.2,54.5,70.7,38.5,12.0,32.8,52.300000000000004,62.10833333333333,45.199999999999996
2026-04-13 21:00:00,25.9,26.9,80,1007.0,8.9,189,0.0,21,0,4,21.7,38.2,58.2,86.8,13.5,38.4,44.13333333333333,60.708333333333336,45.604166666666664
2026-04-13 22:00:00,12.0,26.5,86,1006.7,7.8,185,0.0,22,0,4,25.9,43.2,49.0,70.5,12.0,33.4,38.75,55.63333333333333,46.12083333333334
2026-04-13 23:00:00,23.7,26.0,88,1006.8,8.3,166,0.0,23,0,4,12.0,21.7,54.5,90.5,12.0,33.3,32.583333333333336,50.75833333333333,46.12083333333334
2026-04-14 00:00:00,18.8,25.5,93,1007.0,6.4,158,0.0,0,1,4,23.7,25.9,38.2,58.4,12.0,12.0,27.45,45.19166666666667,46.60833333333334
2026-04-14 01:00:00,22.9,25.2,94,1007.5,4.5,157,0.0,1,1,4,18.8,12.0,43.2,86.8,18.3,19.6,24.21666666666667,41.891666666666666,46.89166666666667
2026-04-14 02:00:00,45.1,26.5,87,1008.5,1.9,202,0.0,2,1,4,22.9,23.7,21.7,70.7,26.2,38.8,20.833333333333332,36.56666666666666,47.083333333333336
2026-04-14 03:00:00,41.2,30.5,59,1009.3,1.9,287,0.0,3,1,4,45.1,18.8,25.9,58.2,31.6,38.9,24.73333333333333,34.43333333333333,47.87083333333334
2026-04-14 04:00:00,16.2,33.4,38,1009.3,5.7,323,0.0,4,1,4,41.2,22.9,12.0,49.0,41.8,13.6,27.28333333333333,33.016666666666666,48.270833333333336
2026-04-14 05:00:00,41.7,35.7,29,1009.2,7.5,316,0.0,5,1,4,16.2,45.1,23.7,54.5,57.8,42.9,27.983333333333334,30.28333333333333,47.20416666666666
2026-04-14 06:00:00,32.4,36.8,25,1008.9,8.7,307,0.0,6,1,4,41.7,41.2,18.8,38.2,48.4,69.2,30.98333333333333,29.21666666666667,46.53333333333333
2026-04-14 07:00:00,64.8,38.5,21,1008.1,8.6,300,0.0,7,1,4,32.4,16.2,22.9,43.2,53.9,60.6,33.25,28.733333333333334,45.86666666666667
2026-04-14 08:00:00,71.6,39.3,18,1006.9,9.1,285,0.0,8,1,4,64.8,41.7,45.1,21.7,38.5,81.2,40.233333333333334,30.533333333333335,46.32083333333333
2026-04-14 09:00:00,51.2,39.6,17,1005.8,10.3,267,0.0,9,1,4,71.6,32.4,41.2,25.9,86.8,50.3,44.65,34.69166666666666,47.699999999999996
2026-04-14 10:00:00,72.6,39.4,15,1005.0,9.3,242,0.0,10,1,4,51.2,64.8,16.2,12.0,70.5,70.5,46.31666666666667,36.800000000000004,46.21666666666667
2026-04-14 11:00:00,106.6,39.3,15,1004.2,8.4,223,0.0,11,1,4,72.6,71.6,41.7,23.7,90.5,77.1,55.71666666666667,41.85,46.304166666666674
2026-04-14 12:00:00,57.3,37.4,19,1004.3,11.3,231,0.0,12,1,4,106.6,51.2,32.4,18.8,58.4,68.7,66.53333333333333,48.75833333333333,46.974999999999994
2026-04-14 13:00:00,61.4,32.7,41,1004.6,12.2,233,0.0,13,1,4,57.3,72.6,64.8,22.9,86.8,87.6,70.68333333333334,51.96666666666666,46.929166666666674
2026-04-14 14:00:00,76.2,30.3,54,1005.2,10.7,221,0.0,14,1,4,61.4,106.6,71.6,45.1,70.7,61.6,70.11666666666666,55.17499999999999,45.87083333333333
2026-04-14 15:00:00,65.6,29.5,56,1005.6,10.3,207,0.0,15,1,4,76.2,57.3,51.2,41.2,58.2,74.2,70.88333333333334,57.76666666666667,46.1
2026-04-14 16:00:00,50.7,28.8,57,1005.9,10.7,194,0.0,16,1,4,65.6,61.4,72.6,16.2,49.0,57.0,73.28333333333332,59.800000000000004,46.40833333333333
2026-04-14 17:00:00,29.9,28.4,65,1006.1,10.9,196,0.0,17,1,4,50.7,76.2,106.6,41.7,54.5,40.5,69.63333333333334,62.67499999999999,46.479166666666664
2026-04-14 18:00:00,20.6,28.2,71,1005.9,8.9,186,0.0,18,1,4,29.9,65.6,57.3,32.4,38.2,17.4,56.849999999999994,61.69166666666667,45.45416666666667
2026-04-14 19:00:00,41.2,27.8,75,1005.4,8.3,182,0.0,19,1,4,20.6,50.7,61.4,64.8,43.2,12.0,50.73333333333333,60.70833333333332,44.72083333333333
2026-04-14 20:00:00,24.0,27.3,79,1005.0,6.8,183,0.0,20,1,4,41.2,29.9,76.2,71.6,21.7,12.0,47.36666666666667,58.74166666666667,44.637499999999996
2026-04-14 21:00:00,47.4,26.8,80,1004.6,3.3,225,0.0,21,1,4,24.0,20.6,65.6,51.2,25.9,13.5,38.666666666666664,54.775,44.73333333333333
2026-04-14 22:00:00,15.9,26.7,72,1004.3,2.1,290,0.0,22,1,4,47.4,41.2,50.7,72.6,12.0,12.0,35.63333333333333,54.458333333333336,45.62916666666667
2026-04-14 23:00:00,16.7,26.3,69,1004.4,1.1,288,0.0,23,1,4,15.9,24.0,29.9,106.6,23.7,12.0,29.83333333333334,49.73333333333333,45.791666666666664
2026-04-15 00:00:00,12.0,25.2,86,1004.4,2.3,162,0.0,0,2,4,16.7,47.4,20.6,57.3,18.8,12.0,27.633333333333336,42.24166666666667,45.5
2026-04-15 01:00:00,15.4,24.7,90,1005.1,4.9,182,0.0,1,2,4,12.0,15.9,41.2,61.4,22.9,18.3,26.2,38.46666666666667,45.21666666666667
2026-04-15 02:00:00,45.3,26.7,79,1005.9,4.7,212,0.0,2,2,4,15.4,16.7,24.0,76.2,45.1,26.2,21.900000000000002,34.63333333333333,44.90416666666667
2026-04-15 03:00:00,27.6,30.4,53,1006.5,4.0,252,0.0,3,2,4,45.3,12.0,47.4,65.6,41.2,31.6,25.45,32.05833333333333,44.9125
2026-04-15 04:00:00,49.8,32.6,40,1006.5,4.7,268,0.0,4,2,4,27.6,15.4,15.9,50.7,16.2,41.8,22.149999999999995,28.89166666666667,44.34583333333333
2026-04-15 05:00:00,52.9,34.6,35,1006.3,6.0,253,0.0,5,2,4,49.8,45.3,16.7,29.9,41.7,57.8,27.8,28.816666666666663,45.74583333333333
2026-04-15 06:00:00,46.9,35.2,35,1005.9,8.4,255,0.0,6,2,4,52.9,27.6,12.0,20.6,32.4,48.4,33.833333333333336,30.733333333333334,46.2125
2026-04-15 07:00:00,55.3,36.2,33,1005.7,10.5,257,0.0,7,2,4,46.9,49.8,15.4,41.2,64.8,53.9,39.65,32.925,46.81666666666667
2026-04-15 08:00:00,50.0,36.8,28,1005.1,11.0,255,0.0,8,2,4,55.3,52.9,45.3,24.0,71.6,38.5,46.300000000000004,34.1,46.42083333333334
2026-04-15 09:00:00,72.1,37.1,23,1004.0,11.1,248,0.0,9,2,4,50.0,46.9,27.6,47.4,51.2,86.8,47.083333333333336,36.266666666666666,45.520833333333336
2026-04-15 10:00:00,37.3,36.6,22,1003.4,11.4,241,0.0,10,2,4,72.1,55.3,49.8,15.9,72.6,70.5,54.5,38.324999999999996,46.39166666666666
2026-04-15 11:00:00,70.3,35.7,24,1002.9,11.1,228,0.0,11,2,4,37.3,50.0,52.9,16.7,106.6,90.5,52.416666666666664,40.10833333333333,44.92083333333333
2026-04-15 12:00:00,50.0,32.9,35,1003.1,12.6,218,0.0,12,2,4,70.3,72.1,46.9,12.0,57.3,58.4,55.31666666666666,44.574999999999996,43.40833333333333
2026-04-15 13:00:00,58.2,30.2,51,1003.3,11.5,225,0.0,13,2,4,50.0,37.3,55.3,15.4,61.4,86.8,55.833333333333336,47.74166666666667,43.104166666666664
2026-04-15 14:00:00,67.7,28.2,70,1003.9,9.0,217,0.0,14,2,4,58.2,70.3,50.0,45.3,76.2,70.7,56.31666666666666,51.30833333333334,42.97083333333333
2026-04-15 15:00:00,56.9,27.7,78,1004.5,8.9,205,0.0,15,2,4,67.7,50.0,72.1,27.6,65.6,58.2,59.26666666666667,53.17499999999999,42.61666666666667
2026-04-15 16:00:00,54.0,27.2,81,1005.0,8.2,195,0.0,16,2,4,56.9,58.2,37.3,49.8,50.7,49.0,56.73333333333333,55.61666666666667,42.25416666666666
2026-04-15 17:00:00,18.0,26.8,83,1005.2,8.9,187,0.0,17,2,4,54.0,67.7,70.3,52.9,29.9,54.5,59.51666666666667,55.96666666666666,42.391666666666666
2026-04-15 18:00:00,39.9,26.6,84,1005.3,10.8,178,0.0,18,2,4,18.0,56.9,50.0,46.9,20.6,38.2,50.800000000000004,53.05833333333333,41.89583333333333
2026-04-15 19:00:00,12.0,26.8,85,1004.7,11.9,182,0.0,19,2,4,39.9,54.0,58.2,55.3,41.2,43.2,49.116666666666674,52.475,42.699999999999996
2026-04-15 20:00:00,12.0,26.9,85,1004.3,12.3,188,0.0,20,2,4,12.0,18.0,67.7,50.0,24.0,21.7,41.416666666666664,48.866666666666674,41.483333333333334
2026-04-15 21:00:00,30.9,26.7,88,1004.0,12.2,194,0.0,21,2,4,12.0,39.9,56.9,72.1,47.4,25.9,32.13333333333333,45.70000000000001,40.983333333333334
2026-04-15 22:00:00,23.2,26.4,90,1003.9,10.9,192,0.0,22,2,4,30.9,12.0,54.0,37.3,15.9,12.0,27.8,42.26666666666667,40.295833333333334
2026-04-15 23:00:00,12.5,26.0,90,1003.6,9.0,193,0.0,23,2,4,23.2,12.0,18.0,70.3,16.7,23.7,22.666666666666668,41.09166666666667,40.6
2026-04-16 00:00:00,12.0,25.8,88,1003.9,6.6,206,0.0,0,3,4,12.5,30.9,39.9,50.0,12.0,18.8,21.75,36.275,40.425
2026-04-16 01:00:00,17.7,26.0,84,1004.6,5.6,201,0.0,1,3,4,12.0,23.2,12.0,58.2,15.4,22.9,17.099999999999998,33.108333333333334,40.425
2026-04-16 02:00:00,12.0,27.4,75,1005.6,4.5,194,0.0,2,3,4,17.7,12.5,12.0,67.7,45.3,45.1,18.05,29.733333333333334,40.520833333333336
2026-04-16 03:00:00,23.6,29.7,64,1006.5,7.1,221,0.0,3,3,4,12.0,12.0,30.9,56.9,27.6,41.2,18.05,25.09166666666667,39.13333333333333
2026-04-16 04:00:00,34.5,31.4,58,1006.9,7.9,227,0.0,4,3,4,23.6,17.7,23.2,54.0,49.8,16.2,16.833333333333332,22.316666666666666,38.96666666666667
2026-04-16 05:00:00,33.2,32.8,53,1007.1,8.8,235,0.0,5,3,4,34.5,12.0,12.5,18.0,52.9,41.7,18.71666666666667,20.691666666666666,38.329166666666666
2026-04-16 06:00:00,62.2,33.2,53,1007.0,9.5,243,0.0,6,3,4,33.2,23.6,12.0,39.9,46.9,32.4,22.166666666666668,21.958333333333332,37.50833333333333
2026-04-16 07:00:00,40.4,34.3,49,1006.7,10.5,246,0.0,7,3,4,62.2,34.5,17.7,12.0,55.3,64.8,30.533333333333335,23.816666666666666,38.145833333333336
2026-04-16 08:00:00,45.8,34.7,47,1005.9,10.9,246,0.0,8,3,4,40.4,33.2,12.0,12.0,50.0,71.6,34.31666666666666,26.183333333333337,37.525
2026-04-16 09:00:00,63.1,34.9,44,1004.9,11.0,249,0.0,9,3,4,45.8,62.2,23.6,30.9,72.1,51.2,39.949999999999996,29.0,37.35
2026-04-16 10:00:00,50.4,34.9,40,1003.9,10.8,255,0.0,10,3,4,63.1,40.4,34.5,23.2,37.3,72.6,46.53333333333333,31.683333333333334,36.975
2026-04-16 11:00:00,71.2,34.6,37,1003.4,9.9,251,0.0,11,3,4,50.4,45.8,33.2,12.5,70.3,106.6,49.18333333333334,33.949999999999996,37.520833333333336
2026-04-16 12:00:00,70.0,33.4,40,1003.2,9.3,238,0.0,12,3,4,71.2,63.1,62.2,12.0,50.0,57.3,55.51666666666667,38.84166666666667,37.55833333333333
2026-04-16 13:00:00,70.6,31.0,53,1003.6,8.8,231,0.0,13,3,4,70.0,50.4,40.4,17.7,58.2,61.4,56.81666666666667,43.675000000000004,38.391666666666666
2026-04-16 14:00:00,98.3,28.4,72,1004.5,9.9,225,0.0,14,3,4,70.6,71.2,45.8,12.0,67.7,76.2,61.849999999999994,48.083333333333336,38.90833333333333
2026-04-16 15:00:00,49.0,27.4,82,1005.3,9.6,232,0.0,15,3,4,98.3,70.0,63.1,23.6,56.9,65.6,70.6,55.275,40.18333333333333
2026-04-16 16:00:00,47.7,27.1,84,1006.1,9.6,227,0.0,16,3,4,49.0,70.6,50.4,34.5,54.0,50.7,68.25,57.39166666666666,39.854166666666664
2026-04-16 17:00:00,51.0,26.9,84,1006.6,7.9,223,0.0,17,3,4,47.7,98.3,71.2,33.2,18.0,29.9,67.8,58.49166666666667,39.59166666666667
2026-04-16 18:00:00,46.5,26.7,87,1006.8,8.4,223,0.0,18,3,4,51.0,49.0,70.0,62.2,39.9,20.6,64.43333333333332,59.975,40.96666666666667
2026-04-16 19:00:00,44.8,26.5,87,1006.2,8.5,205,0.0,19,3,4,46.5,47.7,70.6,40.4,12.0,41.2,60.51666666666666,58.666666666666664,41.24166666666667
2026-04-16 20:00:00,24.8,26.2,90,1005.8,8.7,193,0.0,20,3,4,44.8,51.0,98.3,45.8,12.0,24.0,56.21666666666667,59.03333333333333,42.60833333333333
2026-04-16 21:00:00,24.0,25.9,93,1005.4,8.8,192,0.0,21,3,4,24.8,46.5,49.0,63.1,30.9,47.4,43.96666666666667,57.28333333333333,43.14166666666666
2026-04-16 22:00:00,12.0,25.8,95,1005.4,8.5,193,0.0,22,3,4,24.0,44.8,47.7,50.4,23.2,15.9,39.800000000000004,54.025000000000006,42.854166666666664
2026-04-16 23:00:00,43.7,25.6,96,1005.4,6.5,172,0.0,23,3,4,12.0,24.8,51.0,71.2,12.5,16.7,33.85,50.824999999999996,42.3875
2026-04-17 00:00:00,35.8,24.8,99,1005.7,6.7,136,0.0,0,4,4,43.7,24.0,46.5,70.0,12.0,12.0,32.63333333333333,48.53333333333333,43.6875
2026-04-17 01:00:00,12.0,24.7,99,1006.4,6.5,129,0.0,1,4,4,35.8,12.0,44.8,70.6,17.7,15.4,30.850000000000005,45.68333333333334,44.67916666666667
2026-04-17 02:00:00,35.6,25.9,91,1007.3,4.3,114,0.0,2,4,4,12.0,43.7,24.8,98.3,12.0,45.3,25.383333333333336,40.800000000000004,44.44166666666666
2026-04-17 03:00:00,64.0,28.8,76,1008.2,1.6,153,0.0,3,4,4,35.6,35.8,24.0,49.0,23.6,27.6,27.183333333333334,35.574999999999996,45.425000000000004
2026-04-17 04:00:00,24.6,31.9,54,1008.8,2.7,332,0.0,4,4,4,64.0,12.0,12.0,47.7,34.5,49.8,33.85,36.824999999999996,47.10833333333334
2026-04-17 05:00:00,33.8,34.9,37,1008.9,5.5,324,0.0,5,4,4,24.6,35.6,43.7,51.0,33.2,52.9,35.949999999999996,34.9,46.69583333333333
2026-04-17 06:00:00,46.7,36.8,27,1008.4,6.4,324,0.0,6,4,4,33.8,64.0,35.8,46.5,62.2,46.9,34.300000000000004,33.46666666666666,46.72083333333333
2026-04-17 07:00:00,34.9,39.1,19,1007.4,7.4,315,0.0,7,4,4,46.7,24.6,12.0,44.8,40.4,55.3,36.11666666666667,33.483333333333334,46.074999999999996
2026-04-17 08:00:00,46.9,40.1,15,1006.5,9.4,301,0.0,8,4,4,34.9,33.8,35.6,24.8,45.8,50.0,39.93333333333333,32.65833333333333,45.84583333333333
2026-04-17 09:00:00,60.8,40.2,12,1005.6,11.1,300,0.0,9,4,4,46.9,46.7,64.0,24.0,63.1,72.1,41.81666666666667,34.49999999999999,45.89166666666666
2026-04-17 10:00:00,49.4,40.2,9,1004.9,11.2,315,0.0,10,4,4,60.8,34.9,24.6,12.0,50.4,37.3,41.28333333333333,37.56666666666666,45.79583333333334
2026-04-17 11:00:00,76.0,40.2,8,1004.2,9.6,334,0.0,11,4,4,49.4,46.9,33.8,43.7,71.2,70.3,45.416666666666664,40.68333333333333,45.75416666666666
2026-04-17 12:00:00,74.2,39.1,9,1004.4,9.4,347,0.0,12,4,4,76.0,60.8,46.7,35.8,70.0,50.0,52.449999999999996,43.375,45.95416666666666
2026-04-17 13:00:00,75.2,37.0,12,1004.4,5.2,299,0.0,13,4,4,74.2,49.4,34.9,12.0,70.6,58.2,57.03333333333333,46.574999999999996,46.12916666666666
2026-04-17 14:00:00,58.4,31.8,41,1005.3,10.7,250,0.0,14,4,4,75.2,76.0,46.9,35.6,98.3,67.7,63.75,51.84166666666667,46.32083333333333
2026-04-17 15:00:00,60.1,28.9,74,1006.1,8.7,248,0.0,15,4,4,58.4,74.2,60.8,64.0,49.0,56.9,65.66666666666667,53.74166666666667,44.65833333333333
2026-04-17 16:00:00,55.6,28.2,78,1006.6,8.4,236,0.0,16,4,4,60.1,75.2,49.4,24.6,47.7,54.0,65.55,53.416666666666664,45.12083333333334
2026-04-17 17:00:00,15.7,27.8,80,1007.0,8.8,223,0.0,17,4,4,55.6,58.4,76.0,33.8,51.0,18.0,66.58333333333333,56.0,45.449999999999996
2026-04-17 18:00:00,17.6,27.4,83,1007.0,8.5,226,0.0,18,4,4,15.7,60.1,74.2,46.7,46.5,39.9,56.53333333333333,54.49166666666667,43.979166666666664
2026-04-17 19:00:00,29.7,27.0,86,1006.5,8.6,254,0.0,19,4,4,17.6,55.6,75.2,34.9,44.8,12.0,47.1,52.06666666666666,42.775
2026-04-17 20:00:00,12.0,26.8,88,1006.3,7.3,260,0.0,20,4,4,29.7,15.7,58.4,46.9,24.8,12.0,39.516666666666666,51.63333333333333,42.145833333333336
2026-04-17 21:00:00,14.7,26.4,89,1005.7,3.9,257,0.0,21,4,4,12.0,17.6,60.1,60.8,24.0,30.9,31.78333333333333,48.725,41.6125
2026-04-17 22:00:00,12.0,25.8,93,1005.5,1.9,331,0.0,22,4,4,14.7,29.7,55.6,49.4,12.0,23.2,24.21666666666667,44.883333333333326,41.225
2026-04-17 23:00:00,12.0,25.5,95,1005.5,2.8,63,0.0,23,4,4,12.0,12.0,15.7,76.0,43.7,12.5,16.95,41.766666666666666,41.225
2026-04-18 00:00:00,12.0,24.6,99,1005.7,2.9,83,0.0,0,5,4,12.0,14.7,17.6,74.2,35.8,12.0,16.333333333333332,36.43333333333334,39.90416666666667
2026-04-18 01:00:00,20.8,24.2,100,1006.3,3.5,102,0.0,1,5,4,12.0,12.0,29.7,75.2,12.0,17.7,15.399999999999999,31.25,38.9125
2026-04-18 02:00:00,12.1,25.8,91,1007.1,3.2,47,0.0,2,5,4,20.8,12.0,12.0,58.4,35.6,12.0,13.916666666666666,26.71666666666667,39.27916666666666
2026-04-18 03:00:00,24.5,29.8,59,1007.9,4.7,360,0.0,3,5,4,12.1,12.0,14.7,60.1,64.0,23.6,13.933333333333332,22.858333333333334,38.3
2026-04-18 04:00:00,12.1,33.3,37,1008.1,8.3,360,0.0,4,5,4,24.5,20.8,12.0,55.6,24.6,34.5,15.566666666666668,19.891666666666666,36.65416666666666
2026-04-18 05:00:00,44.4,35.6,30,1008.0,7.0,3,0.0,5,5,4,12.1,12.1,12.0,15.7,33.8,33.2,15.583333333333334,16.26666666666667,36.13333333333333
2026-04-18 06:00:00,66.7,36.9,28,1007.5,5.9,360,0.0,6,5,4,44.4,24.5,12.0,17.6,46.7,62.2,20.983333333333334,18.65833333333333,36.574999999999996
2026-04-18 07:00:00,48.4,39.1,25,1007.1,5.6,331,0.0,7,5,4,66.7,12.1,20.8,29.7,34.9,40.4,30.099999999999998,22.75,37.40833333333334
2026-04-18 08:00:00,34.9,39.8,24,1006.3,7.7,307,0.0,8,5,4,48.4,44.4,12.1,12.0,46.9,45.8,34.7,24.308333333333334,37.97083333333333
2026-04-18 09:00:00,70.3,40.0,24,1005.3,10.3,303,0.0,9,5,4,34.9,66.7,24.5,14.7,60.8,63.1,38.5,26.21666666666667,37.47083333333333
2026-04-18 10:00:00,24.4,39.9,22,1004.5,11.8,301,0.0,10,5,4,70.3,48.4,12.1,12.0,49.4,50.4,46.133333333333326,30.850000000000005,37.86666666666667
2026-04-18 11:00:00,59.4,39.5,20,1004.0,11.6,303,0.0,11,5,4,24.4,34.9,44.4,12.0,76.0,71.2,48.18333333333334,31.883333333333336,36.825
2026-04-18 12:00:00,56.0,38.5,19,1004.0,9.7,301,0.0,12,5,4,59.4,70.3,66.7,12.0,74.2,70.0,50.68333333333333,35.833333333333336,36.13333333333333
2026-04-18 13:00:00,89.4,37.0,20,1004.3,6.9,301,0.0,13,5,4,56.0,24.4,48.4,20.8,75.2,70.6,48.9,39.5,35.375
2026-04-18 14:00:00,68.2,33.6,32,1004.9,9.9,265,0.0,14,5,4,89.4,59.4,34.9,12.1,58.4,98.3,55.73333333333333,45.21666666666667,35.96666666666666
2026-04-18 15:00:00,63.9,30.2,59,1005.8,10.1,254,0.0,15,5,4,68.2,56.0,70.3,24.5,60.1,49.0,61.28333333333334,49.89166666666667,36.375
2026-04-18 16:00:00,58.7,29.6,61,1006.3,10.1,253,0.0,16,5,4,63.9,89.4,24.4,12.1,55.6,47.7,60.21666666666667,53.175000000000004,36.53333333333334
2026-04-18 17:00:00,14.6,29.8,52,1006.6,10.4,247,0.0,17,5,4,58.7,68.2,59.4,44.4,15.7,51.0,65.93333333333334,57.05833333333333,36.6625
2026-04-18 18:00:00,30.4,29.8,51,1006.4,8.8,258,0.0,18,5,4,14.6,63.9,56.0,66.7,17.6,46.5,58.46666666666667,54.574999999999996,36.61666666666667
2026-04-18 19:00:00,39.4,29.9,48,1005.5,8.7,262,0.0,19,5,4,30.4,58.7,89.4,48.4,29.7,44.8,54.199999999999996,51.550000000000004,37.15
2026-04-18 20:00:00,12.0,29.6,51,1005.0,9.1,261,0.0,20,5,4,39.4,14.6,68.2,34.9,12.0,24.8,45.866666666666674,50.79999999999999,37.55416666666667
2026-04-18 21:00:00,25.1,29.3,55,1004.6,7.4,283,0.0,21,5,4,12.0,30.4,63.9,70.3,14.7,24.0,36.5,48.89166666666667,37.55416666666667
2026-04-18 22:00:00,12.0,28.1,56,1004.7,3.1,54,0.0,22,5,4,25.1,39.4,58.7,24.4,12.0,12.0,30.03333333333333,45.125,37.987500000000004
2026-04-18 23:00:00,12.0,27.5,55,1004.7,4.9,6,0.0,23,5,4,12.0,12.0,14.6,59.4,12.0,43.7,22.25,44.09166666666667,37.987500000000004
2026-04-19 00:00:00,12.0,27.3,58,1004.9,7.1,9,0.0,0,6,4,12.0,25.1,30.4,56.0,12.0,35.8,21.816666666666666,40.14166666666667,37.987500000000004
2026-04-19 01:00:00,12.0,27.2,53,1005.4,8.6,12,0.0,1,6,4,12.0,12.0,39.4,89.4,20.8,12.0,18.75,36.475,37.987500000000004
2026-04-19 02:00:00,20.5,28.4,47,1006.3,7.0,18,0.0,2,6,4,12.0,12.0,12.0,68.2,12.1,35.6,14.183333333333332,30.025000000000002,37.62083333333334
2026-04-19 03:00:00,30.4,30.7,36,1007.2,8.3,4,0.0,3,6,4,20.5,12.0,25.1,63.9,24.5,64.0,15.6,26.05,37.97083333333334
2026-04-19 04:00:00,24.5,33.0,30,1007.7,7.2,359,0.0,4,6,4,30.4,12.0,12.0,58.7,12.1,24.6,16.483333333333334,23.258333333333336,38.21666666666667
2026-04-19 05:00:00,36.0,35.6,25,1007.6,7.1,345,0.0,5,6,4,24.5,20.5,12.0,14.6,44.4,33.8,18.566666666666666,20.408333333333335,38.733333333333334
2026-04-19 06:00:00,53.3,36.8,24,1007.2,7.0,325,0.0,6,6,4,36.0,30.4,12.0,30.4,66.7,46.7,22.566666666666666,22.191666666666666,38.38333333333333
2026-04-19 07:00:00,64.5,38.7,21,1006.5,8.0,312,0.0,7,6,4,53.3,24.5,12.0,39.4,48.4,34.9,29.45,24.099999999999998,37.824999999999996
2026-04-19 08:00:00,46.0,39.4,19,1005.8,10.3,295,0.0,8,6,4,64.5,36.0,20.5,12.0,34.9,46.9,38.199999999999996,26.191666666666666,38.49583333333333
2026-04-19 09:00:00,57.6,39.7,15,1005.0,11.4,286,0.0,9,6,4,46.0,53.3,30.4,25.1,70.3,60.8,42.449999999999996,29.025000000000002,38.958333333333336
2026-04-19 10:00:00,49.0,39.9,11,1004.2,11.0,271,0.0,10,6,4,57.6,64.5,24.5,12.0,24.4,49.4,46.98333333333333,31.73333333333333,38.42916666666667
2026-04-19 11:00:00,99.1,39.5,10,1004.0,7.9,249,0.0,11,6,4,49.0,46.0,36.0,12.0,59.4,76.0,51.06666666666666,34.81666666666666,39.454166666666666
2026-04-19 12:00:00,92.8,38.5,10,1003.8,6.7,254,0.0,12,6,4,99.1,57.6,53.3,12.0,56.0,74.2,61.583333333333336,42.074999999999996,41.108333333333334
2026-04-19 13:00:00,82.6,35.7,16,1004.0,8.3,254,0.0,13,6,4,92.8,49.0,64.5,12.0,89.4,75.2,68.16666666666667,48.80833333333333,42.641666666666666
2026-04-19 14:00:00,35.7,32.4,28,1004.8,8.8,261,0.0,14,6,4,82.6,99.1,46.0,20.5,68.2,58.4,71.18333333333332,54.69166666666666,42.358333333333334
2026-04-19 15:00:00,57.9,30.3,48,1005.8,9.4,253,0.0,15,6,4,35.7,92.8,57.6,30.4,63.9,60.1,69.46666666666665,55.958333333333336,41.00416666666666
2026-04-19 16:00:00,37.0,29.1,61,1006.4,9.8,246,0.0,16,6,4,57.9,82.6,49.0,24.5,58.7,55.6,69.51666666666667,58.25,40.75416666666667
2026-04-19 17:00:00,45.3,28.8,64,1006.8,8.0,228,0.0,17,6,4,37.0,35.7,99.1,36.0,14.6,15.7,67.51666666666667,59.291666666666664,39.85
2026-04-19 18:00:00,61.3,28.3,66,1006.4,7.2,212,0.0,18,6,4,45.3,57.9,92.8,53.3,30.4,17.6,58.550000000000004,60.06666666666666,41.12916666666667
2026-04-19 19:00:00,41.9,28.5,63,1005.8,5.6,197,0.0,19,6,4,61.3,37.0,82.6,64.5,39.4,29.7,53.29999999999999,60.73333333333334,42.416666666666664
2026-04-19 20:00:00,48.8,27.5,68,1005.7,2.9,187,0.0,20,6,4,41.9,45.3,35.7,46.0,12.0,12.0,46.51666666666667,58.85,42.520833333333336
2026-04-19 21:00:00,22.5,27.0,71,1005.6,7.0,154,0.0,21,6,4,48.8,61.3,57.9,57.6,25.1,14.7,48.699999999999996,59.083333333333336,44.05416666666667
2026-04-19 22:00:00,27.5,26.5,76,1005.2,5.4,143,0.0,22,6,4,22.5,41.9,37.0,49.0,12.0,12.0,42.79999999999999,56.15833333333333,43.94583333333333
2026-04-19 23:00:00,33.6,26.2,76,1005.7,7.9,131,0.0,23,6,4,27.5,48.8,45.3,99.1,12.0,12.0,41.21666666666666,54.36666666666667,44.59166666666667
2026-04-20 00:00:00,12.0,26.4,84,1006.0,8.5,174,0.0,0,0,4,33.6,22.5,61.3,92.8,12.0,12.0,39.266666666666666,48.90833333333333,45.49166666666667
2026-04-20 01:00:00,12.0,26.9,82,1006.7,9.7,162,0.0,1,0,4,12.0,27.5,41.9,82.6,12.0,20.8,31.049999999999997,42.175,45.49166666666667
2026-04-20 02:00:00,12.0,28.4,78,1007.5,9.2,181,0.0,2,0,4,12.0,33.6,48.8,35.7,20.5,12.1,26.066666666666663,36.291666666666664,45.49166666666667
2026-04-20 03:00:00,12.0,30.3,69,1007.9,7.0,181,0.0,3,0,4,12.0,12.0,22.5,57.9,30.4,24.5,19.933333333333334,34.31666666666666,45.137499999999996
2026-04-20 04:00:00,30.7,32.8,56,1008.1,5.5,189,0.0,4,0,4,12.0,12.0,27.5,37.0,24.5,12.1,18.183333333333334,30.491666666666664,44.37083333333333
2026-04-20 05:00:00,28.4,34.8,46,1008.0,5.9,218,0.0,5,0,4,30.7,12.0,33.6,45.3,36.0,44.4,18.716666666666665,29.966666666666665,44.62916666666666
2026-04-20 06:00:00,35.4,36.1,33,1007.6,8.3,222,0.0,6,0,4,28.4,12.0,12.0,61.3,53.3,66.7,17.849999999999998,28.558333333333334,44.3125
2026-04-20 07:00:00,56.9,37.4,29,1006.8,9.5,226,0.0,7,0,4,35.4,30.7,12.0,41.9,64.5,48.4,21.75,26.400000000000002,43.56666666666666
2026-04-20 08:00:00,62.0,38.1,25,1005.9,10.4,231,0.0,8,0,4,56.9,28.4,12.0,48.8,46.0,34.9,29.23333333333333,27.649999999999995,43.25
2026-04-20 09:00:00,47.5,38.3,22,1004.7,10.5,243,0.0,9,0,4,62.0,35.4,12.0,22.5,57.6,70.3,37.56666666666666,28.75,43.916666666666664
2026-04-20 10:00:00,52.7,38.1,20,1004.2,10.1,241,0.0,10,0,4,47.5,56.9,30.7,27.5,49.0,24.4,43.48333333333333,30.833333333333332,43.49583333333333
2026-04-20 11:00:00,85.0,37.4,22,1004.0,8.6,241,0.0,11,0,4,52.7,62.0,28.4,33.6,99.1,59.4,47.15,32.93333333333334,43.65
2026-04-20 12:00:00,75.5,37.1,21,1003.2,8.5,263,0.0,12,0,4,85.0,47.5,35.4,12.0,92.8,56.0,56.583333333333336,37.21666666666667,43.0625
2026-04-20 13:00:00,78.5,35.1,26,1003.5,7.8,266,0.0,13,0,4,75.5,52.7,56.9,12.0,82.6,89.4,63.26666666666667,42.50833333333333,42.34166666666667
2026-04-20 14:00:00,81.1,32.6,39,1004.2,4.1,236,0.0,14,0,4,78.5,85.0,62.0,12.0,35.7,68.2,66.86666666666666,48.050000000000004,42.17083333333333
2026-04-20 15:00:00,44.4,30.1,59,1005.0,7.8,263,0.0,15,0,4,81.1,75.5,47.5,12.0,57.9,63.9,70.05,53.80833333333334,44.0625
2026-04-20 16:00:00,44.8,28.5,77,1005.7,8.5,257,0.0,16,0,4,44.4,78.5,52.7,30.7,37.0,58.7,69.53333333333333,56.50833333333333,43.5
2026-04-20 17:00:00,50.3,28.4,73,1006.2,9.6,256,0.0,17,0,4,44.8,81.1,85.0,28.4,45.3,14.6,68.21666666666667,57.68333333333333,43.824999999999996
2026-04-20 18:00:00,12.0,29.0,60,1005.9,8.3,226,0.0,18,0,4,50.3,44.4,75.5,35.4,61.3,30.4,62.43333333333333,59.508333333333326,44.03333333333333
2026-04-20 19:00:00,38.7,28.2,62,1005.5,7.5,230,0.0,19,0,4,12.0,44.8,78.5,56.9,41.9,39.4,51.849999999999994,57.55833333333333,41.979166666666664
2026-04-20 20:00:00,38.5,27.6,67,1005.3,3.8,253,0.0,20,0,4,38.7,50.3,81.1,62.0,48.8,12.0,45.21666666666667,56.041666666666664,41.84583333333333
2026-04-20 21:00:00,32.4,26.9,71,1005.3,1.5,104,0.0,21,0,4,38.5,12.0,44.4,47.5,22.5,25.1,38.11666666666667,54.083333333333336,41.416666666666664
2026-04-20 22:00:00,34.4,25.9,75,1004.8,2.3,148,0.0,22,0,4,32.4,38.7,44.8,52.7,27.5,12.0,36.11666666666667,52.824999999999996,41.829166666666666
2026-04-20 23:00:00,32.9,25.4,80,1004.8,2.1,59,0.0,23,0,4,34.4,38.5,50.3,85.0,33.6,12.0,34.38333333333333,51.29999999999999,42.11666666666667
2026-04-21 00:00:00,12.0,25.8,71,1005.0,4.0,27,0.0,0,1,4,32.9,32.4,12.0,75.5,12.0,12.0,31.48333333333333,46.958333333333336,42.0875
2026-04-21 01:00:00,29.4,26.3,65,1005.7,5.1,17,0.0,1,1,4,12.0,34.4,38.7,78.5,12.0,12.0,31.48333333333333,41.666666666666664,42.0875
2026-04-21 02:00:00,14.7,28.2,53,1006.6,4.4,38,0.0,2,1,4,29.4,32.9,38.5,81.1,12.0,20.5,29.933333333333334,37.575,42.8125
2026-04-21 03:00:00,26.5,31.4,35,1007.3,4.7,16,0.0,3,1,4,14.7,12.0,32.4,44.4,12.0,30.4,25.96666666666667,32.041666666666664,42.925000000000004
2026-04-21 04:00:00,45.6,33.9,28,1007.8,4.4,12,0.0,4,1,4,26.5,29.4,34.4,44.8,30.7,24.5,24.983333333333334,30.55,43.52916666666667
2026-04-21 05:00:00,44.5,36.4,23,1007.7,5.1,354,0.0,5,1,4,45.6,14.7,32.9,50.3,28.4,36.0,26.849999999999998,30.616666666666664,44.15
2026-04-21 06:00:00,64.2,37.3,22,1007.4,3.2,326,0.0,6,1,4,44.5,26.5,12.0,12.0,35.4,53.3,28.78333333333333,30.133333333333336,44.820833333333326
2026-04-21 07:00:00,66.4,39.2,21,1006.7,5.2,295,0.0,7,1,4,64.2,45.6,29.4,38.7,56.9,64.5,37.48333333333333,34.483333333333334,46.020833333333336
2026-04-21 08:00:00,80.9,39.9,21,1005.7,8.7,284,0.0,8,1,4,66.4,44.5,14.7,38.5,62.0,46.0,43.650000000000006,36.791666666666664,46.416666666666664
2026-04-21 09:00:00,61.4,39.6,20,1004.6,12.4,284,0.0,9,1,4,80.9,64.2,26.5,32.4,47.5,57.6,54.68333333333334,40.325,47.20416666666667
2026-04-21 10:00:00,40.5,39.4,19,1004.1,13.5,286,0.0,10,1,4,61.4,66.4,45.6,34.4,52.7,49.0,60.5,42.74166666666667,47.78333333333333
2026-04-21 11:00:00,58.5,39.0,17,1003.7,10.6,294,0.0,11,1,4,40.5,80.9,44.5,32.9,85.0,99.1,59.65,43.25,47.275
2026-04-21 12:00:00,63.6,38.3,15,1003.3,7.8,308,0.0,12,1,4,58.5,61.4,64.2,12.0,75.5,92.8,61.98333333333333,45.38333333333333,46.17083333333333
2026-04-21 13:00:00,88.7,37.4,17,1003.4,5.3,303,0.0,13,1,4,63.6,40.5,66.4,29.4,78.5,82.6,61.88333333333333,49.68333333333334,45.675000000000004
2026-04-21 14:00:00,66.3,34.9,23,1004.0,7.0,273,0.0,14,1,4,88.7,58.5,80.9,14.7,81.1,35.7,65.60000000000001,54.625,46.099999999999994
2026-04-21 15:00:00,67.4,31.3,48,1004.7,10.9,277,0.0,15,1,4,66.3,63.6,61.4,26.5,44.4,57.9,63.166666666666664,58.925000000000004,45.48333333333334
2026-04-21 16:00:00,53.4,30.1,56,1005.4,8.6,272,0.0,16,1,4,67.4,88.7,40.5,45.6,44.8,37.0,64.16666666666667,62.333333333333336,46.44166666666666
2026-04-21 17:00:00,41.8,29.5,59,1005.9,9.0,267,0.0,17,1,4,53.4,66.3,58.5,44.5,50.3,45.3,66.31666666666668,62.98333333333333,46.800000000000004
2026-04-21 18:00:00,25.9,29.6,53,1006.0,9.6,265,0.0,18,1,4,41.8,67.4,63.6,64.2,12.0,61.3,63.53333333333333,62.75833333333333,46.44583333333333
2026-04-21 19:00:00,20.1,29.4,48,1005.6,8.9,264,0.0,19,1,4,25.9,53.4,88.7,66.4,38.7,41.9,57.25,59.56666666666667,47.025000000000006
2026-04-21 20:00:00,60.2,28.9,53,1005.1,8.5,274,0.0,20,1,4,20.1,41.8,66.3,80.9,38.5,48.8,45.81666666666666,55.708333333333336,46.25
2026-04-21 21:00:00,28.0,28.4,59,1004.8,8.3,290,0.0,21,1,4,60.2,25.9,67.4,61.4,32.4,22.5,44.800000000000004,53.98333333333333,47.15416666666667
2026-04-21 22:00:00,19.8,28.0,62,1004.7,7.0,318,0.0,22,1,4,28.0,20.1,53.4,40.5,34.4,27.5,38.233333333333334,51.199999999999996,46.97083333333334
2026-04-21 23:00:00,18.5,27.2,63,1005.0,4.5,47,0.0,23,1,4,19.8,60.2,41.8,58.5,32.9,33.6,32.63333333333333,49.475,46.362500000000004
2026-04-22 00:00:00,12.3,27.3,58,1005.5,5.5,63,0.0,0,2,4,18.5,28.0,25.9,63.6,12.0,12.0,28.75,46.14166666666667,45.762499999999996
2026-04-22 01:00:00,16.3,27.1,56,1006.3,5.3,45,0.0,1,2,4,12.3,19.8,20.1,88.7,29.4,12.0,26.483333333333338,41.86666666666667,45.775
2026-04-22 02:00:00,42.9,28.7,48,1007.4,5.1,73,0.0,2,2,4,16.3,18.5,60.2,66.3,14.7,12.0,25.849999999999998,35.833333333333336,45.229166666666664
2026-04-22 03:00:00,34.6,31.2,32,1008.2,5.1,42,0.0,3,2,4,42.9,12.3,28.0,67.4,26.5,12.0,22.96666666666667,33.88333333333333,46.40416666666667
2026-04-22 04:00:00,45.2,33.7,24,1008.5,3.9,53,0.0,4,2,4,34.6,16.3,19.8,53.4,45.6,30.7,24.066666666666666,31.150000000000002,46.74166666666667
2026-04-22 05:00:00,67.6,36.4,19,1008.3,1.5,60,0.0,5,2,4,45.2,42.9,18.5,41.8,44.5,28.4,28.3,30.466666666666665,46.724999999999994
2026-04-22 06:00:00,87.4,36.9,20,1007.7,2.0,270,0.0,6,2,4,67.6,34.6,12.3,25.9,64.2,35.4,36.483333333333334,32.61666666666667,47.68750000000001
2026-04-22 07:00:00,59.8,39.3,18,1006.8,5.4,268,0.0,7,2,4,87.4,45.2,16.3,20.1,66.4,56.9,49.0,37.74166666666667,48.65416666666667
2026-04-22 08:00:00,43.2,39.8,19,1005.5,9.4,269,0.0,8,2,4,59.8,67.6,42.9,60.2,80.9,62.0,56.25,41.050000000000004,48.37916666666666
2026-04-22 09:00:00,70.3,39.5,19,1004.6,11.9,267,0.0,9,2,4,43.2,87.4,34.6,28.0,61.4,47.5,56.30000000000001,39.63333333333333,46.80833333333333
2026-04-22 10:00:00,66.9,38.8,18,1004.0,12.4,269,0.0,10,2,4,70.3,59.8,45.2,19.8,40.5,52.7,62.25,43.15833333333333,47.17916666666667
2026-04-22 11:00:00,65.3,37.9,19,1003.7,10.9,264,0.0,11,2,4,66.9,43.2,67.6,18.5,58.5,85.0,65.86666666666667,47.083333333333336,48.27916666666667
2026-04-22 12:00:00,61.0,37.1,20,1003.2,7.5,262,0.0,12,2,4,65.3,70.3,87.4,12.3,63.6,75.5,65.48333333333333,50.98333333333334,48.5625
2026-04-22 13:00:00,85.9,34.6,27,1003.4,8.8,274,0.0,13,2,4,61.0,66.9,59.8,16.3,88.7,78.5,61.083333333333336,55.041666666666664,48.45416666666666
2026-04-22 14:00:00,67.1,30.7,53,1004.3,9.5,249,0.0,14,2,4,85.9,65.3,43.2,42.9,66.3,81.1,65.43333333333334,60.84166666666667,48.337500000000006
2026-04-22 15:00:00,56.2,29.8,61,1004.7,9.3,248,0.0,15,2,4,67.1,61.0,70.3,34.6,67.4,44.4,69.41666666666667,62.85833333333334,48.37083333333333
2026-04-22 16:00:00,87.7,30.0,52,1005.2,8.5,246,0.0,16,2,4,56.2,85.9,66.9,45.2,53.4,44.8,67.06666666666668,64.65833333333333,47.90416666666667
2026-04-22 17:00:00,80.7,30.1,44,1005.6,6.0,253,0.0,17,2,4,87.7,67.1,65.3,67.6,41.8,50.3,70.53333333333333,68.2,49.333333333333336
2026-04-22 18:00:00,26.5,29.5,51,1005.6,5.4,217,0.0,18,2,4,80.7,56.2,61.0,87.4,25.9,12.0,73.1,69.29166666666667,50.95416666666667
2026-04-22 19:00:00,49.7,29.5,54,1005.4,5.0,268,0.0,19,2,4,26.5,87.7,85.9,59.8,20.1,38.7,67.35000000000001,64.21666666666667,50.979166666666664
2026-04-22 20:00:00,36.1,29.1,52,1005.2,5.2,304,0.0,20,2,4,49.7,80.7,67.1,43.2,60.2,38.5,61.31666666666666,63.375,52.2125
2026-04-22 21:00:00,25.6,29.3,44,1004.9,8.6,324,0.0,21,2,4,36.1,26.5,56.2,70.3,28.0,32.4,56.15,62.78333333333333,51.208333333333336
2026-04-22 22:00:00,17.9,28.5,50,1004.7,6.0,351,0.0,22,2,4,25.6,49.7,87.7,66.9,19.8,34.4,51.050000000000004,59.05833333333334,51.10833333333333
2026-04-22 23:00:00,22.4,27.6,53,1005.2,3.5,66,0.0,23,2,4,17.9,36.1,80.7,65.3,18.5,32.9,39.416666666666664,54.975,51.02916666666667
2026-04-23 00:00:00,37.5,26.9,58,1005.6,3.7,55,0.0,0,3,4,22.4,25.6,26.5,61.0,12.3,12.0,29.700000000000003,51.4,51.19166666666666
2026-04-23 01:00:00,12.0,27.1,56,1006.1,5.7,41,0.0,1,3,4,37.5,17.9,49.7,85.9,16.3,29.4,31.53333333333333,49.44166666666666,52.241666666666674
2026-04-23 02:00:00,12.0,28.7,47,1006.7,6.8,3,0.0,2,3,4,12.0,22.4,36.1,67.1,42.9,14.7,25.25,43.28333333333333,52.0625
2026-04-23 03:00:00,13.1,31.3,33,1007.4,10.1,359,0.0,3,3,4,12.0,37.5,25.6,56.2,34.6,26.5,21.233333333333334,38.69166666666666,50.775
2026-04-23 04:00:00,12.2,33.8,27,1007.7,8.3,2,0.0,4,3,4,13.1,12.0,17.9,87.7,45.2,45.6,19.15,35.1,49.87916666666667
2026-04-23 05:00:00,53.3,36.6,21,1007.5,7.0,12,0.0,5,3,4,12.2,12.0,22.4,80.7,67.6,44.5,18.2,28.808333333333334,48.50416666666667
2026-04-23 06:00:00,66.9,37.9,19,1006.9,4.9,4,0.0,6,3,4,53.3,13.1,37.5,26.5,87.4,64.2,23.349999999999998,26.525000000000002,47.90833333333333
2026-04-23 07:00:00,59.8,40.2,16,1006.0,5.3,332,0.0,7,3,4,66.9,12.2,12.0,49.7,59.8,66.4,28.25,29.89166666666667,47.054166666666674
2026-04-23 08:00:00,57.3,40.9,17,1005.0,7.7,311,0.0,8,3,4,59.8,53.3,12.0,36.1,43.2,80.9,36.21666666666667,30.73333333333333,47.054166666666674
2026-04-23 09:00:00,48.2,41.1,16,1004.1,9.8,310,0.0,9,3,4,57.3,66.9,13.1,25.6,70.3,61.4,43.76666666666667,32.5,47.64166666666667
2026-04-23 10:00:00,68.4,41.3,13,1003.4,10.9,314,0.0,10,3,4,48.2,59.8,12.2,17.9,66.9,40.5,49.61666666666667,34.38333333333333,46.72083333333334
2026-04-23 11:00:00,78.0,40.7,13,1003.0,10.7,318,0.0,11,3,4,68.4,57.3,53.3,22.4,65.3,58.5,58.98333333333334,38.59166666666667,46.78333333333333
2026-04-23 12:00:00,95.0,39.5,15,1002.6,8.1,331,0.0,12,3,4,78.0,48.2,66.9,37.5,61.0,63.6,63.1,43.225,47.3125
2026-04-23 13:00:00,83.9,38.8,16,1002.9,5.3,348,0.0,13,3,4,95.0,68.4,59.8,12.0,85.9,88.7,67.78333333333335,48.01666666666667,48.729166666666664
2026-04-23 14:00:00,95.6,36.7,19,1003.5,3.3,347,0.0,14,3,4,83.9,78.0,57.3,12.0,67.1,66.3,71.8,54.00833333333333,48.645833333333336
2026-04-23 15:00:00,74.9,34.6,26,1004.4,8.0,279,0.0,15,3,4,95.6,95.0,48.2,13.1,56.2,67.4,78.18333333333334,60.975,49.833333333333336
2026-04-23 16:00:00,50.9,31.7,43,1004.9,8.6,248,0.0,16,3,4,74.9,83.9,68.4,12.2,87.7,53.4,82.63333333333334,66.125,50.612500000000004
2026-04-23 17:00:00,18.6,30.5,55,1005.2,10.4,261,0.0,17,3,4,50.9,95.6,78.0,53.3,80.7,41.8,79.71666666666667,69.35,49.07916666666667
2026-04-23 18:00:00,21.2,30.4,57,1005.1,10.4,279,0.0,18,3,4,18.6,74.9,95.0,66.9,26.5,25.9,69.81666666666666,66.45833333333333,46.49166666666667
2026-04-23 19:00:00,49.2,30.1,58,1004.7,8.0,297,0.0,19,3,4,21.2,50.9,83.9,59.8,49.7,20.1,57.51666666666666,62.650000000000006,46.270833333333336
2026-04-23 20:00:00,32.4,29.6,62,1004.3,8.5,297,0.0,20,3,4,49.2,18.6,95.6,57.3,36.1,60.2,51.73333333333334,61.76666666666666,46.25000000000001
2026-04-23 21:00:00,12.0,29.4,60,1004.1,9.4,305,0.0,21,3,4,32.4,21.2,74.9,48.2,25.6,28.0,41.199999999999996,59.69166666666667,46.09583333333333
2026-04-23 22:00:00,12.0,29.4,49,1003.9,10.0,327,0.0,22,3,4,12.0,49.2,50.9,68.4,17.9,19.8,30.71666666666667,56.675000000000004,45.52916666666667
2026-04-23 23:00:00,12.0,29.2,44,1004.6,10.8,339,0.0,23,3,4,12.0,32.4,18.6,78.0,22.4,18.5,24.233333333333334,51.975,45.28333333333333
2026-04-24 00:00:00,12.0,28.6,49,1004.7,8.8,359,0.0,0,4,4,12.0,12.0,21.2,95.0,37.5,12.3,23.133333333333336,46.475,44.85
2026-04-24 01:00:00,26.0,28.4,49,1005.7,8.2,15,0.0,1,4,4,12.0,12.0,49.2,83.9,12.0,16.3,21.599999999999998,39.55833333333333,43.7875
2026-04-24 02:00:00,31.0,29.6,47,1006.5,6.9,17,0.0,2,4,4,26.0,12.0,32.4,95.6,12.0,42.9,17.733333333333334,34.733333333333334,44.37083333333334
2026-04-24 03:00:00,17.3,31.7,45,1007.3,9.4,1,0.0,3,4,4,31.0,12.0,12.0,74.9,13.1,34.6,17.5,29.349999999999998,45.1625
2026-04-24 04:00:00,12.3,34.4,38,1007.3,9.4,359,0.0,4,4,4,17.3,26.0,12.0,50.9,12.2,45.2,18.383333333333333,24.55,45.3375
2026-04-24 05:00:00,49.5,37.4,29,1006.9,8.1,1,0.0,5,4,4,12.3,31.0,12.0,18.6,53.3,67.6,18.433333333333334,21.333333333333332,45.34166666666667
2026-04-24 06:00:00,50.3,38.6,26,1006.6,4.5,2,0.0,6,4,4,49.5,17.3,12.0,21.2,66.9,87.4,24.683333333333334,23.90833333333333,45.18333333333334
2026-04-24 07:00:00,41.2,41.0,21,1005.6,3.2,313,0.0,7,4,4,50.3,12.3,26.0,49.2,59.8,59.8,31.066666666666663,26.333333333333332,44.49166666666667
2026-04-24 08:00:00,53.6,41.6,19,1004.5,7.8,279,0.0,8,4,4,41.2,49.5,31.0,32.4,57.3,43.2,33.6,25.666666666666668,43.71666666666667
2026-04-24 09:00:00,56.4,41.0,21,1003.8,11.0,268,0.0,9,4,4,53.6,50.3,17.3,12.0,48.2,70.3,37.36666666666667,27.433333333333334,43.5625
2026-04-24 10:00:00,65.1,40.1,21,1003.4,11.5,259,0.0,10,4,4,56.4,41.2,12.3,12.0,68.4,66.9,43.88333333333333,31.13333333333333,43.90416666666667
2026-04-24 11:00:00,82.8,40.0,19,1003.0,8.4,260,0.0,11,4,4,65.1,53.6,49.5,12.0,78.0,65.3,52.68333333333334,35.55833333333333,43.76666666666666
2026-04-24 12:00:00,66.4,39.0,19,1002.5,7.2,257,0.0,12,4,4,82.8,56.4,50.3,12.0,95.0,61.0,58.23333333333333,41.458333333333336,43.96666666666667
2026-04-24 13:00:00,58.3,35.6,29,1003.2,10.6,251,0.0,13,4,4,66.4,65.1,41.2,26.0,83.9,85.9,60.916666666666664,45.99166666666667,42.775
2026-04-24 14:00:00,65.6,32.0,49,1004.0,10.3,254,0.0,14,4,4,58.3,82.8,53.6,31.0,95.6,67.1,63.76666666666667,48.68333333333333,41.708333333333336
2026-04-24 15:00:00,62.8,30.6,59,1004.8,9.8,253,0.0,15,4,4,65.6,66.4,56.4,17.3,74.9,56.2,65.76666666666667,51.56666666666666,40.458333333333336
2026-04-24 16:00:00,30.9,30.6,55,1005.4,12.1,264,0.0,16,4,4,62.8,58.3,65.1,12.3,50.9,87.7,66.83333333333333,55.35833333333333,39.954166666666666
2026-04-24 17:00:00,50.8,30.6,49,1005.8,10.6,267,0.0,17,4,4,30.9,65.6,82.8,49.5,18.6,80.7,61.133333333333326,56.90833333333333,39.12083333333333
2026-04-24 18:00:00,24.4,30.4,52,1006.0,9.5,268,0.0,18,4,4,50.8,62.8,66.4,50.3,21.2,26.5,55.800000000000004,57.01666666666666,40.4625
2026-04-24 19:00:00,15.9,30.4,51,1005.4,7.4,267,0.0,19,4,4,24.4,30.9,58.3,41.2,49.2,49.7,48.79999999999999,54.85833333333333,40.59583333333334
2026-04-24 20:00:00,24.6,29.9,53,1004.9,7.3,280,0.0,20,4,4,15.9,50.8,65.6,53.6,32.4,36.1,41.73333333333333,52.74999999999999,39.208333333333336
2026-04-24 21:00:00,19.8,29.2,60,1005.0,8.2,280,0.0,21,4,4,24.6,24.4,62.8,56.4,12.0,25.6,34.9,50.333333333333336,38.88333333333333
2026-04-24 22:00:00,12.0,28.3,71,1005.1,9.6,298,0.0,22,4,4,19.8,15.9,30.9,65.1,12.0,17.9,27.73333333333333,47.28333333333333,39.208333333333336
2026-04-24 23:00:00,24.5,27.7,72,1005.6,6.3,345,0.0,23,4,4,12.0,24.6,50.8,82.8,12.0,22.4,24.583333333333332,42.85833333333333,39.208333333333336
2026-04-25 00:00:00,12.0,27.2,64,1005.4,4.8,29,0.0,0,5,4,24.5,19.8,24.4,66.4,12.0,37.5,20.2,38.0,39.729166666666664
2026-04-25 01:00:00,23.0,27.3,60,1006.4,5.5,46,0.0,1,5,4,12.0,12.0,15.9,58.3,26.0,12.0,18.133333333333333,33.46666666666666,39.729166666666664
2026-04-25 02:00:00,38.8,28.8,51,1006.9,5.0,26,0.0,2,5,4,23.0,24.5,24.6,65.6,31.0,12.0,19.316666666666666,30.524999999999995,39.604166666666664
2026-04-25 03:00:00,35.8,31.7,38,1007.6,6.7,360,0.0,3,5,4,38.8,12.0,19.8,62.8,17.3,13.1,21.683333333333334,28.291666666666668,39.92916666666667
2026-04-25 04:00:00,30.0,34.6,32,1007.8,6.8,2,0.0,4,5,4,35.8,23.0,12.0,30.9,12.3,12.2,24.349999999999998,26.041666666666668,40.699999999999996
2026-04-25 05:00:00,32.6,37.5,28,1007.6,5.8,4,0.0,5,5,4,30.0,38.8,24.5,50.8,49.5,53.3,27.349999999999998,25.96666666666667,41.4375
2026-04-25 06:00:00,51.8,39.2,24,1007.2,4.6,342,0.0,6,5,4,32.6,35.8,12.0,24.4,50.3,66.9,28.7,24.45,40.733333333333334
2026-04-25 07:00:00,56.4,41.6,20,1006.3,5.9,313,0.0,7,5,4,51.8,30.0,23.0,15.9,41.2,59.8,35.333333333333336,26.733333333333334,40.79583333333333
2026-04-25 08:00:00,49.9,42.2,19,1005.1,9.0,301,0.0,8,5,4,56.4,32.6,38.8,24.6,53.6,57.3,40.9,30.10833333333333,41.42916666666667
2026-04-25 09:00:00,62.5,42.3,17,1004.3,12.0,296,0.0,9,5,4,49.9,51.8,35.8,19.8,56.4,48.2,42.75,32.21666666666666,41.275
2026-04-25 10:00:00,66.0,42.2,12,1003.7,12.9,297,0.0,10,5,4,62.5,56.4,30.0,12.0,65.1,68.4,47.199999999999996,35.775,41.52916666666666
2026-04-25 11:00:00,67.5,42.2,9,1003.6,11.1,299,0.0,11,5,4,66.0,49.9,32.6,24.5,82.8,78.0,53.199999999999996,40.275,41.56666666666666
2026-04-25 12:00:00,74.8,41.3,6,1003.3,9.1,328,0.0,12,5,4,67.5,62.5,51.8,12.0,66.4,95.0,59.01666666666666,43.85833333333333,40.92916666666667
2026-04-25 13:00:00,94.2,39.9,7,1003.5,5.5,333,0.0,13,5,4,74.8,66.0,56.4,23.0,58.3,83.9,62.85,49.09166666666667,41.27916666666666
2026-04-25 14:00:00,56.5,35.7,22,1004.4,11.2,266,0.0,14,5,4,94.2,67.5,49.9,38.8,65.6,95.6,69.14999999999999,55.025,42.775
2026-04-25 15:00:00,45.1,31.5,56,1005.2,8.3,237,0.0,15,5,4,56.5,74.8,62.5,35.8,62.8,74.9,70.25,56.5,42.395833333333336
2026-04-25 16:00:00,53.1,30.5,61,1005.8,10.4,259,0.0,16,5,4,45.1,94.2,66.0,30.0,30.9,50.9,67.35000000000001,57.275,41.65833333333333
2026-04-25 17:00:00,33.9,31.2,46,1005.7,9.9,275,0.0,17,5,4,53.1,56.5,67.5,32.6,50.8,18.6,65.2,59.199999999999996,42.583333333333336
2026-04-25 18:00:00,51.0,31.4,43,1005.5,8.5,269,0.0,18,5,4,33.9,45.1,74.8,51.8,24.4,21.2,59.6,59.30833333333333,41.87916666666666
2026-04-25 19:00:00,36.3,30.6,53,1005.0,8.3,271,0.0,19,5,4,51.0,53.1,94.2,56.4,15.9,49.2,55.63333333333333,59.24166666666667,42.987500000000004
2026-04-25 20:00:00,44.4,29.9,62,1004.3,6.3,283,0.0,20,5,4,36.3,33.9,56.5,49.9,24.6,32.4,45.98333333333333,57.56666666666667,43.8375
2026-04-25 21:00:00,35.4,29.1,66,1003.9,1.5,14,0.0,21,5,4,44.4,51.0,45.1,62.5,19.8,12.0,43.96666666666667,57.10833333333334,44.6625
2026-04-25 22:00:00,15.3,28.4,65,1004.1,3.2,38,0.0,22,5,4,35.4,36.3,53.1,66.0,12.0,12.0,42.35,54.85,45.3125
2026-04-25 23:00:00,26.8,28.2,61,1004.2,4.5,43,0.0,23,5,4,15.3,44.4,33.9,67.5,24.5,12.0,36.050000000000004,50.625,45.449999999999996
2026-04-26 00:00:00,12.0,27.9,59,1004.4,4.3,48,0.0,0,6,4,26.8,35.4,51.0,74.8,12.0,12.0,34.86666666666667,47.23333333333334,45.54583333333333
2026-04-26 01:00:00,18.3,28.2,55,1005.0,6.3,18,0.0,1,6,4,12.0,15.3,36.3,94.2,23.0,26.0,28.366666666666664,42.0,45.54583333333333
2026-04-26 02:00:00,17.3,30.2,47,1006.0,6.2,8,0.0,2,6,4,18.3,26.8,44.4,56.5,38.8,31.0,25.366666666666664,35.675000000000004,45.349999999999994
2026-04-26 03:00:00,24.8,32.9,37,1006.8,6.5,6,0.0,3,6,4,17.3,12.0,35.4,45.1,35.8,17.3,20.849999999999998,32.40833333333333,44.45416666666666
2026-04-26 04:00:00,53.0,35.5,31,1006.9,4.4,7,0.0,4,6,4,24.8,18.3,15.3,53.1,30.0,12.3,19.083333333333332,30.716666666666665,43.99583333333334
2026-04-26 05:00:00,41.8,38.4,27,1006.5,4.6,347,0.0,5,6,4,53.0,17.3,26.8,33.9,32.6,49.5,25.366666666666664,30.708333333333332,44.95416666666667
2026-04-26 06:00:00,59.3,39.6,25,1005.9,5.2,311,0.0,6,6,4,41.8,24.8,12.0,51.0,51.8,50.3,27.866666666666664,31.366666666666664,45.337500000000006
2026-04-26 07:00:00,54.6,41.4,24,1005.1,7.7,300,0.0,7,6,4,59.3,53.0,18.3,36.3,56.4,41.2,35.75,32.05833333333333,45.65
2026-04-26 08:00:00,39.2,42.4,21,1004.1,9.8,298,0.0,8,6,4,54.6,41.8,17.3,44.4,49.9,53.6,41.8,33.583333333333336,45.574999999999996
2026-04-26 09:00:00,80.4,42.6,17,1003.1,11.7,297,0.0,9,6,4,39.2,59.3,24.8,35.4,62.5,56.4,45.449999999999996,33.15,45.12916666666666
2026-04-26 10:00:00,52.7,42.0,16,1002.4,13.4,296,0.0,10,6,4,80.4,54.6,53.0,15.3,66.0,65.1,54.71666666666667,36.9,45.875
2026-04-26 11:00:00,69.5,41.6,15,1001.8,11.4,296,0.0,11,6,4,52.7,39.2,41.8,26.8,67.5,82.8,54.666666666666664,40.016666666666666,45.32083333333333
2026-04-26 12:00:00,70.2,41.6,12,1001.6,5.6,277,0.0,12,6,4,69.5,80.4,59.3,12.0,74.8,66.4,59.28333333333333,43.574999999999996,45.40416666666667
2026-04-26 13:00:00,89.3,38.8,21,1001.6,7.5,250,0.0,13,6,4,70.2,52.7,54.6,18.3,94.2,58.3,61.1,48.425000000000004,45.2125
2026-04-26 14:00:00,65.3,32.2,55,1002.8,13.9,253,0.0,14,6,4,89.3,69.5,39.2,17.3,56.5,65.6,66.88333333333334,54.34166666666667,45.00833333333333
2026-04-26 15:00:00,45.2,30.7,66,1003.6,12.9,235,0.0,15,6,4,65.3,70.2,80.4,24.8,45.1,62.8,71.23333333333333,58.34166666666666,45.375
2026-04-26 16:00:00,43.1,30.5,60,1004.0,11.9,238,0.0,16,6,4,45.2,89.3,52.7,53.0,53.1,30.9,65.36666666666666,60.041666666666664,45.37916666666667
2026-04-26 17:00:00,24.6,30.6,56,1004.3,11.1,243,0.0,17,6,4,43.1,65.3,69.5,41.8,33.9,50.8,63.76666666666667,59.21666666666667,44.9625
2026-04-26 18:00:00,34.4,30.7,54,1004.4,10.8,240,0.0,18,6,4,24.6,45.2,70.2,59.3,51.0,24.4,56.28333333333334,57.78333333333333,44.574999999999996
2026-04-26 19:00:00,12.0,30.3,61,1003.8,9.8,232,0.0,19,6,4,34.4,43.1,89.3,54.6,36.3,15.9,50.31666666666666,55.708333333333336,43.88333333333333
2026-04-26 20:00:00,21.1,29.7,69,1003.3,8.6,210,0.0,20,6,4,12.0,24.6,65.3,39.2,44.4,24.6,37.43333333333334,52.15833333333333,42.87083333333333
2026-04-26 21:00:00,30.6,28.9,76,1003.2,9.0,195,0.0,21,6,4,21.1,34.4,45.2,80.4,35.4,19.8,30.066666666666666,50.650000000000006,41.9
2026-04-26 22:00:00,34.1,28.4,83,1002.9,8.0,194,0.0,22,6,4,30.6,12.0,43.1,52.7,15.3,12.0,27.63333333333333,46.50000000000001,41.7
2026-04-26 23:00:00,12.0,27.8,87,1002.9,6.9,185,0.0,23,6,4,34.1,21.1,24.6,69.5,26.8,24.5,26.133333333333336,44.949999999999996,42.483333333333334
2026-04-27 00:00:00,14.2,27.2,93,1003.0,7.1,165,0.0,0,0,4,12.0,30.6,34.4,70.2,12.0,12.0,24.03333333333333,40.15833333333334,41.86666666666667
2026-04-27 01:00:00,24.6,27.2,95,1003.8,7.4,174,0.0,1,0,4,14.2,34.1,12.0,89.3,18.3,23.0,20.666666666666668,35.49166666666667,41.958333333333336
2026-04-27 02:00:00,34.3,29.3,85,1004.6,6.2,172,0.0,2,0,4,24.6,12.0,21.1,65.3,17.3,38.8,22.766666666666666,30.100000000000005,42.22083333333334
2026-04-27 03:00:00,26.7,32.8,58,1005.2,6.7,207,0.0,3,0,4,34.3,14.2,30.6,45.2,24.8,35.8,24.96666666666667,27.516666666666666,42.92916666666667
2026-04-27 04:00:00,30.8,35.0,46,1005.4,7.3,232,0.0,4,0,4,26.7,24.6,34.1,43.1,53.0,30.0,24.316666666666666,25.974999999999998,43.00833333333333
2026-04-27 05:00:00,50.4,36.4,43,1005.5,8.4,235,0.0,5,0,4,30.8,34.3,12.0,24.6,41.8,32.6,23.766666666666666,24.95,42.083333333333336
2026-04-27 06:00:00,50.1,36.5,46,1004.9,9.5,233,0.0,6,0,4,50.4,26.7,14.2,34.4,59.3,51.8,30.166666666666668,27.099999999999998,42.44166666666667
2026-04-27 07:00:00,60.4,37.5,42,1004.3,11.5,240,0.0,7,0,4,50.1,30.8,24.6,12.0,54.6,56.4,36.15,28.40833333333333,42.05833333333333
2026-04-27 08:00:00,46.6,37.6,41,1003.8,12.9,243,0.0,8,0,4,60.4,50.4,34.3,21.1,39.2,49.9,42.11666666666667,32.44166666666667,42.3
2026-04-27 09:00:00,52.5,37.3,40,1002.8,13.9,247,0.0,9,0,4,46.6,50.1,26.7,30.6,80.4,62.5,44.166666666666664,34.56666666666667,42.608333333333334
2026-04-27 10:00:00,25.2,36.9,38,1002.3,12.3,241,0.0,10,0,4,52.5,60.4,30.8,34.1,52.7,66.0,48.46666666666667,36.391666666666666,41.44583333333333
2026-04-27 11:00:00,61.9,36.5,38,1001.5,12.5,213,0.0,11,0,4,25.2,46.6,50.4,12.0,69.5,67.5,47.53333333333333,35.65,40.300000000000004
2026-04-27 12:00:00,51.6,34.8,44,1001.6,13.9,224,0.0,12,0,4,61.9,52.5,50.1,14.2,70.2,74.8,49.449999999999996,39.80833333333333,39.983333333333334
2026-04-27 13:00:00,49.4,31.8,61,1001.8,14.2,220,0.0,13,0,4,51.6,25.2,60.4,24.6,89.3,94.2,49.699999999999996,42.925000000000004,39.208333333333336
2026-04-27 14:00:00,65.1,30.1,72,1002.4,11.6,212,0.0,14,0,4,49.4,61.9,46.6,34.3,65.3,56.5,47.86666666666667,44.99166666666667,37.545833333333334
2026-04-27 15:00:00,56.8,29.8,71,1003.0,10.9,213,0.0,15,0,4,65.1,51.6,52.5,26.7,45.2,45.1,50.949999999999996,47.55833333333334,37.5375
2026-04-27 16:00:00,45.7,29.6,68,1003.3,11.8,213,0.0,16,0,4,56.8,49.4,25.2,30.8,43.1,53.1,51.666666666666664,50.06666666666666,38.020833333333336
2026-04-27 17:00:00,46.4,29.6,63,1003.4,14.4,213,0.0,17,0,4,45.7,65.1,61.9,50.4,24.6,33.9,55.083333333333336,51.30833333333334,38.12916666666667
2026-04-27 18:00:00,45.7,29.3,69,1003.0,13.2,208,0.0,18,0,4,46.4,56.8,51.6,50.1,34.4,51.0,52.5,50.975,39.0375
2026-04-27 19:00:00,41.2,29.1,72,1002.8,11.3,211,0.0,19,0,4,45.7,45.7,49.4,60.4,12.0,36.3,51.51666666666667,50.60833333333333,39.50833333333333
2026-04-27 20:00:00,25.5,28.7,75,1002.8,10.2,198,0.0,20,0,4,41.2,46.4,65.1,46.6,21.1,44.4,50.150000000000006,49.00833333333333,40.725
2026-04-27 21:00:00,16.2,28.2,78,1002.8,9.5,191,0.0,21,0,4,25.5,45.7,56.8,52.5,30.6,35.4,43.550000000000004,47.25,40.90833333333333
2026-04-27 22:00:00,16.8,27.8,81,1002.8,8.7,187,0.0,22,0,4,16.2,41.2,45.7,25.2,34.1,15.3,36.78333333333333,44.225,40.30833333333333
2026-04-27 23:00:00,25.0,27.4,83,1003.3,8.0,188,0.0,23,0,4,16.8,25.5,46.4,61.9,12.0,26.8,31.96666666666667,43.525000000000006,39.5875
2026-04-28 00:00:00,33.8,27.4,86,1003.6,8.4,203,0.0,0,1,4,25.0,16.2,45.7,51.6,14.2,12.0,28.400000000000002,40.449999999999996,40.12916666666667
2026-04-28 01:00:00,28.6,27.4,88,1004.0,8.0,196,0.0,1,1,4,33.8,16.8,41.2,49.4,24.6,18.3,26.416666666666668,38.96666666666667,40.94583333333333
2026-04-28 02:00:00,24.3,29.2,80,1004.9,7.6,194,0.0,2,1,4,28.6,25.0,25.5,65.1,34.3,17.3,24.316666666666663,37.23333333333333,41.1125
2026-04-28 03:00:00,41.2,31.8,62,1005.2,8.2,203,0.0,3,1,4,24.3,33.8,16.2,56.8,26.7,24.8,24.116666666666664,33.833333333333336,40.69583333333333
2026-04-28 04:00:00,12.0,34.2,48,1005.5,8.7,207,0.0,4,1,4,41.2,28.6,16.8,45.7,30.8,53.0,28.28333333333333,32.53333333333333,41.3
2026-04-28 05:00:00,12.0,35.8,43,1005.5,9.8,220,0.0,5,1,4,12.0,24.3,25.0,46.4,50.4,41.8,27.48333333333333,29.725000000000005,40.516666666666666
2026-04-28 06:00:00,27.8,36.0,44,1005.5,11.3,224,0.0,6,1,4,12.0,41.2,33.8,45.7,50.1,59.3,25.316666666666663,26.85833333333333,38.916666666666664
2026-04-28 07:00:00,38.6,36.7,41,1004.9,12.4,229,0.0,7,1,4,27.8,12.0,28.6,41.2,60.4,54.6,24.316666666666666,25.366666666666664,37.987500000000004
2026-04-28 08:00:00,40.5,37.0,39,1004.0,13.0,229,0.0,8,1,4,38.6,12.0,24.3,25.5,46.6,39.2,25.983333333333334,25.150000000000002,37.07916666666667
2026-04-28 09:00:00,56.4,36.8,39,1003.3,14.1,230,0.0,9,1,4,40.5,27.8,41.2,16.2,52.5,80.4,28.683333333333334,26.400000000000002,36.824999999999996
2026-04-28 10:00:00,46.0,36.6,37,1002.2,14.6,219,0.0,10,1,4,56.4,38.6,12.0,16.8,25.2,52.7,31.21666666666667,29.75,36.987500000000004
2026-04-28 11:00:00,45.6,35.2,43,1001.6,17.6,218,0.0,11,1,4,46.0,40.5,12.0,25.0,61.9,69.5,36.88333333333333,32.18333333333333,37.854166666666664
2026-04-28 12:00:00,51.1,32.7,47,1001.8,15.3,220,0.0,12,1,4,45.6,56.4,27.8,33.8,51.6,70.2,42.483333333333334,33.9,37.175000000000004
2026-04-28 13:00:00,72.1,30.7,68,1001.8,14.0,218,0.0,13,1,4,51.1,46.0,38.6,28.6,49.4,89.3,46.36666666666667,35.34166666666667,37.15416666666666
2026-04-28 14:00:00,45.9,29.5,78,1002.5,13.1,207,0.0,14,1,4,72.1,45.6,40.5,24.3,65.1,65.3,51.949999999999996,38.96666666666666,38.1
2026-04-28 15:00:00,53.9,29.1,77,1003.2,13.8,201,0.0,15,1,4,45.9,51.1,56.4,41.2,56.8,45.2,52.849999999999994,40.766666666666666,37.3
2026-04-28 16:00:00,53.9,28.8,80,1003.8,14.1,199,0.0,16,1,4,53.9,72.1,46.0,12.0,45.7,43.1,52.43333333333334,41.825,37.17916666666667
2026-04-28 17:00:00,67.3,28.7,80,1004.2,15.2,202,0.0,17,1,4,53.9,45.9,45.6,12.0,46.4,24.6,53.75,45.31666666666666,37.520833333333336
2026-04-28 18:00:00,34.6,28.6,84,1004.4,14.6,206,0.0,18,1,4,67.3,53.9,51.1,27.8,45.7,34.4,57.36666666666667,49.92499999999999,38.391666666666666
2026-04-28 19:00:00,33.0,28.3,87,1003.7,14.2,209,0.0,19,1,4,34.6,53.9,72.1,38.6,41.2,12.0,54.61666666666667,50.49166666666667,37.92916666666667
2026-04-28 20:00:00,34.6,27.9,88,1003.3,13.4,209,0.0,20,1,4,33.0,67.3,45.9,40.5,25.5,21.1,48.1,50.025,37.5875
2026-04-28 21:00:00,12.0,27.6,90,1003.5,12.0,212,0.0,21,1,4,34.6,34.6,53.9,56.4,16.2,30.6,46.21666666666667,49.53333333333333,37.96666666666667
2026-04-28 22:00:00,12.0,27.2,92,1003.3,11.1,207,0.0,22,1,4,12.0,33.0,53.9,46.0,16.8,34.1,39.23333333333334,45.833333333333336,37.791666666666664
2026-04-28 23:00:00,12.0,26.8,94,1003.3,10.6,204,0.0,23,1,4,12.0,34.6,67.3,45.6,25.0,12.0,32.25,43.0,37.59166666666667
2026-04-29 00:00:00,12.0,27.0,94,1003.3,11.2,196,0.0,0,2,4,12.0,12.0,34.6,51.1,33.8,14.2,23.03333333333333,40.199999999999996,37.050000000000004
2026-04-29 01:00:00,12.0,27.4,91,1004.0,10.9,199,0.0,1,2,4,12.0,12.0,33.0,72.1,28.6,24.6,19.26666666666667,36.94166666666666,36.14166666666667
2026-04-29 02:00:00,12.0,29.2,80,1004.6,11.7,207,0.0,2,2,4,12.0,12.0,34.6,45.9,24.3,34.3,15.766666666666666,31.933333333333334,35.45
2026-04-29 03:00:00,42.5,31.1,68,1005.4,11.7,216,0.0,3,2,4,12.0,12.0,12.0,53.9,41.2,26.7,12.0,29.108333333333334,34.9375
2026-04-29 04:00:00,41.3,32.8,60,1005.9,11.9,222,0.0,4,2,4,42.5,12.0,12.0,53.9,12.0,30.8,17.083333333333332,28.15833333333333,34.99166666666667
2026-04-29 05:00:00,25.6,34.3,51,1006.1,13.0,228,0.0,5,2,4,41.3,12.0,12.0,67.3,12.0,50.4,21.96666666666667,27.108333333333334,36.2125
2026-04-29 06:00:00,19.9,34.6,48,1005.8,13.8,229,0.0,6,2,4,25.6,42.5,12.0,34.6,27.8,50.1,24.233333333333334,23.633333333333336,36.77916666666667
2026-04-29 07:00:00,36.9,35.8,43,1005.0,14.1,227,0.0,7,2,4,19.9,41.3,12.0,33.0,38.6,60.4,25.55,22.40833333333333,36.449999999999996
2026-04-29 08:00:00,32.1,36.2,40,1004.5,15.8,223,0.0,8,2,4,36.9,25.6,12.0,34.6,40.5,46.6,29.7,22.733333333333334,36.37916666666667
2026-04-29 09:00:00,27.1,35.4,42,1003.6,17.6,225,0.0,9,2,4,32.1,19.9,42.5,12.0,56.4,52.5,33.050000000000004,22.524999999999995,36.02916666666666
2026-04-29 10:00:00,22.7,34.7,47,1002.9,18.1,217,0.0,10,2,4,27.1,36.9,41.3,12.0,46.0,25.2,30.483333333333334,23.78333333333333,34.80833333333333
2026-04-29 11:00:00,28.8,33.5,47,1002.5,19.0,213,0.0,11,2,4,22.7,32.1,25.6,12.0,45.6,61.9,27.383333333333336,24.674999999999997,33.8375
2026-04-29 12:00:00,24.3,32.2,64,1002.3,18.8,217,0.0,12,2,4,28.8,27.1,19.9,12.0,51.1,51.6,27.916666666666668,26.075,33.1375
2026-04-29 13:00:00,47.5,30.3,72,1002.6,18.1,211,0.0,13,2,4,24.3,22.7,36.9,12.0,72.1,49.4,28.650000000000002,27.099999999999998,32.020833333333336
2026-04-29 14:00:00,29.2,29.1,82,1002.8,18.1,207,0.0,14,2,4,47.5,28.8,32.1,12.0,45.9,65.1,30.416666666666668,30.058333333333334,30.995833333333334
2026-04-29 15:00:00,30.0,28.9,83,1003.5,17.7,208,0.0,15,2,4,29.2,24.3,27.1,42.5,53.9,56.8,29.933333333333334,31.491666666666664,30.3
2026-04-29 16:00:00,55.4,28.7,84,1004.0,16.0,207,0.0,16,2,4,30.0,47.5,22.7,41.3,53.9,45.7,30.416666666666668,30.45,29.30416666666667
2026-04-29 17:00:00,49.5,28.4,86,1004.3,14.7,205,0.0,17,2,4,55.4,29.2,28.8,25.6,67.3,46.4,35.86666666666667,31.625,29.366666666666664
2026-04-29 18:00:00,19.7,28.1,88,1004.3,14.0,206,0.0,18,2,4,49.5,30.0,24.3,19.9,34.6,45.7,39.31666666666666,33.61666666666667,28.625
2026-04-29 19:00:00,13.8,28.1,88,1004.3,12.9,216,0.0,19,2,4,19.7,55.4,47.5,36.9,33.0,41.2,38.550000000000004,33.6,28.004166666666666
2026-04-29 20:00:00,12.0,28.1,87,1004.0,12.8,219,0.0,20,2,4,13.8,49.5,29.2,32.1,34.6,25.5,32.93333333333334,31.675,27.204166666666666
2026-04-29 21:00:00,12.0,28.1,86,1003.9,12.1,218,0.0,21,2,4,12.0,19.7,30.0,27.1,12.0,16.2,30.066666666666663,30.0,26.2625
2026-04-29 22:00:00,12.0,27.9,85,1003.6,11.8,211,0.0,22,2,4,12.0,13.8,55.4,22.7,12.0,16.8,27.066666666666663,28.741666666666664,26.2625
2026-04-29 23:00:00,12.0,27.7,84,1003.8,12.2,208,0.0,23,2,4,12.0,12.0,49.5,28.8,12.0,25.0,19.833333333333332,27.850000000000005,26.2625
2026-04-30 00:00:00,12.0,27.7,84,1003.9,11.5,209,0.0,0,3,4,12.0,12.0,19.7,24.3,12.0,33.8,13.583333333333334,26.45,26.2625
2026-04-30 01:00:00,25.0,28.1,81,1004.6,12.7,210,0.0,1,3,4,12.0,12.0,13.8,47.5,12.0,28.6,12.299999999999999,25.425,26.2625
2026-04-30 02:00:00,12.0,29.5,72,1005.2,15.4,210,0.0,2,3,4,25.0,12.0,12.0,29.2,12.0,24.3,14.166666666666666,23.55,26.804166666666664
2026-04-30 03:00:00,12.0,31.0,65,1005.9,16.5,212,0.0,3,3,4,12.0,12.0,12.0,30.0,42.5,41.2,14.166666666666666,22.116666666666664,26.804166666666664
2026-04-30 04:00:00,12.0,32.4,59,1006.5,16.9,213,0.0,4,3,4,12.0,25.0,12.0,55.4,41.3,12.0,14.166666666666666,20.616666666666667,25.53333333333333
2026-04-30 05:00:00,12.0,33.4,56,1006.8,17.2,217,0.0,5,3,4,12.0,12.0,12.0,49.5,25.6,12.0,14.166666666666666,17.0,24.3125
2026-04-30 06:00:00,12.0,33.4,55,1006.8,18.9,221,0.0,6,3,4,12.0,12.0,12.0,19.7,19.9,27.8,14.166666666666666,13.875,23.745833333333334
2026-04-30 07:00:00,12.0,34.1,53,1006.4,19.5,223,0.0,7,3,4,12.0,12.0,25.0,13.8,36.9,38.6,14.166666666666666,13.233333333333334,23.416666666666668
2026-04-30 08:00:00,27.6,34.3,51,1005.7,19.9,226,0.0,8,3,4,12.0,12.0,12.0,12.0,32.1,40.5,12.0,13.083333333333334,22.379166666666666
2026-04-30 09:00:00,43.4,33.9,53,1004.8,20.1,232,0.0,9,3,4,27.6,12.0,12.0,12.0,27.1,56.4,14.6,14.383333333333333,22.191666666666666
2026-04-30 10:00:00,35.2,33.6,52,1004.0,19.6,231,0.0,10,3,4,43.4,12.0,12.0,12.0,22.7,46.0,19.833333333333332,17.0,22.870833333333334
2026-04-30 11:00:00,40.5,32.8,58,1003.5,18.5,221,0.0,11,3,4,35.2,27.6,12.0,12.0,28.8,45.6,23.7,18.933333333333334,23.39166666666667
2026-04-30 12:00:00,46.4,31.5,62,1003.5,18.1,223,0.0,12,3,4,40.5,43.4,12.0,12.0,24.3,51.1,28.45,21.308333333333334,23.879166666666666
2026-04-30 13:00:00,43.7,30.2,75,1003.6,17.0,214,0.0,13,3,4,46.4,35.2,12.0,25.0,47.5,72.1,34.18333333333333,24.175,24.8
2026-04-30 14:00:00,48.7,29.2,80,1004.1,15.7,208,0.0,14,3,4,43.7,40.5,27.6,12.0,29.2,45.9,39.46666666666667,25.733333333333334,24.641666666666666
2026-04-30 15:00:00,21.4,29.0,83,1004.6,16.7,208,0.0,15,3,4,48.7,46.4,43.4,12.0,30.0,53.9,42.98333333333334,28.791666666666668,25.454166666666666
2026-04-30 16:00:00,51.5,28.9,84,1005.2,16.8,209,0.0,16,3,4,21.4,43.7,35.2,12.0,55.4,53.9,39.31666666666667,29.575,25.09583333333333
2026-04-30 17:00:00,29.2,28.7,85,1005.4,15.7,210,0.0,17,3,4,51.5,48.7,40.5,12.0,49.5,67.3,42.03333333333333,32.86666666666667,24.933333333333334
2026-04-30 18:00:00,20.6,28.4,87,1005.1,14.8,210,0.0,18,3,4,29.2,21.4,46.4,12.0,19.7,34.6,40.15,34.300000000000004,24.087500000000002
2026-04-30 19:00:00,12.0,28.1,88,1005.0,13.9,211,0.0,19,3,4,20.6,51.5,43.7,12.0,13.8,33.0,35.85,35.016666666666666,24.125
2026-04-30 20:00:00,22.1,27.9,89,1004.8,13.5,214,0.0,20,3,4,12.0,29.2,48.7,27.6,12.0,34.6,30.566666666666666,35.016666666666666,24.05
2026-04-30 21:00:00,12.0,27.8,88,1004.6,13.5,218,0.0,21,3,4,22.1,20.6,21.4,43.4,12.0,12.0,26.133333333333336,34.55833333333333,24.47083333333333
2026-04-30 22:00:00,12.0,27.8,87,1004.3,13.3,218,0.0,22,3,4,12.0,12.0,51.5,35.2,12.0,12.0,24.566666666666666,31.941666666666666,24.47083333333333
2026-04-30 23:00:00,12.0,27.8,87,1004.2,13.3,220,0.0,23,3,4,12.0,22.1,29.2,40.5,12.0,12.0,17.983333333333334,30.008333333333336,24.47083333333333
2026-05-01 00:00:00,12.0,27.9,86,1004.2,13.1,216,0.0,0,4,5,12.0,12.0,20.6,46.4,12.0,12.0,15.116666666666667,27.633333333333336,24.47083333333333
2026-05-01 01:00:00,12.0,28.3,83,1004.9,13.0,219,0.0,1,4,5,12.0,12.0,12.0,43.7,25.0,12.0,13.683333333333335,24.766666666666666,24.47083333333333
2026-05-01 02:00:00,12.0,29.6,74,1005.7,15.9,224,0.0,2,4,5,12.0,12.0,22.1,48.7,12.0,12.0,13.683333333333335,22.125,23.929166666666664
2026-05-01 03:00:00,12.0,31.1,66,1006.2,17.6,227,0.0,3,4,5,12.0,12.0,12.0,21.4,12.0,42.5,12.0,19.066666666666666,23.929166666666664
2026-05-01 04:00:00,12.0,32.1,61,1006.9,18.5,229,0.0,4,4,5,12.0,12.0,12.0,51.5,12.0,41.3,12.0,18.283333333333335,23.929166666666664
2026-05-01 05:00:00,12.0,33.0,58,1007.0,19.9,230,0.0,5,4,5,12.0,12.0,12.0,29.2,12.0,25.6,12.0,14.991666666666667,23.929166666666664
2026-05-01 06:00:00,12.0,33.7,56,1006.6,19.0,228,0.0,6,4,5,12.0,12.0,12.0,20.6,12.0,19.9,12.0,13.558333333333335,23.929166666666664
2026-05-01 07:00:00,12.0,34.5,53,1006.2,19.1,225,0.0,7,4,5,12.0,12.0,12.0,12.0,12.0,36.9,12.0,12.841666666666667,23.929166666666664
2026-05-01 08:00:00,32.6,34.6,54,1005.5,20.0,224,0.0,8,4,5,12.0,12.0,12.0,22.1,27.6,32.1,12.0,12.841666666666667,23.929166666666664
2026-05-01 09:00:00,38.4,34.3,55,1004.1,20.3,213,0.0,9,4,5,32.6,12.0,12.0,12.0,43.4,27.1,15.433333333333332,13.716666666666667,24.1375
2026-05-01 10:00:00,21.9,33.7,59,1003.3,21.3,216,0.0,10,4,5,38.4,12.0,12.0,12.0,35.2,22.7,19.833333333333332,15.916666666666666,23.929166666666664
2026-05-01 11:00:00,28.7,32.4,61,1002.5,23.3,207,0.0,11,4,5,21.9,32.6,12.0,12.0,40.5,28.8,21.48333333333333,16.741666666666664,23.375
2026-05-01 12:00:00,19.5,31.0,65,1002.9,23.3,216,0.0,12,4,5,28.7,38.4,12.0,12.0,46.4,24.3,24.266666666666666,18.133333333333333,22.88333333333333
2026-05-01 13:00:00,30.4,30.0,74,1002.9,22.1,209,0.0,13,4,5,19.5,21.9,12.0,12.0,43.7,47.5,25.516666666666666,18.758333333333333,21.7625
2026-05-01 14:00:00,27.0,29.2,80,1003.4,22.5,204,0.0,14,4,5,30.4,28.7,32.6,12.0,48.7,29.2,28.583333333333332,20.291666666666668,21.208333333333332
2026-05-01 15:00:00,17.3,29.3,79,1003.8,23.5,207,0.0,15,4,5,27.0,19.5,38.4,12.0,21.4,30.0,27.650000000000002,21.541666666666668,20.304166666666667
2026-05-01 16:00:00,14.5,29.2,79,1004.3,23.0,213,0.0,16,4,5,17.3,30.4,21.9,12.0,51.5,55.4,24.13333333333333,21.983333333333334,20.133333333333333
2026-05-01 17:00:00,20.6,29.2,79,1004.7,20.9,218,0.0,17,4,5,14.5,27.0,28.7,12.0,29.2,49.5,22.900000000000002,22.191666666666666,18.59166666666667
2026-05-01 18:00:00,12.0,29.2,81,1005.0,19.6,218,0.0,18,4,5,20.6,17.3,19.5,12.0,20.6,19.7,21.55,22.90833333333333,18.23333333333333
2026-05-01 19:00:00,19.7,29.0,82,1004.6,17.7,218,0.0,19,4,5,12.0,14.5,30.4,12.0,12.0,13.8,20.3,22.90833333333333,17.875
2026-05-01 20:00:00,12.0,28.9,82,1004.2,15.8,218,0.0,20,4,5,19.7,20.6,27.0,32.6,22.1,12.0,18.51666666666667,23.549999999999997,18.195833333333333
2026-05-01 21:00:00,12.0,28.7,82,1003.7,14.9,215,0.0,21,4,5,12.0,12.0,17.3,38.4,12.0,12.0,16.01666666666667,21.833333333333332,17.775
2026-05-01 22:00:00,24.0,28.4,84,1003.4,13.3,212,0.0,22,4,5,12.0,19.7,14.5,21.9,12.0,12.0,15.133333333333335,19.633333333333333,17.775
2026-05-01 23:00:00,12.0,28.2,85,1003.3,13.2,210,0.0,23,4,5,24.0,12.0,20.6,28.7,12.0,12.0,16.71666666666667,19.808333333333334,18.275
2026-05-02 00:00:00,12.0,28.1,84,1003.2,13.4,208,0.0,0,5,5,12.0,12.0,12.0,19.5,12.0,12.0,15.283333333333333,18.416666666666668,18.275
2026-05-02 01:00:00,12.0,28.5,82,1003.6,12.7,210,0.0,1,5,5,12.0,24.0,19.7,30.4,12.0,25.0,15.283333333333333,17.791666666666668,18.275
2026-05-02 02:00:00,12.0,29.7,76,1004.5,14.9,215,0.0,2,5,5,12.0,12.0,12.0,27.0,12.0,12.0,14.0,16.258333333333333,18.275
2026-05-02 03:00:00,12.0,31.2,68,1005.2,15.3,220,0.0,3,5,5,12.0,12.0,12.0,17.3,12.0,12.0,14.0,15.008333333333333,18.275
2026-05-02 04:00:00,22.4,32.5,62,1005.7,16.0,225,0.0,4,5,5,12.0,12.0,24.0,14.5,12.0,12.0,14.0,14.566666666666668,18.275
2026-05-02 05:00:00,13.7,33.6,57,1005.7,17.2,225,0.0,5,5,5,22.4,12.0,12.0,20.6,12.0,12.0,13.733333333333333,15.225000000000001,18.708333333333332
2026-05-02 06:00:00,12.0,34.0,55,1005.5,17.9,219,0.0,6,5,5,13.7,12.0,12.0,12.0,12.0,12.0,14.016666666666666,14.65,18.779166666666665
2026-05-02 07:00:00,13.3,34.5,54,1005.0,19.1,219,0.0,7,5,5,12.0,22.4,12.0,19.7,12.0,12.0,14.016666666666666,14.65,18.779166666666665
2026-05-02 08:00:00,12.0,34.6,54,1004.3,19.6,223,0.0,8,5,5,13.3,13.7,12.0,12.0,32.6,27.6,14.233333333333333,14.116666666666667,18.833333333333332
2026-05-02 09:00:00,35.6,34.3,54,1003.4,20.5,223,0.0,9,5,5,12.0,12.0,12.0,12.0,38.4,43.4,14.233333333333333,14.116666666666667,17.974999999999998
2026-05-02 10:00:00,12.0,33.8,56,1002.2,19.8,219,0.0,10,5,5,35.6,13.3,22.4,24.0,21.9,35.2,18.166666666666668,16.083333333333332,17.858333333333334
2026-05-02 11:00:00,43.1,32.7,60,1001.7,21.8,212,0.0,11,5,5,12.0,12.0,13.7,12.0,28.7,40.5,16.433333333333334,15.083333333333334,17.445833333333336
2026-05-02 12:00:00,31.6,31.0,68,1001.4,23.0,215,0.0,12,5,5,43.1,35.6,12.0,12.0,19.5,46.4,21.333333333333332,17.675,18.045833333333334
2026-05-02 13:00:00,12.0,29.9,75,1001.3,21.8,205,0.0,13,5,5,31.6,12.0,13.3,12.0,30.4,43.7,24.600000000000005,19.308333333333334,18.55
2026-05-02 14:00:00,32.1,29.2,81,1001.9,19.4,202,0.0,14,5,5,12.0,43.1,12.0,12.0,27.0,48.7,24.383333333333336,19.308333333333334,17.783333333333335
2026-05-02 15:00:00,23.3,29.1,82,1002.4,19.8,202,0.0,15,5,5,32.1,31.6,35.6,12.0,17.3,21.4,27.733333333333334,20.983333333333334,17.995833333333334
2026-05-02 16:00:00,28.2,28.9,84,1002.9,19.6,200,0.0,16,5,5,23.3,12.0,12.0,22.4,14.5,51.5,25.683333333333334,21.925,18.245833333333334
2026-05-02 17:00:00,12.0,28.8,85,1003.5,19.0,203,0.0,17,5,5,28.2,32.1,43.1,13.7,20.6,29.2,28.383333333333336,22.40833333333333,18.816666666666666
2026-05-02 18:00:00,20.6,28.9,85,1003.2,18.2,212,0.0,18,5,5,12.0,23.3,31.6,12.0,12.0,20.6,23.200000000000003,22.266666666666666,18.458333333333332
2026-05-02 19:00:00,12.0,28.8,86,1003.3,16.2,217,0.0,19,5,5,20.6,28.2,12.0,13.3,19.7,12.0,21.366666666666664,22.983333333333334,18.816666666666666
2026-05-02 20:00:00,12.0,28.6,85,1003.3,15.6,214,0.0,20,5,5,12.0,12.0,32.1,12.0,12.0,22.1,21.366666666666664,22.875,18.495833333333334
2026-05-02 21:00:00,12.0,28.5,84,1003.1,15.4,212,0.0,21,5,5,12.0,20.6,23.3,35.6,12.0,12.0,18.01666666666667,22.875,18.495833333333334
2026-05-02 22:00:00,12.0,28.3,85,1003.0,14.5,210,0.0,22,5,5,12.0,12.0,28.2,12.0,24.0,12.0,16.133333333333333,20.908333333333335,18.495833333333334
2026-05-02 23:00:00,12.0,28.2,85,1003.2,13.4,207,0.0,23,5,5,12.0,12.0,12.0,43.1,12.0,12.0,13.433333333333332,20.908333333333335,17.995833333333334
2026-05-03 00:00:00,12.0,28.5,82,1003.3,13.1,209,0.0,0,6,5,12.0,12.0,20.6,31.6,12.0,12.0,13.433333333333332,18.316666666666666,17.995833333333334
2026-05-03 01:00:00,12.0,28.8,81,1003.7,13.0,207,0.0,1,6,5,12.0,12.0,12.0,12.0,12.0,12.0,12.0,16.683333333333334,17.995833333333334
2026-05-03 02:00:00,12.0,30.0,75,1004.3,15.9,212,0.0,2,6,5,12.0,12.0,12.0,32.1,12.0,12.0,12.0,16.683333333333334,17.995833333333334
2026-05-03 03:00:00,12.0,31.4,65,1004.9,17.9,216,0.0,3,6,5,12.0,12.0,12.0,23.3,12.0,12.0,12.0,15.008333333333333,17.995833333333334
2026-05-03 04:00:00,12.0,32.5,58,1005.6,18.9,220,0.0,4,6,5,12.0,12.0,12.0,28.2,22.4,12.0,12.0,14.066666666666668,17.995833333333334
2026-05-03 05:00:00,12.0,33.4,55,1005.7,19.8,219,0.0,5,6,5,12.0,12.0,12.0,12.0,13.7,12.0,12.0,12.716666666666667,17.5625
2026-05-03 06:00:00,12.0,33.7,53,1005.2,20.7,218,0.0,6,6,5,12.0,12.0,12.0,20.6,12.0,12.0,12.0,12.716666666666667,17.491666666666667
2026-05-03 07:00:00,12.0,34.5,51,1004.6,21.1,217,0.0,7,6,5,12.0,12.0,12.0,12.0,13.3,12.0,12.0,12.0,17.491666666666667
2026-05-03 08:00:00,15.4,34.3,53,1004.1,22.2,220,0.0,8,6,5,12.0,12.0,12.0,12.0,12.0,32.6,12.0,12.0,17.4375
2026-05-03 09:00:00,12.0,34.1,53,1003.3,22.3,221,0.0,9,6,5,15.4,12.0,12.0,12.0,35.6,38.4,12.566666666666668,12.283333333333333,17.579166666666666
2026-05-03 10:00:00,40.5,33.6,55,1002.4,22.0,213,0.0,10,6,5,12.0,12.0,12.0,12.0,12.0,21.9,12.566666666666668,12.283333333333333,16.59583333333333
2026-05-03 11:00:00,28.0,32.5,56,1001.7,23.2,207,0.0,11,6,5,40.5,15.4,12.0,12.0,43.1,28.7,17.316666666666666,14.658333333333333,17.78333333333333
2026-05-03 12:00:00,38.4,31.2,64,1001.7,21.7,209,0.0,12,6,5,28.0,12.0,12.0,12.0,31.6,19.5,19.983333333333334,15.991666666666667,17.154166666666665
2026-05-03 13:00:00,30.6,30.0,72,1001.8,21.4,206,0.0,13,6,5,38.4,40.5,12.0,12.0,12.0,30.4,24.383333333333336,18.191666666666666,17.4375
2026-05-03 14:00:00,28.2,29.3,79,1002.0,20.4,205,0.0,14,6,5,30.6,28.0,15.4,12.0,32.1,27.0,27.483333333333334,19.741666666666667,18.2125
2026-05-03 15:00:00,42.8,29.2,80,1002.5,20.2,207,0.0,15,6,5,28.2,38.4,12.0,12.0,23.3,17.3,29.616666666666664,21.091666666666665,18.05
2026-05-03 16:00:00,25.2,29.0,81,1003.1,20.2,209,0.0,16,6,5,42.8,30.6,40.5,12.0,28.2,14.5,34.75,23.65833333333333,18.8625
2026-05-03 17:00:00,12.0,29.0,81,1004.0,19.0,213,0.0,17,6,5,25.2,28.2,28.0,12.0,12.0,20.6,32.199999999999996,24.75833333333333,18.7375
2026-05-03 18:00:00,12.0,28.8,80,1004.0,18.2,216,0.0,18,6,5,12.0,42.8,38.4,12.0,20.6,12.0,29.53333333333333,24.75833333333333,18.7375
2026-05-03 19:00:00,12.0,28.8,78,1003.6,17.6,216,0.0,19,6,5,12.0,25.2,30.6,12.0,12.0,19.7,25.133333333333336,24.75833333333333,18.379166666666666
2026-05-03 20:00:00,12.0,28.7,77,1003.1,16.6,217,0.0,20,6,5,12.0,12.0,28.2,15.4,12.0,12.0,22.03333333333333,24.75833333333333,18.379166666666666
2026-05-03 21:00:00,12.0,28.6,76,1002.8,15.6,213,0.0,21,6,5,12.0,12.0,42.8,12.0,12.0,12.0,19.333333333333332,24.474999999999998,18.379166666666666
2026-05-03 22:00:00,12.0,28.5,76,1002.7,15.1,213,0.0,22,6,5,12.0,12.0,25.2,40.5,12.0,24.0,14.200000000000001,24.474999999999998,18.379166666666666
2026-05-03 23:00:00,13.1,28.4,78,1002.9,14.0,213,0.0,23,6,5,12.0,12.0,12.0,28.0,12.0,12.0,12.0,22.099999999999998,18.379166666666666
2026-05-04 00:00:00,12.0,28.4,79,1002.7,14.9,208,0.0,0,0,5,13.1,12.0,12.0,38.4,12.0,12.0,12.183333333333332,20.85833333333333,18.425
2026-05-04 01:00:00,12.0,28.7,77,1003.2,15.8,215,0.0,1,0,5,12.0,12.0,12.0,30.6,12.0,12.0,12.183333333333332,18.65833333333333,18.425
2026-05-04 02:00:00,12.0,29.7,72,1004.1,17.3,222,0.0,2,0,5,12.0,13.1,12.0,28.2,12.0,12.0,12.183333333333332,17.10833333333333,18.425
2026-05-04 03:00:00,12.0,31.1,64,1004.8,18.9,228,0.0,3,0,5,12.0,12.0,12.0,42.8,12.0,12.0,12.183333333333332,15.758333333333333,18.425
2026-05-04 04:00:00,12.0,32.2,59,1005.2,19.0,232,0.0,4,0,5,12.0,12.0,12.0,25.2,12.0,22.4,12.183333333333332,13.191666666666668,18.425
2026-05-04 05:00:00,12.0,33.2,54,1005.6,19.4,234,0.0,5,0,5,12.0,12.0,13.1,12.0,12.0,13.7,12.183333333333332,12.091666666666667,18.425
2026-05-04 06:00:00,12.0,33.6,52,1005.4,19.9,233,0.0,6,0,5,12.0,12.0,12.0,12.0,12.0,12.0,12.0,12.091666666666667,18.425
2026-05-04 07:00:00,31.1,34.1,50,1005.0,20.0,232,0.0,7,0,5,12.0,12.0,12.0,12.0,12.0,13.3,12.0,12.091666666666667,18.425
2026-05-04 08:00:00,20.5,34.3,51,1004.5,19.3,230,0.0,8,0,5,31.1,12.0,12.0,12.0,15.4,12.0,15.183333333333332,13.683333333333332,19.220833333333335
2026-05-04 09:00:00,25.4,34.1,52,1003.4,19.1,227,0.0,9,0,5,20.5,12.0,12.0,12.0,12.0,35.6,16.599999999999998,14.391666666666666,19.433333333333334
2026-05-04 10:00:00,24.5,33.6,54,1002.6,19.7,221,0.0,10,0,5,25.4,31.1,12.0,12.0,40.5,12.0,18.833333333333332,15.508333333333333,19.991666666666667
2026-05-04 11:00:00,43.9,32.9,58,1001.9,19.4,217,0.0,11,0,5,24.5,20.5,12.0,13.1,28.0,43.1,20.916666666666668,16.55,19.325
2026-05-04 12:00:00,21.5,31.3,64,1001.6,21.1,206,0.0,12,0,5,43.9,25.4,12.0,12.0,38.4,31.6,26.233333333333334,19.116666666666667,19.9875
2026-05-04 13:00:00,50.0,30.1,72,1002.1,20.0,211,0.0,13,0,5,21.5,24.5,31.1,12.0,30.6,12.0,27.816666666666666,19.908333333333335,19.28333333333333
2026-05-04 14:00:00,12.0,29.5,76,1002.6,19.7,205,0.0,14,0,5,50.0,43.9,20.5,12.0,28.2,32.1,30.96666666666667,23.075,20.091666666666665
2026-05-04 15:00:00,35.4,29.4,76,1003.1,19.9,210,0.0,15,0,5,12.0,21.5,25.4,12.0,42.8,23.3,29.55,23.075,19.416666666666664
2026-05-04 16:00:00,12.0,29.3,76,1003.7,19.8,215,0.0,16,0,5,35.4,50.0,24.5,12.0,25.2,28.2,31.21666666666667,25.025000000000002,19.108333333333334
2026-05-04 17:00:00,15.4,29.3,77,1004.5,17.4,212,0.0,17,0,5,12.0,12.0,43.9,12.0,12.0,12.0,29.133333333333336,25.025000000000002,18.558333333333334
2026-05-04 18:00:00,30.4,29.1,77,1004.5,15.4,209,0.0,18,0,5,15.4,35.4,21.5,12.0,12.0,20.6,24.38333333333333,25.308333333333334,18.7
2026-05-04 19:00:00,12.0,29.1,75,1004.4,14.6,210,0.0,19,0,5,30.4,12.0,50.0,31.1,12.0,12.0,25.866666666666664,26.84166666666667,19.46666666666667
2026-05-04 20:00:00,13.0,29.0,75,1004.5,13.9,209,0.0,20,0,5,12.0,15.4,12.0,20.5,12.0,12.0,19.53333333333333,25.25,19.46666666666667
2026-05-04 21:00:00,12.0,28.8,75,1004.6,12.7,210,0.0,21,0,5,13.0,30.4,35.4,25.4,12.0,12.0,19.7,24.625,19.508333333333336
2026-05-04 22:00:00,12.0,28.7,76,1004.8,12.7,211,0.0,22,0,5,12.0,12.0,12.0,24.5,12.0,12.0,15.799999999999999,23.508333333333336,19.508333333333336
2026-05-04 23:00:00,12.0,28.6,76,1004.9,12.8,208,0.0,23,0,5,12.0,13.0,15.4,43.9,13.1,12.0,15.799999999999999,22.46666666666667,19.508333333333336
2026-05-05 00:00:00,12.0,28.5,79,1005.4,11.6,210,0.0,0,1,5,12.0,12.0,30.4,21.5,12.0,12.0,15.233333333333333,19.808333333333334,19.462500000000002
2026-05-05 01:00:00,15.3,28.8,78,1006.0,10.9,213,0.0,1,1,5,12.0,12.0,12.0,50.0,12.0,12.0,12.166666666666666,19.016666666666666,19.462500000000002
2026-05-05 02:00:00,20.1,30.0,71,1007.0,13.8,215,0.0,2,1,5,15.3,12.0,13.0,12.0,12.0,12.0,12.716666666666667,16.125,19.599999999999998
2026-05-05 03:00:00,12.0,31.7,62,1007.4,14.8,221,0.0,3,1,5,20.1,12.0,12.0,35.4,12.0,12.0,13.9,16.8,19.9375
2026-05-05 04:00:00,12.0,32.8,56,1007.6,15.9,225,0.0,4,1,5,12.0,15.3,12.0,12.0,12.0,12.0,13.9,14.85,19.9375
2026-05-05 05:00:00,17.8,33.1,57,1007.7,15.8,230,0.0,5,1,5,12.0,20.1,12.0,15.4,12.0,12.0,13.9,14.85,19.9375
2026-05-05 06:00:00,37.6,33.6,53,1007.7,14.1,227,0.0,6,1,5,17.8,12.0,12.0,30.4,12.0,12.0,14.866666666666667,15.050000000000002,20.179166666666667
2026-05-05 07:00:00,47.3,34.3,49,1007.2,13.6,233,0.0,7,1,5,37.6,12.0,15.3,12.0,31.1,12.0,19.133333333333336,15.65,21.245833333333334
2026-05-05 08:00:00,32.5,34.7,45,1006.4,13.8,241,0.0,8,1,5,47.3,17.8,20.1,13.0,20.5,15.4,24.46666666666667,18.591666666666665,21.920833333333334
2026-05-05 09:00:00,63.5,34.8,44,1005.8,13.1,247,0.0,9,1,5,32.5,37.6,12.0,12.0,25.4,12.0,26.53333333333333,20.216666666666665,22.420833333333334
2026-05-05 10:00:00,30.6,35.0,42,1004.8,11.2,238,0.0,10,1,5,63.5,47.3,12.0,12.0,24.5,40.5,35.11666666666667,24.508333333333336,24.008333333333336
2026-05-05 11:00:00,52.6,34.0,50,1004.4,12.6,227,0.0,11,1,5,30.6,32.5,17.8,12.0,43.9,28.0,38.21666666666667,26.058333333333334,24.2625
2026-05-05 12:00:00,46.9,32.3,55,1004.3,13.2,225,0.0,12,1,5,52.6,63.5,37.6,12.0,21.5,38.4,44.01666666666666,29.441666666666666,24.625
2026-05-05 13:00:00,48.8,30.7,62,1004.5,12.2,218,0.0,13,1,5,46.9,30.6,47.3,15.3,50.0,30.6,45.56666666666666,32.35,25.683333333333334
2026-05-05 14:00:00,38.5,29.1,72,1004.9,11.3,216,0.0,14,1,5,48.8,52.6,32.5,20.1,12.0,28.2,45.81666666666666,35.141666666666666,25.633333333333336
2026-05-05 15:00:00,23.4,28.7,77,1005.6,11.2,220,0.0,15,1,5,38.5,46.9,63.5,12.0,35.4,42.8,46.81666666666666,36.675000000000004,26.7375
2026-05-05 16:00:00,57.6,28.4,79,1006.2,11.1,220,0.0,16,1,5,23.4,48.8,30.6,12.0,12.0,25.2,40.13333333333333,37.625,26.2375
2026-05-05 17:00:00,38.3,28.2,81,1006.6,10.5,209,0.0,17,1,5,57.6,38.5,52.6,17.8,15.4,12.0,44.633333333333326,41.425000000000004,28.137500000000003
2026-05-05 18:00:00,38.2,28.0,85,1006.6,9.3,220,0.0,18,1,5,38.3,23.4,46.9,37.6,30.4,12.0,42.25,43.13333333333333,29.091666666666665
2026-05-05 19:00:00,42.9,28.2,84,1006.5,8.9,228,0.0,19,1,5,38.2,57.6,48.8,47.3,12.0,12.0,40.800000000000004,43.18333333333334,29.416666666666668
2026-05-05 20:00:00,17.1,28.2,84,1006.1,9.1,212,0.0,20,1,5,42.9,38.3,38.5,32.5,13.0,12.0,39.81666666666667,42.81666666666666,30.704166666666666
2026-05-05 21:00:00,30.9,27.8,86,1005.9,7.0,184,0.0,21,1,5,17.1,38.2,23.4,63.5,12.0,12.0,36.25,41.53333333333333,30.875
2026-05-05 22:00:00,12.8,27.4,88,1006.1,6.4,172,0.0,22,1,5,30.9,42.9,57.6,30.6,12.0,12.0,37.5,38.81666666666666,31.662499999999998
2026-05-05 23:00:00,12.0,27.3,88,1006.1,9.3,198,0.0,23,1,5,12.8,17.1,38.3,52.6,12.0,13.1,30.03333333333333,37.333333333333336,31.69583333333333
2026-05-06 00:00:00,12.0,27.6,90,1006.0,8.5,215,0.0,0,2,5,12.0,30.9,38.2,46.9,12.0,12.0,25.649999999999995,33.949999999999996,31.69583333333333
2026-05-06 01:00:00,25.3,28.3,86,1006.6,7.6,207,0.0,1,2,5,12.0,12.8,42.9,48.8,15.3,12.0,21.283333333333335,31.041666666666668,31.69583333333333
2026-05-06 02:00:00,16.5,29.6,78,1007.3,9.0,226,0.0,2,2,5,25.3,12.0,17.1,38.5,20.1,12.0,18.35,29.083333333333332,32.112500000000004
2026-05-06 03:00:00,12.4,31.1,68,1007.5,8.4,228,0.0,3,2,5,16.5,12.0,30.9,23.4,12.0,12.0,18.25,27.25,31.962500000000002
2026-05-06 04:00:00,36.4,32.6,60,1007.4,9.2,225,0.0,4,2,5,12.4,25.3,12.8,57.6,12.0,12.0,15.166666666666666,26.333333333333332,31.979166666666668
2026-05-06 05:00:00,39.0,34.1,55,1007.2,9.7,228,0.0,5,2,5,36.4,16.5,12.0,38.3,17.8,12.0,19.099999999999998,24.566666666666666,32.99583333333333
2026-05-06 06:00:00,40.2,34.3,54,1007.1,9.8,235,0.0,6,2,5,39.0,12.4,12.0,38.2,37.6,12.0,23.599999999999998,24.625,33.87916666666667
2026-05-06 07:00:00,41.7,35.5,49,1006.3,9.7,241,0.0,7,2,5,40.2,36.4,25.3,42.9,47.3,31.1,28.3,24.791666666666668,33.987500000000004
2026-05-06 08:00:00,41.7,36.1,46,1005.5,10.1,250,0.0,8,2,5,41.7,39.0,16.5,17.1,32.5,20.5,31.03333333333333,24.691666666666666,33.75416666666666
2026-05-06 09:00:00,61.8,36.8,41,1004.3,10.7,256,0.0,9,2,5,41.7,40.2,12.4,30.9,63.5,25.4,35.23333333333333,26.74166666666667,34.137499999999996
2026-05-06 10:00:00,54.2,37.0,36,1003.2,12.5,263,0.0,10,2,5,61.8,41.7,36.4,12.8,30.6,24.5,43.46666666666667,29.316666666666666,34.06666666666666
2026-05-06 11:00:00,40.2,35.7,39,1002.8,11.6,258,0.0,11,2,5,54.2,41.7,39.0,12.0,52.6,43.9,46.43333333333334,32.766666666666666,35.050000000000004
2026-05-06 12:00:00,79.2,33.3,52,1002.8,10.8,246,0.0,12,2,5,40.2,61.8,40.2,12.0,46.9,21.5,46.63333333333333,35.11666666666667,34.53333333333334
2026-05-06 13:00:00,102.9,31.7,63,1002.8,9.4,246,0.0,13,2,5,79.2,54.2,41.7,25.3,48.8,50.0,53.13333333333333,40.71666666666667,35.87916666666667
2026-05-06 14:00:00,74.4,30.1,70,1003.1,6.5,247,0.0,14,2,5,102.9,40.2,41.7,16.5,38.5,12.0,63.33333333333334,47.18333333333334,38.13333333333333
2026-05-06 15:00:00,55.1,29.4,74,1003.1,4.3,213,0.0,15,2,5,74.4,79.2,61.8,12.4,23.4,35.4,68.78333333333333,52.00833333333333,39.62916666666667
2026-05-06 16:00:00,65.7,28.9,82,1003.5,7.4,221,0.0,16,2,5,55.1,102.9,54.2,36.4,57.6,12.0,67.66666666666667,55.56666666666667,40.95
2026-05-06 17:00:00,33.1,28.4,88,1003.9,8.1,245,0.0,17,2,5,65.7,74.4,40.2,39.0,38.3,15.4,69.58333333333333,58.00833333333333,41.2875
2026-05-06 18:00:00,50.2,28.6,89,1004.1,9.3,245,0.0,18,2,5,33.1,55.1,79.2,40.2,38.2,30.4,68.4,57.51666666666667,41.07083333333333
2026-05-06 19:00:00,38.6,28.6,87,1003.3,9.2,242,0.0,19,2,5,50.2,65.7,102.9,41.7,42.9,12.0,63.56666666666667,58.35,41.57083333333333
2026-05-06 20:00:00,21.8,28.6,83,1003.1,6.7,236,0.0,20,2,5,38.6,33.1,74.4,41.7,17.1,13.0,52.85,58.09166666666667,41.39166666666667
2026-05-06 21:00:00,19.1,28.1,86,1002.9,4.8,195,0.0,21,2,5,21.8,50.2,55.1,61.8,30.9,12.0,44.083333333333336,56.43333333333334,41.5875
2026-05-06 22:00:00,15.6,27.4,91,1002.8,5.8,146,0.0,22,2,5,19.1,38.6,65.7,54.2,12.8,12.0,38.083333333333336,52.875,41.09583333333334
2026-05-06 23:00:00,12.0,26.8,95,1003.2,6.4,142,0.0,23,2,5,15.6,21.8,33.1,40.2,12.0,12.0,29.733333333333334,49.65833333333333,41.212500000000006
2026-05-07 00:00:00,12.0,26.5,97,1003.3,6.5,132,0.0,0,3,5,12.0,19.1,50.2,79.2,12.0,12.0,26.21666666666667,47.30833333333334,41.212500000000006
2026-05-07 01:00:00,36.9,26.7,97,1004.2,3.1,156,0.0,1,3,5,12.0,15.6,38.6,102.9,25.3,15.3,19.849999999999998,41.708333333333336,41.212500000000006
2026-05-07 02:00:00,23.3,28.6,86,1004.9,3.8,177,0.0,2,3,5,36.9,12.0,21.8,74.4,16.5,20.1,19.566666666666666,36.208333333333336,41.69583333333333
2026-05-07 03:00:00,12.0,31.4,72,1005.5,5.4,194,0.0,3,3,5,23.3,12.0,19.1,55.1,12.4,12.0,19.816666666666666,31.950000000000003,41.979166666666664
2026-05-07 04:00:00,48.6,34.1,57,1005.9,4.4,207,0.0,4,3,5,12.0,36.9,15.6,65.7,36.4,12.0,18.633333333333333,28.358333333333334,41.9625
2026-05-07 05:00:00,42.7,36.7,45,1005.9,3.9,227,0.0,5,3,5,48.6,23.3,12.0,33.1,39.0,17.8,24.133333333333336,26.933333333333337,42.47083333333334
2026-05-07 06:00:00,31.6,37.6,40,1005.7,5.3,232,0.0,6,3,5,42.7,12.0,12.0,50.2,40.2,37.6,29.25,27.733333333333334,42.625
2026-05-07 07:00:00,44.8,38.6,38,1005.1,7.8,244,0.0,7,3,5,31.6,48.6,36.9,38.6,41.7,47.3,32.516666666666666,26.183333333333337,42.266666666666666
2026-05-07 08:00:00,55.4,38.2,40,1004.5,9.9,258,0.1,8,3,5,44.8,42.7,23.3,21.8,41.7,32.5,33.833333333333336,26.7,42.395833333333336
2026-05-07 09:00:00,50.2,38.3,39,1003.5,8.5,252,0.0,9,3,5,55.4,31.6,12.0,19.1,61.8,63.5,39.18333333333334,29.5,42.96666666666667
2026-05-07 10:00:00,48.5,39.0,32,1002.9,8.6,250,0.0,10,3,5,50.2,44.8,48.6,15.6,54.2,30.6,45.550000000000004,32.09166666666667,42.48333333333334
2026-05-07 11:00:00,70.8,38.6,31,1002.4,10.4,270,0.0,11,3,5,48.5,55.4,42.7,12.0,40.2,52.6,45.53333333333333,34.833333333333336,42.24583333333334
2026-05-07 12:00:00,70.9,37.6,27,1002.3,10.2,256,0.0,12,3,5,70.8,50.2,31.6,12.0,79.2,46.9,50.21666666666667,39.733333333333334,43.520833333333336
2026-05-07 13:00:00,64.3,33.8,49,1002.8,10.1,220,0.0,13,3,5,70.9,48.5,44.8,36.9,102.9,48.8,56.76666666666666,44.64166666666667,43.175000000000004
2026-05-07 14:00:00,81.0,31.0,68,1003.5,9.4,220,0.0,14,3,5,64.3,70.8,55.4,23.3,74.4,38.5,60.01666666666667,46.925000000000004,41.56666666666666
2026-05-07 15:00:00,46.6,29.8,78,1004.1,9.9,205,0.0,15,3,5,81.0,70.9,50.2,12.0,55.1,23.4,64.28333333333333,51.73333333333333,41.84166666666667
2026-05-07 16:00:00,33.4,29.4,79,1004.4,13.5,199,0.0,16,3,5,46.6,64.3,48.5,48.6,65.7,57.6,63.68333333333334,54.61666666666667,41.4875
2026-05-07 17:00:00,38.2,28.9,83,1005.0,10.8,227,0.0,17,3,5,33.4,81.0,70.8,42.7,33.1,38.3,61.166666666666664,53.35,40.14166666666667
2026-05-07 18:00:00,47.5,29.0,78,1005.2,10.9,243,0.0,18,3,5,38.2,46.6,70.9,31.6,50.2,38.2,55.73333333333333,52.975,40.354166666666664
2026-05-07 19:00:00,40.8,28.7,83,1004.9,9.2,267,0.0,19,3,5,47.5,33.4,64.3,44.8,38.6,42.9,51.833333333333336,54.300000000000004,40.24166666666667
2026-05-07 20:00:00,21.6,28.4,85,1004.5,7.8,251,0.0,20,3,5,40.8,38.2,81.0,55.4,21.8,17.1,47.916666666666664,53.96666666666667,40.333333333333336
2026-05-07 21:00:00,40.6,28.1,87,1004.2,5.7,246,0.0,21,3,5,21.6,47.5,46.6,50.2,19.1,30.9,38.016666666666666,51.150000000000006,40.324999999999996
2026-05-07 22:00:00,40.5,27.7,89,1004.1,3.1,190,0.0,22,3,5,40.6,40.8,33.4,48.5,15.6,12.8,37.01666666666667,50.35,41.22083333333333
2026-05-07 23:00:00,28.2,27.0,94,1004.2,5.6,163,0.0,23,3,5,40.5,21.6,38.2,70.8,12.0,12.0,38.199999999999996,49.68333333333334,42.25833333333333
2026-05-08 00:00:00,26.9,26.7,97,1004.3,6.6,143,0.0,0,4,5,28.2,40.6,47.5,70.9,12.0,12.0,36.53333333333334,46.13333333333333,42.93333333333333
2026-05-08 01:00:00,13.3,26.4,99,1005.0,6.2,139,0.0,1,4,5,26.9,40.5,40.8,64.3,36.9,25.3,33.1,42.46666666666667,43.55416666666667
2026-05-08 02:00:00,19.6,28.3,91,1006.1,5.4,159,0.0,2,4,5,13.3,28.2,21.6,81.0,23.3,16.5,28.516666666666666,38.21666666666667,42.57083333333333
2026-05-08 03:00:00,34.9,31.1,75,1006.6,6.0,190,0.0,3,4,5,19.6,26.9,40.6,46.6,12.0,12.4,28.183333333333337,33.1,42.416666666666664
2026-05-08 04:00:00,22.1,33.6,60,1006.9,6.6,197,0.0,4,4,5,34.9,13.3,40.5,33.4,48.6,36.4,27.23333333333333,32.125,43.37083333333334
2026-05-08 05:00:00,59.7,35.5,52,1006.9,7.9,204,0.0,5,4,5,22.1,19.6,28.2,38.2,42.7,39.0,24.166666666666668,31.183333333333334,42.266666666666666
2026-05-08 06:00:00,48.8,36.2,51,1006.4,9.2,213,0.0,6,4,5,59.7,34.9,26.9,47.5,31.6,40.2,29.416666666666668,32.975,42.975
2026-05-08 07:00:00,45.9,37.4,43,1005.9,9.3,234,0.0,7,4,5,48.8,22.1,13.3,40.8,44.8,41.7,33.06666666666666,33.083333333333336,43.69166666666667
2026-05-08 08:00:00,71.4,37.6,40,1005.5,9.6,254,0.0,8,4,5,45.9,59.7,19.6,21.6,55.4,41.7,38.5,33.50833333333333,43.737500000000004
2026-05-08 09:00:00,75.8,37.5,40,1004.8,11.1,247,0.0,9,4,5,71.4,48.8,34.9,40.6,50.2,61.8,47.133333333333326,37.65833333333333,44.40416666666667
2026-05-08 10:00:00,45.2,37.1,39,1004.2,8.1,233,0.0,10,4,5,75.8,45.9,22.1,40.5,48.5,54.2,53.949999999999996,40.59166666666667,45.47083333333333
2026-05-08 11:00:00,81.4,36.7,37,1003.8,10.9,243,0.0,11,4,5,45.2,71.4,59.7,28.2,70.8,40.2,57.79999999999999,40.983333333333334,45.333333333333336
2026-05-08 12:00:00,79.0,35.9,34,1003.5,9.3,254,0.0,12,4,5,81.4,75.8,48.8,26.9,70.9,79.2,61.416666666666664,45.416666666666664,45.775
2026-05-08 13:00:00,51.8,33.5,47,1003.6,9.7,260,0.0,13,4,5,79.0,45.2,45.9,13.3,64.3,102.9,66.45,49.75833333333333,46.11249999999999
2026-05-08 14:00:00,80.1,31.2,63,1003.9,7.4,270,0.0,14,4,5,51.8,81.4,71.4,19.6,81.0,74.4,67.43333333333334,52.96666666666667,45.59166666666667
2026-05-08 15:00:00,71.1,30.4,68,1004.4,7.7,281,0.0,15,4,5,80.1,79.0,75.8,34.9,46.6,55.1,68.88333333333334,58.008333333333326,45.55416666666667
2026-05-08 16:00:00,51.7,30.1,68,1004.9,10.5,282,0.0,16,4,5,71.1,51.8,45.2,22.1,33.4,65.7,68.10000000000001,61.025,46.574999999999996
2026-05-08 17:00:00,33.1,30.3,61,1005.3,9.2,264,0.0,17,4,5,51.7,80.1,81.4,59.7,38.2,33.1,69.18333333333332,63.49166666666667,47.3375
2026-05-08 18:00:00,50.7,30.0,67,1005.1,8.6,250,0.0,18,4,5,33.1,71.1,79.0,48.8,47.5,50.2,61.13333333333333,61.275000000000006,47.125
2026-05-08 19:00:00,29.2,30.0,63,1004.9,8.1,309,0.0,19,4,5,50.7,51.7,51.8,45.9,40.8,38.6,56.416666666666664,61.43333333333333,47.258333333333326
2026-05-08 20:00:00,17.8,30.9,48,1004.5,12.9,310,0.0,20,4,5,29.2,33.1,80.1,71.4,21.6,21.8,52.65,60.041666666666664,46.775
2026-05-08 21:00:00,23.4,31.0,45,1004.0,13.0,318,0.0,21,4,5,17.8,50.7,71.1,75.8,40.6,19.1,42.26666666666667,55.574999999999996,46.61666666666667
2026-05-08 22:00:00,21.4,30.1,54,1004.0,11.6,324,0.0,22,4,5,23.4,29.2,51.7,45.2,40.5,15.6,34.31666666666666,51.208333333333336,45.9
2026-05-08 23:00:00,12.0,29.5,59,1004.4,9.6,346,0.0,23,4,5,21.4,17.8,33.1,81.4,28.2,12.0,29.266666666666666,49.225,45.104166666666664
2026-05-09 00:00:00,19.6,28.2,69,1005.2,6.1,114,0.0,0,5,5,12.0,23.4,50.7,79.0,26.9,12.0,25.75,43.44166666666667,44.429166666666674
2026-05-09 01:00:00,25.5,28.0,68,1005.9,5.5,134,0.0,1,5,5,19.6,21.4,29.2,51.8,13.3,36.9,20.566666666666666,38.49166666666667,44.125
2026-05-09 02:00:00,25.8,30.0,59,1006.6,2.4,132,0.0,2,5,5,25.5,12.0,17.8,80.1,19.6,23.3,19.95,36.300000000000004,44.63333333333333
2026-05-09 03:00:00,38.8,33.0,44,1007.2,1.7,342,0.0,3,5,5,25.8,19.6,23.4,71.1,34.9,12.0,21.283333333333335,31.775000000000002,44.89166666666666
2026-05-09 04:00:00,34.1,35.4,34,1007.5,2.7,332,0.0,4,5,5,38.8,25.5,21.4,51.7,22.1,48.6,23.849999999999998,29.083333333333332,45.05416666666667
2026-05-09 05:00:00,54.1,37.9,26,1007.3,2.7,312,0.0,5,5,5,34.1,25.8,12.0,33.1,59.7,42.7,25.966666666666665,27.616666666666664,45.55416666666667
2026-05-09 06:00:00,61.9,39.1,23,1006.8,4.6,312,0.0,6,5,5,54.1,38.8,19.6,50.7,48.8,31.6,32.98333333333333,29.366666666666664,45.32083333333333
2026-05-09 07:00:00,49.0,40.9,21,1006.0,6.9,301,0.0,7,5,5,61.9,34.1,25.5,29.2,45.9,44.8,40.03333333333333,30.3,45.86666666666667
2026-05-09 08:00:00,51.0,41.4,19,1005.2,9.9,295,0.0,8,5,5,49.0,54.1,25.8,17.8,71.4,55.4,43.949999999999996,31.95,45.99583333333334
2026-05-09 09:00:00,53.6,40.9,19,1004.2,12.2,290,0.0,9,5,5,51.0,61.9,38.8,23.4,75.8,50.2,48.15,34.71666666666667,45.145833333333336
2026-05-09 10:00:00,51.4,40.8,17,1003.5,13.8,290,0.0,10,5,5,53.6,49.0,34.1,21.4,45.2,48.5,50.61666666666667,37.23333333333333,44.22083333333333
2026-05-09 11:00:00,84.3,40.7,15,1003.0,9.3,283,0.0,11,5,5,51.4,51.0,54.1,12.0,81.4,70.8,53.5,39.733333333333334,44.479166666666664
2026-05-09 12:00:00,80.6,39.3,19,1002.7,7.4,269,0.0,12,5,5,84.3,53.6,61.9,19.6,79.0,70.9,58.53333333333334,45.75833333333333,44.599999999999994
2026-05-09 13:00:00,75.8,37.0,24,1002.8,7.6,263,0.0,13,5,5,80.6,51.4,49.0,25.5,51.8,64.3,61.65,50.84166666666666,44.666666666666664
2026-05-09 14:00:00,72.6,32.5,51,1003.4,10.4,253,0.0,14,5,5,75.8,84.3,51.0,25.8,80.1,81.0,66.11666666666666,55.03333333333333,45.666666666666664
2026-05-09 15:00:00,60.2,30.6,70,1004.2,13.1,252,0.0,15,5,5,72.6,80.6,53.6,38.8,71.1,46.6,69.71666666666665,58.93333333333334,45.354166666666664
2026-05-09 16:00:00,50.6,30.8,61,1004.7,12.5,243,0.0,16,5,5,60.2,75.8,51.4,34.1,51.7,33.4,70.81666666666666,60.71666666666666,44.9
2026-05-09 17:00:00,51.3,31.3,50,1004.9,10.8,240,0.0,17,5,5,50.6,72.6,84.3,54.1,33.1,38.2,70.68333333333332,62.09166666666667,44.854166666666664
2026-05-09 18:00:00,38.8,31.0,55,1004.8,8.9,245,0.0,18,5,5,51.3,60.2,80.6,61.9,50.7,47.5,65.18333333333332,61.85833333333333,45.612500000000004
2026-05-09 19:00:00,21.0,31.1,58,1004.5,10.3,267,0.0,19,5,5,38.8,50.6,75.8,49.0,29.2,40.8,58.21666666666667,59.93333333333334,45.11666666666667
2026-05-09 20:00:00,12.0,31.4,49,1003.9,6.1,313,0.0,20,5,5,21.0,51.3,72.6,51.0,17.8,21.6,49.083333333333336,57.6,44.775
2026-05-09 21:00:00,26.3,30.0,51,1003.8,1.8,90,0.0,21,5,5,12.0,38.8,60.2,53.6,23.4,40.6,38.983333333333334,54.35,44.53333333333333
2026-05-09 22:00:00,37.0,29.1,57,1003.8,2.2,66,0.0,22,5,5,26.3,21.0,50.6,51.4,21.4,40.5,33.333333333333336,52.074999999999996,44.65416666666667
2026-05-09 23:00:00,27.4,29.1,52,1004.0,4.4,32,0.0,23,5,5,37.0,12.0,51.3,84.3,12.0,28.2,31.066666666666666,50.875,45.30416666666667
2026-05-10 00:00:00,41.9,27.3,72,1004.2,0.8,135,0.0,0,6,5,27.4,26.3,38.8,80.6,19.6,26.9,27.083333333333332,46.133333333333326,45.94583333333333
2026-05-10 01:00:00,27.6,27.2,73,1004.9,1.5,187,0.0,1,6,5,41.9,37.0,21.0,75.8,25.5,13.3,27.600000000000005,42.90833333333333,46.875
2026-05-10 02:00:00,14.0,30.0,62,1005.6,2.7,318,0.0,2,6,5,27.6,27.4,12.0,72.6,25.8,19.6,28.700000000000003,38.891666666666666,46.962500000000006
2026-05-10 03:00:00,28.7,33.7,32,1006.1,6.4,349,0.0,3,6,5,14.0,41.9,26.3,60.2,38.8,34.9,29.033333333333335,34.00833333333333,46.47083333333333
2026-05-10 04:00:00,49.4,35.7,29,1006.3,8.5,343,0.0,4,6,5,28.7,27.6,37.0,50.6,34.1,22.1,29.433333333333334,31.38333333333333,46.050000000000004
2026-05-10 05:00:00,29.6,37.6,27,1006.1,8.7,342,0.0,5,6,5,49.4,14.0,27.4,51.3,54.1,59.7,31.5,31.28333333333333,46.6875
2026-05-10 06:00:00,57.6,38.7,26,1005.6,8.2,341,0.0,6,6,5,29.6,28.7,41.9,38.8,61.9,48.8,31.866666666666664,29.474999999999998,45.666666666666664
2026-05-10 07:00:00,51.6,40.2,26,1004.8,9.3,333,0.0,7,6,5,57.6,49.4,27.6,21.0,49.0,45.9,34.48333333333334,31.041666666666668,45.487500000000004
2026-05-10 08:00:00,37.8,41.1,24,1003.7,10.4,330,0.0,8,6,5,51.6,29.6,14.0,12.0,51.0,71.4,38.483333333333334,33.59166666666666,45.59583333333333
2026-05-10 09:00:00,54.5,41.8,22,1002.7,11.7,328,0.0,9,6,5,37.8,57.6,28.7,26.3,53.6,75.8,42.449999999999996,35.74166666666667,45.04583333333334
2026-05-10 10:00:00,62.1,41.9,18,1001.9,13.0,332,0.0,10,6,5,54.5,51.6,49.4,37.0,51.4,45.2,46.75,38.09166666666667,45.083333333333336
2026-05-10 11:00:00,51.8,41.9,15,1001.4,13.1,342,0.0,11,6,5,62.1,37.8,29.6,27.4,84.3,81.4,48.86666666666667,40.18333333333334,45.52916666666667
2026-05-10 12:00:00,89.0,41.4,16,1000.9,11.1,337,0.0,12,6,5,51.8,54.5,57.6,41.9,80.6,79.0,52.56666666666666,42.21666666666667,44.175000000000004
2026-05-10 13:00:00,73.5,39.4,20,1001.2,6.5,309,0.0,13,6,5,89.0,62.1,51.6,27.6,75.8,51.8,57.800000000000004,46.14166666666667,44.525000000000006
2026-05-10 14:00:00,75.2,37.2,37,1001.7,3.6,300,0.0,14,6,5,73.5,51.8,37.8,14.0,72.6,80.1,61.449999999999996,49.96666666666667,44.42916666666667
2026-05-10 15:00:00,36.6,33.3,47,1002.7,11.8,253,0.0,15,6,5,75.2,89.0,54.5,28.7,60.2,71.1,67.68333333333332,55.06666666666666,44.537499999999994
2026-05-10 16:00:00,40.1,31.2,65,1003.0,12.2,261,0.0,16,6,5,36.6,73.5,62.1,49.4,50.6,51.7,64.7,55.724999999999994,43.55416666666667
2026-05-10 17:00:00,33.3,31.3,60,1002.8,11.2,265,0.0,17,6,5,40.1,75.2,51.8,29.6,51.3,33.1,61.03333333333334,54.949999999999996,43.11666666666667
2026-05-10 18:00:00,44.8,31.6,54,1002.6,10.8,274,0.0,18,6,5,33.3,36.6,89.0,57.6,38.8,50.7,57.949999999999996,55.258333333333326,42.36666666666667
2026-05-10 19:00:00,39.9,31.3,56,1002.0,9.4,270,0.0,19,6,5,44.8,40.1,73.5,51.6,21.0,29.2,50.583333333333336,54.19166666666667,42.61666666666667
2026-05-10 20:00:00,31.3,30.6,65,1001.9,8.7,288,0.0,20,6,5,39.9,33.3,75.2,37.8,12.0,17.8,44.98333333333333,53.21666666666667,43.40416666666667
2026-05-10 21:00:00,16.1,30.3,59,1001.5,8.7,326,0.0,21,6,5,31.3,44.8,36.6,54.5,26.3,23.4,37.666666666666664,52.67499999999999,44.208333333333336
2026-05-10 22:00:00,26.4,30.5,55,1001.7,9.8,332,0.0,22,6,5,16.1,39.9,40.1,62.1,37.0,21.4,34.25,49.474999999999994,43.78333333333333
2026-05-10 23:00:00,12.0,30.2,50,1002.4,7.4,13,0.0,23,6,5,26.4,31.3,33.3,51.8,27.4,12.0,31.966666666666665,46.5,43.34166666666667
2026-05-11 00:00:00,40.4,29.8,54,1003.3,6.8,50,0.0,0,0,5,12.0,16.1,44.8,89.0,41.9,19.6,28.416666666666668,43.18333333333333,42.699999999999996
2026-05-11 01:00:00,25.2,29.5,55,1004.2,2.5,98,0.0,1,0,5,40.4,26.4,39.9,73.5,27.6,25.5,27.683333333333334,39.13333333333333,42.637499999999996
2026-05-11 02:00:00,31.6,31.5,48,1005.0,3.2,63,0.0,2,0,5,25.2,12.0,31.3,75.2,14.0,25.8,25.23333333333333,35.108333333333334,42.5375
2026-05-11 03:00:00,24.7,34.5,34,1005.4,6.4,18,0.0,3,0,5,31.6,40.4,16.1,36.6,28.7,38.8,25.28333333333333,31.474999999999998,43.270833333333336
2026-05-11 04:00:00,57.0,36.8,29,1005.6,8.2,8,0.0,4,0,5,24.7,25.2,26.4,40.1,49.4,34.1,26.71666666666667,30.483333333333334,43.104166666666664
2026-05-11 05:00:00,48.6,39.3,23,1005.4,8.5,358,0.0,5,0,5,57.0,31.6,12.0,33.3,29.6,54.1,31.816666666666663,31.891666666666666,43.42083333333333
2026-05-11 06:00:00,54.8,40.9,19,1005.1,9.0,338,0.0,6,0,5,48.6,24.7,40.4,44.8,57.6,61.9,37.916666666666664,33.166666666666664,44.2125
2026-05-11 07:00:00,58.9,42.4,17,1004.4,10.4,332,0.0,7,0,5,54.8,57.0,25.2,39.9,51.6,49.0,40.31666666666667,34.0,44.09583333333333
2026-05-11 08:00:00,61.6,42.9,16,1003.5,12.6,327,0.0,8,0,5,58.9,48.6,31.6,31.3,37.8,51.0,45.93333333333334,35.583333333333336,44.4
2026-05-11 09:00:00,35.6,43.1,15,1002.8,14.1,326,0.0,9,0,5,61.6,54.8,24.7,16.1,54.5,53.6,50.93333333333334,38.10833333333333,45.39166666666667
2026-05-11 10:00:00,57.1,42.9,14,1002.0,13.8,323,0.0,10,0,5,35.6,58.9,57.0,26.4,62.1,51.4,52.75,39.733333333333334,44.604166666666664
2026-05-11 11:00:00,53.1,42.2,16,1001.7,11.8,316,0.0,11,0,5,57.1,61.6,48.6,12.0,51.8,84.3,52.76666666666667,42.291666666666664,44.395833333333336
2026-05-11 12:00:00,70.2,41.7,14,1001.1,10.2,306,0.0,12,0,5,53.1,35.6,54.8,40.4,89.0,80.6,53.51666666666667,45.71666666666667,44.449999999999996
2026-05-11 13:00:00,68.6,37.5,29,1001.6,11.9,275,0.0,13,0,5,70.2,57.1,58.9,25.2,73.5,75.8,56.083333333333336,48.199999999999996,43.666666666666664
2026-05-11 14:00:00,52.4,33.3,51,1001.6,10.8,273,0.0,14,0,5,68.6,53.1,61.6,31.6,75.2,72.6,57.699999999999996,51.81666666666666,43.4625
2026-05-11 15:00:00,59.0,32.8,53,1001.9,11.0,275,0.0,15,0,5,52.4,70.2,35.6,24.7,36.6,60.2,56.166666666666664,53.550000000000004,42.512499999999996
2026-05-11 16:00:00,62.3,32.4,53,1002.6,9.8,264,0.0,16,0,5,59.0,68.6,57.1,57.0,40.1,50.6,60.06666666666667,56.40833333333333,43.44583333333333
2026-05-11 17:00:00,44.6,32.5,51,1002.7,11.2,264,0.0,17,0,5,62.3,52.4,53.1,48.6,33.3,51.3,60.93333333333333,56.85,44.37083333333334
2026-05-11 18:00:00,23.7,32.7,52,1002.3,10.3,247,0.0,18,0,5,44.6,59.0,70.2,54.8,44.8,38.8,59.51666666666667,56.51666666666666,44.84166666666667
2026-05-11 19:00:00,24.3,32.4,52,1002.2,6.4,198,0.0,19,0,5,23.7,62.3,68.6,58.9,39.9,21.0,51.76666666666666,53.925000000000004,43.9625
2026-05-11 20:00:00,29.1,31.4,58,1002.2,2.1,128,0.0,20,0,5,24.3,44.6,52.4,61.6,31.3,12.0,44.38333333333333,51.041666666666664,43.3125
2026-05-11 21:00:00,27.4,30.5,62,1002.0,1.9,319,0.0,21,0,5,29.1,23.7,59.0,35.6,16.1,26.3,40.5,48.333333333333336,43.22083333333333
2026-05-11 22:00:00,32.1,30.4,55,1001.9,4.5,346,0.0,22,0,5,27.4,24.3,62.3,57.1,26.4,37.0,35.233333333333334,47.65,43.69166666666666
2026-05-11 23:00:00,12.0,30.7,50,1002.0,5.8,334,0.0,23,0,5,32.1,29.1,44.6,53.1,12.0,27.4,30.2,45.56666666666666,43.92916666666667
2026-05-12 00:00:00,22.8,29.8,56,1002.5,4.0,30,0.0,0,1,5,12.0,27.4,23.7,70.2,40.4,41.9,24.766666666666666,42.141666666666666,43.92916666666667
2026-05-12 01:00:00,50.2,30.5,51,1003.2,4.9,8,0.0,1,1,5,22.8,32.1,24.3,68.6,25.2,27.6,24.616666666666664,38.19166666666667,43.19583333333333
2026-05-12 02:00:00,21.6,32.5,42,1004.1,4.5,326,0.0,2,1,5,50.2,12.0,29.1,52.4,31.6,14.0,28.933333333333337,36.65833333333333,44.237500000000004
2026-05-12 03:00:00,34.1,34.8,33,1004.8,6.1,341,0.0,3,1,5,21.6,22.8,27.4,59.0,24.7,28.7,27.683333333333337,34.09166666666667,43.82083333333333
2026-05-12 04:00:00,23.8,36.8,28,1005.2,4.9,332,0.0,4,1,5,34.1,50.2,32.1,62.3,57.0,49.4,28.8,32.01666666666667,44.2125
2026-05-12 05:00:00,44.2,38.7,24,1004.8,5.5,306,0.0,5,1,5,23.8,21.6,12.0,44.6,48.6,29.6,27.41666666666667,28.808333333333337,42.82916666666667
2026-05-12 06:00:00,17.5,39.7,28,1003.9,7.3,280,0.0,6,1,5,44.2,34.1,22.8,23.7,54.8,57.6,32.78333333333334,28.775000000000002,42.645833333333336
2026-05-12 07:00:00,46.8,40.8,25,1003.2,9.2,286,0.0,7,1,5,17.5,23.8,50.2,24.3,58.9,51.6,31.900000000000002,28.258333333333336,41.09166666666667
2026-05-12 08:00:00,49.7,42.0,18,1002.3,11.1,297,0.0,8,1,5,46.8,44.2,21.6,29.1,61.6,37.8,31.333333333333332,30.133333333333336,40.5875
2026-05-12 09:00:00,53.1,42.6,12,1001.1,12.5,305,0.0,9,1,5,49.7,17.5,34.1,27.4,35.6,54.5,36.016666666666666,31.850000000000005,40.09166666666667
2026-05-12 10:00:00,62.7,42.4,12,1000.1,11.5,302,0.0,10,1,5,53.1,46.8,23.8,32.1,57.1,62.1,39.18333333333333,33.99166666666667,40.82083333333333
2026-05-12 11:00:00,62.8,41.4,15,999.7,10.4,293,0.0,11,1,5,62.7,49.7,44.2,12.0,53.1,51.8,45.666666666666664,36.54166666666667,41.05416666666667
2026-05-12 12:00:00,68.1,39.9,20,999.2,9.9,265,0.0,12,1,5,62.8,53.1,17.5,22.8,70.2,89.0,48.76666666666667,40.775,41.458333333333336
2026-05-12 13:00:00,62.7,34.8,47,999.9,12.0,246,0.0,13,1,5,68.1,62.7,46.8,50.2,68.6,73.5,57.199999999999996,44.550000000000004,41.37083333333334
2026-05-12 14:00:00,67.4,32.4,64,1000.5,10.5,245,0.0,14,1,5,62.7,62.8,49.7,21.6,52.4,75.2,59.849999999999994,45.59166666666667,41.125
2026-05-12 15:00:00,52.8,31.9,67,1001.0,10.8,252,0.0,15,1,5,67.4,68.1,53.1,34.1,59.0,36.6,62.800000000000004,49.40833333333333,41.75
2026-05-12 16:00:00,24.5,31.7,66,1001.2,11.8,258,0.0,16,1,5,52.8,62.7,62.7,23.8,62.3,40.1,62.75,50.96666666666667,41.49166666666667
2026-05-12 17:00:00,48.5,31.2,71,1001.6,13.0,270,0.0,17,1,5,24.5,67.4,62.8,44.2,44.6,33.3,56.383333333333326,51.025,39.916666666666664
2026-05-12 18:00:00,25.4,31.0,79,1001.1,10.1,245,0.0,18,1,5,48.5,52.8,68.1,17.5,23.7,44.8,54.0,51.38333333333333,40.07916666666667
2026-05-12 19:00:00,12.0,30.8,81,1000.6,7.8,241,0.0,19,1,5,25.4,24.5,62.7,46.8,24.3,39.9,46.88333333333333,52.041666666666664,40.15
2026-05-12 20:00:00,20.1,31.3,73,999.8,7.5,287,0.0,20,1,5,12.0,48.5,67.4,49.7,29.1,31.3,38.43333333333334,49.14166666666666,39.6375
2026-05-12 21:00:00,44.5,31.0,70,999.8,1.1,108,0.0,21,1,5,20.1,25.4,52.8,53.1,27.4,16.1,30.549999999999997,46.675000000000004,39.2625
2026-05-12 22:00:00,36.0,30.1,78,1000.1,4.3,152,0.0,22,1,5,44.5,12.0,24.5,62.7,32.1,26.4,29.166666666666668,45.958333333333336,39.975
2026-05-12 23:00:00,26.3,29.3,84,1000.7,7.9,163,0.0,23,1,5,36.0,20.1,48.5,62.8,12.0,12.0,31.083333333333332,43.73333333333333,40.1375
2026-05-13 00:00:00,12.0,28.9,93,1001.4,9.3,158,0.0,0,2,5,26.3,44.5,25.4,68.1,22.8,40.4,27.383333333333336,40.69166666666667,40.733333333333334
2026-05-13 01:00:00,22.0,29.3,90,1002.0,9.4,178,0.0,1,2,5,12.0,36.0,12.0,62.7,50.2,25.2,25.150000000000002,36.016666666666666,40.28333333333333
2026-05-13 02:00:00,26.0,31.4,75,1002.7,9.8,206,0.0,2,2,5,22.0,26.3,20.1,67.4,21.6,31.6,26.816666666666666,32.625,39.108333333333334
2026-05-13 03:00:00,25.4,32.9,65,1003.3,11.0,205,0.0,3,2,5,26.0,12.0,44.5,52.8,34.1,24.7,27.8,29.174999999999997,39.291666666666664
2026-05-13 04:00:00,12.0,34.0,60,1003.8,12.2,213,0.0,4,2,5,25.4,22.0,36.0,24.5,23.8,57.0,24.616666666666664,26.891666666666666,38.92916666666667
2026-05-13 05:00:00,17.9,35.2,54,1003.7,12.8,220,0.0,5,2,5,12.0,26.0,26.3,48.5,44.2,48.6,20.616666666666667,25.850000000000005,38.4375
2026-05-13 06:00:00,30.8,36.2,50,1003.3,14.2,216,0.0,6,2,5,17.9,25.4,12.0,25.4,17.5,54.8,19.216666666666665,23.3,37.34166666666667
2026-05-13 07:00:00,36.3,36.2,51,1002.7,15.3,226,0.0,7,2,5,30.8,12.0,22.0,12.0,46.8,58.9,22.349999999999998,23.75,37.895833333333336
2026-05-13 08:00:00,25.3,36.1,50,1001.9,16.1,230,0.0,8,2,5,36.3,17.9,26.0,20.1,49.7,61.6,24.733333333333334,25.775000000000002,37.458333333333336
2026-05-13 09:00:00,24.6,35.8,49,1000.9,16.0,227,0.0,9,2,5,25.3,30.8,25.4,44.5,53.1,35.6,24.616666666666664,26.208333333333332,36.44166666666667
2026-05-13 10:00:00,46.0,35.4,50,1000.5,15.8,218,0.0,10,2,5,24.6,36.3,12.0,36.0,62.7,57.1,24.483333333333334,24.55,35.25416666666667
2026-05-13 11:00:00,66.3,34.6,52,1000.3,15.1,206,0.0,11,2,5,46.0,25.3,17.9,26.3,62.8,53.1,30.149999999999995,25.383333333333336,34.55833333333334
2026-05-13 12:00:00,52.3,33.7,57,999.6,15.6,210,0.0,12,2,5,66.3,24.6,30.8,12.0,68.1,70.2,38.21666666666666,28.71666666666667,34.704166666666666
2026-05-13 13:00:00,34.8,31.3,70,999.4,16.6,212,0.0,13,2,5,52.3,46.0,36.3,22.0,62.7,68.6,41.800000000000004,32.074999999999996,34.04583333333333
2026-05-13 14:00:00,36.2,30.1,79,999.6,13.5,213,0.0,14,2,5,34.8,66.3,25.3,26.0,67.4,52.4,41.55,33.141666666666666,32.88333333333333
2026-05-13 15:00:00,59.1,30.0,82,1000.6,12.4,199,0.0,15,2,5,36.2,52.3,24.6,25.4,52.8,59.0,43.36666666666667,33.99166666666667,31.583333333333332
2026-05-13 16:00:00,36.6,30.1,79,1001.3,13.3,199,0.0,16,2,5,59.1,34.8,46.0,12.0,24.5,62.3,49.11666666666667,36.8,31.84583333333333
2026-05-13 17:00:00,52.2,30.1,80,1002.0,12.3,198,0.0,17,2,5,36.6,36.2,66.3,17.9,48.5,44.6,47.54999999999999,38.85,32.35
2026-05-13 18:00:00,35.7,30.1,80,1001.6,10.9,197,0.0,18,2,5,52.2,59.1,52.3,30.8,25.4,23.7,45.199999999999996,41.708333333333336,32.50416666666666
2026-05-13 19:00:00,34.3,29.8,82,1001.0,10.0,189,0.0,19,2,5,35.7,36.6,34.8,36.3,12.0,24.3,42.43333333333333,42.11666666666667,32.93333333333333
2026-05-13 20:00:00,24.4,29.5,83,1000.6,9.4,182,0.0,20,2,5,34.3,52.2,36.2,25.3,20.1,29.1,42.35,41.949999999999996,33.862500000000004
2026-05-13 21:00:00,12.0,29.5,78,1000.6,8.5,198,0.0,21,2,5,24.4,35.7,59.1,24.6,44.5,27.4,40.38333333333333,41.875,34.041666666666664
2026-05-13 22:00:00,19.3,29.5,68,1000.6,7.3,220,0.0,22,2,5,12.0,34.3,36.6,46.0,36.0,32.1,32.53333333333333,40.824999999999996,32.6875
2026-05-13 23:00:00,28.1,29.3,57,1000.6,5.9,239,0.0,23,2,5,19.3,24.4,52.2,66.3,26.3,12.0,29.650000000000002,38.6,31.991666666666664
2026-05-14 00:00:00,12.0,29.3,55,1000.9,7.1,251,0.0,0,3,5,28.1,12.0,35.7,52.3,12.0,22.8,25.633333333333336,35.416666666666664,32.06666666666667
2026-05-14 01:00:00,12.0,28.9,56,1001.4,6.5,247,0.0,1,3,5,12.0,19.3,34.3,34.8,22.0,50.2,21.683333333333334,32.05833333333334,32.06666666666667
2026-05-14 02:00:00,46.0,31.3,49,1002.4,5.4,233,0.0,2,3,5,12.0,28.1,24.4,36.2,26.0,21.6,17.966666666666665,30.158333333333335,31.650000000000002
2026-05-14 03:00:00,12.0,33.5,39,1002.9,6.9,275,0.0,3,3,5,46.0,12.0,12.0,59.1,25.4,34.1,21.566666666666666,30.975000000000005,32.483333333333334
2026-05-14 04:00:00,12.0,35.2,34,1003.4,7.9,291,0.0,4,3,5,12.0,12.0,19.3,36.6,12.0,23.8,21.566666666666666,27.05,31.925
2026-05-14 05:00:00,50.8,36.9,30,1003.2,8.2,299,0.0,5,3,5,12.0,46.0,28.1,52.2,17.9,44.2,20.349999999999998,25.0,31.925
2026-05-14 06:00:00,41.5,38.3,29,1002.7,8.6,282,0.0,6,3,5,50.8,12.0,12.0,35.7,30.8,17.5,24.133333333333336,24.883333333333336,33.29583333333333
2026-05-14 07:00:00,51.5,39.4,25,1001.8,10.2,283,0.0,7,3,5,41.5,12.0,12.0,34.3,36.3,46.8,29.05,25.366666666666664,33.74166666666667
2026-05-14 08:00:00,59.1,40.0,23,1001.1,10.9,282,0.0,8,3,5,51.5,50.8,46.0,24.4,25.3,49.7,35.63333333333333,26.8,34.375
2026-05-14 09:00:00,65.7,39.5,27,1000.1,10.3,258,0.0,9,3,5,59.1,41.5,12.0,12.0,24.6,53.1,37.81666666666667,29.691666666666666,35.78333333333333
2026-05-14 10:00:00,44.1,38.3,35,999.4,12.2,234,0.0,10,3,5,65.7,51.5,12.0,19.3,46.0,62.7,46.76666666666667,34.166666666666664,37.49583333333333
2026-05-14 11:00:00,72.8,35.9,42,999.1,16.8,227,0.0,11,3,5,44.1,59.1,50.8,28.1,66.3,62.8,52.11666666666667,36.233333333333334,37.41666666666667
2026-05-14 12:00:00,34.9,34.3,47,999.3,17.3,223,0.0,12,3,5,72.8,65.7,41.5,12.0,52.3,68.1,55.78333333333333,39.958333333333336,37.6875
2026-05-14 13:00:00,44.1,32.6,60,999.4,16.1,214,0.0,13,3,5,34.9,44.1,51.5,12.0,34.8,62.7,54.68333333333333,41.86666666666667,36.9625
2026-05-14 14:00:00,48.9,31.5,71,999.7,13.5,203,0.0,14,3,5,44.1,72.8,59.1,46.0,36.2,67.4,53.449999999999996,44.541666666666664,37.35
2026-05-14 15:00:00,54.4,30.9,74,1000.1,12.6,199,0.0,15,3,5,48.9,34.9,65.7,12.0,59.1,52.8,51.75,44.78333333333333,37.87916666666667
2026-05-14 16:00:00,51.3,31.0,72,1000.5,11.3,190,0.0,16,3,5,54.4,44.1,44.1,12.0,36.6,24.5,49.86666666666667,48.31666666666666,37.68333333333333
2026-05-14 17:00:00,54.2,30.8,74,1001.3,7.4,202,0.0,17,3,5,51.3,48.9,72.8,50.8,52.2,48.5,51.06666666666666,51.59166666666667,38.295833333333334
2026-05-14 18:00:00,36.4,30.1,79,1001.6,7.4,166,0.0,18,3,5,54.2,54.4,34.9,41.5,35.7,25.4,47.96666666666667,51.875,38.37916666666667
2026-05-14 19:00:00,28.8,29.5,82,1001.3,3.2,142,0.0,19,3,5,36.4,51.3,44.1,51.5,34.3,12.0,48.21666666666667,51.45000000000001,38.40833333333334
2026-05-14 20:00:00,12.0,29.5,80,1001.1,4.2,239,0.0,20,3,5,28.8,54.2,48.9,59.1,24.4,20.1,45.666666666666664,49.55833333333334,38.17916666666667
2026-05-14 21:00:00,30.1,30.0,63,1000.9,5.6,331,0.0,21,3,5,12.0,36.4,54.4,65.7,12.0,44.5,39.516666666666666,45.63333333333333,37.6625
2026-05-14 22:00:00,12.8,30.0,51,1001.0,6.4,335,0.0,22,3,5,30.1,28.8,51.3,44.1,19.3,36.0,35.46666666666666,42.666666666666664,38.416666666666664
2026-05-14 23:00:00,22.0,29.2,53,1001.4,4.0,324,0.0,23,3,5,12.8,12.0,54.2,72.8,28.1,26.3,29.05,40.05833333333333,38.145833333333336
2026-05-15 00:00:00,20.9,28.7,63,1001.9,2.9,259,0.0,0,4,5,22.0,30.1,36.4,34.9,12.0,12.0,23.683333333333334,35.824999999999996,37.891666666666666
2026-05-15 01:00:00,13.1,28.6,67,1002.7,3.6,276,0.0,1,4,5,20.9,12.8,28.8,44.1,12.0,22.0,21.099999999999998,34.65833333333334,38.262499999999996
2026-05-15 02:00:00,38.1,30.8,62,1003.8,3.0,295,0.0,2,4,5,13.1,22.0,12.0,48.9,46.0,26.0,18.48333333333333,32.074999999999996,38.30833333333333
2026-05-15 03:00:00,43.8,32.7,55,1004.3,5.0,285,0.0,3,4,5,38.1,20.9,30.1,54.4,12.0,25.4,22.833333333333332,31.175,37.979166666666664
2026-05-15 04:00:00,37.3,34.6,46,1004.7,5.8,277,0.0,4,4,5,43.8,13.1,12.8,51.3,12.0,12.0,25.116666666666664,30.291666666666668,39.30416666666667
2026-05-15 05:00:00,12.0,36.0,42,1004.8,8.8,269,0.0,5,4,5,37.3,38.1,22.0,54.2,50.8,17.9,29.2,29.125,40.358333333333334
2026-05-15 06:00:00,58.5,36.3,43,1004.6,11.9,260,0.0,6,4,5,12.0,43.8,20.9,36.4,41.5,30.8,27.53333333333333,25.60833333333333,38.74166666666667
2026-05-15 07:00:00,45.8,37.2,35,1004.1,11.9,259,0.0,7,4,5,58.5,37.3,13.1,28.8,51.5,36.3,33.800000000000004,27.45,39.45
2026-05-15 08:00:00,34.1,37.7,30,1003.3,12.2,246,0.0,8,4,5,45.8,12.0,38.1,12.0,59.1,25.3,39.25,28.866666666666664,39.2125
2026-05-15 09:00:00,41.4,36.9,38,1002.3,13.2,226,0.0,9,4,5,34.1,58.5,43.8,30.1,65.7,24.6,38.583333333333336,30.708333333333332,38.170833333333334
2026-05-15 10:00:00,48.5,36.1,40,1001.2,13.7,225,0.0,10,4,5,41.4,45.8,37.3,12.8,44.1,46.0,38.18333333333333,31.649999999999995,37.15833333333333
2026-05-15 11:00:00,67.7,34.4,48,1000.8,16.0,229,0.0,11,4,5,48.5,34.1,12.0,22.0,72.8,66.3,40.050000000000004,34.625,37.34166666666666
2026-05-15 12:00:00,59.6,32.9,56,1000.9,15.0,224,0.0,12,4,5,67.7,41.4,58.5,20.9,34.9,52.3,49.333333333333336,38.43333333333334,37.12916666666667
2026-05-15 13:00:00,32.1,31.4,67,1001.4,16.4,219,0.0,13,4,5,59.6,48.5,45.8,13.1,44.1,34.8,49.51666666666667,41.65833333333333,38.15833333333334
2026-05-15 14:00:00,52.4,30.1,75,1001.8,17.1,215,0.0,14,4,5,32.1,67.7,34.1,38.1,48.9,36.2,47.23333333333333,43.24166666666667,37.65833333333333
2026-05-15 15:00:00,44.1,30.1,74,1002.6,16.5,213,0.0,15,4,5,52.4,59.6,41.4,43.8,54.4,59.1,50.28333333333333,44.43333333333334,37.80416666666667
2026-05-15 16:00:00,25.7,29.8,77,1003.1,17.1,214,0.0,16,4,5,44.1,32.1,48.5,37.3,51.3,36.6,50.73333333333334,44.458333333333336,37.375
2026-05-15 17:00:00,16.7,29.8,78,1003.5,17.9,216,0.0,17,4,5,25.7,52.4,67.7,12.0,54.2,52.2,46.93333333333334,43.49166666666667,36.30833333333333
2026-05-15 18:00:00,13.1,29.6,79,1003.1,16.9,215,0.0,18,4,5,16.7,44.1,59.6,58.5,36.4,35.7,38.43333333333333,43.88333333333333,34.74583333333334
2026-05-15 19:00:00,12.7,29.6,80,1002.7,14.8,219,0.0,19,4,5,13.1,25.7,32.1,45.8,28.8,34.3,30.683333333333334,40.1,33.775
2026-05-15 20:00:00,12.0,29.6,81,1002.3,13.9,227,0.0,20,4,5,12.7,16.7,52.4,34.1,12.0,24.4,27.450000000000003,37.34166666666667,33.104166666666664
2026-05-15 21:00:00,12.0,29.6,80,1001.9,10.6,227,0.0,21,4,5,12.0,13.1,44.1,41.4,30.1,12.0,20.71666666666667,35.5,33.104166666666664
2026-05-15 22:00:00,12.0,29.6,78,1001.8,8.5,235,0.0,22,4,5,12.0,12.7,25.7,48.5,12.8,19.3,15.366666666666667,33.050000000000004,32.35
2026-05-15 23:00:00,24.9,29.6,74,1002.1,6.5,256,0.0,23,4,5,12.0,12.0,16.7,67.7,22.0,28.1,13.083333333333334,30.008333333333336,32.31666666666667
2026-05-16 00:00:00,13.8,29.5,75,1002.5,6.4,259,0.0,0,5,5,24.9,12.0,13.1,59.6,20.9,12.0,14.449999999999998,26.441666666666663,32.4375
2026-05-16 01:00:00,12.1,29.7,73,1003.1,7.3,281,0.0,1,5,5,13.8,12.0,12.7,32.1,13.1,12.0,14.566666666666668,22.625,32.14166666666667
2026-05-16 02:00:00,12.0,31.0,67,1003.8,9.2,313,0.0,2,5,5,12.1,24.9,12.0,52.4,38.1,46.0,14.466666666666667,20.958333333333332,32.1
2026-05-16 03:00:00,22.5,32.4,61,1004.1,8.1,329,0.0,3,5,5,12.0,13.8,12.0,44.1,43.8,12.0,14.466666666666667,17.591666666666665,31.0125
2026-05-16 04:00:00,22.1,33.9,54,1004.3,7.8,322,0.0,4,5,5,22.5,12.1,12.0,25.7,37.3,12.0,16.216666666666665,15.791666666666666,30.125
2026-05-16 05:00:00,16.2,35.4,48,1004.4,8.7,315,0.0,5,5,5,22.1,12.0,24.9,16.7,12.0,50.8,17.900000000000002,15.491666666666665,29.491666666666664
2026-05-16 06:00:00,54.6,36.5,46,1004.1,9.5,307,0.0,6,5,5,16.2,22.5,13.8,13.1,58.5,41.5,16.45,15.450000000000001,29.666666666666668
2026-05-16 07:00:00,41.5,37.4,42,1003.5,10.2,294,0.0,7,5,5,54.6,22.1,12.1,12.7,45.8,51.5,23.25,18.908333333333335,29.504166666666663
2026-05-16 08:00:00,54.5,38.7,32,1002.6,11.1,286,0.0,8,5,5,41.5,16.2,12.0,12.0,34.1,59.1,28.150000000000002,21.308333333333334,29.325
2026-05-16 09:00:00,45.5,39.5,24,1001.7,11.5,290,0.0,9,5,5,54.5,54.6,22.5,12.0,41.4,65.7,35.233333333333334,24.849999999999998,30.175
2026-05-16 10:00:00,62.0,39.6,20,1000.9,13.4,306,0.0,10,5,5,45.5,41.5,22.1,12.0,48.5,44.1,39.06666666666667,27.641666666666666,30.34583333333333
2026-05-16 11:00:00,61.7,39.6,17,1000.3,11.6,324,0.0,11,5,5,62.0,54.5,16.2,24.9,67.7,72.8,45.71666666666667,31.808333333333334,30.90833333333333
2026-05-16 12:00:00,91.1,39.5,22,1000.0,9.7,329,0.0,12,5,5,61.7,45.5,54.6,13.8,59.6,34.9,53.300000000000004,34.875,30.65833333333333
2026-05-16 13:00:00,79.1,36.3,36,1000.2,9.8,276,0.0,13,5,5,91.1,62.0,41.5,12.1,32.1,44.1,59.38333333333333,41.31666666666667,31.97083333333333
2026-05-16 14:00:00,56.2,32.1,67,1000.9,12.5,252,0.0,14,5,5,79.1,61.7,54.5,12.0,52.4,48.9,65.64999999999999,46.9,33.92916666666667
2026-05-16 15:00:00,47.6,31.4,73,1001.7,12.2,246,0.0,15,5,5,56.2,91.1,45.5,22.5,44.1,54.4,65.93333333333334,50.583333333333336,34.0875
2026-05-16 16:00:00,24.2,31.1,74,1002.4,10.9,237,0.0,16,5,5,47.6,79.1,62.0,22.1,25.7,51.3,66.28333333333333,52.675000000000004,34.233333333333334
2026-05-16 17:00:00,60.0,30.8,76,1003.1,10.7,241,0.0,17,5,5,24.2,56.2,61.7,16.2,16.7,54.2,59.98333333333333,52.849999999999994,34.170833333333334
2026-05-16 18:00:00,44.5,30.6,77,1003.3,9.9,237,0.0,18,5,5,60.0,47.6,91.1,54.6,13.1,36.4,59.699999999999996,56.5,35.975
2026-05-16 19:00:00,27.2,30.3,77,1003.0,8.4,235,0.0,19,5,5,44.5,24.2,79.1,41.5,12.7,28.8,51.93333333333333,55.65833333333333,37.28333333333334
2026-05-16 20:00:00,12.0,29.8,82,1002.8,7.2,215,0.0,20,5,5,27.2,60.0,56.2,54.5,12.0,12.0,43.28333333333333,54.46666666666667,37.887499999999996
2026-05-16 21:00:00,35.1,29.4,86,1002.4,6.8,191,0.0,21,5,5,12.0,44.5,47.6,45.5,12.0,30.1,35.916666666666664,50.925000000000004,37.887499999999996
2026-05-16 22:00:00,32.3,29.0,89,1002.2,6.5,182,0.0,22,5,5,35.1,27.2,24.2,62.0,12.0,12.8,33.833333333333336,50.05833333333334,38.85
2026-05-16 23:00:00,25.0,28.8,92,1002.4,4.9,180,0.0,23,5,5,32.3,12.0,60.0,61.7,24.9,22.0,35.18333333333333,47.583333333333336,39.69583333333333
2026-05-17 00:00:00,21.5,28.6,94,1002.6,4.7,176,0.0,0,6,5,25.0,35.1,44.5,91.1,13.8,20.9,29.349999999999994,44.525,39.699999999999996
2026-05-17 01:00:00,24.7,28.4,96,1003.2,5.1,144,0.0,1,6,5,21.5,32.3,27.2,79.1,12.1,13.1,25.516666666666662,38.725,40.02083333333333
2026-05-17 02:00:00,42.4,30.5,82,1004.1,2.7,157,0.0,2,6,5,24.7,25.0,12.0,56.2,12.0,38.1,25.099999999999998,34.19166666666667,40.545833333333334
2026-05-17 03:00:00,45.8,33.2,61,1004.8,2.6,335,0.0,3,6,5,42.4,21.5,35.1,47.6,22.5,43.8,30.166666666666668,33.041666666666664,41.8125
2026-05-17 04:00:00,33.2,35.8,46,1005.0,5.4,330,0.0,4,6,5,45.8,24.7,32.3,24.2,22.1,37.3,31.95,32.891666666666666,42.78333333333333
2026-05-17 05:00:00,40.1,38.1,36,1004.8,7.3,322,0.0,5,6,5,33.2,42.4,25.0,60.0,16.2,12.0,32.099999999999994,33.641666666666666,43.24583333333334
2026-05-17 06:00:00,45.5,39.4,31,1004.4,10.3,320,0.0,6,6,5,40.1,45.8,21.5,44.5,54.6,58.5,34.61666666666667,31.983333333333334,44.24166666666667
2026-05-17 07:00:00,39.8,40.2,26,1003.8,12.6,318,0.0,7,6,5,45.5,33.2,24.7,27.2,41.5,45.8,38.61666666666667,32.06666666666667,43.862500000000004
2026-05-17 08:00:00,42.9,41.1,20,1002.8,13.9,317,0.0,8,6,5,39.8,40.1,42.4,12.0,54.5,34.1,41.13333333333333,33.11666666666667,43.791666666666664
2026-05-17 09:00:00,35.2,41.5,18,1001.8,15.5,317,0.0,9,6,5,42.9,45.5,45.8,35.1,45.5,41.4,41.21666666666666,35.69166666666667,43.30833333333334
2026-05-17 10:00:00,51.0,41.8,15,1001.0,15.8,324,0.0,10,6,5,35.2,39.8,33.2,32.3,62.0,48.5,39.449999999999996,35.699999999999996,42.87916666666667
2026-05-17 11:00:00,51.7,41.6,16,1000.2,13.6,325,0.0,11,6,5,51.0,42.9,40.1,25.0,61.7,67.7,42.416666666666664,37.25833333333333,42.420833333333334
2026-05-17 12:00:00,70.3,39.3,25,1000.3,12.8,285,0.0,12,6,5,51.7,35.2,45.5,21.5,91.1,59.6,44.35,39.48333333333333,42.00416666666667
2026-05-17 13:00:00,59.9,33.9,57,1000.7,13.8,255,0.0,13,6,5,70.3,51.0,39.8,24.7,79.1,32.1,48.48333333333333,43.550000000000004,41.137499999999996
2026-05-17 14:00:00,68.9,32.0,69,1000.7,11.3,248,0.0,14,6,5,59.9,51.7,42.9,42.4,56.2,52.4,51.833333333333336,46.48333333333333,40.3375
2026-05-17 15:00:00,36.7,31.6,73,1001.3,14.3,239,0.0,15,6,5,68.9,70.3,35.2,45.8,47.6,44.1,56.166666666666664,48.69166666666666,40.86666666666667
2026-05-17 16:00:00,22.8,31.4,72,1001.9,14.8,248,0.0,16,6,5,36.7,59.9,51.0,33.2,24.2,25.7,56.416666666666664,47.93333333333334,40.4125
2026-05-17 17:00:00,37.3,31.5,69,1002.4,14.7,245,0.0,17,6,5,22.8,68.9,51.7,40.1,60.0,16.7,51.71666666666667,47.06666666666667,40.354166666666664
2026-05-17 18:00:00,33.2,31.2,69,1002.5,13.2,242,0.0,18,6,5,37.3,36.7,70.3,45.5,44.5,13.1,49.31666666666666,46.833333333333336,39.40833333333333
2026-05-17 19:00:00,18.9,30.4,79,1002.0,9.0,235,0.0,19,6,5,33.2,22.8,59.9,39.8,27.2,12.7,43.133333333333326,45.80833333333334,38.9375
2026-05-17 20:00:00,41.7,29.8,85,1001.8,4.3,156,0.0,20,6,5,18.9,37.3,68.9,42.9,12.0,12.0,36.300000000000004,44.06666666666666,38.59166666666667
2026-05-17 21:00:00,40.3,29.3,87,1001.4,3.2,124,0.0,21,6,5,41.7,33.2,36.7,35.2,35.1,12.0,31.766666666666666,43.96666666666667,39.829166666666666
2026-05-17 22:00:00,77.9,28.6,91,1001.2,0.6,124,0.0,22,6,5,40.3,18.9,22.8,51.0,32.3,12.0,32.36666666666667,44.39166666666667,40.045833333333334
2026-05-17 23:00:00,40.7,28.1,94,1001.7,1.6,96,0.0,23,6,5,77.9,41.7,37.3,51.7,25.0,24.9,41.550000000000004,46.63333333333333,41.94583333333333
2026-05-18 00:00:00,38.2,27.6,97,1001.8,2.8,101,0.0,0,0,5,40.7,40.3,33.2,70.3,21.5,13.8,42.11666666666667,45.71666666666667,42.6
2026-05-18 01:00:00,12.0,27.8,89,1002.3,5.1,10,0.0,1,0,5,38.2,77.9,18.9,59.9,24.7,12.1,42.95000000000001,43.041666666666664,43.29583333333334
2026-05-18 02:00:00,50.3,31.2,59,1003.5,2.3,23,0.0,2,0,5,12.0,40.7,41.7,68.9,42.4,12.0,41.800000000000004,39.050000000000004,42.76666666666667
2026-05-18 03:00:00,30.8,33.9,38,1003.9,6.2,338,0.0,3,0,5,50.3,38.2,40.3,36.7,45.8,22.5,43.23333333333334,37.5,43.09583333333333
2026-05-18 04:00:00,45.2,35.4,34,1004.3,5.8,324,0.0,4,0,5,30.8,12.0,77.9,22.8,33.2,22.1,41.65,37.00833333333333,42.47083333333334
2026-05-18 05:00:00,52.9,37.2,30,1004.3,5.4,307,0.0,5,0,5,45.2,50.3,40.7,37.3,40.1,16.2,36.199999999999996,38.875,42.97083333333333
2026-05-18 06:00:00,39.7,38.3,29,1003.8,7.7,269,0.0,6,0,5,52.9,30.8,38.2,33.2,45.5,54.6,38.233333333333334,40.175000000000004,43.50416666666666
2026-05-18 07:00:00,46.7,38.5,31,1003.4,10.8,259,0.0,7,0,5,39.7,45.2,12.0,18.9,39.8,41.5,38.483333333333334,40.71666666666667,43.262499999999996
2026-05-18 08:00:00,41.9,39.4,26,1002.6,10.4,270,0.0,8,0,5,46.7,52.9,50.3,41.7,42.9,54.5,44.26666666666667,43.03333333333334,43.550000000000004
2026-05-18 09:00:00,48.0,40.4,18,1001.8,10.3,283,0.0,9,0,5,41.9,39.7,30.8,40.3,35.2,45.5,42.86666666666667,43.050000000000004,43.50833333333333
2026-05-18 10:00:00,74.0,40.3,19,1001.3,10.7,276,0.0,10,0,5,48.0,46.7,45.2,77.9,51.0,62.0,45.73333333333333,43.69166666666667,44.041666666666664
2026-05-18 11:00:00,48.2,39.0,26,1000.8,11.1,257,0.0,11,0,5,74.0,41.9,52.9,40.7,51.7,61.7,50.53333333333334,43.36666666666667,45.0
2026-05-18 12:00:00,49.3,36.3,37,1000.8,13.4,239,0.0,12,0,5,48.2,48.0,39.7,38.2,70.3,91.1,49.75,43.99166666666667,44.854166666666664
2026-05-18 13:00:00,42.8,33.0,54,1001.2,13.8,239,0.0,13,0,5,49.3,74.0,46.7,12.0,59.9,79.1,51.35,44.916666666666664,43.979166666666664
2026-05-18 14:00:00,38.5,31.4,64,1001.5,12.8,238,0.0,14,0,5,42.8,48.2,41.9,50.3,68.9,56.2,50.699999999999996,47.48333333333333,43.26666666666667
2026-05-18 15:00:00,42.2,30.9,69,1002.1,11.6,222,0.0,15,0,5,38.5,49.3,48.0,30.8,36.7,47.6,50.13333333333333,46.5,42.0
2026-05-18 16:00:00,39.6,30.5,69,1002.6,10.1,221,0.0,16,0,5,42.2,42.8,74.0,45.2,22.8,24.2,49.166666666666664,47.449999999999996,42.229166666666664
2026-05-18 17:00:00,43.0,30.3,70,1002.8,12.1,233,0.0,17,0,5,39.6,38.5,48.2,52.9,37.3,60.0,43.43333333333334,46.98333333333334,42.92916666666667
2026-05-18 18:00:00,37.0,30.0,74,1002.3,9.1,216,0.0,18,0,5,43.0,42.2,49.3,39.7,33.2,44.5,42.56666666666667,46.15833333333333,43.166666666666664
2026-05-18 19:00:00,30.2,29.4,81,1001.8,9.7,179,0.0,19,0,5,37.0,39.6,42.8,46.7,18.9,27.2,40.516666666666666,45.93333333333334,43.324999999999996
2026-05-18 20:00:00,33.3,29.2,86,1001.4,9.1,198,0.0,20,0,5,30.2,43.0,38.5,41.9,41.7,12.0,38.41666666666667,44.55833333333334,43.79583333333333
2026-05-18 21:00:00,25.2,29.0,88,1001.1,6.3,195,0.0,21,0,5,33.3,37.0,42.2,48.0,40.3,35.1,37.55,43.84166666666667,43.44583333333333
2026-05-18 22:00:00,12.7,28.3,91,1001.2,2.2,145,0.0,22,0,5,25.2,30.2,39.6,74.0,77.9,32.3,34.71666666666666,41.94166666666667,42.81666666666666
2026-05-18 23:00:00,31.0,27.6,94,1001.6,2.3,180,0.0,23,0,5,12.7,33.3,43.0,48.2,40.7,25.0,30.233333333333334,36.83333333333333,40.1
2026-05-19 00:00:00,12.0,27.7,90,1001.7,4.9,234,0.0,0,1,5,31.0,25.2,37.0,49.3,38.2,21.5,28.233333333333334,35.4,39.69583333333333
2026-05-19 01:00:00,13.7,28.3,66,1002.7,7.8,265,0.0,1,1,5,12.0,12.7,30.2,42.8,12.0,24.7,24.066666666666666,32.291666666666664,38.604166666666664
2026-05-19 02:00:00,49.4,31.1,44,1003.7,6.2,277,0.0,2,1,5,13.7,31.0,33.3,38.5,50.3,42.4,21.316666666666666,29.86666666666667,38.675000000000004
2026-05-19 03:00:00,25.5,33.2,32,1004.2,7.1,313,0.0,3,1,5,49.4,12.0,25.2,42.2,30.8,45.8,24.0,30.775000000000002,38.637499999999996
2026-05-19 04:00:00,45.3,35.0,29,1004.6,5.9,317,0.0,4,1,5,25.5,13.7,12.7,39.6,45.2,33.2,24.05,29.383333333333336,38.416666666666664
2026-05-19 05:00:00,61.9,36.9,25,1004.8,5.7,298,0.0,5,1,5,45.3,49.4,31.0,43.0,52.9,40.1,29.483333333333334,29.858333333333334,38.42083333333333
2026-05-19 06:00:00,25.2,38.6,23,1004.6,6.5,268,0.0,6,1,5,61.9,25.5,12.0,37.0,39.7,45.5,34.63333333333333,31.433333333333334,38.795833333333334
2026-05-19 07:00:00,46.6,39.0,24,1004.0,9.4,253,0.0,7,1,5,25.2,45.3,13.7,30.2,46.7,39.8,36.833333333333336,30.45,38.19166666666667
2026-05-19 08:00:00,52.0,38.7,26,1003.4,12.0,248,0.0,8,1,5,46.6,61.9,49.4,33.3,41.9,42.9,42.31666666666666,31.816666666666666,38.1875
2026-05-19 09:00:00,45.6,38.4,27,1002.6,12.8,239,0.0,9,1,5,52.0,25.2,25.5,25.2,48.0,35.2,42.75,33.375,38.608333333333334
2026-05-19 10:00:00,67.4,37.1,36,1002.0,15.2,216,0.0,10,1,5,45.6,46.6,45.3,12.7,74.0,51.0,46.1,35.075,38.50833333333333
2026-05-19 11:00:00,42.6,35.1,42,1001.8,16.3,217,0.0,11,1,5,67.4,52.0,61.9,31.0,48.2,51.7,49.78333333333334,39.63333333333333,38.233333333333334
2026-05-19 12:00:00,49.6,33.2,54,1002.0,17.3,223,0.0,12,1,5,42.6,45.6,25.2,12.0,49.3,70.3,46.56666666666667,40.6,38.0
2026-05-19 13:00:00,28.9,31.0,68,1002.3,18.2,222,0.0,13,1,5,49.6,67.4,46.6,13.7,42.8,59.9,50.63333333333333,43.73333333333334,38.0125
2026-05-19 14:00:00,28.9,30.0,74,1002.8,16.4,226,0.0,14,1,5,28.9,42.6,52.0,49.4,38.5,68.9,47.68333333333334,45.0,37.43333333333333
2026-05-19 15:00:00,37.1,29.6,78,1003.4,16.2,221,0.0,15,1,5,28.9,49.6,45.6,25.5,42.2,36.7,43.833333333333336,43.291666666666664,37.03333333333333
2026-05-19 16:00:00,16.2,29.5,79,1004.2,16.8,222,0.0,16,1,5,37.1,28.9,67.4,45.3,39.6,22.8,42.416666666666664,44.25833333333333,36.82083333333333
2026-05-19 17:00:00,17.1,29.3,81,1004.6,15.9,215,0.0,17,1,5,16.2,28.9,42.6,61.9,43.0,37.3,33.88333333333333,41.833333333333336,35.84583333333333
2026-05-19 18:00:00,12.0,29.3,81,1004.9,15.5,230,0.0,18,1,5,17.1,37.1,49.6,25.2,37.0,33.2,29.633333333333336,38.1,34.766666666666666
2026-05-19 19:00:00,36.0,29.1,82,1003.7,15.7,219,0.0,19,1,5,12.0,16.2,28.9,46.6,30.2,18.9,23.366666666666664,37.0,33.725
2026-05-19 20:00:00,12.0,28.9,84,1003.2,13.7,224,0.0,20,1,5,36.0,17.1,28.9,52.0,33.3,41.7,24.55,36.11666666666667,33.96666666666666
2026-05-19 21:00:00,12.0,28.9,83,1002.6,13.2,223,0.0,21,1,5,12.0,12.0,37.1,45.6,25.2,40.3,21.733333333333334,32.78333333333333,33.079166666666666
2026-05-19 22:00:00,17.9,28.8,83,1002.5,12.7,225,0.0,22,1,5,12.0,36.0,16.2,67.4,12.7,77.9,17.55,29.98333333333333,32.52916666666666
2026-05-19 23:00:00,12.0,28.7,84,1002.9,12.0,230,0.0,23,1,5,17.9,12.0,17.1,42.6,31.0,40.7,17.833333333333332,25.858333333333334,32.74583333333333
2026-05-20 00:00:00,12.0,28.6,85,1003.0,11.1,224,0.0,0,2,5,12.0,12.0,12.0,49.6,12.0,38.2,16.983333333333334,23.308333333333334,31.954166666666666
2026-05-20 01:00:00,12.0,28.9,83,1003.6,11.6,227,0.0,1,2,5,12.0,17.9,36.0,28.9,13.7,12.0,16.983333333333334,20.175,31.954166666666666
2026-05-20 02:00:00,12.0,30.1,76,1004.6,13.0,231,0.0,2,2,5,12.0,12.0,12.0,28.9,49.4,50.3,12.983333333333334,18.76666666666667,31.88333333333333
2026-05-20 03:00:00,12.0,31.4,68,1004.9,13.6,234,0.0,3,2,5,12.0,12.0,12.0,37.1,25.5,30.8,12.983333333333334,17.358333333333334,30.325
2026-05-20 04:00:00,14.5,32.6,61,1005.3,13.5,236,0.0,4,2,5,12.0,12.0,17.9,16.2,45.3,45.2,12.983333333333334,15.266666666666667,29.7625
2026-05-20 05:00:00,15.3,33.6,57,1005.2,14.5,234,0.0,5,2,5,14.5,12.0,12.0,17.1,61.9,52.9,12.416666666666666,15.125,28.479166666666668
2026-05-20 06:00:00,30.8,34.4,54,1005.2,14.8,234,0.0,6,2,5,15.3,12.0,12.0,12.0,25.2,39.7,12.966666666666667,14.975,26.537499999999998
2026-05-20 07:00:00,39.9,34.8,52,1004.6,16.0,232,0.0,7,2,5,30.8,14.5,12.0,36.0,46.6,46.7,16.099999999999998,16.541666666666668,26.770833333333332
2026-05-20 08:00:00,51.4,34.9,50,1003.9,17.2,229,0.0,8,2,5,39.9,15.3,12.0,12.0,52.0,41.9,20.75,16.866666666666667,26.491666666666664
2026-05-20 09:00:00,31.0,34.5,52,1003.2,18.2,228,0.0,9,2,5,51.4,30.8,12.0,12.0,45.6,48.0,27.316666666666666,20.150000000000002,26.46666666666667
2026-05-20 10:00:00,49.9,34.2,52,1002.4,17.2,224,0.0,10,2,5,31.0,39.9,14.5,17.9,67.4,74.0,30.483333333333334,21.733333333333334,25.858333333333334
2026-05-20 11:00:00,41.1,33.8,54,1002.0,17.7,213,0.0,11,2,5,49.9,51.4,15.3,12.0,42.6,48.2,36.38333333333333,24.400000000000002,25.129166666666666
2026-05-20 12:00:00,40.8,32.5,55,1002.1,18.2,210,0.0,12,2,5,41.1,31.0,30.8,12.0,49.6,49.3,40.68333333333333,26.825,25.066666666666666
2026-05-20 13:00:00,35.4,30.9,67,1002.5,17.9,216,0.0,13,2,5,40.8,49.9,39.9,12.0,28.9,42.8,42.35,29.224999999999998,24.7
2026-05-20 14:00:00,36.7,29.9,75,1003.1,18.8,212,0.0,14,2,5,35.4,41.1,51.4,12.0,28.9,38.5,41.6,31.174999999999997,24.97083333333333
2026-05-20 15:00:00,41.3,29.6,78,1003.7,18.1,212,0.0,15,2,5,36.7,40.8,31.0,12.0,37.1,42.2,39.15,33.233333333333334,25.295833333333334
2026-05-20 16:00:00,31.4,29.6,78,1004.2,17.8,214,0.0,16,2,5,41.3,35.4,49.9,14.5,16.2,39.6,40.86666666666667,35.675,25.47083333333333
2026-05-20 17:00:00,17.6,29.5,78,1004.4,17.2,213,0.0,17,2,5,31.4,36.7,41.1,15.3,17.1,43.0,37.78333333333334,37.083333333333336,26.104166666666668
2026-05-20 18:00:00,12.0,29.5,77,1004.2,15.4,221,0.0,18,2,5,17.6,41.3,40.8,30.8,12.0,37.0,33.86666666666667,37.275,26.125
2026-05-20 19:00:00,12.0,29.2,79,1003.5,15.8,215,0.0,19,2,5,12.0,31.4,35.4,39.9,36.0,30.2,29.066666666666666,35.708333333333336,26.125
2026-05-20 20:00:00,17.3,29.0,80,1003.2,13.8,219,0.0,20,2,5,12.0,17.6,36.7,51.4,12.0,33.3,25.166666666666668,33.38333333333333,25.125
2026-05-20 21:00:00,12.7,29.0,79,1003.0,12.4,223,0.0,21,2,5,17.3,12.0,41.3,31.0,12.0,25.2,21.933333333333334,30.541666666666668,25.345833333333335
2026-05-20 22:00:00,12.0,28.9,80,1003.0,11.3,224,0.0,22,2,5,12.7,12.0,31.4,49.9,17.9,12.7,17.166666666666668,29.016666666666666,25.375
2026-05-20 23:00:00,12.0,28.7,81,1003.4,11.1,226,0.0,23,2,5,12.0,17.3,17.6,41.1,12.0,31.0,13.933333333333332,25.85833333333333,25.129166666666666
2026-05-21 00:00:00,12.0,28.5,83,1003.7,9.9,224,0.0,0,3,5,12.0,12.7,12.0,40.8,12.0,12.0,13.0,23.433333333333334,25.129166666666666
2026-05-21 01:00:00,12.0,28.9,81,1004.5,10.0,231,0.0,1,3,5,12.0,12.0,12.0,35.4,12.0,13.7,13.0,21.033333333333335,25.129166666666666
2026-05-21 02:00:00,32.7,30.1,74,1005.3,11.2,240,0.0,2,3,5,12.0,12.0,17.3,36.7,12.0,49.4,13.0,19.083333333333332,25.129166666666666
2026-05-21 03:00:00,12.0,31.6,66,1005.7,10.7,243,0.0,3,3,5,32.7,12.0,12.7,41.3,12.0,25.5,15.566666666666668,18.75,25.99166666666667
2026-05-21 04:00:00,35.7,33.0,60,1005.8,10.5,248,0.0,4,3,5,12.0,12.0,12.0,31.4,14.5,45.3,15.450000000000001,16.308333333333334,25.99166666666667
2026-05-21 05:00:00,12.0,34.1,55,1005.9,11.2,255,0.0,5,3,5,35.7,32.7,12.0,17.6,15.3,61.9,19.400000000000002,16.666666666666668,26.875
2026-05-21 06:00:00,26.0,34.7,53,1005.8,12.1,253,0.0,6,3,5,12.0,12.0,12.0,12.0,30.8,25.2,19.400000000000002,16.2,26.737499999999997
2026-05-21 07:00:00,17.5,34.8,51,1005.4,12.3,243,0.0,7,3,5,26.0,35.7,12.0,12.0,39.9,46.6,21.733333333333334,17.366666666666667,26.537499999999998
2026-05-21 08:00:00,48.0,35.5,47,1004.5,12.7,243,0.0,8,3,5,17.5,12.0,32.7,17.3,51.4,52.0,22.650000000000002,17.825,25.604166666666668
2026-05-21 09:00:00,40.6,35.9,44,1003.4,12.5,247,0.0,9,3,5,48.0,26.0,12.0,12.7,31.0,45.6,25.2,20.383333333333336,25.462499999999995
2026-05-21 10:00:00,52.3,36.1,42,1002.6,11.5,241,0.0,10,3,5,40.6,17.5,35.7,12.0,49.9,67.4,29.96666666666667,22.708333333333332,25.862499999999997
2026-05-21 11:00:00,51.1,35.1,46,1002.2,11.8,232,0.0,11,3,5,52.3,48.0,12.0,12.0,41.1,42.6,32.733333333333334,26.066666666666666,25.962500000000002
2026-05-21 12:00:00,64.5,34.4,49,1002.2,12.8,238,0.0,12,3,5,51.1,40.6,26.0,12.0,40.8,49.6,39.25,29.325,26.379166666666663
2026-05-21 13:00:00,50.6,32.6,57,1002.7,13.1,222,0.0,13,3,5,64.5,52.3,17.5,12.0,35.4,28.9,45.666666666666664,33.699999999999996,27.366666666666664
2026-05-21 14:00:00,45.0,31.2,64,1003.3,11.7,218,0.0,14,3,5,50.6,51.1,48.0,32.7,36.7,28.9,51.18333333333333,36.916666666666664,28.0
2026-05-21 15:00:00,46.6,30.7,70,1003.9,12.6,217,0.0,15,3,5,45.0,64.5,40.6,12.0,41.3,37.1,50.68333333333333,37.94166666666667,28.34583333333333
2026-05-21 16:00:00,14.4,30.2,75,1004.4,14.1,223,0.0,16,3,5,46.6,50.6,52.3,35.7,31.4,16.2,51.68333333333334,40.825,28.566666666666666
2026-05-21 17:00:00,29.9,29.8,79,1004.7,14.3,226,0.0,17,3,5,14.4,45.0,51.1,12.0,17.6,17.1,45.36666666666667,39.050000000000004,27.858333333333334
2026-05-21 18:00:00,30.0,29.7,81,1004.4,12.9,235,0.0,18,3,5,29.9,46.6,64.5,26.0,12.0,12.0,41.833333333333336,40.541666666666664,28.370833333333337
2026-05-21 19:00:00,27.0,29.4,81,1004.2,10.1,231,0.0,19,3,5,30.0,14.4,50.6,17.5,12.0,36.0,36.083333333333336,40.875,29.120833333333337
2026-05-21 20:00:00,20.6,29.1,84,1004.3,7.9,237,0.0,20,3,5,27.0,29.9,45.0,48.0,17.3,12.0,32.15,41.666666666666664,29.745833333333337
2026-05-21 21:00:00,26.7,29.0,85,1004.3,8.7,232,0.0,21,3,5,20.6,30.0,46.6,40.6,12.7,12.0,28.083333333333332,39.38333333333333,29.88333333333333
2026-05-21 22:00:00,12.0,28.9,86,1004.7,9.4,232,0.0,22,3,5,26.7,27.0,14.4,52.3,12.0,17.9,24.766666666666666,38.225,30.46666666666667
2026-05-21 23:00:00,13.1,28.9,85,1005.4,9.4,230,0.0,23,3,5,12.0,20.6,29.9,51.1,12.0,12.0,24.366666666666664,34.86666666666667,30.46666666666667
2026-05-22 00:00:00,12.0,28.8,85,1005.8,9.1,231,0.0,0,4,5,13.1,26.7,30.0,64.5,12.0,12.0,21.566666666666666,31.700000000000003,30.512500000000003
2026-05-22 01:00:00,12.0,29.1,83,1006.3,9.4,235,0.0,1,4,5,12.0,12.0,27.0,50.6,12.0,12.0,18.566666666666666,27.325,30.512500000000003
2026-05-22 02:00:00,12.0,30.3,75,1007.1,9.1,240,0.0,2,4,5,12.0,13.1,20.6,45.0,32.7,12.0,16.066666666666666,24.108333333333334,30.512500000000003
2026-05-22 03:00:00,31.4,31.4,68,1007.5,8.8,250,0.0,3,4,5,12.0,12.0,26.7,46.6,12.0,12.0,14.633333333333335,21.358333333333334,29.650000000000002
2026-05-22 04:00:00,41.6,32.8,60,1007.9,9.8,250,0.0,4,4,5,31.4,12.0,12.0,14.4,35.7,14.5,15.416666666666666,20.091666666666665,30.458333333333332
2026-05-22 05:00:00,33.4,33.9,55,1008.1,11.1,245,0.0,5,4,5,41.6,12.0,13.1,29.9,12.0,15.3,20.349999999999998,22.358333333333334,30.70416666666667
2026-05-22 06:00:00,42.9,35.3,49,1007.7,12.3,245,0.0,6,4,5,33.4,31.4,12.0,30.0,26.0,30.8,23.73333333333333,22.650000000000002,31.595833333333335
2026-05-22 07:00:00,33.6,35.6,47,1007.1,13.7,247,0.0,7,4,5,42.9,41.6,12.0,27.0,17.5,39.9,28.88333333333333,23.724999999999998,32.300000000000004
2026-05-22 08:00:00,46.8,35.8,46,1006.7,14.8,239,0.0,8,4,5,33.6,33.4,12.0,20.6,48.0,51.4,32.48333333333333,24.275000000000002,32.97083333333334
2026-05-22 09:00:00,30.8,35.7,48,1005.9,15.7,236,0.0,9,4,5,46.8,42.9,31.4,26.7,40.6,31.0,38.28333333333333,26.458333333333332,32.920833333333334
2026-05-22 10:00:00,56.5,35.3,50,1005.4,16.0,229,0.0,10,4,5,30.8,33.6,41.6,12.0,52.3,49.9,38.18333333333334,26.799999999999997,32.5125
2026-05-22 11:00:00,57.9,34.7,51,1004.9,15.9,225,0.0,11,4,5,56.5,46.8,33.4,13.1,51.1,41.1,40.666666666666664,30.50833333333333,32.6875
2026-05-22 12:00:00,43.9,34.5,49,1004.9,16.5,224,0.0,12,4,5,57.9,30.8,42.9,12.0,64.5,40.8,44.75,34.24166666666667,32.97083333333334
2026-05-22 13:00:00,48.9,32.7,58,1005.5,17.2,212,0.0,13,4,5,43.9,56.5,33.6,12.0,50.6,35.4,44.916666666666664,36.9,32.1125
2026-05-22 14:00:00,44.6,31.4,65,1006.2,17.6,208,0.0,14,4,5,48.9,57.9,46.8,12.0,45.0,36.7,47.46666666666666,39.975,32.041666666666664
2026-05-22 15:00:00,38.7,31.1,70,1006.7,17.0,210,0.0,15,4,5,44.6,43.9,30.8,31.4,46.6,41.3,47.1,42.69166666666666,32.025
2026-05-22 16:00:00,27.4,30.6,74,1007.0,16.7,213,0.0,16,4,5,38.7,48.9,56.5,41.6,14.4,31.4,48.416666666666664,43.300000000000004,31.695833333333336
2026-05-22 17:00:00,21.2,30.4,76,1007.3,15.7,225,0.0,17,4,5,27.4,44.6,57.9,33.4,29.9,17.6,43.56666666666666,42.11666666666667,32.237500000000004
2026-05-22 18:00:00,12.0,30.3,78,1006.6,15.2,219,0.0,18,4,5,21.2,38.7,43.9,42.9,30.0,12.0,37.45,41.1,31.874999999999996
2026-05-22 19:00:00,39.3,29.9,80,1006.4,11.5,228,0.0,19,4,5,12.0,27.4,48.9,33.6,27.0,12.0,32.13333333333333,38.525,31.125
2026-05-22 20:00:00,29.1,29.8,81,1006.6,10.7,222,0.0,20,4,5,39.3,21.2,44.6,46.8,20.6,17.3,30.53333333333333,39.0,31.637500000000003
2026-05-22 21:00:00,12.0,29.7,81,1006.7,12.1,220,0.0,21,4,5,29.1,12.0,38.7,30.8,26.7,12.7,27.95,37.525,31.99166666666667
2026-05-22 22:00:00,12.0,29.7,81,1007.0,11.8,227,0.0,22,4,5,12.0,39.3,27.4,56.5,12.0,12.0,23.5,35.958333333333336,31.379166666666666
2026-05-22 23:00:00,12.0,29.6,82,1007.2,10.3,234,0.0,23,4,5,12.0,29.1,21.2,57.9,13.1,12.0,20.933333333333334,32.25,31.379166666666666
2026-05-23 00:00:00,25.7,29.8,81,1006.8,10.4,225,0.0,0,5,5,12.0,12.0,12.0,43.9,12.0,12.0,19.400000000000002,28.424999999999997,31.333333333333332
2026-05-23 01:00:00,12.0,30.0,80,1007.3,10.5,229,0.0,1,5,5,25.7,12.0,39.3,48.9,12.0,12.0,21.683333333333334,26.90833333333333,31.904166666666665
2026-05-23 02:00:00,12.0,31.2,74,1008.1,12.3,238,0.0,2,5,5,12.0,12.0,29.1,44.6,12.0,32.7,17.133333333333333,23.833333333333332,31.904166666666665
2026-05-23 03:00:00,12.0,32.6,67,1008.7,13.2,239,0.0,3,5,5,12.0,25.7,12.0,38.7,31.4,12.0,14.283333333333331,21.116666666666667,31.904166666666665
2026-05-23 04:00:00,26.8,33.7,62,1009.0,13.2,244,0.0,4,5,5,12.0,12.0,12.0,27.4,41.6,35.7,14.283333333333331,18.891666666666666,31.09583333333333
2026-05-23 05:00:00,24.4,34.7,58,1009.1,13.2,248,0.0,5,5,5,26.8,12.0,12.0,21.2,33.4,12.0,16.75,18.841666666666665,30.479166666666668
2026-05-23 06:00:00,22.4,34.3,52,1008.7,12.4,251,0.0,6,5,5,24.4,12.0,25.7,12.0,42.9,26.0,18.816666666666666,19.10833333333333,30.104166666666668
2026-05-23 07:00:00,33.3,36.2,48,1008.4,11.2,251,0.0,7,5,5,22.4,26.8,12.0,39.3,33.6,17.5,18.266666666666666,19.974999999999998,29.25
2026-05-23 08:00:00,45.9,36.3,46,1007.5,13.0,248,0.0,8,5,5,33.3,24.4,12.0,29.1,46.8,48.0,21.816666666666666,19.474999999999998,29.237499999999997
2026-05-23 09:00:00,40.4,36.4,46,1006.4,13.2,239,0.0,9,5,5,45.9,22.4,12.0,12.0,30.8,40.6,27.46666666666667,20.875,29.2
2026-05-23 10:00:00,56.1,36.1,47,1005.6,13.4,230,0.0,10,5,5,40.4,33.3,26.8,12.0,56.5,52.3,32.199999999999996,23.241666666666664,29.599999999999998
2026-05-23 11:00:00,44.3,35.2,51,1005.0,14.7,233,0.0,11,5,5,56.1,45.9,24.4,12.0,57.9,51.1,37.083333333333336,26.916666666666668,29.583333333333332
2026-05-23 12:00:00,55.2,34.7,52,1004.5,15.7,225,0.0,12,5,5,44.3,40.4,22.4,25.7,43.9,64.5,40.4,29.608333333333334,29.016666666666666
2026-05-23 13:00:00,46.8,32.9,60,1004.9,14.2,213,0.0,13,5,5,55.2,56.1,33.3,12.0,48.9,50.6,45.86666666666667,32.06666666666667,29.4875
2026-05-23 14:00:00,63.9,31.7,70,1005.4,14.0,222,0.0,14,5,5,46.8,44.3,45.9,12.0,44.6,45.0,48.11666666666667,34.96666666666667,29.400000000000002
2026-05-23 15:00:00,41.6,31.1,74,1005.9,15.4,221,0.0,15,5,5,63.9,55.2,40.4,12.0,38.7,46.6,51.11666666666667,39.291666666666664,30.204166666666666
2026-05-23 16:00:00,35.9,31.0,76,1006.3,14.1,224,0.0,16,5,5,41.6,46.8,56.1,26.8,27.4,14.4,51.31666666666666,41.75833333333333,30.325
2026-05-23 17:00:00,42.4,30.8,77,1006.6,15.7,226,0.0,17,5,5,35.9,63.9,44.3,24.4,21.2,29.9,47.949999999999996,42.516666666666666,30.679166666666664
2026-05-23 18:00:00,12.3,30.6,79,1006.4,16.3,232,0.0,18,5,5,42.4,41.6,55.2,22.4,12.0,30.0,47.63333333333333,44.01666666666666,31.5625
2026-05-23 19:00:00,25.8,30.3,81,1006.2,16.4,238,0.0,19,5,5,12.3,35.9,46.8,33.3,39.3,27.0,40.483333333333334,43.175000000000004,31.575000000000003
2026-05-23 20:00:00,22.2,30.2,81,1006.6,15.9,236,0.0,20,5,5,25.8,42.4,63.9,45.9,29.1,20.6,36.983333333333334,42.55,31.0125
2026-05-23 21:00:00,12.0,30.2,80,1006.6,16.6,233,0.0,21,5,5,22.2,12.3,41.6,40.4,12.0,26.7,30.03333333333333,40.574999999999996,30.724999999999998
2026-05-23 22:00:00,12.0,30.0,81,1006.6,14.8,237,0.0,22,5,5,12.0,25.8,35.9,56.1,12.0,12.0,25.099999999999998,38.208333333333336,30.724999999999998
2026-05-23 23:00:00,12.0,30.0,80,1006.8,14.3,241,0.0,23,5,5,12.0,22.2,42.4,44.3,12.0,13.1,21.116666666666664,34.53333333333333,30.724999999999998
2026-05-24 00:00:00,12.0,29.7,82,1006.9,13.5,240,0.0,0,6,5,12.0,12.0,12.3,55.2,25.7,12.0,16.05,31.841666666666665,30.724999999999998
2026-05-24 01:00:00,12.0,30.0,80,1007.4,13.8,252,0.0,1,6,5,12.0,12.0,25.8,46.8,12.0,12.0,16.0,28.241666666666664,30.15416666666667
2026-05-24 02:00:00,12.0,31.1,73,1007.9,14.8,260,0.0,2,6,5,12.0,12.0,22.2,63.9,12.0,12.0,13.699999999999998,25.341666666666665,30.15416666666667
2026-05-24 03:00:00,12.0,32.4,65,1008.3,15.2,263,0.0,3,6,5,12.0,12.0,12.0,41.6,12.0,31.4,12.0,21.01666666666667,30.15416666666667
2026-05-24 04:00:00,15.8,33.6,61,1008.7,15.3,261,0.0,4,6,5,12.0,12.0,12.0,35.9,26.8,41.6,12.0,18.55,30.15416666666667
2026-05-24 05:00:00,12.0,34.6,57,1009.0,15.2,256,0.0,5,6,5,15.8,12.0,12.0,42.4,24.4,33.4,12.633333333333335,16.875,29.69583333333333
2026-05-24 06:00:00,20.3,34.9,52,1009.0,16.2,251,0.0,6,6,5,12.0,12.0,12.0,12.3,22.4,42.9,12.633333333333335,14.341666666666667,29.179166666666664
2026-05-24 07:00:00,43.1,35.9,50,1008.4,16.3,247,0.7,7,6,5,20.3,15.8,12.0,25.8,33.3,33.6,14.016666666666667,15.008333333333333,29.091666666666665
2026-05-24 08:00:00,14.3,36.5,47,1007.5,17.1,240,0.0,8,6,5,43.1,12.0,12.0,22.2,45.9,46.8,19.2,16.45,29.5
2026-05-24 09:00:00,19.0,36.4,48,1006.5,17.3,234,0.0,9,6,5,14.3,20.3,12.0,12.0,40.4,30.8,19.583333333333332,15.791666666666666,28.183333333333334
2026-05-24 10:00:00,41.3,35.8,50,1005.8,16.8,233,0.0,10,6,5,19.0,43.1,15.8,12.0,56.1,56.5,20.75,16.375,27.291666666666668
2026-05-24 11:00:00,56.5,35.1,52,1005.5,16.7,233,0.0,11,6,5,41.3,14.3,12.0,12.0,44.3,57.9,25.0,18.816666666666666,26.675
2026-05-24 12:00:00,53.0,34.1,56,1005.6,16.5,226,0.0,12,6,5,56.5,19.0,20.3,12.0,55.2,43.9,32.416666666666664,22.524999999999995,27.183333333333334
2026-05-24 13:00:00,48.1,32.5,65,1005.5,16.3,218,0.0,13,6,5,53.0,41.3,43.1,12.0,46.8,48.9,37.86666666666667,25.941666666666663,27.09166666666667
2026-05-24 14:00:00,77.8,31.4,70,1006.0,14.9,218,0.0,14,6,5,48.1,56.5,14.3,12.0,63.9,44.6,38.699999999999996,28.95,27.145833333333332
2026-05-24 15:00:00,42.3,31.1,74,1006.3,15.7,217,0.0,15,6,5,77.8,53.0,19.0,12.0,41.6,38.7,49.28333333333333,34.43333333333333,27.724999999999998
2026-05-24 16:00:00,12.0,30.7,76,1006.7,17.0,213,0.0,16,6,5,42.3,48.1,41.3,15.8,35.9,27.4,53.166666666666664,36.958333333333336,27.754166666666666
2026-05-24 17:00:00,43.0,30.5,78,1007.4,17.4,220,0.0,17,6,5,12.0,77.8,56.5,12.0,42.4,21.2,48.28333333333333,36.641666666666666,26.758333333333336
2026-05-24 18:00:00,12.0,30.6,78,1006.9,17.3,227,0.0,18,6,5,43.0,42.3,53.0,20.3,12.3,12.0,46.03333333333333,39.225,26.783333333333335
2026-05-24 19:00:00,12.0,30.3,79,1006.4,15.0,230,0.0,19,6,5,12.0,12.0,48.1,43.1,25.8,39.3,39.199999999999996,38.53333333333334,26.770833333333332
2026-05-24 20:00:00,12.0,30.1,81,1005.9,13.9,231,0.0,20,6,5,12.0,43.0,77.8,14.3,22.2,29.1,33.18333333333333,35.94166666666667,26.195833333333336
2026-05-24 21:00:00,12.0,30.0,82,1005.6,12.6,236,0.0,21,6,5,12.0,12.0,42.3,19.0,12.0,12.0,22.21666666666667,35.75,25.770833333333332
2026-05-24 22:00:00,18.0,29.9,81,1005.8,11.2,237,0.0,22,6,5,12.0,12.0,12.0,41.3,12.0,12.0,17.166666666666668,35.166666666666664,25.770833333333332
2026-05-24 23:00:00,27.5,29.7,82,1005.9,9.8,244,0.0,23,6,5,18.0,12.0,43.0,56.5,12.0,12.0,18.166666666666668,33.225,26.020833333333332
2026-05-25 00:00:00,15.5,29.5,79,1006.0,8.7,246,0.0,0,0,5,27.5,12.0,12.0,53.0,12.0,25.7,15.583333333333334,30.808333333333337,26.666666666666668
2026-05-25 01:00:00,14.2,29.5,78,1006.3,8.3,254,0.0,1,0,5,15.5,18.0,12.0,48.1,12.0,12.0,16.166666666666668,27.683333333333337,26.8125
2026-05-25 02:00:00,41.0,30.5,73,1007.1,8.4,255,0.0,2,0,5,14.2,27.5,12.0,77.8,12.0,12.0,16.533333333333335,24.858333333333334,26.904166666666665
2026-05-25 03:00:00,22.1,32.0,66,1007.6,9.1,261,0.0,3,0,5,41.0,15.5,12.0,42.3,12.0,12.0,21.366666666666664,21.791666666666668,28.112499999999997
2026-05-25 04:00:00,13.8,33.3,60,1008.0,10.5,258,0.0,4,0,5,22.1,14.2,18.0,12.0,15.8,26.8,23.05,20.10833333333333,28.53333333333333
2026-05-25 05:00:00,13.1,34.2,57,1008.0,12.0,253,0.0,5,0,5,13.8,41.0,27.5,43.0,12.0,24.4,22.349999999999998,20.258333333333336,28.45
2026-05-25 06:00:00,12.6,35.4,52,1007.5,13.2,248,0.0,6,0,5,13.1,22.1,15.5,12.0,20.3,22.4,19.95,17.76666666666667,28.495833333333334
2026-05-25 07:00:00,26.1,35.9,48,1006.5,13.8,244,0.0,7,0,5,12.6,13.8,14.2,12.0,43.1,33.3,19.46666666666667,17.816666666666666,28.175
2026-05-25 08:00:00,60.7,36.3,45,1005.7,14.9,236,0.0,8,0,5,26.1,13.1,41.0,12.0,14.3,45.9,21.45,18.99166666666667,27.46666666666667
2026-05-25 09:00:00,42.7,36.2,47,1004.8,15.8,230,0.0,9,0,5,60.7,12.6,22.1,12.0,19.0,40.4,24.733333333333334,23.05,29.399999999999995
2026-05-25 10:00:00,59.1,35.6,50,1004.0,16.1,228,0.0,10,0,5,42.7,26.1,13.8,18.0,41.3,56.1,28.166666666666668,25.608333333333334,30.3875
2026-05-25 11:00:00,41.4,34.4,57,1003.7,17.1,228,0.0,11,0,5,59.1,60.7,13.1,27.5,56.5,44.3,35.71666666666667,29.033333333333335,31.129166666666666
2026-05-25 12:00:00,49.5,33.4,63,1003.5,17.3,218,0.0,12,0,5,41.4,42.7,12.6,15.5,53.0,55.2,40.43333333333334,30.191666666666666,30.5
2026-05-25 13:00:00,43.1,31.7,72,1003.9,18.4,221,0.0,13,0,5,49.5,59.1,26.1,14.2,48.1,46.8,46.583333333333336,33.025,30.354166666666668
2026-05-25 14:00:00,23.9,30.9,77,1004.4,17.1,216,0.0,14,0,5,43.1,41.4,60.7,41.0,77.8,63.9,49.416666666666664,35.43333333333334,30.145833333333332
2026-05-25 15:00:00,44.6,30.6,80,1004.9,17.8,214,0.0,15,0,5,23.9,49.5,42.7,22.1,42.3,41.6,43.28333333333333,34.00833333333333,27.900000000000002
2026-05-25 16:00:00,17.3,30.4,80,1005.5,19.0,218,0.0,16,0,5,44.6,43.1,59.1,13.8,12.0,35.9,43.6,35.88333333333333,27.995833333333334
2026-05-25 17:00:00,22.7,30.3,80,1006.0,18.5,212,0.0,17,0,5,17.3,23.9,41.4,13.1,43.0,42.4,36.63333333333333,36.175000000000004,28.216666666666665
2026-05-25 18:00:00,17.1,30.3,81,1006.1,17.6,222,0.0,18,0,5,22.7,44.6,49.5,12.6,12.0,12.3,33.516666666666666,36.975,27.370833333333334
2026-05-25 19:00:00,20.7,30.0,81,1005.9,16.4,225,0.0,19,0,5,17.1,17.3,43.1,26.1,12.0,25.8,28.11666666666667,37.35,27.583333333333332
2026-05-25 20:00:00,12.0,29.8,81,1005.7,15.5,228,0.0,20,0,5,20.7,22.7,23.9,60.7,12.0,22.2,24.38333333333333,36.9,27.94583333333333
2026-05-25 21:00:00,12.0,29.7,81,1005.4,14.2,231,0.0,21,0,5,12.0,17.1,44.6,42.7,12.0,12.0,22.400000000000002,32.84166666666667,27.94583333333333
2026-05-25 22:00:00,12.0,29.6,80,1005.4,12.9,235,0.0,22,0,5,12.0,20.7,17.3,59.1,18.0,12.0,16.96666666666667,30.283333333333335,27.94583333333333
2026-05-25 23:00:00,12.0,29.3,81,1005.6,11.4,239,0.0,23,0,5,12.0,12.0,22.7,41.4,27.5,12.0,16.083333333333332,26.358333333333334,27.69583333333333
2026-05-26 00:00:00,13.9,29.0,81,1005.8,9.8,235,0.0,0,1,5,12.0,12.0,17.1,49.5,15.5,12.0,14.300000000000002,23.908333333333335,27.049999999999997
2026-05-26 01:00:00,32.4,29.2,80,1006.5,10.7,243,0.0,1,1,5,13.9,12.0,20.7,43.1,14.2,12.0,13.766666666666666,20.941666666666666,26.983333333333334
2026-05-26 02:00:00,12.0,30.5,72,1007.1,12.6,251,0.0,2,1,5,32.4,12.0,12.0,23.9,41.0,12.0,15.716666666666667,20.05,27.74166666666667
2026-05-26 03:00:00,12.0,31.8,65,1007.6,13.2,255,0.0,3,1,5,12.0,13.9,12.0,44.6,22.1,12.0,15.716666666666667,19.058333333333334,26.533333333333335
2026-05-26 04:00:00,12.0,33.1,60,1007.9,13.6,253,0.0,4,1,5,12.0,32.4,12.0,17.3,13.8,15.8,15.716666666666667,16.341666666666665,26.1125
2026-05-26 05:00:00,18.2,34.0,55,1007.9,13.5,247,0.0,5,1,5,12.0,12.0,12.0,22.7,13.1,12.0,15.716666666666667,15.9,26.037500000000005
2026-05-26 06:00:00,42.0,34.9,54,1007.4,13.9,240,0.0,6,1,5,18.2,12.0,13.9,17.1,12.6,20.3,16.75,15.524999999999999,26.25
2026-05-26 07:00:00,35.2,35.4,51,1006.5,14.7,239,0.0,7,1,5,42.0,12.0,32.4,20.7,26.1,43.1,21.433333333333337,17.599999999999998,27.474999999999998
2026-05-26 08:00:00,57.8,35.6,51,1005.9,15.7,236,0.0,8,1,5,35.2,18.2,12.0,12.0,60.7,14.3,21.900000000000002,18.808333333333334,27.854166666666668
2026-05-26 09:00:00,30.5,35.6,47,1004.9,16.3,233,0.0,9,1,5,57.8,42.0,12.0,12.0,42.7,19.0,29.53333333333333,22.625,27.73333333333333
2026-05-26 10:00:00,53.9,35.3,48,1004.1,16.8,229,0.0,10,1,5,30.5,35.2,12.0,12.0,59.1,41.3,32.61666666666667,24.166666666666668,27.224999999999998
2026-05-26 11:00:00,46.8,34.5,52,1003.8,16.2,228,0.0,11,1,5,53.9,57.8,18.2,12.0,41.4,56.5,39.6,27.658333333333335,27.008333333333336
2026-05-26 12:00:00,53.0,33.5,57,1003.5,14.9,226,0.0,12,1,5,46.8,30.5,42.0,13.9,49.5,53.0,44.36666666666667,30.558333333333334,27.233333333333334
2026-05-26 13:00:00,25.3,31.8,68,1004.0,15.3,218,0.0,13,1,5,53.0,53.9,35.2,32.4,43.1,48.1,46.199999999999996,33.81666666666666,27.379166666666666
2026-05-26 14:00:00,68.2,30.6,75,1004.7,16.2,211,0.0,14,1,5,25.3,46.8,57.8,12.0,23.9,77.8,44.550000000000004,33.225,26.6375
2026-05-26 15:00:00,25.4,30.1,79,1005.3,17.3,214,0.0,15,1,5,68.2,53.0,30.5,12.0,44.6,42.3,46.28333333333333,37.90833333333333,28.483333333333334
2026-05-26 16:00:00,33.2,29.9,80,1005.9,18.2,218,0.0,16,1,5,25.4,25.3,53.9,12.0,17.3,12.0,45.43333333333333,39.025,27.683333333333334
2026-05-26 17:00:00,12.0,29.8,79,1006.7,18.7,218,0.0,17,1,5,33.2,68.2,46.8,18.2,22.7,43.0,41.983333333333334,40.791666666666664,28.345833333333335
2026-05-26 18:00:00,12.0,29.7,79,1006.6,16.9,224,0.0,18,1,5,12.0,25.4,53.0,42.0,17.1,12.0,36.18333333333333,40.275,27.900000000000002
2026-05-26 19:00:00,12.0,29.6,79,1006.3,17.1,223,0.0,19,1,5,12.0,33.2,25.3,35.2,20.7,12.0,29.349999999999998,37.775,27.6875
2026-05-26 20:00:00,16.2,29.5,79,1006.0,16.7,224,0.0,20,1,5,12.0,12.0,68.2,57.8,12.0,12.0,27.133333333333336,35.84166666666667,27.325000000000003
2026-05-26 21:00:00,12.0,29.4,79,1005.9,16.3,227,0.0,21,1,5,16.2,12.0,25.4,30.5,12.0,12.0,18.466666666666665,32.375,27.5
2026-05-26 22:00:00,12.0,29.4,79,1005.8,15.8,230,0.0,22,1,5,12.0,12.0,33.2,53.9,12.0,18.0,16.233333333333334,30.833333333333332,27.5
2026-05-26 23:00:00,12.0,29.6,76,1006.1,13.5,232,0.0,23,1,5,12.0,16.2,12.0,46.8,12.0,27.5,12.699999999999998,27.341666666666665,27.5
2026-05-27 00:00:00,12.0,29.5,78,1006.2,10.5,233,0.0,0,2,5,12.0,12.0,12.0,53.0,13.9,15.5,12.699999999999998,24.441666666666666,27.5
2026-05-27 01:00:00,12.0,29.8,76,1006.8,11.8,244,0.0,1,2,5,12.0,12.0,12.0,25.3,32.4,14.2,12.699999999999998,21.025000000000002,27.42083333333333
2026-05-27 02:00:00,12.0,30.8,71,1007.7,13.0,245,0.0,2,2,5,12.0,12.0,16.2,68.2,12.0,41.0,12.699999999999998,19.916666666666668,26.57083333333333
2026-05-27 03:00:00,12.0,32.0,64,1008.4,13.2,255,0.0,3,2,5,12.0,12.0,12.0,25.4,12.0,22.1,12.0,15.233333333333334,26.57083333333333
2026-05-27 04:00:00,18.5,33.1,59,1008.6,13.3,249,0.0,4,2,5,12.0,12.0,12.0,33.2,12.0,13.8,12.0,14.116666666666667,26.57083333333333
2026-05-27 05:00:00,12.0,34.4,54,1008.7,14.2,243,0.0,5,2,5,18.5,12.0,12.0,12.0,18.2,13.1,13.083333333333334,12.891666666666667,26.841666666666665
2026-05-27 06:00:00,19.8,35.2,51,1008.5,14.7,237,0.0,6,2,5,12.0,12.0,12.0,12.0,42.0,12.6,13.083333333333334,12.891666666666667,26.583333333333332
2026-05-27 07:00:00,15.4,35.3,51,1007.9,15.7,232,0.0,7,2,5,19.8,18.5,12.0,12.0,35.2,26.1,14.383333333333335,13.541666666666666,25.658333333333335
2026-05-27 08:00:00,24.6,35.5,50,1007.1,17.0,229,0.0,8,2,5,15.4,12.0,12.0,16.2,57.8,60.7,14.950000000000001,13.825000000000001,24.833333333333332
2026-05-27 09:00:00,47.2,35.4,49,1006.0,16.9,225,0.0,9,2,5,24.6,19.8,12.0,12.0,30.5,42.7,17.05,14.524999999999999,23.450000000000003
2026-05-27 10:00:00,43.1,35.1,49,1005.4,17.0,229,0.0,10,2,5,47.2,15.4,18.5,12.0,53.9,59.1,22.916666666666668,17.458333333333332,24.145833333333332
2026-05-27 11:00:00,59.4,34.3,53,1005.0,16.8,222,0.0,11,2,5,43.1,24.6,12.0,12.0,46.8,41.4,27.01666666666667,20.05,23.69583333333333
2026-05-27 12:00:00,65.1,33.3,59,1004.9,17.7,218,0.0,12,2,5,59.4,47.2,19.8,12.0,53.0,49.5,34.916666666666664,24.0,24.22083333333333
2026-05-27 13:00:00,60.8,31.7,66,1005.0,18.4,216,0.0,13,2,5,65.1,43.1,15.4,12.0,25.3,43.1,42.46666666666666,28.425,24.724999999999998
2026-05-27 14:00:00,40.5,30.6,73,1005.5,19.8,213,0.0,14,2,5,60.8,59.4,24.6,12.0,68.2,23.9,50.03333333333333,32.49166666666667,26.20416666666667
2026-05-27 15:00:00,24.2,30.2,75,1005.9,19.8,216,0.0,15,2,5,40.5,65.1,47.2,12.0,25.4,44.6,52.68333333333334,34.86666666666667,25.05
2026-05-27 16:00:00,25.4,30.0,77,1006.5,19.9,224,0.0,16,2,5,24.2,60.8,43.1,18.5,33.2,17.3,48.849999999999994,35.88333333333333,25.0
2026-05-27 17:00:00,19.8,30.0,76,1006.9,20.2,221,0.0,17,2,5,25.4,40.5,59.4,12.0,12.0,22.7,45.9,36.458333333333336,24.674999999999997
2026-05-27 18:00:00,16.1,30.0,75,1007.0,17.7,228,0.0,18,2,5,19.8,24.2,65.1,19.8,12.0,17.1,39.3,37.108333333333334,25.0
2026-05-27 19:00:00,12.0,29.9,77,1006.7,15.9,231,0.1,19,2,5,16.1,25.4,60.8,15.4,12.0,20.7,31.133333333333336,36.8,25.170833333333334
2026-05-27 20:00:00,12.0,29.9,77,1006.3,15.9,232,0.0,20,2,5,12.0,19.8,40.5,24.6,16.2,12.0,23.0,36.516666666666666,25.170833333333334
2026-05-27 21:00:00,12.0,29.7,78,1006.0,15.0,237,0.0,21,2,5,12.0,16.1,24.2,47.2,12.0,12.0,18.25,35.46666666666666,24.995833333333337
2026-05-27 22:00:00,14.1,29.5,78,1006.0,14.0,238,0.0,22,2,5,12.0,12.0,25.4,43.1,12.0,12.0,16.216666666666665,32.53333333333333,24.995833333333337
2026-05-27 23:00:00,12.0,29.3,80,1006.1,13.8,239,0.0,23,2,5,14.1,12.0,19.8,59.4,12.0,12.0,14.333333333333334,30.116666666666664,25.083333333333332
2026-05-28 00:00:00,12.0,29.1,80,1006.1,13.9,236,0.0,0,3,5,12.0,12.0,16.1,65.1,12.0,13.9,13.033333333333331,26.166666666666668,25.083333333333332
2026-05-28 01:00:00,12.0,29.2,78,1006.5,14.6,236,0.0,1,3,5,12.0,14.1,12.0,60.8,12.0,32.4,12.35,21.741666666666664,25.083333333333332
2026-05-28 02:00:00,12.0,30.4,72,1007.3,16.1,230,0.0,2,3,5,12.0,12.0,12.0,40.5,12.0,12.0,12.35,17.675,25.083333333333332
2026-05-28 03:00:00,12.0,31.9,64,1008.1,16.6,234,0.0,3,3,5,12.0,12.0,12.0,24.2,12.0,12.0,12.35,15.300000000000002,25.083333333333332
2026-05-28 04:00:00,23.1,33.2,57,1009.0,15.9,242,0.0,4,3,5,12.0,12.0,14.1,25.4,18.5,12.0,12.35,14.283333333333333,25.083333333333332
2026-05-28 05:00:00,12.0,34.1,53,1008.9,16.1,245,0.0,5,3,5,23.1,12.0,12.0,19.8,12.0,18.2,13.85,14.091666666666667,25.275000000000002
2026-05-28 06:00:00,32.0,34.6,53,1008.4,16.1,238,0.0,6,3,5,12.0,12.0,12.0,16.1,19.8,42.0,13.85,13.441666666666668,25.275000000000002
2026-05-28 07:00:00,15.9,34.8,52,1007.6,16.9,236,0.0,7,3,5,32.0,23.1,12.0,12.0,15.4,35.2,17.183333333333334,14.766666666666666,25.78333333333333
2026-05-28 08:00:00,45.9,35.2,49,1006.5,17.7,228,0.0,8,3,5,15.9,12.0,12.0,12.0,24.6,57.8,17.833333333333332,15.091666666666667,25.804166666666664
2026-05-28 09:00:00,19.1,35.2,50,1005.4,18.6,225,0.0,9,3,5,45.9,32.0,12.0,12.0,47.2,30.5,23.483333333333334,17.916666666666668,26.691666666666666
2026-05-28 10:00:00,33.1,34.7,53,1004.8,18.7,225,0.0,10,3,5,19.1,15.9,23.1,14.1,43.1,53.9,24.666666666666668,18.508333333333336,25.520833333333332
2026-05-28 11:00:00,39.1,33.7,58,1004.2,18.9,222,0.0,11,3,5,33.1,45.9,12.0,12.0,59.4,46.8,26.333333333333332,20.091666666666665,25.104166666666668
2026-05-28 12:00:00,34.5,32.8,59,1003.9,19.0,213,0.0,12,3,5,39.1,19.1,32.0,12.0,65.1,53.0,30.850000000000005,22.349999999999998,24.258333333333336
2026-05-28 13:00:00,25.5,31.0,69,1004.0,19.1,212,0.0,13,3,5,34.5,33.1,15.9,12.0,60.8,25.3,31.26666666666667,24.224999999999998,22.983333333333334
2026-05-28 14:00:00,28.3,30.3,74,1004.4,19.0,211,0.0,14,3,5,25.5,39.1,45.9,12.0,40.5,68.2,32.86666666666667,25.349999999999998,21.512500000000003
2026-05-28 15:00:00,24.3,30.1,76,1004.9,19.7,213,0.0,15,3,5,28.3,34.5,19.1,12.0,24.2,25.4,29.933333333333334,26.708333333333332,21.004166666666666
2026-05-28 16:00:00,31.4,30.0,76,1005.6,20.4,217,0.0,16,3,5,24.3,25.5,33.1,23.1,25.4,33.2,30.8,27.733333333333334,21.008333333333336
2026-05-28 17:00:00,15.5,29.8,77,1006.4,20.3,220,0.0,17,3,5,31.4,28.3,39.1,12.0,19.8,12.0,30.51666666666667,28.425,21.258333333333333
2026-05-28 18:00:00,12.0,29.6,78,1006.3,19.8,221,0.0,18,3,5,15.5,24.3,34.5,32.0,16.1,12.0,26.583333333333332,28.71666666666667,21.079166666666666
2026-05-28 19:00:00,12.0,29.5,78,1005.9,19.6,221,0.0,19,3,5,12.0,31.4,25.5,15.9,12.0,12.0,22.833333333333332,27.05,20.908333333333335
2026-05-28 20:00:00,12.0,29.5,78,1005.4,19.1,223,0.0,20,3,5,12.0,15.5,28.3,45.9,12.0,16.2,20.583333333333332,26.724999999999998,20.908333333333335
2026-05-28 21:00:00,12.0,29.4,78,1005.2,18.6,223,0.0,21,3,5,12.0,12.0,24.3,19.1,12.0,12.0,17.866666666666667,23.900000000000002,20.908333333333335
2026-05-28 22:00:00,12.0,29.4,77,1005.3,17.3,226,0.0,22,3,5,12.0,12.0,31.4,33.1,14.1,12.0,15.816666666666668,23.308333333333334,20.908333333333335
2026-05-28 23:00:00,12.0,29.2,78,1005.4,17.0,221,0.0,23,3,5,12.0,12.0,15.5,39.1,12.0,12.0,12.583333333333334,21.55,20.820833333333333
2026-05-29 00:00:00,12.0,29.4,78,1005.5,18.2,225,0.0,0,4,5,12.0,12.0,12.0,34.5,12.0,12.0,12.0,19.291666666666668,20.820833333333333
2026-05-29 01:00:00,12.0,29.6,77,1006.1,17.3,226,0.0,1,4,5,12.0,12.0,12.0,25.5,12.0,12.0,12.0,17.416666666666668,20.820833333333333
2026-05-29 02:00:00,12.0,30.7,69,1007.2,20.2,233,0.0,2,4,5,12.0,12.0,12.0,28.3,12.0,12.0,12.0,16.291666666666668,20.820833333333333
2026-05-29 03:00:00,12.0,31.7,63,1007.5,21.4,237,0.0,3,4,5,12.0,12.0,12.0,24.3,12.0,12.0,12.0,14.933333333333332,20.820833333333333
2026-05-29 04:00:00,12.0,32.7,60,1007.6,22.0,233,0.0,4,4,5,12.0,12.0,12.0,31.4,23.1,18.5,12.0,13.908333333333331,20.820833333333333
2026-05-29 05:00:00,12.0,33.7,56,1007.5,22.4,230,0.0,5,4,5,12.0,12.0,12.0,15.5,12.0,12.0,12.0,12.291666666666666,20.358333333333334
2026-05-29 06:00:00,12.0,34.3,55,1006.9,22.8,227,0.0,6,4,5,12.0,12.0,12.0,12.0,32.0,19.8,12.0,12.0,20.358333333333334
2026-05-29 07:00:00,12.0,34.6,53,1006.1,23.1,223,0.0,7,4,5,12.0,12.0,12.0,12.0,15.9,15.4,12.0,12.0,19.525000000000002
2026-05-29 08:00:00,29.1,34.7,53,1005.1,23.0,221,0.0,8,4,5,12.0,12.0,12.0,12.0,45.9,24.6,12.0,12.0,19.3625
2026-05-29 09:00:00,45.5,34.6,54,1004.4,22.4,225,0.0,9,4,5,29.1,12.0,12.0,12.0,19.1,47.2,14.85,13.425000000000002,18.6625
2026-05-29 10:00:00,23.9,34.0,57,1003.7,22.8,221,0.0,10,4,5,45.5,12.0,12.0,12.0,33.1,43.1,20.433333333333334,16.21666666666667,19.7625
2026-05-29 11:00:00,12.0,33.3,60,1003.0,23.7,217,0.0,11,4,5,23.9,29.1,12.0,12.0,39.1,59.4,22.416666666666668,17.208333333333332,19.379166666666666
2026-05-29 12:00:00,23.3,32.5,62,1003.0,23.5,217,0.0,12,4,5,12.0,45.5,12.0,12.0,34.5,65.1,22.416666666666668,17.208333333333332,18.25
2026-05-29 13:00:00,32.6,31.2,68,1003.0,24.2,215,0.0,13,4,5,23.3,23.9,12.0,12.0,25.5,60.8,24.3,18.150000000000002,17.783333333333335
2026-05-29 14:00:00,12.9,30.4,73,1003.6,23.9,215,0.0,14,4,5,32.6,12.0,29.1,12.0,28.3,40.5,27.733333333333334,19.866666666666667,18.079166666666666
2026-05-29 15:00:00,12.0,30.3,73,1004.1,23.4,217,0.0,15,4,5,12.9,23.3,45.5,12.0,24.3,24.2,25.033333333333335,19.941666666666666,17.4375
2026-05-29 16:00:00,12.0,30.3,73,1004.5,23.0,221,0.0,16,4,5,12.0,32.6,23.9,12.0,31.4,25.4,19.450000000000003,19.941666666666666,16.925
2026-05-29 17:00:00,21.7,30.3,72,1005.0,21.9,225,0.0,17,4,5,12.0,12.9,12.0,12.0,15.5,19.8,17.46666666666667,19.941666666666666,16.116666666666667
2026-05-29 18:00:00,12.0,30.0,74,1004.5,21.5,230,0.0,18,4,5,21.7,12.0,23.3,12.0,12.0,16.1,19.083333333333332,20.75,16.375
2026-05-29 19:00:00,12.0,29.9,75,1004.3,20.4,229,0.0,19,4,5,12.0,12.0,32.6,12.0,12.0,12.0,17.200000000000003,20.75,16.375
2026-05-29 20:00:00,12.0,29.8,75,1003.9,20.9,227,0.0,20,4,5,12.0,21.7,12.9,29.1,12.0,12.0,13.766666666666666,20.75,16.375
2026-05-29 21:00:00,12.0,29.8,75,1003.6,20.5,228,0.0,21,4,5,12.0,12.0,12.0,45.5,12.0,12.0,13.616666666666665,19.325,16.375
2026-05-29 22:00:00,12.0,29.8,75,1004.2,19.1,232,0.0,22,4,5,12.0,12.0,12.0,23.9,12.0,14.1,13.616666666666665,16.53333333333333,16.375
2026-05-29 23:00:00,12.0,29.6,76,1004.7,16.9,235,0.0,23,4,5,12.0,12.0,21.7,12.0,12.0,12.0,13.616666666666665,15.541666666666666,16.375
2026-05-30 00:00:00,12.0,29.5,74,1004.8,15.9,233,0.0,0,5,5,12.0,12.0,12.0,23.3,12.0,12.0,12.0,15.541666666666666,16.375
2026-05-30 01:00:00,12.0,29.7,73,1005.3,15.3,236,0.0,1,5,5,12.0,12.0,12.0,32.6,12.0,12.0,12.0,14.6,16.375
2026-05-30 02:00:00,12.0,30.4,70,1006.1,18.8,240,0.0,2,5,5,12.0,12.0,12.0,12.9,12.0,12.0,12.0,12.883333333333333,16.375
2026-05-30 03:00:00,12.0,31.9,64,1006.9,17.9,244,0.1,3,5,5,12.0,12.0,12.0,12.0,12.0,12.0,12.0,12.808333333333332,16.375
2026-05-30 04:00:00,19.6,33.3,56,1007.2,16.1,243,0.0,4,5,5,12.0,12.0,12.0,12.0,12.0,23.1,12.0,12.808333333333332,16.375
2026-05-30 05:00:00,15.5,34.1,53,1007.2,16.8,242,0.0,5,5,5,19.6,12.0,12.0,21.7,12.0,12.0,13.266666666666666,13.441666666666668,16.691666666666666
2026-05-30 06:00:00,39.7,34.1,56,1006.7,15.0,238,0.0,6,5,5,15.5,12.0,12.0,12.0,12.0,32.0,13.85,12.925000000000002,16.837500000000002
2026-05-30 07:00:00,40.1,35.4,51,1005.8,16.5,236,0.0,7,5,5,39.7,19.6,12.0,12.0,12.0,15.9,18.46666666666667,15.233333333333334,17.991666666666667
2026-05-30 08:00:00,25.2,35.5,50,1004.8,17.6,225,0.0,8,5,5,40.1,15.5,12.0,12.0,29.1,45.9,23.150000000000002,17.575,19.1625
2026-05-30 09:00:00,30.6,35.4,50,1003.5,19.8,221,0.0,9,5,5,25.2,39.7,12.0,12.0,45.5,19.1,25.349999999999998,18.675,19.0
2026-05-30 10:00:00,25.7,35.0,51,1002.8,21.4,219,0.0,10,5,5,30.6,40.1,19.6,12.0,23.9,33.1,28.450000000000003,20.225,18.379166666666666
2026-05-30 11:00:00,41.8,33.9,55,1002.2,23.3,219,0.0,11,5,5,25.7,25.2,15.5,12.0,12.0,39.1,29.46666666666667,21.36666666666667,18.45416666666667
2026-05-30 12:00:00,17.3,32.9,61,1002.1,22.8,221,0.0,12,5,5,41.8,30.6,39.7,12.0,23.3,34.5,33.85,23.849999999999998,19.695833333333333
2026-05-30 13:00:00,37.9,31.8,66,1002.4,22.3,221,0.0,13,5,5,17.3,25.7,40.1,12.0,32.6,25.5,30.116666666666664,24.291666666666668,19.445833333333333
2026-05-30 14:00:00,36.1,31.3,68,1002.8,22.3,223,0.0,14,5,5,37.9,41.8,25.2,12.0,12.9,28.3,29.75,26.45,19.666666666666668
2026-05-30 15:00:00,12.0,31.1,69,1003.6,22.4,228,0.0,15,5,5,36.1,17.3,30.6,12.0,12.0,24.3,31.566666666666666,28.458333333333332,20.633333333333333
2026-05-30 16:00:00,35.3,31.1,69,1004.3,21.8,229,0.0,16,5,5,12.0,37.9,25.7,19.6,12.0,31.4,28.466666666666665,28.458333333333332,20.633333333333333
2026-05-30 17:00:00,15.9,30.8,70,1005.0,20.9,231,0.0,17,5,5,35.3,36.1,41.8,15.5,21.7,15.5,30.066666666666666,29.766666666666666,21.604166666666668
2026-05-30 18:00:00,12.0,30.3,73,1005.5,18.5,230,0.0,18,5,5,15.9,12.0,17.3,39.7,12.0,12.0,25.750000000000004,29.799999999999997,21.3625
2026-05-30 19:00:00,12.0,30.0,76,1005.4,16.8,233,0.0,19,5,5,12.0,35.3,37.9,40.1,12.0,12.0,24.86666666666667,27.491666666666664,21.3625
2026-05-30 20:00:00,14.5,29.0,83,1005.8,14.1,251,0.3,20,5,5,12.0,15.9,36.1,25.2,12.0,12.0,20.55,25.149999999999995,21.3625
2026-05-30 21:00:00,12.0,26.8,92,1005.8,12.1,233,0.9,21,5,5,14.5,12.0,12.0,30.6,12.0,12.0,16.95,24.25833333333333,21.46666666666667
2026-05-30 22:00:00,12.0,26.8,97,1005.8,9.3,196,0.5,22,5,5,12.0,12.0,35.3,25.7,12.0,12.0,16.95,22.708333333333332,21.46666666666667
2026-05-30 23:00:00,12.0,26.1,96,1005.8,12.6,209,0.9,23,5,5,12.0,14.5,15.9,41.8,12.0,12.0,13.066666666666668,21.566666666666666,21.46666666666667
2026-05-31 00:00:00,12.7,25.7,94,1006.7,8.6,213,0.4,0,6,5,12.0,12.0,12.0,17.3,12.0,12.0,12.416666666666666,19.083333333333332,21.46666666666667
2026-05-31 01:00:00,12.0,26.3,92,1006.5,6.9,150,0.0,1,6,5,12.7,12.0,12.0,37.9,12.0,12.0,12.533333333333333,18.7,21.495833333333334
2026-05-31 02:00:00,12.0,28.2,81,1006.7,7.2,141,0.0,2,6,5,12.0,12.0,14.5,36.1,12.0,12.0,12.533333333333333,16.541666666666668,21.495833333333334
2026-05-31 03:00:00,12.0,31.4,67,1007.1,10.1,209,0.0,3,6,5,12.0,12.7,12.0,12.0,12.0,12.0,12.116666666666667,14.533333333333333,21.495833333333334
2026-05-31 04:00:00,14.4,33.1,59,1007.4,14.0,228,0.0,4,6,5,12.0,12.0,12.0,35.3,19.6,12.0,12.116666666666667,14.533333333333333,21.495833333333334
2026-05-31 05:00:00,12.0,33.8,57,1007.3,16.9,218,0.0,5,6,5,14.4,12.0,12.0,15.9,15.5,12.0,12.516666666666666,12.791666666666666,21.279166666666665
2026-05-31 06:00:00,17.1,34.8,53,1007.5,17.7,227,0.0,6,6,5,12.0,12.0,12.7,12.0,39.7,12.0,12.516666666666666,12.466666666666667,21.133333333333333
2026-05-31 07:00:00,29.5,34.9,53,1006.8,19.3,229,0.0,7,6,5,17.1,14.4,12.0,12.0,40.1,12.0,13.25,12.891666666666666,20.191666666666666
2026-05-31 08:00:00,32.6,35.4,50,1006.1,19.7,234,0.0,8,6,5,29.5,12.0,12.0,14.5,25.2,29.1,16.166666666666668,14.35,19.75
2026-05-31 09:00:00,17.2,35.2,49,1005.8,19.7,239,0.0,9,6,5,32.6,17.1,12.0,12.0,30.6,45.5,19.599999999999998,15.858333333333333,20.058333333333334
2026-05-31 10:00:00,33.5,34.4,54,1005.4,19.9,232,0.2,10,6,5,17.2,29.5,14.4,12.0,25.7,23.9,20.466666666666665,16.291666666666668,19.5
2026-05-31 11:00:00,39.8,33.7,57,1004.8,19.1,237,0.0,11,6,5,33.5,32.6,12.0,12.0,41.8,12.0,23.650000000000002,18.083333333333332,19.825
2026-05-31 12:00:00,38.2,33.1,61,1004.1,19.3,233,0.0,12,6,5,39.8,17.2,17.1,12.7,17.3,23.3,28.28333333333333,20.4,19.741666666666667
2026-05-31 13:00:00,68.8,31.9,66,1004.8,17.6,226,0.0,13,6,5,38.2,33.5,29.5,12.0,37.9,32.6,31.799999999999997,22.525000000000002,20.6125
2026-05-31 14:00:00,28.8,31.1,71,1005.4,15.3,220,0.0,14,6,5,68.8,39.8,32.6,12.0,36.1,12.9,38.35,27.258333333333336,21.899999999999995
2026-05-31 15:00:00,20.2,30.8,74,1005.6,17.5,219,0.0,15,6,5,28.8,38.2,17.2,12.0,12.0,12.0,37.71666666666666,28.65833333333333,21.59583333333333
2026-05-31 16:00:00,34.7,30.4,78,1006.2,16.3,222,0.0,16,6,5,20.2,68.8,33.5,14.4,35.3,12.0,38.21666666666667,29.34166666666667,21.9375
2026-05-31 17:00:00,30.9,30.2,79,1006.7,16.5,219,0.0,17,6,5,34.7,28.8,39.8,12.0,15.9,21.7,38.416666666666664,31.033333333333335,21.912499999999998
2026-05-31 18:00:00,12.0,30.2,79,1006.1,17.5,222,0.0,18,6,5,30.9,20.2,38.2,17.1,12.0,12.0,36.93333333333333,32.608333333333334,22.537499999999998
2026-05-31 19:00:00,33.8,30.1,80,1006.1,16.2,230,0.0,19,6,5,12.0,34.7,68.8,29.5,12.0,12.0,32.56666666666667,32.18333333333333,22.537499999999998
2026-05-31 20:00:00,12.0,29.9,81,1005.9,14.1,236,0.0,20,6,5,33.8,30.9,28.8,32.6,14.5,12.0,26.733333333333334,32.541666666666664,23.445833333333336
2026-05-31 21:00:00,12.0,29.9,81,1006.0,12.9,237,0.0,21,6,5,12.0,12.0,20.2,17.2,12.0,12.0,23.933333333333334,30.825,23.34166666666667
2026-05-31 22:00:00,12.0,29.6,82,1005.6,11.5,235,0.0,22,6,5,12.0,33.8,34.7,33.5,12.0,12.0,22.566666666666666,30.391666666666666,23.34166666666667
2026-05-31 23:00:00,21.9,29.5,82,1005.7,10.5,237,0.0,23,6,5,12.0,12.0,30.9,39.8,12.0,12.0,18.78333333333333,28.599999999999998,23.34166666666667
2026-06-01 00:00:00,12.0,29.1,85,1006.0,11.0,236,0.0,0,0,6,21.9,12.0,12.0,38.2,12.7,12.0,17.28333333333333,27.10833333333333,23.754166666666666
2026-06-01 01:00:00,12.0,29.3,83,1006.8,10.5,245,0.2,1,0,6,12.0,12.0,33.8,68.8,12.0,12.0,17.28333333333333,24.924999999999997,23.724999999999998
2026-06-01 02:00:00,12.0,30.5,75,1007.6,11.5,253,0.1,2,0,6,12.0,21.9,12.0,28.8,12.0,12.0,13.65,20.191666666666666,23.724999999999998
2026-06-01 03:00:00,12.5,31.7,68,1008.0,11.3,252,0.1,3,0,6,12.0,12.0,12.0,20.2,12.0,12.0,13.65,18.791666666666668,23.724999999999998
2026-06-01 04:00:00,12.0,32.9,63,1007.9,12.1,253,0.1,4,0,6,12.5,12.0,12.0,34.7,14.4,19.6,13.733333333333334,18.150000000000002,23.745833333333334
2026-06-01 05:00:00,14.3,34.3,56,1007.8,12.7,247,0.0,5,0,6,12.0,12.0,21.9,30.9,12.0,15.5,13.733333333333334,16.258333333333336,23.645833333333332
2026-06-01 06:00:00,27.3,35.3,53,1007.5,12.2,245,0.0,6,0,6,14.3,12.5,12.0,12.0,17.1,39.7,12.466666666666667,14.875,23.741666666666664
2026-06-01 07:00:00,28.4,34.9,54,1006.9,13.5,243,0.0,7,0,6,27.3,12.0,12.0,33.8,29.5,40.1,15.016666666666666,16.150000000000002,24.166666666666668
2026-06-01 08:00:00,26.6,34.9,52,1006.6,14.9,240,0.0,8,0,6,28.4,14.3,12.0,12.0,32.6,25.2,17.75,15.699999999999998,24.120833333333334
2026-06-01 09:00:00,29.1,34.8,52,1005.9,15.6,241,0.0,9,0,6,26.6,27.3,12.5,12.0,17.2,30.6,20.183333333333334,16.916666666666668,23.870833333333334
2026-06-01 10:00:00,24.6,34.8,50,1005.0,16.0,236,0.0,10,0,6,29.1,28.4,12.0,12.0,33.5,25.7,22.95,18.341666666666665,24.366666666666664
2026-06-01 11:00:00,53.8,34.7,47,1004.3,16.2,222,0.0,11,0,6,24.6,26.6,14.3,21.9,39.8,41.8,25.05,19.391666666666666,23.995833333333334
2026-06-01 12:00:00,32.9,33.2,59,1003.3,19.8,221,0.0,12,0,6,53.8,29.1,27.3,12.0,38.2,17.3,31.63333333333333,22.05,24.579166666666666
2026-06-01 13:00:00,32.5,32.1,62,1003.9,17.8,222,0.0,13,0,6,32.9,24.6,28.4,12.0,68.8,37.9,32.56666666666667,23.791666666666668,24.358333333333334
2026-06-01 14:00:00,32.3,31.1,69,1004.7,18.6,218,0.0,14,0,6,32.5,53.8,26.6,12.0,28.8,36.1,33.25,25.5,22.84583333333333
2026-06-01 15:00:00,34.9,30.6,73,1005.3,18.1,222,0.0,15,0,6,32.3,32.9,29.1,12.5,20.2,12.0,34.199999999999996,27.191666666666666,22.991666666666664
2026-06-01 16:00:00,55.7,30.7,73,1006.4,17.0,219,0.0,16,0,6,34.9,32.5,24.6,12.0,34.7,35.3,35.166666666666664,29.058333333333334,23.60416666666666
2026-06-01 17:00:00,46.4,30.6,74,1007.2,17.2,226,0.0,17,0,6,55.7,32.3,53.8,14.3,30.9,15.9,40.35,32.7,24.479166666666668
2026-06-01 18:00:00,29.2,30.5,74,1007.1,14.5,227,0.0,18,0,6,46.4,34.9,32.9,27.3,12.0,12.0,39.11666666666667,35.375,25.125
2026-06-01 19:00:00,16.3,30.0,76,1007.0,8.9,245,0.1,19,0,6,29.2,55.7,32.5,28.4,33.8,12.0,38.5,35.53333333333333,25.84166666666667
2026-06-01 20:00:00,12.0,27.9,83,1008.0,9.8,265,0.6,20,0,6,16.3,46.4,32.3,26.6,12.0,14.5,35.800000000000004,34.525,25.112499999999997
2026-06-01 21:00:00,16.6,25.6,94,1006.9,12.4,227,2.3,21,0,6,12.0,29.2,34.9,29.1,12.0,12.0,32.416666666666664,33.30833333333333,25.112499999999997
2026-06-01 22:00:00,12.9,25.8,96,1006.0,10.4,212,1.9,22,0,6,16.6,16.3,55.7,24.6,12.0,12.0,29.36666666666667,32.26666666666667,25.304166666666664
2026-06-01 23:00:00,21.0,25.5,95,1004.4,11.8,188,0.1,23,0,6,12.9,12.0,46.4,53.8,21.9,12.0,22.233333333333334,31.291666666666668,25.341666666666665
2026-06-02 00:00:00,15.5,24.6,99,1007.0,2.2,261,0.0,0,1,6,21.0,16.6,29.2,32.9,12.0,12.7,18.0,28.558333333333334,25.304166666666664
2026-06-02 01:00:00,26.0,24.9,97,1005.6,5.1,162,0.0,1,1,6,15.5,12.9,16.3,32.5,12.0,12.0,15.716666666666667,27.108333333333334,25.45
2026-06-02 02:00:00,12.0,26.3,90,1005.5,7.8,193,0.0,2,1,6,26.0,21.0,12.0,32.3,12.0,12.0,17.333333333333332,26.566666666666666,26.03333333333333
2026-06-02 03:00:00,12.0,29.8,72,1005.1,13.6,191,0.0,3,1,6,12.0,15.5,16.6,34.9,12.5,12.0,17.333333333333332,24.875,26.03333333333333
2026-06-02 04:00:00,26.0,31.9,62,1005.5,14.3,215,0.0,4,1,6,12.0,26.0,12.9,55.7,12.0,14.4,16.566666666666666,22.96666666666667,26.0125
2026-06-02 05:00:00,18.3,32.7,59,1006.1,14.1,224,0.0,5,1,6,26.0,12.0,21.0,46.4,14.3,12.0,18.75,20.491666666666667,26.59583333333333
2026-06-02 06:00:00,36.7,33.5,55,1006.1,15.4,243,0.8,6,1,6,18.3,12.0,15.5,29.2,27.3,17.1,18.3,18.150000000000002,26.762500000000003
2026-06-02 07:00:00,51.5,32.7,62,1005.9,13.1,247,0.8,7,1,6,36.7,26.0,26.0,16.3,28.4,29.5,21.833333333333332,18.775000000000002,27.154166666666665
2026-06-02 08:00:00,25.2,33.4,61,1005.5,13.7,245,0.1,8,1,6,51.5,18.3,12.0,12.0,26.6,32.6,26.083333333333332,21.708333333333332,28.116666666666664
2026-06-02 09:00:00,42.4,33.4,57,1004.5,15.9,243,0.1,9,1,6,25.2,36.7,12.0,16.6,29.1,17.2,28.28333333333333,22.808333333333334,28.058333333333334
2026-06-02 10:00:00,47.8,33.4,57,1003.7,14.4,244,0.0,10,1,6,42.4,51.5,26.0,12.9,24.6,33.5,33.35,24.958333333333332,28.612499999999997
2026-06-02 11:00:00,47.5,32.9,59,1003.1,14.5,231,0.0,11,1,6,47.8,25.2,18.3,21.0,53.8,39.8,36.98333333333333,27.866666666666664,29.579166666666666
2026-06-02 12:00:00,36.2,32.5,60,1002.9,14.5,226,0.0,12,1,6,47.5,42.4,36.7,15.5,32.9,38.2,41.849999999999994,30.075,29.316666666666663
2026-06-02 13:00:00,41.1,31.4,64,1003.2,12.8,222,0.0,13,1,6,36.2,47.8,51.5,26.0,32.5,68.8,41.766666666666666,31.8,29.454166666666666
2026-06-02 14:00:00,72.3,30.2,73,1003.6,11.6,213,0.0,14,1,6,41.1,47.5,25.2,12.0,32.3,28.8,40.03333333333333,33.05833333333333,29.8125
2026-06-02 15:00:00,44.6,29.8,78,1004.2,10.3,213,0.0,15,1,6,72.3,36.2,42.4,12.0,34.9,20.2,47.88333333333333,38.083333333333336,31.479166666666668
2026-06-02 16:00:00,49.4,29.7,79,1004.6,11.2,210,0.0,16,1,6,44.6,41.1,47.8,26.0,55.7,34.7,48.25,40.800000000000004,31.883333333333336
2026-06-02 17:00:00,39.8,29.5,80,1004.9,11.6,210,0.0,17,1,6,49.4,72.3,47.5,18.3,46.4,30.9,48.51666666666667,42.75,31.620833333333334
2026-06-02 18:00:00,12.0,29.4,80,1004.7,12.7,215,0.0,18,1,6,39.8,44.6,36.2,36.7,29.2,12.0,47.23333333333333,44.541666666666664,31.345833333333335
2026-06-02 19:00:00,12.9,29.3,80,1004.2,14.1,211,0.0,19,1,6,12.0,49.4,41.1,51.5,16.3,33.8,43.199999999999996,42.483333333333334,30.629166666666666
2026-06-02 20:00:00,12.0,29.3,79,1003.9,13.3,216,0.0,20,1,6,12.9,39.8,72.3,25.2,12.0,12.0,38.5,39.266666666666666,30.4875
2026-06-02 21:00:00,12.0,29.1,78,1003.7,11.7,203,0.1,21,1,6,12.0,12.0,44.6,42.4,16.6,12.0,28.45,38.166666666666664,30.4875
2026-06-02 22:00:00,20.6,29.0,80,1003.6,8.9,205,0.0,22,1,6,12.0,12.9,49.4,47.8,12.9,12.0,23.016666666666666,35.63333333333333,30.295833333333334
2026-06-02 23:00:00,13.6,28.3,82,1004.1,9.6,229,0.0,23,1,6,20.6,12.0,39.8,47.5,21.0,21.9,18.216666666666665,33.36666666666667,30.61666666666667
2026-06-03 00:00:00,12.0,28.7,86,1004.3,10.4,234,0.4,0,2,6,13.6,12.0,12.0,36.2,15.5,12.0,13.85,30.541666666666668,30.308333333333334
2026-06-03 01:00:00,18.0,28.7,87,1004.2,8.9,193,0.0,1,2,6,12.0,20.6,12.9,41.1,26.0,12.0,13.85,28.524999999999995,30.162499999999998
2026-06-03 02:00:00,20.6,30.3,79,1004.6,10.8,222,0.0,2,2,6,18.0,13.6,12.0,72.3,12.0,12.0,14.699999999999998,26.599999999999998,29.829166666666666
2026-06-03 03:00:00,12.0,31.8,70,1004.9,11.5,236,0.1,3,2,6,20.6,12.0,12.0,44.6,12.0,12.5,16.133333333333333,22.291666666666668,30.1875
2026-06-03 04:00:00,27.8,32.9,65,1004.8,11.4,252,0.1,4,2,6,12.0,18.0,20.6,49.4,26.0,12.0,16.133333333333333,19.575,30.1875
2026-06-03 05:00:00,35.7,32.9,61,1004.8,12.1,255,0.7,5,2,6,27.8,20.6,13.6,39.8,18.3,14.3,17.333333333333332,17.775000000000002,30.262500000000003
2026-06-03 06:00:00,23.4,34.0,60,1004.0,13.7,236,2.1,6,2,6,35.7,12.0,12.0,12.0,36.7,27.3,21.01666666666667,17.433333333333334,30.987499999999997
2026-06-03 07:00:00,48.7,34.4,57,1003.3,14.4,230,0.1,7,2,6,23.4,27.8,18.0,12.9,51.5,28.4,22.916666666666668,18.383333333333333,30.433333333333334
2026-06-03 08:00:00,24.2,34.4,57,1002.8,15.0,233,0.0,8,2,6,48.7,35.7,20.6,12.0,25.2,26.6,28.033333333333335,21.36666666666667,30.316666666666666
2026-06-03 09:00:00,41.6,34.1,59,1002.0,15.5,238,0.0,9,2,6,24.2,23.4,12.0,12.0,42.4,29.1,28.633333333333336,22.383333333333336,30.275000000000002
2026-06-03 10:00:00,46.0,33.8,59,1001.4,16.9,235,0.0,10,2,6,41.6,48.7,27.8,20.6,47.8,24.6,33.56666666666667,24.850000000000005,30.241666666666664
2026-06-03 11:00:00,62.5,33.0,63,1001.1,16.5,236,0.0,11,2,6,46.0,24.2,35.7,13.6,47.5,53.8,36.6,26.96666666666667,30.166666666666668
2026-06-03 12:00:00,41.0,32.4,66,1000.7,15.9,225,0.0,12,2,6,62.5,41.6,23.4,12.0,36.2,32.9,41.06666666666667,31.041666666666668,30.791666666666668
2026-06-03 13:00:00,59.9,31.5,70,1001.4,16.6,219,0.0,13,2,6,41.0,46.0,48.7,18.0,41.1,32.5,44.0,33.458333333333336,30.991666666666664
2026-06-03 14:00:00,47.6,30.5,76,1002.2,15.6,213,0.0,14,2,6,59.9,62.5,24.2,20.6,72.3,32.3,45.86666666666667,36.95,31.775000000000002
2026-06-03 15:00:00,51.0,30.2,78,1002.7,14.9,214,0.0,15,2,6,47.6,41.0,41.6,12.0,44.6,34.9,49.76666666666667,39.199999999999996,30.745833333333337
2026-06-03 16:00:00,16.5,30.0,80,1002.9,16.3,214,0.0,16,2,6,51.0,59.9,46.0,27.8,49.4,55.7,51.333333333333336,42.449999999999996,31.0125
2026-06-03 17:00:00,45.5,29.8,81,1003.3,15.8,212,0.0,17,2,6,16.5,47.6,62.5,35.7,39.8,46.4,46.416666666666664,41.50833333333333,29.64166666666667
2026-06-03 18:00:00,12.0,29.7,81,1002.8,17.8,212,0.0,18,2,6,45.5,51.0,41.0,23.4,12.0,29.2,43.583333333333336,42.324999999999996,29.879166666666663
2026-06-03 19:00:00,17.9,29.6,80,1002.4,16.6,216,0.0,19,2,6,12.0,16.5,59.9,48.7,12.9,16.3,38.75,41.375,29.879166666666663
2026-06-03 20:00:00,12.0,29.5,80,1002.2,14.9,218,0.0,20,2,6,17.9,45.5,47.6,24.2,12.0,12.0,31.75,38.80833333333333,30.087500000000002
2026-06-03 21:00:00,12.0,29.5,80,1002.1,11.6,222,0.0,21,2,6,12.0,12.0,51.0,41.6,12.0,16.6,25.816666666666663,37.791666666666664,30.087500000000002
2026-06-03 22:00:00,12.0,29.4,80,1002.0,10.7,217,0.0,22,2,6,12.0,17.9,16.5,46.0,20.6,12.9,19.316666666666666,35.324999999999996,30.087500000000002
2026-06-03 23:00:00,12.0,29.3,81,1002.1,10.1,211,0.0,23,2,6,12.0,12.0,45.5,62.5,13.6,21.0,18.566666666666666,32.49166666666667,29.729166666666668
2026-06-04 00:00:00,12.0,29.3,83,1002.2,9.2,222,0.0,0,3,6,12.0,12.0,12.0,41.0,12.0,15.5,12.983333333333334,28.28333333333333,29.662500000000005
2026-06-04 01:00:00,32.5,29.3,83,1002.7,8.6,210,0.0,1,3,6,12.0,12.0,17.9,59.9,18.0,26.0,12.983333333333334,25.866666666666664,29.662500000000005
2026-06-04 02:00:00,13.9,30.6,76,1003.3,10.9,226,0.1,2,3,6,32.5,12.0,12.0,47.6,20.6,12.0,15.416666666666666,23.583333333333332,30.26666666666667
2026-06-04 03:00:00,12.0,32.1,68,1003.4,12.6,226,0.1,3,3,6,13.9,12.0,12.0,51.0,12.0,12.0,15.733333333333334,20.775000000000002,29.9875
2026-06-04 04:00:00,12.0,33.5,61,1003.4,13.6,224,0.0,4,3,6,12.0,32.5,12.0,16.5,27.8,26.0,15.733333333333334,17.525000000000002,29.9875
2026-06-04 05:00:00,14.3,34.5,58,1003.9,14.7,230,0.1,5,3,6,12.0,13.9,12.0,45.5,35.7,18.3,15.733333333333334,17.150000000000002,29.329166666666666
2026-06-04 06:00:00,12.0,34.5,59,1004.0,15.0,227,0.1,6,3,6,14.3,12.0,12.0,12.0,23.4,36.7,16.116666666666667,14.549999999999999,28.4375
2026-06-04 07:00:00,12.0,34.4,59,1003.5,16.7,228,0.1,7,3,6,12.0,12.0,32.5,17.9,48.7,51.5,16.116666666666667,14.549999999999999,27.962500000000002
2026-06-04 08:00:00,20.0,33.9,57,1002.6,18.4,230,0.6,8,3,6,12.0,14.3,13.9,12.0,24.2,25.2,12.700000000000001,14.058333333333332,26.433333333333334
2026-06-04 09:00:00,42.9,33.7,62,1001.8,19.4,232,0.8,9,3,6,20.0,12.0,12.0,12.0,41.6,42.4,13.716666666666669,14.725,26.25833333333333
2026-06-04 10:00:00,23.2,33.7,62,1001.4,18.7,232,0.0,10,3,6,42.9,12.0,12.0,12.0,46.0,47.8,18.866666666666667,17.3,26.3125
2026-06-04 11:00:00,28.6,33.0,65,1001.1,18.3,235,0.0,11,3,6,23.2,20.0,14.3,12.0,62.5,47.5,20.733333333333334,18.23333333333333,25.362499999999997
2026-06-04 12:00:00,30.2,32.5,67,1000.7,18.8,230,0.0,12,3,6,28.6,42.9,12.0,12.0,41.0,36.2,23.11666666666667,19.616666666666667,23.950000000000003
2026-06-04 13:00:00,60.2,31.5,71,1001.0,18.1,223,0.0,13,3,6,30.2,23.2,12.0,32.5,59.9,41.1,26.150000000000002,21.133333333333333,23.5
2026-06-04 14:00:00,43.2,30.6,76,1001.2,17.2,214,0.0,14,3,6,60.2,28.6,20.0,13.9,47.6,72.3,34.18333333333334,23.441666666666666,23.512500000000003
2026-06-04 15:00:00,32.4,30.5,77,1001.7,17.1,219,0.0,15,3,6,43.2,30.2,42.9,12.0,51.0,44.6,38.050000000000004,25.883333333333336,23.329166666666666
2026-06-04 16:00:00,23.6,30.4,77,1002.4,17.0,221,0.0,16,3,6,32.4,60.2,23.2,12.0,16.5,49.4,36.300000000000004,27.583333333333332,22.554166666666664
2026-06-04 17:00:00,28.2,30.2,78,1002.8,16.8,215,0.0,17,3,6,23.6,43.2,28.6,14.3,45.5,39.8,36.36666666666667,28.55,22.849999999999998
2026-06-04 18:00:00,12.0,29.9,81,1002.5,16.7,218,0.0,18,3,6,28.2,32.4,30.2,12.0,12.0,12.0,36.3,29.708333333333332,22.129166666666666
2026-06-04 19:00:00,12.0,29.8,82,1002.2,14.1,224,0.0,19,3,6,12.0,23.6,60.2,12.0,17.9,12.9,33.266666666666666,29.708333333333332,22.129166666666666
2026-06-04 20:00:00,12.0,29.7,81,1002.0,13.1,226,0.0,20,3,6,12.0,28.2,43.2,20.0,12.0,12.0,25.23333333333333,29.708333333333332,21.883333333333336
2026-06-04 21:00:00,15.9,29.6,82,1001.6,12.0,225,0.0,21,3,6,12.0,12.0,32.4,42.9,12.0,12.0,20.033333333333335,29.041666666666668,21.883333333333336
2026-06-04 22:00:00,12.0,29.4,82,1001.6,10.7,229,0.0,22,3,6,15.9,12.0,23.6,23.2,12.0,20.6,17.283333333333335,26.79166666666667,22.045833333333334
2026-06-04 23:00:00,12.0,29.3,83,1001.8,10.8,226,0.0,23,3,6,12.0,12.0,28.2,28.6,12.0,13.6,15.35,25.858333333333334,22.045833333333334
2026-06-05 00:00:00,12.0,29.3,82,1002.0,10.9,237,0.0,0,4,6,12.0,15.9,12.0,30.2,12.0,12.0,12.649999999999999,24.475000000000005,22.045833333333334
2026-06-05 01:00:00,12.0,29.5,81,1002.8,9.5,237,0.0,1,4,6,12.0,12.0,12.0,60.2,32.5,18.0,12.649999999999999,22.958333333333332,22.045833333333334
2026-06-05 02:00:00,12.0,31.0,70,1003.4,13.8,237,0.0,2,4,6,12.0,12.0,12.0,43.2,13.9,20.6,12.649999999999999,18.941666666666666,21.191666666666666
2026-06-05 03:00:00,12.0,32.2,63,1003.6,15.5,234,0.0,3,4,6,12.0,12.0,15.9,32.4,12.0,12.0,12.649999999999999,16.341666666666665,21.1125
2026-06-05 04:00:00,12.0,33.3,59,1003.8,16.0,234,0.0,4,4,6,12.0,12.0,12.0,23.6,12.0,27.8,12.0,14.641666666666666,21.1125
2026-06-05 05:00:00,18.8,34.2,55,1004.2,15.5,235,0.0,5,4,6,12.0,12.0,12.0,28.2,14.3,35.7,12.0,13.674999999999999,21.1125
2026-06-05 06:00:00,28.6,35.1,52,1004.2,13.7,236,0.0,6,4,6,18.8,12.0,12.0,12.0,12.0,23.4,13.133333333333333,12.891666666666667,21.3
2026-06-05 07:00:00,41.0,35.1,52,1003.7,14.9,236,0.0,7,4,6,28.6,12.0,12.0,12.0,12.0,48.7,15.9,14.275,21.991666666666664
2026-06-05 08:00:00,28.1,34.9,53,1002.8,17.1,233,0.0,8,4,6,41.0,18.8,12.0,12.0,20.0,24.2,20.733333333333334,16.691666666666666,23.2
2026-06-05 09:00:00,37.9,34.6,56,1001.8,18.9,231,0.0,9,4,6,28.1,28.6,12.0,15.9,42.9,41.6,23.416666666666668,18.033333333333335,23.537499999999998
2026-06-05 10:00:00,37.2,34.4,55,1001.1,19.0,235,0.0,10,4,6,37.9,41.0,12.0,12.0,23.2,46.0,27.733333333333334,19.866666666666667,23.329166666666666
2026-06-05 11:00:00,50.4,33.7,59,1000.6,18.3,237,0.0,11,4,6,37.2,28.1,18.8,12.0,28.6,62.5,31.933333333333334,21.96666666666667,23.912499999999998
2026-06-05 12:00:00,40.1,33.0,65,1000.2,19.9,239,0.0,12,4,6,50.4,37.9,28.6,12.0,30.2,41.0,37.2,25.166666666666668,24.820833333333336
2026-06-05 13:00:00,38.7,31.9,70,1000.3,18.8,232,0.0,13,4,6,40.1,37.2,41.0,12.0,60.2,59.9,39.11666666666667,27.508333333333336,25.233333333333334
2026-06-05 14:00:00,40.1,31.0,75,1001.0,16.5,225,0.0,14,4,6,38.7,50.4,28.1,12.0,43.2,47.6,38.733333333333334,29.733333333333334,24.337499999999995
2026-06-05 15:00:00,30.2,30.7,78,1001.6,17.1,224,0.0,15,4,6,40.1,40.1,37.9,12.0,32.4,51.0,40.733333333333334,32.075,24.208333333333332
2026-06-05 16:00:00,47.9,30.6,77,1002.2,16.3,217,0.0,16,4,6,30.2,38.7,37.2,12.0,23.6,16.5,39.449999999999996,33.59166666666667,24.11666666666667
2026-06-05 17:00:00,23.0,30.6,77,1002.9,16.0,221,0.0,17,4,6,47.9,40.1,50.4,18.8,28.2,45.5,41.233333333333334,36.583333333333336,25.129166666666666
2026-06-05 18:00:00,12.0,30.5,79,1002.8,17.4,229,0.0,18,4,6,23.0,30.2,40.1,28.6,12.0,12.0,36.666666666666664,36.93333333333333,24.912499999999998
2026-06-05 19:00:00,17.3,30.2,79,1002.6,16.3,234,0.0,19,4,6,12.0,47.9,38.7,41.0,12.0,17.9,31.983333333333334,35.550000000000004,24.912499999999998
2026-06-05 20:00:00,12.0,30.1,80,1002.5,14.2,235,0.0,20,4,6,17.3,23.0,40.1,28.1,12.0,12.0,28.416666666666668,33.575,25.133333333333336
2026-06-05 21:00:00,12.0,29.7,82,1002.3,12.1,237,0.0,21,4,6,12.0,12.0,30.2,37.9,15.9,12.0,23.733333333333334,32.233333333333334,25.133333333333336
2026-06-05 22:00:00,23.7,29.0,85,1002.4,11.1,240,0.1,22,4,6,12.0,17.3,47.9,37.2,12.0,12.0,20.7,30.075,24.970833333333335
2026-06-05 23:00:00,12.0,28.2,87,1002.6,9.2,247,0.1,23,4,6,23.7,12.0,23.0,50.4,12.0,12.0,16.666666666666668,28.95,25.458333333333332
2026-06-06 00:00:00,12.0,29.3,84,1002.9,9.6,232,0.1,0,5,6,12.0,12.0,12.0,40.1,12.0,12.0,14.833333333333334,25.75,25.458333333333332
2026-06-06 01:00:00,13.1,29.5,83,1003.6,9.4,240,0.1,1,5,6,12.0,23.7,17.3,38.7,12.0,32.5,14.833333333333334,23.40833333333333,25.458333333333332
2026-06-06 02:00:00,12.0,30.8,75,1004.1,11.3,237,0.0,2,5,6,13.1,12.0,12.0,40.1,12.0,13.9,14.133333333333333,21.275000000000002,25.504166666666666
2026-06-06 03:00:00,15.8,31.9,70,1004.3,12.4,237,0.1,3,5,6,12.0,12.0,12.0,30.2,12.0,12.0,14.133333333333333,18.933333333333334,25.504166666666666
2026-06-06 04:00:00,12.0,33.2,64,1004.7,12.4,236,0.1,4,5,6,15.8,13.1,23.7,47.9,12.0,12.0,14.766666666666667,17.73333333333333,25.662499999999998
2026-06-06 05:00:00,12.0,34.2,59,1004.6,14.0,237,0.1,5,5,6,12.0,12.0,12.0,23.0,18.8,14.3,12.816666666666668,14.741666666666665,25.662499999999998
2026-06-06 06:00:00,30.2,34.9,54,1004.7,15.1,230,0.0,6,5,6,12.0,15.8,12.0,12.0,28.6,12.0,12.816666666666668,13.824999999999998,25.379166666666666
2026-06-06 07:00:00,15.2,34.9,54,1004.3,16.2,235,0.1,7,5,6,30.2,12.0,13.1,17.3,41.0,12.0,15.85,15.341666666666667,25.445833333333336
2026-06-06 08:00:00,12.0,35.2,52,1003.6,17.0,240,0.0,8,5,6,15.2,12.0,12.0,12.0,28.1,20.0,16.2,15.166666666666666,24.370833333333337
2026-06-06 09:00:00,57.0,35.1,52,1002.8,17.3,240,0.0,9,5,6,12.0,30.2,15.8,12.0,37.9,42.9,16.2,15.166666666666666,23.700000000000003
2026-06-06 10:00:00,50.1,34.8,53,1002.3,17.2,239,0.0,10,5,6,57.0,15.2,12.0,23.7,37.2,23.2,23.066666666666663,18.916666666666668,24.495833333333337
2026-06-06 11:00:00,47.6,34.3,54,1002.0,16.9,236,0.0,11,5,6,50.1,12.0,12.0,12.0,50.4,28.6,29.416666666666668,21.116666666666667,25.03333333333333
2026-06-06 12:00:00,36.3,33.1,65,1001.4,18.4,230,0.0,12,5,6,47.6,57.0,30.2,12.0,40.1,30.2,35.35,24.083333333333332,24.916666666666668
2026-06-06 13:00:00,27.9,32.0,70,1001.8,17.6,232,0.0,13,5,6,36.3,50.1,15.2,13.1,38.7,60.2,36.36666666666667,26.10833333333333,24.758333333333336
2026-06-06 14:00:00,48.1,31.1,75,1002.2,17.8,226,0.0,14,5,6,27.9,47.6,12.0,12.0,40.1,43.2,38.48333333333333,27.34166666666667,24.308333333333334
2026-06-06 15:00:00,46.5,30.7,76,1003.0,17.1,223,0.0,15,5,6,48.1,36.3,57.0,15.8,30.2,32.4,44.5,30.350000000000005,24.64166666666667
2026-06-06 16:00:00,15.9,30.6,78,1004.1,17.8,218,0.0,16,5,6,46.5,27.9,50.1,12.0,47.9,23.6,42.75,32.90833333333333,25.320833333333336
2026-06-06 17:00:00,15.2,30.5,79,1004.7,17.6,222,0.0,17,5,6,15.9,48.1,47.6,12.0,23.0,28.2,37.05,33.233333333333334,23.9875
2026-06-06 18:00:00,15.2,30.2,80,1004.7,17.4,224,0.0,18,5,6,15.2,46.5,36.3,30.2,12.0,12.0,31.650000000000002,33.5,23.662499999999998
2026-06-06 19:00:00,18.7,30.1,81,1004.3,15.5,224,0.0,19,5,6,15.2,15.9,27.9,15.2,17.3,12.0,28.133333333333336,32.25,23.795833333333334
2026-06-06 20:00:00,18.6,29.9,82,1004.5,13.6,229,0.0,20,5,6,18.7,15.2,48.1,12.0,12.0,12.0,26.600000000000005,32.541666666666664,23.854166666666668
2026-06-06 21:00:00,12.0,29.7,83,1004.0,12.5,235,0.0,21,5,6,18.6,15.2,46.5,57.0,12.0,15.9,21.683333333333334,33.09166666666666,24.129166666666663
2026-06-06 22:00:00,12.0,29.4,85,1003.4,11.0,236,0.0,22,5,6,12.0,18.7,15.9,50.1,23.7,12.0,15.933333333333332,29.34166666666667,24.129166666666663
2026-06-06 23:00:00,12.0,29.1,87,1003.7,9.4,244,0.1,23,5,6,12.0,18.6,15.2,47.6,12.0,12.0,15.283333333333331,26.166666666666668,23.641666666666666
2026-06-07 00:00:00,12.0,29.5,85,1004.2,8.7,248,0.2,0,6,6,12.0,12.0,15.2,36.3,12.0,12.0,14.75,23.2,23.641666666666666
2026-06-07 01:00:00,12.0,29.2,85,1004.5,8.8,239,0.2,1,6,6,12.0,12.0,18.7,27.9,13.1,12.0,14.216666666666669,21.175,23.641666666666666
2026-06-07 02:00:00,19.0,29.7,80,1005.6,8.1,253,0.1,2,6,6,12.0,12.0,18.6,48.1,12.0,12.0,13.1,19.849999999999998,23.59583333333333
2026-06-07 03:00:00,26.6,31.7,68,1006.0,10.8,249,0.1,3,6,6,19.0,12.0,12.0,46.5,15.8,12.0,13.166666666666666,17.425,23.8875
2026-06-07 04:00:00,21.7,33.4,58,1005.8,12.5,245,0.0,4,6,6,26.6,12.0,12.0,15.9,12.0,12.0,15.6,15.766666666666666,24.337500000000002
2026-06-07 05:00:00,34.4,34.4,55,1005.5,13.7,242,0.0,5,6,6,21.7,19.0,12.0,15.2,12.0,18.8,17.216666666666665,16.25,24.74166666666667
2026-06-07 06:00:00,31.1,35.2,53,1005.2,13.6,236,0.0,6,6,6,34.4,26.6,12.0,15.2,30.2,28.6,20.95,17.849999999999998,25.675
2026-06-07 07:00:00,36.1,35.2,53,1004.8,15.0,233,0.0,7,6,6,31.1,21.7,12.0,18.7,15.2,41.0,24.133333333333336,19.175,25.712500000000002
2026-06-07 08:00:00,20.0,35.4,50,1004.4,15.8,227,0.0,8,6,6,36.1,34.4,19.0,18.6,12.0,28.1,28.150000000000002,20.625,26.583333333333332
2026-06-07 09:00:00,60.5,35.5,48,1003.5,16.9,227,0.0,9,6,6,20.0,31.1,26.6,12.0,57.0,37.9,28.316666666666666,20.741666666666667,26.916666666666668
2026-06-07 10:00:00,49.5,35.0,51,1002.9,17.7,224,0.0,10,6,6,60.5,36.1,21.7,12.0,50.1,37.2,33.96666666666667,24.78333333333333,27.0625
2026-06-07 11:00:00,36.0,34.6,54,1002.5,16.2,221,0.0,11,6,6,49.5,20.0,34.4,12.0,47.6,50.4,38.6,27.90833333333333,27.037500000000005
2026-06-07 12:00:00,46.6,33.6,58,1002.3,18.6,223,0.0,12,6,6,36.0,60.5,31.1,12.0,36.3,40.1,38.86666666666667,29.90833333333333,26.554166666666664
2026-06-07 13:00:00,29.2,32.3,62,1002.5,17.3,228,0.0,13,6,6,46.6,49.5,36.1,12.0,27.9,38.7,41.449999999999996,32.791666666666664,26.983333333333334
2026-06-07 14:00:00,40.3,31.4,69,1003.0,18.5,217,0.0,14,6,6,29.2,36.0,20.0,19.0,48.1,40.1,40.300000000000004,34.225,27.037499999999998
2026-06-07 15:00:00,31.5,31.0,73,1003.4,19.0,218,0.0,15,6,6,40.3,46.6,60.5,26.6,46.5,30.2,43.68333333333334,36.0,26.712499999999995
2026-06-07 16:00:00,12.7,30.9,75,1004.0,19.2,220,0.0,16,6,6,31.5,29.2,49.5,21.7,15.9,47.9,38.85,36.40833333333333,26.087499999999995
2026-06-07 17:00:00,12.0,30.7,75,1004.5,19.2,220,0.0,17,6,6,12.7,40.3,36.0,34.4,15.2,23.0,32.71666666666666,35.65833333333333,25.954166666666666
2026-06-07 18:00:00,12.0,30.5,75,1004.5,19.2,220,0.0,18,6,6,12.0,31.5,46.6,31.1,15.2,12.0,28.716666666666665,33.791666666666664,25.820833333333336
2026-06-07 19:00:00,12.0,30.4,75,1004.4,18.6,227,0.0,19,6,6,12.0,12.7,29.2,36.1,18.7,17.3,22.95,32.199999999999996,25.6875
2026-06-07 20:00:00,14.1,30.1,76,1004.1,17.6,234,0.0,20,6,6,12.0,12.0,40.3,20.0,18.6,12.0,20.083333333333332,30.191666666666663,25.40833333333333
2026-06-07 21:00:00,12.0,29.9,76,1003.7,16.7,237,0.0,21,6,6,14.1,12.0,31.5,60.5,12.0,12.0,15.716666666666667,29.7,25.220833333333335
2026-06-07 22:00:00,12.0,29.7,77,1003.4,14.7,237,0.0,22,6,6,12.0,12.0,12.7,49.5,12.0,23.7,12.466666666666667,25.65833333333333,25.220833333333335
2026-06-07 23:00:00,12.0,29.4,78,1003.3,13.0,236,0.0,23,6,6,12.0,14.1,12.0,36.0,12.0,12.0,12.35,22.53333333333333,25.220833333333335
2026-06-08 00:00:00,12.0,30.0,77,1003.3,13.6,252,0.0,0,0,6,12.0,12.0,12.0,46.6,12.0,12.0,12.35,20.533333333333335,25.220833333333335
2026-06-08 01:00:00,12.0,30.2,74,1004.0,14.6,254,0.0,1,0,6,12.0,12.0,12.0,29.2,12.0,13.1,12.35,17.650000000000002,25.220833333333335
2026-06-08 02:00:00,12.0,31.1,68,1004.8,15.6,255,0.0,2,0,6,12.0,12.0,14.1,40.3,19.0,12.0,12.35,16.216666666666665,25.220833333333335
2026-06-08 03:00:00,14.0,31.9,65,1005.1,15.7,253,0.1,3,0,6,12.0,12.0,12.0,31.5,26.6,15.8,12.0,13.858333333333334,24.92916666666667
2026-06-08 04:00:00,12.0,33.3,59,1005.1,15.3,246,0.0,4,0,6,14.0,12.0,12.0,12.7,21.7,12.0,12.333333333333334,12.4,24.40416666666667
2026-06-08 05:00:00,12.0,34.3,55,1005.0,17.2,237,0.0,5,0,6,12.0,12.0,12.0,12.0,34.4,12.0,12.333333333333334,12.341666666666669,24.0
2026-06-08 06:00:00,17.6,34.8,54,1004.8,18.0,236,0.0,6,0,6,12.0,14.0,12.0,12.0,31.1,30.2,12.333333333333334,12.341666666666669,23.066666666666666
2026-06-08 07:00:00,36.3,35.8,48,1004.0,17.8,235,0.0,7,0,6,17.6,12.0,12.0,12.0,36.1,15.2,13.266666666666666,12.808333333333335,22.504166666666663
2026-06-08 08:00:00,26.1,35.6,50,1003.4,18.3,231,0.0,8,0,6,36.3,12.0,12.0,14.1,20.0,12.0,17.316666666666666,14.833333333333334,22.5125
2026-06-08 09:00:00,12.0,35.7,50,1002.5,19.7,228,0.0,9,0,6,26.1,17.6,14.0,12.0,60.5,57.0,19.666666666666668,15.833333333333334,22.766666666666666
2026-06-08 10:00:00,31.3,34.7,55,1002.0,20.6,220,0.0,10,0,6,12.0,36.3,12.0,12.0,49.5,50.1,19.333333333333332,15.833333333333334,20.745833333333334
2026-06-08 11:00:00,69.0,34.2,57,1001.6,21.5,217,0.0,11,0,6,31.3,26.1,12.0,12.0,36.0,47.6,22.55,17.441666666666666,19.9875
2026-06-08 12:00:00,35.9,33.3,60,1001.7,21.5,215,0.0,12,0,6,69.0,12.0,17.6,12.0,46.6,36.3,32.050000000000004,22.191666666666663,21.3625
2026-06-08 13:00:00,31.9,32.3,66,1001.9,21.6,212,0.0,13,0,6,35.9,31.3,36.3,12.0,29.2,27.9,35.1,24.183333333333334,20.916666666666664
2026-06-08 14:00:00,12.0,31.2,74,1002.5,19.7,211,0.0,14,0,6,31.9,69.0,26.1,12.0,40.3,48.1,34.36666666666667,25.841666666666665,21.029166666666665
2026-06-08 15:00:00,23.5,30.9,76,1003.0,21.4,218,0.0,15,0,6,12.0,35.9,12.0,14.0,31.5,46.5,32.016666666666666,25.841666666666665,19.849999999999998
2026-06-08 16:00:00,13.8,30.8,77,1003.6,20.5,222,0.0,16,0,6,23.5,31.9,31.3,12.0,12.7,15.9,33.93333333333333,26.63333333333333,19.516666666666666
2026-06-08 17:00:00,36.1,30.6,77,1004.0,19.4,227,0.0,17,0,6,13.8,12.0,69.0,12.0,12.0,15.2,31.016666666666666,26.78333333333333,19.5625
2026-06-08 18:00:00,12.0,30.5,78,1004.2,20.0,234,0.0,18,0,6,36.1,23.5,35.9,17.6,12.0,15.2,25.53333333333333,28.791666666666668,20.566666666666666
2026-06-08 19:00:00,12.0,30.3,79,1003.7,18.7,238,0.0,19,0,6,12.0,13.8,31.9,36.3,12.0,18.7,21.55,28.325000000000003,20.566666666666666
2026-06-08 20:00:00,12.0,30.1,79,1003.2,17.9,238,0.0,20,0,6,12.0,36.1,12.0,26.1,14.1,18.6,18.233333333333334,26.3,20.566666666666666
2026-06-08 21:00:00,12.0,30.0,78,1002.9,16.5,237,0.0,21,0,6,12.0,12.0,23.5,12.0,12.0,12.0,18.233333333333334,25.125,20.479166666666668
2026-06-08 22:00:00,12.0,29.9,79,1002.7,16.3,236,0.0,22,0,6,12.0,12.0,13.8,31.3,12.0,12.0,16.316666666666666,25.125,20.479166666666668
2026-06-08 23:00:00,12.0,29.7,79,1002.9,14.7,239,0.0,23,0,6,12.0,12.0,36.1,69.0,12.0,12.0,16.01666666666667,23.516666666666666,20.479166666666668
2026-06-09 00:00:00,12.0,30.0,77,1002.8,12.8,239,0.0,0,1,6,12.0,12.0,12.0,35.9,12.0,12.0,12.0,18.766666666666666,20.479166666666668
2026-06-09 01:00:00,12.0,30.3,74,1003.2,15.0,247,0.0,1,1,6,12.0,12.0,12.0,31.9,12.0,12.0,12.0,16.775000000000002,20.479166666666668
2026-06-09 02:00:00,12.0,31.0,70,1003.8,16.4,251,0.0,2,1,6,12.0,12.0,12.0,12.0,12.0,19.0,12.0,15.116666666666669,20.479166666666668
2026-06-09 03:00:00,12.0,32.3,64,1004.2,15.7,250,0.0,3,1,6,12.0,12.0,12.0,23.5,14.0,26.6,12.0,15.116666666666669,20.479166666666668
2026-06-09 04:00:00,13.2,33.5,59,1004.3,15.9,245,0.0,4,1,6,12.0,12.0,12.0,13.8,12.0,21.7,12.0,14.158333333333337,20.395833333333332
2026-06-09 05:00:00,12.0,34.3,56,1004.2,16.6,241,0.0,5,1,6,13.2,12.0,12.0,36.1,12.0,34.4,12.200000000000001,14.108333333333334,20.445833333333333
2026-06-09 06:00:00,12.0,34.6,55,1004.1,19.8,238,0.0,6,1,6,12.0,12.0,12.0,12.0,17.6,31.1,12.200000000000001,12.1,20.445833333333333
2026-06-09 07:00:00,31.7,34.9,53,1003.3,19.7,233,0.0,7,1,6,12.0,13.2,12.0,12.0,36.3,36.1,12.200000000000001,12.1,20.2125
2026-06-09 08:00:00,26.1,35.7,51,1002.6,20.5,225,0.0,8,1,6,31.7,12.0,12.0,12.0,26.1,20.0,15.483333333333334,13.741666666666665,20.020833333333332
2026-06-09 09:00:00,25.2,35.2,51,1001.9,21.4,221,0.0,9,1,6,26.1,12.0,12.0,12.0,12.0,60.5,17.833333333333332,14.916666666666666,20.020833333333332
2026-06-09 10:00:00,12.0,35.0,52,1001.3,21.7,223,0.0,10,1,6,25.2,31.7,13.2,12.0,31.3,49.5,20.033333333333335,16.016666666666666,20.570833333333333
2026-06-09 11:00:00,29.8,34.1,57,1000.9,20.9,221,0.0,11,1,6,12.0,26.1,12.0,12.0,69.0,36.0,19.833333333333332,16.016666666666666,19.766666666666666
2026-06-09 12:00:00,14.1,33.4,61,1001.2,21.8,218,0.0,12,1,6,29.8,25.2,12.0,12.0,35.9,46.6,22.8,17.5,18.133333333333333
2026-06-09 13:00:00,25.5,32.1,67,1001.3,22.2,223,0.0,13,1,6,14.1,12.0,31.7,12.0,31.9,29.2,23.150000000000002,17.675,17.225
2026-06-09 14:00:00,12.8,31.2,71,1001.9,21.9,222,0.0,14,1,6,25.5,29.8,26.1,12.0,12.0,40.3,22.11666666666667,18.8,16.958333333333332
2026-06-09 15:00:00,46.5,30.9,74,1002.5,21.4,222,0.0,15,1,6,12.8,14.1,25.2,12.0,23.5,31.5,19.900000000000002,18.866666666666667,16.991666666666667
2026-06-09 16:00:00,12.0,30.8,75,1003.4,20.8,221,0.0,16,1,6,46.5,25.5,12.0,13.2,13.8,12.7,23.45,21.741666666666664,17.95
2026-06-09 17:00:00,22.4,30.7,76,1003.8,21.1,225,0.0,17,1,6,12.0,12.8,29.8,12.0,36.1,12.0,23.45,21.641666666666666,17.875
2026-06-09 18:00:00,27.4,30.3,79,1003.8,20.2,226,0.1,18,1,6,22.4,46.5,14.1,12.0,12.0,12.0,22.21666666666667,22.508333333333336,17.304166666666667
2026-06-09 19:00:00,12.0,29.2,82,1003.7,16.3,222,0.2,19,1,6,27.4,12.0,25.5,31.7,12.0,12.0,24.433333333333337,23.791666666666668,17.945833333333336
2026-06-09 20:00:00,12.0,28.1,90,1003.2,15.8,224,0.6,20,1,6,12.0,22.4,12.8,26.1,12.0,14.1,22.183333333333337,22.150000000000002,17.945833333333336
2026-06-09 21:00:00,12.0,28.0,91,1002.7,13.8,228,0.5,21,1,6,12.0,27.4,46.5,25.2,12.0,12.0,22.05,20.974999999999998,17.945833333333336
2026-06-09 22:00:00,12.0,28.2,89,1002.6,15.8,235,0.3,22,1,6,12.0,12.0,12.0,12.0,12.0,12.0,16.3,19.875,17.945833333333336
2026-06-09 23:00:00,12.0,28.6,88,1002.7,13.6,234,0.1,23,1,6,12.0,12.0,22.4,29.8,12.0,12.0,16.3,19.875,17.945833333333336
2026-06-10 00:00:00,12.0,29.1,82,1002.9,15.3,243,0.7,0,2,6,12.0,12.0,27.4,14.1,12.0,12.0,14.566666666666668,18.391666666666666,17.945833333333336
2026-06-10 01:00:00,12.0,29.8,78,1003.5,13.6,244,0.0,1,2,6,12.0,12.0,12.0,25.5,12.0,12.0,12.0,18.216666666666665,17.945833333333336
2026-06-10 02:00:00,12.0,30.4,75,1004.2,15.7,248,0.1,2,2,6,12.0,12.0,12.0,12.8,12.0,12.0,12.0,17.091666666666665,17.945833333333336
2026-06-10 03:00:00,12.0,30.8,73,1004.8,16.1,250,0.2,3,2,6,12.0,12.0,12.0,46.5,12.0,14.0,12.0,17.025000000000002,17.945833333333336
2026-06-10 04:00:00,12.0,31.9,68,1004.7,17.0,247,0.3,4,2,6,12.0,12.0,12.0,12.0,13.2,12.0,12.0,14.15,17.945833333333336
2026-06-10 05:00:00,12.0,33.6,61,1004.5,18.9,245,0.1,5,2,6,12.0,12.0,12.0,22.4,12.0,12.0,12.0,14.15,17.895833333333332
2026-06-10 06:00:00,12.4,34.5,58,1004.0,20.2,240,0.0,6,2,6,12.0,12.0,12.0,27.4,12.0,17.6,12.0,13.283333333333333,17.895833333333332
2026-06-10 07:00:00,12.0,35.0,57,1003.4,19.3,239,0.0,7,2,6,12.4,12.0,12.0,12.0,31.7,36.3,12.066666666666668,12.033333333333333,17.9125
2026-06-10 08:00:00,42.4,35.5,54,1002.6,18.8,227,0.0,8,2,6,12.0,12.0,12.0,12.0,26.1,26.1,12.066666666666668,12.033333333333333,17.091666666666665
2026-06-10 09:00:00,28.8,35.0,56,1001.8,19.3,216,0.0,9,2,6,42.4,12.4,12.0,12.0,25.2,12.0,17.133333333333333,14.566666666666668,17.770833333333332
2026-06-10 10:00:00,36.7,34.8,55,1001.4,20.1,218,0.0,10,2,6,28.8,12.0,12.0,12.0,12.0,31.3,19.933333333333334,15.966666666666667,17.920833333333334
2026-06-10 11:00:00,44.9,34.2,59,1001.1,20.7,221,0.0,11,2,6,36.7,42.4,12.0,12.0,29.8,69.0,24.05,18.025000000000002,18.95
2026-06-10 12:00:00,20.9,33.8,61,1001.2,22.0,213,0.0,12,2,6,44.9,28.8,12.4,12.0,14.1,35.9,29.53333333333333,20.766666666666666,19.57916666666667
2026-06-10 13:00:00,26.0,32.3,67,1001.6,23.5,218,0.0,13,2,6,20.9,36.7,12.0,12.0,25.5,31.9,30.95,21.508333333333336,19.8625
2026-06-10 14:00:00,19.6,31.3,72,1001.7,23.4,220,0.0,14,2,6,26.0,44.9,42.4,12.0,12.8,12.0,33.28333333333333,22.675,19.883333333333333
2026-06-10 15:00:00,17.4,31.0,72,1002.3,23.3,222,0.0,15,2,6,19.6,20.9,28.8,12.0,46.5,23.5,29.483333333333334,23.308333333333334,20.166666666666668
2026-06-10 16:00:00,12.0,30.9,73,1002.9,23.4,223,0.0,16,2,6,17.4,26.0,36.7,12.0,12.0,13.8,27.583333333333332,23.758333333333336,18.954166666666666
2026-06-10 17:00:00,12.0,30.7,74,1003.6,23.2,226,0.0,17,2,6,12.0,19.6,44.9,12.0,22.4,36.1,23.46666666666667,23.758333333333336,18.954166666666666
2026-06-10 18:00:00,12.0,30.6,74,1003.7,22.3,229,0.0,18,2,6,12.0,17.4,20.9,12.4,27.4,12.0,17.983333333333334,23.758333333333336,18.520833333333332
2026-06-10 19:00:00,12.0,30.3,76,1003.3,21.3,233,0.0,19,2,6,12.0,12.0,26.0,12.0,12.0,12.0,16.5,23.725000000000005,17.879166666666666
2026-06-10 20:00:00,12.0,30.4,74,1002.6,19.5,232,0.0,20,2,6,12.0,12.0,19.6,42.4,12.0,12.0,14.166666666666666,23.725000000000005,17.879166666666666
2026-06-10 21:00:00,12.0,30.0,76,1002.1,18.7,234,0.1,21,2,6,12.0,12.0,17.4,28.8,12.0,12.0,12.9,21.191666666666666,17.879166666666666
2026-06-10 22:00:00,12.0,30.0,75,1002.1,18.3,231,0.0,22,2,6,12.0,12.0,12.0,36.7,12.0,12.0,12.0,19.791666666666668,17.879166666666666
2026-06-10 23:00:00,12.0,29.9,76,1002.2,16.8,229,0.0,23,2,6,12.0,12.0,12.0,44.9,12.0,12.0,12.0,17.733333333333334,17.879166666666666
2026-06-11 00:00:00,12.0,30.2,75,1001.6,15.3,231,0.0,0,3,6,12.0,12.0,12.0,20.9,12.0,12.0,12.0,14.991666666666667,17.879166666666666
2026-06-11 01:00:00,12.0,30.6,71,1002.3,16.9,235,0.0,1,3,6,12.0,12.0,12.0,26.0,12.0,12.0,12.0,14.25,17.879166666666666
2026-06-11 02:00:00,12.0,31.2,67,1003.0,20.0,234,0.0,2,3,6,12.0,12.0,12.0,19.6,12.0,12.0,12.0,13.083333333333334,17.879166666666666
2026-06-11 03:00:00,12.0,32.1,63,1003.3,21.9,234,0.1,3,3,6,12.0,12.0,12.0,17.4,12.0,12.0,12.0,12.450000000000001,17.879166666666666
2026-06-11 04:00:00,12.0,32.9,60,1003.7,22.5,232,0.1,4,3,6,12.0,12.0,12.0,12.0,12.0,13.2,12.0,12.0,17.879166666666666
2026-06-11 05:00:00,12.0,33.8,58,1003.6,22.6,229,0.0,5,3,6,12.0,12.0,12.0,12.0,12.0,12.0,12.0,12.0,17.879166666666666
2026-06-11 06:00:00,16.5,34.2,58,1003.3,22.7,227,0.0,6,3,6,12.0,12.0,12.0,12.0,12.4,12.0,12.0,12.0,17.879166666666666
2026-06-11 07:00:00,12.0,34.0,59,1002.8,23.2,229,0.2,7,3,6,16.5,12.0,12.0,12.0,12.0,31.7,12.75,12.375,18.05
2026-06-11 08:00:00,17.8,34.8,57,1002.3,23.0,221,0.1,8,3,6,12.0,12.0,12.0,12.0,42.4,26.1,12.75,12.375,18.05
2026-06-11 09:00:00,15.9,34.8,57,1001.4,23.8,217,0.0,9,3,6,17.8,16.5,12.0,12.0,28.8,25.2,13.716666666666667,12.858333333333334,17.025000000000002
2026-06-11 10:00:00,33.4,34.7,57,1001.1,23.1,220,0.0,10,3,6,15.9,12.0,12.0,12.0,36.7,12.0,14.366666666666667,13.183333333333332,16.4875
2026-06-11 11:00:00,27.6,34.0,60,1000.6,23.2,216,0.0,11,3,6,33.4,17.8,12.0,12.0,44.9,29.8,17.933333333333334,14.966666666666667,16.35
2026-06-11 12:00:00,21.1,33.2,64,1000.6,23.5,209,0.0,12,3,6,27.6,15.9,16.5,12.0,20.9,14.1,20.533333333333335,16.266666666666666,15.629166666666665
2026-06-11 13:00:00,29.0,32.1,68,1000.8,24.2,209,0.0,13,3,6,21.1,33.4,12.0,12.0,26.0,25.5,21.3,17.025000000000002,15.637500000000001
2026-06-11 14:00:00,12.0,31.2,73,1001.1,22.8,208,0.0,14,3,6,29.0,27.6,17.8,12.0,19.6,12.8,24.133333333333336,18.441666666666666,15.762500000000001
2026-06-11 15:00:00,20.3,30.8,75,1001.5,22.4,213,0.0,15,3,6,12.0,21.1,15.9,12.0,17.4,46.5,23.166666666666668,18.441666666666666,15.445833333333333
2026-06-11 16:00:00,20.5,30.6,76,1002.4,22.5,216,0.0,16,3,6,20.3,29.0,33.4,12.0,12.0,12.0,23.900000000000002,19.133333333333333,15.566666666666668
2026-06-11 17:00:00,12.0,30.6,75,1003.0,21.7,218,0.0,17,3,6,20.5,12.0,27.6,12.0,12.0,22.4,21.75,19.841666666666665,15.920833333333334
2026-06-11 18:00:00,12.0,30.6,76,1002.7,21.2,216,0.1,18,3,6,12.0,20.3,21.1,16.5,12.0,27.4,19.150000000000002,19.841666666666665,15.920833333333334
2026-06-11 19:00:00,12.0,30.5,75,1002.3,19.9,217,0.0,19,3,6,12.0,20.5,29.0,12.0,12.0,12.0,17.633333333333336,19.466666666666665,15.920833333333334
2026-06-11 20:00:00,12.0,30.3,75,1002.0,20.5,219,0.0,20,3,6,12.0,12.0,12.0,17.8,12.0,12.0,14.800000000000002,19.466666666666665,15.920833333333334
2026-06-11 21:00:00,12.0,30.2,76,1001.7,19.3,219,0.0,21,3,6,12.0,12.0,20.3,15.9,12.0,12.0,14.800000000000002,18.98333333333333,15.920833333333334
2026-06-11 22:00:00,12.0,30.1,77,1001.7,19.2,220,0.0,22,3,6,12.0,12.0,20.5,33.4,12.0,12.0,13.416666666666666,18.658333333333335,15.920833333333334
2026-06-11 23:00:00,12.0,29.8,78,1001.8,18.6,225,0.0,23,3,6,12.0,12.0,12.0,27.6,12.0,12.0,12.0,16.875,15.920833333333334
2026-06-12 00:00:00,12.0,30.1,79,1002.2,16.1,230,0.0,0,4,6,12.0,12.0,12.0,21.1,12.0,12.0,12.0,15.574999999999998,15.920833333333334
2026-06-12 01:00:00,12.0,30.3,76,1002.8,17.0,231,0.0,1,4,6,12.0,12.0,12.0,29.0,12.0,12.0,12.0,14.816666666666665,15.920833333333334
2026-06-12 02:00:00,12.0,31.1,72,1003.5,19.1,229,0.0,2,4,6,12.0,12.0,12.0,12.0,12.0,12.0,12.0,13.399999999999999,15.920833333333334
2026-06-12 03:00:00,12.0,32.3,65,1004.0,21.0,229,0.0,3,4,6,12.0,12.0,12.0,20.3,12.0,12.0,12.0,13.399999999999999,15.920833333333334
2026-06-12 04:00:00,12.0,33.4,58,1004.2,22.3,227,0.0,4,4,6,12.0,12.0,12.0,20.5,12.0,12.0,12.0,12.708333333333334,15.920833333333334
2026-06-12 05:00:00,12.0,34.4,54,1004.3,22.8,226,0.0,5,4,6,12.0,12.0,12.0,12.0,12.0,12.0,12.0,12.0,15.920833333333334
2026-06-12 06:00:00,20.5,34.8,53,1004.4,24.1,227,0.0,6,4,6,12.0,12.0,12.0,12.0,16.5,12.4,12.0,12.0,15.920833333333334
2026-06-12 07:00:00,12.0,34.3,56,1004.2,24.0,229,0.0,7,4,6,20.5,12.0,12.0,12.0,12.0,12.0,13.416666666666666,12.708333333333334,16.087500000000002
2026-06-12 08:00:00,12.0,34.2,58,1003.9,23.4,227,0.1,8,4,6,12.0,12.0,12.0,12.0,17.8,42.4,13.416666666666666,12.708333333333334,16.087500000000002
2026-06-12 09:00:00,12.0,34.5,58,1003.3,24.3,226,0.1,9,4,6,12.0,20.5,12.0,12.0,15.9,28.8,13.416666666666666,12.708333333333334,15.845833333333333
2026-06-12 10:00:00,31.5,34.1,61,1002.9,23.8,224,0.0,10,4,6,12.0,12.0,12.0,12.0,33.4,36.7,13.416666666666666,12.708333333333334,15.683333333333335
2026-06-12 11:00:00,38.1,33.8,61,1002.2,23.4,217,0.0,11,4,6,31.5,12.0,12.0,12.0,27.6,44.9,16.666666666666668,14.333333333333334,15.604166666666666
2026-06-12 12:00:00,21.4,33.3,61,1002.1,24.4,213,0.0,12,4,6,38.1,12.0,20.5,12.0,21.1,20.9,21.016666666666666,16.508333333333336,16.041666666666668
2026-06-12 13:00:00,20.1,32.2,65,1002.2,24.8,216,0.0,13,4,6,21.4,31.5,12.0,12.0,29.0,26.0,21.166666666666668,17.291666666666668,16.054166666666667
2026-06-12 14:00:00,16.0,31.3,69,1002.7,24.8,213,0.0,14,4,6,20.1,38.1,12.0,12.0,12.0,19.6,22.516666666666666,17.96666666666667,15.683333333333332
2026-06-12 15:00:00,18.8,31.0,71,1003.3,24.8,216,0.0,15,4,6,16.0,21.4,12.0,12.0,20.3,17.4,23.183333333333334,18.3,15.85
2026-06-12 16:00:00,12.0,30.7,73,1004.2,24.3,219,0.0,16,4,6,18.8,20.1,31.5,12.0,20.5,12.0,24.316666666666666,18.866666666666667,15.7875
2026-06-12 17:00:00,12.0,30.4,75,1004.9,22.0,223,0.0,17,4,6,12.0,16.0,38.1,12.0,12.0,12.0,21.066666666666666,18.866666666666667,15.433333333333332
2026-06-12 18:00:00,12.0,30.0,77,1004.8,20.9,221,0.1,18,4,6,12.0,18.8,21.4,20.5,12.0,12.0,16.716666666666665,18.866666666666667,15.433333333333332
2026-06-12 19:00:00,12.0,30.1,75,1004.5,19.6,225,0.0,19,4,6,12.0,12.0,20.1,12.0,12.0,12.0,15.15,18.158333333333335,15.433333333333332
2026-06-12 20:00:00,12.0,29.8,76,1004.0,19.2,228,0.0,20,4,6,12.0,12.0,16.0,12.0,12.0,12.0,13.799999999999999,18.158333333333335,15.433333333333332
2026-06-12 21:00:00,12.0,29.6,77,1003.7,17.8,230,0.1,21,4,6,12.0,12.0,18.8,12.0,12.0,12.0,13.133333333333333,18.158333333333335,15.433333333333332
2026-06-12 22:00:00,12.0,29.6,77,1004.0,16.5,233,0.0,22,4,6,12.0,12.0,12.0,31.5,12.0,12.0,12.0,18.158333333333335,15.433333333333332
2026-06-12 23:00:00,12.0,29.5,77,1004.1,15.3,236,0.0,23,4,6,12.0,12.0,12.0,38.1,12.0,12.0,12.0,16.533333333333335,15.433333333333332
2026-06-13 00:00:00,12.0,30.2,72,1004.1,14.7,234,0.1,0,5,6,12.0,12.0,12.0,21.4,12.0,12.0,12.0,14.358333333333334,15.433333333333332
2026-06-13 01:00:00,12.0,30.2,71,1005.0,13.9,239,0.0,1,5,6,12.0,12.0,12.0,20.1,12.0,12.0,12.0,13.575000000000001,15.433333333333332
2026-06-13 02:00:00,12.0,31.0,67,1005.8,16.3,245,0.0,2,5,6,12.0,12.0,12.0,16.0,12.0,12.0,12.0,12.9,15.433333333333332
2026-06-13 03:00:00,12.0,31.8,64,1006.1,18.0,246,0.1,3,5,6,12.0,12.0,12.0,18.8,12.0,12.0,12.0,12.566666666666668,15.433333333333332
2026-06-13 04:00:00,12.0,32.5,62,1006.4,18.8,243,0.2,4,5,6,12.0,12.0,12.0,12.0,12.0,12.0,12.0,12.0,15.433333333333332
2026-06-13 05:00:00,33.9,33.2,60,1006.3,20.3,240,0.1,5,5,6,12.0,12.0,12.0,12.0,12.0,12.0,12.0,12.0,15.433333333333332
2026-06-13 06:00:00,12.0,34.0,58,1006.3,21.1,240,0.1,6,5,6,33.9,12.0,12.0,12.0,20.5,16.5,15.65,13.825000000000001,16.34583333333333
2026-06-13 07:00:00,12.0,34.6,55,1006.0,21.0,241,0.0,7,5,6,12.0,12.0,12.0,12.0,12.0,12.0,15.65,13.825000000000001,15.991666666666665
2026-06-13 08:00:00,37.9,35.2,52,1005.3,19.4,227,0.0,8,5,6,12.0,33.9,12.0,12.0,12.0,17.8,15.65,13.825000000000001,15.991666666666665
2026-06-13 09:00:00,30.4,35.5,51,1004.6,19.7,224,0.0,9,5,6,37.9,12.0,12.0,12.0,12.0,15.9,19.96666666666667,15.983333333333334,17.070833333333333
2026-06-13 10:00:00,44.2,34.2,57,1004.1,21.9,215,0.0,10,5,6,30.4,12.0,12.0,12.0,31.5,33.4,23.03333333333333,17.516666666666666,17.8375
2026-06-13 11:00:00,12.0,33.5,60,1003.5,22.9,216,0.0,11,5,6,44.2,37.9,33.9,12.0,38.1,27.6,28.400000000000002,20.2,18.366666666666664
2026-06-13 12:00:00,34.1,33.2,62,1003.2,23.0,221,0.0,12,5,6,12.0,30.4,12.0,12.0,21.4,21.1,24.75,20.2,17.27916666666667
2026-06-13 13:00:00,47.3,31.9,68,1003.3,23.5,218,0.0,13,5,6,34.1,44.2,12.0,12.0,20.1,29.0,28.433333333333334,22.041666666666668,17.808333333333334
2026-06-13 14:00:00,27.3,31.0,71,1003.6,23.0,216,0.0,14,5,6,47.3,12.0,37.9,12.0,16.0,12.0,34.31666666666667,24.983333333333334,18.941666666666666
2026-06-13 15:00:00,13.7,30.7,73,1004.0,22.2,217,0.0,15,5,6,27.3,34.1,30.4,12.0,18.8,20.3,32.55,26.258333333333336,19.4125
2026-06-13 16:00:00,12.0,30.6,75,1004.8,22.0,220,0.0,16,5,6,13.7,47.3,44.2,12.0,12.0,20.5,29.766666666666666,26.400000000000002,19.2
2026-06-13 17:00:00,23.9,30.3,78,1005.5,21.9,223,0.0,17,5,6,12.0,27.3,12.0,33.9,12.0,12.0,24.400000000000002,26.400000000000002,19.2
2026-06-13 18:00:00,12.0,30.2,79,1005.5,21.6,230,0.0,18,5,6,23.9,13.7,34.1,12.0,12.0,12.0,26.383333333333336,25.566666666666663,19.695833333333333
2026-06-13 19:00:00,12.0,30.0,78,1005.4,20.5,236,0.0,19,5,6,12.0,12.0,47.3,12.0,12.0,12.0,22.7,25.566666666666663,19.695833333333333
2026-06-13 20:00:00,12.0,29.9,78,1005.1,19.2,244,0.0,20,5,6,12.0,23.9,27.3,37.9,12.0,12.0,16.816666666666666,25.566666666666663,19.695833333333333
2026-06-13 21:00:00,12.0,29.8,78,1004.7,17.8,250,0.0,21,5,6,12.0,12.0,13.7,30.4,12.0,12.0,14.266666666666666,23.40833333333333,19.695833333333333
2026-06-13 22:00:00,12.0,29.7,77,1004.8,16.9,255,0.0,22,5,6,12.0,12.0,12.0,44.2,12.0,12.0,13.983333333333334,21.875,19.695833333333333
2026-06-13 23:00:00,12.0,29.5,77,1005.1,14.9,259,0.0,23,5,6,12.0,12.0,23.9,12.0,12.0,12.0,13.983333333333334,19.191666666666666,19.695833333333333
2026-06-14 00:00:00,12.0,29.7,75,1005.4,15.2,256,0.0,0,6,6,12.0,12.0,12.0,34.1,12.0,12.0,12.0,19.191666666666666,19.695833333333333
2026-06-14 01:00:00,12.0,29.9,74,1005.7,15.0,260,0.0,1,6,6,12.0,12.0,12.0,47.3,12.0,12.0,12.0,17.349999999999998,19.695833333333333
2026-06-14 02:00:00,12.0,31.0,68,1006.3,15.7,259,0.0,2,6,6,12.0,12.0,12.0,27.3,12.0,12.0,12.0,14.408333333333331,19.695833333333333
2026-06-14 03:00:00,12.0,32.0,63,1006.7,17.1,262,0.0,3,6,6,12.0,12.0,12.0,13.7,12.0,12.0,12.0,13.133333333333335,19.695833333333333
2026-06-14 04:00:00,22.7,32.9,58,1007.1,17.4,262,0.0,4,6,6,12.0,12.0,12.0,12.0,12.0,12.0,12.0,12.991666666666665,19.695833333333333
2026-06-14 05:00:00,12.6,34.0,52,1007.1,16.3,259,0.0,5,6,6,22.7,12.0,12.0,23.9,33.9,12.0,13.783333333333333,13.883333333333333,20.141666666666666
2026-06-14 06:00:00,17.5,34.7,50,1006.8,18.5,249,0.0,6,6,6,12.6,12.0,12.0,12.0,12.0,20.5,13.883333333333333,12.941666666666665,19.254166666666666
2026-06-14 07:00:00,15.7,35.1,49,1005.9,19.3,241,0.0,7,6,6,17.5,22.7,12.0,12.0,12.0,12.0,14.799999999999999,13.4,19.483333333333334
2026-06-14 08:00:00,12.0,34.6,51,1005.3,20.5,238,0.5,8,6,6,15.7,12.6,12.0,12.0,37.9,12.0,15.416666666666666,13.708333333333334,19.6375
2026-06-14 09:00:00,41.2,34.7,51,1004.7,20.8,238,1.4,9,6,6,12.0,17.5,12.0,12.0,30.4,12.0,15.416666666666666,13.708333333333334,18.558333333333334
2026-06-14 10:00:00,36.2,34.2,55,1003.8,21.3,231,0.0,10,6,6,41.2,15.7,22.7,12.0,44.2,31.5,20.283333333333335,16.14166666666667,19.008333333333336
2026-06-14 11:00:00,38.0,33.3,58,1003.4,23.6,227,0.0,11,6,6,36.2,12.0,12.6,12.0,12.0,38.1,22.53333333333333,18.15833333333333,18.675
2026-06-14 12:00:00,45.8,33.0,59,1003.2,22.2,218,0.0,12,6,6,38.0,41.2,17.5,12.0,34.1,21.4,26.76666666666667,20.325,19.758333333333336
2026-06-14 13:00:00,29.3,31.8,68,1002.9,20.9,218,0.0,13,6,6,45.8,36.2,15.7,12.0,47.3,20.1,31.483333333333334,23.141666666666666,20.245833333333334
2026-06-14 14:00:00,25.4,31.0,71,1003.3,19.2,222,0.0,14,6,6,29.3,38.0,12.0,12.0,27.3,16.0,33.75000000000001,24.583333333333332,19.495833333333334
2026-06-14 15:00:00,12.0,30.7,74,1003.8,18.3,217,0.0,15,6,6,25.4,45.8,41.2,12.0,13.7,18.8,35.983333333333334,25.7,19.416666666666668
2026-06-14 16:00:00,12.0,30.6,76,1004.4,18.9,220,0.0,16,6,6,12.0,29.3,36.2,22.7,12.0,12.0,31.116666666666664,25.7,19.345833333333335
2026-06-14 17:00:00,27.4,30.5,75,1005.0,20.8,236,0.0,17,6,6,12.0,25.4,38.0,12.6,23.9,12.0,27.083333333333332,24.808333333333334,19.345833333333335
2026-06-14 18:00:00,26.8,30.3,74,1005.3,20.8,241,0.0,18,6,6,27.4,12.0,45.8,17.5,12.0,12.0,25.316666666666666,26.041666666666668,19.491666666666667
2026-06-14 19:00:00,12.0,30.1,74,1005.1,18.9,246,0.0,19,6,6,26.8,12.0,29.3,15.7,12.0,12.0,22.150000000000002,26.816666666666663,20.108333333333334
2026-06-14 20:00:00,12.0,30.0,73,1004.8,18.0,252,0.0,20,6,6,12.0,27.4,25.4,12.0,12.0,12.0,19.266666666666666,26.50833333333333,20.108333333333334
2026-06-14 21:00:00,12.0,29.8,74,1004.5,16.9,256,0.0,21,6,6,12.0,26.8,12.0,41.2,12.0,12.0,17.03333333333333,26.50833333333333,20.108333333333334
2026-06-14 22:00:00,12.0,29.6,75,1004.5,14.7,255,0.0,22,6,6,12.0,12.0,12.0,36.2,12.0,12.0,17.03333333333333,24.075,20.108333333333334
2026-06-14 23:00:00,12.0,29.5,75,1004.4,13.7,253,0.0,23,6,6,12.0,12.0,27.4,38.0,12.0,12.0,17.03333333333333,22.058333333333334,20.108333333333334
2026-06-15 00:00:00,12.0,29.4,75,1004.4,13.3,240,0.0,0,0,6,12.0,12.0,26.8,45.8,12.0,12.0,14.466666666666669,19.89166666666667,20.108333333333334
2026-06-15 01:00:00,12.0,29.7,74,1005.0,15.1,241,0.0,1,0,6,12.0,12.0,12.0,29.3,12.0,12.0,12.0,17.075,20.108333333333334
2026-06-15 02:00:00,12.0,30.7,69,1005.9,15.9,252,0.0,2,0,6,12.0,12.0,12.0,25.4,12.0,12.0,12.0,15.633333333333333,20.108333333333334
2026-06-15 03:00:00,12.0,31.4,66,1006.4,16.3,253,0.1,3,0,6,12.0,12.0,12.0,12.0,12.0,12.0,12.0,14.516666666666667,20.108333333333334
2026-06-15 04:00:00,12.0,32.5,61,1006.7,18.9,249,0.1,4,0,6,12.0,12.0,12.0,12.0,22.7,12.0,12.0,14.516666666666667,20.108333333333334
2026-06-15 05:00:00,12.0,33.5,56,1006.7,20.1,243,0.1,5,0,6,12.0,12.0,12.0,27.4,12.6,33.9,12.0,14.516666666666667,19.6625
2026-06-15 06:00:00,17.3,34.3,52,1006.3,20.0,240,0.0,6,0,6,12.0,12.0,12.0,26.8,17.5,12.0,12.0,13.233333333333334,19.6375
2026-06-15 07:00:00,12.0,34.0,53,1005.5,22.4,241,0.0,7,0,6,17.3,12.0,12.0,12.0,15.7,12.0,12.883333333333333,12.441666666666665,19.629166666666666
2026-06-15 08:00:00,12.0,33.3,56,1004.8,22.5,240,1.4,8,0,6,12.0,12.0,12.0,12.0,12.0,37.9,12.883333333333333,12.441666666666665,19.475
2026-06-15 09:00:00,50.2,34.2,53,1004.2,21.4,238,0.7,9,0,6,12.0,17.3,12.0,12.0,41.2,30.4,12.883333333333333,12.441666666666665,19.475
2026-06-15 10:00:00,50.5,34.3,53,1003.8,20.0,229,0.0,10,0,6,50.2,12.0,12.0,12.0,36.2,44.2,19.25,15.625,19.85
2026-06-15 11:00:00,43.5,33.5,57,1003.0,20.8,224,0.0,11,0,6,50.5,12.0,12.0,12.0,38.0,12.0,25.666666666666668,18.833333333333332,20.445833333333333
2026-06-15 12:00:00,27.9,32.9,58,1003.0,23.8,215,0.0,12,0,6,43.5,50.2,17.3,12.0,45.8,34.1,30.916666666666668,21.458333333333332,20.675
2026-06-15 13:00:00,16.4,32.0,63,1003.1,22.4,215,0.0,13,0,6,27.9,50.5,12.0,12.0,29.3,47.3,32.68333333333333,22.78333333333333,19.929166666666664
2026-06-15 14:00:00,31.0,31.1,68,1003.6,20.6,217,0.0,14,0,6,16.4,43.5,12.0,12.0,25.4,27.3,33.416666666666664,23.150000000000002,19.39166666666667
2026-06-15 15:00:00,30.3,30.9,70,1004.2,20.0,219,0.0,15,0,6,31.0,27.9,50.2,12.0,12.0,13.7,36.583333333333336,24.733333333333334,19.625
2026-06-15 16:00:00,29.2,30.7,72,1005.0,19.2,220,0.0,16,0,6,30.3,16.4,50.5,12.0,12.0,12.0,33.266666666666666,26.258333333333336,20.3875
2026-06-15 17:00:00,23.3,30.5,72,1005.6,19.5,228,0.0,17,0,6,29.2,31.0,43.5,12.0,27.4,23.9,29.71666666666667,27.691666666666666,21.104166666666668
2026-06-15 18:00:00,12.0,30.3,73,1005.5,19.8,238,0.0,18,0,6,23.3,30.3,27.9,17.3,26.8,12.0,26.349999999999998,28.633333333333336,20.933333333333334
2026-06-15 19:00:00,12.0,30.1,71,1005.4,17.7,241,0.0,19,0,6,12.0,29.2,16.4,12.0,12.0,12.0,23.7,28.191666666666666,20.316666666666666
2026-06-15 20:00:00,12.0,30.0,70,1005.1,17.1,245,0.0,20,0,6,12.0,23.3,31.0,12.0,12.0,12.0,22.96666666666667,28.191666666666666,20.316666666666666
2026-06-15 21:00:00,16.5,29.7,72,1004.9,16.2,251,0.0,21,0,6,12.0,12.0,30.3,50.2,12.0,12.0,19.8,28.191666666666666,20.316666666666666
2026-06-15 22:00:00,25.4,29.5,73,1004.7,14.6,249,0.0,22,0,6,16.5,12.0,29.2,50.5,12.0,12.0,17.5,25.383333333333336,20.504166666666666
2026-06-15 23:00:00,12.0,29.2,74,1004.6,12.6,242,0.0,23,0,6,25.4,12.0,23.3,43.5,12.0,12.0,16.866666666666667,23.291666666666668,21.0625
2026-06-16 00:00:00,12.0,29.2,74,1004.4,12.1,235,0.0,0,1,6,12.0,16.5,12.0,27.9,12.0,12.0,14.983333333333334,20.666666666666668,21.0625
2026-06-16 01:00:00,18.5,29.6,73,1005.0,10.6,228,0.0,1,1,6,12.0,25.4,12.0,16.4,12.0,12.0,14.983333333333334,19.341666666666665,21.0625
2026-06-16 02:00:00,26.7,31.0,65,1005.8,13.1,233,0.0,2,1,6,18.5,12.0,12.0,31.0,12.0,12.0,16.066666666666666,19.516666666666666,21.333333333333332
2026-06-16 03:00:00,12.0,31.6,62,1006.2,14.8,236,0.0,3,1,6,26.7,12.0,16.5,30.3,12.0,12.0,18.516666666666666,19.15833333333333,21.945833333333336
2026-06-16 04:00:00,12.0,31.6,63,1006.6,15.5,242,0.3,4,1,6,12.0,18.5,25.4,29.2,12.0,22.7,17.766666666666666,17.633333333333333,21.945833333333336
2026-06-16 05:00:00,12.0,31.9,61,1006.8,17.3,247,0.5,5,1,6,12.0,26.7,12.0,23.3,12.0,12.6,15.533333333333331,16.2,21.945833333333336
2026-06-16 06:00:00,16.3,33.9,55,1006.1,16.8,243,0.2,6,1,6,12.0,12.0,12.0,12.0,17.3,17.5,15.533333333333331,15.258333333333333,21.945833333333336
2026-06-16 07:00:00,12.0,34.7,52,1005.7,17.9,236,0.1,7,1,6,16.3,12.0,18.5,12.0,12.0,15.7,16.25,15.616666666666667,21.904166666666665
2026-06-16 08:00:00,19.7,34.7,51,1005.5,17.4,235,0.1,8,1,6,12.0,12.0,26.7,12.0,12.0,12.0,15.166666666666666,15.616666666666667,21.904166666666665
2026-06-16 09:00:00,63.4,34.1,52,1004.8,19.3,238,0.8,9,1,6,19.7,16.3,12.0,16.5,50.2,41.2,14.0,16.258333333333333,22.224999999999998
2026-06-16 10:00:00,56.3,33.4,54,1004.4,19.6,238,0.7,10,1,6,63.4,12.0,12.0,25.4,50.5,36.2,22.566666666666666,20.166666666666668,22.775000000000002
2026-06-16 11:00:00,35.5,32.6,61,1003.9,20.0,227,0.8,11,1,6,56.3,19.7,12.0,12.0,43.5,38.0,29.95,22.741666666666664,23.016666666666666
2026-06-16 12:00:00,17.2,33.5,55,1003.3,19.7,220,0.0,12,1,6,35.5,63.4,16.3,12.0,27.9,45.8,33.86666666666667,24.7,22.683333333333334
2026-06-16 13:00:00,24.4,32.2,62,1003.9,21.6,221,0.0,13,1,6,17.2,56.3,12.0,18.5,16.4,29.3,34.016666666666666,25.13333333333333,22.2375
2026-06-16 14:00:00,12.3,30.9,69,1004.3,20.9,226,0.0,14,1,6,24.4,35.5,19.7,26.7,31.0,25.4,36.083333333333336,25.625,22.570833333333336
2026-06-16 15:00:00,12.0,31.0,68,1004.9,21.0,226,0.0,15,1,6,12.3,17.2,63.4,12.0,30.3,12.0,34.85,24.425,21.791666666666668
2026-06-16 16:00:00,19.9,30.7,70,1005.3,19.1,226,0.0,16,1,6,12.0,24.4,56.3,12.0,29.2,12.0,26.28333333333333,24.425,21.029166666666665
2026-06-16 17:00:00,12.0,30.4,73,1006.1,18.5,232,0.0,17,1,6,19.9,12.3,35.5,12.0,23.3,27.4,20.216666666666665,25.083333333333332,20.641666666666666
2026-06-16 18:00:00,12.0,30.3,75,1006.1,18.6,236,0.0,18,1,6,12.0,12.0,17.2,16.3,12.0,26.8,16.3,25.083333333333332,20.17083333333333
2026-06-16 19:00:00,12.0,29.8,77,1005.9,16.0,241,0.0,19,1,6,12.0,19.9,24.4,12.0,12.0,12.0,15.433333333333332,24.724999999999998,20.17083333333333
2026-06-16 20:00:00,12.0,29.4,80,1005.5,14.7,239,0.0,20,1,6,12.0,12.0,12.3,19.7,12.0,12.0,13.366666666666667,24.724999999999998,20.17083333333333
2026-06-16 21:00:00,12.0,29.1,81,1005.6,13.9,241,0.0,21,1,6,12.0,12.0,12.0,63.4,16.5,12.0,13.316666666666668,24.083333333333332,20.17083333333333
2026-06-16 22:00:00,15.9,29.0,81,1005.2,13.8,242,0.1,22,1,6,12.0,12.0,19.9,56.3,25.4,12.0,13.316666666666668,19.8,19.98333333333333
2026-06-16 23:00:00,31.3,29.0,80,1005.4,12.2,246,0.1,23,1,6,15.9,12.0,12.0,35.5,12.0,12.0,12.65,16.433333333333334,19.5875
2026-06-17 00:00:00,12.0,29.0,79,1005.8,10.8,238,0.0,0,2,6,31.3,12.0,12.0,17.2,12.0,12.0,15.866666666666667,16.083333333333332,20.391666666666666
2026-06-17 01:00:00,12.0,29.2,77,1006.2,9.4,234,0.0,1,2,6,12.0,15.9,12.0,24.4,18.5,12.0,15.866666666666667,15.65,20.391666666666666
2026-06-17 02:00:00,12.0,30.5,68,1006.8,13.3,240,0.0,2,2,6,12.0,31.3,12.0,12.3,26.7,12.0,15.866666666666667,14.616666666666665,20.120833333333334
2026-06-17 03:00:00,12.0,31.4,64,1007.0,13.3,235,0.1,3,2,6,12.0,12.0,12.0,12.0,12.0,12.0,15.866666666666667,14.591666666666669,19.508333333333333
2026-06-17 04:00:00,12.0,30.8,67,1007.1,16.1,236,0.7,4,2,6,12.0,12.0,15.9,19.9,12.0,12.0,15.866666666666667,14.591666666666669,19.508333333333333
2026-06-17 05:00:00,12.0,31.7,64,1007.2,16.7,234,0.8,5,2,6,12.0,12.0,31.3,12.0,12.0,12.0,15.216666666666667,13.933333333333332,19.508333333333333
2026-06-17 06:00:00,17.0,33.6,55,1006.9,17.3,231,0.4,6,2,6,12.0,12.0,12.0,12.0,16.3,17.3,12.0,13.933333333333332,19.508333333333333
2026-06-17 07:00:00,26.9,34.0,53,1006.3,18.2,231,0.1,7,2,6,17.0,12.0,12.0,12.0,12.0,12.0,12.833333333333334,14.35,19.537499999999998
2026-06-17 08:00:00,34.3,34.3,52,1006.0,19.5,233,0.1,8,2,6,26.9,12.0,12.0,12.0,19.7,12.0,15.316666666666668,15.591666666666667,20.158333333333335
2026-06-17 09:00:00,26.7,34.1,52,1005.0,21.1,237,0.1,9,2,6,34.3,17.0,12.0,12.0,63.4,50.2,19.03333333333333,17.45,20.766666666666666
2026-06-17 10:00:00,56.5,33.2,57,1004.8,22.0,235,0.1,10,2,6,26.7,26.9,12.0,15.9,56.3,50.5,21.483333333333334,18.675,19.2375
2026-06-17 11:00:00,25.9,32.6,60,1004.3,22.2,236,0.0,11,2,6,56.5,34.3,12.0,31.3,35.5,43.5,28.899999999999995,22.058333333333334,19.245833333333334
2026-06-17 12:00:00,28.1,32.6,60,1004.0,21.5,232,0.0,12,2,6,25.9,26.7,17.0,12.0,17.2,27.9,31.216666666666665,21.60833333333333,18.845833333333335
2026-06-17 13:00:00,35.4,31.6,65,1004.0,20.8,229,0.0,13,2,6,28.1,56.5,26.9,12.0,24.4,16.4,33.06666666666666,22.95,19.3
2026-06-17 14:00:00,26.5,31.0,66,1004.2,21.0,218,0.0,14,2,6,35.4,25.9,34.3,12.0,12.3,31.0,34.48333333333333,24.899999999999995,19.758333333333333
2026-06-17 15:00:00,21.7,30.9,64,1004.7,20.4,225,0.0,15,2,6,26.5,28.1,26.7,12.0,12.0,30.3,33.18333333333333,26.10833333333333,20.349999999999998
2026-06-17 16:00:00,26.2,30.6,65,1005.7,18.8,226,0.0,16,2,6,21.7,35.4,56.5,12.0,19.9,29.2,32.35,26.916666666666668,20.754166666666666
2026-06-17 17:00:00,23.0,30.3,67,1006.4,17.8,228,0.0,17,2,6,26.2,26.5,25.9,12.0,12.0,23.3,27.3,28.099999999999998,21.016666666666666
2026-06-17 18:00:00,12.0,30.0,70,1006.6,18.5,234,0.0,18,2,6,23.0,21.7,28.1,17.0,12.0,12.0,26.816666666666666,29.016666666666666,21.474999999999998
2026-06-17 19:00:00,26.3,29.9,71,1005.8,16.0,239,0.0,19,2,6,12.0,26.2,35.4,26.9,12.0,12.0,24.133333333333336,28.599999999999998,21.474999999999998
2026-06-17 20:00:00,12.0,29.7,73,1005.8,14.6,241,0.0,20,2,6,26.3,23.0,26.5,34.3,12.0,12.0,22.61666666666667,28.55,22.070833333333336
2026-06-17 21:00:00,12.0,29.6,73,1005.6,12.3,247,0.0,21,2,6,12.0,12.0,21.7,26.7,12.0,16.5,20.2,26.691666666666666,22.070833333333336
2026-06-17 22:00:00,12.0,29.5,73,1005.6,11.0,247,0.0,22,2,6,12.0,26.3,26.2,56.5,15.9,25.4,18.583333333333332,25.46666666666667,22.070833333333336
2026-06-17 23:00:00,12.0,29.3,74,1005.5,9.8,238,0.0,23,2,6,12.0,12.0,23.0,25.9,31.3,12.0,16.216666666666665,21.758333333333336,21.908333333333335
2026-06-18 00:00:00,12.0,29.5,71,1005.7,10.4,242,0.0,0,3,6,12.0,12.0,12.0,28.1,12.0,12.0,14.383333333333333,20.599999999999998,21.104166666666668
2026-06-18 01:00:00,12.0,29.4,73,1006.0,10.4,247,0.0,1,3,6,12.0,12.0,26.3,35.4,12.0,18.5,14.383333333333333,19.258333333333333,21.104166666666668
2026-06-18 02:00:00,12.0,30.4,69,1006.3,11.1,241,0.0,2,3,6,12.0,12.0,12.0,26.5,12.0,26.7,12.0,17.308333333333334,21.104166666666668
2026-06-18 03:00:00,12.0,31.8,59,1006.5,13.4,243,0.0,3,3,6,12.0,12.0,12.0,21.7,12.0,12.0,12.0,16.099999999999998,21.104166666666668
2026-06-18 04:00:00,12.0,32.6,55,1007.0,15.0,241,0.1,4,3,6,12.0,12.0,12.0,26.2,12.0,12.0,12.0,15.291666666666666,21.104166666666668
2026-06-18 05:00:00,12.0,33.4,53,1006.8,15.2,239,0.1,5,3,6,12.0,12.0,12.0,23.0,12.0,12.0,12.0,14.108333333333334,21.104166666666668
2026-06-18 06:00:00,12.0,32.8,58,1007.0,16.5,240,1.6,6,3,6,12.0,12.0,12.0,12.0,17.0,16.3,12.0,13.191666666666668,21.104166666666668
2026-06-18 07:00:00,14.8,33.7,50,1006.1,19.3,235,0.0,7,3,6,12.0,12.0,12.0,26.3,26.9,12.0,12.0,13.191666666666668,20.895833333333332
2026-06-18 08:00:00,20.1,33.9,47,1005.3,19.4,237,0.4,8,3,6,14.8,12.0,12.0,12.0,34.3,19.7,12.466666666666669,12.233333333333334,20.391666666666666
2026-06-18 09:00:00,33.4,33.7,49,1004.6,20.1,233,1.0,9,3,6,20.1,12.0,12.0,12.0,26.7,63.4,13.816666666666668,12.908333333333333,19.8
2026-06-18 10:00:00,44.1,33.0,55,1004.1,18.6,227,0.3,10,3,6,33.4,14.8,12.0,12.0,56.5,56.3,17.383333333333336,14.691666666666668,20.079166666666666
2026-06-18 11:00:00,51.9,32.8,55,1003.5,19.2,226,0.0,11,3,6,44.1,20.1,12.0,12.0,25.9,35.5,22.733333333333334,17.366666666666667,19.5625
2026-06-18 12:00:00,30.2,31.8,62,1003.4,18.6,230,0.0,12,3,6,51.9,33.4,12.0,12.0,28.1,17.2,29.383333333333336,20.691666666666666,20.645833333333332
2026-06-18 13:00:00,69.2,30.6,68,1003.2,18.5,224,0.0,13,3,6,30.2,44.1,14.8,12.0,35.4,24.4,32.416666666666664,22.208333333333332,20.73333333333333
2026-06-18 14:00:00,32.3,29.8,74,1003.5,17.0,222,0.0,14,3,6,69.2,51.9,20.1,12.0,26.5,12.3,41.48333333333333,26.974999999999998,22.141666666666666
2026-06-18 15:00:00,47.8,29.5,77,1004.3,15.3,211,0.0,15,3,6,32.3,30.2,33.4,12.0,21.7,12.0,43.51666666666667,28.666666666666668,22.383333333333336
2026-06-18 16:00:00,53.3,29.4,78,1005.0,16.2,212,0.0,16,3,6,47.8,69.2,44.1,12.0,26.2,19.9,45.916666666666664,31.650000000000002,23.47083333333333
2026-06-18 17:00:00,30.1,29.3,79,1005.3,15.9,214,0.0,17,3,6,53.3,32.3,51.9,12.0,23.0,12.0,47.449999999999996,35.09166666666667,24.599999999999998
2026-06-18 18:00:00,31.1,29.2,78,1005.3,15.6,231,0.0,18,3,6,30.1,47.8,30.2,12.0,12.0,12.0,43.81666666666666,36.6,24.895833333333332
2026-06-18 19:00:00,12.0,28.9,80,1005.2,14.1,236,0.0,19,3,6,31.1,53.3,69.2,14.8,26.3,12.0,43.96666666666667,38.19166666666667,25.691666666666666
2026-06-18 20:00:00,13.6,28.9,76,1004.8,11.8,239,0.0,20,3,6,12.0,30.1,32.3,20.1,12.0,12.0,34.43333333333334,37.958333333333336,25.09583333333333
2026-06-18 21:00:00,21.1,28.6,77,1004.5,9.8,227,0.0,21,3,6,13.6,31.1,47.8,33.4,12.0,12.0,31.316666666666666,37.416666666666664,25.162499999999998
2026-06-18 22:00:00,13.6,27.9,80,1004.9,10.4,233,0.1,22,3,6,21.1,12.0,53.3,44.1,12.0,15.9,26.86666666666667,36.391666666666666,25.541666666666668
2026-06-18 23:00:00,12.0,26.7,89,1005.0,9.8,216,0.8,23,3,6,13.6,13.6,30.1,51.9,12.0,31.3,20.25,33.85,25.60833333333333
2026-06-19 00:00:00,12.0,27.8,84,1004.7,10.3,216,0.1,0,4,6,12.0,21.1,31.1,30.2,12.0,12.0,17.233333333333334,30.525000000000002,25.60833333333333
2026-06-19 01:00:00,12.0,28.2,84,1005.1,8.4,233,0.0,1,4,6,12.0,13.6,12.0,69.2,12.0,12.0,14.049999999999999,29.008333333333336,25.60833333333333
2026-06-19 02:00:00,12.5,29.1,78,1005.9,9.4,239,0.0,2,4,6,12.0,12.0,13.6,32.3,12.0,12.0,14.049999999999999,24.24166666666667,25.60833333333333
2026-06-19 03:00:00,12.0,30.0,72,1006.2,8.8,235,0.2,3,4,6,12.5,12.0,21.1,47.8,12.0,12.0,13.866666666666667,22.59166666666667,25.629166666666663
2026-06-19 04:00:00,12.0,31.3,64,1006.5,12.3,230,0.2,4,4,6,12.0,12.0,13.6,53.3,12.0,12.0,12.35,19.60833333333333,25.629166666666663
2026-06-19 05:00:00,15.1,32.2,60,1006.5,12.8,236,0.1,5,4,6,12.0,12.5,12.0,30.1,12.0,12.0,12.083333333333334,16.166666666666668,25.629166666666663
2026-06-19 06:00:00,20.5,31.8,61,1006.4,11.5,220,0.1,6,4,6,15.1,12.0,12.0,31.1,12.0,17.0,12.6,14.916666666666666,25.75833333333333
2026-06-19 07:00:00,32.7,33.0,56,1005.9,14.7,228,0.1,7,4,6,20.5,12.0,12.0,12.0,14.8,26.9,14.016666666666666,14.033333333333331,26.112499999999997
2026-06-19 08:00:00,45.1,33.8,54,1005.4,15.5,232,0.0,8,4,6,32.7,15.1,12.5,13.6,20.1,34.3,17.466666666666665,15.758333333333333,26.858333333333334
2026-06-19 09:00:00,25.7,33.7,53,1004.9,17.1,231,0.0,9,4,6,45.1,20.5,12.0,21.1,33.4,26.7,22.900000000000002,18.383333333333333,27.900000000000002
2026-06-19 10:00:00,73.5,33.1,56,1004.4,16.9,231,0.0,10,4,6,25.7,32.7,12.0,13.6,44.1,56.5,25.183333333333334,18.76666666666667,27.579166666666666
2026-06-19 11:00:00,28.0,32.5,60,1004.1,17.9,233,0.0,11,4,6,73.5,45.1,15.1,12.0,51.9,25.9,35.43333333333333,23.758333333333336,28.804166666666664
2026-06-19 12:00:00,43.1,32.1,61,1004.1,18.0,233,0.0,12,4,6,28.0,25.7,20.5,12.0,30.2,28.1,37.583333333333336,25.09166666666667,27.808333333333334
2026-06-19 13:00:00,53.7,31.0,66,1004.5,17.6,234,0.0,13,4,6,43.1,73.5,32.7,12.0,69.2,35.4,41.35,27.683333333333334,28.34583333333333
2026-06-19 14:00:00,28.8,30.2,69,1004.8,16.1,235,0.0,14,4,6,53.7,28.0,45.1,12.5,32.3,26.5,44.849999999999994,31.158333333333335,27.700000000000003
2026-06-19 15:00:00,61.6,29.9,71,1005.4,15.2,227,0.0,15,4,6,28.8,43.1,25.7,12.0,47.8,21.7,42.13333333333333,32.516666666666666,27.554166666666664
2026-06-19 16:00:00,24.8,29.7,73,1006.3,14.2,221,0.0,16,4,6,61.6,53.7,73.5,12.0,53.3,26.2,48.11666666666667,36.65,28.129166666666666
2026-06-19 17:00:00,38.7,29.5,74,1006.9,12.6,222,0.0,17,4,6,24.8,28.8,28.0,15.1,30.1,23.0,40.0,37.71666666666667,26.941666666666666
2026-06-19 18:00:00,22.0,29.4,75,1006.2,13.2,226,0.0,18,4,6,38.7,61.6,43.1,20.5,31.1,12.0,41.78333333333333,39.68333333333333,27.3
2026-06-19 19:00:00,13.6,29.2,76,1005.7,11.7,223,0.0,19,4,6,22.0,24.8,53.7,32.7,12.0,26.3,38.26666666666667,39.80833333333333,26.920833333333334
2026-06-19 20:00:00,12.0,29.1,76,1005.5,10.8,226,0.0,20,4,6,13.6,38.7,28.8,45.1,13.6,12.0,31.583333333333332,38.21666666666667,26.9875
2026-06-19 21:00:00,37.9,29.0,75,1005.1,9.4,230,0.0,21,4,6,12.0,22.0,61.6,25.7,21.1,12.0,28.783333333333335,35.458333333333336,26.920833333333334
2026-06-19 22:00:00,25.5,28.4,77,1005.1,10.3,237,0.1,22,4,6,37.9,13.6,24.8,73.5,13.6,12.0,24.833333333333332,36.475,27.620833333333334
2026-06-19 23:00:00,12.0,27.9,80,1005.3,9.8,240,0.0,23,4,6,25.5,12.0,38.7,28.0,12.0,12.0,24.95,32.475,28.11666666666667
2026-06-20 00:00:00,12.0,28.2,78,1005.3,8.6,240,0.0,0,5,6,12.0,37.9,22.0,43.1,12.0,12.0,20.5,31.141666666666666,28.11666666666667
2026-06-20 01:00:00,26.8,28.5,77,1006.0,6.4,232,0.0,1,5,6,12.0,25.5,13.6,53.7,12.0,12.0,18.833333333333332,28.55,28.11666666666667
2026-06-20 02:00:00,21.7,29.5,71,1006.6,9.4,239,0.0,2,5,6,26.8,12.0,12.0,28.8,12.5,12.0,21.033333333333335,26.308333333333334,28.733333333333334
2026-06-20 03:00:00,12.9,29.7,73,1007.0,9.3,261,0.8,3,5,6,21.7,12.0,37.9,61.6,12.0,12.0,22.650000000000002,25.71666666666667,29.11666666666667
2026-06-20 04:00:00,12.0,31.7,62,1007.1,10.6,238,0.2,4,5,6,12.9,26.8,25.5,24.8,12.0,12.0,18.483333333333334,21.65833333333333,29.15416666666667
2026-06-20 05:00:00,36.4,32.4,59,1007.2,11.6,235,0.2,5,5,6,12.0,21.7,12.0,38.7,15.1,12.0,16.233333333333334,20.591666666666665,29.15416666666667
2026-06-20 06:00:00,30.3,32.9,57,1006.9,11.5,236,0.2,6,5,6,36.4,12.9,12.0,22.0,20.5,12.0,20.3,20.400000000000002,30.041666666666668
2026-06-20 07:00:00,45.0,33.9,53,1006.4,13.4,235,0.1,7,5,6,30.3,12.0,26.8,13.6,32.7,14.8,23.349999999999998,21.091666666666665,30.450000000000003
2026-06-20 08:00:00,39.0,34.3,51,1005.9,14.3,234,0.0,8,5,6,45.0,36.4,21.7,12.0,45.1,20.1,26.383333333333336,23.708333333333332,30.962499999999995
2026-06-20 09:00:00,48.8,34.2,52,1005.2,15.3,238,0.0,9,5,6,39.0,30.3,12.9,37.9,25.7,33.4,29.26666666666667,25.958333333333332,30.708333333333332
2026-06-20 10:00:00,61.1,33.3,57,1004.8,16.9,240,0.2,10,5,6,48.8,45.0,12.0,25.5,73.5,44.1,35.25,26.86666666666667,31.670833333333334
2026-06-20 11:00:00,25.0,32.8,59,1004.3,16.1,238,0.0,11,5,6,61.1,39.0,36.4,12.0,28.0,51.9,43.43333333333334,29.83333333333333,31.15416666666667
2026-06-20 12:00:00,44.2,32.3,61,1003.8,16.0,239,0.0,12,5,6,25.0,48.8,30.3,12.0,43.1,30.2,41.53333333333333,30.916666666666668,31.02916666666667
2026-06-20 13:00:00,35.8,31.3,67,1004.1,15.0,237,0.0,13,5,6,44.2,61.1,45.0,26.8,53.7,69.2,43.849999999999994,33.6,31.075
2026-06-20 14:00:00,76.5,30.2,73,1004.8,14.9,233,0.0,14,5,6,35.8,25.0,39.0,21.7,28.8,32.3,42.31666666666666,34.35,30.329166666666666
2026-06-20 15:00:00,52.3,30.0,74,1005.5,15.4,226,0.0,15,5,6,76.5,44.2,48.8,12.9,61.6,47.8,48.56666666666666,38.916666666666664,32.31666666666667
2026-06-20 16:00:00,37.2,29.8,75,1006.2,14.8,222,0.0,16,5,6,52.3,35.8,61.1,12.0,24.8,53.3,49.15,42.199999999999996,31.929166666666664
2026-06-20 17:00:00,12.8,29.6,76,1006.9,13.7,226,0.0,17,5,6,37.2,76.5,25.0,36.4,38.7,30.1,45.166666666666664,44.300000000000004,32.44583333333333
2026-06-20 18:00:00,27.9,29.6,78,1006.3,15.0,231,0.0,18,5,6,12.8,52.3,44.2,30.3,22.0,31.1,43.13333333333333,42.333333333333336,31.366666666666664
2026-06-20 19:00:00,24.6,29.4,79,1005.9,14.1,235,0.0,19,5,6,27.9,37.2,35.8,45.0,13.6,12.0,40.416666666666664,42.13333333333333,31.612499999999997
2026-06-20 20:00:00,21.1,29.2,79,1005.8,12.9,235,0.0,20,5,6,24.6,12.8,76.5,39.0,12.0,13.6,38.550000000000004,40.43333333333333,32.07083333333333
2026-06-20 21:00:00,16.6,29.0,80,1005.3,12.0,240,0.0,21,5,6,21.1,27.9,52.3,48.8,37.9,21.1,29.316666666666666,38.94166666666667,32.449999999999996
2026-06-20 22:00:00,12.0,29.0,78,1005.2,11.8,243,0.0,22,5,6,16.6,24.6,37.2,61.1,25.5,13.6,23.36666666666667,36.25833333333333,31.5625
2026-06-20 23:00:00,12.0,28.9,79,1005.2,11.1,243,0.1,23,5,6,12.0,21.1,12.8,25.0,12.0,12.0,19.166666666666668,32.16666666666667,31.0
2026-06-21 00:00:00,12.0,28.7,82,1005.2,9.5,245,0.1,0,6,6,12.0,16.6,27.9,44.2,12.0,12.0,19.033333333333335,31.08333333333334,31.0
2026-06-21 01:00:00,12.0,28.8,81,1005.5,8.5,243,0.1,1,6,6,12.0,12.0,24.6,35.8,26.8,12.0,16.383333333333333,28.400000000000002,31.0
2026-06-21 02:00:00,12.0,30.0,74,1006.1,9.8,250,0.1,2,6,6,12.0,12.0,21.1,76.5,21.7,12.5,14.283333333333333,26.41666666666667,30.383333333333336
2026-06-21 03:00:00,12.0,31.1,69,1006.3,11.1,250,0.1,3,6,6,12.0,12.0,16.6,52.3,12.9,12.0,12.766666666666666,21.041666666666668,29.979166666666668
2026-06-21 04:00:00,12.0,32.2,64,1006.4,11.5,253,0.2,4,6,6,12.0,12.0,12.0,37.2,12.0,12.0,12.0,17.683333333333334,29.941666666666666
2026-06-21 05:00:00,24.4,33.3,57,1006.0,12.4,254,0.1,5,6,6,12.0,12.0,12.0,12.8,36.4,15.1,12.0,15.583333333333334,29.941666666666666
2026-06-21 06:00:00,30.5,34.7,48,1005.1,12.5,252,0.0,6,6,6,24.4,12.0,12.0,27.9,30.3,20.5,14.066666666666668,16.55,29.441666666666666
2026-06-21 07:00:00,20.0,34.8,47,1004.5,13.1,245,0.0,7,6,6,30.5,12.0,12.0,24.6,45.0,32.7,17.150000000000002,16.76666666666667,29.45
2026-06-21 08:00:00,27.8,35.2,46,1004.0,14.8,237,0.0,8,6,6,20.0,24.4,12.0,21.1,39.0,45.1,18.483333333333334,16.383333333333333,28.40833333333333
2026-06-21 09:00:00,40.5,34.9,47,1003.2,14.9,235,0.0,9,6,6,27.8,30.5,12.0,16.6,48.8,25.7,21.116666666666667,16.941666666666666,27.941666666666663
2026-06-21 10:00:00,40.1,34.7,47,1002.8,15.7,233,0.0,10,6,6,40.5,20.0,12.0,12.0,61.1,73.5,25.866666666666664,18.933333333333334,27.59583333333333
2026-06-21 11:00:00,33.4,33.6,52,1002.4,16.8,227,0.0,11,6,6,40.1,27.8,24.4,12.0,25.0,28.0,30.55,21.275000000000002,26.72083333333333
2026-06-21 12:00:00,41.4,33.1,56,1002.0,16.3,232,0.0,12,6,6,33.4,40.5,30.5,12.0,44.2,43.1,32.050000000000004,23.058333333333334,27.07083333333333
2026-06-21 13:00:00,53.0,31.9,62,1002.0,16.4,227,0.0,13,6,6,41.4,40.1,20.0,12.0,35.8,53.7,33.86666666666667,25.508333333333336,26.95416666666667
2026-06-21 14:00:00,53.6,30.9,69,1002.6,15.7,222,0.0,14,6,6,53.0,33.4,27.8,12.0,76.5,28.8,39.36666666666667,28.925,27.670833333333334
2026-06-21 15:00:00,40.6,30.5,72,1003.3,15.3,220,0.0,15,6,6,53.6,41.4,40.5,12.0,52.3,61.6,43.666666666666664,32.391666666666666,26.716666666666665
2026-06-21 16:00:00,39.8,30.3,73,1003.9,14.9,226,0.0,16,6,6,40.6,53.0,40.1,12.0,37.2,24.8,43.68333333333333,34.775,26.229166666666668
2026-06-21 17:00:00,27.7,30.2,75,1004.5,14.7,229,0.0,17,6,6,39.8,53.6,33.4,24.4,12.8,38.7,43.63333333333333,37.09166666666667,26.337500000000002
2026-06-21 18:00:00,31.3,30.1,76,1004.4,14.9,229,0.0,18,6,6,27.7,40.6,41.4,30.5,27.9,22.0,42.68333333333334,37.36666666666667,26.958333333333332
2026-06-21 19:00:00,32.8,29.8,77,1003.7,13.9,230,0.0,19,6,6,31.3,39.8,53.0,20.0,24.6,13.6,41.0,37.43333333333334,27.100000000000005
2026-06-21 20:00:00,19.4,29.7,78,1003.6,13.9,231,0.0,20,6,6,32.8,27.7,53.6,27.8,21.1,12.0,37.63333333333333,38.5,27.441666666666666
2026-06-21 21:00:00,12.0,29.4,79,1003.4,13.4,230,0.0,21,6,6,19.4,31.3,40.6,40.5,16.6,37.9,31.933333333333326,37.800000000000004,27.370833333333334
2026-06-21 22:00:00,12.0,29.3,79,1003.4,12.0,238,0.0,22,6,6,12.0,32.8,39.8,40.1,12.0,25.5,27.166666666666668,35.425000000000004,27.179166666666664
2026-06-21 23:00:00,12.0,29.3,78,1003.3,10.3,245,0.0,23,6,6,12.0,19.4,27.7,33.4,12.0,12.0,22.53333333333333,33.083333333333336,27.179166666666664
2026-06-22 00:00:00,27.4,29.1,77,1003.2,7.0,226,0.1,0,0,6,12.0,12.0,31.3,41.4,12.0,12.0,19.916666666666668,31.3,27.179166666666664
2026-06-22 01:00:00,12.0,24.6,96,1004.4,12.4,301,2.5,1,0,6,27.4,12.0,32.8,53.0,12.0,26.8,19.266666666666666,30.13333333333333,27.82083333333333
2026-06-22 02:00:00,20.4,25.8,88,1005.2,2.7,160,0.3,2,0,6,12.0,12.0,19.4,53.6,12.0,21.7,15.800000000000002,26.716666666666665,27.82083333333333
2026-06-22 03:00:00,24.7,28.0,80,1005.5,3.5,192,1.0,3,0,6,20.4,27.4,12.0,40.6,12.0,12.9,15.966666666666667,23.95,28.17083333333333
2026-06-22 04:00:00,12.0,29.8,69,1006.1,11.1,261,0.4,4,0,6,24.7,12.0,12.0,39.8,12.0,12.0,18.083333333333332,22.625,28.7
2026-06-22 05:00:00,49.1,31.6,60,1005.7,5.9,259,0.2,5,0,6,12.0,20.4,12.0,27.7,24.4,36.4,18.083333333333332,20.308333333333334,28.7
2026-06-22 06:00:00,29.1,31.7,62,1005.4,8.9,204,0.0,6,0,6,49.1,24.7,27.4,31.3,30.5,30.3,24.266666666666666,22.091666666666665,29.729166666666668
2026-06-22 07:00:00,59.9,31.2,66,1004.6,9.4,198,0.3,7,0,6,29.1,12.0,12.0,32.8,20.0,45.0,24.549999999999997,21.90833333333333,29.670833333333334
2026-06-22 08:00:00,29.8,32.1,61,1004.0,13.3,208,0.0,8,0,6,59.9,49.1,20.4,19.4,27.8,39.0,32.53333333333333,24.166666666666668,31.333333333333332
2026-06-22 09:00:00,55.5,31.4,64,1003.1,13.4,216,0.0,9,0,6,29.8,29.1,24.7,12.0,40.5,48.8,34.1,25.033333333333335,31.416666666666668
2026-06-22 10:00:00,49.1,31.9,62,1002.6,13.6,212,0.0,10,0,6,55.5,59.9,12.0,12.0,40.1,61.1,39.23333333333333,28.65833333333333,32.041666666666664
2026-06-22 11:00:00,61.6,30.9,67,1002.4,14.0,210,0.0,11,0,6,49.1,29.8,49.1,12.0,33.4,25.0,45.416666666666664,31.75,32.416666666666664
2026-06-22 12:00:00,63.7,31.3,68,1001.9,14.6,213,0.0,12,0,6,61.6,55.5,29.1,27.4,41.4,44.2,47.5,35.88333333333333,33.59166666666667
2026-06-22 13:00:00,56.5,30.0,75,1002.1,13.1,205,0.0,13,0,6,63.7,49.1,59.9,12.0,53.0,35.8,53.26666666666667,38.90833333333333,34.520833333333336
2026-06-22 14:00:00,54.6,29.6,78,1002.6,13.7,198,0.0,14,0,6,56.5,61.6,29.8,20.4,53.6,76.5,52.70000000000001,42.61666666666667,34.666666666666664
2026-06-22 15:00:00,45.2,29.2,79,1003.2,13.8,206,0.0,15,0,6,54.6,63.7,55.5,24.7,40.6,52.3,56.833333333333336,45.46666666666667,34.708333333333336
2026-06-22 16:00:00,34.8,28.8,82,1003.8,13.2,204,0.0,16,0,6,45.2,56.5,49.1,12.0,39.8,37.2,55.116666666666674,47.17499999999999,34.9
2026-06-22 17:00:00,36.8,28.9,82,1004.0,12.8,204,0.0,17,0,6,34.8,54.6,61.6,49.1,27.7,12.8,52.73333333333333,49.074999999999996,34.69166666666666
2026-06-22 18:00:00,16.0,29.1,80,1003.8,12.8,214,0.0,18,0,6,36.8,45.2,63.7,29.1,31.3,27.9,48.6,48.050000000000004,35.07083333333333
2026-06-22 19:00:00,46.3,29.2,79,1003.2,10.8,218,0.0,19,0,6,16.0,34.8,56.5,59.9,32.8,24.6,40.65,46.958333333333336,34.43333333333333
2026-06-22 20:00:00,24.9,28.9,80,1003.1,10.5,237,0.1,20,0,6,46.3,36.8,54.6,29.8,19.4,21.1,38.949999999999996,45.824999999999996,34.99583333333333
2026-06-22 21:00:00,35.5,28.4,80,1002.9,10.2,236,0.1,21,0,6,24.9,16.0,45.2,55.5,12.0,16.6,34.0,45.416666666666664,35.225
2026-06-22 22:00:00,19.8,26.6,87,1002.8,9.4,192,0.2,22,0,6,35.5,46.3,34.8,49.1,12.0,12.0,32.38333333333333,43.75,36.204166666666666
2026-06-22 23:00:00,12.0,25.3,98,1003.0,10.6,137,1.6,23,0,6,19.8,24.9,36.8,61.6,12.0,12.0,29.88333333333333,41.30833333333333,36.52916666666667
2026-06-23 00:00:00,12.0,25.5,95,1002.9,9.6,193,0.6,0,1,6,12.0,35.5,16.0,63.7,27.4,12.0,25.75,37.175,36.52916666666667
2026-06-23 01:00:00,12.0,25.9,93,1003.0,10.0,206,0.1,1,1,6,12.0,19.8,46.3,56.5,12.0,12.0,25.083333333333332,32.86666666666667,35.8875
2026-06-23 02:00:00,12.7,27.5,86,1003.6,7.8,202,0.0,2,1,6,12.0,12.0,24.9,54.6,20.4,12.0,19.366666666666664,29.15833333333333,35.8875
2026-06-23 03:00:00,21.9,29.3,75,1004.0,12.1,224,0.0,3,1,6,12.7,12.0,35.5,45.2,24.7,12.0,17.333333333333332,25.666666666666668,35.56666666666667
2026-06-23 04:00:00,12.0,29.7,75,1004.2,11.5,236,0.2,4,1,6,21.9,12.0,19.8,34.8,12.0,12.0,15.066666666666668,23.724999999999998,35.449999999999996
2026-06-23 05:00:00,29.3,31.2,69,1003.9,11.6,235,0.1,5,1,6,12.0,12.7,12.0,36.8,49.1,24.4,13.766666666666666,21.825,35.449999999999996
2026-06-23 06:00:00,21.6,29.7,73,1003.9,13.5,221,0.0,6,1,6,29.3,21.9,12.0,16.0,29.1,30.5,16.650000000000002,21.2,34.625
2026-06-23 07:00:00,12.0,30.5,69,1003.0,14.7,209,0.2,7,1,6,21.6,12.0,12.0,46.3,59.9,20.0,18.25,21.666666666666668,34.3125
2026-06-23 08:00:00,24.2,30.2,71,1002.3,16.6,214,0.0,8,1,6,12.0,29.3,12.7,24.9,29.8,27.8,18.25,18.808333333333334,32.31666666666667
2026-06-23 09:00:00,12.2,30.7,70,1001.3,14.4,206,0.0,9,1,6,24.2,21.6,21.9,35.5,55.5,40.5,20.166666666666668,18.75,32.083333333333336
2026-06-23 10:00:00,33.0,30.9,71,1000.9,16.1,208,0.0,10,1,6,12.2,12.0,12.0,19.8,49.1,40.1,18.55,16.808333333333334,30.27916666666667
2026-06-23 11:00:00,13.3,30.2,75,1000.7,16.8,204,0.0,11,1,6,33.0,24.2,29.3,12.0,61.6,33.4,22.05,17.90833333333333,29.608333333333334
2026-06-23 12:00:00,57.5,31.0,72,1000.1,14.4,202,0.0,12,1,6,13.3,12.2,21.6,12.0,63.7,41.4,19.383333333333333,18.016666666666666,27.59583333333333
2026-06-23 13:00:00,43.6,30.3,75,1000.6,14.9,210,0.0,13,1,6,57.5,33.0,12.0,12.0,56.5,53.0,25.366666666666664,21.808333333333334,27.337499999999995
2026-06-23 14:00:00,56.5,29.6,79,1001.4,15.1,205,0.0,14,1,6,43.6,13.3,24.2,12.7,54.6,53.6,30.633333333333336,24.441666666666666,26.799999999999997
2026-06-23 15:00:00,53.2,29.5,80,1001.8,14.8,210,0.0,15,1,6,56.5,57.5,12.2,21.9,45.2,40.6,36.01666666666667,28.09166666666667,26.879166666666666
2026-06-23 16:00:00,34.1,29.3,81,1002.2,15.1,203,0.0,16,1,6,53.2,43.6,33.0,12.0,34.8,39.8,42.85,30.700000000000003,27.212500000000002
2026-06-23 17:00:00,48.8,29.0,83,1002.6,14.6,196,0.0,17,1,6,34.1,56.5,13.3,29.3,36.8,27.7,43.03333333333333,32.541666666666664,27.183333333333337
2026-06-23 18:00:00,13.2,28.5,83,1002.5,15.0,194,0.0,18,1,6,48.8,53.2,57.5,21.6,16.0,31.3,48.949999999999996,34.166666666666664,27.683333333333334
2026-06-23 19:00:00,14.7,25.4,95,1001.8,14.6,181,0.4,19,1,6,13.2,34.1,43.6,12.0,46.3,32.8,41.56666666666666,33.46666666666666,27.566666666666663
2026-06-23 20:00:00,12.0,24.8,99,1001.8,14.8,177,1.0,20,1,6,14.7,48.8,56.5,24.2,24.9,19.4,36.75,33.69166666666667,26.25
2026-06-23 21:00:00,12.9,25.3,93,1001.7,16.7,194,0.2,21,1,6,12.0,13.2,53.2,12.2,35.5,12.0,29.333333333333332,32.675000000000004,25.712500000000002
2026-06-23 22:00:00,12.0,26.2,90,1001.6,12.1,187,0.0,22,1,6,12.9,14.7,34.1,33.0,19.8,12.0,22.61666666666667,32.733333333333334,24.770833333333332
2026-06-23 23:00:00,30.7,26.7,89,1001.9,9.7,177,0.0,23,1,6,12.0,12.0,48.8,13.3,12.0,12.0,18.933333333333334,30.983333333333334,24.44583333333333
2026-06-24 00:00:00,13.1,26.8,83,1001.6,8.3,196,0.1,0,2,6,30.7,12.9,13.2,57.5,12.0,27.4,15.916666666666666,32.43333333333333,25.224999999999998
2026-06-24 01:00:00,12.0,26.4,89,1002.2,12.1,185,0.8,1,2,6,13.1,12.0,14.7,43.6,12.0,12.0,15.899999999999999,28.733333333333334,25.270833333333332
2026-06-24 02:00:00,12.0,26.4,96,1003.1,8.3,194,1.2,2,2,6,12.0,30.7,12.0,56.5,12.7,20.4,15.449999999999998,26.099999999999998,25.270833333333332
2026-06-24 03:00:00,13.5,28.4,83,1003.6,8.3,237,0.3,3,2,6,12.0,13.1,12.9,53.2,21.9,24.7,15.449999999999998,22.391666666666666,25.24166666666667
2026-06-24 04:00:00,19.4,28.8,76,1004.3,13.9,233,0.3,4,2,6,13.5,12.0,12.0,34.1,12.0,12.0,15.549999999999999,19.083333333333332,24.89166666666667
2026-06-24 05:00:00,16.2,29.2,75,1004.4,12.8,220,0.6,5,2,6,19.4,12.0,30.7,48.8,29.3,49.1,16.783333333333335,17.858333333333334,25.200000000000003
2026-06-24 06:00:00,46.8,31.4,66,1003.4,10.3,229,0.0,6,2,6,16.2,13.5,13.1,13.2,21.6,29.1,14.366666666666667,15.141666666666666,24.654166666666665
2026-06-24 07:00:00,21.8,32.2,64,1003.0,13.9,229,0.0,7,2,6,46.8,19.4,12.0,14.7,12.0,59.9,19.983333333333334,17.941666666666666,25.704166666666666
2026-06-24 08:00:00,34.1,29.8,72,1002.5,17.3,209,0.6,8,2,6,21.8,16.2,12.0,12.0,24.2,29.8,21.61666666666667,18.533333333333335,26.112499999999997
2026-06-24 09:00:00,44.1,28.1,83,1002.4,22.0,205,0.9,9,2,6,34.1,46.8,13.5,12.9,12.2,55.5,25.3,20.375,26.525000000000002
2026-06-24 10:00:00,39.1,29.3,75,1001.5,21.0,202,0.1,10,2,6,44.1,21.8,19.4,12.0,33.0,49.1,30.400000000000002,22.974999999999998,27.854166666666668
2026-06-24 11:00:00,20.1,29.6,75,1000.9,22.1,207,0.0,11,2,6,39.1,34.1,16.2,30.7,13.3,61.6,33.68333333333334,25.233333333333334,28.108333333333334
2026-06-24 12:00:00,32.6,30.6,70,1000.1,19.5,201,0.0,12,2,6,20.1,44.1,46.8,13.1,57.5,63.7,34.333333333333336,24.350000000000005,28.39166666666667
2026-06-24 13:00:00,35.8,30.1,72,1000.5,20.2,204,0.0,13,2,6,32.6,39.1,21.8,12.0,43.6,56.5,31.96666666666667,25.974999999999998,27.354166666666668
2026-06-24 14:00:00,51.7,29.5,75,1001.2,18.0,201,0.0,14,2,6,35.8,20.1,34.1,12.0,56.5,54.6,34.300000000000004,27.958333333333332,27.02916666666667
2026-06-24 15:00:00,28.0,29.4,77,1001.5,18.0,200,0.0,15,2,6,51.7,32.6,44.1,13.5,53.2,45.2,37.233333333333334,31.266666666666666,26.829166666666666
2026-06-24 16:00:00,39.5,29.6,76,1002.4,16.5,202,0.0,16,2,6,28.0,35.8,39.1,19.4,34.1,34.8,34.550000000000004,32.475,25.779166666666665
2026-06-24 17:00:00,45.5,29.7,76,1003.1,16.2,210,0.0,17,2,6,39.5,51.7,20.1,16.2,48.8,36.8,34.61666666666667,34.15,26.004166666666663
2026-06-24 18:00:00,12.0,29.8,77,1003.2,19.0,222,0.0,18,2,6,45.5,28.0,32.6,46.8,13.2,16.0,38.85,36.59166666666667,25.866666666666664
2026-06-24 19:00:00,12.0,29.6,78,1003.0,18.0,229,0.0,19,2,6,12.0,39.5,35.8,21.8,14.7,46.3,35.416666666666664,33.69166666666667,25.816666666666666
2026-06-24 20:00:00,25.6,29.4,75,1002.7,15.0,250,0.0,20,2,6,12.0,45.5,51.7,34.1,12.0,24.9,31.45,32.875,25.704166666666666
2026-06-24 21:00:00,18.8,28.8,77,1002.4,13.8,250,0.1,21,2,6,25.6,12.0,28.0,44.1,12.9,35.5,27.099999999999998,32.166666666666664,26.270833333333332
2026-06-24 22:00:00,20.7,28.7,78,1002.5,5.4,266,0.0,22,2,6,18.8,12.0,39.5,39.1,12.0,19.8,25.566666666666666,30.058333333333337,26.51666666666667
2026-06-24 23:00:00,13.6,26.7,87,1002.8,7.5,169,0.0,23,2,6,20.7,25.6,45.5,20.1,30.7,12.0,22.433333333333334,28.525000000000002,26.879166666666666
2026-06-25 00:00:00,12.0,28.1,82,1002.5,4.2,223,0.0,0,3,6,13.6,18.8,12.0,32.6,13.1,12.0,17.116666666666667,27.98333333333333,26.166666666666668
2026-06-25 01:00:00,12.0,27.5,83,1003.5,4.3,178,0.3,1,3,6,12.0,20.7,12.0,35.8,12.0,12.0,17.116666666666667,26.266666666666666,26.120833333333334
2026-06-25 02:00:00,22.0,28.1,85,1003.9,4.9,188,0.1,2,3,6,12.0,13.6,25.6,51.7,12.0,12.7,17.116666666666667,24.28333333333333,26.120833333333334
2026-06-25 03:00:00,28.4,29.8,75,1004.3,6.1,238,0.2,3,3,6,22.0,12.0,18.8,28.0,13.5,21.9,16.516666666666666,21.808333333333337,26.537499999999998
2026-06-25 04:00:00,12.0,31.4,63,1004.5,11.7,266,0.2,4,3,6,28.4,12.0,20.7,39.5,19.4,12.0,18.116666666666664,21.84166666666667,27.15833333333333
2026-06-25 05:00:00,27.8,32.2,60,1004.5,12.3,258,0.0,5,3,6,12.0,22.0,13.6,45.5,16.2,29.3,16.666666666666668,19.55,26.849999999999998
2026-06-25 06:00:00,15.3,33.0,56,1004.2,14.7,252,0.0,6,3,6,27.8,28.4,12.0,12.0,46.8,21.6,19.033333333333335,18.075,27.33333333333334
2026-06-25 07:00:00,43.8,33.6,53,1003.6,15.1,247,0.0,7,3,6,15.3,12.0,12.0,12.0,21.8,12.0,19.583333333333332,18.349999999999998,26.020833333333332
2026-06-25 08:00:00,40.5,33.7,54,1002.9,15.7,243,0.1,8,3,6,43.8,27.8,22.0,25.6,34.1,24.2,24.883333333333336,21.0,26.9375
2026-06-25 09:00:00,70.6,33.7,56,1002.2,15.5,238,0.0,9,3,6,40.5,15.3,28.4,18.8,44.1,12.2,27.96666666666667,22.241666666666664,27.204166666666666
2026-06-25 10:00:00,25.6,33.4,58,1001.6,16.0,230,0.0,10,3,6,70.6,43.8,12.0,20.7,39.1,33.0,35.0,26.558333333333334,28.308333333333334
2026-06-25 11:00:00,60.8,32.7,62,1001.0,15.7,218,0.0,11,3,6,25.6,40.5,27.8,13.6,20.1,13.3,37.266666666666666,26.96666666666667,27.745833333333334
2026-06-25 12:00:00,36.0,32.3,61,1001.1,17.9,221,0.0,12,3,6,60.8,70.6,15.3,12.0,32.6,57.5,42.76666666666667,30.900000000000002,29.441666666666663
2026-06-25 13:00:00,32.2,31.3,69,1001.4,18.0,213,0.0,13,3,6,36.0,25.6,43.8,12.0,35.8,43.6,46.21666666666667,32.9,29.583333333333332
2026-06-25 14:00:00,43.2,30.3,75,1002.2,15.1,212,0.0,14,3,6,32.2,60.8,40.5,22.0,51.7,56.5,44.28333333333333,34.583333333333336,29.433333333333334
2026-06-25 15:00:00,46.4,30.0,76,1002.6,16.5,213,0.0,15,3,6,43.2,36.0,70.6,28.4,28.0,53.2,44.73333333333333,36.35,29.07916666666667
2026-06-25 16:00:00,13.8,29.9,77,1003.3,16.3,215,0.0,16,3,6,46.4,32.2,25.6,12.0,39.5,34.1,40.7,37.85,29.845833333333335
2026-06-25 17:00:00,27.0,29.8,79,1003.8,15.7,221,0.0,17,3,6,13.8,43.2,60.8,27.8,45.5,48.8,38.733333333333334,38.0,28.775000000000002
2026-06-25 18:00:00,12.0,29.2,82,1003.8,17.2,225,0.0,18,3,6,27.0,46.4,36.0,15.3,12.0,13.2,33.1,37.93333333333333,28.004166666666666
2026-06-25 19:00:00,33.7,29.3,81,1003.4,15.2,235,0.0,19,3,6,12.0,13.8,32.2,43.8,12.0,14.7,29.100000000000005,37.65833333333333,28.004166666666666
2026-06-25 20:00:00,13.9,29.4,77,1003.2,13.6,244,0.0,20,3,6,33.7,27.0,43.2,40.5,25.6,12.0,29.349999999999998,36.81666666666666,28.908333333333335
2026-06-25 21:00:00,12.0,29.2,75,1003.2,11.3,250,0.0,21,3,6,13.9,12.0,46.4,70.6,18.8,12.9,24.46666666666667,34.6,28.420833333333334
2026-06-25 22:00:00,12.0,29.1,74,1003.1,11.9,256,0.0,22,3,6,12.0,33.7,13.8,25.6,20.7,12.0,18.733333333333334,29.71666666666667,28.1375
2026-06-25 23:00:00,19.5,28.7,76,1003.3,10.0,264,0.0,23,3,6,12.0,13.9,27.0,60.8,13.6,30.7,18.433333333333334,28.583333333333332,27.775000000000002
2026-06-26 00:00:00,12.0,28.4,80,1003.3,7.0,273,0.0,0,4,6,19.5,12.0,12.0,36.0,12.0,13.1,17.183333333333334,25.141666666666666,28.020833333333332
2026-06-26 01:00:00,24.7,28.6,81,1004.0,4.6,249,0.0,1,4,6,12.0,12.0,33.7,32.2,12.0,12.0,17.183333333333334,23.141666666666666,28.020833333333332
2026-06-26 02:00:00,21.2,30.1,74,1004.8,5.8,254,0.0,2,4,6,24.7,19.5,13.9,43.2,22.0,12.0,15.683333333333332,22.516666666666666,28.55
2026-06-26 03:00:00,20.8,31.1,69,1005.2,6.1,258,0.0,3,4,6,21.2,12.0,12.0,46.4,28.4,13.5,16.9,20.683333333333334,28.516666666666666
2026-06-26 04:00:00,29.3,32.2,63,1005.3,8.8,271,0.1,4,4,6,20.8,24.7,12.0,13.8,12.0,19.4,18.366666666666664,18.55,28.200000000000003
2026-06-26 05:00:00,16.3,33.2,54,1005.3,10.1,266,0.0,5,4,6,29.3,21.2,19.5,27.0,27.8,16.2,21.25,19.841666666666665,28.920833333333334
2026-06-26 06:00:00,19.5,34.0,48,1004.8,11.0,270,0.0,6,4,6,16.3,20.8,12.0,12.0,15.3,46.8,20.716666666666665,18.95,28.441666666666663
2026-06-26 07:00:00,27.8,34.6,47,1004.5,11.5,260,0.0,7,4,6,19.5,29.3,24.7,33.7,43.8,21.8,21.96666666666667,19.575,28.616666666666664
2026-06-26 08:00:00,47.9,34.8,47,1004.1,11.5,243,0.0,8,4,6,27.8,16.3,21.2,13.9,40.5,34.1,22.483333333333334,19.083333333333332,27.950000000000003
2026-06-26 09:00:00,35.6,34.2,52,1003.1,13.7,230,0.0,9,4,6,47.9,19.5,20.8,12.0,70.6,44.1,26.933333333333334,21.916666666666668,28.258333333333336
2026-06-26 10:00:00,50.1,33.7,54,1002.3,14.6,230,0.0,10,4,6,35.6,27.8,29.3,12.0,25.6,39.1,29.399999999999995,23.883333333333336,26.8
2026-06-26 11:00:00,52.9,33.1,57,1001.6,14.8,227,0.0,11,4,6,50.1,47.9,16.3,19.5,60.8,20.1,32.86666666666667,27.058333333333334,27.820833333333336
2026-06-26 12:00:00,62.2,32.5,64,1001.6,15.5,230,0.0,12,4,6,52.9,35.6,19.5,12.0,36.0,32.6,38.96666666666667,29.84166666666667,27.49166666666667
2026-06-26 13:00:00,42.6,31.5,68,1002.1,14.4,229,0.0,13,4,6,62.2,50.1,27.8,24.7,32.2,35.8,46.083333333333336,34.025,28.583333333333332
2026-06-26 14:00:00,42.2,30.7,73,1002.8,12.7,226,0.0,14,4,6,42.6,52.9,47.9,21.2,43.2,51.7,48.550000000000004,35.516666666666666,29.016666666666666
2026-06-26 15:00:00,72.2,30.2,76,1003.5,11.8,227,0.0,15,4,6,42.2,62.2,35.6,20.8,46.4,28.0,47.6,37.26666666666667,28.974999999999998
2026-06-26 16:00:00,51.2,30.1,76,1004.2,13.2,219,0.0,16,4,6,72.2,42.6,50.1,29.3,13.8,39.5,53.699999999999996,41.550000000000004,30.05
2026-06-26 17:00:00,34.8,30.0,77,1004.8,12.4,219,0.0,17,4,6,51.2,42.2,52.9,16.3,27.0,45.5,53.88333333333333,43.375,31.608333333333334
2026-06-26 18:00:00,15.2,30.0,75,1004.6,13.9,219,0.0,18,4,6,34.8,72.2,62.2,19.5,12.0,12.0,50.86666666666667,44.916666666666664,31.933333333333337
2026-06-26 19:00:00,13.3,29.8,75,1004.5,12.5,224,0.0,19,4,6,15.2,51.2,42.6,27.8,33.7,12.0,43.03333333333333,44.55833333333334,32.06666666666667
2026-06-26 20:00:00,12.0,29.6,77,1004.1,12.6,236,0.0,20,4,6,13.3,34.8,42.2,47.9,13.9,25.6,38.15,43.35,31.21666666666667
2026-06-26 21:00:00,12.0,29.3,77,1003.5,13.4,243,0.0,21,4,6,12.0,15.2,72.2,35.6,12.0,18.8,33.11666666666667,40.358333333333334,31.1375
2026-06-26 22:00:00,12.0,29.3,77,1003.2,12.8,248,0.0,22,4,6,12.0,13.3,51.2,50.1,12.0,20.7,23.083333333333332,38.39166666666667,31.1375
2026-06-26 23:00:00,12.0,29.1,76,1003.1,11.4,257,0.0,23,4,6,12.0,12.0,34.8,52.9,19.5,13.6,16.55,35.21666666666667,31.1375
2026-06-27 00:00:00,12.0,29.0,77,1003.3,9.0,254,0.0,0,5,6,12.0,12.0,15.2,62.2,12.0,12.0,12.75,31.808333333333337,30.825
2026-06-27 01:00:00,17.4,29.0,77,1003.7,7.9,269,0.0,1,5,6,12.0,12.0,13.3,42.6,24.7,12.0,12.216666666666667,27.625,30.825
2026-06-27 02:00:00,12.0,30.3,70,1004.3,8.7,266,0.0,2,5,6,17.4,12.0,12.0,42.2,21.2,22.0,12.9,25.525000000000002,30.520833333333332
2026-06-27 03:00:00,12.0,31.6,62,1004.6,8.5,276,0.0,3,5,6,12.0,12.0,12.0,72.2,20.8,28.4,12.9,23.00833333333333,30.137500000000003
2026-06-27 04:00:00,45.2,32.9,56,1004.9,9.4,272,0.0,4,5,6,12.0,17.4,12.0,51.2,29.3,12.0,12.9,17.991666666666667,29.770833333333332
2026-06-27 05:00:00,28.9,34.0,51,1005.0,10.0,264,0.0,5,5,6,45.2,12.0,12.0,34.8,16.3,27.8,18.433333333333334,17.491666666666664,30.433333333333334
2026-06-27 06:00:00,48.5,35.3,44,1004.6,11.5,262,0.0,6,5,6,28.9,12.0,12.0,15.2,19.5,15.3,21.25,17.0,30.958333333333332
2026-06-27 07:00:00,42.0,35.5,42,1003.9,12.3,258,0.0,7,5,6,48.5,45.2,17.4,13.3,27.8,43.8,27.333333333333332,19.775000000000002,32.166666666666664
2026-06-27 08:00:00,49.8,35.9,39,1003.1,12.5,255,0.0,8,5,6,42.0,28.9,12.0,12.0,47.9,40.5,31.433333333333334,22.166666666666668,32.75833333333333
2026-06-27 09:00:00,44.5,35.7,39,1002.0,14.3,249,0.0,9,5,6,49.8,48.5,12.0,12.0,35.6,70.6,37.73333333333333,25.316666666666666,32.8375
2026-06-27 10:00:00,53.7,35.3,40,1001.2,14.2,238,0.0,10,5,6,44.5,42.0,45.2,12.0,50.1,25.6,43.15,28.025000000000002,33.208333333333336
2026-06-27 11:00:00,49.6,34.7,44,1000.8,13.5,228,0.0,11,5,6,53.7,49.8,28.9,12.0,52.9,60.8,44.56666666666666,31.5,33.35833333333333
2026-06-27 12:00:00,52.0,34.3,51,1000.2,13.8,229,0.0,12,5,6,49.6,44.5,48.5,12.0,62.2,36.0,48.01666666666667,34.63333333333333,33.22083333333333
2026-06-27 13:00:00,56.1,32.6,60,1000.9,14.0,223,0.0,13,5,6,52.0,53.7,42.0,17.4,42.6,32.2,48.6,37.96666666666667,32.795833333333334
2026-06-27 14:00:00,69.0,31.4,68,1001.6,13.2,218,0.0,14,5,6,56.1,49.6,49.8,12.0,42.2,43.2,50.949999999999996,41.19166666666667,33.358333333333334
2026-06-27 15:00:00,47.6,31.1,71,1002.4,14.6,220,0.0,15,5,6,69.0,52.0,44.5,12.0,72.2,46.4,54.15,45.94166666666667,34.475
2026-06-27 16:00:00,45.4,30.8,72,1003.0,14.4,218,0.0,16,5,6,47.6,56.1,53.7,45.2,51.2,13.8,54.666666666666664,48.90833333333333,33.45
2026-06-27 17:00:00,35.1,30.7,73,1003.3,15.6,218,0.0,17,5,6,45.4,69.0,49.6,28.9,34.8,27.0,53.28333333333333,48.925000000000004,33.208333333333336
2026-06-27 18:00:00,12.0,30.5,73,1003.4,16.6,233,0.0,18,5,6,35.1,47.6,52.0,48.5,15.2,12.0,50.86666666666667,49.44166666666666,33.22083333333334
2026-06-27 19:00:00,19.0,30.2,75,1002.9,15.8,240,0.0,19,5,6,12.0,45.4,56.1,42.0,13.3,33.7,44.199999999999996,46.4,33.0875
2026-06-27 20:00:00,12.0,30.0,76,1002.5,14.5,243,0.0,20,5,6,19.0,35.1,69.0,49.8,12.0,13.9,38.016666666666666,44.48333333333333,33.324999999999996
2026-06-27 21:00:00,12.0,29.8,75,1002.1,13.5,245,0.0,21,5,6,12.0,12.0,47.6,44.5,12.0,12.0,28.51666666666667,41.333333333333336,33.324999999999996
2026-06-27 22:00:00,12.0,29.6,74,1001.7,12.7,247,0.0,22,5,6,12.0,19.0,45.4,53.7,12.0,12.0,22.583333333333332,38.625,33.324999999999996
2026-06-27 23:00:00,12.1,29.4,75,1001.6,11.0,252,0.0,23,5,6,12.0,12.0,35.1,49.6,12.0,19.5,17.016666666666666,35.15,33.324999999999996
2026-06-28 00:00:00,31.1,29.4,75,1001.3,9.4,257,0.0,0,6,6,12.1,12.0,12.0,52.0,12.0,12.0,13.183333333333335,32.025,33.329166666666666
2026-06-28 01:00:00,21.1,29.5,74,1001.9,7.7,258,0.0,1,6,6,31.1,12.0,19.0,56.1,17.4,24.7,16.366666666666664,30.28333333333333,34.12500000000001
2026-06-28 02:00:00,20.8,30.6,68,1002.5,9.1,263,0.0,2,6,6,21.1,12.1,12.0,69.0,12.0,21.2,16.716666666666665,27.36666666666667,34.27916666666666
2026-06-28 03:00:00,28.4,32.0,62,1003.0,8.3,272,0.0,3,6,6,20.8,31.1,12.0,47.6,12.0,20.8,18.183333333333334,23.350000000000005,34.645833333333336
2026-06-28 04:00:00,13.2,33.5,53,1003.2,9.0,271,0.0,4,6,6,28.4,21.1,12.0,45.4,45.2,29.3,20.916666666666668,21.75,35.329166666666666
2026-06-28 05:00:00,27.9,34.7,47,1003.2,9.7,266,0.0,5,6,6,13.2,20.8,12.1,35.1,28.9,16.3,21.116666666666664,19.066666666666666,33.99583333333334
2026-06-28 06:00:00,24.2,35.8,43,1002.9,11.2,260,0.0,6,6,6,27.9,28.4,31.1,12.0,48.5,19.5,23.75,18.466666666666665,33.954166666666666
2026-06-28 07:00:00,56.7,36.3,41,1002.6,11.9,252,0.0,7,6,6,24.2,13.2,21.1,19.0,42.0,27.8,22.599999999999998,19.48333333333333,32.94166666666667
2026-06-28 08:00:00,33.1,35.5,43,1001.6,13.0,243,0.0,8,6,6,56.7,27.9,20.8,12.0,49.8,47.9,28.53333333333333,22.625,33.55416666666667
2026-06-28 09:00:00,33.1,35.7,42,1000.9,13.3,237,0.0,9,6,6,33.1,24.2,28.4,12.0,44.5,35.6,30.583333333333332,24.383333333333336,32.858333333333334
2026-06-28 10:00:00,41.5,35.0,44,1000.2,15.2,228,0.0,10,6,6,33.1,56.7,13.2,12.0,53.7,50.1,31.36666666666667,26.141666666666666,32.38333333333333
2026-06-28 11:00:00,32.6,34.1,50,999.7,16.0,227,0.0,11,6,6,41.5,33.1,27.9,12.1,49.6,52.9,36.083333333333336,28.599999999999998,31.875
2026-06-28 12:00:00,31.4,32.9,60,999.8,16.8,219,0.0,12,6,6,32.6,33.1,24.2,31.1,52.0,62.2,36.86666666666667,30.308333333333337,31.166666666666668
2026-06-28 13:00:00,53.6,31.2,70,1000.3,18.9,217,0.0,13,6,6,31.4,41.5,56.7,21.1,56.1,42.6,38.06666666666667,30.333333333333332,30.308333333333337
2026-06-28 14:00:00,37.9,30.7,72,1001.0,17.6,221,0.0,14,6,6,53.6,32.6,33.1,20.8,69.0,42.2,37.55,33.041666666666664,30.204166666666666
2026-06-28 15:00:00,40.7,30.7,72,1001.8,18.0,216,0.0,15,6,6,37.9,31.4,33.1,28.4,47.6,72.2,38.35,34.46666666666666,28.908333333333335
2026-06-28 16:00:00,26.9,30.6,73,1002.3,18.0,217,0.0,16,6,6,40.7,53.6,41.5,13.2,45.4,51.2,39.61666666666667,35.49166666666667,28.620833333333334
2026-06-28 17:00:00,14.1,30.4,74,1002.5,16.7,217,0.0,17,6,6,26.9,37.9,32.6,27.9,35.1,34.8,37.18333333333333,36.63333333333333,27.849999999999998
2026-06-28 18:00:00,12.0,30.7,71,1002.4,18.1,225,0.0,18,6,6,14.1,40.7,31.4,24.2,12.0,15.2,34.1,35.483333333333334,26.974999999999998
2026-06-28 19:00:00,12.0,30.4,72,1001.7,17.4,224,0.0,19,6,6,12.0,26.9,53.6,56.7,19.0,13.3,30.866666666666664,34.46666666666666,26.974999999999998
2026-06-28 20:00:00,12.0,30.1,74,1001.4,17.3,232,0.0,20,6,6,12.0,14.1,37.9,33.1,12.0,12.0,23.933333333333334,30.741666666666664,26.683333333333334
2026-06-28 21:00:00,12.0,29.7,75,1001.1,15.2,234,0.2,21,6,6,12.0,12.0,40.7,33.1,12.0,12.0,19.616666666666667,28.98333333333333,26.683333333333334
2026-06-28 22:00:00,12.0,29.7,73,1001.0,15.5,235,0.0,22,6,6,12.0,12.0,26.9,41.5,12.0,12.0,14.833333333333334,27.224999999999998,26.683333333333334
2026-06-28 23:00:00,17.3,29.8,72,1001.3,13.5,239,0.0,23,6,6,12.0,12.0,14.1,32.6,12.1,12.0,12.35,24.766666666666666,26.683333333333334
2026-06-29 00:00:00,12.0,30.0,72,1000.9,13.8,246,0.0,0,0,6,17.3,12.0,12.0,31.4,31.1,12.0,12.883333333333333,23.491666666666664,26.900000000000002
2026-06-29 01:00:00,12.0,29.9,75,1001.1,13.3,257,0.1,1,0,6,12.0,12.0,12.0,53.6,21.1,17.4,12.883333333333333,21.875,26.104166666666668
2026-06-29 02:00:00,12.0,30.2,72,1001.9,11.7,267,0.0,2,0,6,12.0,17.3,12.0,37.9,20.8,12.0,12.883333333333333,18.40833333333333,25.725000000000005
2026-06-29 03:00:00,12.0,31.6,64,1002.1,11.9,270,0.0,3,0,6,12.0,12.0,12.0,40.7,28.4,12.0,12.883333333333333,16.25,25.358333333333334
2026-06-29 04:00:00,29.1,32.8,58,1002.3,11.4,263,0.0,4,0,6,12.0,12.0,12.0,26.9,13.2,45.2,12.883333333333333,13.858333333333334,24.675
2026-06-29 05:00:00,15.1,33.7,55,1002.3,12.4,257,0.1,5,0,6,29.1,12.0,17.3,14.1,27.9,28.9,15.733333333333334,14.041666666666666,25.337499999999995
2026-06-29 06:00:00,12.0,34.4,50,1002.2,14.6,249,0.1,6,0,6,15.1,12.0,12.0,12.0,24.2,48.5,15.366666666666667,14.125,24.804166666666664
2026-06-29 07:00:00,52.2,35.0,48,1001.8,14.6,248,0.0,7,0,6,12.0,29.1,12.0,12.0,56.7,42.0,15.366666666666667,14.125,24.295833333333334
2026-06-29 08:00:00,43.4,35.1,48,1001.4,15.3,236,0.0,8,0,6,52.2,15.1,12.0,12.0,33.1,49.8,22.066666666666666,17.474999999999998,24.108333333333334
2026-06-29 09:00:00,36.9,33.6,51,1000.8,18.0,234,1.3,9,0,6,43.4,12.0,12.0,12.0,33.1,44.5,27.3,20.091666666666665,24.537499999999998
2026-06-29 10:00:00,29.9,33.0,55,1000.2,18.0,216,1.4,10,0,6,36.9,52.2,29.1,12.0,41.5,53.7,31.45,22.166666666666668,24.69583333333333
2026-06-29 11:00:00,37.1,31.8,65,999.7,19.6,209,0.1,11,0,6,29.9,43.4,15.1,17.3,32.6,49.6,31.583333333333332,23.65833333333333,24.212499999999995
2026-06-29 12:00:00,59.9,31.7,64,999.6,17.3,210,0.0,12,0,6,37.1,36.9,12.0,12.0,31.4,52.0,35.25,25.308333333333334,24.400000000000002
2026-06-29 13:00:00,76.8,30.6,70,1000.1,16.5,210,0.2,13,0,6,59.9,29.9,52.2,12.0,53.6,56.1,43.23333333333334,29.299999999999997,25.587499999999995
2026-06-29 14:00:00,45.8,30.3,72,1000.6,14.7,209,0.0,14,0,6,76.8,37.1,43.4,12.0,37.9,69.0,47.333333333333336,34.699999999999996,26.55416666666667
2026-06-29 15:00:00,41.4,30.5,72,1001.1,16.6,214,0.0,15,0,6,45.8,59.9,36.9,12.0,40.7,47.6,47.73333333333333,37.516666666666666,26.88333333333333
2026-06-29 16:00:00,12.0,30.6,70,1001.8,16.7,217,0.0,16,0,6,41.4,76.8,29.9,29.1,26.9,45.4,48.48333333333334,39.96666666666666,26.912499999999998
2026-06-29 17:00:00,27.5,30.1,73,1002.3,16.9,216,0.0,17,0,6,12.0,45.8,37.1,15.1,14.1,35.1,45.5,38.541666666666664,26.291666666666668
2026-06-29 18:00:00,13.9,30.2,73,1002.0,18.6,219,0.0,18,0,6,27.5,41.4,59.9,12.0,12.0,12.0,43.900000000000006,39.574999999999996,26.849999999999998
2026-06-29 19:00:00,12.0,29.6,75,1001.7,17.1,220,0.1,19,0,6,13.9,12.0,76.8,52.2,12.0,19.0,36.233333333333334,39.733333333333334,26.92916666666667
2026-06-29 20:00:00,12.0,29.7,73,1001.4,15.5,219,0.0,20,0,6,12.0,27.5,45.8,43.4,12.0,12.0,25.433333333333334,36.38333333333333,26.92916666666667
2026-06-29 21:00:00,12.0,29.1,75,1001.0,15.9,209,0.1,21,0,6,12.0,13.9,41.4,36.9,12.0,12.0,19.8,33.766666666666666,26.92916666666667
2026-06-29 22:00:00,12.0,27.3,88,1001.1,9.4,211,0.4,22,0,6,12.0,12.0,12.0,29.9,12.0,12.0,14.9,31.691666666666666,26.92916666666667
2026-06-29 23:00:00,13.4,27.4,89,1000.9,9.6,200,0.1,23,0,6,12.0,12.0,27.5,37.1,17.3,12.1,14.9,30.200000000000003,26.92916666666667
2026-06-30 00:00:00,12.0,27.6,87,1000.9,10.4,222,1.1,0,1,6,13.4,12.0,13.9,59.9,12.0,31.1,12.549999999999999,28.224999999999998,26.766666666666666
2026-06-30 01:00:00,29.9,27.3,92,1001.4,6.0,196,0.9,1,1,6,12.0,12.0,12.0,76.8,12.0,21.1,12.233333333333334,24.233333333333334,26.766666666666666
2026-06-30 02:00:00,23.7,29.0,82,1001.8,7.1,240,0.1,2,1,6,29.9,13.4,12.0,45.8,12.0,20.8,15.216666666666667,20.325,27.5125
2026-06-30 03:00:00,12.0,27.3,86,1002.9,10.4,200,4.3,3,1,6,23.7,12.0,12.0,41.4,12.0,28.4,17.166666666666668,18.483333333333334,28.0
2026-06-30 04:00:00,12.0,28.4,83,1003.1,11.8,220,1.2,4,1,6,12.0,29.9,12.0,12.0,29.1,13.2,17.166666666666668,16.033333333333335,28.0
2026-06-30 05:00:00,35.4,28.3,84,1003.7,14.6,219,2.8,5,1,6,12.0,23.7,13.4,27.5,15.1,27.9,17.166666666666668,16.033333333333335,27.287500000000005
2026-06-30 06:00:00,22.9,28.8,81,1003.0,14.2,210,3.4,6,1,6,35.4,12.0,12.0,13.9,12.0,24.2,20.833333333333332,16.691666666666666,28.133333333333336
2026-06-30 07:00:00,26.4,28.5,84,1002.8,13.4,206,0.8,7,1,6,22.9,12.0,29.9,12.0,52.2,56.7,22.649999999999995,17.441666666666666,28.587500000000002
2026-06-30 08:00:00,32.4,28.8,83,1002.3,15.2,213,0.6,8,1,6,26.4,35.4,23.7,12.0,43.4,33.1,22.066666666666666,18.641666666666666,27.5125
2026-06-30 09:00:00,34.7,29.2,81,1001.4,15.7,217,0.8,9,1,6,32.4,22.9,12.0,12.0,36.9,33.1,23.516666666666666,20.341666666666665,27.054166666666664
2026-06-30 10:00:00,46.9,30.3,74,1000.6,17.2,213,0.4,10,1,6,34.7,26.4,12.0,12.0,29.9,41.5,27.3,22.233333333333334,26.962500000000002
2026-06-30 11:00:00,40.5,30.6,73,999.9,17.5,219,0.4,11,1,6,46.9,32.4,35.4,13.4,37.1,32.6,33.11666666666667,25.141666666666666,27.670833333333334
2026-06-30 12:00:00,53.4,31.1,66,999.8,17.9,211,0.1,12,1,6,40.5,34.7,22.9,12.0,59.9,31.4,33.96666666666666,27.400000000000002,27.8125
2026-06-30 13:00:00,58.9,30.0,73,999.9,16.0,206,0.4,13,1,6,53.4,46.9,26.4,29.9,76.8,53.6,39.05,30.850000000000005,27.541666666666668
2026-06-30 14:00:00,59.9,28.8,80,1000.4,13.8,201,0.2,14,1,6,58.9,40.5,32.4,23.7,45.8,37.9,44.46666666666667,33.266666666666666,26.79583333333333
2026-06-30 15:00:00,33.8,28.0,86,1000.9,13.0,186,0.4,15,1,6,59.9,53.4,34.7,12.0,41.4,40.7,49.050000000000004,36.28333333333333,27.383333333333336
2026-06-30 16:00:00,41.4,27.3,90,1001.2,12.5,191,0.3,16,1,6,33.8,58.9,46.9,12.0,12.0,26.9,48.9,38.1,27.066666666666666
2026-06-30 17:00:00,35.9,26.8,95,1002.2,9.2,177,0.9,17,1,6,41.4,59.9,40.5,35.4,27.5,14.1,47.98333333333333,40.55,28.291666666666668
2026-06-30 18:00:00,12.9,27.3,93,1001.3,8.6,188,1.8,18,1,6,35.9,33.8,53.4,22.9,13.9,12.0,47.21666666666667,40.59166666666667,28.641666666666666
2026-06-30 19:00:00,43.8,27.6,90,1000.8,8.8,211,0.2,19,1,6,12.9,41.4,58.9,26.4,12.0,12.0,40.46666666666666,39.75833333333333,28.599999999999998
2026-06-30 20:00:00,12.0,26.8,90,1000.8,14.4,221,0.2,20,1,6,43.8,35.9,59.9,32.4,12.0,12.0,37.949999999999996,41.208333333333336,29.924999999999997
2026-06-30 21:00:00,35.0,25.6,96,1000.3,10.0,197,0.4,21,1,6,12.0,12.9,33.8,34.7,12.0,12.0,29.96666666666667,39.50833333333333,29.924999999999997
2026-06-30 22:00:00,12.0,26.0,97,1000.1,7.3,163,0.3,22,1,6,35.0,43.8,41.4,46.9,12.0,12.0,30.166666666666668,39.53333333333333,30.88333333333333
2026-06-30 23:00:00,37.9,26.1,98,1000.0,7.1,190,0.1,23,1,6,12.0,12.0,35.9,40.5,13.4,17.3,25.266666666666666,36.625,30.88333333333333
2026-07-01 00:00:00,22.3,25.3,100,1000.1,7.3,130,0.2,0,2,7,37.9,35.0,12.9,53.4,12.0,12.0,25.599999999999998,36.40833333333333,31.904166666666665
2026-07-01 01:00:00,12.0,25.6,99,1000.8,8.1,185,1.2,1,2,7,22.3,12.0,43.8,58.9,29.9,12.0,27.166666666666668,33.81666666666667,32.333333333333336
2026-07-01 02:00:00,12.0,26.0,97,1000.9,5.1,184,1.0,2,2,7,12.0,37.9,12.0,59.9,23.7,12.0,21.86666666666667,29.90833333333333,31.587500000000002
2026-07-01 03:00:00,36.6,26.0,96,1001.7,5.3,204,5.4,3,2,7,12.0,22.3,35.0,33.8,12.0,12.0,21.86666666666667,25.916666666666668,31.100000000000005
2026-07-01 04:00:00,45.0,26.6,95,1001.9,7.0,226,2.5,4,2,7,36.6,12.0,12.0,41.4,12.0,29.1,22.133333333333336,26.150000000000002,32.125
2026-07-01 05:00:00,21.0,28.4,86,1002.0,9.2,191,0.9,5,2,7,45.0,12.0,37.9,35.9,35.4,15.1,27.633333333333336,26.450000000000003,33.5
2026-07-01 06:00:00,42.2,27.7,89,1001.7,9.8,186,1.5,6,2,7,21.0,36.6,22.3,12.9,22.9,12.0,24.816666666666666,25.208333333333332,32.9
2026-07-01 07:00:00,41.0,27.4,90,1001.1,10.7,200,1.6,7,2,7,42.2,45.0,12.0,43.8,26.4,52.2,28.133333333333336,27.650000000000002,33.704166666666666
2026-07-01 08:00:00,48.7,29.0,82,1000.6,11.6,202,0.5,8,2,7,41.0,21.0,12.0,12.0,32.4,43.4,32.96666666666667,27.416666666666668,34.3125
2026-07-01 09:00:00,28.3,29.0,78,999.8,14.1,217,0.3,9,2,7,48.7,42.2,36.6,35.0,34.7,36.9,39.083333333333336,30.474999999999998,34.99166666666667
2026-07-01 10:00:00,49.3,28.6,81,999.0,12.9,215,0.4,10,2,7,28.3,41.0,45.0,12.0,46.9,29.9,37.699999999999996,29.916666666666668,34.725
2026-07-01 11:00:00,53.2,27.5,87,999.0,14.3,209,1.2,11,2,7,49.3,48.7,21.0,37.9,40.5,37.1,38.416666666666664,33.025,34.824999999999996
2026-07-01 12:00:00,42.1,29.3,80,998.7,15.8,220,0.8,12,2,7,53.2,28.3,42.2,22.3,53.4,59.9,43.78333333333333,34.300000000000004,35.354166666666664
2026-07-01 13:00:00,45.8,28.4,85,999.2,13.7,212,0.1,13,2,7,42.1,49.3,41.0,12.0,58.9,76.8,43.76666666666667,35.95,34.88333333333333
2026-07-01 14:00:00,29.2,27.1,92,999.8,12.0,225,0.6,14,2,7,45.8,53.2,48.7,12.0,59.9,45.8,44.56666666666666,38.766666666666666,34.3375
2026-07-01 15:00:00,37.8,26.1,96,1000.8,10.3,203,4.5,15,2,7,29.2,42.1,28.3,36.6,33.8,41.4,41.31666666666667,40.2,33.05833333333333
2026-07-01 16:00:00,51.9,26.2,96,1001.3,10.9,202,2.9,16,2,7,37.8,45.8,49.3,45.0,41.4,12.0,42.9,40.3,33.225
2026-07-01 17:00:00,30.2,26.8,93,1001.9,10.7,234,2.6,17,2,7,51.9,29.2,53.2,21.0,35.9,27.5,43.333333333333336,40.875,33.6625
2026-07-01 18:00:00,21.9,26.9,94,1001.8,14.8,210,1.4,18,2,7,30.2,37.8,42.1,42.2,12.9,13.9,39.5,41.641666666666666,33.425000000000004
2026-07-01 19:00:00,12.0,26.5,94,1001.5,15.1,212,0.9,19,2,7,21.9,51.9,45.8,41.0,43.8,12.0,36.13333333333333,39.949999999999996,33.8
2026-07-01 20:00:00,12.0,26.3,95,1001.1,11.5,202,0.9,20,2,7,12.0,30.2,29.2,48.7,12.0,12.0,30.499999999999996,37.53333333333333,32.475
2026-07-01 21:00:00,12.0,25.5,96,1000.9,12.3,198,0.8,21,2,7,12.0,21.9,37.8,28.3,35.0,12.0,27.63333333333333,34.475,32.475
2026-07-01 22:00:00,17.8,25.5,95,1000.9,6.4,190,4.2,22,2,7,12.0,12.0,51.9,49.3,12.0,12.0,23.333333333333332,33.11666666666667,31.516666666666666
2026-07-01 23:00:00,12.0,26.0,96,1000.4,8.7,210,1.5,23,2,7,17.8,12.0,30.2,53.2,37.9,13.4,17.65,30.491666666666664,31.758333333333336
2026-07-02 00:00:00,26.8,25.6,98,1000.1,7.7,210,1.5,0,3,7,12.0,12.0,21.9,42.1,22.3,12.0,14.616666666666667,27.058333333333334,30.679166666666664
2026-07-02 01:00:00,12.0,25.3,98,1001.0,7.2,217,2.3,1,3,7,26.8,17.8,12.0,45.8,12.0,29.9,15.433333333333332,25.78333333333333,30.866666666666664
2026-07-02 02:00:00,12.0,26.0,95,1001.5,8.2,229,4.0,2,3,7,12.0,12.0,12.0,29.2,12.0,23.7,15.433333333333332,22.96666666666667,30.866666666666664
2026-07-02 03:00:00,21.9,26.3,96,1001.9,8.0,220,1.4,3,3,7,12.0,26.8,12.0,37.8,36.6,12.0,15.433333333333332,21.53333333333333,30.866666666666664
2026-07-02 04:00:00,12.0,26.3,92,1002.3,12.0,227,3.2,4,3,7,21.9,12.0,17.8,51.9,45.0,12.0,17.083333333333332,20.208333333333332,30.254166666666666
2026-07-02 05:00:00,12.0,26.7,90,1002.6,8.8,239,3.9,5,3,7,12.0,12.0,12.0,30.2,21.0,35.4,16.116666666666667,16.883333333333333,28.879166666666666
2026-07-02 06:00:00,30.4,26.7,93,1002.2,8.1,264,3.3,6,3,7,12.0,21.9,26.8,21.9,42.2,22.9,16.116666666666667,15.366666666666665,28.504166666666666
2026-07-02 07:00:00,36.5,26.6,93,1001.9,9.9,269,2.4,7,3,7,30.4,12.0,12.0,12.0,41.0,26.4,16.716666666666665,16.075,28.0125
2026-07-02 08:00:00,70.0,27.3,91,1001.1,5.8,240,1.2,8,3,7,36.5,12.0,12.0,12.0,48.7,32.4,20.8,18.116666666666667,27.825
2026-07-02 09:00:00,47.5,27.5,92,1000.8,9.2,228,0.9,9,3,7,70.0,30.4,21.9,12.0,28.3,34.7,30.46666666666667,22.95,28.712499999999995
2026-07-02 10:00:00,69.2,27.7,87,1000.3,11.3,243,0.2,10,3,7,47.5,36.5,12.0,17.8,49.3,46.9,34.73333333333333,25.90833333333333,29.5125
2026-07-02 11:00:00,68.2,28.2,84,999.9,11.6,246,0.2,11,3,7,69.2,70.0,12.0,12.0,53.2,40.5,44.26666666666667,30.191666666666666,30.34166666666667
2026-07-02 12:00:00,51.0,28.7,79,999.7,14.0,232,0.3,12,3,7,68.2,47.5,30.4,26.8,42.1,53.4,53.63333333333333,34.875,30.96666666666667
2026-07-02 13:00:00,44.9,28.3,82,1000.2,12.5,234,0.0,13,3,7,51.0,69.2,36.5,12.0,45.8,58.9,57.06666666666667,36.891666666666666,31.337499999999995
2026-07-02 14:00:00,65.8,28.1,84,1000.5,10.4,234,0.0,14,3,7,44.9,68.2,70.0,12.0,29.2,59.9,58.46666666666667,39.63333333333333,31.3
2026-07-02 15:00:00,58.8,28.1,84,1001.2,10.0,236,0.0,15,3,7,65.8,51.0,47.5,21.9,37.8,33.8,57.76666666666667,44.11666666666667,32.824999999999996
2026-07-02 16:00:00,77.0,27.8,85,1001.9,9.7,223,0.0,16,3,7,58.8,44.9,69.2,12.0,51.9,41.4,59.650000000000006,47.19166666666666,33.699999999999996
2026-07-02 17:00:00,52.2,25.6,97,1002.8,8.5,159,1.3,17,3,7,77.0,65.8,68.2,12.0,30.2,35.9,60.95000000000001,52.60833333333333,34.74583333333333
2026-07-02 18:00:00,25.1,25.9,96,1002.7,9.9,185,5.4,18,3,7,52.2,58.8,51.0,30.4,21.9,12.9,58.28333333333333,55.958333333333336,35.6625
2026-07-02 19:00:00,17.5,25.8,96,1002.5,9.7,258,2.5,19,3,7,25.1,77.0,44.9,36.5,12.0,43.8,53.96666666666667,55.51666666666667,35.795833333333334
2026-07-02 20:00:00,13.2,26.2,95,1001.7,9.9,255,2.4,20,3,7,17.5,52.2,65.8,70.0,12.0,12.0,49.400000000000006,53.93333333333334,36.025
2026-07-02 21:00:00,17.6,26.0,96,1001.5,9.4,258,1.7,21,3,7,13.2,25.1,58.8,47.5,12.0,35.0,40.63333333333333,49.199999999999996,36.074999999999996
2026-07-02 22:00:00,21.9,26.0,96,1001.3,7.7,261,1.7,22,3,7,17.6,17.5,77.0,69.2,17.8,12.0,33.766666666666666,46.708333333333336,36.30833333333333
2026-07-02 23:00:00,12.0,26.2,96,1001.0,7.6,263,2.6,23,3,7,21.9,13.2,52.2,68.2,12.0,37.9,24.583333333333332,42.76666666666666,36.479166666666664
2026-07-03 00:00:00,38.3,25.5,100,1001.0,1.7,103,2.1,0,4,7,12.0,17.6,25.1,51.0,26.8,22.3,17.883333333333333,38.083333333333336,36.479166666666664
2026-07-03 01:00:00,12.0,25.5,100,1001.3,5.5,126,1.8,1,4,7,38.3,21.9,17.5,44.9,12.0,12.0,20.083333333333332,37.025,36.958333333333336
2026-07-03 02:00:00,19.5,25.6,100,1002.2,3.7,76,2.7,2,4,7,12.0,12.0,13.2,65.8,12.0,12.0,19.166666666666668,34.28333333333333,36.958333333333336
2026-07-03 03:00:00,41.9,25.7,99,1002.3,2.3,113,3.8,3,4,7,19.5,38.3,17.6,58.8,21.9,36.6,20.216666666666665,30.425,37.270833333333336
2026-07-03 04:00:00,61.8,25.8,99,1002.8,1.1,81,6.7,4,4,7,41.9,12.0,21.9,77.0,12.0,45.0,24.266666666666666,29.016666666666666,38.104166666666664
2026-07-03 05:00:00,38.5,26.1,95,1003.4,3.5,215,8.7,5,4,7,61.8,19.5,12.0,52.2,12.0,21.0,30.916666666666668,27.75,40.17916666666667
2026-07-03 06:00:00,55.7,26.9,92,1002.9,3.8,229,9.1,6,4,7,38.5,41.9,38.3,25.1,30.4,42.2,35.333333333333336,26.608333333333334,41.28333333333333
2026-07-03 07:00:00,66.7,27.0,94,1002.5,8.1,282,5.6,7,4,7,55.7,61.8,12.0,17.5,36.5,41.0,38.23333333333333,29.15833333333333,42.3375
2026-07-03 08:00:00,41.3,27.1,93,1002.2,7.8,265,6.0,8,4,7,66.7,38.5,19.5,13.2,70.0,48.7,47.35,33.25833333333333,43.59583333333333
2026-07-03 09:00:00,43.1,26.9,93,1001.9,11.9,273,5.7,9,4,7,41.3,55.7,41.9,17.6,47.5,28.3,50.98333333333333,35.6,42.4
2026-07-03 10:00:00,86.4,27.2,94,1001.3,8.3,275,4.7,10,4,7,43.1,66.7,61.8,21.9,69.2,49.3,51.18333333333334,37.725,42.21666666666667
2026-07-03 11:00:00,42.8,27.2,94,1000.7,10.9,250,3.4,11,4,7,86.4,41.3,38.5,12.0,68.2,53.2,55.28333333333334,43.1,42.93333333333334
2026-07-03 12:00:00,50.0,27.5,93,1000.5,11.8,236,1.9,12,4,7,42.8,43.1,55.7,38.3,51.0,42.1,56.0,45.666666666666664,41.87499999999999
2026-07-03 13:00:00,51.5,27.1,93,1000.5,13.1,234,0.4,13,4,7,50.0,86.4,66.7,12.0,44.9,45.8,55.050000000000004,46.64166666666667,41.833333333333336
2026-07-03 14:00:00,41.4,27.0,93,1000.7,13.3,240,0.3,14,4,7,51.5,42.8,41.3,19.5,65.8,29.2,52.51666666666667,49.93333333333334,42.10833333333333
2026-07-03 15:00:00,52.1,27.2,92,1001.2,13.3,249,0.2,15,4,7,41.4,50.0,43.1,41.9,58.8,37.8,52.53333333333334,51.75833333333333,41.09166666666667
2026-07-03 16:00:00,55.5,27.4,92,1001.6,13.2,248,0.0,16,4,7,52.1,51.5,86.4,61.8,77.0,51.9,54.03333333333333,52.60833333333334,40.8125
2026-07-03 17:00:00,45.2,27.4,91,1001.7,12.2,257,0.0,17,4,7,55.5,41.4,42.8,38.5,52.2,30.2,48.88333333333333,52.083333333333336,39.916666666666664
2026-07-03 18:00:00,28.9,27.0,89,1001.6,11.1,253,0.0,18,4,7,45.2,52.1,50.0,55.7,25.1,21.9,49.28333333333333,52.64166666666667,39.625
2026-07-03 19:00:00,35.7,27.1,88,1001.3,9.8,265,0.0,19,4,7,28.9,55.5,51.5,66.7,17.5,12.0,45.76666666666666,50.40833333333334,39.78333333333333
2026-07-03 20:00:00,39.4,26.9,89,1001.2,9.9,280,0.0,20,4,7,35.7,45.2,41.4,41.3,13.2,12.0,43.13333333333333,47.824999999999996,40.541666666666664
2026-07-03 21:00:00,12.0,26.4,90,1000.5,8.8,281,0.2,21,4,7,39.4,28.9,52.1,43.1,17.6,12.0,42.800000000000004,47.666666666666664,41.63333333333333
2026-07-03 22:00:00,22.1,26.3,93,1000.1,5.8,263,0.1,22,4,7,12.0,35.7,55.5,86.4,21.9,17.8,36.11666666666667,45.07500000000001,41.4
2026-07-03 23:00:00,12.0,26.1,93,1000.3,3.9,304,0.3,23,4,7,22.1,39.4,45.2,42.8,12.0,12.0,30.549999999999997,39.71666666666667,41.40833333333334
2026-07-04 00:00:00,21.7,25.3,100,1000.5,3.3,174,1.1,0,5,7,12.0,12.0,28.9,50.0,38.3,26.8,25.016666666666666,37.15,41.40833333333334
2026-07-04 01:00:00,44.4,25.4,100,1000.4,3.9,164,0.4,1,5,7,21.7,22.1,35.7,51.5,12.0,12.0,23.816666666666666,34.791666666666664,40.71666666666666
2026-07-04 02:00:00,45.4,25.7,99,1000.7,3.6,123,0.3,2,5,7,44.4,12.0,39.4,41.4,19.5,12.0,25.26666666666667,34.199999999999996,42.06666666666667
2026-07-04 03:00:00,30.5,26.3,97,1000.8,3.3,135,0.1,3,5,7,45.4,21.7,12.0,52.1,41.9,21.9,26.266666666666666,34.53333333333334,43.145833333333336
2026-07-04 04:00:00,45.5,27.8,87,1000.8,0.2,270,0.2,4,5,7,30.5,44.4,22.1,55.5,61.8,12.0,29.349999999999998,32.733333333333334,42.67083333333333
2026-07-04 05:00:00,50.9,28.7,83,1000.6,1.3,214,0.2,5,5,7,45.5,45.4,12.0,45.2,38.5,12.0,33.25,31.900000000000002,41.99166666666667
2026-07-04 06:00:00,39.3,28.7,77,1000.3,5.2,276,0.1,6,5,7,50.9,30.5,21.7,28.9,55.7,30.4,39.733333333333334,32.375,42.50833333333333
2026-07-04 07:00:00,40.5,28.6,80,999.8,6.4,262,0.8,7,5,7,39.3,45.5,44.4,35.7,66.7,36.5,42.666666666666664,33.24166666666667,41.824999999999996
2026-07-04 08:00:00,35.2,29.3,77,999.2,7.2,233,0.1,8,5,7,40.5,50.9,45.4,39.4,41.3,70.0,42.01666666666667,33.641666666666666,40.73333333333333
2026-07-04 09:00:00,58.4,28.3,80,998.7,12.2,227,0.5,9,5,7,35.2,39.3,30.5,12.0,43.1,47.5,40.31666666666667,33.291666666666664,40.479166666666664
2026-07-04 10:00:00,50.7,27.3,90,998.3,11.9,222,1.0,10,5,7,58.4,40.5,45.5,22.1,86.4,69.2,44.96666666666667,37.15833333333333,41.11666666666667
2026-07-04 11:00:00,82.6,27.1,94,998.0,9.7,220,2.6,11,5,7,50.7,35.2,50.9,12.0,42.8,68.2,45.833333333333336,39.541666666666664,39.62916666666667
2026-07-04 12:00:00,64.2,27.4,92,997.4,10.1,243,4.1,12,5,7,82.6,58.4,39.3,21.7,50.0,51.0,51.11666666666667,45.42499999999999,41.2875
2026-07-04 13:00:00,61.7,26.7,94,997.7,10.1,243,6.2,13,5,7,64.2,50.7,40.5,44.4,51.5,44.9,55.26666666666666,48.96666666666667,41.87916666666667
2026-07-04 14:00:00,47.8,26.3,95,998.0,9.3,209,6.5,14,5,7,61.7,82.6,35.2,45.4,41.4,65.8,58.79999999999999,50.40833333333333,42.30416666666667
2026-07-04 15:00:00,42.6,26.1,96,997.8,8.4,214,3.7,15,5,7,47.8,64.2,58.4,30.5,52.1,58.8,60.9,50.60833333333333,42.57083333333333
2026-07-04 16:00:00,58.3,26.2,97,998.2,8.0,164,2.3,16,5,7,42.6,61.7,50.7,45.5,55.5,77.0,58.26666666666667,51.61666666666667,42.175000000000004
2026-07-04 17:00:00,43.9,26.3,97,998.4,7.6,172,2.0,17,5,7,58.3,47.8,82.6,50.9,45.2,52.2,59.53333333333333,52.68333333333333,42.291666666666664
2026-07-04 18:00:00,27.0,25.9,99,998.5,9.0,120,1.1,18,5,7,43.9,42.6,64.2,39.3,28.9,25.1,53.083333333333336,52.1,42.237500000000004
2026-07-04 19:00:00,12.0,25.6,100,997.3,10.3,128,1.1,19,5,7,27.0,58.3,61.7,40.5,35.7,17.5,46.88333333333333,51.07500000000001,42.15833333333333
2026-07-04 20:00:00,35.5,25.3,100,997.6,7.2,122,0.4,20,5,7,12.0,43.9,47.8,35.2,39.4,13.2,38.6,48.70000000000001,41.17083333333333
2026-07-04 21:00:00,36.7,25.2,99,996.7,3.5,129,0.1,21,5,7,35.5,27.0,42.6,58.4,12.0,17.6,36.550000000000004,48.725,41.00833333333333
2026-07-04 22:00:00,12.0,25.3,98,996.4,5.1,42,0.0,22,5,7,36.7,12.0,58.3,50.7,22.1,21.9,35.56666666666666,46.916666666666664,42.0375
2026-07-04 23:00:00,17.0,25.3,98,996.1,5.5,63,0.0,23,5,7,12.0,35.5,43.9,82.6,12.0,12.0,27.850000000000005,43.69166666666666,41.61666666666667
2026-07-05 00:00:00,13.4,24.9,100,996.3,2.9,83,0.7,0,6,7,17.0,36.7,27.0,64.2,21.7,38.3,23.366666666666664,38.225,41.824999999999996
2026-07-05 01:00:00,12.0,25.0,100,996.3,6.2,98,1.9,1,6,7,13.4,12.0,12.0,61.7,44.4,12.0,21.1,33.99166666666667,41.479166666666664
2026-07-05 02:00:00,12.0,25.9,97,997.0,7.0,94,0.1,2,6,7,12.0,17.0,35.5,47.8,45.4,19.5,21.1,29.850000000000005,40.12916666666666
2026-07-05 03:00:00,43.0,27.6,90,997.2,6.2,73,0.1,3,6,7,12.0,13.4,36.7,42.6,30.5,41.9,17.183333333333334,26.86666666666667,38.7375
2026-07-05 04:00:00,12.1,29.1,82,997.2,9.1,39,0.1,4,6,7,43.0,12.0,12.0,58.3,45.5,61.8,18.233333333333334,26.900000000000002,39.25833333333333
2026-07-05 05:00:00,27.0,30.0,77,997.4,9.4,50,0.1,5,6,7,12.1,12.0,17.0,43.9,50.9,38.5,18.25,23.049999999999997,37.86666666666667
2026-07-05 06:00:00,19.7,30.4,75,997.0,10.9,16,0.0,6,6,7,27.0,43.0,13.4,27.0,39.3,55.7,19.916666666666668,21.641666666666666,36.87083333333333
2026-07-05 07:00:00,27.5,30.9,72,996.4,10.6,23,0.1,7,6,7,19.7,12.1,12.0,12.0,40.5,66.7,20.966666666666665,21.033333333333335,36.05416666666667
2026-07-05 08:00:00,58.9,31.9,70,995.9,8.1,25,0.1,8,6,7,27.5,27.0,12.0,35.5,35.2,41.3,23.549999999999997,22.325,35.5125
2026-07-05 09:00:00,55.4,32.9,66,994.9,8.2,26,0.0,9,6,7,58.9,19.7,43.0,36.7,58.4,43.1,31.366666666666664,24.275000000000002,36.5
2026-07-05 10:00:00,52.4,32.6,67,994.4,7.0,359,0.0,10,6,7,55.4,27.5,12.1,12.0,50.7,86.4,33.43333333333333,25.833333333333332,36.375
2026-07-05 11:00:00,70.9,29.2,83,994.5,8.0,316,5.3,11,6,7,52.4,58.9,27.0,17.0,82.6,42.8,40.15,29.2,36.44583333333333
2026-07-05 12:00:00,87.5,29.0,85,994.4,4.2,260,4.4,12,6,7,70.9,55.4,19.7,13.4,64.2,50.0,47.46666666666667,33.69166666666667,35.958333333333336
2026-07-05 13:00:00,85.3,27.5,93,995.1,3.6,183,1.8,13,6,7,87.5,52.4,27.5,12.0,61.7,51.5,58.76666666666667,39.86666666666667,36.92916666666667
2026-07-05 14:00:00,83.3,26.8,98,995.7,4.8,214,2.0,14,6,7,85.3,70.9,58.9,12.0,47.8,41.4,68.39999999999999,45.974999999999994,37.9125
2026-07-05 15:00:00,62.8,26.3,99,997.3,5.4,310,3.8,15,6,7,83.3,87.5,55.4,43.0,42.6,52.1,72.46666666666667,51.916666666666664,39.391666666666666
2026-07-05 16:00:00,53.9,26.4,99,997.2,4.0,324,0.7,16,6,7,62.8,85.3,52.4,12.1,58.3,55.5,73.7,53.56666666666666,40.233333333333334
2026-07-05 17:00:00,54.4,26.4,100,997.1,2.3,225,0.1,17,6,7,53.9,83.3,70.9,27.0,43.9,45.2,73.95,57.04999999999999,40.050000000000004
2026-07-05 18:00:00,44.8,27.2,99,996.5,0.8,135,0.0,18,6,7,54.4,62.8,87.5,19.7,27.0,28.9,71.2,59.333333333333336,40.4875
2026-07-05 19:00:00,16.3,26.8,99,996.2,4.2,220,0.2,19,6,7,44.8,53.9,85.3,27.5,12.0,35.7,64.08333333333333,61.425000000000004,41.229166666666664
2026-07-05 20:00:00,18.3,26.6,99,995.6,6.5,314,0.4,20,6,7,16.3,54.4,83.3,58.9,35.5,39.4,52.583333333333336,60.49166666666667,41.40833333333334
2026-07-05 21:00:00,30.5,26.6,99,995.0,6.1,270,0.0,21,6,7,18.3,44.8,62.8,55.4,36.7,12.0,41.75,57.10833333333334,40.69166666666666
2026-07-05 22:00:00,29.1,26.5,99,995.1,2.2,222,0.0,22,6,7,30.5,16.3,53.9,52.4,12.0,22.1,36.36666666666667,55.03333333333333,40.43333333333333
2026-07-05 23:00:00,35.2,26.5,99,995.4,3.1,90,0.0,23,6,7,29.1,18.3,54.4,70.9,17.0,12.0,32.23333333333333,53.09166666666666,41.145833333333336
2026-07-06 00:00:00,12.0,25.8,98,996.0,6.0,81,0.1,0,0,7,35.2,30.5,44.8,87.5,13.4,21.7,29.033333333333335,50.11666666666667,41.90416666666667
2026-07-06 01:00:00,20.7,25.8,98,996.4,1.5,187,0.3,1,0,7,12.0,29.1,16.3,85.3,12.0,44.4,23.566666666666666,43.824999999999996,41.84583333333334
2026-07-06 02:00:00,22.4,26.0,97,997.2,4.1,218,0.8,2,0,7,20.7,35.2,18.3,83.3,12.0,45.4,24.3,38.44166666666666,42.208333333333336
2026-07-06 03:00:00,45.2,27.0,90,997.5,1.5,284,0.4,3,0,7,22.4,12.0,30.5,62.8,43.0,30.5,24.983333333333334,33.36666666666667,42.641666666666666
2026-07-06 04:00:00,38.6,28.3,85,998.0,5.9,358,0.1,4,0,7,45.2,20.7,29.1,53.9,12.1,45.5,27.433333333333334,31.900000000000002,42.73333333333333
2026-07-06 05:00:00,52.1,29.5,83,997.7,7.4,13,0.4,5,0,7,38.6,22.4,35.2,54.4,27.0,50.9,29.016666666666666,30.625,43.8375
2026-07-06 06:00:00,70.1,28.1,91,996.8,6.1,30,0.5,6,0,7,52.1,45.2,12.0,44.8,19.7,39.3,31.833333333333332,30.433333333333334,44.88333333333333
2026-07-06 07:00:00,50.6,30.6,82,996.0,7.8,38,0.7,7,0,7,70.1,38.6,20.7,16.3,27.5,40.5,41.51666666666666,32.541666666666664,46.98333333333333
2026-07-06 08:00:00,67.5,28.2,89,995.8,8.4,71,5.4,8,0,7,50.6,52.1,22.4,18.3,58.9,35.2,46.5,35.4,47.94583333333333
2026-07-06 09:00:00,66.0,28.0,92,995.7,8.1,119,6.6,9,0,7,67.5,70.1,45.2,30.5,55.4,58.4,54.01666666666667,39.5,48.304166666666674
2026-07-06 10:00:00,50.6,27.4,92,995.8,3.3,112,10.1,10,0,7,66.0,50.6,38.6,29.1,52.4,50.7,57.48333333333333,42.458333333333336,48.74583333333334
2026-07-06 11:00:00,75.8,26.9,93,995.4,7.1,189,9.6,11,0,7,50.6,67.5,52.1,35.2,70.9,82.6,59.48333333333334,44.25,48.67083333333333
2026-07-06 12:00:00,65.9,27.7,96,994.8,8.5,242,0.7,12,0,7,75.8,66.0,70.1,12.0,87.5,64.2,63.43333333333334,47.63333333333333,48.875
2026-07-06 13:00:00,68.5,26.9,96,995.1,9.0,296,4.7,13,0,7,65.9,50.6,50.6,20.7,85.3,61.7,62.73333333333334,52.125,47.975
2026-07-06 14:00:00,75.7,27.1,97,995.5,2.4,343,0.9,14,0,7,68.5,75.8,67.5,22.4,83.3,47.8,65.71666666666667,56.10833333333333,47.275000000000006
2026-07-06 15:00:00,84.0,26.1,100,997.0,3.9,336,4.3,15,0,7,75.7,65.9,66.0,45.2,62.8,42.6,67.08333333333333,60.550000000000004,46.958333333333336
2026-07-06 16:00:00,78.9,26.1,100,997.2,3.3,13,5.5,16,0,7,84.0,68.5,50.6,38.6,53.9,58.3,70.08333333333333,63.78333333333334,47.84166666666667
2026-07-06 17:00:00,65.1,25.9,100,997.6,3.8,135,3.3,17,0,7,78.9,75.7,75.8,52.1,54.4,43.9,74.8,67.14166666666667,48.88333333333333
2026-07-06 18:00:00,56.4,26.3,97,997.0,9.1,221,4.8,18,0,7,65.1,84.0,65.9,70.1,44.8,27.0,73.01666666666667,68.22500000000001,49.32916666666667
2026-07-06 19:00:00,43.3,25.4,99,996.8,7.7,192,4.0,19,0,7,56.4,78.9,68.5,50.6,16.3,12.0,71.43333333333334,67.08333333333333,49.8125
2026-07-06 20:00:00,53.0,25.9,97,995.8,3.9,298,2.0,20,0,7,43.3,65.1,75.7,67.5,18.3,35.5,67.23333333333333,66.475,50.9375
2026-07-06 21:00:00,19.4,25.9,99,994.8,4.4,161,0.7,21,0,7,53.0,56.4,84.0,66.0,30.5,36.7,63.449999999999996,65.26666666666667,52.383333333333326
2026-07-06 22:00:00,35.5,26.3,96,995.6,1.7,131,1.1,22,0,7,19.4,43.3,78.9,50.6,29.1,12.0,52.68333333333334,61.38333333333333,51.92083333333333
2026-07-06 23:00:00,21.1,26.2,97,995.9,6.9,346,3.7,23,0,7,35.5,53.0,65.1,75.8,35.2,17.0,45.449999999999996,60.125,52.1875
2026-07-07 00:00:00,12.0,25.9,97,995.9,8.9,278,6.1,0,1,7,21.1,19.4,56.4,65.9,12.0,13.4,38.11666666666667,55.56666666666666,51.599999999999994
2026-07-07 01:00:00,12.0,26.2,96,996.2,10.4,298,3.4,1,1,7,12.0,35.5,43.3,68.5,20.7,12.0,30.71666666666667,51.074999999999996,51.599999999999994
2026-07-07 02:00:00,12.0,26.6,95,996.7,12.8,318,2.1,2,1,7,12.0,21.1,53.0,75.7,22.4,12.0,25.5,46.36666666666667,51.23749999999999
2026-07-07 03:00:00,12.0,26.5,96,997.4,15.5,332,1.8,3,1,7,12.0,12.0,19.4,84.0,45.2,43.0,18.666666666666668,41.05833333333333,50.80416666666667
2026-07-07 04:00:00,12.0,26.6,94,997.9,14.5,328,2.5,4,1,7,12.0,12.0,35.5,78.9,38.6,12.1,17.433333333333334,35.05833333333333,49.42083333333333
2026-07-07 05:00:00,12.0,27.1,93,998.1,13.6,312,2.0,5,1,7,12.0,12.0,21.1,65.1,52.1,27.0,13.516666666666666,29.483333333333334,48.3125
2026-07-07 06:00:00,37.0,27.0,92,998.1,9.3,286,2.3,6,1,7,12.0,12.0,12.0,56.4,70.1,19.7,12.0,25.058333333333334,46.64166666666666
2026-07-07 07:00:00,36.2,26.3,94,997.6,9.8,302,2.2,7,1,7,37.0,12.0,12.0,43.3,50.6,27.5,16.166666666666668,23.441666666666666,45.262499999999996
2026-07-07 08:00:00,27.6,27.2,90,997.3,12.6,326,1.1,8,1,7,36.2,12.0,12.0,53.0,67.5,58.9,20.2,22.849999999999998,44.662499999999994
2026-07-07 09:00:00,57.9,27.1,89,996.8,8.0,318,0.7,9,1,7,27.6,37.0,12.0,19.4,66.0,55.4,22.8,20.733333333333334,43.0
2026-07-07 10:00:00,56.5,26.9,89,996.8,7.7,329,1.1,10,1,7,57.9,36.2,12.0,35.5,50.6,52.4,30.45,23.941666666666666,42.6625
2026-07-07 11:00:00,91.3,26.6,91,996.8,5.6,245,4.2,11,1,7,56.5,27.6,12.0,21.1,75.8,70.9,37.86666666666667,25.691666666666666,42.90833333333333
2026-07-07 12:00:00,76.6,26.8,95,996.5,7.1,243,1.8,12,1,7,91.3,57.9,37.0,12.0,65.9,87.5,51.083333333333336,31.541666666666668,43.554166666666674
2026-07-07 13:00:00,90.2,26.3,97,996.5,7.9,219,0.8,13,1,7,76.6,56.5,36.2,12.0,68.5,85.3,57.68333333333334,36.925000000000004,44.0
2026-07-07 14:00:00,72.9,26.0,100,996.9,8.0,224,0.5,14,1,7,90.2,91.3,27.6,12.0,75.7,83.3,66.68333333333334,43.44166666666666,44.90416666666667
2026-07-07 15:00:00,50.5,26.3,98,998.0,9.0,224,0.8,15,1,7,72.9,76.6,57.9,12.0,84.0,62.8,74.23333333333333,48.51666666666667,44.7875
2026-07-07 16:00:00,37.3,26.7,97,998.3,9.6,253,0.9,16,1,7,50.5,90.2,56.5,12.0,78.9,53.9,73.0,51.725,43.39166666666667
2026-07-07 17:00:00,38.1,26.8,96,998.8,9.3,257,0.6,17,1,7,37.3,72.9,91.3,12.0,65.1,54.4,69.8,53.833333333333336,41.65833333333333
2026-07-07 18:00:00,39.3,26.9,95,998.4,9.1,249,1.1,18,1,7,38.1,50.5,76.6,37.0,56.4,44.8,60.93333333333334,56.00833333333333,40.53333333333334
2026-07-07 19:00:00,15.8,27.0,95,997.7,10.0,257,1.9,19,1,7,39.3,37.3,90.2,36.2,43.3,16.3,54.71666666666666,56.199999999999996,39.82083333333333
2026-07-07 20:00:00,12.0,27.2,94,997.3,11.9,267,2.6,20,1,7,15.8,38.1,72.9,27.6,53.0,18.3,42.31666666666666,54.5,38.675000000000004
2026-07-07 21:00:00,12.0,26.9,93,997.4,12.0,292,3.5,21,1,7,12.0,39.3,50.5,57.9,19.4,30.5,32.166666666666664,53.20000000000001,36.96666666666667
2026-07-07 22:00:00,20.1,26.9,94,997.3,10.2,278,4.6,22,1,7,12.0,15.8,37.3,56.5,35.5,29.1,25.75,49.375,36.65833333333334
2026-07-07 23:00:00,12.0,27.2,95,997.7,11.1,290,4.1,23,1,7,20.1,12.0,38.1,91.3,21.1,35.2,22.883333333333336,46.34166666666666,36.016666666666666
2026-07-08 00:00:00,24.5,26.8,92,998.0,6.1,282,3.9,0,2,7,12.0,12.0,39.3,76.6,12.0,12.0,18.533333333333335,39.733333333333334,35.637499999999996
2026-07-08 01:00:00,16.4,26.7,95,998.5,7.1,240,3.1,1,2,7,24.5,20.1,15.8,90.2,12.0,20.7,16.066666666666666,35.39166666666667,36.15833333333333
2026-07-08 02:00:00,12.0,27.3,94,998.7,15.0,274,1.6,2,2,7,16.4,12.0,12.0,72.9,12.0,22.4,16.166666666666668,29.241666666666664,36.34166666666667
2026-07-08 03:00:00,12.0,27.3,93,999.2,14.9,262,1.1,3,2,7,12.0,24.5,12.0,50.5,12.0,45.2,16.166666666666668,24.166666666666668,36.34166666666667
2026-07-08 04:00:00,12.0,27.3,94,999.7,11.7,255,1.1,4,2,7,12.0,16.4,20.1,37.3,12.0,38.6,16.166666666666668,20.958333333333332,36.34166666666667
2026-07-08 05:00:00,14.8,27.4,94,1000.4,11.7,272,1.4,5,2,7,12.0,12.0,12.0,38.1,12.0,52.1,14.816666666666668,18.849999999999998,36.34166666666667
2026-07-08 06:00:00,27.7,28.7,89,1000.1,11.6,263,1.1,6,2,7,14.8,12.0,24.5,39.3,37.0,70.1,15.283333333333333,16.908333333333335,36.458333333333336
2026-07-08 07:00:00,45.8,29.2,87,999.8,8.1,265,0.3,7,2,7,27.7,12.0,16.4,15.8,36.2,50.6,15.816666666666668,15.941666666666665,36.07083333333333
2026-07-08 08:00:00,42.8,29.8,84,999.3,12.7,257,0.1,8,2,7,45.8,14.8,12.0,12.0,27.6,67.5,20.716666666666665,18.441666666666666,36.47083333333333
2026-07-08 09:00:00,47.5,30.5,79,998.8,17.4,244,0.0,9,2,7,42.8,27.7,12.0,12.0,57.9,66.0,25.849999999999998,21.008333333333336,37.104166666666664
2026-07-08 10:00:00,20.3,30.3,80,998.4,19.6,243,0.1,10,2,7,47.5,45.8,12.0,20.1,56.5,50.6,31.766666666666666,23.96666666666667,36.67083333333333
2026-07-08 11:00:00,35.4,30.2,82,997.8,19.7,241,0.1,11,2,7,20.3,42.8,14.8,12.0,91.3,75.8,33.15,23.983333333333334,35.1625
2026-07-08 12:00:00,49.8,30.3,81,997.5,19.5,237,0.0,12,2,7,35.4,47.5,27.7,24.5,76.6,65.9,36.583333333333336,25.933333333333334,32.833333333333336
2026-07-08 13:00:00,51.1,29.6,83,997.7,18.6,236,0.0,13,2,7,49.8,20.3,45.8,16.4,90.2,68.5,40.266666666666666,28.041666666666668,31.716666666666665
2026-07-08 14:00:00,37.8,29.1,84,998.6,17.7,231,0.0,14,2,7,51.1,35.4,42.8,12.0,72.9,75.7,41.15,30.933333333333334,30.087500000000002
2026-07-08 15:00:00,46.7,29.0,84,999.3,17.1,226,0.0,15,2,7,37.8,49.8,47.5,12.0,50.5,84.0,40.31666666666667,33.083333333333336,28.625
2026-07-08 16:00:00,27.9,28.9,87,1000.3,15.7,221,0.0,16,2,7,46.7,51.1,20.3,12.0,37.3,78.9,40.18333333333333,35.975,28.466666666666665
2026-07-08 17:00:00,14.2,28.9,87,1000.9,16.4,223,0.0,17,2,7,27.9,37.8,35.4,14.8,38.1,65.1,41.449999999999996,37.300000000000004,28.075
2026-07-08 18:00:00,12.0,28.9,84,1000.7,18.6,229,0.0,18,2,7,14.2,46.7,49.8,27.7,39.3,56.4,37.916666666666664,37.25,27.079166666666666
2026-07-08 19:00:00,24.1,28.7,85,1000.5,17.7,232,0.0,19,2,7,12.0,27.9,51.1,45.8,15.8,43.3,31.616666666666664,35.94166666666667,25.941666666666666
2026-07-08 20:00:00,12.0,28.4,86,1000.4,17.5,235,0.0,20,2,7,24.1,14.2,37.8,42.8,12.0,53.0,27.11666666666667,34.13333333333333,26.287499999999998
2026-07-08 21:00:00,12.0,28.2,87,999.8,18.0,237,0.0,21,2,7,12.0,12.0,46.7,47.5,12.0,19.4,22.816666666666666,31.566666666666666,26.287499999999998
2026-07-08 22:00:00,12.0,28.0,88,999.8,18.1,240,0.0,22,2,7,12.0,24.1,27.9,20.3,20.1,35.5,17.033333333333335,28.608333333333334,26.287499999999998
2026-07-08 23:00:00,12.0,28.2,87,1000.1,18.0,244,0.0,23,2,7,12.0,12.0,14.2,35.4,12.0,21.1,14.383333333333333,27.916666666666668,25.950000000000003
2026-07-09 00:00:00,17.4,27.0,92,1000.4,14.2,237,0.0,0,3,7,12.0,12.0,12.0,49.8,24.5,12.0,14.016666666666666,25.96666666666667,25.950000000000003
2026-07-09 01:00:00,12.0,27.6,90,1000.7,19.0,242,0.1,1,3,7,17.4,12.0,24.1,51.1,16.4,12.0,14.916666666666666,23.266666666666666,25.65416666666667
2026-07-09 02:00:00,12.0,28.3,88,1001.5,19.7,241,0.1,2,3,7,12.0,12.0,12.0,37.8,12.0,12.0,12.9,20.008333333333333,25.47083333333333
2026-07-09 03:00:00,12.0,29.0,83,1001.9,18.0,242,0.2,3,3,7,12.0,17.4,12.0,46.7,12.0,12.0,12.9,17.858333333333334,25.47083333333333
2026-07-09 04:00:00,12.0,29.1,84,1002.3,18.8,243,0.2,4,3,7,12.0,12.0,12.0,27.9,12.0,12.0,12.9,14.966666666666667,25.47083333333333
2026-07-09 05:00:00,12.0,29.7,79,1002.8,19.9,241,0.1,5,3,7,12.0,12.0,12.0,14.2,14.8,12.0,12.9,13.641666666666666,25.47083333333333
2026-07-09 06:00:00,12.0,29.7,80,1003.1,21.7,236,0.4,6,3,7,12.0,12.0,17.4,12.0,27.7,37.0,12.9,13.458333333333334,25.354166666666668
2026-07-09 07:00:00,12.0,30.7,75,1003.1,21.7,239,0.2,7,3,7,12.0,12.0,12.0,24.1,45.8,36.2,12.0,13.458333333333334,24.7
2026-07-09 08:00:00,24.5,31.6,69,1002.7,21.5,235,0.1,8,3,7,12.0,12.0,12.0,12.0,42.8,27.6,12.0,12.450000000000001,23.291666666666668
2026-07-09 09:00:00,39.0,30.8,74,1002.3,20.1,231,0.0,9,3,7,24.5,12.0,12.0,12.0,47.5,57.9,14.083333333333334,13.491666666666667,22.52916666666667
2026-07-09 10:00:00,24.5,30.7,76,1001.8,21.7,222,0.0,10,3,7,39.0,12.0,12.0,12.0,20.3,56.5,18.583333333333332,15.741666666666667,22.175
2026-07-09 11:00:00,30.6,30.0,80,1001.3,22.6,220,0.0,11,3,7,24.5,24.5,12.0,12.0,35.4,91.3,20.666666666666668,16.783333333333335,22.349999999999998
2026-07-09 12:00:00,29.6,30.2,79,1001.2,23.6,222,0.0,12,3,7,30.6,39.0,12.0,17.4,49.8,76.6,23.766666666666666,18.333333333333332,22.150000000000002
2026-07-09 13:00:00,32.9,29.4,82,1001.6,21.7,221,0.0,13,3,7,29.6,24.5,12.0,12.0,51.1,90.2,26.7,19.349999999999998,21.308333333333334
2026-07-09 14:00:00,51.6,28.9,84,1002.3,21.5,225,0.0,14,3,7,32.9,30.6,24.5,12.0,37.8,72.9,30.183333333333334,21.091666666666665,20.55
2026-07-09 15:00:00,27.5,28.8,84,1003.3,19.9,229,0.0,15,3,7,51.6,29.6,39.0,12.0,46.7,50.5,34.699999999999996,24.391666666666666,21.125
2026-07-09 16:00:00,12.0,28.7,83,1003.8,19.0,230,0.0,16,3,7,27.5,32.9,24.5,12.0,27.9,37.3,32.78333333333333,25.683333333333334,20.325
2026-07-09 17:00:00,40.1,28.6,83,1004.3,18.8,231,0.0,17,3,7,12.0,51.6,30.6,12.0,14.2,38.1,30.7,25.683333333333334,19.662499999999998
2026-07-09 18:00:00,12.0,28.2,86,1004.2,16.8,227,0.0,18,3,7,40.1,27.5,29.6,12.0,12.0,39.3,32.28333333333334,28.025000000000002,20.741666666666667
2026-07-09 19:00:00,36.3,28.1,86,1003.8,16.4,232,0.4,19,3,7,12.0,12.0,32.9,12.0,24.1,15.8,29.350000000000005,28.025000000000002,20.741666666666667
2026-07-09 20:00:00,12.0,28.3,84,1003.8,16.4,235,0.0,20,3,7,36.3,40.1,51.6,24.5,12.0,12.0,29.916666666666668,30.05,21.25
2026-07-09 21:00:00,12.0,28.2,84,1003.2,16.8,235,0.0,21,3,7,12.0,12.0,27.5,39.0,12.0,12.0,23.316666666666666,29.008333333333336,21.25
2026-07-09 22:00:00,12.0,28.0,85,1003.1,16.1,237,0.0,22,3,7,12.0,36.3,12.0,24.5,12.0,20.1,20.733333333333334,26.758333333333336,21.25
2026-07-09 23:00:00,12.0,27.9,85,1003.1,16.8,235,0.0,23,3,7,12.0,12.0,40.1,30.6,12.0,12.0,20.733333333333334,25.71666666666667,21.25
2026-07-10 00:00:00,12.0,28.0,86,1003.2,17.6,234,0.0,0,4,7,12.0,12.0,12.0,29.6,17.4,24.5,16.05,24.166666666666668,21.25
2026-07-10 01:00:00,12.0,28.3,83,1003.7,16.0,235,0.0,1,4,7,12.0,12.0,36.3,32.9,12.0,16.4,16.05,22.700000000000003,21.025000000000002
2026-07-10 02:00:00,12.0,28.8,82,1004.5,17.7,235,0.0,2,4,7,12.0,12.0,12.0,51.6,12.0,12.0,12.0,20.958333333333332,21.025000000000002
2026-07-10 03:00:00,12.0,29.3,77,1005.0,20.8,235,0.6,3,4,7,12.0,12.0,12.0,27.5,12.0,12.0,12.0,17.65833333333333,21.025000000000002
2026-07-10 04:00:00,12.0,29.8,77,1005.5,21.5,239,0.5,4,4,7,12.0,12.0,12.0,12.0,12.0,12.0,12.0,16.366666666666664,21.025000000000002
2026-07-10 05:00:00,12.0,30.4,71,1005.4,22.0,239,0.4,5,4,7,12.0,12.0,12.0,40.1,12.0,14.8,12.0,16.366666666666664,21.025000000000002
2026-07-10 06:00:00,12.0,31.0,72,1005.5,23.0,235,0.2,6,4,7,12.0,12.0,12.0,12.0,12.0,27.7,12.0,14.024999999999999,21.025000000000002
2026-07-10 07:00:00,12.0,30.7,75,1005.3,23.1,236,0.4,7,4,7,12.0,12.0,12.0,36.3,12.0,45.8,12.0,14.024999999999999,21.025000000000002
2026-07-10 08:00:00,12.0,31.7,70,1004.6,24.2,234,0.1,8,4,7,12.0,12.0,12.0,12.0,24.5,42.8,12.0,12.0,21.025000000000002
2026-07-10 09:00:00,12.0,31.7,71,1004.4,22.5,231,0.0,9,4,7,12.0,12.0,12.0,12.0,39.0,47.5,12.0,12.0,20.504166666666666
2026-07-10 10:00:00,42.3,31.3,73,1003.9,22.8,229,0.0,10,4,7,12.0,12.0,12.0,12.0,24.5,20.3,12.0,12.0,19.379166666666666
2026-07-10 11:00:00,18.1,30.8,75,1003.2,23.4,224,0.0,11,4,7,42.3,12.0,12.0,12.0,30.6,35.4,17.05,14.525,20.120833333333334
2026-07-10 12:00:00,16.7,30.2,79,1003.3,22.2,220,0.0,12,4,7,18.1,12.0,12.0,12.0,29.6,49.8,18.066666666666666,15.033333333333333,19.599999999999998
2026-07-10 13:00:00,12.0,29.5,83,1003.6,22.5,220,0.1,13,4,7,16.7,42.3,12.0,12.0,32.9,51.1,18.849999999999998,15.424999999999999,19.0625
2026-07-10 14:00:00,23.2,28.9,84,1003.7,21.3,220,0.0,14,4,7,12.0,18.1,12.0,12.0,51.6,37.8,18.849999999999998,15.424999999999999,18.191666666666666
2026-07-10 15:00:00,19.2,28.6,86,1004.2,21.7,222,0.0,15,4,7,23.2,16.7,12.0,12.0,27.5,46.7,20.716666666666665,16.358333333333334,17.008333333333333
2026-07-10 16:00:00,12.0,28.7,86,1004.8,21.1,227,0.0,16,4,7,19.2,12.0,42.3,12.0,12.0,27.9,21.916666666666668,16.958333333333332,16.6625
2026-07-10 17:00:00,28.1,28.6,86,1005.4,21.3,234,0.0,17,4,7,12.0,23.2,18.1,12.0,40.1,14.2,16.866666666666667,16.958333333333332,16.6625
2026-07-10 18:00:00,12.0,28.3,86,1005.1,20.8,237,0.0,18,4,7,28.1,19.2,16.7,12.0,12.0,12.0,18.53333333333333,18.3,16.162499999999998
2026-07-10 19:00:00,12.0,28.4,86,1004.5,19.7,238,0.0,19,4,7,12.0,12.0,12.0,12.0,36.3,24.1,17.75,18.3,16.162499999999998
2026-07-10 20:00:00,12.0,28.3,86,1004.1,19.1,236,0.0,20,4,7,12.0,28.1,23.2,12.0,12.0,12.0,17.75,18.3,15.149999999999999
2026-07-10 21:00:00,12.0,28.0,88,1003.4,19.2,236,0.0,21,4,7,12.0,12.0,19.2,12.0,12.0,12.0,15.883333333333333,18.3,15.149999999999999
2026-07-10 22:00:00,12.0,28.0,88,1003.1,18.4,233,0.0,22,4,7,12.0,12.0,12.0,42.3,12.0,12.0,14.683333333333332,18.3,15.149999999999999
2026-07-10 23:00:00,12.0,28.1,86,1002.8,17.9,234,0.0,23,4,7,12.0,12.0,28.1,18.1,12.0,12.0,14.683333333333332,15.774999999999999,15.149999999999999
2026-07-11 00:00:00,12.0,28.1,85,1002.6,17.1,234,0.0,0,5,7,12.0,12.0,12.0,16.7,12.0,17.4,12.0,15.266666666666666,15.149999999999999
2026-07-11 01:00:00,12.0,27.9,87,1003.1,16.1,239,0.1,1,5,7,12.0,12.0,12.0,12.0,12.0,12.0,12.0,14.875,15.149999999999999
2026-07-11 02:00:00,12.0,28.3,86,1003.7,19.2,242,0.2,2,5,7,12.0,12.0,12.0,23.2,12.0,12.0,12.0,14.875,15.149999999999999
2026-07-11 03:00:00,12.0,28.2,87,1004.3,21.6,242,0.4,3,5,7,12.0,12.0,12.0,19.2,12.0,12.0,12.0,13.941666666666665,15.149999999999999
2026-07-11 04:00:00,12.0,29.1,82,1004.5,24.1,243,0.5,4,5,7,12.0,12.0,12.0,12.0,12.0,12.0,12.0,13.341666666666667,15.149999999999999
2026-07-11 05:00:00,12.0,30.4,74,1004.4,26.1,239,0.5,5,5,7,12.0,12.0,12.0,28.1,12.0,12.0,12.0,13.341666666666667,15.149999999999999
2026-07-11 06:00:00,12.0,30.9,75,1004.4,24.1,236,0.1,6,5,7,12.0,12.0,12.0,12.0,12.0,12.0,12.0,12.0,15.149999999999999
2026-07-11 07:00:00,12.0,31.5,71,1003.9,25.4,232,0.0,7,5,7,12.0,12.0,12.0,12.0,12.0,12.0,12.0,12.0,15.149999999999999
2026-07-11 08:00:00,12.0,31.3,71,1003.7,26.9,233,0.0,8,5,7,12.0,12.0,12.0,12.0,12.0,24.5,12.0,12.0,15.149999999999999
2026-07-11 09:00:00,12.0,31.2,71,1003.0,25.6,232,0.2,9,5,7,12.0,12.0,12.0,12.0,12.0,39.0,12.0,12.0,15.149999999999999
2026-07-11 10:00:00,12.0,31.2,72,1002.6,25.2,228,0.0,10,5,7,12.0,12.0,12.0,12.0,42.3,24.5,12.0,12.0,15.149999999999999
2026-07-11 11:00:00,14.2,30.4,75,1002.2,25.8,226,0.1,11,5,7,12.0,12.0,12.0,12.0,18.1,30.6,12.0,12.0,13.887500000000001
2026-07-11 12:00:00,17.4,29.9,81,1001.5,25.7,224,0.9,12,5,7,14.2,12.0,12.0,12.0,16.7,29.6,12.366666666666667,12.183333333333335,13.725
2026-07-11 13:00:00,15.5,29.5,82,1001.9,24.1,223,0.0,13,5,7,17.4,12.0,12.0,12.0,12.0,32.9,13.266666666666666,12.633333333333335,13.754166666666668
2026-07-11 14:00:00,12.0,28.8,84,1002.4,23.7,224,0.0,14,5,7,15.5,14.2,12.0,12.0,23.2,51.6,13.85,12.925000000000002,13.9
2026-07-11 15:00:00,18.5,28.5,86,1003.1,21.1,223,0.0,15,5,7,12.0,17.4,12.0,12.0,19.2,27.5,13.85,12.925000000000002,13.433333333333335
2026-07-11 16:00:00,12.0,28.7,84,1003.5,20.9,228,0.0,16,5,7,18.5,15.5,12.0,12.0,12.0,12.0,14.933333333333332,13.466666666666669,13.404166666666667
2026-07-11 17:00:00,17.9,28.6,85,1003.6,20.0,228,0.0,17,5,7,12.0,12.0,14.2,12.0,28.1,40.1,14.933333333333332,13.466666666666669,13.404166666666667
2026-07-11 18:00:00,12.0,28.5,85,1003.4,20.9,228,0.0,18,5,7,17.9,18.5,17.4,12.0,12.0,12.0,15.549999999999999,13.958333333333334,12.979166666666666
2026-07-11 19:00:00,26.0,28.7,79,1002.5,19.0,228,0.0,19,5,7,12.0,12.0,15.5,12.0,12.0,36.3,14.65,13.958333333333334,12.979166666666666
2026-07-11 20:00:00,12.0,28.6,76,1001.9,20.0,231,0.0,20,5,7,26.0,17.9,12.0,12.0,12.0,12.0,16.400000000000002,15.125,13.5625
2026-07-11 21:00:00,12.0,28.3,80,1001.2,18.4,231,0.0,21,5,7,12.0,12.0,18.5,12.0,12.0,12.0,16.400000000000002,15.125,13.5625
2026-07-11 22:00:00,12.0,28.3,81,1000.7,20.2,230,0.0,22,5,7,12.0,26.0,12.0,12.0,12.0,12.0,15.316666666666668,15.125,13.5625
2026-07-11 23:00:00,12.0,28.1,82,1000.4,19.1,232,0.0,23,5,7,12.0,12.0,17.9,14.2,12.0,12.0,15.316666666666668,15.125,13.5625
2026-07-12 00:00:00,12.0,28.4,83,1000.6,18.2,231,0.0,0,6,7,12.0,12.0,12.0,17.4,12.0,12.0,14.333333333333334,14.941666666666665,13.5625
2026-07-12 01:00:00,12.0,28.3,84,1000.7,18.0,228,0.0,1,6,7,12.0,12.0,26.0,15.5,12.0,12.0,14.333333333333334,14.491666666666665,13.5625
2026-07-12 02:00:00,12.0,28.9,83,1001.3,19.7,229,0.0,2,6,7,12.0,12.0,12.0,12.0,12.0,12.0,12.0,14.199999999999998,13.5625
2026-07-12 03:00:00,12.0,29.1,82,1001.6,23.1,230,0.3,3,6,7,12.0,12.0,12.0,18.5,12.0,12.0,12.0,14.199999999999998,13.5625
2026-07-12 04:00:00,12.0,30.1,77,1001.9,26.0,228,0.3,4,6,7,12.0,12.0,12.0,12.0,12.0,12.0,12.0,13.658333333333331,13.5625
2026-07-12 05:00:00,12.0,30.7,74,1001.8,26.6,229,0.1,5,6,7,12.0,12.0,12.0,17.9,12.0,12.0,12.0,13.658333333333331,13.5625
2026-07-12 06:00:00,12.0,31.3,72,1001.9,28.3,222,0.2,6,6,7,12.0,12.0,12.0,12.0,12.0,12.0,12.0,13.166666666666666,13.5625
2026-07-12 07:00:00,12.0,31.5,72,1001.7,28.0,221,0.1,7,6,7,12.0,12.0,12.0,26.0,12.0,12.0,12.0,13.166666666666666,13.5625
2026-07-12 08:00:00,12.0,31.6,70,1001.5,27.9,221,0.0,8,6,7,12.0,12.0,12.0,12.0,12.0,12.0,12.0,12.0,13.5625
2026-07-12 09:00:00,12.0,31.2,72,1001.2,29.3,221,0.1,9,6,7,12.0,12.0,12.0,12.0,12.0,12.0,12.0,12.0,13.5625
2026-07-12 10:00:00,12.0,30.9,73,1000.9,30.2,221,0.1,10,6,7,12.0,12.0,12.0,12.0,12.0,42.3,12.0,12.0,13.5625
2026-07-12 11:00:00,12.0,30.4,74,1000.7,29.9,222,0.0,11,6,7,12.0,12.0,12.0,12.0,14.2,18.1,12.0,12.0,13.5625
2026-07-12 12:00:00,12.0,30.2,75,1000.6,27.4,221,0.1,12,6,7,12.0,12.0,12.0,12.0,17.4,16.7,12.0,12.0,13.470833333333333
2026-07-12 13:00:00,22.9,29.6,78,1000.9,25.2,219,0.0,13,6,7,12.0,12.0,12.0,12.0,15.5,12.0,12.0,12.0,13.245833333333332
2026-07-12 14:00:00,32.4,29.1,81,1001.3,23.7,219,0.0,14,6,7,22.9,12.0,12.0,12.0,12.0,23.2,13.816666666666668,12.908333333333333,13.554166666666665
2026-07-12 15:00:00,25.6,28.9,82,1001.7,23.1,222,0.0,15,6,7,32.4,12.0,12.0,12.0,18.5,19.2,17.216666666666665,14.608333333333334,14.404166666666667
2026-07-12 16:00:00,17.1,28.9,81,1002.3,22.4,224,0.0,16,6,7,25.6,22.9,12.0,12.0,12.0,12.0,19.483333333333334,15.741666666666667,14.699999999999998
2026-07-12 17:00:00,12.0,28.7,82,1002.7,21.4,224,0.0,17,6,7,17.1,32.4,12.0,12.0,17.9,28.1,20.333333333333332,16.166666666666668,14.9125
2026-07-12 18:00:00,12.0,29.1,77,1002.6,20.5,223,0.0,18,6,7,12.0,25.6,12.0,12.0,12.0,12.0,20.333333333333332,16.166666666666668,14.666666666666666
2026-07-12 19:00:00,12.0,28.6,80,1002.1,19.9,224,0.0,19,6,7,12.0,17.1,22.9,12.0,26.0,12.0,20.333333333333332,16.166666666666668,14.666666666666666
2026-07-12 20:00:00,12.0,28.7,77,1001.9,20.4,228,0.0,20,6,7,12.0,12.0,32.4,12.0,12.0,12.0,18.516666666666666,16.166666666666668,14.083333333333334
2026-07-12 21:00:00,12.0,28.6,79,1001.3,19.5,225,0.0,21,6,7,12.0,12.0,25.6,12.0,12.0,12.0,15.116666666666667,16.166666666666668,14.083333333333334
2026-07-12 22:00:00,12.0,28.4,80,1001.0,19.5,227,0.0,22,6,7,12.0,12.0,17.1,12.0,12.0,12.0,12.85,16.166666666666668,14.083333333333334
2026-07-12 23:00:00,12.0,28.4,79,1001.2,18.9,230,0.0,23,6,7,12.0,12.0,12.0,12.0,12.0,12.0,12.0,16.166666666666668,14.083333333333334
2026-07-13 00:00:00,12.0,28.4,83,1001.5,17.9,220,0.0,0,0,7,12.0,12.0,12.0,12.0,12.0,12.0,12.0,16.166666666666668,14.083333333333334
2026-07-13 01:00:00,12.0,28.5,83,1001.8,17.7,220,0.0,1,0,7,12.0,12.0,12.0,22.9,12.0,12.0,12.0,16.166666666666668,14.083333333333334
2026-07-13 02:00:00,12.0,28.9,82,1002.5,18.6,222,0.0,2,0,7,12.0,12.0,12.0,32.4,12.0,12.0,12.0,15.258333333333333,14.083333333333334
2026-07-13 03:00:00,12.0,29.4,79,1002.9,21.0,223,0.0,3,0,7,12.0,12.0,12.0,25.6,12.0,12.0,12.0,13.558333333333332,14.083333333333334
2026-07-13 04:00:00,12.0,29.9,76,1003.4,22.8,225,0.0,4,0,7,12.0,12.0,12.0,17.1,12.0,12.0,12.0,12.424999999999999,14.083333333333334
2026-07-13 05:00:00,12.0,30.7,73,1003.8,24.3,226,0.0,5,0,7,12.0,12.0,12.0,12.0,12.0,12.0,12.0,12.0,14.083333333333334
2026-07-13 06:00:00,12.0,31.2,70,1004.0,25.6,225,0.0,6,0,7,12.0,12.0,12.0,12.0,12.0,12.0,12.0,12.0,14.083333333333334
2026-07-13 07:00:00,12.0,31.3,69,1003.8,26.5,226,0.0,7,0,7,12.0,12.0,12.0,12.0,12.0,12.0,12.0,12.0,14.083333333333334
2026-07-13 08:00:00,12.0,31.5,67,1003.3,27.6,225,0.1,8,0,7,12.0,12.0,12.0,12.0,12.0,12.0,12.0,12.0,14.083333333333334
2026-07-13 09:00:00,12.0,31.5,67,1003.0,27.9,223,0.1,9,0,7,12.0,12.0,12.0,12.0,12.0,12.0,12.0,12.0,14.083333333333334
2026-07-13 10:00:00,12.0,30.8,69,1002.6,28.0,223,0.1,10,0,7,12.0,12.0,12.0,12.0,12.0,12.0,12.0,12.0,14.083333333333334
2026-07-13 11:00:00,14.5,30.3,72,1002.2,27.1,226,0.1,11,0,7,12.0,12.0,12.0,12.0,12.0,14.2,12.0,12.0,14.083333333333334
2026-07-13 12:00:00,30.4,30.4,71,1001.9,23.7,225,0.1,12,0,7,14.5,12.0,12.0,12.0,12.0,17.4,12.416666666666666,12.208333333333334,14.1875
2026-07-13 13:00:00,19.2,29.7,76,1002.4,21.6,224,0.0,13,0,7,30.4,12.0,12.0,12.0,22.9,15.5,15.483333333333334,13.741666666666667,14.954166666666666
2026-07-13 14:00:00,51.8,29.2,76,1003.1,20.4,226,0.0,14,0,7,19.2,14.5,12.0,12.0,32.4,12.0,16.683333333333334,14.341666666666667,14.800000000000002
2026-07-13 15:00:00,39.6,29.1,75,1003.8,19.3,225,0.0,15,0,7,51.8,30.4,12.0,12.0,25.6,18.5,23.316666666666663,17.658333333333335,15.608333333333334
2026-07-13 16:00:00,40.1,28.9,76,1004.4,18.9,227,0.0,16,0,7,39.6,19.2,12.0,12.0,17.1,12.0,27.916666666666668,19.958333333333332,16.191666666666666
2026-07-13 17:00:00,20.1,28.8,78,1004.9,17.4,229,0.0,17,0,7,40.1,51.8,14.5,12.0,12.0,17.9,32.6,22.3,17.150000000000002
2026-07-13 18:00:00,12.0,28.8,76,1004.8,17.3,227,0.0,18,0,7,20.1,39.6,30.4,12.0,12.0,12.0,33.53333333333333,22.974999999999998,17.4875
2026-07-13 19:00:00,25.6,28.4,77,1004.4,17.4,233,0.0,19,0,7,12.0,40.1,19.2,12.0,12.0,26.0,30.466666666666665,22.974999999999998,17.4875
2026-07-13 20:00:00,17.9,28.2,79,1003.9,15.1,235,0.0,20,0,7,25.6,20.1,51.8,12.0,12.0,12.0,31.53333333333333,24.108333333333334,18.054166666666667
2026-07-13 21:00:00,12.0,28.2,77,1003.4,16.0,234,0.0,21,0,7,17.9,12.0,39.6,12.0,12.0,12.0,25.88333333333333,24.599999999999998,18.3
2026-07-13 22:00:00,12.0,28.0,80,1003.0,15.7,228,0.0,22,0,7,12.0,25.6,40.1,12.0,12.0,12.0,21.28333333333333,24.599999999999998,18.3
2026-07-13 23:00:00,12.0,27.9,81,1002.8,15.7,226,0.0,23,0,7,12.0,17.9,20.1,14.5,12.0,12.0,16.599999999999998,24.599999999999998,18.3
2026-07-14 00:00:00,12.0,27.7,82,1003.0,14.7,229,0.0,0,1,7,12.0,12.0,12.0,30.4,12.0,12.0,15.25,24.391666666666666,18.3
2026-07-14 01:00:00,12.0,27.9,82,1003.8,14.0,228,0.0,1,1,7,12.0,12.0,25.6,19.2,12.0,12.0,15.25,22.85833333333333,18.3
2026-07-14 02:00:00,12.0,28.6,80,1004.5,14.5,227,0.0,2,1,7,12.0,12.0,17.9,51.8,12.0,12.0,12.983333333333334,22.258333333333336,18.3
2026-07-14 03:00:00,18.6,29.1,77,1004.8,17.5,231,0.1,3,1,7,12.0,12.0,12.0,39.6,12.0,12.0,12.0,18.941666666666666,18.3
2026-07-14 04:00:00,12.0,29.7,73,1005.2,20.0,229,0.3,4,1,7,18.6,12.0,12.0,40.1,12.0,12.0,13.1,17.191666666666666,18.575
2026-07-14 05:00:00,12.0,30.0,72,1005.5,20.8,227,0.5,5,1,7,12.0,12.0,12.0,20.1,12.0,12.0,13.1,14.85,18.575
2026-07-14 06:00:00,17.7,31.0,68,1005.6,21.3,224,0.7,6,1,7,12.0,18.6,12.0,12.0,12.0,12.0,13.1,14.174999999999999,18.575
2026-07-14 07:00:00,12.0,31.1,66,1005.0,22.1,225,0.2,7,1,7,17.7,12.0,12.0,25.6,12.0,12.0,14.049999999999999,14.649999999999999,18.8125
2026-07-14 08:00:00,12.0,31.2,66,1004.6,22.7,226,0.2,8,1,7,12.0,12.0,12.0,17.9,12.0,12.0,14.049999999999999,13.516666666666666,18.8125
2026-07-14 09:00:00,23.4,31.1,66,1003.7,23.1,228,0.3,9,1,7,12.0,17.7,18.6,12.0,12.0,12.0,14.049999999999999,13.024999999999999,18.8125
2026-07-14 10:00:00,22.7,31.1,65,1003.2,23.1,229,0.2,10,1,7,23.4,12.0,12.0,12.0,12.0,12.0,14.85,13.975,19.2875
2026-07-14 11:00:00,21.4,30.7,66,1002.9,22.5,229,0.1,11,1,7,22.7,12.0,12.0,12.0,14.5,12.0,16.63333333333333,14.866666666666665,19.733333333333334
2026-07-14 12:00:00,45.0,30.2,71,1002.8,21.3,229,0.3,12,1,7,21.4,23.4,17.7,12.0,30.4,12.0,18.2,15.649999999999999,20.020833333333332
2026-07-14 13:00:00,33.2,29.5,75,1003.2,19.1,227,0.1,13,1,7,45.0,22.7,12.0,12.0,19.2,22.9,22.75,18.4,20.629166666666666
2026-07-14 14:00:00,29.3,29.0,76,1003.6,17.7,225,0.0,14,1,7,33.2,21.4,12.0,12.0,51.8,32.4,26.28333333333333,20.166666666666668,21.2125
2026-07-14 15:00:00,25.5,28.7,78,1004.0,18.2,229,0.2,15,1,7,29.3,45.0,23.4,18.6,39.6,25.6,29.166666666666668,21.608333333333334,20.275
2026-07-14 16:00:00,41.2,28.6,79,1004.8,17.4,231,0.1,16,1,7,25.5,33.2,22.7,12.0,40.1,17.1,29.516666666666666,22.183333333333334,19.6875
2026-07-14 17:00:00,16.7,28.5,79,1005.2,16.8,232,0.1,17,1,7,41.2,29.3,21.4,12.0,20.1,12.0,32.6,24.616666666666664,19.733333333333334
2026-07-14 18:00:00,49.2,26.3,89,1005.0,11.5,229,0.3,18,1,7,16.7,25.5,45.0,17.7,12.0,12.0,31.816666666666666,25.008333333333336,19.59166666666667
2026-07-14 19:00:00,12.0,26.3,94,1004.6,11.8,207,0.3,19,1,7,49.2,41.2,33.2,12.0,25.6,12.0,32.51666666666667,27.633333333333336,21.14166666666667
2026-07-14 20:00:00,12.0,25.5,96,1004.6,13.8,194,0.5,20,1,7,12.0,16.7,29.3,12.0,17.9,12.0,28.983333333333338,27.633333333333336,20.575
2026-07-14 21:00:00,12.0,25.0,97,1004.0,10.0,197,0.6,21,1,7,12.0,49.2,25.5,23.4,12.0,12.0,26.100000000000005,27.633333333333336,20.32916666666667
2026-07-14 22:00:00,12.0,25.3,96,1003.4,12.4,188,0.6,22,1,7,12.0,12.0,41.2,22.7,12.0,12.0,23.850000000000005,26.683333333333334,20.32916666666667
2026-07-14 23:00:00,12.0,25.0,96,1003.6,15.9,195,0.3,23,1,7,12.0,12.0,16.7,21.4,12.0,12.0,18.983333333333334,25.791666666666668,20.32916666666667
2026-07-15 00:00:00,12.2,25.8,93,1003.8,11.6,201,0.1,0,2,7,12.0,12.0,49.2,45.0,12.0,12.0,18.2,25.008333333333336,20.32916666666667
2026-07-15 01:00:00,12.0,25.6,95,1003.9,8.1,204,0.4,1,2,7,12.2,12.0,12.0,33.2,12.0,12.0,12.033333333333333,22.275000000000002,20.337500000000002
2026-07-15 02:00:00,19.9,27.0,91,1004.3,8.5,179,0.2,2,2,7,12.0,12.0,12.0,29.3,12.0,12.0,12.033333333333333,20.508333333333333,20.337500000000002
2026-07-15 03:00:00,12.0,28.0,84,1004.7,13.8,229,0.4,3,2,7,19.9,12.2,12.0,25.5,18.6,12.0,13.35,19.725,20.666666666666668
2026-07-15 04:00:00,17.5,29.8,75,1005.0,13.6,240,0.0,4,2,7,12.0,12.0,12.0,41.2,12.0,12.0,13.35,18.6,20.39166666666667
2026-07-15 05:00:00,12.0,29.8,74,1005.6,13.9,227,0.4,5,2,7,17.5,19.9,12.0,16.7,12.0,12.0,14.266666666666666,16.625,20.620833333333334
2026-07-15 06:00:00,12.0,29.2,75,1005.2,16.2,227,0.9,6,2,7,12.0,12.0,12.2,49.2,17.7,12.0,14.266666666666666,16.233333333333334,20.620833333333334
2026-07-15 07:00:00,12.3,30.9,70,1004.9,18.1,233,0.9,7,2,7,12.0,17.5,12.0,12.0,12.0,12.0,14.233333333333333,13.133333333333333,20.383333333333336
2026-07-15 08:00:00,43.8,30.8,68,1004.5,16.9,231,0.4,8,2,7,12.3,12.0,19.9,12.0,12.0,12.0,14.283333333333331,13.158333333333333,20.395833333333332
2026-07-15 09:00:00,40.0,30.7,69,1004.0,17.4,225,0.0,9,2,7,43.8,12.0,12.0,12.0,23.4,12.0,18.266666666666666,15.808333333333332,21.720833333333335
2026-07-15 10:00:00,52.4,30.7,69,1003.7,17.8,226,0.1,10,2,7,40.0,12.3,17.5,12.0,22.7,12.0,22.933333333333334,18.141666666666666,22.412499999999998
2026-07-15 11:00:00,58.2,30.4,70,1003.4,17.3,223,0.0,11,2,7,52.4,43.8,12.0,12.0,21.4,14.5,28.75,21.508333333333336,23.650000000000002
2026-07-15 12:00:00,38.3,30.8,68,1002.7,17.7,231,0.0,12,2,7,58.2,40.0,12.0,12.2,45.0,30.4,36.449999999999996,25.358333333333334,25.183333333333334
2026-07-15 13:00:00,55.9,30.0,74,1002.9,15.3,225,0.0,13,2,7,38.3,52.4,12.3,12.0,33.2,19.2,40.833333333333336,27.53333333333333,24.904166666666665
2026-07-15 14:00:00,80.7,29.1,78,1003.5,14.0,224,0.0,14,2,7,55.9,58.2,43.8,19.9,29.3,51.8,48.099999999999994,31.191666666666666,25.849999999999998
2026-07-15 15:00:00,41.0,28.9,79,1004.1,12.7,231,0.0,15,2,7,80.7,38.3,40.0,12.0,25.5,39.6,54.25,36.25833333333333,27.991666666666664
2026-07-15 16:00:00,43.9,28.9,78,1004.8,13.4,228,0.0,16,2,7,41.0,55.9,52.4,17.5,41.2,40.1,54.416666666666664,38.675,28.6375
2026-07-15 17:00:00,16.0,28.8,79,1005.4,10.7,226,0.0,17,2,7,43.9,80.7,58.2,12.0,16.7,20.1,53.0,40.87499999999999,28.75
2026-07-15 18:00:00,12.0,27.9,81,1005.5,14.8,222,0.4,18,2,7,16.0,41.0,38.3,12.0,49.2,12.0,45.96666666666666,41.20833333333333,28.72083333333333
2026-07-15 19:00:00,12.0,27.4,85,1005.1,9.7,228,0.1,19,2,7,12.0,43.9,55.9,12.3,12.0,25.6,41.583333333333336,41.20833333333333,27.17083333333333
2026-07-15 20:00:00,19.4,27.3,87,1004.6,9.6,229,0.1,20,2,7,12.0,16.0,80.7,43.8,12.0,17.9,34.266666666666666,41.18333333333333,27.17083333333333
2026-07-15 21:00:00,15.4,27.0,88,1004.3,6.8,202,0.0,21,2,7,19.4,12.0,41.0,40.0,12.0,12.0,24.05,39.15,27.47916666666666
2026-07-15 22:00:00,12.0,26.0,93,1004.1,11.0,179,0.3,22,2,7,15.4,12.0,43.9,52.4,12.0,12.0,19.783333333333335,37.1,27.620833333333337
2026-07-15 23:00:00,17.7,25.6,95,1004.1,6.9,211,0.5,23,2,7,12.0,19.4,16.0,58.2,12.0,12.0,14.466666666666669,33.73333333333333,27.620833333333337
2026-07-16 00:00:00,12.0,25.7,92,1004.1,6.2,165,0.3,0,3,7,17.7,15.4,12.0,38.3,12.2,12.0,14.75,30.35833333333333,27.858333333333334
2026-07-16 01:00:00,12.0,24.0,99,1004.9,11.5,163,0.9,1,3,7,12.0,12.0,12.0,55.9,12.0,12.0,14.75,28.166666666666668,27.849999999999998
2026-07-16 02:00:00,16.1,24.8,98,1005.1,8.3,178,0.4,2,3,7,12.0,17.7,19.4,80.7,19.9,12.0,14.75,24.50833333333333,27.849999999999998
2026-07-16 03:00:00,12.7,26.9,88,1005.5,10.4,178,0.0,3,3,7,16.1,12.0,15.4,41.0,12.0,18.6,14.200000000000001,19.125,27.691666666666666
2026-07-16 04:00:00,23.1,28.9,80,1005.8,9.0,200,0.0,4,3,7,12.7,12.0,12.0,43.9,17.5,12.0,13.75,16.766666666666666,27.720833333333335
2026-07-16 05:00:00,28.3,27.9,83,1006.1,11.7,221,1.0,5,3,7,23.1,16.1,17.7,16.0,12.0,12.0,15.6,15.033333333333333,27.954166666666666
2026-07-16 06:00:00,41.6,31.1,64,1005.6,10.7,224,0.1,6,3,7,28.3,12.7,12.0,12.0,12.0,17.7,17.36666666666667,16.058333333333334,28.633333333333336
2026-07-16 07:00:00,30.0,30.7,67,1005.1,13.0,222,0.9,7,3,7,41.6,23.1,12.0,12.0,12.3,12.0,22.3,18.525000000000002,29.86666666666667
2026-07-16 08:00:00,52.9,31.3,68,1004.6,12.9,223,0.3,8,3,7,30.0,28.3,16.1,19.4,43.8,12.0,25.3,20.025000000000002,30.604166666666668
2026-07-16 09:00:00,57.3,31.0,70,1003.8,13.9,221,0.1,9,3,7,52.9,41.6,12.7,15.4,40.0,23.4,31.433333333333334,22.816666666666666,30.983333333333334
2026-07-16 10:00:00,43.8,31.0,70,1003.6,15.2,222,0.0,10,3,7,57.3,30.0,23.1,12.0,52.4,22.7,38.86666666666667,26.308333333333334,31.704166666666666
2026-07-16 11:00:00,55.7,30.3,72,1003.2,17.1,225,0.0,11,3,7,43.8,52.9,28.3,17.7,58.2,21.4,42.31666666666667,28.958333333333332,31.345833333333335
2026-07-16 12:00:00,59.0,30.3,74,1002.9,16.7,226,0.1,12,3,7,55.7,57.3,41.6,12.0,38.3,45.0,46.88333333333333,32.125,31.241666666666664
2026-07-16 13:00:00,64.0,29.4,78,1003.3,13.5,223,0.0,13,3,7,59.0,43.8,30.0,12.0,55.9,33.2,49.78333333333333,36.041666666666664,32.104166666666664
2026-07-16 14:00:00,62.3,28.8,81,1003.8,10.8,206,0.0,14,3,7,64.0,55.7,52.9,16.1,80.7,29.3,55.449999999999996,40.375,32.44166666666667
2026-07-16 15:00:00,59.4,28.8,81,1004.3,11.1,222,0.0,15,3,7,62.3,59.0,57.3,12.7,41.0,25.5,57.01666666666667,44.224999999999994,31.675
2026-07-16 16:00:00,32.7,28.6,83,1004.7,12.0,224,0.0,16,3,7,59.4,64.0,43.8,23.1,43.9,41.2,57.36666666666667,48.116666666666674,32.44166666666667
2026-07-16 17:00:00,57.8,28.5,83,1004.9,11.2,224,0.0,17,3,7,32.7,62.3,55.7,28.3,16.0,16.7,55.51666666666666,48.916666666666664,31.974999999999998
2026-07-16 18:00:00,32.7,28.0,84,1004.6,10.7,211,0.1,18,3,7,57.8,59.4,59.0,41.6,12.0,49.2,55.86666666666667,51.375,33.71666666666667
2026-07-16 19:00:00,15.7,27.8,84,1004.1,11.1,234,0.2,19,3,7,32.7,32.7,64.0,30.0,12.0,12.0,51.48333333333333,50.63333333333333,34.579166666666666
2026-07-16 20:00:00,22.7,27.5,87,1004.2,10.9,241,0.2,20,3,7,15.7,57.8,62.3,52.9,19.4,12.0,43.43333333333334,49.44166666666667,34.733333333333334
2026-07-16 21:00:00,12.0,27.1,88,1003.8,10.2,233,0.2,21,3,7,22.7,32.7,59.4,57.3,15.4,12.0,36.833333333333336,46.92499999999999,34.87083333333334
2026-07-16 22:00:00,12.3,26.6,90,1003.6,10.3,230,0.3,22,3,7,12.0,15.7,32.7,43.8,12.0,12.0,28.933333333333337,43.15,34.729166666666664
2026-07-16 23:00:00,12.0,26.6,90,1003.5,9.0,218,0.0,23,3,7,12.3,22.7,57.8,55.7,17.7,12.0,25.53333333333333,40.525,34.74166666666667
2026-07-17 00:00:00,35.4,26.2,95,1003.3,5.8,200,0.2,0,4,7,12.0,12.0,32.7,59.0,12.0,12.2,17.900000000000002,36.88333333333333,34.50416666666667
2026-07-17 01:00:00,14.7,26.1,96,1003.8,7.6,198,0.0,1,4,7,35.4,12.3,15.7,64.0,12.0,12.0,18.349999999999998,34.916666666666664,35.479166666666664
2026-07-17 02:00:00,12.0,26.1,95,1004.7,8.7,223,1.8,2,4,7,14.7,12.0,22.7,62.3,16.1,19.9,18.183333333333334,30.808333333333334,35.59166666666667
2026-07-17 03:00:00,17.6,27.8,85,1005.0,8.6,216,0.1,3,4,7,12.0,35.4,12.0,59.4,12.7,12.0,16.400000000000002,26.616666666666664,35.420833333333334
2026-07-17 04:00:00,40.7,29.3,77,1005.5,10.8,226,0.1,4,4,7,17.6,14.7,12.3,32.7,23.1,17.5,17.333333333333332,23.133333333333336,35.625
2026-07-17 05:00:00,12.0,28.8,78,1005.4,12.7,225,0.7,5,4,7,40.7,12.0,12.0,57.8,28.3,12.0,22.066666666666666,23.8,36.358333333333334
2026-07-17 06:00:00,12.0,29.5,74,1005.1,14.0,234,0.6,6,4,7,12.0,17.6,35.4,32.7,41.6,12.0,22.066666666666666,19.983333333333334,35.67916666666667
2026-07-17 07:00:00,31.9,30.4,75,1004.7,12.5,233,0.5,7,4,7,12.0,40.7,14.7,15.7,30.0,12.3,18.166666666666668,18.258333333333336,34.44583333333333
2026-07-17 08:00:00,34.7,31.5,71,1004.0,14.2,235,0.0,8,4,7,31.9,12.0,12.0,22.7,52.9,43.8,21.03333333333333,19.60833333333333,34.525
2026-07-17 09:00:00,20.0,30.5,73,1003.3,16.6,228,1.4,9,4,7,34.7,12.0,17.6,12.0,57.3,40.0,24.816666666666666,20.608333333333334,33.766666666666666
2026-07-17 10:00:00,40.9,30.5,74,1003.0,17.2,223,0.0,10,4,7,20.0,31.9,40.7,12.3,43.8,52.4,25.21666666666667,21.275000000000002,32.2125
2026-07-17 11:00:00,42.5,30.5,72,1002.8,17.3,222,0.0,11,4,7,40.9,34.7,12.0,12.0,55.7,58.2,25.25,23.65833333333333,32.09166666666666
2026-07-17 12:00:00,65.8,30.2,74,1002.4,17.4,230,0.1,12,4,7,42.5,20.0,12.0,35.4,59.0,38.3,30.333333333333332,26.2,31.541666666666668
2026-07-17 13:00:00,37.4,29.7,77,1002.6,15.4,229,0.0,13,4,7,65.8,40.9,31.9,14.7,64.0,55.9,39.300000000000004,28.733333333333334,31.825000000000003
2026-07-17 14:00:00,48.7,29.0,80,1003.4,14.2,221,0.0,14,4,7,37.4,42.5,34.7,12.0,62.3,80.7,40.21666666666666,30.625,30.71666666666667
2026-07-17 15:00:00,46.1,28.8,82,1004.0,15.0,227,0.0,15,4,7,48.7,65.8,20.0,17.6,59.4,41.0,42.550000000000004,33.68333333333334,30.149999999999995
2026-07-17 16:00:00,29.7,28.7,82,1004.5,16.3,229,0.0,16,4,7,46.1,37.4,40.9,40.7,32.7,43.9,46.9,36.05833333333333,29.59583333333333
2026-07-17 17:00:00,30.6,28.6,83,1004.8,15.8,233,0.0,17,4,7,29.7,48.7,42.5,12.0,57.8,16.0,45.03333333333333,35.141666666666666,29.470833333333335
2026-07-17 18:00:00,31.0,28.4,81,1004.4,15.2,237,0.0,18,4,7,30.6,46.1,65.8,12.0,32.7,12.0,43.050000000000004,36.69166666666667,28.337500000000002
2026-07-17 19:00:00,16.1,28.1,82,1003.8,12.4,244,0.0,19,4,7,31.0,29.7,37.4,31.9,15.7,12.0,37.25,38.275,28.26666666666667
2026-07-17 20:00:00,27.5,28.1,81,1004.0,9.2,244,0.0,20,4,7,16.1,30.6,48.7,34.7,22.7,19.4,33.7,36.958333333333336,28.28333333333333
2026-07-17 21:00:00,32.8,27.2,85,1003.7,5.5,212,0.1,21,4,7,27.5,31.0,46.1,20.0,12.0,15.4,30.166666666666668,36.358333333333334,28.48333333333333
2026-07-17 22:00:00,27.3,26.5,89,1003.4,5.8,176,0.3,22,4,7,32.8,16.1,29.7,40.9,12.3,12.0,27.95,37.425000000000004,29.349999999999998
2026-07-17 23:00:00,12.0,25.1,98,1003.4,8.3,185,0.9,23,4,7,27.3,27.5,30.6,42.5,12.0,17.7,27.55,36.291666666666664,29.974999999999998
2026-07-18 00:00:00,33.5,26.1,95,1003.3,10.3,179,0.3,0,5,7,12.0,32.8,31.0,65.8,35.4,12.0,24.45,33.75,29.974999999999998
2026-07-18 01:00:00,26.3,26.0,95,1003.7,8.0,185,0.3,1,5,7,33.5,27.3,16.1,37.4,14.7,12.0,24.866666666666664,31.058333333333334,29.895833333333332
2026-07-18 02:00:00,17.9,26.7,95,1004.2,7.4,154,0.1,2,5,7,26.3,12.0,27.5,48.7,12.0,16.1,26.566666666666666,30.133333333333336,30.379166666666666
2026-07-18 03:00:00,12.0,26.4,91,1004.6,10.0,214,0.6,3,5,7,17.9,33.5,32.8,46.1,17.6,12.7,24.96666666666667,27.566666666666663,30.625
2026-07-18 04:00:00,12.0,28.3,83,1004.8,8.8,211,0.1,4,5,7,12.0,26.3,27.3,29.7,40.7,23.1,21.5,24.724999999999998,30.391666666666666
2026-07-18 05:00:00,31.4,28.0,84,1004.8,8.6,209,1.2,5,5,7,12.0,17.9,12.0,30.6,12.0,28.3,18.95,23.25,29.195833333333336
2026-07-18 06:00:00,12.0,29.5,76,1004.4,13.5,222,0.1,6,5,7,31.4,12.0,33.5,31.0,12.0,41.6,22.183333333333334,23.316666666666666,30.004166666666666
2026-07-18 07:00:00,24.3,30.3,69,1003.7,16.1,239,0.4,7,5,7,12.0,12.0,26.3,16.1,31.9,30.0,18.599999999999998,21.733333333333334,30.004166666666666
2026-07-18 08:00:00,27.8,31.1,71,1003.1,16.5,241,0.6,8,5,7,24.3,31.4,17.9,27.5,34.7,52.9,18.266666666666666,22.416666666666668,29.6875
2026-07-18 09:00:00,50.8,30.6,71,1002.6,18.2,247,0.3,9,5,7,27.8,12.0,12.0,32.8,20.0,57.3,19.916666666666668,22.441666666666666,29.400000000000002
2026-07-18 10:00:00,33.7,31.0,70,1001.9,17.8,237,0.3,10,5,7,50.8,24.3,12.0,27.3,40.9,43.8,26.383333333333336,23.941666666666666,30.683333333333334
2026-07-18 11:00:00,34.1,30.5,71,1001.6,18.5,230,0.3,11,5,7,33.7,27.8,31.4,12.0,42.5,55.7,30.0,24.474999999999998,30.383333333333336
2026-07-18 12:00:00,48.6,30.2,68,1001.3,18.0,229,0.5,12,5,7,34.1,50.8,12.0,33.5,65.8,59.0,30.45,26.316666666666666,30.033333333333335
2026-07-18 13:00:00,33.3,29.0,81,1001.9,17.1,226,0.4,13,5,7,48.6,33.7,24.3,26.3,37.4,64.0,36.550000000000004,27.575,29.316666666666663
2026-07-18 14:00:00,56.3,28.6,83,1002.6,14.9,229,0.1,14,5,7,33.3,34.1,27.8,17.9,48.7,62.3,38.050000000000004,28.15833333333333,29.145833333333332
2026-07-18 15:00:00,37.2,28.3,84,1003.1,14.5,235,0.1,15,5,7,56.3,48.6,50.8,12.0,46.1,59.4,42.800000000000004,31.358333333333334,29.462500000000002
2026-07-18 16:00:00,52.9,28.0,84,1004.0,14.9,233,0.1,16,5,7,37.2,33.3,33.7,12.0,29.7,32.7,40.53333333333333,33.458333333333336,29.09166666666667
2026-07-18 17:00:00,40.6,28.2,84,1004.2,14.4,233,0.1,17,5,7,52.9,56.3,34.1,31.4,30.6,57.8,43.73333333333333,36.86666666666667,30.058333333333334
2026-07-18 18:00:00,31.2,27.8,84,1003.8,13.9,216,0.1,18,5,7,40.6,37.2,48.6,12.0,31.0,32.7,44.81666666666666,37.63333333333333,30.474999999999998
2026-07-18 19:00:00,27.8,26.6,87,1003.6,12.9,223,0.6,19,5,7,31.2,52.9,33.3,24.3,16.1,15.7,41.916666666666664,39.233333333333334,30.48333333333333
2026-07-18 20:00:00,12.0,26.3,94,1003.2,8.7,194,0.7,20,5,7,27.8,40.6,56.3,27.8,27.5,22.7,41.0,39.525,30.970833333333335
2026-07-18 21:00:00,14.5,25.4,96,1002.9,11.2,198,0.7,21,5,7,12.0,31.2,37.2,50.8,32.8,12.0,33.61666666666667,38.208333333333336,30.325000000000003
2026-07-18 22:00:00,27.4,25.2,96,1002.9,9.3,156,1.0,22,5,7,14.5,27.8,52.9,33.7,27.3,12.3,29.833333333333332,35.18333333333333,29.5625
2026-07-18 23:00:00,12.0,25.1,97,1002.8,11.0,194,1.1,23,5,7,27.4,12.0,40.6,34.1,12.0,12.0,25.583333333333332,34.65833333333333,29.566666666666666
2026-07-19 00:00:00,12.0,25.7,95,1002.4,10.9,202,0.2,0,6,7,12.0,14.5,31.2,48.6,33.5,35.4,20.816666666666666,32.81666666666666,29.566666666666666
2026-07-19 01:00:00,12.0,26.2,93,1002.9,10.9,211,0.1,1,6,7,12.0,27.4,27.8,33.3,26.3,14.7,17.616666666666664,29.766666666666666,28.670833333333334
2026-07-19 02:00:00,12.0,26.4,93,1003.2,8.7,218,0.3,2,6,7,12.0,12.0,12.0,56.3,17.9,12.0,14.983333333333334,27.991666666666664,28.075
2026-07-19 03:00:00,12.0,27.5,88,1003.5,9.3,238,0.3,3,6,7,12.0,12.0,14.5,37.2,12.0,17.6,14.983333333333334,24.299999999999997,27.829166666666666
2026-07-19 04:00:00,24.8,28.2,84,1004.0,9.1,219,0.5,4,6,7,12.0,12.0,27.4,52.9,12.0,40.7,14.566666666666668,22.2,27.829166666666666
2026-07-19 05:00:00,21.2,28.2,83,1004.2,12.1,217,0.2,5,6,7,24.8,12.0,12.0,40.6,31.4,12.0,14.133333333333333,19.85833333333333,28.362499999999997
2026-07-19 06:00:00,54.8,30.2,74,1003.5,10.8,233,0.6,6,6,7,21.2,12.0,12.0,31.2,12.0,12.0,15.666666666666666,18.241666666666667,27.9375
2026-07-19 07:00:00,35.9,30.3,74,1003.0,12.9,227,0.2,7,6,7,54.8,24.8,12.0,27.8,24.3,31.9,22.8,20.208333333333332,29.72083333333333
2026-07-19 08:00:00,21.4,30.1,75,1002.6,14.5,228,0.6,8,6,7,35.9,21.2,12.0,12.0,27.8,34.7,26.78333333333333,20.883333333333333,30.20416666666667
2026-07-19 09:00:00,52.9,30.1,76,1002.1,16.2,226,0.5,9,6,7,21.4,54.8,12.0,14.5,50.8,20.0,28.349999999999998,21.666666666666668,29.9375
2026-07-19 10:00:00,27.9,30.1,74,1001.5,16.3,222,0.1,10,6,7,52.9,35.9,24.8,27.4,33.7,40.9,35.166666666666664,24.866666666666664,30.025000000000002
2026-07-19 11:00:00,36.5,29.9,74,1001.1,18.6,223,0.2,11,6,7,27.9,21.4,21.2,12.0,34.1,42.5,35.68333333333333,24.908333333333335,29.78333333333333
2026-07-19 12:00:00,30.7,29.6,76,1001.0,20.0,222,0.3,12,6,7,36.5,52.9,54.8,12.0,48.6,65.8,38.23333333333333,26.950000000000003,29.88333333333333
2026-07-19 13:00:00,52.0,29.1,79,1001.4,17.6,225,0.1,13,6,7,30.7,27.9,35.9,12.0,33.3,37.4,34.21666666666666,28.508333333333336,29.1375
2026-07-19 14:00:00,48.4,28.6,81,1002.0,14.0,223,0.0,14,6,7,52.0,36.5,21.4,12.0,56.3,48.7,36.9,31.84166666666667,29.916666666666668
2026-07-19 15:00:00,59.2,28.4,81,1002.8,14.1,217,0.1,15,6,7,48.4,30.7,52.9,12.0,37.2,46.1,41.4,34.875,29.587500000000002
2026-07-19 16:00:00,58.1,28.1,84,1003.4,12.4,208,0.1,16,6,7,59.2,52.0,27.9,24.8,52.9,29.7,42.449999999999996,38.80833333333333,30.504166666666666
2026-07-19 17:00:00,24.5,27.2,86,1004.2,15.9,192,0.1,17,6,7,58.1,48.4,36.5,21.2,40.6,30.6,47.48333333333334,41.583333333333336,30.72083333333333
2026-07-19 18:00:00,12.0,26.2,93,1003.6,15.0,198,0.4,18,6,7,24.5,59.2,30.7,54.8,31.2,31.0,45.48333333333334,41.858333333333334,30.049999999999997
2026-07-19 19:00:00,12.0,26.4,92,1003.1,12.2,204,0.1,19,6,7,12.0,58.1,52.0,35.9,27.8,16.1,42.36666666666667,38.291666666666664,29.25
2026-07-19 20:00:00,12.0,25.9,93,1002.7,12.3,175,0.5,20,6,7,12.0,24.5,48.4,21.4,12.0,27.5,35.699999999999996,36.300000000000004,28.591666666666665
2026-07-19 21:00:00,12.0,25.3,97,1002.3,10.6,201,1.1,21,6,7,12.0,12.0,59.2,52.9,14.5,32.8,29.633333333333336,35.516666666666666,28.591666666666665
2026-07-19 22:00:00,22.7,25.7,96,1002.0,7.4,187,1.1,22,6,7,12.0,12.0,58.1,27.9,27.4,27.3,21.76666666666667,32.108333333333334,28.487499999999997
2026-07-19 23:00:00,12.0,25.8,95,1002.1,9.9,213,0.5,23,6,7,22.7,12.0,24.5,36.5,12.0,12.0,15.866666666666667,31.674999999999997,28.291666666666668
2026-07-20 00:00:00,12.0,26.0,95,1001.4,10.5,207,0.8,0,0,7,12.0,12.0,12.0,30.7,12.0,33.5,13.783333333333333,29.63333333333333,28.291666666666668
2026-07-20 01:00:00,14.0,25.7,96,1001.9,7.5,210,2.2,1,0,7,12.0,22.7,12.0,52.0,12.0,26.3,13.783333333333333,28.075,28.291666666666668
2026-07-20 02:00:00,12.0,26.0,95,1002.8,13.3,216,0.9,2,0,7,14.0,12.0,12.0,48.4,12.0,17.9,14.116666666666667,24.90833333333333,28.375
2026-07-20 03:00:00,12.0,27.0,92,1003.2,11.3,222,2.7,3,0,7,12.0,12.0,12.0,59.2,12.0,12.0,14.116666666666667,21.875,28.375
2026-07-20 04:00:00,12.0,27.1,92,1003.8,11.8,241,2.5,4,0,7,12.0,14.0,22.7,58.1,24.8,12.0,14.116666666666667,17.941666666666666,28.375
2026-07-20 05:00:00,12.0,28.2,84,1003.8,14.2,240,0.8,5,0,7,12.0,12.0,12.0,24.5,21.2,31.4,12.333333333333334,14.1,27.84166666666667
2026-07-20 06:00:00,25.7,28.7,84,1003.2,13.4,234,0.5,6,0,7,12.0,12.0,12.0,12.0,54.8,12.0,12.333333333333334,13.058333333333332,27.458333333333332
2026-07-20 07:00:00,14.8,29.9,77,1002.9,14.6,230,0.2,7,0,7,25.7,12.0,14.0,12.0,35.9,24.3,14.616666666666665,14.200000000000001,26.245833333333337
2026-07-20 08:00:00,28.2,29.9,72,1002.1,18.6,232,0.6,8,0,7,14.8,12.0,12.0,12.0,21.4,27.8,14.75,14.433333333333332,25.366666666666664
2026-07-20 09:00:00,12.3,28.8,76,1001.7,19.4,222,0.4,9,0,7,28.2,25.7,12.0,12.0,52.9,50.8,17.45,15.783333333333333,25.650000000000002
2026-07-20 10:00:00,29.5,29.2,77,1001.3,20.6,226,0.3,10,0,7,12.3,14.8,12.0,22.7,27.9,33.7,17.5,15.808333333333332,23.958333333333332
2026-07-20 11:00:00,39.8,29.3,76,1001.1,18.5,226,0.2,11,0,7,29.5,28.2,12.0,12.0,36.5,34.1,20.416666666666668,16.375,24.025000000000002
2026-07-20 12:00:00,37.0,28.9,79,1001.1,18.1,236,0.3,12,0,7,39.8,12.3,25.7,12.0,30.7,48.6,25.05,18.691666666666666,24.162499999999998
2026-07-20 13:00:00,37.0,28.6,81,1001.0,16.6,231,0.1,13,0,7,37.0,29.5,14.8,14.0,52.0,33.3,26.933333333333337,20.775000000000002,24.424999999999997
2026-07-20 14:00:00,36.4,28.3,83,1001.7,15.7,228,0.0,14,0,7,37.0,39.8,28.2,12.0,48.4,56.3,30.633333333333336,22.691666666666666,23.799999999999997
2026-07-20 15:00:00,45.6,27.8,83,1002.5,12.8,214,0.1,15,0,7,36.4,37.0,12.3,12.0,59.2,37.2,32.0,24.724999999999998,23.3
2026-07-20 16:00:00,31.9,25.7,96,1003.6,16.0,182,1.3,16,0,7,45.6,37.0,29.5,12.0,58.1,52.9,37.550000000000004,27.525000000000002,22.733333333333334
2026-07-20 17:00:00,12.0,25.7,96,1003.8,17.7,203,0.4,17,0,7,31.9,36.4,39.8,12.0,24.5,40.6,37.949999999999996,29.183333333333334,21.641666666666666
2026-07-20 18:00:00,35.6,26.1,94,1003.4,11.1,217,0.3,18,0,7,12.0,45.6,37.0,25.7,12.0,31.2,33.31666666666666,29.183333333333334,21.120833333333334
2026-07-20 19:00:00,12.0,25.8,95,1003.1,14.2,215,0.5,19,0,7,35.6,31.9,37.0,14.8,12.0,27.8,33.083333333333336,30.008333333333336,22.104166666666668
2026-07-20 20:00:00,14.4,25.7,96,1002.4,11.7,223,0.6,20,0,7,12.0,12.0,36.4,28.2,12.0,12.0,28.916666666666668,29.775000000000002,22.104166666666668
2026-07-20 21:00:00,12.0,25.8,96,1002.1,10.6,219,2.3,21,0,7,14.4,35.6,45.6,12.3,12.0,14.5,25.25,28.625,22.204166666666666
2026-07-20 22:00:00,12.0,25.9,96,1001.9,10.6,223,2.2,22,0,7,12.0,12.0,31.9,29.5,22.7,27.4,19.650000000000002,28.599999999999998,22.204166666666666
2026-07-20 23:00:00,12.0,25.7,96,1001.8,10.1,211,3.2,23,0,7,12.0,14.4,12.0,39.8,12.0,12.0,16.333333333333332,27.141666666666666,21.758333333333336
2026-07-21 00:00:00,12.0,25.4,96,1001.2,12.1,208,6.0,0,1,7,12.0,12.0,35.6,37.0,12.0,12.0,16.333333333333332,24.825,21.758333333333336
2026-07-21 01:00:00,12.0,26.0,95,1001.7,9.0,215,3.9,1,1,7,12.0,12.0,12.0,37.0,14.0,12.0,12.4,22.741666666666664,21.758333333333336
2026-07-21 02:00:00,13.3,26.1,95,1002.2,8.0,205,2.4,2,1,7,12.0,12.0,14.4,36.4,12.0,12.0,12.4,20.658333333333335,21.675
2026-07-21 03:00:00,18.2,26.3,95,1002.7,9.6,214,2.8,3,1,7,13.3,12.0,12.0,45.6,12.0,12.0,12.216666666666667,18.73333333333333,21.729166666666668
2026-07-21 04:00:00,12.0,26.5,92,1002.9,15.2,239,4.3,4,1,7,18.2,12.0,12.0,31.9,12.0,24.8,13.25,16.45,21.9875
2026-07-21 05:00:00,21.6,28.3,85,1002.8,13.8,234,1.1,5,1,7,12.0,13.3,12.0,12.0,12.0,21.2,13.25,14.791666666666666,21.9875
2026-07-21 06:00:00,15.3,27.5,88,1002.6,15.3,238,1.2,6,1,7,21.6,18.2,12.0,35.6,25.7,54.8,14.85,15.591666666666667,22.3875
2026-07-21 07:00:00,13.6,29.7,76,1002.2,16.9,242,0.1,7,1,7,15.3,12.0,12.0,12.0,14.8,35.9,15.4,13.9,21.954166666666666
2026-07-21 08:00:00,31.9,29.7,77,1001.6,17.9,241,0.2,8,1,7,13.6,21.6,13.3,14.4,28.2,21.4,15.666666666666666,14.033333333333333,21.90416666666667
2026-07-21 09:00:00,45.6,29.5,79,1000.6,18.7,237,1.3,9,1,7,31.9,15.3,18.2,12.0,12.3,52.9,18.766666666666666,15.491666666666665,22.058333333333334
2026-07-21 10:00:00,12.0,28.0,87,1000.7,20.8,245,6.0,10,1,7,45.6,13.6,12.0,12.0,29.5,27.9,23.333333333333332,18.291666666666668,23.445833333333336
2026-07-21 11:00:00,23.7,27.2,92,1000.2,18.8,241,3.9,11,1,7,12.0,31.9,21.6,12.0,39.8,36.5,23.333333333333332,18.291666666666668,22.71666666666667
2026-07-21 12:00:00,25.4,27.1,93,1000.5,15.5,235,3.2,12,1,7,23.7,45.6,15.3,12.0,37.0,30.7,23.683333333333334,19.266666666666666,22.045833333333334
2026-07-21 13:00:00,37.4,26.7,94,1000.7,16.9,239,6.7,13,1,7,25.4,12.0,13.6,12.0,37.0,52.0,25.366666666666664,20.383333333333333,21.5625
2026-07-21 14:00:00,43.6,26.5,94,1001.2,16.3,237,7.9,14,1,7,37.4,23.7,31.9,13.3,36.4,48.4,29.333333333333332,22.5,21.579166666666666
2026-07-21 15:00:00,28.6,26.3,95,1001.5,16.6,236,9.2,15,1,7,43.6,25.4,45.6,18.2,45.6,59.2,31.28333333333333,25.024999999999995,21.879166666666666
2026-07-21 16:00:00,16.9,26.5,93,1002.2,17.0,239,7.6,16,1,7,28.6,37.4,12.0,12.0,31.9,58.1,28.45,25.891666666666666,21.17083333333333
2026-07-21 17:00:00,12.0,26.5,93,1002.3,16.5,243,3.4,17,1,7,16.9,43.6,23.7,21.6,12.0,24.5,29.266666666666666,26.299999999999997,20.545833333333334
2026-07-21 18:00:00,29.6,26.3,94,1001.8,12.6,224,1.7,18,1,7,12.0,28.6,25.4,15.3,35.6,12.0,27.316666666666666,25.5,20.545833333333334
2026-07-21 19:00:00,12.0,25.8,97,1001.3,10.3,234,1.7,19,1,7,29.6,16.9,37.4,13.6,12.0,12.0,28.01666666666667,26.691666666666666,20.29583333333333
2026-07-21 20:00:00,22.9,25.7,97,1001.1,11.1,227,2.4,20,1,7,12.0,12.0,43.6,31.9,14.4,12.0,23.78333333333333,26.558333333333334,20.29583333333333
2026-07-21 21:00:00,32.6,25.9,96,1000.4,7.4,203,2.4,21,1,7,22.9,29.6,28.6,45.6,12.0,12.0,20.333333333333332,25.808333333333334,20.650000000000002
2026-07-21 22:00:00,12.0,25.7,97,1000.3,9.8,194,2.5,22,1,7,32.6,12.0,16.9,12.0,12.0,22.7,21.0,24.724999999999998,21.508333333333336
2026-07-21 23:00:00,15.2,25.5,97,1000.3,10.1,223,4.1,23,1,7,12.0,22.9,12.0,23.7,12.0,12.0,20.183333333333334,24.724999999999998,21.508333333333336
2026-07-22 00:00:00,31.5,25.7,99,999.6,1.9,146,4.4,0,2,7,15.2,32.6,29.6,25.4,12.0,12.0,20.716666666666665,24.016666666666666,21.641666666666666
2026-07-22 01:00:00,19.5,25.6,100,1000.0,3.8,131,2.3,1,2,7,31.5,12.0,12.0,37.4,12.0,14.0,21.033333333333335,24.525000000000002,22.454166666666666
2026-07-22 02:00:00,26.8,25.5,99,1000.7,7.0,151,1.3,2,2,7,19.5,15.2,22.9,43.6,13.3,12.0,22.28333333333333,23.03333333333333,22.766666666666666
2026-07-22 03:00:00,36.7,26.2,98,1000.7,5.6,158,1.1,3,2,7,26.8,31.5,32.6,28.6,18.2,12.0,22.933333333333334,21.633333333333336,23.32916666666667
2026-07-22 04:00:00,49.2,26.4,97,1000.8,5.3,208,1.4,4,2,7,36.7,19.5,12.0,16.9,12.0,12.0,23.616666666666664,22.308333333333334,24.099999999999998
2026-07-22 05:00:00,67.7,28.1,86,1000.8,1.3,225,0.3,5,2,7,49.2,26.8,15.2,12.0,21.6,12.0,29.816666666666666,25.0,25.650000000000002
2026-07-22 06:00:00,12.0,26.5,91,1001.6,13.2,204,0.5,6,2,7,67.7,36.7,31.5,29.6,15.3,25.7,38.56666666666667,29.641666666666666,27.570833333333336
2026-07-22 07:00:00,28.0,25.8,95,1001.0,11.4,185,1.9,7,2,7,12.0,49.2,19.5,12.0,13.6,14.8,35.31666666666667,28.175,27.433333333333337
2026-07-22 08:00:00,36.8,26.1,94,1000.2,10.4,188,0.9,8,2,7,28.0,67.7,26.8,22.9,31.9,28.2,36.73333333333334,29.508333333333336,28.03333333333333
2026-07-22 09:00:00,32.2,26.4,92,999.4,9.9,189,0.6,9,2,7,36.8,12.0,36.7,32.6,45.6,12.3,38.4,30.666666666666668,28.2375
2026-07-22 10:00:00,49.1,26.9,90,998.7,11.2,190,0.8,10,2,7,32.2,28.0,49.2,12.0,12.0,29.5,37.65,30.63333333333333,27.679166666666664
2026-07-22 11:00:00,72.3,27.3,89,998.4,9.4,206,0.5,11,2,7,49.1,36.8,67.7,15.2,23.7,39.8,37.63333333333333,33.725,29.224999999999998
2026-07-22 12:00:00,60.2,26.3,95,998.2,11.2,238,0.3,12,2,7,72.3,32.2,12.0,31.5,25.4,37.0,38.4,38.48333333333333,31.25
2026-07-22 13:00:00,78.2,26.2,95,998.2,8.3,202,0.2,13,2,7,60.2,49.1,28.0,19.5,37.4,37.0,46.43333333333333,40.875,32.699999999999996
2026-07-22 14:00:00,62.4,26.1,98,998.9,9.9,199,0.0,14,2,7,78.2,72.3,36.8,26.8,43.6,36.4,54.79999999999999,45.76666666666667,34.4
2026-07-22 15:00:00,65.7,26.1,99,999.4,9.6,168,0.0,15,2,7,62.4,60.2,32.2,36.7,28.6,45.6,59.06666666666667,48.73333333333334,35.18333333333333
2026-07-22 16:00:00,49.7,25.6,100,1000.0,9.6,176,0.6,16,2,7,65.7,78.2,49.1,49.2,16.9,31.9,64.64999999999999,51.15,36.729166666666664
2026-07-22 17:00:00,56.1,25.0,100,1000.5,4.5,113,8.6,17,2,7,49.7,62.4,72.3,67.7,12.0,12.0,64.75,51.19166666666666,38.09583333333333
2026-07-22 18:00:00,48.6,25.1,100,999.9,10.3,144,4.8,18,2,7,56.1,65.7,60.2,12.0,29.6,35.6,62.050000000000004,50.225,39.93333333333333
2026-07-22 19:00:00,54.7,25.4,99,998.9,4.6,339,3.2,19,2,7,48.6,49.7,78.2,28.0,12.0,12.0,60.116666666666674,53.275,40.725
2026-07-22 20:00:00,33.2,25.6,98,998.5,7.2,348,4.3,20,2,7,54.7,56.1,62.4,36.8,22.9,14.4,56.199999999999996,55.5,42.50416666666667
2026-07-22 21:00:00,12.0,25.9,96,997.8,8.2,327,3.7,21,2,7,33.2,48.6,65.7,32.2,32.6,12.0,51.333333333333336,55.20000000000001,42.93333333333334
2026-07-22 22:00:00,12.0,26.0,95,997.3,11.3,304,2.6,22,2,7,12.0,54.7,49.7,49.1,12.0,12.0,42.38333333333333,53.51666666666667,42.074999999999996
2026-07-22 23:00:00,12.0,26.0,95,996.8,12.0,300,3.2,23,2,7,12.0,33.2,56.1,72.3,15.2,12.0,36.1,50.425000000000004,42.074999999999996
2026-07-23 00:00:00,12.0,25.9,94,996.8,17.3,317,3.4,0,3,7,12.0,12.0,48.6,60.2,31.5,12.0,28.75,45.400000000000006,41.94166666666667
2026-07-23 01:00:00,12.0,25.6,94,997.2,14.3,321,2.5,1,3,7,12.0,12.0,54.7,78.2,19.5,12.0,22.650000000000002,41.38333333333333,41.12916666666667
2026-07-23 02:00:00,12.0,25.7,95,998.3,12.6,323,4.1,2,3,7,12.0,12.0,33.2,62.4,26.8,13.3,15.533333333333333,35.86666666666667,40.81666666666667
2026-07-23 03:00:00,12.0,25.7,96,998.2,11.7,329,5.8,3,3,7,12.0,12.0,12.0,65.7,36.7,18.2,12.0,31.666666666666668,40.199999999999996
2026-07-23 04:00:00,33.5,26.0,96,998.6,9.2,309,4.3,4,3,7,12.0,12.0,12.0,49.7,49.2,12.0,12.0,27.191666666666663,39.170833333333334
2026-07-23 05:00:00,12.0,26.1,96,998.5,11.8,295,6.7,5,3,7,33.5,12.0,12.0,56.1,67.7,21.6,15.583333333333334,25.84166666666667,38.516666666666666
2026-07-23 06:00:00,31.5,26.0,97,998.2,7.7,162,9.0,6,3,7,12.0,12.0,12.0,48.6,12.0,15.3,15.583333333333334,22.166666666666668,36.19583333333333
2026-07-23 07:00:00,48.0,26.1,97,997.5,7.6,202,22.0,7,3,7,31.5,33.5,12.0,54.7,28.0,13.6,18.833333333333332,20.741666666666667,37.00833333333333
2026-07-23 08:00:00,46.4,26.4,95,997.4,8.7,238,11.5,8,3,7,48.0,12.0,12.0,33.2,36.8,31.9,24.833333333333332,20.183333333333334,37.84166666666667
2026-07-23 09:00:00,40.1,26.3,95,997.1,7.8,222,13.5,9,3,7,46.4,31.5,12.0,12.0,32.2,45.6,30.566666666666666,21.283333333333335,38.24166666666667
2026-07-23 10:00:00,68.5,26.6,94,997.0,9.9,238,10.8,10,3,7,40.1,48.0,33.5,12.0,49.1,12.0,35.25,23.625,38.57083333333333
2026-07-23 11:00:00,18.6,26.5,93,996.6,23.3,248,7.5,11,3,7,68.5,46.4,12.0,12.0,72.3,23.7,41.083333333333336,28.333333333333332,39.37916666666667
2026-07-23 12:00:00,22.3,26.8,91,996.5,23.2,246,4.2,12,3,7,18.6,40.1,31.5,12.0,60.2,25.4,42.18333333333333,28.883333333333336,37.141666666666666
2026-07-23 13:00:00,22.8,26.9,92,996.8,22.7,254,2.9,13,3,7,22.3,68.5,48.0,12.0,78.2,37.4,40.65,29.741666666666664,35.5625
2026-07-23 14:00:00,12.0,26.5,94,997.3,22.3,248,2.6,14,3,7,22.8,18.6,46.4,12.0,62.4,43.6,36.449999999999996,30.641666666666666,33.25416666666667
2026-07-23 15:00:00,12.0,26.8,93,997.8,22.1,237,1.6,15,3,7,12.0,22.3,40.1,12.0,65.7,28.6,30.71666666666667,30.641666666666666,31.15416666666667
2026-07-23 16:00:00,13.2,27.1,91,998.5,22.9,237,0.2,16,3,7,12.0,22.8,68.5,33.5,49.7,16.9,26.03333333333333,30.641666666666666,28.916666666666668
2026-07-23 17:00:00,12.0,26.5,92,998.7,22.8,234,0.5,17,3,7,13.2,12.0,18.6,12.0,56.1,12.0,16.816666666666666,28.95,27.395833333333332
2026-07-23 18:00:00,12.0,26.9,90,998.6,26.7,235,0.5,18,3,7,12.0,12.0,22.3,31.5,48.6,29.6,15.716666666666669,28.95,25.558333333333334
2026-07-23 19:00:00,12.0,27.1,86,998.4,27.1,238,0.4,19,3,7,12.0,13.2,22.8,48.0,54.7,12.0,14.0,27.325,24.03333333333333
2026-07-23 20:00:00,12.0,26.6,89,998.7,24.2,247,1.2,20,3,7,12.0,12.0,12.0,46.4,33.2,22.9,12.200000000000001,24.325,22.254166666666663
2026-07-23 21:00:00,12.0,26.8,88,998.1,20.9,252,0.3,21,3,7,12.0,12.0,12.0,40.1,12.0,32.6,12.200000000000001,21.458333333333332,21.370833333333334
2026-07-23 22:00:00,12.0,26.9,88,997.9,19.6,262,0.2,22,3,7,12.0,12.0,13.2,68.5,12.0,12.0,12.200000000000001,19.116666666666667,21.370833333333334
2026-07-23 23:00:00,12.0,26.6,93,997.6,18.5,252,0.2,23,3,7,12.0,12.0,12.0,18.6,12.0,15.2,12.0,14.408333333333333,21.370833333333334
2026-07-24 00:00:00,12.0,26.6,93,997.9,17.5,258,0.0,0,4,7,12.0,12.0,12.0,22.3,12.0,31.5,12.0,13.858333333333334,21.370833333333334
2026-07-24 01:00:00,12.0,26.3,95,998.3,16.5,239,0.9,1,4,7,12.0,12.0,12.0,22.8,12.0,19.5,12.0,13.0,21.370833333333334
2026-07-24 02:00:00,12.0,25.6,95,999.5,16.3,229,2.0,2,4,7,12.0,12.0,12.0,12.0,12.0,26.8,12.0,12.1,21.370833333333334
2026-07-24 03:00:00,12.0,26.1,95,999.6,13.7,224,1.2,3,4,7,12.0,12.0,12.0,12.0,12.0,36.7,12.0,12.1,21.370833333333334
2026-07-24 04:00:00,12.0,26.7,93,1000.2,15.1,221,0.2,4,4,7,12.0,12.0,12.0,13.2,33.5,49.2,12.0,12.1,21.370833333333334
2026-07-24 05:00:00,12.0,27.2,88,1000.3,14.2,229,0.8,5,4,7,12.0,12.0,12.0,12.0,12.0,67.7,12.0,12.0,20.475
2026-07-24 06:00:00,22.9,25.8,92,1000.3,21.6,221,0.0,6,4,7,12.0,12.0,12.0,12.0,31.5,12.0,12.0,12.0,20.474999999999998
2026-07-24 07:00:00,30.3,27.3,90,999.2,17.1,224,1.5,7,4,7,22.9,12.0,12.0,12.0,48.0,28.0,13.816666666666665,12.908333333333333,20.116666666666664
2026-07-24 08:00:00,12.0,29.8,78,998.5,20.7,231,0.1,8,4,7,30.3,12.0,12.0,12.0,46.4,36.8,16.866666666666664,14.433333333333332,19.379166666666666
2026-07-24 09:00:00,28.8,29.6,77,997.8,20.1,232,0.0,9,4,7,12.0,22.9,12.0,12.0,40.1,32.2,16.866666666666664,14.433333333333332,17.945833333333333
2026-07-24 10:00:00,24.9,28.9,78,997.2,23.6,240,0.4,10,4,7,28.8,30.3,12.0,12.0,68.5,49.1,19.666666666666668,15.833333333333334,17.475
2026-07-24 11:00:00,31.4,27.1,87,997.0,25.3,249,1.9,11,4,7,24.9,12.0,12.0,12.0,18.6,72.3,21.816666666666666,16.908333333333335,15.658333333333331
2026-07-24 12:00:00,30.8,26.6,92,997.3,21.4,237,0.3,12,4,7,31.4,28.8,22.9,12.0,22.3,60.2,25.049999999999997,18.525,16.191666666666666
2026-07-24 13:00:00,50.4,26.3,93,997.5,16.6,229,1.9,13,4,7,30.8,24.9,30.3,12.0,22.8,78.2,26.366666666666664,20.091666666666665,16.545833333333334
2026-07-24 14:00:00,28.9,26.0,93,997.7,14.3,229,0.5,14,4,7,50.4,31.4,12.0,12.0,12.0,62.4,29.716666666666665,23.291666666666668,17.695833333333333
2026-07-24 15:00:00,38.0,26.7,92,998.2,13.9,231,0.0,15,4,7,28.9,30.8,28.8,12.0,12.0,65.7,32.53333333333333,24.7,18.4
2026-07-24 16:00:00,51.6,26.0,93,999.2,16.8,240,0.8,16,4,7,38.0,50.4,24.9,12.0,13.2,49.7,34.06666666666667,26.866666666666664,19.48333333333333
2026-07-24 17:00:00,31.8,25.8,93,999.6,15.0,250,2.9,17,4,7,51.6,28.9,31.4,12.0,12.0,56.1,38.516666666666666,30.166666666666668,21.083333333333332
2026-07-24 18:00:00,15.8,26.5,92,999.4,15.7,250,3.3,18,4,7,31.8,38.0,30.8,22.9,12.0,48.6,38.583333333333336,31.816666666666666,21.90833333333333
2026-07-24 19:00:00,12.0,26.3,93,999.2,14.8,229,0.4,19,4,7,15.8,51.6,50.4,30.3,12.0,54.7,36.083333333333336,31.225000000000005,22.066666666666666
2026-07-24 20:00:00,12.0,25.7,95,999.3,14.2,231,1.4,20,4,7,12.0,31.8,28.9,12.0,12.0,33.2,29.683333333333337,29.7,22.066666666666666
2026-07-24 21:00:00,12.0,26.2,94,999.0,14.3,242,0.6,21,4,7,12.0,15.8,38.0,28.8,12.0,12.0,26.866666666666664,29.7,22.066666666666666
2026-07-24 22:00:00,12.0,26.1,95,999.0,13.9,245,0.1,22,4,7,12.0,12.0,51.6,24.9,12.0,12.0,22.53333333333333,28.3,22.066666666666666
2026-07-24 23:00:00,12.0,26.1,95,999.2,14.7,256,2.5,23,4,7,12.0,12.0,31.8,31.4,12.0,12.0,15.933333333333335,27.225000000000005,22.066666666666666
2026-07-25 00:00:00,12.0,25.3,96,999.3,14.9,232,4.5,0,5,7,12.0,12.0,15.8,30.8,12.0,12.0,12.633333333333333,25.60833333333333,22.066666666666666
2026-07-25 01:00:00,19.5,26.0,94,999.3,14.0,247,1.3,1,5,7,12.0,12.0,12.0,50.4,12.0,12.0,12.0,24.041666666666668,22.066666666666666
2026-07-25 02:00:00,12.0,25.9,94,1000.2,16.2,255,1.4,2,5,7,19.5,12.0,12.0,28.9,12.0,12.0,13.25,21.46666666666667,22.379166666666666
2026-07-25 03:00:00,19.8,27.1,90,1000.5,13.2,244,0.5,3,5,7,12.0,12.0,12.0,38.0,12.0,12.0,13.25,20.058333333333334,22.379166666666666
2026-07-25 04:00:00,39.5,28.5,81,1001.0,14.4,239,0.1,4,5,7,19.8,19.5,12.0,51.6,12.0,33.5,14.549999999999999,18.541666666666668,22.704166666666666
2026-07-25 05:00:00,12.0,29.2,76,1001.2,17.2,250,0.1,5,5,7,39.5,12.0,12.0,31.8,12.0,12.0,19.133333333333333,17.53333333333333,23.849999999999998
2026-07-25 06:00:00,12.0,30.1,74,1001.0,18.9,240,0.1,6,5,7,12.0,19.8,12.0,15.8,22.9,31.5,19.133333333333333,15.883333333333335,23.849999999999998
2026-07-25 07:00:00,12.0,28.6,81,1001.3,20.1,234,1.0,7,5,7,12.0,39.5,19.5,12.0,30.3,48.0,19.133333333333333,15.566666666666668,23.395833333333332
2026-07-25 08:00:00,15.5,29.1,76,1000.8,21.1,240,0.8,8,5,7,12.0,12.0,12.0,12.0,12.0,46.4,17.883333333333333,15.566666666666668,22.63333333333333
2026-07-25 09:00:00,36.0,27.8,89,1000.8,19.5,253,2.9,9,5,7,15.5,12.0,19.8,12.0,28.8,40.1,18.466666666666665,15.858333333333334,22.779166666666665
2026-07-25 10:00:00,48.6,27.8,92,1000.4,18.6,250,5.0,10,5,7,36.0,12.0,39.5,12.0,24.9,68.5,21.166666666666668,17.858333333333334,23.079166666666666
2026-07-25 11:00:00,38.8,28.3,86,999.7,18.8,251,0.9,11,5,7,48.6,15.5,12.0,12.0,31.4,18.6,22.683333333333334,20.908333333333335,24.066666666666666
2026-07-25 12:00:00,56.9,28.4,84,999.7,19.2,242,0.2,12,5,7,38.8,36.0,12.0,12.0,30.8,22.3,27.150000000000002,23.141666666666666,24.375
2026-07-25 13:00:00,42.2,28.2,86,999.8,16.6,236,0.1,13,5,7,56.9,48.6,12.0,19.5,50.4,22.8,34.63333333333333,26.883333333333336,25.462499999999995
2026-07-25 14:00:00,19.9,27.9,88,1000.4,16.4,239,0.0,14,5,7,42.2,38.8,15.5,12.0,28.9,12.0,39.666666666666664,28.775000000000002,25.120833333333334
2026-07-25 15:00:00,16.6,27.9,87,1001.0,15.4,237,0.0,15,5,7,19.9,56.9,36.0,19.8,38.0,12.0,40.4,29.433333333333334,24.745833333333334
2026-07-25 16:00:00,31.2,27.8,87,1001.7,13.9,233,0.0,16,5,7,16.6,42.2,48.6,39.5,51.6,13.2,37.166666666666664,29.166666666666668,23.854166666666668
2026-07-25 17:00:00,27.6,27.8,86,1002.1,14.3,234,0.0,17,5,7,31.2,19.9,38.8,12.0,31.8,12.0,34.266666666666666,28.474999999999998,23.004166666666666
2026-07-25 18:00:00,30.8,27.4,87,1001.8,12.6,237,0.0,18,5,7,27.6,16.6,56.9,12.0,15.8,12.0,32.4,29.775000000000002,22.82916666666667
2026-07-25 19:00:00,28.4,27.1,87,1001.7,9.3,233,0.1,19,5,7,30.8,31.2,42.2,12.0,12.0,12.0,28.049999999999997,31.341666666666665,23.454166666666666
2026-07-25 20:00:00,19.0,27.1,82,1001.6,11.4,245,0.2,20,5,7,28.4,27.6,19.9,15.5,12.0,12.0,25.75,32.708333333333336,24.1375
2026-07-25 21:00:00,21.3,26.7,88,1001.5,10.0,244,0.2,21,5,7,19.0,30.8,16.6,36.0,12.0,12.0,25.599999999999998,33.0,24.429166666666664
2026-07-25 22:00:00,12.0,26.8,88,1001.2,10.2,246,0.2,22,5,7,21.3,28.4,31.2,48.6,12.0,12.0,26.383333333333336,31.775000000000002,24.816666666666666
2026-07-25 23:00:00,13.0,26.8,90,1001.1,8.5,252,0.0,23,5,7,12.0,19.0,27.6,38.8,12.0,12.0,23.183333333333334,28.725000000000005,24.816666666666666
2026-07-26 00:00:00,19.3,26.8,88,1000.9,10.3,239,0.0,0,6,7,13.0,21.3,30.8,56.9,12.0,12.0,20.75,26.575000000000003,24.858333333333334
2026-07-26 01:00:00,12.0,26.6,92,1001.1,10.7,247,0.3,1,6,7,19.3,12.0,28.4,42.2,19.5,12.0,18.833333333333332,23.441666666666663,25.162499999999998
2026-07-26 02:00:00,14.1,27.5,85,1001.7,10.4,260,0.3,2,6,7,12.0,13.0,19.0,19.9,12.0,12.0,16.099999999999998,20.925,24.849999999999998
2026-07-26 03:00:00,12.0,28.1,81,1002.1,10.4,262,0.3,3,6,7,14.1,19.3,21.3,16.6,19.8,12.0,15.283333333333333,20.441666666666666,24.9375
2026-07-26 04:00:00,15.6,29.1,82,1002.6,10.6,270,0.4,4,6,7,12.0,12.0,12.0,31.2,39.5,12.0,13.733333333333334,20.058333333333334,24.6125
2026-07-26 05:00:00,30.3,30.0,78,1002.6,9.6,261,0.2,5,6,7,15.6,14.1,13.0,27.6,12.0,12.0,14.333333333333334,18.758333333333333,23.61666666666667
2026-07-26 06:00:00,40.8,30.9,75,1002.1,11.9,260,0.0,6,6,7,30.3,12.0,19.3,30.8,12.0,22.9,17.21666666666667,18.983333333333334,24.379166666666666
2026-07-26 07:00:00,12.0,27.8,89,1002.5,11.9,203,8.8,7,6,7,40.8,15.6,12.0,28.4,12.0,30.3,20.799999999999997,19.816666666666666,25.579166666666666
2026-07-26 08:00:00,26.6,27.9,90,1001.9,13.3,205,4.2,8,6,7,12.0,30.3,14.1,19.0,15.5,12.0,20.799999999999997,18.45,25.579166666666666
2026-07-26 09:00:00,24.5,29.7,80,1001.6,15.8,220,0.2,9,6,7,26.6,40.8,12.0,21.3,36.0,28.8,22.883333333333336,19.083333333333332,26.041666666666668
2026-07-26 10:00:00,27.5,28.7,85,1000.7,13.1,228,2.1,10,6,7,24.5,12.0,15.6,12.0,48.6,24.9,24.96666666666667,19.349999999999998,25.5625
2026-07-26 11:00:00,63.5,29.8,79,1000.2,14.0,241,0.1,11,6,7,27.5,26.6,30.3,13.0,38.8,31.4,26.95,20.641666666666666,24.683333333333334
2026-07-26 12:00:00,63.9,27.9,87,1000.5,11.0,274,0.7,12,6,7,63.5,24.5,40.8,19.3,56.9,30.8,32.48333333333333,24.849999999999998,25.712500000000002
2026-07-26 13:00:00,66.1,26.7,95,1000.3,7.1,214,2.8,13,6,7,63.9,27.5,12.0,12.0,42.2,50.4,36.333333333333336,28.566666666666666,26.004166666666666
2026-07-26 14:00:00,62.2,27.1,95,1000.7,8.4,214,0.2,14,6,7,66.1,63.5,26.6,14.1,19.9,28.9,45.35,33.074999999999996,27.0
2026-07-26 15:00:00,35.2,27.5,92,1001.3,12.5,229,0.0,15,6,7,62.2,63.9,24.5,12.0,16.6,38.0,51.28333333333333,37.083333333333336,28.762500000000003
2026-07-26 16:00:00,50.9,27.5,92,1001.9,11.6,229,0.0,16,6,7,35.2,66.1,27.5,15.6,31.2,51.6,53.06666666666666,39.01666666666667,29.537499999999998
2026-07-26 17:00:00,42.6,27.6,91,1002.1,12.1,229,0.0,17,6,7,50.9,62.2,63.5,30.3,27.6,31.8,56.96666666666666,41.958333333333336,30.35833333333333
2026-07-26 18:00:00,21.5,27.6,90,1001.8,12.6,227,0.0,18,6,7,42.6,35.2,63.9,40.8,30.8,15.8,53.48333333333333,42.98333333333333,30.98333333333333
2026-07-26 19:00:00,26.2,27.6,87,1001.6,12.0,231,0.0,19,6,7,21.5,50.9,66.1,12.0,28.4,12.0,46.416666666666664,41.375,30.59583333333333
2026-07-26 20:00:00,14.0,27.5,86,1001.1,11.2,235,0.0,20,6,7,26.2,42.6,62.2,26.6,19.0,12.0,39.766666666666666,42.55833333333333,30.504166666666666
2026-07-26 21:00:00,12.0,26.8,88,1000.3,12.1,218,0.2,21,6,7,14.0,21.5,35.2,24.5,21.3,12.0,31.73333333333333,41.50833333333333,30.295833333333334
2026-07-26 22:00:00,12.0,26.4,91,1000.7,9.3,234,0.2,22,6,7,12.0,26.2,50.9,27.5,12.0,12.0,27.866666666666664,40.46666666666667,29.90833333333333
2026-07-26 23:00:00,12.0,25.4,94,1000.5,11.2,212,2.2,23,6,7,12.0,14.0,42.6,63.5,13.0,12.0,21.38333333333333,39.175000000000004,29.90833333333333
2026-07-27 00:00:00,12.0,26.8,90,1000.0,10.3,227,1.2,0,0,7,12.0,12.0,21.5,63.9,19.3,12.0,16.283333333333335,34.88333333333333,29.866666666666664
2026-07-27 01:00:00,12.0,25.9,95,1000.7,10.5,253,1.3,1,0,7,12.0,12.0,26.2,66.1,12.0,19.5,14.700000000000001,30.558333333333334,29.5625
2026-07-27 02:00:00,15.5,25.9,96,1001.5,9.7,207,5.1,2,0,7,12.0,12.0,14.0,62.2,14.1,12.0,12.333333333333334,26.05,29.5625
2026-07-27 03:00:00,12.0,26.6,93,1001.3,12.8,238,1.3,3,0,7,15.5,12.0,12.0,35.2,12.0,19.8,12.583333333333334,22.158333333333335,29.620833333333334
2026-07-27 04:00:00,12.0,27.9,88,1001.5,12.1,249,0.5,4,0,7,12.0,12.0,12.0,50.9,15.6,39.5,12.583333333333334,20.224999999999998,29.620833333333334
2026-07-27 05:00:00,17.2,28.1,86,1001.6,12.3,256,0.6,5,0,7,12.0,15.5,12.0,42.6,30.3,12.0,12.583333333333334,16.98333333333333,29.47083333333333
2026-07-27 06:00:00,41.2,28.7,79,1001.7,10.7,248,0.9,6,0,7,17.2,12.0,12.0,21.5,40.8,12.0,13.449999999999998,14.866666666666667,28.924999999999997
2026-07-27 07:00:00,37.1,28.7,84,1001.4,8.1,235,0.5,7,0,7,41.2,12.0,12.0,26.2,12.0,12.0,18.316666666666666,16.508333333333333,28.941666666666666
2026-07-27 08:00:00,22.9,29.9,80,1000.8,12.7,258,0.2,8,0,7,37.1,17.2,15.5,14.0,26.6,15.5,22.5,17.416666666666668,29.9875
2026-07-27 09:00:00,57.3,29.1,83,1000.1,10.4,240,1.6,9,0,7,22.9,41.2,12.0,12.0,24.5,36.0,23.733333333333334,18.158333333333335,29.833333333333332
2026-07-27 10:00:00,69.1,29.1,82,999.2,12.5,245,0.3,10,0,7,57.3,37.1,12.0,12.0,27.5,48.6,31.28333333333333,21.933333333333334,31.2
2026-07-27 11:00:00,42.3,28.9,83,998.8,12.4,246,0.3,11,0,7,69.1,22.9,17.2,12.0,63.5,38.8,40.8,26.691666666666666,32.93333333333333
2026-07-27 12:00:00,87.2,28.6,86,998.9,7.5,255,1.1,12,0,7,42.3,57.3,41.2,12.0,63.9,56.9,44.98333333333333,29.21666666666667,32.050000000000004
2026-07-27 13:00:00,56.1,28.5,88,998.9,8.5,209,0.0,13,0,7,87.2,69.1,37.1,12.0,66.1,42.2,52.65,35.483333333333334,33.020833333333336
2026-07-27 14:00:00,45.8,27.7,90,999.5,10.8,233,0.0,14,0,7,56.1,42.3,22.9,15.5,62.2,19.9,55.81666666666666,39.15833333333334,32.604166666666664
2026-07-27 15:00:00,69.7,27.6,90,1000.0,6.9,225,0.1,15,0,7,45.8,87.2,57.3,12.0,35.2,16.6,59.633333333333326,41.68333333333333,31.92083333333333
2026-07-27 16:00:00,61.6,27.7,90,1000.6,9.4,220,0.0,16,0,7,69.7,56.1,69.1,12.0,50.9,31.2,61.69999999999999,46.49166666666667,33.358333333333334
2026-07-27 17:00:00,33.8,27.7,92,1001.2,8.3,228,0.0,17,0,7,61.6,45.8,42.3,17.2,42.6,27.6,60.449999999999996,50.625,33.80416666666667
2026-07-27 18:00:00,55.5,27.7,90,1001.1,7.7,213,0.0,18,0,7,33.8,69.7,87.2,41.2,21.5,30.8,59.03333333333333,52.008333333333326,33.4375
2026-07-27 19:00:00,24.6,27.8,89,1000.7,9.1,232,0.0,19,0,7,55.5,61.6,56.1,37.1,26.2,28.4,53.75,53.199999999999996,34.854166666666664
2026-07-27 20:00:00,12.0,27.8,87,1000.0,13.3,228,0.0,20,0,7,24.6,33.8,45.8,22.9,14.0,19.0,48.5,52.15833333333333,34.7875
2026-07-27 21:00:00,12.0,27.5,88,999.7,12.2,242,0.0,21,0,7,12.0,55.5,69.7,57.3,12.0,21.3,42.86666666666667,51.25,34.704166666666666
2026-07-27 22:00:00,12.0,27.4,88,999.4,12.3,239,0.0,22,0,7,12.0,24.6,61.6,69.1,12.0,12.0,33.25,47.474999999999994,34.704166666666666
2026-07-27 23:00:00,12.0,27.1,89,999.3,11.9,247,0.0,23,0,7,12.0,12.0,33.8,42.3,12.0,13.0,24.983333333333334,42.71666666666667,34.704166666666666
2026-07-28 00:00:00,17.4,27.2,88,999.2,12.3,256,0.1,0,1,7,12.0,12.0,55.5,87.2,12.0,19.3,21.349999999999998,40.19166666666666,34.704166666666666
2026-07-28 01:00:00,12.0,27.0,89,999.5,10.7,257,0.1,1,1,7,17.4,12.0,24.6,56.1,12.0,12.0,15.0,34.375,34.92916666666667
2026-07-28 02:00:00,12.4,27.5,87,1000.2,11.9,255,0.2,2,1,7,12.0,12.0,12.0,45.8,15.5,14.1,12.9,30.7,34.92916666666667
2026-07-28 03:00:00,12.0,28.2,83,1000.4,14.1,257,0.2,3,1,7,12.4,17.4,12.0,69.7,12.0,12.0,12.966666666666667,27.916666666666668,34.8
2026-07-28 04:00:00,21.8,29.3,77,1001.0,15.4,254,0.2,4,1,7,12.0,12.0,12.0,61.6,12.0,15.6,12.966666666666667,23.10833333333333,34.8
2026-07-28 05:00:00,12.0,30.1,72,1001.2,15.5,250,0.1,5,1,7,21.8,12.4,12.0,33.8,17.2,30.3,14.6,19.791666666666668,35.208333333333336
2026-07-28 06:00:00,12.0,30.7,69,1001.1,17.4,248,0.1,6,1,7,12.0,12.0,17.4,55.5,41.2,40.8,14.6,17.974999999999998,34.99166666666667
2026-07-28 07:00:00,12.0,30.7,69,1000.9,19.2,244,0.3,7,1,7,12.0,21.8,12.0,24.6,37.1,12.0,13.699999999999998,14.35,33.775
2026-07-28 08:00:00,39.1,30.7,70,1000.4,20.0,243,0.4,8,1,7,12.0,12.0,12.4,12.0,22.9,26.6,13.699999999999998,13.299999999999999,32.729166666666664
2026-07-28 09:00:00,32.3,30.8,71,999.8,20.4,243,0.2,9,1,7,39.1,12.0,12.0,12.0,57.3,24.5,18.150000000000002,15.558333333333332,33.40416666666667
2026-07-28 10:00:00,20.6,30.4,74,998.7,20.0,239,0.1,10,1,7,32.3,12.0,21.8,12.0,69.1,27.5,21.53333333333333,17.25,32.362500000000004
2026-07-28 11:00:00,40.7,30.4,73,998.0,19.7,230,0.0,11,1,7,20.6,39.1,12.0,12.0,42.3,63.5,21.333333333333332,17.966666666666665,30.34166666666667
2026-07-28 12:00:00,48.5,29.8,79,998.0,19.0,235,0.0,12,1,7,40.7,32.3,12.0,17.4,87.2,63.9,26.116666666666664,20.358333333333334,30.274999999999995
2026-07-28 13:00:00,37.2,29.0,84,998.6,16.3,226,0.0,13,1,7,48.5,20.6,12.0,12.0,56.1,66.1,32.199999999999996,22.95,28.662499999999998
2026-07-28 14:00:00,54.8,28.4,86,999.2,16.2,231,0.0,14,1,7,37.2,40.7,39.1,12.4,45.8,62.2,36.4,25.05,27.875
2026-07-28 15:00:00,45.0,28.3,87,999.8,16.4,231,0.0,15,1,7,54.8,48.5,32.3,12.0,69.7,35.2,39.016666666666666,28.583333333333332,28.25
2026-07-28 16:00:00,36.7,28.2,88,1000.4,16.3,234,0.0,16,1,7,45.0,37.2,20.6,21.8,61.6,50.9,41.13333333333333,31.333333333333332,27.22083333333333
2026-07-28 17:00:00,22.5,28.0,88,1000.9,14.9,238,0.0,17,1,7,36.7,54.8,40.7,12.0,33.8,42.6,43.81666666666666,32.575,26.183333333333334
2026-07-28 18:00:00,38.1,28.0,87,1000.7,13.5,237,0.1,18,1,7,22.5,45.0,48.5,12.0,55.5,21.5,40.78333333333334,33.45,25.712500000000002
2026-07-28 19:00:00,15.3,27.8,88,1000.2,13.2,242,0.0,19,1,7,38.1,36.7,37.2,12.0,24.6,26.2,39.050000000000004,35.625,24.9875
2026-07-28 20:00:00,17.9,27.5,88,1000.0,12.2,250,0.0,20,1,7,15.3,22.5,54.8,39.1,12.0,14.0,35.4,35.9,24.599999999999998
2026-07-28 21:00:00,32.8,27.3,90,999.2,13.3,254,0.1,21,1,7,17.9,38.1,45.0,32.3,12.0,12.0,29.25,34.13333333333333,24.84583333333333
2026-07-28 22:00:00,12.0,27.1,91,998.6,13.0,253,0.1,22,1,7,32.8,15.3,36.7,20.6,12.0,12.0,27.21666666666667,34.175,25.712500000000002
2026-07-28 23:00:00,12.0,26.9,92,998.7,12.0,253,0.0,23,1,7,12.0,17.9,22.5,40.7,12.0,12.0,23.099999999999998,33.458333333333336,25.712500000000002
2026-07-29 00:00:00,12.0,26.5,94,998.8,12.4,251,0.1,0,2,7,12.0,32.8,38.1,48.5,17.4,12.0,21.349999999999998,31.066666666666666,25.712500000000002
2026-07-29 01:00:00,19.1,26.4,94,999.5,11.3,252,0.2,1,2,7,12.0,12.0,15.3,37.2,12.0,12.0,17.0,28.025000000000002,25.4875
2026-07-29 02:00:00,12.0,27.3,92,1000.1,12.0,263,0.1,2,2,7,19.1,12.0,17.9,54.8,12.4,15.5,17.633333333333336,26.516666666666666,25.783333333333335
2026-07-29 03:00:00,12.0,28.3,85,1000.5,11.3,271,0.0,3,2,7,12.0,12.0,32.8,45.0,12.0,12.0,16.650000000000002,22.950000000000003,25.76666666666667
2026-07-29 04:00:00,13.8,29.5,77,1000.8,12.8,275,0.1,4,2,7,12.0,19.1,12.0,36.7,21.8,12.0,13.183333333333332,20.2,25.76666666666667
2026-07-29 05:00:00,31.9,30.2,72,1000.8,13.5,268,0.1,5,2,7,13.8,12.0,12.0,22.5,12.0,17.2,13.483333333333334,18.291666666666668,25.433333333333334
2026-07-29 06:00:00,23.8,30.4,71,1000.8,17.4,259,0.3,6,2,7,31.9,12.0,12.0,38.1,12.0,41.2,16.8,19.075,26.2625
2026-07-29 07:00:00,20.0,30.1,74,999.9,18.9,258,0.3,7,2,7,23.8,13.8,19.1,15.3,12.0,37.1,18.766666666666666,17.883333333333336,26.754166666666666
2026-07-29 08:00:00,32.0,30.5,73,999.7,18.8,252,0.6,8,2,7,20.0,31.9,12.0,17.9,39.1,22.9,18.916666666666668,18.275000000000002,27.087500000000002
2026-07-29 09:00:00,24.8,30.2,76,999.0,19.8,247,1.2,9,2,7,32.0,23.8,12.0,32.8,32.3,57.3,22.25,19.45,26.791666666666668
2026-07-29 10:00:00,35.2,30.4,74,998.3,19.3,248,0.5,10,2,7,24.8,20.0,13.8,12.0,20.6,69.1,24.383333333333336,18.783333333333335,26.479166666666668
2026-07-29 11:00:00,14.4,29.6,83,997.5,19.2,244,0.4,11,2,7,35.2,32.0,31.9,12.0,40.7,42.3,27.95,20.716666666666665,27.087500000000002
2026-07-29 12:00:00,58.3,29.5,82,997.9,19.5,244,0.0,12,2,7,14.4,24.8,23.8,12.0,48.5,87.2,25.03333333333333,20.916666666666668,25.99166666666667
2026-07-29 13:00:00,51.0,28.8,85,998.1,17.0,239,0.0,13,2,7,58.3,35.2,20.0,19.1,37.2,56.1,30.783333333333335,24.775000000000002,26.400000000000002
2026-07-29 14:00:00,34.7,28.5,87,998.5,15.4,236,0.1,14,2,7,51.0,14.4,32.0,12.0,54.8,45.8,35.95,27.433333333333337,26.974999999999998
2026-07-29 15:00:00,23.1,28.3,88,999.0,16.5,240,0.1,15,2,7,34.7,58.3,24.8,12.0,45.0,69.7,36.4,29.325000000000003,26.137500000000003
2026-07-29 16:00:00,45.1,28.3,88,999.4,15.6,241,0.0,16,2,7,23.1,51.0,35.2,13.8,36.7,61.6,36.11666666666667,30.25,25.225000000000005
2026-07-29 17:00:00,19.6,28.2,89,999.4,14.7,242,0.0,17,2,7,45.1,34.7,14.4,31.9,22.5,33.8,37.76666666666667,32.858333333333334,25.575000000000003
2026-07-29 18:00:00,15.1,28.2,88,999.3,13.9,245,0.0,18,2,7,19.6,23.1,58.3,23.8,38.1,55.5,38.63333333333333,31.833333333333332,25.454166666666666
2026-07-29 19:00:00,17.6,28.1,88,998.8,13.8,249,0.0,19,2,7,15.1,45.1,51.0,20.0,15.3,24.6,31.433333333333334,31.108333333333334,24.495833333333334
2026-07-29 20:00:00,12.0,27.9,88,998.6,13.0,253,0.1,20,2,7,17.6,19.6,34.7,32.0,17.9,12.0,25.866666666666664,30.908333333333335,24.59166666666667
2026-07-29 21:00:00,12.0,27.5,89,997.9,12.3,258,0.1,21,2,7,12.0,15.1,23.1,24.8,32.8,12.0,22.083333333333332,29.24166666666667,24.345833333333335
2026-07-29 22:00:00,18.9,27.4,89,997.8,9.9,267,0.0,22,2,7,12.0,17.6,45.1,35.2,12.0,12.0,20.233333333333334,28.175,23.479166666666668
2026-07-29 23:00:00,12.0,27.4,89,997.6,8.1,273,0.0,23,2,7,18.9,12.0,19.6,14.4,12.0,12.0,15.866666666666669,26.816666666666663,23.766666666666666
2026-07-30 00:00:00,12.0,27.3,90,997.3,9.9,258,0.1,0,3,7,12.0,12.0,15.1,58.3,12.0,17.4,14.6,26.616666666666664,23.766666666666666
2026-07-30 01:00:00,12.0,27.3,90,997.8,8.8,270,0.1,1,3,7,12.0,18.9,17.6,51.0,19.1,12.0,14.083333333333334,22.75833333333333,23.766666666666666
2026-07-30 02:00:00,12.0,27.5,89,998.1,8.9,276,0.1,2,3,7,12.0,12.0,12.0,34.7,12.0,12.4,13.15,19.508333333333336,23.47083333333333
2026-07-30 03:00:00,25.5,27.8,87,998.5,9.1,277,0.1,3,3,7,12.0,12.0,12.0,23.1,12.0,12.0,13.15,17.616666666666667,23.47083333333333
2026-07-30 04:00:00,12.0,28.4,83,998.9,11.0,284,0.1,4,3,7,25.5,12.0,18.9,45.1,13.8,21.8,15.4,17.816666666666666,24.03333333333333
2026-07-30 05:00:00,12.0,28.8,80,998.7,10.0,283,0.0,5,3,7,12.0,12.0,12.0,19.6,31.9,12.0,14.25,15.058333333333335,23.958333333333332
2026-07-30 06:00:00,29.8,29.7,76,998.7,11.1,277,0.1,6,3,7,12.0,25.5,12.0,15.1,23.8,12.0,14.25,14.425000000000002,23.129166666666666
2026-07-30 07:00:00,34.8,29.5,77,998.5,9.8,275,0.1,7,3,7,29.8,12.0,12.0,17.6,20.0,12.0,17.216666666666665,15.649999999999999,23.379166666666666
2026-07-30 08:00:00,70.2,29.5,77,998.0,9.4,266,0.0,8,3,7,34.8,12.0,12.0,12.0,32.0,39.1,21.01666666666667,17.083333333333332,23.995833333333334
2026-07-30 09:00:00,48.8,29.8,76,997.1,9.7,254,0.0,9,3,7,70.2,29.8,25.5,12.0,24.8,32.3,30.71666666666667,21.933333333333334,25.587500000000002
2026-07-30 10:00:00,68.3,29.1,81,996.4,9.2,237,0.3,10,3,7,48.8,34.8,12.0,18.9,35.2,20.6,34.6,25.0,26.587500000000002
2026-07-30 11:00:00,78.3,28.8,84,995.7,10.7,233,0.5,11,3,7,68.3,70.2,12.0,12.0,14.4,40.7,43.98333333333333,29.11666666666667,27.966666666666665
2026-07-30 12:00:00,22.8,29.3,81,995.8,14.0,238,0.1,12,3,7,78.3,48.8,29.8,12.0,58.3,48.5,55.03333333333333,34.64166666666667,30.629166666666666
2026-07-30 13:00:00,42.3,28.8,86,995.7,13.1,233,0.1,13,3,7,22.8,68.3,34.8,12.0,51.0,37.2,53.86666666666667,35.541666666666664,29.150000000000002
2026-07-30 14:00:00,35.7,28.4,89,996.0,12.5,233,0.0,14,3,7,42.3,78.3,70.2,12.0,34.7,54.8,55.11666666666665,38.06666666666667,28.787500000000005
2026-07-30 15:00:00,46.3,28.2,90,996.6,12.6,228,0.0,15,3,7,35.7,22.8,48.8,25.5,23.1,45.0,49.36666666666667,40.041666666666664,28.829166666666666
2026-07-30 16:00:00,58.8,28.2,91,997.0,12.0,229,0.0,16,3,7,46.3,42.3,68.3,12.0,45.1,36.7,48.949999999999996,41.775,29.79583333333333
2026-07-30 17:00:00,23.2,28.3,91,997.2,12.5,233,0.0,17,3,7,58.8,35.7,78.3,12.0,19.6,22.5,47.36666666666667,45.675000000000004,30.366666666666664
2026-07-30 18:00:00,29.0,28.4,91,996.9,14.5,249,0.1,18,3,7,23.2,46.3,22.8,29.8,15.1,38.1,38.18333333333333,46.60833333333333,30.516666666666666
2026-07-30 19:00:00,34.2,28.3,90,996.1,13.8,250,0.0,19,3,7,29.0,58.8,42.3,34.8,17.6,15.3,39.21666666666666,46.54166666666666,31.09583333333333
2026-07-30 20:00:00,12.0,27.8,92,996.2,14.2,257,0.4,20,3,7,34.2,23.2,35.7,70.2,12.0,17.9,37.86666666666667,46.49166666666667,31.787499999999998
2026-07-30 21:00:00,12.0,27.3,95,995.3,14.1,260,0.8,21,3,7,12.0,29.0,46.3,48.8,12.0,32.8,33.916666666666664,41.641666666666666,31.787499999999998
2026-07-30 22:00:00,12.0,27.1,95,995.3,12.9,264,0.8,22,3,7,12.0,34.2,58.8,68.3,18.9,12.0,28.2,38.574999999999996,31.787499999999998
2026-07-30 23:00:00,12.0,26.8,95,994.9,13.4,265,0.5,23,3,7,12.0,12.0,23.2,78.3,12.0,12.0,20.400000000000002,33.88333333333333,31.5
2026-07-31 00:00:00,12.0,26.9,94,994.7,13.0,264,0.3,0,4,7,12.0,12.0,29.0,22.8,12.0,12.0,18.533333333333335,28.35833333333333,31.5
2026-07-31 01:00:00,12.0,26.9,94,994.9,15.9,276,1.4,1,4,7,12.0,12.0,34.2,42.3,12.0,19.1,15.700000000000001,27.458333333333332,31.5
2026-07-31 02:00:00,12.0,26.8,95,995.0,15.3,278,2.6,2,4,7,12.0,12.0,12.0,35.7,12.0,12.0,12.0,24.933333333333334,31.5
2026-07-31 03:00:00,12.0,26.4,95,996.0,17.5,290,6.1,3,4,7,12.0,12.0,12.0,46.3,25.5,12.0,12.0,22.958333333333332,31.5
2026-07-31 04:00:00,12.0,26.4,95,996.0,19.7,297,8.4,4,4,7,12.0,12.0,12.0,58.8,12.0,13.8,12.0,20.099999999999998,30.9375
2026-07-31 05:00:00,12.0,26.1,95,996.0,18.9,292,17.9,5,4,7,12.0,12.0,12.0,23.2,12.0,31.9,12.0,16.2,30.9375
2026-07-31 06:00:00,29.0,26.6,94,996.4,11.0,281,9.7,6,4,7,12.0,12.0,12.0,29.0,29.8,23.8,12.0,15.266666666666666,30.9375
2026-07-31 07:00:00,43.7,26.3,96,995.6,10.6,223,25.1,7,4,7,29.0,12.0,12.0,34.2,34.8,20.0,14.833333333333334,15.266666666666666,30.904166666666665
2026-07-31 08:00:00,29.8,26.2,95,995.0,17.3,293,9.4,8,4,7,43.7,12.0,12.0,12.0,70.2,32.0,20.116666666666667,16.058333333333334,31.275000000000002
2026-07-31 09:00:00,28.6,26.4,93,993.3,24.2,295,3.1,9,4,7,29.8,29.0,12.0,12.0,48.8,24.8,23.083333333333332,17.541666666666668,29.591666666666665
2026-07-31 10:00:00,12.0,26.5,94,992.0,28.4,290,3.8,10,4,7,28.6,43.7,12.0,12.0,68.3,35.2,25.849999999999998,18.925,28.75
2026-07-31 11:00:00,12.0,26.5,94,991.0,33.2,302,4.7,11,4,7,12.0,29.8,12.0,12.0,78.3,14.4,25.849999999999998,18.925,26.40416666666667
2026-07-31 12:00:00,56.4,26.9,93,993.4,14.8,247,5.0,12,4,7,12.0,28.6,29.0,12.0,22.8,58.3,25.849999999999998,18.925,23.641666666666666
2026-07-31 13:00:00,53.7,26.9,93,994.0,18.5,249,4.2,13,4,7,56.4,12.0,43.7,12.0,42.3,51.0,30.416666666666668,22.625,25.041666666666668
2026-07-31 14:00:00,23.4,26.6,94,994.5,21.9,256,4.6,14,4,7,53.7,12.0,29.8,12.0,35.7,34.7,32.083333333333336,26.100000000000005,25.51666666666667
2026-07-31 15:00:00,56.4,26.4,96,994.9,17.8,279,2.7,15,4,7,23.4,56.4,28.6,12.0,46.3,23.1,31.016666666666666,27.05,25.004166666666666
2026-07-31 16:00:00,54.6,26.5,95,995.7,14.5,276,3.4,16,4,7,56.4,53.7,12.0,12.0,58.8,45.1,35.65,30.75,25.424999999999997
2026-07-31 17:00:00,12.0,26.6,93,996.1,16.6,257,7.2,17,4,7,54.6,23.4,12.0,12.0,23.2,19.6,42.75,34.300000000000004,25.25
2026-07-31 18:00:00,22.2,26.5,93,996.2,17.4,256,8.2,18,4,7,12.0,56.4,56.4,29.0,29.0,15.1,42.75,34.300000000000004,24.783333333333335
2026-07-31 19:00:00,12.0,26.5,94,995.9,17.5,266,0.5,19,4,7,22.2,54.6,53.7,43.7,34.2,17.6,37.050000000000004,33.733333333333334,24.500000000000004
2026-07-31 20:00:00,12.0,26.1,94,995.8,17.9,274,1.8,20,4,7,12.0,12.0,23.4,29.8,12.0,12.0,30.100000000000005,31.09166666666667,23.575000000000003
2026-07-31 21:00:00,12.0,25.6,95,995.5,16.0,270,2.0,21,4,7,12.0,22.2,56.4,28.6,12.0,12.0,28.200000000000003,29.608333333333334,23.575000000000003
2026-07-31 22:00:00,12.0,25.5,96,995.7,11.0,249,0.8,22,4,7,12.0,12.0,54.6,12.0,12.0,18.9,20.8,28.224999999999998,23.575000000000003
2026-07-31 23:00:00,12.0,25.7,94,995.5,14.6,250,0.3,23,4,7,12.0,12.0,12.0,12.0,12.0,12.0,13.699999999999998,28.224999999999998,23.575000000000003
2026-08-01 00:00:00,12.0,25.7,93,995.6,19.5,252,0.1,0,5,8,12.0,12.0,22.2,56.4,12.0,12.0,13.699999999999998,28.224999999999998,23.575000000000003
2026-08-01 01:00:00,12.0,25.5,95,996.2,15.4,252,7.0,1,5,8,12.0,12.0,12.0,53.7,12.0,12.0,12.0,24.525000000000002,23.575000000000003
2026-08-01 02:00:00,12.0,25.7,95,996.4,14.2,252,2.3,2,5,8,12.0,12.0,12.0,23.4,12.0,12.0,12.0,21.05,23.575000000000003
2026-08-01 03:00:00,12.0,26.1,95,996.8,15.1,245,2.4,3,5,8,12.0,12.0,12.0,56.4,12.0,25.5,12.0,20.099999999999998,23.575000000000003
2026-08-01 04:00:00,13.1,26.4,96,997.3,13.4,238,2.8,4,5,8,12.0,12.0,12.0,54.6,12.0,12.0,12.0,16.400000000000002,23.575000000000003
2026-08-01 05:00:00,12.2,27.1,94,997.4,14.0,235,1.6,5,5,8,13.1,12.0,12.0,12.0,12.0,12.0,12.183333333333335,12.941666666666665,23.620833333333334
2026-08-01 06:00:00,30.7,26.9,89,997.8,15.2,259,1.1,6,5,8,12.2,12.0,12.0,22.2,29.0,29.8,12.216666666666667,12.958333333333334,23.629166666666666
2026-08-01 07:00:00,42.9,27.7,84,997.8,16.3,265,0.2,7,5,8,30.7,13.1,12.0,12.0,43.7,34.8,15.333333333333334,13.666666666666666,23.7
2026-08-01 08:00:00,29.5,27.7,83,997.4,16.8,264,0.4,8,5,8,42.9,12.2,12.0,12.0,29.8,70.2,20.483333333333334,16.241666666666667,23.666666666666668
2026-08-01 09:00:00,15.8,28.1,82,996.9,15.6,262,0.5,9,5,8,29.5,30.7,12.0,12.0,28.6,48.8,23.400000000000002,17.7,23.65416666666667
2026-08-01 10:00:00,53.4,26.6,93,996.6,13.1,261,2.5,10,5,8,15.8,42.9,13.1,12.0,12.0,68.3,24.03333333333333,18.016666666666666,23.120833333333334
2026-08-01 11:00:00,58.8,27.1,93,996.4,9.2,230,4.8,11,5,8,53.4,29.5,12.2,12.0,12.0,78.3,30.75,21.46666666666667,24.84583333333333
2026-08-01 12:00:00,37.5,28.1,85,996.5,24.0,233,2.3,12,5,8,58.8,15.8,30.7,12.0,56.4,22.8,38.51666666666666,25.366666666666664,26.795833333333334
2026-08-01 13:00:00,43.2,27.5,87,996.9,20.3,240,0.3,13,5,8,37.5,53.4,42.9,12.0,53.7,42.3,39.65,27.491666666666664,26.008333333333336
2026-08-01 14:00:00,42.3,26.4,93,997.7,17.3,239,1.2,14,5,8,43.2,58.8,29.5,12.0,23.4,35.7,39.699999999999996,30.09166666666667,25.57083333333333
2026-08-01 15:00:00,42.9,26.3,94,998.9,19.1,244,3.8,15,5,8,42.3,37.5,15.8,12.0,56.4,46.3,41.833333333333336,32.61666666666667,26.358333333333334
2026-08-01 16:00:00,42.9,26.6,94,999.3,16.8,242,2.2,16,5,8,42.9,43.2,53.4,13.1,54.6,58.8,46.35,35.19166666666667,25.795833333333334
2026-08-01 17:00:00,27.9,26.5,93,999.7,18.2,242,0.3,17,5,8,42.9,42.3,58.8,12.2,12.0,23.2,44.6,37.675,25.308333333333334
2026-08-01 18:00:00,25.6,26.4,93,1000.2,15.9,239,0.8,18,5,8,27.9,42.9,37.5,30.7,22.2,29.0,39.449999999999996,38.98333333333333,25.97083333333333
2026-08-01 19:00:00,16.0,26.2,93,999.7,15.8,246,1.3,19,5,8,25.6,42.9,43.2,42.9,12.0,34.2,37.46666666666666,38.55833333333333,26.112499999999997
2026-08-01 20:00:00,18.8,26.5,95,999.6,15.0,252,0.2,20,5,8,16.0,27.9,42.3,29.5,12.0,12.0,32.93333333333333,36.31666666666667,26.279166666666665
2026-08-01 21:00:00,12.0,26.6,90,999.3,14.4,250,0.1,21,5,8,18.8,25.6,42.9,15.8,12.0,12.0,29.01666666666667,35.425000000000004,26.562499999999996
2026-08-01 22:00:00,12.0,26.3,90,999.4,14.1,247,0.3,22,5,8,12.0,16.0,42.9,53.4,12.0,12.0,23.86666666666667,35.108333333333334,26.562499999999996
2026-08-01 23:00:00,14.6,25.9,95,999.3,14.0,241,0.2,23,5,8,12.0,18.8,27.9,58.8,12.0,12.0,18.716666666666665,31.65833333333333,26.562499999999996
2026-08-02 00:00:00,12.0,26.2,93,999.3,12.2,236,0.1,0,6,8,14.6,12.0,25.6,37.5,12.0,12.0,16.500000000000004,27.974999999999998,26.67083333333333
2026-08-02 01:00:00,26.8,26.2,94,1000.0,12.8,242,0.6,1,6,8,12.0,12.0,16.0,43.2,12.0,12.0,14.233333333333334,25.849999999999998,26.67083333333333
2026-08-02 02:00:00,12.0,26.5,92,1000.6,13.9,249,0.5,2,6,8,26.8,14.6,18.8,42.3,12.0,12.0,16.033333333333335,24.483333333333334,27.287499999999998
2026-08-02 03:00:00,12.6,27.9,87,1001.0,15.0,251,0.2,3,6,8,12.0,12.0,12.0,42.9,12.0,12.0,14.9,21.958333333333332,27.287499999999998
2026-08-02 04:00:00,12.0,29.0,81,1001.4,14.8,254,0.0,4,6,8,12.6,26.8,12.0,42.9,13.1,12.0,15.0,19.433333333333334,27.312499999999996
2026-08-02 05:00:00,12.0,29.9,76,1001.4,17.0,249,0.0,5,6,8,12.0,12.0,14.6,27.9,12.2,12.0,15.0,16.858333333333334,27.266666666666666
2026-08-02 06:00:00,15.2,29.9,76,1001.6,20.0,242,0.0,6,6,8,12.0,12.6,12.0,25.6,30.7,29.0,14.566666666666665,15.533333333333333,27.25833333333333
2026-08-02 07:00:00,12.0,30.0,76,1001.4,21.8,244,0.4,7,6,8,15.2,12.0,26.8,16.0,42.9,43.7,15.1,14.666666666666666,26.6125
2026-08-02 08:00:00,31.9,30.0,76,1001.2,20.9,242,0.0,8,6,8,12.0,12.0,12.0,18.8,29.5,29.8,12.633333333333333,14.333333333333334,25.325
2026-08-02 09:00:00,27.4,29.3,74,1000.6,21.9,247,0.3,9,6,8,31.9,15.2,12.6,12.0,15.8,28.6,15.949999999999998,15.424999999999999,25.424999999999997
2026-08-02 10:00:00,44.4,29.1,81,1000.3,18.3,248,0.5,10,6,8,27.4,12.0,12.0,12.0,53.4,12.0,18.416666666666668,16.708333333333332,25.90833333333333
2026-08-02 11:00:00,42.7,27.8,84,1000.1,17.6,242,0.6,11,6,8,44.4,31.9,12.0,14.6,58.8,12.0,23.816666666666666,19.40833333333333,25.533333333333335
2026-08-02 12:00:00,47.1,28.4,85,999.7,18.6,238,0.7,12,6,8,42.7,27.4,15.2,12.0,37.5,56.4,28.933333333333334,21.75,24.862499999999997
2026-08-02 13:00:00,41.6,27.9,86,1000.1,16.7,245,0.3,13,6,8,47.1,44.4,12.0,26.8,43.2,53.7,34.25,24.675,25.2625
2026-08-02 14:00:00,56.8,25.8,96,1000.8,13.9,256,2.3,14,6,8,41.6,42.7,31.9,12.0,42.3,23.4,39.18333333333333,25.90833333333333,25.195833333333336
2026-08-02 15:00:00,48.7,26.2,96,1001.4,10.3,247,1.7,15,6,8,56.8,47.1,27.4,12.6,42.9,56.4,43.333333333333336,29.641666666666666,25.799999999999997
2026-08-02 16:00:00,56.2,26.5,96,1002.2,10.5,248,1.2,16,6,8,48.7,41.6,44.4,12.0,42.9,54.6,46.88333333333333,32.65,26.041666666666668
2026-08-02 17:00:00,20.7,26.5,96,1003.0,12.0,235,0.4,17,6,8,56.2,56.8,42.7,12.0,27.9,12.0,48.85,36.333333333333336,26.59583333333333
2026-08-02 18:00:00,16.5,26.5,95,1002.1,10.9,246,0.6,18,6,8,20.7,48.7,47.1,15.2,25.6,22.2,45.18333333333334,37.05833333333334,26.295833333333334
2026-08-02 19:00:00,57.0,26.4,95,1002.2,9.5,238,0.2,19,6,8,16.5,56.2,41.6,12.0,16.0,12.0,40.083333333333336,37.166666666666664,25.916666666666668
2026-08-02 20:00:00,28.1,26.5,94,1002.1,9.7,248,0.2,20,6,8,57.0,20.7,56.8,31.9,18.8,12.0,42.65,40.916666666666664,27.625
2026-08-02 21:00:00,12.0,26.5,94,1001.6,10.5,265,0.1,21,6,8,28.1,16.5,48.7,27.4,12.0,12.0,37.86666666666667,40.6,28.012500000000003
2026-08-02 22:00:00,27.3,26.4,94,1001.5,9.1,262,0.0,22,6,8,12.0,57.0,56.2,44.4,12.0,12.0,31.75,39.31666666666667,28.012500000000003
2026-08-02 23:00:00,12.0,26.4,93,1001.5,9.4,266,0.0,23,6,8,27.3,28.1,20.7,42.7,14.6,12.0,26.933333333333334,37.891666666666666,28.650000000000002
2026-08-03 00:00:00,12.0,26.4,95,1001.4,7.4,271,0.0,0,0,8,12.0,12.0,16.5,47.1,12.0,12.0,25.48333333333333,35.333333333333336,28.541666666666668
2026-08-03 01:00:00,12.0,26.6,94,1001.9,7.7,267,0.0,1,0,8,12.0,27.3,57.0,41.6,26.8,12.0,24.73333333333333,32.40833333333333,28.541666666666668
2026-08-03 02:00:00,12.0,27.3,91,1002.7,8.1,265,0.0,2,0,8,12.0,12.0,28.1,56.8,12.0,12.0,17.233333333333334,29.941666666666666,27.924999999999997
2026-08-03 03:00:00,17.6,28.5,82,1003.2,9.5,271,0.1,3,0,8,12.0,12.0,12.0,48.7,12.6,12.0,14.550000000000002,26.208333333333332,27.924999999999997
2026-08-03 04:00:00,21.3,29.6,78,1003.7,8.9,261,0.0,4,0,8,17.6,12.0,27.3,56.2,12.0,13.1,15.483333333333334,23.61666666666667,28.133333333333336
2026-08-03 05:00:00,12.0,30.1,75,1003.9,10.0,255,0.1,5,0,8,21.3,12.0,12.0,20.7,12.0,12.2,14.483333333333334,20.708333333333332,28.520833333333332
2026-08-03 06:00:00,12.0,30.5,71,1003.9,13.0,252,0.1,6,0,8,12.0,17.6,12.0,16.5,15.2,30.7,14.483333333333334,19.983333333333334,28.520833333333332
2026-08-03 07:00:00,12.0,30.7,69,1003.9,13.7,243,0.2,7,0,8,12.0,21.3,12.0,57.0,12.0,42.9,14.483333333333334,19.608333333333334,28.3875
2026-08-03 08:00:00,36.7,30.8,68,1003.4,15.1,237,0.2,8,0,8,12.0,12.0,12.0,28.1,31.9,29.5,14.483333333333334,15.858333333333334,28.3875
2026-08-03 09:00:00,37.8,30.1,72,1002.7,17.3,232,0.1,9,0,8,36.7,12.0,17.6,12.0,27.4,15.8,18.599999999999998,16.575,28.587500000000002
2026-08-03 10:00:00,23.1,29.1,72,1002.2,18.4,231,0.9,10,0,8,37.8,12.0,21.3,27.3,44.4,53.4,21.96666666666667,18.725,29.020833333333332
2026-08-03 11:00:00,52.6,29.4,76,1001.7,17.7,228,0.6,11,0,8,23.1,36.7,12.0,12.0,42.7,58.8,22.266666666666666,18.375,28.13333333333333
2026-08-03 12:00:00,27.4,29.4,76,1001.3,18.7,230,0.4,12,0,8,52.6,37.8,12.0,12.0,47.1,37.5,29.03333333333333,21.758333333333336,28.545833333333334
2026-08-03 13:00:00,39.7,28.4,82,1001.8,17.7,228,0.2,13,0,8,27.4,23.1,12.0,12.0,41.6,43.2,31.599999999999998,23.041666666666668,27.724999999999998
2026-08-03 14:00:00,40.3,28.1,85,1001.8,17.1,236,0.0,14,0,8,39.7,52.6,36.7,12.0,56.8,42.3,36.21666666666667,25.349999999999998,27.645833333333332
2026-08-03 15:00:00,63.2,27.9,86,1003.0,14.7,237,0.0,15,0,8,40.3,27.4,37.8,17.6,48.7,42.9,36.81666666666667,27.708333333333332,26.958333333333332
2026-08-03 16:00:00,45.9,27.6,87,1003.8,13.1,236,0.0,16,0,8,63.2,39.7,23.1,21.3,56.2,42.9,41.050000000000004,31.50833333333333,27.5625
2026-08-03 17:00:00,40.3,27.6,87,1004.5,11.8,237,0.1,17,0,8,45.9,40.3,52.6,12.0,20.7,27.9,44.85,33.55833333333334,27.133333333333336
2026-08-03 18:00:00,37.1,27.3,87,1004.1,10.1,235,0.0,18,0,8,40.3,63.2,27.4,12.0,16.5,25.6,42.800000000000004,35.916666666666664,27.95
2026-08-03 19:00:00,12.0,27.2,87,1003.5,9.0,240,0.0,19,0,8,37.1,45.9,39.7,12.0,57.0,16.0,44.416666666666664,38.00833333333333,28.808333333333334
2026-08-03 20:00:00,24.8,27.3,86,1003.7,8.0,236,0.0,20,0,8,12.0,40.3,40.3,36.7,28.1,18.8,39.800000000000004,38.00833333333333,26.933333333333334
2026-08-03 21:00:00,31.2,27.2,86,1003.6,8.8,235,0.0,21,0,8,24.8,37.1,63.2,37.8,12.0,12.0,37.21666666666667,37.016666666666666,26.795833333333334
2026-08-03 22:00:00,12.0,27.2,85,1003.2,8.1,245,0.0,22,0,8,31.2,12.0,45.9,23.1,27.3,12.0,31.883333333333336,36.46666666666667,27.59583333333333
2026-08-03 23:00:00,12.0,26.9,86,1003.4,7.5,243,0.0,23,0,8,12.0,24.8,40.3,52.6,12.0,14.6,26.233333333333334,35.541666666666664,26.958333333333332
2026-08-04 00:00:00,12.0,26.5,88,1003.0,9.0,235,0.0,0,1,8,12.0,31.2,37.1,27.4,12.0,12.0,21.516666666666666,32.15833333333333,26.958333333333332
2026-08-04 01:00:00,31.9,26.6,86,1003.6,7.3,226,0.1,1,1,8,12.0,12.0,12.0,39.7,12.0,26.8,17.333333333333332,30.875,26.958333333333332
2026-08-04 02:00:00,12.6,26.2,93,1004.2,8.7,238,0.9,2,1,8,31.9,12.0,24.8,40.3,12.0,12.0,20.650000000000002,30.224999999999998,27.787499999999998
2026-08-04 03:00:00,19.0,27.6,88,1004.8,8.3,252,0.1,3,1,8,12.6,12.0,31.2,63.2,17.6,12.6,18.616666666666667,27.916666666666668,27.8125
2026-08-04 04:00:00,32.1,28.9,81,1005.2,8.7,246,0.1,4,1,8,19.0,31.9,12.0,45.9,21.3,12.0,16.583333333333332,24.233333333333334,27.870833333333334
2026-08-04 05:00:00,12.0,30.0,75,1005.3,8.9,249,0.1,5,1,8,32.1,12.6,12.0,40.3,12.0,12.0,19.933333333333334,23.083333333333332,28.320833333333336
2026-08-04 06:00:00,29.3,30.3,71,1005.2,12.0,257,0.1,6,1,8,12.0,19.0,12.0,37.1,12.0,15.2,19.933333333333334,20.724999999999998,28.320833333333336
2026-08-04 07:00:00,51.9,30.8,68,1004.8,11.7,253,0.2,7,1,8,29.3,32.1,31.9,12.0,12.0,12.0,22.816666666666666,20.075,29.041666666666668
2026-08-04 08:00:00,25.4,31.0,67,1004.1,12.2,250,0.1,8,1,8,51.9,12.0,12.6,24.8,36.7,31.9,26.149999999999995,23.400000000000002,30.70416666666667
2026-08-04 09:00:00,40.9,30.9,68,1003.5,12.5,247,0.1,9,1,8,25.4,29.3,19.0,31.2,37.8,27.4,28.28333333333333,23.45,30.233333333333334
2026-08-04 10:00:00,55.7,30.7,69,1002.7,13.1,233,0.1,10,1,8,40.9,51.9,32.1,12.0,23.1,44.4,31.933333333333334,24.258333333333336,30.3625
2026-08-04 11:00:00,45.2,30.0,70,1001.9,14.7,229,0.1,11,1,8,55.7,25.4,12.0,12.0,52.6,42.7,35.86666666666667,27.900000000000002,31.720833333333335
2026-08-04 12:00:00,45.7,29.2,76,1002.2,15.8,232,0.2,12,1,8,45.2,40.9,29.3,12.0,27.4,47.1,41.4,30.666666666666668,31.412499999999998
2026-08-04 13:00:00,50.4,28.3,81,1002.1,13.0,221,0.3,13,1,8,45.7,55.7,51.9,31.9,39.7,41.6,44.13333333333333,33.475,32.175000000000004
2026-08-04 14:00:00,47.2,27.9,80,1002.9,12.9,221,0.2,14,1,8,50.4,45.2,25.4,12.6,40.3,56.8,43.88333333333333,35.01666666666667,32.62083333333333
2026-08-04 15:00:00,77.9,27.2,85,1003.3,13.9,224,0.7,15,1,8,47.2,45.7,40.9,19.0,63.2,48.7,47.51666666666667,37.9,32.90833333333334
2026-08-04 16:00:00,15.5,27.3,86,1004.1,14.1,227,0.5,16,1,8,77.9,50.4,55.7,32.1,45.9,56.2,53.68333333333334,42.80833333333334,33.520833333333336
2026-08-04 17:00:00,24.7,26.6,91,1004.1,10.8,246,2.1,17,1,8,15.5,47.2,45.2,12.0,40.3,20.7,46.98333333333334,41.425000000000004,32.25416666666667
2026-08-04 18:00:00,23.0,27.3,89,1003.5,13.4,246,0.6,18,1,8,24.7,77.9,45.7,29.3,37.1,16.5,43.56666666666667,42.483333333333334,31.60416666666667
2026-08-04 19:00:00,24.4,26.7,86,1003.1,12.2,257,0.2,19,1,8,23.0,15.5,50.4,51.9,12.0,57.0,39.78333333333334,41.958333333333336,31.01666666666667
2026-08-04 20:00:00,15.9,26.7,91,1002.7,11.5,248,0.4,20,1,8,24.4,24.7,47.2,25.4,24.8,28.1,35.45,39.666666666666664,31.533333333333335
2026-08-04 21:00:00,12.0,26.6,91,1002.4,10.5,243,0.0,21,1,8,15.9,23.0,77.9,40.9,31.2,12.0,30.233333333333334,38.875,31.162499999999998
2026-08-04 22:00:00,12.0,26.4,90,1002.0,10.5,243,0.1,22,1,8,12.0,24.4,15.5,55.7,12.0,27.3,19.25,36.46666666666667,30.3625
2026-08-04 23:00:00,12.0,26.2,90,1002.3,9.4,247,0.1,23,1,8,12.0,15.9,24.7,45.2,12.0,12.0,18.666666666666668,32.824999999999996,30.3625
2026-08-05 00:00:00,16.1,26.6,87,1002.0,7.7,240,0.1,0,2,8,12.0,12.0,23.0,45.7,12.0,12.0,16.55,30.058333333333334,30.3625
2026-08-05 01:00:00,12.0,26.0,90,1002.4,9.5,238,0.2,1,2,8,16.1,12.0,24.4,50.4,31.9,12.0,15.4,27.59166666666667,30.533333333333335
2026-08-05 02:00:00,45.2,26.4,90,1003.0,7.3,230,0.3,2,2,8,12.0,12.0,15.9,47.2,12.6,12.0,13.333333333333334,24.391666666666666,29.70416666666667
2026-08-05 03:00:00,40.2,27.2,88,1003.2,5.7,238,0.3,3,2,8,45.2,16.1,12.0,77.9,19.0,17.6,18.21666666666667,24.224999999999998,31.0625
2026-08-05 04:00:00,21.7,28.4,81,1003.3,7.9,259,0.1,4,2,8,40.2,12.0,12.0,15.5,32.1,21.3,22.916666666666668,21.083333333333332,31.945833333333336
2026-08-05 05:00:00,45.3,29.4,76,1003.3,9.3,254,0.4,5,2,8,21.7,45.2,12.0,24.7,12.0,12.0,24.533333333333335,21.599999999999998,31.512500000000003
2026-08-05 06:00:00,20.4,30.2,71,1002.8,12.8,246,0.1,6,2,8,45.3,40.2,16.1,23.0,29.3,12.0,30.083333333333332,23.316666666666666,32.9
2026-08-05 07:00:00,19.9,30.5,69,1002.4,13.2,242,0.1,7,2,8,20.4,21.7,12.0,24.4,51.9,12.0,30.8,23.099999999999998,32.52916666666667
2026-08-05 08:00:00,25.8,30.4,70,1001.6,15.2,241,0.1,8,2,8,19.9,45.3,45.2,15.9,25.4,36.7,32.11666666666667,22.724999999999998,31.19583333333333
2026-08-05 09:00:00,30.0,30.3,71,1001.0,15.3,238,0.2,9,2,8,25.8,20.4,40.2,12.0,40.9,37.8,28.88333333333333,23.55,31.212500000000002
2026-08-05 10:00:00,33.2,30.2,72,1000.3,16.1,233,0.2,10,2,8,30.0,19.9,21.7,12.0,55.7,23.1,27.183333333333334,25.05,30.758333333333336
2026-08-05 11:00:00,26.7,29.5,75,999.8,16.2,231,0.3,11,2,8,33.2,25.8,45.3,12.0,45.2,52.6,29.099999999999994,26.816666666666666,29.82083333333333
2026-08-05 12:00:00,44.5,28.7,78,1000.3,16.0,225,0.4,12,2,8,26.7,30.0,20.4,16.1,45.7,27.4,26.0,28.041666666666668,29.05
2026-08-05 13:00:00,46.6,27.9,83,1000.6,13.5,223,0.2,13,2,8,44.5,33.2,19.9,12.0,50.4,39.7,30.016666666666666,30.40833333333333,29.0
2026-08-05 14:00:00,45.0,27.5,88,1001.1,12.4,221,0.3,14,2,8,46.6,26.7,25.8,45.2,47.2,40.3,34.46666666666666,33.291666666666664,28.84166666666667
2026-08-05 15:00:00,76.6,27.6,87,1001.7,13.2,220,0.1,15,2,8,45.0,44.5,30.0,40.2,77.9,63.2,37.666666666666664,33.275,28.75
2026-08-05 16:00:00,44.1,27.5,82,1002.2,14.5,225,0.5,16,2,8,76.6,46.6,33.2,21.7,15.5,45.9,45.43333333333334,36.30833333333333,28.695833333333336
2026-08-05 17:00:00,13.0,27.0,91,1002.2,14.6,225,0.6,17,2,8,44.1,45.0,26.7,45.3,24.7,40.3,47.25,38.175,29.8875
2026-08-05 18:00:00,12.0,27.3,87,1001.9,13.5,233,0.1,18,2,8,13.0,76.6,44.5,20.4,23.0,37.1,44.96666666666667,35.48333333333333,29.399999999999995
2026-08-05 19:00:00,15.8,27.4,87,1001.7,12.9,243,0.0,19,2,8,12.0,44.1,46.6,19.9,24.4,12.0,39.55,34.78333333333333,28.941666666666663
2026-08-05 20:00:00,12.0,27.3,86,1001.2,12.2,243,0.0,20,2,8,15.8,13.0,45.0,25.8,15.9,24.8,34.416666666666664,34.44166666666667,28.583333333333332
2026-08-05 21:00:00,12.0,26.9,88,1000.8,12.4,240,0.1,21,2,8,12.0,12.0,76.6,30.0,12.0,31.2,28.916666666666668,33.291666666666664,28.420833333333334
2026-08-05 22:00:00,12.0,26.4,91,1000.8,10.9,237,0.1,22,2,8,12.0,15.8,44.1,33.2,12.0,12.0,18.150000000000002,31.791666666666668,28.420833333333334
2026-08-05 23:00:00,12.0,26.2,93,1001.0,9.6,240,0.1,23,2,8,12.0,12.0,13.0,26.7,12.0,12.0,12.800000000000002,30.025000000000002,28.420833333333334
2026-08-06 00:00:00,12.0,25.7,92,1000.9,9.5,243,0.4,0,3,8,12.0,12.0,12.0,44.5,16.1,12.0,12.633333333333333,28.8,28.420833333333334
2026-08-06 01:00:00,12.0,25.9,95,1001.4,11.5,247,0.1,1,3,8,12.0,12.0,15.8,46.6,12.0,31.9,12.633333333333333,26.09166666666667,28.25
2026-08-06 02:00:00,12.0,26.4,93,1001.8,11.7,249,0.2,2,3,8,12.0,12.0,12.0,45.0,45.2,12.6,12.0,23.208333333333332,28.25
2026-08-06 03:00:00,43.6,27.3,86,1002.0,13.0,260,0.3,3,3,8,12.0,12.0,12.0,76.6,40.2,19.0,12.0,20.458333333333332,26.86666666666667
2026-08-06 04:00:00,12.0,28.5,78,1002.4,14.0,262,0.4,4,3,8,43.6,12.0,12.0,44.1,21.7,32.1,17.26666666666667,17.708333333333332,27.008333333333336
2026-08-06 05:00:00,22.2,29.3,74,1002.5,14.5,258,0.5,5,3,8,12.0,12.0,12.0,13.0,45.3,12.0,17.26666666666667,15.033333333333333,26.604166666666668
2026-08-06 06:00:00,12.0,30.2,71,1002.4,16.9,250,0.2,6,3,8,22.2,43.6,12.0,12.0,20.4,29.3,18.96666666666667,15.799999999999999,25.641666666666666
2026-08-06 07:00:00,12.0,30.6,69,1002.0,18.4,254,0.0,7,3,8,12.0,12.0,12.0,15.8,19.9,51.9,18.96666666666667,15.799999999999999,25.291666666666668
2026-08-06 08:00:00,24.9,30.7,70,1001.6,18.1,248,0.1,8,3,8,12.0,22.2,12.0,12.0,25.8,25.4,18.96666666666667,15.483333333333333,24.962500000000002
2026-08-06 09:00:00,35.4,30.6,73,1001.0,18.4,243,0.0,9,3,8,24.9,12.0,43.6,12.0,30.0,40.9,21.116666666666667,16.558333333333334,24.924999999999997
2026-08-06 10:00:00,40.2,30.5,74,1000.5,18.3,236,0.0,10,3,8,35.4,12.0,12.0,12.0,33.2,55.7,19.75,18.508333333333333,25.149999999999995
2026-08-06 11:00:00,51.8,29.9,76,1000.2,18.6,231,0.0,11,3,8,40.2,24.9,22.2,12.0,26.7,45.2,24.45,20.858333333333334,25.441666666666666
2026-08-06 12:00:00,29.0,29.4,78,1000.4,21.0,232,0.0,12,3,8,51.8,35.4,12.0,12.0,44.5,45.7,29.383333333333336,24.175,26.4875
2026-08-06 13:00:00,38.5,28.6,82,1000.4,20.0,232,0.0,13,3,8,29.0,40.2,12.0,12.0,46.6,50.4,32.21666666666667,25.59166666666667,25.84166666666667
2026-08-06 14:00:00,22.6,28.2,83,1001.2,19.3,234,0.0,14,3,8,38.5,51.8,24.9,12.0,45.0,47.2,36.63333333333333,27.8,25.504166666666663
2026-08-06 15:00:00,25.6,28.0,84,1001.8,19.6,237,0.0,15,3,8,22.6,29.0,35.4,43.6,76.6,77.9,36.25,28.683333333333334,24.57083333333333
2026-08-06 16:00:00,15.3,27.9,84,1002.5,19.0,240,0.0,16,3,8,25.6,38.5,40.2,12.0,44.1,15.5,34.61666666666667,27.183333333333337,22.44583333333333
2026-08-06 17:00:00,24.8,27.8,85,1002.6,18.8,241,0.0,17,3,8,15.3,22.6,51.8,22.2,13.0,24.7,30.46666666666667,27.45833333333334,21.245833333333334
2026-08-06 18:00:00,27.2,27.4,85,1002.5,16.9,247,0.0,18,3,8,24.8,25.6,29.0,12.0,12.0,23.0,25.966666666666665,27.674999999999997,21.737499999999997
2026-08-06 19:00:00,34.0,27.3,85,1002.0,15.0,254,0.0,19,3,8,27.2,15.3,38.5,12.0,15.8,24.4,25.666666666666668,28.941666666666666,22.370833333333334
2026-08-06 20:00:00,12.0,27.1,86,1001.6,15.2,257,0.1,20,3,8,34.0,24.8,22.6,24.9,12.0,15.9,24.916666666666668,30.774999999999995,23.129166666666666
2026-08-06 21:00:00,21.3,26.8,88,1001.6,13.9,253,0.1,21,3,8,12.0,27.2,25.6,35.4,12.0,12.0,23.150000000000002,29.7,23.129166666666666
2026-08-06 22:00:00,12.0,26.6,89,1001.7,12.4,254,0.1,22,3,8,21.3,34.0,15.3,40.2,12.0,12.0,22.433333333333334,28.525000000000002,23.516666666666666
2026-08-06 23:00:00,12.0,26.5,89,1001.6,11.4,257,0.1,23,3,8,12.0,12.0,24.8,51.8,12.0,12.0,21.883333333333336,26.174999999999997,23.516666666666666
2026-08-07 00:00:00,12.0,27.0,88,1001.3,13.2,265,0.0,0,4,8,12.0,21.3,27.2,29.0,12.0,16.1,19.749999999999996,22.85833333333333,23.516666666666666
2026-08-07 01:00:00,12.0,27.1,87,1001.8,13.9,267,0.0,1,4,8,12.0,12.0,34.0,38.5,12.0,12.0,17.216666666666665,21.441666666666666,23.516666666666666
2026-08-07 02:00:00,12.0,27.6,84,1002.3,15.3,269,0.0,2,4,8,12.0,12.0,12.0,22.6,12.0,45.2,13.549999999999999,19.233333333333334,23.516666666666666
2026-08-07 03:00:00,12.0,28.5,80,1002.5,15.2,266,0.0,3,4,8,12.0,12.0,21.3,25.6,43.6,40.2,13.549999999999999,18.35,23.516666666666666
2026-08-07 04:00:00,12.0,29.1,77,1002.8,15.4,265,0.1,4,4,8,12.0,12.0,12.0,15.3,12.0,21.7,12.0,17.21666666666667,22.2
2026-08-07 05:00:00,12.0,29.7,74,1003.0,14.2,262,0.1,5,4,8,12.0,12.0,12.0,24.8,22.2,45.3,12.0,16.941666666666666,22.2
2026-08-07 06:00:00,13.7,30.1,71,1002.8,16.0,258,0.1,6,4,8,12.0,12.0,12.0,27.2,12.0,20.4,12.0,15.875,21.775000000000002
2026-08-07 07:00:00,31.1,30.4,69,1002.5,15.7,257,0.3,7,4,8,13.7,12.0,12.0,34.0,12.0,19.9,12.283333333333333,14.75,21.84583333333333
2026-08-07 08:00:00,20.4,30.1,71,1002.1,16.6,251,0.4,8,4,8,31.1,12.0,12.0,12.0,24.9,25.8,15.466666666666669,14.508333333333333,22.641666666666666
2026-08-07 09:00:00,30.6,30.1,73,1001.6,18.8,249,0.6,9,4,8,20.4,13.7,12.0,21.3,35.4,30.0,16.866666666666667,15.208333333333334,22.45416666666667
2026-08-07 10:00:00,35.8,30.2,75,1000.9,18.6,243,0.4,10,4,8,30.6,31.1,12.0,12.0,40.2,33.2,19.96666666666667,15.983333333333333,22.254166666666666
2026-08-07 11:00:00,30.1,29.9,76,1000.3,19.4,239,0.1,11,4,8,35.8,20.4,12.0,12.0,51.8,26.7,23.933333333333334,17.966666666666665,22.070833333333336
2026-08-07 12:00:00,30.6,29.1,79,1000.2,18.3,237,0.0,12,4,8,30.1,30.6,13.7,12.0,29.0,44.5,26.95,19.474999999999998,21.166666666666668
2026-08-07 13:00:00,41.0,28.6,82,1000.5,18.1,236,0.0,13,4,8,30.6,35.8,31.1,12.0,38.5,46.6,29.76666666666667,21.025,21.233333333333334
2026-08-07 14:00:00,43.7,28.2,83,1001.0,17.9,238,0.0,14,4,8,41.0,30.1,20.4,12.0,22.6,45.0,31.416666666666668,23.441666666666666,21.337500000000002
2026-08-07 15:00:00,15.0,28.2,84,1001.4,17.5,240,0.0,15,4,8,43.7,30.6,30.6,12.0,25.6,76.6,35.300000000000004,26.083333333333332,22.216666666666665
2026-08-07 16:00:00,36.8,28.0,86,1002.0,16.3,239,0.0,16,4,8,15.0,41.0,35.8,12.0,15.3,44.1,32.699999999999996,26.333333333333332,21.775000000000002
2026-08-07 17:00:00,12.0,27.9,86,1002.4,15.5,243,0.0,17,4,8,36.8,43.7,30.1,12.0,24.8,13.0,32.86666666666667,28.400000000000002,22.670833333333334
2026-08-07 18:00:00,17.7,27.8,85,1002.3,16.0,244,0.0,18,4,8,12.0,15.0,30.6,13.7,27.2,12.0,29.850000000000005,28.400000000000002,22.137500000000003
2026-08-07 19:00:00,12.3,27.4,86,1002.1,14.5,248,0.0,19,4,8,17.7,36.8,41.0,31.1,34.0,15.8,27.7,28.733333333333334,21.741666666666664
2026-08-07 20:00:00,15.2,27.1,88,1001.9,13.7,247,0.0,20,4,8,12.3,12.0,43.7,20.4,12.0,12.0,22.916666666666668,27.166666666666668,20.837500000000002
2026-08-07 21:00:00,12.0,26.9,89,1001.5,13.0,256,0.0,21,4,8,15.2,17.7,15.0,30.6,21.3,12.0,18.166666666666668,26.733333333333334,20.970833333333335
2026-08-07 22:00:00,12.0,26.7,90,1001.5,11.9,265,0.1,22,4,8,12.0,12.3,36.8,35.8,12.0,12.0,17.666666666666668,25.183333333333334,20.583333333333332
2026-08-07 23:00:00,12.0,26.2,93,1001.5,10.5,267,0.1,23,4,8,12.0,15.2,12.0,30.1,12.0,12.0,13.533333333333331,23.200000000000003,20.583333333333332
2026-08-08 00:00:00,12.0,26.3,91,1001.8,12.6,261,0.5,0,5,8,12.0,12.0,17.7,30.6,12.0,12.0,13.533333333333331,21.691666666666666,20.583333333333332
2026-08-08 01:00:00,12.0,26.2,92,1002.1,11.8,261,0.1,1,5,8,12.0,12.0,12.3,41.0,12.0,12.0,12.583333333333334,20.14166666666667,20.583333333333332
2026-08-08 02:00:00,12.0,26.9,90,1002.5,12.8,268,0.0,2,5,8,12.0,12.0,15.2,43.7,12.0,12.0,12.533333333333333,17.725,20.583333333333332
2026-08-08 03:00:00,12.0,28.0,83,1002.6,14.8,274,0.3,3,5,8,12.0,12.0,12.0,15.0,12.0,43.6,12.0,15.083333333333334,20.583333333333332
2026-08-08 04:00:00,18.6,28.8,79,1003.0,14.8,273,0.4,4,5,8,12.0,12.0,12.0,36.8,12.0,12.0,12.0,14.833333333333334,20.583333333333332
2026-08-08 05:00:00,25.0,29.9,73,1003.2,12.8,265,0.0,5,5,8,18.6,12.0,12.0,12.0,12.0,22.2,13.1,13.316666666666668,20.85833333333333
2026-08-08 06:00:00,27.0,30.6,68,1003.5,13.1,258,0.2,6,5,8,25.0,12.0,12.0,17.7,13.7,12.0,15.266666666666666,14.4,21.400000000000002
2026-08-08 07:00:00,39.2,30.5,67,1003.1,13.0,256,0.3,7,5,8,27.0,18.6,12.0,12.3,31.1,12.0,17.766666666666666,15.174999999999999,21.954166666666666
2026-08-08 08:00:00,16.3,29.7,72,1002.9,14.3,253,0.9,8,5,8,39.2,25.0,12.0,15.2,20.4,24.9,22.3,17.416666666666668,22.291666666666668
2026-08-08 09:00:00,17.9,29.9,73,1002.0,14.9,250,1.2,9,5,8,16.3,27.0,12.0,12.0,30.6,35.4,23.016666666666666,17.508333333333333,22.120833333333334
2026-08-08 10:00:00,35.1,30.1,74,1001.4,16.2,244,0.5,10,5,8,17.9,39.2,18.6,12.0,35.8,40.2,24.0,18.0,21.591666666666665
2026-08-08 11:00:00,45.0,29.8,75,1000.9,16.7,232,0.0,11,5,8,35.1,16.3,25.0,12.0,30.1,51.8,26.75,19.925,21.5625
2026-08-08 12:00:00,36.9,29.8,77,1000.8,16.9,227,0.0,12,5,8,45.0,17.9,27.0,12.0,30.6,29.0,30.083333333333332,22.675,22.183333333333334
2026-08-08 13:00:00,60.1,28.9,82,1001.1,14.9,224,0.0,13,5,8,36.9,35.1,39.2,12.0,41.0,38.5,31.733333333333334,24.75,22.44583333333333
2026-08-08 14:00:00,52.4,28.1,85,1001.6,14.9,222,0.0,14,5,8,60.1,45.0,16.3,12.0,43.7,22.6,35.21666666666666,28.758333333333336,23.241666666666664
2026-08-08 15:00:00,40.1,28.0,85,1002.5,14.9,224,0.0,15,5,8,52.4,36.9,17.9,12.0,15.0,25.6,41.233333333333334,32.125,23.604166666666668
2026-08-08 16:00:00,39.5,27.8,87,1003.4,13.8,230,0.0,16,5,8,40.1,60.1,35.1,18.6,36.8,15.3,44.93333333333334,34.46666666666667,24.650000000000002
2026-08-08 17:00:00,39.8,27.8,88,1003.9,13.8,235,0.0,17,5,8,39.5,52.4,45.0,25.0,12.0,24.8,45.666666666666664,36.208333333333336,24.7625
2026-08-08 18:00:00,12.0,27.8,86,1003.7,15.9,244,0.0,18,5,8,39.8,40.1,36.9,27.0,17.7,27.2,44.800000000000004,37.44166666666667,25.920833333333334
2026-08-08 19:00:00,13.1,27.6,85,1003.3,14.1,248,0.0,19,5,8,12.0,39.5,60.1,39.2,12.3,34.0,40.65,36.19166666666667,25.683333333333337
2026-08-08 20:00:00,30.9,27.2,87,1003.3,12.3,249,0.0,20,5,8,13.1,39.8,52.4,16.3,15.2,12.0,32.81666666666667,34.016666666666666,25.716666666666665
2026-08-08 21:00:00,20.0,26.9,88,1003.1,11.8,254,0.0,21,5,8,30.9,12.0,40.1,17.9,12.0,21.3,29.23333333333333,35.23333333333333,26.370833333333337
2026-08-08 22:00:00,12.0,26.5,90,1003.0,10.9,261,0.1,22,5,8,20.0,13.1,39.5,35.1,12.0,12.0,25.883333333333336,35.40833333333333,26.70416666666667
2026-08-08 23:00:00,12.0,26.0,93,1003.0,10.1,267,0.2,23,5,8,12.0,30.9,39.8,45.0,12.0,12.0,21.3,33.48333333333333,26.70416666666667
2026-08-09 00:00:00,12.0,26.4,91,1002.9,10.2,278,0.1,0,6,8,12.0,20.0,12.0,36.9,12.0,12.0,16.666666666666668,30.73333333333333,26.70416666666667
2026-08-09 01:00:00,12.0,26.3,92,1003.2,7.8,274,0.0,1,6,8,12.0,12.0,13.1,60.1,12.0,12.0,16.666666666666668,28.65833333333333,26.70416666666667
2026-08-09 02:00:00,31.8,26.9,87,1004.0,7.4,271,0.0,2,6,8,12.0,12.0,30.9,52.4,12.0,12.0,16.483333333333334,24.649999999999995,26.70416666666667
2026-08-09 03:00:00,12.0,27.6,83,1004.6,9.8,263,0.2,3,6,8,31.8,12.0,20.0,40.1,12.0,12.0,16.633333333333333,22.933333333333334,27.52916666666667
2026-08-09 04:00:00,12.0,28.5,78,1004.8,10.5,274,0.1,4,6,8,12.0,12.0,12.0,39.5,18.6,12.0,15.299999999999999,20.591666666666665,27.52916666666667
2026-08-09 05:00:00,23.9,29.4,74,1005.0,10.5,263,0.3,5,6,8,12.0,31.8,12.0,39.8,25.0,12.0,15.299999999999999,18.3,27.254166666666666
2026-08-09 06:00:00,27.1,30.1,74,1004.4,12.5,262,0.1,6,6,8,23.9,12.0,12.0,12.0,27.0,13.7,17.283333333333335,16.975,27.208333333333332
2026-08-09 07:00:00,16.6,30.4,72,1004.0,12.2,262,0.1,7,6,8,27.1,12.0,12.0,13.1,39.2,31.1,19.8,18.23333333333333,27.212500000000002
2026-08-09 08:00:00,46.9,30.4,73,1003.5,13.8,250,0.3,8,6,8,16.6,23.9,31.8,30.9,16.3,20.4,20.566666666666666,18.525,26.270833333333332
2026-08-09 09:00:00,51.0,30.6,72,1002.8,15.2,249,0.1,9,6,8,46.9,27.1,12.0,20.0,17.9,30.6,23.083333333333332,19.85833333333333,27.545833333333334
2026-08-09 10:00:00,47.4,30.6,70,1002.1,15.0,244,0.0,10,6,8,51.0,16.6,12.0,12.0,35.1,35.8,29.583333333333332,22.441666666666666,28.925
2026-08-09 11:00:00,45.6,29.8,75,1001.8,15.1,242,0.8,11,6,8,47.4,46.9,23.9,12.0,45.0,30.1,35.483333333333334,25.391666666666666,29.4375
2026-08-09 12:00:00,45.3,29.7,75,1001.9,14.1,233,0.1,12,6,8,45.6,51.0,27.1,12.0,36.9,30.6,39.1,28.191666666666666,29.462500000000002
2026-08-09 13:00:00,58.4,28.6,83,1002.0,13.0,225,0.0,13,6,8,45.3,47.4,16.6,12.0,60.1,41.0,42.13333333333333,30.96666666666667,29.8125
2026-08-09 14:00:00,66.7,28.0,86,1002.4,11.8,220,0.0,14,6,8,58.4,45.6,46.9,31.8,52.4,43.7,49.1,34.833333333333336,29.74166666666667
2026-08-09 15:00:00,49.0,27.9,86,1003.1,11.7,216,0.0,15,6,8,66.7,45.3,51.0,12.0,40.1,15.0,52.4,37.74166666666667,30.337500000000002
2026-08-09 16:00:00,53.7,27.8,87,1003.5,12.4,219,0.0,16,6,8,49.0,58.4,47.4,12.0,39.5,36.8,52.06666666666666,40.824999999999996,30.708333333333332
2026-08-09 17:00:00,28.3,27.8,88,1004.1,13.0,219,0.0,17,6,8,53.7,66.7,45.6,23.9,39.8,12.0,53.116666666666674,44.300000000000004,31.3
2026-08-09 18:00:00,12.0,27.9,85,1003.5,15.1,235,0.0,18,6,8,28.3,49.0,45.3,27.1,12.0,17.7,50.23333333333334,44.666666666666664,30.82083333333333
2026-08-09 19:00:00,17.1,27.6,82,1003.3,15.5,245,0.5,19,6,8,12.0,53.7,58.4,16.6,13.1,12.3,44.68333333333334,43.40833333333333,30.82083333333333
2026-08-09 20:00:00,12.1,27.3,89,1003.4,14.6,250,0.0,20,6,8,17.1,28.3,66.7,46.9,30.9,15.2,37.800000000000004,43.449999999999996,30.9875
2026-08-09 21:00:00,12.0,27.0,88,1002.9,13.5,251,0.0,21,6,8,12.1,12.0,49.0,51.0,20.0,12.0,28.700000000000003,40.550000000000004,30.204166666666666
2026-08-09 22:00:00,12.0,26.9,88,1002.7,11.8,253,0.0,22,6,8,12.0,17.1,53.7,47.4,12.0,12.0,22.533333333333335,37.300000000000004,29.870833333333334
2026-08-09 23:00:00,12.0,26.7,88,1002.5,11.7,255,0.0,23,6,8,12.0,12.1,28.3,45.6,12.0,12.0,15.583333333333334,34.35,29.870833333333334
2026-08-10 00:00:00,12.0,26.6,86,1002.3,11.6,246,0.0,0,0,8,12.0,12.0,12.0,45.3,12.0,12.0,12.866666666666667,31.55,29.870833333333334
2026-08-10 01:00:00,12.0,26.3,88,1002.6,11.7,250,0.1,1,0,8,12.0,12.0,17.1,58.4,12.0,12.0,12.866666666666667,28.775000000000002,29.870833333333334
2026-08-10 02:00:00,12.0,27.1,85,1003.2,12.7,258,0.1,2,0,8,12.0,12.0,12.1,66.7,31.8,12.0,12.016666666666666,24.908333333333335,29.870833333333334
2026-08-10 03:00:00,12.0,27.7,82,1003.5,13.9,257,0.5,3,0,8,12.0,12.0,12.0,49.0,12.0,12.0,12.0,20.35,29.045833333333334
2026-08-10 04:00:00,12.0,28.8,77,1003.7,14.3,264,0.3,4,0,8,12.0,12.0,12.0,53.7,12.0,18.6,12.0,17.26666666666667,29.045833333333334
2026-08-10 05:00:00,17.1,29.4,74,1004.2,11.1,263,0.1,5,0,8,12.0,12.0,12.0,28.3,23.9,25.0,12.0,13.791666666666666,29.045833333333334
2026-08-10 06:00:00,36.1,29.3,73,1003.9,10.9,262,0.1,6,0,8,17.1,12.0,12.0,12.0,27.1,27.0,12.85,12.858333333333334,28.762500000000003
2026-08-10 07:00:00,47.7,28.8,76,1003.6,10.9,248,0.0,7,0,8,36.1,12.0,12.0,17.1,16.6,39.2,16.866666666666667,14.866666666666667,29.1375
2026-08-10 08:00:00,49.7,29.4,73,1003.1,11.8,250,0.1,8,0,8,47.7,17.1,12.0,12.1,46.9,16.3,22.816666666666666,17.416666666666668,30.433333333333334
2026-08-10 09:00:00,46.5,29.7,72,1002.4,11.0,255,0.1,9,0,8,49.7,36.1,12.0,12.0,51.0,17.9,29.100000000000005,20.55,30.55
2026-08-10 10:00:00,49.0,29.6,71,1001.7,11.9,260,0.3,10,0,8,46.5,47.7,12.0,12.0,47.4,35.1,34.85,23.425,30.3625
2026-08-10 11:00:00,62.9,28.8,76,1001.1,10.7,253,0.2,11,0,8,49.0,49.7,17.1,12.0,45.6,45.0,41.01666666666667,26.508333333333336,30.42916666666667
2026-08-10 12:00:00,64.1,28.5,79,1001.4,9.7,251,0.0,12,0,8,62.9,46.5,36.1,12.0,45.3,36.9,48.650000000000006,30.75,31.150000000000002
2026-08-10 13:00:00,62.7,28.0,84,1001.4,8.6,234,0.1,13,0,8,64.1,49.0,47.7,12.0,58.4,60.1,53.31666666666666,35.09166666666667,31.933333333333337
2026-08-10 14:00:00,60.9,27.6,84,1001.5,9.4,232,0.0,14,0,8,62.7,62.9,49.7,12.0,66.7,52.4,55.81666666666666,39.31666666666667,32.1125
2026-08-10 15:00:00,69.6,27.5,86,1002.1,8.5,235,0.0,15,0,8,60.9,64.1,46.5,12.0,49.0,40.1,57.68333333333334,43.39166666666667,31.870833333333337
2026-08-10 16:00:00,63.5,27.5,87,1002.6,8.3,236,0.0,16,0,8,69.6,62.7,49.0,12.0,53.7,39.5,61.53333333333333,48.19166666666666,32.729166666666664
2026-08-10 17:00:00,56.9,27.5,87,1002.8,7.5,237,0.0,17,0,8,63.5,60.9,62.9,17.1,28.3,39.8,63.949999999999996,52.48333333333333,33.137499999999996
2026-08-10 18:00:00,22.9,27.6,83,1002.3,8.7,243,0.0,18,0,8,56.9,69.6,64.1,36.1,12.0,12.0,62.94999999999999,55.79999999999999,34.329166666666666
2026-08-10 19:00:00,34.0,27.2,84,1001.9,6.4,241,0.0,19,0,8,22.9,63.5,62.7,47.7,17.1,13.1,56.083333333333336,54.70000000000001,34.78333333333334
2026-08-10 20:00:00,12.0,27.0,85,1001.5,8.2,251,0.1,20,0,8,34.0,56.9,60.9,49.7,12.1,30.9,51.300000000000004,53.55833333333334,35.487500000000004
2026-08-10 21:00:00,12.0,26.2,89,1001.2,10.0,261,0.3,21,0,8,12.0,22.9,69.6,46.5,12.0,20.0,43.15,50.416666666666664,35.483333333333334
2026-08-10 22:00:00,12.0,26.2,91,1001.2,10.0,262,0.2,22,0,8,12.0,34.0,63.5,49.0,12.0,12.0,33.550000000000004,47.541666666666664,35.483333333333334
2026-08-10 23:00:00,12.0,26.4,90,1001.0,9.6,257,0.0,23,0,8,12.0,12.0,56.9,62.9,12.0,12.0,24.96666666666667,44.458333333333336,35.483333333333334
2026-08-11 00:00:00,12.0,26.9,87,1001.3,10.1,253,0.0,0,1,8,12.0,12.0,22.9,64.1,12.0,12.0,17.48333333333333,40.21666666666666,35.483333333333334
2026-08-11 01:00:00,12.0,26.9,87,1001.6,8.5,264,0.0,1,1,8,12.0,12.0,34.0,62.7,12.0,12.0,15.666666666666666,35.875,35.483333333333334
2026-08-11 02:00:00,15.3,27.6,85,1002.1,9.3,261,0.0,2,1,8,12.0,12.0,12.0,60.9,12.0,31.8,12.0,31.649999999999995,35.483333333333334
2026-08-11 03:00:00,32.0,28.4,80,1002.2,11.7,274,0.1,3,1,8,15.3,12.0,12.0,69.6,12.0,12.0,12.549999999999999,27.849999999999998,35.62083333333333
2026-08-11 04:00:00,27.5,28.6,80,1002.8,11.0,273,0.2,4,1,8,32.0,12.0,12.0,63.5,12.0,12.0,15.883333333333333,24.71666666666667,36.454166666666666
2026-08-11 05:00:00,24.4,28.8,80,1002.8,9.2,266,0.1,5,1,8,27.5,15.3,12.0,56.9,17.1,23.9,18.466666666666665,21.71666666666667,37.1
2026-08-11 06:00:00,35.3,29.3,75,1002.9,9.2,273,0.2,6,1,8,24.4,32.0,12.0,22.9,36.1,27.1,20.53333333333333,19.008333333333333,37.40416666666666
2026-08-11 07:00:00,68.6,29.2,76,1002.1,9.6,276,0.4,7,1,8,35.3,27.5,12.0,34.0,47.7,16.6,24.416666666666668,20.041666666666664,37.37083333333333
2026-08-11 08:00:00,64.5,28.8,78,1001.3,10.0,283,0.4,8,1,8,68.6,24.4,15.3,12.0,49.7,46.9,33.85,22.925,38.24166666666667
2026-08-11 09:00:00,49.0,29.5,76,1000.6,10.4,268,0.6,9,1,8,64.5,35.3,32.0,12.0,46.5,51.0,42.05,27.3,38.85833333333333
2026-08-11 10:00:00,65.8,29.3,78,999.9,10.3,275,0.1,10,1,8,49.0,68.6,27.5,12.0,49.0,47.4,44.883333333333326,30.383333333333336,38.9625
2026-08-11 11:00:00,63.9,27.3,86,999.6,10.2,256,0.8,11,1,8,65.8,64.5,24.4,12.0,62.9,45.6,51.26666666666666,34.86666666666667,39.6625
2026-08-11 12:00:00,71.4,28.7,76,999.6,12.4,227,1.1,12,1,8,63.9,49.0,35.3,12.0,64.1,45.3,57.85,39.19166666666667,39.704166666666666
2026-08-11 13:00:00,66.6,28.0,83,1000.2,9.3,223,0.3,13,1,8,71.4,65.8,68.6,12.0,62.7,58.4,63.86666666666667,44.14166666666667,40.00833333333333
2026-08-11 14:00:00,62.8,27.5,88,1000.8,6.9,221,0.0,14,1,8,66.6,63.9,64.5,15.3,60.9,66.7,63.53333333333334,48.69166666666666,40.170833333333334
2026-08-11 15:00:00,69.1,27.3,89,1001.3,8.8,226,0.1,15,1,8,62.8,71.4,49.0,32.0,69.6,49.0,63.25,52.65,40.24999999999999
2026-08-11 16:00:00,41.8,27.1,90,1002.1,10.1,221,0.1,16,1,8,69.1,66.6,65.8,27.5,63.5,53.7,66.60000000000001,55.74166666666665,40.229166666666664
2026-08-11 17:00:00,54.4,27.1,91,1002.6,10.7,224,0.1,17,1,8,41.8,62.8,63.9,24.4,56.9,28.3,62.6,56.93333333333333,39.324999999999996
2026-08-11 18:00:00,44.4,26.6,90,1002.3,9.2,215,0.4,18,1,8,54.4,69.1,71.4,35.3,22.9,12.0,61.01666666666666,59.43333333333333,39.22083333333333
2026-08-11 19:00:00,17.5,26.3,92,1002.1,7.1,218,0.2,19,1,8,44.4,41.8,66.6,68.6,34.0,17.1,56.51666666666666,60.19166666666666,40.11666666666667
2026-08-11 20:00:00,27.4,26.2,93,1002.0,6.1,227,0.4,20,1,8,17.5,54.4,62.8,64.5,12.0,12.1,48.333333333333336,55.93333333333333,39.42916666666667
2026-08-11 21:00:00,14.2,26.0,94,1001.5,9.6,247,0.5,21,1,8,27.4,44.4,69.1,49.0,12.0,12.0,42.43333333333333,52.84166666666666,40.07083333333333
2026-08-11 22:00:00,12.7,25.9,94,1001.6,9.4,253,0.5,22,1,8,14.2,17.5,41.8,65.8,12.0,12.0,33.28333333333334,49.94166666666666,40.162499999999994
2026-08-11 23:00:00,12.0,25.8,93,1001.7,13.1,258,0.4,23,1,8,12.7,27.4,54.4,63.9,12.0,12.0,28.433333333333334,45.51666666666667,40.19166666666666
2026-08-12 00:00:00,12.0,26.5,89,1001.5,11.7,260,0.2,0,2,8,12.0,14.2,44.4,71.4,12.0,12.0,21.366666666666664,41.19166666666666,40.19166666666666
2026-08-12 01:00:00,12.0,26.5,88,1001.8,12.5,259,0.0,1,2,8,12.0,12.7,17.5,66.6,12.0,12.0,15.966666666666667,36.24166666666667,40.19166666666666
2026-08-12 02:00:00,12.0,27.1,86,1002.7,12.0,261,0.0,2,2,8,12.0,12.0,27.4,62.8,15.3,12.0,15.049999999999999,31.691666666666663,40.19166666666666
2026-08-12 03:00:00,12.0,27.8,82,1003.1,14.5,262,0.2,3,2,8,12.0,12.0,14.2,69.1,32.0,12.0,12.483333333333334,27.45833333333333,40.05416666666667
2026-08-12 04:00:00,12.0,28.6,79,1003.4,13.0,260,0.0,4,2,8,12.0,12.0,12.7,41.8,27.5,12.0,12.116666666666665,22.7,39.22083333333333
2026-08-12 05:00:00,22.9,29.4,74,1003.7,14.2,257,0.0,5,2,8,12.0,12.0,12.0,54.4,24.4,17.1,12.0,20.216666666666665,38.574999999999996
2026-08-12 06:00:00,32.7,30.1,70,1003.7,14.3,258,0.0,6,2,8,22.9,12.0,12.0,44.4,35.3,36.1,13.816666666666668,17.591666666666665,38.512499999999996
2026-08-12 07:00:00,48.0,29.4,71,1003.4,13.2,265,0.0,7,2,8,32.7,12.0,12.0,17.5,68.6,47.7,17.266666666666666,16.616666666666664,38.40416666666666
2026-08-12 08:00:00,46.7,28.5,77,1003.2,11.3,279,0.3,8,2,8,48.0,22.9,12.0,27.4,64.5,49.7,23.266666666666666,19.15833333333333,37.545833333333334
2026-08-12 09:00:00,68.4,28.4,77,1002.4,9.8,262,0.3,9,2,8,46.7,32.7,12.0,14.2,49.0,46.5,29.05,20.766666666666666,36.80416666666667
2026-08-12 10:00:00,49.2,28.5,78,1002.0,12.6,260,1.3,10,2,8,68.4,48.0,12.0,12.7,65.8,49.0,38.45,25.28333333333333,37.612500000000004
2026-08-12 11:00:00,56.6,27.4,89,1001.7,11.8,259,1.3,11,2,8,49.2,46.7,22.9,12.0,63.9,62.9,44.650000000000006,28.325,36.92083333333333
2026-08-12 12:00:00,84.4,27.1,92,1002.0,8.7,225,0.3,12,2,8,56.6,68.4,32.7,12.0,71.4,64.1,50.26666666666667,32.041666666666664,36.61666666666667
2026-08-12 13:00:00,56.5,26.9,92,1002.6,9.1,234,0.2,13,2,8,84.4,49.2,48.0,12.0,66.6,62.7,58.88333333333335,38.074999999999996,37.15833333333333
2026-08-12 14:00:00,60.5,26.1,94,1003.2,11.1,234,0.4,14,2,8,56.5,56.6,46.7,12.0,62.8,60.9,60.30000000000001,41.78333333333333,36.737500000000004
2026-08-12 15:00:00,43.4,26.3,95,1003.4,11.8,234,0.1,15,2,8,60.5,84.4,68.4,12.0,69.1,69.6,62.6,45.824999999999996,36.64166666666667
2026-08-12 16:00:00,44.2,26.3,95,1004.5,10.2,236,0.0,16,2,8,43.4,56.5,49.2,12.0,41.8,63.5,58.43333333333334,48.44166666666666,35.57083333333333
2026-08-12 17:00:00,52.9,26.3,95,1005.1,9.0,244,0.0,17,2,8,44.2,60.5,56.6,22.9,54.4,56.9,57.6,51.125,35.670833333333334
2026-08-12 18:00:00,39.6,26.6,91,1004.9,11.4,239,0.0,18,2,8,52.9,43.4,84.4,32.7,44.4,22.9,56.98333333333333,53.625,35.60833333333334
2026-08-12 19:00:00,12.0,26.6,89,1004.5,11.8,241,0.0,19,2,8,39.6,44.2,56.5,48.0,17.5,34.0,49.51666666666667,54.199999999999996,35.40833333333333
2026-08-12 20:00:00,12.0,26.0,93,1004.2,12.5,238,0.6,20,2,8,12.0,52.9,60.5,46.7,27.4,12.0,42.1,51.199999999999996,35.17916666666667
2026-08-12 21:00:00,12.0,25.8,96,1003.8,10.6,230,1.5,21,2,8,12.0,39.6,43.4,68.4,14.2,12.0,34.016666666666666,48.30833333333334,34.5375
2026-08-12 22:00:00,12.0,25.7,95,1003.5,10.5,232,4.0,22,2,8,12.0,12.0,44.2,49.2,12.7,12.0,28.78333333333333,43.60833333333333,34.44583333333333
2026-08-12 23:00:00,12.0,25.5,95,1003.7,9.6,232,2.9,23,2,8,12.0,12.0,52.9,56.6,12.0,12.0,23.416666666666668,40.50833333333333,34.416666666666664
2026-08-13 00:00:00,12.0,25.2,96,1003.7,11.5,219,0.8,0,3,8,12.0,12.0,39.6,84.4,12.0,12.0,16.599999999999998,36.791666666666664,34.416666666666664
2026-08-13 01:00:00,12.0,24.9,97,1004.1,7.9,249,1.7,1,3,8,12.0,12.0,12.0,56.5,12.0,12.0,12.0,30.75833333333333,34.416666666666664
2026-08-13 02:00:00,35.6,24.9,97,1004.6,2.9,30,0.2,2,3,8,12.0,12.0,12.0,60.5,12.0,15.3,12.0,27.049999999999997,34.416666666666664
2026-08-13 03:00:00,26.1,26.0,94,1005.0,5.1,219,0.3,3,3,8,35.6,12.0,12.0,43.4,12.0,32.0,15.933333333333332,24.974999999999998,35.4
2026-08-13 04:00:00,48.4,26.7,87,1005.5,6.4,225,0.2,4,3,8,26.1,12.0,12.0,44.2,12.0,27.5,18.283333333333335,23.53333333333333,35.987500000000004
2026-08-13 05:00:00,31.4,27.7,82,1005.5,8.8,226,0.3,5,3,8,48.4,35.6,12.0,52.9,22.9,24.4,24.349999999999998,23.88333333333333,37.50416666666667
2026-08-13 06:00:00,23.2,27.8,81,1005.3,8.7,266,0.1,6,3,8,31.4,26.1,12.0,39.6,32.7,35.3,27.583333333333332,22.091666666666665,37.858333333333334
2026-08-13 07:00:00,34.2,27.6,82,1005.1,10.0,255,0.2,7,3,8,23.2,48.4,12.0,12.0,48.0,68.6,29.45,20.724999999999998,37.4625
2026-08-13 08:00:00,51.1,28.2,80,1004.4,9.5,245,0.0,8,3,8,34.2,31.4,35.6,12.0,46.7,64.5,33.15,22.575,36.887499999999996
2026-08-13 09:00:00,55.6,29.0,76,1003.8,11.0,240,0.0,9,3,8,51.1,23.2,26.1,12.0,68.4,49.0,35.733333333333334,25.833333333333332,37.07083333333333
2026-08-13 10:00:00,26.5,28.3,76,1003.2,14.2,234,0.6,10,3,8,55.6,34.2,48.4,12.0,49.2,65.8,40.650000000000006,29.466666666666665,36.5375
2026-08-13 11:00:00,50.7,28.1,81,1002.8,13.8,228,0.1,11,3,8,26.5,51.1,31.4,12.0,56.6,63.9,37.0,30.674999999999997,35.59166666666667
2026-08-13 12:00:00,38.9,27.5,82,1003.2,15.7,242,3.2,12,3,8,50.7,55.6,23.2,12.0,84.4,71.4,40.21666666666667,33.9,35.34583333333334
2026-08-13 13:00:00,32.7,26.2,91,1003.4,14.9,235,0.9,13,3,8,38.9,26.5,34.2,12.0,56.5,66.6,42.833333333333336,36.141666666666666,33.45
2026-08-13 14:00:00,34.1,25.8,95,1003.9,15.2,233,2.1,14,3,8,32.7,50.7,51.1,35.6,60.5,62.8,42.583333333333336,37.86666666666667,32.458333333333336
2026-08-13 15:00:00,37.2,25.9,94,1004.7,13.2,220,0.1,15,3,8,34.1,38.9,55.6,26.1,43.4,69.1,39.75,37.74166666666667,31.35833333333333
2026-08-13 16:00:00,45.3,26.0,94,1005.2,13.4,223,0.2,16,3,8,37.2,32.7,26.5,48.4,44.2,41.8,36.68333333333333,38.666666666666664,31.099999999999998
2026-08-13 17:00:00,24.1,25.4,96,1005.4,14.4,228,0.3,17,3,8,45.3,34.1,50.7,31.4,52.9,54.4,39.81666666666667,38.40833333333333,31.145833333333332
2026-08-13 18:00:00,12.0,25.8,93,1004.7,13.1,241,1.6,18,3,8,24.1,37.2,38.9,23.2,39.6,44.4,35.38333333333333,37.8,29.94583333333333
2026-08-13 19:00:00,22.3,25.9,93,1004.1,12.6,244,0.1,19,3,8,12.0,45.3,32.7,34.2,12.0,17.5,30.900000000000002,36.86666666666667,28.795833333333334
2026-08-13 20:00:00,16.6,26.0,91,1003.9,11.4,247,0.0,20,3,8,22.3,24.1,34.1,51.1,12.0,27.4,29.166666666666668,35.87499999999999,29.225000000000005
2026-08-13 21:00:00,12.0,25.9,91,1003.5,10.6,251,0.0,21,3,8,16.6,12.0,37.2,55.6,12.0,14.2,26.25,33.0,29.416666666666668
2026-08-13 22:00:00,12.0,26.0,90,1003.4,10.8,249,0.0,22,3,8,12.0,22.3,45.3,26.5,12.0,12.7,22.05,29.366666666666664,29.416666666666668
2026-08-13 23:00:00,17.0,26.0,90,1003.3,9.7,243,0.0,23,3,8,12.0,16.6,24.1,50.7,12.0,12.0,16.5,28.15833333333333,29.416666666666668
2026-08-14 00:00:00,12.0,26.3,87,1003.4,9.0,244,0.0,0,4,8,17.0,12.0,12.0,38.9,12.0,12.0,15.316666666666668,25.349999999999998,29.625
2026-08-14 01:00:00,12.4,26.1,89,1004.0,6.1,238,0.0,1,4,8,12.0,12.0,22.3,32.7,12.0,12.0,15.316666666666668,23.108333333333334,29.625
2026-08-14 02:00:00,12.0,26.2,90,1004.5,7.3,230,0.4,2,4,8,12.4,17.0,16.6,34.1,35.6,12.0,13.666666666666666,21.416666666666668,29.64166666666667
2026-08-14 03:00:00,12.0,26.4,89,1004.8,12.1,230,0.1,3,4,8,12.0,12.0,12.0,37.2,26.1,12.0,12.9,19.574999999999996,28.658333333333335
2026-08-14 04:00:00,26.1,27.5,83,1005.4,9.8,223,0.0,4,4,8,12.0,12.4,12.0,45.3,48.4,12.0,12.9,17.474999999999998,28.070833333333336
2026-08-14 05:00:00,17.0,27.1,85,1005.4,12.5,227,0.4,5,4,8,26.1,12.0,17.0,24.1,31.4,22.9,15.25,15.875,27.141666666666666
2026-08-14 06:00:00,12.0,27.6,85,1005.4,13.0,229,0.4,6,4,8,17.0,12.0,12.0,12.0,23.2,32.7,15.25,15.283333333333331,26.541666666666668
2026-08-14 07:00:00,23.4,28.6,79,1005.4,14.6,236,0.2,7,4,8,12.0,26.1,12.4,22.3,34.2,48.0,15.25,15.283333333333331,26.075
2026-08-14 08:00:00,25.1,29.7,74,1004.6,16.4,239,0.1,8,4,8,23.4,17.0,12.0,16.6,51.1,46.7,17.083333333333332,15.375,25.625
2026-08-14 09:00:00,51.7,29.8,73,1004.2,16.5,236,0.0,9,4,8,25.1,12.0,12.0,12.0,55.6,68.4,19.266666666666666,16.083333333333332,24.541666666666668
2026-08-14 10:00:00,27.7,29.6,67,1003.5,18.2,239,0.3,10,4,8,51.7,23.4,26.1,12.0,26.5,49.2,25.883333333333336,19.391666666666662,24.379166666666666
2026-08-14 11:00:00,48.5,29.0,71,1002.7,18.4,233,0.6,11,4,8,27.7,25.1,17.0,17.0,50.7,56.6,26.150000000000002,20.7,24.42916666666667
2026-08-14 12:00:00,25.4,28.6,77,1003.1,17.7,232,0.4,12,4,8,48.5,51.7,12.0,12.0,38.9,84.4,31.400000000000002,23.325,24.337500000000002
2026-08-14 13:00:00,41.4,28.0,82,1003.1,16.6,229,0.0,13,4,8,25.4,27.7,23.4,12.4,32.7,56.5,33.63333333333333,24.441666666666663,23.775000000000002
2026-08-14 14:00:00,59.8,27.0,88,1003.8,14.9,242,0.2,14,4,8,41.4,48.5,25.1,12.0,34.1,60.5,36.63333333333333,26.85833333333333,24.1375
2026-08-14 15:00:00,18.0,26.7,90,1004.2,15.2,243,0.5,15,4,8,59.8,25.4,51.7,12.0,37.2,43.4,42.416666666666664,30.841666666666665,25.208333333333332
2026-08-14 16:00:00,16.9,26.8,92,1004.6,15.7,236,0.4,16,4,8,18.0,41.4,27.7,26.1,45.3,44.2,36.8,31.341666666666665,24.40833333333333
2026-08-14 17:00:00,28.3,26.9,91,1004.8,15.4,235,0.0,17,4,8,16.9,59.8,48.5,17.0,24.1,52.9,35.0,30.575,23.225000000000005
2026-08-14 18:00:00,12.0,26.7,88,1004.5,16.4,237,0.0,18,4,8,28.3,18.0,25.4,12.0,12.0,39.6,31.63333333333333,31.516666666666662,23.400000000000002
2026-08-14 19:00:00,12.0,26.7,86,1004.0,13.0,243,0.0,19,4,8,12.0,16.9,41.4,23.4,22.3,12.0,29.399999999999995,31.516666666666662,23.400000000000002
2026-08-14 20:00:00,12.0,26.6,85,1004.3,10.8,242,0.0,20,4,8,12.0,28.3,59.8,25.1,16.6,12.0,24.5,30.566666666666663,22.97083333333333
2026-08-14 21:00:00,12.2,26.4,85,1004.0,10.3,245,0.0,21,4,8,12.0,12.0,18.0,51.7,12.0,12.0,16.533333333333335,29.474999999999994,22.77916666666667
2026-08-14 22:00:00,12.0,26.0,88,1003.9,7.9,237,0.1,22,4,8,12.2,12.0,16.9,27.7,12.0,12.0,15.566666666666668,26.183333333333334,22.787500000000005
2026-08-14 23:00:00,12.0,26.0,91,1003.9,7.8,233,0.0,23,4,8,12.0,12.0,28.3,48.5,17.0,12.0,14.75,24.875,22.787500000000005
2026-08-15 00:00:00,36.8,25.6,96,1003.9,6.4,212,0.1,0,5,8,12.0,12.2,12.0,25.4,12.0,12.0,12.033333333333331,21.833333333333332,22.57916666666667
2026-08-15 01:00:00,23.7,25.6,95,1004.1,5.4,214,0.3,1,5,8,36.8,12.0,12.0,41.4,12.4,12.0,16.166666666666668,22.78333333333333,23.6125
2026-08-15 02:00:00,13.7,25.9,96,1004.9,5.8,210,0.8,2,5,8,23.7,12.0,12.0,59.8,12.0,35.6,18.116666666666664,21.30833333333333,24.083333333333332
2026-08-15 03:00:00,32.5,26.6,91,1005.3,6.7,224,0.4,3,5,8,13.7,36.8,12.2,18.0,12.0,26.1,18.4,17.466666666666665,24.154166666666665
2026-08-15 04:00:00,22.5,27.9,85,1005.9,7.1,232,0.1,4,5,8,32.5,23.7,12.0,16.9,26.1,48.4,21.78333333333333,18.674999999999997,25.00833333333333
2026-08-15 05:00:00,21.5,29.2,77,1005.7,10.1,235,0.0,5,5,8,22.5,13.7,12.0,28.3,17.0,31.4,23.53333333333333,19.141666666666666,24.858333333333334
2026-08-15 06:00:00,41.1,29.6,75,1005.4,11.3,231,0.1,6,5,8,21.5,32.5,36.8,12.0,12.0,23.2,25.116666666666664,18.575,25.045833333333334
2026-08-15 07:00:00,42.3,30.1,71,1004.9,13.7,232,0.1,7,5,8,41.1,22.5,23.7,12.0,23.4,34.2,25.833333333333332,20.999999999999996,26.258333333333336
2026-08-15 08:00:00,27.5,30.0,70,1004.5,15.3,234,0.1,8,5,8,42.3,21.5,13.7,12.0,25.1,51.1,28.933333333333334,23.524999999999995,27.04583333333333
2026-08-15 09:00:00,53.6,29.5,73,1003.9,15.8,233,0.2,9,5,8,27.5,41.1,32.5,12.2,51.7,55.6,31.233333333333334,24.816666666666663,27.145833333333332
2026-08-15 10:00:00,23.9,29.1,75,1003.3,17.0,234,0.1,10,5,8,53.6,42.3,22.5,12.0,27.7,26.5,34.75,28.266666666666666,27.224999999999998
2026-08-15 11:00:00,35.6,28.8,78,1002.8,16.2,227,0.1,11,5,8,23.9,27.5,21.5,12.0,48.5,50.7,34.983333333333334,29.25833333333333,27.066666666666663
2026-08-15 12:00:00,38.1,28.9,76,1002.7,16.9,225,0.0,12,5,8,35.6,53.6,41.1,36.8,25.4,38.9,37.333333333333336,31.224999999999998,26.529166666666665
2026-08-15 13:00:00,35.8,28.2,80,1003.0,14.9,225,0.0,13,5,8,38.1,23.9,42.3,23.7,41.4,32.7,36.833333333333336,31.33333333333333,27.058333333333334
2026-08-15 14:00:00,56.5,27.7,82,1003.8,14.3,228,0.0,14,5,8,35.8,35.6,27.5,13.7,59.8,34.1,35.75,32.34166666666666,26.825
2026-08-15 15:00:00,55.8,27.4,87,1004.5,14.1,228,0.0,15,5,8,56.5,38.1,53.6,32.5,18.0,37.2,40.583333333333336,35.90833333333333,26.6875
2026-08-15 16:00:00,42.7,27.4,87,1005.0,14.2,231,0.0,16,5,8,55.8,35.8,23.9,22.5,16.9,45.3,40.949999999999996,37.85,28.262500000000003
2026-08-15 17:00:00,36.0,27.3,85,1005.1,13.4,233,0.0,17,5,8,42.7,56.5,35.6,21.5,28.3,24.1,44.083333333333336,39.53333333333333,29.337499999999995
2026-08-15 18:00:00,12.0,27.3,83,1004.8,13.6,239,0.0,18,5,8,36.0,55.8,38.1,41.1,12.0,12.0,44.15,40.74166666666667,29.65833333333333
2026-08-15 19:00:00,21.3,27.0,84,1004.5,12.2,245,0.0,19,5,8,12.0,42.7,35.8,42.3,12.0,22.3,39.800000000000004,38.31666666666666,29.65833333333333
2026-08-15 20:00:00,12.0,26.7,85,1004.2,10.9,248,0.0,20,5,8,21.3,36.0,56.5,27.5,12.0,16.6,37.38333333333333,36.56666666666666,30.045833333333334
2026-08-15 21:00:00,12.0,26.5,85,1003.7,9.3,251,0.0,21,5,8,12.0,12.0,55.8,53.6,12.2,12.0,29.966666666666665,35.275,30.045833333333334
2026-08-15 22:00:00,20.4,26.3,86,1003.3,8.2,241,0.0,22,5,8,12.0,21.3,42.7,23.9,12.0,12.0,22.666666666666668,31.808333333333334,30.037499999999998
2026-08-15 23:00:00,12.0,26.3,85,1003.1,8.3,252,0.1,23,5,8,20.4,12.0,36.0,35.6,12.0,17.0,18.95,31.516666666666662,30.3875
2026-08-16 00:00:00,12.0,25.6,91,1003.1,7.3,222,0.1,0,6,8,12.0,12.0,12.0,38.1,36.8,12.0,14.949999999999998,29.549999999999997,30.3875
2026-08-16 01:00:00,45.1,25.4,93,1003.6,4.8,228,0.3,1,6,8,12.0,20.4,21.3,35.8,23.7,12.4,14.949999999999998,27.374999999999996,29.354166666666668
2026-08-16 02:00:00,28.0,26.3,92,1004.0,6.9,197,0.0,2,6,8,45.1,12.0,12.0,56.5,13.7,12.0,18.916666666666668,28.149999999999995,30.245833333333334
2026-08-16 03:00:00,12.0,27.1,85,1004.6,9.5,216,0.2,3,6,8,28.0,12.0,12.0,55.8,32.5,12.0,21.583333333333332,25.774999999999995,30.84166666666667
2026-08-16 04:00:00,25.4,27.4,85,1004.9,9.8,221,1.7,4,6,8,12.0,45.1,20.4,42.7,22.5,26.1,21.583333333333332,22.125,29.9875
2026-08-16 05:00:00,12.0,26.7,87,1005.1,12.8,222,1.5,5,6,8,25.4,28.0,12.0,36.0,21.5,17.0,22.416666666666668,20.683333333333334,30.108333333333334
2026-08-16 06:00:00,24.8,27.1,84,1004.7,15.8,230,0.3,6,6,8,12.0,12.0,12.0,12.0,41.1,12.0,22.416666666666668,18.683333333333334,29.712500000000002
2026-08-16 07:00:00,48.6,28.5,81,1004.2,16.7,232,0.4,7,6,8,24.8,25.4,45.1,21.3,42.3,23.4,24.55,19.749999999999996,29.03333333333333
2026-08-16 08:00:00,22.2,29.7,77,1003.6,15.7,230,0.2,8,6,8,48.6,12.0,28.0,12.0,27.5,25.1,25.133333333333336,22.024999999999995,29.295833333333334
2026-08-16 09:00:00,51.4,30.0,76,1003.2,16.9,227,0.0,9,6,8,22.2,24.8,12.0,12.0,53.6,51.7,24.166666666666668,22.874999999999996,29.075000000000003
2026-08-16 10:00:00,36.3,29.6,76,1002.8,18.5,228,0.0,10,6,8,51.4,48.6,25.4,20.4,23.9,27.7,30.73333333333333,26.15833333333333,28.983333333333334
2026-08-16 11:00:00,34.2,29.2,77,1002.3,18.2,225,0.0,11,6,8,36.3,22.2,12.0,12.0,35.6,48.5,32.55,27.48333333333333,29.5
2026-08-16 12:00:00,38.9,28.5,78,1002.4,16.7,226,0.0,12,6,8,34.2,51.4,24.8,12.0,38.1,25.4,36.25,29.333333333333332,29.441666666666666
2026-08-16 13:00:00,35.4,28.2,80,1002.8,14.0,222,0.0,13,6,8,38.9,36.3,48.6,45.1,35.8,41.4,38.6,31.575,29.474999999999998
2026-08-16 14:00:00,41.7,27.6,82,1003.5,13.8,222,0.4,14,6,8,35.4,34.2,22.2,28.0,56.5,59.8,36.4,30.766666666666662,29.458333333333332
2026-08-16 15:00:00,29.0,26.9,86,1004.2,12.4,210,0.2,15,6,8,41.7,38.9,51.4,12.0,55.8,18.0,39.65,31.90833333333333,28.84166666666667
2026-08-16 16:00:00,48.0,26.6,89,1004.8,14.3,222,0.8,16,6,8,29.0,35.4,36.3,25.4,42.7,16.9,35.916666666666664,33.324999999999996,27.724999999999998
2026-08-16 17:00:00,45.2,26.1,91,1005.0,14.4,222,0.6,17,6,8,48.0,41.7,34.2,12.0,36.0,28.3,37.86666666666667,35.208333333333336,27.945833333333336
2026-08-16 18:00:00,44.0,25.1,94,1004.8,13.3,215,0.2,18,6,8,45.2,29.0,38.9,24.8,12.0,12.0,39.7,37.975,28.32916666666667
2026-08-16 19:00:00,27.9,25.4,95,1004.5,10.4,242,0.8,19,6,8,44.0,48.0,35.4,48.6,21.3,12.0,40.550000000000004,39.574999999999996,29.662500000000005
2026-08-16 20:00:00,20.0,25.2,96,1004.1,11.9,215,0.3,20,6,8,27.9,45.2,41.7,22.2,12.0,12.0,39.300000000000004,37.849999999999994,29.9375
2026-08-16 21:00:00,12.0,25.3,94,1003.8,10.3,226,0.6,21,6,8,20.0,44.0,29.0,51.4,12.0,12.2,35.68333333333334,37.666666666666664,30.270833333333332
2026-08-16 22:00:00,12.0,25.4,95,1003.7,8.5,232,0.1,22,6,8,12.0,27.9,48.0,36.3,20.4,12.0,32.85,34.38333333333333,30.270833333333332
2026-08-16 23:00:00,12.0,25.0,94,1003.7,10.3,241,0.3,23,6,8,12.0,20.0,45.2,34.2,12.0,12.0,26.850000000000005,32.35833333333333,29.920833333333334
2026-08-17 00:00:00,28.9,25.3,94,1003.5,11.6,229,0.0,0,0,8,12.0,12.0,44.0,38.9,12.0,36.8,21.316666666666666,30.50833333333333,29.920833333333334
2026-08-17 01:00:00,12.0,25.4,94,1004.0,10.9,213,0.2,1,0,8,28.9,12.0,27.9,35.4,45.1,23.7,18.8,29.674999999999997,30.625
2026-08-17 02:00:00,17.0,25.4,94,1004.5,12.0,208,0.3,2,0,8,12.0,12.0,20.0,41.7,28.0,13.7,16.150000000000002,27.724999999999998,29.245833333333334
2026-08-17 03:00:00,16.9,25.8,92,1005.1,14.3,224,0.5,3,0,8,17.0,28.9,12.0,29.0,12.0,32.5,15.65,25.666666666666668,28.787499999999998
2026-08-17 04:00:00,42.1,27.0,87,1005.8,9.5,219,0.8,4,0,8,16.9,12.0,12.0,48.0,25.4,22.5,16.46666666666667,24.65833333333333,28.991666666666664
2026-08-17 05:00:00,45.5,27.3,84,1006.1,11.4,219,0.1,5,0,8,42.1,17.0,12.0,45.2,12.0,21.5,21.483333333333334,24.166666666666668,29.6875
2026-08-17 06:00:00,15.9,27.5,84,1005.9,14.5,236,0.1,6,0,8,45.5,16.9,28.9,44.0,24.8,41.1,27.066666666666666,24.191666666666663,31.083333333333332
2026-08-17 07:00:00,12.8,27.8,78,1005.6,17.4,238,0.6,7,0,8,15.9,42.1,12.0,27.9,48.6,42.3,24.900000000000002,21.849999999999998,30.712500000000002
2026-08-17 08:00:00,12.0,28.5,75,1005.0,20.2,237,0.8,8,0,8,12.8,45.5,17.0,20.0,22.2,27.5,25.03333333333333,20.591666666666665,29.22083333333333
2026-08-17 09:00:00,12.0,29.1,77,1004.4,19.4,233,0.0,9,0,8,12.0,15.9,16.9,12.0,51.4,53.6,24.2,19.924999999999997,28.79583333333333
2026-08-17 10:00:00,46.7,29.1,76,1003.8,19.9,232,0.0,10,0,8,12.0,12.8,42.1,12.0,36.3,23.9,23.38333333333333,19.924999999999997,27.154166666666665
2026-08-17 11:00:00,48.9,28.9,78,1003.5,21.2,232,0.0,11,0,8,46.7,12.0,45.5,12.0,34.2,35.6,24.150000000000002,22.816666666666663,27.587500000000002
2026-08-17 12:00:00,59.0,28.2,78,1003.8,20.0,232,0.0,12,0,8,48.9,12.0,15.9,28.9,38.9,38.1,24.71666666666667,25.891666666666666,28.2
2026-08-17 13:00:00,40.1,27.9,80,1004.2,18.5,234,0.0,13,0,8,59.0,46.7,12.8,12.0,35.4,35.8,31.900000000000002,28.400000000000002,29.037499999999998
2026-08-17 14:00:00,49.6,27.8,81,1004.5,17.8,231,0.0,14,0,8,40.1,48.9,12.0,17.0,41.7,56.5,36.45,30.741666666666664,29.233333333333334
2026-08-17 15:00:00,34.9,27.6,82,1005.0,17.1,229,0.0,15,0,8,49.6,59.0,12.0,16.9,29.0,55.8,42.71666666666667,33.458333333333336,29.5625
2026-08-17 16:00:00,39.1,27.4,84,1005.8,15.9,228,0.0,16,0,8,34.9,40.1,46.7,42.1,48.0,42.7,46.53333333333334,34.95833333333333,29.808333333333334
2026-08-17 17:00:00,16.9,27.1,86,1006.3,14.8,234,0.0,17,0,8,39.1,49.6,48.9,45.5,45.2,36.0,45.26666666666667,34.708333333333336,29.4375
2026-08-17 18:00:00,16.8,26.9,88,1005.9,14.1,233,0.0,18,0,8,16.9,34.9,59.0,15.9,44.0,12.0,39.93333333333333,32.324999999999996,28.25833333333333
2026-08-17 19:00:00,12.0,26.0,89,1005.6,14.5,236,0.4,19,0,8,16.8,39.1,40.1,12.8,27.9,21.3,32.9,32.4,27.125000000000004
2026-08-17 20:00:00,18.7,26.3,90,1005.1,14.2,243,0.0,20,0,8,12.0,16.9,49.6,12.0,20.0,12.0,28.21666666666667,32.333333333333336,26.462500000000002
2026-08-17 21:00:00,12.0,26.0,91,1004.7,13.8,244,0.1,21,0,8,18.7,16.8,34.9,12.0,12.0,12.0,23.066666666666666,32.891666666666666,26.40833333333333
2026-08-17 22:00:00,12.0,25.8,91,1004.5,12.0,244,0.2,22,0,8,12.0,12.0,39.1,46.7,12.0,20.4,19.25,32.891666666666666,26.40833333333333
2026-08-17 23:00:00,12.0,25.5,93,1004.4,10.9,250,0.3,23,0,8,12.0,18.7,16.9,48.9,12.0,12.0,14.733333333333334,29.999999999999996,26.40833333333333
2026-08-18 00:00:00,12.0,25.6,93,1004.4,12.5,250,0.2,0,1,8,12.0,12.0,16.8,59.0,28.9,12.0,13.916666666666666,26.924999999999997,26.40833333333333
2026-08-18 01:00:00,12.0,25.4,95,1005.0,11.9,256,0.2,1,1,8,12.0,12.0,12.0,40.1,12.0,45.1,13.116666666666667,23.00833333333333,25.704166666666666
2026-08-18 02:00:00,12.0,26.2,94,1005.4,12.1,258,0.1,2,1,8,12.0,12.0,18.7,49.6,17.0,28.0,13.116666666666667,20.66666666666666,25.704166666666666
2026-08-18 03:00:00,12.0,27.5,86,1006.2,14.0,258,0.1,3,1,8,12.0,12.0,12.0,34.9,16.9,12.0,12.0,17.53333333333333,25.495833333333334
2026-08-18 04:00:00,22.9,28.3,82,1006.7,14.5,258,0.2,4,1,8,12.0,12.0,12.0,39.1,42.1,25.4,12.0,15.625,25.291666666666668
2026-08-18 05:00:00,12.0,29.3,77,1006.7,14.8,257,0.2,5,1,8,22.9,12.0,12.0,16.9,45.5,12.0,13.816666666666668,14.274999999999997,24.491666666666664
2026-08-18 06:00:00,21.9,29.5,75,1006.8,18.3,255,0.4,6,1,8,12.0,12.0,12.0,16.8,15.9,24.8,13.816666666666668,13.866666666666665,23.09583333333333
2026-08-18 07:00:00,16.7,29.9,73,1006.4,19.0,253,0.4,7,1,8,21.9,22.9,12.0,12.0,12.8,48.6,15.466666666666667,14.291666666666664,23.34583333333333
2026-08-18 08:00:00,37.1,30.0,72,1006.0,19.3,249,0.3,8,1,8,16.7,12.0,12.0,18.7,12.0,22.2,16.25,14.68333333333333,23.508333333333336
2026-08-18 09:00:00,30.2,29.4,77,1005.2,20.4,245,0.6,9,1,8,37.1,21.9,12.0,12.0,12.0,51.4,20.433333333333334,16.216666666666665,24.55416666666667
2026-08-18 10:00:00,32.7,29.4,79,1004.6,20.0,244,0.4,10,1,8,30.2,16.7,22.9,12.0,46.7,36.3,23.466666666666665,17.73333333333333,25.3125
2026-08-18 11:00:00,24.4,29.3,79,1004.0,19.7,237,0.0,11,1,8,32.7,37.1,12.0,12.0,48.9,34.2,25.099999999999998,19.45833333333333,24.729166666666668
2026-08-18 12:00:00,43.0,29.6,70,1004.0,19.3,234,0.0,12,1,8,24.4,30.2,21.9,12.0,59.0,38.9,27.166666666666668,20.491666666666664,23.708333333333332
2026-08-18 13:00:00,28.9,28.3,83,1004.3,18.0,234,0.1,13,1,8,43.0,32.7,16.7,12.0,40.1,35.4,30.683333333333337,23.075,23.041666666666668
2026-08-18 14:00:00,32.3,27.9,85,1004.6,17.3,231,0.0,14,1,8,28.9,24.4,37.1,12.0,49.6,41.7,32.71666666666667,24.48333333333333,22.575
2026-08-18 15:00:00,38.2,27.7,87,1005.4,18.2,236,0.1,15,1,8,32.3,43.0,30.2,12.0,34.9,29.0,31.916666666666668,26.174999999999997,21.854166666666668
2026-08-18 16:00:00,15.1,27.6,87,1005.7,17.3,240,0.0,16,1,8,38.2,28.9,32.7,22.9,39.1,48.0,33.25,28.35833333333333,21.991666666666664
2026-08-18 17:00:00,37.7,27.4,87,1006.3,17.3,243,0.0,17,1,8,15.1,32.3,24.4,12.0,16.9,45.2,30.316666666666666,27.70833333333333,20.991666666666667
2026-08-18 18:00:00,12.0,27.0,87,1006.1,16.9,246,0.0,18,1,8,37.7,38.2,43.0,21.9,16.8,44.0,32.53333333333333,29.849999999999994,21.858333333333334
2026-08-18 19:00:00,13.6,26.9,88,1005.7,15.7,250,0.0,19,1,8,12.0,15.1,28.9,16.7,12.0,27.9,27.366666666666664,29.024999999999995,21.65833333333333
2026-08-18 20:00:00,14.0,26.9,87,1005.5,14.6,254,0.0,20,1,8,13.6,37.7,32.3,37.1,18.7,20.0,24.816666666666666,28.766666666666666,21.724999999999998
2026-08-18 21:00:00,12.0,26.6,87,1005.0,13.1,254,0.0,21,1,8,14.0,12.0,38.2,30.2,12.0,12.0,21.766666666666666,26.841666666666665,21.52916666666667
2026-08-18 22:00:00,12.0,26.5,88,1004.8,11.2,260,0.0,22,1,8,12.0,13.6,15.1,32.7,12.0,12.0,17.400000000000002,25.325,21.52916666666667
2026-08-18 23:00:00,12.0,26.3,89,1004.9,10.5,265,0.0,23,1,8,12.0,14.0,37.7,24.4,12.0,12.0,16.883333333333336,23.599999999999998,21.52916666666667
2026-08-19 00:00:00,12.0,26.4,90,1004.8,9.9,251,0.0,0,2,8,12.0,12.0,12.0,43.0,12.0,28.9,12.6,22.566666666666663,21.52916666666667
2026-08-19 01:00:00,12.0,26.4,90,1005.0,9.9,258,0.0,1,2,8,12.0,12.0,13.6,28.9,12.0,12.0,12.6,19.98333333333333,21.52916666666667
2026-08-19 02:00:00,12.0,27.3,86,1005.7,11.7,266,0.0,2,2,8,12.0,12.0,14.0,32.3,12.0,17.0,12.333333333333334,18.575,21.52916666666667
2026-08-19 03:00:00,12.0,28.0,82,1006.1,14.1,268,0.1,3,2,8,12.0,12.0,12.0,38.2,12.0,16.9,12.0,16.88333333333333,21.52916666666667
2026-08-19 04:00:00,12.0,29.0,76,1006.6,14.9,263,0.0,4,2,8,12.0,12.0,12.0,15.1,22.9,42.1,12.0,14.699999999999998,21.52916666666667
2026-08-19 05:00:00,20.7,29.7,73,1007.1,14.7,259,0.0,5,2,8,12.0,12.0,12.0,37.7,12.0,45.5,12.0,14.441666666666665,21.075
2026-08-19 06:00:00,61.5,30.4,69,1007.1,13.5,261,0.0,6,2,8,20.7,12.0,12.0,12.0,21.9,15.9,13.449999999999998,13.024999999999997,21.4375
2026-08-19 07:00:00,26.9,30.1,71,1006.7,13.9,253,0.1,7,2,8,61.5,12.0,12.0,13.6,16.7,12.8,21.7,17.149999999999995,23.087500000000002
2026-08-19 08:00:00,36.3,30.2,71,1006.3,14.0,250,0.4,8,2,8,26.9,20.7,12.0,14.0,37.1,12.0,24.183333333333334,18.25833333333333,23.5125
2026-08-19 09:00:00,33.5,29.9,73,1005.5,15.9,248,0.3,9,2,8,36.3,61.5,12.0,12.0,30.2,12.0,28.23333333333333,20.116666666666664,23.479166666666668
2026-08-19 10:00:00,50.1,30.0,74,1004.8,16.3,242,0.3,10,2,8,33.5,26.9,12.0,12.0,32.7,46.7,31.816666666666663,21.90833333333333,23.616666666666664
2026-08-19 11:00:00,38.3,29.7,76,1004.6,15.7,233,0.1,11,2,8,50.1,36.3,20.7,12.0,24.4,48.9,38.166666666666664,25.08333333333333,24.341666666666665
2026-08-19 12:00:00,35.5,29.2,78,1004.6,17.7,235,0.1,12,2,8,38.3,33.5,61.5,12.0,43.0,59.0,41.1,27.274999999999995,24.920833333333334
2026-08-19 13:00:00,54.5,28.4,83,1004.8,17.7,231,0.0,13,2,8,35.5,50.1,26.9,12.0,28.9,40.1,36.766666666666666,29.23333333333333,24.608333333333334
2026-08-19 14:00:00,31.5,27.9,85,1005.0,18.0,231,0.0,14,2,8,54.5,38.3,36.3,12.0,32.3,49.6,41.36666666666667,32.775,25.675
2026-08-19 15:00:00,30.0,27.7,86,1005.5,18.1,236,0.0,15,2,8,31.5,35.5,33.5,12.0,38.2,34.9,40.56666666666666,34.4,25.64166666666667
2026-08-19 16:00:00,31.2,27.6,87,1006.2,17.6,238,0.0,16,2,8,30.0,54.5,50.1,12.0,15.1,39.1,39.98333333333333,35.9,25.3
2026-08-19 17:00:00,17.2,27.6,87,1006.5,17.4,244,0.0,17,2,8,31.2,31.5,38.3,20.7,37.7,16.9,36.833333333333336,37.49999999999999,25.97083333333333
2026-08-19 18:00:00,12.0,27.5,86,1006.5,17.4,251,0.0,18,2,8,17.2,30.0,35.5,61.5,12.0,16.8,33.31666666666667,37.208333333333336,25.11666666666667
2026-08-19 19:00:00,12.0,27.3,86,1005.9,15.3,257,0.0,19,2,8,12.0,31.2,54.5,26.9,13.6,12.0,29.400000000000002,33.083333333333336,25.11666666666667
2026-08-19 20:00:00,12.0,27.1,87,1005.8,14.7,264,0.1,20,2,8,12.0,17.2,31.5,36.3,14.0,18.7,22.316666666666666,31.84166666666667,25.05
2026-08-19 21:00:00,18.9,26.7,88,1005.6,12.4,268,0.1,21,2,8,12.0,12.0,30.0,33.5,12.0,12.0,19.066666666666666,29.816666666666663,24.96666666666667
2026-08-19 22:00:00,12.0,26.5,89,1005.5,11.3,268,0.1,22,2,8,18.9,12.0,31.2,50.1,12.0,12.0,17.21666666666667,28.599999999999998,25.254166666666666
2026-08-19 23:00:00,12.0,26.1,91,1005.4,9.2,270,0.0,23,2,8,12.0,12.0,17.2,38.3,12.0,12.0,14.016666666666666,25.424999999999997,25.254166666666666
2026-08-20 00:00:00,12.0,26.6,87,1005.3,10.5,265,0.1,0,3,8,12.0,18.9,12.0,35.5,12.0,12.0,13.15,23.23333333333333,25.254166666666666
2026-08-20 01:00:00,12.0,26.6,87,1005.6,8.8,271,0.0,1,3,8,12.0,12.0,12.0,54.5,12.0,12.0,13.15,21.275,25.254166666666666
2026-08-20 02:00:00,13.2,27.1,85,1006.2,10.4,262,0.1,2,3,8,12.0,12.0,12.0,31.5,12.0,12.0,13.15,17.73333333333333,25.254166666666666
2026-08-20 03:00:00,12.0,27.7,83,1006.7,12.8,275,0.4,3,3,8,13.2,12.0,18.9,30.0,12.0,12.0,13.35,16.208333333333332,25.30416666666667
2026-08-20 04:00:00,12.3,28.8,75,1007.1,12.4,273,0.2,4,3,8,12.0,12.0,12.0,31.2,12.0,22.9,12.200000000000001,14.70833333333333,25.30416666666667
2026-08-20 05:00:00,20.8,29.5,71,1007.0,13.4,264,0.1,5,3,8,12.3,13.2,12.0,17.2,20.7,12.0,12.25,13.133333333333331,25.316666666666666
2026-08-20 06:00:00,38.4,30.1,67,1007.0,13.8,259,0.3,6,3,8,20.8,12.0,12.0,12.0,61.5,21.9,13.716666666666667,13.43333333333333,25.32083333333333
2026-08-20 07:00:00,43.5,30.2,68,1006.6,15.4,249,0.3,7,3,8,38.4,12.3,12.0,12.0,26.9,16.7,18.116666666666667,15.633333333333331,24.35833333333333
2026-08-20 08:00:00,31.8,30.2,68,1005.9,16.2,249,0.3,8,3,8,43.5,20.8,13.2,12.0,36.3,37.1,23.366666666666664,18.25833333333333,25.05
2026-08-20 09:00:00,23.3,29.9,71,1005.0,17.1,242,0.3,9,3,8,31.8,38.4,12.0,18.9,33.5,30.2,26.46666666666667,19.90833333333333,24.8625
2026-08-20 10:00:00,58.8,29.8,73,1004.3,17.2,237,0.2,10,3,8,23.3,43.5,12.3,12.0,50.1,32.7,28.349999999999998,20.274999999999995,24.4375
2026-08-20 11:00:00,50.3,29.4,75,1003.9,18.0,229,0.1,11,3,8,58.8,31.8,20.8,12.0,38.3,24.4,36.1,24.174999999999997,24.8
2026-08-20 12:00:00,22.2,28.8,80,1003.8,19.4,228,0.1,12,3,8,50.3,23.3,38.4,12.0,35.5,43.0,41.016666666666666,27.366666666666664,25.299999999999997
2026-08-20 13:00:00,31.6,28.1,83,1004.2,19.0,225,0.0,13,3,8,22.2,58.8,43.5,12.0,54.5,28.9,38.31666666666667,28.216666666666665,24.745833333333334
2026-08-20 14:00:00,57.5,27.6,86,1004.7,17.4,225,0.0,14,3,8,31.6,50.3,31.8,13.2,31.5,32.3,36.333333333333336,29.849999999999994,23.79166666666666
2026-08-20 15:00:00,35.6,27.5,87,1005.3,16.6,230,0.0,15,3,8,57.5,22.2,23.3,12.0,30.0,38.2,40.61666666666667,33.541666666666664,24.875
2026-08-20 16:00:00,26.6,27.6,85,1005.9,16.5,238,0.0,16,3,8,35.6,31.6,58.8,12.3,31.2,15.1,42.666666666666664,35.50833333333333,25.10833333333333
2026-08-20 17:00:00,17.4,27.3,83,1006.3,17.3,243,0.6,17,3,8,26.6,57.5,50.3,20.8,17.2,37.7,37.300000000000004,36.699999999999996,24.916666666666668
2026-08-20 18:00:00,12.0,27.2,84,1005.7,16.3,243,0.1,18,3,8,17.4,35.6,22.2,38.4,12.0,12.0,31.816666666666666,36.416666666666664,24.924999999999997
2026-08-20 19:00:00,13.5,27.1,84,1005.4,13.8,249,0.0,19,3,8,12.0,26.6,31.6,43.5,12.0,13.6,30.116666666666664,34.21666666666666,24.924999999999997
2026-08-20 20:00:00,17.9,26.8,86,1005.1,11.6,249,0.0,20,3,8,13.5,17.4,57.5,31.8,12.0,14.0,27.099999999999998,31.716666666666665,24.987499999999997
2026-08-20 21:00:00,29.2,26.6,87,1004.9,11.0,247,0.0,21,3,8,17.9,12.0,35.6,23.3,18.9,12.0,20.5,30.558333333333326,25.23333333333333
2026-08-20 22:00:00,14.8,26.4,87,1004.7,10.3,257,0.0,22,3,8,29.2,13.5,26.6,58.8,12.0,12.0,19.433333333333334,31.049999999999997,25.662499999999998
2026-08-20 23:00:00,12.0,26.4,86,1004.8,9.7,255,0.0,23,3,8,14.8,17.9,17.4,50.3,12.0,12.0,17.466666666666665,27.383333333333336,25.77916666666667
2026-08-21 00:00:00,12.0,26.0,89,1004.6,9.9,238,0.0,0,4,8,12.0,29.2,12.0,22.2,12.0,12.0,16.566666666666666,24.191666666666663,25.77916666666667
2026-08-21 01:00:00,12.0,25.9,91,1005.0,8.4,236,0.3,1,4,8,12.0,14.8,13.5,31.6,12.0,12.0,16.566666666666666,23.34166666666667,25.77916666666667
2026-08-21 02:00:00,12.0,25.6,93,1005.9,10.2,247,0.6,2,4,8,12.0,12.0,17.9,57.5,13.2,12.0,16.316666666666666,21.708333333333332,25.77916666666667
2026-08-21 03:00:00,12.0,26.9,86,1006.1,10.2,256,0.4,3,4,8,12.0,12.0,29.2,35.6,12.0,12.0,15.333333333333334,17.916666666666664,25.729166666666668
2026-08-21 04:00:00,12.4,27.7,82,1006.2,11.8,247,0.2,4,4,8,12.0,12.0,14.8,26.6,12.3,12.0,12.466666666666667,15.949999999999998,25.729166666666668
2026-08-21 05:00:00,12.0,28.4,81,1006.4,10.9,241,0.4,5,4,8,12.4,12.0,12.0,17.4,20.8,20.7,12.066666666666668,14.766666666666664,25.733333333333334
2026-08-21 06:00:00,28.9,28.6,76,1006.0,13.0,251,0.1,6,4,8,12.0,12.0,12.0,12.0,38.4,61.5,12.066666666666668,14.316666666666665,25.36666666666667
2026-08-21 07:00:00,40.1,29.5,72,1005.6,16.4,257,0.3,7,4,8,28.9,12.4,12.0,13.5,43.5,26.9,14.883333333333333,15.725,24.970833333333335
2026-08-21 08:00:00,16.4,29.5,70,1004.9,17.2,257,1.1,8,4,8,40.1,12.0,12.0,17.9,31.8,36.3,19.566666666666666,17.941666666666666,24.829166666666666
2026-08-21 09:00:00,30.9,29.2,77,1004.3,15.6,249,0.6,9,4,8,16.4,28.9,12.0,29.2,23.3,33.5,20.3,17.816666666666663,24.1875
2026-08-21 10:00:00,40.3,28.9,78,1003.6,15.8,244,0.1,10,4,8,30.9,40.1,12.4,14.8,58.8,50.1,23.45,17.958333333333332,24.504166666666666
2026-08-21 11:00:00,53.6,28.8,80,1003.0,16.7,241,0.0,11,4,8,40.3,16.4,12.0,12.0,50.3,38.3,28.099999999999998,20.083333333333332,23.73333333333333
2026-08-21 12:00:00,55.2,28.4,80,1003.2,17.1,236,0.0,12,4,8,53.6,30.9,28.9,12.0,22.2,35.5,35.03333333333333,23.549999999999997,23.870833333333334
2026-08-21 13:00:00,55.0,27.9,84,1003.6,13.8,229,0.0,13,4,8,55.2,40.3,40.1,12.0,31.6,54.5,39.416666666666664,27.149999999999995,25.245833333333334
2026-08-21 14:00:00,58.0,27.4,87,1004.2,12.9,224,0.0,14,4,8,55.0,53.6,16.4,12.0,57.5,31.5,41.9,30.73333333333333,26.220833333333335
2026-08-21 15:00:00,47.4,27.3,88,1004.5,14.1,228,0.0,15,4,8,58.0,55.2,30.9,12.0,35.6,30.0,48.833333333333336,34.56666666666666,26.241666666666664
2026-08-21 16:00:00,49.6,27.3,88,1005.1,14.3,234,0.0,16,4,8,47.4,55.0,40.3,12.4,26.6,31.2,51.583333333333336,37.516666666666666,26.733333333333334
2026-08-21 17:00:00,13.6,27.2,87,1005.5,15.2,240,0.1,17,4,8,49.6,58.0,53.6,12.0,17.4,17.2,53.13333333333333,40.61666666666667,27.691666666666666
2026-08-21 18:00:00,39.5,27.2,84,1005.3,14.2,246,0.6,18,4,8,13.6,47.4,55.2,28.9,12.0,12.0,46.46666666666667,40.75,27.533333333333335
2026-08-21 19:00:00,21.5,27.1,82,1005.0,13.5,245,0.0,19,4,8,39.5,49.6,55.0,40.1,13.5,12.0,43.85,41.63333333333333,28.67916666666667
2026-08-21 20:00:00,12.0,26.7,87,1004.7,13.8,246,0.0,20,4,8,21.5,13.6,58.0,16.4,17.9,12.0,38.26666666666667,40.083333333333336,29.012500000000003
2026-08-21 21:00:00,12.0,26.4,87,1004.1,14.5,249,0.0,21,4,8,12.0,39.5,47.4,30.9,29.2,18.9,30.600000000000005,39.71666666666666,28.76666666666667
2026-08-21 22:00:00,12.0,26.3,85,1003.8,12.8,251,0.0,22,4,8,12.0,21.5,49.6,40.3,14.8,12.0,24.700000000000003,38.141666666666666,28.05
2026-08-21 23:00:00,17.0,25.6,89,1003.9,11.6,249,0.2,23,4,8,12.0,12.0,13.6,53.6,12.0,12.0,18.433333333333334,35.78333333333333,27.933333333333337
2026-08-22 00:00:00,12.0,25.6,93,1003.8,7.9,243,0.0,0,5,8,17.0,12.0,39.5,55.2,12.0,12.0,19.0,32.73333333333333,28.14166666666667
2026-08-22 01:00:00,22.0,25.6,91,1004.4,9.4,250,0.3,1,5,8,12.0,12.0,21.5,55.0,12.0,12.0,14.416666666666666,29.13333333333333,28.14166666666667
2026-08-22 02:00:00,12.0,26.1,94,1005.0,6.9,219,0.3,2,5,8,22.0,17.0,12.0,58.0,12.0,13.2,14.5,26.38333333333333,28.558333333333337
2026-08-22 03:00:00,12.0,26.4,90,1005.7,10.5,253,0.7,3,5,8,12.0,12.0,12.0,47.4,12.0,12.0,14.5,22.549999999999997,28.558333333333337
2026-08-22 04:00:00,22.9,26.8,88,1006.1,9.0,264,0.7,4,5,8,12.0,22.0,12.0,49.6,12.4,12.3,14.5,19.599999999999998,28.558333333333337
2026-08-22 05:00:00,12.0,28.4,80,1006.1,9.5,261,0.1,5,5,8,22.9,12.0,17.0,13.6,12.0,20.8,16.316666666666666,17.374999999999996,28.995833333333334
2026-08-22 06:00:00,12.0,29.6,74,1006.0,15.0,252,0.0,6,5,8,12.0,12.0,12.0,39.5,28.9,38.4,15.483333333333334,17.241666666666664,28.995833333333334
2026-08-22 07:00:00,20.1,29.7,72,1004.9,16.6,249,0.6,7,5,8,12.0,22.9,22.0,21.5,40.1,43.5,15.483333333333334,14.949999999999998,28.291666666666668
2026-08-22 08:00:00,18.6,30.0,74,1004.2,16.9,251,0.1,8,5,8,20.1,12.0,12.0,12.0,16.4,31.8,15.166666666666666,14.83333333333333,27.458333333333332
2026-08-22 09:00:00,23.0,29.5,79,1003.3,15.7,246,0.2,9,5,8,18.6,12.0,12.0,12.0,30.9,23.3,16.26666666666667,15.383333333333331,27.55
2026-08-22 10:00:00,42.5,29.5,78,1002.9,16.3,245,0.0,10,5,8,23.0,20.1,22.9,12.0,40.3,58.8,18.099999999999998,16.299999999999997,27.22083333333333
2026-08-22 11:00:00,38.1,29.2,79,1002.3,15.6,233,0.1,11,5,8,42.5,18.6,12.0,17.0,53.6,50.3,21.366666666666664,18.841666666666665,27.3125
2026-08-22 12:00:00,60.4,29.0,81,1002.3,17.0,231,0.0,12,5,8,38.1,23.0,12.0,12.0,55.2,22.2,25.71666666666667,20.599999999999998,26.666666666666668
2026-08-22 13:00:00,39.6,28.2,85,1002.5,15.4,232,0.0,13,5,8,60.4,42.5,20.1,22.0,55.0,31.6,33.78333333333333,24.63333333333333,26.883333333333336
2026-08-22 14:00:00,68.1,27.8,86,1002.9,13.4,229,0.0,14,5,8,39.6,38.1,18.6,12.0,58.0,57.5,37.03333333333334,26.099999999999998,26.241666666666664
2026-08-22 15:00:00,26.5,27.7,87,1003.3,13.1,224,0.0,15,5,8,68.1,60.4,23.0,12.0,47.4,35.6,45.28333333333334,30.774999999999995,26.662499999999998
2026-08-22 16:00:00,26.8,27.5,89,1004.0,12.7,223,0.0,16,5,8,26.5,39.6,42.5,22.9,49.6,26.6,45.866666666666674,31.98333333333333,25.791666666666668
2026-08-22 17:00:00,24.3,27.4,90,1004.4,13.0,226,0.0,17,5,8,26.8,68.1,38.1,12.0,13.6,17.4,43.25,32.30833333333333,24.841666666666665
2026-08-22 18:00:00,14.8,27.5,87,1004.2,13.8,235,0.0,18,5,8,24.3,26.5,60.4,12.0,39.5,12.0,40.949999999999996,33.333333333333336,25.287499999999998
2026-08-22 19:00:00,27.9,27.1,88,1003.8,12.7,243,0.0,19,5,8,14.8,26.8,39.6,20.1,21.5,13.5,33.35,33.56666666666666,24.25833333333333
2026-08-22 20:00:00,42.9,26.9,88,1003.6,11.7,247,0.0,20,5,8,27.9,24.3,68.1,18.6,12.0,17.9,31.400000000000002,34.21666666666666,24.524999999999995
2026-08-22 21:00:00,12.0,26.7,88,1003.2,10.6,251,0.0,21,5,8,42.9,14.8,26.5,23.0,12.0,29.2,27.2,36.24166666666667,25.8125
2026-08-22 22:00:00,12.0,26.5,89,1002.9,9.4,253,0.0,22,5,8,12.0,27.9,26.8,42.5,12.0,14.8,24.78333333333333,35.324999999999996,25.8125
2026-08-22 23:00:00,12.0,26.3,90,1002.9,7.3,242,0.0,23,5,8,12.0,42.9,24.3,38.1,17.0,12.0,22.316666666666666,32.78333333333333,25.8125
2026-08-23 00:00:00,19.0,26.3,91,1003.0,9.2,225,0.1,0,6,8,12.0,12.0,14.8,60.4,12.0,12.0,20.266666666666666,30.60833333333333,25.604166666666668
2026-08-23 01:00:00,12.0,26.1,92,1003.7,7.8,222,0.1,1,6,8,19.0,12.0,27.9,39.6,22.0,12.0,20.966666666666665,27.15833333333333,25.895833333333332
2026-08-23 02:00:00,12.0,26.8,89,1004.4,9.8,238,0.2,2,6,8,12.0,12.0,42.9,68.1,12.0,12.0,18.316666666666666,24.85833333333333,25.479166666666668
2026-08-23 03:00:00,12.0,27.6,83,1004.8,11.2,251,0.3,3,6,8,12.0,19.0,12.0,26.5,12.0,12.0,13.166666666666666,20.183333333333334,25.479166666666668
2026-08-23 04:00:00,14.2,28.4,79,1005.4,11.8,251,0.4,4,6,8,12.0,12.0,12.0,26.8,22.9,12.4,13.166666666666666,18.974999999999998,25.479166666666668
2026-08-23 05:00:00,12.4,28.6,77,1005.5,12.8,246,0.7,5,6,8,14.2,12.0,12.0,24.3,12.0,12.0,13.533333333333333,17.924999999999997,25.116666666666664
2026-08-23 06:00:00,34.7,29.4,75,1005.3,14.7,245,1.0,6,6,8,12.4,12.0,19.0,14.8,12.0,28.9,13.6,16.933333333333334,25.13333333333333
2026-08-23 07:00:00,12.0,29.9,73,1005.0,15.7,246,0.3,7,6,8,34.7,14.2,12.0,27.9,20.1,40.1,16.21666666666667,18.591666666666665,26.079166666666666
2026-08-23 08:00:00,46.3,30.2,73,1004.4,16.1,241,0.2,8,6,8,12.0,12.4,12.0,42.9,18.6,16.4,16.21666666666667,17.266666666666662,25.741666666666664
2026-08-23 09:00:00,45.6,30.2,72,1003.8,17.6,236,0.1,9,6,8,46.3,34.7,12.0,12.0,23.0,30.9,21.933333333333334,17.549999999999997,26.895833333333332
2026-08-23 10:00:00,55.7,30.0,74,1003.3,17.1,235,0.0,10,6,8,45.6,12.0,14.2,12.0,42.5,40.3,27.53333333333333,20.349999999999998,27.837500000000002
2026-08-23 11:00:00,37.4,29.6,77,1002.9,17.0,233,0.0,11,6,8,55.7,46.3,12.4,12.0,38.1,53.6,34.45,23.991666666666664,28.3875
2026-08-23 12:00:00,35.5,29.1,79,1003.1,16.6,229,0.0,12,6,8,37.4,45.6,34.7,19.0,60.4,55.2,38.61666666666667,26.108333333333334,28.358333333333334
2026-08-23 13:00:00,35.9,28.3,83,1003.4,14.6,226,0.0,13,6,8,35.5,55.7,12.0,12.0,39.6,55.0,38.75,27.483333333333334,27.320833333333336
2026-08-23 14:00:00,42.0,28.0,84,1004.2,13.6,222,0.0,14,6,8,35.9,37.4,46.3,12.0,68.1,58.0,42.73333333333333,29.474999999999998,27.166666666666668
2026-08-23 15:00:00,42.0,27.9,85,1004.8,13.6,223,0.0,15,6,8,42.0,35.5,45.6,12.0,26.5,47.4,42.01666666666667,31.974999999999998,26.079166666666666
2026-08-23 16:00:00,26.7,27.8,85,1005.2,14.0,224,0.0,16,6,8,42.0,35.9,55.7,14.2,26.8,49.6,41.416666666666664,34.475,26.724999999999998
2026-08-23 17:00:00,34.7,27.6,87,1005.6,13.9,223,0.0,17,6,8,26.7,42.0,37.4,12.4,24.3,13.6,36.583333333333336,35.516666666666666,26.720833333333335
2026-08-23 18:00:00,12.0,27.4,86,1005.2,13.0,231,0.0,18,6,8,34.7,42.0,35.5,34.7,14.8,39.5,36.13333333333333,37.375,27.15416666666667
2026-08-23 19:00:00,12.0,27.2,86,1004.9,12.8,236,0.0,19,6,8,12.0,26.7,35.9,12.0,27.9,21.5,32.21666666666667,35.48333333333333,27.037500000000005
2026-08-23 20:00:00,26.0,26.9,88,1004.5,11.2,242,0.0,20,6,8,12.0,34.7,42.0,46.3,42.9,12.0,28.233333333333338,35.48333333333333,26.375
2026-08-23 21:00:00,16.1,26.7,88,1004.0,9.6,244,0.0,21,6,8,26.0,12.0,42.0,45.6,12.0,12.0,25.566666666666666,33.791666666666664,25.67083333333333
2026-08-23 22:00:00,30.7,26.4,89,1003.8,8.5,253,0.1,22,6,8,16.1,12.0,26.7,55.7,12.0,12.0,21.25,31.33333333333333,25.841666666666665
2026-08-23 23:00:00,15.8,26.2,90,1004.1,6.6,259,0.0,23,6,8,30.7,26.0,34.7,37.4,12.0,17.0,21.916666666666668,29.249999999999996,26.620833333333334
